match_id,season,date,home_team_id,away_team_id,target_over25,market_over_probability,market_over_odds,model_over_probability,blend_model_weight,blend_market_weight,blend_over_probability
2016_17_20160813_HUL_LEI,2016_17,2016-08-13,HUL,LEI,1,0.4326424870466321,2.19,0.1530281628946226,0.0,1.0,0.4326424870466321
2016_17_20160813_MCI_SUN,2016_17,2016-08-13,MCI,SUN,1,0.6184538653366584,1.53,0.2631640850348151,0.0,1.0,0.6184538653366584
2016_17_20160813_MID_STK,2016_17,2016-08-13,MID,STK,0,0.3834586466165413,2.46,0.3332112003970663,0.0,1.0,0.3834586466165413
2016_17_20160813_SOU_WAT,2016_17,2016-08-13,SOU,WAT,0,0.4593175853018373,2.06,0.3314355708995599,0.0,1.0,0.4593175853018373
2016_17_20160814_ARS_LIV,2016_17,2016-08-14,ARS,LIV,1,0.5236842105263159,1.81,0.3301683322382003,0.0,1.0,0.5236842105263159
2016_17_20160814_BOU_MUN,2016_17,2016-08-14,BOU,MUN,1,0.4619422572178477,2.05,0.5101407646118654,0.0,1.0,0.4619422572178477
2016_17_20160815_CHE_WHU,2016_17,2016-08-15,CHE,WHU,1,0.5275590551181102,1.8,0.5484938045539829,0.0,1.0,0.5275590551181102
2016_17_20160819_MUN_SOU,2016_17,2016-08-19,MUN,SOU,0,0.4894736842105264,1.94,0.5517852678903141,0.0,1.0,0.4894736842105264
2016_17_20160820_BUR_LIV,2016_17,2016-08-20,BUR,LIV,0,0.5092348284960422,1.86,0.529704467776738,0.0,1.0,0.5092348284960422
2016_17_20160820_LEI_ARS,2016_17,2016-08-20,LEI,ARS,0,0.5610389610389611,1.69,0.5108781557223316,0.0,1.0,0.5610389610389611
2016_17_20160820_STK_MCI,2016_17,2016-08-20,STK,MCI,1,0.5380577427821522,1.76,0.4482125729113893,0.0,1.0,0.5380577427821522
2016_17_20160820_SWA_HUL,2016_17,2016-08-20,SWA,HUL,0,0.4237726098191214,2.23,0.5033631173988996,0.0,1.0,0.4237726098191214
2016_17_20160820_TOT_CRY,2016_17,2016-08-20,TOT,CRY,0,0.5354330708661418,1.77,0.4894409592256554,0.0,1.0,0.5354330708661418
2016_17_20160820_WAT_CHE,2016_17,2016-08-20,WAT,CHE,1,0.4554973821989528,2.08,0.4573625498215558,0.0,1.0,0.4554973821989528
2016_17_20160820_WBA_EVE,2016_17,2016-08-20,WBA,EVE,1,0.3974683544303797,2.38,0.4667510724189003,0.0,1.0,0.3974683544303797
2016_17_20160821_SUN_MID,2016_17,2016-08-21,SUN,MID,1,0.3974683544303797,2.38,0.4750134673798656,0.0,1.0,0.3974683544303797
2016_17_20160821_WHU_BOU,2016_17,2016-08-21,WHU,BOU,0,0.531578947368421,1.78,0.4823352412889937,0.0,1.0,0.531578947368421
2016_17_20160827_CHE_BUR,2016_17,2016-08-27,CHE,BUR,1,0.5485564304461943,1.72,0.4555791819031018,0.0,1.0,0.5485564304461943
2016_17_20160827_CRY_BOU,2016_17,2016-08-27,CRY,BOU,0,0.4375,2.16,0.4637382482649164,0.0,1.0,0.4375
2016_17_20160827_EVE_STK,2016_17,2016-08-27,EVE,STK,0,0.4814814814814815,1.96,0.4554162476222076,0.0,1.0,0.4814814814814815
2016_17_20160827_HUL_MUN,2016_17,2016-08-27,HUL,MUN,0,0.4775725593667546,1.98,0.4323370737006026,0.0,1.0,0.4775725593667546
2016_17_20160827_LEI_SWA,2016_17,2016-08-27,LEI,SWA,1,0.4566929133858268,2.07,0.4109476575442777,0.0,1.0,0.4566929133858268
2016_17_20160827_SOU_SUN,2016_17,2016-08-27,SOU,SUN,0,0.4540682414698162,2.08,0.4209380944329994,0.0,1.0,0.4540682414698162
2016_17_20160827_TOT_LIV,2016_17,2016-08-27,TOT,LIV,0,0.5394736842105263,1.75,0.415680321471072,0.0,1.0,0.5394736842105263
2016_17_20160827_WAT_ARS,2016_17,2016-08-27,WAT,ARS,1,0.4947089947089948,1.91,0.4108176335444877,0.0,1.0,0.4947089947089948
2016_17_20160828_MCI_WHU,2016_17,2016-08-28,MCI,WHU,1,0.6330049261083743,1.49,0.4337951989040471,0.0,1.0,0.6330049261083743
2016_17_20160828_WBA_MID,2016_17,2016-08-28,WBA,MID,0,0.3669950738916256,2.57,0.4547928873425878,0.0,1.0,0.3669950738916256
2016_17_20160910_ARS_SOU,2016_17,2016-09-10,ARS,SOU,1,0.5301837270341206,1.79,0.4223369855261778,0.0,1.0,0.5301837270341206
2016_17_20160910_BOU_WBA,2016_17,2016-09-10,BOU,WBA,0,0.3959390862944162,2.38,0.4304428663900048,0.0,1.0,0.3959390862944162
2016_17_20160910_BUR_HUL,2016_17,2016-09-10,BUR,HUL,0,0.3914141414141414,2.41,0.4127201467006949,0.0,1.0,0.3914141414141414
2016_17_20160910_LIV_LEI,2016_17,2016-09-10,LIV,LEI,1,0.5418848167539266,1.75,0.6972523209636687,0.0,1.0,0.5418848167539266
2016_17_20160910_MID_CRY,2016_17,2016-09-10,MID,CRY,1,0.38,2.48,0.4412557135535566,0.0,1.0,0.38
2016_17_20160910_MUN_MCI,2016_17,2016-09-10,MUN,MCI,1,0.4528795811518324,2.09,0.4478608695912354,0.0,1.0,0.4528795811518324
2016_17_20160910_STK_TOT,2016_17,2016-09-10,STK,TOT,1,0.4881266490765172,1.94,0.4540370094133932,0.0,1.0,0.4881266490765172
2016_17_20160910_WHU_WAT,2016_17,2016-09-10,WHU,WAT,1,0.4763157894736842,1.99,0.4711197129601159,0.0,1.0,0.4763157894736842
2016_17_20160911_SWA_CHE,2016_17,2016-09-11,SWA,CHE,1,0.5210526315789473,1.82,0.5086091818319127,0.0,1.0,0.5210526315789473
2016_17_20160912_SUN_EVE,2016_17,2016-09-12,SUN,EVE,1,0.4788359788359788,1.97,0.5221229687800248,0.0,1.0,0.4788359788359788
2016_17_20160916_CHE_LIV,2016_17,2016-09-16,CHE,LIV,1,0.5483028720626633,1.73,0.7001053375564111,0.0,1.0,0.5483028720626633
2016_17_20160917_EVE_MID,2016_17,2016-09-17,EVE,MID,1,0.4763157894736842,1.99,0.5268018794063594,0.0,1.0,0.4763157894736842
2016_17_20160917_HUL_ARS,2016_17,2016-09-17,HUL,ARS,1,0.5065963060686015,1.87,0.5388134860266518,0.0,1.0,0.5065963060686015
2016_17_20160917_LEI_BUR,2016_17,2016-09-17,LEI,BUR,1,0.5118733509234827,1.85,0.2645443917398232,0.0,1.0,0.5118733509234827
2016_17_20160917_MCI_BOU,2016_17,2016-09-17,MCI,BOU,1,0.6363636363636365,1.48,0.5602385050908825,0.0,1.0,0.6363636363636365
2016_17_20160917_WBA_WHU,2016_17,2016-09-17,WBA,WHU,1,0.4289405684754521,2.21,0.5700702749228985,0.0,1.0,0.4289405684754521
2016_17_20160918_CRY_STK,2016_17,2016-09-18,CRY,STK,1,0.4412532637075718,2.14,0.5968144291067304,0.0,1.0,0.4412532637075718
2016_17_20160918_SOU_SWA,2016_17,2016-09-18,SOU,SWA,0,0.4710526315789474,2.01,0.612941392146771,0.0,1.0,0.4710526315789474
2016_17_20160918_TOT_SUN,2016_17,2016-09-18,TOT,SUN,0,0.5699481865284974,1.66,0.5947873641757626,0.0,1.0,0.5699481865284974
2016_17_20160918_WAT_MUN,2016_17,2016-09-18,WAT,MUN,1,0.503957783641161,1.88,0.5769902860567643,0.0,1.0,0.503957783641161
2016_17_20160924_ARS_CHE,2016_17,2016-09-24,ARS,CHE,1,0.5392670157068064,1.76,0.5399557667570921,0.0,1.0,0.5392670157068064
2016_17_20160924_BOU_EVE,2016_17,2016-09-24,BOU,EVE,0,0.4960422163588391,1.91,0.246464645320481,0.0,1.0,0.4960422163588391
2016_17_20160924_LIV_HUL,2016_17,2016-09-24,LIV,HUL,1,0.6130653266331658,1.54,0.831127396468008,0.0,1.0,0.6130653266331658
2016_17_20160924_MID_TOT,2016_17,2016-09-24,MID,TOT,1,0.4464751958224543,2.12,0.0617123549582778,0.0,1.0,0.4464751958224543
2016_17_20160924_MUN_LEI,2016_17,2016-09-24,MUN,LEI,1,0.5105263157894737,1.86,0.1944808349377637,0.0,1.0,0.5105263157894737
2016_17_20160924_STK_WBA,2016_17,2016-09-24,STK,WBA,0,0.4415584415584415,2.15,0.3985598394930967,0.0,1.0,0.4415584415584415
2016_17_20160924_SUN_CRY,2016_17,2016-09-24,SUN,CRY,1,0.4528795811518324,2.09,0.2170287917671007,0.0,1.0,0.4528795811518324
2016_17_20160924_SWA_MCI,2016_17,2016-09-24,SWA,MCI,1,0.5979643765903307,1.58,0.2246430811193047,0.0,1.0,0.5979643765903307
2016_17_20160925_WHU_SOU,2016_17,2016-09-25,WHU,SOU,1,0.4921052631578948,1.93,0.3503715173468974,0.0,1.0,0.4921052631578948
2016_17_20160926_BUR_WAT,2016_17,2016-09-26,BUR,WAT,0,0.4263565891472868,2.22,0.3339342107256395,0.0,1.0,0.4263565891472868
2016_17_20160930_EVE_CRY,2016_17,2016-09-30,EVE,CRY,0,0.5366492146596858,1.77,0.3383053336888252,0.0,1.0,0.5366492146596858
2016_17_20161001_HUL_CHE,2016_17,2016-10-01,HUL,CHE,0,0.5509138381201044,1.72,0.6167067512631135,0.0,1.0,0.5509138381201044
2016_17_20161001_SUN_WBA,2016_17,2016-10-01,SUN,WBA,0,0.4215938303341903,2.25,0.3287013940088685,0.0,1.0,0.4215938303341903
2016_17_20161001_SWA_LIV,2016_17,2016-10-01,SWA,LIV,1,0.6095717884130982,1.55,0.5623000868196585,0.0,1.0,0.6095717884130982
2016_17_20161001_WAT_BOU,2016_17,2016-10-01,WAT,BOU,1,0.4750656167979003,2.0,0.4511707919141643,0.0,1.0,0.4750656167979003
2016_17_20161001_WHU_MID,2016_17,2016-10-01,WHU,MID,0,0.4543080939947781,2.09,0.5532146613595635,0.0,1.0,0.4543080939947781
2016_17_20161002_BUR_ARS,2016_17,2016-10-02,BUR,ARS,0,0.5546875,1.71,0.2742208000766424,0.0,1.0,0.5546875
2016_17_20161002_LEI_SOU,2016_17,2016-10-02,LEI,SOU,0,0.4554973821989528,2.08,0.3950544544385554,0.0,1.0,0.4554973821989528
2016_17_20161002_MUN_STK,2016_17,2016-10-02,MUN,STK,0,0.5721649484536083,1.66,0.7960736505886468,0.0,1.0,0.5721649484536083
2016_17_20161002_TOT_MCI,2016_17,2016-10-02,TOT,MCI,0,0.5456919060052219,1.74,0.3347575662872704,0.0,1.0,0.5456919060052219
2016_17_20161015_ARS_SWA,2016_17,2016-10-15,ARS,SWA,1,0.628992628992629,1.51,0.7046587070834214,0.0,1.0,0.628992628992629
2016_17_20161015_BOU_HUL,2016_17,2016-10-15,BOU,HUL,1,0.4712041884816754,2.02,0.4176584071123799,0.0,1.0,0.4712041884816754
2016_17_20161015_CHE_LEI,2016_17,2016-10-15,CHE,LEI,1,0.5621761658031088,1.69,0.5603348767066973,0.0,1.0,0.5621761658031088
2016_17_20161015_CRY_WHU,2016_17,2016-10-15,CRY,WHU,0,0.5209424083769634,1.83,0.7532351215820563,0.0,1.0,0.5209424083769634
2016_17_20161015_MCI_EVE,2016_17,2016-10-15,MCI,EVE,0,0.6169154228855721,1.54,0.4233660411623166,0.0,1.0,0.6169154228855721
2016_17_20161015_STK_SUN,2016_17,2016-10-15,STK,SUN,0,0.4698162729658792,2.02,0.4041221322244678,0.0,1.0,0.4698162729658792
2016_17_20161015_WBA_TOT,2016_17,2016-10-15,WBA,TOT,0,0.4659685863874345,2.04,0.2378865894626586,0.0,1.0,0.4659685863874345
2016_17_20161016_MID_WAT,2016_17,2016-10-16,MID,WAT,0,0.4158163265306122,2.29,0.6156758971710113,0.0,1.0,0.4158163265306122
2016_17_20161016_SOU_BUR,2016_17,2016-10-16,SOU,BUR,1,0.5039370078740157,1.89,0.0848732892708322,0.0,1.0,0.5039370078740157
2016_17_20161017_LIV_MUN,2016_17,2016-10-17,LIV,MUN,0,0.5354330708661418,1.77,0.6890408504925082,0.0,1.0,0.5354330708661418
2016_17_20161022_ARS_MID,2016_17,2016-10-22,ARS,MID,0,0.5798969072164949,1.63,0.7010576896076711,0.0,1.0,0.5798969072164949
2016_17_20161022_BOU_TOT,2016_17,2016-10-22,BOU,TOT,0,0.5275590551181102,1.8,0.3742301676163571,0.0,1.0,0.5275590551181102
2016_17_20161022_BUR_EVE,2016_17,2016-10-22,BUR,EVE,1,0.4566929133858268,2.07,0.3473044045698539,0.0,1.0,0.4566929133858268
2016_17_20161022_HUL_STK,2016_17,2016-10-22,HUL,STK,0,0.4645669291338583,2.04,0.669862327854194,0.0,1.0,0.4645669291338583
2016_17_20161022_LEI_CRY,2016_17,2016-10-22,LEI,CRY,1,0.4763157894736842,1.99,0.456234183102342,0.0,1.0,0.4763157894736842
2016_17_20161022_LIV_WBA,2016_17,2016-10-22,LIV,WBA,1,0.5824742268041238,1.62,0.5743979866190198,0.0,1.0,0.5824742268041238
2016_17_20161022_SWA_WAT,2016_17,2016-10-22,SWA,WAT,0,0.4907651715039578,1.93,0.715037177519165,0.0,1.0,0.4907651715039578
2016_17_20161022_WHU_SUN,2016_17,2016-10-22,WHU,SUN,0,0.5275590551181102,1.8,0.6161847199082184,0.0,1.0,0.5275590551181102
2016_17_20161023_CHE_MUN,2016_17,2016-10-23,CHE,MUN,1,0.4581151832460733,2.07,0.5714958564483814,0.0,1.0,0.4581151832460733
2016_17_20161023_MCI_SOU,2016_17,2016-10-23,MCI,SOU,0,0.5699481865284974,1.66,0.5383331535827607,0.0,1.0,0.5699481865284974
2016_17_20161029_CRY_LIV,2016_17,2016-10-29,CRY,LIV,1,0.5418848167539266,1.75,0.6538634149233737,0.0,1.0,0.5418848167539266
2016_17_20161029_MID_BOU,2016_17,2016-10-29,MID,BOU,0,0.4215938303341903,2.25,0.3157632344603082,0.0,1.0,0.4215938303341903
2016_17_20161029_MUN_BUR,2016_17,2016-10-29,MUN,BUR,0,0.5535248041775457,1.71,0.5225199996269416,0.0,1.0,0.5535248041775457
2016_17_20161029_SUN_ARS,2016_17,2016-10-29,SUN,ARS,1,0.5943877551020408,1.59,0.6551445454969986,0.0,1.0,0.5943877551020408
2016_17_20161029_TOT_LEI,2016_17,2016-10-29,TOT,LEI,0,0.5224274406332454,1.81,0.4431476969510606,0.0,1.0,0.5224274406332454
2016_17_20161029_WAT_HUL,2016_17,2016-10-29,WAT,HUL,0,0.4607329842931937,2.06,0.7998886102271001,0.0,1.0,0.4607329842931937
2016_17_20161029_WBA_MCI,2016_17,2016-10-29,WBA,MCI,1,0.5289473684210526,1.79,0.5361521429371842,0.0,1.0,0.5289473684210526
2016_17_20161030_EVE_WHU,2016_17,2016-10-30,EVE,WHU,0,0.5572916666666667,1.7,0.585129844202386,0.0,1.0,0.5572916666666667
2016_17_20161030_SOU_CHE,2016_17,2016-10-30,SOU,CHE,0,0.4776902887139108,1.99,0.4007873560864365,0.0,1.0,0.4776902887139108
2016_17_20161031_STK_SWA,2016_17,2016-10-31,STK,SWA,1,0.5092348284960422,1.86,0.5024249518077926,0.0,1.0,0.5092348284960422
2016_17_20161105_BOU_SUN,2016_17,2016-11-05,BOU,SUN,1,0.5354330708661418,1.77,0.5060220697242395,0.0,1.0,0.5354330708661418
2016_17_20161105_BUR_CRY,2016_17,2016-11-05,BUR,CRY,1,0.4363636363636364,2.17,0.4065881231578719,0.0,1.0,0.4363636363636364
2016_17_20161105_CHE_EVE,2016_17,2016-11-05,CHE,EVE,1,0.5647668393782384,1.68,0.3832569030729333,0.0,1.0,0.5647668393782384
2016_17_20161105_MCI_MID,2016_17,2016-11-05,MCI,MID,0,0.6320987654320989,1.49,0.5383972166004156,0.0,1.0,0.6320987654320989
2016_17_20161105_WHU_STK,2016_17,2016-11-05,WHU,STK,0,0.5483028720626633,1.73,0.5589022006211286,0.0,1.0,0.5483028720626633
2016_17_20161106_ARS_TOT,2016_17,2016-11-06,ARS,TOT,0,0.5392670157068064,1.76,0.3137312601563229,0.0,1.0,0.5392670157068064
2016_17_20161106_HUL_SOU,2016_17,2016-11-06,HUL,SOU,1,0.4516971279373368,2.1,0.4221425413349098,0.0,1.0,0.4516971279373368
2016_17_20161106_LEI_WBA,2016_17,2016-11-06,LEI,WBA,1,0.4427083333333333,2.14,0.4388099274459114,0.0,1.0,0.4427083333333333
2016_17_20161106_LIV_WAT,2016_17,2016-11-06,LIV,WAT,1,0.6130653266331658,1.54,0.7267463110399207,0.0,1.0,0.6130653266331658
2016_17_20161106_SWA_MUN,2016_17,2016-11-06,SWA,MUN,1,0.5301837270341206,1.79,0.3981542648252538,0.0,1.0,0.5301837270341206
2016_17_20161119_CRY_MCI,2016_17,2016-11-19,CRY,MCI,1,0.598984771573604,1.58,0.6994966687784137,0.0,1.0,0.598984771573604
2016_17_20161119_EVE_SWA,2016_17,2016-11-19,EVE,SWA,0,0.5621761658031088,1.69,0.5154299351724313,0.0,1.0,0.5621761658031088
2016_17_20161119_MUN_ARS,2016_17,2016-11-19,MUN,ARS,0,0.4750656167979003,2.0,0.514554961718936,0.0,1.0,0.4750656167979003
2016_17_20161119_SOU_LIV,2016_17,2016-11-19,SOU,LIV,0,0.5170603674540682,1.84,0.5594993399403948,0.0,1.0,0.5170603674540682
2016_17_20161119_STK_BOU,2016_17,2016-11-19,STK,BOU,0,0.5052631578947367,1.88,0.4932888566509019,0.0,1.0,0.5052631578947367
2016_17_20161119_SUN_HUL,2016_17,2016-11-19,SUN,HUL,1,0.4378238341968911,2.17,0.5293545393122094,0.0,1.0,0.4378238341968911
2016_17_20161119_TOT_WHU,2016_17,2016-11-19,TOT,WHU,1,0.5546875,1.71,0.4497845821921998,0.0,1.0,0.5546875
2016_17_20161119_WAT_LEI,2016_17,2016-11-19,WAT,LEI,1,0.4581151832460733,2.07,0.5867661890768125,0.0,1.0,0.4581151832460733
2016_17_20161120_MID_CHE,2016_17,2016-11-20,MID,CHE,0,0.4934383202099738,1.93,0.3704539620701033,0.0,1.0,0.4934383202099738
2016_17_20161121_WBA_BUR,2016_17,2016-11-21,WBA,BUR,1,0.4030612244897959,2.34,0.3629276538281897,0.0,1.0,0.4030612244897959
2016_17_20161126_BUR_MCI,2016_17,2016-11-26,BUR,MCI,1,0.6354679802955665,1.48,0.5492523505919322,0.0,1.0,0.6354679802955665
2016_17_20161126_CHE_TOT,2016_17,2016-11-26,CHE,TOT,1,0.5275590551181102,1.8,0.3098448082175791,0.0,1.0,0.5275590551181102
2016_17_20161126_HUL_WBA,2016_17,2016-11-26,HUL,WBA,0,0.4081632653061224,2.32,0.5223721926309081,0.0,1.0,0.4081632653061224
2016_17_20161126_LEI_MID,2016_17,2016-11-26,LEI,MID,1,0.4581151832460733,2.07,0.2908675118662177,0.0,1.0,0.4581151832460733
2016_17_20161126_LIV_SUN,2016_17,2016-11-26,LIV,SUN,0,0.7035398230088495,1.34,0.8340128868436616,0.0,1.0,0.7035398230088495
2016_17_20161126_SWA_CRY,2016_17,2016-11-26,SWA,CRY,1,0.5026315789473684,1.89,0.6227647030633675,0.0,1.0,0.5026315789473684
2016_17_20161127_ARS_BOU,2016_17,2016-11-27,ARS,BOU,1,0.6035353535353536,1.57,0.5524927225272585,0.0,1.0,0.6035353535353536
2016_17_20161127_MUN_WHU,2016_17,2016-11-27,MUN,WHU,0,0.5535248041775457,1.71,0.5446073945190121,0.0,1.0,0.5535248041775457
2016_17_20161127_SOU_EVE,2016_17,2016-11-27,SOU,EVE,0,0.4516971279373368,2.1,0.2354367188334749,0.0,1.0,0.4516971279373368
2016_17_20161127_WAT_STK,2016_17,2016-11-27,WAT,STK,0,0.4750656167979003,2.0,0.568676559378752,0.0,1.0,0.4750656167979003
2016_17_20161203_CRY_SOU,2016_17,2016-12-03,CRY,SOU,1,0.468586387434555,2.03,0.4637243647083686,0.0,1.0,0.468586387434555
2016_17_20161203_MCI_CHE,2016_17,2016-12-03,MCI,CHE,1,0.5404699738903395,1.76,0.4834763380644282,0.0,1.0,0.5404699738903395
2016_17_20161203_STK_BUR,2016_17,2016-12-03,STK,BUR,0,0.5065616797900262,1.88,0.3799486612448461,0.0,1.0,0.5065616797900262
2016_17_20161203_SUN_LEI,2016_17,2016-12-03,SUN,LEI,1,0.4934383202099738,1.93,0.4747791842610771,0.0,1.0,0.4934383202099738
2016_17_20161203_TOT_SWA,2016_17,2016-12-03,TOT,SWA,1,0.6165413533834586,1.53,0.6308590281517877,0.0,1.0,0.6165413533834586
2016_17_20161203_WBA_WAT,2016_17,2016-12-03,WBA,WAT,1,0.4252577319587629,2.23,0.5483659628675893,0.0,1.0,0.4252577319587629
2016_17_20161203_WHU_ARS,2016_17,2016-12-03,WHU,ARS,1,0.577319587628866,1.64,0.6243001350101558,0.0,1.0,0.577319587628866
2016_17_20161204_BOU_LIV,2016_17,2016-12-04,BOU,LIV,1,0.5820512820512821,1.63,0.5103550096435534,0.0,1.0,0.5820512820512821
2016_17_20161204_EVE_MUN,2016_17,2016-12-04,EVE,MUN,0,0.4738219895287958,2.01,0.2842416166716361,0.0,1.0,0.4738219895287958
2016_17_20161205_MID_HUL,2016_17,2016-12-05,MID,HUL,0,0.411764705882353,2.3,0.3576111249022949,0.0,1.0,0.411764705882353
2016_17_20161210_ARS_STK,2016_17,2016-12-10,ARS,STK,1,0.6262376237623761,1.51,0.6579070194508526,0.0,1.0,0.6262376237623761
2016_17_20161210_BUR_BOU,2016_17,2016-12-10,BUR,BOU,1,0.4776902887139108,1.99,0.3165387506785595,0.0,1.0,0.4776902887139108
2016_17_20161210_HUL_CRY,2016_17,2016-12-10,HUL,CRY,1,0.4581151832460733,2.07,0.594367748260096,0.0,1.0,0.4581151832460733
2016_17_20161210_LEI_MCI,2016_17,2016-12-10,LEI,MCI,1,0.5710594315245477,1.66,0.5371216606822533,0.0,1.0,0.5710594315245477
2016_17_20161210_SWA_SUN,2016_17,2016-12-10,SWA,SUN,1,0.5170603674540682,1.84,0.4840832992790798,0.0,1.0,0.5170603674540682
2016_17_20161210_WAT_EVE,2016_17,2016-12-10,WAT,EVE,1,0.468586387434555,2.03,0.3369547051265773,0.0,1.0,0.468586387434555
2016_17_20161211_CHE_WBA,2016_17,2016-12-11,CHE,WBA,0,0.5736434108527132,1.65,0.5109082101153859,0.0,1.0,0.5736434108527132
2016_17_20161211_LIV_WHU,2016_17,2016-12-11,LIV,WHU,1,0.6635071090047394,1.42,0.8585508562798138,0.0,1.0,0.6635071090047394
2016_17_20161211_MUN_TOT,2016_17,2016-12-11,MUN,TOT,0,0.4581151832460733,2.07,0.2388962899383573,0.0,1.0,0.4581151832460733
2016_17_20161211_SOU_MID,2016_17,2016-12-11,SOU,MID,0,0.411764705882353,2.3,0.1395163309687433,0.0,1.0,0.411764705882353
2016_17_20161213_BOU_LEI,2016_17,2016-12-13,BOU,LEI,0,0.5301837270341206,1.79,0.5689741602698174,0.0,1.0,0.5301837270341206
2016_17_20161213_EVE_ARS,2016_17,2016-12-13,EVE,ARS,1,0.5494791666666667,1.73,0.5006665303157611,0.0,1.0,0.5494791666666667
2016_17_20161214_CRY_MUN,2016_17,2016-12-14,CRY,MUN,1,0.5196850393700787,1.83,0.5803164916109129,0.0,1.0,0.5196850393700787
2016_17_20161214_MCI_WAT,2016_17,2016-12-14,MCI,WAT,0,0.6705607476635514,1.41,0.7809972922523194,0.0,1.0,0.6705607476635514
2016_17_20161214_MID_LIV,2016_17,2016-12-14,MID,LIV,1,0.5275590551181102,1.8,0.4060359470093551,0.0,1.0,0.5275590551181102
2016_17_20161214_STK_SOU,2016_17,2016-12-14,STK,SOU,0,0.4215938303341903,2.25,0.228824882090658,0.0,1.0,0.4215938303341903
2016_17_20161214_SUN_CHE,2016_17,2016-12-14,SUN,CHE,0,0.5954198473282442,1.59,0.5196839963128989,0.0,1.0,0.5954198473282442
2016_17_20161214_TOT_HUL,2016_17,2016-12-14,TOT,HUL,1,0.6140350877192983,1.54,0.6326677184109509,0.0,1.0,0.6140350877192983
2016_17_20161214_WBA_SWA,2016_17,2016-12-14,WBA,SWA,1,0.4776902887139108,1.99,0.6448192729137726,0.0,1.0,0.4776902887139108
2016_17_20161214_WHU_BUR,2016_17,2016-12-14,WHU,BUR,0,0.5249343832020998,1.81,0.4958811418371208,0.0,1.0,0.5249343832020998
2016_17_20161217_CRY_CHE,2016_17,2016-12-17,CRY,CHE,0,0.5658914728682171,1.68,0.6455050474534789,0.0,1.0,0.5658914728682171
2016_17_20161217_MID_SWA,2016_17,2016-12-17,MID,SWA,1,0.4479166666666666,2.12,0.4623293380912341,0.0,1.0,0.4479166666666666
2016_17_20161217_STK_LEI,2016_17,2016-12-17,STK,LEI,1,0.4776902887139108,1.99,0.4697282510770421,0.0,1.0,0.4776902887139108
2016_17_20161217_SUN_WAT,2016_17,2016-12-17,SUN,WAT,0,0.4554973821989528,2.08,0.4723883654176317,0.0,1.0,0.4554973821989528
2016_17_20161217_WBA_MUN,2016_17,2016-12-17,WBA,MUN,0,0.4490861618798955,2.11,0.4086335709745814,0.0,1.0,0.4490861618798955
2016_17_20161217_WHU_HUL,2016_17,2016-12-17,WHU,HUL,0,0.5223097112860893,1.82,0.6449157186191032,0.0,1.0,0.5223097112860893
2016_17_20161218_BOU_SOU,2016_17,2016-12-18,BOU,SOU,1,0.4252577319587629,2.23,0.285111022663834,0.0,1.0,0.4252577319587629
2016_17_20161218_MCI_ARS,2016_17,2016-12-18,MCI,ARS,1,0.5784061696658098,1.64,0.7463109825997802,0.0,1.0,0.5784061696658098
2016_17_20161218_TOT_BUR,2016_17,2016-12-18,TOT,BUR,1,0.6271604938271605,1.51,0.5039233229342428,0.0,1.0,0.6271604938271605
2016_17_20161219_EVE_LIV,2016_17,2016-12-19,EVE,LIV,0,0.5483028720626633,1.73,0.6076104126457305,0.0,1.0,0.5483028720626633
2016_17_20161226_ARS_WBA,2016_17,2016-12-26,ARS,WBA,0,0.5918367346938775,1.6,0.6928814313312518,0.0,1.0,0.5918367346938775
2016_17_20161226_BUR_MID,2016_17,2016-12-26,BUR,MID,0,0.3815461346633417,2.48,0.270097789251206,0.0,1.0,0.3815461346633417
2016_17_20161226_CHE_BOU,2016_17,2016-12-26,CHE,BOU,1,0.5721649484536083,1.66,0.7148128989269917,0.0,1.0,0.5721649484536083
2016_17_20161226_HUL_MCI,2016_17,2016-12-26,HUL,MCI,1,0.6271604938271605,1.51,0.7313345052526752,0.0,1.0,0.6271604938271605
2016_17_20161226_LEI_EVE,2016_17,2016-12-26,LEI,EVE,0,0.4934383202099738,1.93,0.5138306032173562,0.0,1.0,0.4934383202099738
2016_17_20161226_MUN_SUN,2016_17,2016-12-26,MUN,SUN,1,0.5918367346938775,1.6,0.4915602099179698,0.0,1.0,0.5918367346938775
2016_17_20161226_SWA_WHU,2016_17,2016-12-26,SWA,WHU,1,0.5366492146596858,1.77,0.6850373469717911,0.0,1.0,0.5366492146596858
2016_17_20161226_WAT_CRY,2016_17,2016-12-26,WAT,CRY,0,0.468586387434555,2.03,0.7329247355974728,0.0,1.0,0.468586387434555
2016_17_20161227_LIV_STK,2016_17,2016-12-27,LIV,STK,1,0.6287128712871286,1.5,0.7101778710228569,0.0,1.0,0.6287128712871286
2016_17_20161228_SOU_TOT,2016_17,2016-12-28,SOU,TOT,1,0.443864229765013,2.13,0.1897278921289658,0.0,1.0,0.443864229765013
2016_17_20161230_HUL_EVE,2016_17,2016-12-30,HUL,EVE,1,0.4712041884816754,2.02,0.4266579818470756,0.0,1.0,0.4712041884816754
2016_17_20161231_BUR_SUN,2016_17,2016-12-31,BUR,SUN,1,0.4215938303341903,2.25,0.3049933218476284,0.0,1.0,0.4215938303341903
2016_17_20161231_CHE_STK,2016_17,2016-12-31,CHE,STK,1,0.5820512820512821,1.63,0.5420412450030749,0.0,1.0,0.5820512820512821
2016_17_20161231_LEI_WHU,2016_17,2016-12-31,LEI,WHU,0,0.5196850393700787,1.83,0.5676128894811903,0.0,1.0,0.5196850393700787
2016_17_20161231_LIV_MCI,2016_17,2016-12-31,LIV,MCI,0,0.5831202046035805,1.63,0.7045441151008422,0.0,1.0,0.5831202046035805
2016_17_20161231_MUN_MID,2016_17,2016-12-31,MUN,MID,1,0.5026315789473684,1.89,0.2941969415794496,0.0,1.0,0.5026315789473684
2016_17_20161231_SOU_WBA,2016_17,2016-12-31,SOU,WBA,1,0.4071246819338422,2.33,0.2898180357566764,0.0,1.0,0.4071246819338422
2016_17_20161231_SWA_BOU,2016_17,2016-12-31,SWA,BOU,1,0.5392670157068064,1.76,0.6306959660285754,0.0,1.0,0.5392670157068064
2016_17_20170101_ARS_CRY,2016_17,2017-01-01,ARS,CRY,0,0.6184538653366584,1.53,0.7855844407788464,0.0,1.0,0.6184538653366584
2016_17_20170101_WAT_TOT,2016_17,2017-01-01,WAT,TOT,1,0.4868421052631579,1.95,0.4545126939847799,0.0,1.0,0.4868421052631579
2016_17_20170102_EVE_SOU,2016_17,2017-01-02,EVE,SOU,1,0.4389610389610389,2.16,0.2933729495600099,0.0,1.0,0.4389610389610389
2016_17_20170102_MCI_BUR,2016_17,2017-01-02,MCI,BUR,1,0.6658823529411765,1.42,0.5943672643939613,0.0,1.0,0.6658823529411765
2016_17_20170102_MID_LEI,2016_17,2017-01-02,MID,LEI,0,0.3865336658354114,2.46,0.3073951815195705,0.0,1.0,0.3865336658354114
2016_17_20170102_SUN_LIV,2016_17,2017-01-02,SUN,LIV,1,0.5856777493606138,1.62,0.6578280200687481,0.0,1.0,0.5856777493606138
2016_17_20170102_WBA_HUL,2016_17,2017-01-02,WBA,HUL,1,0.4289405684754521,2.21,0.5408053606981214,0.0,1.0,0.4289405684754521
2016_17_20170102_WHU_MUN,2016_17,2017-01-02,WHU,MUN,0,0.5261780104712042,1.81,0.4585239927869444,0.0,1.0,0.5261780104712042
2016_17_20170103_BOU_ARS,2016_17,2017-01-03,BOU,ARS,1,0.5418848167539266,1.75,0.6201509884177038,0.0,1.0,0.5418848167539266
2016_17_20170103_CRY_SWA,2016_17,2017-01-03,CRY,SWA,1,0.4842105263157894,1.96,0.7477485586375325,0.0,1.0,0.4842105263157894
2016_17_20170103_STK_WAT,2016_17,2017-01-03,STK,WAT,0,0.4516971279373368,2.1,0.5100598679119135,0.0,1.0,0.4516971279373368
2016_17_20170104_TOT_CHE,2016_17,2017-01-04,TOT,CHE,0,0.4960629921259842,1.92,0.305797594169356,0.0,1.0,0.4960629921259842
2016_17_20170114_BUR_SOU,2016_17,2017-01-14,BUR,SOU,0,0.4071246819338422,2.33,0.2829008461378069,0.0,1.0,0.4071246819338422
2016_17_20170114_HUL_BOU,2016_17,2017-01-14,HUL,BOU,1,0.513157894736842,1.85,0.5847797835508651,0.0,1.0,0.513157894736842
2016_17_20170114_LEI_CHE,2016_17,2017-01-14,LEI,CHE,1,0.5065616797900262,1.88,0.4344413557416606,0.0,1.0,0.5065616797900262
2016_17_20170114_SUN_STK,2016_17,2017-01-14,SUN,STK,1,0.4855643044619423,1.96,0.4530276381646357,0.0,1.0,0.4855643044619423
2016_17_20170114_SWA_ARS,2016_17,2017-01-14,SWA,ARS,1,0.6070528967254408,1.56,0.7714791244277328,0.0,1.0,0.6070528967254408
2016_17_20170114_TOT_WBA,2016_17,2017-01-14,TOT,WBA,1,0.5236842105263159,1.81,0.4110548037152608,0.0,1.0,0.5236842105263159
2016_17_20170114_WAT_MID,2016_17,2017-01-14,WAT,MID,0,0.3719211822660098,2.55,0.2663130285333487,0.0,1.0,0.3719211822660098
2016_17_20170114_WHU_CRY,2016_17,2017-01-14,WHU,CRY,1,0.4829396325459317,1.97,0.6353821685624013,0.0,1.0,0.4829396325459317
2016_17_20170115_EVE_MCI,2016_17,2017-01-15,EVE,MCI,1,0.544502617801047,1.74,0.4795494519065755,0.0,1.0,0.544502617801047
2016_17_20170115_MUN_LIV,2016_17,2017-01-15,MUN,LIV,0,0.4881889763779528,1.95,0.4867851154937265,0.0,1.0,0.4881889763779528
2016_17_20170121_BOU_WAT,2016_17,2017-01-21,BOU,WAT,1,0.4868421052631579,1.95,0.5827211056186129,0.0,1.0,0.4868421052631579
2016_17_20170121_CRY_EVE,2016_17,2017-01-21,CRY,EVE,0,0.4776902887139108,1.99,0.5504405267197359,0.0,1.0,0.4776902887139108
2016_17_20170121_LIV_SWA,2016_17,2017-01-21,LIV,SWA,1,0.6690140845070424,1.41,0.8884371446907494,0.0,1.0,0.6690140845070424
2016_17_20170121_MCI_TOT,2016_17,2017-01-21,MCI,TOT,1,0.5275590551181102,1.8,0.4577650413881065,0.0,1.0,0.5275590551181102
2016_17_20170121_MID_WHU,2016_17,2017-01-21,MID,WHU,1,0.4081632653061224,2.32,0.2595427993637341,0.0,1.0,0.4081632653061224
2016_17_20170121_STK_MUN,2016_17,2017-01-21,STK,MUN,0,0.4986876640419947,1.91,0.4059636042174954,0.0,1.0,0.4986876640419947
2016_17_20170121_WBA_SUN,2016_17,2017-01-21,WBA,SUN,0,0.4750656167979003,2.0,0.490439321894796,0.0,1.0,0.4750656167979003
2016_17_20170122_ARS_BUR,2016_17,2017-01-22,ARS,BUR,1,0.6414634146341464,1.47,0.6243812785890355,0.0,1.0,0.6414634146341464
2016_17_20170122_CHE_HUL,2016_17,2017-01-22,CHE,HUL,0,0.6237623762376239,1.52,0.7368990508623381,0.0,1.0,0.6237623762376239
2016_17_20170122_SOU_LEI,2016_17,2017-01-22,SOU,LEI,1,0.4179487179487179,2.27,0.3040890362021452,0.0,1.0,0.4179487179487179
2016_17_20170131_ARS_WAT,2016_17,2017-01-31,ARS,WAT,1,0.6271604938271605,1.51,0.7489762221414389,0.0,1.0,0.6271604938271605
2016_17_20170131_BOU_CRY,2016_17,2017-01-31,BOU,CRY,0,0.5065616797900262,1.88,0.6911631428244341,0.0,1.0,0.5065616797900262
2016_17_20170131_BUR_LEI,2016_17,2017-01-31,BUR,LEI,0,0.4304123711340206,2.21,0.3824265642000182,0.0,1.0,0.4304123711340206
2016_17_20170131_LIV_CHE,2016_17,2017-01-31,LIV,CHE,0,0.4712041884816754,2.02,0.5153324032404535,0.0,1.0,0.4712041884816754
2016_17_20170131_MID_WBA,2016_17,2017-01-31,MID,WBA,0,0.355072463768116,2.67,0.2649314971422802,0.0,1.0,0.355072463768116
2016_17_20170131_SUN_TOT,2016_17,2017-01-31,SUN,TOT,0,0.598984771573604,1.58,0.5857446823010848,0.0,1.0,0.598984771573604
2016_17_20170131_SWA_SOU,2016_17,2017-01-31,SWA,SOU,1,0.4647519582245431,2.05,0.5140506506951412,0.0,1.0,0.4647519582245431
2016_17_20170201_MUN_HUL,2016_17,2017-02-01,MUN,HUL,0,0.4128205128205128,2.29,0.6244602799723978,0.0,1.0,0.4128205128205128
2016_17_20170201_STK_EVE,2016_17,2017-02-01,STK,EVE,0,0.4750656167979003,2.0,0.4913048325024896,0.0,1.0,0.4750656167979003
2016_17_20170201_WHU_MCI,2016_17,2017-02-01,WHU,MCI,1,0.6035353535353536,1.57,0.700242035608603,0.0,1.0,0.6035353535353536
2016_17_20170204_CHE_ARS,2016_17,2017-02-04,CHE,ARS,1,0.5078947368421052,1.87,0.5474733915670278,0.0,1.0,0.5078947368421052
2016_17_20170204_CRY_SUN,2016_17,2017-02-04,CRY,SUN,1,0.481578947368421,1.97,0.5844774228631345,0.0,1.0,0.481578947368421
2016_17_20170204_EVE_BOU,2016_17,2017-02-04,EVE,BOU,1,0.5275590551181102,1.8,0.5835402070105673,0.0,1.0,0.5275590551181102
2016_17_20170204_HUL_LIV,2016_17,2017-02-04,HUL,LIV,0,0.5520833333333334,1.72,0.6956352640026126,0.0,1.0,0.5520833333333334
2016_17_20170204_SOU_WHU,2016_17,2017-02-04,SOU,WHU,1,0.4776902887139108,1.99,0.4076259834302401,0.0,1.0,0.4776902887139108
2016_17_20170204_TOT_MID,2016_17,2017-02-04,TOT,MID,0,0.5392670157068064,1.76,0.3201843314269876,0.0,1.0,0.5392670157068064
2016_17_20170204_WAT_BUR,2016_17,2017-02-04,WAT,BUR,1,0.4025316455696203,2.36,0.4121925837058213,0.0,1.0,0.4025316455696203
2016_17_20170204_WBA_STK,2016_17,2017-02-04,WBA,STK,0,0.4241645244215937,2.24,0.4753471309019439,0.0,1.0,0.4241645244215937
2016_17_20170205_LEI_MUN,2016_17,2017-02-05,LEI,MUN,1,0.4633507853403141,2.05,0.3708018237721778,0.0,1.0,0.4633507853403141
2016_17_20170205_MCI_SWA,2016_17,2017-02-05,MCI,SWA,1,0.6789838337182448,1.39,0.8249655559080524,0.0,1.0,0.6789838337182448
2016_17_20170211_ARS_HUL,2016_17,2017-02-11,ARS,HUL,0,0.628992628992629,1.51,0.7379364884261378,0.0,1.0,0.628992628992629
2016_17_20170211_LIV_TOT,2016_17,2017-02-11,LIV,TOT,0,0.5,1.91,0.4808692534968408,0.0,1.0,0.5
2016_17_20170211_MID_EVE,2016_17,2017-02-11,MID,EVE,0,0.4122137404580152,2.31,0.2987999985657518,0.0,1.0,0.4122137404580152
2016_17_20170211_MUN_WAT,2016_17,2017-02-11,MUN,WAT,0,0.5721649484536083,1.66,0.5166532866235979,0.0,1.0,0.5721649484536083
2016_17_20170211_STK_CRY,2016_17,2017-02-11,STK,CRY,0,0.4609375,2.07,0.6370022959772034,0.0,1.0,0.4609375
2016_17_20170211_SUN_SOU,2016_17,2017-02-11,SUN,SOU,1,0.4607329842931937,2.06,0.4084311026545751,0.0,1.0,0.4607329842931937
2016_17_20170211_WHU_WBA,2016_17,2017-02-11,WHU,WBA,1,0.4647519582245431,2.05,0.5509266975366505,0.0,1.0,0.4647519582245431
2016_17_20170212_BUR_CHE,2016_17,2017-02-12,BUR,CHE,0,0.4986876640419947,1.91,0.4827635330579636,0.0,1.0,0.4986876640419947
2016_17_20170212_SWA_LEI,2016_17,2017-02-12,SWA,LEI,0,0.4738219895287958,2.01,0.6113630513676707,0.0,1.0,0.4738219895287958
2016_17_20170213_BOU_MCI,2016_17,2017-02-13,BOU,MCI,0,0.6237623762376239,1.52,0.7955624451903933,0.0,1.0,0.6237623762376239
2016_17_20170225_CHE_SWA,2016_17,2017-02-25,CHE,SWA,1,0.5892857142857143,1.61,0.7980791813200665,0.0,1.0,0.5892857142857143
2016_17_20170225_CRY_MID,2016_17,2017-02-25,CRY,MID,0,0.3526570048309178,2.68,0.3282174298391982,0.0,1.0,0.3526570048309178
2016_17_20170225_EVE_SUN,2016_17,2017-02-25,EVE,SUN,0,0.5820512820512821,1.63,0.6245463241741918,0.0,1.0,0.5820512820512821
2016_17_20170225_HUL_BUR,2016_17,2017-02-25,HUL,BUR,0,0.413265306122449,2.3,0.4088779001834646,0.0,1.0,0.413265306122449
2016_17_20170225_WAT_WHU,2016_17,2017-02-25,WAT,WHU,0,0.4764397905759163,2.0,0.6478834125410244,0.0,1.0,0.4764397905759163
2016_17_20170225_WBA_BOU,2016_17,2017-02-25,WBA,BOU,1,0.4738219895287958,2.01,0.6915789122360018,0.0,1.0,0.4738219895287958
2016_17_20170226_TOT_STK,2016_17,2017-02-26,TOT,STK,1,0.5747422680412371,1.65,0.5351845190263893,0.0,1.0,0.5747422680412371
2016_17_20170227_LEI_LIV,2016_17,2017-02-27,LEI,LIV,1,0.5392670157068064,1.76,0.6236604590018318,0.0,1.0,0.5392670157068064
2016_17_20170304_LEI_HUL,2016_17,2017-03-04,LEI,HUL,1,0.4633507853403141,2.05,0.4523802447720959,0.0,1.0,0.4633507853403141
2016_17_20170304_LIV_ARS,2016_17,2017-03-04,LIV,ARS,1,0.5558441558441558,1.71,0.7241389912294398,0.0,1.0,0.5558441558441558
2016_17_20170304_MUN_BOU,2016_17,2017-03-04,MUN,BOU,0,0.6045340050377834,1.57,0.6884531798757842,0.0,1.0,0.6045340050377834
2016_17_20170304_STK_MID,2016_17,2017-03-04,STK,MID,0,0.398989898989899,2.38,0.2648613642227673,0.0,1.0,0.398989898989899
2016_17_20170304_SWA_BUR,2016_17,2017-03-04,SWA,BUR,1,0.4389610389610389,2.16,0.5561329106462352,0.0,1.0,0.4389610389610389
2016_17_20170304_WAT_SOU,2016_17,2017-03-04,WAT,SOU,1,0.423076923076923,2.25,0.4399026157569847,0.0,1.0,0.423076923076923
2016_17_20170304_WBA_CRY,2016_17,2017-03-04,WBA,CRY,0,0.3999999999999999,2.37,0.5609214900218669,0.0,1.0,0.3999999999999999
2016_17_20170305_SUN_MCI,2016_17,2017-03-05,SUN,MCI,0,0.6498800959232613,1.46,0.6173035508954273,0.0,1.0,0.6498800959232613
2016_17_20170305_TOT_EVE,2016_17,2017-03-05,TOT,EVE,1,0.5404699738903395,1.76,0.3792822313692725,0.0,1.0,0.5404699738903395
2016_17_20170306_WHU_CHE,2016_17,2017-03-06,WHU,CHE,1,0.5196850393700787,1.83,0.5479977295026881,0.0,1.0,0.5196850393700787
2016_17_20170308_MCI_STK,2016_17,2017-03-08,MCI,STK,0,0.6555023923444976,1.44,0.5980754133228634,0.0,1.0,0.6555023923444976
2016_17_20170311_BOU_WHU,2016_17,2017-03-11,BOU,WHU,1,0.5520833333333334,1.72,0.6990903908974727,0.0,1.0,0.5520833333333334
2016_17_20170311_EVE_WBA,2016_17,2017-03-11,EVE,WBA,1,0.4698162729658792,2.02,0.4554520382348208,0.0,1.0,0.4698162729658792
2016_17_20170311_HUL_SWA,2016_17,2017-03-11,HUL,SWA,1,0.4659685863874345,2.04,0.5810871040559139,0.0,1.0,0.4659685863874345
2016_17_20170312_LIV_BUR,2016_17,2017-03-12,LIV,BUR,1,0.6140350877192983,1.54,0.6123283045922444,0.0,1.0,0.6140350877192983
2016_17_20170318_BOU_SWA,2016_17,2017-03-18,BOU,SWA,0,0.5509138381201044,1.72,0.7771150793423833,0.0,1.0,0.5509138381201044
2016_17_20170318_CRY_WAT,2016_17,2017-03-18,CRY,WAT,0,0.4389610389610389,2.16,0.6111723932088877,0.0,1.0,0.4389610389610389
2016_17_20170318_EVE_HUL,2016_17,2017-03-18,EVE,HUL,1,0.5275590551181102,1.8,0.6328389655859595,0.0,1.0,0.5275590551181102
2016_17_20170318_STK_CHE,2016_17,2017-03-18,STK,CHE,1,0.4738219895287958,2.01,0.4037770277364099,0.0,1.0,0.4738219895287958
2016_17_20170318_SUN_BUR,2016_17,2017-03-18,SUN,BUR,0,0.4415584415584415,2.15,0.3924998579393786,0.0,1.0,0.4415584415584415
2016_17_20170318_WBA_ARS,2016_17,2017-03-18,WBA,ARS,1,0.5328083989501312,1.78,0.5875816851435481,0.0,1.0,0.5328083989501312
2016_17_20170318_WHU_LEI,2016_17,2017-03-18,WHU,LEI,1,0.5275590551181102,1.8,0.63822698947193,0.0,1.0,0.5275590551181102
2016_17_20170319_MCI_LIV,2016_17,2017-03-19,MCI,LIV,0,0.5736434108527132,1.65,0.6581524573069294,0.0,1.0,0.5736434108527132
2016_17_20170319_MID_MUN,2016_17,2017-03-19,MID,MUN,1,0.4352331606217616,2.18,0.1899476591979124,0.0,1.0,0.4352331606217616
2016_17_20170319_TOT_SOU,2016_17,2017-03-19,TOT,SOU,1,0.5052631578947367,1.88,0.5089598625122476,0.0,1.0,0.5052631578947367
2016_17_20170401_BUR_TOT,2016_17,2017-04-01,BUR,TOT,0,0.4724409448818897,2.01,0.3634543937165022,0.0,1.0,0.4724409448818897
2016_17_20170401_CHE_CRY,2016_17,2017-04-01,CHE,CRY,1,0.5249343832020998,1.81,0.6482067531102906,0.0,1.0,0.5249343832020998
2016_17_20170401_HUL_WHU,2016_17,2017-04-01,HUL,WHU,1,0.5184210526315789,1.83,0.5782212456290945,0.0,1.0,0.5184210526315789
2016_17_20170401_LEI_STK,2016_17,2017-04-01,LEI,STK,0,0.4842105263157894,1.96,0.4364704458535915,0.0,1.0,0.4842105263157894
2016_17_20170401_LIV_EVE,2016_17,2017-04-01,LIV,EVE,1,0.5483028720626633,1.73,0.5599294535057192,0.0,1.0,0.5483028720626633
2016_17_20170401_MUN_WBA,2016_17,2017-04-01,MUN,WBA,0,0.513157894736842,1.85,0.439476791619949,0.0,1.0,0.513157894736842
2016_17_20170401_SOU_BOU,2016_17,2017-04-01,SOU,BOU,0,0.5483028720626633,1.73,0.636244136023663,0.0,1.0,0.5483028720626633
2016_17_20170401_WAT_SUN,2016_17,2017-04-01,WAT,SUN,0,0.4645669291338583,2.04,0.511314748011421,0.0,1.0,0.4645669291338583
2016_17_20170402_ARS_MCI,2016_17,2017-04-02,ARS,MCI,1,0.598984771573604,1.58,0.6979551465311383,0.0,1.0,0.598984771573604
2016_17_20170402_SWA_MID,2016_17,2017-04-02,SWA,MID,0,0.4363636363636364,2.17,0.4009693104215215,0.0,1.0,0.4363636363636364
2016_17_20170404_BUR_STK,2016_17,2017-04-04,BUR,STK,0,0.4025316455696203,2.36,0.3912025191273017,0.0,1.0,0.4025316455696203
2016_17_20170404_LEI_SUN,2016_17,2017-04-04,LEI,SUN,0,0.5392670157068064,1.76,0.5243433129245358,0.0,1.0,0.5392670157068064
2016_17_20170404_MUN_EVE,2016_17,2017-04-04,MUN,EVE,0,0.5065616797900262,1.88,0.4551822635456832,0.0,1.0,0.5065616797900262
2016_17_20170404_WAT_WBA,2016_17,2017-04-04,WAT,WBA,0,0.4107142857142857,2.31,0.5108911751014419,0.0,1.0,0.4107142857142857
2016_17_20170405_ARS_WHU,2016_17,2017-04-05,ARS,WHU,1,0.6635071090047394,1.42,0.8923007119647083,0.0,1.0,0.6635071090047394
2016_17_20170405_CHE_MCI,2016_17,2017-04-05,CHE,MCI,1,0.5456919060052219,1.74,0.6518818648313961,0.0,1.0,0.5456919060052219
2016_17_20170405_HUL_MID,2016_17,2017-04-05,HUL,MID,1,0.4025316455696203,2.36,0.2756713324384444,0.0,1.0,0.4025316455696203
2016_17_20170405_LIV_BOU,2016_17,2017-04-05,LIV,BOU,1,0.6399026763990268,1.48,0.8481058852569856,0.0,1.0,0.6399026763990268
2016_17_20170405_SOU_CRY,2016_17,2017-04-05,SOU,CRY,1,0.4619422572178477,2.05,0.58905630257312,0.0,1.0,0.4619422572178477
2016_17_20170405_SWA_TOT,2016_17,2017-04-05,SWA,TOT,1,0.5210526315789473,1.82,0.6284948759508407,0.0,1.0,0.5210526315789473
2016_17_20170408_BOU_CHE,2016_17,2017-04-08,BOU,CHE,1,0.5275590551181102,1.8,0.6182448740035116,0.0,1.0,0.5275590551181102
2016_17_20170408_MCI_HUL,2016_17,2017-04-08,MCI,HUL,1,0.6751740139211136,1.4,0.7433264478977861,0.0,1.0,0.6751740139211136
2016_17_20170408_MID_BUR,2016_17,2017-04-08,MID,BUR,0,0.3904282115869018,2.42,0.2076886043350542,0.0,1.0,0.3904282115869018
2016_17_20170408_STK_LIV,2016_17,2017-04-08,STK,LIV,1,0.5157068062827225,1.85,0.5389202684289783,0.0,1.0,0.5157068062827225
2016_17_20170408_TOT_WAT,2016_17,2017-04-08,TOT,WAT,1,0.601010101010101,1.58,0.6447923599590039,0.0,1.0,0.601010101010101
2016_17_20170408_WBA_SOU,2016_17,2017-04-08,WBA,SOU,0,0.4252577319587629,2.23,0.4297347710693375,0.0,1.0,0.4252577319587629
2016_17_20170408_WHU_SWA,2016_17,2017-04-08,WHU,SWA,0,0.5301837270341206,1.79,0.7782964909028252,0.0,1.0,0.5301837270341206
2016_17_20170409_EVE_LEI,2016_17,2017-04-09,EVE,LEI,1,0.5301837270341206,1.79,0.6078069009427549,0.0,1.0,0.5301837270341206
2016_17_20170409_SUN_MUN,2016_17,2017-04-09,SUN,MUN,1,0.5430809399477807,1.75,0.3880643949713624,0.0,1.0,0.5430809399477807
2016_17_20170410_CRY_ARS,2016_17,2017-04-10,CRY,ARS,1,0.5784061696658098,1.64,0.6817170773377731,0.0,1.0,0.5784061696658098
2016_17_20170415_CRY_LEI,2016_17,2017-04-15,CRY,LEI,1,0.4855643044619423,1.96,0.601389588689848,0.0,1.0,0.4855643044619423
2016_17_20170415_EVE_BUR,2016_17,2017-04-15,EVE,BUR,1,0.5196850393700787,1.83,0.4670179443241873,0.0,1.0,0.5196850393700787
2016_17_20170415_SOU_MCI,2016_17,2017-04-15,SOU,MCI,1,0.5784061696658098,1.64,0.5063559806078899,0.0,1.0,0.5784061696658098
2016_17_20170415_STK_HUL,2016_17,2017-04-15,STK,HUL,1,0.4569190600522194,2.08,0.4560761405681415,0.0,1.0,0.4569190600522194
2016_17_20170415_SUN_WHU,2016_17,2017-04-15,SUN,WHU,1,0.5275590551181102,1.8,0.4795686008412168,0.0,1.0,0.5275590551181102
2016_17_20170415_TOT_BOU,2016_17,2017-04-15,TOT,BOU,1,0.6635071090047394,1.42,0.7204942520343576,0.0,1.0,0.6635071090047394
2016_17_20170415_WAT_SWA,2016_17,2017-04-15,WAT,SWA,0,0.4581151832460733,2.07,0.5742559942210715,0.0,1.0,0.4581151832460733
2016_17_20170416_MUN_CHE,2016_17,2017-04-16,MUN,CHE,0,0.4241645244215937,2.24,0.3500685018883265,0.0,1.0,0.4241645244215937
2016_17_20170416_WBA_LIV,2016_17,2017-04-16,WBA,LIV,0,0.4960629921259842,1.92,0.5129362066902546,0.0,1.0,0.4960629921259842
2016_17_20170417_MID_ARS,2016_17,2017-04-17,MID,ARS,1,0.5535248041775457,1.71,0.3869713131519099,0.0,1.0,0.5535248041775457
2016_17_20170422_BOU_MID,2016_17,2017-04-22,BOU,MID,1,0.5105263157894737,1.86,0.3989746488153116,0.0,1.0,0.5105263157894737
2016_17_20170422_HUL_WAT,2016_17,2017-04-22,HUL,WAT,0,0.4790575916230366,1.99,0.4793172976769435,0.0,1.0,0.4790575916230366
2016_17_20170422_SWA_STK,2016_17,2017-04-22,SWA,STK,0,0.4593175853018373,2.06,0.5111205403579858,0.0,1.0,0.4593175853018373
2016_17_20170422_WHU_EVE,2016_17,2017-04-22,WHU,EVE,0,0.5598958333333334,1.69,0.6413322924449922,0.0,1.0,0.5598958333333334
2016_17_20170423_BUR_MUN,2016_17,2017-04-23,BUR,MUN,0,0.4415584415584415,2.15,0.318238591103589,0.0,1.0,0.4415584415584415
2016_17_20170423_LIV_CRY,2016_17,2017-04-23,LIV,CRY,1,0.5794871794871795,1.64,0.7789163210591352,0.0,1.0,0.5794871794871795
2016_17_20170425_CHE_SOU,2016_17,2017-04-25,CHE,SOU,1,0.5340314136125655,1.78,0.6134828354777679,0.0,1.0,0.5340314136125655
2016_17_20170426_ARS_LEI,2016_17,2017-04-26,ARS,LEI,0,0.6514423076923078,1.45,0.7458961532375169,0.0,1.0,0.6514423076923078
2016_17_20170426_CRY_TOT,2016_17,2017-04-26,CRY,TOT,0,0.5846153846153845,1.62,0.5407582404105117,0.0,1.0,0.5846153846153845
2016_17_20170426_MID_SUN,2016_17,2017-04-26,MID,SUN,0,0.4659685863874345,2.04,0.2727803776668451,0.0,1.0,0.4659685863874345
2016_17_20170427_MCI_MUN,2016_17,2017-04-27,MCI,MUN,0,0.5275590551181102,1.8,0.468694399727563,0.0,1.0,0.5275590551181102
2016_17_20170429_CRY_BUR,2016_17,2017-04-29,CRY,BUR,0,0.4543080939947781,2.09,0.5374358908819404,0.0,1.0,0.4543080939947781
2016_17_20170429_SOU_HUL,2016_17,2017-04-29,SOU,HUL,0,0.5301837270341206,1.79,0.6464558400736525,0.0,1.0,0.5301837270341206
2016_17_20170429_STK_WHU,2016_17,2017-04-29,STK,WHU,0,0.5091863517060368,1.87,0.6020776497820145,0.0,1.0,0.5091863517060368
2016_17_20170429_SUN_BOU,2016_17,2017-04-29,SUN,BOU,0,0.5509138381201044,1.72,0.6222609260489022,0.0,1.0,0.5509138381201044
2016_17_20170429_WBA_LEI,2016_17,2017-04-29,WBA,LEI,0,0.4736842105263157,2.0,0.5426755905479014,0.0,1.0,0.4736842105263157
2016_17_20170430_EVE_CHE,2016_17,2017-04-30,EVE,CHE,1,0.5196850393700787,1.83,0.6173426689566002,0.0,1.0,0.5196850393700787
2016_17_20170430_MID_MCI,2016_17,2017-04-30,MID,MCI,1,0.6296296296296295,1.5,0.4619526812943488,0.0,1.0,0.6296296296296295
2016_17_20170430_MUN_SWA,2016_17,2017-04-30,MUN,SWA,0,0.5328083989501312,1.78,0.675975854530193,0.0,1.0,0.5328083989501312
2016_17_20170430_TOT_ARS,2016_17,2017-04-30,TOT,ARS,0,0.6130653266331658,1.54,0.6613598548948114,0.0,1.0,0.6130653266331658
2016_17_20170501_WAT_LIV,2016_17,2017-05-01,WAT,LIV,0,0.5651041666666667,1.67,0.6895007045305128,0.0,1.0,0.5651041666666667
2016_17_20170505_WHU_TOT,2016_17,2017-05-05,WHU,TOT,0,0.5913705583756345,1.61,0.6552319829147577,0.0,1.0,0.5913705583756345
2016_17_20170506_BOU_STK,2016_17,2017-05-06,BOU,STK,1,0.5494791666666667,1.73,0.6485439354811985,0.0,1.0,0.5494791666666667
2016_17_20170506_BUR_WBA,2016_17,2017-05-06,BUR,WBA,1,0.3884711779448621,2.44,0.3948606802403605,0.0,1.0,0.3884711779448621
2016_17_20170506_HUL_SUN,2016_17,2017-05-06,HUL,SUN,0,0.5366492146596858,1.77,0.5013658122221691,0.0,1.0,0.5366492146596858
2016_17_20170506_LEI_WAT,2016_17,2017-05-06,LEI,WAT,1,0.5249343832020998,1.81,0.5773761860528894,0.0,1.0,0.5249343832020998
2016_17_20170506_MCI_CRY,2016_17,2017-05-06,MCI,CRY,1,0.7,1.35,0.7486854930916872,0.0,1.0,0.7
2016_17_20170506_SWA_EVE,2016_17,2017-05-06,SWA,EVE,0,0.5118110236220472,1.86,0.6673456361402869,0.0,1.0,0.5118110236220472
2016_17_20170507_ARS_MUN,2016_17,2017-05-07,ARS,MUN,0,0.513157894736842,1.85,0.5048984520705524,0.0,1.0,0.513157894736842
2016_17_20170507_LIV_SOU,2016_17,2017-05-07,LIV,SOU,0,0.5710594315245477,1.66,0.7254739434011546,0.0,1.0,0.5710594315245477
2016_17_20170508_CHE_MID,2016_17,2017-05-08,CHE,MID,1,0.6348039215686274,1.49,0.6696792558475908,0.0,1.0,0.6348039215686274
2016_17_20170510_SOU_ARS,2016_17,2017-05-10,SOU,ARS,0,0.5636363636363637,1.68,0.6444194424859009,0.0,1.0,0.5636363636363637
2016_17_20170512_EVE_WAT,2016_17,2017-05-12,EVE,WAT,0,0.5520833333333334,1.72,0.6792185647155016,0.0,1.0,0.5520833333333334
2016_17_20170512_WBA_CHE,2016_17,2017-05-12,WBA,CHE,0,0.5209424083769634,1.83,0.5662791405426669,0.0,1.0,0.5209424083769634
2016_17_20170513_BOU_BUR,2016_17,2017-05-13,BOU,BUR,1,0.5392670157068064,1.76,0.66241876097012,0.0,1.0,0.5392670157068064
2016_17_20170513_MCI_LEI,2016_17,2017-05-13,MCI,LEI,1,0.7013274336283185,1.35,0.7857343088698571,0.0,1.0,0.7013274336283185
2016_17_20170513_MID_SOU,2016_17,2017-05-13,MID,SOU,1,0.4855643044619423,1.96,0.3635355134219125,0.0,1.0,0.4855643044619423
2016_17_20170513_STK_ARS,2016_17,2017-05-13,STK,ARS,1,0.5928753180661578,1.6,0.6105490702243564,0.0,1.0,0.5928753180661578
2016_17_20170513_SUN_SWA,2016_17,2017-05-13,SUN,SWA,0,0.5144356955380577,1.85,0.5237089430526393,0.0,1.0,0.5144356955380577
2016_17_20170514_CRY_HUL,2016_17,2017-05-14,CRY,HUL,1,0.4881889763779528,1.95,0.6628678273108337,0.0,1.0,0.4881889763779528
2016_17_20170514_TOT_MUN,2016_17,2017-05-14,TOT,MUN,1,0.4921052631578948,1.93,0.3432970367880932,0.0,1.0,0.4921052631578948
2016_17_20170514_WHU_LIV,2016_17,2017-05-14,WHU,LIV,1,0.5249343832020998,1.81,0.6769125565281346,0.0,1.0,0.5249343832020998
2016_17_20170515_CHE_WAT,2016_17,2017-05-15,CHE,WAT,1,0.6481927710843374,1.46,0.6867757308173883,0.0,1.0,0.6481927710843374
2016_17_20170516_ARS_SUN,2016_17,2017-05-16,ARS,SUN,0,0.755859375,1.25,0.6740163383813615,0.0,1.0,0.755859375
2016_17_20170516_MCI_WBA,2016_17,2017-05-16,MCI,WBA,1,0.7185501066098081,1.32,0.5779663483445026,0.0,1.0,0.7185501066098081
2016_17_20170517_SOU_MUN,2016_17,2017-05-17,SOU,MUN,0,0.4607329842931937,2.06,0.3384250009260833,0.0,1.0,0.4607329842931937
2016_17_20170518_LEI_TOT,2016_17,2017-05-18,LEI,TOT,1,0.5494791666666667,1.73,0.49804922205651,0.0,1.0,0.5494791666666667
2016_17_20170521_ARS_EVE,2016_17,2017-05-21,ARS,EVE,1,0.6514423076923078,1.45,0.5661503829909261,0.0,1.0,0.6514423076923078
2016_17_20170521_BUR_WHU,2016_17,2017-05-21,BUR,WHU,1,0.5249343832020998,1.81,0.4573448857018223,0.0,1.0,0.5249343832020998
2016_17_20170521_CHE_SUN,2016_17,2017-05-21,CHE,SUN,1,0.6674528301886793,1.41,0.6520569275779742,0.0,1.0,0.6674528301886793
2016_17_20170521_HUL_TOT,2016_17,2017-05-21,HUL,TOT,1,0.5918367346938775,1.6,0.5861455925147867,0.0,1.0,0.5918367346938775
2016_17_20170521_LEI_BOU,2016_17,2017-05-21,LEI,BOU,0,0.5762273901808785,1.64,0.6013485475521501,0.0,1.0,0.5762273901808785
2016_17_20170521_LIV_MID,2016_17,2017-05-21,LIV,MID,1,0.6546762589928057,1.44,0.4389683778773215,0.0,1.0,0.6546762589928057
2016_17_20170521_MUN_CRY,2016_17,2017-05-21,MUN,CRY,0,0.4763157894736842,1.99,0.392558413536614,0.0,1.0,0.4763157894736842
2016_17_20170521_SOU_STK,2016_17,2017-05-21,SOU,STK,0,0.5275590551181102,1.8,0.3494304892611836,0.0,1.0,0.5275590551181102
2016_17_20170521_SWA_WBA,2016_17,2017-05-21,SWA,WBA,1,0.5196850393700787,1.83,0.4254808184354872,0.0,1.0,0.5196850393700787
2016_17_20170521_WAT_MCI,2016_17,2017-05-21,WAT,MCI,1,0.6635071090047394,1.42,0.5643116742432293,0.0,1.0,0.6635071090047394
2017_18_20170812_BRI_MCI,2017_18,2017-08-12,BRI,MCI,0,0.5820512820512821,1.63,0.9703638361194782,0.0,1.0,0.5820512820512821
2017_18_20170812_CHE_BUR,2017_18,2017-08-12,CHE,BUR,1,0.5732647814910026,1.66,0.8220942472246965,0.0,1.0,0.5732647814910026
2017_18_20170812_CRY_HUD,2017_18,2017-08-12,CRY,HUD,1,0.4490861618798955,2.11,0.8422704905964036,0.0,1.0,0.4490861618798955
2017_18_20170812_EVE_STK,2017_18,2017-08-12,EVE,STK,0,0.4583333333333333,2.08,0.7918805599397334,0.0,1.0,0.4583333333333333
2017_18_20170812_SOU_SWA,2017_18,2017-08-12,SOU,SWA,0,0.4569190600522194,2.08,0.6852316172227317,0.0,1.0,0.4569190600522194
2017_18_20170812_WAT_LIV,2017_18,2017-08-12,WAT,LIV,1,0.5223097112860893,1.82,0.5536938474507614,0.0,1.0,0.5223097112860893
2017_18_20170812_WBA_BOU,2017_18,2017-08-12,WBA,BOU,0,0.4404145077720207,2.16,0.6569851767375288,0.0,1.0,0.4404145077720207
2017_18_20170813_MUN_WHU,2017_18,2017-08-13,MUN,WHU,1,0.5595854922279793,1.7,0.5884665507490666,0.0,1.0,0.5595854922279793
2017_18_20170813_NEW_TOT,2017_18,2017-08-13,NEW,TOT,0,0.5261780104712042,1.81,0.6140201851798985,0.0,1.0,0.5261780104712042
2017_18_20170819_BOU_WAT,2017_18,2017-08-19,BOU,WAT,0,0.5248041775456919,1.82,0.5851031365592831,0.0,1.0,0.5248041775456919
2017_18_20170819_BUR_WBA,2017_18,2017-08-19,BUR,WBA,0,0.385,2.46,0.5604752520862802,0.0,1.0,0.385
2017_18_20170819_LEI_BRI,2017_18,2017-08-19,LEI,BRI,0,0.486910994764398,1.96,0.5158879867474035,0.0,1.0,0.486910994764398
2017_18_20170819_LIV_CRY,2017_18,2017-08-19,LIV,CRY,0,0.6045340050377834,1.57,0.4993005656603748,0.0,1.0,0.6045340050377834
2017_18_20170819_SOU_WHU,2017_18,2017-08-19,SOU,WHU,1,0.518324607329843,1.84,0.4630445806310042,0.0,1.0,0.518324607329843
2017_18_20170819_STK_ARS,2017_18,2017-08-19,STK,ARS,0,0.5300261096605744,1.8,0.5134801819523339,0.0,1.0,0.5300261096605744
2017_18_20170819_SWA_MUN,2017_18,2017-08-19,SWA,MUN,1,0.5039164490861618,1.9,0.4802235395330583,0.0,1.0,0.5039164490861618
2017_18_20170820_HUD_NEW,2017_18,2017-08-20,HUD,NEW,0,0.4293059125964009,2.22,0.5061187092223212,0.0,1.0,0.4293059125964009
2017_18_20170820_TOT_CHE,2017_18,2017-08-20,TOT,CHE,1,0.5026178010471204,1.9,0.4760807624443987,0.0,1.0,0.5026178010471204
2017_18_20170821_MCI_EVE,2017_18,2017-08-21,MCI,EVE,0,0.5913705583756345,1.61,0.4833231251926184,0.0,1.0,0.5913705583756345
2017_18_20170826_BOU_MCI,2017_18,2017-08-26,BOU,MCI,1,0.6348039215686274,1.49,0.4732729607912733,0.0,1.0,0.6348039215686274
2017_18_20170826_CRY_SWA,2017_18,2017-08-26,CRY,SWA,0,0.4430051813471503,2.15,0.4802034504339243,0.0,1.0,0.4430051813471503
2017_18_20170826_HUD_SOU,2017_18,2017-08-26,HUD,SOU,0,0.4341085271317829,2.19,0.4709846534723005,0.0,1.0,0.4341085271317829
2017_18_20170826_MUN_LEI,2017_18,2017-08-26,MUN,LEI,0,0.5769230769230769,1.65,0.4317737090354341,0.0,1.0,0.5769230769230769
2017_18_20170826_NEW_WHU,2017_18,2017-08-26,NEW,WHU,1,0.4921465968586388,1.94,0.4256360675095614,0.0,1.0,0.4921465968586388
2017_18_20170826_WAT_BRI,2017_18,2017-08-26,WAT,BRI,0,0.4304123711340206,2.21,0.4347210389716387,0.0,1.0,0.4304123711340206
2017_18_20170827_CHE_EVE,2017_18,2017-08-27,CHE,EVE,0,0.4973821989528796,1.92,0.3998279426494378,0.0,1.0,0.4973821989528796
2017_18_20170827_LIV_ARS,2017_18,2017-08-27,LIV,ARS,1,0.601010101010101,1.58,0.3957799484542053,0.0,1.0,0.601010101010101
2017_18_20170827_TOT_BUR,2017_18,2017-08-27,TOT,BUR,0,0.5732647814910026,1.66,0.4197275276379023,0.0,1.0,0.5732647814910026
2017_18_20170827_WBA_STK,2017_18,2017-08-27,WBA,STK,0,0.3667481662591687,2.59,0.4148835200774926,0.0,1.0,0.3667481662591687
2017_18_20170909_ARS_BOU,2017_18,2017-09-09,ARS,BOU,1,0.6736596736596736,1.4,0.4103707462175827,0.0,1.0,0.6736596736596736
2017_18_20170909_BRI_WBA,2017_18,2017-09-09,BRI,WBA,1,0.3643031784841076,2.6,0.4191200018235532,0.0,1.0,0.3643031784841076
2017_18_20170909_EVE_TOT,2017_18,2017-09-09,EVE,TOT,1,0.4673629242819843,2.04,0.4398047953676385,0.0,1.0,0.4673629242819843
2017_18_20170909_LEI_CHE,2017_18,2017-09-09,LEI,CHE,1,0.5130890052356021,1.86,0.4467101418965483,0.0,1.0,0.5130890052356021
2017_18_20170909_MCI_LIV,2017_18,2017-09-09,MCI,LIV,1,0.6212871287128713,1.53,0.4531454734361737,0.0,1.0,0.6212871287128713
2017_18_20170909_SOU_WAT,2017_18,2017-09-09,SOU,WAT,0,0.4842931937172774,1.97,0.4823461179879542,0.0,1.0,0.4842931937172774
2017_18_20170909_STK_MUN,2017_18,2017-09-09,STK,MUN,1,0.5078534031413613,1.88,0.4755095182854352,0.0,1.0,0.5078534031413613
2017_18_20170910_BUR_CRY,2017_18,2017-09-10,BUR,CRY,0,0.4035532994923858,2.35,0.4913470804286994,0.0,1.0,0.4035532994923858
2017_18_20170910_SWA_NEW,2017_18,2017-09-10,SWA,NEW,0,0.4392764857881137,2.17,0.473358760008159,0.0,1.0,0.4392764857881137
2017_18_20170911_WHU_HUD,2017_18,2017-09-11,WHU,HUD,0,0.4790575916230366,1.99,0.662972771895644,0.0,1.0,0.4790575916230366
2017_18_20170915_BOU_BRI,2017_18,2017-09-15,BOU,BRI,1,0.4621409921671018,2.06,0.4506545869355479,0.0,1.0,0.4621409921671018
2017_18_20170916_CRY_SOU,2017_18,2017-09-16,CRY,SOU,0,0.413265306122449,2.3,0.4867207397094537,0.0,1.0,0.413265306122449
2017_18_20170916_HUD_LEI,2017_18,2017-09-16,HUD,LEI,0,0.4633507853403141,2.05,0.4402009075374674,0.0,1.0,0.4633507853403141
2017_18_20170916_LIV_BUR,2017_18,2017-09-16,LIV,BUR,0,0.6115288220551378,1.55,0.4355216564511586,0.0,1.0,0.6115288220551378
2017_18_20170916_NEW_STK,2017_18,2017-09-16,NEW,STK,1,0.4378238341968911,2.17,0.431070352538428,0.0,1.0,0.4378238341968911
2017_18_20170916_TOT_SWA,2017_18,2017-09-16,TOT,SWA,0,0.615,1.54,0.4373266041885497,0.0,1.0,0.615
2017_18_20170916_WAT_MCI,2017_18,2017-09-16,WAT,MCI,1,0.6314496314496314,1.5,0.4120021114852935,0.0,1.0,0.6314496314496314
2017_18_20170916_WBA_WHU,2017_18,2017-09-16,WBA,WHU,0,0.4329896907216495,2.2,0.7603826991894864,0.0,1.0,0.4329896907216495
2017_18_20170917_CHE_ARS,2017_18,2017-09-17,CHE,ARS,0,0.586734693877551,1.62,0.4246332648265376,0.0,1.0,0.586734693877551
2017_18_20170917_MUN_EVE,2017_18,2017-09-17,MUN,EVE,1,0.5404699738903395,1.76,0.4003352156189106,0.0,1.0,0.5404699738903395
2017_18_20170923_BUR_HUD,2017_18,2017-09-23,BUR,HUD,0,0.3954659949622167,2.4,0.1232692933250261,0.0,1.0,0.3954659949622167
2017_18_20170923_EVE_BOU,2017_18,2017-09-23,EVE,BOU,1,0.5144356955380577,1.85,0.382503571004795,0.0,1.0,0.5144356955380577
2017_18_20170923_LEI_LIV,2017_18,2017-09-23,LEI,LIV,1,0.5633074935400517,1.69,0.6649629281794986,0.0,1.0,0.5633074935400517
2017_18_20170923_MCI_CRY,2017_18,2017-09-23,MCI,CRY,1,0.6971046770601336,1.36,0.9402252508079644,0.0,1.0,0.6971046770601336
2017_18_20170923_SOU_MUN,2017_18,2017-09-23,SOU,MUN,0,0.4671916010498688,2.03,0.6160596802569358,0.0,1.0,0.4671916010498688
2017_18_20170923_STK_CHE,2017_18,2017-09-23,STK,CHE,1,0.5352480417754569,1.78,0.2667882136615289,0.0,1.0,0.5352480417754569
2017_18_20170923_SWA_WAT,2017_18,2017-09-23,SWA,WAT,1,0.4557291666666667,2.09,0.3442999776356549,0.0,1.0,0.4557291666666667
2017_18_20170923_WHU_TOT,2017_18,2017-09-23,WHU,TOT,1,0.5633074935400517,1.69,0.2019052524642013,0.0,1.0,0.5633074935400517
2017_18_20170924_BRI_NEW,2017_18,2017-09-24,BRI,NEW,0,0.3954659949622167,2.4,0.2797385120717068,0.0,1.0,0.3954659949622167
2017_18_20170925_ARS_WBA,2017_18,2017-09-25,ARS,WBA,0,0.5784061696658098,1.64,0.0450943675428767,0.0,1.0,0.5784061696658098
2017_18_20170930_BOU_LEI,2017_18,2017-09-30,BOU,LEI,0,0.5261780104712042,1.81,0.6004103210884842,0.0,1.0,0.5261780104712042
2017_18_20170930_CHE_MCI,2017_18,2017-09-30,CHE,MCI,0,0.5584415584415584,1.7,0.5393119947154899,0.0,1.0,0.5584415584415584
2017_18_20170930_HUD_TOT,2017_18,2017-09-30,HUD,TOT,1,0.5468749999999999,1.74,0.1442115531398775,0.0,1.0,0.5468749999999999
2017_18_20170930_MUN_CRY,2017_18,2017-09-30,MUN,CRY,1,0.598984771573604,1.58,0.8822446036236411,0.0,1.0,0.598984771573604
2017_18_20170930_STK_SOU,2017_18,2017-09-30,STK,SOU,1,0.4378238341968911,2.17,0.2813279882778737,0.0,1.0,0.4378238341968911
2017_18_20170930_WBA_WAT,2017_18,2017-09-30,WBA,WAT,1,0.3884711779448621,2.44,0.350386493720382,0.0,1.0,0.3884711779448621
2017_18_20170930_WHU_SWA,2017_18,2017-09-30,WHU,SWA,0,0.4738219895287958,2.01,0.1692432369849338,0.0,1.0,0.4738219895287958
2017_18_20171001_ARS_BRI,2017_18,2017-10-01,ARS,BRI,0,0.6105527638190955,1.55,0.3598448733353788,0.0,1.0,0.6105527638190955
2017_18_20171001_EVE_BUR,2017_18,2017-10-01,EVE,BUR,0,0.4569190600522194,2.08,0.2804409641311289,0.0,1.0,0.4569190600522194
2017_18_20171001_NEW_LIV,2017_18,2017-10-01,NEW,LIV,0,0.5647668393782384,1.68,0.5171187208764494,0.0,1.0,0.5647668393782384
2017_18_20171014_BUR_WHU,2017_18,2017-10-14,BUR,WHU,0,0.4263565891472868,2.22,0.3044240323558895,0.0,1.0,0.4263565891472868
2017_18_20171014_CRY_CHE,2017_18,2017-10-14,CRY,CHE,1,0.5236842105263159,1.81,0.6792501684168002,0.0,1.0,0.5236842105263159
2017_18_20171014_LIV_MUN,2017_18,2017-10-14,LIV,MUN,0,0.5013123359580053,1.9,0.693959554413859,0.0,1.0,0.5013123359580053
2017_18_20171014_MCI_STK,2017_18,2017-10-14,MCI,STK,1,0.7212765957446808,1.31,0.8725405453151234,0.0,1.0,0.7212765957446808
2017_18_20171014_SWA_HUD,2017_18,2017-10-14,SWA,HUD,0,0.3746898263027295,2.52,0.1151953065841855,0.0,1.0,0.3746898263027295
2017_18_20171014_TOT_BOU,2017_18,2017-10-14,TOT,BOU,0,0.6820276497695854,1.38,0.6505594511693257,0.0,1.0,0.6820276497695854
2017_18_20171014_WAT_ARS,2017_18,2017-10-14,WAT,ARS,1,0.6085858585858586,1.55,0.660024535056814,0.0,1.0,0.6085858585858586
2017_18_20171015_BRI_EVE,2017_18,2017-10-15,BRI,EVE,0,0.3894472361809045,2.43,0.2197963513877521,0.0,1.0,0.3894472361809045
2017_18_20171015_SOU_NEW,2017_18,2017-10-15,SOU,NEW,1,0.4490861618798955,2.11,0.1192039697801352,0.0,1.0,0.4490861618798955
2017_18_20171016_LEI_WBA,2017_18,2017-10-16,LEI,WBA,0,0.4516971279373368,2.1,0.4173300610347248,0.0,1.0,0.4516971279373368
2017_18_20171020_WHU_BRI,2017_18,2017-10-20,WHU,BRI,1,0.4241645244215937,2.24,0.2986622904837583,0.0,1.0,0.4241645244215937
2017_18_20171021_CHE_WAT,2017_18,2017-10-21,CHE,WAT,1,0.5918367346938775,1.6,0.7383041712485463,0.0,1.0,0.5918367346938775
2017_18_20171021_HUD_MUN,2017_18,2017-10-21,HUD,MUN,1,0.4881889763779528,1.95,0.3453881509473593,0.0,1.0,0.4881889763779528
2017_18_20171021_MCI_BUR,2017_18,2017-10-21,MCI,BUR,1,0.7423935091277891,1.27,0.4835822842243504,0.0,1.0,0.7423935091277891
2017_18_20171021_NEW_CRY,2017_18,2017-10-21,NEW,CRY,0,0.4633507853403141,2.05,0.4076986262568752,0.0,1.0,0.4633507853403141
2017_18_20171021_SOU_WBA,2017_18,2017-10-21,SOU,WBA,0,0.3999999999999999,2.37,0.1850861837353912,0.0,1.0,0.3999999999999999
2017_18_20171021_STK_BOU,2017_18,2017-10-21,STK,BOU,1,0.4908136482939633,1.94,0.3989618085934411,0.0,1.0,0.4908136482939633
2017_18_20171021_SWA_LEI,2017_18,2017-10-21,SWA,LEI,1,0.4490861618798955,2.11,0.278321184126748,0.0,1.0,0.4490861618798955
2017_18_20171022_EVE_ARS,2017_18,2017-10-22,EVE,ARS,1,0.5261780104712042,1.81,0.3334181097587814,0.0,1.0,0.5261780104712042
2017_18_20171022_TOT_LIV,2017_18,2017-10-22,TOT,LIV,1,0.5732647814910026,1.66,0.559830449045482,0.0,1.0,0.5732647814910026
2017_18_20171028_ARS_SWA,2017_18,2017-10-28,ARS,SWA,1,0.6674528301886793,1.41,0.3936992170490843,0.0,1.0,0.6674528301886793
2017_18_20171028_BOU_CHE,2017_18,2017-10-28,BOU,CHE,0,0.5809768637532133,1.63,0.4208833139006017,0.0,1.0,0.5809768637532133
2017_18_20171028_CRY_WHU,2017_18,2017-10-28,CRY,WHU,1,0.4569190600522194,2.08,0.1893499703044142,0.0,1.0,0.4569190600522194
2017_18_20171028_LIV_HUD,2017_18,2017-10-28,LIV,HUD,1,0.6381418092909535,1.48,0.3662310078739694,0.0,1.0,0.6381418092909535
2017_18_20171028_MUN_TOT,2017_18,2017-10-28,MUN,TOT,0,0.4415584415584415,2.15,0.290308114930931,0.0,1.0,0.4415584415584415
2017_18_20171028_WAT_STK,2017_18,2017-10-28,WAT,STK,0,0.5,1.91,0.8594673067089422,0.0,1.0,0.5
2017_18_20171028_WBA_MCI,2017_18,2017-10-28,WBA,MCI,1,0.6184538653366584,1.53,0.4866259918037858,0.0,1.0,0.6184538653366584
2017_18_20171029_BRI_SOU,2017_18,2017-10-29,BRI,SOU,0,0.3869346733668342,2.44,0.1652229000173617,0.0,1.0,0.3869346733668342
2017_18_20171029_LEI_EVE,2017_18,2017-10-29,LEI,EVE,0,0.4894736842105264,1.94,0.5783596825087155,0.0,1.0,0.4894736842105264
2017_18_20171030_BUR_NEW,2017_18,2017-10-30,BUR,NEW,0,0.4102564102564102,2.3,0.1404616314263111,0.0,1.0,0.4102564102564102
2017_18_20171104_HUD_WBA,2017_18,2017-11-04,HUD,WBA,0,0.3436754176610979,2.75,0.2032807956980777,0.0,1.0,0.3436754176610979
2017_18_20171104_NEW_BOU,2017_18,2017-11-04,NEW,BOU,0,0.4724409448818897,2.01,0.2051086598987774,0.0,1.0,0.4724409448818897
2017_18_20171104_SOU_BUR,2017_18,2017-11-04,SOU,BUR,0,0.4168797953964194,2.28,0.1459903026066161,0.0,1.0,0.4168797953964194
2017_18_20171104_STK_LEI,2017_18,2017-11-04,STK,LEI,1,0.4750656167979003,2.0,0.6463318783247843,0.0,1.0,0.4750656167979003
2017_18_20171104_SWA_BRI,2017_18,2017-11-04,SWA,BRI,0,0.3919597989949749,2.42,0.2107320273806229,0.0,1.0,0.3919597989949749
2017_18_20171104_WHU_LIV,2017_18,2017-11-04,WHU,LIV,1,0.5831202046035805,1.63,0.6774652421929821,0.0,1.0,0.5831202046035805
2017_18_20171105_CHE_MUN,2017_18,2017-11-05,CHE,MUN,0,0.4153846153846153,2.28,0.3723986810579591,0.0,1.0,0.4153846153846153
2017_18_20171105_EVE_WAT,2017_18,2017-11-05,EVE,WAT,1,0.4712041884816754,2.02,0.6520620485454731,0.0,1.0,0.4712041884816754
2017_18_20171105_MCI_ARS,2017_18,2017-11-05,MCI,ARS,1,0.695067264573991,1.36,0.8195568687926429,0.0,1.0,0.695067264573991
2017_18_20171105_TOT_CRY,2017_18,2017-11-05,TOT,CRY,0,0.6414634146341464,1.47,0.7068656640957687,0.0,1.0,0.6414634146341464
2017_18_20171118_ARS_TOT,2017_18,2017-11-18,ARS,TOT,0,0.583547557840617,1.62,0.525521074489279,0.0,1.0,0.583547557840617
2017_18_20171118_BOU_HUD,2017_18,2017-11-18,BOU,HUD,1,0.4389610389610389,2.16,0.1420038314725655,0.0,1.0,0.4389610389610389
2017_18_20171118_BUR_SWA,2017_18,2017-11-18,BUR,SWA,0,0.3703703703703704,2.55,0.1621612650927977,0.0,1.0,0.3703703703703704
2017_18_20171118_CRY_EVE,2017_18,2017-11-18,CRY,EVE,1,0.4352331606217616,2.18,0.2374640134479564,0.0,1.0,0.4352331606217616
2017_18_20171118_LEI_MCI,2017_18,2017-11-18,LEI,MCI,0,0.6666666666666667,1.41,0.7413845726470869,0.0,1.0,0.6666666666666667
2017_18_20171118_LIV_SOU,2017_18,2017-11-18,LIV,SOU,1,0.5758354755784061,1.65,0.435782664937436,0.0,1.0,0.5758354755784061
2017_18_20171118_MUN_NEW,2017_18,2017-11-18,MUN,NEW,1,0.518324607329843,1.84,0.296411140938208,0.0,1.0,0.518324607329843
2017_18_20171118_WBA_CHE,2017_18,2017-11-18,WBA,CHE,1,0.4633507853403141,2.05,0.3614201487275934,0.0,1.0,0.4633507853403141
2017_18_20171119_WAT_WHU,2017_18,2017-11-19,WAT,WHU,0,0.5026315789473684,1.89,0.7858784390394311,0.0,1.0,0.5026315789473684
2017_18_20171120_BRI_STK,2017_18,2017-11-20,BRI,STK,1,0.3964646464646465,2.39,0.4767621405253273,0.0,1.0,0.3964646464646465
2017_18_20171124_WHU_LEI,2017_18,2017-11-24,WHU,LEI,0,0.4803149606299213,1.98,0.5606723182463267,0.0,1.0,0.4803149606299213
2017_18_20171125_CRY_STK,2017_18,2017-11-25,CRY,STK,1,0.468586387434555,2.03,0.418560716910928,0.0,1.0,0.468586387434555
2017_18_20171125_LIV_CHE,2017_18,2017-11-25,LIV,CHE,0,0.5621761658031088,1.69,0.5869854824206442,0.0,1.0,0.5621761658031088
2017_18_20171125_MUN_BRI,2017_18,2017-11-25,MUN,BRI,0,0.5684754521963824,1.67,0.4164181413631266,0.0,1.0,0.5684754521963824
2017_18_20171125_NEW_WAT,2017_18,2017-11-25,NEW,WAT,1,0.4738219895287958,2.01,0.4960121255868639,0.0,1.0,0.4738219895287958
2017_18_20171125_SWA_BOU,2017_18,2017-11-25,SWA,BOU,0,0.4352331606217616,2.18,0.1549992846660508,0.0,1.0,0.4352331606217616
2017_18_20171125_TOT_WBA,2017_18,2017-11-25,TOT,WBA,0,0.5610389610389611,1.69,0.5235510880694569,0.0,1.0,0.5610389610389611
2017_18_20171126_BUR_ARS,2017_18,2017-11-26,BUR,ARS,0,0.5520833333333334,1.72,0.3153532063860774,0.0,1.0,0.5520833333333334
2017_18_20171126_HUD_MCI,2017_18,2017-11-26,HUD,MCI,1,0.6447688564476886,1.46,0.694323106188752,0.0,1.0,0.6447688564476886
2017_18_20171126_SOU_EVE,2017_18,2017-11-26,SOU,EVE,1,0.4215938303341903,2.25,0.3539136867721397,0.0,1.0,0.4215938303341903
2017_18_20171128_BRI_CRY,2017_18,2017-11-28,BRI,CRY,0,0.3884711779448621,2.44,0.3435823508964173,0.0,1.0,0.3884711779448621
2017_18_20171128_LEI_TOT,2017_18,2017-11-28,LEI,TOT,1,0.5366492146596858,1.77,0.4798990762281162,0.0,1.0,0.5366492146596858
2017_18_20171128_WAT_MUN,2017_18,2017-11-28,WAT,MUN,1,0.5261780104712042,1.81,0.5651339554376302,0.0,1.0,0.5261780104712042
2017_18_20171128_WBA_NEW,2017_18,2017-11-28,WBA,NEW,1,0.3929471032745592,2.41,0.2443114629075414,0.0,1.0,0.3929471032745592
2017_18_20171129_ARS_HUD,2017_18,2017-11-29,ARS,HUD,1,0.6320987654320989,1.49,0.5008576934305189,0.0,1.0,0.6320987654320989
2017_18_20171129_BOU_BUR,2017_18,2017-11-29,BOU,BUR,1,0.4326424870466321,2.19,0.1141188902469941,0.0,1.0,0.4326424870466321
2017_18_20171129_CHE_SWA,2017_18,2017-11-29,CHE,SWA,0,0.6155778894472362,1.53,0.3583794107583622,0.0,1.0,0.6155778894472362
2017_18_20171129_EVE_WHU,2017_18,2017-11-29,EVE,WHU,1,0.4698162729658792,2.02,0.5760746031014158,0.0,1.0,0.4698162729658792
2017_18_20171129_MCI_SOU,2017_18,2017-11-29,MCI,SOU,1,0.6705607476635514,1.41,0.7204870111811135,0.0,1.0,0.6705607476635514
2017_18_20171129_STK_LIV,2017_18,2017-11-29,STK,LIV,1,0.6025316455696202,1.57,0.736411415646265,0.0,1.0,0.6025316455696202
2017_18_20171202_ARS_MUN,2017_18,2017-12-02,ARS,MUN,1,0.4947643979057591,1.93,0.4014941396376568,0.0,1.0,0.4947643979057591
2017_18_20171202_BRI_LIV,2017_18,2017-12-02,BRI,LIV,1,0.5366492146596858,1.77,0.3581780130587685,0.0,1.0,0.5366492146596858
2017_18_20171202_CHE_NEW,2017_18,2017-12-02,CHE,NEW,1,0.5903307888040712,1.61,0.4045950389698393,0.0,1.0,0.5903307888040712
2017_18_20171202_EVE_HUD,2017_18,2017-12-02,EVE,HUD,0,0.4673629242819843,2.04,0.4097288642348309,0.0,1.0,0.4673629242819843
2017_18_20171202_LEI_BUR,2017_18,2017-12-02,LEI,BUR,0,0.4404145077720207,2.16,0.2350589254116741,0.0,1.0,0.4404145077720207
2017_18_20171202_STK_SWA,2017_18,2017-12-02,STK,SWA,1,0.4341085271317829,2.19,0.2474686756052138,0.0,1.0,0.4341085271317829
2017_18_20171202_WAT_TOT,2017_18,2017-12-02,WAT,TOT,0,0.5633074935400517,1.69,0.5901998525975827,0.0,1.0,0.5633074935400517
2017_18_20171202_WBA_CRY,2017_18,2017-12-02,WBA,CRY,0,0.3964646464646465,2.39,0.2413032405152733,0.0,1.0,0.3964646464646465
2017_18_20171203_BOU_SOU,2017_18,2017-12-03,BOU,SOU,0,0.4389610389610389,2.16,0.2065548585334576,0.0,1.0,0.4389610389610389
2017_18_20171203_MCI_WHU,2017_18,2017-12-03,MCI,WHU,1,0.7578125,1.24,0.9262780406848528,0.0,1.0,0.7578125
2017_18_20171209_BUR_WAT,2017_18,2017-12-09,BUR,WAT,0,0.4194373401534527,2.27,0.3870535548136344,0.0,1.0,0.4194373401534527
2017_18_20171209_CRY_BOU,2017_18,2017-12-09,CRY,BOU,1,0.4569190600522194,2.08,0.1678160628726717,0.0,1.0,0.4569190600522194
2017_18_20171209_HUD_BRI,2017_18,2017-12-09,HUD,BRI,0,0.339667458432304,2.78,0.2227077253293712,0.0,1.0,0.339667458432304
2017_18_20171209_NEW_LEI,2017_18,2017-12-09,NEW,LEI,1,0.4764397905759163,2.0,0.4064230534189128,0.0,1.0,0.4764397905759163
2017_18_20171209_SWA_WBA,2017_18,2017-12-09,SWA,WBA,0,0.3600973236009733,2.63,0.1283484444669954,0.0,1.0,0.3600973236009733
2017_18_20171209_TOT_STK,2017_18,2017-12-09,TOT,STK,1,0.6271604938271605,1.51,0.647487961561148,0.0,1.0,0.6271604938271605
2017_18_20171209_WHU_CHE,2017_18,2017-12-09,WHU,CHE,0,0.5287958115183247,1.8,0.5922682955006595,0.0,1.0,0.5287958115183247
2017_18_20171210_LIV_EVE,2017_18,2017-12-10,LIV,EVE,0,0.6390243902439025,1.48,0.8326979353604189,0.0,1.0,0.6390243902439025
2017_18_20171210_MUN_MCI,2017_18,2017-12-10,MUN,MCI,1,0.5196850393700787,1.83,0.426971019212413,0.0,1.0,0.5196850393700787
2017_18_20171210_SOU_ARS,2017_18,2017-12-10,SOU,ARS,0,0.5287958115183247,1.8,0.4356457772135145,0.0,1.0,0.5287958115183247
2017_18_20171212_BUR_STK,2017_18,2017-12-12,BUR,STK,0,0.398989898989899,2.38,0.4248066544727644,0.0,1.0,0.398989898989899
2017_18_20171212_CRY_WAT,2017_18,2017-12-12,CRY,WAT,1,0.518324607329843,1.84,0.4905645647831141,0.0,1.0,0.518324607329843
2017_18_20171212_HUD_CHE,2017_18,2017-12-12,HUD,CHE,1,0.4908616187989557,1.95,0.3908948549938222,0.0,1.0,0.4908616187989557
2017_18_20171213_LIV_WBA,2017_18,2017-12-13,LIV,WBA,0,0.6246913580246914,1.52,0.6271595152385554,0.0,1.0,0.6246913580246914
2017_18_20171213_MUN_BOU,2017_18,2017-12-13,MUN,BOU,0,0.5820512820512821,1.63,0.5069501852061581,0.0,1.0,0.5820512820512821
2017_18_20171213_NEW_EVE,2017_18,2017-12-13,NEW,EVE,0,0.4505208333333333,2.11,0.5624517946200338,0.0,1.0,0.4505208333333333
2017_18_20171213_SOU_LEI,2017_18,2017-12-13,SOU,LEI,1,0.4673629242819843,2.04,0.4274501882390673,0.0,1.0,0.4673629242819843
2017_18_20171213_SWA_MCI,2017_18,2017-12-13,SWA,MCI,1,0.6356968215158926,1.49,0.4925530913348845,0.0,1.0,0.6356968215158926
2017_18_20171213_TOT_BRI,2017_18,2017-12-13,TOT,BRI,0,0.5856777493606138,1.62,0.4318382049587526,0.0,1.0,0.5856777493606138
2017_18_20171213_WHU_ARS,2017_18,2017-12-13,WHU,ARS,0,0.5710594315245477,1.66,0.6546617883413137,0.0,1.0,0.5710594315245477
2017_18_20171216_ARS_NEW,2017_18,2017-12-16,ARS,NEW,0,0.6498800959232613,1.46,0.5979540621482818,0.0,1.0,0.6498800959232613
2017_18_20171216_BRI_BUR,2017_18,2017-12-16,BRI,BUR,0,0.3396226415094339,2.8,0.1849052040501935,0.0,1.0,0.3396226415094339
2017_18_20171216_CHE_SOU,2017_18,2017-12-16,CHE,SOU,0,0.5532467532467532,1.72,0.5458321488873001,0.0,1.0,0.5532467532467532
2017_18_20171216_LEI_CRY,2017_18,2017-12-16,LEI,CRY,1,0.4986945169712793,1.92,0.5885841668371589,0.0,1.0,0.4986945169712793
2017_18_20171216_MCI_TOT,2017_18,2017-12-16,MCI,TOT,1,0.6169154228855721,1.54,0.6087627133764875,0.0,1.0,0.6169154228855721
2017_18_20171216_STK_WHU,2017_18,2017-12-16,STK,WHU,1,0.4569190600522194,2.08,0.5829806243320418,0.0,1.0,0.4569190600522194
2017_18_20171216_WAT_HUD,2017_18,2017-12-16,WAT,HUD,1,0.4699738903394256,2.03,0.6038150902695009,0.0,1.0,0.4699738903394256
2017_18_20171217_BOU_LIV,2017_18,2017-12-17,BOU,LIV,1,0.6055276381909548,1.57,0.4966723718208072,0.0,1.0,0.6055276381909548
2017_18_20171217_WBA_MUN,2017_18,2017-12-17,WBA,MUN,1,0.4595300261096606,2.07,0.4748118920648722,0.0,1.0,0.4595300261096606
2017_18_20171218_EVE_SWA,2017_18,2017-12-18,EVE,SWA,1,0.4215938303341903,2.25,0.3078457549994732,0.0,1.0,0.4215938303341903
2017_18_20171222_ARS_LIV,2017_18,2017-12-22,ARS,LIV,1,0.6314496314496314,1.5,0.6075188884251851,0.0,1.0,0.6314496314496314
2017_18_20171223_BRI_WAT,2017_18,2017-12-23,BRI,WAT,0,0.4267352185089973,2.23,0.4312030261748893,0.0,1.0,0.4267352185089973
2017_18_20171223_BUR_TOT,2017_18,2017-12-23,BUR,TOT,1,0.468586387434555,2.03,0.1881902717806531,0.0,1.0,0.468586387434555
2017_18_20171223_EVE_CHE,2017_18,2017-12-23,EVE,CHE,0,0.4647519582245431,2.05,0.5743857728966908,0.0,1.0,0.4647519582245431
2017_18_20171223_LEI_MUN,2017_18,2017-12-23,LEI,MUN,1,0.4947643979057591,1.93,0.6198965154509626,0.0,1.0,0.4947643979057591
2017_18_20171223_MCI_BOU,2017_18,2017-12-23,MCI,BOU,1,0.7679245283018867,1.23,0.6612212757160739,0.0,1.0,0.7679245283018867
2017_18_20171223_SOU_HUD,2017_18,2017-12-23,SOU,HUD,0,0.4595300261096606,2.07,0.3381937149329053,0.0,1.0,0.4595300261096606
2017_18_20171223_STK_WBA,2017_18,2017-12-23,STK,WBA,1,0.4060913705583756,2.34,0.3724742783606364,0.0,1.0,0.4060913705583756
2017_18_20171223_SWA_CRY,2017_18,2017-12-23,SWA,CRY,0,0.3999999999999999,2.37,0.1927433799461779,0.0,1.0,0.3999999999999999
2017_18_20171223_WHU_NEW,2017_18,2017-12-23,WHU,NEW,1,0.4430051813471503,2.15,0.3669626603751281,0.0,1.0,0.4430051813471503
2017_18_20171226_BOU_WHU,2017_18,2017-12-26,BOU,WHU,1,0.451948051948052,2.11,0.3556410812266637,0.0,1.0,0.451948051948052
2017_18_20171226_CHE_BRI,2017_18,2017-12-26,CHE,BRI,0,0.5721649484536083,1.66,0.2657986638084804,0.0,1.0,0.5721649484536083
2017_18_20171226_HUD_STK,2017_18,2017-12-26,HUD,STK,0,0.413265306122449,2.3,0.5016861181979757,0.0,1.0,0.413265306122449
2017_18_20171226_LIV_SWA,2017_18,2017-12-26,LIV,SWA,1,0.6759259259259259,1.4,0.4904969168008926,0.0,1.0,0.6759259259259259
2017_18_20171226_MUN_BUR,2017_18,2017-12-26,MUN,BUR,1,0.5442708333333333,1.75,0.2286884288215643,0.0,1.0,0.5442708333333333
2017_18_20171226_TOT_SOU,2017_18,2017-12-26,TOT,SOU,1,0.5633074935400517,1.69,0.4070750597480158,0.0,1.0,0.5633074935400517
2017_18_20171226_WAT_LEI,2017_18,2017-12-26,WAT,LEI,1,0.5416666666666667,1.76,0.6387964311451199,0.0,1.0,0.5416666666666667
2017_18_20171226_WBA_EVE,2017_18,2017-12-26,WBA,EVE,0,0.3821339950372208,2.49,0.2897576195206487,0.0,1.0,0.3821339950372208
2017_18_20171227_NEW_MCI,2017_18,2017-12-27,NEW,MCI,0,0.6571428571428571,1.44,0.6598065198554025,0.0,1.0,0.6571428571428571
2017_18_20171228_CRY_ARS,2017_18,2017-12-28,CRY,ARS,1,0.5856777493606138,1.62,0.4290497613983206,0.0,1.0,0.5856777493606138
2017_18_20171230_BOU_EVE,2017_18,2017-12-30,BOU,EVE,1,0.4505208333333333,2.11,0.3566192113901527,0.0,1.0,0.4505208333333333
2017_18_20171230_CHE_STK,2017_18,2017-12-30,CHE,STK,1,0.6564705882352941,1.46,0.5902299663313475,0.0,1.0,0.6564705882352941
2017_18_20171230_HUD_BUR,2017_18,2017-12-30,HUD,BUR,0,0.3477218225419664,2.72,0.1754207650278348,0.0,1.0,0.3477218225419664
2017_18_20171230_LIV_LEI,2017_18,2017-12-30,LIV,LEI,1,0.676674364896074,1.4,0.7340032994730393,0.0,1.0,0.676674364896074
2017_18_20171230_MUN_SOU,2017_18,2017-12-30,MUN,SOU,0,0.5442708333333333,1.75,0.5928560792808054,0.0,1.0,0.5442708333333333
2017_18_20171230_NEW_BRI,2017_18,2017-12-30,NEW,BRI,0,0.3875,2.45,0.232666955144241,0.0,1.0,0.3875
2017_18_20171230_WAT_SWA,2017_18,2017-12-30,WAT,SWA,1,0.4621409921671018,2.06,0.4808753102817619,0.0,1.0,0.4621409921671018
2017_18_20171231_CRY_MCI,2017_18,2017-12-31,CRY,MCI,0,0.6721311475409837,1.4,0.6847348422073873,0.0,1.0,0.6721311475409837
2017_18_20171231_WBA_ARS,2017_18,2017-12-31,WBA,ARS,0,0.5235602094240838,1.82,0.4100717965231644,0.0,1.0,0.5235602094240838
2017_18_20180101_BRI_BOU,2017_18,2018-01-01,BRI,BOU,1,0.3865336658354114,2.46,0.2282272779714673,0.0,1.0,0.3865336658354114
2017_18_20180101_BUR_LIV,2017_18,2018-01-01,BUR,LIV,1,0.5287958115183247,1.8,0.3291108593528141,0.0,1.0,0.5287958115183247
2017_18_20180101_EVE_MUN,2017_18,2018-01-01,EVE,MUN,0,0.4158163265306122,2.29,0.5084699269956355,0.0,1.0,0.4158163265306122
2017_18_20180101_LEI_HUD,2017_18,2018-01-01,LEI,HUD,1,0.4764397905759163,2.0,0.5162495505372793,0.0,1.0,0.4764397905759163
2017_18_20180101_STK_NEW,2017_18,2018-01-01,STK,NEW,0,0.4609375,2.07,0.4934899144668531,0.0,1.0,0.4609375
2017_18_20180102_MCI_WAT,2017_18,2018-01-02,MCI,WAT,1,0.7121212121212122,1.33,0.8610738866925747,0.0,1.0,0.7121212121212122
2017_18_20180102_SOU_CRY,2017_18,2018-01-02,SOU,CRY,1,0.4712041884816754,2.02,0.3177876767832048,0.0,1.0,0.4712041884816754
2017_18_20180102_SWA_TOT,2017_18,2018-01-02,SWA,TOT,0,0.5430809399477807,1.75,0.4789515772096462,0.0,1.0,0.5430809399477807
2017_18_20180102_WHU_WBA,2017_18,2018-01-02,WHU,WBA,1,0.4025316455696203,2.36,0.3464280086444944,0.0,1.0,0.4025316455696203
2017_18_20180103_ARS_CHE,2017_18,2018-01-03,ARS,CHE,1,0.5758354755784061,1.65,0.4492935636126028,0.0,1.0,0.5758354755784061
2017_18_20180104_TOT_WHU,2017_18,2018-01-04,TOT,WHU,0,0.6105527638190955,1.55,0.6983784281556557,0.0,1.0,0.6105527638190955
2017_18_20180113_CHE_LEI,2017_18,2018-01-13,CHE,LEI,0,0.6115288220551378,1.55,0.5569899464495971,0.0,1.0,0.6115288220551378
2017_18_20180113_CRY_BUR,2017_18,2018-01-13,CRY,BUR,0,0.4005037783375315,2.38,0.2072122589755435,0.0,1.0,0.4005037783375315
2017_18_20180113_HUD_WHU,2017_18,2018-01-13,HUD,WHU,1,0.3830845771144278,2.48,0.4637398607160182,0.0,1.0,0.3830845771144278
2017_18_20180113_NEW_SWA,2017_18,2018-01-13,NEW,SWA,0,0.4050632911392405,2.35,0.2520348969087616,0.0,1.0,0.4050632911392405
2017_18_20180113_TOT_EVE,2017_18,2018-01-13,TOT,EVE,1,0.5607235142118864,1.7,0.6000970357771579,0.0,1.0,0.5607235142118864
2017_18_20180113_WAT_SOU,2017_18,2018-01-13,WAT,SOU,1,0.4921465968586388,1.94,0.5556833973109507,0.0,1.0,0.4921465968586388
2017_18_20180113_WBA_BRI,2017_18,2018-01-13,WBA,BRI,0,0.3248259860788863,2.91,0.1649135908175136,0.0,1.0,0.3248259860788863
2017_18_20180114_BOU_ARS,2017_18,2018-01-14,BOU,ARS,1,0.6271604938271605,1.51,0.5620489115376137,0.0,1.0,0.6271604938271605
2017_18_20180114_LIV_MCI,2017_18,2018-01-14,LIV,MCI,1,0.6228287841191067,1.52,0.6051308410140556,0.0,1.0,0.6228287841191067
2017_18_20180115_MUN_STK,2017_18,2018-01-15,MUN,STK,1,0.6305418719211823,1.5,0.7450511941350912,0.0,1.0,0.6305418719211823
2017_18_20180120_ARS_CRY,2017_18,2018-01-20,ARS,CRY,1,0.5974683544303797,1.59,0.51345454717617,0.0,1.0,0.5974683544303797
2017_18_20180120_BRI_CHE,2017_18,2018-01-20,BRI,CHE,1,0.4341085271317829,2.19,0.2576477509347321,0.0,1.0,0.4341085271317829
2017_18_20180120_BUR_MUN,2017_18,2018-01-20,BUR,MUN,0,0.4366925064599483,2.18,0.1967320842543314,0.0,1.0,0.4366925064599483
2017_18_20180120_EVE_WBA,2017_18,2018-01-20,EVE,WBA,0,0.3762376237623762,2.52,0.2812968221002441,0.0,1.0,0.3762376237623762
2017_18_20180120_LEI_WAT,2017_18,2018-01-20,LEI,WAT,0,0.5468749999999999,1.74,0.6660200065908828,0.0,1.0,0.5468749999999999
2017_18_20180120_MCI_NEW,2017_18,2018-01-20,MCI,NEW,1,0.7291666666666667,1.3,0.6920561382560599,0.0,1.0,0.7291666666666667
2017_18_20180120_STK_HUD,2017_18,2018-01-20,STK,HUD,0,0.4304123711340206,2.21,0.4431397684085456,0.0,1.0,0.4304123711340206
2017_18_20180120_WHU_BOU,2017_18,2018-01-20,WHU,BOU,0,0.5104712041884817,1.87,0.5343200663710095,0.0,1.0,0.5104712041884817
2017_18_20180121_SOU_TOT,2017_18,2018-01-21,SOU,TOT,0,0.5274151436031332,1.81,0.4963148225755796,0.0,1.0,0.5274151436031332
2017_18_20180122_SWA_LIV,2017_18,2018-01-22,SWA,LIV,0,0.5710594315245477,1.66,0.5875415182109482,0.0,1.0,0.5710594315245477
2017_18_20180130_HUD_LIV,2017_18,2018-01-30,HUD,LIV,1,0.5670103092783505,1.68,0.6368369984382372,0.0,1.0,0.5670103092783505
2017_18_20180130_SWA_ARS,2017_18,2018-01-30,SWA,ARS,1,0.5416666666666667,1.76,0.4397573244680245,0.0,1.0,0.5416666666666667
2017_18_20180130_WHU_CRY,2017_18,2018-01-30,WHU,CRY,0,0.4441558441558441,2.14,0.4949949324473994,0.0,1.0,0.4441558441558441
2017_18_20180131_CHE_BOU,2017_18,2018-01-31,CHE,BOU,1,0.6246913580246914,1.52,0.5542982663203259,0.0,1.0,0.6246913580246914
2017_18_20180131_EVE_LEI,2017_18,2018-01-31,EVE,LEI,1,0.4278350515463917,2.22,0.4995281888677159,0.0,1.0,0.4278350515463917
2017_18_20180131_MCI_WBA,2017_18,2018-01-31,MCI,WBA,1,0.6563245823389022,1.44,0.6512002686852901,0.0,1.0,0.6563245823389022
2017_18_20180131_NEW_BUR,2017_18,2018-01-31,NEW,BUR,0,0.3676470588235294,2.58,0.1652230898438298,0.0,1.0,0.3676470588235294
2017_18_20180131_SOU_BRI,2017_18,2018-01-31,SOU,BRI,0,0.4025316455696203,2.36,0.2747626066649986,0.0,1.0,0.4025316455696203
2017_18_20180131_STK_WAT,2017_18,2018-01-31,STK,WAT,0,0.518324607329843,1.84,0.6638843932580841,0.0,1.0,0.518324607329843
2017_18_20180131_TOT_MUN,2017_18,2018-01-31,TOT,MUN,0,0.4973821989528796,1.92,0.4098661760419425,0.0,1.0,0.4973821989528796
2017_18_20180203_ARS_EVE,2017_18,2018-02-03,ARS,EVE,1,0.6045340050377834,1.57,0.669777249734902,0.0,1.0,0.6045340050377834
2017_18_20180203_BOU_STK,2017_18,2018-02-03,BOU,STK,1,0.5209424083769634,1.83,0.5594941823654387,0.0,1.0,0.5209424083769634
2017_18_20180203_BRI_WHU,2017_18,2018-02-03,BRI,WHU,1,0.3710073710073709,2.56,0.3735749592043506,0.0,1.0,0.3710073710073709
2017_18_20180203_BUR_MCI,2017_18,2018-02-03,BUR,MCI,0,0.5670103092783505,1.68,0.3337612040496698,0.0,1.0,0.5670103092783505
2017_18_20180203_LEI_SWA,2017_18,2018-02-03,LEI,SWA,0,0.4569190600522194,2.08,0.4836717732571429,0.0,1.0,0.4569190600522194
2017_18_20180203_MUN_HUD,2017_18,2018-02-03,MUN,HUD,0,0.6035353535353536,1.57,0.6665086887375081,0.0,1.0,0.6035353535353536
2017_18_20180203_WBA_SOU,2017_18,2018-02-03,WBA,SOU,1,0.4071246819338422,2.33,0.2825299253301212,0.0,1.0,0.4071246819338422
2017_18_20180204_CRY_NEW,2017_18,2018-02-04,CRY,NEW,0,0.4441558441558441,2.14,0.3350255272295338,0.0,1.0,0.4441558441558441
2017_18_20180204_LIV_TOT,2017_18,2018-02-04,LIV,TOT,1,0.5974683544303797,1.59,0.5955206114176728,0.0,1.0,0.5974683544303797
2017_18_20180205_WAT_CHE,2017_18,2018-02-05,WAT,CHE,1,0.5144356955380577,1.85,0.5723162224713201,0.0,1.0,0.5144356955380577
2017_18_20180210_EVE_CRY,2017_18,2018-02-10,EVE,CRY,1,0.423076923076923,2.25,0.3984376036894139,0.0,1.0,0.423076923076923
2017_18_20180210_MCI_LEI,2017_18,2018-02-10,MCI,LEI,1,0.6842105263157895,1.38,0.7295735572506921,0.0,1.0,0.6842105263157895
2017_18_20180210_STK_BRI,2017_18,2018-02-10,STK,BRI,0,0.4035532994923858,2.35,0.3256674850025165,0.0,1.0,0.4035532994923858
2017_18_20180210_SWA_BUR,2017_18,2018-02-10,SWA,BUR,0,0.3428571428571429,2.76,0.1386011120737083,0.0,1.0,0.3428571428571429
2017_18_20180210_TOT_ARS,2017_18,2018-02-10,TOT,ARS,0,0.6314496314496314,1.5,0.6494133150141184,0.0,1.0,0.6314496314496314
2017_18_20180210_WHU_WAT,2017_18,2018-02-10,WHU,WAT,0,0.4816753926701571,1.98,0.7063017440512824,0.0,1.0,0.4816753926701571
2017_18_20180211_HUD_BOU,2017_18,2018-02-11,HUD,BOU,1,0.4179487179487179,2.27,0.3874356223176605,0.0,1.0,0.4179487179487179
2017_18_20180211_NEW_MUN,2017_18,2018-02-11,NEW,MUN,0,0.4750656167979003,2.0,0.3378349977409907,0.0,1.0,0.4750656167979003
2017_18_20180211_SOU_LIV,2017_18,2018-02-11,SOU,LIV,0,0.5633074935400517,1.69,0.6437780346456775,0.0,1.0,0.5633074935400517
2017_18_20180212_CHE_WBA,2017_18,2018-02-12,CHE,WBA,1,0.5483028720626633,1.73,0.5937286894309796,0.0,1.0,0.5483028720626633
2017_18_20180224_BOU_NEW,2017_18,2018-02-24,BOU,NEW,1,0.4855643044619423,1.96,0.4436545765453883,0.0,1.0,0.4855643044619423
2017_18_20180224_BRI_SWA,2017_18,2018-02-24,BRI,SWA,1,0.3676470588235294,2.58,0.2345462150364643,0.0,1.0,0.3676470588235294
2017_18_20180224_BUR_SOU,2017_18,2018-02-24,BUR,SOU,0,0.3719211822660098,2.55,0.2572151455345537,0.0,1.0,0.3719211822660098
2017_18_20180224_LEI_STK,2017_18,2018-02-24,LEI,STK,0,0.5052356020942408,1.89,0.6824773664131849,0.0,1.0,0.5052356020942408
2017_18_20180224_LIV_WHU,2017_18,2018-02-24,LIV,WHU,1,0.6611374407582938,1.43,0.836308582406448,0.0,1.0,0.6611374407582938
2017_18_20180224_WAT_EVE,2017_18,2018-02-24,WAT,EVE,0,0.4633507853403141,2.05,0.6345894800179104,0.0,1.0,0.4633507853403141
2017_18_20180224_WBA_HUD,2017_18,2018-02-24,WBA,HUD,1,0.380597014925373,2.49,0.322066662542705,0.0,1.0,0.380597014925373
2017_18_20180225_CRY_TOT,2017_18,2018-02-25,CRY,TOT,0,0.5494791666666667,1.73,0.4420417311898539,0.0,1.0,0.5494791666666667
2017_18_20180225_MUN_CHE,2017_18,2018-02-25,MUN,CHE,1,0.4543080939947781,2.09,0.3798937846345875,0.0,1.0,0.4543080939947781
2017_18_20180301_ARS_MCI,2017_18,2018-03-01,ARS,MCI,1,0.6356968215158926,1.49,0.6616735147359631,0.0,1.0,0.6356968215158926
2017_18_20180303_BUR_EVE,2017_18,2018-03-03,BUR,EVE,1,0.3658536585365854,2.6,0.2552309971372953,0.0,1.0,0.3658536585365854
2017_18_20180303_LEI_BOU,2017_18,2018-03-03,LEI,BOU,0,0.5416666666666667,1.76,0.607846159841361,0.0,1.0,0.5416666666666667
2017_18_20180303_LIV_NEW,2017_18,2018-03-03,LIV,NEW,0,0.6697892271662763,1.41,0.7043785316179125,0.0,1.0,0.6697892271662763
2017_18_20180303_SOU_STK,2017_18,2018-03-03,SOU,STK,0,0.4764397905759163,2.0,0.5256057305727294,0.0,1.0,0.4764397905759163
2017_18_20180303_SWA_WHU,2017_18,2018-03-03,SWA,WHU,1,0.4183673469387755,2.28,0.4520477493508044,0.0,1.0,0.4183673469387755
2017_18_20180303_TOT_HUD,2017_18,2018-03-03,TOT,HUD,0,0.6055276381909548,1.57,0.7147877794238271,0.0,1.0,0.6055276381909548
2017_18_20180303_WAT_WBA,2017_18,2018-03-03,WAT,WBA,0,0.4366925064599483,2.18,0.5440152581141056,0.0,1.0,0.4366925064599483
2017_18_20180304_BRI_ARS,2017_18,2018-03-04,BRI,ARS,1,0.5340314136125655,1.78,0.4996841375454196,0.0,1.0,0.5340314136125655
2017_18_20180304_MCI_CHE,2017_18,2018-03-04,MCI,CHE,0,0.5644329896907216,1.69,0.6693457746607558,0.0,1.0,0.5644329896907216
2017_18_20180305_CRY_MUN,2017_18,2018-03-05,CRY,MUN,1,0.4776902887139108,1.99,0.4012456290446071,0.0,1.0,0.4776902887139108
2017_18_20180310_CHE_CRY,2017_18,2018-03-10,CHE,CRY,1,0.5618556701030928,1.7,0.6524821145984223,0.0,1.0,0.5618556701030928
2017_18_20180310_EVE_BRI,2017_18,2018-03-10,EVE,BRI,0,0.4096692111959288,2.32,0.4130158070127652,0.0,1.0,0.4096692111959288
2017_18_20180310_HUD_SWA,2017_18,2018-03-10,HUD,SWA,0,0.3777777777777777,2.52,0.379980581776529,0.0,1.0,0.3777777777777777
2017_18_20180310_MUN_LIV,2017_18,2018-03-10,MUN,LIV,1,0.5013054830287206,1.91,0.6046907022132598,0.0,1.0,0.5013054830287206
2017_18_20180310_NEW_SOU,2017_18,2018-03-10,NEW,SOU,1,0.4194373401534527,2.27,0.4326988571196519,0.0,1.0,0.4194373401534527
2017_18_20180310_WBA_LEI,2017_18,2018-03-10,WBA,LEI,1,0.4329896907216495,2.2,0.4414237421066325,0.0,1.0,0.4329896907216495
2017_18_20180310_WHU_BUR,2017_18,2018-03-10,WHU,BUR,1,0.3865336658354114,2.46,0.3457362892075718,0.0,1.0,0.3865336658354114
2017_18_20180311_ARS_WAT,2017_18,2018-03-11,ARS,WAT,1,0.6271604938271605,1.51,0.7223022370829582,0.0,1.0,0.6271604938271605
2017_18_20180311_BOU_TOT,2017_18,2018-03-11,BOU,TOT,1,0.5913705583756345,1.61,0.5034754158795325,0.0,1.0,0.5913705583756345
2017_18_20180312_STK_MCI,2017_18,2018-03-12,STK,MCI,0,0.6339066339066339,1.49,0.6749964119279386,0.0,1.0,0.6339066339066339
2017_18_20180317_BOU_WBA,2017_18,2018-03-17,BOU,WBA,1,0.4895287958115184,1.95,0.445781616596953,0.0,1.0,0.4895287958115184
2017_18_20180317_HUD_CRY,2017_18,2018-03-17,HUD,CRY,0,0.4096692111959288,2.32,0.3525333832461081,0.0,1.0,0.4096692111959288
2017_18_20180317_LIV_WAT,2017_18,2018-03-17,LIV,WAT,1,0.6720930232558139,1.41,0.784562462874908,0.0,1.0,0.6720930232558139
2017_18_20180317_STK_EVE,2017_18,2018-03-17,STK,EVE,1,0.4404145077720207,2.16,0.4305058305947395,0.0,1.0,0.4404145077720207
2017_18_20180331_BRI_LEI,2017_18,2018-03-31,BRI,LEI,0,0.4205128205128206,2.26,0.4166862097085267,0.0,1.0,0.4205128205128206
2017_18_20180331_CRY_LIV,2017_18,2018-03-31,CRY,LIV,1,0.6045340050377834,1.57,0.6119086740153674,0.0,1.0,0.6045340050377834
2017_18_20180331_EVE_MCI,2017_18,2018-03-31,EVE,MCI,1,0.5856777493606138,1.62,0.6344086081974347,0.0,1.0,0.5856777493606138
2017_18_20180331_MUN_SWA,2017_18,2018-03-31,MUN,SWA,0,0.5366492146596858,1.77,0.4515785240924503,0.0,1.0,0.5366492146596858
2017_18_20180331_NEW_HUD,2017_18,2018-03-31,NEW,HUD,0,0.4267352185089973,2.23,0.3376744942923818,0.0,1.0,0.4267352185089973
2017_18_20180331_WAT_BOU,2017_18,2018-03-31,WAT,BOU,1,0.5196850393700787,1.83,0.5792428601773874,0.0,1.0,0.5196850393700787
2017_18_20180331_WBA_BUR,2017_18,2018-03-31,WBA,BUR,1,0.3658536585365854,2.6,0.1913756993021185,0.0,1.0,0.3658536585365854
2017_18_20180331_WHU_SOU,2017_18,2018-03-31,WHU,SOU,1,0.4366925064599483,2.18,0.489454418000618,0.0,1.0,0.4366925064599483
2017_18_20180401_ARS_STK,2017_18,2018-04-01,ARS,STK,1,0.6390243902439025,1.48,0.6601274902631165,0.0,1.0,0.6390243902439025
2017_18_20180401_CHE_TOT,2017_18,2018-04-01,CHE,TOT,1,0.4724409448818897,2.01,0.3935456711977245,0.0,1.0,0.4724409448818897
2017_18_20180407_BOU_CRY,2017_18,2018-04-07,BOU,CRY,1,0.5196850393700787,1.83,0.4864641087287784,0.0,1.0,0.5196850393700787
2017_18_20180407_BRI_HUD,2017_18,2018-04-07,BRI,HUD,0,0.3969849246231156,2.4,0.2616266647224463,0.0,1.0,0.3969849246231156
2017_18_20180407_EVE_LIV,2017_18,2018-04-07,EVE,LIV,0,0.5170603674540682,1.84,0.6446752403859926,0.0,1.0,0.5170603674540682
2017_18_20180407_LEI_NEW,2017_18,2018-04-07,LEI,NEW,1,0.4659685863874345,2.04,0.4545458901721767,0.0,1.0,0.4659685863874345
2017_18_20180407_MCI_MUN,2017_18,2018-04-07,MCI,MUN,1,0.518324607329843,1.84,0.4568764596053161,0.0,1.0,0.518324607329843
2017_18_20180407_STK_TOT,2017_18,2018-04-07,STK,TOT,1,0.5831202046035805,1.63,0.5616677997345358,0.0,1.0,0.5831202046035805
2017_18_20180407_WAT_BUR,2017_18,2018-04-07,WAT,BUR,1,0.4025316455696203,2.36,0.3033546886524525,0.0,1.0,0.4025316455696203
2017_18_20180407_WBA_SWA,2017_18,2018-04-07,WBA,SWA,0,0.4035532994923858,2.35,0.2459778480955186,0.0,1.0,0.4035532994923858
2017_18_20180408_ARS_SOU,2017_18,2018-04-08,ARS,SOU,1,0.5794871794871795,1.64,0.5577680251286594,0.0,1.0,0.5794871794871795
2017_18_20180408_CHE_WHU,2017_18,2018-04-08,CHE,WHU,0,0.602015113350126,1.58,0.5998643200301395,0.0,1.0,0.602015113350126
2017_18_20180414_BUR_LEI,2017_18,2018-04-14,BUR,LEI,1,0.4035532994923858,2.35,0.2982907750057948,0.0,1.0,0.4035532994923858
2017_18_20180414_CRY_BRI,2017_18,2018-04-14,CRY,BRI,1,0.4168797953964194,2.28,0.3088160928460184,0.0,1.0,0.4168797953964194
2017_18_20180414_HUD_WAT,2017_18,2018-04-14,HUD,WAT,0,0.4205128205128206,2.26,0.3950858631409133,0.0,1.0,0.4205128205128206
2017_18_20180414_LIV_BOU,2017_18,2018-04-14,LIV,BOU,1,0.6863636363636364,1.38,0.7186045928499506,0.0,1.0,0.6863636363636364
2017_18_20180414_SOU_CHE,2017_18,2018-04-14,SOU,CHE,1,0.4764397905759163,2.0,0.4324029874761221,0.0,1.0,0.4764397905759163
2017_18_20180414_SWA_EVE,2017_18,2018-04-14,SWA,EVE,0,0.4060913705583756,2.34,0.3106581034404798,0.0,1.0,0.4060913705583756
2017_18_20180414_TOT_MCI,2017_18,2018-04-14,TOT,MCI,1,0.570694087403599,1.67,0.4739222995919232,0.0,1.0,0.570694087403599
2017_18_20180415_MUN_WBA,2017_18,2018-04-15,MUN,WBA,0,0.5732647814910026,1.66,0.5050819805605447,0.0,1.0,0.5732647814910026
2017_18_20180415_NEW_ARS,2017_18,2018-04-15,NEW,ARS,1,0.5595854922279793,1.7,0.4589987402137435,0.0,1.0,0.5595854922279793
2017_18_20180416_WHU_STK,2017_18,2018-04-16,WHU,STK,0,0.4607329842931937,2.06,0.5256059820918941,0.0,1.0,0.4607329842931937
2017_18_20180417_BRI_TOT,2017_18,2018-04-17,BRI,TOT,0,0.5468749999999999,1.74,0.4463518968531694,0.0,1.0,0.5468749999999999
2017_18_20180418_BOU_MUN,2017_18,2018-04-18,BOU,MUN,0,0.5468749999999999,1.74,0.5314208140254033,0.0,1.0,0.5468749999999999
2017_18_20180419_BUR_CHE,2017_18,2018-04-19,BUR,CHE,1,0.4415584415584415,2.15,0.277239837411704,0.0,1.0,0.4415584415584415
2017_18_20180419_LEI_SOU,2017_18,2018-04-19,LEI,SOU,0,0.4960629921259842,1.92,0.5282757115615305,0.0,1.0,0.4960629921259842
2017_18_20180421_WAT_CRY,2017_18,2018-04-21,WAT,CRY,0,0.4829396325459317,1.97,0.5293818323401609,0.0,1.0,0.4829396325459317
2017_18_20180421_WBA_LIV,2017_18,2018-04-21,WBA,LIV,1,0.5261780104712042,1.81,0.6194280156620136,0.0,1.0,0.5261780104712042
2017_18_20180422_ARS_WHU,2017_18,2018-04-22,ARS,WHU,1,0.6314496314496314,1.5,0.7161286872924074,0.0,1.0,0.6314496314496314
2017_18_20180422_MCI_SWA,2017_18,2018-04-22,MCI,SWA,1,0.6736596736596736,1.4,0.6666725740086081,0.0,1.0,0.6736596736596736
2017_18_20180422_STK_BUR,2017_18,2018-04-22,STK,BUR,0,0.3929471032745592,2.41,0.2863826143853442,0.0,1.0,0.3929471032745592
2017_18_20180423_EVE_NEW,2017_18,2018-04-23,EVE,NEW,0,0.4252577319587629,2.23,0.3730237280803126,0.0,1.0,0.4252577319587629
2017_18_20180428_BUR_BRI,2017_18,2018-04-28,BUR,BRI,0,0.3875,2.45,0.2636707420685195,0.0,1.0,0.3875
2017_18_20180428_CRY_LEI,2017_18,2018-04-28,CRY,LEI,1,0.5157068062827225,1.85,0.5147276257116367,0.0,1.0,0.5157068062827225
2017_18_20180428_HUD_EVE,2017_18,2018-04-28,HUD,EVE,0,0.3762376237623762,2.52,0.3421291083631042,0.0,1.0,0.3762376237623762
2017_18_20180428_LIV_STK,2017_18,2018-04-28,LIV,STK,0,0.6262376237623761,1.51,0.7836739888377248,0.0,1.0,0.6262376237623761
2017_18_20180428_NEW_WBA,2017_18,2018-04-28,NEW,WBA,0,0.4415584415584415,2.15,0.3625194155369108,0.0,1.0,0.4415584415584415
2017_18_20180428_SOU_BOU,2017_18,2018-04-28,SOU,BOU,1,0.5506493506493506,1.73,0.5239508054123596,0.0,1.0,0.5506493506493506
2017_18_20180428_SWA_CHE,2017_18,2018-04-28,SWA,CHE,0,0.4934383202099738,1.93,0.455167178669307,0.0,1.0,0.4934383202099738
2017_18_20180429_MUN_ARS,2017_18,2018-04-29,MUN,ARS,1,0.577319587628866,1.64,0.6283234421570074,0.0,1.0,0.577319587628866
2017_18_20180429_WHU_MCI,2017_18,2018-04-29,WHU,MCI,1,0.6262376237623761,1.51,0.7996819735573201,0.0,1.0,0.6262376237623761
2017_18_20180430_TOT_WAT,2017_18,2018-04-30,TOT,WAT,0,0.660332541567696,1.43,0.6797968197640587,0.0,1.0,0.660332541567696
2017_18_20180504_BRI_MUN,2017_18,2018-05-04,BRI,MUN,0,0.4842931937172774,1.97,0.4125857259572459,0.0,1.0,0.4842931937172774
2017_18_20180505_BOU_SWA,2017_18,2018-05-05,BOU,SWA,0,0.5130890052356021,1.86,0.4534707029571616,0.0,1.0,0.5130890052356021
2017_18_20180505_EVE_SOU,2017_18,2018-05-05,EVE,SOU,0,0.4415584415584415,2.15,0.4929879623279262,0.0,1.0,0.4415584415584415
2017_18_20180505_LEI_WHU,2017_18,2018-05-05,LEI,WHU,0,0.5039370078740157,1.89,0.7180888908387861,0.0,1.0,0.5039370078740157
2017_18_20180505_STK_CRY,2017_18,2018-05-05,STK,CRY,1,0.5013123359580053,1.9,0.4850980477137347,0.0,1.0,0.5013123359580053
2017_18_20180505_WAT_NEW,2017_18,2018-05-05,WAT,NEW,1,0.4581151832460733,2.07,0.4372805395497985,0.0,1.0,0.4581151832460733
2017_18_20180505_WBA_TOT,2017_18,2018-05-05,WBA,TOT,0,0.5584415584415584,1.7,0.5317975042730279,0.0,1.0,0.5584415584415584
2017_18_20180506_ARS_BUR,2017_18,2018-05-06,ARS,BUR,1,0.5572916666666667,1.7,0.4561968143943764,0.0,1.0,0.5572916666666667
2017_18_20180506_CHE_LIV,2017_18,2018-05-06,CHE,LIV,0,0.5546875,1.71,0.5756822643278585,0.0,1.0,0.5546875
2017_18_20180506_MCI_HUD,2017_18,2018-05-06,MCI,HUD,0,0.7155172413793104,1.32,0.859608938105282,0.0,1.0,0.7155172413793104
2017_18_20180508_SWA_SOU,2017_18,2018-05-08,SWA,SOU,0,0.413265306122449,2.3,0.3736835491665435,0.0,1.0,0.413265306122449
2017_18_20180509_CHE_HUD,2017_18,2018-05-09,CHE,HUD,0,0.6090225563909775,1.56,0.598990234022648,0.0,1.0,0.6090225563909775
2017_18_20180509_LEI_ARS,2017_18,2018-05-09,LEI,ARS,1,0.6140350877192983,1.54,0.7338781751121227,0.0,1.0,0.6140350877192983
2017_18_20180509_MCI_BRI,2017_18,2018-05-09,MCI,BRI,1,0.6936936936936937,1.36,0.7784646732986673,0.0,1.0,0.6936936936936937
2017_18_20180509_TOT_NEW,2017_18,2018-05-09,TOT,NEW,0,0.6774941995359629,1.39,0.556700361047098,0.0,1.0,0.6774941995359629
2017_18_20180510_WHU_MUN,2017_18,2018-05-10,WHU,MUN,0,0.5261780104712042,1.81,0.6347488753137774,0.0,1.0,0.5261780104712042
2017_18_20180513_BUR_BOU,2017_18,2018-05-13,BUR,BOU,1,0.5118110236220472,1.86,0.4832919971001037,0.0,1.0,0.5118110236220472
2017_18_20180513_CRY_WBA,2017_18,2018-05-13,CRY,WBA,0,0.5418848167539266,1.75,0.5135932326179504,0.0,1.0,0.5418848167539266
2017_18_20180513_HUD_ARS,2017_18,2018-05-13,HUD,ARS,0,0.6296296296296295,1.5,0.5820395023255085,0.0,1.0,0.6296296296296295
2017_18_20180513_LIV_BRI,2017_18,2018-05-13,LIV,BRI,1,0.6697892271662763,1.41,0.7157992581064565,0.0,1.0,0.6697892271662763
2017_18_20180513_MUN_WAT,2017_18,2018-05-13,MUN,WAT,0,0.606060606060606,1.56,0.7270229944437469,0.0,1.0,0.606060606060606
2017_18_20180513_NEW_CHE,2017_18,2018-05-13,NEW,CHE,1,0.5275590551181102,1.8,0.4586520156863591,0.0,1.0,0.5275590551181102
2017_18_20180513_SOU_MCI,2017_18,2018-05-13,SOU,MCI,0,0.6209476309226933,1.52,0.7294201986001441,0.0,1.0,0.6209476309226933
2017_18_20180513_SWA_STK,2017_18,2018-05-13,SWA,STK,1,0.5392670157068064,1.76,0.4075781392754011,0.0,1.0,0.5392670157068064
2017_18_20180513_TOT_LEI,2017_18,2018-05-13,TOT,LEI,1,0.668235294117647,1.41,0.7473935056526678,0.0,1.0,0.668235294117647
2017_18_20180513_WHU_EVE,2017_18,2018-05-13,WHU,EVE,1,0.5170603674540682,1.84,0.5960102243510207,0.0,1.0,0.5170603674540682
2018_19_20180811_BOU_CAR,2018_19,2018-08-11,BOU,CAR,0,0.4803149606299213,1.98,0.5768099188731565,0.0,1.0,0.4803149606299213
2018_19_20180811_FUL_CRY,2018_19,2018-08-11,FUL,CRY,0,0.4895287958115184,1.95,0.45423223761109,0.0,1.0,0.4895287958115184
2018_19_20180811_HUD_CHE,2018_19,2018-08-11,HUD,CHE,1,0.4816753926701571,1.98,0.4101127713703254,0.0,1.0,0.4816753926701571
2018_19_20180811_NEW_TOT,2018_19,2018-08-11,NEW,TOT,1,0.4738219895287958,2.01,0.4562463561928824,0.0,1.0,0.4738219895287958
2018_19_20180811_WAT_BRI,2018_19,2018-08-11,WAT,BRI,0,0.4035532994923858,2.35,0.4831672215611876,0.0,1.0,0.4035532994923858
2018_19_20180811_WOL_EVE,2018_19,2018-08-11,WOL,EVE,1,0.4557291666666667,2.09,0.4555340541391313,0.0,1.0,0.4557291666666667
2018_19_20180812_ARS_MCI,2018_19,2018-08-12,ARS,MCI,0,0.6095717884130982,1.55,0.5142319074722392,0.0,1.0,0.6095717884130982
2018_19_20180812_LIV_WHU,2018_19,2018-08-12,LIV,WHU,1,0.6538461538461539,1.44,0.4892330746564489,0.0,1.0,0.6538461538461539
2018_19_20180812_SOU_BUR,2018_19,2018-08-12,SOU,BUR,0,0.4060913705583756,2.34,0.5310153944107483,0.0,1.0,0.4060913705583756
2018_19_20180818_CAR_NEW,2018_19,2018-08-18,CAR,NEW,0,0.3815461346633417,2.48,0.4515191279841808,0.0,1.0,0.3815461346633417
2018_19_20180818_CHE_ARS,2018_19,2018-08-18,CHE,ARS,1,0.5636363636363637,1.68,0.3827279997028598,0.0,1.0,0.5636363636363637
2018_19_20180818_EVE_SOU,2018_19,2018-08-18,EVE,SOU,1,0.4415584415584415,2.15,0.4543107602732011,0.0,1.0,0.4415584415584415
2018_19_20180818_LEI_WOL,2018_19,2018-08-18,LEI,WOL,0,0.4671916010498688,2.03,0.4662116782247455,0.0,1.0,0.4671916010498688
2018_19_20180818_TOT_FUL,2018_19,2018-08-18,TOT,FUL,1,0.6271604938271605,1.51,0.4542973931707825,0.0,1.0,0.6271604938271605
2018_19_20180818_WHU_BOU,2018_19,2018-08-18,WHU,BOU,1,0.5340314136125655,1.78,0.4855649985350263,0.0,1.0,0.5340314136125655
2018_19_20180819_BRI_MUN,2018_19,2018-08-19,BRI,MUN,1,0.4205128205128206,2.26,0.4930090468409138,0.0,1.0,0.4205128205128206
2018_19_20180819_BUR_WAT,2018_19,2018-08-19,BUR,WAT,1,0.3651960784313725,2.59,0.5354307018946416,0.0,1.0,0.3651960784313725
2018_19_20180819_MCI_HUD,2018_19,2018-08-19,MCI,HUD,1,0.7155172413793104,1.32,0.5550514415134598,0.0,1.0,0.7155172413793104
2018_19_20180820_CRY_LIV,2018_19,2018-08-20,CRY,LIV,0,0.6105527638190955,1.55,0.6167520394482122,0.0,1.0,0.6105527638190955
2018_19_20180825_ARS_WHU,2018_19,2018-08-25,ARS,WHU,1,0.6546762589928057,1.44,0.6001693932974581,0.0,1.0,0.6546762589928057
2018_19_20180825_BOU_EVE,2018_19,2018-08-25,BOU,EVE,1,0.5520833333333334,1.72,0.6123021746287873,0.0,1.0,0.5520833333333334
2018_19_20180825_HUD_CAR,2018_19,2018-08-25,HUD,CAR,0,0.3676470588235294,2.58,0.6230801864031603,0.0,1.0,0.3676470588235294
2018_19_20180825_LIV_BRI,2018_19,2018-08-25,LIV,BRI,0,0.6690140845070424,1.41,0.5819186577087126,0.0,1.0,0.6690140845070424
2018_19_20180825_SOU_LEI,2018_19,2018-08-25,SOU,LEI,1,0.4179487179487179,2.27,0.5553928006707082,0.0,1.0,0.4179487179487179
2018_19_20180825_WOL_MCI,2018_19,2018-08-25,WOL,MCI,0,0.615,1.54,0.5566153894300503,0.0,1.0,0.615
2018_19_20180826_FUL_BUR,2018_19,2018-08-26,FUL,BUR,1,0.4263565891472868,2.22,0.5450046098825246,0.0,1.0,0.4263565891472868
2018_19_20180826_NEW_CHE,2018_19,2018-08-26,NEW,CHE,1,0.5052631578947367,1.88,0.5833107047853052,0.0,1.0,0.5052631578947367
2018_19_20180826_WAT_CRY,2018_19,2018-08-26,WAT,CRY,1,0.4453125,2.13,0.5829724094938262,0.0,1.0,0.4453125
2018_19_20180827_MUN_TOT,2018_19,2018-08-27,MUN,TOT,1,0.468586387434555,2.03,0.5826586330225865,0.0,1.0,0.468586387434555
2018_19_20180901_BRI_FUL,2018_19,2018-09-01,BRI,FUL,1,0.4947368421052631,1.92,0.582366933742124,0.0,1.0,0.4947368421052631
2018_19_20180901_CHE_BOU,2018_19,2018-09-01,CHE,BOU,0,0.6650943396226415,1.42,0.5929168675344292,0.0,1.0,0.6650943396226415
2018_19_20180901_CRY_SOU,2018_19,2018-09-01,CRY,SOU,0,0.4479166666666666,2.12,0.5815200631594919,0.0,1.0,0.4479166666666666
2018_19_20180901_EVE_HUD,2018_19,2018-09-01,EVE,HUD,0,0.4581151832460733,2.07,0.5706843312051979,0.0,1.0,0.4581151832460733
2018_19_20180901_LEI_LIV,2018_19,2018-09-01,LEI,LIV,1,0.5769230769230769,1.65,0.560380439716394,0.0,1.0,0.5769230769230769
2018_19_20180901_MCI_NEW,2018_19,2018-09-01,MCI,NEW,1,0.6886363636363636,1.37,0.5611406142748157,0.0,1.0,0.6886363636363636
2018_19_20180901_WHU_WOL,2018_19,2018-09-01,WHU,WOL,0,0.513157894736842,1.85,0.5618540243920761,0.0,1.0,0.513157894736842
2018_19_20180902_BUR_MUN,2018_19,2018-09-02,BUR,MUN,0,0.4427083333333333,2.14,0.5419416784575353,0.0,1.0,0.4427083333333333
2018_19_20180902_CAR_ARS,2018_19,2018-09-02,CAR,ARS,1,0.5404699738903395,1.76,0.5331720015101219,0.0,1.0,0.5404699738903395
2018_19_20180902_WAT_TOT,2018_19,2018-09-02,WAT,TOT,1,0.5572916666666667,1.7,0.5553084614644602,0.0,1.0,0.5572916666666667
2018_19_20180915_BOU_LEI,2018_19,2018-09-15,BOU,LEI,1,0.5078534031413613,1.88,0.556237631927898,0.0,1.0,0.5078534031413613
2018_19_20180915_CHE_CAR,2018_19,2018-09-15,CHE,CAR,1,0.6262376237623761,1.51,0.5856079412650044,0.0,1.0,0.6262376237623761
2018_19_20180915_HUD_CRY,2018_19,2018-09-15,HUD,CRY,0,0.4025316455696203,2.36,0.6033693700313303,0.0,1.0,0.4025316455696203
2018_19_20180915_MCI_FUL,2018_19,2018-09-15,MCI,FUL,1,0.7534246575342466,1.26,0.5843542988865675,0.0,1.0,0.7534246575342466
2018_19_20180915_NEW_ARS,2018_19,2018-09-15,NEW,ARS,1,0.5558441558441558,1.71,0.5840493847062191,0.0,1.0,0.5558441558441558
2018_19_20180915_TOT_LIV,2018_19,2018-09-15,TOT,LIV,1,0.5732647814910026,1.66,0.6230805783338823,0.0,1.0,0.5732647814910026
2018_19_20180915_WAT_MUN,2018_19,2018-09-15,WAT,MUN,1,0.4790575916230366,1.99,0.5006671353583164,0.0,1.0,0.4790575916230366
2018_19_20180916_EVE_WHU,2018_19,2018-09-16,EVE,WHU,1,0.5314136125654451,1.79,0.5832227405047842,0.0,1.0,0.5314136125654451
2018_19_20180916_WOL_BUR,2018_19,2018-09-16,WOL,BUR,0,0.4168797953964194,2.28,0.5915837833497981,0.0,1.0,0.4168797953964194
2018_19_20180917_SOU_BRI,2018_19,2018-09-17,SOU,BRI,1,0.4179487179487179,2.27,0.573825296492651,0.0,1.0,0.4179487179487179
2018_19_20180922_BRI_TOT,2018_19,2018-09-22,BRI,TOT,1,0.5287958115183247,1.8,0.4794849514457939,0.0,1.0,0.5287958115183247
2018_19_20180922_BUR_BOU,2018_19,2018-09-22,BUR,BOU,1,0.4712041884816754,2.02,0.6650186624278438,0.0,1.0,0.4712041884816754
2018_19_20180922_CAR_MCI,2018_19,2018-09-22,CAR,MCI,1,0.6506024096385543,1.45,0.7728622543631857,0.0,1.0,0.6506024096385543
2018_19_20180922_CRY_NEW,2018_19,2018-09-22,CRY,NEW,0,0.4505208333333333,2.11,0.360973693884884,0.0,1.0,0.4505208333333333
2018_19_20180922_FUL_WAT,2018_19,2018-09-22,FUL,WAT,0,0.5392670157068064,1.76,0.7141533383714586,0.0,1.0,0.5392670157068064
2018_19_20180922_LEI_HUD,2018_19,2018-09-22,LEI,HUD,1,0.4352331606217616,2.18,0.2054239922889312,0.0,1.0,0.4352331606217616
2018_19_20180922_LIV_SOU,2018_19,2018-09-22,LIV,SOU,1,0.6348039215686274,1.49,0.4261976433379952,0.0,1.0,0.6348039215686274
2018_19_20180922_MUN_WOL,2018_19,2018-09-22,MUN,WOL,0,0.513157894736842,1.85,0.4646628674797848,0.0,1.0,0.513157894736842
2018_19_20180923_ARS_EVE,2018_19,2018-09-23,ARS,EVE,0,0.6563245823389022,1.44,0.8437810016274427,0.0,1.0,0.6563245823389022
2018_19_20180923_WHU_CHE,2018_19,2018-09-23,WHU,CHE,0,0.6,1.58,0.9027639896231812,0.0,1.0,0.6
2018_19_20180929_ARS_WAT,2018_19,2018-09-29,ARS,WAT,0,0.6546762589928057,1.44,0.6303760732354378,0.0,1.0,0.6546762589928057
2018_19_20180929_CHE_LIV,2018_19,2018-09-29,CHE,LIV,0,0.5784061696658098,1.64,0.2131259304722979,0.0,1.0,0.5784061696658098
2018_19_20180929_EVE_FUL,2018_19,2018-09-29,EVE,FUL,1,0.5892857142857143,1.61,0.7340799766790399,0.0,1.0,0.5892857142857143
2018_19_20180929_HUD_TOT,2018_19,2018-09-29,HUD,TOT,0,0.5314136125654451,1.79,0.6939261987440166,0.0,1.0,0.5314136125654451
2018_19_20180929_MCI_BRI,2018_19,2018-09-29,MCI,BRI,0,0.7257383966244725,1.3,0.8905363097723049,0.0,1.0,0.7257383966244725
2018_19_20180929_NEW_LEI,2018_19,2018-09-29,NEW,LEI,0,0.4329896907216495,2.2,0.4696840183173841,0.0,1.0,0.4329896907216495
2018_19_20180929_WHU_MUN,2018_19,2018-09-29,WHU,MUN,1,0.5235602094240838,1.82,0.560957142708006,0.0,1.0,0.5235602094240838
2018_19_20180929_WOL_SOU,2018_19,2018-09-29,WOL,SOU,0,0.4467532467532467,2.13,0.2848108572632688,0.0,1.0,0.4467532467532467
2018_19_20180930_CAR_BUR,2018_19,2018-09-30,CAR,BUR,1,0.3894472361809045,2.43,0.4427542812317722,0.0,1.0,0.3894472361809045
2018_19_20181001_BOU_CRY,2018_19,2018-10-01,BOU,CRY,1,0.5354330708661418,1.77,0.3861012773614117,0.0,1.0,0.5354330708661418
2018_19_20181005_BRI_WHU,2018_19,2018-10-05,BRI,WHU,0,0.4647519582245431,2.05,0.6143853740098834,0.0,1.0,0.4647519582245431
2018_19_20181006_BUR_HUD,2018_19,2018-10-06,BUR,HUD,0,0.3719211822660098,2.55,0.6285285760111604,0.0,1.0,0.3719211822660098
2018_19_20181006_CRY_WOL,2018_19,2018-10-06,CRY,WOL,0,0.4252577319587629,2.23,0.1543971516840024,0.0,1.0,0.4252577319587629
2018_19_20181006_LEI_EVE,2018_19,2018-10-06,LEI,EVE,1,0.5039370078740157,1.89,0.7646792696931962,0.0,1.0,0.5039370078740157
2018_19_20181006_MUN_NEW,2018_19,2018-10-06,MUN,NEW,1,0.5039370078740157,1.89,0.4118211331626376,0.0,1.0,0.5039370078740157
2018_19_20181006_TOT_CAR,2018_19,2018-10-06,TOT,CAR,0,0.6497584541062802,1.45,0.8387384128639463,0.0,1.0,0.6497584541062802
2018_19_20181006_WAT_BOU,2018_19,2018-10-06,WAT,BOU,1,0.5378590078328982,1.77,0.6696652866992271,0.0,1.0,0.5378590078328982
2018_19_20181007_FUL_ARS,2018_19,2018-10-07,FUL,ARS,1,0.6635071090047394,1.42,0.8099256621684652,0.0,1.0,0.6635071090047394
2018_19_20181007_LIV_MCI,2018_19,2018-10-07,LIV,MCI,0,0.5856777493606138,1.62,0.1729035448113411,0.0,1.0,0.5856777493606138
2018_19_20181007_SOU_CHE,2018_19,2018-10-07,SOU,CHE,1,0.5314136125654451,1.79,0.5188953816815179,0.0,1.0,0.5314136125654451
2018_19_20181020_BOU_SOU,2018_19,2018-10-20,BOU,SOU,0,0.5314136125654451,1.79,0.6674070722553089,0.0,1.0,0.5314136125654451
2018_19_20181020_CAR_FUL,2018_19,2018-10-20,CAR,FUL,1,0.5235602094240838,1.82,0.5451348993873222,0.0,1.0,0.5235602094240838
2018_19_20181020_CHE_MUN,2018_19,2018-10-20,CHE,MUN,1,0.5340314136125655,1.78,0.7016534565577619,0.0,1.0,0.5340314136125655
2018_19_20181020_HUD_LIV,2018_19,2018-10-20,HUD,LIV,0,0.5235602094240838,1.82,0.5546240515756966,0.0,1.0,0.5235602094240838
2018_19_20181020_MCI_BUR,2018_19,2018-10-20,MCI,BUR,1,0.7408906882591094,1.28,0.6138484662866175,0.0,1.0,0.7408906882591094
2018_19_20181020_NEW_BRI,2018_19,2018-10-20,NEW,BRI,0,0.3875,2.45,0.3620346476794431,0.0,1.0,0.3875
2018_19_20181020_WHU_TOT,2018_19,2018-10-20,WHU,TOT,0,0.5794871794871795,1.64,0.509601431301353,0.0,1.0,0.5794871794871795
2018_19_20181020_WOL_WAT,2018_19,2018-10-20,WOL,WAT,0,0.4659685863874345,2.04,0.3233846357395713,0.0,1.0,0.4659685863874345
2018_19_20181021_EVE_CRY,2018_19,2018-10-21,EVE,CRY,0,0.4803149606299213,1.98,0.3437677679222224,0.0,1.0,0.4803149606299213
2018_19_20181022_ARS_LEI,2018_19,2018-10-22,ARS,LEI,1,0.6405867970660147,1.47,0.8139610205293354,0.0,1.0,0.6405867970660147
2018_19_20181027_BRI_WOL,2018_19,2018-10-27,BRI,WOL,0,0.398989898989899,2.38,0.2586614748836888,0.0,1.0,0.398989898989899
2018_19_20181027_FUL_BOU,2018_19,2018-10-27,FUL,BOU,1,0.6184538653366584,1.53,0.8573700496929268,0.0,1.0,0.6184538653366584
2018_19_20181027_LEI_WHU,2018_19,2018-10-27,LEI,WHU,0,0.4829396325459317,1.97,0.6100924049149796,0.0,1.0,0.4829396325459317
2018_19_20181027_LIV_CAR,2018_19,2018-10-27,LIV,CAR,1,0.69438202247191,1.36,0.5938272682388074,0.0,1.0,0.69438202247191
2018_19_20181027_SOU_NEW,2018_19,2018-10-27,SOU,NEW,0,0.4107142857142857,2.31,0.2093740334141236,0.0,1.0,0.4107142857142857
2018_19_20181027_WAT_HUD,2018_19,2018-10-27,WAT,HUD,1,0.4366925064599483,2.18,0.5444864400091172,0.0,1.0,0.4366925064599483
2018_19_20181028_BUR_CHE,2018_19,2018-10-28,BUR,CHE,1,0.5301837270341206,1.79,0.6825907187682547,0.0,1.0,0.5301837270341206
2018_19_20181028_CRY_ARS,2018_19,2018-10-28,CRY,ARS,1,0.5928753180661578,1.6,0.5195277983259247,0.0,1.0,0.5928753180661578
2018_19_20181028_MUN_EVE,2018_19,2018-10-28,MUN,EVE,1,0.5261780104712042,1.81,0.7320829120100182,0.0,1.0,0.5261780104712042
2018_19_20181029_TOT_MCI,2018_19,2018-10-29,TOT,MCI,0,0.598984771573604,1.58,0.332068935316355,0.0,1.0,0.598984771573604
2018_19_20181103_ARS_LIV,2018_19,2018-11-03,ARS,LIV,0,0.6222222222222222,1.53,0.4741349707452736,0.0,1.0,0.6222222222222222
2018_19_20181103_BOU_MUN,2018_19,2018-11-03,BOU,MUN,1,0.5558441558441558,1.71,0.7634985373881649,0.0,1.0,0.5558441558441558
2018_19_20181103_CAR_LEI,2018_19,2018-11-03,CAR,LEI,0,0.4531249999999999,2.1,0.7418760890671152,0.0,1.0,0.4531249999999999
2018_19_20181103_EVE_BRI,2018_19,2018-11-03,EVE,BRI,1,0.486910994764398,1.96,0.5119675420973872,0.0,1.0,0.486910994764398
2018_19_20181103_NEW_WAT,2018_19,2018-11-03,NEW,WAT,0,0.4267352185089973,2.23,0.3698198766337061,0.0,1.0,0.4267352185089973
2018_19_20181103_WHU_BUR,2018_19,2018-11-03,WHU,BUR,1,0.4738219895287958,2.01,0.4863356806848354,0.0,1.0,0.4738219895287958
2018_19_20181103_WOL_TOT,2018_19,2018-11-03,WOL,TOT,1,0.4881889763779528,1.95,0.2014537065260346,0.0,1.0,0.4881889763779528
2018_19_20181104_CHE_CRY,2018_19,2018-11-04,CHE,CRY,1,0.6262376237623761,1.51,0.5204220645066457,0.0,1.0,0.6262376237623761
2018_19_20181104_MCI_SOU,2018_19,2018-11-04,MCI,SOU,1,0.7263157894736842,1.3,0.5611817003974205,0.0,1.0,0.7263157894736842
2018_19_20181105_HUD_FUL,2018_19,2018-11-05,HUD,FUL,0,0.4881889763779528,1.95,0.402372073138713,0.0,1.0,0.4881889763779528
2018_19_20181110_CAR_BRI,2018_19,2018-11-10,CAR,BRI,1,0.3875,2.45,0.4060024805775964,0.0,1.0,0.3875
2018_19_20181110_CRY_TOT,2018_19,2018-11-10,CRY,TOT,0,0.5442708333333333,1.75,0.3431569076355528,0.0,1.0,0.5442708333333333
2018_19_20181110_HUD_WHU,2018_19,2018-11-10,HUD,WHU,0,0.4215938303341903,2.25,0.3323966204383656,0.0,1.0,0.4215938303341903
2018_19_20181110_LEI_BUR,2018_19,2018-11-10,LEI,BUR,0,0.5118110236220472,1.86,0.7361324351606588,0.0,1.0,0.5118110236220472
2018_19_20181110_NEW_BOU,2018_19,2018-11-10,NEW,BOU,1,0.4764397905759163,2.0,0.380137768553932,0.0,1.0,0.4764397905759163
2018_19_20181110_SOU_WAT,2018_19,2018-11-10,SOU,WAT,0,0.4621409921671018,2.06,0.3927027340714686,0.0,1.0,0.4621409921671018
2018_19_20181111_ARS_WOL,2018_19,2018-11-11,ARS,WOL,0,0.5846153846153845,1.62,0.5836959114421498,0.0,1.0,0.5846153846153845
2018_19_20181111_CHE_EVE,2018_19,2018-11-11,CHE,EVE,0,0.6105527638190955,1.55,0.7087772983712756,0.0,1.0,0.6105527638190955
2018_19_20181111_LIV_FUL,2018_19,2018-11-11,LIV,FUL,0,0.7615384615384616,1.24,0.8475344143382002,0.0,1.0,0.7615384615384616
2018_19_20181111_MCI_MUN,2018_19,2018-11-11,MCI,MUN,1,0.6407766990291263,1.48,0.8314134648646225,0.0,1.0,0.6407766990291263
2018_19_20181124_BRI_LEI,2018_19,2018-11-24,BRI,LEI,0,0.4168797953964194,2.28,0.4851091312787101,0.0,1.0,0.4168797953964194
2018_19_20181124_EVE_CAR,2018_19,2018-11-24,EVE,CAR,0,0.5287958115183247,1.8,0.6945412475921419,0.0,1.0,0.5287958115183247
2018_19_20181124_FUL_SOU,2018_19,2018-11-24,FUL,SOU,1,0.5026315789473684,1.89,0.4947743622331463,0.0,1.0,0.5026315789473684
2018_19_20181124_MUN_CRY,2018_19,2018-11-24,MUN,CRY,0,0.5404699738903395,1.76,0.5851502290458412,0.0,1.0,0.5404699738903395
2018_19_20181124_TOT_CHE,2018_19,2018-11-24,TOT,CHE,1,0.5456919060052219,1.74,0.4353533714342601,0.0,1.0,0.5456919060052219
2018_19_20181124_WAT_LIV,2018_19,2018-11-24,WAT,LIV,1,0.5747422680412371,1.65,0.3200125812411649,0.0,1.0,0.5747422680412371
2018_19_20181124_WHU_MCI,2018_19,2018-11-24,WHU,MCI,1,0.660332541567696,1.43,0.5919252071129564,0.0,1.0,0.660332541567696
2018_19_20181125_BOU_ARS,2018_19,2018-11-25,BOU,ARS,1,0.6348039215686274,1.49,0.7589593156118416,0.0,1.0,0.6348039215686274
2018_19_20181125_WOL_HUD,2018_19,2018-11-25,WOL,HUD,0,0.4179487179487179,2.27,0.3072680015249687,0.0,1.0,0.4179487179487179
2018_19_20181126_BUR_NEW,2018_19,2018-11-26,BUR,NEW,1,0.4107142857142857,2.31,0.345581993168061,0.0,1.0,0.4107142857142857
2018_19_20181130_CAR_WOL,2018_19,2018-11-30,CAR,WOL,1,0.4005037783375315,2.38,0.3297234384767734,0.0,1.0,0.4005037783375315
2018_19_20181201_CRY_BUR,2018_19,2018-12-01,CRY,BUR,0,0.4569190600522194,2.08,0.3043186110307136,0.0,1.0,0.4569190600522194
2018_19_20181201_HUD_BRI,2018_19,2018-12-01,HUD,BRI,1,0.3460620525059665,2.74,0.3367566032615314,0.0,1.0,0.3460620525059665
2018_19_20181201_LEI_WAT,2018_19,2018-12-01,LEI,WAT,0,0.4803149606299213,1.98,0.4760532144892783,0.0,1.0,0.4803149606299213
2018_19_20181201_MCI_BOU,2018_19,2018-12-01,MCI,BOU,1,0.7553816046966731,1.25,0.7393615594188575,0.0,1.0,0.7553816046966731
2018_19_20181201_NEW_WHU,2018_19,2018-12-01,NEW,WHU,1,0.4415584415584415,2.15,0.3550696261216699,0.0,1.0,0.4415584415584415
2018_19_20181201_SOU_MUN,2018_19,2018-12-01,SOU,MUN,1,0.5039370078740157,1.89,0.5565518357624581,0.0,1.0,0.5039370078740157
2018_19_20181202_ARS_TOT,2018_19,2018-12-02,ARS,TOT,1,0.6070528967254408,1.56,0.5757919355179588,0.0,1.0,0.6070528967254408
2018_19_20181202_CHE_FUL,2018_19,2018-12-02,CHE,FUL,0,0.7019867549668874,1.35,0.8542430013183882,0.0,1.0,0.7019867549668874
2018_19_20181202_LIV_EVE,2018_19,2018-12-02,LIV,EVE,0,0.5856777493606138,1.62,0.355018515494897,0.0,1.0,0.5856777493606138
2018_19_20181204_BOU_HUD,2018_19,2018-12-04,BOU,HUD,1,0.4960629921259842,1.92,0.577046523878119,0.0,1.0,0.4960629921259842
2018_19_20181204_BRI_CRY,2018_19,2018-12-04,BRI,CRY,1,0.3875,2.45,0.2697004516739958,0.0,1.0,0.3875
2018_19_20181204_WAT_MCI,2018_19,2018-12-04,WAT,MCI,1,0.6323529411764707,1.5,0.582168108081859,0.0,1.0,0.6323529411764707
2018_19_20181204_WHU_CAR,2018_19,2018-12-04,WHU,CAR,1,0.5326370757180157,1.79,0.5267978997694658,0.0,1.0,0.5326370757180157
2018_19_20181205_BUR_LIV,2018_19,2018-12-05,BUR,LIV,1,0.5846153846153845,1.62,0.5138501845366843,0.0,1.0,0.5846153846153845
2018_19_20181205_EVE_NEW,2018_19,2018-12-05,EVE,NEW,0,0.4881889763779528,1.95,0.3236601962996502,0.0,1.0,0.4881889763779528
2018_19_20181205_FUL_LEI,2018_19,2018-12-05,FUL,LEI,0,0.5314136125654451,1.79,0.6207720342584553,0.0,1.0,0.5314136125654451
2018_19_20181205_MUN_ARS,2018_19,2018-12-05,MUN,ARS,1,0.586734693877551,1.62,0.7678807060470381,0.0,1.0,0.586734693877551
2018_19_20181205_TOT_SOU,2018_19,2018-12-05,TOT,SOU,1,0.5732647814910026,1.66,0.6034596911709315,0.0,1.0,0.5732647814910026
2018_19_20181205_WOL_CHE,2018_19,2018-12-05,WOL,CHE,1,0.4986876640419947,1.91,0.390058303932137,0.0,1.0,0.4986876640419947
2018_19_20181208_ARS_HUD,2018_19,2018-12-08,ARS,HUD,0,0.6115288220551378,1.55,0.7167228804736195,0.0,1.0,0.6115288220551378
2018_19_20181208_BOU_LIV,2018_19,2018-12-08,BOU,LIV,1,0.5903307888040712,1.61,0.4132569091302959,0.0,1.0,0.5903307888040712
2018_19_20181208_BUR_BRI,2018_19,2018-12-08,BUR,BRI,0,0.3944723618090452,2.41,0.5132076025756194,0.0,1.0,0.3944723618090452
2018_19_20181208_CAR_SOU,2018_19,2018-12-08,CAR,SOU,0,0.4430051813471503,2.15,0.4464539467897626,0.0,1.0,0.4430051813471503
2018_19_20181208_CHE_MCI,2018_19,2018-12-08,CHE,MCI,0,0.5621761658031088,1.69,0.445557486174912,0.0,1.0,0.5621761658031088
2018_19_20181208_LEI_TOT,2018_19,2018-12-08,LEI,TOT,0,0.5274151436031332,1.81,0.4863499137309116,0.0,1.0,0.5274151436031332
2018_19_20181208_MUN_FUL,2018_19,2018-12-08,MUN,FUL,1,0.606516290726817,1.57,0.7898595414027803,0.0,1.0,0.606516290726817
2018_19_20181208_WHU_CRY,2018_19,2018-12-08,WHU,CRY,1,0.4855643044619423,1.96,0.3794529911506059,0.0,1.0,0.4855643044619423
2018_19_20181209_NEW_WOL,2018_19,2018-12-09,NEW,WOL,1,0.3999999999999999,2.37,0.2254730784790897,0.0,1.0,0.3999999999999999
2018_19_20181210_EVE_WAT,2018_19,2018-12-10,EVE,WAT,1,0.5039370078740157,1.89,0.4036373365769045,0.0,1.0,0.5039370078740157
2018_19_20181215_CRY_LEI,2018_19,2018-12-15,CRY,LEI,0,0.4060913705583756,2.34,0.3005267083579452,0.0,1.0,0.4060913705583756
2018_19_20181215_FUL_WHU,2018_19,2018-12-15,FUL,WHU,0,0.5820512820512821,1.63,0.6839440321285021,0.0,1.0,0.5820512820512821
2018_19_20181215_HUD_NEW,2018_19,2018-12-15,HUD,NEW,0,0.3685503685503685,2.57,0.2147246207956394,0.0,1.0,0.3685503685503685
2018_19_20181215_MCI_EVE,2018_19,2018-12-15,MCI,EVE,1,0.6834862385321101,1.38,0.5965082386804746,0.0,1.0,0.6834862385321101
2018_19_20181215_TOT_BUR,2018_19,2018-12-15,TOT,BUR,0,0.6595238095238095,1.43,0.6955526968512927,0.0,1.0,0.6595238095238095
2018_19_20181215_WAT_CAR,2018_19,2018-12-15,WAT,CAR,1,0.4908136482939633,1.94,0.5108619496936376,0.0,1.0,0.4908136482939633
2018_19_20181215_WOL_BOU,2018_19,2018-12-15,WOL,BOU,0,0.5026315789473684,1.89,0.4938034842139789,0.0,1.0,0.5026315789473684
2018_19_20181216_BRI_CHE,2018_19,2018-12-16,BRI,CHE,1,0.518324607329843,1.84,0.4610042739728313,0.0,1.0,0.518324607329843
2018_19_20181216_LIV_MUN,2018_19,2018-12-16,LIV,MUN,1,0.5647668393782384,1.68,0.6167569537568386,0.0,1.0,0.5647668393782384
2018_19_20181216_SOU_ARS,2018_19,2018-12-16,SOU,ARS,1,0.5928753180661578,1.6,0.6665438293529361,0.0,1.0,0.5928753180661578
2018_19_20181221_WOL_LIV,2018_19,2018-12-21,WOL,LIV,0,0.486910994764398,1.96,0.2908758158274346,0.0,1.0,0.486910994764398
2018_19_20181222_ARS_BUR,2018_19,2018-12-22,ARS,BUR,1,0.6464891041162226,1.46,0.7809767754598238,0.0,1.0,0.6464891041162226
2018_19_20181222_BOU_BRI,2018_19,2018-12-22,BOU,BRI,0,0.4895287958115184,1.95,0.5233478418873838,0.0,1.0,0.4895287958115184
2018_19_20181222_CAR_MUN,2018_19,2018-12-22,CAR,MUN,1,0.5300261096605744,1.8,0.6462304677528247,0.0,1.0,0.5300261096605744
2018_19_20181222_CHE_LEI,2018_19,2018-12-22,CHE,LEI,0,0.5695876288659795,1.67,0.4374585640277166,0.0,1.0,0.5695876288659795
2018_19_20181222_HUD_SOU,2018_19,2018-12-22,HUD,SOU,1,0.3954659949622167,2.4,0.2855616015698032,0.0,1.0,0.3954659949622167
2018_19_20181222_MCI_CRY,2018_19,2018-12-22,MCI,CRY,1,0.7019867549668874,1.35,0.5582752094185977,0.0,1.0,0.7019867549668874
2018_19_20181222_NEW_FUL,2018_19,2018-12-22,NEW,FUL,0,0.4947643979057591,1.93,0.3772881507868558,0.0,1.0,0.4947643979057591
2018_19_20181222_WHU_WAT,2018_19,2018-12-22,WHU,WAT,0,0.5456919060052219,1.74,0.5530650052432641,0.0,1.0,0.5456919060052219
2018_19_20181223_EVE_TOT,2018_19,2018-12-23,EVE,TOT,1,0.5366492146596858,1.77,0.4533824452682742,0.0,1.0,0.5366492146596858
2018_19_20181226_BRI_ARS,2018_19,2018-12-26,BRI,ARS,0,0.5430809399477807,1.75,0.6181500307868368,0.0,1.0,0.5430809399477807
2018_19_20181226_BUR_EVE,2018_19,2018-12-26,BUR,EVE,1,0.4699738903394256,2.03,0.5335934268693634,0.0,1.0,0.4699738903394256
2018_19_20181226_CRY_CAR,2018_19,2018-12-26,CRY,CAR,0,0.5013123359580053,1.9,0.3701507342921559,0.0,1.0,0.5013123359580053
2018_19_20181226_FUL_WOL,2018_19,2018-12-26,FUL,WOL,0,0.4647519582245431,2.05,0.4244324469502654,0.0,1.0,0.4647519582245431
2018_19_20181226_LEI_MCI,2018_19,2018-12-26,LEI,MCI,1,0.5928753180661578,1.6,0.51270743670663,0.0,1.0,0.5928753180661578
2018_19_20181226_LIV_NEW,2018_19,2018-12-26,LIV,NEW,1,0.6658823529411765,1.42,0.2841617226392114,0.0,1.0,0.6658823529411765
2018_19_20181226_MUN_HUD,2018_19,2018-12-26,MUN,HUD,1,0.5769230769230769,1.65,0.5574808020794162,0.0,1.0,0.5769230769230769
2018_19_20181226_TOT_BOU,2018_19,2018-12-26,TOT,BOU,1,0.6390243902439025,1.48,0.5970463169659627,0.0,1.0,0.6390243902439025
2018_19_20181226_WAT_CHE,2018_19,2018-12-26,WAT,CHE,1,0.5468749999999999,1.74,0.4492091949834058,0.0,1.0,0.5468749999999999
2018_19_20181227_SOU_WHU,2018_19,2018-12-27,SOU,WHU,1,0.5326370757180157,1.79,0.5007704830412902,0.0,1.0,0.5326370757180157
2018_19_20181229_BRI_EVE,2018_19,2018-12-29,BRI,EVE,0,0.4738219895287958,2.01,0.4747304638375496,0.0,1.0,0.4738219895287958
2018_19_20181229_FUL_HUD,2018_19,2018-12-29,FUL,HUD,0,0.4143222506393862,2.29,0.3269166723722083,0.0,1.0,0.4143222506393862
2018_19_20181229_LEI_CAR,2018_19,2018-12-29,LEI,CAR,0,0.5013123359580053,1.9,0.442024931726068,0.0,1.0,0.5013123359580053
2018_19_20181229_LIV_ARS,2018_19,2018-12-29,LIV,ARS,1,0.6280788177339901,1.51,0.5040369123805621,0.0,1.0,0.6280788177339901
2018_19_20181229_TOT_WOL,2018_19,2018-12-29,TOT,WOL,1,0.5670103092783505,1.68,0.4648788121897391,0.0,1.0,0.5670103092783505
2018_19_20181229_WAT_NEW,2018_19,2018-12-29,WAT,NEW,0,0.4790575916230366,1.99,0.3180020952910685,0.0,1.0,0.4790575916230366
2018_19_20181230_BUR_WHU,2018_19,2018-12-30,BUR,WHU,0,0.4986876640419947,1.91,0.5605972788747593,0.0,1.0,0.4986876640419947
2018_19_20181230_CRY_CHE,2018_19,2018-12-30,CRY,CHE,0,0.5130890052356021,1.86,0.3484125815854226,0.0,1.0,0.5130890052356021
2018_19_20181230_MUN_BOU,2018_19,2018-12-30,MUN,BOU,1,0.6178660049627792,1.54,0.7648820669881743,0.0,1.0,0.6178660049627792
2018_19_20181230_SOU_MCI,2018_19,2018-12-30,SOU,MCI,1,0.6159600997506234,1.54,0.6810615281292447,0.0,1.0,0.6159600997506234
2018_19_20190101_ARS_FUL,2018_19,2019-01-01,ARS,FUL,1,0.6538461538461539,1.44,0.7544097147315427,0.0,1.0,0.6538461538461539
2018_19_20190101_CAR_TOT,2018_19,2019-01-01,CAR,TOT,1,0.5695876288659795,1.67,0.6232980663470623,0.0,1.0,0.5695876288659795
2018_19_20190101_EVE_LEI,2018_19,2019-01-01,EVE,LEI,0,0.4842931937172774,1.97,0.4048779235527677,0.0,1.0,0.4842931937172774
2018_19_20190102_BOU_WAT,2018_19,2019-01-02,BOU,WAT,1,0.5468749999999999,1.74,0.5574308831754426,0.0,1.0,0.5468749999999999
2018_19_20190102_CHE_SOU,2018_19,2019-01-02,CHE,SOU,0,0.6253101736972705,1.51,0.5706131436869588,0.0,1.0,0.6253101736972705
2018_19_20190102_HUD_BUR,2018_19,2019-01-02,HUD,BUR,1,0.3875,2.45,0.2969242224255712,0.0,1.0,0.3875
2018_19_20190102_NEW_MUN,2018_19,2019-01-02,NEW,MUN,0,0.5805626598465473,1.64,0.4958536713427431,0.0,1.0,0.5805626598465473
2018_19_20190102_WHU_BRI,2018_19,2019-01-02,WHU,BRI,1,0.5013123359580053,1.9,0.4089809784060085,0.0,1.0,0.5013123359580053
2018_19_20190102_WOL_CRY,2018_19,2019-01-02,WOL,CRY,0,0.4252577319587629,2.23,0.2421522942770799,0.0,1.0,0.4252577319587629
2018_19_20190103_MCI_LIV,2018_19,2019-01-03,MCI,LIV,1,0.6159600997506234,1.54,0.3547480841330349,0.0,1.0,0.6159600997506234
2018_19_20190112_BRI_LIV,2018_19,2019-01-12,BRI,LIV,0,0.5532467532467532,1.72,0.4616124798010586,0.0,1.0,0.5532467532467532
2018_19_20190112_BUR_FUL,2018_19,2019-01-12,BUR,FUL,1,0.4583333333333333,2.08,0.5209230763753501,0.0,1.0,0.4583333333333333
2018_19_20190112_CAR_HUD,2018_19,2019-01-12,CAR,HUD,0,0.3811881188118812,2.5,0.3049656483547114,0.0,1.0,0.3811881188118812
2018_19_20190112_CHE_NEW,2018_19,2019-01-12,CHE,NEW,1,0.5681233933161953,1.68,0.3556089842999015,0.0,1.0,0.5681233933161953
2018_19_20190112_CRY_WAT,2018_19,2019-01-12,CRY,WAT,1,0.4557291666666667,2.09,0.3741711228713451,0.0,1.0,0.4557291666666667
2018_19_20190112_LEI_SOU,2018_19,2019-01-12,LEI,SOU,1,0.4647519582245431,2.05,0.3907318198727258,0.0,1.0,0.4647519582245431
2018_19_20190112_WHU_ARS,2018_19,2019-01-12,WHU,ARS,0,0.6280788177339901,1.51,0.736607333284126,0.0,1.0,0.6280788177339901
2018_19_20190113_EVE_BOU,2018_19,2019-01-13,EVE,BOU,0,0.5670103092783505,1.68,0.7007919476953459,0.0,1.0,0.5670103092783505
2018_19_20190113_TOT_MUN,2018_19,2019-01-13,TOT,MUN,0,0.5831202046035805,1.63,0.7553786827580736,0.0,1.0,0.5831202046035805
2018_19_20190114_MCI_WOL,2018_19,2019-01-14,MCI,WOL,1,0.6449275362318841,1.47,0.5799595437048584,0.0,1.0,0.6449275362318841
2018_19_20190119_ARS_CHE,2018_19,2019-01-19,ARS,CHE,0,0.5695876288659795,1.67,0.5839883200703329,0.0,1.0,0.5695876288659795
2018_19_20190119_BOU_WHU,2018_19,2019-01-19,BOU,WHU,0,0.5841836734693877,1.63,0.6622538862131724,0.0,1.0,0.5841836734693877
2018_19_20190119_LIV_CRY,2018_19,2019-01-19,LIV,CRY,1,0.6348039215686274,1.49,0.50085203560578,0.0,1.0,0.6348039215686274
2018_19_20190119_MUN_BRI,2018_19,2019-01-19,MUN,BRI,1,0.5670103092783505,1.68,0.6032537619247679,0.0,1.0,0.5670103092783505
2018_19_20190119_NEW_CAR,2018_19,2019-01-19,NEW,CAR,1,0.413265306122449,2.3,0.2830079679064432,0.0,1.0,0.413265306122449
2018_19_20190119_SOU_EVE,2018_19,2019-01-19,SOU,EVE,1,0.5026178010471204,1.9,0.5540475590517813,0.0,1.0,0.5026178010471204
2018_19_20190119_WAT_BUR,2018_19,2019-01-19,WAT,BUR,0,0.5209424083769634,1.83,0.6524768537753771,0.0,1.0,0.5209424083769634
2018_19_20190119_WOL_LEI,2018_19,2019-01-19,WOL,LEI,1,0.4005037783375315,2.38,0.3201094365319875,0.0,1.0,0.4005037783375315
2018_19_20190120_FUL_TOT,2018_19,2019-01-20,FUL,TOT,1,0.5091863517060368,1.87,0.6906522778159929,0.0,1.0,0.5091863517060368
2018_19_20190120_HUD_MCI,2018_19,2019-01-20,HUD,MCI,1,0.6365853658536585,1.49,0.566628502746604,0.0,1.0,0.6365853658536585
2018_19_20190129_ARS_CAR,2018_19,2019-01-29,ARS,CAR,1,0.6728538283062646,1.41,0.7150265696492406,0.0,1.0,0.6728538283062646
2018_19_20190129_FUL_BRI,2018_19,2019-01-29,FUL,BRI,1,0.4267352185089973,2.23,0.4242248049799917,0.0,1.0,0.4267352185089973
2018_19_20190129_HUD_EVE,2018_19,2019-01-29,HUD,EVE,0,0.4219948849104858,2.26,0.3660676276816292,0.0,1.0,0.4219948849104858
2018_19_20190129_MUN_BUR,2018_19,2019-01-29,MUN,BUR,1,0.6125,1.55,0.7246506119631654,0.0,1.0,0.6125
2018_19_20190129_NEW_MCI,2018_19,2019-01-29,NEW,MCI,1,0.6481927710843374,1.46,0.4978442955735285,0.0,1.0,0.6481927710843374
2018_19_20190129_WOL_WHU,2018_19,2019-01-29,WOL,WHU,1,0.486910994764398,1.96,0.4407799266330274,0.0,1.0,0.486910994764398
2018_19_20190130_BOU_CHE,2018_19,2019-01-30,BOU,CHE,1,0.5670103092783505,1.68,0.5176418817230026,0.0,1.0,0.5670103092783505
2018_19_20190130_LIV_LEI,2018_19,2019-01-30,LIV,LEI,0,0.6280788177339901,1.51,0.5311230522407876,0.0,1.0,0.6280788177339901
2018_19_20190130_SOU_CRY,2018_19,2019-01-30,SOU,CRY,0,0.4830287206266319,1.98,0.4160953791678017,0.0,1.0,0.4830287206266319
2018_19_20190130_TOT_WAT,2018_19,2019-01-30,TOT,WAT,1,0.5532467532467532,1.72,0.6532852851644345,0.0,1.0,0.5532467532467532
2018_19_20190202_BRI_WAT,2018_19,2019-02-02,BRI,WAT,0,0.4392764857881137,2.17,0.4609174455279942,0.0,1.0,0.4392764857881137
2018_19_20190202_BUR_SOU,2018_19,2019-02-02,BUR,SOU,0,0.4621409921671018,2.06,0.5272633561349623,0.0,1.0,0.4621409921671018
2018_19_20190202_CAR_BOU,2018_19,2019-02-02,CAR,BOU,0,0.4960629921259842,1.92,0.5553613229572236,0.0,1.0,0.4960629921259842
2018_19_20190202_CHE_HUD,2018_19,2019-02-02,CHE,HUD,1,0.5820512820512821,1.63,0.5143050486486413,0.0,1.0,0.5820512820512821
2018_19_20190202_CRY_FUL,2018_19,2019-02-02,CRY,FUL,0,0.4816753926701571,1.98,0.5603680439384968,0.0,1.0,0.4816753926701571
2018_19_20190202_EVE_WOL,2018_19,2019-02-02,EVE,WOL,1,0.4621409921671018,2.06,0.5394075671973462,0.0,1.0,0.4621409921671018
2018_19_20190202_TOT_NEW,2018_19,2019-02-02,TOT,NEW,0,0.518324607329843,1.84,0.6128801829422239,0.0,1.0,0.518324607329843
2018_19_20190203_LEI_MUN,2018_19,2019-02-03,LEI,MUN,0,0.5274151436031332,1.81,0.611432669290212,0.0,1.0,0.5274151436031332
2018_19_20190203_MCI_ARS,2018_19,2019-02-03,MCI,ARS,1,0.7026431718061673,1.35,0.778255411861808,0.0,1.0,0.7026431718061673
2018_19_20190204_WHU_LIV,2018_19,2019-02-04,WHU,LIV,0,0.5974683544303797,1.59,0.5364783036926877,0.0,1.0,0.5974683544303797
2018_19_20190206_EVE_MCI,2018_19,2019-02-06,EVE,MCI,0,0.6365853658536585,1.49,0.6488451184616668,0.0,1.0,0.6365853658536585
2018_19_20190209_BRI_BUR,2018_19,2019-02-09,BRI,BUR,1,0.4158163265306122,2.29,0.4905002394227946,0.0,1.0,0.4158163265306122
2018_19_20190209_CRY_WHU,2018_19,2019-02-09,CRY,WHU,0,0.4751958224543081,2.01,0.4384737944214343,0.0,1.0,0.4751958224543081
2018_19_20190209_FUL_MUN,2018_19,2019-02-09,FUL,MUN,1,0.5939086294416244,1.6,0.7336792934453169,0.0,1.0,0.5939086294416244
2018_19_20190209_HUD_ARS,2018_19,2019-02-09,HUD,ARS,1,0.5326370757180157,1.79,0.5761395115023982,0.0,1.0,0.5326370757180157
2018_19_20190209_LIV_BOU,2018_19,2019-02-09,LIV,BOU,1,0.6705607476635514,1.41,0.721036688911174,0.0,1.0,0.6705607476635514
2018_19_20190209_SOU_CAR,2018_19,2019-02-09,SOU,CAR,1,0.4621409921671018,2.06,0.4734711291161546,0.0,1.0,0.4621409921671018
2018_19_20190209_WAT_EVE,2018_19,2019-02-09,WAT,EVE,0,0.4960629921259842,1.92,0.5279425635398403,0.0,1.0,0.4960629921259842
2018_19_20190210_MCI_CHE,2018_19,2019-02-10,MCI,CHE,1,0.5856777493606138,1.62,0.5436662797436236,0.0,1.0,0.5856777493606138
2018_19_20190210_TOT_LEI,2018_19,2019-02-10,TOT,LEI,1,0.5274151436031332,1.81,0.5667697689134927,0.0,1.0,0.5274151436031332
2018_19_20190211_WOL_NEW,2018_19,2019-02-11,WOL,NEW,0,0.4278350515463917,2.22,0.3897178885342558,0.0,1.0,0.4278350515463917
2018_19_20190222_CAR_WAT,2018_19,2019-02-22,CAR,WAT,1,0.4659685863874345,2.04,0.4465282713109907,0.0,1.0,0.4659685863874345
2018_19_20190222_WHU_FUL,2018_19,2019-02-22,WHU,FUL,1,0.5618556701030928,1.7,0.5613134026907398,0.0,1.0,0.5618556701030928
2018_19_20190223_BOU_WOL,2018_19,2019-02-23,BOU,WOL,0,0.4635416666666666,2.06,0.5249055319381477,0.0,1.0,0.4635416666666666
2018_19_20190223_BUR_TOT,2018_19,2019-02-23,BUR,TOT,1,0.548051948051948,1.74,0.6197094383269395,0.0,1.0,0.548051948051948
2018_19_20190223_LEI_CRY,2018_19,2019-02-23,LEI,CRY,1,0.4341085271317829,2.19,0.3436641231232631,0.0,1.0,0.4341085271317829
2018_19_20190223_NEW_HUD,2018_19,2019-02-23,NEW,HUD,0,0.3855721393034826,2.47,0.225519555779182,0.0,1.0,0.3855721393034826
2018_19_20190224_ARS_SOU,2018_19,2019-02-24,ARS,SOU,0,0.5918367346938775,1.6,0.6852491507766434,0.0,1.0,0.5918367346938775
2018_19_20190224_MUN_LIV,2018_19,2019-02-24,MUN,LIV,0,0.5314136125654451,1.79,0.5158466844769098,0.0,1.0,0.5314136125654451
2018_19_20190226_CAR_EVE,2018_19,2019-02-26,CAR,EVE,1,0.4557291666666667,2.09,0.4923436689452015,0.0,1.0,0.4557291666666667
2018_19_20190226_HUD_WOL,2018_19,2019-02-26,HUD,WOL,0,0.39,2.44,0.3415407557286959,0.0,1.0,0.39
2018_19_20190226_LEI_BRI,2018_19,2019-02-26,LEI,BRI,1,0.4318766066838046,2.21,0.4273632861271912,0.0,1.0,0.4318766066838046
2018_19_20190226_NEW_BUR,2018_19,2019-02-26,NEW,BUR,0,0.4075949367088607,2.34,0.3818440074961524,0.0,1.0,0.4075949367088607
2018_19_20190227_ARS_BOU,2018_19,2019-02-27,ARS,BOU,1,0.625615763546798,1.52,0.7694984233210117,0.0,1.0,0.625615763546798
2018_19_20190227_CHE_TOT,2018_19,2019-02-27,CHE,TOT,0,0.518324607329843,1.84,0.5233950861018215,0.0,1.0,0.518324607329843
2018_19_20190227_CRY_MUN,2018_19,2019-02-27,CRY,MUN,1,0.5078534031413613,1.88,0.5462468634484022,0.0,1.0,0.5078534031413613
2018_19_20190227_LIV_WAT,2018_19,2019-02-27,LIV,WAT,1,0.6169154228855721,1.54,0.550173698291407,0.0,1.0,0.6169154228855721
2018_19_20190227_MCI_WHU,2018_19,2019-02-27,MCI,WHU,0,0.7148936170212765,1.34,0.7459670140867352,0.0,1.0,0.7148936170212765
2018_19_20190227_SOU_FUL,2018_19,2019-02-27,SOU,FUL,0,0.5026178010471204,1.9,0.5738165461792359,0.0,1.0,0.5026178010471204
2018_19_20190302_BOU_MCI,2018_19,2019-03-02,BOU,MCI,0,0.6811926605504588,1.39,0.6739615563628354,0.0,1.0,0.6811926605504588
2018_19_20190302_BRI_HUD,2018_19,2019-03-02,BRI,HUD,0,0.3846153846153846,2.48,0.3821658541001868,0.0,1.0,0.3846153846153846
2018_19_20190302_BUR_CRY,2018_19,2019-03-02,BUR,CRY,1,0.4583333333333333,2.08,0.5430530527076296,0.0,1.0,0.4583333333333333
2018_19_20190302_MUN_SOU,2018_19,2019-03-02,MUN,SOU,1,0.5644329896907216,1.69,0.7277818910661435,0.0,1.0,0.5644329896907216
2018_19_20190302_TOT_ARS,2018_19,2019-03-02,TOT,ARS,0,0.5877862595419847,1.62,0.6923811219329232,0.0,1.0,0.5877862595419847
2018_19_20190302_WHU_NEW,2018_19,2019-03-02,WHU,NEW,0,0.486910994764398,1.96,0.3491172019957502,0.0,1.0,0.486910994764398
2018_19_20190302_WOL_CAR,2018_19,2019-03-02,WOL,CAR,0,0.4830287206266319,1.98,0.5787571239130647,0.0,1.0,0.4830287206266319
2018_19_20190303_EVE_LIV,2018_19,2019-03-03,EVE,LIV,0,0.5052356020942408,1.89,0.4888833388110739,0.0,1.0,0.5052356020942408
2018_19_20190303_FUL_CHE,2018_19,2019-03-03,FUL,CHE,1,0.5681233933161953,1.68,0.5977394903524627,0.0,1.0,0.5681233933161953
2018_19_20190303_WAT_LEI,2018_19,2019-03-03,WAT,LEI,1,0.4895287958115184,1.95,0.5831912202972684,0.0,1.0,0.4895287958115184
2018_19_20190309_CAR_WHU,2018_19,2019-03-09,CAR,WHU,0,0.4934725848563968,1.94,0.486851295663351,0.0,1.0,0.4934725848563968
2018_19_20190309_CRY_BRI,2018_19,2019-03-09,CRY,BRI,1,0.4392764857881137,2.17,0.5252915880717742,0.0,1.0,0.4392764857881137
2018_19_20190309_HUD_BOU,2018_19,2019-03-09,HUD,BOU,0,0.4293059125964009,2.22,0.3759016617362249,0.0,1.0,0.4293059125964009
2018_19_20190309_LEI_FUL,2018_19,2019-03-09,LEI,FUL,1,0.5644329896907216,1.69,0.6331586047446971,0.0,1.0,0.5644329896907216
2018_19_20190309_MCI_WAT,2018_19,2019-03-09,MCI,WAT,1,0.7155172413793104,1.32,0.7469257934145224,0.0,1.0,0.7155172413793104
2018_19_20190309_NEW_EVE,2018_19,2019-03-09,NEW,EVE,1,0.4040404040404041,2.36,0.354969496541458,0.0,1.0,0.4040404040404041
2018_19_20190309_SOU_TOT,2018_19,2019-03-09,SOU,TOT,1,0.5300261096605744,1.8,0.5787785124688775,0.0,1.0,0.5300261096605744
2018_19_20190310_ARS_MUN,2018_19,2019-03-10,ARS,MUN,0,0.5732647814910026,1.66,0.7528054616529399,0.0,1.0,0.5732647814910026
2018_19_20190310_CHE_WOL,2018_19,2019-03-10,CHE,WOL,0,0.5026178010471204,1.9,0.511889703025778,0.0,1.0,0.5026178010471204
2018_19_20190310_LIV_BUR,2018_19,2019-03-10,LIV,BUR,1,0.6563245823389022,1.44,0.7683053353051906,0.0,1.0,0.6563245823389022
2018_19_20190316_BOU_NEW,2018_19,2019-03-16,BOU,NEW,1,0.4751958224543081,2.01,0.4337352874988891,0.0,1.0,0.4751958224543081
2018_19_20190316_BUR_LEI,2018_19,2019-03-16,BUR,LEI,1,0.4751958224543081,2.01,0.5496717058099898,0.0,1.0,0.4751958224543081
2018_19_20190316_WHU_HUD,2018_19,2019-03-16,WHU,HUD,1,0.4830287206266319,1.98,0.3806815969683339,0.0,1.0,0.4830287206266319
2018_19_20190317_EVE_CHE,2018_19,2019-03-17,EVE,CHE,0,0.4960629921259842,1.92,0.4526741957376154,0.0,1.0,0.4960629921259842
2018_19_20190317_FUL_LIV,2018_19,2019-03-17,FUL,LIV,1,0.6390243902439025,1.48,0.600168588436123,0.0,1.0,0.6390243902439025
2018_19_20190330_BRI_SOU,2018_19,2019-03-30,BRI,SOU,0,0.39,2.44,0.4352989035315671,0.0,1.0,0.39
2018_19_20190330_BUR_WOL,2018_19,2019-03-30,BUR,WOL,0,0.4147582697201017,2.3,0.4809198521852125,0.0,1.0,0.4147582697201017
2018_19_20190330_CRY_HUD,2018_19,2019-03-30,CRY,HUD,0,0.4444444444444444,2.15,0.5053597776666399,0.0,1.0,0.4444444444444444
2018_19_20190330_FUL_MCI,2018_19,2019-03-30,FUL,MCI,0,0.7334710743801653,1.29,0.710799717400632,0.0,1.0,0.7334710743801653
2018_19_20190330_LEI_BOU,2018_19,2019-03-30,LEI,BOU,0,0.5681233933161953,1.68,0.6002299387580221,0.0,1.0,0.5681233933161953
2018_19_20190330_MUN_WAT,2018_19,2019-03-30,MUN,WAT,1,0.5790816326530612,1.65,0.7225926385629768,0.0,1.0,0.5790816326530612
2018_19_20190330_WHU_EVE,2018_19,2019-03-30,WHU,EVE,0,0.5326370757180157,1.79,0.5235822464312153,0.0,1.0,0.5326370757180157
2018_19_20190331_CAR_CHE,2018_19,2019-03-31,CAR,CHE,1,0.5378590078328982,1.77,0.4866311343816247,0.0,1.0,0.5378590078328982
2018_19_20190331_LIV_TOT,2018_19,2019-03-31,LIV,TOT,1,0.5681233933161953,1.68,0.516694970557845,0.0,1.0,0.5681233933161953
2018_19_20190401_ARS_NEW,2018_19,2019-04-01,ARS,NEW,0,0.5974683544303797,1.59,0.5852817224875958,0.0,1.0,0.5974683544303797
2018_19_20190402_WAT_FUL,2018_19,2019-04-02,WAT,FUL,1,0.5607235142118864,1.7,0.6901510688449106,0.0,1.0,0.5607235142118864
2018_19_20190402_WOL_MUN,2018_19,2019-04-02,WOL,MUN,1,0.4699738903394256,2.03,0.5469875602015023,0.0,1.0,0.4699738903394256
2018_19_20190403_CHE_BRI,2018_19,2019-04-03,CHE,BRI,1,0.5595854922279793,1.7,0.4901886527925556,0.0,1.0,0.5595854922279793
2018_19_20190403_MCI_CAR,2018_19,2019-04-03,MCI,CAR,0,0.7728119180633148,1.22,0.8566549233304601,0.0,1.0,0.7728119180633148
2018_19_20190403_TOT_CRY,2018_19,2019-04-03,TOT,CRY,0,0.5758354755784061,1.65,0.6422155061044023,0.0,1.0,0.5758354755784061
2018_19_20190405_SOU_LIV,2018_19,2019-04-05,SOU,LIV,1,0.5569948186528497,1.71,0.4997203773677358,0.0,1.0,0.5569948186528497
2018_19_20190406_BOU_BUR,2018_19,2019-04-06,BOU,BUR,1,0.5195822454308094,1.84,0.6422605598233488,0.0,1.0,0.5195822454308094
2018_19_20190406_HUD_LEI,2018_19,2019-04-06,HUD,LEI,1,0.4778067885117493,2.0,0.3517006057331846,0.0,1.0,0.4778067885117493
2018_19_20190406_NEW_CRY,2018_19,2019-04-06,NEW,CRY,0,0.4219948849104858,2.26,0.3405095675885867,0.0,1.0,0.4219948849104858
2018_19_20190407_EVE_ARS,2018_19,2019-04-07,EVE,ARS,0,0.5658914728682171,1.68,0.5767493306813067,0.0,1.0,0.5658914728682171
2018_19_20190408_CHE_WHU,2018_19,2019-04-08,CHE,WHU,0,0.6228287841191067,1.52,0.5457153112188179,0.0,1.0,0.6228287841191067
2018_19_20190412_LEI_NEW,2018_19,2019-04-12,LEI,NEW,0,0.4973821989528796,1.92,0.4331504951517484,0.0,1.0,0.4973821989528796
2018_19_20190413_BRI_BOU,2018_19,2019-04-13,BRI,BOU,1,0.4597402597402597,2.08,0.5147191348328795,0.0,1.0,0.4597402597402597
2018_19_20190413_BUR_CAR,2018_19,2019-04-13,BUR,CAR,0,0.4621409921671018,2.06,0.5461683360329058,0.0,1.0,0.4621409921671018
2018_19_20190413_FUL_EVE,2018_19,2019-04-13,FUL,EVE,0,0.5544041450777203,1.72,0.5522563835936634,0.0,1.0,0.5544041450777203
2018_19_20190413_MUN_WHU,2018_19,2019-04-13,MUN,WHU,1,0.6265356265356266,1.52,0.6710276399208734,0.0,1.0,0.6265356265356266
2018_19_20190413_SOU_WOL,2018_19,2019-04-13,SOU,WOL,1,0.4111675126903554,2.32,0.4525621714262342,0.0,1.0,0.4111675126903554
2018_19_20190413_TOT_HUD,2018_19,2019-04-13,TOT,HUD,1,0.6440677966101696,1.47,0.6764219842285267,0.0,1.0,0.6440677966101696
2018_19_20190414_CRY_MCI,2018_19,2019-04-14,CRY,MCI,1,0.5939086294416244,1.6,0.4758280117605131,0.0,1.0,0.5939086294416244
2018_19_20190414_LIV_CHE,2018_19,2019-04-14,LIV,CHE,0,0.5378590078328982,1.77,0.4537384439242227,0.0,1.0,0.5378590078328982
2018_19_20190415_WAT_ARS,2018_19,2019-04-15,WAT,ARS,0,0.6045340050377834,1.57,0.6210027037424055,0.0,1.0,0.6045340050377834
2018_19_20190416_BRI_CAR,2018_19,2019-04-16,BRI,CAR,0,0.4096692111959288,2.32,0.4403321480940405,0.0,1.0,0.4096692111959288
2018_19_20190420_BOU_FUL,2018_19,2019-04-20,BOU,FUL,0,0.615,1.54,0.7004970179771488,0.0,1.0,0.615
2018_19_20190420_HUD_WAT,2018_19,2019-04-20,HUD,WAT,1,0.5209424083769634,1.83,0.4663199043351618,0.0,1.0,0.5209424083769634
2018_19_20190420_MCI_TOT,2018_19,2019-04-20,MCI,TOT,0,0.6619385342789598,1.43,0.5688652021190578,0.0,1.0,0.6619385342789598
2018_19_20190420_NEW_SOU,2018_19,2019-04-20,NEW,SOU,1,0.4060913705583756,2.34,0.4078254468891711,0.0,1.0,0.4060913705583756
2018_19_20190420_WHU_LEI,2018_19,2019-04-20,WHU,LEI,1,0.5558441558441558,1.71,0.5146875928171349,0.0,1.0,0.5558441558441558
2018_19_20190420_WOL_BRI,2018_19,2019-04-20,WOL,BRI,0,0.4005037783375315,2.38,0.4577499159465614,0.0,1.0,0.4005037783375315
2018_19_20190421_ARS_CRY,2018_19,2019-04-21,ARS,CRY,1,0.601010101010101,1.58,0.6258921753158131,0.0,1.0,0.601010101010101
2018_19_20190421_CAR_LIV,2018_19,2019-04-21,CAR,LIV,0,0.6184538653366584,1.53,0.5979309880318462,0.0,1.0,0.6184538653366584
2018_19_20190421_EVE_MUN,2018_19,2019-04-21,EVE,MUN,1,0.5118110236220472,1.86,0.5834936136380013,0.0,1.0,0.5118110236220472
2018_19_20190422_CHE_BUR,2018_19,2019-04-22,CHE,BUR,1,0.5856777493606138,1.62,0.6064156313598656,0.0,1.0,0.5856777493606138
2018_19_20190423_TOT_BRI,2018_19,2019-04-23,TOT,BRI,0,0.5569948186528497,1.71,0.5772152411545275,0.0,1.0,0.5569948186528497
2018_19_20190423_WAT_SOU,2018_19,2019-04-23,WAT,SOU,0,0.5248041775456919,1.82,0.6136896637419027,0.0,1.0,0.5248041775456919
2018_19_20190424_MUN_MCI,2018_19,2019-04-24,MUN,MCI,0,0.625615763546798,1.52,0.6148091977516235,0.0,1.0,0.625615763546798
2018_19_20190424_WOL_ARS,2018_19,2019-04-24,WOL,ARS,1,0.5078534031413613,1.88,0.5324031625039833,0.0,1.0,0.5078534031413613
2018_19_20190426_LIV_HUD,2018_19,2019-04-26,LIV,HUD,1,0.7736549165120593,1.22,0.7553441472610846,0.0,1.0,0.7736549165120593
2018_19_20190427_BRI_NEW,2018_19,2019-04-27,BRI,NEW,0,0.3979848866498741,2.39,0.2934339025636019,0.0,1.0,0.3979848866498741
2018_19_20190427_CRY_EVE,2018_19,2019-04-27,CRY,EVE,0,0.4921465968586388,1.94,0.4956931350222737,0.0,1.0,0.4921465968586388
2018_19_20190427_FUL_CAR,2018_19,2019-04-27,FUL,CAR,0,0.5494791666666667,1.73,0.4903817751442161,0.0,1.0,0.5494791666666667
2018_19_20190427_SOU_BOU,2018_19,2019-04-27,SOU,BOU,1,0.5430809399477807,1.75,0.6550208701061646,0.0,1.0,0.5430809399477807
2018_19_20190427_TOT_WHU,2018_19,2019-04-27,TOT,WHU,0,0.6203473945409429,1.53,0.6315879288884888,0.0,1.0,0.6203473945409429
2018_19_20190427_WAT_WOL,2018_19,2019-04-27,WAT,WOL,1,0.4341085271317829,2.19,0.5113947736170414,0.0,1.0,0.4341085271317829
2018_19_20190428_BUR_MCI,2018_19,2019-04-28,BUR,MCI,0,0.6713286713286714,1.41,0.6637201041624012,0.0,1.0,0.6713286713286714
2018_19_20190428_LEI_ARS,2018_19,2019-04-28,LEI,ARS,1,0.5913705583756345,1.61,0.6276919461433527,0.0,1.0,0.5913705583756345
2018_19_20190428_MUN_CHE,2018_19,2019-04-28,MUN,CHE,0,0.5157068062827225,1.85,0.6120090878251526,0.0,1.0,0.5157068062827225
2018_19_20190503_EVE_BUR,2018_19,2019-05-03,EVE,BUR,0,0.5195822454308094,1.84,0.5925234290717634,0.0,1.0,0.5195822454308094
2018_19_20190504_BOU_TOT,2018_19,2019-05-04,BOU,TOT,0,0.586734693877551,1.62,0.6516760997890301,0.0,1.0,0.586734693877551
2018_19_20190504_CAR_CRY,2018_19,2019-05-04,CAR,CRY,1,0.4934383202099738,1.93,0.4948296606528236,0.0,1.0,0.4934383202099738
2018_19_20190504_NEW_LIV,2018_19,2019-05-04,NEW,LIV,1,0.5558441558441558,1.71,0.4191389818530756,0.0,1.0,0.5558441558441558
2018_19_20190504_WHU_SOU,2018_19,2019-05-04,WHU,SOU,1,0.5903307888040712,1.61,0.5700853435608281,0.0,1.0,0.5903307888040712
2018_19_20190504_WOL_FUL,2018_19,2019-05-04,WOL,FUL,0,0.5300261096605744,1.8,0.5771333483491352,0.0,1.0,0.5300261096605744
2018_19_20190505_ARS_BRI,2018_19,2019-05-05,ARS,BRI,0,0.5684754521963824,1.67,0.63479590079556,0.0,1.0,0.5684754521963824
2018_19_20190505_CHE_WAT,2018_19,2019-05-05,CHE,WAT,1,0.5939086294416244,1.6,0.5932670822715314,0.0,1.0,0.5939086294416244
2018_19_20190505_HUD_MUN,2018_19,2019-05-05,HUD,MUN,0,0.570694087403599,1.67,0.5862922509540606,0.0,1.0,0.570694087403599
2018_19_20190506_MCI_LEI,2018_19,2019-05-06,MCI,LEI,0,0.7230443974630022,1.31,0.6750929608425191,0.0,1.0,0.7230443974630022
2018_19_20190512_BRI_MCI,2018_19,2019-05-12,BRI,MCI,1,0.6697892271662763,1.41,0.5218960047845516,0.0,1.0,0.6697892271662763
2018_19_20190512_BUR_ARS,2018_19,2019-05-12,BUR,ARS,1,0.6035353535353536,1.57,0.6583822553701858,0.0,1.0,0.6035353535353536
2018_19_20190512_CRY_BOU,2018_19,2019-05-12,CRY,BOU,1,0.6140350877192983,1.54,0.6296394336957434,0.0,1.0,0.6140350877192983
2018_19_20190512_FUL_NEW,2018_19,2019-05-12,FUL,NEW,1,0.5430809399477807,1.75,0.3755276975231751,0.0,1.0,0.5430809399477807
2018_19_20190512_LEI_CHE,2018_19,2019-05-12,LEI,CHE,0,0.5595854922279793,1.7,0.4361197653529256,0.0,1.0,0.5595854922279793
2018_19_20190512_LIV_WOL,2018_19,2019-05-12,LIV,WOL,0,0.5892857142857143,1.61,0.5046095335354577,0.0,1.0,0.5892857142857143
2018_19_20190512_MUN_CAR,2018_19,2019-05-12,MUN,CAR,0,0.6797235023041476,1.39,0.6533759468771517,0.0,1.0,0.6797235023041476
2018_19_20190512_SOU_HUD,2018_19,2019-05-12,SOU,HUD,0,0.5856777493606138,1.62,0.4931510325000878,0.0,1.0,0.5856777493606138
2018_19_20190512_TOT_EVE,2018_19,2019-05-12,TOT,EVE,1,0.5404699738903395,1.76,0.4448908975056079,0.0,1.0,0.5404699738903395
2018_19_20190512_WAT_WHU,2018_19,2019-05-12,WAT,WHU,1,0.6115288220551378,1.55,0.5331745483134172,0.0,1.0,0.6115288220551378
2019_20_20190810_BOU_SHU,2019_20,2019-08-10,BOU,SHU,0,0.5039164490861618,1.9,0.8753479805169189,0.0,1.0,0.5039164490861618
2019_20_20190810_BUR_SOU,2019_20,2019-08-10,BUR,SOU,1,0.4493506493506493,2.12,0.6749071624351148,0.0,1.0,0.4493506493506493
2019_20_20190810_CRY_EVE,2019_20,2019-08-10,CRY,EVE,0,0.4381443298969071,2.18,0.6432248631697163,0.0,1.0,0.4381443298969071
2019_20_20190810_TOT_AVL,2019_20,2019-08-10,TOT,AVL,1,0.578005115089514,1.65,0.4424455405658265,0.0,1.0,0.578005115089514
2019_20_20190810_WAT_BRI,2019_20,2019-08-10,WAT,BRI,1,0.441860465116279,2.16,0.5249433146848327,0.0,1.0,0.441860465116279
2019_20_20190810_WHU_MCI,2019_20,2019-08-10,WHU,MCI,1,0.6416464891041161,1.48,0.5345183516095422,0.0,1.0,0.6416464891041161
2019_20_20190811_LEI_WOL,2019_20,2019-08-11,LEI,WOL,0,0.4392764857881137,2.17,0.6112221522111219,0.0,1.0,0.4392764857881137
2019_20_20190811_MUN_CHE,2019_20,2019-08-11,MUN,CHE,1,0.4765625,2.01,0.5112006157065153,0.0,1.0,0.4765625
2019_20_20190811_NEW_ARS,2019_20,2019-08-11,NEW,ARS,0,0.5390625,1.77,0.5493796044671306,0.0,1.0,0.5390625
2019_20_20190817_ARS_BUR,2019_20,2019-08-17,ARS,BUR,1,0.5939086294416244,1.6,0.4977993796563711,0.0,1.0,0.5939086294416244
2019_20_20190817_AVL_BOU,2019_20,2019-08-17,AVL,BOU,1,0.5286458333333333,1.81,0.506481162175703,0.0,1.0,0.5286458333333333
2019_20_20190817_BRI_WHU,2019_20,2019-08-17,BRI,WHU,0,0.4895287958115184,1.95,0.5136435386948499,0.0,1.0,0.4895287958115184
2019_20_20190817_EVE_WAT,2019_20,2019-08-17,EVE,WAT,0,0.5338541666666666,1.79,0.497226100223163,0.0,1.0,0.5338541666666666
2019_20_20190817_MCI_TOT,2019_20,2019-08-17,MCI,TOT,1,0.6265356265356266,1.52,0.4610857914108972,0.0,1.0,0.6265356265356266
2019_20_20190817_NOR_NEW,2019_20,2019-08-17,NOR,NEW,1,0.4908616187989557,1.95,0.4916322156794283,0.0,1.0,0.4908616187989557
2019_20_20190817_SOU_LIV,2019_20,2019-08-17,SOU,LIV,1,0.5816326530612244,1.64,0.5175800756683528,0.0,1.0,0.5816326530612244
2019_20_20190818_CHE_LEI,2019_20,2019-08-18,CHE,LEI,0,0.486910994764398,1.96,0.5221303205770704,0.0,1.0,0.486910994764398
2019_20_20190818_SHU_CRY,2019_20,2019-08-18,SHU,CRY,0,0.4030226700251889,2.37,0.5089443839248198,0.0,1.0,0.4030226700251889
2019_20_20190819_WOL_MUN,2019_20,2019-08-19,WOL,MUN,0,0.4507772020725388,2.12,0.479991056316408,0.0,1.0,0.4507772020725388
2019_20_20190823_AVL_EVE,2019_20,2019-08-23,AVL,EVE,0,0.5338541666666666,1.79,0.4701322361012042,0.0,1.0,0.5338541666666666
2019_20_20190824_BRI_SOU,2019_20,2019-08-24,BRI,SOU,0,0.4545454545454546,2.1,0.4611676347822759,0.0,1.0,0.4545454545454546
2019_20_20190824_LIV_ARS,2019_20,2019-08-24,LIV,ARS,1,0.6595744680851063,1.44,0.45298774598032,0.0,1.0,0.6595744680851063
2019_20_20190824_MUN_CRY,2019_20,2019-08-24,MUN,CRY,1,0.5428571428571429,1.76,0.4759391202718279,0.0,1.0,0.5428571428571429
2019_20_20190824_NOR_CHE,2019_20,2019-08-24,NOR,CHE,1,0.61,1.56,0.4820874933923122,0.0,1.0,0.61
2019_20_20190824_SHU_LEI,2019_20,2019-08-24,SHU,LEI,1,0.4147582697201017,2.3,0.5154006793548069,0.0,1.0,0.4147582697201017
2019_20_20190824_WAT_WHU,2019_20,2019-08-24,WAT,WHU,1,0.5518134715025906,1.73,0.5188923359452595,0.0,1.0,0.5518134715025906
2019_20_20190825_BOU_MCI,2019_20,2019-08-25,BOU,MCI,1,0.6921348314606741,1.37,0.5348868871104764,0.0,1.0,0.6921348314606741
2019_20_20190825_TOT_NEW,2019_20,2019-08-25,TOT,NEW,0,0.6144278606965174,1.55,0.5494046586364156,0.0,1.0,0.6144278606965174
2019_20_20190825_WOL_BUR,2019_20,2019-08-25,WOL,BUR,0,0.4158163265306122,2.29,0.5266973786961264,0.0,1.0,0.4158163265306122
2019_20_20190831_BUR_LIV,2019_20,2019-08-31,BUR,LIV,1,0.5913705583756345,1.61,0.5172442703222232,0.0,1.0,0.5913705583756345
2019_20_20190831_CHE_SHU,2019_20,2019-08-31,CHE,SHU,1,0.5518134715025906,1.73,0.5202743354590861,0.0,1.0,0.5518134715025906
2019_20_20190831_CRY_AVL,2019_20,2019-08-31,CRY,AVL,0,0.4856396866840731,1.97,0.5345995336916223,0.0,1.0,0.4856396866840731
2019_20_20190831_LEI_BOU,2019_20,2019-08-31,LEI,BOU,1,0.578005115089514,1.65,0.5139548320143956,0.0,1.0,0.578005115089514
2019_20_20190831_MCI_BRI,2019_20,2019-08-31,MCI,BRI,1,0.7308488612836438,1.3,0.5281801106820727,0.0,1.0,0.7308488612836438
2019_20_20190831_NEW_WAT,2019_20,2019-08-31,NEW,WAT,0,0.4597402597402597,2.08,0.5413093239648852,0.0,1.0,0.4597402597402597
2019_20_20190831_SOU_MUN,2019_20,2019-08-31,SOU,MUN,0,0.5052083333333333,1.9,0.5322999474390241,0.0,1.0,0.5052083333333333
2019_20_20190831_WHU_NOR,2019_20,2019-08-31,WHU,NOR,0,0.6407766990291263,1.48,0.523733338945616,0.0,1.0,0.6407766990291263
2019_20_20190901_ARS_TOT,2019_20,2019-09-01,ARS,TOT,1,0.6045340050377834,1.57,0.5155843696754007,0.0,1.0,0.6045340050377834
2019_20_20190901_EVE_WOL,2019_20,2019-09-01,EVE,WOL,1,0.4245524296675191,2.25,0.5286975222238188,0.0,1.0,0.4245524296675191
2019_20_20190914_BRI_BUR,2019_20,2019-09-14,BRI,BUR,0,0.4571428571428572,2.09,0.5508589840186487,0.0,1.0,0.4571428571428572
2019_20_20190914_LIV_NEW,2019_20,2019-09-14,LIV,NEW,1,0.6705336426914155,1.42,0.5421468128269962,0.0,1.0,0.6705336426914155
2019_20_20190914_MUN_LEI,2019_20,2019-09-14,MUN,LEI,0,0.5169712793733681,1.85,0.5533080655460587,0.0,1.0,0.5169712793733681
2019_20_20190914_NOR_MCI,2019_20,2019-09-14,NOR,MCI,1,0.771375464684015,1.23,0.5350420077089989,0.0,1.0,0.771375464684015
2019_20_20190914_SHU_SOU,2019_20,2019-09-14,SHU,SOU,0,0.4381443298969071,2.18,0.5557811910227561,0.0,1.0,0.4381443298969071
2019_20_20190914_TOT_CRY,2019_20,2019-09-14,TOT,CRY,1,0.5816326530612244,1.64,0.5378660455725048,0.0,1.0,0.5816326530612244
2019_20_20190914_WOL_CHE,2019_20,2019-09-14,WOL,CHE,1,0.4856396866840731,1.97,0.548785167795026,0.0,1.0,0.4856396866840731
2019_20_20190915_BOU_EVE,2019_20,2019-09-15,BOU,EVE,1,0.5454545454545455,1.75,0.585686751101552,0.0,1.0,0.5454545454545455
2019_20_20190915_WAT_ARS,2019_20,2019-09-15,WAT,ARS,1,0.6055276381909548,1.57,0.5939209737237687,0.0,1.0,0.6055276381909548
2019_20_20190916_AVL_WHU,2019_20,2019-09-16,AVL,WHU,0,0.5877862595419847,1.62,0.6016628762148826,0.0,1.0,0.5877862595419847
2019_20_20190920_SOU_BOU,2019_20,2019-09-20,SOU,BOU,1,0.5666666666666667,1.69,0.4197168080394718,0.0,1.0,0.5666666666666667
2019_20_20190921_BUR_NOR,2019_20,2019-09-21,BUR,NOR,0,0.570694087403599,1.67,0.6843620744037938,0.0,1.0,0.570694087403599
2019_20_20190921_EVE_SHU,2019_20,2019-09-21,EVE,SHU,0,0.4713541666666666,2.03,0.0577214858789474,0.0,1.0,0.4713541666666666
2019_20_20190921_LEI_TOT,2019_20,2019-09-21,LEI,TOT,1,0.5326370757180157,1.79,0.2764529103737883,0.0,1.0,0.5326370757180157
2019_20_20190921_MCI_WAT,2019_20,2019-09-21,MCI,WAT,1,0.7577519379844961,1.25,0.9638942995289224,0.0,1.0,0.7577519379844961
2019_20_20190921_NEW_BRI,2019_20,2019-09-21,NEW,BRI,0,0.4065656565656566,2.35,0.3100903082141499,0.0,1.0,0.4065656565656566
2019_20_20190922_ARS_AVL,2019_20,2019-09-22,ARS,AVL,1,0.6563981042654028,1.45,0.2273305172937603,0.0,1.0,0.6563981042654028
2019_20_20190922_CHE_LIV,2019_20,2019-09-22,CHE,LIV,1,0.5984848484848484,1.59,0.9542633621658748,0.0,1.0,0.5984848484848484
2019_20_20190922_CRY_WOL,2019_20,2019-09-22,CRY,WOL,0,0.4015151515151514,2.37,0.5221627769874015,0.0,1.0,0.4015151515151514
2019_20_20190922_WHU_MUN,2019_20,2019-09-22,WHU,MUN,0,0.5655526992287918,1.69,0.1813975781766306,0.0,1.0,0.5655526992287918
2019_20_20190928_AVL_BUR,2019_20,2019-09-28,AVL,BUR,1,0.5013054830287206,1.91,0.3051026211289316,0.0,1.0,0.5013054830287206
2019_20_20190928_BOU_WHU,2019_20,2019-09-28,BOU,WHU,1,0.6055276381909548,1.57,0.6017833484472912,0.0,1.0,0.6055276381909548
2019_20_20190928_CHE_BRI,2019_20,2019-09-28,CHE,BRI,0,0.5790816326530612,1.65,0.6282350819623173,0.0,1.0,0.5790816326530612
2019_20_20190928_CRY_NOR,2019_20,2019-09-28,CRY,NOR,0,0.5544041450777203,1.72,0.3292913758253626,0.0,1.0,0.5544041450777203
2019_20_20190928_EVE_MCI,2019_20,2019-09-28,EVE,MCI,1,0.6466346153846154,1.47,0.7522961220150366,0.0,1.0,0.6466346153846154
2019_20_20190928_SHU_LIV,2019_20,2019-09-28,SHU,LIV,0,0.5888324873096447,1.62,0.4460194337491702,0.0,1.0,0.5888324873096447
2019_20_20190928_TOT_SOU,2019_20,2019-09-28,TOT,SOU,1,0.5934343434343434,1.61,0.6205003867728021,0.0,1.0,0.5934343434343434
2019_20_20190928_WOL_WAT,2019_20,2019-09-28,WOL,WAT,0,0.4804177545691906,1.99,0.6800914721072799,0.0,1.0,0.4804177545691906
2019_20_20190929_LEI_NEW,2019_20,2019-09-29,LEI,NEW,1,0.4597402597402597,2.08,0.2331213431627901,0.0,1.0,0.4597402597402597
2019_20_20190930_MUN_ARS,2019_20,2019-09-30,MUN,ARS,0,0.5831202046035805,1.63,0.5012151800735035,0.0,1.0,0.5831202046035805
2019_20_20191005_BRI_TOT,2019_20,2019-10-05,BRI,TOT,1,0.5428571428571429,1.76,0.4063623010718842,0.0,1.0,0.5428571428571429
2019_20_20191005_BUR_EVE,2019_20,2019-10-05,BUR,EVE,0,0.4507772020725388,2.12,0.5286606813468082,0.0,1.0,0.4507772020725388
2019_20_20191005_LIV_LEI,2019_20,2019-10-05,LIV,LEI,1,0.5924050632911392,1.61,0.4351492857476244,0.0,1.0,0.5924050632911392
2019_20_20191005_NOR_AVL,2019_20,2019-10-05,NOR,AVL,1,0.6074999999999999,1.57,0.5968467303886378,0.0,1.0,0.6074999999999999
2019_20_20191005_WAT_SHU,2019_20,2019-10-05,WAT,SHU,0,0.4791666666666667,2.0,0.4339830539462925,0.0,1.0,0.4791666666666667
2019_20_20191005_WHU_CRY,2019_20,2019-10-05,WHU,CRY,1,0.5221932114882506,1.83,0.2952385978479903,0.0,1.0,0.5221932114882506
2019_20_20191006_ARS_BOU,2019_20,2019-10-06,ARS,BOU,0,0.7032967032967032,1.35,0.8087751270024404,0.0,1.0,0.7032967032967032
2019_20_20191006_MCI_WOL,2019_20,2019-10-06,MCI,WOL,0,0.6905829596412556,1.38,0.9413179839648256,0.0,1.0,0.6905829596412556
2019_20_20191006_NEW_MUN,2019_20,2019-10-06,NEW,MUN,0,0.441860465116279,2.16,0.2071652615990156,0.0,1.0,0.441860465116279
2019_20_20191006_SOU_CHE,2019_20,2019-10-06,SOU,CHE,1,0.5618556701030928,1.7,0.7640632434685101,0.0,1.0,0.5618556701030928
2019_20_20191019_AVL_BRI,2019_20,2019-10-19,AVL,BRI,1,0.5248041775456919,1.82,0.4714596823243104,0.0,1.0,0.5248041775456919
2019_20_20191019_BOU_NOR,2019_20,2019-10-19,BOU,NOR,0,0.6758620689655173,1.41,0.8427876501407314,0.0,1.0,0.6758620689655173
2019_20_20191019_CHE_NEW,2019_20,2019-10-19,CHE,NEW,0,0.5994962216624685,1.59,0.7137228327677354,0.0,1.0,0.5994962216624685
2019_20_20191019_CRY_MCI,2019_20,2019-10-19,CRY,MCI,0,0.6611764705882353,1.44,0.5761574719663473,0.0,1.0,0.6611764705882353
2019_20_20191019_EVE_WHU,2019_20,2019-10-19,EVE,WHU,0,0.5544041450777203,1.72,0.431930695738802,0.0,1.0,0.5544041450777203
2019_20_20191019_LEI_BUR,2019_20,2019-10-19,LEI,BUR,1,0.4934725848563968,1.94,0.4153017952410485,0.0,1.0,0.4934725848563968
2019_20_20191019_TOT_WAT,2019_20,2019-10-19,TOT,WAT,0,0.6222222222222222,1.53,0.7672744462473936,0.0,1.0,0.6222222222222222
2019_20_20191019_WOL_SOU,2019_20,2019-10-19,WOL,SOU,0,0.4571428571428572,2.09,0.660242897950138,0.0,1.0,0.4571428571428572
2019_20_20191020_MUN_LIV,2019_20,2019-10-20,MUN,LIV,0,0.5416666666666667,1.76,0.408344141278578,0.0,1.0,0.5416666666666667
2019_20_20191021_SHU_ARS,2019_20,2019-10-21,SHU,ARS,0,0.5644329896907216,1.69,0.3442489611525601,0.0,1.0,0.5644329896907216
2019_20_20191025_SOU_LEI,2019_20,2019-10-25,SOU,LEI,1,0.4765625,2.01,0.5853209127033171,0.0,1.0,0.4765625
2019_20_20191026_BRI_EVE,2019_20,2019-10-26,BRI,EVE,1,0.4635416666666666,2.06,0.2833613302808442,0.0,1.0,0.4635416666666666
2019_20_20191026_BUR_CHE,2019_20,2019-10-26,BUR,CHE,1,0.5754475703324808,1.66,0.6474722453978662,0.0,1.0,0.5754475703324808
2019_20_20191026_MCI_AVL,2019_20,2019-10-26,MCI,AVL,1,0.7862190812720848,1.21,0.8242962700225919,0.0,1.0,0.7862190812720848
2019_20_20191026_WAT_BOU,2019_20,2019-10-26,WAT,BOU,0,0.5633074935400517,1.69,0.5141805217082807,0.0,1.0,0.5633074935400517
2019_20_20191026_WHU_SHU,2019_20,2019-10-26,WHU,SHU,0,0.5091383812010444,1.88,0.2209081867923809,0.0,1.0,0.5091383812010444
2019_20_20191027_ARS_CRY,2019_20,2019-10-27,ARS,CRY,1,0.6246913580246914,1.52,0.3504365837271569,0.0,1.0,0.6246913580246914
2019_20_20191027_LIV_TOT,2019_20,2019-10-27,LIV,TOT,1,0.6212871287128713,1.53,0.6707143032324259,0.0,1.0,0.6212871287128713
2019_20_20191027_NEW_WOL,2019_20,2019-10-27,NEW,WOL,0,0.3821339950372208,2.49,0.2633401332295609,0.0,1.0,0.3821339950372208
2019_20_20191027_NOR_MUN,2019_20,2019-10-27,NOR,MUN,1,0.570694087403599,1.67,0.455668091005851,0.0,1.0,0.570694087403599
2019_20_20191102_ARS_WOL,2019_20,2019-11-02,ARS,WOL,0,0.5492227979274612,1.74,0.4876343401579387,0.0,1.0,0.5492227979274612
2019_20_20191102_AVL_LIV,2019_20,2019-11-02,AVL,LIV,1,0.6483253588516746,1.47,0.6516598159472735,0.0,1.0,0.6483253588516746
2019_20_20191102_BOU_MUN,2019_20,2019-11-02,BOU,MUN,0,0.5195822454308094,1.84,0.3393235311883865,0.0,1.0,0.5195822454308094
2019_20_20191102_BRI_NOR,2019_20,2019-11-02,BRI,NOR,0,0.5754475703324808,1.66,0.6123621740011802,0.0,1.0,0.5754475703324808
2019_20_20191102_MCI_SOU,2019_20,2019-11-02,MCI,SOU,1,0.7777777777777778,1.22,0.9587483634772962,0.0,1.0,0.7777777777777778
2019_20_20191102_SHU_BUR,2019_20,2019-11-02,SHU,BUR,1,0.4101265822784811,2.33,0.2714554455308742,0.0,1.0,0.4101265822784811
2019_20_20191102_WAT_CHE,2019_20,2019-11-02,WAT,CHE,1,0.5841836734693877,1.63,0.7406897683887985,0.0,1.0,0.5841836734693877
2019_20_20191102_WHU_NEW,2019_20,2019-11-02,WHU,NEW,1,0.5221932114882506,1.83,0.2953490540703807,0.0,1.0,0.5221932114882506
2019_20_20191103_CRY_LEI,2019_20,2019-11-03,CRY,LEI,0,0.4647519582245431,2.05,0.4897704558581283,0.0,1.0,0.4647519582245431
2019_20_20191103_EVE_TOT,2019_20,2019-11-03,EVE,TOT,0,0.548051948051948,1.74,0.534519126682285,0.0,1.0,0.548051948051948
2019_20_20191108_NOR_WAT,2019_20,2019-11-08,NOR,WAT,0,0.5666666666666667,1.69,0.4540946863210002,0.0,1.0,0.5666666666666667
2019_20_20191109_BUR_WHU,2019_20,2019-11-09,BUR,WHU,1,0.5592783505154639,1.71,0.5567340163919262,0.0,1.0,0.5592783505154639
2019_20_20191109_CHE_CRY,2019_20,2019-11-09,CHE,CRY,0,0.6030150753768844,1.58,0.6183679803250658,0.0,1.0,0.6030150753768844
2019_20_20191109_LEI_ARS,2019_20,2019-11-09,LEI,ARS,0,0.606516290726817,1.57,0.6444771573197998,0.0,1.0,0.606516290726817
2019_20_20191109_NEW_BOU,2019_20,2019-11-09,NEW,BOU,1,0.4609375,2.07,0.307449554807245,0.0,1.0,0.4609375
2019_20_20191109_SOU_EVE,2019_20,2019-11-09,SOU,EVE,1,0.4934725848563968,1.94,0.5508502071840276,0.0,1.0,0.4934725848563968
2019_20_20191109_TOT_SHU,2019_20,2019-11-09,TOT,SHU,0,0.5326370757180157,1.79,0.2928987355845839,0.0,1.0,0.5326370757180157
2019_20_20191110_LIV_MCI,2019_20,2019-11-10,LIV,MCI,1,0.5852417302798981,1.63,0.661135572271349,0.0,1.0,0.5852417302798981
2019_20_20191110_MUN_BRI,2019_20,2019-11-10,MUN,BRI,1,0.4739583333333334,2.02,0.3136594495039786,0.0,1.0,0.4739583333333334
2019_20_20191110_WOL_AVL,2019_20,2019-11-10,WOL,AVL,1,0.5117493472584856,1.87,0.5738998682540325,0.0,1.0,0.5117493472584856
2019_20_20191123_ARS_SOU,2019_20,2019-11-23,ARS,SOU,1,0.6449275362318841,1.47,0.6789755611752667,0.0,1.0,0.6449275362318841
2019_20_20191123_BOU_WOL,2019_20,2019-11-23,BOU,WOL,1,0.4725848563968668,2.02,0.3976322782967509,0.0,1.0,0.4725848563968668
2019_20_20191123_BRI_LEI,2019_20,2019-11-23,BRI,LEI,0,0.5052356020942408,1.89,0.5324413385334783,0.0,1.0,0.5052356020942408
2019_20_20191123_CRY_LIV,2019_20,2019-11-23,CRY,LIV,1,0.570694087403599,1.67,0.466411400973785,0.0,1.0,0.570694087403599
2019_20_20191123_EVE_NOR,2019_20,2019-11-23,EVE,NOR,0,0.6125,1.55,0.5225537258156193,0.0,1.0,0.6125
2019_20_20191123_MCI_CHE,2019_20,2019-11-23,MCI,CHE,1,0.6759259259259259,1.4,0.8372203157214244,0.0,1.0,0.6759259259259259
2019_20_20191123_WAT_BUR,2019_20,2019-11-23,WAT,BUR,1,0.4725848563968668,2.02,0.4657513332345869,0.0,1.0,0.4725848563968668
2019_20_20191123_WHU_TOT,2019_20,2019-11-23,WHU,TOT,1,0.6144278606965174,1.55,0.5544181316717836,0.0,1.0,0.6144278606965174
2019_20_20191124_SHU_MUN,2019_20,2019-11-24,SHU,MUN,1,0.4366925064599483,2.18,0.1755286636041011,0.0,1.0,0.4366925064599483
2019_20_20191125_AVL_NEW,2019_20,2019-11-25,AVL,NEW,0,0.4973821989528796,1.92,0.4520719442533826,0.0,1.0,0.4973821989528796
2019_20_20191130_BUR_CRY,2019_20,2019-11-30,BUR,CRY,0,0.4293059125964009,2.22,0.4167770644709734,0.0,1.0,0.4293059125964009
2019_20_20191130_CHE_WHU,2019_20,2019-11-30,CHE,WHU,0,0.6774193548387096,1.4,0.7169328358747018,0.0,1.0,0.6774193548387096
2019_20_20191130_LIV_BRI,2019_20,2019-11-30,LIV,BRI,1,0.6474820143884892,1.47,0.6031761683328121,0.0,1.0,0.6474820143884892
2019_20_20191130_NEW_MCI,2019_20,2019-11-30,NEW,MCI,1,0.6595744680851063,1.44,0.6815456986135352,0.0,1.0,0.6595744680851063
2019_20_20191130_SOU_WAT,2019_20,2019-11-30,SOU,WAT,1,0.5,1.91,0.4427141170501196,0.0,1.0,0.5
2019_20_20191130_TOT_BOU,2019_20,2019-11-30,TOT,BOU,1,0.6299019607843138,1.51,0.4857759284209489,0.0,1.0,0.6299019607843138
2019_20_20191201_LEI_EVE,2019_20,2019-12-01,LEI,EVE,1,0.5274151436031332,1.81,0.5740227202898126,0.0,1.0,0.5274151436031332
2019_20_20191201_MUN_AVL,2019_20,2019-12-01,MUN,AVL,1,0.5633074935400517,1.69,0.5096186123669038,0.0,1.0,0.5633074935400517
2019_20_20191201_NOR_ARS,2019_20,2019-12-01,NOR,ARS,1,0.6720930232558139,1.41,0.5486665496178318,0.0,1.0,0.6720930232558139
2019_20_20191201_WOL_SHU,2019_20,2019-12-01,WOL,SHU,0,0.4147582697201017,2.3,0.2906709452219234,0.0,1.0,0.4147582697201017
2019_20_20191203_BUR_MCI,2019_20,2019-12-03,BUR,MCI,1,0.6442307692307693,1.48,0.7076038908770779,0.0,1.0,0.6442307692307693
2019_20_20191203_CRY_BOU,2019_20,2019-12-03,CRY,BOU,0,0.4699738903394256,2.03,0.3120113287731662,0.0,1.0,0.4699738903394256
2019_20_20191204_CHE_AVL,2019_20,2019-12-04,CHE,AVL,1,0.6682242990654206,1.42,0.6786415807365436,0.0,1.0,0.6682242990654206
2019_20_20191204_LEI_WAT,2019_20,2019-12-04,LEI,WAT,0,0.5852417302798981,1.63,0.6764855949966112,0.0,1.0,0.5852417302798981
2019_20_20191204_LIV_EVE,2019_20,2019-12-04,LIV,EVE,1,0.601010101010101,1.58,0.5893672131579035,0.0,1.0,0.601010101010101
2019_20_20191204_MUN_TOT,2019_20,2019-12-04,MUN,TOT,1,0.5300261096605744,1.8,0.528635235925196,0.0,1.0,0.5300261096605744
2019_20_20191204_SOU_NOR,2019_20,2019-12-04,SOU,NOR,1,0.5984848484848484,1.59,0.5994726239294632,0.0,1.0,0.5984848484848484
2019_20_20191204_WOL_WHU,2019_20,2019-12-04,WOL,WHU,0,0.5052356020942408,1.89,0.4576851336929493,0.0,1.0,0.5052356020942408
2019_20_20191205_ARS_BRI,2019_20,2019-12-05,ARS,BRI,1,0.6188118811881189,1.54,0.4566694920926067,0.0,1.0,0.6188118811881189
2019_20_20191205_SHU_NEW,2019_20,2019-12-05,SHU,NEW,0,0.4086294416243655,2.33,0.2914369174496165,0.0,1.0,0.4086294416243655
2019_20_20191207_BOU_LIV,2019_20,2019-12-07,BOU,LIV,1,0.6332518337408313,1.5,0.5423644930047765,0.0,1.0,0.6332518337408313
2019_20_20191207_EVE_CHE,2019_20,2019-12-07,EVE,CHE,1,0.5633074935400517,1.69,0.6638945777293155,0.0,1.0,0.5633074935400517
2019_20_20191207_MCI_MUN,2019_20,2019-12-07,MCI,MUN,1,0.6383495145631067,1.49,0.6702219985343236,0.0,1.0,0.6383495145631067
2019_20_20191207_TOT_BUR,2019_20,2019-12-07,TOT,BUR,1,0.5964467005076142,1.59,0.6129480556162983,0.0,1.0,0.5964467005076142
2019_20_20191207_WAT_CRY,2019_20,2019-12-07,WAT,CRY,0,0.4647519582245431,2.05,0.2310748843361403,0.0,1.0,0.4647519582245431
2019_20_20191208_AVL_LEI,2019_20,2019-12-08,AVL,LEI,1,0.5877862595419847,1.62,0.5405019791479716,0.0,1.0,0.5877862595419847
2019_20_20191208_BRI_WOL,2019_20,2019-12-08,BRI,WOL,1,0.4158163265306122,2.29,0.370900271313656,0.0,1.0,0.4158163265306122
2019_20_20191208_NEW_SOU,2019_20,2019-12-08,NEW,SOU,1,0.4493506493506493,2.12,0.4612092213788852,0.0,1.0,0.4493506493506493
2019_20_20191208_NOR_SHU,2019_20,2019-12-08,NOR,SHU,1,0.5195822454308094,1.84,0.3913421340304595,0.0,1.0,0.5195822454308094
2019_20_20191209_WHU_ARS,2019_20,2019-12-09,WHU,ARS,1,0.6587677725118484,1.44,0.4854343004078136,0.0,1.0,0.6587677725118484
2019_20_20191214_BUR_NEW,2019_20,2019-12-14,BUR,NEW,0,0.451948051948052,2.11,0.4496772573379606,0.0,1.0,0.451948051948052
2019_20_20191214_CHE_BOU,2019_20,2019-12-14,CHE,BOU,0,0.6774193548387096,1.4,0.5772359761322371,0.0,1.0,0.6774193548387096
2019_20_20191214_LEI_NOR,2019_20,2019-12-14,LEI,NOR,0,0.664319248826291,1.43,0.7623442780338787,0.0,1.0,0.664319248826291
2019_20_20191214_LIV_WAT,2019_20,2019-12-14,LIV,WAT,0,0.6840909090909091,1.39,0.6788435059345661,0.0,1.0,0.6840909090909091
2019_20_20191214_SHU_AVL,2019_20,2019-12-14,SHU,AVL,0,0.5274151436031332,1.81,0.4477235345824906,0.0,1.0,0.5274151436031332
2019_20_20191214_SOU_WHU,2019_20,2019-12-14,SOU,WHU,0,0.5913705583756345,1.61,0.5990512472186746,0.0,1.0,0.5913705583756345
2019_20_20191215_ARS_MCI,2019_20,2019-12-15,ARS,MCI,1,0.7155172413793104,1.32,0.7687135329445112,0.0,1.0,0.7155172413793104
2019_20_20191215_MUN_EVE,2019_20,2019-12-15,MUN,EVE,0,0.5300261096605744,1.8,0.5753062107494296,0.0,1.0,0.5300261096605744
2019_20_20191215_WOL_TOT,2019_20,2019-12-15,WOL,TOT,1,0.5026178010471204,1.9,0.5835427410137216,0.0,1.0,0.5026178010471204
2019_20_20191216_CRY_BRI,2019_20,2019-12-16,CRY,BRI,0,0.4366925064599483,2.18,0.3044637891114261,0.0,1.0,0.4366925064599483
2019_20_20191221_AVL_SOU,2019_20,2019-12-21,AVL,SOU,1,0.5877862595419847,1.62,0.6482372540441712,0.0,1.0,0.5877862595419847
2019_20_20191221_BOU_BUR,2019_20,2019-12-21,BOU,BUR,0,0.4973821989528796,1.92,0.484635318107484,0.0,1.0,0.4973821989528796
2019_20_20191221_BRI_SHU,2019_20,2019-12-21,BRI,SHU,0,0.4505208333333333,2.11,0.3741944259120111,0.0,1.0,0.4505208333333333
2019_20_20191221_EVE_ARS,2019_20,2019-12-21,EVE,ARS,0,0.6045340050377834,1.57,0.6190537349713213,0.0,1.0,0.6045340050377834
2019_20_20191221_MCI_LEI,2019_20,2019-12-21,MCI,LEI,1,0.6682242990654206,1.42,0.6558658213491944,0.0,1.0,0.6682242990654206
2019_20_20191221_NEW_CRY,2019_20,2019-12-21,NEW,CRY,0,0.39,2.44,0.2629232283321958,0.0,1.0,0.39
2019_20_20191221_NOR_WOL,2019_20,2019-12-21,NOR,WOL,1,0.5326370757180157,1.79,0.6236128752134441,0.0,1.0,0.5326370757180157
2019_20_20191222_TOT_CHE,2019_20,2019-12-22,TOT,CHE,0,0.5984848484848484,1.59,0.7745551976179248,0.0,1.0,0.5984848484848484
2019_20_20191222_WAT_MUN,2019_20,2019-12-22,WAT,MUN,0,0.5157068062827225,1.85,0.5032761454987251,0.0,1.0,0.5157068062827225
2019_20_20191226_AVL_NOR,2019_20,2019-12-26,AVL,NOR,0,0.6228287841191067,1.52,0.6857402810871507,0.0,1.0,0.6228287841191067
2019_20_20191226_BOU_ARS,2019_20,2019-12-26,BOU,ARS,0,0.6105527638190955,1.55,0.4847907703754963,0.0,1.0,0.6105527638190955
2019_20_20191226_CHE_SOU,2019_20,2019-12-26,CHE,SOU,0,0.637469586374696,1.49,0.7856924645309821,0.0,1.0,0.637469586374696
2019_20_20191226_CRY_WHU,2019_20,2019-12-26,CRY,WHU,1,0.5026178010471204,1.9,0.3462957812752443,0.0,1.0,0.5026178010471204
2019_20_20191226_EVE_BUR,2019_20,2019-12-26,EVE,BUR,0,0.4947643979057591,1.93,0.5891977884950284,0.0,1.0,0.4947643979057591
2019_20_20191226_LEI_LIV,2019_20,2019-12-26,LEI,LIV,1,0.5805626598465473,1.64,0.5815491469245071,0.0,1.0,0.5805626598465473
2019_20_20191226_MUN_NEW,2019_20,2019-12-26,MUN,NEW,1,0.5532467532467532,1.72,0.4629934639161841,0.0,1.0,0.5532467532467532
2019_20_20191226_SHU_WAT,2019_20,2019-12-26,SHU,WAT,0,0.451948051948052,2.11,0.3377785748725965,0.0,1.0,0.451948051948052
2019_20_20191226_TOT_BRI,2019_20,2019-12-26,TOT,BRI,1,0.5949367088607596,1.6,0.6370422873381675,0.0,1.0,0.5949367088607596
2019_20_20191227_WOL_MCI,2019_20,2019-12-27,WOL,MCI,1,0.6070528967254408,1.56,0.730309595488195,0.0,1.0,0.6070528967254408
2019_20_20191228_BRI_BOU,2019_20,2019-12-28,BRI,BOU,0,0.4986945169712793,1.92,0.4026422300813795,0.0,1.0,0.4986945169712793
2019_20_20191228_BUR_MUN,2019_20,2019-12-28,BUR,MUN,0,0.4895287958115184,1.95,0.5601033121088441,0.0,1.0,0.4895287958115184
2019_20_20191228_NEW_EVE,2019_20,2019-12-28,NEW,EVE,1,0.4621409921671018,2.06,0.42960525515515,0.0,1.0,0.4621409921671018
2019_20_20191228_NOR_TOT,2019_20,2019-12-28,NOR,TOT,1,0.5949367088607596,1.6,0.7238894091451165,0.0,1.0,0.5949367088607596
2019_20_20191228_SOU_CRY,2019_20,2019-12-28,SOU,CRY,0,0.4659685863874345,2.04,0.4079914254144229,0.0,1.0,0.4659685863874345
2019_20_20191228_WAT_AVL,2019_20,2019-12-28,WAT,AVL,1,0.5618556701030928,1.7,0.4508655136859458,0.0,1.0,0.5618556701030928
2019_20_20191228_WHU_LEI,2019_20,2019-12-28,WHU,LEI,1,0.5903307888040712,1.61,0.6957426183470183,0.0,1.0,0.5903307888040712
2019_20_20191229_ARS_CHE,2019_20,2019-12-29,ARS,CHE,1,0.6184538653366584,1.53,0.6413073236296155,0.0,1.0,0.6184538653366584
2019_20_20191229_LIV_WOL,2019_20,2019-12-29,LIV,WOL,0,0.6105527638190955,1.55,0.638286302450073,0.0,1.0,0.6105527638190955
2019_20_20191229_MCI_SHU,2019_20,2019-12-29,MCI,SHU,0,0.6849315068493151,1.38,0.5649963180586257,0.0,1.0,0.6849315068493151
2019_20_20200101_ARS_MUN,2019_20,2020-01-01,ARS,MUN,0,0.5794871794871795,1.64,0.5624146054906572,0.0,1.0,0.5794871794871795
2019_20_20200101_BRI_CHE,2019_20,2020-01-01,BRI,CHE,0,0.5584415584415584,1.7,0.5923621351849018,0.0,1.0,0.5584415584415584
2019_20_20200101_BUR_AVL,2019_20,2020-01-01,BUR,AVL,1,0.5091863517060368,1.87,0.5944379311963693,0.0,1.0,0.5091863517060368
2019_20_20200101_MCI_EVE,2019_20,2020-01-01,MCI,EVE,1,0.6928251121076232,1.37,0.7828199913373062,0.0,1.0,0.6928251121076232
2019_20_20200101_NEW_LEI,2019_20,2020-01-01,NEW,LEI,1,0.4908136482939633,1.94,0.5994966855401723,0.0,1.0,0.4908136482939633
2019_20_20200101_NOR_CRY,2019_20,2020-01-01,NOR,CRY,0,0.5078534031413613,1.88,0.3777448638551243,0.0,1.0,0.5078534031413613
2019_20_20200101_SOU_TOT,2019_20,2020-01-01,SOU,TOT,0,0.5732647814910026,1.66,0.7496291617511162,0.0,1.0,0.5732647814910026
2019_20_20200101_WAT_WOL,2019_20,2020-01-01,WAT,WOL,1,0.4764397905759163,2.0,0.4622552824666273,0.0,1.0,0.4764397905759163
2019_20_20200101_WHU_BOU,2019_20,2020-01-01,WHU,BOU,1,0.570694087403599,1.67,0.453712549113358,0.0,1.0,0.570694087403599
2019_20_20200102_LIV_SHU,2019_20,2020-01-02,LIV,SHU,0,0.6159600997506234,1.54,0.4759735176386943,0.0,1.0,0.6159600997506234
2019_20_20200110_SHU_WHU,2019_20,2020-01-10,SHU,WHU,0,0.4699738903394256,2.03,0.4326194543470514,0.0,1.0,0.4699738903394256
2019_20_20200111_CHE_BUR,2019_20,2020-01-11,CHE,BUR,1,0.5743589743589743,1.66,0.6853311744165771,0.0,1.0,0.5743589743589743
2019_20_20200111_CRY_ARS,2019_20,2020-01-11,CRY,ARS,0,0.5300261096605744,1.8,0.3674165360723835,0.0,1.0,0.5300261096605744
2019_20_20200111_EVE_BRI,2019_20,2020-01-11,EVE,BRI,0,0.5221932114882506,1.83,0.4874136208015156,0.0,1.0,0.5221932114882506
2019_20_20200111_LEI_SOU,2019_20,2020-01-11,LEI,SOU,1,0.5816326530612244,1.64,0.8526094371716864,0.0,1.0,0.5816326530612244
2019_20_20200111_MUN_NOR,2019_20,2020-01-11,MUN,NOR,1,0.602015113350126,1.58,0.6822237910231583,0.0,1.0,0.602015113350126
2019_20_20200111_TOT_LIV,2019_20,2020-01-11,TOT,LIV,0,0.586734693877551,1.62,0.6423014861404118,0.0,1.0,0.586734693877551
2019_20_20200111_WOL_NEW,2019_20,2020-01-11,WOL,NEW,0,0.4751958224543081,2.01,0.5802182704321862,0.0,1.0,0.4751958224543081
2019_20_20200112_AVL_MCI,2019_20,2020-01-12,AVL,MCI,1,0.7465069860279441,1.27,0.8334180562724289,0.0,1.0,0.7465069860279441
2019_20_20200112_BOU_WAT,2019_20,2020-01-12,BOU,WAT,1,0.5052356020942408,1.89,0.3360904640730721,0.0,1.0,0.5052356020942408
2019_20_20200118_ARS_SHU,2019_20,2020-01-18,ARS,SHU,0,0.4790575916230366,1.99,0.3457117186398104,0.0,1.0,0.4790575916230366
2019_20_20200118_BRI_AVL,2019_20,2020-01-18,BRI,AVL,0,0.578005115089514,1.65,0.5807797784141306,0.0,1.0,0.578005115089514
2019_20_20200118_MCI_CRY,2019_20,2020-01-18,MCI,CRY,1,0.7323651452282157,1.29,0.6231782576184852,0.0,1.0,0.7323651452282157
2019_20_20200118_NEW_CHE,2019_20,2020-01-18,NEW,CHE,0,0.5670103092783505,1.68,0.5601130730423404,0.0,1.0,0.5670103092783505
2019_20_20200118_NOR_BOU,2019_20,2020-01-18,NOR,BOU,0,0.5326370757180157,1.79,0.4653840851543664,0.0,1.0,0.5326370757180157
2019_20_20200118_SOU_WOL,2019_20,2020-01-18,SOU,WOL,1,0.4712041884816754,2.02,0.6190609822364658,0.0,1.0,0.4712041884816754
2019_20_20200118_WAT_TOT,2019_20,2020-01-18,WAT,TOT,0,0.5274151436031332,1.81,0.520716381345743,0.0,1.0,0.5274151436031332
2019_20_20200118_WHU_EVE,2019_20,2020-01-18,WHU,EVE,0,0.5170603674540682,1.84,0.5236894066195975,0.0,1.0,0.5170603674540682
2019_20_20200119_BUR_LEI,2019_20,2020-01-19,BUR,LEI,1,0.5144356955380577,1.85,0.6988287374690517,0.0,1.0,0.5144356955380577
2019_20_20200119_LIV_MUN,2019_20,2020-01-19,LIV,MUN,0,0.5732647814910026,1.66,0.5767527581124999,0.0,1.0,0.5732647814910026
2019_20_20200121_AVL_WAT,2019_20,2020-01-21,AVL,WAT,1,0.5052356020942408,1.89,0.529223999748524,0.0,1.0,0.5052356020942408
2019_20_20200121_BOU_BRI,2019_20,2020-01-21,BOU,BRI,1,0.4830287206266319,1.98,0.3769129139491391,0.0,1.0,0.4830287206266319
2019_20_20200121_CHE_ARS,2019_20,2020-01-21,CHE,ARS,1,0.5670103092783505,1.68,0.6056574983839191,0.0,1.0,0.5670103092783505
2019_20_20200121_CRY_SOU,2019_20,2020-01-21,CRY,SOU,0,0.4318766066838046,2.21,0.4671459289460032,0.0,1.0,0.4318766066838046
2019_20_20200121_EVE_NEW,2019_20,2020-01-21,EVE,NEW,1,0.4895287958115184,1.95,0.4126082136473494,0.0,1.0,0.4895287958115184
2019_20_20200121_SHU_MCI,2019_20,2020-01-21,SHU,MCI,0,0.595959595959596,1.6,0.5599418432801966,0.0,1.0,0.595959595959596
2019_20_20200122_LEI_WHU,2019_20,2020-01-22,LEI,WHU,1,0.5888324873096447,1.62,0.6856560419650334,0.0,1.0,0.5888324873096447
2019_20_20200122_MUN_BUR,2019_20,2020-01-22,MUN,BUR,0,0.5274151436031332,1.81,0.5765547068221355,0.0,1.0,0.5274151436031332
2019_20_20200122_TOT_NOR,2019_20,2020-01-22,TOT,NOR,1,0.6178660049627792,1.54,0.6277292727246663,0.0,1.0,0.6178660049627792
2019_20_20200123_WOL_LIV,2019_20,2020-01-23,WOL,LIV,1,0.5287958115183247,1.8,0.5470307662103517,0.0,1.0,0.5287958115183247
2019_20_20200129_WHU_LIV,2019_20,2020-01-29,WHU,LIV,0,0.61,1.56,0.6419538986735709,0.0,1.0,0.61
2019_20_20200201_BOU_AVL,2019_20,2020-02-01,BOU,AVL,1,0.5340314136125655,1.78,0.53281336970531,0.0,1.0,0.5340314136125655
2019_20_20200201_CRY_SHU,2019_20,2020-02-01,CRY,SHU,0,0.3600973236009733,2.63,0.2076892294960495,0.0,1.0,0.3600973236009733
2019_20_20200201_LEI_CHE,2019_20,2020-02-01,LEI,CHE,1,0.5633074935400517,1.69,0.6846695428455307,0.0,1.0,0.5633074935400517
2019_20_20200201_LIV_SOU,2019_20,2020-02-01,LIV,SOU,1,0.6194029850746269,1.53,0.7146897322054943,0.0,1.0,0.6194029850746269
2019_20_20200201_MUN_WOL,2019_20,2020-02-01,MUN,WOL,0,0.4366925064599483,2.18,0.5372780261063231,0.0,1.0,0.4366925064599483
2019_20_20200201_NEW_NOR,2019_20,2020-02-01,NEW,NOR,0,0.4790575916230366,1.99,0.4890547817335866,0.0,1.0,0.4790575916230366
2019_20_20200201_WAT_EVE,2019_20,2020-02-01,WAT,EVE,1,0.4738219895287958,2.01,0.4107597747531479,0.0,1.0,0.4738219895287958
2019_20_20200201_WHU_BRI,2019_20,2020-02-01,WHU,BRI,1,0.4973821989528796,1.92,0.4812651959025589,0.0,1.0,0.4973821989528796
2019_20_20200202_BUR_ARS,2019_20,2020-02-02,BUR,ARS,0,0.5013123359580053,1.9,0.5107480133684836,0.0,1.0,0.5013123359580053
2019_20_20200202_TOT_MCI,2019_20,2020-02-02,TOT,MCI,0,0.6365853658536585,1.49,0.7462154096619047,0.0,1.0,0.6365853658536585
2019_20_20200208_BRI_WAT,2019_20,2020-02-08,BRI,WAT,0,0.4842931937172774,1.97,0.4551333821230899,0.0,1.0,0.4842931937172774
2019_20_20200208_EVE_CRY,2019_20,2020-02-08,EVE,CRY,1,0.4557291666666667,2.09,0.367140169272459,0.0,1.0,0.4557291666666667
2019_20_20200209_SHU_BOU,2019_20,2020-02-09,SHU,BOU,1,0.4168797953964194,2.28,0.3058440643427901,0.0,1.0,0.4168797953964194
2019_20_20200214_WOL_LEI,2019_20,2020-02-14,WOL,LEI,0,0.4699738903394256,2.03,0.632604128798817,0.0,1.0,0.4699738903394256
2019_20_20200215_NOR_LIV,2019_20,2020-02-15,NOR,LIV,0,0.628992628992629,1.51,0.6908076609588002,0.0,1.0,0.628992628992629
2019_20_20200215_SOU_BUR,2019_20,2020-02-15,SOU,BUR,1,0.486910994764398,1.96,0.6129782280224116,0.0,1.0,0.486910994764398
2019_20_20200216_ARS_NEW,2019_20,2020-02-16,ARS,NEW,1,0.5532467532467532,1.72,0.4562006367208912,0.0,1.0,0.5532467532467532
2019_20_20200216_AVL_TOT,2019_20,2020-02-16,AVL,TOT,1,0.5633074935400517,1.69,0.6605240110855675,0.0,1.0,0.5633074935400517
2019_20_20200217_CHE_MUN,2019_20,2020-02-17,CHE,MUN,0,0.5052356020942408,1.89,0.5510870161757737,0.0,1.0,0.5052356020942408
2019_20_20200219_MCI_WHU,2019_20,2020-02-19,MCI,WHU,0,0.7666034155597723,1.23,0.840966647050837,0.0,1.0,0.7666034155597723
2019_20_20200222_BUR_BOU,2019_20,2020-02-22,BUR,BOU,1,0.4267352185089973,2.23,0.4536800525580189,0.0,1.0,0.4267352185089973
2019_20_20200222_CHE_TOT,2019_20,2020-02-22,CHE,TOT,1,0.5274151436031332,1.81,0.6416614559643337,0.0,1.0,0.5274151436031332
2019_20_20200222_CRY_NEW,2019_20,2020-02-22,CRY,NEW,0,0.3787128712871287,2.51,0.3099173880402639,0.0,1.0,0.3787128712871287
2019_20_20200222_LEI_MCI,2019_20,2020-02-22,LEI,MCI,0,0.6159600997506234,1.54,0.7485225966407867,0.0,1.0,0.6159600997506234
2019_20_20200222_SHU_BRI,2019_20,2020-02-22,SHU,BRI,0,0.4267352185089973,2.23,0.3670269469390003,0.0,1.0,0.4267352185089973
2019_20_20200222_SOU_AVL,2019_20,2020-02-22,SOU,AVL,0,0.5984848484848484,1.59,0.7652993117457484,0.0,1.0,0.5984848484848484
2019_20_20200223_ARS_EVE,2019_20,2020-02-23,ARS,EVE,1,0.5494791666666667,1.73,0.5806916035621502,0.0,1.0,0.5494791666666667
2019_20_20200223_MUN_WAT,2019_20,2020-02-23,MUN,WAT,1,0.5,1.91,0.4844157196484049,0.0,1.0,0.5
2019_20_20200223_WOL_NOR,2019_20,2020-02-23,WOL,NOR,1,0.5104712041884817,1.87,0.587268357462395,0.0,1.0,0.5104712041884817
2019_20_20200224_LIV_WHU,2019_20,2020-02-24,LIV,WHU,1,0.6870748299319728,1.38,0.8285031139981094,0.0,1.0,0.6870748299319728
2019_20_20200228_NOR_LEI,2019_20,2020-02-28,NOR,LEI,0,0.5532467532467532,1.72,0.624636734291626,0.0,1.0,0.5532467532467532
2019_20_20200229_BOU_CHE,2019_20,2020-02-29,BOU,CHE,1,0.5300261096605744,1.8,0.572005667386322,0.0,1.0,0.5300261096605744
2019_20_20200229_BRI_CRY,2019_20,2020-02-29,BRI,CRY,0,0.4122137404580152,2.31,0.3631188464386975,0.0,1.0,0.4122137404580152
2019_20_20200229_NEW_BUR,2019_20,2020-02-29,NEW,BUR,0,0.4060913705583756,2.34,0.4040335564575787,0.0,1.0,0.4060913705583756
2019_20_20200229_WAT_LIV,2019_20,2020-02-29,WAT,LIV,1,0.5794871794871795,1.64,0.5534275365584571,0.0,1.0,0.5794871794871795
2019_20_20200229_WHU_SOU,2019_20,2020-02-29,WHU,SOU,1,0.5418848167539266,1.75,0.7264479440099558,0.0,1.0,0.5418848167539266
2019_20_20200301_EVE_MUN,2019_20,2020-03-01,EVE,MUN,0,0.4803149606299213,1.98,0.5276122552945718,0.0,1.0,0.4803149606299213
2019_20_20200301_TOT_WOL,2019_20,2020-03-01,TOT,WOL,1,0.4278350515463917,2.22,0.591395760843767,0.0,1.0,0.4278350515463917
2019_20_20200307_ARS_WHU,2019_20,2020-03-07,ARS,WHU,0,0.5949367088607596,1.6,0.6690105967499868,0.0,1.0,0.5949367088607596
2019_20_20200307_BUR_TOT,2019_20,2020-03-07,BUR,TOT,0,0.4621409921671018,2.06,0.5613636928131229,0.0,1.0,0.4621409921671018
2019_20_20200307_CRY_WAT,2019_20,2020-03-07,CRY,WAT,0,0.4168797953964194,2.28,0.3368941835320558,0.0,1.0,0.4168797953964194
2019_20_20200307_LIV_BOU,2019_20,2020-03-07,LIV,BOU,1,0.6457831325301205,1.47,0.7826116412671822,0.0,1.0,0.6457831325301205
2019_20_20200307_SHU_NOR,2019_20,2020-03-07,SHU,NOR,0,0.4621409921671018,2.06,0.4402142248342647,0.0,1.0,0.4621409921671018
2019_20_20200307_SOU_NEW,2019_20,2020-03-07,SOU,NEW,0,0.5261780104712042,1.81,0.56561286360321,0.0,1.0,0.5261780104712042
2019_20_20200307_WOL_BRI,2019_20,2020-03-07,WOL,BRI,0,0.4776902887139108,1.99,0.604507907987578,0.0,1.0,0.4776902887139108
2019_20_20200308_CHE_EVE,2019_20,2020-03-08,CHE,EVE,1,0.5558441558441558,1.71,0.7642586017345793,0.0,1.0,0.5558441558441558
2019_20_20200308_MUN_MCI,2019_20,2020-03-08,MUN,MCI,0,0.5721649484536083,1.66,0.6614353448826197,0.0,1.0,0.5721649484536083
2019_20_20200309_LEI_AVL,2019_20,2020-03-09,LEI,AVL,1,0.62,1.52,0.909142918589638,0.0,1.0,0.62
2019_20_20200617_AVL_SHU,2019_20,2020-06-17,AVL,SHU,0,0.4583333333333333,2.08,0.5113471057822363,0.0,1.0,0.4583333333333333
2019_20_20200617_MCI_ARS,2019_20,2020-06-17,MCI,ARS,1,0.6877828054298643,1.38,0.8656674188997204,0.0,1.0,0.6877828054298643
2019_20_20200619_NOR_SOU,2019_20,2020-06-19,NOR,SOU,1,0.4986945169712793,1.92,0.6459037946967933,0.0,1.0,0.4986945169712793
2019_20_20200619_TOT_MUN,2019_20,2020-06-19,TOT,MUN,0,0.4934725848563968,1.94,0.5933474647383393,0.0,1.0,0.4934725848563968
2019_20_20200620_BOU_CRY,2019_20,2020-06-20,BOU,CRY,0,0.4493506493506493,2.12,0.3890292786809272,0.0,1.0,0.4493506493506493
2019_20_20200620_BRI_ARS,2019_20,2020-06-20,BRI,ARS,1,0.4947643979057591,1.93,0.5355164271713175,0.0,1.0,0.4947643979057591
2019_20_20200620_WAT_LEI,2019_20,2020-06-20,WAT,LEI,0,0.5013054830287206,1.91,0.5729283864988068,0.0,1.0,0.5013054830287206
2019_20_20200620_WHU_WOL,2019_20,2020-06-20,WHU,WOL,0,0.4635416666666666,2.06,0.6363510696596031,0.0,1.0,0.4635416666666666
2019_20_20200621_AVL_CHE,2019_20,2020-06-21,AVL,CHE,1,0.5994962216624685,1.59,0.7703681016941677,0.0,1.0,0.5994962216624685
2019_20_20200621_EVE_LIV,2019_20,2020-06-21,EVE,LIV,0,0.5732647814910026,1.66,0.6416421994854429,0.0,1.0,0.5732647814910026
2019_20_20200621_NEW_SHU,2019_20,2020-06-21,NEW,SHU,1,0.3865336658354114,2.46,0.2509121593047624,0.0,1.0,0.3865336658354114
2019_20_20200622_MCI_BUR,2019_20,2020-06-22,MCI,BUR,1,0.7173447537473233,1.32,0.8127088814513115,0.0,1.0,0.7173447537473233
2019_20_20200623_LEI_BRI,2019_20,2020-06-23,LEI,BRI,0,0.4908616187989557,1.95,0.7177969708052138,0.0,1.0,0.4908616187989557
2019_20_20200623_TOT_WHU,2019_20,2020-06-23,TOT,WHU,0,0.5338541666666666,1.79,0.8073538693731569,0.0,1.0,0.5338541666666666
2019_20_20200624_LIV_CRY,2019_20,2020-06-24,LIV,CRY,1,0.5644329896907216,1.69,0.6055667614203837,0.0,1.0,0.5644329896907216
2019_20_20200624_MUN_SHU,2019_20,2020-06-24,MUN,SHU,1,0.4778067885117493,2.0,0.4071130614106948,0.0,1.0,0.4778067885117493
2019_20_20200624_NEW_AVL,2019_20,2020-06-24,NEW,AVL,0,0.4571428571428572,2.09,0.6549649158528287,0.0,1.0,0.4571428571428572
2019_20_20200624_NOR_EVE,2019_20,2020-06-24,NOR,EVE,0,0.5248041775456919,1.82,0.5387227908371641,0.0,1.0,0.5248041775456919
2019_20_20200624_WOL_BOU,2019_20,2020-06-24,WOL,BOU,0,0.4609375,2.07,0.7633778558431861,0.0,1.0,0.4609375
2019_20_20200625_BUR_WAT,2019_20,2020-06-25,BUR,WAT,0,0.4381443298969071,2.18,0.565141765816082,0.0,1.0,0.4381443298969071
2019_20_20200625_CHE_MCI,2019_20,2020-06-25,CHE,MCI,1,0.5841836734693877,1.63,0.8487903010407144,0.0,1.0,0.5841836734693877
2019_20_20200625_SOU_ARS,2019_20,2020-06-25,SOU,ARS,0,0.5300261096605744,1.8,0.8047911309736913,0.0,1.0,0.5300261096605744
2019_20_20200627_AVL_WOL,2019_20,2020-06-27,AVL,WOL,0,0.4583333333333333,2.08,0.6935289321869345,0.0,1.0,0.4583333333333333
2019_20_20200628_WAT_SOU,2019_20,2020-06-28,WAT,SOU,1,0.4778067885117493,2.0,0.6617546022378538,0.0,1.0,0.4778067885117493
2019_20_20200629_CRY_BUR,2019_20,2020-06-29,CRY,BUR,0,0.3934837092731829,2.42,0.4304319446520406,0.0,1.0,0.3934837092731829
2019_20_20200630_BRI_MUN,2019_20,2020-06-30,BRI,MUN,1,0.4559585492227979,2.1,0.4573779389987067,0.0,1.0,0.4559585492227979
2019_20_20200701_ARS_NOR,2019_20,2020-07-01,ARS,NOR,1,0.5618556701030928,1.7,0.6350134296903187,0.0,1.0,0.5618556701030928
2019_20_20200701_BOU_NEW,2019_20,2020-07-01,BOU,NEW,1,0.4005037783375315,2.38,0.4058696414269047,0.0,1.0,0.4005037783375315
2019_20_20200701_EVE_LEI,2019_20,2020-07-01,EVE,LEI,1,0.4583333333333333,2.08,0.5877383347836671,0.0,1.0,0.4583333333333333
2019_20_20200701_WHU_CHE,2019_20,2020-07-01,WHU,CHE,1,0.5544041450777203,1.72,0.711553804886873,0.0,1.0,0.5544041450777203
2019_20_20200702_MCI_LIV,2019_20,2020-07-02,MCI,LIV,1,0.606516290726817,1.57,0.5920960877176128,0.0,1.0,0.606516290726817
2019_20_20200702_SHU_TOT,2019_20,2020-07-02,SHU,TOT,1,0.4430051813471503,2.15,0.3740062214864319,0.0,1.0,0.4430051813471503
2019_20_20200704_CHE_WAT,2019_20,2020-07-04,CHE,WAT,1,0.5518134715025906,1.73,0.683308041258191,0.0,1.0,0.5518134715025906
2019_20_20200704_LEI_CRY,2019_20,2020-07-04,LEI,CRY,1,0.4333333333333333,2.21,0.5201265213005507,0.0,1.0,0.4333333333333333
2019_20_20200704_MUN_BOU,2019_20,2020-07-04,MUN,BOU,1,0.624078624078624,1.53,0.6762856463935654,0.0,1.0,0.624078624078624
2019_20_20200704_NOR_BRI,2019_20,2020-07-04,NOR,BRI,0,0.4597402597402597,2.08,0.3353766284662025,0.0,1.0,0.4597402597402597
2019_20_20200704_WOL_ARS,2019_20,2020-07-04,WOL,ARS,0,0.4545454545454546,2.1,0.5365844248995206,0.0,1.0,0.4545454545454546
2019_20_20200705_BUR_SHU,2019_20,2020-07-05,BUR,SHU,0,0.359903381642512,2.65,0.2948689901704766,0.0,1.0,0.359903381642512
2019_20_20200705_LIV_AVL,2019_20,2020-07-05,LIV,AVL,0,0.637469586374696,1.49,0.8190657462536672,0.0,1.0,0.637469586374696
2019_20_20200705_NEW_WHU,2019_20,2020-07-05,NEW,WHU,1,0.4764397905759163,2.0,0.5596259238395703,0.0,1.0,0.4764397905759163
2019_20_20200705_SOU_MCI,2019_20,2020-07-05,SOU,MCI,0,0.6159600997506234,1.54,0.766584668750766,0.0,1.0,0.6159600997506234
2019_20_20200706_TOT_EVE,2019_20,2020-07-06,TOT,EVE,0,0.5143603133159269,1.86,0.626831937729278,0.0,1.0,0.5143603133159269
2019_20_20200707_ARS_LEI,2019_20,2020-07-07,ARS,LEI,0,0.5091383812010444,1.88,0.5681841434222523,0.0,1.0,0.5091383812010444
2019_20_20200707_CRY_CHE,2019_20,2020-07-07,CRY,CHE,1,0.5221932114882506,1.83,0.47870627162662,0.0,1.0,0.5221932114882506
2019_20_20200707_WAT_NOR,2019_20,2020-07-07,WAT,NOR,1,0.4675324675324676,2.05,0.369793045219806,0.0,1.0,0.4675324675324676
2019_20_20200708_BRI_LIV,2019_20,2020-07-08,BRI,LIV,1,0.5506493506493506,1.73,0.439064134836463,0.0,1.0,0.5506493506493506
2019_20_20200708_MCI_NEW,2019_20,2020-07-08,MCI,NEW,1,0.6840909090909091,1.39,0.681547505627771,0.0,1.0,0.6840909090909091
2019_20_20200708_SHU_WOL,2019_20,2020-07-08,SHU,WOL,0,0.3533653846153846,2.69,0.2920455177322865,0.0,1.0,0.3533653846153846
2019_20_20200708_WHU_BUR,2019_20,2020-07-08,WHU,BUR,0,0.4635416666666666,2.06,0.5201575269210326,0.0,1.0,0.4635416666666666
2019_20_20200709_AVL_MUN,2019_20,2020-07-09,AVL,MUN,1,0.5769230769230769,1.65,0.5576235133432479,0.0,1.0,0.5769230769230769
2019_20_20200709_BOU_TOT,2019_20,2020-07-09,BOU,TOT,0,0.5506493506493506,1.73,0.5535659386471519,0.0,1.0,0.5506493506493506
2019_20_20200709_EVE_SOU,2019_20,2020-07-09,EVE,SOU,0,0.4973821989528796,1.92,0.6248704469618167,0.0,1.0,0.4973821989528796
2019_20_20200711_BRI_MCI,2019_20,2020-07-11,BRI,MCI,1,0.6265356265356266,1.52,0.6069621491705621,0.0,1.0,0.6265356265356266
2019_20_20200711_LIV_BUR,2019_20,2020-07-11,LIV,BUR,0,0.625615763546798,1.52,0.5656443663727324,0.0,1.0,0.625615763546798
2019_20_20200711_NOR_WHU,2019_20,2020-07-11,NOR,WHU,1,0.5234374999999999,1.83,0.4424120764199789,0.0,1.0,0.5234374999999999
2019_20_20200711_SHU_CHE,2019_20,2020-07-11,SHU,CHE,1,0.4830287206266319,1.98,0.4140638227253631,0.0,1.0,0.4830287206266319
2019_20_20200711_WAT_NEW,2019_20,2020-07-11,WAT,NEW,1,0.4635416666666666,2.06,0.3660343058007922,0.0,1.0,0.4635416666666666
2019_20_20200712_AVL_CRY,2019_20,2020-07-12,AVL,CRY,0,0.4751958224543081,2.01,0.3844541665863772,0.0,1.0,0.4751958224543081
2019_20_20200712_BOU_LEI,2019_20,2020-07-12,BOU,LEI,1,0.5039370078740157,1.89,0.5549034503605225,0.0,1.0,0.5039370078740157
2019_20_20200712_TOT_ARS,2019_20,2020-07-12,TOT,ARS,1,0.5402597402597403,1.77,0.49725234418026,0.0,1.0,0.5402597402597403
2019_20_20200712_WOL_EVE,2019_20,2020-07-12,WOL,EVE,1,0.3836633663366336,2.49,0.4317385079681548,0.0,1.0,0.3836633663366336
2019_20_20200713_MUN_SOU,2019_20,2020-07-13,MUN,SOU,1,0.5913705583756345,1.61,0.6563968741169575,0.0,1.0,0.5913705583756345
2019_20_20200714_CHE_NOR,2019_20,2020-07-14,CHE,NOR,0,0.6997792494481236,1.36,0.7052967304419198,0.0,1.0,0.6997792494481236
2019_20_20200715_ARS_LIV,2019_20,2020-07-15,ARS,LIV,1,0.6040100250626567,1.58,0.4776010053553695,0.0,1.0,0.6040100250626567
2019_20_20200715_BUR_WOL,2019_20,2020-07-15,BUR,WOL,0,0.3777777777777777,2.52,0.3527643067788748,0.0,1.0,0.3777777777777777
2019_20_20200715_MCI_BOU,2019_20,2020-07-15,MCI,BOU,1,0.7388663967611336,1.29,0.8426559704467704,0.0,1.0,0.7388663967611336
2019_20_20200715_NEW_TOT,2019_20,2020-07-15,NEW,TOT,1,0.5104712041884817,1.87,0.4417006670334271,0.0,1.0,0.5104712041884817
2019_20_20200716_CRY_MUN,2019_20,2020-07-16,CRY,MUN,0,0.5402597402597403,1.77,0.3546738472450347,0.0,1.0,0.5402597402597403
2019_20_20200716_EVE_AVL,2019_20,2020-07-16,EVE,AVL,0,0.5104712041884817,1.87,0.5248004470561863,0.0,1.0,0.5104712041884817
2019_20_20200716_LEI_SHU,2019_20,2020-07-16,LEI,SHU,0,0.4455958549222798,2.14,0.3617491050755641,0.0,1.0,0.4455958549222798
2019_20_20200716_SOU_BRI,2019_20,2020-07-16,SOU,BRI,0,0.4481865284974093,2.13,0.5564014308336738,0.0,1.0,0.4481865284974093
2019_20_20200717_WHU_WAT,2019_20,2020-07-17,WHU,WAT,1,0.4699738903394256,2.03,0.5065586408859931,0.0,1.0,0.4699738903394256
2019_20_20200718_NOR_BUR,2019_20,2020-07-18,NOR,BUR,0,0.4647519582245431,2.05,0.3203405376400712,0.0,1.0,0.4647519582245431
2019_20_20200719_BOU_SOU,2019_20,2020-07-19,BOU,SOU,0,0.5581395348837209,1.71,0.5662077362412176,0.0,1.0,0.5581395348837209
2019_20_20200719_TOT_LEI,2019_20,2020-07-19,TOT,LEI,1,0.4895287958115184,1.95,0.5295633209547032,0.0,1.0,0.4895287958115184
2019_20_20200720_BRI_NEW,2019_20,2020-07-20,BRI,NEW,0,0.4493506493506493,2.12,0.416137615922401,0.0,1.0,0.4493506493506493
2019_20_20200720_SHU_EVE,2019_20,2020-07-20,SHU,EVE,0,0.4111675126903554,2.32,0.3306765016273321,0.0,1.0,0.4111675126903554
2019_20_20200720_WOL_CRY,2019_20,2020-07-20,WOL,CRY,0,0.4173027989821883,2.29,0.3824038677803023,0.0,1.0,0.4173027989821883
2019_20_20200721_AVL_ARS,2019_20,2020-07-21,AVL,ARS,0,0.5754475703324808,1.66,0.5744220848535093,0.0,1.0,0.5754475703324808
2019_20_20200721_WAT_MCI,2019_20,2020-07-21,WAT,MCI,1,0.6433734939759036,1.48,0.6761930965702239,0.0,1.0,0.6433734939759036
2019_20_20200722_LIV_CHE,2019_20,2020-07-22,LIV,CHE,1,0.5939086294416244,1.6,0.6594000290543395,0.0,1.0,0.5939086294416244
2019_20_20200722_MUN_WHU,2019_20,2020-07-22,MUN,WHU,0,0.6457831325301205,1.47,0.6472047326155823,0.0,1.0,0.6457831325301205
2019_20_20200726_ARS_WAT,2019_20,2020-07-26,ARS,WAT,1,0.5924050632911392,1.61,0.5051565386057724,0.0,1.0,0.5924050632911392
2019_20_20200726_BUR_BRI,2019_20,2020-07-26,BUR,BRI,1,0.5,1.91,0.3559356254791934,0.0,1.0,0.5
2019_20_20200726_CHE_WOL,2019_20,2020-07-26,CHE,WOL,0,0.5026178010471204,1.9,0.5124424102511548,0.0,1.0,0.5026178010471204
2019_20_20200726_CRY_TOT,2019_20,2020-07-26,CRY,TOT,0,0.5416666666666667,1.76,0.3674874156583618,0.0,1.0,0.5416666666666667
2019_20_20200726_EVE_BOU,2019_20,2020-07-26,EVE,BOU,1,0.602015113350126,1.58,0.4776262318184447,0.0,1.0,0.602015113350126
2019_20_20200726_LEI_MUN,2019_20,2020-07-26,LEI,MUN,0,0.5182291666666667,1.85,0.4701722366011547,0.0,1.0,0.5182291666666667
2019_20_20200726_MCI_NOR,2019_20,2020-07-26,MCI,NOR,1,0.7827648114901257,1.21,0.7934332914372233,0.0,1.0,0.7827648114901257
2019_20_20200726_NEW_LIV,2019_20,2020-07-26,NEW,LIV,1,0.6178660049627792,1.54,0.5010772199161863,0.0,1.0,0.6178660049627792
2019_20_20200726_SOU_SHU,2019_20,2020-07-26,SOU,SHU,1,0.5104712041884817,1.87,0.3263301772956621,0.0,1.0,0.5104712041884817
2019_20_20200726_WHU_AVL,2019_20,2020-07-26,WHU,AVL,0,0.5743589743589743,1.66,0.5520704483874725,0.0,1.0,0.5743589743589743
2020_21_20200912_LIV_LEE,2020_21,2020-09-12,LIV,LEE,1,0.6246913580246914,1.52,0.32744539126211,0.0,1.0,0.6246913580246914
2020_21_20200912_WHU_NEW,2020_21,2020-09-12,WHU,NEW,0,0.4856396866840731,1.97,0.719221282699684,0.0,1.0,0.4856396866840731
2020_21_20200913_TOT_EVE,2020_21,2020-09-13,TOT,EVE,0,0.4921465968586388,1.94,0.6356962922991666,0.0,1.0,0.4921465968586388
2020_21_20200913_WBA_LEI,2020_21,2020-09-13,WBA,LEI,1,0.4973821989528796,1.92,0.5287618658981016,0.0,1.0,0.4973821989528796
2020_21_20200914_BRI_CHE,2020_21,2020-09-14,BRI,CHE,1,0.5416666666666667,1.76,0.5376164893403846,0.0,1.0,0.5416666666666667
2020_21_20200914_SHU_WOL,2020_21,2020-09-14,SHU,WOL,0,0.3557692307692308,2.68,0.5796306397425633,0.0,1.0,0.3557692307692308
2020_21_20200919_ARS_WHU,2020_21,2020-09-19,ARS,WHU,1,0.583756345177665,1.64,0.547563576302212,0.0,1.0,0.583756345177665
2020_21_20200919_EVE_WBA,2020_21,2020-09-19,EVE,WBA,1,0.5286458333333333,1.81,0.5512876843715069,0.0,1.0,0.5286458333333333
2020_21_20200919_LEE_FUL,2020_21,2020-09-19,LEE,FUL,1,0.4973958333333334,1.93,0.6520748511290126,0.0,1.0,0.4973958333333334
2020_21_20200919_MUN_CRY,2020_21,2020-09-19,MUN,CRY,1,0.5743589743589743,1.66,0.7215585125151889,0.0,1.0,0.5743589743589743
2020_21_20200920_CHE_LIV,2020_21,2020-09-20,CHE,LIV,0,0.5934343434343434,1.61,0.725735111185231,0.0,1.0,0.5934343434343434
2020_21_20200920_LEI_BUR,2020_21,2020-09-20,LEI,BUR,1,0.4908616187989557,1.95,0.6981191486664469,0.0,1.0,0.4908616187989557
2020_21_20200920_NEW_BRI,2020_21,2020-09-20,NEW,BRI,1,0.4005037783375315,2.38,0.7330148497440229,0.0,1.0,0.4005037783375315
2020_21_20200920_SOU_TOT,2020_21,2020-09-20,SOU,TOT,1,0.4869791666666667,1.97,0.7221796122881858,0.0,1.0,0.4869791666666667
2020_21_20200921_AVL_SHU,2020_21,2020-09-21,AVL,SHU,0,0.4245524296675191,2.25,0.7616867252821916,0.0,1.0,0.4245524296675191
2020_21_20200921_WOL_MCI,2020_21,2020-09-21,WOL,MCI,1,0.5618556701030928,1.7,0.7272044328344213,0.0,1.0,0.5618556701030928
2020_21_20200926_BRI_MUN,2020_21,2020-09-26,BRI,MUN,1,0.5143603133159269,1.86,0.729795760793801,0.0,1.0,0.5143603133159269
2020_21_20200926_BUR_SOU,2020_21,2020-09-26,BUR,SOU,0,0.4557291666666667,2.09,0.742910031446695,0.0,1.0,0.4557291666666667
2020_21_20200926_CRY_EVE,2020_21,2020-09-26,CRY,EVE,1,0.441860465116279,2.16,0.7120850133378781,0.0,1.0,0.441860465116279
2020_21_20200926_WBA_CHE,2020_21,2020-09-26,WBA,CHE,1,0.5816326530612244,1.64,0.7045975126187874,0.0,1.0,0.5816326530612244
2020_21_20200927_MCI_LEI,2020_21,2020-09-27,MCI,LEI,1,0.6728538283062646,1.41,0.728953900731215,0.0,1.0,0.6728538283062646
2020_21_20200927_SHU_LEE,2020_21,2020-09-27,SHU,LEE,0,0.4778067885117493,2.0,0.7586725918771315,0.0,1.0,0.4778067885117493
2020_21_20200927_TOT_NEW,2020_21,2020-09-27,TOT,NEW,0,0.5454545454545455,1.75,0.7320440281305213,0.0,1.0,0.5454545454545455
2020_21_20200927_WHU_WOL,2020_21,2020-09-27,WHU,WOL,1,0.4481865284974093,2.13,0.7152762142460296,0.0,1.0,0.4481865284974093
2020_21_20200928_FUL_AVL,2020_21,2020-09-28,FUL,AVL,1,0.4595300261096606,2.07,0.718006040743532,0.0,1.0,0.4595300261096606
2020_21_20200928_LIV_ARS,2020_21,2020-09-28,LIV,ARS,1,0.6169154228855721,1.54,0.7114853740454674,0.0,1.0,0.6169154228855721
2020_21_20201003_CHE_CRY,2020_21,2020-10-03,CHE,CRY,1,0.589873417721519,1.62,0.7143128958619798,0.0,1.0,0.589873417721519
2020_21_20201003_EVE_BRI,2020_21,2020-10-03,EVE,BRI,1,0.5221932114882506,1.83,0.7169149587387397,0.0,1.0,0.5221932114882506
2020_21_20201003_LEE_MCI,2020_21,2020-10-03,LEE,MCI,0,0.6941964285714286,1.37,0.7356620761940424,0.0,1.0,0.6941964285714286
2020_21_20201003_NEW_BUR,2020_21,2020-10-03,NEW,BUR,1,0.4122137404580152,2.31,0.7210487615819519,0.0,1.0,0.4122137404580152
2020_21_20201004_ARS_SHU,2020_21,2020-10-04,ARS,SHU,1,0.4947643979057591,1.93,0.7231358138085957,0.0,1.0,0.4947643979057591
2020_21_20201004_AVL_LIV,2020_21,2020-10-04,AVL,LIV,1,0.6203473945409429,1.53,0.7172123833999133,0.0,1.0,0.6203473945409429
2020_21_20201004_LEI_WHU,2020_21,2020-10-04,LEI,WHU,1,0.5732647814910026,1.66,0.7561971310639948,0.0,1.0,0.5732647814910026
2020_21_20201004_MUN_TOT,2020_21,2020-10-04,MUN,TOT,1,0.5326370757180157,1.79,0.7495543444776719,0.0,1.0,0.5326370757180157
2020_21_20201004_SOU_WBA,2020_21,2020-10-04,SOU,WBA,0,0.5287958115183247,1.8,0.7700359366705368,0.0,1.0,0.5287958115183247
2020_21_20201004_WOL_FUL,2020_21,2020-10-04,WOL,FUL,0,0.4493506493506493,2.12,0.7567351856548405,0.0,1.0,0.4493506493506493
2020_21_20201017_CHE_SOU,2020_21,2020-10-17,CHE,SOU,1,0.6030150753768844,1.58,0.7367663957625229,0.0,1.0,0.6030150753768844
2020_21_20201017_EVE_LIV,2020_21,2020-10-17,EVE,LIV,1,0.6231527093596059,1.53,0.7512736760192473,0.0,1.0,0.6231527093596059
2020_21_20201017_MCI_ARS,2020_21,2020-10-17,MCI,ARS,0,0.6619385342789598,1.43,0.7517338404848717,0.0,1.0,0.6619385342789598
2020_21_20201017_NEW_MUN,2020_21,2020-10-17,NEW,MUN,1,0.548051948051948,1.74,0.7324701234856095,0.0,1.0,0.548051948051948
2020_21_20201018_CRY_BRI,2020_21,2020-10-18,CRY,BRI,0,0.4355670103092783,2.19,0.7403438113607501,0.0,1.0,0.4355670103092783
2020_21_20201018_LEI_AVL,2020_21,2020-10-18,LEI,AVL,0,0.5852417302798981,1.63,0.728128208017067,0.0,1.0,0.5852417302798981
2020_21_20201018_SHU_FUL,2020_21,2020-10-18,SHU,FUL,0,0.423076923076923,2.25,0.7092173766726269,0.0,1.0,0.423076923076923
2020_21_20201018_TOT_WHU,2020_21,2020-10-18,TOT,WHU,1,0.5984848484848484,1.59,0.6975220535989205,0.0,1.0,0.5984848484848484
2020_21_20201019_LEE_WOL,2020_21,2020-10-19,LEE,WOL,0,0.4467532467532467,2.13,0.714057146759274,0.0,1.0,0.4467532467532467
2020_21_20201019_WBA_BUR,2020_21,2020-10-19,WBA,BUR,0,0.4493506493506493,2.12,0.695599468029861,0.0,1.0,0.4493506493506493
2020_21_20201023_AVL_LEE,2020_21,2020-10-23,AVL,LEE,1,0.5944584382871536,1.61,0.6383805863576941,0.0,1.0,0.5944584382871536
2020_21_20201024_FUL_CRY,2020_21,2020-10-24,FUL,CRY,1,0.4209183673469387,2.27,0.3472839324759088,0.0,1.0,0.4209183673469387
2020_21_20201024_LIV_SHU,2020_21,2020-10-24,LIV,SHU,1,0.6365853658536585,1.49,0.3185805396776888,0.0,1.0,0.6365853658536585
2020_21_20201024_MUN_CHE,2020_21,2020-10-24,MUN,CHE,0,0.5888324873096447,1.62,0.7899470013861349,0.0,1.0,0.5888324873096447
2020_21_20201024_WHU_MCI,2020_21,2020-10-24,WHU,MCI,0,0.6705336426914155,1.42,0.7580109846737974,0.0,1.0,0.6705336426914155
2020_21_20201025_ARS_LEI,2020_21,2020-10-25,ARS,LEI,0,0.5492227979274612,1.74,0.4919281314897128,0.0,1.0,0.5492227979274612
2020_21_20201025_SOU_EVE,2020_21,2020-10-25,SOU,EVE,0,0.5338541666666666,1.79,0.907874231413341,0.0,1.0,0.5338541666666666
2020_21_20201025_WOL_NEW,2020_21,2020-10-25,WOL,NEW,0,0.4245524296675191,2.25,0.5344987559612396,0.0,1.0,0.4245524296675191
2020_21_20201026_BRI_WBA,2020_21,2020-10-26,BRI,WBA,0,0.5221932114882506,1.83,0.6687408928803462,0.0,1.0,0.5221932114882506
2020_21_20201026_BUR_TOT,2020_21,2020-10-26,BUR,TOT,0,0.518324607329843,1.84,0.6595893219605247,0.0,1.0,0.518324607329843
2020_21_20201030_WOL_CRY,2020_21,2020-10-30,WOL,CRY,0,0.3566265060240964,2.67,0.3891126968436547,0.0,1.0,0.3566265060240964
2020_21_20201031_BUR_CHE,2020_21,2020-10-31,BUR,CHE,1,0.5732647814910026,1.66,0.8446638429732447,0.0,1.0,0.5732647814910026
2020_21_20201031_LIV_WHU,2020_21,2020-10-31,LIV,WHU,1,0.6781609195402298,1.4,0.9263959637293964,0.0,1.0,0.6781609195402298
2020_21_20201031_SHU_MCI,2020_21,2020-10-31,SHU,MCI,0,0.6308068459657702,1.51,0.3382963645852759,0.0,1.0,0.6308068459657702
2020_21_20201101_AVL_SOU,2020_21,2020-11-01,AVL,SOU,1,0.5790816326530612,1.65,0.8580169167163847,0.0,1.0,0.5790816326530612
2020_21_20201101_MUN_ARS,2020_21,2020-11-01,MUN,ARS,0,0.5492227979274612,1.74,0.6057101539808019,0.0,1.0,0.5492227979274612
2020_21_20201101_NEW_EVE,2020_21,2020-11-01,NEW,EVE,1,0.5248041775456919,1.82,0.7847548403067013,0.0,1.0,0.5248041775456919
2020_21_20201101_TOT_BRI,2020_21,2020-11-01,TOT,BRI,1,0.578005115089514,1.65,0.8575382444723187,0.0,1.0,0.578005115089514
2020_21_20201102_FUL_WBA,2020_21,2020-11-02,FUL,WBA,0,0.4635416666666666,2.06,0.544187303708749,0.0,1.0,0.4635416666666666
2020_21_20201102_LEE_LEI,2020_21,2020-11-02,LEE,LEI,1,0.5454545454545455,1.75,0.7490896418179017,0.0,1.0,0.5454545454545455
2020_21_20201106_BRI_BUR,2020_21,2020-11-06,BRI,BUR,0,0.451948051948052,2.11,0.4797678739729795,0.0,1.0,0.451948051948052
2020_21_20201106_SOU_NEW,2020_21,2020-11-06,SOU,NEW,0,0.5221932114882506,1.83,0.7128141283976746,0.0,1.0,0.5221932114882506
2020_21_20201107_CHE_SHU,2020_21,2020-11-07,CHE,SHU,1,0.5644329896907216,1.69,0.5122906820986698,0.0,1.0,0.5644329896907216
2020_21_20201107_CRY_LEE,2020_21,2020-11-07,CRY,LEE,1,0.4921465968586388,1.94,0.6442545148439878,0.0,1.0,0.4921465968586388
2020_21_20201107_EVE_MUN,2020_21,2020-11-07,EVE,MUN,1,0.5416666666666667,1.76,0.8226216903395176,0.0,1.0,0.5416666666666667
2020_21_20201107_WHU_FUL,2020_21,2020-11-07,WHU,FUL,0,0.5235602094240838,1.82,0.6509167541031572,0.0,1.0,0.5235602094240838
2020_21_20201108_ARS_AVL,2020_21,2020-11-08,ARS,AVL,1,0.5692307692307692,1.68,0.7366705274508876,0.0,1.0,0.5692307692307692
2020_21_20201108_LEI_WOL,2020_21,2020-11-08,LEI,WOL,0,0.4060913705583756,2.34,0.527607273586245,0.0,1.0,0.4060913705583756
2020_21_20201108_MCI_LIV,2020_21,2020-11-08,MCI,LIV,0,0.6595744680851063,1.44,0.6790834732636329,0.0,1.0,0.6595744680851063
2020_21_20201108_WBA_TOT,2020_21,2020-11-08,WBA,TOT,0,0.5607235142118864,1.7,0.8773316783165064,0.0,1.0,0.5607235142118864
2020_21_20201121_AVL_BRI,2020_21,2020-11-21,AVL,BRI,1,0.5442708333333333,1.75,0.790444632536927,0.0,1.0,0.5442708333333333
2020_21_20201121_MUN_WBA,2020_21,2020-11-21,MUN,WBA,0,0.5816326530612244,1.64,0.7193705285892499,0.0,1.0,0.5816326530612244
2020_21_20201121_NEW_CHE,2020_21,2020-11-21,NEW,CHE,0,0.5743589743589743,1.66,0.7810405264502416,0.0,1.0,0.5743589743589743
2020_21_20201121_TOT_MCI,2020_21,2020-11-21,TOT,MCI,0,0.5969773299748111,1.6,0.6514692489453333,0.0,1.0,0.5969773299748111
2020_21_20201122_FUL_EVE,2020_21,2020-11-22,FUL,EVE,1,0.5454545454545455,1.75,0.7424026528945371,0.0,1.0,0.5454545454545455
2020_21_20201122_LEE_ARS,2020_21,2020-11-22,LEE,ARS,0,0.5743589743589743,1.66,0.6274526224309557,0.0,1.0,0.5743589743589743
2020_21_20201122_LIV_LEI,2020_21,2020-11-22,LIV,LEI,1,0.6005025125628142,1.59,0.8893607560844242,0.0,1.0,0.6005025125628142
2020_21_20201122_SHU_WHU,2020_21,2020-11-22,SHU,WHU,0,0.451948051948052,2.11,0.5158608252305721,0.0,1.0,0.451948051948052
2020_21_20201123_BUR_CRY,2020_21,2020-11-23,BUR,CRY,0,0.39,2.44,0.4156231971940261,0.0,1.0,0.39
2020_21_20201123_WOL_SOU,2020_21,2020-11-23,WOL,SOU,0,0.4282051282051282,2.23,0.5477167418869806,0.0,1.0,0.4282051282051282
2020_21_20201127_CRY_NEW,2020_21,2020-11-27,CRY,NEW,0,0.4075949367088607,2.34,0.5550891872385684,0.0,1.0,0.4075949367088607
2020_21_20201128_BRI_LIV,2020_21,2020-11-28,BRI,LIV,0,0.6030150753768844,1.58,0.8709458845697666,0.0,1.0,0.6030150753768844
2020_21_20201128_EVE_LEE,2020_21,2020-11-28,EVE,LEE,0,0.5877862595419847,1.62,0.9142312222480354,0.0,1.0,0.5877862595419847
2020_21_20201128_MCI_BUR,2020_21,2020-11-28,MCI,BUR,1,0.6539379474940334,1.45,0.3330063542033259,0.0,1.0,0.6539379474940334
2020_21_20201128_WBA_SHU,2020_21,2020-11-28,WBA,SHU,0,0.4168797953964194,2.28,0.22284293981008,0.0,1.0,0.4168797953964194
2020_21_20201129_ARS_WOL,2020_21,2020-11-29,ARS,WOL,1,0.4122137404580152,2.31,0.2555286201355697,0.0,1.0,0.4122137404580152
2020_21_20201129_CHE_TOT,2020_21,2020-11-29,CHE,TOT,0,0.5416666666666667,1.76,0.7760258867832036,0.0,1.0,0.5416666666666667
2020_21_20201129_SOU_MUN,2020_21,2020-11-29,SOU,MUN,1,0.5261780104712042,1.81,0.8647539628288723,0.0,1.0,0.5261780104712042
2020_21_20201130_LEI_FUL,2020_21,2020-11-30,LEI,FUL,1,0.5506493506493506,1.73,0.768858371921381,0.0,1.0,0.5506493506493506
2020_21_20201130_WHU_AVL,2020_21,2020-11-30,WHU,AVL,1,0.5569948186528497,1.71,0.6621231751897593,0.0,1.0,0.5569948186528497
2020_21_20201205_BUR_EVE,2020_21,2020-12-05,BUR,EVE,0,0.4738219895287958,2.01,0.612047097980066,0.0,1.0,0.4738219895287958
2020_21_20201205_CHE_LEE,2020_21,2020-12-05,CHE,LEE,1,0.6332518337408313,1.5,0.7720119306989658,0.0,1.0,0.6332518337408313
2020_21_20201205_MCI_FUL,2020_21,2020-12-05,MCI,FUL,0,0.7280334728033473,1.3,0.7005953869717545,0.0,1.0,0.7280334728033473
2020_21_20201205_WHU_MUN,2020_21,2020-12-05,WHU,MUN,1,0.548051948051948,1.74,0.7676409509104261,0.0,1.0,0.548051948051948
2020_21_20201206_LIV_WOL,2020_21,2020-12-06,LIV,WOL,1,0.5454545454545455,1.75,0.6201060850451231,0.0,1.0,0.5454545454545455
2020_21_20201206_SHU_LEI,2020_21,2020-12-06,SHU,LEI,1,0.4751958224543081,2.01,0.4803970147080906,0.0,1.0,0.4751958224543081
2020_21_20201206_TOT_ARS,2020_21,2020-12-06,TOT,ARS,0,0.4973821989528796,1.92,0.5080998178088105,0.0,1.0,0.4973821989528796
2020_21_20201206_WBA_CRY,2020_21,2020-12-06,WBA,CRY,1,0.4304123711340206,2.21,0.3858465473480806,0.0,1.0,0.4304123711340206
2020_21_20201207_BRI_SOU,2020_21,2020-12-07,BRI,SOU,1,0.4921465968586388,1.94,0.7324764022560999,0.0,1.0,0.4921465968586388
2020_21_20201211_LEE_WHU,2020_21,2020-12-11,LEE,WHU,1,0.6030150753768844,1.58,0.6682173745408116,0.0,1.0,0.6030150753768844
2020_21_20201212_EVE_CHE,2020_21,2020-12-12,EVE,CHE,0,0.5939086294416244,1.6,0.7615518062894266,0.0,1.0,0.5939086294416244
2020_21_20201212_MUN_MCI,2020_21,2020-12-12,MUN,MCI,0,0.5790816326530612,1.65,0.6954787887313567,0.0,1.0,0.5790816326530612
2020_21_20201212_NEW_WBA,2020_21,2020-12-12,NEW,WBA,1,0.4355670103092783,2.19,0.5129363868936718,0.0,1.0,0.4355670103092783
2020_21_20201212_WOL_AVL,2020_21,2020-12-12,WOL,AVL,0,0.4661458333333333,2.05,0.6253817483364077,0.0,1.0,0.4661458333333333
2020_21_20201213_ARS_BUR,2020_21,2020-12-13,ARS,BUR,0,0.5026178010471204,1.9,0.2526522848613477,0.0,1.0,0.5026178010471204
2020_21_20201213_CRY_TOT,2020_21,2020-12-13,CRY,TOT,0,0.5013123359580053,1.9,0.6412676344384309,0.0,1.0,0.5013123359580053
2020_21_20201213_FUL_LIV,2020_21,2020-12-13,FUL,LIV,0,0.6666666666666666,1.42,0.8464913299516779,0.0,1.0,0.6666666666666666
2020_21_20201213_LEI_BRI,2020_21,2020-12-13,LEI,BRI,1,0.5,1.91,0.7472421553931788,0.0,1.0,0.5
2020_21_20201213_SOU_SHU,2020_21,2020-12-13,SOU,SHU,1,0.4790575916230366,1.99,0.625131313585557,0.0,1.0,0.4790575916230366
2020_21_20201215_MCI_WBA,2020_21,2020-12-15,MCI,WBA,0,0.7045951859956237,1.35,0.6360436792049182,0.0,1.0,0.7045951859956237
2020_21_20201215_WOL_CHE,2020_21,2020-12-15,WOL,CHE,1,0.4635416666666666,2.06,0.5209547496525616,0.0,1.0,0.4635416666666666
2020_21_20201216_ARS_SOU,2020_21,2020-12-16,ARS,SOU,0,0.5300261096605744,1.8,0.5401137016617019,0.0,1.0,0.5300261096605744
2020_21_20201216_FUL_BRI,2020_21,2020-12-16,FUL,BRI,0,0.4633507853403141,2.05,0.6185737245772759,0.0,1.0,0.4633507853403141
2020_21_20201216_LEE_NEW,2020_21,2020-12-16,LEE,NEW,1,0.5468749999999999,1.74,0.693132407939656,0.0,1.0,0.5468749999999999
2020_21_20201216_LEI_EVE,2020_21,2020-12-16,LEI,EVE,0,0.5621761658031088,1.69,0.7896560226724488,0.0,1.0,0.5621761658031088
2020_21_20201216_LIV_TOT,2020_21,2020-12-16,LIV,TOT,1,0.5743589743589743,1.66,0.6940602723802052,0.0,1.0,0.5743589743589743
2020_21_20201216_WHU_CRY,2020_21,2020-12-16,WHU,CRY,0,0.4829396325459317,1.97,0.6571646740058562,0.0,1.0,0.4829396325459317
2020_21_20201217_AVL_BUR,2020_21,2020-12-17,AVL,BUR,0,0.5144356955380577,1.85,0.6417726322797853,0.0,1.0,0.5144356955380577
2020_21_20201217_SHU_MUN,2020_21,2020-12-17,SHU,MUN,1,0.5209424083769634,1.83,0.5970326053663424,0.0,1.0,0.5209424083769634
2020_21_20201219_CRY_LIV,2020_21,2020-12-19,CRY,LIV,1,0.5888324873096447,1.62,0.7400974917131848,0.0,1.0,0.5888324873096447
2020_21_20201219_EVE_ARS,2020_21,2020-12-19,EVE,ARS,1,0.518324607329843,1.84,0.4365239457029443,0.0,1.0,0.518324607329843
2020_21_20201219_NEW_FUL,2020_21,2020-12-19,NEW,FUL,0,0.4455958549222798,2.14,0.5411804858205514,0.0,1.0,0.4455958549222798
2020_21_20201219_SOU_MCI,2020_21,2020-12-19,SOU,MCI,0,0.6074999999999999,1.57,0.5571285323122621,0.0,1.0,0.6074999999999999
2020_21_20201220_BRI_SHU,2020_21,2020-12-20,BRI,SHU,0,0.4293059125964009,2.22,0.3930559305782376,0.0,1.0,0.4293059125964009
2020_21_20201220_MUN_LEE,2020_21,2020-12-20,MUN,LEE,1,0.6341463414634148,1.5,0.8312212268116401,0.0,1.0,0.6341463414634148
2020_21_20201220_TOT_LEI,2020_21,2020-12-20,TOT,LEI,0,0.5352480417754569,1.78,0.5846085892066941,0.0,1.0,0.5352480417754569
2020_21_20201220_WBA_AVL,2020_21,2020-12-20,WBA,AVL,1,0.5454545454545455,1.75,0.6369549850661912,0.0,1.0,0.5454545454545455
2020_21_20201221_BUR_WOL,2020_21,2020-12-21,BUR,WOL,1,0.3710073710073709,2.56,0.1927157564313208,0.0,1.0,0.3710073710073709
2020_21_20201221_CHE_WHU,2020_21,2020-12-21,CHE,WHU,1,0.6115288220551378,1.55,0.5881274223665884,0.0,1.0,0.6115288220551378
2020_21_20201226_ARS_CHE,2020_21,2020-12-26,ARS,CHE,1,0.5,1.91,0.4494228541868764,0.0,1.0,0.5
2020_21_20201226_AVL_CRY,2020_21,2020-12-26,AVL,CRY,1,0.5378590078328982,1.77,0.7208649374362905,0.0,1.0,0.5378590078328982
2020_21_20201226_FUL_SOU,2020_21,2020-12-26,FUL,SOU,0,0.4855643044619423,1.96,0.5426867006378158,0.0,1.0,0.4855643044619423
2020_21_20201226_LEI_MUN,2020_21,2020-12-26,LEI,MUN,1,0.5670103092783505,1.68,0.8025238750580636,0.0,1.0,0.5670103092783505
2020_21_20201226_MCI_NEW,2020_21,2020-12-26,MCI,NEW,0,0.6977777777777777,1.36,0.5169598203191874,0.0,1.0,0.6977777777777777
2020_21_20201226_SHU_EVE,2020_21,2020-12-26,SHU,EVE,0,0.4895287958115184,1.95,0.5092696176503786,0.0,1.0,0.4895287958115184
2020_21_20201227_LEE_BUR,2020_21,2020-12-27,LEE,BUR,0,0.5969773299748111,1.6,0.5414925854849086,0.0,1.0,0.5969773299748111
2020_21_20201227_LIV_WBA,2020_21,2020-12-27,LIV,WBA,0,0.6971046770601336,1.36,0.8827351557802127,0.0,1.0,0.6971046770601336
2020_21_20201227_WHU_BRI,2020_21,2020-12-27,WHU,BRI,1,0.4921465968586388,1.94,0.5797089687639367,0.0,1.0,0.4921465968586388
2020_21_20201227_WOL_TOT,2020_21,2020-12-27,WOL,TOT,0,0.4329896907216495,2.2,0.445491578188378,0.0,1.0,0.4329896907216495
2020_21_20201228_CHE_AVL,2020_21,2020-12-28,CHE,AVL,0,0.6125,1.55,0.6262458729578568,0.0,1.0,0.6125
2020_21_20201228_CRY_LEI,2020_21,2020-12-28,CRY,LEI,0,0.5078534031413613,1.88,0.7550045839145434,0.0,1.0,0.5078534031413613
2020_21_20201229_BRI_ARS,2020_21,2020-12-29,BRI,ARS,0,0.4673629242819843,2.04,0.417254530439303,0.0,1.0,0.4673629242819843
2020_21_20201229_BUR_SHU,2020_21,2020-12-29,BUR,SHU,0,0.3924999999999999,2.43,0.1645271954035159,0.0,1.0,0.3924999999999999
2020_21_20201229_MUN_WOL,2020_21,2020-12-29,MUN,WOL,0,0.4973821989528796,1.92,0.7252148493741983,0.0,1.0,0.4973821989528796
2020_21_20201229_SOU_WHU,2020_21,2020-12-29,SOU,WHU,0,0.5026178010471204,1.9,0.6808918207655815,0.0,1.0,0.5026178010471204
2020_21_20201229_WBA_LEE,2020_21,2020-12-29,WBA,LEE,1,0.5903307888040712,1.61,0.7512831612084718,0.0,1.0,0.5903307888040712
2020_21_20201230_NEW_LIV,2020_21,2020-12-30,NEW,LIV,0,0.6341463414634148,1.5,0.8452007264422192,0.0,1.0,0.6341463414634148
2020_21_20210101_EVE_WHU,2020_21,2021-01-01,EVE,WHU,0,0.486910994764398,1.96,0.6597624452581641,0.0,1.0,0.486910994764398
2020_21_20210101_MUN_AVL,2020_21,2021-01-01,MUN,AVL,1,0.6169154228855721,1.54,0.8077274301544344,0.0,1.0,0.6169154228855721
2020_21_20210102_BRI_WOL,2020_21,2021-01-02,BRI,WOL,1,0.3909774436090226,2.43,0.4354102497083629,0.0,1.0,0.3909774436090226
2020_21_20210102_CRY_SHU,2020_21,2021-01-02,CRY,SHU,0,0.423076923076923,2.25,0.4438354049608877,0.0,1.0,0.423076923076923
2020_21_20210102_TOT_LEE,2020_21,2021-01-02,TOT,LEE,1,0.6595744680851063,1.44,0.7815200508886191,0.0,1.0,0.6595744680851063
2020_21_20210102_WBA_ARS,2020_21,2021-01-02,WBA,ARS,1,0.518324607329843,1.84,0.41688470669287,0.0,1.0,0.518324607329843
2020_21_20210103_CHE_MCI,2020_21,2021-01-03,CHE,MCI,1,0.5520833333333334,1.72,0.4664023012376911,0.0,1.0,0.5520833333333334
2020_21_20210103_NEW_LEI,2020_21,2021-01-03,NEW,LEI,1,0.5130890052356021,1.86,0.6395621209011034,0.0,1.0,0.5130890052356021
2020_21_20210104_SOU_LIV,2020_21,2021-01-04,SOU,LIV,0,0.5841836734693877,1.63,0.6765420728807213,0.0,1.0,0.5841836734693877
2020_21_20210112_BUR_MUN,2020_21,2021-01-12,BUR,MUN,0,0.5592783505154639,1.71,0.552453337585868,0.0,1.0,0.5592783505154639
2020_21_20210112_SHU_NEW,2020_21,2021-01-12,SHU,NEW,0,0.3811881188118812,2.5,0.3622116072220138,0.0,1.0,0.3811881188118812
2020_21_20210112_WOL_EVE,2020_21,2021-01-12,WOL,EVE,1,0.399497487437186,2.39,0.5487340843353813,0.0,1.0,0.399497487437186
2020_21_20210113_MCI_BRI,2020_21,2021-01-13,MCI,BRI,0,0.6407766990291263,1.48,0.5751332802098144,0.0,1.0,0.6407766990291263
2020_21_20210113_TOT_FUL,2020_21,2021-01-13,TOT,FUL,0,0.5681233933161953,1.68,0.5423870121395284,0.0,1.0,0.5681233933161953
2020_21_20210114_ARS_CRY,2020_21,2021-01-14,ARS,CRY,0,0.5104712041884817,1.87,0.5552278091718773,0.0,1.0,0.5104712041884817
2020_21_20210116_FUL_CHE,2020_21,2021-01-16,FUL,CHE,0,0.5390625,1.77,0.6199717121659243,0.0,1.0,0.5390625
2020_21_20210116_LEE_BRI,2020_21,2021-01-16,LEE,BRI,0,0.5888324873096447,1.62,0.8108596793384168,0.0,1.0,0.5888324873096447
2020_21_20210116_LEI_SOU,2020_21,2021-01-16,LEI,SOU,0,0.5078534031413613,1.88,0.6506110368224698,0.0,1.0,0.5078534031413613
2020_21_20210116_WHU_BUR,2020_21,2021-01-16,WHU,BUR,0,0.4531249999999999,2.1,0.3754652011541908,0.0,1.0,0.4531249999999999
2020_21_20210116_WOL_WBA,2020_21,2021-01-16,WOL,WBA,1,0.4183673469387755,2.28,0.5916907930739813,0.0,1.0,0.4183673469387755
2020_21_20210117_LIV_MUN,2020_21,2021-01-17,LIV,MUN,0,0.5681233933161953,1.68,0.8456907424484292,0.0,1.0,0.5681233933161953
2020_21_20210117_MCI_CRY,2020_21,2021-01-17,MCI,CRY,1,0.637469586374696,1.49,0.5981053377753414,0.0,1.0,0.637469586374696
2020_21_20210117_SHU_TOT,2020_21,2021-01-17,SHU,TOT,1,0.4673629242819843,2.04,0.5163069378296605,0.0,1.0,0.4673629242819843
2020_21_20210118_ARS_NEW,2020_21,2021-01-18,ARS,NEW,1,0.5338541666666666,1.79,0.4470986033036827,0.0,1.0,0.5338541666666666
2020_21_20210119_LEI_CHE,2020_21,2021-01-19,LEI,CHE,0,0.5065274151436031,1.89,0.7019189829382015,0.0,1.0,0.5065274151436031
2020_21_20210119_WHU_WBA,2020_21,2021-01-19,WHU,WBA,1,0.5052356020942408,1.89,0.7168040052227915,0.0,1.0,0.5052356020942408
2020_21_20210120_FUL_MUN,2020_21,2021-01-20,FUL,MUN,1,0.5518134715025906,1.73,0.6091292944434198,0.0,1.0,0.5518134715025906
2020_21_20210120_MCI_AVL,2020_21,2021-01-20,MCI,AVL,0,0.6416464891041161,1.48,0.5331216026417609,0.0,1.0,0.6416464891041161
2020_21_20210121_LIV_BUR,2020_21,2021-01-21,LIV,BUR,0,0.6246913580246914,1.52,0.5139794276055855,0.0,1.0,0.6246913580246914
2020_21_20210123_AVL_NEW,2020_21,2021-01-23,AVL,NEW,0,0.5655526992287918,1.69,0.7262910897696019,0.0,1.0,0.5655526992287918
2020_21_20210126_CRY_WHU,2020_21,2021-01-26,CRY,WHU,1,0.4344473007712082,2.2,0.6128356457259158,0.0,1.0,0.4344473007712082
2020_21_20210126_NEW_LEE,2020_21,2021-01-26,NEW,LEE,1,0.5717948717948719,1.67,0.7194473432886682,0.0,1.0,0.5717948717948719
2020_21_20210126_SOU_ARS,2020_21,2021-01-26,SOU,ARS,1,0.5352480417754569,1.78,0.4031043198976829,0.0,1.0,0.5352480417754569
2020_21_20210126_WBA_MCI,2020_21,2021-01-26,WBA,MCI,1,0.606516290726817,1.57,0.6682948645341987,0.0,1.0,0.606516290726817
2020_21_20210127_BRI_FUL,2020_21,2021-01-27,BRI,FUL,0,0.440721649484536,2.17,0.403465325550127,0.0,1.0,0.440721649484536
2020_21_20210127_BUR_AVL,2020_21,2021-01-27,BUR,AVL,1,0.5026178010471204,1.9,0.3773742370360426,0.0,1.0,0.5026178010471204
2020_21_20210127_CHE_WOL,2020_21,2021-01-27,CHE,WOL,0,0.4934725848563968,1.94,0.6176685349847757,0.0,1.0,0.4934725848563968
2020_21_20210127_EVE_LEI,2020_21,2021-01-27,EVE,LEI,0,0.4699738903394256,2.03,0.6302367981390257,0.0,1.0,0.4699738903394256
2020_21_20210127_MUN_SHU,2020_21,2021-01-27,MUN,SHU,1,0.5743589743589743,1.66,0.6039203703390645,0.0,1.0,0.5743589743589743
2020_21_20210128_TOT_LIV,2020_21,2021-01-28,TOT,LIV,1,0.53125,1.8,0.5919688964970928,0.0,1.0,0.53125
2020_21_20210130_ARS_MUN,2020_21,2021-01-30,ARS,MUN,0,0.5248041775456919,1.82,0.5278035800259149,0.0,1.0,0.5248041775456919
2020_21_20210130_CRY_WOL,2020_21,2021-01-30,CRY,WOL,0,0.3880597014925373,2.46,0.5851460357316047,0.0,1.0,0.3880597014925373
2020_21_20210130_EVE_NEW,2020_21,2021-01-30,EVE,NEW,0,0.4804177545691906,1.99,0.6086546503584169,0.0,1.0,0.4804177545691906
2020_21_20210130_MCI_SHU,2020_21,2021-01-30,MCI,SHU,0,0.6383495145631067,1.49,0.5560943853868872,0.0,1.0,0.6383495145631067
2020_21_20210130_SOU_AVL,2020_21,2021-01-30,SOU,AVL,0,0.5618556701030928,1.7,0.6622837646059727,0.0,1.0,0.5618556701030928
2020_21_20210130_WBA_FUL,2020_21,2021-01-30,WBA,FUL,1,0.4381443298969071,2.18,0.4634821537250693,0.0,1.0,0.4381443298969071
2020_21_20210131_BRI_TOT,2020_21,2021-01-31,BRI,TOT,0,0.4687499999999999,2.04,0.6056124708948234,0.0,1.0,0.4687499999999999
2020_21_20210131_CHE_BUR,2020_21,2021-01-31,CHE,BUR,0,0.548051948051948,1.74,0.4251302011160331,0.0,1.0,0.548051948051948
2020_21_20210131_LEI_LEE,2020_21,2021-01-31,LEI,LEE,1,0.5924050632911392,1.61,0.8080658183157693,0.0,1.0,0.5924050632911392
2020_21_20210131_WHU_LIV,2020_21,2021-01-31,WHU,LIV,1,0.5790816326530612,1.65,0.6624533387508214,0.0,1.0,0.5790816326530612
2020_21_20210202_MUN_SOU,2020_21,2021-02-02,MUN,SOU,1,0.605,1.58,0.5958584773147519,0.0,1.0,0.605
2020_21_20210202_NEW_CRY,2020_21,2021-02-02,NEW,CRY,1,0.4219948849104858,2.26,0.5196813070373428,0.0,1.0,0.4219948849104858
2020_21_20210202_SHU_WBA,2020_21,2021-02-02,SHU,WBA,1,0.4183673469387755,2.28,0.3529514906385453,0.0,1.0,0.4183673469387755
2020_21_20210202_WOL_ARS,2020_21,2021-02-02,WOL,ARS,1,0.4194373401534527,2.27,0.3411580548384734,0.0,1.0,0.4194373401534527
2020_21_20210203_AVL_WHU,2020_21,2021-02-03,AVL,WHU,1,0.5607235142118864,1.7,0.5973894705121794,0.0,1.0,0.5607235142118864
2020_21_20210203_BUR_MCI,2020_21,2021-02-03,BUR,MCI,0,0.5841836734693877,1.63,0.3179749226567012,0.0,1.0,0.5841836734693877
2020_21_20210203_FUL_LEI,2020_21,2021-02-03,FUL,LEI,0,0.4778067885117493,2.0,0.4788379929582226,0.0,1.0,0.4778067885117493
2020_21_20210203_LEE_EVE,2020_21,2021-02-03,LEE,EVE,1,0.578005115089514,1.65,0.6916401799752752,0.0,1.0,0.578005115089514
2020_21_20210203_LIV_BRI,2020_21,2021-02-03,LIV,BRI,0,0.5852417302798981,1.63,0.5534171808077311,0.0,1.0,0.5852417302798981
2020_21_20210204_TOT_CHE,2020_21,2021-02-04,TOT,CHE,0,0.486910994764398,1.96,0.5067325216649361,0.0,1.0,0.486910994764398
2020_21_20210206_AVL_ARS,2020_21,2021-02-06,AVL,ARS,0,0.5644329896907216,1.69,0.467405952159314,0.0,1.0,0.5644329896907216
2020_21_20210206_BUR_BRI,2020_21,2021-02-06,BUR,BRI,0,0.3924999999999999,2.43,0.2616693256032698,0.0,1.0,0.3924999999999999
2020_21_20210206_FUL_WHU,2020_21,2021-02-06,FUL,WHU,0,0.4790575916230366,1.99,0.4894911815207143,0.0,1.0,0.4790575916230366
2020_21_20210206_MUN_EVE,2020_21,2021-02-06,MUN,EVE,1,0.5655526992287918,1.69,0.6945209198582296,0.0,1.0,0.5655526992287918
2020_21_20210206_NEW_SOU,2020_21,2021-02-06,NEW,SOU,1,0.4790575916230366,1.99,0.5595346754418102,0.0,1.0,0.4790575916230366
2020_21_20210207_LIV_MCI,2020_21,2021-02-07,LIV,MCI,1,0.5607235142118864,1.7,0.4352512420454685,0.0,1.0,0.5607235142118864
2020_21_20210207_SHU_CHE,2020_21,2021-02-07,SHU,CHE,1,0.5078534031413613,1.88,0.4525448130354085,0.0,1.0,0.5078534031413613
2020_21_20210207_TOT_WBA,2020_21,2021-02-07,TOT,WBA,0,0.5454545454545455,1.75,0.6364316819370069,0.0,1.0,0.5454545454545455
2020_21_20210207_WOL_LEI,2020_21,2021-02-07,WOL,LEI,0,0.4293059125964009,2.22,0.5260976953001316,0.0,1.0,0.4293059125964009
2020_21_20210208_LEE_CRY,2020_21,2021-02-08,LEE,CRY,0,0.578005115089514,1.65,0.7448644234376334,0.0,1.0,0.578005115089514
2020_21_20210213_BRI_AVL,2020_21,2021-02-13,BRI,AVL,0,0.5364583333333334,1.78,0.4852901940064319,0.0,1.0,0.5364583333333334
2020_21_20210213_CRY_BUR,2020_21,2021-02-13,CRY,BUR,1,0.3969849246231156,2.4,0.345980516569667,0.0,1.0,0.3969849246231156
2020_21_20210213_LEI_LIV,2020_21,2021-02-13,LEI,LIV,1,0.5518134715025906,1.73,0.6259592670603172,0.0,1.0,0.5518134715025906
2020_21_20210213_MCI_TOT,2020_21,2021-02-13,MCI,TOT,1,0.589873417721519,1.62,0.3978277574309687,0.0,1.0,0.589873417721519
2020_21_20210214_ARS_LEE,2020_21,2021-02-14,ARS,LEE,1,0.5994962216624685,1.59,0.5511564759154272,0.0,1.0,0.5994962216624685
2020_21_20210214_EVE_FUL,2020_21,2021-02-14,EVE,FUL,0,0.4804177545691906,1.99,0.4450381984529237,0.0,1.0,0.4804177545691906
2020_21_20210214_SOU_WOL,2020_21,2021-02-14,SOU,WOL,1,0.4158163265306122,2.29,0.4758986007983407,0.0,1.0,0.4158163265306122
2020_21_20210214_WBA_MUN,2020_21,2021-02-14,WBA,MUN,0,0.6169154228855721,1.54,0.8382900698584546,0.0,1.0,0.6169154228855721
2020_21_20210215_CHE_NEW,2020_21,2021-02-15,CHE,NEW,0,0.595959595959596,1.6,0.5465189967835737,0.0,1.0,0.595959595959596
2020_21_20210215_WHU_SHU,2020_21,2021-02-15,WHU,SHU,1,0.468586387434555,2.03,0.44428262420773,0.0,1.0,0.468586387434555
2020_21_20210217_BUR_FUL,2020_21,2021-02-17,BUR,FUL,0,0.4158163265306122,2.29,0.2023301164186508,0.0,1.0,0.4158163265306122
2020_21_20210217_EVE_MCI,2020_21,2021-02-17,EVE,MCI,1,0.5805626598465473,1.64,0.5134604311356821,0.0,1.0,0.5805626598465473
2020_21_20210219_WOL_LEE,2020_21,2021-02-19,WOL,LEE,0,0.5078534031413613,1.88,0.6057162522201982,0.0,1.0,0.5078534031413613
2020_21_20210220_BUR_WBA,2020_21,2021-02-20,BUR,WBA,0,0.4329896907216495,2.2,0.3640557647125277,0.0,1.0,0.4329896907216495
2020_21_20210220_FUL_SHU,2020_21,2021-02-20,FUL,SHU,0,0.4040404040404041,2.36,0.2631087263922977,0.0,1.0,0.4040404040404041
2020_21_20210220_LIV_EVE,2020_21,2021-02-20,LIV,EVE,0,0.595959595959596,1.6,0.7287742412205424,0.0,1.0,0.595959595959596
2020_21_20210220_SOU_CHE,2020_21,2021-02-20,SOU,CHE,0,0.5091383812010444,1.88,0.6318760916823765,0.0,1.0,0.5091383812010444
2020_21_20210221_ARS_MCI,2020_21,2021-02-21,ARS,MCI,0,0.5416666666666667,1.76,0.4178257449814037,0.0,1.0,0.5416666666666667
2020_21_20210221_AVL_LEI,2020_21,2021-02-21,AVL,LEI,1,0.5404699738903395,1.76,0.581896079950111,0.0,1.0,0.5404699738903395
2020_21_20210221_MUN_NEW,2020_21,2021-02-21,MUN,NEW,1,0.6090225563909775,1.56,0.7580302486874342,0.0,1.0,0.6090225563909775
2020_21_20210221_WHU_TOT,2020_21,2021-02-21,WHU,TOT,1,0.4816753926701571,1.98,0.5275110499263549,0.0,1.0,0.4816753926701571
2020_21_20210222_BRI_CRY,2020_21,2021-02-22,BRI,CRY,1,0.4304123711340206,2.21,0.4604835058118552,0.0,1.0,0.4304123711340206
2020_21_20210223_LEE_SOU,2020_21,2021-02-23,LEE,SOU,1,0.5743589743589743,1.66,0.7653436057805239,0.0,1.0,0.5743589743589743
2020_21_20210227_LEE_AVL,2020_21,2021-02-27,LEE,AVL,0,0.5924050632911392,1.61,0.7010396299085813,0.0,1.0,0.5924050632911392
2020_21_20210227_MCI_WHU,2020_21,2021-02-27,MCI,WHU,1,0.6212871287128713,1.53,0.493935996301629,0.0,1.0,0.6212871287128713
2020_21_20210227_NEW_WOL,2020_21,2021-02-27,NEW,WOL,0,0.4050632911392405,2.35,0.4498199961087976,0.0,1.0,0.4050632911392405
2020_21_20210227_WBA_BRI,2020_21,2021-02-27,WBA,BRI,0,0.4455958549222798,2.14,0.4709272200469205,0.0,1.0,0.4455958549222798
2020_21_20210228_CHE_MUN,2020_21,2021-02-28,CHE,MUN,0,0.4947643979057591,1.93,0.6498939229523623,0.0,1.0,0.4947643979057591
2020_21_20210228_CRY_FUL,2020_21,2021-02-28,CRY,FUL,0,0.4060913705583756,2.34,0.4470980703313092,0.0,1.0,0.4060913705583756
2020_21_20210228_LEI_ARS,2020_21,2021-02-28,LEI,ARS,1,0.4856396866840731,1.97,0.5326422871330948,0.0,1.0,0.4856396866840731
2020_21_20210228_SHU_LIV,2020_21,2021-02-28,SHU,LIV,0,0.5743589743589743,1.66,0.5967847137858147,0.0,1.0,0.5743589743589743
2020_21_20210228_TOT_BUR,2020_21,2021-02-28,TOT,BUR,1,0.5117493472584856,1.87,0.3792713624358526,0.0,1.0,0.5117493472584856
2020_21_20210301_EVE_SOU,2020_21,2021-03-01,EVE,SOU,0,0.486910994764398,1.96,0.7157377710768696,0.0,1.0,0.486910994764398
2020_21_20210302_MCI_WOL,2020_21,2021-03-02,MCI,WOL,1,0.5544041450777203,1.72,0.5338480133442847,0.0,1.0,0.5544041450777203
2020_21_20210303_BUR_LEI,2020_21,2021-03-03,BUR,LEI,0,0.4545454545454546,2.1,0.432586399681557,0.0,1.0,0.4545454545454546
2020_21_20210303_CRY_MUN,2020_21,2021-03-03,CRY,MUN,0,0.5390625,1.77,0.7272038554506228,0.0,1.0,0.5390625
2020_21_20210303_SHU_AVL,2020_21,2021-03-03,SHU,AVL,0,0.441860465116279,2.16,0.4804886019960321,0.0,1.0,0.441860465116279
2020_21_20210304_FUL_TOT,2020_21,2021-03-04,FUL,TOT,0,0.4738219895287958,2.01,0.4206498498643802,0.0,1.0,0.4738219895287958
2020_21_20210304_LIV_CHE,2020_21,2021-03-04,LIV,CHE,0,0.5352480417754569,1.78,0.6199158390073337,0.0,1.0,0.5352480417754569
2020_21_20210304_WBA_EVE,2020_21,2021-03-04,WBA,EVE,0,0.4895287958115184,1.95,0.7141516543418895,0.0,1.0,0.4895287958115184
2020_21_20210306_AVL_WOL,2020_21,2021-03-06,AVL,WOL,0,0.4481865284974093,2.13,0.570688120043934,0.0,1.0,0.4481865284974093
2020_21_20210306_BRI_LEI,2020_21,2021-03-06,BRI,LEI,1,0.4329896907216495,2.2,0.5734331442960192,0.0,1.0,0.4329896907216495
2020_21_20210306_BUR_ARS,2020_21,2021-03-06,BUR,ARS,0,0.4960835509138382,1.93,0.3867242359712707,0.0,1.0,0.4960835509138382
2020_21_20210306_SHU_SOU,2020_21,2021-03-06,SHU,SOU,0,0.4267352185089973,2.23,0.475686748873859,0.0,1.0,0.4267352185089973
2020_21_20210307_LIV_FUL,2020_21,2021-03-07,LIV,FUL,0,0.5633074935400517,1.69,0.5243743057950772,0.0,1.0,0.5633074935400517
2020_21_20210307_MCI_MUN,2020_21,2021-03-07,MCI,MUN,0,0.5544041450777203,1.72,0.6660735407907865,0.0,1.0,0.5544041450777203
2020_21_20210307_TOT_CRY,2020_21,2021-03-07,TOT,CRY,1,0.518324607329843,1.84,0.6586701143553766,0.0,1.0,0.518324607329843
2020_21_20210307_WBA_NEW,2020_21,2021-03-07,WBA,NEW,0,0.423076923076923,2.25,0.5866336888159202,0.0,1.0,0.423076923076923
2020_21_20210308_CHE_EVE,2020_21,2021-03-08,CHE,EVE,0,0.4947643979057591,1.93,0.5825079462671141,0.0,1.0,0.4947643979057591
2020_21_20210308_WHU_LEE,2020_21,2021-03-08,WHU,LEE,0,0.5743589743589743,1.66,0.799182863499105,0.0,1.0,0.5743589743589743
2020_21_20210310_MCI_SOU,2020_21,2021-03-10,MCI,SOU,1,0.6317073170731708,1.51,0.7645447624802906,0.0,1.0,0.6317073170731708
2020_21_20210312_NEW_AVL,2020_21,2021-03-12,NEW,AVL,0,0.4219948849104858,2.26,0.5459830150610459,0.0,1.0,0.4219948849104858
2020_21_20210313_CRY_WBA,2020_21,2021-03-13,CRY,WBA,0,0.4030226700251889,2.37,0.5837960794785847,0.0,1.0,0.4030226700251889
2020_21_20210313_EVE_BUR,2020_21,2021-03-13,EVE,BUR,1,0.4571428571428572,2.09,0.4811995050534958,0.0,1.0,0.4571428571428572
2020_21_20210313_FUL_MCI,2020_21,2021-03-13,FUL,MCI,1,0.5364583333333334,1.78,0.4598700387539998,0.0,1.0,0.5364583333333334
2020_21_20210313_LEE_CHE,2020_21,2021-03-13,LEE,CHE,0,0.5390625,1.77,0.6445100092219853,0.0,1.0,0.5390625
2020_21_20210314_ARS_TOT,2020_21,2021-03-14,ARS,TOT,1,0.5013054830287206,1.91,0.5336555178287551,0.0,1.0,0.5013054830287206
2020_21_20210314_LEI_SHU,2020_21,2021-03-14,LEI,SHU,1,0.4751958224543081,2.01,0.6160029317268106,0.0,1.0,0.4751958224543081
2020_21_20210314_MUN_WHU,2020_21,2021-03-14,MUN,WHU,0,0.5065274151436031,1.89,0.6975840736155634,0.0,1.0,0.5065274151436031
2020_21_20210314_SOU_BRI,2020_21,2021-03-14,SOU,BRI,1,0.4075949367088607,2.34,0.5525552083348073,0.0,1.0,0.4075949367088607
2020_21_20210315_WOL_LIV,2020_21,2021-03-15,WOL,LIV,0,0.486910994764398,1.96,0.5610610470334351,0.0,1.0,0.486910994764398
2020_21_20210319_FUL_LEE,2020_21,2021-03-19,FUL,LEE,1,0.4661458333333333,2.05,0.5038691828080208,0.0,1.0,0.4661458333333333
2020_21_20210320_BRI_NEW,2020_21,2021-03-20,BRI,NEW,1,0.4219948849104858,2.26,0.4751918421619339,0.0,1.0,0.4219948849104858
2020_21_20210321_AVL_TOT,2020_21,2021-03-21,AVL,TOT,0,0.5157068062827225,1.85,0.5482430132695497,0.0,1.0,0.5157068062827225
2020_21_20210321_WHU_ARS,2020_21,2021-03-21,WHU,ARS,1,0.4895287958115184,1.95,0.5074012688435046,0.0,1.0,0.4895287958115184
2020_21_20210403_ARS_LIV,2020_21,2021-04-03,ARS,LIV,1,0.5364583333333334,1.78,0.5694000610255183,0.0,1.0,0.5364583333333334
2020_21_20210403_CHE_WBA,2020_21,2021-04-03,CHE,WBA,1,0.5506493506493506,1.73,0.5442350521301225,0.0,1.0,0.5506493506493506
2020_21_20210403_LEE_SHU,2020_21,2021-04-03,LEE,SHU,1,0.5274151436031332,1.81,0.5195188190381208,0.0,1.0,0.5274151436031332
2020_21_20210403_LEI_MCI,2020_21,2021-04-03,LEI,MCI,0,0.5013054830287206,1.91,0.5375730329436326,0.0,1.0,0.5013054830287206
2020_21_20210404_AVL_FUL,2020_21,2021-04-04,AVL,FUL,1,0.4329896907216495,2.2,0.2956200472220816,0.0,1.0,0.4329896907216495
2020_21_20210404_MUN_BRI,2020_21,2021-04-04,MUN,BRI,1,0.4973821989528796,1.92,0.5011460058939438,0.0,1.0,0.4973821989528796
2020_21_20210404_NEW_TOT,2020_21,2021-04-04,NEW,TOT,1,0.5078534031413613,1.88,0.5395877742212984,0.0,1.0,0.5078534031413613
2020_21_20210404_SOU_BUR,2020_21,2021-04-04,SOU,BUR,1,0.4441558441558441,2.14,0.373625296317144,0.0,1.0,0.4441558441558441
2020_21_20210405_EVE_CRY,2020_21,2021-04-05,EVE,CRY,0,0.4122137404580152,2.31,0.5040160920511293,0.0,1.0,0.4122137404580152
2020_21_20210405_WOL_WHU,2020_21,2021-04-05,WOL,WHU,1,0.3969849246231156,2.4,0.4043947696436273,0.0,1.0,0.3969849246231156
2020_21_20210409_FUL_WOL,2020_21,2021-04-09,FUL,WOL,0,0.364963503649635,2.61,0.2394257000324848,0.0,1.0,0.364963503649635
2020_21_20210410_CRY_CHE,2020_21,2021-04-10,CRY,CHE,1,0.4583333333333333,2.08,0.4472958271498795,0.0,1.0,0.4583333333333333
2020_21_20210410_LIV_AVL,2020_21,2021-04-10,LIV,AVL,1,0.589873417721519,1.62,0.4335017908091522,0.0,1.0,0.589873417721519
2020_21_20210410_MCI_LEE,2020_21,2021-04-10,MCI,LEE,1,0.6466346153846154,1.47,0.6092962968308248,0.0,1.0,0.6466346153846154
2020_21_20210411_BUR_NEW,2020_21,2021-04-11,BUR,NEW,1,0.399497487437186,2.39,0.3064938297467938,0.0,1.0,0.399497487437186
2020_21_20210411_SHU_ARS,2020_21,2021-04-11,SHU,ARS,1,0.4751958224543081,2.01,0.3860353448065179,0.0,1.0,0.4751958224543081
2020_21_20210411_TOT_MUN,2020_21,2021-04-11,TOT,MUN,1,0.5130890052356021,1.86,0.5190866762559189,0.0,1.0,0.5130890052356021
2020_21_20210411_WHU_LEI,2020_21,2021-04-11,WHU,LEI,1,0.4882506527415144,1.96,0.5407860044084815,0.0,1.0,0.4882506527415144
2020_21_20210412_BRI_EVE,2020_21,2021-04-12,BRI,EVE,0,0.4318766066838046,2.21,0.3604045898720576,0.0,1.0,0.4318766066838046
2020_21_20210412_WBA_SOU,2020_21,2021-04-12,WBA,SOU,1,0.4699738903394256,2.03,0.5481391810344618,0.0,1.0,0.4699738903394256
2020_21_20210416_EVE_TOT,2020_21,2021-04-16,EVE,TOT,1,0.5117493472584856,1.87,0.4669074654505623,0.0,1.0,0.5117493472584856
2020_21_20210417_NEW_WHU,2020_21,2021-04-17,NEW,WHU,1,0.5065274151436031,1.89,0.549395694502354,0.0,1.0,0.5065274151436031
2020_21_20210417_WOL_SHU,2020_21,2021-04-17,WOL,SHU,0,0.4086294416243655,2.33,0.248805252681127,0.0,1.0,0.4086294416243655
2020_21_20210418_ARS_FUL,2020_21,2021-04-18,ARS,FUL,0,0.4673629242819843,2.04,0.2812943908278562,0.0,1.0,0.4673629242819843
2020_21_20210418_MUN_BUR,2020_21,2021-04-18,MUN,BUR,1,0.5428571428571429,1.76,0.4556392325128261,0.0,1.0,0.5428571428571429
2020_21_20210419_LEE_LIV,2020_21,2021-04-19,LEE,LIV,0,0.6246913580246914,1.52,0.5739362638799204,0.0,1.0,0.6246913580246914
2020_21_20210420_CHE_BRI,2020_21,2021-04-20,CHE,BRI,0,0.441860465116279,2.16,0.3370228380849387,0.0,1.0,0.441860465116279
2020_21_20210421_AVL_MCI,2020_21,2021-04-21,AVL,MCI,1,0.5681233933161953,1.68,0.4349815292508544,0.0,1.0,0.5681233933161953
2020_21_20210421_TOT_SOU,2020_21,2021-04-21,TOT,SOU,1,0.5454545454545455,1.75,0.6362548309614222,0.0,1.0,0.5454545454545455
2020_21_20210422_LEI_WBA,2020_21,2021-04-22,LEI,WBA,1,0.4960835509138382,1.93,0.6113671101714927,0.0,1.0,0.4960835509138382
2020_21_20210423_ARS_EVE,2020_21,2021-04-23,ARS,EVE,0,0.4791666666666667,2.0,0.4353488891275834,0.0,1.0,0.4791666666666667
2020_21_20210424_LIV_NEW,2020_21,2021-04-24,LIV,NEW,0,0.6188118811881189,1.54,0.5633357217789957,0.0,1.0,0.6188118811881189
2020_21_20210424_SHU_BRI,2020_21,2021-04-24,SHU,BRI,0,0.4050632911392405,2.35,0.2486231024596268,0.0,1.0,0.4050632911392405
2020_21_20210424_WHU_CHE,2020_21,2021-04-24,WHU,CHE,0,0.4791666666666667,2.0,0.5104914494507582,0.0,1.0,0.4791666666666667
2020_21_20210425_AVL_WBA,2020_21,2021-04-25,AVL,WBA,1,0.4921465968586388,1.94,0.5281211628608552,0.0,1.0,0.4921465968586388
2020_21_20210425_LEE_MUN,2020_21,2021-04-25,LEE,MUN,0,0.6015037593984962,1.59,0.6682202512274411,0.0,1.0,0.6015037593984962
2020_21_20210425_WOL_BUR,2020_21,2021-04-25,WOL,BUR,1,0.4122137404580152,2.31,0.3028437452430303,0.0,1.0,0.4122137404580152
2020_21_20210426_LEI_CRY,2020_21,2021-04-26,LEI,CRY,1,0.4673629242819843,2.04,0.6254436903842584,0.0,1.0,0.4673629242819843
2020_21_20210430_SOU_LEI,2020_21,2021-04-30,SOU,LEI,0,0.5143603133159269,1.86,0.6979500531169089,0.0,1.0,0.5143603133159269
2020_21_20210501_BRI_LEE,2020_21,2021-05-01,BRI,LEE,0,0.5013054830287206,1.91,0.4243225088588811,0.0,1.0,0.5013054830287206
2020_21_20210501_CHE_FUL,2020_21,2021-05-01,CHE,FUL,0,0.4699738903394256,2.03,0.328584273016629,0.0,1.0,0.4699738903394256
2020_21_20210501_CRY_MCI,2020_21,2021-05-01,CRY,MCI,0,0.5555555555555556,1.72,0.6409432239829954,0.0,1.0,0.5555555555555556
2020_21_20210501_EVE_AVL,2020_21,2021-05-01,EVE,AVL,1,0.5013054830287206,1.91,0.4669967641518787,0.0,1.0,0.5013054830287206
2020_21_20210502_NEW_ARS,2020_21,2021-05-02,NEW,ARS,0,0.5364583333333334,1.78,0.5095498971520991,0.0,1.0,0.5364583333333334
2020_21_20210502_TOT_SHU,2020_21,2021-05-02,TOT,SHU,1,0.5644329896907216,1.69,0.5165269066522882,0.0,1.0,0.5644329896907216
2020_21_20210503_BUR_WHU,2020_21,2021-05-03,BUR,WHU,1,0.5026178010471204,1.9,0.4916176426177128,0.0,1.0,0.5026178010471204
2020_21_20210503_WBA_WOL,2020_21,2021-05-03,WBA,WOL,0,0.4344473007712082,2.2,0.4205682993480937,0.0,1.0,0.4344473007712082
2020_21_20210507_LEI_NEW,2020_21,2021-05-07,LEI,NEW,1,0.5518134715025906,1.73,0.6252616159201431,0.0,1.0,0.5518134715025906
2020_21_20210508_LEE_TOT,2020_21,2021-05-08,LEE,TOT,1,0.5826972010178116,1.64,0.608927677001725,0.0,1.0,0.5826972010178116
2020_21_20210508_LIV_SOU,2020_21,2021-05-08,LIV,SOU,0,0.6466346153846154,1.47,0.6118095038290923,0.0,1.0,0.6466346153846154
2020_21_20210508_MCI_CHE,2020_21,2021-05-08,MCI,CHE,1,0.4307692307692307,2.22,0.3769843321673671,0.0,1.0,0.4307692307692307
2020_21_20210508_SHU_CRY,2020_21,2021-05-08,SHU,CRY,0,0.4158163265306122,2.29,0.3098076358504718,0.0,1.0,0.4158163265306122
2020_21_20210509_ARS_WBA,2020_21,2021-05-09,ARS,WBA,1,0.5428571428571429,1.76,0.4964753752713157,0.0,1.0,0.5428571428571429
2020_21_20210509_AVL_MUN,2020_21,2021-05-09,AVL,MUN,1,0.5518134715025906,1.73,0.503074704276072,0.0,1.0,0.5518134715025906
2020_21_20210509_WHU_EVE,2020_21,2021-05-09,WHU,EVE,0,0.5026178010471204,1.9,0.5083571718537305,0.0,1.0,0.5026178010471204
2020_21_20210509_WOL_BRI,2020_21,2021-05-09,WOL,BRI,1,0.4075949367088607,2.34,0.2620641998445572,0.0,1.0,0.4075949367088607
2020_21_20210510_FUL_BUR,2020_21,2021-05-10,FUL,BUR,0,0.4673629242819843,2.04,0.2266018853673528,0.0,1.0,0.4673629242819843
2020_21_20210511_MUN_LEI,2020_21,2021-05-11,MUN,LEI,1,0.4908616187989557,1.95,0.6075572373235985,0.0,1.0,0.4908616187989557
2020_21_20210511_SOU_CRY,2020_21,2021-05-11,SOU,CRY,1,0.4973958333333334,1.93,0.5315555819305032,0.0,1.0,0.4973958333333334
2020_21_20210512_CHE_ARS,2020_21,2021-05-12,CHE,ARS,0,0.4687499999999999,2.04,0.3596882777167665,0.0,1.0,0.4687499999999999
2020_21_20210513_AVL_EVE,2020_21,2021-05-13,AVL,EVE,0,0.5208333333333334,1.84,0.4342639454482349,0.0,1.0,0.5208333333333334
2020_21_20210513_MUN_LIV,2020_21,2021-05-13,MUN,LIV,1,0.5644329896907216,1.69,0.5566269228964451,0.0,1.0,0.5644329896907216
2020_21_20210514_NEW_MCI,2020_21,2021-05-14,NEW,MCI,1,0.619753086419753,1.54,0.6333282375566393,0.0,1.0,0.619753086419753
2020_21_20210515_BRI_WHU,2020_21,2021-05-15,BRI,WHU,0,0.4725848563968668,2.02,0.3734585493842625,0.0,1.0,0.4725848563968668
2020_21_20210515_BUR_LEE,2020_21,2021-05-15,BUR,LEE,1,0.5728900255754477,1.67,0.4491404780156365,0.0,1.0,0.5728900255754477
2020_21_20210515_SOU_FUL,2020_21,2021-05-15,SOU,FUL,1,0.4856396866840731,1.97,0.3274395973212689,0.0,1.0,0.4856396866840731
2020_21_20210516_CRY_AVL,2020_21,2021-05-16,CRY,AVL,1,0.4934725848563968,1.94,0.4417633521055432,0.0,1.0,0.4934725848563968
2020_21_20210516_EVE_SHU,2020_21,2021-05-16,EVE,SHU,0,0.518324607329843,1.84,0.2938856424118889,0.0,1.0,0.518324607329843
2020_21_20210516_TOT_WOL,2020_21,2021-05-16,TOT,WOL,0,0.5169712793733681,1.85,0.4398486354612253,0.0,1.0,0.5169712793733681
2020_21_20210516_WBA_LIV,2020_21,2021-05-16,WBA,LIV,1,0.664319248826291,1.43,0.5850329578376605,0.0,1.0,0.664319248826291
2020_21_20210518_BRI_MCI,2020_21,2021-05-18,BRI,MCI,1,0.5376623376623377,1.78,0.4059765857204267,0.0,1.0,0.5376623376623377
2020_21_20210518_CHE_LEI,2020_21,2021-05-18,CHE,LEI,1,0.4470284237726098,2.14,0.41146569431014,0.0,1.0,0.4470284237726098
2020_21_20210518_MUN_FUL,2020_21,2021-05-18,MUN,FUL,0,0.6025,1.59,0.4098879342366857,0.0,1.0,0.6025
2020_21_20210518_SOU_LEE,2020_21,2021-05-18,SOU,LEE,0,0.6341463414634148,1.5,0.6198947924103739,0.0,1.0,0.6341463414634148
2020_21_20210519_BUR_LIV,2020_21,2021-05-19,BUR,LIV,1,0.705240174672489,1.35,0.4501479606098006,0.0,1.0,0.705240174672489
2020_21_20210519_CRY_ARS,2020_21,2021-05-19,CRY,ARS,1,0.5503875968992248,1.74,0.4679359040787594,0.0,1.0,0.5503875968992248
2020_21_20210519_EVE_WOL,2020_21,2021-05-19,EVE,WOL,0,0.4559585492227979,2.1,0.2901795478747213,0.0,1.0,0.4559585492227979
2020_21_20210519_NEW_SHU,2020_21,2021-05-19,NEW,SHU,0,0.5286458333333333,1.81,0.3557516369171273,0.0,1.0,0.5286458333333333
2020_21_20210519_TOT_AVL,2020_21,2021-05-19,TOT,AVL,1,0.619753086419753,1.54,0.502917535826642,0.0,1.0,0.619753086419753
2020_21_20210519_WBA_WHU,2020_21,2021-05-19,WBA,WHU,1,0.589873417721519,1.62,0.5958331232743999,0.0,1.0,0.589873417721519
2020_21_20210523_ARS_BRI,2020_21,2021-05-23,ARS,BRI,0,0.5592783505154639,1.71,0.3115379122393136,0.0,1.0,0.5592783505154639
2020_21_20210523_AVL_CHE,2020_21,2021-05-23,AVL,CHE,1,0.5692307692307692,1.68,0.3868408610176479,0.0,1.0,0.5692307692307692
2020_21_20210523_FUL_NEW,2020_21,2021-05-23,FUL,NEW,0,0.5790816326530612,1.65,0.3315012999635002,0.0,1.0,0.5790816326530612
2020_21_20210523_LEE_WBA,2020_21,2021-05-23,LEE,WBA,1,0.6736111111111112,1.41,0.5790390546196187,0.0,1.0,0.6736111111111112
2020_21_20210523_LEI_TOT,2020_21,2021-05-23,LEI,TOT,1,0.5969773299748111,1.6,0.5890762128012905,0.0,1.0,0.5969773299748111
2020_21_20210523_LIV_CRY,2020_21,2021-05-23,LIV,CRY,0,0.6935123042505593,1.37,0.5301551513135524,0.0,1.0,0.6935123042505593
2020_21_20210523_MCI_EVE,2020_21,2021-05-23,MCI,EVE,1,0.5877862595419847,1.62,0.4107714243624957,0.0,1.0,0.5877862595419847
2020_21_20210523_SHU_BUR,2020_21,2021-05-23,SHU,BUR,0,0.5492227979274612,1.74,0.2118675107612635,0.0,1.0,0.5492227979274612
2020_21_20210523_WHU_SOU,2020_21,2021-05-23,WHU,SOU,1,0.5862944162436549,1.63,0.5937045751171616,0.0,1.0,0.5862944162436549
2020_21_20210523_WOL_MUN,2020_21,2021-05-23,WOL,MUN,1,0.5503875968992248,1.74,0.4390152942751618,0.0,1.0,0.5503875968992248
2021_22_20210814_CHE_CRY,2021_22,2021-08-14,CHE,CRY,1,0.5350649350649351,1.79,0.4581385562914928,0.0,1.0,0.5350649350649351
2021_22_20210814_EVE_SOU,2021_22,2021-08-14,EVE,SOU,1,0.4637305699481865,2.07,0.5006671353583164,0.0,1.0,0.4637305699481865
2021_22_20210814_LEI_WOL,2021_22,2021-08-14,LEI,WOL,0,0.4701298701298701,2.04,0.5819073078926438,0.0,1.0,0.4701298701298701
2021_22_20210814_MUN_LEE,2021_22,2021-08-14,MUN,LEE,1,0.5812182741116751,1.65,0.4798766038843418,0.0,1.0,0.5812182741116751
2021_22_20210814_NOR_LIV,2021_22,2021-08-14,NOR,LIV,1,0.6301703163017031,1.52,0.6211690235034231,0.0,1.0,0.6301703163017031
2021_22_20210814_WAT_AVL,2021_22,2021-08-14,WAT,AVL,1,0.4727272727272727,2.03,0.6144526331191948,0.0,1.0,0.4727272727272727
2021_22_20210815_NEW_WHU,2021_22,2021-08-15,NEW,WHU,1,0.4935064935064935,1.95,0.665349706023431,0.0,1.0,0.4935064935064935
2021_22_20210815_TOT_MCI,2021_22,2021-08-15,TOT,MCI,0,0.5207253886010362,1.85,0.7226873433436228,0.0,1.0,0.5207253886010362
2021_22_20210821_AVL_NEW,2021_22,2021-08-21,AVL,NEW,0,0.5414507772020726,1.77,0.6668673135868987,0.0,1.0,0.5414507772020726
2021_22_20210821_BRI_WAT,2021_22,2021-08-21,BRI,WAT,0,0.4271099744245524,2.24,0.6372163123319678,0.0,1.0,0.4271099744245524
2021_22_20210821_CRY_BRE,2021_22,2021-08-21,CRY,BRE,0,0.4111675126903554,2.32,0.611173935631856,0.0,1.0,0.4111675126903554
2021_22_20210821_LEE_EVE,2021_22,2021-08-21,LEE,EVE,1,0.5641025641025641,1.7,0.5465669631810595,0.0,1.0,0.5641025641025641
2021_22_20210821_LIV_BUR,2021_22,2021-08-21,LIV,BUR,0,0.6188118811881189,1.54,0.5690830205393045,0.0,1.0,0.6188118811881189
2021_22_20210821_MCI_NOR,2021_22,2021-08-21,MCI,NOR,1,0.7105831533477323,1.34,0.5509559801440851,0.0,1.0,0.7105831533477323
2021_22_20210822_ARS_CHE,2021_22,2021-08-22,ARS,CHE,0,0.4637305699481865,2.07,0.5881527394885782,0.0,1.0,0.4637305699481865
2021_22_20210822_SOU_MUN,2021_22,2021-08-22,SOU,MUN,0,0.5567010309278351,1.72,0.5707448020927597,0.0,1.0,0.5567010309278351
2021_22_20210822_WOL_TOT,2021_22,2021-08-22,WOL,TOT,0,0.4271099744245524,2.24,0.5549347237850565,0.0,1.0,0.4271099744245524
2021_22_20210823_WHU_LEI,2021_22,2021-08-23,WHU,LEI,1,0.53125,1.8,0.5242997115877334,0.0,1.0,0.53125
2021_22_20210828_AVL_BRE,2021_22,2021-08-28,AVL,BRE,0,0.4883116883116883,1.97,0.5587143215064956,0.0,1.0,0.4883116883116883
2021_22_20210828_BRI_EVE,2021_22,2021-08-28,BRI,EVE,0,0.4296675191815857,2.23,0.54515853406466,0.0,1.0,0.4296675191815857
2021_22_20210828_LIV_CHE,2021_22,2021-08-28,LIV,CHE,0,0.4753246753246753,2.02,0.5326667971036264,0.0,1.0,0.4753246753246753
2021_22_20210828_MCI_ARS,2021_22,2021-08-28,MCI,ARS,1,0.609452736318408,1.57,0.5211328363014256,0.0,1.0,0.609452736318408
2021_22_20210828_NEW_SOU,2021_22,2021-08-28,NEW,SOU,1,0.5259067357512953,1.83,0.5517821969872678,0.0,1.0,0.5259067357512953
2021_22_20210828_NOR_LEI,2021_22,2021-08-28,NOR,LEI,1,0.533678756476684,1.8,0.5661361562010322,0.0,1.0,0.533678756476684
2021_22_20210828_WHU_CRY,2021_22,2021-08-28,WHU,CRY,1,0.5090909090909091,1.89,0.5667257960648159,0.0,1.0,0.5090909090909091
2021_22_20210829_BUR_LEE,2021_22,2021-08-29,BUR,LEE,0,0.5414507772020726,1.77,0.5793197862692833,0.0,1.0,0.5414507772020726
2021_22_20210829_TOT_WAT,2021_22,2021-08-29,TOT,WAT,0,0.5194805194805195,1.85,0.5674150890817222,0.0,1.0,0.5194805194805195
2021_22_20210829_WOL_MUN,2021_22,2021-08-29,WOL,MUN,0,0.4765625,2.01,0.5443026836029636,0.0,1.0,0.4765625
2021_22_20210911_ARS_NOR,2021_22,2021-09-11,ARS,NOR,0,0.5592783505154639,1.71,0.5221935594615931,0.0,1.0,0.5592783505154639
2021_22_20210911_BRE_BRI,2021_22,2021-09-11,BRE,BRI,0,0.3895781637717121,2.46,0.5010862254446614,0.0,1.0,0.3895781637717121
2021_22_20210911_CHE_AVL,2021_22,2021-09-11,CHE,AVL,1,0.5376623376623377,1.78,0.4809684202719599,0.0,1.0,0.5376623376623377
2021_22_20210911_CRY_TOT,2021_22,2021-09-11,CRY,TOT,1,0.4573643410852713,2.1,0.4857405411651611,0.0,1.0,0.4573643410852713
2021_22_20210911_LEI_MCI,2021_22,2021-09-11,LEI,MCI,0,0.5515463917525772,1.74,0.4901901008157934,0.0,1.0,0.5515463917525772
2021_22_20210911_MUN_NEW,2021_22,2021-09-11,MUN,NEW,1,0.6595744680851063,1.44,0.4714033676764,0.0,1.0,0.6595744680851063
2021_22_20210911_SOU_WHU,2021_22,2021-09-11,SOU,WHU,0,0.5555555555555556,1.72,0.498903067107214,0.0,1.0,0.5555555555555556
2021_22_20210911_WAT_WOL,2021_22,2021-09-11,WAT,WOL,0,0.416243654822335,2.3,0.4692362486324155,0.0,1.0,0.416243654822335
2021_22_20210912_LEE_LIV,2021_22,2021-09-12,LEE,LIV,1,0.6084788029925187,1.57,0.4631007304247607,0.0,1.0,0.6084788029925187
2021_22_20210913_EVE_BUR,2021_22,2021-09-13,EVE,BUR,1,0.4817708333333334,1.99,0.4682967003234404,0.0,1.0,0.4817708333333334
2021_22_20210917_NEW_LEE,2021_22,2021-09-17,NEW,LEE,0,0.5812182741116751,1.65,0.4839057438533516,0.0,1.0,0.5812182741116751
2021_22_20210918_AVL_EVE,2021_22,2021-09-18,AVL,EVE,1,0.4791666666666667,2.0,0.4774659293845857,0.0,1.0,0.4791666666666667
2021_22_20210918_BUR_ARS,2021_22,2021-09-18,BUR,ARS,0,0.4727272727272727,2.03,0.481817705334602,0.0,1.0,0.4727272727272727
2021_22_20210918_LIV_CRY,2021_22,2021-09-18,LIV,CRY,1,0.6341463414634148,1.5,0.4651842537838391,0.0,1.0,0.6341463414634148
2021_22_20210918_MCI_SOU,2021_22,2021-09-18,MCI,SOU,0,0.6810933940774488,1.4,0.4699849563670122,0.0,1.0,0.6810933940774488
2021_22_20210918_NOR_WAT,2021_22,2021-09-18,NOR,WAT,1,0.4547803617571059,2.11,0.4436577462488769,0.0,1.0,0.4547803617571059
2021_22_20210918_WOL_BRE,2021_22,2021-09-18,WOL,BRE,0,0.3851851851851852,2.49,0.4595247335066001,0.0,1.0,0.3851851851851852
2021_22_20210919_BRI_LEI,2021_22,2021-09-19,BRI,LEI,1,0.440721649484536,2.17,0.4543403535093299,0.0,1.0,0.440721649484536
2021_22_20210919_TOT_CHE,2021_22,2021-09-19,TOT,CHE,1,0.4585492227979275,2.09,0.4594181500456091,0.0,1.0,0.4585492227979275
2021_22_20210919_WHU_MUN,2021_22,2021-09-19,WHU,MUN,1,0.5666666666666667,1.69,0.4642348640771845,0.0,1.0,0.5666666666666667
2021_22_20210925_BRE_LIV,2021_22,2021-09-25,BRE,LIV,1,0.5478036175710594,1.75,0.0409233752506511,0.0,1.0,0.5478036175710594
2021_22_20210925_CHE_MCI,2021_22,2021-09-25,CHE,MCI,0,0.4510309278350516,2.13,0.0299177155183002,0.0,1.0,0.4510309278350516
2021_22_20210925_EVE_NOR,2021_22,2021-09-25,EVE,NOR,0,0.5078125,1.89,0.7761593212404653,0.0,1.0,0.5078125
2021_22_20210925_LEE_WHU,2021_22,2021-09-25,LEE,WHU,1,0.5954773869346733,1.61,0.8537994250666096,0.0,1.0,0.5954773869346733
2021_22_20210925_LEI_BUR,2021_22,2021-09-25,LEI,BUR,1,0.5156249999999999,1.86,0.4978888308930449,0.0,1.0,0.5156249999999999
2021_22_20210925_MUN_AVL,2021_22,2021-09-25,MUN,AVL,0,0.5989974937343359,1.6,0.1251295513206953,0.0,1.0,0.5989974937343359
2021_22_20210925_WAT_NEW,2021_22,2021-09-25,WAT,NEW,0,0.4701298701298701,2.04,0.7011775162144018,0.0,1.0,0.4701298701298701
2021_22_20210926_ARS_TOT,2021_22,2021-09-26,ARS,TOT,1,0.4637305699481865,2.07,0.1437962196925362,0.0,1.0,0.4637305699481865
2021_22_20210926_SOU_WOL,2021_22,2021-09-26,SOU,WOL,0,0.4521963824289405,2.12,0.1617902492175977,0.0,1.0,0.4521963824289405
2021_22_20210927_CRY_BRI,2021_22,2021-09-27,CRY,BRI,0,0.4137055837563452,2.31,0.5481263309480269,0.0,1.0,0.4137055837563452
2021_22_20211002_BRI_ARS,2021_22,2021-10-02,BRI,ARS,0,0.466321243523316,2.06,0.4094093369448931,0.0,1.0,0.466321243523316
2021_22_20211002_BUR_NOR,2021_22,2021-10-02,BUR,NOR,0,0.5052083333333333,1.9,0.4353263786285277,0.0,1.0,0.5052083333333333
2021_22_20211002_CHE_SOU,2021_22,2021-10-02,CHE,SOU,1,0.5350649350649351,1.79,0.3807654668102035,0.0,1.0,0.5350649350649351
2021_22_20211002_LEE_WAT,2021_22,2021-10-02,LEE,WAT,0,0.5677749360613811,1.69,0.6622549939379061,0.0,1.0,0.5677749360613811
2021_22_20211002_MUN_EVE,2021_22,2021-10-02,MUN,EVE,0,0.5310880829015544,1.81,0.6663646838588894,0.0,1.0,0.5310880829015544
2021_22_20211002_WOL_NEW,2021_22,2021-10-02,WOL,NEW,1,0.4973958333333334,1.93,0.3237826685149878,0.0,1.0,0.4973958333333334
2021_22_20211003_CRY_LEI,2021_22,2021-10-03,CRY,LEI,1,0.4753246753246753,2.02,0.5101717073461347,0.0,1.0,0.4753246753246753
2021_22_20211003_LIV_MCI,2021_22,2021-10-03,LIV,MCI,1,0.5529715762273902,1.73,0.125702608314119,0.0,1.0,0.5529715762273902
2021_22_20211003_TOT_AVL,2021_22,2021-10-03,TOT,AVL,1,0.5078125,1.89,0.3788897475119733,0.0,1.0,0.5078125
2021_22_20211003_WHU_BRE,2021_22,2021-10-03,WHU,BRE,1,0.5,1.92,0.5885486589504614,0.0,1.0,0.5
2021_22_20211016_AVL_WOL,2021_22,2021-10-16,AVL,WOL,1,0.4536082474226803,2.12,0.2390690505466217,0.0,1.0,0.4536082474226803
2021_22_20211016_BRE_CHE,2021_22,2021-10-16,BRE,CHE,0,0.4701298701298701,2.04,0.3204592855990287,0.0,1.0,0.4701298701298701
2021_22_20211016_LEI_MUN,2021_22,2021-10-16,LEI,MUN,1,0.5438144329896907,1.77,0.5937245790233536,0.0,1.0,0.5438144329896907
2021_22_20211016_MCI_BUR,2021_22,2021-10-16,MCI,BUR,0,0.6862302483069979,1.39,0.5515644773556909,0.0,1.0,0.6862302483069979
2021_22_20211016_NOR_BRI,2021_22,2021-10-16,NOR,BRI,0,0.4510309278350516,2.13,0.3442789764150866,0.0,1.0,0.4510309278350516
2021_22_20211016_SOU_LEE,2021_22,2021-10-16,SOU,LEE,0,0.557840616966581,1.72,0.351610221945958,0.0,1.0,0.557840616966581
2021_22_20211016_WAT_LIV,2021_22,2021-10-16,WAT,LIV,1,0.6059850374064838,1.58,0.6858886088365432,0.0,1.0,0.6059850374064838
2021_22_20211017_EVE_WHU,2021_22,2021-10-17,EVE,WHU,0,0.5090909090909091,1.89,0.7140192698326093,0.0,1.0,0.5090909090909091
2021_22_20211017_NEW_TOT,2021_22,2021-10-17,NEW,TOT,1,0.5362694300518135,1.79,0.5560642001519025,0.0,1.0,0.5362694300518135
2021_22_20211018_ARS_CRY,2021_22,2021-10-18,ARS,CRY,1,0.4973958333333334,1.93,0.3628826901333482,0.0,1.0,0.4973958333333334
2021_22_20211022_ARS_AVL,2021_22,2021-10-22,ARS,AVL,1,0.538860103626943,1.78,0.4887171298566251,0.0,1.0,0.538860103626943
2021_22_20211023_BRI_MCI,2021_22,2021-10-23,BRI,MCI,1,0.5246753246753246,1.83,0.1073733294069434,0.0,1.0,0.5246753246753246
2021_22_20211023_CHE_NOR,2021_22,2021-10-23,CHE,NOR,1,0.5776081424936387,1.66,0.5482116594223252,0.0,1.0,0.5776081424936387
2021_22_20211023_CRY_NEW,2021_22,2021-10-23,CRY,NEW,0,0.4921875,1.95,0.6643761633549108,0.0,1.0,0.4921875
2021_22_20211023_EVE_WAT,2021_22,2021-10-23,EVE,WAT,1,0.4779220779220779,2.01,0.5528180161149656,0.0,1.0,0.4779220779220779
2021_22_20211023_LEE_WOL,2021_22,2021-10-23,LEE,WOL,0,0.5064935064935064,1.9,0.2761533674543159,0.0,1.0,0.5064935064935064
2021_22_20211023_SOU_BUR,2021_22,2021-10-23,SOU,BUR,1,0.4779220779220779,2.01,0.1482040161343757,0.0,1.0,0.4779220779220779
2021_22_20211024_BRE_LEI,2021_22,2021-10-24,BRE,LEI,1,0.5052083333333333,1.9,0.4429632658463893,0.0,1.0,0.5052083333333333
2021_22_20211024_MUN_LIV,2021_22,2021-10-24,MUN,LIV,1,0.6034912718204488,1.59,0.637919681646155,0.0,1.0,0.6034912718204488
2021_22_20211024_WHU_TOT,2021_22,2021-10-24,WHU,TOT,0,0.538860103626943,1.78,0.5120204150083719,0.0,1.0,0.538860103626943
2021_22_20211030_BUR_BRE,2021_22,2021-10-30,BUR,BRE,1,0.440721649484536,2.17,0.2661663309163863,0.0,1.0,0.440721649484536
2021_22_20211030_LEI_ARS,2021_22,2021-10-30,LEI,ARS,0,0.5310880829015544,1.81,0.5136936929288062,0.0,1.0,0.5310880829015544
2021_22_20211030_LIV_BRI,2021_22,2021-10-30,LIV,BRI,1,0.6283618581907091,1.52,0.3951781572919128,0.0,1.0,0.6283618581907091
2021_22_20211030_MCI_CRY,2021_22,2021-10-30,MCI,CRY,0,0.660377358490566,1.44,0.536870742114412,0.0,1.0,0.660377358490566
2021_22_20211030_NEW_CHE,2021_22,2021-10-30,NEW,CHE,1,0.5492227979274612,1.74,0.7800612634090206,0.0,1.0,0.5492227979274612
2021_22_20211030_TOT_MUN,2021_22,2021-10-30,TOT,MUN,1,0.5440414507772021,1.76,0.5391643385518602,0.0,1.0,0.5440414507772021
2021_22_20211030_WAT_SOU,2021_22,2021-10-30,WAT,SOU,0,0.5078125,1.89,0.433355268186136,0.0,1.0,0.5078125
2021_22_20211031_AVL_WHU,2021_22,2021-10-31,AVL,WHU,1,0.5286458333333333,1.81,0.6242295661590066,0.0,1.0,0.5286458333333333
2021_22_20211031_NOR_LEE,2021_22,2021-10-31,NOR,LEE,1,0.5428571428571429,1.76,0.3392186520374126,0.0,1.0,0.5428571428571429
2021_22_20211101_WOL_EVE,2021_22,2021-11-01,WOL,EVE,1,0.4209183673469387,2.27,0.3616510852845301,0.0,1.0,0.4209183673469387
2021_22_20211105_SOU_AVL,2021_22,2021-11-05,SOU,AVL,0,0.558974358974359,1.72,0.4363790105853435,0.0,1.0,0.558974358974359
2021_22_20211106_BRE_NOR,2021_22,2021-11-06,BRE,NOR,1,0.4727272727272727,2.03,0.3796255529715864,0.0,1.0,0.4727272727272727
2021_22_20211106_BRI_NEW,2021_22,2021-11-06,BRI,NEW,0,0.4935064935064935,1.95,0.4417296522015125,0.0,1.0,0.4935064935064935
2021_22_20211106_CHE_BUR,2021_22,2021-11-06,CHE,BUR,0,0.5641025641025641,1.7,0.5798385023166224,0.0,1.0,0.5641025641025641
2021_22_20211106_CRY_WOL,2021_22,2021-11-06,CRY,WOL,0,0.4045226130653266,2.37,0.3445297005225622,0.0,1.0,0.4045226130653266
2021_22_20211106_MUN_MCI,2021_22,2021-11-06,MUN,MCI,0,0.5919395465994962,1.62,0.6009715453945182,0.0,1.0,0.5919395465994962
2021_22_20211107_ARS_WAT,2021_22,2021-11-07,ARS,WAT,0,0.5979899497487436,1.6,0.4967027973220992,0.0,1.0,0.5979899497487436
2021_22_20211107_EVE_TOT,2021_22,2021-11-07,EVE,TOT,0,0.4739583333333334,2.02,0.557148058360627,0.0,1.0,0.4739583333333334
2021_22_20211107_LEE_LEI,2021_22,2021-11-07,LEE,LEI,0,0.5754475703324808,1.66,0.6316818225323477,0.0,1.0,0.5754475703324808
2021_22_20211107_WHU_LIV,2021_22,2021-11-07,WHU,LIV,1,0.6383495145631067,1.49,0.6930630820575514,0.0,1.0,0.6383495145631067
2021_22_20211120_AVL_BRI,2021_22,2021-11-20,AVL,BRI,0,0.4597402597402597,2.08,0.4687891339490377,0.0,1.0,0.4597402597402597
2021_22_20211120_BUR_CRY,2021_22,2021-11-20,BUR,CRY,1,0.4381443298969071,2.18,0.4752438880367808,0.0,1.0,0.4381443298969071
2021_22_20211120_LEI_CHE,2021_22,2021-11-20,LEI,CHE,1,0.4791666666666667,2.0,0.6416534679937105,0.0,1.0,0.4791666666666667
2021_22_20211120_LIV_ARS,2021_22,2021-11-20,LIV,ARS,1,0.639225181598063,1.49,0.5878161371855867,0.0,1.0,0.639225181598063
2021_22_20211120_NEW_BRE,2021_22,2021-11-20,NEW,BRE,1,0.4869791666666667,1.97,0.5386051844641069,0.0,1.0,0.4869791666666667
2021_22_20211120_NOR_SOU,2021_22,2021-11-20,NOR,SOU,1,0.4817708333333334,1.99,0.2841614270588618,0.0,1.0,0.4817708333333334
2021_22_20211120_WAT_MUN,2021_22,2021-11-20,WAT,MUN,1,0.5790816326530612,1.65,0.6063094004946925,0.0,1.0,0.5790816326530612
2021_22_20211120_WOL_WHU,2021_22,2021-11-20,WOL,WHU,0,0.464935064935065,2.06,0.401823174972202,0.0,1.0,0.464935064935065
2021_22_20211121_MCI_EVE,2021_22,2021-11-21,MCI,EVE,1,0.6365853658536585,1.49,0.4689761152095818,0.0,1.0,0.6365853658536585
2021_22_20211121_TOT_LEE,2021_22,2021-11-21,TOT,LEE,1,0.5428571428571429,1.76,0.2869952424286167,0.0,1.0,0.5428571428571429
2021_22_20211127_ARS_NEW,2021_22,2021-11-27,ARS,NEW,0,0.589873417721519,1.62,0.534652941408372,0.0,1.0,0.589873417721519
2021_22_20211127_BRI_LEE,2021_22,2021-11-27,BRI,LEE,0,0.4973958333333334,1.93,0.3105143549423694,0.0,1.0,0.4973958333333334
2021_22_20211127_CRY_AVL,2021_22,2021-11-27,CRY,AVL,1,0.4753246753246753,2.02,0.5926251579345525,0.0,1.0,0.4753246753246753
2021_22_20211127_LIV_SOU,2021_22,2021-11-27,LIV,SOU,1,0.6736111111111112,1.41,0.5976468969987901,0.0,1.0,0.6736111111111112
2021_22_20211127_NOR_WOL,2021_22,2021-11-27,NOR,WOL,0,0.416243654822335,2.3,0.2912706672196538,0.0,1.0,0.416243654822335
2021_22_20211128_BRE_EVE,2021_22,2021-11-28,BRE,EVE,0,0.440721649484536,2.17,0.5654792155758008,0.0,1.0,0.440721649484536
2021_22_20211128_CHE_MUN,2021_22,2021-11-28,CHE,MUN,0,0.5286458333333333,1.81,0.7801578662675727,0.0,1.0,0.5286458333333333
2021_22_20211128_LEI_WAT,2021_22,2021-11-28,LEI,WAT,1,0.5743589743589743,1.66,0.6809331581189468,0.0,1.0,0.5743589743589743
2021_22_20211128_MCI_WHU,2021_22,2021-11-28,MCI,WHU,1,0.6332518337408313,1.5,0.4847171134299879,0.0,1.0,0.6332518337408313
2021_22_20211130_LEE_CRY,2021_22,2021-11-30,LEE,CRY,0,0.5,1.92,0.4561485630771413,0.0,1.0,0.5
2021_22_20211130_NEW_NOR,2021_22,2021-11-30,NEW,NOR,0,0.5234374999999999,1.83,0.5074837168918732,0.0,1.0,0.5234374999999999
2021_22_20211201_AVL_MCI,2021_22,2021-12-01,AVL,MCI,1,0.5852417302798981,1.63,0.4989678270846569,0.0,1.0,0.5852417302798981
2021_22_20211201_EVE_LIV,2021_22,2021-12-01,EVE,LIV,1,0.5984848484848484,1.59,0.7522004137572171,0.0,1.0,0.5984848484848484
2021_22_20211201_SOU_LEI,2021_22,2021-12-01,SOU,LEI,1,0.5376623376623377,1.78,0.4498282888878744,0.0,1.0,0.5376623376623377
2021_22_20211201_WAT_CHE,2021_22,2021-12-01,WAT,CHE,1,0.5592783505154639,1.71,0.6413635526401615,0.0,1.0,0.5592783505154639
2021_22_20211201_WHU_BRI,2021_22,2021-12-01,WHU,BRI,0,0.4727272727272727,2.03,0.3930426603764942,0.0,1.0,0.4727272727272727
2021_22_20211201_WOL_BUR,2021_22,2021-12-01,WOL,BUR,0,0.4293059125964009,2.22,0.2921081163777423,0.0,1.0,0.4293059125964009
2021_22_20211202_MUN_ARS,2021_22,2021-12-02,MUN,ARS,1,0.5324675324675325,1.8,0.5522661608975109,0.0,1.0,0.5324675324675325
2021_22_20211202_TOT_BRE,2021_22,2021-12-02,TOT,BRE,0,0.5052083333333333,1.9,0.3792623082165055,0.0,1.0,0.5052083333333333
2021_22_20211204_NEW_BUR,2021_22,2021-12-04,NEW,BUR,0,0.4947916666666667,1.94,0.5427523451035626,0.0,1.0,0.4947916666666667
2021_22_20211204_SOU_BRI,2021_22,2021-12-04,SOU,BRI,0,0.442159383033419,2.17,0.2376021452912876,0.0,1.0,0.442159383033419
2021_22_20211204_WAT_MCI,2021_22,2021-12-04,WAT,MCI,1,0.660377358490566,1.44,0.6281149858240215,0.0,1.0,0.660377358490566
2021_22_20211204_WHU_CHE,2021_22,2021-12-04,WHU,CHE,1,0.466321243523316,2.06,0.4762421731896162,0.0,1.0,0.466321243523316
2021_22_20211204_WOL_LIV,2021_22,2021-12-04,WOL,LIV,0,0.5652173913043478,1.7,0.4114024824827764,0.0,1.0,0.5652173913043478
2021_22_20211205_AVL_LEI,2021_22,2021-12-05,AVL,LEI,1,0.5130208333333333,1.87,0.6995765160804903,0.0,1.0,0.5130208333333333
2021_22_20211205_LEE_BRE,2021_22,2021-12-05,LEE,BRE,1,0.5,1.92,0.3543600544624002,0.0,1.0,0.5
2021_22_20211205_MUN_CRY,2021_22,2021-12-05,MUN,CRY,0,0.5414507772020726,1.77,0.6587142260241231,0.0,1.0,0.5414507772020726
2021_22_20211205_TOT_NOR,2021_22,2021-12-05,TOT,NOR,1,0.5208333333333334,1.84,0.3268480223595449,0.0,1.0,0.5208333333333334
2021_22_20211206_EVE_ARS,2021_22,2021-12-06,EVE,ARS,1,0.4701298701298701,2.04,0.4871668664335267,0.0,1.0,0.4701298701298701
2021_22_20211210_BRE_WAT,2021_22,2021-12-10,BRE,WAT,1,0.4817708333333334,1.99,0.651081401423091,0.0,1.0,0.4817708333333334
2021_22_20211211_ARS_SOU,2021_22,2021-12-11,ARS,SOU,1,0.5350649350649351,1.79,0.3748273367830734,0.0,1.0,0.5350649350649351
2021_22_20211211_CHE_LEE,2021_22,2021-12-11,CHE,LEE,1,0.6015037593984962,1.59,0.630754413400638,0.0,1.0,0.6015037593984962
2021_22_20211211_LIV_AVL,2021_22,2021-12-11,LIV,AVL,0,0.6796338672768879,1.4,0.8435971261707044,0.0,1.0,0.6796338672768879
2021_22_20211211_MCI_WOL,2021_22,2021-12-11,MCI,WOL,0,0.6163366336633663,1.55,0.3005604054545421,0.0,1.0,0.6163366336633663
2021_22_20211211_NOR_MUN,2021_22,2021-12-11,NOR,MUN,0,0.5604113110539846,1.71,0.5234878442613308,0.0,1.0,0.5604113110539846
2021_22_20211212_BUR_WHU,2021_22,2021-12-12,BUR,WHU,0,0.5208333333333334,1.84,0.5549705061261312,0.0,1.0,0.5208333333333334
2021_22_20211212_CRY_EVE,2021_22,2021-12-12,CRY,EVE,1,0.4137055837563452,2.31,0.5723168747934242,0.0,1.0,0.4137055837563452
2021_22_20211212_LEI_NEW,2021_22,2021-12-12,LEI,NEW,1,0.5969773299748111,1.6,0.7789989617110398,0.0,1.0,0.5969773299748111
2021_22_20211214_MCI_LEE,2021_22,2021-12-14,MCI,LEE,1,0.7024070021881839,1.36,0.6569110840498681,0.0,1.0,0.7024070021881839
2021_22_20211214_NOR_AVL,2021_22,2021-12-14,NOR,AVL,0,0.4484536082474227,2.14,0.339178005199978,0.0,1.0,0.4484536082474227
2021_22_20211215_ARS_WHU,2021_22,2021-12-15,ARS,WHU,0,0.5246753246753246,1.83,0.5203055552005963,0.0,1.0,0.5246753246753246
2021_22_20211215_BRI_WOL,2021_22,2021-12-15,BRI,WOL,0,0.3793103448275862,2.52,0.1584692320624214,0.0,1.0,0.3793103448275862
2021_22_20211215_CRY_SOU,2021_22,2021-12-15,CRY,SOU,1,0.4559585492227979,2.1,0.4670287277045137,0.0,1.0,0.4559585492227979
2021_22_20211216_CHE_EVE,2021_22,2021-12-16,CHE,EVE,0,0.5581395348837209,1.71,0.8409817980041567,0.0,1.0,0.5581395348837209
2021_22_20211216_LIV_NEW,2021_22,2021-12-16,LIV,NEW,1,0.7152034261241969,1.33,0.9545502890429266,0.0,1.0,0.7152034261241969
2021_22_20211218_LEE_ARS,2021_22,2021-12-18,LEE,ARS,1,0.5466321243523315,1.75,0.4395554854785474,0.0,1.0,0.5466321243523315
2021_22_20211219_NEW_MCI,2021_22,2021-12-19,NEW,MCI,1,0.6532066508313539,1.46,0.6665612673125587,0.0,1.0,0.6532066508313539
2021_22_20211219_TOT_LIV,2021_22,2021-12-19,TOT,LIV,1,0.583756345177665,1.64,0.5392327749193664,0.0,1.0,0.583756345177665
2021_22_20211219_WOL_CHE,2021_22,2021-12-19,WOL,CHE,0,0.4496124031007751,2.13,0.2178294407435566,0.0,1.0,0.4496124031007751
2021_22_20211226_AVL_CHE,2021_22,2021-12-26,AVL,CHE,1,0.4727272727272727,2.03,0.5099333434381419,0.0,1.0,0.4727272727272727
2021_22_20211226_BRI_BRE,2021_22,2021-12-26,BRI,BRE,0,0.4355670103092783,2.19,0.2905727028629931,0.0,1.0,0.4355670103092783
2021_22_20211226_MCI_LEI,2021_22,2021-12-26,MCI,LEI,1,0.6840909090909091,1.39,0.7465705778658126,0.0,1.0,0.6840909090909091
2021_22_20211226_NOR_ARS,2021_22,2021-12-26,NOR,ARS,1,0.5376623376623377,1.78,0.3558407655551913,0.0,1.0,0.5376623376623377
2021_22_20211226_TOT_CRY,2021_22,2021-12-26,TOT,CRY,1,0.4960835509138382,1.93,0.3775041637098995,0.0,1.0,0.4960835509138382
2021_22_20211226_WHU_SOU,2021_22,2021-12-26,WHU,SOU,1,0.5466321243523315,1.75,0.4382372589880242,0.0,1.0,0.5466321243523315
2021_22_20211227_NEW_MUN,2021_22,2021-12-27,NEW,MUN,0,0.5913705583756345,1.61,0.6083509744410753,0.0,1.0,0.5913705583756345
2021_22_20211228_CRY_NOR,2021_22,2021-12-28,CRY,NOR,1,0.4470284237726098,2.14,0.4386217166960954,0.0,1.0,0.4470284237726098
2021_22_20211228_LEI_LIV,2021_22,2021-12-28,LEI,LIV,0,0.7209302325581396,1.32,0.7886212218951201,0.0,1.0,0.7209302325581396
2021_22_20211228_SOU_TOT,2021_22,2021-12-28,SOU,TOT,0,0.5039164490861618,1.9,0.3259556863868077,0.0,1.0,0.5039164490861618
2021_22_20211228_WAT_WHU,2021_22,2021-12-28,WAT,WHU,1,0.5529715762273902,1.73,0.6478788832892705,0.0,1.0,0.5529715762273902
2021_22_20211229_BRE_MCI,2021_22,2021-12-29,BRE,MCI,0,0.6383495145631067,1.49,0.5329150332623303,0.0,1.0,0.6383495145631067
2021_22_20211229_CHE_BRI,2021_22,2021-12-29,CHE,BRI,0,0.5065274151436031,1.89,0.3343450235052887,0.0,1.0,0.5065274151436031
2021_22_20211230_MUN_BUR,2021_22,2021-12-30,MUN,BUR,1,0.5655526992287918,1.69,0.4328138607641602,0.0,1.0,0.5655526992287918
2021_22_20220101_ARS_MCI,2021_22,2022-01-01,ARS,MCI,1,0.6030150753768844,1.58,0.4590061313330862,0.0,1.0,0.6030150753768844
2021_22_20220101_CRY_WHU,2021_22,2022-01-01,CRY,WHU,1,0.5130208333333333,1.87,0.5600675954294232,0.0,1.0,0.5130208333333333
2021_22_20220101_WAT_TOT,2021_22,2022-01-01,WAT,TOT,0,0.5390625,1.77,0.500565965448108,0.0,1.0,0.5390625
2021_22_20220102_BRE_AVL,2021_22,2022-01-02,BRE,AVL,1,0.4609375,2.07,0.441482791573372,0.0,1.0,0.4609375
2021_22_20220102_CHE_LIV,2021_22,2022-01-02,CHE,LIV,1,0.5338541666666666,1.79,0.4493718900690845,0.0,1.0,0.5338541666666666
2021_22_20220102_EVE_BRI,2021_22,2022-01-02,EVE,BRI,1,0.4282051282051282,2.23,0.2841138526756723,0.0,1.0,0.4282051282051282
2021_22_20220102_LEE_BUR,2021_22,2022-01-02,LEE,BUR,1,0.5117493472584856,1.87,0.3648750667267851,0.0,1.0,0.5117493472584856
2021_22_20220103_MUN_WOL,2021_22,2022-01-03,MUN,WOL,0,0.4908616187989557,1.95,0.1885572151953387,0.0,1.0,0.4908616187989557
2021_22_20220111_SOU_BRE,2021_22,2022-01-11,SOU,BRE,1,0.4727272727272727,2.03,0.364779739149712,0.0,1.0,0.4727272727272727
2021_22_20220112_WHU_NOR,2021_22,2022-01-12,WHU,NOR,0,0.5743589743589743,1.66,0.6305267265551933,0.0,1.0,0.5743589743589743
2021_22_20220114_BRI_CRY,2021_22,2022-01-14,BRI,CRY,0,0.4395886889460154,2.18,0.3357541753038595,0.0,1.0,0.4395886889460154
2021_22_20220115_AVL_MUN,2021_22,2022-01-15,AVL,MUN,1,0.5130208333333333,1.87,0.5331793898395693,0.0,1.0,0.5130208333333333
2021_22_20220115_MCI_CHE,2021_22,2022-01-15,MCI,CHE,0,0.5234374999999999,1.83,0.4065845027618473,0.0,1.0,0.5234374999999999
2021_22_20220115_NEW_WAT,2021_22,2022-01-15,NEW,WAT,0,0.5338541666666666,1.79,0.5974415094946721,0.0,1.0,0.5338541666666666
2021_22_20220115_NOR_EVE,2021_22,2022-01-15,NOR,EVE,1,0.4609375,2.07,0.3597019287725072,0.0,1.0,0.4609375
2021_22_20220115_WOL_SOU,2021_22,2022-01-15,WOL,SOU,1,0.3984962406015038,2.4,0.1562670261263428,0.0,1.0,0.3984962406015038
2021_22_20220116_LIV_BRE,2021_22,2022-01-16,LIV,BRE,1,0.578005115089514,1.65,0.697504758792278,0.0,1.0,0.578005115089514
2021_22_20220116_WHU_LEE,2021_22,2022-01-16,WHU,LEE,1,0.5877862595419847,1.62,0.7165352867505512,0.0,1.0,0.5877862595419847
2021_22_20220118_BRI_CHE,2021_22,2022-01-18,BRI,CHE,0,0.4545454545454546,2.1,0.2964397087995163,0.0,1.0,0.4545454545454546
2021_22_20220119_BRE_MUN,2021_22,2022-01-19,BRE,MUN,1,0.5065274151436031,1.89,0.50397131599583,0.0,1.0,0.5065274151436031
2021_22_20220119_LEI_TOT,2021_22,2022-01-19,LEI,TOT,1,0.5364583333333334,1.78,0.5091415624051848,0.0,1.0,0.5364583333333334
2021_22_20220121_WAT_NOR,2021_22,2022-01-21,WAT,NOR,1,0.5039164490861618,1.9,0.4282028412574663,0.0,1.0,0.5039164490861618
2021_22_20220122_BRE_WOL,2021_22,2022-01-22,BRE,WOL,1,0.3802469135802469,2.51,0.1739552122644738,0.0,1.0,0.3802469135802469
2021_22_20220122_EVE_AVL,2021_22,2022-01-22,EVE,AVL,0,0.4739583333333334,2.02,0.5362181586171162,0.0,1.0,0.4739583333333334
2021_22_20220122_LEE_NEW,2021_22,2022-01-22,LEE,NEW,0,0.5743589743589743,1.66,0.5641662854684965,0.0,1.0,0.5743589743589743
2021_22_20220122_MUN_WHU,2021_22,2022-01-22,MUN,WHU,0,0.5655526992287918,1.69,0.642202165079406,0.0,1.0,0.5655526992287918
2021_22_20220122_SOU_MCI,2021_22,2022-01-22,SOU,MCI,0,0.6449275362318841,1.47,0.5795424842496604,0.0,1.0,0.6449275362318841
2021_22_20220123_ARS_BUR,2021_22,2022-01-23,ARS,BUR,0,0.5428571428571429,1.76,0.4880991094497722,0.0,1.0,0.5428571428571429
2021_22_20220123_CHE_TOT,2021_22,2022-01-23,CHE,TOT,0,0.5013054830287206,1.91,0.4440513855193331,0.0,1.0,0.5013054830287206
2021_22_20220123_CRY_LIV,2021_22,2022-01-23,CRY,LIV,1,0.5569948186528497,1.71,0.6775616904561592,0.0,1.0,0.5569948186528497
2021_22_20220123_LEI_BRI,2021_22,2022-01-23,LEI,BRI,0,0.4908616187989557,1.95,0.5231443393992433,0.0,1.0,0.4908616187989557
2021_22_20220205_BUR_WAT,2021_22,2022-02-05,BUR,WAT,0,0.4571428571428572,2.09,0.456951868973363,0.0,1.0,0.4571428571428572
2021_22_20220208_BUR_MUN,2021_22,2022-02-08,BUR,MUN,0,0.5221932114882506,1.83,0.4289634045452846,0.0,1.0,0.5221932114882506
2021_22_20220208_NEW_EVE,2021_22,2022-02-08,NEW,EVE,1,0.5065274151436031,1.89,0.5706603617429867,0.0,1.0,0.5065274151436031
2021_22_20220208_WHU_WAT,2021_22,2022-02-08,WHU,WAT,0,0.5402597402597403,1.77,0.7107464051165862,0.0,1.0,0.5402597402597403
2021_22_20220209_AVL_LEE,2021_22,2022-02-09,AVL,LEE,1,0.5629820051413882,1.7,0.6334312555876325,0.0,1.0,0.5629820051413882
2021_22_20220209_MCI_BRE,2021_22,2022-02-09,MCI,BRE,0,0.6984478935698448,1.36,0.7014804889548271,0.0,1.0,0.6984478935698448
2021_22_20220209_NOR_CRY,2021_22,2022-02-09,NOR,CRY,0,0.451948051948052,2.11,0.4772060047489406,0.0,1.0,0.451948051948052
2021_22_20220209_TOT_SOU,2021_22,2022-02-09,TOT,SOU,1,0.5390625,1.77,0.4697020647186867,0.0,1.0,0.5390625
2021_22_20220210_LIV_LEI,2021_22,2022-02-10,LIV,LEI,0,0.7145922746781115,1.33,0.8510865557414897,0.0,1.0,0.7145922746781115
2021_22_20220210_WOL_ARS,2021_22,2022-02-10,WOL,ARS,0,0.4137055837563452,2.31,0.2282424592373068,0.0,1.0,0.4137055837563452
2021_22_20220212_BRE_CRY,2021_22,2022-02-12,BRE,CRY,0,0.4101265822784811,2.33,0.5454040413363301,0.0,1.0,0.4101265822784811
2021_22_20220212_EVE_LEE,2021_22,2022-02-12,EVE,LEE,1,0.5790816326530612,1.65,0.6721769829435622,0.0,1.0,0.5790816326530612
2021_22_20220212_MUN_SOU,2021_22,2022-02-12,MUN,SOU,0,0.5655526992287918,1.69,0.622105700571193,0.0,1.0,0.5655526992287918
2021_22_20220212_NOR_MCI,2021_22,2022-02-12,NOR,MCI,1,0.6682242990654206,1.42,0.678658895053768,0.0,1.0,0.6682242990654206
2021_22_20220212_WAT_BRI,2021_22,2022-02-12,WAT,BRI,0,0.4126582278481012,2.32,0.3947783609287837,0.0,1.0,0.4126582278481012
2021_22_20220213_BUR_LIV,2021_22,2022-02-13,BUR,LIV,0,0.595959595959596,1.6,0.5853706062533415,0.0,1.0,0.595959595959596
2021_22_20220213_LEI_WHU,2021_22,2022-02-13,LEI,WHU,1,0.5717948717948719,1.67,0.7758183760568806,0.0,1.0,0.5717948717948719
2021_22_20220213_NEW_AVL,2021_22,2022-02-13,NEW,AVL,0,0.5260416666666667,1.82,0.6471112870156805,0.0,1.0,0.5260416666666667
2021_22_20220213_TOT_WOL,2021_22,2022-02-13,TOT,WOL,0,0.4395886889460154,2.18,0.2309185337750072,0.0,1.0,0.4395886889460154
2021_22_20220215_MUN_BRI,2021_22,2022-02-15,MUN,BRI,0,0.5065274151436031,1.89,0.4067924308665855,0.0,1.0,0.5065274151436031
2021_22_20220219_ARS_BRE,2021_22,2022-02-19,ARS,BRE,1,0.4895833333333333,1.96,0.5612027404695031,0.0,1.0,0.4895833333333333
2021_22_20220219_AVL_WAT,2021_22,2022-02-19,AVL,WAT,0,0.4869791666666667,1.97,0.6171231439029454,0.0,1.0,0.4869791666666667
2021_22_20220219_BRI_BUR,2021_22,2022-02-19,BRI,BUR,1,0.4293059125964009,2.22,0.2577464988630122,0.0,1.0,0.4293059125964009
2021_22_20220219_CRY_CHE,2021_22,2022-02-19,CRY,CHE,0,0.4765625,2.01,0.5963233866328581,0.0,1.0,0.4765625
2021_22_20220219_LIV_NOR,2021_22,2022-02-19,LIV,NOR,1,0.7080610021786492,1.34,0.8232853595390839,0.0,1.0,0.7080610021786492
2021_22_20220219_MCI_TOT,2021_22,2022-02-19,MCI,TOT,1,0.595959595959596,1.6,0.6145680879802924,0.0,1.0,0.595959595959596
2021_22_20220219_SOU_EVE,2021_22,2022-02-19,SOU,EVE,0,0.53125,1.8,0.6148925207080734,0.0,1.0,0.53125
2021_22_20220219_WHU_NEW,2021_22,2022-02-19,WHU,NEW,0,0.5300261096605744,1.8,0.6977792100715164,0.0,1.0,0.5300261096605744
2021_22_20220220_LEE_MUN,2021_22,2022-02-20,LEE,MUN,1,0.5852417302798981,1.63,0.6933732507688446,0.0,1.0,0.5852417302798981
2021_22_20220220_WOL_LEI,2021_22,2022-02-20,WOL,LEI,1,0.4444444444444444,2.15,0.3759584075242479,0.0,1.0,0.4444444444444444
2021_22_20220223_BUR_TOT,2021_22,2022-02-23,BUR,TOT,0,0.4751958224543081,2.01,0.3789285645676381,0.0,1.0,0.4751958224543081
2021_22_20220223_LIV_LEE,2021_22,2022-02-23,LIV,LEE,1,0.7495069033530573,1.27,0.8603286776207573,0.0,1.0,0.7495069033530573
2021_22_20220223_WAT_CRY,2021_22,2022-02-23,WAT,CRY,1,0.4344473007712082,2.2,0.487775344898629,0.0,1.0,0.4344473007712082
2021_22_20220224_ARS_WOL,2021_22,2022-02-24,ARS,WOL,1,0.4282051282051282,2.23,0.221589780446211,0.0,1.0,0.4282051282051282
2021_22_20220225_SOU_NOR,2021_22,2022-02-25,SOU,NOR,0,0.5466321243523315,1.75,0.5081193235854811,0.0,1.0,0.5466321243523315
2021_22_20220226_BRE_NEW,2021_22,2022-02-26,BRE,NEW,0,0.4198473282442748,2.28,0.4685980174437436,0.0,1.0,0.4198473282442748
2021_22_20220226_BRI_AVL,2021_22,2022-02-26,BRI,AVL,0,0.4444444444444444,2.15,0.3666171788616124,0.0,1.0,0.4444444444444444
2021_22_20220226_CRY_BUR,2021_22,2022-02-26,CRY,BUR,0,0.4198473282442748,2.28,0.3680915277196929,0.0,1.0,0.4198473282442748
2021_22_20220226_EVE_MCI,2021_22,2022-02-26,EVE,MCI,0,0.6169154228855721,1.54,0.707423639352817,0.0,1.0,0.6169154228855721
2021_22_20220226_LEE_TOT,2021_22,2022-02-26,LEE,TOT,1,0.5873417721518986,1.63,0.6617856517647666,0.0,1.0,0.5873417721518986
2021_22_20220226_MUN_WAT,2021_22,2022-02-26,MUN,WAT,0,0.5816326530612244,1.64,0.6148712036704244,0.0,1.0,0.5816326530612244
2021_22_20220227_WHU_WOL,2021_22,2022-02-27,WHU,WOL,0,0.4173027989821883,2.29,0.3253079251034009,0.0,1.0,0.4173027989821883
2021_22_20220301_BUR_LEI,2021_22,2022-03-01,BUR,LEI,0,0.484375,1.98,0.5418723255174187,0.0,1.0,0.484375
2021_22_20220305_AVL_SOU,2021_22,2022-03-05,AVL,SOU,1,0.5221932114882506,1.83,0.5937932151721366,0.0,1.0,0.5221932114882506
2021_22_20220305_BUR_CHE,2021_22,2022-03-05,BUR,CHE,1,0.4609375,2.07,0.4089400463156608,0.0,1.0,0.4609375
2021_22_20220305_LEI_LEE,2021_22,2022-03-05,LEI,LEE,0,0.6188118811881189,1.54,0.8217423832455786,0.0,1.0,0.6188118811881189
2021_22_20220305_LIV_WHU,2021_22,2022-03-05,LIV,WHU,0,0.635036496350365,1.5,0.6875530577066946,0.0,1.0,0.635036496350365
2021_22_20220305_NEW_BRI,2021_22,2022-03-05,NEW,BRI,1,0.423469387755102,2.26,0.4090254340599476,0.0,1.0,0.423469387755102
2021_22_20220305_NOR_BRE,2021_22,2022-03-05,NOR,BRE,1,0.4183673469387755,2.28,0.4228182752062359,0.0,1.0,0.4183673469387755
2021_22_20220305_WOL_CRY,2021_22,2022-03-05,WOL,CRY,0,0.3759213759213758,2.54,0.2827462317732988,0.0,1.0,0.3759213759213758
2021_22_20220306_MCI_MUN,2021_22,2022-03-06,MCI,MUN,1,0.5949367088607596,1.6,0.590550706680173,0.0,1.0,0.5949367088607596
2021_22_20220306_WAT_ARS,2021_22,2022-03-06,WAT,ARS,1,0.4739583333333334,2.02,0.5745493058876591,0.0,1.0,0.4739583333333334
2021_22_20220307_TOT_EVE,2021_22,2022-03-07,TOT,EVE,1,0.5364583333333334,1.78,0.5503034501664466,0.0,1.0,0.5364583333333334
2021_22_20220310_LEE_AVL,2021_22,2022-03-10,LEE,AVL,1,0.5644329896907216,1.69,0.6535349600474605,0.0,1.0,0.5644329896907216
2021_22_20220310_NOR_CHE,2021_22,2022-03-10,NOR,CHE,1,0.5555555555555556,1.72,0.6659318012336625,0.0,1.0,0.5555555555555556
2021_22_20220310_SOU_NEW,2021_22,2022-03-10,SOU,NEW,1,0.5326370757180157,1.79,0.5262402260611801,0.0,1.0,0.5326370757180157
2021_22_20220310_WOL_WAT,2021_22,2022-03-10,WOL,WAT,1,0.4101265822784811,2.33,0.2420528010370237,0.0,1.0,0.4101265822784811
2021_22_20220312_BRE_BUR,2021_22,2022-03-12,BRE,BUR,0,0.4030226700251889,2.37,0.3128629390025818,0.0,1.0,0.4030226700251889
2021_22_20220312_BRI_LIV,2021_22,2022-03-12,BRI,LIV,0,0.5666666666666667,1.69,0.4966464262697375,0.0,1.0,0.5666666666666667
2021_22_20220312_MUN_TOT,2021_22,2022-03-12,MUN,TOT,1,0.5503875968992248,1.74,0.5526978121019658,0.0,1.0,0.5503875968992248
2021_22_20220313_ARS_LEI,2021_22,2022-03-13,ARS,LEI,0,0.5862944162436549,1.63,0.637579323868934,0.0,1.0,0.5862944162436549
2021_22_20220313_CHE_NEW,2021_22,2022-03-13,CHE,NEW,0,0.5581395348837209,1.71,0.5992407130747881,0.0,1.0,0.5581395348837209
2021_22_20220313_EVE_WOL,2021_22,2022-03-13,EVE,WOL,0,0.4147582697201017,2.3,0.3090155345307417,0.0,1.0,0.4147582697201017
2021_22_20220313_LEE_NOR,2021_22,2022-03-13,LEE,NOR,1,0.5717948717948719,1.67,0.5090208896376094,0.0,1.0,0.5717948717948719
2021_22_20220313_SOU_WAT,2021_22,2022-03-13,SOU,WAT,1,0.5274151436031332,1.81,0.5540788217492978,0.0,1.0,0.5274151436031332
2021_22_20220313_WHU_AVL,2021_22,2022-03-13,WHU,AVL,1,0.4895287958115184,1.95,0.5600177574428116,0.0,1.0,0.4895287958115184
2021_22_20220314_CRY_MCI,2021_22,2022-03-14,CRY,MCI,0,0.5692307692307692,1.68,0.5643199302853052,0.0,1.0,0.5692307692307692
2021_22_20220316_ARS_LIV,2021_22,2022-03-16,ARS,LIV,0,0.5555555555555556,1.72,0.559362950448397,0.0,1.0,0.5555555555555556
2021_22_20220316_BRI_TOT,2021_22,2022-03-16,BRI,TOT,0,0.4571428571428572,2.09,0.4300057993413724,0.0,1.0,0.4571428571428572
2021_22_20220317_EVE_NEW,2021_22,2022-03-17,EVE,NEW,0,0.4830287206266319,1.98,0.5454192559734377,0.0,1.0,0.4830287206266319
2021_22_20220318_WOL_LEE,2021_22,2022-03-18,WOL,LEE,1,0.4908616187989557,1.95,0.450153364959474,0.0,1.0,0.4908616187989557
2021_22_20220319_AVL_ARS,2021_22,2022-03-19,AVL,ARS,0,0.5117493472584856,1.87,0.5777401264663145,0.0,1.0,0.5117493472584856
2021_22_20220320_LEI_BRE,2021_22,2022-03-20,LEI,BRE,1,0.5039164490861618,1.9,0.6388014716368017,0.0,1.0,0.5039164490861618
2021_22_20220320_TOT_WHU,2021_22,2022-03-20,TOT,WHU,1,0.5518134715025906,1.73,0.5911238762195071,0.0,1.0,0.5518134715025906
2021_22_20220402_BRI_NOR,2021_22,2022-04-02,BRI,NOR,0,0.4661458333333333,2.05,0.3451092424705824,0.0,1.0,0.4661458333333333
2021_22_20220402_BUR_MCI,2021_22,2022-04-02,BUR,MCI,0,0.6005025125628142,1.59,0.5492048478938818,0.0,1.0,0.6005025125628142
2021_22_20220402_CHE_BRE,2021_22,2022-04-02,CHE,BRE,1,0.5052356020942408,1.89,0.5942094200807655,0.0,1.0,0.5052356020942408
2021_22_20220402_LEE_SOU,2021_22,2022-04-02,LEE,SOU,0,0.5862944162436549,1.63,0.7037011787422404,0.0,1.0,0.5862944162436549
2021_22_20220402_LIV_WAT,2021_22,2022-04-02,LIV,WAT,0,0.7045951859956237,1.35,0.7791711393429069,0.0,1.0,0.7045951859956237
2021_22_20220402_MUN_LEI,2021_22,2022-04-02,MUN,LEI,0,0.6090225563909775,1.56,0.7294473594951159,0.0,1.0,0.6090225563909775
2021_22_20220402_WOL_AVL,2021_22,2022-04-02,WOL,AVL,1,0.4020100502512562,2.38,0.3438557961311939,0.0,1.0,0.4020100502512562
2021_22_20220403_TOT_NEW,2021_22,2022-04-03,TOT,NEW,1,0.53125,1.8,0.6135468125214267,0.0,1.0,0.53125
2021_22_20220403_WHU_EVE,2021_22,2022-04-03,WHU,EVE,1,0.4934725848563968,1.94,0.5948729320129518,0.0,1.0,0.4934725848563968
2021_22_20220404_CRY_ARS,2021_22,2022-04-04,CRY,ARS,1,0.4481865284974093,2.13,0.47319753173247,0.0,1.0,0.4481865284974093
2021_22_20220406_BUR_EVE,2021_22,2022-04-06,BUR,EVE,1,0.4245524296675191,2.25,0.33640434898463,0.0,1.0,0.4245524296675191
2021_22_20220408_NEW_WOL,2021_22,2022-04-08,NEW,WOL,0,0.3984962406015038,2.4,0.3316949570466324,0.0,1.0,0.3984962406015038
2021_22_20220409_ARS_BRI,2021_22,2022-04-09,ARS,BRI,1,0.4738219895287958,2.01,0.3813002749371339,0.0,1.0,0.4738219895287958
2021_22_20220409_AVL_TOT,2021_22,2022-04-09,AVL,TOT,1,0.5169712793733681,1.85,0.5905665355922677,0.0,1.0,0.5169712793733681
2021_22_20220409_EVE_MUN,2021_22,2022-04-09,EVE,MUN,0,0.5208333333333334,1.84,0.5987225703524998,0.0,1.0,0.5208333333333334
2021_22_20220409_SOU_CHE,2021_22,2022-04-09,SOU,CHE,1,0.4947916666666667,1.94,0.5579884427774633,0.0,1.0,0.4947916666666667
2021_22_20220409_WAT_LEE,2021_22,2022-04-09,WAT,LEE,1,0.5402597402597403,1.77,0.5901272242517834,0.0,1.0,0.5402597402597403
2021_22_20220410_BRE_WHU,2021_22,2022-04-10,BRE,WHU,0,0.4609375,2.07,0.558660925096462,0.0,1.0,0.4609375
2021_22_20220410_LEI_CRY,2021_22,2022-04-10,LEI,CRY,1,0.4908616187989557,1.95,0.5844136674403861,0.0,1.0,0.4908616187989557
2021_22_20220410_MCI_LIV,2021_22,2022-04-10,MCI,LIV,1,0.5618556701030928,1.7,0.3772842298126997,0.0,1.0,0.5618556701030928
2021_22_20220410_NOR_BUR,2021_22,2022-04-10,NOR,BUR,0,0.4122137404580152,2.31,0.2971096056407121,0.0,1.0,0.4122137404580152
2021_22_20220416_MUN_NOR,2021_22,2022-04-16,MUN,NOR,1,0.6299019607843138,1.51,0.54599218969359,0.0,1.0,0.6299019607843138
2021_22_20220416_SOU_ARS,2021_22,2022-04-16,SOU,ARS,0,0.5091383812010444,1.88,0.5338943706460069,0.0,1.0,0.5091383812010444
2021_22_20220416_TOT_BRI,2021_22,2022-04-16,TOT,BRI,0,0.5104712041884817,1.87,0.4383768177853997,0.0,1.0,0.5104712041884817
2021_22_20220416_WAT_BRE,2021_22,2022-04-16,WAT,BRE,1,0.4507772020725388,2.12,0.5132340337056625,0.0,1.0,0.4507772020725388
2021_22_20220417_NEW_LEI,2021_22,2022-04-17,NEW,LEI,1,0.4960835509138382,1.93,0.609626324827473,0.0,1.0,0.4960835509138382
2021_22_20220417_WHU_BUR,2021_22,2022-04-17,WHU,BUR,0,0.4921465968586388,1.94,0.4372820209633727,0.0,1.0,0.4921465968586388
2021_22_20220419_LIV_MUN,2021_22,2022-04-19,LIV,MUN,1,0.6341463414634148,1.5,0.6482532201401133,0.0,1.0,0.6341463414634148
2021_22_20220420_CHE_ARS,2021_22,2022-04-20,CHE,ARS,1,0.4687499999999999,2.04,0.5107398591819007,0.0,1.0,0.4687499999999999
2021_22_20220420_EVE_LEI,2021_22,2022-04-20,EVE,LEI,0,0.5013054830287206,1.91,0.5721911056218938,0.0,1.0,0.5013054830287206
2021_22_20220420_MCI_BRI,2021_22,2022-04-20,MCI,BRI,1,0.5852417302798981,1.63,0.4237659259746525,0.0,1.0,0.5852417302798981
2021_22_20220420_NEW_CRY,2021_22,2022-04-20,NEW,CRY,0,0.4333333333333333,2.21,0.4634867385280488,0.0,1.0,0.4333333333333333
2021_22_20220421_BUR_SOU,2021_22,2022-04-21,BUR,SOU,0,0.4908616187989557,1.95,0.380645577098863,0.0,1.0,0.4908616187989557
2021_22_20220423_ARS_MUN,2021_22,2022-04-23,ARS,MUN,1,0.5286458333333333,1.81,0.5776035524201071,0.0,1.0,0.5286458333333333
2021_22_20220423_BRE_TOT,2021_22,2022-04-23,BRE,TOT,0,0.5143603133159269,1.86,0.5505950713327654,0.0,1.0,0.5143603133159269
2021_22_20220423_LEI_AVL,2021_22,2022-04-23,LEI,AVL,0,0.5234374999999999,1.83,0.6312155043942625,0.0,1.0,0.5234374999999999
2021_22_20220423_MCI_WAT,2021_22,2022-04-23,MCI,WAT,1,0.6870748299319728,1.38,0.8090269410298327,0.0,1.0,0.6870748299319728
2021_22_20220423_NOR_NEW,2021_22,2022-04-23,NOR,NEW,1,0.4908616187989557,1.95,0.4247110853071554,0.0,1.0,0.4908616187989557
2021_22_20220424_BRI_SOU,2021_22,2022-04-24,BRI,SOU,1,0.4739583333333334,2.02,0.3527874563037543,0.0,1.0,0.4739583333333334
2021_22_20220424_BUR_WOL,2021_22,2022-04-24,BUR,WOL,0,0.399497487437186,2.39,0.2102215805820655,0.0,1.0,0.399497487437186
2021_22_20220424_CHE_WHU,2021_22,2022-04-24,CHE,WHU,0,0.5286458333333333,1.81,0.6387961437833478,0.0,1.0,0.5286458333333333
2021_22_20220424_LIV_EVE,2021_22,2022-04-24,LIV,EVE,0,0.6579572446555819,1.44,0.7751359399126005,0.0,1.0,0.6579572446555819
2021_22_20220425_CRY_LEE,2021_22,2022-04-25,CRY,LEE,0,0.5221932114882506,1.83,0.6714251699761845,0.0,1.0,0.5221932114882506
2021_22_20220428_MUN_CHE,2021_22,2022-04-28,MUN,CHE,0,0.5260416666666667,1.82,0.6688172829528537,0.0,1.0,0.5260416666666667
2021_22_20220430_AVL_NOR,2021_22,2022-04-30,AVL,NOR,0,0.5644329896907216,1.69,0.609626490364647,0.0,1.0,0.5644329896907216
2021_22_20220430_LEE_MCI,2021_22,2022-04-30,LEE,MCI,1,0.6457831325301205,1.47,0.7650556798279906,0.0,1.0,0.6457831325301205
2021_22_20220430_NEW_LIV,2021_22,2022-04-30,NEW,LIV,0,0.5644329896907216,1.69,0.645959061947253,0.0,1.0,0.5644329896907216
2021_22_20220430_SOU_CRY,2021_22,2022-04-30,SOU,CRY,1,0.4791666666666667,2.0,0.5130293786504367,0.0,1.0,0.4791666666666667
2021_22_20220430_WAT_BUR,2021_22,2022-04-30,WAT,BUR,1,0.4623376623376624,2.07,0.4231087514753948,0.0,1.0,0.4623376623376624
2021_22_20220430_WOL_BRI,2021_22,2022-04-30,WOL,BRI,1,0.3821339950372208,2.49,0.2356310324430572,0.0,1.0,0.3821339950372208
2021_22_20220501_EVE_CHE,2021_22,2022-05-01,EVE,CHE,0,0.4830287206266319,1.98,0.6506070701162436,0.0,1.0,0.4830287206266319
2021_22_20220501_TOT_LEI,2021_22,2022-05-01,TOT,LEI,1,0.6005025125628142,1.59,0.6714488582347519,0.0,1.0,0.6005025125628142
2021_22_20220501_WHU_ARS,2021_22,2022-05-01,WHU,ARS,1,0.5143603133159269,1.86,0.565877502004205,0.0,1.0,0.5143603133159269
2021_22_20220502_MUN_BRE,2021_22,2022-05-02,MUN,BRE,1,0.5442708333333333,1.75,0.5936755996009402,0.0,1.0,0.5442708333333333
2021_22_20220507_BRE_SOU,2021_22,2022-05-07,BRE,SOU,1,0.4960835509138382,1.93,0.5458443306201877,0.0,1.0,0.4960835509138382
2021_22_20220507_BRI_MUN,2021_22,2022-05-07,BRI,MUN,1,0.4960835509138382,1.93,0.4718392951964236,0.0,1.0,0.4960835509138382
2021_22_20220507_BUR_AVL,2021_22,2022-05-07,BUR,AVL,1,0.4673629242819843,2.04,0.4014335579271941,0.0,1.0,0.4673629242819843
2021_22_20220507_CHE_WOL,2021_22,2022-05-07,CHE,WOL,1,0.5065274151436031,1.89,0.399905586128731,0.0,1.0,0.5065274151436031
2021_22_20220507_CRY_WAT,2021_22,2022-05-07,CRY,WAT,0,0.4908616187989557,1.95,0.5774684182777963,0.0,1.0,0.4908616187989557
2021_22_20220507_LIV_TOT,2021_22,2022-05-07,LIV,TOT,0,0.6144278606965174,1.55,0.5954448151798009,0.0,1.0,0.6144278606965174
2021_22_20220508_ARS_LEE,2021_22,2022-05-08,ARS,LEE,1,0.6040100250626567,1.58,0.7425469848674613,0.0,1.0,0.6040100250626567
2021_22_20220508_LEI_EVE,2021_22,2022-05-08,LEI,EVE,1,0.4830287206266319,1.98,0.5754544435346128,0.0,1.0,0.4830287206266319
2021_22_20220508_MCI_NEW,2021_22,2022-05-08,MCI,NEW,1,0.6442307692307693,1.48,0.70186074473791,0.0,1.0,0.6442307692307693
2021_22_20220508_NOR_WHU,2021_22,2022-05-08,NOR,WHU,1,0.5234374999999999,1.83,0.4917391742910364,0.0,1.0,0.5234374999999999
2021_22_20220510_AVL_LIV,2021_22,2022-05-10,AVL,LIV,1,0.5862944162436549,1.63,0.5476300557793556,0.0,1.0,0.5862944162436549
2021_22_20220511_LEE_CHE,2021_22,2022-05-11,LEE,CHE,1,0.5816326530612244,1.64,0.6992711469595159,0.0,1.0,0.5816326530612244
2021_22_20220511_LEI_NOR,2021_22,2022-05-11,LEI,NOR,1,0.5924050632911392,1.61,0.5756525889461165,0.0,1.0,0.5924050632911392
2021_22_20220511_WAT_EVE,2021_22,2022-05-11,WAT,EVE,0,0.5013054830287206,1.91,0.4585165561856414,0.0,1.0,0.5013054830287206
2021_22_20220511_WOL_MCI,2021_22,2022-05-11,WOL,MCI,1,0.5743589743589743,1.66,0.3919531556872014,0.0,1.0,0.5743589743589743
2021_22_20220512_TOT_ARS,2021_22,2022-05-12,TOT,ARS,1,0.5352480417754569,1.78,0.5317184056788469,0.0,1.0,0.5352480417754569
2021_22_20220515_AVL_CRY,2021_22,2022-05-15,AVL,CRY,0,0.5065274151436031,1.89,0.4262518053699045,0.0,1.0,0.5065274151436031
2021_22_20220515_EVE_BRE,2021_22,2022-05-15,EVE,BRE,1,0.4804177545691906,1.99,0.4186734538970622,0.0,1.0,0.4804177545691906
2021_22_20220515_LEE_BRI,2021_22,2022-05-15,LEE,BRI,0,0.5195822454308094,1.84,0.4550538704959561,0.0,1.0,0.5195822454308094
2021_22_20220515_TOT_BUR,2021_22,2022-05-15,TOT,BUR,0,0.602015113350126,1.58,0.4682514036076013,0.0,1.0,0.602015113350126
2021_22_20220515_WAT_LEI,2021_22,2022-05-15,WAT,LEI,1,0.5402597402597403,1.77,0.5638306063279099,0.0,1.0,0.5402597402597403
2021_22_20220515_WHU_MCI,2021_22,2022-05-15,WHU,MCI,1,0.6159600997506234,1.54,0.5734752567008541,0.0,1.0,0.6159600997506234
2021_22_20220515_WOL_NOR,2021_22,2022-05-15,WOL,NOR,0,0.5221932114882506,1.83,0.3323360890044815,0.0,1.0,0.5221932114882506
2021_22_20220516_NEW_ARS,2021_22,2022-05-16,NEW,ARS,0,0.5157068062827225,1.85,0.5095351111823954,0.0,1.0,0.5157068062827225
2021_22_20220517_SOU_LIV,2021_22,2022-05-17,SOU,LIV,1,0.6595744680851063,1.44,0.644167330151234,0.0,1.0,0.6595744680851063
2021_22_20220519_AVL_BUR,2021_22,2022-05-19,AVL,BUR,0,0.4895287958115184,1.95,0.367332819031403,0.0,1.0,0.4895287958115184
2021_22_20220519_CHE_LEI,2021_22,2022-05-19,CHE,LEI,0,0.5852417302798981,1.63,0.6294984523538025,0.0,1.0,0.5852417302798981
2021_22_20220519_EVE_CRY,2021_22,2022-05-19,EVE,CRY,1,0.4673629242819843,2.04,0.4044697999092554,0.0,1.0,0.4673629242819843
2021_22_20220522_ARS_EVE,2021_22,2022-05-22,ARS,EVE,1,0.606516290726817,1.57,0.5105446657018067,0.0,1.0,0.606516290726817
2021_22_20220522_BRE_LEE,2021_22,2022-05-22,BRE,LEE,1,0.595959595959596,1.6,0.571693438550102,0.0,1.0,0.595959595959596
2021_22_20220522_BRI_WHU,2021_22,2022-05-22,BRI,WHU,1,0.5416666666666667,1.76,0.3684739295484194,0.0,1.0,0.5416666666666667
2021_22_20220522_BUR_NEW,2021_22,2022-05-22,BUR,NEW,1,0.4986945169712793,1.92,0.3120156416127417,0.0,1.0,0.4986945169712793
2021_22_20220522_CHE_WAT,2021_22,2022-05-22,CHE,WAT,1,0.6587677725118484,1.44,0.6686479004889168,0.0,1.0,0.6587677725118484
2021_22_20220522_CRY_MUN,2021_22,2022-05-22,CRY,MUN,0,0.5492227979274612,1.74,0.4663668110388428,0.0,1.0,0.5492227979274612
2021_22_20220522_LEI_SOU,2021_22,2022-05-22,LEI,SOU,1,0.602015113350126,1.58,0.5951747325613177,0.0,1.0,0.602015113350126
2021_22_20220522_LIV_WOL,2021_22,2022-05-22,LIV,WOL,1,0.6635294117647058,1.43,0.4534652866332589,0.0,1.0,0.6635294117647058
2021_22_20220522_MCI_AVL,2021_22,2022-05-22,MCI,AVL,1,0.6627358490566039,1.43,0.6333960885458896,0.0,1.0,0.6627358490566039
2021_22_20220522_NOR_TOT,2021_22,2022-05-22,NOR,TOT,1,0.6595744680851063,1.44,0.5003749679912406,0.0,1.0,0.6595744680851063
2022_23_20220806_EVE_CHE,2022_23,2022-08-06,EVE,CHE,0,0.4804177545691906,1.99,0.3233235838169365,0.0,1.0,0.4804177545691906
2022_23_20220806_FUL_LIV,2022_23,2022-08-06,FUL,LIV,1,0.6399026763990268,1.48,0.2313307295517643,0.0,1.0,0.6399026763990268
2022_23_20220806_LEE_WOL,2022_23,2022-08-06,LEE,WOL,1,0.4713541666666666,2.03,0.3958258790248055,0.0,1.0,0.4713541666666666
2022_23_20220806_NEW_NFO,2022_23,2022-08-06,NEW,NFO,0,0.4713541666666666,2.03,0.4366893430551658,0.0,1.0,0.4713541666666666
2022_23_20220806_TOT_SOU,2022_23,2022-08-06,TOT,SOU,1,0.5924050632911392,1.61,0.4167242578626164,0.0,1.0,0.5924050632911392
2022_23_20220807_LEI_BRE,2022_23,2022-08-07,LEI,BRE,1,0.5402597402597403,1.77,0.52157918459602,0.0,1.0,0.5402597402597403
2022_23_20220807_MUN_BRI,2022_23,2022-08-07,MUN,BRI,1,0.5052356020942408,1.89,0.5619168366087666,0.0,1.0,0.5052356020942408
2022_23_20220807_WHU_MCI,2022_23,2022-08-07,WHU,MCI,0,0.6159600997506234,1.54,0.5637976820904973,0.0,1.0,0.6159600997506234
2022_23_20220813_ARS_LEI,2022_23,2022-08-13,ARS,LEI,1,0.5666666666666667,1.69,0.5387976386477059,0.0,1.0,0.5666666666666667
2022_23_20220813_AVL_EVE,2022_23,2022-08-13,AVL,EVE,1,0.4597402597402597,2.08,0.6134457233279611,0.0,1.0,0.4597402597402597
2022_23_20220813_BRE_MUN,2022_23,2022-08-13,BRE,MUN,1,0.5260416666666667,1.82,0.6099520867156366,0.0,1.0,0.5260416666666667
2022_23_20220813_BRI_NEW,2022_23,2022-08-13,BRI,NEW,0,0.4481865284974093,2.13,0.6262495279473141,0.0,1.0,0.4481865284974093
2022_23_20220813_MCI_BOU,2022_23,2022-08-13,MCI,BOU,1,0.7158119658119658,1.33,0.5656425054222556,0.0,1.0,0.7158119658119658
2022_23_20220813_SOU_LEE,2022_23,2022-08-13,SOU,LEE,1,0.5518134715025906,1.73,0.5849162344787515,0.0,1.0,0.5518134715025906
2022_23_20220813_WOL_FUL,2022_23,2022-08-13,WOL,FUL,0,0.4533678756476684,2.11,0.6012874517901362,0.0,1.0,0.4533678756476684
2022_23_20220814_CHE_TOT,2022_23,2022-08-14,CHE,TOT,1,0.4934725848563968,1.94,0.5494888625738826,0.0,1.0,0.4934725848563968
2022_23_20220814_NFO_WHU,2022_23,2022-08-14,NFO,WHU,0,0.5039164490861618,1.9,0.5677856160879665,0.0,1.0,0.5039164490861618
2022_23_20220815_LIV_CRY,2022_23,2022-08-15,LIV,CRY,0,0.6134663341645885,1.55,0.536759812421341,0.0,1.0,0.6134663341645885
2022_23_20220820_BOU_ARS,2022_23,2022-08-20,BOU,ARS,1,0.5428571428571429,1.76,0.5238058310129237,0.0,1.0,0.5428571428571429
2022_23_20220820_CRY_AVL,2022_23,2022-08-20,CRY,AVL,1,0.4355670103092783,2.19,0.5272794428403212,0.0,1.0,0.4355670103092783
2022_23_20220820_EVE_NFO,2022_23,2022-08-20,EVE,NFO,0,0.4635416666666666,2.06,0.5449310641727821,0.0,1.0,0.4635416666666666
2022_23_20220820_FUL_BRE,2022_23,2022-08-20,FUL,BRE,1,0.4960835509138382,1.93,0.5328331580205323,0.0,1.0,0.4960835509138382
2022_23_20220820_LEI_SOU,2022_23,2022-08-20,LEI,SOU,1,0.5841836734693877,1.63,0.5623928341082571,0.0,1.0,0.5841836734693877
2022_23_20220820_TOT_WOL,2022_23,2022-08-20,TOT,WOL,0,0.5529715762273902,1.73,0.5632121877886672,0.0,1.0,0.5529715762273902
2022_23_20220821_LEE_CHE,2022_23,2022-08-21,LEE,CHE,1,0.5681233933161953,1.68,0.5384977357495085,0.0,1.0,0.5681233933161953
2022_23_20220821_NEW_MCI,2022_23,2022-08-21,NEW,MCI,1,0.578005115089514,1.65,0.540598062490651,0.0,1.0,0.578005115089514
2022_23_20220821_WHU_BRI,2022_23,2022-08-21,WHU,BRI,0,0.4855643044619423,1.96,0.5784910587692753,0.0,1.0,0.4855643044619423
2022_23_20220822_MUN_LIV,2022_23,2022-08-22,MUN,LIV,1,0.6323529411764707,1.5,0.5668769421293786,0.0,1.0,0.6323529411764707
2022_23_20220827_ARS_FUL,2022_23,2022-08-27,ARS,FUL,1,0.637469586374696,1.49,0.567377833038303,0.0,1.0,0.637469586374696
2022_23_20220827_BRE_EVE,2022_23,2022-08-27,BRE,EVE,0,0.4687499999999999,2.04,0.5678439478840699,0.0,1.0,0.4687499999999999
2022_23_20220827_BRI_LEE,2022_23,2022-08-27,BRI,LEE,0,0.5248041775456919,1.82,0.5572644927244561,0.0,1.0,0.5248041775456919
2022_23_20220827_CHE_LEI,2022_23,2022-08-27,CHE,LEI,1,0.5816326530612244,1.64,0.536109200999427,0.0,1.0,0.5816326530612244
2022_23_20220827_LIV_BOU,2022_23,2022-08-27,LIV,BOU,1,0.6991150442477876,1.36,0.5380515395638223,0.0,1.0,0.6991150442477876
2022_23_20220827_MCI_CRY,2022_23,2022-08-27,MCI,CRY,1,0.6563981042654028,1.45,0.6018324339907096,0.0,1.0,0.6563981042654028
2022_23_20220827_SOU_MUN,2022_23,2022-08-27,SOU,MUN,0,0.6005025125628142,1.59,0.6291794820977252,0.0,1.0,0.6005025125628142
2022_23_20220828_AVL_WHU,2022_23,2022-08-28,AVL,WHU,0,0.5091383812010444,1.88,0.6083510117732298,0.0,1.0,0.5091383812010444
2022_23_20220828_NFO_TOT,2022_23,2022-08-28,NFO,TOT,0,0.5492227979274612,1.74,0.5880258982549534,0.0,1.0,0.5492227979274612
2022_23_20220828_WOL_NEW,2022_23,2022-08-28,WOL,NEW,0,0.4533678756476684,2.11,0.5779635376192398,0.0,1.0,0.4533678756476684
2022_23_20220830_CRY_BRE,2022_23,2022-08-30,CRY,BRE,0,0.4585492227979275,2.09,0.5683192748381787,0.0,1.0,0.4585492227979275
2022_23_20220830_FUL_BRI,2022_23,2022-08-30,FUL,BRI,1,0.4765625,2.01,0.559076420925275,0.0,1.0,0.4765625
2022_23_20220830_LEE_EVE,2022_23,2022-08-30,LEE,EVE,0,0.5195822454308094,1.84,0.5598224261017507,0.0,1.0,0.5195822454308094
2022_23_20220830_SOU_CHE,2022_23,2022-08-30,SOU,CHE,1,0.5466321243523315,1.75,0.5510441914712444,0.0,1.0,0.5466321243523315
2022_23_20220831_ARS_AVL,2022_23,2022-08-31,ARS,AVL,1,0.5466321243523315,1.75,0.5521093279301733,0.0,1.0,0.5466321243523315
2022_23_20220831_BOU_WOL,2022_23,2022-08-31,BOU,WOL,0,0.4533678756476684,2.11,0.5531190281174858,0.0,1.0,0.4533678756476684
2022_23_20220831_LIV_NEW,2022_23,2022-08-31,LIV,NEW,1,0.6365853658536585,1.49,0.5259474096772824,0.0,1.0,0.6365853658536585
2022_23_20220831_MCI_NFO,2022_23,2022-08-31,MCI,NFO,1,0.7664783427495293,1.24,0.5280162019117493,0.0,1.0,0.7664783427495293
2022_23_20220831_WHU_TOT,2022_23,2022-08-31,WHU,TOT,0,0.5454545454545455,1.75,0.5574479929262947,0.0,1.0,0.5454545454545455
2022_23_20220901_LEI_MUN,2022_23,2022-09-01,LEI,MUN,0,0.5852417302798981,1.63,0.5492495636059875,0.0,1.0,0.5852417302798981
2022_23_20220903_AVL_MCI,2022_23,2022-09-03,AVL,MCI,0,0.625615763546798,1.52,0.8045231180181983,0.0,1.0,0.625615763546798
2022_23_20220903_BRE_LEE,2022_23,2022-09-03,BRE,LEE,1,0.5454545454545455,1.75,0.6114897328203754,0.0,1.0,0.5454545454545455
2022_23_20220903_CHE_WHU,2022_23,2022-09-03,CHE,WHU,1,0.5492227979274612,1.74,0.3234808763973569,0.0,1.0,0.5492227979274612
2022_23_20220903_EVE_LIV,2022_23,2022-09-03,EVE,LIV,0,0.6030150753768844,1.58,0.5087228562098242,0.0,1.0,0.6030150753768844
2022_23_20220903_NEW_CRY,2022_23,2022-09-03,NEW,CRY,0,0.4661458333333333,2.05,0.3170298857445859,0.0,1.0,0.4661458333333333
2022_23_20220903_NFO_BOU,2022_23,2022-09-03,NFO,BOU,1,0.4545454545454546,2.1,0.1286691454768871,0.0,1.0,0.4545454545454546
2022_23_20220903_TOT_FUL,2022_23,2022-09-03,TOT,FUL,1,0.5888324873096447,1.62,0.8820976634989995,0.0,1.0,0.5888324873096447
2022_23_20220903_WOL_SOU,2022_23,2022-09-03,WOL,SOU,0,0.4725848563968668,2.02,0.1036799278218383,0.0,1.0,0.4725848563968668
2022_23_20220904_BRI_LEI,2022_23,2022-09-04,BRI,LEI,1,0.4856396866840731,1.97,0.8682056730337944,0.0,1.0,0.4856396866840731
2022_23_20220904_MUN_ARS,2022_23,2022-09-04,MUN,ARS,1,0.5618556701030928,1.7,0.4679948457842454,0.0,1.0,0.5618556701030928
2022_23_20220916_AVL_SOU,2022_23,2022-09-16,AVL,SOU,0,0.5195822454308094,1.84,0.3813039714173383,0.0,1.0,0.5195822454308094
2022_23_20220916_NFO_FUL,2022_23,2022-09-16,NFO,FUL,1,0.5078534031413613,1.88,0.4741686594151485,0.0,1.0,0.5078534031413613
2022_23_20220917_NEW_BOU,2022_23,2022-09-17,NEW,BOU,0,0.5248041775456919,1.82,0.5858633757536097,0.0,1.0,0.5248041775456919
2022_23_20220917_TOT_LEI,2022_23,2022-09-17,TOT,LEI,1,0.6005025125628142,1.59,0.8895576781951854,0.0,1.0,0.6005025125628142
2022_23_20220917_WOL_MCI,2022_23,2022-09-17,WOL,MCI,1,0.602015113350126,1.58,0.1471744355439916,0.0,1.0,0.602015113350126
2022_23_20220918_BRE_ARS,2022_23,2022-09-18,BRE,ARS,1,0.5681233933161953,1.68,0.7938575106790865,0.0,1.0,0.5681233933161953
2022_23_20220918_EVE_WHU,2022_23,2022-09-18,EVE,WHU,0,0.4699738903394256,2.03,0.1072768240063117,0.0,1.0,0.4699738903394256
2022_23_20221001_ARS_TOT,2022_23,2022-10-01,ARS,TOT,1,0.5581395348837209,1.71,0.6906326657430675,0.0,1.0,0.5581395348837209
2022_23_20221001_BOU_BRE,2022_23,2022-10-01,BOU,BRE,0,0.4804177545691906,1.99,0.7183442480532947,0.0,1.0,0.4804177545691906
2022_23_20221001_CRY_CHE,2022_23,2022-10-01,CRY,CHE,1,0.4673629242819843,2.04,0.4608422108111565,0.0,1.0,0.4673629242819843
2022_23_20221001_FUL_NEW,2022_23,2022-10-01,FUL,NEW,1,0.5078534031413613,1.88,0.4453696951262993,0.0,1.0,0.5078534031413613
2022_23_20221001_LIV_BRI,2022_23,2022-10-01,LIV,BRI,1,0.6119402985074627,1.56,0.4575108056129613,0.0,1.0,0.6119402985074627
2022_23_20221001_SOU_EVE,2022_23,2022-10-01,SOU,EVE,1,0.4778067885117493,2.0,0.1458954798235747,0.0,1.0,0.4778067885117493
2022_23_20221001_WHU_WOL,2022_23,2022-10-01,WHU,WOL,0,0.441860465116279,2.16,0.0277425471561825,0.0,1.0,0.441860465116279
2022_23_20221002_LEE_AVL,2022_23,2022-10-02,LEE,AVL,0,0.5248041775456919,1.82,0.4574007143057998,0.0,1.0,0.5248041775456919
2022_23_20221002_MCI_MUN,2022_23,2022-10-02,MCI,MUN,1,0.6595744680851063,1.44,0.7735341440887211,0.0,1.0,0.6595744680851063
2022_23_20221003_LEI_NFO,2022_23,2022-10-03,LEI,NFO,1,0.570694087403599,1.67,0.7367603591361848,0.0,1.0,0.570694087403599
2022_23_20221008_BOU_LEI,2022_23,2022-10-08,BOU,LEI,1,0.5195822454308094,1.84,0.6846331844367184,0.0,1.0,0.5195822454308094
2022_23_20221008_BRI_TOT,2022_23,2022-10-08,BRI,TOT,0,0.5156249999999999,1.86,0.6280411544549988,0.0,1.0,0.5156249999999999
2022_23_20221008_CHE_WOL,2022_23,2022-10-08,CHE,WOL,1,0.5195822454308094,1.84,0.2082754738359777,0.0,1.0,0.5195822454308094
2022_23_20221008_MCI_SOU,2022_23,2022-10-08,MCI,SOU,1,0.7572815533980582,1.25,0.8874255027059892,0.0,1.0,0.7572815533980582
2022_23_20221008_NEW_BRE,2022_23,2022-10-08,NEW,BRE,1,0.5402597402597403,1.77,0.5760968732243558,0.0,1.0,0.5402597402597403
2022_23_20221009_ARS_LIV,2022_23,2022-10-09,ARS,LIV,1,0.5979899497487436,1.6,0.7604786947667413,0.0,1.0,0.5979899497487436
2022_23_20221009_CRY_LEE,2022_23,2022-10-09,CRY,LEE,1,0.5182291666666667,1.85,0.423169708317219,0.0,1.0,0.5182291666666667
2022_23_20221009_EVE_MUN,2022_23,2022-10-09,EVE,MUN,1,0.5182291666666667,1.85,0.3713788938496791,0.0,1.0,0.5182291666666667
2022_23_20221009_WHU_FUL,2022_23,2022-10-09,WHU,FUL,1,0.53125,1.8,0.3149443785880585,0.0,1.0,0.53125
2022_23_20221010_NFO_AVL,2022_23,2022-10-10,NFO,AVL,0,0.4765625,2.01,0.1869867365446756,0.0,1.0,0.4765625
2022_23_20221014_BRE_BRI,2022_23,2022-10-14,BRE,BRI,0,0.4947643979057591,1.93,0.6306702185797244,0.0,1.0,0.4947643979057591
2022_23_20221015_FUL_BOU,2022_23,2022-10-15,FUL,BOU,1,0.5026178010471204,1.9,0.7204055623635872,0.0,1.0,0.5026178010471204
2022_23_20221015_LEI_CRY,2022_23,2022-10-15,LEI,CRY,0,0.5169712793733681,1.85,0.6840111773332112,0.0,1.0,0.5169712793733681
2022_23_20221015_TOT_EVE,2022_23,2022-10-15,TOT,EVE,0,0.5416666666666667,1.76,0.4469179013804514,0.0,1.0,0.5416666666666667
2022_23_20221015_WOL_NFO,2022_23,2022-10-15,WOL,NFO,0,0.4739583333333334,2.02,0.0970203455466176,0.0,1.0,0.4739583333333334
2022_23_20221016_AVL_CHE,2022_23,2022-10-16,AVL,CHE,0,0.4803149606299213,1.98,0.2467416798687275,0.0,1.0,0.4803149606299213
2022_23_20221016_LEE_ARS,2022_23,2022-10-16,LEE,ARS,0,0.5877862595419847,1.62,0.6235803316523882,0.0,1.0,0.5877862595419847
2022_23_20221016_LIV_MCI,2022_23,2022-10-16,LIV,MCI,0,0.6490384615384616,1.46,0.8600760225350227,0.0,1.0,0.6490384615384616
2022_23_20221016_MUN_NEW,2022_23,2022-10-16,MUN,NEW,0,0.5618556701030928,1.7,0.6629660835651894,0.0,1.0,0.5618556701030928
2022_23_20221016_SOU_WHU,2022_23,2022-10-16,SOU,WHU,0,0.4960835509138382,1.93,0.265234605660243,0.0,1.0,0.4960835509138382
2022_23_20221018_BRI_NFO,2022_23,2022-10-18,BRI,NFO,0,0.5428571428571429,1.76,0.7439593254457717,0.0,1.0,0.5428571428571429
2022_23_20221018_CRY_WOL,2022_23,2022-10-18,CRY,WOL,1,0.3924999999999999,2.43,0.1808293845957976,0.0,1.0,0.3924999999999999
2022_23_20221019_BOU_SOU,2022_23,2022-10-19,BOU,SOU,0,0.4647519582245431,2.05,0.5438159765210322,0.0,1.0,0.4647519582245431
2022_23_20221019_BRE_CHE,2022_23,2022-10-19,BRE,CHE,0,0.5195822454308094,1.84,0.6794562592381657,0.0,1.0,0.5195822454308094
2022_23_20221019_LIV_WHU,2022_23,2022-10-19,LIV,WHU,0,0.625615763546798,1.52,0.6049040623219288,0.0,1.0,0.625615763546798
2022_23_20221019_MUN_TOT,2022_23,2022-10-19,MUN,TOT,0,0.5518134715025906,1.73,0.6828889659530545,0.0,1.0,0.5518134715025906
2022_23_20221019_NEW_EVE,2022_23,2022-10-19,NEW,EVE,0,0.5078534031413613,1.88,0.4446401661463496,0.0,1.0,0.5078534031413613
2022_23_20221020_FUL_AVL,2022_23,2022-10-20,FUL,AVL,1,0.4921465968586388,1.94,0.6173305585263096,0.0,1.0,0.4921465968586388
2022_23_20221020_LEI_LEE,2022_23,2022-10-20,LEI,LEE,0,0.5544041450777203,1.72,0.7781417465122432,0.0,1.0,0.5544041450777203
2022_23_20221022_CHE_MUN,2022_23,2022-10-22,CHE,MUN,0,0.5117493472584856,1.87,0.6637929686374694,0.0,1.0,0.5117493472584856
2022_23_20221022_EVE_CRY,2022_23,2022-10-22,EVE,CRY,1,0.4293059125964009,2.22,0.3121034039495571,0.0,1.0,0.4293059125964009
2022_23_20221022_MCI_BRI,2022_23,2022-10-22,MCI,BRI,1,0.6457831325301205,1.47,0.8441030531715421,0.0,1.0,0.6457831325301205
2022_23_20221022_NFO_LIV,2022_23,2022-10-22,NFO,LIV,0,0.635036496350365,1.5,0.6045848725404497,0.0,1.0,0.635036496350365
2022_23_20221023_AVL_BRE,2022_23,2022-10-23,AVL,BRE,1,0.5026178010471204,1.9,0.4387672197656993,0.0,1.0,0.5026178010471204
2022_23_20221023_LEE_FUL,2022_23,2022-10-23,LEE,FUL,1,0.5518134715025906,1.73,0.7733604532900578,0.0,1.0,0.5518134715025906
2022_23_20221023_SOU_ARS,2022_23,2022-10-23,SOU,ARS,0,0.570694087403599,1.67,0.687003060550343,0.0,1.0,0.570694087403599
2022_23_20221023_TOT_NEW,2022_23,2022-10-23,TOT,NEW,1,0.5117493472584856,1.87,0.5470420755191245,0.0,1.0,0.5117493472584856
2022_23_20221023_WOL_LEI,2022_23,2022-10-23,WOL,LEI,1,0.4908616187989557,1.95,0.3568470089536883,0.0,1.0,0.4908616187989557
2022_23_20221024_WHU_BOU,2022_23,2022-10-24,WHU,BOU,0,0.4947643979057591,1.93,0.4051410867408993,0.0,1.0,0.4947643979057591
2022_23_20221029_BOU_TOT,2022_23,2022-10-29,BOU,TOT,1,0.5013123359580053,1.9,0.5831111544406,0.0,1.0,0.5013123359580053
2022_23_20221029_BRE_WOL,2022_23,2022-10-29,BRE,WOL,0,0.486910994764398,1.96,0.4594619701352453,0.0,1.0,0.486910994764398
2022_23_20221029_BRI_CHE,2022_23,2022-10-29,BRI,CHE,1,0.4659685863874345,2.04,0.4261274704354448,0.0,1.0,0.4659685863874345
2022_23_20221029_CRY_SOU,2022_23,2022-10-29,CRY,SOU,0,0.4699738903394256,2.03,0.3847984211384752,0.0,1.0,0.4699738903394256
2022_23_20221029_FUL_EVE,2022_23,2022-10-29,FUL,EVE,0,0.5170603674540682,1.84,0.5356917416114522,0.0,1.0,0.5170603674540682
2022_23_20221029_LEI_MCI,2022_23,2022-10-29,LEI,MCI,0,0.6563245823389022,1.44,0.8816311776665131,0.0,1.0,0.6563245823389022
2022_23_20221029_LIV_LEE,2022_23,2022-10-29,LIV,LEE,1,0.6986607142857143,1.35,0.7148810560046321,0.0,1.0,0.6986607142857143
2022_23_20221029_NEW_AVL,2022_23,2022-10-29,NEW,AVL,1,0.4986876640419947,1.91,0.4709655369921131,0.0,1.0,0.4986876640419947
2022_23_20221030_ARS_NFO,2022_23,2022-10-30,ARS,NFO,1,0.6314496314496314,1.5,0.8572069454283351,0.0,1.0,0.6314496314496314
2022_23_20221030_MUN_WHU,2022_23,2022-10-30,MUN,WHU,0,0.5261780104712042,1.81,0.4040102796590423,0.0,1.0,0.5261780104712042
2022_23_20221105_EVE_LEI,2022_23,2022-11-05,EVE,LEI,0,0.4725848563968668,2.02,0.4691295496233452,0.0,1.0,0.4725848563968668
2022_23_20221105_LEE_BOU,2022_23,2022-11-05,LEE,BOU,1,0.5338541666666666,1.79,0.7025781495410838,0.0,1.0,0.5338541666666666
2022_23_20221105_MCI_FUL,2022_23,2022-11-05,MCI,FUL,1,0.7490118577075099,1.27,0.9274457077625357,0.0,1.0,0.7490118577075099
2022_23_20221105_NFO_BRE,2022_23,2022-11-05,NFO,BRE,1,0.4804177545691906,1.99,0.4251087662957148,0.0,1.0,0.4804177545691906
2022_23_20221105_WOL_BRI,2022_23,2022-11-05,WOL,BRI,1,0.4545454545454546,2.1,0.3039161363310718,0.0,1.0,0.4545454545454546
2022_23_20221106_AVL_MUN,2022_23,2022-11-06,AVL,MUN,1,0.5078534031413613,1.88,0.323927249486305,0.0,1.0,0.5078534031413613
2022_23_20221106_CHE_ARS,2022_23,2022-11-06,CHE,ARS,0,0.5065274151436031,1.89,0.5564632031970126,0.0,1.0,0.5065274151436031
2022_23_20221106_SOU_NEW,2022_23,2022-11-06,SOU,NEW,1,0.5026178010471204,1.9,0.3499952892989793,0.0,1.0,0.5026178010471204
2022_23_20221106_TOT_LIV,2022_23,2022-11-06,TOT,LIV,1,0.5658914728682171,1.68,0.6334604117287528,0.0,1.0,0.5658914728682171
2022_23_20221106_WHU_CRY,2022_23,2022-11-06,WHU,CRY,1,0.4545454545454546,2.1,0.1869300615496842,0.0,1.0,0.4545454545454546
2022_23_20221112_BOU_EVE,2022_23,2022-11-12,BOU,EVE,1,0.4444444444444444,2.15,0.2992387514922809,0.0,1.0,0.4444444444444444
2022_23_20221112_LIV_SOU,2022_23,2022-11-12,LIV,SOU,1,0.6736111111111112,1.41,0.6084337532183882,0.0,1.0,0.6736111111111112
2022_23_20221112_MCI_BRE,2022_23,2022-11-12,MCI,BRE,1,0.7074235807860262,1.34,0.8193321252838723,0.0,1.0,0.7074235807860262
2022_23_20221112_NEW_CHE,2022_23,2022-11-12,NEW,CHE,0,0.4960835509138382,1.93,0.4796483814582258,0.0,1.0,0.4960835509138382
2022_23_20221112_NFO_CRY,2022_23,2022-11-12,NFO,CRY,0,0.4366925064599483,2.18,0.3265398598362298,0.0,1.0,0.4366925064599483
2022_23_20221112_TOT_LEE,2022_23,2022-11-12,TOT,LEE,1,0.5913705583756345,1.61,0.7436502233616699,0.0,1.0,0.5913705583756345
2022_23_20221112_WHU_LEI,2022_23,2022-11-12,WHU,LEI,0,0.4947643979057591,1.93,0.3657853383287162,0.0,1.0,0.4947643979057591
2022_23_20221112_WOL_ARS,2022_23,2022-11-12,WOL,ARS,0,0.5352480417754569,1.78,0.5002445931123708,0.0,1.0,0.5352480417754569
2022_23_20221113_BRI_AVL,2022_23,2022-11-13,BRI,AVL,1,0.5,1.91,0.5028143355746025,0.0,1.0,0.5
2022_23_20221113_FUL_MUN,2022_23,2022-11-13,FUL,MUN,1,0.5831202046035805,1.63,0.6072357381442384,0.0,1.0,0.5831202046035805
2022_23_20221226_ARS_WHU,2022_23,2022-12-26,ARS,WHU,1,0.5390625,1.77,0.4669779484470293,0.0,1.0,0.5390625
2022_23_20221226_AVL_LIV,2022_23,2022-12-26,AVL,LIV,1,0.5790816326530612,1.65,0.4568162283078839,0.0,1.0,0.5790816326530612
2022_23_20221226_BRE_TOT,2022_23,2022-12-26,BRE,TOT,1,0.5275590551181102,1.8,0.6808993031348507,0.0,1.0,0.5275590551181102
2022_23_20221226_CRY_FUL,2022_23,2022-12-26,CRY,FUL,1,0.4842931937172774,1.97,0.4673563610042466,0.0,1.0,0.4842931937172774
2022_23_20221226_EVE_WOL,2022_23,2022-12-26,EVE,WOL,1,0.4329896907216495,2.2,0.1256277150761559,0.0,1.0,0.4329896907216495
2022_23_20221226_LEI_NEW,2022_23,2022-12-26,LEI,NEW,1,0.5221932114882506,1.83,0.5067517448883749,0.0,1.0,0.5221932114882506
2022_23_20221226_SOU_BRI,2022_23,2022-12-26,SOU,BRI,1,0.5,1.89,0.5202259207810974,0.0,1.0,0.5
2022_23_20221227_CHE_BOU,2022_23,2022-12-27,CHE,BOU,0,0.5732647814910026,1.66,0.5249795948892377,0.0,1.0,0.5732647814910026
2022_23_20221227_MUN_NFO,2022_23,2022-12-27,MUN,NFO,1,0.5805626598465473,1.64,0.4753425907357242,0.0,1.0,0.5805626598465473
2022_23_20221228_LEE_MCI,2022_23,2022-12-28,LEE,MCI,1,0.664319248826291,1.43,0.7865173685439191,0.0,1.0,0.664319248826291
2022_23_20221230_LIV_LEI,2022_23,2022-12-30,LIV,LEI,1,0.660377358490566,1.44,0.6779604756384554,0.0,1.0,0.660377358490566
2022_23_20221230_WHU_BRE,2022_23,2022-12-30,WHU,BRE,0,0.4947643979057591,1.93,0.3655849545679943,0.0,1.0,0.4947643979057591
2022_23_20221231_BOU_CRY,2022_23,2022-12-31,BOU,CRY,0,0.4481865284974093,2.13,0.4311484601133422,0.0,1.0,0.4481865284974093
2022_23_20221231_BRI_ARS,2022_23,2022-12-31,BRI,ARS,1,0.5208333333333334,1.84,0.6070974343712952,0.0,1.0,0.5208333333333334
2022_23_20221231_FUL_SOU,2022_23,2022-12-31,FUL,SOU,1,0.548051948051948,1.74,0.5744650855923115,0.0,1.0,0.548051948051948
2022_23_20221231_MCI_EVE,2022_23,2022-12-31,MCI,EVE,0,0.6877828054298643,1.38,0.4950284687856107,0.0,1.0,0.6877828054298643
2022_23_20221231_NEW_LEE,2022_23,2022-12-31,NEW,LEE,0,0.5826972010178116,1.64,0.6554261739356384,0.0,1.0,0.5826972010178116
2022_23_20221231_WOL_MUN,2022_23,2022-12-31,WOL,MUN,0,0.4856396866840731,1.97,0.3952265347351691,0.0,1.0,0.4856396866840731
2022_23_20230101_NFO_CHE,2022_23,2023-01-01,NFO,CHE,0,0.4855643044619423,1.96,0.4373223501940499,0.0,1.0,0.4855643044619423
2022_23_20230101_TOT_AVL,2022_23,2023-01-01,TOT,AVL,0,0.5378590078328982,1.77,0.6635453392192113,0.0,1.0,0.5378590078328982
2022_23_20230102_BRE_LIV,2022_23,2023-01-02,BRE,LIV,1,0.5969773299748111,1.6,0.7045801452092489,0.0,1.0,0.5969773299748111
2022_23_20230103_ARS_NEW,2022_23,2023-01-03,ARS,NEW,0,0.53125,1.8,0.4172814442802339,0.0,1.0,0.53125
2022_23_20230103_EVE_BRI,2022_23,2023-01-03,EVE,BRI,1,0.4804177545691906,1.99,0.4263939229786979,0.0,1.0,0.4804177545691906
2022_23_20230103_LEI_FUL,2022_23,2023-01-03,LEI,FUL,0,0.548051948051948,1.74,0.7202701704112904,0.0,1.0,0.548051948051948
2022_23_20230103_MUN_BOU,2022_23,2023-01-03,MUN,BOU,1,0.6169154228855721,1.54,0.6410709394467548,0.0,1.0,0.6169154228855721
2022_23_20230104_AVL_WOL,2022_23,2023-01-04,AVL,WOL,0,0.4647519582245431,2.05,0.3031106265601186,0.0,1.0,0.4647519582245431
2022_23_20230104_CRY_TOT,2022_23,2023-01-04,CRY,TOT,1,0.5065616797900262,1.88,0.5690337173268589,0.0,1.0,0.5065616797900262
2022_23_20230104_LEE_WHU,2022_23,2023-01-04,LEE,WHU,1,0.5326370757180157,1.79,0.4216932761641182,0.0,1.0,0.5326370757180157
2022_23_20230104_SOU_NFO,2022_23,2023-01-04,SOU,NFO,0,0.4712041884816754,2.02,0.3942478103924672,0.0,1.0,0.4712041884816754
2022_23_20230105_CHE_MCI,2022_23,2023-01-05,CHE,MCI,0,0.5326370757180157,1.79,0.607259420791475,0.0,1.0,0.5326370757180157
2022_23_20230112_FUL_CHE,2022_23,2023-01-12,FUL,CHE,1,0.5248041775456919,1.82,0.5027272332517583,0.0,1.0,0.5248041775456919
2022_23_20230113_AVL_LEE,2022_23,2023-01-13,AVL,LEE,1,0.5350649350649351,1.79,0.6209315852658536,0.0,1.0,0.5350649350649351
2022_23_20230114_BRE_BOU,2022_23,2023-01-14,BRE,BOU,0,0.5274151436031332,1.81,0.7268779901263656,0.0,1.0,0.5274151436031332
2022_23_20230114_BRI_LIV,2022_23,2023-01-14,BRI,LIV,1,0.6030150753768844,1.58,0.7662847659814994,0.0,1.0,0.6030150753768844
2022_23_20230114_EVE_SOU,2022_23,2023-01-14,EVE,SOU,1,0.4559585492227979,2.1,0.2868650707942416,0.0,1.0,0.4559585492227979
2022_23_20230114_MUN_MCI,2022_23,2023-01-14,MUN,MCI,1,0.5629820051413882,1.7,0.6112280978160591,0.0,1.0,0.5629820051413882
2022_23_20230114_NFO_LEI,2022_23,2023-01-14,NFO,LEI,0,0.4817708333333334,1.99,0.5335272629401455,0.0,1.0,0.4817708333333334
2022_23_20230114_WOL_WHU,2022_23,2023-01-14,WOL,WHU,0,0.4307692307692307,2.22,0.2050334707560202,0.0,1.0,0.4307692307692307
2022_23_20230115_CHE_CRY,2022_23,2023-01-15,CHE,CRY,0,0.4830287206266319,1.98,0.3580231133809988,0.0,1.0,0.4830287206266319
2022_23_20230115_NEW_FUL,2022_23,2023-01-15,NEW,FUL,0,0.5492227979274612,1.74,0.5233516508344216,0.0,1.0,0.5492227979274612
2022_23_20230115_TOT_ARS,2022_23,2023-01-15,TOT,ARS,0,0.5326370757180157,1.79,0.7398645654913021,0.0,1.0,0.5326370757180157
2022_23_20230118_CRY_MUN,2022_23,2023-01-18,CRY,MUN,0,0.4960835509138382,1.93,0.4879964698397683,0.0,1.0,0.4960835509138382
2022_23_20230119_MCI_TOT,2022_23,2023-01-19,MCI,TOT,1,0.6212871287128713,1.53,0.8114389597207858,0.0,1.0,0.6212871287128713
2022_23_20230121_BOU_NFO,2022_23,2023-01-21,BOU,NFO,0,0.4198473282442748,2.28,0.4343953817589456,0.0,1.0,0.4198473282442748
2022_23_20230121_CRY_NEW,2022_23,2023-01-21,CRY,NEW,0,0.4470284237726098,2.14,0.3755003187639369,0.0,1.0,0.4470284237726098
2022_23_20230121_LEI_BRI,2022_23,2023-01-21,LEI,BRI,1,0.5234374999999999,1.83,0.7599427714573307,0.0,1.0,0.5234374999999999
2022_23_20230121_LIV_CHE,2022_23,2023-01-21,LIV,CHE,0,0.5604113110539846,1.71,0.5165765721588026,0.0,1.0,0.5604113110539846
2022_23_20230121_SOU_AVL,2022_23,2023-01-21,SOU,AVL,0,0.4699738903394256,2.03,0.4891107329632892,0.0,1.0,0.4699738903394256
2022_23_20230121_WHU_EVE,2022_23,2023-01-21,WHU,EVE,0,0.4597402597402597,2.08,0.2571505047965645,0.0,1.0,0.4597402597402597
2022_23_20230122_ARS_MUN,2022_23,2023-01-22,ARS,MUN,1,0.5607235142118864,1.7,0.6065494327248407,0.0,1.0,0.5607235142118864
2022_23_20230122_LEE_BRE,2022_23,2023-01-22,LEE,BRE,0,0.5681233933161953,1.68,0.7632208090663557,0.0,1.0,0.5681233933161953
2022_23_20230122_MCI_WOL,2022_23,2023-01-22,MCI,WOL,1,0.637469586374696,1.49,0.7017679173507007,0.0,1.0,0.637469586374696
2022_23_20230123_FUL_TOT,2022_23,2023-01-23,FUL,TOT,0,0.5518134715025906,1.73,0.8039795567425894,0.0,1.0,0.5518134715025906
2022_23_20230203_CHE_FUL,2022_23,2023-02-03,CHE,FUL,0,0.5091383812010444,1.88,0.4526253254775929,0.0,1.0,0.5091383812010444
2022_23_20230204_AVL_LEI,2022_23,2023-02-04,AVL,LEI,1,0.5013054830287206,1.91,0.6300294084399153,0.0,1.0,0.5013054830287206
2022_23_20230204_BRE_SOU,2022_23,2023-02-04,BRE,SOU,1,0.4804177545691906,1.99,0.6240566289190677,0.0,1.0,0.4804177545691906
2022_23_20230204_BRI_BOU,2022_23,2023-02-04,BRI,BOU,0,0.5604113110539846,1.71,0.8294237930099388,0.0,1.0,0.5604113110539846
2022_23_20230204_EVE_ARS,2022_23,2023-02-04,EVE,ARS,0,0.5195822454308094,1.84,0.606734580576793,0.0,1.0,0.5195822454308094
2022_23_20230204_MUN_CRY,2022_23,2023-02-04,MUN,CRY,1,0.5182291666666667,1.85,0.5256886226768063,0.0,1.0,0.5182291666666667
2022_23_20230204_NEW_WHU,2022_23,2023-02-04,NEW,WHU,0,0.4635416666666666,2.06,0.3941748938082821,0.0,1.0,0.4635416666666666
2022_23_20230204_WOL_LIV,2022_23,2023-02-04,WOL,LIV,1,0.5338541666666666,1.79,0.4923535239750352,0.0,1.0,0.5338541666666666
2022_23_20230205_NFO_LEE,2022_23,2023-02-05,NFO,LEE,0,0.5026041666666667,1.91,0.5442973702560631,0.0,1.0,0.5026041666666667
2022_23_20230205_TOT_MCI,2022_23,2023-02-05,TOT,MCI,0,0.5805626598465473,1.64,0.8385195192092989,0.0,1.0,0.5805626598465473
2022_23_20230208_MUN_LEE,2022_23,2023-02-08,MUN,LEE,1,0.5969773299748111,1.6,0.7413852063073455,0.0,1.0,0.5969773299748111
2022_23_20230211_ARS_BRE,2022_23,2023-02-11,ARS,BRE,0,0.5529715762273902,1.73,0.7439070491759993,0.0,1.0,0.5529715762273902
2022_23_20230211_BOU_NEW,2022_23,2023-02-11,BOU,NEW,0,0.4753246753246753,2.02,0.4947197339958047,0.0,1.0,0.4753246753246753
2022_23_20230211_CRY_BRI,2022_23,2023-02-11,CRY,BRI,0,0.4661458333333333,2.05,0.6223170905000919,0.0,1.0,0.4661458333333333
2022_23_20230211_FUL_NFO,2022_23,2023-02-11,FUL,NFO,0,0.4635416666666666,2.06,0.5699001926255949,0.0,1.0,0.4635416666666666
2022_23_20230211_LEI_TOT,2022_23,2023-02-11,LEI,TOT,1,0.5466321243523315,1.75,0.8360729182008984,0.0,1.0,0.5466321243523315
2022_23_20230211_SOU_WOL,2022_23,2023-02-11,SOU,WOL,1,0.4173027989821883,2.29,0.3514705283639676,0.0,1.0,0.4173027989821883
2022_23_20230211_WHU_CHE,2022_23,2023-02-11,WHU,CHE,0,0.4271099744245524,2.24,0.2321731488751215,0.0,1.0,0.4271099744245524
2022_23_20230212_LEE_MUN,2022_23,2023-02-12,LEE,MUN,0,0.5790816326530612,1.65,0.6804903531050347,0.0,1.0,0.5790816326530612
2022_23_20230212_MCI_AVL,2022_23,2023-02-12,MCI,AVL,1,0.637469586374696,1.49,0.7889929556067261,0.0,1.0,0.637469586374696
2022_23_20230213_LIV_EVE,2022_23,2023-02-13,LIV,EVE,0,0.5364583333333334,1.78,0.527744036456848,0.0,1.0,0.5364583333333334
2022_23_20230215_ARS_MCI,2022_23,2023-02-15,ARS,MCI,1,0.5182291666666667,1.85,0.7060745327137161,0.0,1.0,0.5182291666666667
2022_23_20230218_AVL_ARS,2022_23,2023-02-18,AVL,ARS,1,0.484375,1.98,0.6591457199646248,0.0,1.0,0.484375
2022_23_20230218_BRE_CRY,2022_23,2023-02-18,BRE,CRY,0,0.4455958549222798,2.14,0.490425254060107,0.0,1.0,0.4455958549222798
2022_23_20230218_BRI_FUL,2022_23,2023-02-18,BRI,FUL,0,0.5466321243523315,1.75,0.6607831353971808,0.0,1.0,0.5466321243523315
2022_23_20230218_CHE_SOU,2022_23,2023-02-18,CHE,SOU,0,0.4960835509138382,1.93,0.3668205225127073,0.0,1.0,0.4960835509138382
2022_23_20230218_EVE_LEE,2022_23,2023-02-18,EVE,LEE,0,0.4597402597402597,2.08,0.4181133246981016,0.0,1.0,0.4597402597402597
2022_23_20230218_NEW_LIV,2022_23,2023-02-18,NEW,LIV,0,0.5326370757180157,1.79,0.468732838330774,0.0,1.0,0.5326370757180157
2022_23_20230218_NFO_MCI,2022_23,2023-02-18,NFO,MCI,0,0.5816326530612244,1.64,0.7023290216212144,0.0,1.0,0.5816326530612244
2022_23_20230218_WOL_BOU,2022_23,2023-02-18,WOL,BOU,0,0.4583333333333333,2.08,0.4155198198618888,0.0,1.0,0.4583333333333333
2022_23_20230219_MUN_LEI,2022_23,2023-02-19,MUN,LEI,1,0.5888324873096447,1.62,0.7655025502023788,0.0,1.0,0.5888324873096447
2022_23_20230219_TOT_WHU,2022_23,2023-02-19,TOT,WHU,0,0.5195822454308094,1.84,0.5877084004569115,0.0,1.0,0.5195822454308094
2022_23_20230224_FUL_WOL,2022_23,2023-02-24,FUL,WOL,0,0.4282051282051282,2.23,0.475915619661137,0.0,1.0,0.4282051282051282
2022_23_20230225_BOU_MCI,2022_23,2023-02-25,BOU,MCI,1,0.6109725685785536,1.56,0.7637764657281306,0.0,1.0,0.6109725685785536
2022_23_20230225_CRY_LIV,2022_23,2023-02-25,CRY,LIV,0,0.5260416666666667,1.82,0.4957887234945807,0.0,1.0,0.5260416666666667
2022_23_20230225_EVE_AVL,2022_23,2023-02-25,EVE,AVL,0,0.4209183673469387,2.27,0.4164355037871197,0.0,1.0,0.4209183673469387
2022_23_20230225_LEE_SOU,2022_23,2023-02-25,LEE,SOU,0,0.4751958224543081,2.01,0.5620284878410922,0.0,1.0,0.4751958224543081
2022_23_20230225_LEI_ARS,2022_23,2023-02-25,LEI,ARS,0,0.5717948717948719,1.67,0.8319879299824888,0.0,1.0,0.5717948717948719
2022_23_20230225_WHU_NFO,2022_23,2023-02-25,WHU,NFO,1,0.440721649484536,2.17,0.3294064396939207,0.0,1.0,0.440721649484536
2022_23_20230226_TOT_CHE,2022_23,2023-02-26,TOT,CHE,0,0.4701298701298701,2.04,0.5081595080820405,0.0,1.0,0.4701298701298701
2022_23_20230301_ARS_EVE,2022_23,2023-03-01,ARS,EVE,1,0.5260416666666667,1.82,0.6544097902371027,0.0,1.0,0.5260416666666667
2022_23_20230301_LIV_WOL,2022_23,2023-03-01,LIV,WOL,0,0.5529715762273902,1.73,0.5255933176646486,0.0,1.0,0.5529715762273902
2022_23_20230304_ARS_BOU,2022_23,2023-03-04,ARS,BOU,1,0.6040100250626567,1.58,0.8724990148841494,0.0,1.0,0.6040100250626567
2022_23_20230304_AVL_CRY,2022_23,2023-03-04,AVL,CRY,0,0.4183673469387755,2.28,0.4796858362786569,0.0,1.0,0.4183673469387755
2022_23_20230304_BRI_WHU,2022_23,2023-03-04,BRI,WHU,1,0.4960835509138382,1.93,0.6078605542409645,0.0,1.0,0.4960835509138382
2022_23_20230304_CHE_LEE,2022_23,2023-03-04,CHE,LEE,0,0.5039164490861618,1.9,0.4029459872518652,0.0,1.0,0.5039164490861618
2022_23_20230304_MCI_NEW,2022_23,2023-03-04,MCI,NEW,0,0.5592783505154639,1.71,0.5453564007520624,0.0,1.0,0.5592783505154639
2022_23_20230304_SOU_LEI,2022_23,2023-03-04,SOU,LEI,0,0.4713541666666666,2.03,0.6475939719575896,0.0,1.0,0.4713541666666666
2022_23_20230304_WOL_TOT,2022_23,2023-03-04,WOL,TOT,0,0.4571428571428572,2.09,0.5714163319430194,0.0,1.0,0.4571428571428572
2022_23_20230305_LIV_MUN,2022_23,2023-03-05,LIV,MUN,1,0.5790816326530612,1.65,0.6111597259857983,0.0,1.0,0.5790816326530612
2022_23_20230305_NFO_EVE,2022_23,2023-03-05,NFO,EVE,1,0.3840399002493765,2.47,0.2577212717953245,0.0,1.0,0.3840399002493765
2022_23_20230306_BRE_FUL,2022_23,2023-03-06,BRE,FUL,1,0.5052356020942408,1.89,0.6507354577414137,0.0,1.0,0.5052356020942408
2022_23_20230311_BOU_LIV,2022_23,2023-03-11,BOU,LIV,0,0.5877862595419847,1.62,0.5845381861433994,0.0,1.0,0.5877862595419847
2022_23_20230311_CRY_MCI,2022_23,2023-03-11,CRY,MCI,0,0.5394736842105263,1.75,0.5554423750506071,0.0,1.0,0.5394736842105263
2022_23_20230311_EVE_BRE,2022_23,2023-03-11,EVE,BRE,0,0.4245524296675191,2.25,0.4640187759584273,0.0,1.0,0.4245524296675191
2022_23_20230311_LEE_BRI,2022_23,2023-03-11,LEE,BRI,1,0.5169712793733681,1.85,0.7139406561366821,0.0,1.0,0.5169712793733681
2022_23_20230311_LEI_CHE,2022_23,2023-03-11,LEI,CHE,1,0.4830287206266319,1.98,0.4566667956808508,0.0,1.0,0.4830287206266319
2022_23_20230311_TOT_NFO,2022_23,2023-03-11,TOT,NFO,1,0.5248041775456919,1.82,0.7075174090850065,0.0,1.0,0.5248041775456919
2022_23_20230312_FUL_ARS,2022_23,2023-03-12,FUL,ARS,1,0.5274151436031332,1.81,0.679723897250653,0.0,1.0,0.5274151436031332
2022_23_20230312_MUN_SOU,2022_23,2023-03-12,MUN,SOU,0,0.5831202046035805,1.63,0.6459806436441033,0.0,1.0,0.5831202046035805
2022_23_20230312_NEW_WOL,2022_23,2023-03-12,NEW,WOL,1,0.4444444444444444,2.15,0.4090411648681197,0.0,1.0,0.4444444444444444
2022_23_20230312_WHU_AVL,2022_23,2023-03-12,WHU,AVL,0,0.4699738903394256,2.03,0.4465651344685577,0.0,1.0,0.4699738903394256
2022_23_20230315_BRI_CRY,2022_23,2023-03-15,BRI,CRY,0,0.5039370078740157,1.89,0.63090146358283,0.0,1.0,0.5039370078740157
2022_23_20230315_SOU_BRE,2022_23,2023-03-15,SOU,BRE,0,0.4621409921671018,2.06,0.4723478663154858,0.0,1.0,0.4621409921671018
2022_23_20230317_NFO_NEW,2022_23,2023-03-17,NFO,NEW,1,0.4687499999999999,2.04,0.3786026944967372,0.0,1.0,0.4687499999999999
2022_23_20230318_AVL_BOU,2022_23,2023-03-18,AVL,BOU,1,0.4973821989528796,1.92,0.6341147449232812,0.0,1.0,0.4973821989528796
2022_23_20230318_BRE_LEI,2022_23,2023-03-18,BRE,LEI,0,0.5169712793733681,1.85,0.7424411765012827,0.0,1.0,0.5169712793733681
2022_23_20230318_CHE_EVE,2022_23,2023-03-18,CHE,EVE,1,0.4583333333333333,2.08,0.3057233849900218,0.0,1.0,0.4583333333333333
2022_23_20230318_SOU_TOT,2022_23,2023-03-18,SOU,TOT,1,0.4778067885117493,2.0,0.5399882265788973,0.0,1.0,0.4778067885117493
2022_23_20230318_WOL_LEE,2022_23,2023-03-18,WOL,LEE,1,0.4209183673469387,2.27,0.3634685644531885,0.0,1.0,0.4209183673469387
2022_23_20230319_ARS_CRY,2022_23,2023-03-19,ARS,CRY,1,0.5529715762273902,1.73,0.5663874405442065,0.0,1.0,0.5529715762273902
2022_23_20230401_ARS_LEE,2022_23,2023-04-01,ARS,LEE,1,0.6212871287128713,1.53,0.7706283403996758,0.0,1.0,0.6212871287128713
2022_23_20230401_BOU_FUL,2022_23,2023-04-01,BOU,FUL,1,0.4687499999999999,2.04,0.4843809459616386,0.0,1.0,0.4687499999999999
2022_23_20230401_BRI_BRE,2022_23,2023-04-01,BRI,BRE,1,0.5428571428571429,1.76,0.5980753599110153,0.0,1.0,0.5428571428571429
2022_23_20230401_CHE_AVL,2022_23,2023-04-01,CHE,AVL,0,0.4947643979057591,1.93,0.3256518191631696,0.0,1.0,0.4947643979057591
2022_23_20230401_CRY_LEI,2022_23,2023-04-01,CRY,LEI,1,0.4392764857881137,2.17,0.3644492759319703,0.0,1.0,0.4392764857881137
2022_23_20230401_MCI_LIV,2022_23,2023-04-01,MCI,LIV,1,0.5790816326530612,1.65,0.5591478195294903,0.0,1.0,0.5790816326530612
2022_23_20230401_NFO_WOL,2022_23,2023-04-01,NFO,WOL,0,0.4005037783375315,2.38,0.2422997855362003,0.0,1.0,0.4005037783375315
2022_23_20230402_NEW_MUN,2022_23,2023-04-02,NEW,MUN,0,0.5013123359580053,1.9,0.3715928058775251,0.0,1.0,0.5013123359580053
2022_23_20230402_WHU_SOU,2022_23,2023-04-02,WHU,SOU,0,0.4661458333333333,2.05,0.2818645278755185,0.0,1.0,0.4661458333333333
2022_23_20230403_EVE_TOT,2022_23,2023-04-03,EVE,TOT,0,0.4578947368421053,2.06,0.4560653948075823,0.0,1.0,0.4578947368421053
2022_23_20230404_BOU_BRI,2022_23,2023-04-04,BOU,BRI,0,0.53125,1.8,0.6244831692947452,0.0,1.0,0.53125
2022_23_20230404_CHE_LIV,2022_23,2023-04-04,CHE,LIV,0,0.5013054830287206,1.91,0.3311938926027429,0.0,1.0,0.5013054830287206
2022_23_20230404_LEE_NFO,2022_23,2023-04-04,LEE,NFO,1,0.4895833333333333,1.96,0.5190674501856289,0.0,1.0,0.4895833333333333
2022_23_20230404_LEI_AVL,2022_23,2023-04-04,LEI,AVL,1,0.4934725848563968,1.94,0.6037669763876501,0.0,1.0,0.4934725848563968
2022_23_20230405_MUN_BRE,2022_23,2023-04-05,MUN,BRE,0,0.5581395348837209,1.71,0.5507075805555552,0.0,1.0,0.5581395348837209
2022_23_20230405_WHU_NEW,2022_23,2023-04-05,WHU,NEW,1,0.4470284237726098,2.14,0.2478073160293719,0.0,1.0,0.4470284237726098
2022_23_20230408_AVL_NFO,2022_23,2023-04-08,AVL,NFO,0,0.5,1.91,0.4925518032639761,0.0,1.0,0.5
2022_23_20230408_BRE_NEW,2022_23,2023-04-08,BRE,NEW,1,0.4778067885117493,2.0,0.3864716883673174,0.0,1.0,0.4778067885117493
2022_23_20230408_FUL_WHU,2022_23,2023-04-08,FUL,WHU,0,0.4392764857881137,2.17,0.4267489065770258,0.0,1.0,0.4392764857881137
2022_23_20230408_LEI_BOU,2022_23,2023-04-08,LEI,BOU,0,0.5157068062827225,1.85,0.6153398810322436,0.0,1.0,0.5157068062827225
2022_23_20230408_MUN_EVE,2022_23,2023-04-08,MUN,EVE,0,0.5209424083769634,1.83,0.435327288881842,0.0,1.0,0.5209424083769634
2022_23_20230408_SOU_MCI,2022_23,2023-04-08,SOU,MCI,1,0.5949367088607596,1.6,0.6306135142522287,0.0,1.0,0.5949367088607596
2022_23_20230408_TOT_BRI,2022_23,2023-04-08,TOT,BRI,1,0.5261780104712042,1.81,0.702919436406434,0.0,1.0,0.5261780104712042
2022_23_20230408_WOL_CHE,2022_23,2023-04-08,WOL,CHE,0,0.4404145077720207,2.16,0.2220645900054711,0.0,1.0,0.4404145077720207
2022_23_20230409_LEE_CRY,2022_23,2023-04-09,LEE,CRY,1,0.4455958549222798,2.14,0.4161065887706596,0.0,1.0,0.4455958549222798
2022_23_20230409_LIV_ARS,2022_23,2023-04-09,LIV,ARS,1,0.5816326530612244,1.64,0.5794150144643726,0.0,1.0,0.5816326530612244
2022_23_20230415_AVL_NEW,2022_23,2023-04-15,AVL,NEW,1,0.4765625,2.01,0.3831881056304332,0.0,1.0,0.4765625
2022_23_20230415_CHE_BRI,2022_23,2023-04-15,CHE,BRI,1,0.5,1.91,0.3652432254263158,0.0,1.0,0.5
2022_23_20230415_EVE_FUL,2022_23,2023-04-15,EVE,FUL,1,0.4333333333333333,2.21,0.3314677136997084,0.0,1.0,0.4333333333333333
2022_23_20230415_MCI_LEI,2022_23,2023-04-15,MCI,LEI,1,0.7074235807860262,1.34,0.7578541482501615,0.0,1.0,0.7074235807860262
2022_23_20230415_SOU_CRY,2022_23,2023-04-15,SOU,CRY,0,0.4183673469387755,2.28,0.2812114007286281,0.0,1.0,0.4183673469387755
2022_23_20230415_TOT_BOU,2022_23,2023-04-15,TOT,BOU,1,0.5655526992287918,1.69,0.6332033004319295,0.0,1.0,0.5655526992287918
2022_23_20230415_WOL_BRE,2022_23,2023-04-15,WOL,BRE,0,0.4271099744245524,2.24,0.3725798035773957,0.0,1.0,0.4271099744245524
2022_23_20230416_NFO_MUN,2022_23,2023-04-16,NFO,MUN,0,0.5352480417754569,1.78,0.438012947745501,0.0,1.0,0.5352480417754569
2022_23_20230416_WHU_ARS,2022_23,2023-04-16,WHU,ARS,1,0.53125,1.8,0.5511103091501216,0.0,1.0,0.53125
2022_23_20230417_LEE_LIV,2022_23,2023-04-17,LEE,LIV,1,0.6045340050377834,1.57,0.6086331325034967,0.0,1.0,0.6045340050377834
2022_23_20230421_ARS_SOU,2022_23,2023-04-21,ARS,SOU,1,0.6308068459657702,1.51,0.610973612771944,0.0,1.0,0.6308068459657702
2022_23_20230422_BRE_AVL,2022_23,2023-04-22,BRE,AVL,0,0.4842931937172774,1.97,0.4511483187180871,0.0,1.0,0.4842931937172774
2022_23_20230422_CRY_EVE,2022_23,2023-04-22,CRY,EVE,0,0.4060913705583756,2.34,0.2260883251676843,0.0,1.0,0.4060913705583756
2022_23_20230422_FUL_LEE,2022_23,2023-04-22,FUL,LEE,1,0.5078534031413613,1.88,0.5675052048230679,0.0,1.0,0.5078534031413613
2022_23_20230422_LEI_WOL,2022_23,2023-04-22,LEI,WOL,1,0.4455958549222798,2.14,0.3690473472482771,0.0,1.0,0.4455958549222798
2022_23_20230422_LIV_NFO,2022_23,2023-04-22,LIV,NFO,1,0.657210401891253,1.45,0.5570855941765518,0.0,1.0,0.657210401891253
2022_23_20230423_BOU_WHU,2022_23,2023-04-23,BOU,WHU,1,0.4493506493506493,2.12,0.3439302832320476,0.0,1.0,0.4493506493506493
2022_23_20230423_NEW_TOT,2022_23,2023-04-23,NEW,TOT,1,0.5221932114882506,1.83,0.4509441709942512,0.0,1.0,0.5221932114882506
2022_23_20230425_AVL_FUL,2022_23,2023-04-25,AVL,FUL,0,0.5286458333333333,1.81,0.4024683234662616,0.0,1.0,0.5286458333333333
2022_23_20230425_LEE_LEI,2022_23,2023-04-25,LEE,LEI,0,0.5466321243523315,1.75,0.5901005529808403,0.0,1.0,0.5466321243523315
2022_23_20230425_WOL_CRY,2022_23,2023-04-25,WOL,CRY,0,0.3880597014925373,2.46,0.2042660328878336,0.0,1.0,0.3880597014925373
2022_23_20230426_CHE_BRE,2022_23,2023-04-26,CHE,BRE,0,0.4895287958115184,1.95,0.2674254304849285,0.0,1.0,0.4895287958115184
2022_23_20230426_MCI_ARS,2022_23,2023-04-26,MCI,ARS,1,0.5949367088607596,1.6,0.6485460513373635,0.0,1.0,0.5949367088607596
2022_23_20230426_NFO_BRI,2022_23,2023-04-26,NFO,BRI,1,0.548051948051948,1.74,0.5263342575154991,0.0,1.0,0.548051948051948
2022_23_20230426_WHU_LIV,2022_23,2023-04-26,WHU,LIV,1,0.5681233933161953,1.68,0.4350631494119126,0.0,1.0,0.5681233933161953
2022_23_20230427_EVE_NEW,2022_23,2023-04-27,EVE,NEW,1,0.4673629242819843,2.04,0.3143848045629329,0.0,1.0,0.4673629242819843
2022_23_20230427_SOU_BOU,2022_23,2023-04-27,SOU,BOU,0,0.4751958224543081,2.01,0.3508948121578892,0.0,1.0,0.4751958224543081
2022_23_20230427_TOT_MUN,2022_23,2023-04-27,TOT,MUN,1,0.5769230769230769,1.65,0.5735379880645912,0.0,1.0,0.5769230769230769
2022_23_20230429_BRE_NFO,2022_23,2023-04-29,BRE,NFO,1,0.4895287958115184,1.95,0.446565201910454,0.0,1.0,0.4895287958115184
2022_23_20230429_BRI_WOL,2022_23,2023-04-29,BRI,WOL,1,0.5287958115183247,1.8,0.4159788326758569,0.0,1.0,0.5287958115183247
2022_23_20230429_CRY_WHU,2022_23,2023-04-29,CRY,WHU,1,0.4147582697201017,2.3,0.2284236314285852,0.0,1.0,0.4147582697201017
2022_23_20230430_BOU_LEE,2022_23,2023-04-30,BOU,LEE,1,0.5287958115183247,1.8,0.4654992419605086,0.0,1.0,0.5287958115183247
2022_23_20230430_FUL_MCI,2022_23,2023-04-30,FUL,MCI,1,0.6169154228855721,1.54,0.4903460151679604,0.0,1.0,0.6169154228855721
2022_23_20230430_LIV_TOT,2022_23,2023-04-30,LIV,TOT,1,0.635036496350365,1.5,0.6167235611486107,0.0,1.0,0.635036496350365
2022_23_20230430_MUN_AVL,2022_23,2023-04-30,MUN,AVL,0,0.5743589743589743,1.66,0.329746345169269,0.0,1.0,0.5743589743589743
2022_23_20230430_NEW_SOU,2022_23,2023-04-30,NEW,SOU,1,0.5569948186528497,1.71,0.4511378679577417,0.0,1.0,0.5569948186528497
2022_23_20230501_LEI_EVE,2022_23,2023-05-01,LEI,EVE,1,0.4712041884816754,2.02,0.3257683805448366,0.0,1.0,0.4712041884816754
2022_23_20230502_ARS_CHE,2022_23,2023-05-02,ARS,CHE,1,0.5454545454545455,1.75,0.3984880259230534,0.0,1.0,0.5454545454545455
2022_23_20230503_LIV_FUL,2022_23,2023-05-03,LIV,FUL,0,0.6587677725118484,1.44,0.4843853157928484,0.0,1.0,0.6587677725118484
2022_23_20230503_MCI_WHU,2022_23,2023-05-03,MCI,WHU,1,0.6555819477434679,1.45,0.6064206327072766,0.0,1.0,0.6555819477434679
2022_23_20230504_BRI_MUN,2022_23,2023-05-04,BRI,MUN,0,0.6109725685785536,1.56,0.4613254556416655,0.0,1.0,0.6109725685785536
2022_23_20230506_BOU_CHE,2022_23,2023-05-06,BOU,CHE,1,0.4908616187989557,1.95,0.2605027125972607,0.0,1.0,0.4908616187989557
2022_23_20230506_LIV_BRE,2022_23,2023-05-06,LIV,BRE,0,0.6359223300970874,1.5,0.4788962959172106,0.0,1.0,0.6359223300970874
2022_23_20230506_MCI_LEE,2022_23,2023-05-06,MCI,LEE,1,0.7259414225941423,1.31,0.8080500607232368,0.0,1.0,0.7259414225941423
2022_23_20230506_TOT_CRY,2022_23,2023-05-06,TOT,CRY,0,0.5428571428571429,1.76,0.5162016312487157,0.0,1.0,0.5428571428571429
2022_23_20230506_WOL_AVL,2022_23,2023-05-06,WOL,AVL,0,0.4355670103092783,2.19,0.2797242877782531,0.0,1.0,0.4355670103092783
2022_23_20230507_NEW_ARS,2022_23,2023-05-07,NEW,ARS,0,0.5826972010178116,1.64,0.5522421910217238,0.0,1.0,0.5826972010178116
2022_23_20230507_WHU_MUN,2022_23,2023-05-07,WHU,MUN,0,0.5717948717948719,1.67,0.3688229451046507,0.0,1.0,0.5717948717948719
2022_23_20230508_BRI_EVE,2022_23,2023-05-08,BRI,EVE,1,0.5994962216624685,1.59,0.5796522678009528,0.0,1.0,0.5994962216624685
2022_23_20230508_FUL_LEI,2022_23,2023-05-08,FUL,LEI,1,0.5234374999999999,1.83,0.4824940286219175,0.0,1.0,0.5234374999999999
2022_23_20230508_NFO_SOU,2022_23,2023-05-08,NFO,SOU,1,0.4778067885117493,2.0,0.291448682216149,0.0,1.0,0.4778067885117493
2022_23_20230513_AVL_TOT,2022_23,2023-05-13,AVL,TOT,1,0.5454545454545455,1.75,0.4807149180056006,0.0,1.0,0.5454545454545455
2022_23_20230513_CHE_NFO,2022_23,2023-05-13,CHE,NFO,1,0.5195822454308094,1.84,0.2732081289128418,0.0,1.0,0.5195822454308094
2022_23_20230513_CRY_BOU,2022_23,2023-05-13,CRY,BOU,0,0.5026178010471204,1.9,0.3313836185582228,0.0,1.0,0.5026178010471204
2022_23_20230513_LEE_NEW,2022_23,2023-05-13,LEE,NEW,1,0.5852417302798981,1.63,0.5146186670934614,0.0,1.0,0.5852417302798981
2022_23_20230513_MUN_WOL,2022_23,2023-05-13,MUN,WOL,0,0.5769230769230769,1.65,0.2816912482435737,0.0,1.0,0.5769230769230769
2022_23_20230513_SOU_FUL,2022_23,2023-05-13,SOU,FUL,0,0.5078534031413613,1.88,0.4023252022457046,0.0,1.0,0.5078534031413613
2022_23_20230514_ARS_BRI,2022_23,2023-05-14,ARS,BRI,1,0.6212871287128713,1.53,0.6847987286684751,0.0,1.0,0.6212871287128713
2022_23_20230514_BRE_WHU,2022_23,2023-05-14,BRE,WHU,0,0.4895287958115184,1.95,0.3751954085154199,0.0,1.0,0.4895287958115184
2022_23_20230514_EVE_MCI,2022_23,2023-05-14,EVE,MCI,1,0.5805626598465473,1.64,0.524654303202,0.0,1.0,0.5805626598465473
2022_23_20230515_LEI_LIV,2022_23,2023-05-15,LEI,LIV,1,0.6383495145631067,1.49,0.580849170434006,0.0,1.0,0.6383495145631067
2022_23_20230518_NEW_BRI,2022_23,2023-05-18,NEW,BRI,1,0.595959595959596,1.6,0.499886969414293,0.0,1.0,0.595959595959596
2022_23_20230520_BOU_MUN,2022_23,2023-05-20,BOU,MUN,0,0.6134663341645885,1.55,0.3891702522327006,0.0,1.0,0.6134663341645885
2022_23_20230520_FUL_CRY,2022_23,2023-05-20,FUL,CRY,1,0.4739583333333334,2.02,0.3320946021458915,0.0,1.0,0.4739583333333334
2022_23_20230520_LIV_AVL,2022_23,2023-05-20,LIV,AVL,0,0.6159600997506234,1.54,0.425636720086755,0.0,1.0,0.6159600997506234
2022_23_20230520_NFO_ARS,2022_23,2023-05-20,NFO,ARS,0,0.6055276381909548,1.57,0.6442714686862094,0.0,1.0,0.6055276381909548
2022_23_20230520_TOT_BRE,2022_23,2023-05-20,TOT,BRE,1,0.5454545454545455,1.75,0.554767575671776,0.0,1.0,0.5454545454545455
2022_23_20230520_WOL_EVE,2022_23,2023-05-20,WOL,EVE,0,0.4623376623376624,2.07,0.2506414218318289,0.0,1.0,0.4623376623376624
2022_23_20230521_BRI_SOU,2022_23,2023-05-21,BRI,SOU,1,0.6736111111111112,1.41,0.6188125189753959,0.0,1.0,0.6736111111111112
2022_23_20230521_MCI_CHE,2022_23,2023-05-21,MCI,CHE,0,0.625615763546798,1.52,0.4855707583551055,0.0,1.0,0.625615763546798
2022_23_20230521_WHU_LEE,2022_23,2023-05-21,WHU,LEE,1,0.5300261096605744,1.8,0.4987964145369918,0.0,1.0,0.5300261096605744
2022_23_20230522_NEW_LEI,2022_23,2023-05-22,NEW,LEI,0,0.6299019607843138,1.51,0.6278360893321467,0.0,1.0,0.6299019607843138
2022_23_20230524_BRI_MCI,2022_23,2023-05-24,BRI,MCI,0,0.6265356265356266,1.52,0.646125360308403,0.0,1.0,0.6265356265356266
2022_23_20230525_MUN_CHE,2022_23,2023-05-25,MUN,CHE,1,0.5979899497487436,1.6,0.2801879425054758,0.0,1.0,0.5979899497487436
2022_23_20230528_ARS_WOL,2022_23,2023-05-28,ARS,WOL,1,0.6498800959232613,1.46,0.5607534879668339,0.0,1.0,0.6498800959232613
2022_23_20230528_AVL_BRI,2022_23,2023-05-28,AVL,BRI,1,0.6222222222222222,1.53,0.5007132167344011,0.0,1.0,0.6222222222222222
2022_23_20230528_BRE_MCI,2022_23,2023-05-28,BRE,MCI,0,0.5913705583756345,1.61,0.4752957524637828,0.0,1.0,0.5913705583756345
2022_23_20230528_CHE_NEW,2022_23,2023-05-28,CHE,NEW,0,0.5629820051413882,1.7,0.3274271121321546,0.0,1.0,0.5629820051413882
2022_23_20230528_CRY_NFO,2022_23,2023-05-28,CRY,NFO,0,0.5790816326530612,1.65,0.3908112403239951,0.0,1.0,0.5790816326530612
2022_23_20230528_EVE_BOU,2022_23,2023-05-28,EVE,BOU,0,0.5692307692307692,1.68,0.4162202445060354,0.0,1.0,0.5692307692307692
2022_23_20230528_LEE_TOT,2022_23,2023-05-28,LEE,TOT,1,0.6341463414634148,1.5,0.7497251450208314,0.0,1.0,0.6341463414634148
2022_23_20230528_LEI_WHU,2022_23,2023-05-28,LEI,WHU,1,0.5681233933161953,1.68,0.4995739890021431,0.0,1.0,0.5681233933161953
2022_23_20230528_MUN_FUL,2022_23,2023-05-28,MUN,FUL,1,0.6383495145631067,1.49,0.446768726945612,0.0,1.0,0.6383495145631067
2022_23_20230528_SOU_LIV,2022_23,2023-05-28,SOU,LIV,1,0.6840909090909091,1.39,0.5485531912051935,0.0,1.0,0.6840909090909091
2023_24_20230812_BOU_WHU,2023_24,2023-08-12,BOU,WHU,0,0.5078534031413613,1.88,0.5768099188731565,0.0,1.0,0.5078534031413613
2023_24_20230812_BRI_LUT,2023_24,2023-08-12,BRI,LUT,1,0.5924050632911392,1.61,0.4956511875599738,0.0,1.0,0.5924050632911392
2023_24_20230812_EVE_FUL,2023_24,2023-08-12,EVE,FUL,0,0.4856396866840731,1.97,0.63438740942248,0.0,1.0,0.4856396866840731
2023_24_20230812_NEW_AVL,2023_24,2023-08-12,NEW,AVL,1,0.5428571428571429,1.76,0.527547801705123,0.0,1.0,0.5428571428571429
2023_24_20230812_SHU_CRY,2023_24,2023-08-12,SHU,CRY,0,0.4318766066838046,2.21,0.6533529586863535,0.0,1.0,0.4318766066838046
2023_24_20230813_BRE_TOT,2023_24,2023-08-13,BRE,TOT,1,0.5618556701030928,1.7,0.5756977543073283,0.0,1.0,0.5618556701030928
2023_24_20230813_CHE_LIV,2023_24,2023-08-13,CHE,LIV,0,0.5728900255754477,1.67,0.606248709957615,0.0,1.0,0.5728900255754477
2023_24_20230814_MUN_WOL,2023_24,2023-08-14,MUN,WOL,0,0.5979899497487436,1.6,0.5751295205358662,0.0,1.0,0.5979899497487436
2023_24_20230818_NFO_SHU,2023_24,2023-08-18,NFO,SHU,1,0.4271099744245524,2.24,0.5221279270750347,0.0,1.0,0.4271099744245524
2023_24_20230819_FUL_BRE,2023_24,2023-08-19,FUL,BRE,1,0.4960835509138382,1.93,0.5280724531858038,0.0,1.0,0.4960835509138382
2023_24_20230819_LIV_BOU,2023_24,2023-08-19,LIV,BOU,1,0.7039473684210525,1.35,0.5329861917490601,0.0,1.0,0.7039473684210525
2023_24_20230819_MCI_NEW,2023_24,2023-08-19,MCI,NEW,0,0.5555555555555556,1.72,0.5585143736536192,0.0,1.0,0.5555555555555556
2023_24_20230819_TOT_MUN,2023_24,2023-08-19,TOT,MUN,0,0.6084788029925187,1.57,0.5193999982654247,0.0,1.0,0.6084788029925187
2023_24_20230819_WOL_BRI,2023_24,2023-08-19,WOL,BRI,1,0.5492227979274612,1.74,0.5043906610825277,0.0,1.0,0.5492227979274612
2023_24_20230820_AVL_EVE,2023_24,2023-08-20,AVL,EVE,1,0.5065274151436031,1.89,0.5473924961611591,0.0,1.0,0.5065274151436031
2023_24_20230820_WHU_CHE,2023_24,2023-08-20,WHU,CHE,1,0.4986945169712793,1.92,0.5666936370211698,0.0,1.0,0.4986945169712793
2023_24_20230821_CRY_ARS,2023_24,2023-08-21,CRY,ARS,0,0.4973821989528796,1.92,0.5833748625656499,0.0,1.0,0.4973821989528796
2023_24_20230825_CHE_LUT,2023_24,2023-08-25,CHE,LUT,1,0.5776081424936387,1.66,0.5519243822083456,0.0,1.0,0.5776081424936387
2023_24_20230826_ARS_FUL,2023_24,2023-08-26,ARS,FUL,1,0.6433734939759036,1.48,0.5535874455611526,0.0,1.0,0.6433734939759036
2023_24_20230826_BOU_TOT,2023_24,2023-08-26,BOU,TOT,0,0.6144278606965174,1.55,0.5696070373573998,0.0,1.0,0.6144278606965174
2023_24_20230826_BRE_CRY,2023_24,2023-08-26,BRE,CRY,0,0.4496124031007751,2.13,0.5560130063230926,0.0,1.0,0.4496124031007751
2023_24_20230826_BRI_WHU,2023_24,2023-08-26,BRI,WHU,1,0.6383495145631067,1.49,0.5434212779200038,0.0,1.0,0.6383495145631067
2023_24_20230826_EVE_WOL,2023_24,2023-08-26,EVE,WOL,0,0.4507772020725388,2.12,0.5588130452673448,0.0,1.0,0.4507772020725388
2023_24_20230826_MUN_NFO,2023_24,2023-08-26,MUN,NFO,1,0.6274509803921569,1.52,0.5335462022722502,0.0,1.0,0.6274509803921569
2023_24_20230827_BUR_AVL,2023_24,2023-08-27,BUR,AVL,1,0.5182291666666667,1.85,0.5615335554933866,0.0,1.0,0.5182291666666667
2023_24_20230827_NEW_LIV,2023_24,2023-08-27,NEW,LIV,1,0.639225181598063,1.49,0.5744953906776191,0.0,1.0,0.639225181598063
2023_24_20230827_SHU_MCI,2023_24,2023-08-27,SHU,MCI,1,0.6055276381909548,1.57,0.5746165965431641,0.0,1.0,0.6055276381909548
2023_24_20230901_LUT_WHU,2023_24,2023-09-01,LUT,WHU,1,0.5272727272727271,1.82,0.5747289423364964,0.0,1.0,0.5272727272727271
2023_24_20230902_BRE_BOU,2023_24,2023-09-02,BRE,BOU,1,0.5492227979274612,1.74,0.5748333185786259,0.0,1.0,0.5492227979274612
2023_24_20230902_BRI_NEW,2023_24,2023-09-02,BRI,NEW,1,0.6400966183574879,1.49,0.5858709287468508,0.0,1.0,0.6400966183574879
2023_24_20230902_BUR_TOT,2023_24,2023-09-02,BUR,TOT,1,0.5848101265822784,1.64,0.5960026692049871,0.0,1.0,0.5848101265822784
2023_24_20230902_CHE_NFO,2023_24,2023-09-02,CHE,NFO,0,0.583756345177665,1.64,0.6349384807618996,0.0,1.0,0.583756345177665
2023_24_20230902_MCI_FUL,2023_24,2023-09-02,MCI,FUL,1,0.6781609195402298,1.4,0.6130427257567923,0.0,1.0,0.6781609195402298
2023_24_20230902_SHU_EVE,2023_24,2023-09-02,SHU,EVE,1,0.423469387755102,2.26,0.6397835910301416,0.0,1.0,0.423469387755102
2023_24_20230903_ARS_MUN,2023_24,2023-09-03,ARS,MUN,1,0.6144278606965174,1.55,0.6461219176638358,0.0,1.0,0.6144278606965174
2023_24_20230903_CRY_WOL,2023_24,2023-09-03,CRY,WOL,1,0.4296675191815857,2.23,0.652012249685957,0.0,1.0,0.4296675191815857
2023_24_20230903_LIV_AVL,2023_24,2023-09-03,LIV,AVL,1,0.6758620689655173,1.41,0.6659096723403535,0.0,1.0,0.6758620689655173
2023_24_20230916_AVL_CRY,2023_24,2023-09-16,AVL,CRY,1,0.5130208333333333,1.87,0.7715141807411544,0.0,1.0,0.5130208333333333
2023_24_20230916_FUL_LUT,2023_24,2023-09-16,FUL,LUT,0,0.5104166666666667,1.88,0.6924053203539043,0.0,1.0,0.5104166666666667
2023_24_20230916_MUN_BRI,2023_24,2023-09-16,MUN,BRI,1,0.6689976689976691,1.42,0.7909370769255526,0.0,1.0,0.6689976689976691
2023_24_20230916_NEW_BRE,2023_24,2023-09-16,NEW,BRE,0,0.5728900255754477,1.67,0.6588220236277269,0.0,1.0,0.5728900255754477
2023_24_20230916_TOT_SHU,2023_24,2023-09-16,TOT,SHU,1,0.6425120772946861,1.48,0.8672974079000701,0.0,1.0,0.6425120772946861
2023_24_20230916_WHU_MCI,2023_24,2023-09-16,WHU,MCI,1,0.5909090909090909,1.62,0.6448308503498074,0.0,1.0,0.5909090909090909
2023_24_20230916_WOL_LIV,2023_24,2023-09-16,WOL,LIV,1,0.6425120772946861,1.48,0.4175441369033739,0.0,1.0,0.6425120772946861
2023_24_20230917_BOU_CHE,2023_24,2023-09-17,BOU,CHE,0,0.583756345177665,1.64,0.3040908282870711,0.0,1.0,0.583756345177665
2023_24_20230917_EVE_ARS,2023_24,2023-09-17,EVE,ARS,0,0.5790816326530612,1.65,0.6949398737542847,0.0,1.0,0.5790816326530612
2023_24_20230918_NFO_BUR,2023_24,2023-09-18,NFO,BUR,0,0.5013054830287206,1.91,0.8334926239885452,0.0,1.0,0.5013054830287206
2023_24_20230923_BRE_EVE,2023_24,2023-09-23,BRE,EVE,1,0.5,1.92,0.1180102243346183,0.0,1.0,0.5
2023_24_20230923_BUR_MUN,2023_24,2023-09-23,BUR,MUN,0,0.5944584382871536,1.61,0.8801235043169873,0.0,1.0,0.5944584382871536
2023_24_20230923_CRY_FUL,2023_24,2023-09-23,CRY,FUL,0,0.4675324675324676,2.05,0.5287065514409239,0.0,1.0,0.4675324675324676
2023_24_20230923_LUT_WOL,2023_24,2023-09-23,LUT,WOL,0,0.4817708333333334,1.99,0.3656658568533164,0.0,1.0,0.4817708333333334
2023_24_20230923_MCI_NFO,2023_24,2023-09-23,MCI,NFO,0,0.6758620689655173,1.41,0.71454729795318,0.0,1.0,0.6758620689655173
2023_24_20230924_ARS_TOT,2023_24,2023-09-24,ARS,TOT,1,0.6308068459657702,1.51,0.8822078814289648,0.0,1.0,0.6308068459657702
2023_24_20230924_BRI_BOU,2023_24,2023-09-24,BRI,BOU,1,0.6941964285714286,1.37,0.3890488272981142,0.0,1.0,0.6941964285714286
2023_24_20230924_CHE_AVL,2023_24,2023-09-24,CHE,AVL,0,0.5641025641025641,1.7,0.6226489748062307,0.0,1.0,0.5641025641025641
2023_24_20230924_LIV_WHU,2023_24,2023-09-24,LIV,WHU,1,0.6788990825688074,1.4,0.5391729067589566,0.0,1.0,0.6788990825688074
2023_24_20230924_SHU_NEW,2023_24,2023-09-24,SHU,NEW,1,0.5754475703324808,1.66,0.6317373327772186,0.0,1.0,0.5754475703324808
2023_24_20230930_AVL_BRI,2023_24,2023-09-30,AVL,BRI,1,0.6651053864168619,1.43,0.9118309707203964,0.0,1.0,0.6651053864168619
2023_24_20230930_BOU_ARS,2023_24,2023-09-30,BOU,ARS,1,0.6178660049627792,1.54,0.6335856491068605,0.0,1.0,0.6178660049627792
2023_24_20230930_EVE_LUT,2023_24,2023-09-30,EVE,LUT,1,0.4739583333333334,2.02,0.2373917552635169,0.0,1.0,0.4739583333333334
2023_24_20230930_MUN_CRY,2023_24,2023-09-30,MUN,CRY,0,0.5402597402597403,1.77,0.3004587026508871,0.0,1.0,0.5402597402597403
2023_24_20230930_NEW_BUR,2023_24,2023-09-30,NEW,BUR,0,0.6222222222222222,1.53,0.8931842785407368,0.0,1.0,0.6222222222222222
2023_24_20230930_TOT_LIV,2023_24,2023-09-30,TOT,LIV,1,0.6848072562358277,1.39,0.7586157951300184,0.0,1.0,0.6848072562358277
2023_24_20230930_WHU_SHU,2023_24,2023-09-30,WHU,SHU,0,0.5826972010178116,1.64,0.8129585443290548,0.0,1.0,0.5826972010178116
2023_24_20230930_WOL_MCI,2023_24,2023-09-30,WOL,MCI,1,0.6212871287128713,1.53,0.4520473022002571,0.0,1.0,0.6212871287128713
2023_24_20231001_NFO_BRE,2023_24,2023-10-01,NFO,BRE,0,0.4571428571428572,2.09,0.5690644664631832,0.0,1.0,0.4571428571428572
2023_24_20231002_FUL_CHE,2023_24,2023-10-02,FUL,CHE,0,0.4947643979057591,1.93,0.2128737711598342,0.0,1.0,0.4947643979057591
2023_24_20231003_LUT_BUR,2023_24,2023-10-03,LUT,BUR,1,0.4271099744245524,2.24,0.4883280537065041,0.0,1.0,0.4271099744245524
2023_24_20231007_BUR_CHE,2023_24,2023-10-07,BUR,CHE,1,0.53125,1.8,0.3081365816169337,0.0,1.0,0.53125
2023_24_20231007_CRY_NFO,2023_24,2023-10-07,CRY,NFO,0,0.4198473282442748,2.28,0.2327185534766278,0.0,1.0,0.4198473282442748
2023_24_20231007_EVE_BOU,2023_24,2023-10-07,EVE,BOU,1,0.5234374999999999,1.83,0.4171247527686029,0.0,1.0,0.5234374999999999
2023_24_20231007_FUL_SHU,2023_24,2023-10-07,FUL,SHU,1,0.4960835509138382,1.93,0.3202623339274787,0.0,1.0,0.4960835509138382
2023_24_20231007_LUT_TOT,2023_24,2023-10-07,LUT,TOT,0,0.6134663341645885,1.55,0.7120223897809728,0.0,1.0,0.6134663341645885
2023_24_20231007_MUN_BRE,2023_24,2023-10-07,MUN,BRE,1,0.5762273901808785,1.64,0.4272620832248275,0.0,1.0,0.5762273901808785
2023_24_20231008_ARS_MCI,2023_24,2023-10-08,ARS,MCI,0,0.5352480417754569,1.78,0.3924843368246197,0.0,1.0,0.5352480417754569
2023_24_20231008_BRI_LIV,2023_24,2023-10-08,BRI,LIV,1,0.7045951859956237,1.35,0.8913102035065895,0.0,1.0,0.7045951859956237
2023_24_20231008_WHU_NEW,2023_24,2023-10-08,WHU,NEW,1,0.5555555555555556,1.72,0.7442988028812669,0.0,1.0,0.5555555555555556
2023_24_20231008_WOL_AVL,2023_24,2023-10-08,WOL,AVL,0,0.53125,1.8,0.8546586001028564,0.0,1.0,0.53125
2023_24_20231021_BOU_WOL,2023_24,2023-10-21,BOU,WOL,1,0.5260416666666667,1.82,0.4501851037321489,0.0,1.0,0.5260416666666667
2023_24_20231021_BRE_BUR,2023_24,2023-10-21,BRE,BUR,1,0.5,1.92,0.5964175655667459,0.0,1.0,0.5
2023_24_20231021_CHE_ARS,2023_24,2023-10-21,CHE,ARS,1,0.4973821989528796,1.92,0.2595599619514512,0.0,1.0,0.4973821989528796
2023_24_20231021_LIV_EVE,2023_24,2023-10-21,LIV,EVE,0,0.674364896073903,1.41,0.6957610103313786,0.0,1.0,0.674364896073903
2023_24_20231021_MCI_BRI,2023_24,2023-10-21,MCI,BRI,1,0.6928251121076232,1.37,0.827974472143701,0.0,1.0,0.6928251121076232
2023_24_20231021_NEW_CRY,2023_24,2023-10-21,NEW,CRY,1,0.5272727272727271,1.82,0.3832434239579392,0.0,1.0,0.5272727272727271
2023_24_20231021_NFO_LUT,2023_24,2023-10-21,NFO,LUT,1,0.4699738903394256,2.03,0.3126448247781414,0.0,1.0,0.4699738903394256
2023_24_20231021_SHU_MUN,2023_24,2023-10-21,SHU,MUN,1,0.6144278606965174,1.55,0.4805899836250566,0.0,1.0,0.6144278606965174
2023_24_20231022_AVL_WHU,2023_24,2023-10-22,AVL,WHU,1,0.602015113350126,1.58,0.812575838903978,0.0,1.0,0.602015113350126
2023_24_20231023_TOT_FUL,2023_24,2023-10-23,TOT,FUL,0,0.6280788177339901,1.51,0.6248179030362252,0.0,1.0,0.6280788177339901
2023_24_20231027_CRY_TOT,2023_24,2023-10-27,CRY,TOT,1,0.5090909090909091,1.89,0.3113776604466818,0.0,1.0,0.5090909090909091
2023_24_20231028_ARS_SHU,2023_24,2023-10-28,ARS,SHU,1,0.6971046770601336,1.36,0.8346694889381776,0.0,1.0,0.6971046770601336
2023_24_20231028_BOU_BUR,2023_24,2023-10-28,BOU,BUR,1,0.5324675324675325,1.8,0.4624888633946133,0.0,1.0,0.5324675324675325
2023_24_20231028_CHE_BRE,2023_24,2023-10-28,CHE,BRE,0,0.5298701298701299,1.81,0.4651503432398218,0.0,1.0,0.5298701298701299
2023_24_20231028_WOL_NEW,2023_24,2023-10-28,WOL,NEW,1,0.5426356589147286,1.77,0.7257455112535707,0.0,1.0,0.5426356589147286
2023_24_20231029_AVL_LUT,2023_24,2023-10-29,AVL,LUT,1,0.6317073170731708,1.51,0.7783664638955982,0.0,1.0,0.6317073170731708
2023_24_20231029_BRI_FUL,2023_24,2023-10-29,BRI,FUL,0,0.6332518337408313,1.5,0.7639288368288425,0.0,1.0,0.6332518337408313
2023_24_20231029_LIV_NFO,2023_24,2023-10-29,LIV,NFO,1,0.6736111111111112,1.41,0.535496674313667,0.0,1.0,0.6736111111111112
2023_24_20231029_MUN_MCI,2023_24,2023-10-29,MUN,MCI,1,0.5541237113402062,1.73,0.4247590495062907,0.0,1.0,0.5541237113402062
2023_24_20231029_WHU_EVE,2023_24,2023-10-29,WHU,EVE,0,0.5492227979274612,1.74,0.6138170280496803,0.0,1.0,0.5492227979274612
2023_24_20231104_BRE_WHU,2023_24,2023-11-04,BRE,WHU,1,0.5466321243523315,1.75,0.6297339107097509,0.0,1.0,0.5466321243523315
2023_24_20231104_BUR_CRY,2023_24,2023-11-04,BUR,CRY,0,0.4296675191815857,2.23,0.3212932079099118,0.0,1.0,0.4296675191815857
2023_24_20231104_EVE_BRI,2023_24,2023-11-04,EVE,BRI,0,0.6025,1.59,0.6460737092576327,0.0,1.0,0.6025
2023_24_20231104_FUL_MUN,2023_24,2023-11-04,FUL,MUN,0,0.5338541666666666,1.79,0.3578753700306467,0.0,1.0,0.5338541666666666
2023_24_20231104_MCI_BOU,2023_24,2023-11-04,MCI,BOU,1,0.7308488612836438,1.3,0.7617715611953366,0.0,1.0,0.7308488612836438
2023_24_20231104_NEW_ARS,2023_24,2023-11-04,NEW,ARS,0,0.4986945169712793,1.92,0.5573173565174235,0.0,1.0,0.4986945169712793
2023_24_20231104_SHU_WOL,2023_24,2023-11-04,SHU,WOL,1,0.5065274151436031,1.89,0.6303247677197403,0.0,1.0,0.5065274151436031
2023_24_20231105_LUT_LIV,2023_24,2023-11-05,LUT,LIV,0,0.6928251121076232,1.37,0.580319085905439,0.0,1.0,0.6928251121076232
2023_24_20231105_NFO_AVL,2023_24,2023-11-05,NFO,AVL,0,0.5440414507772021,1.76,0.5963196264952978,0.0,1.0,0.5440414507772021
2023_24_20231106_TOT_CHE,2023_24,2023-11-06,TOT,CHE,1,0.5581395348837209,1.71,0.5101492277426463,0.0,1.0,0.5581395348837209
2023_24_20231111_ARS_BUR,2023_24,2023-11-11,ARS,BUR,1,0.637469586374696,1.49,0.7937689664389991,0.0,1.0,0.637469586374696
2023_24_20231111_BOU_NEW,2023_24,2023-11-11,BOU,NEW,0,0.5655526992287918,1.69,0.7908664725168602,0.0,1.0,0.5655526992287918
2023_24_20231111_CRY_EVE,2023_24,2023-11-11,CRY,EVE,1,0.4173027989821883,2.29,0.2429664099172559,0.0,1.0,0.4173027989821883
2023_24_20231111_MUN_LUT,2023_24,2023-11-11,MUN,LUT,0,0.6222222222222222,1.53,0.3988608607290288,0.0,1.0,0.6222222222222222
2023_24_20231111_WOL_TOT,2023_24,2023-11-11,WOL,TOT,1,0.5873417721518986,1.63,0.6792291040246576,0.0,1.0,0.5873417721518986
2023_24_20231112_AVL_FUL,2023_24,2023-11-12,AVL,FUL,1,0.5644329896907216,1.69,0.6530593653672473,0.0,1.0,0.5644329896907216
2023_24_20231112_BRI_SHU,2023_24,2023-11-12,BRI,SHU,0,0.6758620689655173,1.41,0.914053308385716,0.0,1.0,0.6758620689655173
2023_24_20231112_CHE_MCI,2023_24,2023-11-12,CHE,MCI,1,0.5208333333333334,1.84,0.4904606308298034,0.0,1.0,0.5208333333333334
2023_24_20231112_LIV_BRE,2023_24,2023-11-12,LIV,BRE,1,0.6515513126491647,1.46,0.5503648177031271,0.0,1.0,0.6515513126491647
2023_24_20231112_WHU_NFO,2023_24,2023-11-12,WHU,NFO,1,0.5338541666666666,1.79,0.4932804786848298,0.0,1.0,0.5338541666666666
2023_24_20231125_BRE_ARS,2023_24,2023-11-25,BRE,ARS,0,0.5104166666666667,1.88,0.4822276041203462,0.0,1.0,0.5104166666666667
2023_24_20231125_BUR_WHU,2023_24,2023-11-25,BUR,WHU,1,0.538860103626943,1.78,0.6972780313201595,0.0,1.0,0.538860103626943
2023_24_20231125_LUT_CRY,2023_24,2023-11-25,LUT,CRY,1,0.4432989690721649,2.16,0.2799260415347344,0.0,1.0,0.4432989690721649
2023_24_20231125_MCI_LIV,2023_24,2023-11-25,MCI,LIV,0,0.6359223300970874,1.5,0.5030121584278623,0.0,1.0,0.6359223300970874
2023_24_20231125_NEW_CHE,2023_24,2023-11-25,NEW,CHE,1,0.522077922077922,1.84,0.6704729781218801,0.0,1.0,0.522077922077922
2023_24_20231125_NFO_BRI,2023_24,2023-11-25,NFO,BRI,1,0.5503875968992248,1.74,0.6043055433893856,0.0,1.0,0.5503875968992248
2023_24_20231125_SHU_BOU,2023_24,2023-11-25,SHU,BOU,1,0.5246753246753246,1.83,0.5225145545251044,0.0,1.0,0.5246753246753246
2023_24_20231126_EVE_MUN,2023_24,2023-11-26,EVE,MUN,1,0.5272727272727271,1.82,0.3179713232236878,0.0,1.0,0.5272727272727271
2023_24_20231126_TOT_AVL,2023_24,2023-11-26,TOT,AVL,1,0.6332518337408313,1.5,0.6711021447582849,0.0,1.0,0.6332518337408313
2023_24_20231127_FUL_WOL,2023_24,2023-11-27,FUL,WOL,1,0.4559585492227979,2.1,0.3750046032128565,0.0,1.0,0.4559585492227979
2023_24_20231202_ARS_WOL,2023_24,2023-12-02,ARS,WOL,1,0.5790816326530612,1.65,0.5876655454370293,0.0,1.0,0.5790816326530612
2023_24_20231202_BRE_LUT,2023_24,2023-12-02,BRE,LUT,1,0.5532467532467532,1.72,0.4149207673103224,0.0,1.0,0.5532467532467532
2023_24_20231202_BUR_SHU,2023_24,2023-12-02,BUR,SHU,1,0.4791666666666667,2.0,0.4714734290571214,0.0,1.0,0.4791666666666667
2023_24_20231202_NEW_MUN,2023_24,2023-12-02,NEW,MUN,0,0.5615384615384615,1.71,0.5259221441088582,0.0,1.0,0.5615384615384615
2023_24_20231202_NFO_EVE,2023_24,2023-12-02,NFO,EVE,0,0.4687499999999999,2.04,0.4234680533336421,0.0,1.0,0.4687499999999999
2023_24_20231203_BOU_AVL,2023_24,2023-12-03,BOU,AVL,1,0.625615763546798,1.52,0.717752198368325,0.0,1.0,0.625615763546798
2023_24_20231203_CHE_BRI,2023_24,2023-12-03,CHE,BRI,1,0.614609571788413,1.53,0.7860310095967923,0.0,1.0,0.614609571788413
2023_24_20231203_LIV_FUL,2023_24,2023-12-03,LIV,FUL,1,0.675115207373272,1.41,0.5655114394714386,0.0,1.0,0.675115207373272
2023_24_20231203_MCI_TOT,2023_24,2023-12-03,MCI,TOT,1,0.6977777777777777,1.36,0.6537385225016463,0.0,1.0,0.6977777777777777
2023_24_20231203_WHU_CRY,2023_24,2023-12-03,WHU,CRY,0,0.4791666666666667,2.0,0.4783763235147141,0.0,1.0,0.4791666666666667
2023_24_20231205_LUT_ARS,2023_24,2023-12-05,LUT,ARS,1,0.5816326530612244,1.64,0.3853023324324101,0.0,1.0,0.5816326530612244
2023_24_20231205_WOL_BUR,2023_24,2023-12-05,WOL,BUR,0,0.4805194805194806,2.0,0.58002030664895,0.0,1.0,0.4805194805194806
2023_24_20231206_AVL_MCI,2023_24,2023-12-06,AVL,MCI,0,0.6299019607843138,1.51,0.689969089416206,0.0,1.0,0.6299019607843138
2023_24_20231206_BRI_BRE,2023_24,2023-12-06,BRI,BRE,1,0.5873417721518986,1.63,0.6603260310065897,0.0,1.0,0.5873417721518986
2023_24_20231206_CRY_BOU,2023_24,2023-12-06,CRY,BOU,0,0.484375,1.98,0.4333087286215067,0.0,1.0,0.484375
2023_24_20231206_FUL_NFO,2023_24,2023-12-06,FUL,NFO,1,0.4689119170984456,2.05,0.41133557140911,0.0,1.0,0.4689119170984456
2023_24_20231206_MUN_CHE,2023_24,2023-12-06,MUN,CHE,1,0.5801526717557253,1.65,0.4698128204373539,0.0,1.0,0.5801526717557253
2023_24_20231206_SHU_LIV,2023_24,2023-12-06,SHU,LIV,0,0.7203389830508474,1.32,0.715035294405092,0.0,1.0,0.7203389830508474
2023_24_20231207_EVE_NEW,2023_24,2023-12-07,EVE,NEW,1,0.4986945169712793,1.92,0.4532888632877014,0.0,1.0,0.4986945169712793
2023_24_20231207_TOT_WHU,2023_24,2023-12-07,TOT,WHU,1,0.635036496350365,1.5,0.7305296863467893,0.0,1.0,0.635036496350365
2023_24_20231209_AVL_ARS,2023_24,2023-12-09,AVL,ARS,0,0.5555555555555556,1.72,0.5450642848976248,0.0,1.0,0.5555555555555556
2023_24_20231209_BRI_BUR,2023_24,2023-12-09,BRI,BUR,0,0.6015037593984962,1.59,0.8181490011082049,0.0,1.0,0.6015037593984962
2023_24_20231209_CRY_LIV,2023_24,2023-12-09,CRY,LIV,1,0.5801526717557253,1.65,0.4260341707504071,0.0,1.0,0.5801526717557253
2023_24_20231209_MUN_BOU,2023_24,2023-12-09,MUN,BOU,1,0.628992628992629,1.51,0.4789107993934525,0.0,1.0,0.628992628992629
2023_24_20231209_SHU_BRE,2023_24,2023-12-09,SHU,BRE,0,0.5026041666666667,1.91,0.5768083760888055,0.0,1.0,0.5026041666666667
2023_24_20231209_WOL_NFO,2023_24,2023-12-09,WOL,NFO,0,0.4778067885117493,2.0,0.5111851883971686,0.0,1.0,0.4778067885117493
2023_24_20231210_EVE_CHE,2023_24,2023-12-10,EVE,CHE,0,0.5352480417754569,1.78,0.5578241889911538,0.0,1.0,0.5352480417754569
2023_24_20231210_FUL_WHU,2023_24,2023-12-10,FUL,WHU,1,0.5169712793733681,1.85,0.6728657435564172,0.0,1.0,0.5169712793733681
2023_24_20231210_LUT_MCI,2023_24,2023-12-10,LUT,MCI,1,0.6842105263157895,1.38,0.6859088778019795,0.0,1.0,0.6842105263157895
2023_24_20231210_TOT_NEW,2023_24,2023-12-10,TOT,NEW,1,0.6194029850746269,1.53,0.6553071854798157,0.0,1.0,0.6194029850746269
2023_24_20231215_NFO_TOT,2023_24,2023-12-15,NFO,TOT,0,0.5873417721518986,1.63,0.5986437007449201,0.0,1.0,0.5873417721518986
2023_24_20231216_BUR_EVE,2023_24,2023-12-16,BUR,EVE,0,0.4725848563968668,2.02,0.4656135138183316,0.0,1.0,0.4725848563968668
2023_24_20231216_CHE_SHU,2023_24,2023-12-16,CHE,SHU,0,0.625615763546798,1.52,0.7437957053680297,0.0,1.0,0.625615763546798
2023_24_20231216_MCI_CRY,2023_24,2023-12-16,MCI,CRY,1,0.6498800959232613,1.46,0.654074330261936,0.0,1.0,0.6498800959232613
2023_24_20231216_NEW_FUL,2023_24,2023-12-16,NEW,FUL,1,0.5567010309278351,1.72,0.6782891305215849,0.0,1.0,0.5567010309278351
2023_24_20231217_ARS_BRI,2023_24,2023-12-17,ARS,BRI,0,0.598984771573604,1.58,0.743678303157703,0.0,1.0,0.598984771573604
2023_24_20231217_BRE_AVL,2023_24,2023-12-17,BRE,AVL,1,0.5633074935400517,1.69,0.5359901124943885,0.0,1.0,0.5633074935400517
2023_24_20231217_LIV_MUN,2023_24,2023-12-17,LIV,MUN,0,0.7197452229299364,1.32,0.5722590026567181,0.0,1.0,0.7197452229299364
2023_24_20231217_WHU_WOL,2023_24,2023-12-17,WHU,WOL,1,0.5039164490861618,1.9,0.6878729316519696,0.0,1.0,0.5039164490861618
2023_24_20231221_CRY_BRI,2023_24,2023-12-21,CRY,BRI,0,0.5,1.92,0.6157594152198135,0.0,1.0,0.5
2023_24_20231222_AVL_SHU,2023_24,2023-12-22,AVL,SHU,0,0.6523809523809524,1.46,0.8638780254047533,0.0,1.0,0.6523809523809524
2023_24_20231223_FUL_BUR,2023_24,2023-12-23,FUL,BUR,0,0.5130208333333333,1.87,0.7107678920163263,0.0,1.0,0.5130208333333333
2023_24_20231223_LIV_ARS,2023_24,2023-12-23,LIV,ARS,0,0.5655526992287918,1.69,0.4689149675613657,0.0,1.0,0.5655526992287918
2023_24_20231223_LUT_NEW,2023_24,2023-12-23,LUT,NEW,0,0.5378590078328982,1.77,0.6762439065345984,0.0,1.0,0.5378590078328982
2023_24_20231223_NFO_BOU,2023_24,2023-12-23,NFO,BOU,1,0.5078125,1.89,0.5814989470379297,0.0,1.0,0.5078125
2023_24_20231223_TOT_EVE,2023_24,2023-12-23,TOT,EVE,1,0.6169154228855721,1.54,0.6056337717116127,0.0,1.0,0.6169154228855721
2023_24_20231223_WHU_MUN,2023_24,2023-12-23,WHU,MUN,0,0.5692307692307692,1.68,0.5462070806700745,0.0,1.0,0.5692307692307692
2023_24_20231224_WOL_CHE,2023_24,2023-12-24,WOL,CHE,1,0.5246753246753246,1.83,0.6543584826215264,0.0,1.0,0.5246753246753246
2023_24_20231226_BOU_FUL,2023_24,2023-12-26,BOU,FUL,1,0.5416666666666667,1.76,0.7169426382496704,0.0,1.0,0.5416666666666667
2023_24_20231226_BUR_LIV,2023_24,2023-12-26,BUR,LIV,0,0.65311004784689,1.45,0.6219946748312347,0.0,1.0,0.65311004784689
2023_24_20231226_MUN_AVL,2023_24,2023-12-26,MUN,AVL,1,0.5883838383838383,1.63,0.4660663877253728,0.0,1.0,0.5883838383838383
2023_24_20231226_NEW_NFO,2023_24,2023-12-26,NEW,NFO,1,0.531578947368421,1.78,0.7040675553580007,0.0,1.0,0.531578947368421
2023_24_20231226_SHU_LUT,2023_24,2023-12-26,SHU,LUT,1,0.4533678756476684,2.11,0.4724941009409764,0.0,1.0,0.4533678756476684
2023_24_20231227_BRE_WOL,2023_24,2023-12-27,BRE,WOL,1,0.4856396866840731,1.97,0.5264782696842658,0.0,1.0,0.4856396866840731
2023_24_20231227_CHE_CRY,2023_24,2023-12-27,CHE,CRY,1,0.5065274151436031,1.89,0.5092909701046993,0.0,1.0,0.5065274151436031
2023_24_20231227_EVE_MCI,2023_24,2023-12-27,EVE,MCI,1,0.548051948051948,1.74,0.5348225688797701,0.0,1.0,0.548051948051948
2023_24_20231228_ARS_WHU,2023_24,2023-12-28,ARS,WHU,0,0.6030150753768844,1.58,0.6175736511037624,0.0,1.0,0.6030150753768844
2023_24_20231228_BRI_TOT,2023_24,2023-12-28,BRI,TOT,1,0.6555819477434679,1.45,0.7448943416248706,0.0,1.0,0.6555819477434679
2023_24_20231230_AVL_BUR,2023_24,2023-12-30,AVL,BUR,1,0.6074999999999999,1.57,0.6806038985627004,0.0,1.0,0.6074999999999999
2023_24_20231230_CRY_BRE,2023_24,2023-12-30,CRY,BRE,1,0.440721649484536,2.17,0.3847956176247755,0.0,1.0,0.440721649484536
2023_24_20231230_LUT_CHE,2023_24,2023-12-30,LUT,CHE,1,0.5776081424936387,1.66,0.5770748580810998,0.0,1.0,0.5776081424936387
2023_24_20231230_MCI_SHU,2023_24,2023-12-30,MCI,SHU,0,0.7215189873417721,1.32,0.8251458913875208,0.0,1.0,0.7215189873417721
2023_24_20231230_NFO_MUN,2023_24,2023-12-30,NFO,MUN,1,0.5440414507772021,1.76,0.3644395233555261,0.0,1.0,0.5440414507772021
2023_24_20231230_WOL_EVE,2023_24,2023-12-30,WOL,EVE,1,0.4713541666666666,2.03,0.4597706245059154,0.0,1.0,0.4713541666666666
2023_24_20231231_FUL_ARS,2023_24,2023-12-31,FUL,ARS,1,0.5440414507772021,1.76,0.5001388347203429,0.0,1.0,0.5440414507772021
2023_24_20231231_TOT_BOU,2023_24,2023-12-31,TOT,BOU,1,0.6788990825688074,1.4,0.7423873982423912,0.0,1.0,0.6788990825688074
2023_24_20240101_LIV_NEW,2023_24,2024-01-01,LIV,NEW,1,0.657210401891253,1.45,0.5074077034369362,0.0,1.0,0.657210401891253
2023_24_20240102_WHU_BRI,2023_24,2024-01-02,WHU,BRI,0,0.5909090909090909,1.62,0.7045759865646064,0.0,1.0,0.5909090909090909
2023_24_20240112_BUR_LUT,2023_24,2024-01-12,BUR,LUT,0,0.4947368421052631,1.92,0.5516550008630663,0.0,1.0,0.4947368421052631
2023_24_20240113_CHE_FUL,2023_24,2024-01-13,CHE,FUL,0,0.583756345177665,1.64,0.6536926585091941,0.0,1.0,0.583756345177665
2023_24_20240113_NEW_MCI,2023_24,2024-01-13,NEW,MCI,1,0.5934343434343434,1.61,0.6630298854745451,0.0,1.0,0.5934343434343434
2023_24_20240114_EVE_AVL,2023_24,2024-01-14,EVE,AVL,0,0.5592783505154639,1.71,0.5131076723135978,0.0,1.0,0.5592783505154639
2023_24_20240114_MUN_TOT,2023_24,2024-01-14,MUN,TOT,1,0.649164677804296,1.47,0.5592570290014982,0.0,1.0,0.649164677804296
2023_24_20240120_ARS_CRY,2023_24,2024-01-20,ARS,CRY,1,0.5454545454545455,1.75,0.4946532108391578,0.0,1.0,0.5454545454545455
2023_24_20240120_BRE_NFO,2023_24,2024-01-20,BRE,NFO,1,0.5208333333333334,1.84,0.5423824306320446,0.0,1.0,0.5208333333333334
2023_24_20240121_BOU_LIV,2023_24,2024-01-21,BOU,LIV,1,0.6457831325301205,1.47,0.5748136394418538,0.0,1.0,0.6457831325301205
2023_24_20240121_SHU_WHU,2023_24,2024-01-21,SHU,WHU,1,0.4661458333333333,2.05,0.5575735947280125,0.0,1.0,0.4661458333333333
2023_24_20240122_BRI_WOL,2023_24,2024-01-22,BRI,WOL,0,0.5841836734693877,1.63,0.6397298674623346,0.0,1.0,0.5841836734693877
2023_24_20240130_AVL_NEW,2023_24,2024-01-30,AVL,NEW,1,0.6299019607843138,1.51,0.6672042495622212,0.0,1.0,0.6299019607843138
2023_24_20240130_CRY_SHU,2023_24,2024-01-30,CRY,SHU,1,0.4585492227979275,2.09,0.4641525343197592,0.0,1.0,0.4585492227979275
2023_24_20240130_FUL_EVE,2023_24,2024-01-30,FUL,EVE,0,0.4699738903394256,2.03,0.3993757359687668,0.0,1.0,0.4699738903394256
2023_24_20240130_LUT_BRI,2023_24,2024-01-30,LUT,BRI,1,0.5801526717557253,1.65,0.6197300259223824,0.0,1.0,0.5801526717557253
2023_24_20240130_NFO_ARS,2023_24,2024-01-30,NFO,ARS,1,0.5812182741116751,1.65,0.5289158911916191,0.0,1.0,0.5812182741116751
2023_24_20240131_LIV_CHE,2023_24,2024-01-31,LIV,CHE,1,0.6563981042654028,1.45,0.6286060319190352,0.0,1.0,0.6563981042654028
2023_24_20240131_MCI_BUR,2023_24,2024-01-31,MCI,BUR,1,0.7118279569892474,1.34,0.7936761827326846,0.0,1.0,0.7118279569892474
2023_24_20240131_TOT_BRE,2023_24,2024-01-31,TOT,BRE,1,0.6332518337408313,1.5,0.730254993190121,0.0,1.0,0.6332518337408313
2023_24_20240201_WHU_BOU,2023_24,2024-02-01,WHU,BOU,0,0.5790816326530612,1.65,0.6698279033848102,0.0,1.0,0.5790816326530612
2023_24_20240201_WOL_MUN,2023_24,2024-02-01,WOL,MUN,1,0.5428571428571429,1.76,0.426424311496784,0.0,1.0,0.5428571428571429
2023_24_20240203_BRI_CRY,2023_24,2024-02-03,BRI,CRY,1,0.5529715762273902,1.73,0.5461637210314396,0.0,1.0,0.5529715762273902
2023_24_20240203_BUR_FUL,2023_24,2024-02-03,BUR,FUL,1,0.4960835509138382,1.93,0.4286092910793555,0.0,1.0,0.4960835509138382
2023_24_20240203_EVE_TOT,2023_24,2024-02-03,EVE,TOT,1,0.5826972010178116,1.64,0.4654600252571004,0.0,1.0,0.5826972010178116
2023_24_20240203_NEW_LUT,2023_24,2024-02-03,NEW,LUT,1,0.6059850374064838,1.58,0.6568120325048609,0.0,1.0,0.6059850374064838
2023_24_20240203_SHU_AVL,2023_24,2024-02-03,SHU,AVL,1,0.5862944162436549,1.63,0.5700462813163367,0.0,1.0,0.5862944162436549
2023_24_20240204_ARS_LIV,2023_24,2024-02-04,ARS,LIV,1,0.5717948717948719,1.67,0.3632862162442167,0.0,1.0,0.5717948717948719
2023_24_20240204_BOU_NFO,2023_24,2024-02-04,BOU,NFO,0,0.578005115089514,1.65,0.5200007662813457,0.0,1.0,0.578005115089514
2023_24_20240204_CHE_WOL,2023_24,2024-02-04,CHE,WOL,1,0.5644329896907216,1.69,0.5429302948448794,0.0,1.0,0.5644329896907216
2023_24_20240204_MUN_WHU,2023_24,2024-02-04,MUN,WHU,1,0.589873417721519,1.62,0.4147712357481337,0.0,1.0,0.589873417721519
2023_24_20240205_BRE_MCI,2023_24,2024-02-05,BRE,MCI,1,0.606516290726817,1.57,0.6087094266084588,0.0,1.0,0.606516290726817
2023_24_20240210_FUL_BOU,2023_24,2024-02-10,FUL,BOU,1,0.5492227979274612,1.74,0.4690466836248389,0.0,1.0,0.5492227979274612
2023_24_20240210_LIV_BUR,2023_24,2024-02-10,LIV,BUR,1,0.7170212765957447,1.33,0.6418075972982469,0.0,1.0,0.7170212765957447
2023_24_20240210_LUT_SHU,2023_24,2024-02-10,LUT,SHU,1,0.5246753246753246,1.83,0.6140713564036796,0.0,1.0,0.5246753246753246
2023_24_20240210_MCI_EVE,2023_24,2024-02-10,MCI,EVE,0,0.6587677725118484,1.44,0.4717838186368019,0.0,1.0,0.6587677725118484
2023_24_20240210_NFO_NEW,2023_24,2024-02-10,NFO,NEW,1,0.5581395348837209,1.71,0.5858885072725485,0.0,1.0,0.5581395348837209
2023_24_20240210_TOT_BRI,2023_24,2024-02-10,TOT,BRI,1,0.6863636363636364,1.38,0.6636210549873941,0.0,1.0,0.6863636363636364
2023_24_20240210_WOL_BRE,2023_24,2024-02-10,WOL,BRE,0,0.5428571428571429,1.76,0.570766099701137,0.0,1.0,0.5428571428571429
2023_24_20240211_AVL_MUN,2023_24,2024-02-11,AVL,MUN,1,0.6134663341645885,1.55,0.5004694178347767,0.0,1.0,0.6134663341645885
2023_24_20240211_WHU_ARS,2023_24,2024-02-11,WHU,ARS,1,0.570694087403599,1.67,0.4407991922095021,0.0,1.0,0.570694087403599
2023_24_20240212_CRY_CHE,2023_24,2024-02-12,CRY,CHE,1,0.5221932114882506,1.83,0.50953074130678,0.0,1.0,0.5221932114882506
2023_24_20240217_BRE_LIV,2023_24,2024-02-17,BRE,LIV,1,0.635036496350365,1.5,0.560529748866215,0.0,1.0,0.635036496350365
2023_24_20240217_BUR_ARS,2023_24,2024-02-17,BUR,ARS,1,0.5969773299748111,1.6,0.5919152190873428,0.0,1.0,0.5969773299748111
2023_24_20240217_FUL_AVL,2023_24,2024-02-17,FUL,AVL,1,0.589873417721519,1.62,0.5559693665992791,0.0,1.0,0.589873417721519
2023_24_20240217_MCI_CHE,2023_24,2024-02-17,MCI,CHE,0,0.6515513126491647,1.46,0.6275900125942444,0.0,1.0,0.6515513126491647
2023_24_20240217_NEW_BOU,2023_24,2024-02-17,NEW,BOU,1,0.6457831325301205,1.47,0.6666685146408086,0.0,1.0,0.6457831325301205
2023_24_20240217_NFO_WHU,2023_24,2024-02-17,NFO,WHU,0,0.5182291666666667,1.85,0.520962506496721,0.0,1.0,0.5182291666666667
2023_24_20240217_TOT_WOL,2023_24,2024-02-17,TOT,WOL,1,0.6635294117647058,1.43,0.6239579555408123,0.0,1.0,0.6635294117647058
2023_24_20240218_LUT_MUN,2023_24,2024-02-18,LUT,MUN,1,0.6040100250626567,1.58,0.515249871239228,0.0,1.0,0.6040100250626567
2023_24_20240218_SHU_BRI,2023_24,2024-02-18,SHU,BRI,1,0.606516290726817,1.57,0.6674875774830212,0.0,1.0,0.606516290726817
2023_24_20240219_EVE_CRY,2023_24,2024-02-19,EVE,CRY,0,0.4404145077720207,2.16,0.3196557885248967,0.0,1.0,0.4404145077720207
2023_24_20240220_MCI_BRE,2023_24,2024-02-20,MCI,BRE,0,0.7086956521739131,1.34,0.6172009566037572,0.0,1.0,0.7086956521739131
2023_24_20240221_LIV_LUT,2023_24,2024-02-21,LIV,LUT,1,0.7297297297297297,1.3,0.6768815170568138,0.0,1.0,0.7297297297297297
2023_24_20240224_ARS_NEW,2023_24,2024-02-24,ARS,NEW,1,0.6433734939759036,1.48,0.6463455365158253,0.0,1.0,0.6433734939759036
2023_24_20240224_AVL_NFO,2023_24,2024-02-24,AVL,NFO,1,0.606516290726817,1.57,0.5722586499358131,0.0,1.0,0.606516290726817
2023_24_20240224_BOU_MCI,2023_24,2024-02-24,BOU,MCI,0,0.639225181598063,1.49,0.6116486488753,0.0,1.0,0.639225181598063
2023_24_20240224_BRI_EVE,2023_24,2024-02-24,BRI,EVE,0,0.5728900255754477,1.67,0.4122642593776089,0.0,1.0,0.5728900255754477
2023_24_20240224_CRY_BUR,2023_24,2024-02-24,CRY,BUR,1,0.4507772020725388,2.12,0.4440626098548379,0.0,1.0,0.4507772020725388
2023_24_20240224_MUN_FUL,2023_24,2024-02-24,MUN,FUL,1,0.6074999999999999,1.57,0.4340669768260108,0.0,1.0,0.6074999999999999
2023_24_20240225_WOL_SHU,2023_24,2024-02-25,WOL,SHU,0,0.5765306122448979,1.66,0.6159879447740888,0.0,1.0,0.5765306122448979
2023_24_20240226_WHU_BRE,2023_24,2024-02-26,WHU,BRE,1,0.5520833333333334,1.72,0.5470170081217146,0.0,1.0,0.5520833333333334
2023_24_20240302_BRE_CHE,2023_24,2024-03-02,BRE,CHE,1,0.6169154228855721,1.54,0.6148183837537076,0.0,1.0,0.6169154228855721
2023_24_20240302_EVE_WHU,2023_24,2024-03-02,EVE,WHU,1,0.5104712041884817,1.87,0.3755336602411891,0.0,1.0,0.5104712041884817
2023_24_20240302_FUL_BRI,2023_24,2024-03-02,FUL,BRI,1,0.5848101265822784,1.64,0.5546191686084482,0.0,1.0,0.5848101265822784
2023_24_20240302_LUT_AVL,2023_24,2024-03-02,LUT,AVL,1,0.6515513126491647,1.46,0.6872447090331524,0.0,1.0,0.6515513126491647
2023_24_20240302_NEW_WOL,2023_24,2024-03-02,NEW,WOL,1,0.6005025125628142,1.59,0.6467496264505448,0.0,1.0,0.6005025125628142
2023_24_20240302_NFO_LIV,2023_24,2024-03-02,NFO,LIV,0,0.6416464891041161,1.48,0.6220194456691766,0.0,1.0,0.6416464891041161
2023_24_20240302_TOT_CRY,2023_24,2024-03-02,TOT,CRY,1,0.62,1.52,0.6201924456576009,0.0,1.0,0.62
2023_24_20240303_BUR_BOU,2023_24,2024-03-03,BUR,BOU,0,0.5604113110539846,1.71,0.5104948165039009,0.0,1.0,0.5604113110539846
2023_24_20240303_MCI_MUN,2023_24,2024-03-03,MCI,MUN,1,0.6877828054298643,1.38,0.499562477406031,0.0,1.0,0.6877828054298643
2023_24_20240304_SHU_ARS,2023_24,2024-03-04,SHU,ARS,1,0.667447306791569,1.42,0.747148415268669,0.0,1.0,0.667447306791569
2023_24_20240309_ARS_BRE,2023_24,2024-03-09,ARS,BRE,1,0.6587677725118484,1.44,0.6770825855316993,0.0,1.0,0.6587677725118484
2023_24_20240309_BOU_SHU,2023_24,2024-03-09,BOU,SHU,1,0.6222222222222222,1.53,0.5448932281794043,0.0,1.0,0.6222222222222222
2023_24_20240309_CRY_LUT,2023_24,2024-03-09,CRY,LUT,0,0.5338541666666666,1.79,0.5643840044030181,0.0,1.0,0.5338541666666666
2023_24_20240309_MUN_EVE,2023_24,2024-03-09,MUN,EVE,0,0.5703324808184143,1.68,0.3248835727816643,0.0,1.0,0.5703324808184143
2023_24_20240309_WOL_FUL,2023_24,2024-03-09,WOL,FUL,1,0.5052083333333333,1.9,0.5000727276162995,0.0,1.0,0.5052083333333333
2023_24_20240310_AVL_TOT,2023_24,2024-03-10,AVL,TOT,1,0.701098901098901,1.36,0.7061491795697317,0.0,1.0,0.701098901098901
2023_24_20240310_BRI_NFO,2023_24,2024-03-10,BRI,NFO,0,0.5888324873096447,1.62,0.595566506200091,0.0,1.0,0.5888324873096447
2023_24_20240310_LIV_MCI,2023_24,2024-03-10,LIV,MCI,0,0.6332518337408313,1.5,0.5020004082924143,0.0,1.0,0.6332518337408313
2023_24_20240310_WHU_BUR,2023_24,2024-03-10,WHU,BUR,1,0.5555555555555556,1.72,0.5950926869877732,0.0,1.0,0.5555555555555556
2023_24_20240311_CHE_NEW,2023_24,2024-03-11,CHE,NEW,1,0.6498800959232613,1.46,0.7408502801445638,0.0,1.0,0.6498800959232613
2023_24_20240313_BOU_LUT,2023_24,2024-03-13,BOU,LUT,1,0.6483253588516746,1.47,0.6177057325720717,0.0,1.0,0.6483253588516746
2023_24_20240316_BUR_BRE,2023_24,2024-03-16,BUR,BRE,1,0.5454545454545455,1.75,0.5415145547798412,0.0,1.0,0.5454545454545455
2023_24_20240316_FUL_TOT,2023_24,2024-03-16,FUL,TOT,1,0.637469586374696,1.49,0.6072836579989087,0.0,1.0,0.637469586374696
2023_24_20240316_LUT_NFO,2023_24,2024-03-16,LUT,NFO,0,0.5692307692307692,1.68,0.5877820030062761,0.0,1.0,0.5692307692307692
2023_24_20240317_WHU_AVL,2023_24,2024-03-17,WHU,AVL,0,0.61,1.56,0.6736549080695267,0.0,1.0,0.61
2023_24_20240330_AVL_WOL,2023_24,2024-03-30,AVL,WOL,0,0.61,1.56,0.6227420073617329,0.0,1.0,0.61
2023_24_20240330_BOU_EVE,2023_24,2024-03-30,BOU,EVE,1,0.5518134715025906,1.73,0.4313367236210295,0.0,1.0,0.5518134715025906
2023_24_20240330_BRE_MUN,2023_24,2024-03-30,BRE,MUN,0,0.6169154228855721,1.54,0.535725029693997,0.0,1.0,0.6169154228855721
2023_24_20240330_CHE_BUR,2023_24,2024-03-30,CHE,BUR,1,0.6433734939759036,1.48,0.6778402862952007,0.0,1.0,0.6433734939759036
2023_24_20240330_NEW_WHU,2023_24,2024-03-30,NEW,WHU,1,0.6317073170731708,1.51,0.7434591751276365,0.0,1.0,0.6317073170731708
2023_24_20240330_NFO_CRY,2023_24,2024-03-30,NFO,CRY,0,0.4571428571428572,2.09,0.4425335256115723,0.0,1.0,0.4571428571428572
2023_24_20240330_SHU_FUL,2023_24,2024-03-30,SHU,FUL,1,0.5692307692307692,1.68,0.5780823760691677,0.0,1.0,0.5692307692307692
2023_24_20240330_TOT_LUT,2023_24,2024-03-30,TOT,LUT,1,0.7591522157996148,1.25,0.7559666669819004,0.0,1.0,0.7591522157996148
2023_24_20240331_LIV_BRI,2023_24,2024-03-31,LIV,BRI,1,0.6991150442477876,1.36,0.5891387596698122,0.0,1.0,0.6991150442477876
2023_24_20240331_MCI_ARS,2023_24,2024-03-31,MCI,ARS,0,0.5492227979274612,1.74,0.4764333333433328,0.0,1.0,0.5492227979274612
2023_24_20240402_BOU_CRY,2023_24,2024-04-02,BOU,CRY,0,0.5567010309278351,1.72,0.5561710404212814,0.0,1.0,0.5567010309278351
2023_24_20240402_BUR_WOL,2023_24,2024-04-02,BUR,WOL,0,0.5286458333333333,1.81,0.5550926470424314,0.0,1.0,0.5286458333333333
2023_24_20240402_NEW_EVE,2023_24,2024-04-02,NEW,EVE,0,0.5728900255754477,1.67,0.6024207978208873,0.0,1.0,0.5728900255754477
2023_24_20240402_NFO_FUL,2023_24,2024-04-02,NFO,FUL,1,0.5286458333333333,1.81,0.522719078996589,0.0,1.0,0.5286458333333333
2023_24_20240402_WHU_TOT,2023_24,2024-04-02,WHU,TOT,0,0.7071583514099783,1.35,0.7404476715740043,0.0,1.0,0.7071583514099783
2023_24_20240403_ARS_LUT,2023_24,2024-04-03,ARS,LUT,0,0.75390625,1.26,0.8011920403747281,0.0,1.0,0.75390625
2023_24_20240403_BRE_BRI,2023_24,2024-04-03,BRE,BRI,0,0.61,1.56,0.6469367915095002,0.0,1.0,0.61
2023_24_20240403_MCI_AVL,2023_24,2024-04-03,MCI,AVL,1,0.676605504587156,1.41,0.6501854251848591,0.0,1.0,0.676605504587156
2023_24_20240404_CHE_MUN,2023_24,2024-04-04,CHE,MUN,1,0.674364896073903,1.41,0.6302021321520312,0.0,1.0,0.674364896073903
2023_24_20240404_LIV_SHU,2023_24,2024-04-04,LIV,SHU,1,0.7909407665505226,1.2,0.877655961584852,0.0,1.0,0.7909407665505226
2023_24_20240406_AVL_BRE,2023_24,2024-04-06,AVL,BRE,1,0.6274509803921569,1.52,0.713991926090925,0.0,1.0,0.6274509803921569
2023_24_20240406_BRI_ARS,2023_24,2024-04-06,BRI,ARS,1,0.5873417721518986,1.63,0.5203273968910397,0.0,1.0,0.5873417721518986
2023_24_20240406_CRY_MCI,2023_24,2024-04-06,CRY,MCI,1,0.5754475703324808,1.66,0.5086731047933155,0.0,1.0,0.5754475703324808
2023_24_20240406_EVE_BUR,2023_24,2024-04-06,EVE,BUR,0,0.5364583333333334,1.78,0.3809805103362031,0.0,1.0,0.5364583333333334
2023_24_20240406_FUL_NEW,2023_24,2024-04-06,FUL,NEW,0,0.6416464891041161,1.48,0.6946690271676307,0.0,1.0,0.6416464891041161
2023_24_20240406_LUT_BOU,2023_24,2024-04-06,LUT,BOU,1,0.637469586374696,1.49,0.6660575670274893,0.0,1.0,0.637469586374696
2023_24_20240406_WOL_WHU,2023_24,2024-04-06,WOL,WHU,1,0.5402597402597403,1.77,0.6092461138568892,0.0,1.0,0.5402597402597403
2023_24_20240407_MUN_LIV,2023_24,2024-04-07,MUN,LIV,1,0.7080610021786492,1.34,0.5495346780471297,0.0,1.0,0.7080610021786492
2023_24_20240407_SHU_CHE,2023_24,2024-04-07,SHU,CHE,1,0.6781609195402298,1.4,0.7639412644463908,0.0,1.0,0.6781609195402298
2023_24_20240407_TOT_NFO,2023_24,2024-04-07,TOT,NFO,1,0.6697674418604651,1.42,0.6515701047709526,0.0,1.0,0.6697674418604651
2023_24_20240413_BOU_MUN,2023_24,2024-04-13,BOU,MUN,1,0.6651053864168619,1.43,0.5677196005668028,0.0,1.0,0.6651053864168619
2023_24_20240413_BRE_SHU,2023_24,2024-04-13,BRE,SHU,0,0.6265356265356266,1.52,0.6790987403299626,0.0,1.0,0.6265356265356266
2023_24_20240413_BUR_BRI,2023_24,2024-04-13,BUR,BRI,0,0.578005115089514,1.65,0.5433474414218846,0.0,1.0,0.578005115089514
2023_24_20240413_MCI_LUT,2023_24,2024-04-13,MCI,LUT,1,0.7495029821073559,1.26,0.7541420333211366,0.0,1.0,0.7495029821073559
2023_24_20240413_NEW_TOT,2023_24,2024-04-13,NEW,TOT,1,0.7004405286343612,1.36,0.7563546248726223,0.0,1.0,0.7004405286343612
2023_24_20240413_NFO_WOL,2023_24,2024-04-13,NFO,WOL,1,0.5221932114882506,1.83,0.4973835449609654,0.0,1.0,0.5221932114882506
2023_24_20240414_ARS_AVL,2023_24,2024-04-14,ARS,AVL,0,0.6425120772946861,1.48,0.6920806431007603,0.0,1.0,0.6425120772946861
2023_24_20240414_LIV_CRY,2023_24,2024-04-14,LIV,CRY,0,0.683371298405467,1.39,0.669569645050843,0.0,1.0,0.683371298405467
2023_24_20240414_WHU_FUL,2023_24,2024-04-14,WHU,FUL,0,0.5765306122448979,1.66,0.6062187444898814,0.0,1.0,0.5765306122448979
2023_24_20240415_CHE_EVE,2023_24,2024-04-15,CHE,EVE,1,0.6169154228855721,1.54,0.5217829591618186,0.0,1.0,0.6169154228855721
2023_24_20240420_LUT_BRE,2023_24,2024-04-20,LUT,BRE,1,0.6090225563909775,1.56,0.6573910323509495,0.0,1.0,0.6090225563909775
2023_24_20240420_SHU_BUR,2023_24,2024-04-20,SHU,BUR,1,0.5754475703324808,1.66,0.5212824896820373,0.0,1.0,0.5754475703324808
2023_24_20240420_WOL_ARS,2023_24,2024-04-20,WOL,ARS,0,0.5888324873096447,1.62,0.5241345449928276,0.0,1.0,0.5888324873096447
2023_24_20240421_AVL_BOU,2023_24,2024-04-21,AVL,BOU,1,0.6579572446555819,1.44,0.6804702587718483,0.0,1.0,0.6579572446555819
2023_24_20240421_CRY_WHU,2023_24,2024-04-21,CRY,WHU,1,0.5326370757180157,1.79,0.5266785278260382,0.0,1.0,0.5326370757180157
2023_24_20240421_EVE_NFO,2023_24,2024-04-21,EVE,NFO,0,0.5104712041884817,1.87,0.3405729894090359,0.0,1.0,0.5104712041884817
2023_24_20240421_FUL_LIV,2023_24,2024-04-21,FUL,LIV,1,0.6736111111111112,1.41,0.4854796878460155,0.0,1.0,0.6736111111111112
2023_24_20240423_ARS_CHE,2023_24,2024-04-23,ARS,CHE,1,0.6231527093596059,1.53,0.6606976726215853,0.0,1.0,0.6231527093596059
2023_24_20240424_CRY_NEW,2023_24,2024-04-24,CRY,NEW,0,0.5934343434343434,1.61,0.6189965969430612,0.0,1.0,0.5934343434343434
2023_24_20240424_EVE_LIV,2023_24,2024-04-24,EVE,LIV,0,0.628992628992629,1.51,0.3988376715059143,0.0,1.0,0.628992628992629
2023_24_20240424_MUN_SHU,2023_24,2024-04-24,MUN,SHU,1,0.7004405286343612,1.36,0.7126439767219322,0.0,1.0,0.7004405286343612
2023_24_20240424_WOL_BOU,2023_24,2024-04-24,WOL,BOU,0,0.5743589743589743,1.66,0.5564055692452684,0.0,1.0,0.5743589743589743
2023_24_20240425_BRI_MCI,2023_24,2024-04-25,BRI,MCI,1,0.6383495145631067,1.49,0.5390389616287303,0.0,1.0,0.6383495145631067
2023_24_20240427_AVL_CHE,2023_24,2024-04-27,AVL,CHE,1,0.6579572446555819,1.44,0.7501521725084027,0.0,1.0,0.6579572446555819
2023_24_20240427_EVE_BRE,2023_24,2024-04-27,EVE,BRE,0,0.5234374999999999,1.83,0.4076221285656987,0.0,1.0,0.5234374999999999
2023_24_20240427_FUL_CRY,2023_24,2024-04-27,FUL,CRY,0,0.5618556701030928,1.7,0.5026636776739828,0.0,1.0,0.5618556701030928
2023_24_20240427_MUN_BUR,2023_24,2024-04-27,MUN,BUR,0,0.6984478935698448,1.36,0.6093721517231678,0.0,1.0,0.6984478935698448
2023_24_20240427_NEW_SHU,2023_24,2024-04-27,NEW,SHU,1,0.7133620689655172,1.33,0.853750703830039,0.0,1.0,0.7133620689655172
2023_24_20240427_WHU_LIV,2023_24,2024-04-27,WHU,LIV,1,0.6935123042505593,1.37,0.6168694209499248,0.0,1.0,0.6935123042505593
2023_24_20240427_WOL_LUT,2023_24,2024-04-27,WOL,LUT,1,0.5862944162436549,1.63,0.6222548436927768,0.0,1.0,0.5862944162436549
2023_24_20240428_BOU_BRI,2023_24,2024-04-28,BOU,BRI,1,0.6457831325301205,1.47,0.5698770511144399,0.0,1.0,0.6457831325301205
2023_24_20240428_NFO_MCI,2023_24,2024-04-28,NFO,MCI,0,0.6203473945409429,1.53,0.5748283741471862,0.0,1.0,0.6203473945409429
2023_24_20240428_TOT_ARS,2023_24,2024-04-28,TOT,ARS,1,0.6399026763990268,1.48,0.5913218699565861,0.0,1.0,0.6399026763990268
2023_24_20240502_CHE_TOT,2023_24,2024-05-02,CHE,TOT,0,0.7242105263157894,1.31,0.7660103763997166,0.0,1.0,0.7242105263157894
2023_24_20240503_LUT_EVE,2023_24,2024-05-03,LUT,EVE,0,0.5492227979274612,1.74,0.4551757312198432,0.0,1.0,0.5492227979274612
2023_24_20240504_ARS_BOU,2023_24,2024-05-04,ARS,BOU,1,0.7067833698030634,1.34,0.6934387047199453,0.0,1.0,0.7067833698030634
2023_24_20240504_BRE_FUL,2023_24,2024-05-04,BRE,FUL,0,0.5994962216624685,1.59,0.5729330656419029,0.0,1.0,0.5994962216624685
2023_24_20240504_BUR_NEW,2023_24,2024-05-04,BUR,NEW,1,0.6407766990291263,1.48,0.7031843581080792,0.0,1.0,0.6407766990291263
2023_24_20240504_MCI_WOL,2023_24,2024-05-04,MCI,WOL,1,0.7302904564315352,1.3,0.6560815910053766,0.0,1.0,0.7302904564315352
2023_24_20240504_SHU_NFO,2023_24,2024-05-04,SHU,NFO,1,0.6074999999999999,1.57,0.5833986133842364,0.0,1.0,0.6074999999999999
2023_24_20240505_BRI_AVL,2023_24,2024-05-05,BRI,AVL,0,0.6399026763990268,1.48,0.6289533978416495,0.0,1.0,0.6399026763990268
2023_24_20240505_CHE_WHU,2023_24,2024-05-05,CHE,WHU,1,0.676674364896074,1.4,0.7751846261542235,0.0,1.0,0.676674364896074
2023_24_20240505_LIV_TOT,2023_24,2024-05-05,LIV,TOT,1,0.7519685039370079,1.26,0.6988650986915683,0.0,1.0,0.7519685039370079
2023_24_20240506_CRY_MUN,2023_24,2024-05-06,CRY,MUN,1,0.6184538653366584,1.53,0.5138507671212861,0.0,1.0,0.6184538653366584
2023_24_20240511_BOU_BRE,2023_24,2024-05-11,BOU,BRE,1,0.6498800959232613,1.46,0.5953211865866977,0.0,1.0,0.6498800959232613
2023_24_20240511_EVE_SHU,2023_24,2024-05-11,EVE,SHU,0,0.6169154228855721,1.54,0.5519518420244787,0.0,1.0,0.6169154228855721
2023_24_20240511_FUL_MCI,2023_24,2024-05-11,FUL,MCI,1,0.7035398230088495,1.34,0.5283625340915956,0.0,1.0,0.7035398230088495
2023_24_20240511_NEW_BRI,2023_24,2024-05-11,NEW,BRI,0,0.7139784946236559,1.33,0.7011191649460756,0.0,1.0,0.7139784946236559
2023_24_20240511_NFO_CHE,2023_24,2024-05-11,NFO,CHE,1,0.6407766990291263,1.48,0.6465323658015261,0.0,1.0,0.6407766990291263
2023_24_20240511_TOT_BUR,2023_24,2024-05-11,TOT,BUR,1,0.7655954631379962,1.24,0.7322176391865237,0.0,1.0,0.7655954631379962
2023_24_20240511_WHU_LUT,2023_24,2024-05-11,WHU,LUT,1,0.6666666666666666,1.42,0.726110554241658,0.0,1.0,0.6666666666666666
2023_24_20240511_WOL_CRY,2023_24,2024-05-11,WOL,CRY,1,0.5326370757180157,1.79,0.4998030272550777,0.0,1.0,0.5326370757180157
2023_24_20240512_MUN_ARS,2023_24,2024-05-12,MUN,ARS,0,0.6928251121076232,1.37,0.5507188278066295,0.0,1.0,0.6928251121076232
2023_24_20240513_AVL_LIV,2023_24,2024-05-13,AVL,LIV,1,0.7114967462039045,1.33,0.6251476636261911,0.0,1.0,0.7114967462039045
2023_24_20240514_TOT_MCI,2023_24,2024-05-14,TOT,MCI,0,0.7490118577075099,1.27,0.6596941181740177,0.0,1.0,0.7490118577075099
2023_24_20240515_BRI_CHE,2023_24,2024-05-15,BRI,CHE,1,0.6803652968036529,1.4,0.6440486901880207,0.0,1.0,0.6803652968036529
2023_24_20240515_MUN_NEW,2023_24,2024-05-15,MUN,NEW,1,0.7145922746781115,1.33,0.6604748762972852,0.0,1.0,0.7145922746781115
2023_24_20240519_ARS_EVE,2023_24,2024-05-19,ARS,EVE,1,0.6877828054298643,1.38,0.4482449614466364,0.0,1.0,0.6877828054298643
2023_24_20240519_BRE_NEW,2023_24,2024-05-19,BRE,NEW,1,0.6877828054298643,1.38,0.6720805948855356,0.0,1.0,0.6877828054298643
2023_24_20240519_BRI_MUN,2023_24,2024-05-19,BRI,MUN,0,0.7191489361702128,1.32,0.5017000333341436,0.0,1.0,0.7191489361702128
2023_24_20240519_BUR_NFO,2023_24,2024-05-19,BUR,NFO,1,0.6280788177339901,1.51,0.5006334502332513,0.0,1.0,0.6280788177339901
2023_24_20240519_CHE_BOU,2023_24,2024-05-19,CHE,BOU,1,0.7449799196787148,1.27,0.6934136889588058,0.0,1.0,0.7449799196787148
2023_24_20240519_CRY_AVL,2023_24,2024-05-19,CRY,AVL,1,0.6804597701149425,1.39,0.6042532231162033,0.0,1.0,0.6804597701149425
2023_24_20240519_LIV_WOL,2023_24,2024-05-19,LIV,WOL,0,0.7761467889908258,1.22,0.6444828358506594,0.0,1.0,0.7761467889908258
2023_24_20240519_LUT_FUL,2023_24,2024-05-19,LUT,FUL,1,0.6571428571428571,1.44,0.5738860916821481,0.0,1.0,0.6571428571428571
2023_24_20240519_MCI_WHU,2023_24,2024-05-19,MCI,WHU,1,0.7876106194690266,1.2,0.7441663791588572,0.0,1.0,0.7876106194690266
2023_24_20240519_SHU_TOT,2023_24,2024-05-19,SHU,TOT,1,0.7723880597014926,1.22,0.7254626522848076,0.0,1.0,0.7723880597014926
2024_25_20240817_IPS_LIV,2024_25,2024-08-17,IPS,LIV,0,0.6758620689655173,1.41,0.3288188202619079,0.0,1.0,0.6758620689655173
2024_25_20240817_NEW_SOU,2024_25,2024-08-17,NEW,SOU,0,0.6825396825396824,1.4,0.327381683919834,0.0,1.0,0.6825396825396824
2024_25_20240817_NFO_BOU,2024_25,2024-08-17,NFO,BOU,0,0.5402597402597403,1.77,0.2692299442945318,0.0,1.0,0.5402597402597403
2024_25_20240817_WHU_AVL,2024_25,2024-08-17,WHU,AVL,1,0.6074999999999999,1.57,0.2788935902534079,0.0,1.0,0.6074999999999999
2024_25_20240818_BRE_CRY,2024_25,2024-08-18,BRE,CRY,1,0.5286458333333333,1.81,0.3280352837870264,0.0,1.0,0.5286458333333333
2024_25_20240818_CHE_MCI,2024_25,2024-08-18,CHE,MCI,0,0.6332518337408313,1.5,0.3648514974008016,0.0,1.0,0.6332518337408313
2024_25_20240819_LEI_TOT,2024_25,2024-08-19,LEI,TOT,0,0.625615763546798,1.52,0.3596714120356457,0.0,1.0,0.625615763546798
2024_25_20240824_AVL_ARS,2024_25,2024-08-24,AVL,ARS,0,0.5518134715025906,1.73,0.3555285468872049,0.0,1.0,0.5518134715025906
2024_25_20240824_BRI_MUN,2024_25,2024-08-24,BRI,MUN,1,0.605,1.58,0.3521414831052321,0.0,1.0,0.605
2024_25_20240824_CRY_WHU,2024_25,2024-08-24,CRY,WHU,0,0.5440414507772021,1.76,0.3757072973698441,0.0,1.0,0.5440414507772021
2024_25_20240824_FUL_LEI,2024_25,2024-08-24,FUL,LEI,1,0.5130208333333333,1.87,0.3709254714639691,0.0,1.0,0.5130208333333333
2024_25_20240824_MCI_IPS,2024_25,2024-08-24,MCI,IPS,1,0.7329192546583851,1.29,0.3899889888255687,0.0,1.0,0.7329192546583851
2024_25_20240824_SOU_NFO,2024_25,2024-08-24,SOU,NFO,0,0.4869791666666667,1.97,0.4491491540687987,0.0,1.0,0.4869791666666667
2024_25_20240824_TOT_EVE,2024_25,2024-08-24,TOT,EVE,1,0.6280788177339901,1.51,0.4193093277461621,0.0,1.0,0.6280788177339901
2024_25_20240825_BOU_NEW,2024_25,2024-08-25,BOU,NEW,0,0.61,1.56,0.4510410396155733,0.0,1.0,0.61
2024_25_20240825_LIV_BRE,2024_25,2024-08-25,LIV,BRE,0,0.7032967032967032,1.35,0.442226231662577,0.0,1.0,0.7032967032967032
2024_25_20240825_WOL_CHE,2024_25,2024-08-25,WOL,CHE,1,0.5826972010178116,1.64,0.4343145978088299,0.0,1.0,0.5826972010178116
2024_25_20240831_ARS_BRI,2024_25,2024-08-31,ARS,BRI,0,0.6222222222222222,1.53,0.5264027605750227,0.0,1.0,0.6222222222222222
2024_25_20240831_BRE_SOU,2024_25,2024-08-31,BRE,SOU,1,0.5541237113402062,1.73,0.5144170744739381,0.0,1.0,0.5541237113402062
2024_25_20240831_EVE_BOU,2024_25,2024-08-31,EVE,BOU,1,0.5104712041884817,1.87,0.5331182187854377,0.0,1.0,0.5104712041884817
2024_25_20240831_IPS_FUL,2024_25,2024-08-31,IPS,FUL,0,0.5272727272727271,1.82,0.5635067716484263,0.0,1.0,0.5272727272727271
2024_25_20240831_LEI_AVL,2024_25,2024-08-31,LEI,AVL,1,0.5666666666666667,1.69,0.5509639810483157,0.0,1.0,0.5666666666666667
2024_25_20240831_NFO_WOL,2024_25,2024-08-31,NFO,WOL,0,0.5246753246753246,1.83,0.5524433925203491,0.0,1.0,0.5246753246753246
2024_25_20240831_WHU_MCI,2024_25,2024-08-31,WHU,MCI,1,0.6515513126491647,1.46,0.5410014743820538,0.0,1.0,0.6515513126491647
2024_25_20240901_CHE_CRY,2024_25,2024-09-01,CHE,CRY,0,0.6274509803921569,1.52,0.5554221221882752,0.0,1.0,0.6274509803921569
2024_25_20240901_MUN_LIV,2024_25,2024-09-01,MUN,LIV,1,0.6651053864168619,1.43,0.544402768829059,0.0,1.0,0.6651053864168619
2024_25_20240901_NEW_TOT,2024_25,2024-09-01,NEW,TOT,1,0.6898876404494382,1.38,0.5460950970688117,0.0,1.0,0.6898876404494382
2024_25_20240914_AVL_EVE,2024_25,2024-09-14,AVL,EVE,1,0.5717948717948719,1.67,0.5476643169369061,0.0,1.0,0.5717948717948719
2024_25_20240914_BOU_CHE,2024_25,2024-09-14,BOU,CHE,0,0.6555819477434679,1.45,0.5716432254738285,0.0,1.0,0.6555819477434679
2024_25_20240914_BRI_IPS,2024_25,2024-09-14,BRI,IPS,0,0.6119402985074627,1.56,0.5498087269771621,0.0,1.0,0.6119402985074627
2024_25_20240914_CRY_LEI,2024_25,2024-09-14,CRY,LEI,1,0.5440414507772021,1.76,0.5174350842789127,0.0,1.0,0.5440414507772021
2024_25_20240914_FUL_WHU,2024_25,2024-09-14,FUL,WHU,0,0.5567010309278351,1.72,0.5314449193548104,0.0,1.0,0.5567010309278351
2024_25_20240914_LIV_NFO,2024_25,2024-09-14,LIV,NFO,0,0.6736111111111112,1.41,0.5226415984286248,0.0,1.0,0.6736111111111112
2024_25_20240914_MCI_BRE,2024_25,2024-09-14,MCI,BRE,1,0.7045951859956237,1.35,0.5032829935558631,0.0,1.0,0.7045951859956237
2024_25_20240914_SOU_MUN,2024_25,2024-09-14,SOU,MUN,1,0.5944584382871536,1.61,0.5066863791035939,0.0,1.0,0.5944584382871536
2024_25_20240915_TOT_ARS,2024_25,2024-09-15,TOT,ARS,0,0.6040100250626567,1.58,0.5098814319742315,0.0,1.0,0.6040100250626567
2024_25_20240915_WOL_NEW,2024_25,2024-09-15,WOL,NEW,1,0.6129032258064515,1.56,0.4916531611097642,0.0,1.0,0.6129032258064515
2024_25_20240921_AVL_WOL,2024_25,2024-09-21,AVL,WOL,1,0.6040100250626567,1.58,0.4954553932772474,0.0,1.0,0.6040100250626567
2024_25_20240921_CRY_MUN,2024_25,2024-09-21,CRY,MUN,0,0.5989974937343359,1.6,0.5093652195093556,0.0,1.0,0.5989974937343359
2024_25_20240921_FUL_NEW,2024_25,2024-09-21,FUL,NEW,1,0.5692307692307692,1.68,0.4814426418769261,0.0,1.0,0.5692307692307692
2024_25_20240921_LEI_EVE,2024_25,2024-09-21,LEI,EVE,0,0.5156249999999999,1.86,0.4957932897457057,0.0,1.0,0.5156249999999999
2024_25_20240921_LIV_BOU,2024_25,2024-09-21,LIV,BOU,1,0.6964285714285715,1.36,0.4891592039830452,0.0,1.0,0.6964285714285715
2024_25_20240921_SOU_IPS,2024_25,2024-09-21,SOU,IPS,0,0.5378590078328982,1.77,0.4928577211882777,0.0,1.0,0.5378590078328982
2024_25_20240921_TOT_BRE,2024_25,2024-09-21,TOT,BRE,1,0.6643026004728132,1.42,0.4864593776301783,0.0,1.0,0.6643026004728132
2024_25_20240921_WHU_CHE,2024_25,2024-09-21,WHU,CHE,1,0.625615763546798,1.52,0.4999690475451142,0.0,1.0,0.625615763546798
2024_25_20240922_BRI_NFO,2024_25,2024-09-22,BRI,NFO,1,0.5246753246753246,1.83,0.5031039698281298,0.0,1.0,0.5246753246753246
2024_25_20240922_MCI_ARS,2024_25,2024-09-22,MCI,ARS,1,0.4739583333333334,2.02,0.5155151058045984,0.0,1.0,0.4739583333333334
2024_25_20240928_ARS_LEI,2024_25,2024-09-28,ARS,LEI,1,0.6311881188118812,1.49,0.3351857551616648,0.0,1.0,0.6311881188118812
2024_25_20240928_BRE_WHU,2024_25,2024-09-28,BRE,WHU,0,0.5776081424936387,1.66,0.4074573638676342,0.0,1.0,0.5776081424936387
2024_25_20240928_CHE_BRI,2024_25,2024-09-28,CHE,BRI,1,0.6323529411764707,1.5,0.5747578622163138,0.0,1.0,0.6323529411764707
2024_25_20240928_EVE_CRY,2024_25,2024-09-28,EVE,CRY,1,0.5130208333333333,1.87,0.3351084412117719,0.0,1.0,0.5130208333333333
2024_25_20240928_NEW_MCI,2024_25,2024-09-28,NEW,MCI,0,0.639225181598063,1.49,0.7578538268741314,0.0,1.0,0.639225181598063
2024_25_20240928_NFO_FUL,2024_25,2024-09-28,NFO,FUL,0,0.4805194805194806,2.0,0.2857455009356395,0.0,1.0,0.4805194805194806
2024_25_20240928_WOL_LIV,2024_25,2024-09-28,WOL,LIV,1,0.6563981042654028,1.45,0.4012586740610333,0.0,1.0,0.6563981042654028
2024_25_20240929_IPS_AVL,2024_25,2024-09-29,IPS,AVL,1,0.5529715762273902,1.73,0.5728080488591824,0.0,1.0,0.5529715762273902
2024_25_20240929_MUN_TOT,2024_25,2024-09-29,MUN,TOT,1,0.6689976689976691,1.42,0.2211721074495177,0.0,1.0,0.6689976689976691
2024_25_20240930_BOU_SOU,2024_25,2024-09-30,BOU,SOU,1,0.6356968215158926,1.49,0.3025994372851218,0.0,1.0,0.6356968215158926
2024_25_20241005_ARS_SOU,2024_25,2024-10-05,ARS,SOU,1,0.6971046770601336,1.36,0.5826213717152394,0.0,1.0,0.6971046770601336
2024_25_20241005_BRE_WOL,2024_25,2024-10-05,BRE,WOL,1,0.538860103626943,1.78,0.6729815165196591,0.0,1.0,0.538860103626943
2024_25_20241005_CRY_LIV,2024_25,2024-10-05,CRY,LIV,0,0.6015037593984962,1.59,0.319740358144584,0.0,1.0,0.6015037593984962
2024_25_20241005_EVE_NEW,2024_25,2024-10-05,EVE,NEW,0,0.5666666666666667,1.69,0.5683869380254298,0.0,1.0,0.5666666666666667
2024_25_20241005_LEI_BOU,2024_25,2024-10-05,LEI,BOU,0,0.5666666666666667,1.69,0.6009637183571178,0.0,1.0,0.5666666666666667
2024_25_20241005_MCI_FUL,2024_25,2024-10-05,MCI,FUL,1,0.6539379474940334,1.45,0.3947953857974535,0.0,1.0,0.6539379474940334
2024_25_20241005_WHU_IPS,2024_25,2024-10-05,WHU,IPS,1,0.5666666666666667,1.69,0.3498810811049342,0.0,1.0,0.5666666666666667
2024_25_20241006_AVL_MUN,2024_25,2024-10-06,AVL,MUN,0,0.6222222222222222,1.53,0.5358273426653405,0.0,1.0,0.6222222222222222
2024_25_20241006_BRI_TOT,2024_25,2024-10-06,BRI,TOT,1,0.683371298405467,1.39,0.5004819966328924,0.0,1.0,0.683371298405467
2024_25_20241006_CHE_NFO,2024_25,2024-10-06,CHE,NFO,0,0.6134663341645885,1.55,0.4260054179272656,0.0,1.0,0.6134663341645885
2024_25_20241019_BOU_ARS,2024_25,2024-10-19,BOU,ARS,0,0.5555555555555556,1.72,0.4399845373046788,0.0,1.0,0.5555555555555556
2024_25_20241019_FUL_AVL,2024_25,2024-10-19,FUL,AVL,1,0.5529715762273902,1.73,0.4965045772356776,0.0,1.0,0.5529715762273902
2024_25_20241019_IPS_EVE,2024_25,2024-10-19,IPS,EVE,0,0.5234374999999999,1.83,0.4756920903892954,0.0,1.0,0.5234374999999999
2024_25_20241019_MUN_BRE,2024_25,2024-10-19,MUN,BRE,1,0.6339066339066339,1.49,0.4047289689384488,0.0,1.0,0.6339066339066339
2024_25_20241019_NEW_BRI,2024_25,2024-10-19,NEW,BRI,0,0.628992628992629,1.51,0.4187783513985224,0.0,1.0,0.628992628992629
2024_25_20241019_SOU_LEI,2024_25,2024-10-19,SOU,LEI,1,0.5416666666666667,1.76,0.4763891466310757,0.0,1.0,0.5416666666666667
2024_25_20241019_TOT_WHU,2024_25,2024-10-19,TOT,WHU,1,0.6921348314606741,1.37,0.6054114153274246,0.0,1.0,0.6921348314606741
2024_25_20241020_LIV_CHE,2024_25,2024-10-20,LIV,CHE,1,0.676674364896074,1.4,0.2967045057896669,0.0,1.0,0.676674364896074
2024_25_20241020_WOL_MCI,2024_25,2024-10-20,WOL,MCI,1,0.6547619047619047,1.45,0.908148163681872,0.0,1.0,0.6547619047619047
2024_25_20241021_NFO_CRY,2024_25,2024-10-21,NFO,CRY,0,0.4470284237726098,2.14,0.1704897674775213,0.0,1.0,0.4470284237726098
2024_25_20241025_LEI_NFO,2024_25,2024-10-25,LEI,NFO,1,0.464935064935065,2.06,0.3071744609510554,0.0,1.0,0.464935064935065
2024_25_20241026_AVL_BOU,2024_25,2024-10-26,AVL,BOU,0,0.5989974937343359,1.6,0.4828503266262662,0.0,1.0,0.5989974937343359
2024_25_20241026_BRE_IPS,2024_25,2024-10-26,BRE,IPS,1,0.5801526717557253,1.65,0.6485924103267297,0.0,1.0,0.5801526717557253
2024_25_20241026_BRI_WOL,2024_25,2024-10-26,BRI,WOL,1,0.6090225563909775,1.56,0.8195268644088629,0.0,1.0,0.6090225563909775
2024_25_20241026_EVE_FUL,2024_25,2024-10-26,EVE,FUL,0,0.5078125,1.89,0.4804856384224324,0.0,1.0,0.5078125
2024_25_20241026_MCI_SOU,2024_25,2024-10-26,MCI,SOU,0,0.746,1.27,0.7868247115767553,0.0,1.0,0.746
2024_25_20241027_ARS_LIV,2024_25,2024-10-27,ARS,LIV,1,0.5065274151436031,1.89,0.2440083362004872,0.0,1.0,0.5065274151436031
2024_25_20241027_CHE_NEW,2024_25,2024-10-27,CHE,NEW,1,0.6587677725118484,1.44,0.3922731213604246,0.0,1.0,0.6587677725118484
2024_25_20241027_CRY_TOT,2024_25,2024-10-27,CRY,TOT,0,0.6015037593984962,1.59,0.4156033002646664,0.0,1.0,0.6015037593984962
2024_25_20241027_WHU_MUN,2024_25,2024-10-27,WHU,MUN,1,0.6262376237623761,1.51,0.3851189008485475,0.0,1.0,0.6262376237623761
2024_25_20241102_BOU_MCI,2024_25,2024-11-02,BOU,MCI,1,0.606516290726817,1.57,0.4348863057044263,0.0,1.0,0.606516290726817
2024_25_20241102_IPS_LEI,2024_25,2024-11-02,IPS,LEI,0,0.5604113110539846,1.71,0.6812953516958534,0.0,1.0,0.5604113110539846
2024_25_20241102_LIV_BRI,2024_25,2024-11-02,LIV,BRI,1,0.682648401826484,1.39,0.465884481517703,0.0,1.0,0.682648401826484
2024_25_20241102_NEW_ARS,2024_25,2024-11-02,NEW,ARS,0,0.5260416666666667,1.82,0.3231973951410944,0.0,1.0,0.5260416666666667
2024_25_20241102_NFO_WHU,2024_25,2024-11-02,NFO,WHU,1,0.5156249999999999,1.86,0.4364249729787826,0.0,1.0,0.5156249999999999
2024_25_20241102_SOU_EVE,2024_25,2024-11-02,SOU,EVE,0,0.5246753246753246,1.83,0.4417774189432726,0.0,1.0,0.5246753246753246
2024_25_20241102_WOL_CRY,2024_25,2024-11-02,WOL,CRY,1,0.5078125,1.89,0.4729964826411083,0.0,1.0,0.5078125
2024_25_20241103_MUN_CHE,2024_25,2024-11-03,MUN,CHE,0,0.6595744680851063,1.44,0.5250831186188244,0.0,1.0,0.6595744680851063
2024_25_20241103_TOT_AVL,2024_25,2024-11-03,TOT,AVL,1,0.6587677725118484,1.44,0.6261019188389976,0.0,1.0,0.6587677725118484
2024_25_20241104_FUL_BRE,2024_25,2024-11-04,FUL,BRE,1,0.5717948717948719,1.67,0.7124829491363515,0.0,1.0,0.5717948717948719
2024_25_20241109_BRE_BOU,2024_25,2024-11-09,BRE,BOU,1,0.5989974937343359,1.6,0.6107583820069882,0.0,1.0,0.5989974937343359
2024_25_20241109_BRI_MCI,2024_25,2024-11-09,BRI,MCI,1,0.6203473945409429,1.53,0.6340962996426334,0.0,1.0,0.6203473945409429
2024_25_20241109_CRY_FUL,2024_25,2024-11-09,CRY,FUL,0,0.4973958333333334,1.93,0.2979661622127483,0.0,1.0,0.4973958333333334
2024_25_20241109_LIV_AVL,2024_25,2024-11-09,LIV,AVL,0,0.664319248826291,1.43,0.5599795269986689,0.0,1.0,0.664319248826291
2024_25_20241109_WHU_EVE,2024_25,2024-11-09,WHU,EVE,0,0.5286458333333333,1.81,0.5520582618805011,0.0,1.0,0.5286458333333333
2024_25_20241109_WOL_SOU,2024_25,2024-11-09,WOL,SOU,0,0.5765306122448979,1.66,0.6711709537766243,0.0,1.0,0.5765306122448979
2024_25_20241110_CHE_ARS,2024_25,2024-11-10,CHE,ARS,0,0.5592783505154639,1.71,0.6456207675402351,0.0,1.0,0.5592783505154639
2024_25_20241110_MUN_LEI,2024_25,2024-11-10,MUN,LEI,1,0.6507177033492824,1.46,0.4876359667454647,0.0,1.0,0.6507177033492824
2024_25_20241110_NFO_NEW,2024_25,2024-11-10,NFO,NEW,1,0.4947916666666667,1.94,0.2419242319741545,0.0,1.0,0.4947916666666667
2024_25_20241110_TOT_IPS,2024_25,2024-11-10,TOT,IPS,1,0.7286012526096034,1.3,0.8154137575574122,0.0,1.0,0.7286012526096034
2024_25_20241123_ARS_NFO,2024_25,2024-11-23,ARS,NFO,1,0.5286458333333333,1.81,0.4039338785206194,0.0,1.0,0.5286458333333333
2024_25_20241123_AVL_CRY,2024_25,2024-11-23,AVL,CRY,1,0.5466321243523315,1.75,0.4745929951941837,0.0,1.0,0.5466321243523315
2024_25_20241123_BOU_BRI,2024_25,2024-11-23,BOU,BRI,1,0.6055276381909548,1.57,0.5539548532675551,0.0,1.0,0.6055276381909548
2024_25_20241123_EVE_BRE,2024_25,2024-11-23,EVE,BRE,0,0.522077922077922,1.84,0.6077112556088553,0.0,1.0,0.522077922077922
2024_25_20241123_FUL_WOL,2024_25,2024-11-23,FUL,WOL,1,0.5681233933161953,1.68,0.7945368160752307,0.0,1.0,0.5681233933161953
2024_25_20241123_LEI_CHE,2024_25,2024-11-23,LEI,CHE,1,0.6407766990291263,1.48,0.6769083287328526,0.0,1.0,0.6407766990291263
2024_25_20241123_MCI_TOT,2024_25,2024-11-23,MCI,TOT,1,0.7253668763102725,1.31,0.652481767162858,0.0,1.0,0.7253668763102725
2024_25_20241124_IPS_MUN,2024_25,2024-11-24,IPS,MUN,0,0.61,1.56,0.3912273588636112,0.0,1.0,0.61
2024_25_20241124_SOU_LIV,2024_25,2024-11-24,SOU,LIV,1,0.660377358490566,1.44,0.487312461618989,0.0,1.0,0.660377358490566
2024_25_20241125_NEW_WHU,2024_25,2024-11-25,NEW,WHU,0,0.6125,1.55,0.3701239652501135,0.0,1.0,0.6125
2024_25_20241129_BRI_SOU,2024_25,2024-11-29,BRI,SOU,0,0.6651053864168619,1.43,0.6105513219433758,0.0,1.0,0.6651053864168619
2024_25_20241130_BRE_LEI,2024_25,2024-11-30,BRE,LEI,1,0.6040100250626567,1.58,0.7673872220706286,0.0,1.0,0.6040100250626567
2024_25_20241130_CRY_NEW,2024_25,2024-11-30,CRY,NEW,0,0.537467700258398,1.79,0.231494482164329,0.0,1.0,0.537467700258398
2024_25_20241130_NFO_IPS,2024_25,2024-11-30,NFO,IPS,0,0.5065274151436031,1.89,0.4674372408929343,0.0,1.0,0.5065274151436031
2024_25_20241130_WHU_ARS,2024_25,2024-11-30,WHU,ARS,1,0.5629820051413882,1.7,0.5089040235283184,0.0,1.0,0.5629820051413882
2024_25_20241130_WOL_BOU,2024_25,2024-11-30,WOL,BOU,1,0.5790816326530612,1.65,0.7090078767609831,0.0,1.0,0.5790816326530612
2024_25_20241201_CHE_AVL,2024_25,2024-12-01,CHE,AVL,1,0.6212871287128713,1.53,0.6110957343299828,0.0,1.0,0.6212871287128713
2024_25_20241201_LIV_MCI,2024_25,2024-12-01,LIV,MCI,0,0.6111111111111112,1.54,0.5187292509616832,0.0,1.0,0.6111111111111112
2024_25_20241201_MUN_EVE,2024_25,2024-12-01,MUN,EVE,1,0.5466321243523315,1.75,0.2130593943106113,0.0,1.0,0.5466321243523315
2024_25_20241201_TOT_FUL,2024_25,2024-12-01,TOT,FUL,0,0.6666666666666666,1.42,0.6400620780447427,0.0,1.0,0.6666666666666666
2024_25_20241203_IPS_CRY,2024_25,2024-12-03,IPS,CRY,0,0.484375,1.98,0.3231113246117704,0.0,1.0,0.484375
2024_25_20241203_LEI_WHU,2024_25,2024-12-03,LEI,WHU,1,0.5350649350649351,1.79,0.6396235446601242,0.0,1.0,0.5350649350649351
2024_25_20241204_ARS_MUN,2024_25,2024-12-04,ARS,MUN,0,0.5862944162436549,1.63,0.4108794324854842,0.0,1.0,0.5862944162436549
2024_25_20241204_AVL_BRE,2024_25,2024-12-04,AVL,BRE,1,0.606516290726817,1.57,0.7199719741439153,0.0,1.0,0.606516290726817
2024_25_20241204_EVE_WOL,2024_25,2024-12-04,EVE,WOL,1,0.484375,1.98,0.5825359780210948,0.0,1.0,0.484375
2024_25_20241204_MCI_NFO,2024_25,2024-12-04,MCI,NFO,1,0.6015037593984962,1.59,0.4429216088172463,0.0,1.0,0.6015037593984962
2024_25_20241204_NEW_LIV,2024_25,2024-12-04,NEW,LIV,1,0.5994962216624685,1.59,0.2607398197211894,0.0,1.0,0.5994962216624685
2024_25_20241204_SOU_CHE,2024_25,2024-12-04,SOU,CHE,1,0.664319248826291,1.43,0.5415662590645529,0.0,1.0,0.664319248826291
2024_25_20241205_BOU_TOT,2024_25,2024-12-05,BOU,TOT,0,0.6728538283062646,1.41,0.543774658179372,0.0,1.0,0.6728538283062646
2024_25_20241205_FUL_BRI,2024_25,2024-12-05,FUL,BRI,1,0.589873417721519,1.62,0.529789165962585,0.0,1.0,0.589873417721519
2024_25_20241207_AVL_SOU,2024_25,2024-12-07,AVL,SOU,0,0.6611764705882353,1.44,0.6285371270857905,0.0,1.0,0.6611764705882353
2024_25_20241207_BRE_NEW,2024_25,2024-12-07,BRE,NEW,1,0.609452736318408,1.57,0.5741454580350196,0.0,1.0,0.609452736318408
2024_25_20241207_CRY_MCI,2024_25,2024-12-07,CRY,MCI,1,0.5848101265822784,1.64,0.3626577354403608,0.0,1.0,0.5848101265822784
2024_25_20241207_MUN_NFO,2024_25,2024-12-07,MUN,NFO,1,0.5338541666666666,1.79,0.2352999132555928,0.0,1.0,0.5338541666666666
2024_25_20241208_FUL_ARS,2024_25,2024-12-08,FUL,ARS,0,0.5364583333333334,1.78,0.4753405954883891,0.0,1.0,0.5364583333333334
2024_25_20241208_IPS_BOU,2024_25,2024-12-08,IPS,BOU,1,0.5567010309278351,1.72,0.422262498607344,0.0,1.0,0.5567010309278351
2024_25_20241208_LEI_BRI,2024_25,2024-12-08,LEI,BRI,1,0.6005025125628142,1.59,0.6139216912897124,0.0,1.0,0.6005025125628142
2024_25_20241208_TOT_CHE,2024_25,2024-12-08,TOT,CHE,1,0.7071583514099783,1.35,0.5374497506685321,0.0,1.0,0.7071583514099783
2024_25_20241209_WHU_WOL,2024_25,2024-12-09,WHU,WOL,1,0.595959595959596,1.6,0.7475090148754903,0.0,1.0,0.595959595959596
2024_25_20241214_ARS_EVE,2024_25,2024-12-14,ARS,EVE,0,0.5732647814910026,1.66,0.4236285006531538,0.0,1.0,0.5732647814910026
2024_25_20241214_LIV_FUL,2024_25,2024-12-14,LIV,FUL,1,0.6440677966101696,1.47,0.4882436254370739,0.0,1.0,0.6440677966101696
2024_25_20241214_NEW_LEI,2024_25,2024-12-14,NEW,LEI,1,0.6547619047619047,1.45,0.5493727748007755,0.0,1.0,0.6547619047619047
2024_25_20241214_NFO_AVL,2024_25,2024-12-14,NFO,AVL,1,0.5117493472584856,1.87,0.4129189306450833,0.0,1.0,0.5117493472584856
2024_25_20241214_WOL_IPS,2024_25,2024-12-14,WOL,IPS,1,0.5555555555555556,1.72,0.6478581569574619,0.0,1.0,0.5555555555555556
2024_25_20241215_BRI_CRY,2024_25,2024-12-15,BRI,CRY,1,0.5532467532467532,1.72,0.4201921954814177,0.0,1.0,0.5532467532467532
2024_25_20241215_CHE_BRE,2024_25,2024-12-15,CHE,BRE,1,0.7155172413793104,1.32,0.8016626122630044,0.0,1.0,0.7155172413793104
2024_25_20241215_MCI_MUN,2024_25,2024-12-15,MCI,MUN,1,0.660332541567696,1.43,0.440823621325364,0.0,1.0,0.660332541567696
2024_25_20241215_SOU_TOT,2024_25,2024-12-15,SOU,TOT,1,0.726890756302521,1.3,0.5740725762701926,0.0,1.0,0.726890756302521
2024_25_20241216_BOU_WHU,2024_25,2024-12-16,BOU,WHU,0,0.6271604938271605,1.51,0.5346118035504319,0.0,1.0,0.6271604938271605
2024_25_20241221_AVL_MCI,2024_25,2024-12-21,AVL,MCI,1,0.6005025125628142,1.59,0.5549092807551647,0.0,1.0,0.6005025125628142
2024_25_20241221_BRE_NFO,2024_25,2024-12-21,BRE,NFO,0,0.5532467532467532,1.72,0.5666407333794552,0.0,1.0,0.5532467532467532
2024_25_20241221_CRY_ARS,2024_25,2024-12-21,CRY,ARS,1,0.5234374999999999,1.83,0.3355311376279059,0.0,1.0,0.5234374999999999
2024_25_20241221_IPS_NEW,2024_25,2024-12-21,IPS,NEW,1,0.5852417302798981,1.63,0.4139262833464598,0.0,1.0,0.5852417302798981
2024_25_20241221_WHU_BRI,2024_25,2024-12-21,WHU,BRI,0,0.628992628992629,1.51,0.5838446747747089,0.0,1.0,0.628992628992629
2024_25_20241222_EVE_CHE,2024_25,2024-12-22,EVE,CHE,0,0.5754475703324808,1.66,0.4831963894573451,0.0,1.0,0.5754475703324808
2024_25_20241222_FUL_SOU,2024_25,2024-12-22,FUL,SOU,0,0.615,1.54,0.505924561211354,0.0,1.0,0.615
2024_25_20241222_LEI_WOL,2024_25,2024-12-22,LEI,WOL,1,0.5743589743589743,1.66,0.7912888309570346,0.0,1.0,0.5743589743589743
2024_25_20241222_MUN_BOU,2024_25,2024-12-22,MUN,BOU,1,0.595959595959596,1.6,0.413163213391681,0.0,1.0,0.595959595959596
2024_25_20241222_TOT_LIV,2024_25,2024-12-22,TOT,LIV,1,0.7318087318087318,1.29,0.5853318290018727,0.0,1.0,0.7318087318087318
2024_25_20241226_BOU_CRY,2024_25,2024-12-26,BOU,CRY,0,0.5532467532467532,1.72,0.389827139055791,0.0,1.0,0.5532467532467532
2024_25_20241226_CHE_FUL,2024_25,2024-12-26,CHE,FUL,1,0.6522781774580336,1.45,0.4949891131979798,0.0,1.0,0.6522781774580336
2024_25_20241226_LIV_LEI,2024_25,2024-12-26,LIV,LEI,1,0.7875,1.19,0.7612826538023694,0.0,1.0,0.7875
2024_25_20241226_MCI_EVE,2024_25,2024-12-26,MCI,EVE,0,0.6115288220551378,1.55,0.3741386739981636,0.0,1.0,0.6115288220551378
2024_25_20241226_NEW_AVL,2024_25,2024-12-26,NEW,AVL,1,0.5924050632911392,1.61,0.5436748278335561,0.0,1.0,0.5924050632911392
2024_25_20241226_NFO_TOT,2024_25,2024-12-26,NFO,TOT,0,0.6407766990291263,1.48,0.567759301927228,0.0,1.0,0.6407766990291263
2024_25_20241226_SOU_WHU,2024_25,2024-12-26,SOU,WHU,0,0.5732647814910026,1.66,0.4812125724564635,0.0,1.0,0.5732647814910026
2024_25_20241226_WOL_MUN,2024_25,2024-12-26,WOL,MUN,0,0.570694087403599,1.67,0.6429358186882412,0.0,1.0,0.570694087403599
2024_25_20241227_ARS_IPS,2024_25,2024-12-27,ARS,IPS,0,0.682648401826484,1.39,0.596550968282296,0.0,1.0,0.682648401826484
2024_25_20241227_BRI_BRE,2024_25,2024-12-27,BRI,BRE,0,0.6587677725118484,1.44,0.7600589051094363,0.0,1.0,0.6587677725118484
2024_25_20241229_CRY_SOU,2024_25,2024-12-29,CRY,SOU,1,0.5442708333333333,1.75,0.3355493834441734,0.0,1.0,0.5442708333333333
2024_25_20241229_EVE_NFO,2024_25,2024-12-29,EVE,NFO,0,0.4267352185089973,2.23,0.2772112034701011,0.0,1.0,0.4267352185089973
2024_25_20241229_FUL_BOU,2024_25,2024-12-29,FUL,BOU,1,0.5695876288659795,1.67,0.4688635971810034,0.0,1.0,0.5695876288659795
2024_25_20241229_LEI_MCI,2024_25,2024-12-29,LEI,MCI,0,0.6930022573363431,1.36,0.7439710050347349,0.0,1.0,0.6930022573363431
2024_25_20241229_TOT_WOL,2024_25,2024-12-29,TOT,WOL,1,0.7176724137931035,1.31,0.8728486832559391,0.0,1.0,0.7176724137931035
2024_25_20241229_WHU_LIV,2024_25,2024-12-29,WHU,LIV,1,0.6774941995359629,1.39,0.7354582314280471,0.0,1.0,0.6774941995359629
2024_25_20241230_AVL_BRI,2024_25,2024-12-30,AVL,BRI,1,0.5974683544303797,1.59,0.6213557693075407,0.0,1.0,0.5974683544303797
2024_25_20241230_IPS_CHE,2024_25,2024-12-30,IPS,CHE,0,0.6578947368421053,1.43,0.6703724282064707,0.0,1.0,0.6578947368421053
2024_25_20241230_MUN_NEW,2024_25,2024-12-30,MUN,NEW,0,0.5831202046035805,1.63,0.4849026366413118,0.0,1.0,0.5831202046035805
2024_25_20250101_BRE_ARS,2024_25,2025-01-01,BRE,ARS,1,0.615,1.54,0.717673961757136,0.0,1.0,0.615
2024_25_20250104_AVL_LEI,2024_25,2025-01-04,AVL,LEI,1,0.6323529411764707,1.5,0.7027089489349558,0.0,1.0,0.6323529411764707
2024_25_20250104_BOU_EVE,2024_25,2025-01-04,BOU,EVE,0,0.5130890052356021,1.86,0.3196297552575368,0.0,1.0,0.5130890052356021
2024_25_20250104_BRI_ARS,2024_25,2025-01-04,BRI,ARS,0,0.5506493506493506,1.73,0.6095120130027848,0.0,1.0,0.5506493506493506
2024_25_20250104_CRY_CHE,2024_25,2025-01-04,CRY,CHE,0,0.602015113350126,1.58,0.5569671148818746,0.0,1.0,0.602015113350126
2024_25_20250104_MCI_WHU,2024_25,2025-01-04,MCI,WHU,1,0.7067833698030634,1.34,0.631681642937308,0.0,1.0,0.7067833698030634
2024_25_20250104_SOU_BRE,2024_25,2025-01-04,SOU,BRE,1,0.5743589743589743,1.66,0.645017026971467,0.0,1.0,0.5743589743589743
2024_25_20250104_TOT_NEW,2024_25,2025-01-04,TOT,NEW,1,0.7149028077753781,1.32,0.6563721120653165,0.0,1.0,0.7149028077753781
2024_25_20250105_FUL_IPS,2024_25,2025-01-05,FUL,IPS,1,0.5584415584415584,1.7,0.4614052716637717,0.0,1.0,0.5584415584415584
2024_25_20250105_LIV_MUN,2024_25,2025-01-05,LIV,MUN,1,0.6697892271662763,1.41,0.5593769299518948,0.0,1.0,0.6697892271662763
2024_25_20250106_WOL_NFO,2024_25,2025-01-06,WOL,NFO,1,0.4659685863874345,2.04,0.6167648566027479,0.0,1.0,0.4659685863874345
2024_25_20250114_BRE_MCI,2024_25,2025-01-14,BRE,MCI,1,0.6877828054298643,1.38,0.761824467510375,0.0,1.0,0.6877828054298643
2024_25_20250114_CHE_BOU,2024_25,2025-01-14,CHE,BOU,1,0.6689976689976691,1.42,0.4923756478313202,0.0,1.0,0.6689976689976691
2024_25_20250114_NFO_LIV,2024_25,2025-01-14,NFO,LIV,0,0.5852417302798981,1.63,0.494149756038618,0.0,1.0,0.5852417302798981
2024_25_20250114_WHU_FUL,2024_25,2025-01-14,WHU,FUL,1,0.5234374999999999,1.83,0.6066709589470958,0.0,1.0,0.5234374999999999
2024_25_20250115_ARS_TOT,2024_25,2025-01-15,ARS,TOT,1,0.6619385342789598,1.43,0.5790856816820258,0.0,1.0,0.6619385342789598
2024_25_20250115_EVE_AVL,2024_25,2025-01-15,EVE,AVL,0,0.4635416666666666,2.06,0.3615530647341127,0.0,1.0,0.4635416666666666
2024_25_20250115_LEI_CRY,2024_25,2025-01-15,LEI,CRY,0,0.548051948051948,1.74,0.5087879696024691,0.0,1.0,0.548051948051948
2024_25_20250115_NEW_WOL,2024_25,2025-01-15,NEW,WOL,1,0.6650943396226415,1.42,0.6995640813308744,0.0,1.0,0.6650943396226415
2024_25_20250116_IPS_BRI,2024_25,2025-01-16,IPS,BRI,0,0.5569948186528497,1.71,0.5216762379358769,0.0,1.0,0.5569948186528497
2024_25_20250116_MUN_SOU,2024_25,2025-01-16,MUN,SOU,1,0.6237623762376239,1.52,0.3771679174779042,0.0,1.0,0.6237623762376239
2024_25_20250118_ARS_AVL,2024_25,2025-01-18,ARS,AVL,1,0.5248041775456919,1.82,0.5473340741042635,0.0,1.0,0.5248041775456919
2024_25_20250118_BRE_LIV,2024_25,2025-01-18,BRE,LIV,0,0.7006651884700665,1.35,0.7903643790265752,0.0,1.0,0.7006651884700665
2024_25_20250118_LEI_FUL,2024_25,2025-01-18,LEI,FUL,0,0.5558441558441558,1.71,0.6821140360729856,0.0,1.0,0.5558441558441558
2024_25_20250118_NEW_BOU,2024_25,2025-01-18,NEW,BOU,1,0.6159600997506234,1.54,0.4641728259017018,0.0,1.0,0.6159600997506234
2024_25_20250118_WHU_CRY,2024_25,2025-01-18,WHU,CRY,0,0.5326370757180157,1.79,0.4900099934425339,0.0,1.0,0.5326370757180157
2024_25_20250119_EVE_TOT,2024_25,2025-01-19,EVE,TOT,1,0.5644329896907216,1.69,0.5203441735025243,0.0,1.0,0.5644329896907216
2024_25_20250119_IPS_MCI,2024_25,2025-01-19,IPS,MCI,1,0.6555023923444976,1.44,0.6301887972951183,0.0,1.0,0.6555023923444976
2024_25_20250119_MUN_BRI,2024_25,2025-01-19,MUN,BRI,1,0.5732647814910026,1.66,0.482663596091889,0.0,1.0,0.5732647814910026
2024_25_20250119_NFO_SOU,2024_25,2025-01-19,NFO,SOU,1,0.5442708333333333,1.75,0.3705122008887187,0.0,1.0,0.5442708333333333
2024_25_20250120_CHE_WOL,2024_25,2025-01-20,CHE,WOL,1,0.690744920993228,1.37,0.7125741287593061,0.0,1.0,0.690744920993228
2024_25_20250125_BOU_NFO,2024_25,2025-01-25,BOU,NFO,1,0.5260416666666667,1.82,0.374982238823706,0.0,1.0,0.5260416666666667
2024_25_20250125_BRI_EVE,2024_25,2025-01-25,BRI,EVE,0,0.5039164490861618,1.9,0.3026742469294872,0.0,1.0,0.5039164490861618
2024_25_20250125_LIV_IPS,2024_25,2025-01-25,LIV,IPS,1,0.7534516765285997,1.25,0.624369518518099,0.0,1.0,0.7534516765285997
2024_25_20250125_MCI_CHE,2024_25,2025-01-25,MCI,CHE,1,0.6713286713286714,1.41,0.6056620688233366,0.0,1.0,0.6713286713286714
2024_25_20250125_SOU_NEW,2024_25,2025-01-25,SOU,NEW,1,0.6563245823389022,1.44,0.6015688503695392,0.0,1.0,0.6563245823389022
2024_25_20250125_WOL_ARS,2024_25,2025-01-25,WOL,ARS,0,0.5544041450777203,1.72,0.7143692583210641,0.0,1.0,0.5544041450777203
2024_25_20250126_AVL_WHU,2024_25,2025-01-26,AVL,WHU,0,0.5695876288659795,1.67,0.5657337198652437,0.0,1.0,0.5695876288659795
2024_25_20250126_CRY_BRE,2024_25,2025-01-26,CRY,BRE,1,0.5492227979274612,1.74,0.4921071002837047,0.0,1.0,0.5492227979274612
2024_25_20250126_FUL_MUN,2024_25,2025-01-26,FUL,MUN,0,0.5169712793733681,1.85,0.4446967026269063,0.0,1.0,0.5169712793733681
2024_25_20250126_TOT_LEI,2024_25,2025-01-26,TOT,LEI,1,0.7108695652173914,1.33,0.7493111411997064,0.0,1.0,0.7108695652173914
2024_25_20250201_BOU_LIV,2024_25,2025-02-01,BOU,LIV,0,0.6481927710843374,1.46,0.5845433893492314,0.0,1.0,0.6481927710843374
2024_25_20250201_EVE_LEI,2024_25,2025-02-01,EVE,LEI,1,0.4765625,2.01,0.3477652383470482,0.0,1.0,0.4765625
2024_25_20250201_IPS_SOU,2024_25,2025-02-01,IPS,SOU,1,0.5428571428571429,1.76,0.3953128398027812,0.0,1.0,0.5428571428571429
2024_25_20250201_NEW_FUL,2024_25,2025-02-01,NEW,FUL,1,0.5816326530612244,1.64,0.5002771368304406,0.0,1.0,0.5816326530612244
2024_25_20250201_NFO_BRI,2024_25,2025-02-01,NFO,BRI,1,0.4986945169712793,1.92,0.4345525736556951,0.0,1.0,0.4986945169712793
2024_25_20250201_WOL_AVL,2024_25,2025-02-01,WOL,AVL,0,0.5607235142118864,1.7,0.6422461341966209,0.0,1.0,0.5607235142118864
2024_25_20250202_ARS_MCI,2024_25,2025-02-02,ARS,MCI,1,0.5454545454545455,1.75,0.513837199498671,0.0,1.0,0.5454545454545455
2024_25_20250202_BRE_TOT,2024_25,2025-02-02,BRE,TOT,0,0.7096069868995633,1.33,0.7373893358110762,0.0,1.0,0.7096069868995633
2024_25_20250202_MUN_CRY,2024_25,2025-02-02,MUN,CRY,0,0.5209424083769634,1.83,0.3160311343525792,0.0,1.0,0.5209424083769634
2024_25_20250203_CHE_WHU,2024_25,2025-02-03,CHE,WHU,1,0.6842105263157895,1.38,0.6365407154841602,0.0,1.0,0.6842105263157895
2024_25_20250212_EVE_LIV,2024_25,2025-02-12,EVE,LIV,1,0.5604113110539846,1.71,0.4180567335742995,0.0,1.0,0.5604113110539846
2024_25_20250214_BRI_CHE,2024_25,2025-02-14,BRI,CHE,1,0.605,1.58,0.5851915340069804,0.0,1.0,0.605
2024_25_20250215_AVL_IPS,2024_25,2025-02-15,AVL,IPS,0,0.6040100250626567,1.58,0.5094228524020431,0.0,1.0,0.6040100250626567
2024_25_20250215_CRY_EVE,2024_25,2025-02-15,CRY,EVE,1,0.4282051282051282,2.23,0.247179604110615,0.0,1.0,0.4282051282051282
2024_25_20250215_FUL_NFO,2024_25,2025-02-15,FUL,NFO,1,0.4559585492227979,2.1,0.4622766138600207,0.0,1.0,0.4559585492227979
2024_25_20250215_LEI_ARS,2024_25,2025-02-15,LEI,ARS,0,0.5592783505154639,1.71,0.6569206480785401,0.0,1.0,0.5592783505154639
2024_25_20250215_MCI_NEW,2024_25,2025-02-15,MCI,NEW,1,0.6563981042654028,1.45,0.6338816790239117,0.0,1.0,0.6563981042654028
2024_25_20250215_SOU_BOU,2024_25,2025-02-15,SOU,BOU,1,0.637469586374696,1.49,0.5917887921884311,0.0,1.0,0.637469586374696
2024_25_20250215_WHU_BRE,2024_25,2025-02-15,WHU,BRE,0,0.5969773299748111,1.6,0.6422631055872496,0.0,1.0,0.5969773299748111
2024_25_20250216_LIV_WOL,2024_25,2025-02-16,LIV,WOL,1,0.6948775055679287,1.37,0.7917990241984066,0.0,1.0,0.6948775055679287
2024_25_20250216_TOT_MUN,2024_25,2025-02-16,TOT,MUN,0,0.6433734939759036,1.48,0.576220717533041,0.0,1.0,0.6433734939759036
2024_25_20250219_AVL_LIV,2024_25,2025-02-19,AVL,LIV,1,0.6109725685785536,1.56,0.622785145192874,0.0,1.0,0.6109725685785536
2024_25_20250221_LEI_BRE,2024_25,2025-02-21,LEI,BRE,1,0.605,1.58,0.6583351350888893,0.0,1.0,0.605
2024_25_20250222_ARS_WHU,2024_25,2025-02-22,ARS,WHU,0,0.5692307692307692,1.68,0.6058915962880544,0.0,1.0,0.5692307692307692
2024_25_20250222_AVL_CHE,2024_25,2025-02-22,AVL,CHE,1,0.6109725685785536,1.56,0.6112854688517672,0.0,1.0,0.6109725685785536
2024_25_20250222_BOU_WOL,2024_25,2025-02-22,BOU,WOL,0,0.6005025125628142,1.59,0.6778400306475748,0.0,1.0,0.6005025125628142
2024_25_20250222_EVE_MUN,2024_25,2025-02-22,EVE,MUN,1,0.4370179948586118,2.19,0.3025479812844546,0.0,1.0,0.4370179948586118
2024_25_20250222_FUL_CRY,2024_25,2025-02-22,FUL,CRY,0,0.4857142857142857,1.98,0.4039947780102478,0.0,1.0,0.4857142857142857
2024_25_20250222_IPS_TOT,2024_25,2025-02-22,IPS,TOT,1,0.6274509803921569,1.52,0.6938603691223268,0.0,1.0,0.6274509803921569
2024_25_20250222_SOU_BRI,2024_25,2025-02-22,SOU,BRI,1,0.605,1.58,0.6100701138683201,0.0,1.0,0.605
2024_25_20250223_MCI_LIV,2024_25,2025-02-23,MCI,LIV,0,0.6720930232558139,1.41,0.7279600743226883,0.0,1.0,0.6720930232558139
2024_25_20250223_NEW_NFO,2024_25,2025-02-23,NEW,NFO,1,0.5754475703324808,1.66,0.5802688857727796,0.0,1.0,0.5754475703324808
2024_25_20250225_BRI_BOU,2024_25,2025-02-25,BRI,BOU,1,0.5919395465994962,1.62,0.5407068191317199,0.0,1.0,0.5919395465994962
2024_25_20250225_CHE_SOU,2024_25,2025-02-25,CHE,SOU,1,0.744,1.28,0.6229240579683394,0.0,1.0,0.744
2024_25_20250225_CRY_AVL,2024_25,2025-02-25,CRY,AVL,1,0.5064935064935064,1.9,0.3921882980220589,0.0,1.0,0.5064935064935064
2024_25_20250225_WOL_FUL,2024_25,2025-02-25,WOL,FUL,1,0.4779220779220779,2.01,0.5653193647342134,0.0,1.0,0.4779220779220779
2024_25_20250226_BRE_EVE,2024_25,2025-02-26,BRE,EVE,0,0.5182291666666667,1.85,0.4518289440062076,0.0,1.0,0.5182291666666667
2024_25_20250226_LIV_NEW,2024_25,2025-02-26,LIV,NEW,0,0.6595744680851063,1.44,0.621952156904916,0.0,1.0,0.6595744680851063
2024_25_20250226_MUN_IPS,2024_25,2025-02-26,MUN,IPS,1,0.5826972010178116,1.64,0.4313643883630197,0.0,1.0,0.5826972010178116
2024_25_20250226_NFO_ARS,2024_25,2025-02-26,NFO,ARS,0,0.440721649484536,2.17,0.4631067100488524,0.0,1.0,0.440721649484536
2024_25_20250226_TOT_MCI,2024_25,2025-02-26,TOT,MCI,0,0.7105831533477323,1.34,0.7305638246376407,0.0,1.0,0.7105831533477323
2024_25_20250227_WHU_LEI,2024_25,2025-02-27,WHU,LEI,0,0.5592783505154639,1.71,0.5382998997820493,0.0,1.0,0.5592783505154639
2024_25_20250308_BRE_AVL,2024_25,2025-03-08,BRE,AVL,0,0.625615763546798,1.52,0.6477072484672914,0.0,1.0,0.625615763546798
2024_25_20250308_BRI_FUL,2024_25,2025-03-08,BRI,FUL,1,0.5466321243523315,1.75,0.5571035136740506,0.0,1.0,0.5466321243523315
2024_25_20250308_CRY_IPS,2024_25,2025-03-08,CRY,IPS,0,0.5418848167539266,1.75,0.5283219758308975,0.0,1.0,0.5418848167539266
2024_25_20250308_LIV_SOU,2024_25,2025-03-08,LIV,SOU,1,0.748015873015873,1.27,0.8370373270418675,0.0,1.0,0.748015873015873
2024_25_20250308_NFO_MCI,2024_25,2025-03-08,NFO,MCI,0,0.606516290726817,1.57,0.6230080251476106,0.0,1.0,0.606516290726817
2024_25_20250308_WOL_EVE,2024_25,2025-03-08,WOL,EVE,0,0.4194373401534527,2.27,0.504881545469761,0.0,1.0,0.4194373401534527
2024_25_20250309_CHE_LEI,2024_25,2025-03-09,CHE,LEI,0,0.7045951859956237,1.35,0.7641385149539404,0.0,1.0,0.7045951859956237
2024_25_20250309_MUN_ARS,2024_25,2025-03-09,MUN,ARS,0,0.4381443298969071,2.18,0.4959988872233891,0.0,1.0,0.4381443298969071
2024_25_20250309_TOT_BOU,2024_25,2025-03-09,TOT,BOU,1,0.6848072562358277,1.39,0.6608869682113926,0.0,1.0,0.6848072562358277
2024_25_20250310_WHU_NEW,2024_25,2025-03-10,WHU,NEW,0,0.5633074935400517,1.69,0.6397356621497026,0.0,1.0,0.5633074935400517
2024_25_20250315_BOU_BRE,2024_25,2025-03-15,BOU,BRE,1,0.6425120772946861,1.48,0.6419107398066739,0.0,1.0,0.6425120772946861
2024_25_20250315_EVE_WHU,2024_25,2025-03-15,EVE,WHU,0,0.416243654822335,2.3,0.4240007475054879,0.0,1.0,0.416243654822335
2024_25_20250315_IPS_NFO,2024_25,2025-03-15,IPS,NFO,1,0.5182291666666667,1.85,0.6404601498578959,0.0,1.0,0.5182291666666667
2024_25_20250315_MCI_BRI,2024_25,2025-03-15,MCI,BRI,1,0.6457831325301205,1.47,0.6803370125233833,0.0,1.0,0.6457831325301205
2024_25_20250315_SOU_WOL,2024_25,2025-03-15,SOU,WOL,1,0.5286458333333333,1.81,0.6447409095382584,0.0,1.0,0.5286458333333333
2024_25_20250316_ARS_CHE,2024_25,2025-03-16,ARS,CHE,0,0.5078534031413613,1.88,0.5226463139958718,0.0,1.0,0.5078534031413613
2024_25_20250316_FUL_TOT,2024_25,2025-03-16,FUL,TOT,0,0.606516290726817,1.57,0.6592575224463152,0.0,1.0,0.606516290726817
2024_25_20250316_LEI_MUN,2024_25,2025-03-16,LEI,MUN,1,0.5326370757180157,1.79,0.5192379998393616,0.0,1.0,0.5326370757180157
2024_25_20250401_ARS_FUL,2024_25,2025-04-01,ARS,FUL,1,0.4507772020725388,2.12,0.4674810339251256,0.0,1.0,0.4507772020725388
2024_25_20250401_NFO_MUN,2024_25,2025-04-01,NFO,MUN,0,0.4934725848563968,1.94,0.5434665405820629,0.0,1.0,0.4934725848563968
2024_25_20250401_WOL_WHU,2024_25,2025-04-01,WOL,WHU,0,0.4381443298969071,2.18,0.6203961910043632,0.0,1.0,0.4381443298969071
2024_25_20250402_BOU_IPS,2024_25,2025-04-02,BOU,IPS,1,0.6253101736972705,1.51,0.7086244937367654,0.0,1.0,0.6253101736972705
2024_25_20250402_BRI_AVL,2024_25,2025-04-02,BRI,AVL,1,0.6,1.58,0.6589133806637915,0.0,1.0,0.6
2024_25_20250402_LIV_EVE,2024_25,2025-04-02,LIV,EVE,0,0.5392670157068064,1.76,0.5499462934878426,0.0,1.0,0.5392670157068064
2024_25_20250402_MCI_LEI,2024_25,2025-04-02,MCI,LEI,0,0.6842105263157895,1.38,0.7718214754065806,0.0,1.0,0.6842105263157895
2024_25_20250402_NEW_BRE,2024_25,2025-04-02,NEW,BRE,1,0.6473429951690821,1.46,0.7205416639719063,0.0,1.0,0.6473429951690821
2024_25_20250402_SOU_CRY,2024_25,2025-04-02,SOU,CRY,0,0.5328083989501312,1.78,0.6001089841307653,0.0,1.0,0.5328083989501312
2024_25_20250403_CHE_TOT,2024_25,2025-04-03,CHE,TOT,0,0.6774941995359629,1.39,0.7352848592966545,0.0,1.0,0.6774941995359629
2024_25_20250405_AVL_NFO,2024_25,2025-04-05,AVL,NFO,1,0.5352480417754569,1.78,0.6323260423600185,0.0,1.0,0.5352480417754569
2024_25_20250405_CRY_BRI,2024_25,2025-04-05,CRY,BRI,1,0.5340314136125655,1.78,0.5752614141224031,0.0,1.0,0.5340314136125655
2024_25_20250405_EVE_ARS,2024_25,2025-04-05,EVE,ARS,0,0.4025316455696203,2.36,0.3973446564671936,0.0,1.0,0.4025316455696203
2024_25_20250405_IPS_WOL,2024_25,2025-04-05,IPS,WOL,1,0.4581151832460733,2.07,0.7124417886703307,0.0,1.0,0.4581151832460733
2024_25_20250405_WHU_BOU,2024_25,2025-04-05,WHU,BOU,1,0.5287958115183247,1.8,0.5991639794860457,0.0,1.0,0.5287958115183247
2024_25_20250406_BRE_CHE,2024_25,2025-04-06,BRE,CHE,0,0.6165413533834586,1.53,0.6883767283706927,0.0,1.0,0.6165413533834586
2024_25_20250406_FUL_LIV,2024_25,2025-04-06,FUL,LIV,1,0.5287958115183247,1.8,0.6642298956983921,0.0,1.0,0.5287958115183247
2024_25_20250406_MUN_MCI,2024_25,2025-04-06,MUN,MCI,0,0.5732647814910026,1.66,0.6216071482567489,0.0,1.0,0.5732647814910026
2024_25_20250406_TOT_SOU,2024_25,2025-04-06,TOT,SOU,1,0.6827586206896552,1.38,0.8119997961234975,0.0,1.0,0.6827586206896552
2024_25_20250407_LEI_NEW,2024_25,2025-04-07,LEI,NEW,1,0.5928753180661578,1.6,0.7050554627001344,0.0,1.0,0.5928753180661578
2024_25_20250412_ARS_BRE,2024_25,2025-04-12,ARS,BRE,0,0.5378590078328982,1.77,0.5873619406484321,0.0,1.0,0.5378590078328982
2024_25_20250412_BRI_LEI,2024_25,2025-04-12,BRI,LEI,1,0.5913705583756345,1.61,0.7193915692431845,0.0,1.0,0.5913705583756345
2024_25_20250412_MCI_CRY,2024_25,2025-04-12,MCI,CRY,1,0.6184538653366584,1.53,0.5467397662026124,0.0,1.0,0.6184538653366584
2024_25_20250412_NFO_EVE,2024_25,2025-04-12,NFO,EVE,0,0.4293059125964009,2.22,0.4275952475878879,0.0,1.0,0.4293059125964009
2024_25_20250412_SOU_AVL,2024_25,2025-04-12,SOU,AVL,1,0.5984848484848484,1.59,0.6546176716610235,0.0,1.0,0.5984848484848484
2024_25_20250413_CHE_IPS,2024_25,2025-04-13,CHE,IPS,1,0.6595238095238095,1.43,0.6853240410353065,0.0,1.0,0.6595238095238095
2024_25_20250413_LIV_WHU,2024_25,2025-04-13,LIV,WHU,1,0.6228287841191067,1.52,0.6930219908423176,0.0,1.0,0.6228287841191067
2024_25_20250413_NEW_MUN,2024_25,2025-04-13,NEW,MUN,1,0.5805626598465473,1.64,0.5417717081162504,0.0,1.0,0.5805626598465473
2024_25_20250413_WOL_TOT,2024_25,2025-04-13,WOL,TOT,1,0.5732647814910026,1.66,0.7161958008854294,0.0,1.0,0.5732647814910026
2024_25_20250414_BOU_FUL,2024_25,2025-04-14,BOU,FUL,0,0.5468749999999999,1.74,0.5607520771650691,0.0,1.0,0.5468749999999999
2024_25_20250416_NEW_CRY,2024_25,2025-04-16,NEW,CRY,1,0.5633074935400517,1.69,0.5772398238007528,0.0,1.0,0.5633074935400517
2024_25_20250419_AVL_NEW,2024_25,2025-04-19,AVL,NEW,1,0.5831202046035805,1.63,0.6094259836879001,0.0,1.0,0.5831202046035805
2024_25_20250419_BRE_BRI,2024_25,2025-04-19,BRE,BRI,1,0.5984848484848484,1.59,0.6487648916366895,0.0,1.0,0.5984848484848484
2024_25_20250419_CRY_BOU,2024_25,2025-04-19,CRY,BOU,0,0.5340314136125655,1.78,0.497372310794055,0.0,1.0,0.5340314136125655
2024_25_20250419_EVE_MCI,2024_25,2025-04-19,EVE,MCI,0,0.5221932114882506,1.83,0.4209916502937425,0.0,1.0,0.5221932114882506
2024_25_20250419_WHU_SOU,2024_25,2025-04-19,WHU,SOU,0,0.5658914728682171,1.68,0.5553019264843392,0.0,1.0,0.5658914728682171
2024_25_20250420_FUL_CHE,2024_25,2025-04-20,FUL,CHE,1,0.5261780104712042,1.81,0.5219956841377109,0.0,1.0,0.5261780104712042
2024_25_20250420_IPS_ARS,2024_25,2025-04-20,IPS,ARS,1,0.5532467532467532,1.72,0.5768733728149945,0.0,1.0,0.5532467532467532
2024_25_20250420_LEI_LIV,2024_25,2025-04-20,LEI,LIV,0,0.6555023923444976,1.44,0.7439518548010471,0.0,1.0,0.6555023923444976
2024_25_20250420_MUN_WOL,2024_25,2025-04-20,MUN,WOL,0,0.4947643979057591,1.93,0.5678156663655964,0.0,1.0,0.4947643979057591
2024_25_20250421_TOT_NFO,2024_25,2025-04-21,TOT,NFO,1,0.601010101010101,1.58,0.6448541448473151,0.0,1.0,0.601010101010101
2024_25_20250422_MCI_AVL,2024_25,2025-04-22,MCI,AVL,1,0.628992628992629,1.51,0.6491333494605348,0.0,1.0,0.628992628992629
2024_25_20250423_ARS_CRY,2024_25,2025-04-23,ARS,CRY,1,0.5104712041884817,1.87,0.46859219590458,0.0,1.0,0.5104712041884817
2024_25_20250426_BRI_WHU,2024_25,2025-04-26,BRI,WHU,1,0.5695876288659795,1.67,0.5970654449372925,0.0,1.0,0.5695876288659795
2024_25_20250426_CHE_EVE,2024_25,2025-04-26,CHE,EVE,0,0.5157068062827225,1.85,0.3792068285071792,0.0,1.0,0.5157068062827225
2024_25_20250426_NEW_IPS,2024_25,2025-04-26,NEW,IPS,1,0.7035398230088495,1.34,0.7725411956737709,0.0,1.0,0.7035398230088495
2024_25_20250426_SOU_FUL,2024_25,2025-04-26,SOU,FUL,1,0.5546875,1.71,0.578154535264116,0.0,1.0,0.5546875
2024_25_20250426_WOL_LEI,2024_25,2025-04-26,WOL,LEI,1,0.5442708333333333,1.75,0.6443964887930917,0.0,1.0,0.5442708333333333
2024_25_20250427_BOU_MUN,2024_25,2025-04-27,BOU,MUN,0,0.5670103092783505,1.68,0.4823445809748066,0.0,1.0,0.5670103092783505
2024_25_20250427_LIV_TOT,2024_25,2025-04-27,LIV,TOT,1,0.7206823027718551,1.31,0.747039556383484,0.0,1.0,0.7206823027718551
2024_25_20250501_NFO_BRE,2024_25,2025-05-01,NFO,BRE,0,0.5326370757180157,1.79,0.5918433408774811,0.0,1.0,0.5326370757180157
2024_25_20250502_MCI_WOL,2024_25,2025-05-02,MCI,WOL,0,0.6228287841191067,1.52,0.7052750452990486,0.0,1.0,0.6228287841191067
2024_25_20250503_ARS_BOU,2024_25,2025-05-03,ARS,BOU,1,0.5195822454308094,1.84,0.4745309730092184,0.0,1.0,0.5195822454308094
2024_25_20250503_AVL_FUL,2024_25,2025-05-03,AVL,FUL,0,0.5520833333333334,1.72,0.575899548532514,0.0,1.0,0.5520833333333334
2024_25_20250503_EVE_IPS,2024_25,2025-05-03,EVE,IPS,1,0.5052356020942408,1.89,0.4641825907907457,0.0,1.0,0.5052356020942408
2024_25_20250503_LEI_SOU,2024_25,2025-05-03,LEI,SOU,0,0.5456919060052219,1.74,0.4562557101305379,0.0,1.0,0.5456919060052219
2024_25_20250504_BRE_MUN,2024_25,2025-05-04,BRE,MUN,1,0.5695876288659795,1.67,0.57228428076224,0.0,1.0,0.5695876288659795
2024_25_20250504_BRI_NEW,2024_25,2025-05-04,BRI,NEW,0,0.6144278606965174,1.55,0.6991365176024098,0.0,1.0,0.6144278606965174
2024_25_20250504_CHE_LIV,2024_25,2025-05-04,CHE,LIV,1,0.6140350877192983,1.54,0.5467094132157894,0.0,1.0,0.6140350877192983
2024_25_20250504_WHU_TOT,2024_25,2025-05-04,WHU,TOT,0,0.606060606060606,1.56,0.6484035409942839,0.0,1.0,0.606060606060606
2024_25_20250505_CRY_NFO,2024_25,2025-05-05,CRY,NFO,0,0.486910994764398,1.96,0.4818775783425384,0.0,1.0,0.486910994764398
2024_25_20250510_BOU_AVL,2024_25,2025-05-10,BOU,AVL,0,0.5913705583756345,1.61,0.5394619115182384,0.0,1.0,0.5913705583756345
2024_25_20250510_FUL_EVE,2024_25,2025-05-10,FUL,EVE,1,0.4673629242819843,2.04,0.3877671797574737,0.0,1.0,0.4673629242819843
2024_25_20250510_IPS_BRE,2024_25,2025-05-10,IPS,BRE,0,0.6253101736972705,1.51,0.7102901611150401,0.0,1.0,0.6253101736972705
2024_25_20250510_SOU_MCI,2024_25,2025-05-10,SOU,MCI,0,0.7076923076923077,1.33,0.695369850423468,0.0,1.0,0.7076923076923077
2024_25_20250510_WOL_BRI,2024_25,2025-05-10,WOL,BRI,0,0.5506493506493506,1.73,0.7232338197384791,0.0,1.0,0.5506493506493506
2024_25_20250511_LIV_ARS,2024_25,2025-05-11,LIV,ARS,1,0.5558441558441558,1.71,0.5503490141088826,0.0,1.0,0.5558441558441558
2024_25_20250511_MUN_WHU,2024_25,2025-05-11,MUN,WHU,0,0.5404699738903395,1.76,0.5073118493786175,0.0,1.0,0.5404699738903395
2024_25_20250511_NEW_CHE,2024_25,2025-05-11,NEW,CHE,0,0.6105527638190955,1.55,0.6299452249256616,0.0,1.0,0.6105527638190955
2024_25_20250511_NFO_LEI,2024_25,2025-05-11,NFO,LEI,1,0.5721649484536083,1.66,0.6432499151643575,0.0,1.0,0.5721649484536083
2024_25_20250511_TOT_CRY,2024_25,2025-05-11,TOT,CRY,0,0.6165413533834586,1.53,0.6552667888509642,0.0,1.0,0.6165413533834586
2024_25_20250516_AVL_TOT,2024_25,2025-05-16,AVL,TOT,0,0.690744920993228,1.37,0.6910372060198028,0.0,1.0,0.690744920993228
2024_25_20250516_CHE_MUN,2024_25,2025-05-16,CHE,MUN,0,0.6356968215158926,1.49,0.5568222028384243,0.0,1.0,0.6356968215158926
2024_25_20250518_ARS_NEW,2024_25,2025-05-18,ARS,NEW,0,0.5378590078328982,1.77,0.596003652697517,0.0,1.0,0.5378590078328982
2024_25_20250518_BRE_FUL,2024_25,2025-05-18,BRE,FUL,1,0.5903307888040712,1.61,0.6772267098736766,0.0,1.0,0.5903307888040712
2024_25_20250518_EVE_SOU,2024_25,2025-05-18,EVE,SOU,0,0.5326370757180157,1.79,0.4793440512418282,0.0,1.0,0.5326370757180157
2024_25_20250518_LEI_IPS,2024_25,2025-05-18,LEI,IPS,0,0.548051948051948,1.74,0.5761411099089162,0.0,1.0,0.548051948051948
2024_25_20250518_WHU_NFO,2024_25,2025-05-18,WHU,NFO,1,0.4934725848563968,1.94,0.5706613499545354,0.0,1.0,0.4934725848563968
2024_25_20250519_BRI_LIV,2024_25,2025-05-19,BRI,LIV,1,0.6506024096385543,1.45,0.7560641508456831,0.0,1.0,0.6506024096385543
2024_25_20250520_CRY_WOL,2024_25,2025-05-20,CRY,WOL,1,0.4790575916230366,1.99,0.5955614383924706,0.0,1.0,0.4790575916230366
2024_25_20250520_MCI_BOU,2024_25,2025-05-20,MCI,BOU,1,0.6253101736972705,1.51,0.5411489847179151,0.0,1.0,0.6253101736972705
2024_25_20250525_BOU_LEI,2024_25,2025-05-25,BOU,LEI,0,0.6464891041162226,1.46,0.6277883067909522,0.0,1.0,0.6464891041162226
2024_25_20250525_FUL_MCI,2024_25,2025-05-25,FUL,MCI,0,0.6253101736972705,1.51,0.5927600266792399,0.0,1.0,0.6253101736972705
2024_25_20250525_IPS_WHU,2024_25,2025-05-25,IPS,WHU,1,0.6314496314496314,1.5,0.5582444825820183,0.0,1.0,0.6314496314496314
2024_25_20250525_LIV_CRY,2024_25,2025-05-25,LIV,CRY,0,0.7251585623678646,1.3,0.6701461642578154,0.0,1.0,0.7251585623678646
2024_25_20250525_MUN_AVL,2024_25,2025-05-25,MUN,AVL,0,0.5949367088607596,1.6,0.4906945589699852,0.0,1.0,0.5949367088607596
2024_25_20250525_NEW_EVE,2024_25,2025-05-25,NEW,EVE,0,0.6296296296296295,1.5,0.4846327773941106,0.0,1.0,0.6296296296296295
2024_25_20250525_NFO_CHE,2024_25,2025-05-25,NFO,CHE,0,0.5695876288659795,1.67,0.5214928298240847,0.0,1.0,0.5695876288659795
2024_25_20250525_SOU_ARS,2024_25,2025-05-25,SOU,ARS,1,0.6423357664233577,1.47,0.6451080712864432,0.0,1.0,0.6423357664233577
2024_25_20250525_TOT_BRI,2024_25,2025-05-25,TOT,BRI,1,0.7167381974248926,1.32,0.7768807517915303,0.0,1.0,0.7167381974248926
2024_25_20250525_WOL_BRE,2024_25,2025-05-25,WOL,BRE,0,0.6296296296296295,1.5,0.7152082954067291,0.0,1.0,0.6296296296296295
2025_26_20250816_AVL_NEW,2025_26,2025-08-16,AVL,NEW,0,0.582901554404145,1.61,0.938031195583341,0.0,1.0,0.582901554404145
2025_26_20250816_BRI_FUL,2025_26,2025-08-16,BRI,FUL,0,0.5488126649076518,1.71,0.5664969810138885,0.0,1.0,0.5488126649076518
2025_26_20250816_SUN_WHU,2025_26,2025-08-16,SUN,WHU,1,0.5,1.88,0.4881958217362141,0.0,1.0,0.5
2025_26_20250816_TOT_BUR,2025_26,2025-08-16,TOT,BUR,1,0.5654450261780105,1.66,0.5122760397779825,0.0,1.0,0.5654450261780105
2025_26_20250816_WOL_MCI,2025_26,2025-08-16,WOL,MCI,1,0.582901554404145,1.61,0.5264222347055475,0.0,1.0,0.582901554404145
2025_26_20250817_CHE_CRY,2025_26,2025-08-17,CHE,CRY,0,0.5766233766233767,1.63,0.5771177125789946,0.0,1.0,0.5766233766233767
2025_26_20250817_MUN_ARS,2025_26,2025-08-17,MUN,ARS,0,0.5225464190981433,1.8,0.4644837390698866,0.0,1.0,0.5225464190981433
2025_26_20250817_NFO_BRE,2025_26,2025-08-17,NFO,BRE,1,0.4880000000000001,1.92,0.4092217082639338,0.0,1.0,0.4880000000000001
2025_26_20250818_LEE_EVE,2025_26,2025-08-18,LEE,EVE,0,0.4538258575197889,2.07,0.4638800835194299,0.0,1.0,0.4538258575197889
2025_26_20250822_WHU_CHE,2025_26,2025-08-22,WHU,CHE,1,0.5485564304461943,1.72,0.4185616151677007,0.0,1.0,0.5485564304461943
2025_26_20250823_ARS_LEE,2025_26,2025-08-23,ARS,LEE,1,0.6055979643765903,1.55,0.5159601064957167,0.0,1.0,0.6055979643765903
2025_26_20250823_BOU_WOL,2025_26,2025-08-23,BOU,WOL,0,0.544973544973545,1.72,0.5679815681608087,0.0,1.0,0.544973544973545
2025_26_20250823_BRE_AVL,2025_26,2025-08-23,BRE,AVL,0,0.5305039787798408,1.77,0.5259905691330323,0.0,1.0,0.5305039787798408
2025_26_20250823_BUR_SUN,2025_26,2025-08-23,BUR,SUN,0,0.4145077720207254,2.26,0.4883375191930258,0.0,1.0,0.4145077720207254
2025_26_20250823_MCI_TOT,2025_26,2025-08-23,MCI,TOT,0,0.642156862745098,1.46,0.475465460868304,0.0,1.0,0.642156862745098
2025_26_20250824_CRY_NFO,2025_26,2025-08-24,CRY,NFO,0,0.4576719576719577,2.05,0.464106800418683,0.0,1.0,0.4576719576719577
2025_26_20250824_EVE_BRI,2025_26,2025-08-24,EVE,BRI,0,0.4668435013262599,2.01,0.4540202314077772,0.0,1.0,0.4668435013262599
2025_26_20250824_FUL_MUN,2025_26,2025-08-24,FUL,MUN,0,0.5292553191489361,1.77,0.4450118519082071,0.0,1.0,0.5292553191489361
2025_26_20250825_NEW_LIV,2025_26,2025-08-25,NEW,LIV,1,0.6136363636363636,1.53,0.4369243710947936,0.0,1.0,0.6136363636363636
2025_26_20250830_CHE_FUL,2025_26,2025-08-30,CHE,FUL,0,0.5639686684073107,1.67,0.480250489143199,0.0,1.0,0.5639686684073107
2025_26_20250830_LEE_NEW,2025_26,2025-08-30,LEE,NEW,0,0.53315649867374,1.76,0.4707190528283291,0.0,1.0,0.53315649867374
2025_26_20250830_MUN_BUR,2025_26,2025-08-30,MUN,BUR,1,0.5680628272251308,1.65,0.4302662578022104,0.0,1.0,0.5680628272251308
2025_26_20250830_SUN_BRE,2025_26,2025-08-30,SUN,BRE,1,0.4588859416445623,2.04,0.4701563775794182,0.0,1.0,0.4588859416445623
2025_26_20250830_TOT_BOU,2025_26,2025-08-30,TOT,BOU,0,0.6071428571428571,1.54,0.4766698759715422,0.0,1.0,0.6071428571428571
2025_26_20250830_WOL_EVE,2025_26,2025-08-30,WOL,EVE,1,0.431937172774869,2.17,0.4540218868321533,0.0,1.0,0.431937172774869
2025_26_20250831_AVL_CRY,2025_26,2025-08-31,AVL,CRY,1,0.4813829787234043,1.95,0.4888591255642243,0.0,1.0,0.4813829787234043
2025_26_20250831_BRI_MCI,2025_26,2025-08-31,BRI,MCI,1,0.596401028277635,1.57,0.4937954882253814,0.0,1.0,0.596401028277635
2025_26_20250831_LIV_ARS,2025_26,2025-08-31,LIV,ARS,0,0.5435356200527705,1.73,0.4983390709303735,0.0,1.0,0.5435356200527705
2025_26_20250831_NFO_WHU,2025_26,2025-08-31,NFO,WHU,1,0.4840425531914894,1.94,0.4770569812219991,0.0,1.0,0.4840425531914894
2025_26_20250913_ARS_NFO,2025_26,2025-09-13,ARS,NFO,1,0.5552631578947369,1.69,0.4823209102365524,0.0,1.0,0.5552631578947369
2025_26_20250913_BOU_BRI,2025_26,2025-09-13,BOU,BRI,1,0.5616797900262467,1.67,0.4871998678019158,0.0,1.0,0.5616797900262467
2025_26_20250913_BRE_CHE,2025_26,2025-09-13,BRE,CHE,1,0.5538057742782152,1.7,0.4917320334363471,0.0,1.0,0.5538057742782152
2025_26_20250913_CRY_SUN,2025_26,2025-09-13,CRY,SUN,0,0.4511873350923483,2.08,0.5075973838633908,0.0,1.0,0.4511873350923483
2025_26_20250913_EVE_AVL,2025_26,2025-09-13,EVE,AVL,0,0.4656084656084655,2.02,0.4763301938392658,0.0,1.0,0.4656084656084655
2025_26_20250913_FUL_LEE,2025_26,2025-09-13,FUL,LEE,0,0.4734042553191488,1.98,0.446186187870965,0.0,1.0,0.4734042553191488
2025_26_20250913_NEW_WOL,2025_26,2025-09-13,NEW,WOL,0,0.5396825396825397,1.74,0.429073420703288,0.0,1.0,0.5396825396825397
2025_26_20250913_WHU_TOT,2025_26,2025-09-13,WHU,TOT,1,0.5343915343915343,1.76,0.4128028248918511,0.0,1.0,0.5343915343915343
2025_26_20250914_BUR_LIV,2025_26,2025-09-14,BUR,LIV,0,0.6161616161616161,1.52,0.4204847628721724,0.0,1.0,0.6161616161616161
2025_26_20250914_MCI_MUN,2025_26,2025-09-14,MCI,MUN,1,0.6055979643765903,1.55,0.4049620591907783,0.0,1.0,0.6055979643765903
2025_26_20250920_BRI_TOT,2025_26,2025-09-20,BRI,TOT,1,0.5729166666666667,1.64,0.4128068481917206,0.0,1.0,0.5729166666666667
2025_26_20250920_BUR_NFO,2025_26,2025-09-20,BUR,NFO,0,0.4840425531914894,1.94,0.4312154028809463,0.0,1.0,0.4840425531914894
2025_26_20250920_FUL_BRE,2025_26,2025-09-20,FUL,BRE,1,0.493368700265252,1.91,0.4268296538425893,0.0,1.0,0.493368700265252
2025_26_20250920_LIV_EVE,2025_26,2025-09-20,LIV,EVE,1,0.5891472868217055,1.59,0.4440888239376777,0.0,1.0,0.5891472868217055
2025_26_20250920_MUN_CHE,2025_26,2025-09-20,MUN,CHE,1,0.596401028277635,1.57,0.4498302763698059,0.0,1.0,0.596401028277635
2025_26_20250920_WHU_CRY,2025_26,2025-09-20,WHU,CRY,1,0.4748010610079576,1.98,0.4552578105100274,0.0,1.0,0.4748010610079576
2025_26_20250920_WOL_LEE,2025_26,2025-09-20,WOL,LEE,1,0.421875,2.22,0.4603934035643926,0.0,1.0,0.421875
2025_26_20250921_ARS_MCI,2025_26,2025-09-21,ARS,MCI,0,0.5305039787798408,1.77,0.4752525573151127,0.0,1.0,0.5305039787798408
2025_26_20250921_BOU_NEW,2025_26,2025-09-21,BOU,NEW,0,0.5225464190981433,1.8,0.4695702388602241,0.0,1.0,0.5225464190981433
2025_26_20250921_SUN_AVL,2025_26,2025-09-21,SUN,AVL,0,0.4485488126649077,2.09,0.4442499442422696,0.0,1.0,0.4485488126649077
2025_26_20250927_BRE_MUN,2025_26,2025-09-27,BRE,MUN,1,0.5751295336787565,1.64,0.803425523708867,0.0,1.0,0.5751295336787565
2025_26_20250927_CHE_BRI,2025_26,2025-09-27,CHE,BRI,1,0.5902061855670103,1.59,0.9153431364258896,0.0,1.0,0.5902061855670103
2025_26_20250927_CRY_LIV,2025_26,2025-09-27,CRY,LIV,1,0.5461741424802111,1.72,0.3573624981645374,0.0,1.0,0.5461741424802111
2025_26_20250927_LEE_BOU,2025_26,2025-09-27,LEE,BOU,1,0.4801061007957559,1.96,0.2503608969458402,0.0,1.0,0.4801061007957559
2025_26_20250927_MCI_BUR,2025_26,2025-09-27,MCI,BUR,1,0.657074340527578,1.43,0.2942727967064154,0.0,1.0,0.657074340527578
2025_26_20250927_NFO_SUN,2025_26,2025-09-27,NFO,SUN,0,0.4774535809018567,1.97,0.3622257317910905,0.0,1.0,0.4774535809018567
2025_26_20250927_TOT_WOL,2025_26,2025-09-27,TOT,WOL,0,0.5602094240837696,1.68,0.952793004736467,0.0,1.0,0.5602094240837696
2025_26_20250928_AVL_FUL,2025_26,2025-09-28,AVL,FUL,1,0.4447368421052632,2.11,0.0559016158867907,0.0,1.0,0.4447368421052632
2025_26_20250928_NEW_ARS,2025_26,2025-09-28,NEW,ARS,1,0.4511873350923483,2.08,0.0001546530702647,0.0,1.0,0.4511873350923483
2025_26_20250929_EVE_WHU,2025_26,2025-09-29,EVE,WHU,0,0.4920212765957447,1.91,0.8881765935343378,0.0,1.0,0.4920212765957447
2025_26_20251003_BOU_FUL,2025_26,2025-10-03,BOU,FUL,1,0.4894179894179895,1.93,0.3970824872941642,0.0,1.0,0.4894179894179895
2025_26_20251004_ARS_WHU,2025_26,2025-10-04,ARS,WHU,0,0.6190476190476191,1.52,0.7883009812884056,0.0,1.0,0.6190476190476191
2025_26_20251004_CHE_LIV,2025_26,2025-10-04,CHE,LIV,1,0.6136363636363636,1.53,0.6984497923768932,0.0,1.0,0.6136363636363636
2025_26_20251004_LEE_TOT,2025_26,2025-10-04,LEE,TOT,1,0.5,1.89,0.4072339932308952,0.0,1.0,0.5
2025_26_20251004_MUN_SUN,2025_26,2025-10-04,MUN,SUN,0,0.574025974025974,1.64,0.2842598791613109,0.0,1.0,0.574025974025974
2025_26_20251005_AVL_BUR,2025_26,2025-10-05,AVL,BUR,1,0.4960212201591513,1.9,0.2697279473758176,0.0,1.0,0.4960212201591513
2025_26_20251005_BRE_MCI,2025_26,2025-10-05,BRE,MCI,0,0.6010230179028133,1.56,0.732803160916667,0.0,1.0,0.6010230179028133
2025_26_20251005_EVE_CRY,2025_26,2025-10-05,EVE,CRY,1,0.4285714285714286,2.2,0.1725968481203978,0.0,1.0,0.4285714285714286
2025_26_20251005_NEW_NFO,2025_26,2025-10-05,NEW,NFO,0,0.5564304461942258,1.69,0.1552842436384214,0.0,1.0,0.5564304461942258
2025_26_20251005_WOL_BRI,2025_26,2025-10-05,WOL,BRI,0,0.5145888594164455,1.83,0.6214191974170485,0.0,1.0,0.5145888594164455
2025_26_20251018_BRI_NEW,2025_26,2025-10-18,BRI,NEW,1,0.5106382978723405,1.84,0.2077369243951801,0.0,1.0,0.5106382978723405
2025_26_20251018_BUR_LEE,2025_26,2025-10-18,BUR,LEE,0,0.4270833333333333,2.2,0.495106928422088,0.0,1.0,0.4270833333333333
2025_26_20251018_CRY_BOU,2025_26,2025-10-18,CRY,BOU,1,0.4907161803713528,1.92,0.3746245645947241,0.0,1.0,0.4907161803713528
2025_26_20251018_FUL_ARS,2025_26,2025-10-18,FUL,ARS,0,0.4973404255319149,1.89,0.2925824701730386,0.0,1.0,0.4973404255319149
2025_26_20251018_MCI_EVE,2025_26,2025-10-18,MCI,EVE,0,0.5564304461942258,1.69,0.5168265796395052,0.0,1.0,0.5564304461942258
2025_26_20251018_NFO_CHE,2025_26,2025-10-18,NFO,CHE,1,0.5590551181102362,1.68,0.6162766452359978,0.0,1.0,0.5590551181102362
2025_26_20251018_SUN_WOL,2025_26,2025-10-18,SUN,WOL,0,0.3863636363636363,2.43,0.3539830097161178,0.0,1.0,0.3863636363636363
2025_26_20251019_LIV_MUN,2025_26,2025-10-19,LIV,MUN,1,0.6545893719806762,1.43,0.6914380506351023,0.0,1.0,0.6545893719806762
2025_26_20251019_TOT_AVL,2025_26,2025-10-19,TOT,AVL,1,0.5278514588859416,1.78,0.3363303920782531,0.0,1.0,0.5278514588859416
2025_26_20251020_WHU_BRE,2025_26,2025-10-20,WHU,BRE,0,0.5079787234042553,1.85,0.6522246013457224,0.0,1.0,0.5079787234042553
2025_26_20251024_LEE_WHU,2025_26,2025-10-24,LEE,WHU,1,0.4631578947368421,2.04,0.4690473856832504,0.0,1.0,0.4631578947368421
2025_26_20251025_BRE_LIV,2025_26,2025-10-25,BRE,LIV,1,0.610126582278481,1.54,0.6352773441315765,0.0,1.0,0.610126582278481
2025_26_20251025_CHE_SUN,2025_26,2025-10-25,CHE,SUN,1,0.5564304461942258,1.69,0.3288961157160452,0.0,1.0,0.5564304461942258
2025_26_20251025_MUN_BRI,2025_26,2025-10-25,MUN,BRI,1,0.6136363636363636,1.53,0.5649871953963654,0.0,1.0,0.6136363636363636
2025_26_20251025_NEW_FUL,2025_26,2025-10-25,NEW,FUL,1,0.5092838196286471,1.85,0.190490858913753,0.0,1.0,0.5092838196286471
2025_26_20251026_ARS_CRY,2025_26,2025-10-26,ARS,CRY,0,0.5408970976253298,1.74,0.2853622887396345,0.0,1.0,0.5408970976253298
2025_26_20251026_AVL_MCI,2025_26,2025-10-26,AVL,MCI,0,0.5447368421052632,1.73,0.3235473430889408,0.0,1.0,0.5447368421052632
2025_26_20251026_BOU_NFO,2025_26,2025-10-26,BOU,NFO,0,0.5106382978723405,1.84,0.6765259677867066,0.0,1.0,0.5106382978723405
2025_26_20251026_EVE_TOT,2025_26,2025-10-26,EVE,TOT,1,0.4920212765957447,1.91,0.3634915172511546,0.0,1.0,0.4920212765957447
2025_26_20251026_WOL_BUR,2025_26,2025-10-26,WOL,BUR,1,0.4233766233766234,2.22,0.4275701721196587,0.0,1.0,0.4233766233766234
2025_26_20251101_BRI_LEE,2025_26,2025-11-01,BRI,LEE,1,0.5239361702127661,1.79,0.5763641998278276,0.0,1.0,0.5239361702127661
2025_26_20251101_BUR_ARS,2025_26,2025-11-01,BUR,ARS,0,0.5423280423280423,1.73,0.3156366005184225,0.0,1.0,0.5423280423280423
2025_26_20251101_CRY_BRE,2025_26,2025-11-01,CRY,BRE,0,0.5396825396825397,1.74,0.5244126797240078,0.0,1.0,0.5396825396825397
2025_26_20251101_FUL_WOL,2025_26,2025-11-01,FUL,WOL,1,0.433420365535248,2.17,0.4338811865350407,0.0,1.0,0.433420365535248
2025_26_20251101_LIV_AVL,2025_26,2025-11-01,LIV,AVL,0,0.6161616161616161,1.52,0.4056638878125393,0.0,1.0,0.6161616161616161
2025_26_20251101_NFO_MUN,2025_26,2025-11-01,NFO,MUN,1,0.5499999999999999,1.71,0.4853279235985096,0.0,1.0,0.5499999999999999
2025_26_20251101_TOT_CHE,2025_26,2025-11-01,TOT,CHE,0,0.5526315789473685,1.7,0.6328791689794283,0.0,1.0,0.5526315789473685
2025_26_20251102_MCI_BOU,2025_26,2025-11-02,MCI,BOU,1,0.6171284634760705,1.52,0.5467126436903251,0.0,1.0,0.6171284634760705
2025_26_20251102_WHU_NEW,2025_26,2025-11-02,WHU,NEW,1,0.5396825396825397,1.74,0.2951557217924421,0.0,1.0,0.5396825396825397
2025_26_20251103_SUN_EVE,2025_26,2025-11-03,SUN,EVE,0,0.4097938144329897,2.29,0.2883335530223445,0.0,1.0,0.4097938144329897
2025_26_20251108_CHE_WOL,2025_26,2025-11-08,CHE,WOL,1,0.5792207792207792,1.62,0.8199718735337282,0.0,1.0,0.5792207792207792
2025_26_20251108_EVE_FUL,2025_26,2025-11-08,EVE,FUL,0,0.433420365535248,2.17,0.3381828918802272,0.0,1.0,0.433420365535248
2025_26_20251108_SUN_ARS,2025_26,2025-11-08,SUN,ARS,1,0.4708994708994709,2.0,0.0941056562176756,0.0,1.0,0.4708994708994709
2025_26_20251108_TOT_MUN,2025_26,2025-11-08,TOT,MUN,1,0.5762273901808785,1.64,0.688901894041138,0.0,1.0,0.5762273901808785
2025_26_20251108_WHU_BUR,2025_26,2025-11-08,WHU,BUR,1,0.4787234042553191,1.96,0.6289268002538682,0.0,1.0,0.4787234042553191
2025_26_20251109_AVL_BOU,2025_26,2025-11-09,AVL,BOU,1,0.5172413793103448,1.82,0.3128121085049393,0.0,1.0,0.5172413793103448
2025_26_20251109_BRE_NEW,2025_26,2025-11-09,BRE,NEW,1,0.5186170212765957,1.81,0.3694238604485932,0.0,1.0,0.5186170212765957
2025_26_20251109_CRY_BRI,2025_26,2025-11-09,CRY,BRI,0,0.5488126649076518,1.71,0.5022801028957243,0.0,1.0,0.5488126649076518
2025_26_20251109_MCI_LIV,2025_26,2025-11-09,MCI,LIV,1,0.6354679802955665,1.48,0.6174334243986811,0.0,1.0,0.6354679802955665
2025_26_20251109_NFO_LEE,2025_26,2025-11-09,NFO,LEE,1,0.4603174603174603,2.04,0.2952071698657453,0.0,1.0,0.4603174603174603
2025_26_20251122_BOU_WHU,2025_26,2025-11-22,BOU,WHU,1,0.5703125,1.65,0.796051387705977,0.0,1.0,0.5703125
2025_26_20251122_BRI_BRE,2025_26,2025-11-22,BRI,BRE,1,0.5590551181102362,1.68,0.6138371009409609,0.0,1.0,0.5590551181102362
2025_26_20251122_BUR_CHE,2025_26,2025-11-22,BUR,CHE,0,0.53315649867374,1.76,0.6311685165265529,0.0,1.0,0.53315649867374
2025_26_20251122_FUL_SUN,2025_26,2025-11-22,FUL,SUN,0,0.4296875,2.19,0.229624301205763,0.0,1.0,0.4296875
2025_26_20251122_LIV_NFO,2025_26,2025-11-22,LIV,NFO,1,0.6136363636363636,1.53,0.6737367033036281,0.0,1.0,0.6136363636363636
2025_26_20251122_NEW_MCI,2025_26,2025-11-22,NEW,MCI,1,0.5590551181102362,1.68,0.3382993479801475,0.0,1.0,0.5590551181102362
2025_26_20251122_WOL_CRY,2025_26,2025-11-22,WOL,CRY,0,0.4721485411140583,1.99,0.3935707263965646,0.0,1.0,0.4721485411140583
2025_26_20251123_ARS_TOT,2025_26,2025-11-23,ARS,TOT,1,0.5305039787798408,1.77,0.3200975933445975,0.0,1.0,0.5305039787798408
2025_26_20251123_LEE_AVL,2025_26,2025-11-23,LEE,AVL,1,0.4435695538057742,2.12,0.2483685870973481,0.0,1.0,0.4435695538057742
2025_26_20251124_MUN_EVE,2025_26,2025-11-24,MUN,EVE,0,0.5396825396825397,1.74,0.514708488185471,0.0,1.0,0.5396825396825397
2025_26_20251129_BRE_BUR,2025_26,2025-11-29,BRE,BUR,1,0.5278514588859416,1.78,0.669362392230173,0.0,1.0,0.5278514588859416
2025_26_20251129_EVE_NEW,2025_26,2025-11-29,EVE,NEW,1,0.4787234042553191,1.96,0.2725184591805232,0.0,1.0,0.4787234042553191
2025_26_20251129_MCI_LEE,2025_26,2025-11-29,MCI,LEE,1,0.6180904522613065,1.52,0.6061578853923896,0.0,1.0,0.6180904522613065
2025_26_20251129_SUN_BOU,2025_26,2025-11-29,SUN,BOU,1,0.4801061007957559,1.96,0.3655627800868133,0.0,1.0,0.4801061007957559
2025_26_20251129_TOT_FUL,2025_26,2025-11-29,TOT,FUL,1,0.5039787798408488,1.87,0.4188297264187512,0.0,1.0,0.5039787798408488
2025_26_20251130_AVL_WOL,2025_26,2025-11-30,AVL,WOL,0,0.526595744680851,1.78,0.4527936001376078,0.0,1.0,0.526595744680851
2025_26_20251130_CHE_ARS,2025_26,2025-11-30,CHE,ARS,0,0.4893617021276596,1.92,0.270915529154891,0.0,1.0,0.4893617021276596
2025_26_20251130_CRY_MUN,2025_26,2025-11-30,CRY,MUN,1,0.5488126649076518,1.71,0.4187522397423783,0.0,1.0,0.5488126649076518
2025_26_20251130_NFO_BRI,2025_26,2025-11-30,NFO,BRI,0,0.5,1.88,0.490419172930564,0.0,1.0,0.5
2025_26_20251130_WHU_LIV,2025_26,2025-11-30,WHU,LIV,0,0.6206030150753769,1.51,0.6784743902008209,0.0,1.0,0.6206030150753769
2025_26_20251202_BOU_EVE,2025_26,2025-12-02,BOU,EVE,0,0.492063492063492,1.92,0.5123846166592834,0.0,1.0,0.492063492063492
2025_26_20251202_FUL_MCI,2025_26,2025-12-02,FUL,MCI,1,0.5714285714285715,1.65,0.4131494559224745,0.0,1.0,0.5714285714285715
2025_26_20251202_NEW_TOT,2025_26,2025-12-02,NEW,TOT,1,0.5485564304461943,1.72,0.4531976954767367,0.0,1.0,0.5485564304461943
2025_26_20251203_ARS_BRE,2025_26,2025-12-03,ARS,BRE,0,0.5435356200527705,1.73,0.4733143526226187,0.0,1.0,0.5435356200527705
2025_26_20251203_BRI_AVL,2025_26,2025-12-03,BRI,AVL,1,0.5159574468085106,1.82,0.2823286777227105,0.0,1.0,0.5159574468085106
2025_26_20251203_BUR_CRY,2025_26,2025-12-03,BUR,CRY,0,0.4774535809018567,1.97,0.3735681846920564,0.0,1.0,0.4774535809018567
2025_26_20251203_LEE_CHE,2025_26,2025-12-03,LEE,CHE,1,0.519893899204244,1.81,0.5274399351911185,0.0,1.0,0.519893899204244
2025_26_20251203_LIV_SUN,2025_26,2025-12-03,LIV,SUN,0,0.6055979643765903,1.55,0.3672813841304091,0.0,1.0,0.6055979643765903
2025_26_20251203_WOL_NFO,2025_26,2025-12-03,WOL,NFO,0,0.4538258575197889,2.07,0.3140910140257693,0.0,1.0,0.4538258575197889
2025_26_20251204_MUN_WHU,2025_26,2025-12-04,MUN,WHU,0,0.6293532338308457,1.49,0.6692913640334116,0.0,1.0,0.6293532338308457
2025_26_20251206_AVL_ARS,2025_26,2025-12-06,AVL,ARS,1,0.4578947368421053,2.06,0.2425595564622314,0.0,1.0,0.4578947368421053
2025_26_20251206_BOU_CHE,2025_26,2025-12-06,BOU,CHE,0,0.5744125326370757,1.63,0.5841800736397403,0.0,1.0,0.5744125326370757
2025_26_20251206_EVE_NFO,2025_26,2025-12-06,EVE,NFO,1,0.4485488126649077,2.09,0.3341223755320081,0.0,1.0,0.4485488126649077
2025_26_20251206_LEE_LIV,2025_26,2025-12-06,LEE,LIV,1,0.5729166666666667,1.64,0.5709485503278844,0.0,1.0,0.5729166666666667
2025_26_20251206_MCI_SUN,2025_26,2025-12-06,MCI,SUN,1,0.634567901234568,1.48,0.4739213150616609,0.0,1.0,0.634567901234568
2025_26_20251206_NEW_BUR,2025_26,2025-12-06,NEW,BUR,1,0.5917312661498708,1.58,0.5400827955278296,0.0,1.0,0.5917312661498708
2025_26_20251206_TOT_BRE,2025_26,2025-12-06,TOT,BRE,0,0.5225464190981433,1.8,0.602701510757266,0.0,1.0,0.5225464190981433
2025_26_20251207_BRI_WHU,2025_26,2025-12-07,BRI,WHU,0,0.5865633074935401,1.6,0.7163455996110389,0.0,1.0,0.5865633074935401
2025_26_20251207_FUL_CRY,2025_26,2025-12-07,FUL,CRY,1,0.4656084656084655,2.02,0.3411096560386594,0.0,1.0,0.4656084656084655
2025_26_20251208_WOL_MUN,2025_26,2025-12-08,WOL,MUN,1,0.5616797900262467,1.67,0.4648310987104411,0.0,1.0,0.5616797900262467
2025_26_20251213_ARS_WOL,2025_26,2025-12-13,ARS,WOL,1,0.6215538847117794,1.51,0.6118298167039933,0.0,1.0,0.6215538847117794
2025_26_20251213_BUR_FUL,2025_26,2025-12-13,BUR,FUL,1,0.4603174603174603,2.04,0.5142983463704502,0.0,1.0,0.4603174603174603
2025_26_20251213_CHE_EVE,2025_26,2025-12-13,CHE,EVE,0,0.5093333333333333,1.84,0.3353819661576314,0.0,1.0,0.5093333333333333
2025_26_20251213_LIV_BRI,2025_26,2025-12-13,LIV,BRI,0,0.6231155778894473,1.5,0.613392489317124,0.0,1.0,0.6231155778894473
2025_26_20251214_BRE_LEE,2025_26,2025-12-14,BRE,LEE,0,0.5039999999999999,1.86,0.6085704555660938,0.0,1.0,0.5039999999999999
2025_26_20251214_CRY_MCI,2025_26,2025-12-14,CRY,MCI,1,0.5654450261780105,1.66,0.395521079784645,0.0,1.0,0.5654450261780105
2025_26_20251214_NFO_TOT,2025_26,2025-12-14,NFO,TOT,1,0.48,1.95,0.4991279369063013,0.0,1.0,0.48
2025_26_20251214_SUN_NEW,2025_26,2025-12-14,SUN,NEW,0,0.4906666666666666,1.91,0.3544021984590735,0.0,1.0,0.4906666666666666
2025_26_20251214_WHU_AVL,2025_26,2025-12-14,WHU,AVL,1,0.5253333333333333,1.78,0.5146080789440399,0.0,1.0,0.5253333333333333
2025_26_20251215_MUN_BOU,2025_26,2025-12-15,MUN,BOU,1,0.6035805626598465,1.55,0.645896634973937,0.0,1.0,0.6035805626598465
2025_26_20251220_BOU_BUR,2025_26,2025-12-20,BOU,BUR,0,0.5590551181102362,1.68,0.6602607175551272,0.0,1.0,0.5590551181102362
2025_26_20251220_BRI_SUN,2025_26,2025-12-20,BRI,SUN,0,0.5212765957446808,1.8,0.3575534094151525,0.0,1.0,0.5212765957446808
2025_26_20251220_EVE_ARS,2025_26,2025-12-20,EVE,ARS,0,0.4576719576719577,2.05,0.2792170186154263,0.0,1.0,0.4576719576719577
2025_26_20251220_LEE_CRY,2025_26,2025-12-20,LEE,CRY,1,0.4576719576719577,2.05,0.427520946560629,0.0,1.0,0.4576719576719577
2025_26_20251220_MCI_WHU,2025_26,2025-12-20,MCI,WHU,1,0.7002237136465325,1.34,0.8055747203378739,0.0,1.0,0.7002237136465325
2025_26_20251220_NEW_CHE,2025_26,2025-12-20,NEW,CHE,1,0.5677083333333334,1.66,0.3753367398652798,0.0,1.0,0.5677083333333334
2025_26_20251220_TOT_LIV,2025_26,2025-12-20,TOT,LIV,1,0.5744125326370757,1.63,0.5853465781470294,0.0,1.0,0.5744125326370757
2025_26_20251220_WOL_BRE,2025_26,2025-12-20,WOL,BRE,0,0.4867021276595745,1.93,0.4137243480839601,0.0,1.0,0.4867021276595745
2025_26_20251221_AVL_MUN,2025_26,2025-12-21,AVL,MUN,1,0.5755208333333334,1.63,0.6131997099244955,0.0,1.0,0.5755208333333334
2025_26_20251222_FUL_NFO,2025_26,2025-12-22,FUL,NFO,0,0.4693333333333332,1.99,0.5067974343974103,0.0,1.0,0.4693333333333332
2025_26_20251226_MUN_NEW,2025_26,2025-12-26,MUN,NEW,0,0.578125,1.62,0.6220565728273116,0.0,1.0,0.578125
2025_26_20251227_ARS_BRI,2025_26,2025-12-27,ARS,BRI,1,0.5729166666666667,1.64,0.4279604231863614,0.0,1.0,0.5729166666666667
2025_26_20251227_BRE_BOU,2025_26,2025-12-27,BRE,BOU,1,0.5552631578947369,1.69,0.6257408533341896,0.0,1.0,0.5552631578947369
2025_26_20251227_BUR_EVE,2025_26,2025-12-27,BUR,EVE,0,0.4345549738219895,2.16,0.3856843681068042,0.0,1.0,0.4345549738219895
2025_26_20251227_CHE_AVL,2025_26,2025-12-27,CHE,AVL,1,0.5578947368421052,1.68,0.4493460803551909,0.0,1.0,0.5578947368421052
2025_26_20251227_LIV_WOL,2025_26,2025-12-27,LIV,WOL,1,0.642156862745098,1.46,0.6567876602358167,0.0,1.0,0.642156862745098
2025_26_20251227_NFO_MCI,2025_26,2025-12-27,NFO,MCI,1,0.5792207792207792,1.62,0.5746983314115002,0.0,1.0,0.5792207792207792
2025_26_20251227_WHU_FUL,2025_26,2025-12-27,WHU,FUL,0,0.526595744680851,1.78,0.6232368272308763,0.0,1.0,0.526595744680851
2025_26_20251228_CRY_TOT,2025_26,2025-12-28,CRY,TOT,0,0.4787234042553191,1.96,0.4765853706330196,0.0,1.0,0.4787234042553191
2025_26_20251228_SUN_LEE,2025_26,2025-12-28,SUN,LEE,0,0.4281984334203655,2.19,0.4570664456023925,0.0,1.0,0.4281984334203655
2025_26_20251230_ARS_AVL,2025_26,2025-12-30,ARS,AVL,1,0.5651041666666667,1.67,0.3704600252349328,0.0,1.0,0.5651041666666667
2025_26_20251230_BUR_NEW,2025_26,2025-12-30,BUR,NEW,1,0.5305039787798408,1.77,0.4781557257485125,0.0,1.0,0.5305039787798408
2025_26_20251230_CHE_BOU,2025_26,2025-12-30,CHE,BOU,1,0.6339066339066339,1.49,0.6460660850924902,0.0,1.0,0.6339066339066339
2025_26_20251230_MUN_WOL,2025_26,2025-12-30,MUN,WOL,0,0.5948717948717949,1.58,0.6953269225814653,0.0,1.0,0.5948717948717949
2025_26_20251230_NFO_EVE,2025_26,2025-12-30,NFO,EVE,0,0.4123711340206186,2.28,0.2728358870994001,0.0,1.0,0.4123711340206186
2025_26_20251230_WHU_BRI,2025_26,2025-12-30,WHU,BRI,1,0.5703125,1.65,0.5706045459508541,0.0,1.0,0.5703125
2025_26_20260101_BRE_TOT,2025_26,2026-01-01,BRE,TOT,0,0.5013333333333333,1.87,0.5487992585598909,0.0,1.0,0.5013333333333333
2025_26_20260101_CRY_FUL,2025_26,2026-01-01,CRY,FUL,0,0.4640000000000001,2.01,0.4243390677957056,0.0,1.0,0.4640000000000001
2025_26_20260101_LIV_LEE,2025_26,2026-01-01,LIV,LEE,0,0.5902061855670103,1.59,0.7036003813871088,0.0,1.0,0.5902061855670103
2025_26_20260101_SUN_MCI,2025_26,2026-01-01,SUN,MCI,0,0.578125,1.62,0.4513858776749395,0.0,1.0,0.578125
2025_26_20260103_AVL_NFO,2025_26,2026-01-03,AVL,NFO,1,0.5225464190981433,1.8,0.5555184553861314,0.0,1.0,0.5225464190981433
2025_26_20260103_BOU_ARS,2025_26,2026-01-03,BOU,ARS,1,0.578125,1.62,0.5908779060931328,0.0,1.0,0.578125
2025_26_20260103_BRI_BUR,2025_26,2026-01-03,BRI,BUR,0,0.5526315789473685,1.7,0.6443092473301251,0.0,1.0,0.5526315789473685
2025_26_20260103_WOL_WHU,2025_26,2026-01-03,WOL,WHU,1,0.4920212765957447,1.91,0.474737492174514,0.0,1.0,0.4920212765957447
2025_26_20260104_EVE_BRE,2025_26,2026-01-04,EVE,BRE,1,0.4281984334203655,2.19,0.3647546510644313,0.0,1.0,0.4281984334203655
2025_26_20260104_FUL_LIV,2025_26,2026-01-04,FUL,LIV,1,0.5305039787798408,1.77,0.5558830533754141,0.0,1.0,0.5305039787798408
2025_26_20260104_LEE_MUN,2025_26,2026-01-04,LEE,MUN,0,0.5212765957446808,1.8,0.6690905890750884,0.0,1.0,0.5212765957446808
2025_26_20260104_MCI_CHE,2025_26,2026-01-04,MCI,CHE,0,0.6311881188118812,1.49,0.5624946526608633,0.0,1.0,0.6311881188118812
2025_26_20260104_NEW_CRY,2025_26,2026-01-04,NEW,CRY,0,0.5358090185676393,1.75,0.3944196302727152,0.0,1.0,0.5358090185676393
2025_26_20260104_TOT_SUN,2025_26,2026-01-04,TOT,SUN,0,0.4694960212201591,2.0,0.2818381036395498,0.0,1.0,0.4694960212201591
2025_26_20260106_WHU_NFO,2025_26,2026-01-06,WHU,NFO,1,0.493368700265252,1.91,0.5008411387586896,0.0,1.0,0.493368700265252
2025_26_20260107_BOU_TOT,2025_26,2026-01-07,BOU,TOT,1,0.5552631578947369,1.69,0.6339213265630178,0.0,1.0,0.5552631578947369
2025_26_20260107_BRE_SUN,2025_26,2026-01-07,BRE,SUN,1,0.4748010610079576,1.98,0.3354593200829288,0.0,1.0,0.4748010610079576
2025_26_20260107_BUR_MUN,2025_26,2026-01-07,BUR,MUN,1,0.5488126649076518,1.71,0.6350176225570036,0.0,1.0,0.5488126649076518
2025_26_20260107_CRY_AVL,2025_26,2026-01-07,CRY,AVL,0,0.4946808510638298,1.9,0.408704514674213,0.0,1.0,0.4946808510638298
2025_26_20260107_EVE_WOL,2025_26,2026-01-07,EVE,WOL,0,0.4576719576719577,2.05,0.4191363942030583,0.0,1.0,0.4576719576719577
2025_26_20260107_FUL_CHE,2025_26,2026-01-07,FUL,CHE,1,0.5305039787798408,1.77,0.5397669192339887,0.0,1.0,0.5305039787798408
2025_26_20260107_MCI_BRI,2025_26,2026-01-07,MCI,BRI,0,0.6602870813397128,1.42,0.619519763143872,0.0,1.0,0.6602870813397128
2025_26_20260107_NEW_LEE,2025_26,2026-01-07,NEW,LEE,1,0.5251989389920424,1.79,0.5510721888223757,0.0,1.0,0.5251989389920424
2025_26_20260108_ARS_LIV,2025_26,2026-01-08,ARS,LIV,0,0.5476190476190476,1.71,0.5353190841623829,0.0,1.0,0.5476190476190476
2025_26_20260117_CHE_BRE,2025_26,2026-01-17,CHE,BRE,0,0.5755208333333334,1.63,0.557818347429855,0.0,1.0,0.5755208333333334
2025_26_20260117_LEE_FUL,2025_26,2026-01-17,LEE,FUL,0,0.4591029023746703,2.05,0.6231437168487696,0.0,1.0,0.4591029023746703
2025_26_20260117_LIV_BUR,2025_26,2026-01-17,LIV,BUR,0,0.6081424936386769,1.54,0.6654372942991155,0.0,1.0,0.6081424936386769
2025_26_20260117_MUN_MCI,2025_26,2026-01-17,MUN,MCI,0,0.6336633663366337,1.48,0.6595227710168842,0.0,1.0,0.6336633663366337
2025_26_20260117_NFO_ARS,2025_26,2026-01-17,NFO,ARS,0,0.5039999999999999,1.86,0.471427610449648,0.0,1.0,0.5039999999999999
2025_26_20260117_SUN_CRY,2025_26,2026-01-17,SUN,CRY,1,0.4270833333333333,2.2,0.2450514191920664,0.0,1.0,0.4270833333333333
2025_26_20260117_TOT_WHU,2025_26,2026-01-17,TOT,WHU,1,0.5488126649076518,1.71,0.7150295860398824,0.0,1.0,0.5488126649076518
2025_26_20260118_AVL_EVE,2025_26,2026-01-18,AVL,EVE,0,0.4986666666666667,1.88,0.4801642443454191,0.0,1.0,0.4986666666666667
2025_26_20260118_WOL_NEW,2025_26,2026-01-18,WOL,NEW,0,0.5654450261780105,1.66,0.560460200677841,0.0,1.0,0.5654450261780105
2025_26_20260119_BRI_BOU,2025_26,2026-01-19,BRI,BOU,0,0.6277915632754342,1.5,0.7782010870859397,0.0,1.0,0.6277915632754342
2025_26_20260124_BOU_LIV,2025_26,2026-01-24,BOU,LIV,1,0.596401028277635,1.57,0.7407333507198919,0.0,1.0,0.596401028277635
2025_26_20260124_BUR_TOT,2025_26,2026-01-24,BUR,TOT,1,0.4707446808510637,1.99,0.609813741209623,0.0,1.0,0.4707446808510637
2025_26_20260124_FUL_BRI,2025_26,2026-01-24,FUL,BRI,1,0.53315649867374,1.76,0.552160067381251,0.0,1.0,0.53315649867374
2025_26_20260124_MCI_WOL,2025_26,2026-01-24,MCI,WOL,0,0.6737089201877935,1.39,0.7212486538903009,0.0,1.0,0.6737089201877935
2025_26_20260124_WHU_SUN,2025_26,2026-01-24,WHU,SUN,1,0.4511873350923483,2.08,0.4166461305925806,0.0,1.0,0.4511873350923483
2025_26_20260125_ARS_MUN,2025_26,2026-01-25,ARS,MUN,1,0.554089709762533,1.69,0.5750852241885104,0.0,1.0,0.554089709762533
2025_26_20260125_BRE_NFO,2025_26,2026-01-25,BRE,NFO,0,0.4907161803713528,1.92,0.5518309551327631,0.0,1.0,0.4907161803713528
2025_26_20260125_CRY_CHE,2025_26,2026-01-25,CRY,CHE,1,0.5396825396825397,1.74,0.3914453790888397,0.0,1.0,0.5396825396825397
2025_26_20260125_NEW_AVL,2025_26,2026-01-25,NEW,AVL,0,0.5718015665796344,1.64,0.4856585773159665,0.0,1.0,0.5718015665796344
2025_26_20260126_EVE_LEE,2025_26,2026-01-26,EVE,LEE,0,0.4281984334203655,2.19,0.4647548189347559,0.0,1.0,0.4281984334203655
2025_26_20260131_BRI_EVE,2025_26,2026-01-31,BRI,EVE,0,0.5132978723404255,1.83,0.4006654755775914,0.0,1.0,0.5132978723404255
2025_26_20260131_CHE_WHU,2025_26,2026-01-31,CHE,WHU,1,0.6136363636363636,1.53,0.6928665059698305,0.0,1.0,0.6136363636363636
2025_26_20260131_LEE_ARS,2025_26,2026-01-31,LEE,ARS,1,0.4907161803713528,1.92,0.5159258377041971,0.0,1.0,0.4907161803713528
2025_26_20260131_LIV_NEW,2025_26,2026-01-31,LIV,NEW,1,0.5818181818181818,1.61,0.5166820619950839,0.0,1.0,0.5818181818181818
2025_26_20260131_WOL_BOU,2025_26,2026-01-31,WOL,BOU,0,0.5435356200527705,1.73,0.5801059824353239,0.0,1.0,0.5435356200527705
2025_26_20260201_AVL_BRE,2025_26,2026-02-01,AVL,BRE,0,0.526595744680851,1.78,0.5033941771387958,0.0,1.0,0.526595744680851
2025_26_20260201_MUN_FUL,2025_26,2026-02-01,MUN,FUL,1,0.5680628272251308,1.65,0.6392938021870431,0.0,1.0,0.5680628272251308
2025_26_20260201_NFO_CRY,2025_26,2026-02-01,NFO,CRY,0,0.4746666666666666,1.97,0.3150791024191707,0.0,1.0,0.4746666666666666
2025_26_20260201_TOT_MCI,2025_26,2026-02-01,TOT,MCI,1,0.5839793281653746,1.61,0.5418582607681426,0.0,1.0,0.5839793281653746
2025_26_20260202_SUN_BUR,2025_26,2026-02-02,SUN,BUR,1,0.4244791666666667,2.21,0.4059532358535798,0.0,1.0,0.4244791666666667
2025_26_20260206_LEE_NFO,2025_26,2026-02-06,LEE,NFO,1,0.4526315789473684,2.08,0.4727754667842122,0.0,1.0,0.4526315789473684
2025_26_20260207_ARS_SUN,2025_26,2026-02-07,ARS,SUN,1,0.5552631578947369,1.69,0.3414507288230024,0.0,1.0,0.5552631578947369
2025_26_20260207_BOU_AVL,2025_26,2026-02-07,BOU,AVL,0,0.5654450261780105,1.66,0.5866657146468512,0.0,1.0,0.5654450261780105
2025_26_20260207_BUR_WHU,2025_26,2026-02-07,BUR,WHU,0,0.5039999999999999,1.86,0.609223703450398,0.0,1.0,0.5039999999999999
2025_26_20260207_FUL_EVE,2025_26,2026-02-07,FUL,EVE,1,0.4308093994778067,2.18,0.3972593577517624,0.0,1.0,0.4308093994778067
2025_26_20260207_MUN_TOT,2025_26,2026-02-07,MUN,TOT,0,0.6447688564476886,1.46,0.6685508494105613,0.0,1.0,0.6447688564476886
2025_26_20260207_NEW_BRE,2025_26,2026-02-07,NEW,BRE,1,0.5616797900262467,1.67,0.5150635402058699,0.0,1.0,0.5616797900262467
2025_26_20260207_WOL_CHE,2025_26,2026-02-07,WOL,CHE,1,0.5578947368421052,1.68,0.4926620323535118,0.0,1.0,0.5578947368421052
2025_26_20260208_BRI_CRY,2025_26,2026-02-08,BRI,CRY,0,0.5226666666666666,1.79,0.364065762258392,0.0,1.0,0.5226666666666666
2025_26_20260208_LIV_MCI,2025_26,2026-02-08,LIV,MCI,1,0.6020408163265306,1.56,0.5666551967470752,0.0,1.0,0.6020408163265306
2025_26_20260210_CHE_LEE,2025_26,2026-02-10,CHE,LEE,1,0.5818181818181818,1.61,0.6430976842102047,0.0,1.0,0.5818181818181818
2025_26_20260210_EVE_BOU,2025_26,2026-02-10,EVE,BOU,1,0.5146666666666666,1.82,0.5090578723427613,0.0,1.0,0.5146666666666666
2025_26_20260210_TOT_NEW,2025_26,2026-02-10,TOT,NEW,1,0.5538057742782152,1.7,0.5303202118995983,0.0,1.0,0.5538057742782152
2025_26_20260210_WHU_MUN,2025_26,2026-02-10,WHU,MUN,0,0.6388206388206389,1.47,0.7170363513838549,0.0,1.0,0.6388206388206389
2025_26_20260211_AVL_BRI,2025_26,2026-02-11,AVL,BRI,0,0.5358090185676393,1.75,0.412848128711764,0.0,1.0,0.5358090185676393
2025_26_20260211_CRY_BUR,2025_26,2026-02-11,CRY,BUR,1,0.4893048128342245,1.91,0.3986152047204963,0.0,1.0,0.4893048128342245
2025_26_20260211_MCI_FUL,2025_26,2026-02-11,MCI,FUL,1,0.6171284634760705,1.52,0.5874286925428608,0.0,1.0,0.6171284634760705
2025_26_20260211_NFO_WOL,2025_26,2026-02-11,NFO,WOL,0,0.4826666666666667,1.94,0.3267053533762313,0.0,1.0,0.4826666666666667
2025_26_20260211_SUN_LIV,2025_26,2026-02-11,SUN,LIV,0,0.5226666666666666,1.79,0.4302017777168291,0.0,1.0,0.5226666666666666
2025_26_20260212_BRE_ARS,2025_26,2026-02-12,BRE,ARS,0,0.512,1.83,0.4931594559246185,0.0,1.0,0.512
2025_26_20260218_WOL_ARS,2025_26,2026-02-18,WOL,ARS,1,0.5552631578947369,1.69,0.5365855579893901,0.0,1.0,0.5552631578947369
2025_26_20260221_AVL_LEE,2025_26,2026-02-21,AVL,LEE,0,0.5186170212765957,1.81,0.5465961906819985,0.0,1.0,0.5186170212765957
2025_26_20260221_BRE_BRI,2025_26,2026-02-21,BRE,BRI,0,0.5372340425531915,1.74,0.5019260331180626,0.0,1.0,0.5372340425531915
2025_26_20260221_CHE_BUR,2025_26,2026-02-21,CHE,BUR,0,0.6578313253012049,1.42,0.6926903734557994,0.0,1.0,0.6578313253012049
2025_26_20260221_MCI_NEW,2025_26,2026-02-21,MCI,NEW,1,0.6626794258373206,1.41,0.6280023931270611,0.0,1.0,0.6626794258373206
2025_26_20260221_WHU_BOU,2025_26,2026-02-21,WHU,BOU,0,0.6071428571428571,1.54,0.7453212029613021,0.0,1.0,0.6071428571428571
2025_26_20260222_CRY_WOL,2025_26,2026-02-22,CRY,WOL,0,0.496,1.89,0.3566043589570915,0.0,1.0,0.496
2025_26_20260222_NFO_LIV,2025_26,2026-02-22,NFO,LIV,0,0.5590551181102362,1.68,0.5116163269923835,0.0,1.0,0.5590551181102362
2025_26_20260222_SUN_FUL,2025_26,2026-02-22,SUN,FUL,1,0.4421052631578946,2.12,0.4600140365983325,0.0,1.0,0.4421052631578946
2025_26_20260222_TOT_ARS,2025_26,2026-02-22,TOT,ARS,1,0.528,1.77,0.5909450074217493,0.0,1.0,0.528
2025_26_20260223_EVE_MUN,2025_26,2026-02-23,EVE,MUN,0,0.5578947368421052,1.68,0.5383890751030904,0.0,1.0,0.5578947368421052
2025_26_20260227_WOL_AVL,2025_26,2026-02-27,WOL,AVL,0,0.5119363395225464,1.84,0.4726197889017008,0.0,1.0,0.5119363395225464
2025_26_20260228_BOU_SUN,2025_26,2026-02-28,BOU,SUN,0,0.5329815303430079,1.77,0.5529476297701412,0.0,1.0,0.5329815303430079
2025_26_20260228_BUR_BRE,2025_26,2026-02-28,BUR,BRE,1,0.5173333333333333,1.81,0.6595848754177581,0.0,1.0,0.5173333333333333
2025_26_20260228_LEE_MCI,2025_26,2026-02-28,LEE,MCI,0,0.5818181818181818,1.61,0.7106638780695013,0.0,1.0,0.5818181818181818
2025_26_20260228_LIV_WHU,2025_26,2026-02-28,LIV,WHU,1,0.6578313253012049,1.42,0.6179578891402648,0.0,1.0,0.6578313253012049
2025_26_20260228_NEW_EVE,2025_26,2026-02-28,NEW,EVE,1,0.5423280423280423,1.73,0.4163222761927472,0.0,1.0,0.5423280423280423
2025_26_20260301_ARS_CHE,2025_26,2026-03-01,ARS,CHE,1,0.5514511873350924,1.7,0.4935003332775071,0.0,1.0,0.5514511873350924
2025_26_20260301_BRI_NFO,2025_26,2026-03-01,BRI,NFO,1,0.5239361702127661,1.79,0.3521702490158073,0.0,1.0,0.5239361702127661
2025_26_20260301_FUL_TOT,2025_26,2026-03-01,FUL,TOT,1,0.5461741424802111,1.72,0.5842517111956695,0.0,1.0,0.5461741424802111
2025_26_20260301_MUN_CRY,2025_26,2026-03-01,MUN,CRY,1,0.5792207792207792,1.62,0.463214061610218,0.0,1.0,0.5792207792207792
2025_26_20260303_BOU_BRE,2025_26,2026-03-03,BOU,BRE,0,0.5948717948717949,1.58,0.6504477056596378,0.0,1.0,0.5948717948717949
2025_26_20260303_EVE_BUR,2025_26,2026-03-03,EVE,BUR,0,0.4907161803713528,1.92,0.5029942676892998,0.0,1.0,0.4907161803713528
2025_26_20260303_LEE_SUN,2025_26,2026-03-03,LEE,SUN,0,0.4526315789473684,2.08,0.4358568137119729,0.0,1.0,0.4526315789473684
2025_26_20260303_WOL_LIV,2025_26,2026-03-03,WOL,LIV,1,0.5984654731457799,1.57,0.5181406287028776,0.0,1.0,0.5984654731457799
2025_26_20260304_AVL_CHE,2025_26,2026-03-04,AVL,CHE,1,0.5628272251308901,1.67,0.4753508646935257,0.0,1.0,0.5628272251308901
2025_26_20260304_BRI_ARS,2025_26,2026-03-04,BRI,ARS,0,0.4946524064171124,1.89,0.4682403660219223,0.0,1.0,0.4946524064171124
2025_26_20260304_FUL_WHU,2025_26,2026-03-04,FUL,WHU,0,0.544973544973545,1.72,0.6611753683654022,0.0,1.0,0.544973544973545
2025_26_20260304_MCI_NFO,2025_26,2026-03-04,MCI,NFO,1,0.596401028277635,1.57,0.5237077003638201,0.0,1.0,0.596401028277635
2025_26_20260304_NEW_MUN,2025_26,2026-03-04,NEW,MUN,1,0.6161616161616161,1.52,0.682656740852363,0.0,1.0,0.6161616161616161
2025_26_20260305_TOT_CRY,2025_26,2026-03-05,TOT,CRY,1,0.5253333333333333,1.78,0.4459750968500604,0.0,1.0,0.5253333333333333
2025_26_20260314_ARS_EVE,2025_26,2026-03-14,ARS,EVE,0,0.4919786096256684,1.9,0.3966947948237569,0.0,1.0,0.4919786096256684
2025_26_20260314_BUR_BOU,2025_26,2026-03-14,BUR,BOU,0,0.5555555555555556,1.68,0.6778375595727812,0.0,1.0,0.5555555555555556
2025_26_20260314_CHE_NEW,2025_26,2026-03-14,CHE,NEW,0,0.6370370370370371,1.47,0.6649846988279816,0.0,1.0,0.6370370370370371
2025_26_20260314_SUN_BRI,2025_26,2026-03-14,SUN,BRI,0,0.4588859416445623,2.04,0.3681069598177781,0.0,1.0,0.4588859416445623
2025_26_20260314_WHU_MCI,2025_26,2026-03-14,WHU,MCI,0,0.6171284634760705,1.52,0.7363700193972877,0.0,1.0,0.6171284634760705
2025_26_20260315_CRY_LEE,2025_26,2026-03-15,CRY,LEE,0,0.4601063829787233,2.03,0.5132226608351824,0.0,1.0,0.4601063829787233
2025_26_20260315_LIV_TOT,2025_26,2026-03-15,LIV,TOT,0,0.6570048309178744,1.42,0.7066415962762072,0.0,1.0,0.6570048309178744
2025_26_20260315_MUN_AVL,2025_26,2026-03-15,MUN,AVL,1,0.5718015665796344,1.64,0.6273334978750532,0.0,1.0,0.5718015665796344
2025_26_20260315_NFO_FUL,2025_26,2026-03-15,NFO,FUL,0,0.5026737967914439,1.86,0.5242924704722447,0.0,1.0,0.5026737967914439
2025_26_20260316_BRE_WOL,2025_26,2026-03-16,BRE,WOL,1,0.5567282321899736,1.68,0.5562981474122338,0.0,1.0,0.5567282321899736
2025_26_20260320_BOU_MUN,2025_26,2026-03-20,BOU,MUN,1,0.614609571788413,1.53,0.7259575868346239,0.0,1.0,0.614609571788413
2025_26_20260321_BRI_LIV,2025_26,2026-03-21,BRI,LIV,1,0.5578947368421052,1.68,0.5419081577503359,0.0,1.0,0.5578947368421052
2025_26_20260321_EVE_CHE,2025_26,2026-03-21,EVE,CHE,1,0.526595744680851,1.78,0.508540184752138,0.0,1.0,0.526595744680851
2025_26_20260321_FUL_BUR,2025_26,2026-03-21,FUL,BUR,1,0.5294117647058824,1.76,0.6260722370607189,0.0,1.0,0.5294117647058824
2025_26_20260321_LEE_BRE,2025_26,2026-03-21,LEE,BRE,0,0.5080213903743315,1.84,0.6045893849615154,0.0,1.0,0.5080213903743315
2025_26_20260322_AVL_WHU,2025_26,2026-03-22,AVL,WHU,0,0.5372340425531915,1.74,0.614833213694485,0.0,1.0,0.5372340425531915
2025_26_20260322_NEW_SUN,2025_26,2026-03-22,NEW,SUN,1,0.5106951871657753,1.83,0.4611012235807358,0.0,1.0,0.5106951871657753
2025_26_20260322_TOT_NFO,2025_26,2026-03-22,TOT,NFO,1,0.5026737967914439,1.86,0.5107932781167646,0.0,1.0,0.5026737967914439
2025_26_20260410_WHU_WOL,2025_26,2026-04-10,WHU,WOL,1,0.5251989389920424,1.79,0.5077239256191606,0.0,1.0,0.5251989389920424
2025_26_20260411_ARS_BOU,2025_26,2026-04-11,ARS,BOU,1,0.5803108808290156,1.62,0.6346177349999341,0.0,1.0,0.5803108808290156
2025_26_20260411_BRE_EVE,2025_26,2026-04-11,BRE,EVE,1,0.48,1.95,0.4657706533545698,0.0,1.0,0.48
2025_26_20260411_BUR_BRI,2025_26,2026-04-11,BUR,BRI,0,0.5488126649076518,1.71,0.5274677263037748,0.0,1.0,0.5488126649076518
2025_26_20260411_LIV_FUL,2025_26,2026-04-11,LIV,FUL,0,0.6126582278481012,1.53,0.6137176008418667,0.0,1.0,0.6126582278481012
2025_26_20260412_CHE_MCI,2025_26,2026-04-12,CHE,MCI,1,0.6091370558375634,1.54,0.592770095706568,0.0,1.0,0.6091370558375634
2025_26_20260412_CRY_NEW,2025_26,2026-04-12,CRY,NEW,1,0.5476190476190476,1.71,0.4695047720433851,0.0,1.0,0.5476190476190476
2025_26_20260412_NFO_AVL,2025_26,2026-04-12,NFO,AVL,0,0.4906666666666666,1.91,0.4076121472576564,0.0,1.0,0.4906666666666666
2025_26_20260412_SUN_TOT,2025_26,2026-04-12,SUN,TOT,0,0.4880000000000001,1.92,0.4500845373835789,0.0,1.0,0.4880000000000001
2025_26_20260413_MUN_LEE,2025_26,2026-04-13,MUN,LEE,1,0.5567282321899736,1.68,0.6709091624964989,0.0,1.0,0.5567282321899736
2025_26_20260418_BRE_FUL,2025_26,2026-04-18,BRE,FUL,0,0.5411140583554377,1.73,0.595942458167988,0.0,1.0,0.5411140583554377
2025_26_20260418_CHE_MUN,2025_26,2026-04-18,CHE,MUN,0,0.6106870229007634,1.53,0.7219336244581726,0.0,1.0,0.6106870229007634
2025_26_20260418_LEE_WOL,2025_26,2026-04-18,LEE,WOL,1,0.5039999999999999,1.86,0.5136216866903232,0.0,1.0,0.5039999999999999
2025_26_20260418_NEW_BOU,2025_26,2026-04-18,NEW,BOU,1,0.6370370370370371,1.47,0.6853557201078445,0.0,1.0,0.6370370370370371
2025_26_20260418_TOT_BRI,2025_26,2026-04-18,TOT,BRI,1,0.5654450261780105,1.66,0.540937379733837,0.0,1.0,0.5654450261780105
2025_26_20260419_AVL_SUN,2025_26,2026-04-19,AVL,SUN,1,0.496,1.89,0.3705541126118958,0.0,1.0,0.496
2025_26_20260419_EVE_LIV,2025_26,2026-04-19,EVE,LIV,1,0.5053191489361702,1.86,0.4857367649833219,0.0,1.0,0.5053191489361702
2025_26_20260419_MCI_ARS,2025_26,2026-04-19,MCI,ARS,1,0.4866310160427808,1.92,0.4459106621375721,0.0,1.0,0.4866310160427808
2025_26_20260419_NFO_BUR,2025_26,2026-04-19,NFO,BUR,1,0.5384615384615384,1.74,0.4669387064357849,0.0,1.0,0.5384615384615384
2025_26_20260420_CRY_WHU,2025_26,2026-04-20,CRY,WHU,0,0.4986666666666667,1.88,0.4772078372748624,0.0,1.0,0.4986666666666667
2025_26_20260421_BRI_CHE,2025_26,2026-04-21,BRI,CHE,1,0.5766233766233767,1.63,0.5121071449602796,0.0,1.0,0.5766233766233767
2025_26_20260422_BOU_LEE,2025_26,2026-04-22,BOU,LEE,1,0.5464190981432361,1.71,0.5832163028237027,0.0,1.0,0.5464190981432361
2025_26_20260422_BUR_MCI,2025_26,2026-04-22,BUR,MCI,0,0.709251101321586,1.32,0.6645211355330902,0.0,1.0,0.709251101321586
2025_26_20260424_SUN_NFO,2025_26,2026-04-24,SUN,NFO,1,0.4424083769633508,2.13,0.359737388454507,0.0,1.0,0.4424083769633508
2025_26_20260425_ARS_NEW,2025_26,2026-04-25,ARS,NEW,0,0.5917312661498708,1.58,0.5779820683621006,0.0,1.0,0.5917312661498708
2025_26_20260425_FUL_AVL,2025_26,2026-04-25,FUL,AVL,0,0.5461741424802111,1.72,0.5039470990369078,0.0,1.0,0.5461741424802111
2025_26_20260425_LIV_CRY,2025_26,2026-04-25,LIV,CRY,1,0.6035805626598465,1.55,0.4582677236542435,0.0,1.0,0.6035805626598465
2025_26_20260425_WHU_EVE,2025_26,2026-04-25,WHU,EVE,1,0.512,1.83,0.4856246394237216,0.0,1.0,0.512
2025_26_20260425_WOL_TOT,2025_26,2026-04-25,WOL,TOT,0,0.5643044619422573,1.66,0.4765921275657818,0.0,1.0,0.5643044619422573
2025_26_20260427_MUN_BRE,2025_26,2026-04-27,MUN,BRE,1,0.6025641025641025,1.55,0.6251344152125766,0.0,1.0,0.6025641025641025
2025_26_20260501_LEE_BUR,2025_26,2026-05-01,LEE,BUR,1,0.5691906005221932,1.65,0.6041919569962416,0.0,1.0,0.5691906005221932
2025_26_20260502_ARS_FUL,2025_26,2026-05-02,ARS,FUL,1,0.5267379679144386,1.77,0.501897920692437,0.0,1.0,0.5267379679144386
2025_26_20260502_BRE_WHU,2025_26,2026-05-02,BRE,WHU,1,0.5891472868217055,1.59,0.588812390206923,0.0,1.0,0.5891472868217055
2025_26_20260502_NEW_BRI,2025_26,2026-05-02,NEW,BRI,1,0.5590551181102362,1.68,0.4975569223561114,0.0,1.0,0.5590551181102362
2025_26_20260502_WOL_SUN,2025_26,2026-05-02,WOL,SUN,0,0.4615384615384615,2.03,0.3221895214543745,0.0,1.0,0.4615384615384615
2025_26_20260503_AVL_TOT,2025_26,2026-05-03,AVL,TOT,1,0.5567282321899736,1.68,0.5811084360416814,0.0,1.0,0.5567282321899736
2025_26_20260503_BOU_CRY,2025_26,2026-05-03,BOU,CRY,1,0.5680628272251308,1.65,0.4962408870666155,0.0,1.0,0.5680628272251308
2025_26_20260503_MUN_LIV,2025_26,2026-05-03,MUN,LIV,1,0.6370370370370371,1.47,0.6494439941096659,0.0,1.0,0.6370370370370371
2025_26_20260504_CHE_NFO,2025_26,2026-05-04,CHE,NFO,1,0.5616797900262467,1.67,0.5428348882916953,0.0,1.0,0.5616797900262467
2025_26_20260504_EVE_MCI,2025_26,2026-05-04,EVE,MCI,1,0.5906735751295337,1.58,0.4191630330084031,0.0,1.0,0.5906735751295337
2025_26_20260509_BRI_WOL,2025_26,2026-05-09,BRI,WOL,1,0.625,1.5,0.4410048661715356,0.0,1.0,0.625
2025_26_20260509_FUL_BOU,2025_26,2026-05-09,FUL,BOU,0,0.6081424936386769,1.54,0.4938594148716729,0.0,1.0,0.6081424936386769
2025_26_20260509_LIV_CHE,2025_26,2026-05-09,LIV,CHE,0,0.665083135391924,1.41,0.6268709130026789,0.0,1.0,0.665083135391924
2025_26_20260509_MCI_BRE,2025_26,2026-05-09,MCI,BRE,1,0.684331797235023,1.37,0.5609178543828378,0.0,1.0,0.684331797235023
2025_26_20260509_SUN_MUN,2025_26,2026-05-09,SUN,MUN,0,0.5437665782493368,1.72,0.4952042392437968,0.0,1.0,0.5437665782493368
2025_26_20260510_BUR_AVL,2025_26,2026-05-10,BUR,AVL,1,0.5514511873350924,1.7,0.5303414897393243,0.0,1.0,0.5514511873350924
2025_26_20260510_CRY_EVE,2025_26,2026-05-10,CRY,EVE,1,0.4693333333333332,1.99,0.3785034274085073,0.0,1.0,0.4693333333333332
2025_26_20260510_NFO_NEW,2025_26,2026-05-10,NFO,NEW,0,0.5476190476190476,1.71,0.5334738009736463,0.0,1.0,0.5476190476190476
2025_26_20260510_WHU_ARS,2025_26,2026-05-10,WHU,ARS,0,0.5680628272251308,1.65,0.5091192060962235,0.0,1.0,0.5680628272251308
2025_26_20260511_TOT_LEE,2025_26,2026-05-11,TOT,LEE,0,0.5514511873350924,1.7,0.5634548003120274,0.0,1.0,0.5514511873350924
2025_26_20260513_MCI_CRY,2025_26,2026-05-13,MCI,CRY,1,0.6698113207547169,1.4,0.5476303528402198,0.0,1.0,0.6698113207547169
2025_26_20260515_AVL_LIV,2025_26,2026-05-15,AVL,LIV,1,0.5590551181102362,1.68,0.5637597515537025,0.0,1.0,0.5590551181102362
2025_26_20260517_BRE_CRY,2025_26,2026-05-17,BRE,CRY,1,0.5691906005221932,1.65,0.4444734282511833,0.0,1.0,0.5691906005221932
2025_26_20260517_EVE_SUN,2025_26,2026-05-17,EVE,SUN,1,0.4973262032085561,1.88,0.3907645832701816,0.0,1.0,0.4973262032085561
2025_26_20260517_LEE_BRI,2025_26,2026-05-17,LEE,BRI,0,0.5669291338582677,1.65,0.430652606356259,0.0,1.0,0.5669291338582677
2025_26_20260517_MUN_NFO,2025_26,2026-05-17,MUN,NFO,1,0.596401028277635,1.57,0.5526623696199645,0.0,1.0,0.596401028277635
2025_26_20260517_NEW_WHU,2025_26,2026-05-17,NEW,WHU,1,0.6370370370370371,1.47,0.5450042045682368,0.0,1.0,0.6370370370370371
2025_26_20260517_WOL_FUL,2025_26,2026-05-17,WOL,FUL,0,0.5567282321899736,1.68,0.3077052322285113,0.0,1.0,0.5567282321899736
2025_26_20260518_ARS_BUR,2025_26,2026-05-18,ARS,BUR,0,0.7057522123893805,1.33,0.680234053795896,0.0,1.0,0.7057522123893805
2025_26_20260519_BOU_MCI,2025_26,2026-05-19,BOU,MCI,0,0.6635071090047394,1.42,0.5276675005323794,0.0,1.0,0.6635071090047394
2025_26_20260519_CHE_TOT,2025_26,2026-05-19,CHE,TOT,1,0.5564304461942258,1.69,0.6261641824220436,0.0,1.0,0.5564304461942258
2025_26_20260524_BRI_MUN,2025_26,2026-05-24,BRI,MUN,1,0.6403940886699507,1.46,0.5177950794400319,0.0,1.0,0.6403940886699507
2025_26_20260524_BUR_WOL,2025_26,2026-05-24,BUR,WOL,0,0.5476190476190476,1.71,0.393390082528805,0.0,1.0,0.5476190476190476
2025_26_20260524_CRY_ARS,2025_26,2026-05-24,CRY,ARS,1,0.5755208333333334,1.63,0.369160932177352,0.0,1.0,0.5755208333333334
2025_26_20260524_FUL_NEW,2025_26,2026-05-24,FUL,NEW,0,0.5844155844155844,1.6,0.4707814238278021,0.0,1.0,0.5844155844155844
2025_26_20260524_LIV_BRE,2025_26,2026-05-24,LIV,BRE,0,0.6336633663366337,1.48,0.5998690389443144,0.0,1.0,0.6336633663366337
2025_26_20260524_MCI_AVL,2025_26,2026-05-24,MCI,AVL,1,0.7237687366167023,1.29,0.5906091665687615,0.0,1.0,0.7237687366167023
2025_26_20260524_NFO_BOU,2025_26,2026-05-24,NFO,BOU,0,0.6,1.56,0.5349573537757014,0.0,1.0,0.6
2025_26_20260524_SUN_CHE,2025_26,2026-05-24,SUN,CHE,1,0.5411140583554377,1.73,0.4658599558406395,0.0,1.0,0.5411140583554377
2025_26_20260524_TOT_EVE,2025_26,2026-05-24,TOT,EVE,0,0.5398936170212765,1.73,0.530638069938389,0.0,1.0,0.5398936170212765
2025_26_20260524_WHU_LEE,2025_26,2026-05-24,WHU,LEE,1,0.5718015665796344,1.64,0.5267227730545516,0.0,1.0,0.5718015665796344
