match_id,season,date,home_team_id,away_team_id,target_over25,market_over_probability,market_over_odds,logistic_feature_probability
2016_17_20160813_BUR_SWA,2016_17,2016-08-13,BUR,SWA,0,0.411764705882353,2.3,0.5060651253518573
2016_17_20160813_CRY_WBA,2016_17,2016-08-13,CRY,WBA,0,0.3781094527363184,2.5,0.4661209622558171
2016_17_20160813_EVE_TOT,2016_17,2016-08-13,EVE,TOT,0,0.4633507853403141,2.05,0.5743337475932971
2016_17_20160813_HUL_LEI,2016_17,2016-08-13,HUL,LEI,1,0.4326424870466321,2.19,0.4746242813131659
2016_17_20160813_MCI_SUN,2016_17,2016-08-13,MCI,SUN,1,0.6184538653366584,1.53,0.6071119391390623
2016_17_20160813_MID_STK,2016_17,2016-08-13,MID,STK,0,0.3834586466165413,2.46,0.5465764041565128
2016_17_20160813_SOU_WAT,2016_17,2016-08-13,SOU,WAT,0,0.4593175853018373,2.06,0.6289676587320422
2016_17_20160814_ARS_LIV,2016_17,2016-08-14,ARS,LIV,1,0.5236842105263159,1.81,0.4239832751046271
2016_17_20160814_BOU_MUN,2016_17,2016-08-14,BOU,MUN,1,0.4619422572178477,2.05,0.5382044865980338
2016_17_20160815_CHE_WHU,2016_17,2016-08-15,CHE,WHU,1,0.5275590551181102,1.8,0.6352681436696304
2016_17_20160819_MUN_SOU,2016_17,2016-08-19,MUN,SOU,0,0.4894736842105264,1.94,0.6958103246989208
2016_17_20160820_BUR_LIV,2016_17,2016-08-20,BUR,LIV,0,0.5092348284960422,1.86,0.40255873124296987
2016_17_20160820_LEI_ARS,2016_17,2016-08-20,LEI,ARS,0,0.5610389610389611,1.69,0.5132157107073457
2016_17_20160820_STK_MCI,2016_17,2016-08-20,STK,MCI,1,0.5380577427821522,1.76,0.5353766032082351
2016_17_20160820_SWA_HUL,2016_17,2016-08-20,SWA,HUL,0,0.4237726098191214,2.23,0.478685948687721
2016_17_20160820_TOT_CRY,2016_17,2016-08-20,TOT,CRY,0,0.5354330708661418,1.77,0.5438064085804667
2016_17_20160820_WAT_CHE,2016_17,2016-08-20,WAT,CHE,1,0.4554973821989528,2.08,0.5246196711324917
2016_17_20160820_WBA_EVE,2016_17,2016-08-20,WBA,EVE,1,0.3974683544303797,2.38,0.6191375314274824
2016_17_20160821_SUN_MID,2016_17,2016-08-21,SUN,MID,1,0.3974683544303797,2.38,0.3635061051857629
2016_17_20160821_WHU_BOU,2016_17,2016-08-21,WHU,BOU,0,0.531578947368421,1.78,0.6327175503775361
2016_17_20160827_CHE_BUR,2016_17,2016-08-27,CHE,BUR,1,0.5485564304461943,1.72,0.4058594632224095
2016_17_20160827_CRY_BOU,2016_17,2016-08-27,CRY,BOU,0,0.4375,2.16,0.6606819941224502
2016_17_20160827_EVE_STK,2016_17,2016-08-27,EVE,STK,0,0.4814814814814815,1.96,0.7503235257016813
2016_17_20160827_HUL_MUN,2016_17,2016-08-27,HUL,MUN,0,0.4775725593667546,1.98,0.6846676839233898
2016_17_20160827_LEI_SWA,2016_17,2016-08-27,LEI,SWA,1,0.4566929133858268,2.07,0.7054587469772429
2016_17_20160827_SOU_SUN,2016_17,2016-08-27,SOU,SUN,0,0.4540682414698162,2.08,0.5397451514432706
2016_17_20160827_TOT_LIV,2016_17,2016-08-27,TOT,LIV,0,0.5394736842105263,1.75,0.60078691584209
2016_17_20160827_WAT_ARS,2016_17,2016-08-27,WAT,ARS,1,0.4947089947089948,1.91,0.5140174065457577
2016_17_20160828_MCI_WHU,2016_17,2016-08-28,MCI,WHU,1,0.6330049261083743,1.49,0.5632517377029186
2016_17_20160828_WBA_MID,2016_17,2016-08-28,WBA,MID,0,0.3669950738916256,2.57,0.4890634685098934
2016_17_20160910_ARS_SOU,2016_17,2016-09-10,ARS,SOU,1,0.5301837270341206,1.79,0.5496880595898682
2016_17_20160910_BOU_WBA,2016_17,2016-09-10,BOU,WBA,0,0.3959390862944162,2.38,0.553135278296407
2016_17_20160910_BUR_HUL,2016_17,2016-09-10,BUR,HUL,0,0.3914141414141414,2.41,0.4241933317828379
2016_17_20160910_LIV_LEI,2016_17,2016-09-10,LIV,LEI,1,0.5418848167539266,1.75,0.4338793819503291
2016_17_20160910_MID_CRY,2016_17,2016-09-10,MID,CRY,1,0.38,2.48,0.50413342325588
2016_17_20160910_MUN_MCI,2016_17,2016-09-10,MUN,MCI,1,0.4528795811518324,2.09,0.5956873310119973
2016_17_20160910_STK_TOT,2016_17,2016-09-10,STK,TOT,1,0.4881266490765172,1.94,0.41027450841608765
2016_17_20160910_WHU_WAT,2016_17,2016-09-10,WHU,WAT,1,0.4763157894736842,1.99,0.6164769529030074
2016_17_20160911_SWA_CHE,2016_17,2016-09-11,SWA,CHE,1,0.5210526315789473,1.82,0.5581905868734646
2016_17_20160912_SUN_EVE,2016_17,2016-09-12,SUN,EVE,1,0.4788359788359788,1.97,0.5147119384746188
2016_17_20160916_CHE_LIV,2016_17,2016-09-16,CHE,LIV,1,0.5483028720626633,1.73,0.5081047876295646
2016_17_20160917_EVE_MID,2016_17,2016-09-17,EVE,MID,1,0.4763157894736842,1.99,0.44965787469147817
2016_17_20160917_HUL_ARS,2016_17,2016-09-17,HUL,ARS,1,0.5065963060686015,1.87,0.583793773211173
2016_17_20160917_LEI_BUR,2016_17,2016-09-17,LEI,BUR,1,0.5118733509234827,1.85,0.6008629567260569
2016_17_20160917_MCI_BOU,2016_17,2016-09-17,MCI,BOU,1,0.6363636363636365,1.48,0.5724952639570883
2016_17_20160917_WBA_WHU,2016_17,2016-09-17,WBA,WHU,1,0.4289405684754521,2.21,0.5034184796912391
2016_17_20160918_CRY_STK,2016_17,2016-09-18,CRY,STK,1,0.4412532637075718,2.14,0.6959915463951261
2016_17_20160918_SOU_SWA,2016_17,2016-09-18,SOU,SWA,0,0.4710526315789474,2.01,0.5315208805235762
2016_17_20160918_TOT_SUN,2016_17,2016-09-18,TOT,SUN,0,0.5699481865284974,1.66,0.4261676956622444
2016_17_20160918_WAT_MUN,2016_17,2016-09-18,WAT,MUN,1,0.503957783641161,1.88,0.47862094143090295
2016_17_20160924_ARS_CHE,2016_17,2016-09-24,ARS,CHE,1,0.5392670157068064,1.76,0.5823563097344334
2016_17_20160924_BOU_EVE,2016_17,2016-09-24,BOU,EVE,0,0.4960422163588391,1.91,0.6570117295774935
2016_17_20160924_LIV_HUL,2016_17,2016-09-24,LIV,HUL,1,0.6130653266331658,1.54,0.5111251344940612
2016_17_20160924_MID_TOT,2016_17,2016-09-24,MID,TOT,1,0.4464751958224543,2.12,0.5353286188530454
2016_17_20160924_MUN_LEI,2016_17,2016-09-24,MUN,LEI,1,0.5105263157894737,1.86,0.4550782965871039
2016_17_20160924_STK_WBA,2016_17,2016-09-24,STK,WBA,0,0.4415584415584415,2.15,0.6265895282092274
2016_17_20160924_SUN_CRY,2016_17,2016-09-24,SUN,CRY,1,0.4528795811518324,2.09,0.5580089894850457
2016_17_20160924_SWA_MCI,2016_17,2016-09-24,SWA,MCI,1,0.5979643765903307,1.58,0.6671647516196657
2016_17_20160925_WHU_SOU,2016_17,2016-09-25,WHU,SOU,1,0.4921052631578948,1.93,0.42995385393349694
2016_17_20160926_BUR_WAT,2016_17,2016-09-26,BUR,WAT,0,0.4263565891472868,2.22,0.665810277021857
2016_17_20160930_EVE_CRY,2016_17,2016-09-30,EVE,CRY,0,0.5366492146596858,1.77,0.642031807118968
2016_17_20161001_HUL_CHE,2016_17,2016-10-01,HUL,CHE,0,0.5509138381201044,1.72,0.46335691649169164
2016_17_20161001_SUN_WBA,2016_17,2016-10-01,SUN,WBA,0,0.4215938303341903,2.25,0.4787425779951405
2016_17_20161001_SWA_LIV,2016_17,2016-10-01,SWA,LIV,1,0.6095717884130982,1.55,0.6072788249414288
2016_17_20161001_WAT_BOU,2016_17,2016-10-01,WAT,BOU,1,0.4750656167979003,2.0,0.5198342351145184
2016_17_20161001_WHU_MID,2016_17,2016-10-01,WHU,MID,0,0.4543080939947781,2.09,0.5748865630861189
2016_17_20161002_BUR_ARS,2016_17,2016-10-02,BUR,ARS,0,0.5546875,1.71,0.5583152933998099
2016_17_20161002_LEI_SOU,2016_17,2016-10-02,LEI,SOU,0,0.4554973821989528,2.08,0.5079231376587454
2016_17_20161002_MUN_STK,2016_17,2016-10-02,MUN,STK,0,0.5721649484536083,1.66,0.5385460190208037
2016_17_20161002_TOT_MCI,2016_17,2016-10-02,TOT,MCI,0,0.5456919060052219,1.74,0.7528470808066755
2016_17_20161015_ARS_SWA,2016_17,2016-10-15,ARS,SWA,1,0.628992628992629,1.51,0.39263376004060585
2016_17_20161015_BOU_HUL,2016_17,2016-10-15,BOU,HUL,1,0.4712041884816754,2.02,0.36600375448161043
2016_17_20161015_CHE_LEI,2016_17,2016-10-15,CHE,LEI,1,0.5621761658031088,1.69,0.5113448430662013
2016_17_20161015_CRY_WHU,2016_17,2016-10-15,CRY,WHU,0,0.5209424083769634,1.83,0.5108444500013605
2016_17_20161015_MCI_EVE,2016_17,2016-10-15,MCI,EVE,0,0.6169154228855721,1.54,0.6143000530202527
2016_17_20161015_STK_SUN,2016_17,2016-10-15,STK,SUN,0,0.4698162729658792,2.02,0.4348849821854237
2016_17_20161015_WBA_TOT,2016_17,2016-10-15,WBA,TOT,0,0.4659685863874345,2.04,0.623310163549954
2016_17_20161016_MID_WAT,2016_17,2016-10-16,MID,WAT,0,0.4158163265306122,2.29,0.6619805251544963
2016_17_20161016_SOU_BUR,2016_17,2016-10-16,SOU,BUR,1,0.5039370078740157,1.89,0.4894538742983177
2016_17_20161017_LIV_MUN,2016_17,2016-10-17,LIV,MUN,0,0.5354330708661418,1.77,0.42339431456910304
2016_17_20161022_ARS_MID,2016_17,2016-10-22,ARS,MID,0,0.5798969072164949,1.63,0.4122878082300693
2016_17_20161022_BOU_TOT,2016_17,2016-10-22,BOU,TOT,0,0.5275590551181102,1.8,0.5580943612335405
2016_17_20161022_BUR_EVE,2016_17,2016-10-22,BUR,EVE,1,0.4566929133858268,2.07,0.47086709402513977
2016_17_20161022_HUL_STK,2016_17,2016-10-22,HUL,STK,0,0.4645669291338583,2.04,0.4440734997452346
2016_17_20161022_LEI_CRY,2016_17,2016-10-22,LEI,CRY,1,0.4763157894736842,1.99,0.764257184255975
2016_17_20161022_LIV_WBA,2016_17,2016-10-22,LIV,WBA,1,0.5824742268041238,1.62,0.4700158968997166
2016_17_20161022_SWA_WAT,2016_17,2016-10-22,SWA,WAT,0,0.4907651715039578,1.93,0.6692192789456904
2016_17_20161022_WHU_SUN,2016_17,2016-10-22,WHU,SUN,0,0.5275590551181102,1.8,0.49895162660404835
2016_17_20161023_CHE_MUN,2016_17,2016-10-23,CHE,MUN,1,0.4581151832460733,2.07,0.4616949905466181
2016_17_20161023_MCI_SOU,2016_17,2016-10-23,MCI,SOU,0,0.5699481865284974,1.66,0.5980182899873229
2016_17_20161029_CRY_LIV,2016_17,2016-10-29,CRY,LIV,1,0.5418848167539266,1.75,0.5397743367265604
2016_17_20161029_MID_BOU,2016_17,2016-10-29,MID,BOU,0,0.4215938303341903,2.25,0.5933776704711995
2016_17_20161029_MUN_BUR,2016_17,2016-10-29,MUN,BUR,0,0.5535248041775457,1.71,0.5913573552819384
2016_17_20161029_SUN_ARS,2016_17,2016-10-29,SUN,ARS,1,0.5943877551020408,1.59,0.5161278053328515
2016_17_20161029_TOT_LEI,2016_17,2016-10-29,TOT,LEI,0,0.5224274406332454,1.81,0.6732224152329538
2016_17_20161029_WAT_HUL,2016_17,2016-10-29,WAT,HUL,0,0.4607329842931937,2.06,0.35285908051608145
2016_17_20161029_WBA_MCI,2016_17,2016-10-29,WBA,MCI,1,0.5289473684210526,1.79,0.4493633806632468
2016_17_20161030_EVE_WHU,2016_17,2016-10-30,EVE,WHU,0,0.5572916666666667,1.7,0.5882286560561345
2016_17_20161030_SOU_CHE,2016_17,2016-10-30,SOU,CHE,0,0.4776902887139108,1.99,0.5420859887584148
2016_17_20161031_STK_SWA,2016_17,2016-10-31,STK,SWA,1,0.5092348284960422,1.86,0.4300322330832804
2016_17_20161105_BOU_SUN,2016_17,2016-11-05,BOU,SUN,1,0.5354330708661418,1.77,0.4625712159267088
2016_17_20161105_BUR_CRY,2016_17,2016-11-05,BUR,CRY,1,0.4363636363636364,2.17,0.4797528261146837
2016_17_20161105_CHE_EVE,2016_17,2016-11-05,CHE,EVE,1,0.5647668393782384,1.68,0.30766639877617286
2016_17_20161105_MCI_MID,2016_17,2016-11-05,MCI,MID,0,0.6320987654320989,1.49,0.5429998459483725
2016_17_20161105_WHU_STK,2016_17,2016-11-05,WHU,STK,0,0.5483028720626633,1.73,0.7795064575237777
2016_17_20161106_ARS_TOT,2016_17,2016-11-06,ARS,TOT,0,0.5392670157068064,1.76,0.36890648556992345
2016_17_20161106_HUL_SOU,2016_17,2016-11-06,HUL,SOU,1,0.4516971279373368,2.1,0.45007150751019154
2016_17_20161106_LEI_WBA,2016_17,2016-11-06,LEI,WBA,1,0.4427083333333333,2.14,0.5850724954098014
2016_17_20161106_LIV_WAT,2016_17,2016-11-06,LIV,WAT,1,0.6130653266331658,1.54,0.4005648964945438
2016_17_20161106_SWA_MUN,2016_17,2016-11-06,SWA,MUN,1,0.5301837270341206,1.79,0.4667512200918775
2016_17_20161119_CRY_MCI,2016_17,2016-11-19,CRY,MCI,1,0.598984771573604,1.58,0.3372013112625572
2016_17_20161119_EVE_SWA,2016_17,2016-11-19,EVE,SWA,0,0.5621761658031088,1.69,0.6368121002628409
2016_17_20161119_MUN_ARS,2016_17,2016-11-19,MUN,ARS,0,0.4750656167979003,2.0,0.4756984100352151
2016_17_20161119_SOU_LIV,2016_17,2016-11-19,SOU,LIV,0,0.5170603674540682,1.84,0.6759923438228596
2016_17_20161119_STK_BOU,2016_17,2016-11-19,STK,BOU,0,0.5052631578947367,1.88,0.49474246450327475
2016_17_20161119_SUN_HUL,2016_17,2016-11-19,SUN,HUL,1,0.4378238341968911,2.17,0.5233274088270274
2016_17_20161119_TOT_WHU,2016_17,2016-11-19,TOT,WHU,1,0.5546875,1.71,0.6866477928281771
2016_17_20161119_WAT_LEI,2016_17,2016-11-19,WAT,LEI,1,0.4581151832460733,2.07,0.5098381544422811
2016_17_20161120_MID_CHE,2016_17,2016-11-20,MID,CHE,0,0.4934383202099738,1.93,0.6815515298465533
2016_17_20161121_WBA_BUR,2016_17,2016-11-21,WBA,BUR,1,0.4030612244897959,2.34,0.549927856150207
2016_17_20161126_BUR_MCI,2016_17,2016-11-26,BUR,MCI,1,0.6354679802955665,1.48,0.4764462885722725
2016_17_20161126_CHE_TOT,2016_17,2016-11-26,CHE,TOT,1,0.5275590551181102,1.8,0.27577505015704784
2016_17_20161126_HUL_WBA,2016_17,2016-11-26,HUL,WBA,0,0.4081632653061224,2.32,0.4478118662975779
2016_17_20161126_LEI_MID,2016_17,2016-11-26,LEI,MID,1,0.4581151832460733,2.07,0.6055142140686728
2016_17_20161126_LIV_SUN,2016_17,2016-11-26,LIV,SUN,0,0.7035398230088495,1.34,0.5159041806606106
2016_17_20161126_SWA_CRY,2016_17,2016-11-26,SWA,CRY,1,0.5026315789473684,1.89,0.4420596417210195
2016_17_20161127_ARS_BOU,2016_17,2016-11-27,ARS,BOU,1,0.6035353535353536,1.57,0.5600435824723324
2016_17_20161127_MUN_WHU,2016_17,2016-11-27,MUN,WHU,0,0.5535248041775457,1.71,0.7150192845460452
2016_17_20161127_SOU_EVE,2016_17,2016-11-27,SOU,EVE,0,0.4516971279373368,2.1,0.4791486924176498
2016_17_20161127_WAT_STK,2016_17,2016-11-27,WAT,STK,0,0.4750656167979003,2.0,0.6178447005734569
2016_17_20161203_CRY_SOU,2016_17,2016-12-03,CRY,SOU,1,0.468586387434555,2.03,0.3174578122396447
2016_17_20161203_MCI_CHE,2016_17,2016-12-03,MCI,CHE,1,0.5404699738903395,1.76,0.7027324283791652
2016_17_20161203_STK_BUR,2016_17,2016-12-03,STK,BUR,0,0.5065616797900262,1.88,0.4986661029901985
2016_17_20161203_SUN_LEI,2016_17,2016-12-03,SUN,LEI,1,0.4934383202099738,1.93,0.6423856448609732
2016_17_20161203_TOT_SWA,2016_17,2016-12-03,TOT,SWA,1,0.6165413533834586,1.53,0.7296570960621594
2016_17_20161203_WBA_WAT,2016_17,2016-12-03,WBA,WAT,1,0.4252577319587629,2.23,0.3729883316739468
2016_17_20161203_WHU_ARS,2016_17,2016-12-03,WHU,ARS,1,0.577319587628866,1.64,0.45935129322877327
2016_17_20161204_BOU_LIV,2016_17,2016-12-04,BOU,LIV,1,0.5820512820512821,1.63,0.4657492928827686
2016_17_20161204_EVE_MUN,2016_17,2016-12-04,EVE,MUN,0,0.4738219895287958,2.01,0.5561670587766294
2016_17_20161205_MID_HUL,2016_17,2016-12-05,MID,HUL,0,0.411764705882353,2.3,0.6359931334896763
2016_17_20161210_ARS_STK,2016_17,2016-12-10,ARS,STK,1,0.6262376237623761,1.51,0.44297051600447196
2016_17_20161210_BUR_BOU,2016_17,2016-12-10,BUR,BOU,1,0.4776902887139108,1.99,0.488395252044022
2016_17_20161210_HUL_CRY,2016_17,2016-12-10,HUL,CRY,1,0.4581151832460733,2.07,0.5370227366728537
2016_17_20161210_LEI_MCI,2016_17,2016-12-10,LEI,MCI,1,0.5710594315245477,1.66,0.6312410757271761
2016_17_20161210_SWA_SUN,2016_17,2016-12-10,SWA,SUN,1,0.5170603674540682,1.84,0.6055244750067655
2016_17_20161210_WAT_EVE,2016_17,2016-12-10,WAT,EVE,1,0.468586387434555,2.03,0.45552321382462396
2016_17_20161211_CHE_WBA,2016_17,2016-12-11,CHE,WBA,0,0.5736434108527132,1.65,0.5023509884525712
2016_17_20161211_LIV_WHU,2016_17,2016-12-11,LIV,WHU,1,0.6635071090047394,1.42,0.47384988153656654
2016_17_20161211_MUN_TOT,2016_17,2016-12-11,MUN,TOT,0,0.4581151832460733,2.07,0.5567248747702084
2016_17_20161211_SOU_MID,2016_17,2016-12-11,SOU,MID,0,0.411764705882353,2.3,0.6408219773063999
2016_17_20161213_BOU_LEI,2016_17,2016-12-13,BOU,LEI,0,0.5301837270341206,1.79,0.5611403837395489
2016_17_20161213_EVE_ARS,2016_17,2016-12-13,EVE,ARS,1,0.5494791666666667,1.73,0.605100544454634
2016_17_20161214_CRY_MUN,2016_17,2016-12-14,CRY,MUN,1,0.5196850393700787,1.83,0.43951596084052774
2016_17_20161214_MCI_WAT,2016_17,2016-12-14,MCI,WAT,0,0.6705607476635514,1.41,0.6420653935488748
2016_17_20161214_MID_LIV,2016_17,2016-12-14,MID,LIV,1,0.5275590551181102,1.8,0.513921536277699
2016_17_20161214_STK_SOU,2016_17,2016-12-14,STK,SOU,0,0.4215938303341903,2.25,0.3032119588234324
2016_17_20161214_SUN_CHE,2016_17,2016-12-14,SUN,CHE,0,0.5954198473282442,1.59,0.415460921128572
2016_17_20161214_TOT_HUL,2016_17,2016-12-14,TOT,HUL,1,0.6140350877192983,1.54,0.7853466790607705
2016_17_20161214_WBA_SWA,2016_17,2016-12-14,WBA,SWA,1,0.4776902887139108,1.99,0.6337234618953399
2016_17_20161214_WHU_BUR,2016_17,2016-12-14,WHU,BUR,0,0.5249343832020998,1.81,0.5976690360147453
2016_17_20161217_CRY_CHE,2016_17,2016-12-17,CRY,CHE,0,0.5658914728682171,1.68,0.22323172310535325
2016_17_20161217_MID_SWA,2016_17,2016-12-17,MID,SWA,1,0.4479166666666666,2.12,0.68994785559499
2016_17_20161217_STK_LEI,2016_17,2016-12-17,STK,LEI,1,0.4776902887139108,1.99,0.5058476041718789
2016_17_20161217_SUN_WAT,2016_17,2016-12-17,SUN,WAT,0,0.4554973821989528,2.08,0.5092223808432176
2016_17_20161217_WBA_MUN,2016_17,2016-12-17,WBA,MUN,0,0.4490861618798955,2.11,0.42359458201522143
2016_17_20161217_WHU_HUL,2016_17,2016-12-17,WHU,HUL,0,0.5223097112860893,1.82,0.6413357998137512
2016_17_20161218_BOU_SOU,2016_17,2016-12-18,BOU,SOU,1,0.4252577319587629,2.23,0.3282562112309159
2016_17_20161218_MCI_ARS,2016_17,2016-12-18,MCI,ARS,1,0.5784061696658098,1.64,0.6827254788515762
2016_17_20161218_TOT_BUR,2016_17,2016-12-18,TOT,BUR,1,0.6271604938271605,1.51,0.5673310578931459
2016_17_20161219_EVE_LIV,2016_17,2016-12-19,EVE,LIV,0,0.5483028720626633,1.73,0.4989940993306642
2016_17_20161226_ARS_WBA,2016_17,2016-12-26,ARS,WBA,0,0.5918367346938775,1.6,0.557034479397242
2016_17_20161226_BUR_MID,2016_17,2016-12-26,BUR,MID,0,0.3815461346633417,2.48,0.45292119331260383
2016_17_20161226_CHE_BOU,2016_17,2016-12-26,CHE,BOU,1,0.5721649484536083,1.66,0.4696985946846882
2016_17_20161226_HUL_MCI,2016_17,2016-12-26,HUL,MCI,1,0.6271604938271605,1.51,0.40823876552006416
2016_17_20161226_LEI_EVE,2016_17,2016-12-26,LEI,EVE,0,0.4934383202099738,1.93,0.6295183628319615
2016_17_20161226_MUN_SUN,2016_17,2016-12-26,MUN,SUN,1,0.5918367346938775,1.6,0.48949005660485145
2016_17_20161226_SWA_WHU,2016_17,2016-12-26,SWA,WHU,1,0.5366492146596858,1.77,0.4825046019891858
2016_17_20161226_WAT_CRY,2016_17,2016-12-26,WAT,CRY,0,0.468586387434555,2.03,0.7491856088962301
2016_17_20161227_LIV_STK,2016_17,2016-12-27,LIV,STK,1,0.6287128712871286,1.5,0.37519799733402226
2016_17_20161228_SOU_TOT,2016_17,2016-12-28,SOU,TOT,1,0.443864229765013,2.13,0.6552876607786421
2016_17_20161230_HUL_EVE,2016_17,2016-12-30,HUL,EVE,1,0.4712041884816754,2.02,0.5034300539869205
2016_17_20161231_BUR_SUN,2016_17,2016-12-31,BUR,SUN,1,0.4215938303341903,2.25,0.4495573832158804
2016_17_20161231_CHE_STK,2016_17,2016-12-31,CHE,STK,1,0.5820512820512821,1.63,0.3567871220040982
2016_17_20161231_LEI_WHU,2016_17,2016-12-31,LEI,WHU,0,0.5196850393700787,1.83,0.6483698128510117
2016_17_20161231_LIV_MCI,2016_17,2016-12-31,LIV,MCI,0,0.5831202046035805,1.63,0.4661986774467473
2016_17_20161231_MUN_MID,2016_17,2016-12-31,MUN,MID,1,0.5026315789473684,1.89,0.42157681454681056
2016_17_20161231_SOU_WBA,2016_17,2016-12-31,SOU,WBA,1,0.4071246819338422,2.33,0.6283909235749491
2016_17_20161231_SWA_BOU,2016_17,2016-12-31,SWA,BOU,1,0.5392670157068064,1.76,0.6079379494984423
2016_17_20170101_ARS_CRY,2016_17,2017-01-01,ARS,CRY,0,0.6184538653366584,1.53,0.7220573983176919
2016_17_20170101_WAT_TOT,2016_17,2017-01-01,WAT,TOT,1,0.4868421052631579,1.95,0.6667700132391867
2016_17_20170102_EVE_SOU,2016_17,2017-01-02,EVE,SOU,1,0.4389610389610389,2.16,0.6022867758871676
2016_17_20170102_MCI_BUR,2016_17,2017-01-02,MCI,BUR,1,0.6658823529411765,1.42,0.7449373765131518
2016_17_20170102_MID_LEI,2016_17,2017-01-02,MID,LEI,0,0.3865336658354114,2.46,0.5698716250947751
2016_17_20170102_SUN_LIV,2016_17,2017-01-02,SUN,LIV,1,0.5856777493606138,1.62,0.47832936080999683
2016_17_20170102_WBA_HUL,2016_17,2017-01-02,WBA,HUL,1,0.4289405684754521,2.21,0.48106321627530363
2016_17_20170102_WHU_MUN,2016_17,2017-01-02,WHU,MUN,0,0.5261780104712042,1.81,0.4971272847105604
2016_17_20170103_BOU_ARS,2016_17,2017-01-03,BOU,ARS,1,0.5418848167539266,1.75,0.3483049858082696
2016_17_20170103_CRY_SWA,2016_17,2017-01-03,CRY,SWA,1,0.4842105263157894,1.96,0.6177225516714899
2016_17_20170103_STK_WAT,2016_17,2017-01-03,STK,WAT,0,0.4516971279373368,2.1,0.578017056929249
2016_17_20170104_TOT_CHE,2016_17,2017-01-04,TOT,CHE,0,0.4960629921259842,1.92,0.3911531036492549
2016_17_20170114_BUR_SOU,2016_17,2017-01-14,BUR,SOU,0,0.4071246819338422,2.33,0.47914368410027436
2016_17_20170114_HUL_BOU,2016_17,2017-01-14,HUL,BOU,1,0.513157894736842,1.85,0.49768634062248923
2016_17_20170114_LEI_CHE,2016_17,2017-01-14,LEI,CHE,1,0.5065616797900262,1.88,0.47712902635367604
2016_17_20170114_SUN_STK,2016_17,2017-01-14,SUN,STK,1,0.4855643044619423,1.96,0.46156727234459805
2016_17_20170114_SWA_ARS,2016_17,2017-01-14,SWA,ARS,1,0.6070528967254408,1.56,0.4171388658818486
2016_17_20170114_TOT_WBA,2016_17,2017-01-14,TOT,WBA,1,0.5236842105263159,1.81,0.41915647805098344
2016_17_20170114_WAT_MID,2016_17,2017-01-14,WAT,MID,0,0.3719211822660098,2.55,0.4848063409428125
2016_17_20170114_WHU_CRY,2016_17,2017-01-14,WHU,CRY,1,0.4829396325459317,1.97,0.44954974651605595
2016_17_20170115_EVE_MCI,2016_17,2017-01-15,EVE,MCI,1,0.544502617801047,1.74,0.6097797992620887
2016_17_20170115_MUN_LIV,2016_17,2017-01-15,MUN,LIV,0,0.4881889763779528,1.95,0.4748224613360103
2016_17_20170121_BOU_WAT,2016_17,2017-01-21,BOU,WAT,1,0.4868421052631579,1.95,0.4036263680627522
2016_17_20170121_CRY_EVE,2016_17,2017-01-21,CRY,EVE,0,0.4776902887139108,1.99,0.5782468168371879
2016_17_20170121_LIV_SWA,2016_17,2017-01-21,LIV,SWA,1,0.6690140845070424,1.41,0.5623496163184474
2016_17_20170121_MCI_TOT,2016_17,2017-01-21,MCI,TOT,1,0.5275590551181102,1.8,0.7122616767822564
2016_17_20170121_MID_WHU,2016_17,2017-01-21,MID,WHU,1,0.4081632653061224,2.32,0.5785783842621
2016_17_20170121_STK_MUN,2016_17,2017-01-21,STK,MUN,0,0.4986876640419947,1.91,0.46758309717243884
2016_17_20170121_WBA_SUN,2016_17,2017-01-21,WBA,SUN,0,0.4750656167979003,2.0,0.49636593578475774
2016_17_20170122_ARS_BUR,2016_17,2017-01-22,ARS,BUR,1,0.6414634146341464,1.47,0.6688509898607745
2016_17_20170122_CHE_HUL,2016_17,2017-01-22,CHE,HUL,0,0.6237623762376239,1.52,0.606122113802933
2016_17_20170122_SOU_LEI,2016_17,2017-01-22,SOU,LEI,1,0.4179487179487179,2.27,0.5994256057401256
2016_17_20170131_ARS_WAT,2016_17,2017-01-31,ARS,WAT,1,0.6271604938271605,1.51,0.5122592143024557
2016_17_20170131_BOU_CRY,2016_17,2017-01-31,BOU,CRY,0,0.5065616797900262,1.88,0.36307824256324045
2016_17_20170131_BUR_LEI,2016_17,2017-01-31,BUR,LEI,0,0.4304123711340206,2.21,0.3703704315541834
2016_17_20170131_LIV_CHE,2016_17,2017-01-31,LIV,CHE,0,0.4712041884816754,2.02,0.5255768936935395
2016_17_20170131_MID_WBA,2016_17,2017-01-31,MID,WBA,0,0.355072463768116,2.67,0.5066072791424461
2016_17_20170131_SUN_TOT,2016_17,2017-01-31,SUN,TOT,0,0.598984771573604,1.58,0.6188952608688828
2016_17_20170131_SWA_SOU,2016_17,2017-01-31,SWA,SOU,1,0.4647519582245431,2.05,0.44144558999149125
2016_17_20170201_MUN_HUL,2016_17,2017-02-01,MUN,HUL,0,0.4128205128205128,2.29,0.5697399105268572
2016_17_20170201_STK_EVE,2016_17,2017-02-01,STK,EVE,0,0.4750656167979003,2.0,0.5754964406083648
2016_17_20170201_WHU_MCI,2016_17,2017-02-01,WHU,MCI,1,0.6035353535353536,1.57,0.5059002974010689
2016_17_20170204_CHE_ARS,2016_17,2017-02-04,CHE,ARS,1,0.5078947368421052,1.87,0.5669424231539785
2016_17_20170204_CRY_SUN,2016_17,2017-02-04,CRY,SUN,1,0.481578947368421,1.97,0.4872613949556855
2016_17_20170204_EVE_BOU,2016_17,2017-02-04,EVE,BOU,1,0.5275590551181102,1.8,0.6001120964347375
2016_17_20170204_HUL_LIV,2016_17,2017-02-04,HUL,LIV,0,0.5520833333333334,1.72,0.3339025486814091
2016_17_20170204_SOU_WHU,2016_17,2017-02-04,SOU,WHU,1,0.4776902887139108,1.99,0.5780047554481285
2016_17_20170204_TOT_MID,2016_17,2017-02-04,TOT,MID,0,0.5392670157068064,1.76,0.4157628609668739
2016_17_20170204_WAT_BUR,2016_17,2017-02-04,WAT,BUR,1,0.4025316455696203,2.36,0.5683184401292662
2016_17_20170204_WBA_STK,2016_17,2017-02-04,WBA,STK,0,0.4241645244215937,2.24,0.5703765634308988
2016_17_20170205_LEI_MUN,2016_17,2017-02-05,LEI,MUN,1,0.4633507853403141,2.05,0.5050060517006928
2016_17_20170205_MCI_SWA,2016_17,2017-02-05,MCI,SWA,1,0.6789838337182448,1.39,0.788810376776752
2016_17_20170211_ARS_HUL,2016_17,2017-02-11,ARS,HUL,0,0.628992628992629,1.51,0.6687835235500978
2016_17_20170211_LIV_TOT,2016_17,2017-02-11,LIV,TOT,0,0.5,1.91,0.4960882662024292
2016_17_20170211_MID_EVE,2016_17,2017-02-11,MID,EVE,0,0.4122137404580152,2.31,0.6742035322289243
2016_17_20170211_MUN_WAT,2016_17,2017-02-11,MUN,WAT,0,0.5721649484536083,1.66,0.5583956753350129
2016_17_20170211_STK_CRY,2016_17,2017-02-11,STK,CRY,0,0.4609375,2.07,0.41860005991920557
2016_17_20170211_SUN_SOU,2016_17,2017-02-11,SUN,SOU,1,0.4607329842931937,2.06,0.45919148598747184
2016_17_20170211_WHU_WBA,2016_17,2017-02-11,WHU,WBA,1,0.4647519582245431,2.05,0.4841159924814206
2016_17_20170212_BUR_CHE,2016_17,2017-02-12,BUR,CHE,0,0.4986876640419947,1.91,0.3873362559519559
2016_17_20170212_SWA_LEI,2016_17,2017-02-12,SWA,LEI,0,0.4738219895287958,2.01,0.326920745273807
2016_17_20170213_BOU_MCI,2016_17,2017-02-13,BOU,MCI,0,0.6237623762376239,1.52,0.5269085014386593
2016_17_20170225_CHE_SWA,2016_17,2017-02-25,CHE,SWA,1,0.5892857142857143,1.61,0.7167327682873598
2016_17_20170225_CRY_MID,2016_17,2017-02-25,CRY,MID,0,0.3526570048309178,2.68,0.4539539536983372
2016_17_20170225_EVE_SUN,2016_17,2017-02-25,EVE,SUN,0,0.5820512820512821,1.63,0.4890539867149383
2016_17_20170225_HUL_BUR,2016_17,2017-02-25,HUL,BUR,0,0.413265306122449,2.3,0.3588299314438252
2016_17_20170225_WAT_WHU,2016_17,2017-02-25,WAT,WHU,0,0.4764397905759163,2.0,0.5203868951944125
2016_17_20170225_WBA_BOU,2016_17,2017-02-25,WBA,BOU,1,0.4738219895287958,2.01,0.5245496916897722
2016_17_20170226_TOT_STK,2016_17,2017-02-26,TOT,STK,1,0.5747422680412371,1.65,0.5959485205481675
2016_17_20170227_LEI_LIV,2016_17,2017-02-27,LEI,LIV,1,0.5392670157068064,1.76,0.5602500947674987
2016_17_20170304_LEI_HUL,2016_17,2017-03-04,LEI,HUL,1,0.4633507853403141,2.05,0.6357309520286134
2016_17_20170304_LIV_ARS,2016_17,2017-03-04,LIV,ARS,1,0.5558441558441558,1.71,0.660075453442274
2016_17_20170304_MUN_BOU,2016_17,2017-03-04,MUN,BOU,0,0.6045340050377834,1.57,0.5837424877324475
2016_17_20170304_STK_MID,2016_17,2017-03-04,STK,MID,0,0.398989898989899,2.38,0.34106468084391
2016_17_20170304_SWA_BUR,2016_17,2017-03-04,SWA,BUR,1,0.4389610389610389,2.16,0.3583643462964854
2016_17_20170304_WAT_SOU,2016_17,2017-03-04,WAT,SOU,1,0.423076923076923,2.25,0.6356020419629452
2016_17_20170304_WBA_CRY,2016_17,2017-03-04,WBA,CRY,0,0.3999999999999999,2.37,0.46611854831085064
2016_17_20170305_SUN_MCI,2016_17,2017-03-05,SUN,MCI,0,0.6498800959232613,1.46,0.44135856056627126
2016_17_20170305_TOT_EVE,2016_17,2017-03-05,TOT,EVE,1,0.5404699738903395,1.76,0.49535035102266073
2016_17_20170306_WHU_CHE,2016_17,2017-03-06,WHU,CHE,1,0.5196850393700787,1.83,0.4311566247528762
2016_17_20170308_MCI_STK,2016_17,2017-03-08,MCI,STK,0,0.6555023923444976,1.44,0.5118395525875405
2016_17_20170311_BOU_WHU,2016_17,2017-03-11,BOU,WHU,1,0.5520833333333334,1.72,0.4092915913108357
2016_17_20170311_EVE_WBA,2016_17,2017-03-11,EVE,WBA,1,0.4698162729658792,2.02,0.45108737659618436
2016_17_20170311_HUL_SWA,2016_17,2017-03-11,HUL,SWA,1,0.4659685863874345,2.04,0.6022852950759001
2016_17_20170312_LIV_BUR,2016_17,2017-03-12,LIV,BUR,1,0.6140350877192983,1.54,0.5134332388277479
2016_17_20170318_BOU_SWA,2016_17,2017-03-18,BOU,SWA,0,0.5509138381201044,1.72,0.5557811946253
2016_17_20170318_CRY_WAT,2016_17,2017-03-18,CRY,WAT,0,0.4389610389610389,2.16,0.584941023212411
2016_17_20170318_EVE_HUL,2016_17,2017-03-18,EVE,HUL,1,0.5275590551181102,1.8,0.4488078514060022
2016_17_20170318_STK_CHE,2016_17,2017-03-18,STK,CHE,1,0.4738219895287958,2.01,0.4162057740328729
2016_17_20170318_SUN_BUR,2016_17,2017-03-18,SUN,BUR,0,0.4415584415584415,2.15,0.4181115033810292
2016_17_20170318_WBA_ARS,2016_17,2017-03-18,WBA,ARS,1,0.5328083989501312,1.78,0.4262724597988166
2016_17_20170318_WHU_LEI,2016_17,2017-03-18,WHU,LEI,1,0.5275590551181102,1.8,0.5850526589166073
2016_17_20170319_MCI_LIV,2016_17,2017-03-19,MCI,LIV,0,0.5736434108527132,1.65,0.5770125144276105
2016_17_20170319_MID_MUN,2016_17,2017-03-19,MID,MUN,1,0.4352331606217616,2.18,0.40435727715630926
2016_17_20170319_TOT_SOU,2016_17,2017-03-19,TOT,SOU,1,0.5052631578947367,1.88,0.7858043859726924
2016_17_20170401_BUR_TOT,2016_17,2017-04-01,BUR,TOT,0,0.4724409448818897,2.01,0.4471463784673859
2016_17_20170401_CHE_CRY,2016_17,2017-04-01,CHE,CRY,1,0.5249343832020998,1.81,0.5078482705342375
2016_17_20170401_HUL_WHU,2016_17,2017-04-01,HUL,WHU,1,0.5184210526315789,1.83,0.4631627131267356
2016_17_20170401_LEI_STK,2016_17,2017-04-01,LEI,STK,0,0.4842105263157894,1.96,0.4492243767393178
2016_17_20170401_LIV_EVE,2016_17,2017-04-01,LIV,EVE,1,0.5483028720626633,1.73,0.4958433086359187
2016_17_20170401_MUN_WBA,2016_17,2017-04-01,MUN,WBA,0,0.513157894736842,1.85,0.4825030625554945
2016_17_20170401_SOU_BOU,2016_17,2017-04-01,SOU,BOU,0,0.5483028720626633,1.73,0.6981952604367772
2016_17_20170401_WAT_SUN,2016_17,2017-04-01,WAT,SUN,0,0.4645669291338583,2.04,0.5454239141345014
2016_17_20170402_ARS_MCI,2016_17,2017-04-02,ARS,MCI,1,0.598984771573604,1.58,0.6270945300969424
2016_17_20170402_SWA_MID,2016_17,2017-04-02,SWA,MID,0,0.4363636363636364,2.17,0.3477310937429292
2016_17_20170404_BUR_STK,2016_17,2017-04-04,BUR,STK,0,0.4025316455696203,2.36,0.3908743915671848
2016_17_20170404_LEI_SUN,2016_17,2017-04-04,LEI,SUN,0,0.5392670157068064,1.76,0.3962055639265905
2016_17_20170404_MUN_EVE,2016_17,2017-04-04,MUN,EVE,0,0.5065616797900262,1.88,0.4943986018637263
2016_17_20170404_WAT_WBA,2016_17,2017-04-04,WAT,WBA,0,0.4107142857142857,2.31,0.48062121440502753
2016_17_20170405_ARS_WHU,2016_17,2017-04-05,ARS,WHU,1,0.6635071090047394,1.42,0.5920086676136642
2016_17_20170405_CHE_MCI,2016_17,2017-04-05,CHE,MCI,1,0.5456919060052219,1.74,0.5494272154737111
2016_17_20170405_HUL_MID,2016_17,2017-04-05,HUL,MID,1,0.4025316455696203,2.36,0.3333094330159382
2016_17_20170405_LIV_BOU,2016_17,2017-04-05,LIV,BOU,1,0.6399026763990268,1.48,0.7274696592127688
2016_17_20170405_SOU_CRY,2016_17,2017-04-05,SOU,CRY,1,0.4619422572178477,2.05,0.5967320683381117
2016_17_20170405_SWA_TOT,2016_17,2017-04-05,SWA,TOT,1,0.5210526315789473,1.82,0.42410010991456076
2016_17_20170408_BOU_CHE,2016_17,2017-04-08,BOU,CHE,1,0.5275590551181102,1.8,0.37182753769298404
2016_17_20170408_MCI_HUL,2016_17,2017-04-08,MCI,HUL,1,0.6751740139211136,1.4,0.6682092125427689
2016_17_20170408_MID_BUR,2016_17,2017-04-08,MID,BUR,0,0.3904282115869018,2.42,0.4903544817844049
2016_17_20170408_STK_LIV,2016_17,2017-04-08,STK,LIV,1,0.5157068062827225,1.85,0.6539496090973183
2016_17_20170408_TOT_WAT,2016_17,2017-04-08,TOT,WAT,1,0.601010101010101,1.58,0.5323804018438034
2016_17_20170408_WBA_SOU,2016_17,2017-04-08,WBA,SOU,0,0.4252577319587629,2.23,0.7132674161434703
2016_17_20170408_WHU_SWA,2016_17,2017-04-08,WHU,SWA,0,0.5301837270341206,1.79,0.4928711639610316
2016_17_20170409_EVE_LEI,2016_17,2017-04-09,EVE,LEI,1,0.5301837270341206,1.79,0.7879833340632166
2016_17_20170409_SUN_MUN,2016_17,2017-04-09,SUN,MUN,1,0.5430809399477807,1.75,0.3972569267495288
2016_17_20170410_CRY_ARS,2016_17,2017-04-10,CRY,ARS,1,0.5784061696658098,1.64,0.48775330773979386
2016_17_20170415_CRY_LEI,2016_17,2017-04-15,CRY,LEI,1,0.4855643044619423,1.96,0.6430970132154433
2016_17_20170415_EVE_BUR,2016_17,2017-04-15,EVE,BUR,1,0.5196850393700787,1.83,0.3716203913987569
2016_17_20170415_SOU_MCI,2016_17,2017-04-15,SOU,MCI,1,0.5784061696658098,1.64,0.36744791781606445
2016_17_20170415_STK_HUL,2016_17,2017-04-15,STK,HUL,1,0.4569190600522194,2.08,0.59934637130112
2016_17_20170415_SUN_WHU,2016_17,2017-04-15,SUN,WHU,1,0.5275590551181102,1.8,0.5651819835744886
2016_17_20170415_TOT_BOU,2016_17,2017-04-15,TOT,BOU,1,0.6635071090047394,1.42,0.7044187862822305
2016_17_20170415_WAT_SWA,2016_17,2017-04-15,WAT,SWA,0,0.4581151832460733,2.07,0.35821422171281486
2016_17_20170416_MUN_CHE,2016_17,2017-04-16,MUN,CHE,0,0.4241645244215937,2.24,0.4868363334956273
2016_17_20170416_WBA_LIV,2016_17,2017-04-16,WBA,LIV,0,0.4960629921259842,1.92,0.6055819624704768
2016_17_20170417_MID_ARS,2016_17,2017-04-17,MID,ARS,1,0.5535248041775457,1.71,0.4941768527697541
2016_17_20170422_BOU_MID,2016_17,2017-04-22,BOU,MID,1,0.5105263157894737,1.86,0.451464467497394
2016_17_20170422_HUL_WAT,2016_17,2017-04-22,HUL,WAT,0,0.4790575916230366,1.99,0.38910626891490274
2016_17_20170422_SWA_STK,2016_17,2017-04-22,SWA,STK,0,0.4593175853018373,2.06,0.4509536655182984
2016_17_20170422_WHU_EVE,2016_17,2017-04-22,WHU,EVE,0,0.5598958333333334,1.69,0.5680998744280554
2016_17_20170423_BUR_MUN,2016_17,2017-04-23,BUR,MUN,0,0.4415584415584415,2.15,0.4518804640748982
2016_17_20170423_LIV_CRY,2016_17,2017-04-23,LIV,CRY,1,0.5794871794871795,1.64,0.5627973287462769
2016_17_20170425_CHE_SOU,2016_17,2017-04-25,CHE,SOU,1,0.5340314136125655,1.78,0.4931506766316963
2016_17_20170426_ARS_LEI,2016_17,2017-04-26,ARS,LEI,0,0.6514423076923078,1.45,0.7371438103820983
2016_17_20170426_CRY_TOT,2016_17,2017-04-26,CRY,TOT,0,0.5846153846153845,1.62,0.5211786798537685
2016_17_20170426_MID_SUN,2016_17,2017-04-26,MID,SUN,0,0.4659685863874345,2.04,0.4732438779637027
2016_17_20170427_MCI_MUN,2016_17,2017-04-27,MCI,MUN,0,0.5275590551181102,1.8,0.43585131407691197
2016_17_20170429_CRY_BUR,2016_17,2017-04-29,CRY,BUR,0,0.4543080939947781,2.09,0.35756799939395784
2016_17_20170429_SOU_HUL,2016_17,2017-04-29,SOU,HUL,0,0.5301837270341206,1.79,0.7252551866243725
2016_17_20170429_STK_WHU,2016_17,2017-04-29,STK,WHU,0,0.5091863517060368,1.87,0.5196932964791442
2016_17_20170429_SUN_BOU,2016_17,2017-04-29,SUN,BOU,0,0.5509138381201044,1.72,0.5047443097235851
2016_17_20170429_WBA_LEI,2016_17,2017-04-29,WBA,LEI,0,0.4736842105263157,2.0,0.5852124804047834
2016_17_20170430_EVE_CHE,2016_17,2017-04-30,EVE,CHE,1,0.5196850393700787,1.83,0.5288614737287878
2016_17_20170430_MID_MCI,2016_17,2017-04-30,MID,MCI,1,0.6296296296296295,1.5,0.4758986558399613
2016_17_20170430_MUN_SWA,2016_17,2017-04-30,MUN,SWA,0,0.5328083989501312,1.78,0.4296260962489019
2016_17_20170430_TOT_ARS,2016_17,2017-04-30,TOT,ARS,0,0.6130653266331658,1.54,0.6412455044429748
2016_17_20170501_WAT_LIV,2016_17,2017-05-01,WAT,LIV,0,0.5651041666666667,1.67,0.4985236216113014
2016_17_20170505_WHU_TOT,2016_17,2017-05-05,WHU,TOT,0,0.5913705583756345,1.61,0.5950840006865322
2016_17_20170506_BOU_STK,2016_17,2017-05-06,BOU,STK,1,0.5494791666666667,1.73,0.44673465112346844
2016_17_20170506_BUR_WBA,2016_17,2017-05-06,BUR,WBA,1,0.3884711779448621,2.44,0.41522641730649074
2016_17_20170506_HUL_SUN,2016_17,2017-05-06,HUL,SUN,0,0.5366492146596858,1.77,0.4354958472174137
2016_17_20170506_LEI_WAT,2016_17,2017-05-06,LEI,WAT,1,0.5249343832020998,1.81,0.49306118316750674
2016_17_20170506_MCI_CRY,2016_17,2017-05-06,MCI,CRY,1,0.7,1.35,0.5079622089949474
2016_17_20170506_SWA_EVE,2016_17,2017-05-06,SWA,EVE,0,0.5118110236220472,1.86,0.4288343825302568
2016_17_20170507_ARS_MUN,2016_17,2017-05-07,ARS,MUN,0,0.513157894736842,1.85,0.5518905790676282
2016_17_20170507_LIV_SOU,2016_17,2017-05-07,LIV,SOU,0,0.5710594315245477,1.66,0.5535676985502522
2016_17_20170508_CHE_MID,2016_17,2017-05-08,CHE,MID,1,0.6348039215686274,1.49,0.6074732340400225
2016_17_20170510_SOU_ARS,2016_17,2017-05-10,SOU,ARS,0,0.5636363636363637,1.68,0.5196877536604187
2016_17_20170512_EVE_WAT,2016_17,2017-05-12,EVE,WAT,0,0.5520833333333334,1.72,0.42024616247609736
2016_17_20170512_WBA_CHE,2016_17,2017-05-12,WBA,CHE,0,0.5209424083769634,1.83,0.645629956347534
2016_17_20170513_BOU_BUR,2016_17,2017-05-13,BOU,BUR,1,0.5392670157068064,1.76,0.44528229830574645
2016_17_20170513_MCI_LEI,2016_17,2017-05-13,MCI,LEI,1,0.7013274336283185,1.35,0.4377680488141445
2016_17_20170513_MID_SOU,2016_17,2017-05-13,MID,SOU,1,0.4855643044619423,1.96,0.40501132055406175
2016_17_20170513_STK_ARS,2016_17,2017-05-13,STK,ARS,1,0.5928753180661578,1.6,0.5740382486524667
2016_17_20170513_SUN_SWA,2016_17,2017-05-13,SUN,SWA,0,0.5144356955380577,1.85,0.4715334166950529
2016_17_20170514_CRY_HUL,2016_17,2017-05-14,CRY,HUL,1,0.4881889763779528,1.95,0.49590550770289604
2016_17_20170514_TOT_MUN,2016_17,2017-05-14,TOT,MUN,1,0.4921052631578948,1.93,0.38848873139079254
2016_17_20170514_WHU_LIV,2016_17,2017-05-14,WHU,LIV,1,0.5249343832020998,1.81,0.3838972484863737
2016_17_20170515_CHE_WAT,2016_17,2017-05-15,CHE,WAT,1,0.6481927710843374,1.46,0.46125008086574776
2016_17_20170516_ARS_SUN,2016_17,2017-05-16,ARS,SUN,0,0.755859375,1.25,0.5766039388924146
2016_17_20170516_MCI_WBA,2016_17,2017-05-16,MCI,WBA,1,0.7185501066098081,1.32,0.5226427921596685
2016_17_20170517_SOU_MUN,2016_17,2017-05-17,SOU,MUN,0,0.4607329842931937,2.06,0.40329514536043093
2016_17_20170518_LEI_TOT,2016_17,2017-05-18,LEI,TOT,1,0.5494791666666667,1.73,0.4095236206601863
2016_17_20170521_ARS_EVE,2016_17,2017-05-21,ARS,EVE,1,0.6514423076923078,1.45,0.38457050647175123
2016_17_20170521_BUR_WHU,2016_17,2017-05-21,BUR,WHU,1,0.5249343832020998,1.81,0.5270878409331907
2016_17_20170521_CHE_SUN,2016_17,2017-05-21,CHE,SUN,1,0.6674528301886793,1.41,0.46044558255997725
2016_17_20170521_HUL_TOT,2016_17,2017-05-21,HUL,TOT,1,0.5918367346938775,1.6,0.3400030639624029
2016_17_20170521_LEI_BOU,2016_17,2017-05-21,LEI,BOU,0,0.5762273901808785,1.64,0.5735842718507795
2016_17_20170521_LIV_MID,2016_17,2017-05-21,LIV,MID,1,0.6546762589928057,1.44,0.5776856832613511
2016_17_20170521_MUN_CRY,2016_17,2017-05-21,MUN,CRY,0,0.4763157894736842,1.99,0.5345574180999818
2016_17_20170521_SOU_STK,2016_17,2017-05-21,SOU,STK,0,0.5275590551181102,1.8,0.6192491891755815
2016_17_20170521_SWA_WBA,2016_17,2017-05-21,SWA,WBA,1,0.5196850393700787,1.83,0.4103111990670641
2016_17_20170521_WAT_MCI,2016_17,2017-05-21,WAT,MCI,1,0.6635071090047394,1.42,0.6054513192590657
2017_18_20170811_ARS_LEI,2017_18,2017-08-11,ARS,LEI,1,0.5903307888040712,1.61,0.5722758594687612
2017_18_20170812_BRI_MCI,2017_18,2017-08-12,BRI,MCI,0,0.5820512820512821,1.63,0.5531774262435001
2017_18_20170812_CHE_BUR,2017_18,2017-08-12,CHE,BUR,1,0.5732647814910026,1.66,0.5459442596393234
2017_18_20170812_CRY_HUD,2017_18,2017-08-12,CRY,HUD,1,0.4490861618798955,2.11,0.48428800008614703
2017_18_20170812_EVE_STK,2017_18,2017-08-12,EVE,STK,0,0.4583333333333333,2.08,0.5480227993658507
2017_18_20170812_SOU_SWA,2017_18,2017-08-12,SOU,SWA,0,0.4569190600522194,2.08,0.47305996724072896
2017_18_20170812_WAT_LIV,2017_18,2017-08-12,WAT,LIV,1,0.5223097112860893,1.82,0.5319380279105163
2017_18_20170812_WBA_BOU,2017_18,2017-08-12,WBA,BOU,0,0.4404145077720207,2.16,0.5172315260368382
2017_18_20170813_MUN_WHU,2017_18,2017-08-13,MUN,WHU,1,0.5595854922279793,1.7,0.5451677142550925
2017_18_20170813_NEW_TOT,2017_18,2017-08-13,NEW,TOT,0,0.5261780104712042,1.81,0.4872042293534903
2017_18_20170819_BOU_WAT,2017_18,2017-08-19,BOU,WAT,0,0.5248041775456919,1.82,0.5137586719507045
2017_18_20170819_BUR_WBA,2017_18,2017-08-19,BUR,WBA,0,0.385,2.46,0.4874538139812161
2017_18_20170819_LEI_BRI,2017_18,2017-08-19,LEI,BRI,0,0.486910994764398,1.96,0.3849107992944463
2017_18_20170819_LIV_CRY,2017_18,2017-08-19,LIV,CRY,0,0.6045340050377834,1.57,0.537149311822644
2017_18_20170819_SOU_WHU,2017_18,2017-08-19,SOU,WHU,1,0.518324607329843,1.84,0.5186801497063935
2017_18_20170819_STK_ARS,2017_18,2017-08-19,STK,ARS,0,0.5300261096605744,1.8,0.5307557181301776
2017_18_20170819_SWA_MUN,2017_18,2017-08-19,SWA,MUN,1,0.5039164490861618,1.9,0.41962289791194224
2017_18_20170820_HUD_NEW,2017_18,2017-08-20,HUD,NEW,0,0.4293059125964009,2.22,0.5789279330869056
2017_18_20170820_TOT_CHE,2017_18,2017-08-20,TOT,CHE,1,0.5026178010471204,1.9,0.6378199905689734
2017_18_20170821_MCI_EVE,2017_18,2017-08-21,MCI,EVE,0,0.5913705583756345,1.61,0.5963632881405657
2017_18_20170826_BOU_MCI,2017_18,2017-08-26,BOU,MCI,1,0.6348039215686274,1.49,0.4969180907986929
2017_18_20170826_CRY_SWA,2017_18,2017-08-26,CRY,SWA,0,0.4430051813471503,2.15,0.46223249510305925
2017_18_20170826_HUD_SOU,2017_18,2017-08-26,HUD,SOU,0,0.4341085271317829,2.19,0.5596863094841029
2017_18_20170826_MUN_LEI,2017_18,2017-08-26,MUN,LEI,0,0.5769230769230769,1.65,0.5821129156699628
2017_18_20170826_NEW_WHU,2017_18,2017-08-26,NEW,WHU,1,0.4921465968586388,1.94,0.48355616386536104
2017_18_20170826_WAT_BRI,2017_18,2017-08-26,WAT,BRI,0,0.4304123711340206,2.21,0.431815307982291
2017_18_20170827_CHE_EVE,2017_18,2017-08-27,CHE,EVE,0,0.4973821989528796,1.92,0.6148332809588357
2017_18_20170827_LIV_ARS,2017_18,2017-08-27,LIV,ARS,1,0.601010101010101,1.58,0.5652830569666311
2017_18_20170827_TOT_BUR,2017_18,2017-08-27,TOT,BUR,0,0.5732647814910026,1.66,0.575402082117312
2017_18_20170827_WBA_STK,2017_18,2017-08-27,WBA,STK,0,0.3667481662591687,2.59,0.47819395238589085
2017_18_20170909_ARS_BOU,2017_18,2017-09-09,ARS,BOU,1,0.6736596736596736,1.4,0.5878494294866258
2017_18_20170909_BRI_WBA,2017_18,2017-09-09,BRI,WBA,1,0.3643031784841076,2.6,0.38600876938478357
2017_18_20170909_EVE_TOT,2017_18,2017-09-09,EVE,TOT,1,0.4673629242819843,2.04,0.5785028748403918
2017_18_20170909_LEI_CHE,2017_18,2017-09-09,LEI,CHE,1,0.5130890052356021,1.86,0.6221535289459831
2017_18_20170909_MCI_LIV,2017_18,2017-09-09,MCI,LIV,1,0.6212871287128713,1.53,0.5788371689881079
2017_18_20170909_SOU_WAT,2017_18,2017-09-09,SOU,WAT,0,0.4842931937172774,1.97,0.5293167562516785
2017_18_20170909_STK_MUN,2017_18,2017-09-09,STK,MUN,1,0.5078534031413613,1.88,0.4692235191740571
2017_18_20170910_BUR_CRY,2017_18,2017-09-10,BUR,CRY,0,0.4035532994923858,2.35,0.5162920196564132
2017_18_20170910_SWA_NEW,2017_18,2017-09-10,SWA,NEW,0,0.4392764857881137,2.17,0.47513189225450125
2017_18_20170911_WHU_HUD,2017_18,2017-09-11,WHU,HUD,0,0.4790575916230366,1.99,0.377973482162741
2017_18_20170915_BOU_BRI,2017_18,2017-09-15,BOU,BRI,1,0.4621409921671018,2.06,0.5043000164627769
2017_18_20170916_CRY_SOU,2017_18,2017-09-16,CRY,SOU,0,0.413265306122449,2.3,0.45784126250510837
2017_18_20170916_HUD_LEI,2017_18,2017-09-16,HUD,LEI,0,0.4633507853403141,2.05,0.5377861254148492
2017_18_20170916_LIV_BUR,2017_18,2017-09-16,LIV,BUR,0,0.6115288220551378,1.55,0.5924382065693712
2017_18_20170916_NEW_STK,2017_18,2017-09-16,NEW,STK,1,0.4378238341968911,2.17,0.4920341587863107
2017_18_20170916_TOT_SWA,2017_18,2017-09-16,TOT,SWA,0,0.615,1.54,0.5036607535846114
2017_18_20170916_WAT_MCI,2017_18,2017-09-16,WAT,MCI,1,0.6314496314496314,1.5,0.5103093455620552
2017_18_20170916_WBA_WHU,2017_18,2017-09-16,WBA,WHU,0,0.4329896907216495,2.2,0.5071500964886451
2017_18_20170917_CHE_ARS,2017_18,2017-09-17,CHE,ARS,0,0.586734693877551,1.62,0.596836729969053
2017_18_20170917_MUN_EVE,2017_18,2017-09-17,MUN,EVE,1,0.5404699738903395,1.76,0.5614388302873575
2017_18_20170923_BUR_HUD,2017_18,2017-09-23,BUR,HUD,0,0.3954659949622167,2.4,0.39432449818332105
2017_18_20170923_EVE_BOU,2017_18,2017-09-23,EVE,BOU,1,0.5144356955380577,1.85,0.5490152964011342
2017_18_20170923_LEI_LIV,2017_18,2017-09-23,LEI,LIV,1,0.5633074935400517,1.69,0.5646083654436249
2017_18_20170923_MCI_CRY,2017_18,2017-09-23,MCI,CRY,1,0.6971046770601336,1.36,0.5610488815888056
2017_18_20170923_SOU_MUN,2017_18,2017-09-23,SOU,MUN,0,0.4671916010498688,2.03,0.5279481792106175
2017_18_20170923_STK_CHE,2017_18,2017-09-23,STK,CHE,1,0.5352480417754569,1.78,0.5069305076587995
2017_18_20170923_SWA_WAT,2017_18,2017-09-23,SWA,WAT,1,0.4557291666666667,2.09,0.5475578859722535
2017_18_20170923_WHU_TOT,2017_18,2017-09-23,WHU,TOT,1,0.5633074935400517,1.69,0.5399129142473675
2017_18_20170924_BRI_NEW,2017_18,2017-09-24,BRI,NEW,0,0.3954659949622167,2.4,0.4788681989934772
2017_18_20170925_ARS_WBA,2017_18,2017-09-25,ARS,WBA,0,0.5784061696658098,1.64,0.5731746720019568
2017_18_20170930_BOU_LEI,2017_18,2017-09-30,BOU,LEI,0,0.5261780104712042,1.81,0.6037385180349083
2017_18_20170930_CHE_MCI,2017_18,2017-09-30,CHE,MCI,0,0.5584415584415584,1.7,0.5575147343747582
2017_18_20170930_HUD_TOT,2017_18,2017-09-30,HUD,TOT,1,0.5468749999999999,1.74,0.5091605653119206
2017_18_20170930_MUN_CRY,2017_18,2017-09-30,MUN,CRY,1,0.598984771573604,1.58,0.5564977658630351
2017_18_20170930_STK_SOU,2017_18,2017-09-30,STK,SOU,1,0.4378238341968911,2.17,0.47863642480641044
2017_18_20170930_WBA_WAT,2017_18,2017-09-30,WBA,WAT,1,0.3884711779448621,2.44,0.5564977650784199
2017_18_20170930_WHU_SWA,2017_18,2017-09-30,WHU,SWA,0,0.4738219895287958,2.01,0.4457159221436108
2017_18_20171001_ARS_BRI,2017_18,2017-10-01,ARS,BRI,0,0.6105527638190955,1.55,0.5529703071175254
2017_18_20171001_EVE_BUR,2017_18,2017-10-01,EVE,BUR,0,0.4569190600522194,2.08,0.5563544311958555
2017_18_20171001_NEW_LIV,2017_18,2017-10-01,NEW,LIV,0,0.5647668393782384,1.68,0.5195221049368398
2017_18_20171014_BUR_WHU,2017_18,2017-10-14,BUR,WHU,0,0.4263565891472868,2.22,0.5098025710631271
2017_18_20171014_CRY_CHE,2017_18,2017-10-14,CRY,CHE,1,0.5236842105263159,1.81,0.5472608357836625
2017_18_20171014_LIV_MUN,2017_18,2017-10-14,LIV,MUN,0,0.5013123359580053,1.9,0.5509140032127817
2017_18_20171014_MCI_STK,2017_18,2017-10-14,MCI,STK,1,0.7212765957446808,1.31,0.5696587719190733
2017_18_20171014_SWA_HUD,2017_18,2017-10-14,SWA,HUD,0,0.3746898263027295,2.52,0.37358362470965784
2017_18_20171014_TOT_BOU,2017_18,2017-10-14,TOT,BOU,0,0.6820276497695854,1.38,0.5621143462504448
2017_18_20171014_WAT_ARS,2017_18,2017-10-14,WAT,ARS,1,0.6085858585858586,1.55,0.49930865446742473
2017_18_20171015_BRI_EVE,2017_18,2017-10-15,BRI,EVE,0,0.3894472361809045,2.43,0.5368275218445905
2017_18_20171015_SOU_NEW,2017_18,2017-10-15,SOU,NEW,1,0.4490861618798955,2.11,0.49780669553372847
2017_18_20171016_LEI_WBA,2017_18,2017-10-16,LEI,WBA,0,0.4516971279373368,2.1,0.5205381118019888
2017_18_20171020_WHU_BRI,2017_18,2017-10-20,WHU,BRI,1,0.4241645244215937,2.24,0.4737376807391432
2017_18_20171021_CHE_WAT,2017_18,2017-10-21,CHE,WAT,1,0.5918367346938775,1.6,0.5986247199717375
2017_18_20171021_HUD_MUN,2017_18,2017-10-21,HUD,MUN,1,0.4881889763779528,1.95,0.4200037839642598
2017_18_20171021_MCI_BUR,2017_18,2017-10-21,MCI,BUR,1,0.7423935091277891,1.27,0.5454260577898029
2017_18_20171021_NEW_CRY,2017_18,2017-10-21,NEW,CRY,0,0.4633507853403141,2.05,0.5154737189408429
2017_18_20171021_SOU_WBA,2017_18,2017-10-21,SOU,WBA,0,0.3999999999999999,2.37,0.5244525334279468
2017_18_20171021_STK_BOU,2017_18,2017-10-21,STK,BOU,1,0.4908136482939633,1.94,0.5317237936129307
2017_18_20171021_SWA_LEI,2017_18,2017-10-21,SWA,LEI,1,0.4490861618798955,2.11,0.5611293772973681
2017_18_20171022_EVE_ARS,2017_18,2017-10-22,EVE,ARS,1,0.5261780104712042,1.81,0.6201096213070864
2017_18_20171022_TOT_LIV,2017_18,2017-10-22,TOT,LIV,1,0.5732647814910026,1.66,0.5674315389740457
2017_18_20171028_ARS_SWA,2017_18,2017-10-28,ARS,SWA,1,0.6674528301886793,1.41,0.5053594680684734
2017_18_20171028_BOU_CHE,2017_18,2017-10-28,BOU,CHE,0,0.5809768637532133,1.63,0.5294994167690888
2017_18_20171028_CRY_WHU,2017_18,2017-10-28,CRY,WHU,1,0.4569190600522194,2.08,0.5386318915928278
2017_18_20171028_LIV_HUD,2017_18,2017-10-28,LIV,HUD,1,0.6381418092909535,1.48,0.4945396384917687
2017_18_20171028_MUN_TOT,2017_18,2017-10-28,MUN,TOT,0,0.4415584415584415,2.15,0.5440043570365689
2017_18_20171028_WAT_STK,2017_18,2017-10-28,WAT,STK,0,0.5,1.91,0.5154494018156167
2017_18_20171028_WBA_MCI,2017_18,2017-10-28,WBA,MCI,1,0.6184538653366584,1.53,0.5219617432392809
2017_18_20171029_BRI_SOU,2017_18,2017-10-29,BRI,SOU,0,0.3869346733668342,2.44,0.48607435928493165
2017_18_20171029_LEI_EVE,2017_18,2017-10-29,LEI,EVE,0,0.4894736842105264,1.94,0.6154314619574126
2017_18_20171030_BUR_NEW,2017_18,2017-10-30,BUR,NEW,0,0.4102564102564102,2.3,0.46348410163123205
2017_18_20171104_HUD_WBA,2017_18,2017-11-04,HUD,WBA,0,0.3436754176610979,2.75,0.46760315063563923
2017_18_20171104_NEW_BOU,2017_18,2017-11-04,NEW,BOU,0,0.4724409448818897,2.01,0.5170402666476956
2017_18_20171104_SOU_BUR,2017_18,2017-11-04,SOU,BUR,0,0.4168797953964194,2.28,0.4849094662141581
2017_18_20171104_STK_LEI,2017_18,2017-11-04,STK,LEI,1,0.4750656167979003,2.0,0.5656582261765147
2017_18_20171104_SWA_BRI,2017_18,2017-11-04,SWA,BRI,0,0.3919597989949749,2.42,0.48168390175828657
2017_18_20171104_WHU_LIV,2017_18,2017-11-04,WHU,LIV,1,0.5831202046035805,1.63,0.5850654838920317
2017_18_20171105_CHE_MUN,2017_18,2017-11-05,CHE,MUN,0,0.4153846153846153,2.28,0.5293050628768433
2017_18_20171105_EVE_WAT,2017_18,2017-11-05,EVE,WAT,1,0.4712041884816754,2.02,0.5732810428659488
2017_18_20171105_MCI_ARS,2017_18,2017-11-05,MCI,ARS,1,0.695067264573991,1.36,0.6435641669642332
2017_18_20171105_TOT_CRY,2017_18,2017-11-05,TOT,CRY,0,0.6414634146341464,1.47,0.6090129326681848
2017_18_20171118_ARS_TOT,2017_18,2017-11-18,ARS,TOT,0,0.583547557840617,1.62,0.6086168196873363
2017_18_20171118_BOU_HUD,2017_18,2017-11-18,BOU,HUD,1,0.4389610389610389,2.16,0.4275674233865361
2017_18_20171118_BUR_SWA,2017_18,2017-11-18,BUR,SWA,0,0.3703703703703704,2.55,0.47386402841472586
2017_18_20171118_CRY_EVE,2017_18,2017-11-18,CRY,EVE,1,0.4352331606217616,2.18,0.5977245980074616
2017_18_20171118_LEI_MCI,2017_18,2017-11-18,LEI,MCI,0,0.6666666666666667,1.41,0.5511457981911339
2017_18_20171118_LIV_SOU,2017_18,2017-11-18,LIV,SOU,1,0.5758354755784061,1.65,0.5456999220321779
2017_18_20171118_MUN_NEW,2017_18,2017-11-18,MUN,NEW,1,0.518324607329843,1.84,0.5022733872743288
2017_18_20171118_WBA_CHE,2017_18,2017-11-18,WBA,CHE,1,0.4633507853403141,2.05,0.5159821918869153
2017_18_20171119_WAT_WHU,2017_18,2017-11-19,WAT,WHU,0,0.5026315789473684,1.89,0.5248666385640578
2017_18_20171120_BRI_STK,2017_18,2017-11-20,BRI,STK,1,0.3964646464646465,2.39,0.5333215689420417
2017_18_20171124_WHU_LEI,2017_18,2017-11-24,WHU,LEI,0,0.4803149606299213,1.98,0.5676180715128287
2017_18_20171125_CRY_STK,2017_18,2017-11-25,CRY,STK,1,0.468586387434555,2.03,0.5193134764021401
2017_18_20171125_LIV_CHE,2017_18,2017-11-25,LIV,CHE,0,0.5621761658031088,1.69,0.55900243427251
2017_18_20171125_MUN_BRI,2017_18,2017-11-25,MUN,BRI,0,0.5684754521963824,1.67,0.5210421613777737
2017_18_20171125_NEW_WAT,2017_18,2017-11-25,NEW,WAT,1,0.4738219895287958,2.01,0.5353104597975455
2017_18_20171125_SWA_BOU,2017_18,2017-11-25,SWA,BOU,0,0.4352331606217616,2.18,0.487153706192732
2017_18_20171125_TOT_WBA,2017_18,2017-11-25,TOT,WBA,0,0.5610389610389611,1.69,0.599496830701764
2017_18_20171126_BUR_ARS,2017_18,2017-11-26,BUR,ARS,0,0.5520833333333334,1.72,0.5391139837863436
2017_18_20171126_HUD_MCI,2017_18,2017-11-26,HUD,MCI,1,0.6447688564476886,1.46,0.5055262163038328
2017_18_20171126_SOU_EVE,2017_18,2017-11-26,SOU,EVE,1,0.4215938303341903,2.25,0.6435006126643638
2017_18_20171128_BRI_CRY,2017_18,2017-11-28,BRI,CRY,0,0.3884711779448621,2.44,0.5323897486472778
2017_18_20171128_LEI_TOT,2017_18,2017-11-28,LEI,TOT,1,0.5366492146596858,1.77,0.5406180846751483
2017_18_20171128_WAT_MUN,2017_18,2017-11-28,WAT,MUN,1,0.5261780104712042,1.81,0.4525382117928884
2017_18_20171128_WBA_NEW,2017_18,2017-11-28,WBA,NEW,1,0.3929471032745592,2.41,0.5070238443975806
2017_18_20171129_ARS_HUD,2017_18,2017-11-29,ARS,HUD,1,0.6320987654320989,1.49,0.5771282904995876
2017_18_20171129_BOU_BUR,2017_18,2017-11-29,BOU,BUR,1,0.4326424870466321,2.19,0.4135410614979957
2017_18_20171129_CHE_SWA,2017_18,2017-11-29,CHE,SWA,0,0.6155778894472362,1.53,0.5193461107540822
2017_18_20171129_EVE_WHU,2017_18,2017-11-29,EVE,WHU,1,0.4698162729658792,2.02,0.5712670438116121
2017_18_20171129_MCI_SOU,2017_18,2017-11-29,MCI,SOU,1,0.6705607476635514,1.41,0.5930246892987947
2017_18_20171129_STK_LIV,2017_18,2017-11-29,STK,LIV,1,0.6025316455696202,1.57,0.5488683169563267
2017_18_20171202_ARS_MUN,2017_18,2017-12-02,ARS,MUN,1,0.4947643979057591,1.93,0.5380066702578288
2017_18_20171202_BRI_LIV,2017_18,2017-12-02,BRI,LIV,1,0.5366492146596858,1.77,0.5441017048736331
2017_18_20171202_CHE_NEW,2017_18,2017-12-02,CHE,NEW,1,0.5903307888040712,1.61,0.5580190426812595
2017_18_20171202_EVE_HUD,2017_18,2017-12-02,EVE,HUD,0,0.4673629242819843,2.04,0.5514043368267213
2017_18_20171202_LEI_BUR,2017_18,2017-12-02,LEI,BUR,0,0.4404145077720207,2.16,0.48618983164771284
2017_18_20171202_STK_SWA,2017_18,2017-12-02,STK,SWA,1,0.4341085271317829,2.19,0.4244561672333925
2017_18_20171202_WAT_TOT,2017_18,2017-12-02,WAT,TOT,0,0.5633074935400517,1.69,0.4806028825924908
2017_18_20171202_WBA_CRY,2017_18,2017-12-02,WBA,CRY,0,0.3964646464646465,2.39,0.5464761679791027
2017_18_20171203_BOU_SOU,2017_18,2017-12-03,BOU,SOU,0,0.4389610389610389,2.16,0.4864134607448437
2017_18_20171203_MCI_WHU,2017_18,2017-12-03,MCI,WHU,1,0.7578125,1.24,0.6134151742043746
2017_18_20171209_BUR_WAT,2017_18,2017-12-09,BUR,WAT,0,0.4194373401534527,2.27,0.4946163727878092
2017_18_20171209_CRY_BOU,2017_18,2017-12-09,CRY,BOU,1,0.4569190600522194,2.08,0.42338024464258067
2017_18_20171209_HUD_BRI,2017_18,2017-12-09,HUD,BRI,0,0.339667458432304,2.78,0.43439009838463116
2017_18_20171209_NEW_LEI,2017_18,2017-12-09,NEW,LEI,1,0.4764397905759163,2.0,0.542305222060049
2017_18_20171209_SWA_WBA,2017_18,2017-12-09,SWA,WBA,0,0.3600973236009733,2.63,0.4924778076831997
2017_18_20171209_TOT_STK,2017_18,2017-12-09,TOT,STK,1,0.6271604938271605,1.51,0.6526417885707922
2017_18_20171209_WHU_CHE,2017_18,2017-12-09,WHU,CHE,0,0.5287958115183247,1.8,0.5504882906715094
2017_18_20171210_LIV_EVE,2017_18,2017-12-10,LIV,EVE,0,0.6390243902439025,1.48,0.6261339890775218
2017_18_20171210_MUN_MCI,2017_18,2017-12-10,MUN,MCI,1,0.5196850393700787,1.83,0.5856525578795123
2017_18_20171210_SOU_ARS,2017_18,2017-12-10,SOU,ARS,0,0.5287958115183247,1.8,0.5605477833756097
2017_18_20171212_BUR_STK,2017_18,2017-12-12,BUR,STK,0,0.398989898989899,2.38,0.5450987383173059
2017_18_20171212_CRY_WAT,2017_18,2017-12-12,CRY,WAT,1,0.518324607329843,1.84,0.4839870968399408
2017_18_20171212_HUD_CHE,2017_18,2017-12-12,HUD,CHE,1,0.4908616187989557,1.95,0.5226462362629212
2017_18_20171213_LIV_WBA,2017_18,2017-12-13,LIV,WBA,0,0.6246913580246914,1.52,0.5447091014396022
2017_18_20171213_MUN_BOU,2017_18,2017-12-13,MUN,BOU,0,0.5820512820512821,1.63,0.511485721708796
2017_18_20171213_NEW_EVE,2017_18,2017-12-13,NEW,EVE,0,0.4505208333333333,2.11,0.6350501213328078
2017_18_20171213_SOU_LEI,2017_18,2017-12-13,SOU,LEI,1,0.4673629242819843,2.04,0.5245939032267671
2017_18_20171213_SWA_MCI,2017_18,2017-12-13,SWA,MCI,1,0.6356968215158926,1.49,0.5277073044033951
2017_18_20171213_TOT_BRI,2017_18,2017-12-13,TOT,BRI,0,0.5856777493606138,1.62,0.5690453090248954
2017_18_20171213_WHU_ARS,2017_18,2017-12-13,WHU,ARS,0,0.5710594315245477,1.66,0.55877954704474
2017_18_20171216_ARS_NEW,2017_18,2017-12-16,ARS,NEW,0,0.6498800959232613,1.46,0.5922556792652567
2017_18_20171216_BRI_BUR,2017_18,2017-12-16,BRI,BUR,0,0.3396226415094339,2.8,0.4562813239963121
2017_18_20171216_CHE_SOU,2017_18,2017-12-16,CHE,SOU,0,0.5532467532467532,1.72,0.6010601705563666
2017_18_20171216_LEI_CRY,2017_18,2017-12-16,LEI,CRY,1,0.4986945169712793,1.92,0.49454420107431246
2017_18_20171216_MCI_TOT,2017_18,2017-12-16,MCI,TOT,1,0.6169154228855721,1.54,0.6290263102849994
2017_18_20171216_STK_WHU,2017_18,2017-12-16,STK,WHU,1,0.4569190600522194,2.08,0.5370899196098423
2017_18_20171216_WAT_HUD,2017_18,2017-12-16,WAT,HUD,1,0.4699738903394256,2.03,0.5105273430362957
2017_18_20171217_BOU_LIV,2017_18,2017-12-17,BOU,LIV,1,0.6055276381909548,1.57,0.5185628769181259
2017_18_20171217_WBA_MUN,2017_18,2017-12-17,WBA,MUN,1,0.4595300261096606,2.07,0.48658104946181896
2017_18_20171218_EVE_SWA,2017_18,2017-12-18,EVE,SWA,1,0.4215938303341903,2.25,0.5026861775268814
2017_18_20171222_ARS_LIV,2017_18,2017-12-22,ARS,LIV,1,0.6314496314496314,1.5,0.5722565029817539
2017_18_20171223_BRI_WAT,2017_18,2017-12-23,BRI,WAT,0,0.4267352185089973,2.23,0.5069822897588789
2017_18_20171223_BUR_TOT,2017_18,2017-12-23,BUR,TOT,1,0.468586387434555,2.03,0.5518603937893941
2017_18_20171223_EVE_CHE,2017_18,2017-12-23,EVE,CHE,0,0.4647519582245431,2.05,0.5093263847297081
2017_18_20171223_LEI_MUN,2017_18,2017-12-23,LEI,MUN,1,0.4947643979057591,1.93,0.5432067186820105
2017_18_20171223_MCI_BOU,2017_18,2017-12-23,MCI,BOU,1,0.7679245283018867,1.23,0.5548889324319232
2017_18_20171223_SOU_HUD,2017_18,2017-12-23,SOU,HUD,0,0.4595300261096606,2.07,0.5542054404905918
2017_18_20171223_STK_WBA,2017_18,2017-12-23,STK,WBA,1,0.4060913705583756,2.34,0.5208469492367226
2017_18_20171223_SWA_CRY,2017_18,2017-12-23,SWA,CRY,0,0.3999999999999999,2.37,0.4640026467454919
2017_18_20171223_WHU_NEW,2017_18,2017-12-23,WHU,NEW,1,0.4430051813471503,2.15,0.5296530777891062
2017_18_20171226_BOU_WHU,2017_18,2017-12-26,BOU,WHU,1,0.451948051948052,2.11,0.5744614399129581
2017_18_20171226_CHE_BRI,2017_18,2017-12-26,CHE,BRI,0,0.5721649484536083,1.66,0.5372381801111384
2017_18_20171226_HUD_STK,2017_18,2017-12-26,HUD,STK,0,0.413265306122449,2.3,0.47357265493416223
2017_18_20171226_LIV_SWA,2017_18,2017-12-26,LIV,SWA,1,0.6759259259259259,1.4,0.5404527990521069
2017_18_20171226_MUN_BUR,2017_18,2017-12-26,MUN,BUR,1,0.5442708333333333,1.75,0.4726965862115345
2017_18_20171226_TOT_SOU,2017_18,2017-12-26,TOT,SOU,1,0.5633074935400517,1.69,0.6120295983476928
2017_18_20171226_WAT_LEI,2017_18,2017-12-26,WAT,LEI,1,0.5416666666666667,1.76,0.5088874728755224
2017_18_20171226_WBA_EVE,2017_18,2017-12-26,WBA,EVE,0,0.3821339950372208,2.49,0.5230336976438519
2017_18_20171227_NEW_MCI,2017_18,2017-12-27,NEW,MCI,0,0.6571428571428571,1.44,0.566767795608183
2017_18_20171228_CRY_ARS,2017_18,2017-12-28,CRY,ARS,1,0.5856777493606138,1.62,0.4923430448103192
2017_18_20171230_BOU_EVE,2017_18,2017-12-30,BOU,EVE,1,0.4505208333333333,2.11,0.5568840590696246
2017_18_20171230_CHE_STK,2017_18,2017-12-30,CHE,STK,1,0.6564705882352941,1.46,0.5956440809307971
2017_18_20171230_HUD_BUR,2017_18,2017-12-30,HUD,BUR,0,0.3477218225419664,2.72,0.3890332689118195
2017_18_20171230_LIV_LEI,2017_18,2017-12-30,LIV,LEI,1,0.676674364896074,1.4,0.5798698289586292
2017_18_20171230_MUN_SOU,2017_18,2017-12-30,MUN,SOU,0,0.5442708333333333,1.75,0.5890568764171882
2017_18_20171230_NEW_BRI,2017_18,2017-12-30,NEW,BRI,0,0.3875,2.45,0.4664990750125837
2017_18_20171230_WAT_SWA,2017_18,2017-12-30,WAT,SWA,1,0.4621409921671018,2.06,0.48898300746383416
2017_18_20171231_CRY_MCI,2017_18,2017-12-31,CRY,MCI,0,0.6721311475409837,1.4,0.5381581217320298
2017_18_20171231_WBA_ARS,2017_18,2017-12-31,WBA,ARS,0,0.5235602094240838,1.82,0.5323234418476662
2017_18_20180101_BRI_BOU,2017_18,2018-01-01,BRI,BOU,1,0.3865336658354114,2.46,0.472022017569388
2017_18_20180101_BUR_LIV,2017_18,2018-01-01,BUR,LIV,1,0.5287958115183247,1.8,0.500971137291814
2017_18_20180101_EVE_MUN,2017_18,2018-01-01,EVE,MUN,0,0.4158163265306122,2.29,0.5360596770288723
2017_18_20180101_LEI_HUD,2017_18,2018-01-01,LEI,HUD,1,0.4764397905759163,2.0,0.5701906783483824
2017_18_20180101_STK_NEW,2017_18,2018-01-01,STK,NEW,0,0.4609375,2.07,0.55004427920416
2017_18_20180102_MCI_WAT,2017_18,2018-01-02,MCI,WAT,1,0.7121212121212122,1.33,0.57128787198586
2017_18_20180102_SOU_CRY,2017_18,2018-01-02,SOU,CRY,1,0.4712041884816754,2.02,0.4906367157949095
2017_18_20180102_SWA_TOT,2017_18,2018-01-02,SWA,TOT,0,0.5430809399477807,1.75,0.6057685618095304
2017_18_20180102_WHU_WBA,2017_18,2018-01-02,WHU,WBA,1,0.4025316455696203,2.36,0.47491357200339934
2017_18_20180103_ARS_CHE,2017_18,2018-01-03,ARS,CHE,1,0.5758354755784061,1.65,0.577340763045013
2017_18_20180104_TOT_WHU,2017_18,2018-01-04,TOT,WHU,0,0.6105527638190955,1.55,0.606878994033706
2017_18_20180113_CHE_LEI,2017_18,2018-01-13,CHE,LEI,0,0.6115288220551378,1.55,0.5779027482577175
2017_18_20180113_CRY_BUR,2017_18,2018-01-13,CRY,BUR,0,0.4005037783375315,2.38,0.4343644465624791
2017_18_20180113_HUD_WHU,2017_18,2018-01-13,HUD,WHU,1,0.3830845771144278,2.48,0.4547914184481359
2017_18_20180113_NEW_SWA,2017_18,2018-01-13,NEW,SWA,0,0.4050632911392405,2.35,0.47441130338223336
2017_18_20180113_TOT_EVE,2017_18,2018-01-13,TOT,EVE,1,0.5607235142118864,1.7,0.6008117833391092
2017_18_20180113_WAT_SOU,2017_18,2018-01-13,WAT,SOU,1,0.4921465968586388,1.94,0.5328283128443102
2017_18_20180113_WBA_BRI,2017_18,2018-01-13,WBA,BRI,0,0.3248259860788863,2.91,0.509007679449845
2017_18_20180114_BOU_ARS,2017_18,2018-01-14,BOU,ARS,1,0.6271604938271605,1.51,0.5744275042874541
2017_18_20180114_LIV_MCI,2017_18,2018-01-14,LIV,MCI,1,0.6228287841191067,1.52,0.6021255432116127
2017_18_20180115_MUN_STK,2017_18,2018-01-15,MUN,STK,1,0.6305418719211823,1.5,0.5898036750475998
2017_18_20180120_ARS_CRY,2017_18,2018-01-20,ARS,CRY,1,0.5974683544303797,1.59,0.5216797143261401
2017_18_20180120_BRI_CHE,2017_18,2018-01-20,BRI,CHE,1,0.4341085271317829,2.19,0.48892054082024133
2017_18_20180120_BUR_MUN,2017_18,2018-01-20,BUR,MUN,0,0.4366925064599483,2.18,0.523002477037593
2017_18_20180120_EVE_WBA,2017_18,2018-01-20,EVE,WBA,0,0.3762376237623762,2.52,0.530534967111506
2017_18_20180120_LEI_WAT,2017_18,2018-01-20,LEI,WAT,0,0.5468749999999999,1.74,0.5643494896224606
2017_18_20180120_MCI_NEW,2017_18,2018-01-20,MCI,NEW,1,0.7291666666666667,1.3,0.6110961518455443
2017_18_20180120_STK_HUD,2017_18,2018-01-20,STK,HUD,0,0.4304123711340206,2.21,0.4940382009286844
2017_18_20180120_WHU_BOU,2017_18,2018-01-20,WHU,BOU,0,0.5104712041884817,1.87,0.5605114826929123
2017_18_20180121_SOU_TOT,2017_18,2018-01-21,SOU,TOT,0,0.5274151436031332,1.81,0.5993232025953331
2017_18_20180122_SWA_LIV,2017_18,2018-01-22,SWA,LIV,0,0.5710594315245477,1.66,0.5058928960726743
2017_18_20180130_HUD_LIV,2017_18,2018-01-30,HUD,LIV,1,0.5670103092783505,1.68,0.5015608776660132
2017_18_20180130_SWA_ARS,2017_18,2018-01-30,SWA,ARS,1,0.5416666666666667,1.76,0.5547309281311709
2017_18_20180130_WHU_CRY,2017_18,2018-01-30,WHU,CRY,0,0.4441558441558441,2.14,0.45350141529121873
2017_18_20180131_CHE_BOU,2017_18,2018-01-31,CHE,BOU,1,0.6246913580246914,1.52,0.6226134052830106
2017_18_20180131_EVE_LEI,2017_18,2018-01-31,EVE,LEI,1,0.4278350515463917,2.22,0.586530097647736
2017_18_20180131_MCI_WBA,2017_18,2018-01-31,MCI,WBA,1,0.6563245823389022,1.44,0.5785317146734397
2017_18_20180131_NEW_BUR,2017_18,2018-01-31,NEW,BUR,0,0.3676470588235294,2.58,0.43596306370866705
2017_18_20180131_SOU_BRI,2017_18,2018-01-31,SOU,BRI,0,0.4025316455696203,2.36,0.5367109351861714
2017_18_20180131_STK_WAT,2017_18,2018-01-31,STK,WAT,0,0.518324607329843,1.84,0.5130334715936392
2017_18_20180131_TOT_MUN,2017_18,2018-01-31,TOT,MUN,0,0.4973821989528796,1.92,0.5779780902697664
2017_18_20180203_ARS_EVE,2017_18,2018-02-03,ARS,EVE,1,0.6045340050377834,1.57,0.5942371336889047
2017_18_20180203_BOU_STK,2017_18,2018-02-03,BOU,STK,1,0.5209424083769634,1.83,0.4986478904196809
2017_18_20180203_BRI_WHU,2017_18,2018-02-03,BRI,WHU,1,0.3710073710073709,2.56,0.4637797630516347
2017_18_20180203_BUR_MCI,2017_18,2018-02-03,BUR,MCI,0,0.5670103092783505,1.68,0.5334033929658019
2017_18_20180203_LEI_SWA,2017_18,2018-02-03,LEI,SWA,0,0.4569190600522194,2.08,0.5366467490598373
2017_18_20180203_MUN_HUD,2017_18,2018-02-03,MUN,HUD,0,0.6035353535353536,1.57,0.4852464136153153
2017_18_20180203_WBA_SOU,2017_18,2018-02-03,WBA,SOU,1,0.4071246819338422,2.33,0.5487672114329705
2017_18_20180204_CRY_NEW,2017_18,2018-02-04,CRY,NEW,0,0.4441558441558441,2.14,0.46886728242290804
2017_18_20180204_LIV_TOT,2017_18,2018-02-04,LIV,TOT,1,0.5974683544303797,1.59,0.6064698954766194
2017_18_20180205_WAT_CHE,2017_18,2018-02-05,WAT,CHE,1,0.5144356955380577,1.85,0.5096812147711078
2017_18_20180210_EVE_CRY,2017_18,2018-02-10,EVE,CRY,1,0.423076923076923,2.25,0.5463400753161677
2017_18_20180210_MCI_LEI,2017_18,2018-02-10,MCI,LEI,1,0.6842105263157895,1.38,0.6472360118728049
2017_18_20180210_STK_BRI,2017_18,2018-02-10,STK,BRI,0,0.4035532994923858,2.35,0.44868639199881805
2017_18_20180210_SWA_BUR,2017_18,2018-02-10,SWA,BUR,0,0.3428571428571429,2.76,0.41715114095368216
2017_18_20180210_TOT_ARS,2017_18,2018-02-10,TOT,ARS,0,0.6314496314496314,1.5,0.641896101316025
2017_18_20180210_WHU_WAT,2017_18,2018-02-10,WHU,WAT,0,0.4816753926701571,1.98,0.5135374676376742
2017_18_20180211_HUD_BOU,2017_18,2018-02-11,HUD,BOU,1,0.4179487179487179,2.27,0.5340467995221513
2017_18_20180211_NEW_MUN,2017_18,2018-02-11,NEW,MUN,0,0.4750656167979003,2.0,0.4917938521982824
2017_18_20180211_SOU_LIV,2017_18,2018-02-11,SOU,LIV,0,0.5633074935400517,1.69,0.5341684075555295
2017_18_20180212_CHE_WBA,2017_18,2018-02-12,CHE,WBA,1,0.5483028720626633,1.73,0.5931476333799447
2017_18_20180224_BOU_NEW,2017_18,2018-02-24,BOU,NEW,1,0.4855643044619423,1.96,0.44313250715947583
2017_18_20180224_BRI_SWA,2017_18,2018-02-24,BRI,SWA,1,0.3676470588235294,2.58,0.51159903133708
2017_18_20180224_BUR_SOU,2017_18,2018-02-24,BUR,SOU,0,0.3719211822660098,2.55,0.51817860504375
2017_18_20180224_LEI_STK,2017_18,2018-02-24,LEI,STK,0,0.5052356020942408,1.89,0.5481966330215267
2017_18_20180224_LIV_WHU,2017_18,2018-02-24,LIV,WHU,1,0.6611374407582938,1.43,0.54947464257241
2017_18_20180224_WAT_EVE,2017_18,2018-02-24,WAT,EVE,0,0.4633507853403141,2.05,0.5318629805332097
2017_18_20180224_WBA_HUD,2017_18,2018-02-24,WBA,HUD,1,0.380597014925373,2.49,0.4887470679111741
2017_18_20180225_CRY_TOT,2017_18,2018-02-25,CRY,TOT,0,0.5494791666666667,1.73,0.5475219144950705
2017_18_20180225_MUN_CHE,2017_18,2018-02-25,MUN,CHE,1,0.4543080939947781,2.09,0.5539869428889006
2017_18_20180301_ARS_MCI,2017_18,2018-03-01,ARS,MCI,1,0.6356968215158926,1.49,0.6274655596537995
2017_18_20180303_BUR_EVE,2017_18,2018-03-03,BUR,EVE,1,0.3658536585365854,2.6,0.5546315715669741
2017_18_20180303_LEI_BOU,2017_18,2018-03-03,LEI,BOU,0,0.5416666666666667,1.76,0.5822471643431507
2017_18_20180303_LIV_NEW,2017_18,2018-03-03,LIV,NEW,0,0.6697892271662763,1.41,0.5118078378737524
2017_18_20180303_SOU_STK,2017_18,2018-03-03,SOU,STK,0,0.4764397905759163,2.0,0.5104495753869353
2017_18_20180303_SWA_WHU,2017_18,2018-03-03,SWA,WHU,1,0.4183673469387755,2.28,0.478131267529526
2017_18_20180303_TOT_HUD,2017_18,2018-03-03,TOT,HUD,0,0.6055276381909548,1.57,0.579098221078989
2017_18_20180303_WAT_WBA,2017_18,2018-03-03,WAT,WBA,0,0.4366925064599483,2.18,0.4768441460270847
2017_18_20180304_BRI_ARS,2017_18,2018-03-04,BRI,ARS,1,0.5340314136125655,1.78,0.6044422889258189
2017_18_20180304_MCI_CHE,2017_18,2018-03-04,MCI,CHE,0,0.5644329896907216,1.69,0.6239474999748531
2017_18_20180305_CRY_MUN,2017_18,2018-03-05,CRY,MUN,1,0.4776902887139108,1.99,0.49613316729971096
2017_18_20180310_CHE_CRY,2017_18,2018-03-10,CHE,CRY,1,0.5618556701030928,1.7,0.6011086568344242
2017_18_20180310_EVE_BRI,2017_18,2018-03-10,EVE,BRI,0,0.4096692111959288,2.32,0.5948711618631923
2017_18_20180310_HUD_SWA,2017_18,2018-03-10,HUD,SWA,0,0.3777777777777777,2.52,0.47722510567241494
2017_18_20180310_MUN_LIV,2017_18,2018-03-10,MUN,LIV,1,0.5013054830287206,1.91,0.5896814076103083
2017_18_20180310_NEW_SOU,2017_18,2018-03-10,NEW,SOU,1,0.4194373401534527,2.27,0.5218637373464153
2017_18_20180310_WBA_LEI,2017_18,2018-03-10,WBA,LEI,1,0.4329896907216495,2.2,0.5349848443473642
2017_18_20180310_WHU_BUR,2017_18,2018-03-10,WHU,BUR,1,0.3865336658354114,2.46,0.4913659108856038
2017_18_20180311_ARS_WAT,2017_18,2018-03-11,ARS,WAT,1,0.6271604938271605,1.51,0.5752251876015357
2017_18_20180311_BOU_TOT,2017_18,2018-03-11,BOU,TOT,1,0.5913705583756345,1.61,0.510477786717156
2017_18_20180312_STK_MCI,2017_18,2018-03-12,STK,MCI,0,0.6339066339066339,1.49,0.5368285288536808
2017_18_20180317_BOU_WBA,2017_18,2018-03-17,BOU,WBA,1,0.4895287958115184,1.95,0.5373182170562986
2017_18_20180317_HUD_CRY,2017_18,2018-03-17,HUD,CRY,0,0.4096692111959288,2.32,0.4359289292150029
2017_18_20180317_LIV_WAT,2017_18,2018-03-17,LIV,WAT,1,0.6720930232558139,1.41,0.5638610807858823
2017_18_20180317_STK_EVE,2017_18,2018-03-17,STK,EVE,1,0.4404145077720207,2.16,0.5634453852018683
2017_18_20180331_BRI_LEI,2017_18,2018-03-31,BRI,LEI,0,0.4205128205128206,2.26,0.4973174073897095
2017_18_20180331_CRY_LIV,2017_18,2018-03-31,CRY,LIV,1,0.6045340050377834,1.57,0.540560346719664
2017_18_20180331_EVE_MCI,2017_18,2018-03-31,EVE,MCI,1,0.5856777493606138,1.62,0.5880286930492888
2017_18_20180331_MUN_SWA,2017_18,2018-03-31,MUN,SWA,0,0.5366492146596858,1.77,0.5093732872942524
2017_18_20180331_NEW_HUD,2017_18,2018-03-31,NEW,HUD,0,0.4267352185089973,2.23,0.5208262735381145
2017_18_20180331_WAT_BOU,2017_18,2018-03-31,WAT,BOU,1,0.5196850393700787,1.83,0.5008644606829923
2017_18_20180331_WBA_BUR,2017_18,2018-03-31,WBA,BUR,1,0.3658536585365854,2.6,0.472708021927609
2017_18_20180331_WHU_SOU,2017_18,2018-03-31,WHU,SOU,1,0.4366925064599483,2.18,0.5294135845523418
2017_18_20180401_ARS_STK,2017_18,2018-04-01,ARS,STK,1,0.6390243902439025,1.48,0.5322164523903141
2017_18_20180401_CHE_TOT,2017_18,2018-04-01,CHE,TOT,1,0.4724409448818897,2.01,0.5941789264469143
2017_18_20180407_BOU_CRY,2017_18,2018-04-07,BOU,CRY,1,0.5196850393700787,1.83,0.5122292299376415
2017_18_20180407_BRI_HUD,2017_18,2018-04-07,BRI,HUD,0,0.3969849246231156,2.4,0.48356442635446667
2017_18_20180407_EVE_LIV,2017_18,2018-04-07,EVE,LIV,0,0.5170603674540682,1.84,0.574290848204747
2017_18_20180407_LEI_NEW,2017_18,2018-04-07,LEI,NEW,1,0.4659685863874345,2.04,0.5203346186330688
2017_18_20180407_MCI_MUN,2017_18,2018-04-07,MCI,MUN,1,0.518324607329843,1.84,0.5676588841184387
2017_18_20180407_STK_TOT,2017_18,2018-04-07,STK,TOT,1,0.5831202046035805,1.63,0.5150126850288061
2017_18_20180407_WAT_BUR,2017_18,2018-04-07,WAT,BUR,1,0.4025316455696203,2.36,0.4732912820688161
2017_18_20180407_WBA_SWA,2017_18,2018-04-07,WBA,SWA,0,0.4035532994923858,2.35,0.46230421074569683
2017_18_20180408_ARS_SOU,2017_18,2018-04-08,ARS,SOU,1,0.5794871794871795,1.64,0.5700033979454334
2017_18_20180408_CHE_WHU,2017_18,2018-04-08,CHE,WHU,0,0.602015113350126,1.58,0.583780219592893
2017_18_20180414_BUR_LEI,2017_18,2018-04-14,BUR,LEI,1,0.4035532994923858,2.35,0.5090480369735846
2017_18_20180414_CRY_BRI,2017_18,2018-04-14,CRY,BRI,1,0.4168797953964194,2.28,0.5026172034807274
2017_18_20180414_HUD_WAT,2017_18,2018-04-14,HUD,WAT,0,0.4205128205128206,2.26,0.44124012642994526
2017_18_20180414_LIV_BOU,2017_18,2018-04-14,LIV,BOU,1,0.6863636363636364,1.38,0.5795197515242634
2017_18_20180414_SOU_CHE,2017_18,2018-04-14,SOU,CHE,1,0.4764397905759163,2.0,0.5846591646055882
2017_18_20180414_SWA_EVE,2017_18,2018-04-14,SWA,EVE,0,0.4060913705583756,2.34,0.5418137859562077
2017_18_20180414_TOT_MCI,2017_18,2018-04-14,TOT,MCI,1,0.570694087403599,1.67,0.6493316585616705
2017_18_20180415_MUN_WBA,2017_18,2018-04-15,MUN,WBA,0,0.5732647814910026,1.66,0.5989837101030714
2017_18_20180415_NEW_ARS,2017_18,2018-04-15,NEW,ARS,1,0.5595854922279793,1.7,0.5574922319238743
2017_18_20180416_WHU_STK,2017_18,2018-04-16,WHU,STK,0,0.4607329842931937,2.06,0.47861574508375004
2017_18_20180417_BRI_TOT,2017_18,2018-04-17,BRI,TOT,0,0.5468749999999999,1.74,0.5332019127592985
2017_18_20180418_BOU_MUN,2017_18,2018-04-18,BOU,MUN,0,0.5468749999999999,1.74,0.5270329239655183
2017_18_20180419_BUR_CHE,2017_18,2018-04-19,BUR,CHE,1,0.4415584415584415,2.15,0.5651726151543204
2017_18_20180419_LEI_SOU,2017_18,2018-04-19,LEI,SOU,0,0.4960629921259842,1.92,0.541729709809877
2017_18_20180421_WAT_CRY,2017_18,2018-04-21,WAT,CRY,0,0.4829396325459317,1.97,0.537716398894405
2017_18_20180421_WBA_LIV,2017_18,2018-04-21,WBA,LIV,1,0.5261780104712042,1.81,0.49603148623540405
2017_18_20180422_ARS_WHU,2017_18,2018-04-22,ARS,WHU,1,0.6314496314496314,1.5,0.5798204735141376
2017_18_20180422_MCI_SWA,2017_18,2018-04-22,MCI,SWA,1,0.6736596736596736,1.4,0.5642395504429673
2017_18_20180422_STK_BUR,2017_18,2018-04-22,STK,BUR,0,0.3929471032745592,2.41,0.4726276900145528
2017_18_20180423_EVE_NEW,2017_18,2018-04-23,EVE,NEW,0,0.4252577319587629,2.23,0.511465807491115
2017_18_20180428_BUR_BRI,2017_18,2018-04-28,BUR,BRI,0,0.3875,2.45,0.46733852753139216
2017_18_20180428_CRY_LEI,2017_18,2018-04-28,CRY,LEI,1,0.5157068062827225,1.85,0.5146536960714778
2017_18_20180428_HUD_EVE,2017_18,2018-04-28,HUD,EVE,0,0.3762376237623762,2.52,0.48628531146258425
2017_18_20180428_LIV_STK,2017_18,2018-04-28,LIV,STK,0,0.6262376237623761,1.51,0.5400909754896907
2017_18_20180428_NEW_WBA,2017_18,2018-04-28,NEW,WBA,0,0.4415584415584415,2.15,0.5259599730741331
2017_18_20180428_SOU_BOU,2017_18,2018-04-28,SOU,BOU,1,0.5506493506493506,1.73,0.5959759008163643
2017_18_20180428_SWA_CHE,2017_18,2018-04-28,SWA,CHE,0,0.4934383202099738,1.93,0.5896782948028108
2017_18_20180429_MUN_ARS,2017_18,2018-04-29,MUN,ARS,1,0.577319587628866,1.64,0.6301892456305501
2017_18_20180429_WHU_MCI,2017_18,2018-04-29,WHU,MCI,1,0.6262376237623761,1.51,0.5447317936821914
2017_18_20180430_TOT_WAT,2017_18,2018-04-30,TOT,WAT,0,0.660332541567696,1.43,0.5899751465389812
2017_18_20180504_BRI_MUN,2017_18,2018-05-04,BRI,MUN,0,0.4842931937172774,1.97,0.4966605141093881
2017_18_20180505_BOU_SWA,2017_18,2018-05-05,BOU,SWA,0,0.5130890052356021,1.86,0.48453567598198094
2017_18_20180505_EVE_SOU,2017_18,2018-05-05,EVE,SOU,0,0.4415584415584415,2.15,0.5637362332362424
2017_18_20180505_LEI_WHU,2017_18,2018-05-05,LEI,WHU,0,0.5039370078740157,1.89,0.6082652109846993
2017_18_20180505_STK_CRY,2017_18,2018-05-05,STK,CRY,1,0.5013123359580053,1.9,0.4971842286616099
2017_18_20180505_WAT_NEW,2017_18,2018-05-05,WAT,NEW,1,0.4581151832460733,2.07,0.4504287020300756
2017_18_20180505_WBA_TOT,2017_18,2018-05-05,WBA,TOT,0,0.5584415584415584,1.7,0.5030110674163568
2017_18_20180506_ARS_BUR,2017_18,2018-05-06,ARS,BUR,1,0.5572916666666667,1.7,0.5210288632835544
2017_18_20180506_CHE_LIV,2017_18,2018-05-06,CHE,LIV,0,0.5546875,1.71,0.5742269654469486
2017_18_20180506_MCI_HUD,2017_18,2018-05-06,MCI,HUD,0,0.7155172413793104,1.32,0.5583164328541388
2017_18_20180508_SWA_SOU,2017_18,2018-05-08,SWA,SOU,0,0.413265306122449,2.3,0.5314117186151395
2017_18_20180509_CHE_HUD,2017_18,2018-05-09,CHE,HUD,0,0.6090225563909775,1.56,0.4958254069365106
2017_18_20180509_LEI_ARS,2017_18,2018-05-09,LEI,ARS,1,0.6140350877192983,1.54,0.6171751593232545
2017_18_20180509_MCI_BRI,2017_18,2018-05-09,MCI,BRI,1,0.6936936936936937,1.36,0.5945587982844414
2017_18_20180509_TOT_NEW,2017_18,2018-05-09,TOT,NEW,0,0.6774941995359629,1.39,0.5639564554039722
2017_18_20180510_WHU_MUN,2017_18,2018-05-10,WHU,MUN,0,0.5261780104712042,1.81,0.512507127849523
2017_18_20180513_BUR_BOU,2017_18,2018-05-13,BUR,BOU,1,0.5118110236220472,1.86,0.5386876237445987
2017_18_20180513_CRY_WBA,2017_18,2018-05-13,CRY,WBA,0,0.5418848167539266,1.75,0.4839027511355877
2017_18_20180513_HUD_ARS,2017_18,2018-05-13,HUD,ARS,0,0.6296296296296295,1.5,0.534019998960685
2017_18_20180513_LIV_BRI,2017_18,2018-05-13,LIV,BRI,1,0.6697892271662763,1.41,0.5574235785699686
2017_18_20180513_MUN_WAT,2017_18,2018-05-13,MUN,WAT,0,0.606060606060606,1.56,0.5462992690715761
2017_18_20180513_NEW_CHE,2017_18,2018-05-13,NEW,CHE,1,0.5275590551181102,1.8,0.5611421997116502
2017_18_20180513_SOU_MCI,2017_18,2018-05-13,SOU,MCI,0,0.6209476309226933,1.52,0.5590115392932267
2017_18_20180513_SWA_STK,2017_18,2018-05-13,SWA,STK,1,0.5392670157068064,1.76,0.48387252481694093
2017_18_20180513_TOT_LEI,2017_18,2018-05-13,TOT,LEI,1,0.668235294117647,1.41,0.6042501329421965
2017_18_20180513_WHU_EVE,2017_18,2018-05-13,WHU,EVE,1,0.5170603674540682,1.84,0.5112978328780978
2018_19_20180810_MUN_LEI,2018_19,2018-08-10,MUN,LEI,1,0.468586387434555,2.03,0.5180865138949374
2018_19_20180811_BOU_CAR,2018_19,2018-08-11,BOU,CAR,0,0.4803149606299213,1.98,0.497923120171436
2018_19_20180811_FUL_CRY,2018_19,2018-08-11,FUL,CRY,0,0.4895287958115184,1.95,0.4960707219143928
2018_19_20180811_HUD_CHE,2018_19,2018-08-11,HUD,CHE,1,0.4816753926701571,1.98,0.5059829263294436
2018_19_20180811_NEW_TOT,2018_19,2018-08-11,NEW,TOT,1,0.4738219895287958,2.01,0.570951095829976
2018_19_20180811_WAT_BRI,2018_19,2018-08-11,WAT,BRI,0,0.4035532994923858,2.35,0.4224176513759389
2018_19_20180811_WOL_EVE,2018_19,2018-08-11,WOL,EVE,1,0.4557291666666667,2.09,0.5584521030728881
2018_19_20180812_ARS_MCI,2018_19,2018-08-12,ARS,MCI,0,0.6095717884130982,1.55,0.6859624304747515
2018_19_20180812_LIV_WHU,2018_19,2018-08-12,LIV,WHU,1,0.6538461538461539,1.44,0.5637230772999743
2018_19_20180812_SOU_BUR,2018_19,2018-08-12,SOU,BUR,0,0.4060913705583756,2.34,0.3802178837093863
2018_19_20180818_CAR_NEW,2018_19,2018-08-18,CAR,NEW,0,0.3815461346633417,2.48,0.43070089754795027
2018_19_20180818_CHE_ARS,2018_19,2018-08-18,CHE,ARS,1,0.5636363636363637,1.68,0.6160198243656928
2018_19_20180818_EVE_SOU,2018_19,2018-08-18,EVE,SOU,1,0.4415584415584415,2.15,0.5559837042691764
2018_19_20180818_LEI_WOL,2018_19,2018-08-18,LEI,WOL,0,0.4671916010498688,2.03,0.7510599183389871
2018_19_20180818_TOT_FUL,2018_19,2018-08-18,TOT,FUL,1,0.6271604938271605,1.51,0.34364954862172836
2018_19_20180818_WHU_BOU,2018_19,2018-08-18,WHU,BOU,1,0.5340314136125655,1.78,0.5587100674150495
2018_19_20180819_BRI_MUN,2018_19,2018-08-19,BRI,MUN,1,0.4205128205128206,2.26,0.509827129706035
2018_19_20180819_BUR_WAT,2018_19,2018-08-19,BUR,WAT,1,0.3651960784313725,2.59,0.5606794470863798
2018_19_20180819_MCI_HUD,2018_19,2018-08-19,MCI,HUD,1,0.7155172413793104,1.32,0.503221187262725
2018_19_20180820_CRY_LIV,2018_19,2018-08-20,CRY,LIV,0,0.6105527638190955,1.55,0.5194543195626656
2018_19_20180825_ARS_WHU,2018_19,2018-08-25,ARS,WHU,1,0.6546762589928057,1.44,0.6221648394978123
2018_19_20180825_BOU_EVE,2018_19,2018-08-25,BOU,EVE,1,0.5520833333333334,1.72,0.47980470178859347
2018_19_20180825_HUD_CAR,2018_19,2018-08-25,HUD,CAR,0,0.3676470588235294,2.58,0.29507960586602666
2018_19_20180825_LIV_BRI,2018_19,2018-08-25,LIV,BRI,0,0.6690140845070424,1.41,0.4943138734359187
2018_19_20180825_SOU_LEI,2018_19,2018-08-25,SOU,LEI,1,0.4179487179487179,2.27,0.48807477754844736
2018_19_20180825_WOL_MCI,2018_19,2018-08-25,WOL,MCI,0,0.615,1.54,0.6550373531906429
2018_19_20180826_FUL_BUR,2018_19,2018-08-26,FUL,BUR,1,0.4263565891472868,2.22,0.3471467591971634
2018_19_20180826_NEW_CHE,2018_19,2018-08-26,NEW,CHE,1,0.5052631578947367,1.88,0.5503693414590367
2018_19_20180826_WAT_CRY,2018_19,2018-08-26,WAT,CRY,1,0.4453125,2.13,0.40921741203297035
2018_19_20180827_MUN_TOT,2018_19,2018-08-27,MUN,TOT,1,0.468586387434555,2.03,0.6076424758820774
2018_19_20180901_BRI_FUL,2018_19,2018-09-01,BRI,FUL,1,0.4947368421052631,1.92,0.6828031039590959
2018_19_20180901_CHE_BOU,2018_19,2018-09-01,CHE,BOU,0,0.6650943396226415,1.42,0.6076454838505941
2018_19_20180901_CRY_SOU,2018_19,2018-09-01,CRY,SOU,0,0.4479166666666666,2.12,0.4938795598581973
2018_19_20180901_EVE_HUD,2018_19,2018-09-01,EVE,HUD,0,0.4581151832460733,2.07,0.4511271683319409
2018_19_20180901_LEI_LIV,2018_19,2018-09-01,LEI,LIV,1,0.5769230769230769,1.65,0.5871323609521191
2018_19_20180901_MCI_NEW,2018_19,2018-09-01,MCI,NEW,1,0.6886363636363636,1.37,0.5851985814444426
2018_19_20180901_WHU_WOL,2018_19,2018-09-01,WHU,WOL,0,0.513157894736842,1.85,0.5481339595823552
2018_19_20180902_BUR_MUN,2018_19,2018-09-02,BUR,MUN,0,0.4427083333333333,2.14,0.5683956251457303
2018_19_20180902_CAR_ARS,2018_19,2018-09-02,CAR,ARS,1,0.5404699738903395,1.76,0.48262859392219415
2018_19_20180902_WAT_TOT,2018_19,2018-09-02,WAT,TOT,1,0.5572916666666667,1.7,0.5039746800323028
2018_19_20180915_BOU_LEI,2018_19,2018-09-15,BOU,LEI,1,0.5078534031413613,1.88,0.49840226989646275
2018_19_20180915_CHE_CAR,2018_19,2018-09-15,CHE,CAR,1,0.6262376237623761,1.51,0.46348552624652534
2018_19_20180915_HUD_CRY,2018_19,2018-09-15,HUD,CRY,0,0.4025316455696203,2.36,0.45324490639560083
2018_19_20180915_MCI_FUL,2018_19,2018-09-15,MCI,FUL,1,0.7534246575342466,1.26,0.7069684597964706
2018_19_20180915_NEW_ARS,2018_19,2018-09-15,NEW,ARS,1,0.5558441558441558,1.71,0.5637482064416086
2018_19_20180915_TOT_LIV,2018_19,2018-09-15,TOT,LIV,1,0.5732647814910026,1.66,0.6485933666904781
2018_19_20180915_WAT_MUN,2018_19,2018-09-15,WAT,MUN,1,0.4790575916230366,1.99,0.4282099950826864
2018_19_20180916_EVE_WHU,2018_19,2018-09-16,EVE,WHU,1,0.5314136125654451,1.79,0.5678318201883996
2018_19_20180916_WOL_BUR,2018_19,2018-09-16,WOL,BUR,0,0.4168797953964194,2.28,0.4583461660802345
2018_19_20180917_SOU_BRI,2018_19,2018-09-17,SOU,BRI,1,0.4179487179487179,2.27,0.4432299918136545
2018_19_20180922_BRI_TOT,2018_19,2018-09-22,BRI,TOT,1,0.5287958115183247,1.8,0.5738567528842596
2018_19_20180922_BUR_BOU,2018_19,2018-09-22,BUR,BOU,1,0.4712041884816754,2.02,0.5024131349688248
2018_19_20180922_CAR_MCI,2018_19,2018-09-22,CAR,MCI,1,0.6506024096385543,1.45,0.5511383666073971
2018_19_20180922_CRY_NEW,2018_19,2018-09-22,CRY,NEW,0,0.4505208333333333,2.11,0.48428757964639174
2018_19_20180922_FUL_WAT,2018_19,2018-09-22,FUL,WAT,0,0.5392670157068064,1.76,0.4888396865251762
2018_19_20180922_LEI_HUD,2018_19,2018-09-22,LEI,HUD,1,0.4352331606217616,2.18,0.4186921441716503
2018_19_20180922_LIV_SOU,2018_19,2018-09-22,LIV,SOU,1,0.6348039215686274,1.49,0.48692277252036564
2018_19_20180922_MUN_WOL,2018_19,2018-09-22,MUN,WOL,0,0.513157894736842,1.85,0.5139406216767534
2018_19_20180923_ARS_EVE,2018_19,2018-09-23,ARS,EVE,0,0.6563245823389022,1.44,0.6179197972707219
2018_19_20180923_WHU_CHE,2018_19,2018-09-23,WHU,CHE,0,0.6,1.58,0.5692907885796556
2018_19_20180929_ARS_WAT,2018_19,2018-09-29,ARS,WAT,0,0.6546762589928057,1.44,0.5209658784877604
2018_19_20180929_CHE_LIV,2018_19,2018-09-29,CHE,LIV,0,0.5784061696658098,1.64,0.6141387179813959
2018_19_20180929_EVE_FUL,2018_19,2018-09-29,EVE,FUL,1,0.5892857142857143,1.61,0.6079879933135327
2018_19_20180929_HUD_TOT,2018_19,2018-09-29,HUD,TOT,0,0.5314136125654451,1.79,0.5406952941804475
2018_19_20180929_MCI_BRI,2018_19,2018-09-29,MCI,BRI,0,0.7257383966244725,1.3,0.5552457643679327
2018_19_20180929_NEW_LEI,2018_19,2018-09-29,NEW,LEI,0,0.4329896907216495,2.2,0.5504377034869554
2018_19_20180929_WHU_MUN,2018_19,2018-09-29,WHU,MUN,1,0.5235602094240838,1.82,0.460862651600516
2018_19_20180929_WOL_SOU,2018_19,2018-09-29,WOL,SOU,0,0.4467532467532467,2.13,0.4338595144487638
2018_19_20180930_CAR_BUR,2018_19,2018-09-30,CAR,BUR,1,0.3894472361809045,2.43,0.38631100013553493
2018_19_20181001_BOU_CRY,2018_19,2018-10-01,BOU,CRY,1,0.5354330708661418,1.77,0.49393968999019594
2018_19_20181005_BRI_WHU,2018_19,2018-10-05,BRI,WHU,0,0.4647519582245431,2.05,0.509083073010868
2018_19_20181006_BUR_HUD,2018_19,2018-10-06,BUR,HUD,0,0.3719211822660098,2.55,0.4307205018080762
2018_19_20181006_CRY_WOL,2018_19,2018-10-06,CRY,WOL,0,0.4252577319587629,2.23,0.49986971276563985
2018_19_20181006_LEI_EVE,2018_19,2018-10-06,LEI,EVE,1,0.5039370078740157,1.89,0.5754629885520685
2018_19_20181006_MUN_NEW,2018_19,2018-10-06,MUN,NEW,1,0.5039370078740157,1.89,0.5240832705427522
2018_19_20181006_TOT_CAR,2018_19,2018-10-06,TOT,CAR,0,0.6497584541062802,1.45,0.4910950939528165
2018_19_20181006_WAT_BOU,2018_19,2018-10-06,WAT,BOU,1,0.5378590078328982,1.77,0.4753979102607002
2018_19_20181007_FUL_ARS,2018_19,2018-10-07,FUL,ARS,1,0.6635071090047394,1.42,0.5847266814538957
2018_19_20181007_LIV_MCI,2018_19,2018-10-07,LIV,MCI,0,0.5856777493606138,1.62,0.6518341843597848
2018_19_20181007_SOU_CHE,2018_19,2018-10-07,SOU,CHE,1,0.5314136125654451,1.79,0.5866522646100517
2018_19_20181020_BOU_SOU,2018_19,2018-10-20,BOU,SOU,0,0.5314136125654451,1.79,0.5003038062589026
2018_19_20181020_CAR_FUL,2018_19,2018-10-20,CAR,FUL,1,0.5235602094240838,1.82,0.5460456058863423
2018_19_20181020_CHE_MUN,2018_19,2018-10-20,CHE,MUN,1,0.5340314136125655,1.78,0.5266301350023428
2018_19_20181020_HUD_LIV,2018_19,2018-10-20,HUD,LIV,0,0.5235602094240838,1.82,0.49647036265733785
2018_19_20181020_MCI_BUR,2018_19,2018-10-20,MCI,BUR,1,0.7408906882591094,1.28,0.5775838448056608
2018_19_20181020_NEW_BRI,2018_19,2018-10-20,NEW,BRI,0,0.3875,2.45,0.5049846696365694
2018_19_20181020_WHU_TOT,2018_19,2018-10-20,WHU,TOT,0,0.5794871794871795,1.64,0.5340777827333828
2018_19_20181020_WOL_WAT,2018_19,2018-10-20,WOL,WAT,0,0.4659685863874345,2.04,0.43708462930282554
2018_19_20181021_EVE_CRY,2018_19,2018-10-21,EVE,CRY,0,0.4803149606299213,1.98,0.514073838461254
2018_19_20181022_ARS_LEI,2018_19,2018-10-22,ARS,LEI,1,0.6405867970660147,1.47,0.5612262613416669
2018_19_20181027_BRI_WOL,2018_19,2018-10-27,BRI,WOL,0,0.398989898989899,2.38,0.4215338669007762
2018_19_20181027_FUL_BOU,2018_19,2018-10-27,FUL,BOU,1,0.6184538653366584,1.53,0.5252174749041275
2018_19_20181027_LEI_WHU,2018_19,2018-10-27,LEI,WHU,0,0.4829396325459317,1.97,0.5964826814955904
2018_19_20181027_LIV_CAR,2018_19,2018-10-27,LIV,CAR,1,0.69438202247191,1.36,0.5226408906819385
2018_19_20181027_SOU_NEW,2018_19,2018-10-27,SOU,NEW,0,0.4107142857142857,2.31,0.5064996281363379
2018_19_20181027_WAT_HUD,2018_19,2018-10-27,WAT,HUD,1,0.4366925064599483,2.18,0.4694456776003545
2018_19_20181028_BUR_CHE,2018_19,2018-10-28,BUR,CHE,1,0.5301837270341206,1.79,0.5491309686891075
2018_19_20181028_CRY_ARS,2018_19,2018-10-28,CRY,ARS,1,0.5928753180661578,1.6,0.550783835431027
2018_19_20181028_MUN_EVE,2018_19,2018-10-28,MUN,EVE,1,0.5261780104712042,1.81,0.6149111951054766
2018_19_20181029_TOT_MCI,2018_19,2018-10-29,TOT,MCI,0,0.598984771573604,1.58,0.668014928245521
2018_19_20181103_ARS_LIV,2018_19,2018-11-03,ARS,LIV,0,0.6222222222222222,1.53,0.6161219605032059
2018_19_20181103_BOU_MUN,2018_19,2018-11-03,BOU,MUN,1,0.5558441558441558,1.71,0.5005045479256802
2018_19_20181103_CAR_LEI,2018_19,2018-11-03,CAR,LEI,0,0.4531249999999999,2.1,0.5526555988794006
2018_19_20181103_EVE_BRI,2018_19,2018-11-03,EVE,BRI,1,0.486910994764398,1.96,0.5058158302353404
2018_19_20181103_NEW_WAT,2018_19,2018-11-03,NEW,WAT,0,0.4267352185089973,2.23,0.4406839865812671
2018_19_20181103_WHU_BUR,2018_19,2018-11-03,WHU,BUR,1,0.4738219895287958,2.01,0.4025380847357327
2018_19_20181103_WOL_TOT,2018_19,2018-11-03,WOL,TOT,1,0.4881889763779528,1.95,0.5778750417602293
2018_19_20181104_CHE_CRY,2018_19,2018-11-04,CHE,CRY,1,0.6262376237623761,1.51,0.5409446175405097
2018_19_20181104_MCI_SOU,2018_19,2018-11-04,MCI,SOU,1,0.7263157894736842,1.3,0.5626758668713964
2018_19_20181105_HUD_FUL,2018_19,2018-11-05,HUD,FUL,0,0.4881889763779528,1.95,0.47767632573102914
2018_19_20181110_CAR_BRI,2018_19,2018-11-10,CAR,BRI,1,0.3875,2.45,0.44447330489863174
2018_19_20181110_CRY_TOT,2018_19,2018-11-10,CRY,TOT,0,0.5442708333333333,1.75,0.5874005011837143
2018_19_20181110_HUD_WHU,2018_19,2018-11-10,HUD,WHU,0,0.4215938303341903,2.25,0.4285401382289975
2018_19_20181110_LEI_BUR,2018_19,2018-11-10,LEI,BUR,0,0.5118110236220472,1.86,0.47315812381282624
2018_19_20181110_NEW_BOU,2018_19,2018-11-10,NEW,BOU,1,0.4764397905759163,2.0,0.5066098156493805
2018_19_20181110_SOU_WAT,2018_19,2018-11-10,SOU,WAT,0,0.4621409921671018,2.06,0.5132723750526434
2018_19_20181111_ARS_WOL,2018_19,2018-11-11,ARS,WOL,0,0.5846153846153845,1.62,0.507330663640188
2018_19_20181111_CHE_EVE,2018_19,2018-11-11,CHE,EVE,0,0.6105527638190955,1.55,0.6081755270342497
2018_19_20181111_LIV_FUL,2018_19,2018-11-11,LIV,FUL,0,0.7615384615384616,1.24,0.5617649623173495
2018_19_20181111_MCI_MUN,2018_19,2018-11-11,MCI,MUN,1,0.6407766990291263,1.48,0.6038758982983614
2018_19_20181124_BRI_LEI,2018_19,2018-11-24,BRI,LEI,0,0.4168797953964194,2.28,0.5150749431779521
2018_19_20181124_EVE_CAR,2018_19,2018-11-24,EVE,CAR,0,0.5287958115183247,1.8,0.5298567800845414
2018_19_20181124_FUL_SOU,2018_19,2018-11-24,FUL,SOU,1,0.5026315789473684,1.89,0.5066278238370401
2018_19_20181124_MUN_CRY,2018_19,2018-11-24,MUN,CRY,0,0.5404699738903395,1.76,0.5308353270286426
2018_19_20181124_TOT_CHE,2018_19,2018-11-24,TOT,CHE,1,0.5456919060052219,1.74,0.5871197293686531
2018_19_20181124_WAT_LIV,2018_19,2018-11-24,WAT,LIV,1,0.5747422680412371,1.65,0.5629528564215492
2018_19_20181124_WHU_MCI,2018_19,2018-11-24,WHU,MCI,1,0.660332541567696,1.43,0.5918547947863217
2018_19_20181125_BOU_ARS,2018_19,2018-11-25,BOU,ARS,1,0.6348039215686274,1.49,0.526122686678772
2018_19_20181125_WOL_HUD,2018_19,2018-11-25,WOL,HUD,0,0.4179487179487179,2.27,0.4468006621240959
2018_19_20181126_BUR_NEW,2018_19,2018-11-26,BUR,NEW,1,0.4107142857142857,2.31,0.5572243683139236
2018_19_20181130_CAR_WOL,2018_19,2018-11-30,CAR,WOL,1,0.4005037783375315,2.38,0.3660817656491313
2018_19_20181201_CRY_BUR,2018_19,2018-12-01,CRY,BUR,0,0.4569190600522194,2.08,0.4131420588596319
2018_19_20181201_HUD_BRI,2018_19,2018-12-01,HUD,BRI,1,0.3460620525059665,2.74,0.3931015136859852
2018_19_20181201_LEI_WAT,2018_19,2018-12-01,LEI,WAT,0,0.4803149606299213,1.98,0.5074751523565797
2018_19_20181201_MCI_BOU,2018_19,2018-12-01,MCI,BOU,1,0.7553816046966731,1.25,0.6283839932534587
2018_19_20181201_NEW_WHU,2018_19,2018-12-01,NEW,WHU,1,0.4415584415584415,2.15,0.4234200079801149
2018_19_20181201_SOU_MUN,2018_19,2018-12-01,SOU,MUN,1,0.5039370078740157,1.89,0.524307823273519
2018_19_20181202_ARS_TOT,2018_19,2018-12-02,ARS,TOT,1,0.6070528967254408,1.56,0.6599363197536366
2018_19_20181202_CHE_FUL,2018_19,2018-12-02,CHE,FUL,0,0.7019867549668874,1.35,0.6296143155382484
2018_19_20181202_LIV_EVE,2018_19,2018-12-02,LIV,EVE,0,0.5856777493606138,1.62,0.5831434815207132
2018_19_20181204_BOU_HUD,2018_19,2018-12-04,BOU,HUD,1,0.4960629921259842,1.92,0.453850533736525
2018_19_20181204_BRI_CRY,2018_19,2018-12-04,BRI,CRY,1,0.3875,2.45,0.4581250788168461
2018_19_20181204_WAT_MCI,2018_19,2018-12-04,WAT,MCI,1,0.6323529411764707,1.5,0.5536507598849312
2018_19_20181204_WHU_CAR,2018_19,2018-12-04,WHU,CAR,1,0.5326370757180157,1.79,0.5453118707369672
2018_19_20181205_BUR_LIV,2018_19,2018-12-05,BUR,LIV,1,0.5846153846153845,1.62,0.597936993157865
2018_19_20181205_EVE_NEW,2018_19,2018-12-05,EVE,NEW,0,0.4881889763779528,1.95,0.49887521906244103
2018_19_20181205_FUL_LEI,2018_19,2018-12-05,FUL,LEI,0,0.5314136125654451,1.79,0.523636149640725
2018_19_20181205_MUN_ARS,2018_19,2018-12-05,MUN,ARS,1,0.586734693877551,1.62,0.6043017099388572
2018_19_20181205_TOT_SOU,2018_19,2018-12-05,TOT,SOU,1,0.5732647814910026,1.66,0.5746995113262292
2018_19_20181205_WOL_CHE,2018_19,2018-12-05,WOL,CHE,1,0.4986876640419947,1.91,0.5698799557285853
2018_19_20181208_ARS_HUD,2018_19,2018-12-08,ARS,HUD,0,0.6115288220551378,1.55,0.5317568756780093
2018_19_20181208_BOU_LIV,2018_19,2018-12-08,BOU,LIV,1,0.5903307888040712,1.61,0.6071212622193732
2018_19_20181208_BUR_BRI,2018_19,2018-12-08,BUR,BRI,0,0.3944723618090452,2.41,0.4592239926711157
2018_19_20181208_CAR_SOU,2018_19,2018-12-08,CAR,SOU,0,0.4430051813471503,2.15,0.41158111832785677
2018_19_20181208_CHE_MCI,2018_19,2018-12-08,CHE,MCI,0,0.5621761658031088,1.69,0.6445571074083849
2018_19_20181208_LEI_TOT,2018_19,2018-12-08,LEI,TOT,0,0.5274151436031332,1.81,0.5029131650127157
2018_19_20181208_MUN_FUL,2018_19,2018-12-08,MUN,FUL,1,0.606516290726817,1.57,0.6216471437916332
2018_19_20181208_WHU_CRY,2018_19,2018-12-08,WHU,CRY,1,0.4855643044619423,1.96,0.48053452193418594
2018_19_20181209_NEW_WOL,2018_19,2018-12-09,NEW,WOL,1,0.3999999999999999,2.37,0.3924715181387786
2018_19_20181210_EVE_WAT,2018_19,2018-12-10,EVE,WAT,1,0.5039370078740157,1.89,0.4902244039520607
2018_19_20181215_CRY_LEI,2018_19,2018-12-15,CRY,LEI,0,0.4060913705583756,2.34,0.5067116437658491
2018_19_20181215_FUL_WHU,2018_19,2018-12-15,FUL,WHU,0,0.5820512820512821,1.63,0.4435393521767873
2018_19_20181215_HUD_NEW,2018_19,2018-12-15,HUD,NEW,0,0.3685503685503685,2.57,0.3882432287581516
2018_19_20181215_MCI_EVE,2018_19,2018-12-15,MCI,EVE,1,0.6834862385321101,1.38,0.6670041341855538
2018_19_20181215_TOT_BUR,2018_19,2018-12-15,TOT,BUR,0,0.6595238095238095,1.43,0.5904958204962724
2018_19_20181215_WAT_CAR,2018_19,2018-12-15,WAT,CAR,1,0.4908136482939633,1.94,0.5221883026857739
2018_19_20181215_WOL_BOU,2018_19,2018-12-15,WOL,BOU,0,0.5026315789473684,1.89,0.48045273302923897
2018_19_20181216_BRI_CHE,2018_19,2018-12-16,BRI,CHE,1,0.518324607329843,1.84,0.549245306610398
2018_19_20181216_LIV_MUN,2018_19,2018-12-16,LIV,MUN,1,0.5647668393782384,1.68,0.5364714387098871
2018_19_20181216_SOU_ARS,2018_19,2018-12-16,SOU,ARS,1,0.5928753180661578,1.6,0.5719540949824381
2018_19_20181221_WOL_LIV,2018_19,2018-12-21,WOL,LIV,0,0.486910994764398,1.96,0.5442414096124064
2018_19_20181222_ARS_BUR,2018_19,2018-12-22,ARS,BUR,1,0.6464891041162226,1.46,0.5991919612842741
2018_19_20181222_BOU_BRI,2018_19,2018-12-22,BOU,BRI,0,0.4895287958115184,1.95,0.5137111517423762
2018_19_20181222_CAR_MUN,2018_19,2018-12-22,CAR,MUN,1,0.5300261096605744,1.8,0.4970122352830702
2018_19_20181222_CHE_LEI,2018_19,2018-12-22,CHE,LEI,0,0.5695876288659795,1.67,0.61364498768412
2018_19_20181222_HUD_SOU,2018_19,2018-12-22,HUD,SOU,1,0.3954659949622167,2.4,0.4058623577676914
2018_19_20181222_MCI_CRY,2018_19,2018-12-22,MCI,CRY,1,0.7019867549668874,1.35,0.619348173211169
2018_19_20181222_NEW_FUL,2018_19,2018-12-22,NEW,FUL,0,0.4947643979057591,1.93,0.5242912553552755
2018_19_20181222_WHU_WAT,2018_19,2018-12-22,WHU,WAT,0,0.5456919060052219,1.74,0.45984200478202725
2018_19_20181223_EVE_TOT,2018_19,2018-12-23,EVE,TOT,1,0.5366492146596858,1.77,0.5854658006371456
2018_19_20181226_BRI_ARS,2018_19,2018-12-26,BRI,ARS,0,0.5430809399477807,1.75,0.5610978746749655
2018_19_20181226_BUR_EVE,2018_19,2018-12-26,BUR,EVE,1,0.4699738903394256,2.03,0.470949375602385
2018_19_20181226_CRY_CAR,2018_19,2018-12-26,CRY,CAR,0,0.5013123359580053,1.9,0.4664201061843646
2018_19_20181226_FUL_WOL,2018_19,2018-12-26,FUL,WOL,0,0.4647519582245431,2.05,0.411750516632467
2018_19_20181226_LEI_MCI,2018_19,2018-12-26,LEI,MCI,1,0.5928753180661578,1.6,0.5814884407557839
2018_19_20181226_LIV_NEW,2018_19,2018-12-26,LIV,NEW,1,0.6658823529411765,1.42,0.5040548134437115
2018_19_20181226_MUN_HUD,2018_19,2018-12-26,MUN,HUD,1,0.5769230769230769,1.65,0.4597055334899185
2018_19_20181226_TOT_BOU,2018_19,2018-12-26,TOT,BOU,1,0.6390243902439025,1.48,0.5871607800644814
2018_19_20181226_WAT_CHE,2018_19,2018-12-26,WAT,CHE,1,0.5468749999999999,1.74,0.5704412362217346
2018_19_20181227_SOU_WHU,2018_19,2018-12-27,SOU,WHU,1,0.5326370757180157,1.79,0.5084334318149853
2018_19_20181229_BRI_EVE,2018_19,2018-12-29,BRI,EVE,0,0.4738219895287958,2.01,0.47908661875661224
2018_19_20181229_FUL_HUD,2018_19,2018-12-29,FUL,HUD,0,0.4143222506393862,2.29,0.3424924485188485
2018_19_20181229_LEI_CAR,2018_19,2018-12-29,LEI,CAR,0,0.5013123359580053,1.9,0.4747997569497131
2018_19_20181229_LIV_ARS,2018_19,2018-12-29,LIV,ARS,1,0.6280788177339901,1.51,0.6368335858528761
2018_19_20181229_TOT_WOL,2018_19,2018-12-29,TOT,WOL,1,0.5670103092783505,1.68,0.5071734492178297
2018_19_20181229_WAT_NEW,2018_19,2018-12-29,WAT,NEW,0,0.4790575916230366,1.99,0.45349404748196875
2018_19_20181230_BUR_WHU,2018_19,2018-12-30,BUR,WHU,0,0.4986876640419947,1.91,0.5073147813593545
2018_19_20181230_CRY_CHE,2018_19,2018-12-30,CRY,CHE,0,0.5130890052356021,1.86,0.545934154230574
2018_19_20181230_MUN_BOU,2018_19,2018-12-30,MUN,BOU,1,0.6178660049627792,1.54,0.574941010661965
2018_19_20181230_SOU_MCI,2018_19,2018-12-30,SOU,MCI,1,0.6159600997506234,1.54,0.621896464579207
2018_19_20190101_ARS_FUL,2018_19,2019-01-01,ARS,FUL,1,0.6538461538461539,1.44,0.5938277056207014
2018_19_20190101_CAR_TOT,2018_19,2019-01-01,CAR,TOT,1,0.5695876288659795,1.67,0.5413694072931684
2018_19_20190101_EVE_LEI,2018_19,2019-01-01,EVE,LEI,0,0.4842931937172774,1.97,0.5964253237844854
2018_19_20190102_BOU_WAT,2018_19,2019-01-02,BOU,WAT,1,0.5468749999999999,1.74,0.5425291665927665
2018_19_20190102_CHE_SOU,2018_19,2019-01-02,CHE,SOU,0,0.6253101736972705,1.51,0.5343256372003242
2018_19_20190102_HUD_BUR,2018_19,2019-01-02,HUD,BUR,1,0.3875,2.45,0.44431921210821546
2018_19_20190102_NEW_MUN,2018_19,2019-01-02,NEW,MUN,0,0.5805626598465473,1.64,0.47380083707646536
2018_19_20190102_WHU_BRI,2018_19,2019-01-02,WHU,BRI,1,0.5013123359580053,1.9,0.49313438797121983
2018_19_20190102_WOL_CRY,2018_19,2019-01-02,WOL,CRY,0,0.4252577319587629,2.23,0.4459934415571038
2018_19_20190103_MCI_LIV,2018_19,2019-01-03,MCI,LIV,1,0.6159600997506234,1.54,0.7065542816784062
2018_19_20190112_BRI_LIV,2018_19,2019-01-12,BRI,LIV,0,0.5532467532467532,1.72,0.5393489201310666
2018_19_20190112_BUR_FUL,2018_19,2019-01-12,BUR,FUL,1,0.4583333333333333,2.08,0.5153173847375873
2018_19_20190112_CAR_HUD,2018_19,2019-01-12,CAR,HUD,0,0.3811881188118812,2.5,0.4039812798827029
2018_19_20190112_CHE_NEW,2018_19,2019-01-12,CHE,NEW,1,0.5681233933161953,1.68,0.5045218537131061
2018_19_20190112_CRY_WAT,2018_19,2019-01-12,CRY,WAT,1,0.4557291666666667,2.09,0.4196105200683296
2018_19_20190112_LEI_SOU,2018_19,2019-01-12,LEI,SOU,1,0.4647519582245431,2.05,0.45019100373270504
2018_19_20190112_WHU_ARS,2018_19,2019-01-12,WHU,ARS,0,0.6280788177339901,1.51,0.5709169331444457
2018_19_20190113_EVE_BOU,2018_19,2019-01-13,EVE,BOU,0,0.5670103092783505,1.68,0.6021129233168352
2018_19_20190113_TOT_MUN,2018_19,2019-01-13,TOT,MUN,0,0.5831202046035805,1.63,0.5748928447189937
2018_19_20190114_MCI_WOL,2018_19,2019-01-14,MCI,WOL,1,0.6449275362318841,1.47,0.5890546066300806
2018_19_20190119_ARS_CHE,2018_19,2019-01-19,ARS,CHE,0,0.5695876288659795,1.67,0.6685549742750229
2018_19_20190119_BOU_WHU,2018_19,2019-01-19,BOU,WHU,0,0.5841836734693877,1.63,0.5554058985537716
2018_19_20190119_LIV_CRY,2018_19,2019-01-19,LIV,CRY,1,0.6348039215686274,1.49,0.5418858532077074
2018_19_20190119_MUN_BRI,2018_19,2019-01-19,MUN,BRI,1,0.5670103092783505,1.68,0.4782254876319664
2018_19_20190119_NEW_CAR,2018_19,2019-01-19,NEW,CAR,1,0.413265306122449,2.3,0.4707368806124988
2018_19_20190119_SOU_EVE,2018_19,2019-01-19,SOU,EVE,1,0.5026178010471204,1.9,0.5185796818910403
2018_19_20190119_WAT_BUR,2018_19,2019-01-19,WAT,BUR,0,0.5209424083769634,1.83,0.4212215819712016
2018_19_20190119_WOL_LEI,2018_19,2019-01-19,WOL,LEI,1,0.4005037783375315,2.38,0.5349147904379828
2018_19_20190120_FUL_TOT,2018_19,2019-01-20,FUL,TOT,1,0.5091863517060368,1.87,0.4804604765025157
2018_19_20190120_HUD_MCI,2018_19,2019-01-20,HUD,MCI,1,0.6365853658536585,1.49,0.5844919059732185
2018_19_20190129_ARS_CAR,2018_19,2019-01-29,ARS,CAR,1,0.6728538283062646,1.41,0.593255166598714
2018_19_20190129_FUL_BRI,2018_19,2019-01-29,FUL,BRI,1,0.4267352185089973,2.23,0.41147132397600306
2018_19_20190129_HUD_EVE,2018_19,2019-01-29,HUD,EVE,0,0.4219948849104858,2.26,0.5219426514121424
2018_19_20190129_MUN_BUR,2018_19,2019-01-29,MUN,BUR,1,0.6125,1.55,0.49029971772563796
2018_19_20190129_NEW_MCI,2018_19,2019-01-29,NEW,MCI,1,0.6481927710843374,1.46,0.6398494820290674
2018_19_20190129_WOL_WHU,2018_19,2019-01-29,WOL,WHU,1,0.486910994764398,1.96,0.5339196032023052
2018_19_20190130_BOU_CHE,2018_19,2019-01-30,BOU,CHE,1,0.5670103092783505,1.68,0.6094073683172203
2018_19_20190130_LIV_LEI,2018_19,2019-01-30,LIV,LEI,0,0.6280788177339901,1.51,0.5944331572497404
2018_19_20190130_SOU_CRY,2018_19,2019-01-30,SOU,CRY,0,0.4830287206266319,1.98,0.4784214036287981
2018_19_20190130_TOT_WAT,2018_19,2019-01-30,TOT,WAT,1,0.5532467532467532,1.72,0.5629369767779187
2018_19_20190202_BRI_WAT,2018_19,2019-02-02,BRI,WAT,0,0.4392764857881137,2.17,0.4852814475863541
2018_19_20190202_BUR_SOU,2018_19,2019-02-02,BUR,SOU,0,0.4621409921671018,2.06,0.4265228007002526
2018_19_20190202_CAR_BOU,2018_19,2019-02-02,CAR,BOU,0,0.4960629921259842,1.92,0.48165402846316063
2018_19_20190202_CHE_HUD,2018_19,2019-02-02,CHE,HUD,1,0.5820512820512821,1.63,0.49629520877498484
2018_19_20190202_CRY_FUL,2018_19,2019-02-02,CRY,FUL,0,0.4816753926701571,1.98,0.48786356143966947
2018_19_20190202_EVE_WOL,2018_19,2019-02-02,EVE,WOL,1,0.4621409921671018,2.06,0.455846830865508
2018_19_20190202_TOT_NEW,2018_19,2019-02-02,TOT,NEW,0,0.518324607329843,1.84,0.5802364386099789
2018_19_20190203_LEI_MUN,2018_19,2019-02-03,LEI,MUN,0,0.5274151436031332,1.81,0.5350342161657321
2018_19_20190203_MCI_ARS,2018_19,2019-02-03,MCI,ARS,1,0.7026431718061673,1.35,0.6597637411352121
2018_19_20190204_WHU_LIV,2018_19,2019-02-04,WHU,LIV,0,0.5974683544303797,1.59,0.577716113563479
2018_19_20190206_EVE_MCI,2018_19,2019-02-06,EVE,MCI,0,0.6365853658536585,1.49,0.6656530997948061
2018_19_20190209_BRI_BUR,2018_19,2019-02-09,BRI,BUR,1,0.4158163265306122,2.29,0.46415248385915553
2018_19_20190209_CRY_WHU,2018_19,2019-02-09,CRY,WHU,0,0.4751958224543081,2.01,0.49772664614996204
2018_19_20190209_FUL_MUN,2018_19,2019-02-09,FUL,MUN,1,0.5939086294416244,1.6,0.5271336995381207
2018_19_20190209_HUD_ARS,2018_19,2019-02-09,HUD,ARS,1,0.5326370757180157,1.79,0.5726509140744769
2018_19_20190209_LIV_BOU,2018_19,2019-02-09,LIV,BOU,1,0.6705607476635514,1.41,0.6811631620540594
2018_19_20190209_SOU_CAR,2018_19,2019-02-09,SOU,CAR,1,0.4621409921671018,2.06,0.44400888756453505
2018_19_20190209_WAT_EVE,2018_19,2019-02-09,WAT,EVE,0,0.4960629921259842,1.92,0.558817444721782
2018_19_20190210_MCI_CHE,2018_19,2019-02-10,MCI,CHE,1,0.5856777493606138,1.62,0.6226795456020645
2018_19_20190210_TOT_LEI,2018_19,2019-02-10,TOT,LEI,1,0.5274151436031332,1.81,0.5708955115877857
2018_19_20190211_WOL_NEW,2018_19,2019-02-11,WOL,NEW,0,0.4278350515463917,2.22,0.5150300768108975
2018_19_20190222_CAR_WAT,2018_19,2019-02-22,CAR,WAT,1,0.4659685863874345,2.04,0.43973504471356645
2018_19_20190222_WHU_FUL,2018_19,2019-02-22,WHU,FUL,1,0.5618556701030928,1.7,0.4643485801608389
2018_19_20190223_BOU_WOL,2018_19,2019-02-23,BOU,WOL,0,0.4635416666666666,2.06,0.43633125919939664
2018_19_20190223_BUR_TOT,2018_19,2019-02-23,BUR,TOT,1,0.548051948051948,1.74,0.5328039783942679
2018_19_20190223_LEI_CRY,2018_19,2019-02-23,LEI,CRY,1,0.4341085271317829,2.19,0.477099265770575
2018_19_20190223_NEW_HUD,2018_19,2019-02-23,NEW,HUD,0,0.3855721393034826,2.47,0.3796689976962697
2018_19_20190224_ARS_SOU,2018_19,2019-02-24,ARS,SOU,0,0.5918367346938775,1.6,0.535151102875245
2018_19_20190224_MUN_LIV,2018_19,2019-02-24,MUN,LIV,0,0.5314136125654451,1.79,0.615653639578944
2018_19_20190226_CAR_EVE,2018_19,2019-02-26,CAR,EVE,1,0.4557291666666667,2.09,0.5360295844488198
2018_19_20190226_HUD_WOL,2018_19,2019-02-26,HUD,WOL,0,0.39,2.44,0.46250761513671523
2018_19_20190226_LEI_BRI,2018_19,2019-02-26,LEI,BRI,1,0.4318766066838046,2.21,0.5278158273362439
2018_19_20190226_NEW_BUR,2018_19,2019-02-26,NEW,BUR,0,0.4075949367088607,2.34,0.40108280600657303
2018_19_20190227_ARS_BOU,2018_19,2019-02-27,ARS,BOU,1,0.625615763546798,1.52,0.6042393304749727
2018_19_20190227_CHE_TOT,2018_19,2019-02-27,CHE,TOT,0,0.518324607329843,1.84,0.6843699995625234
2018_19_20190227_CRY_MUN,2018_19,2019-02-27,CRY,MUN,1,0.5078534031413613,1.88,0.4878849218892045
2018_19_20190227_LIV_WAT,2018_19,2019-02-27,LIV,WAT,1,0.6169154228855721,1.54,0.571577476967644
2018_19_20190227_MCI_WHU,2018_19,2019-02-27,MCI,WHU,0,0.7148936170212765,1.34,0.5944638167332622
2018_19_20190227_SOU_FUL,2018_19,2019-02-27,SOU,FUL,0,0.5026178010471204,1.9,0.4727642847938052
2018_19_20190302_BOU_MCI,2018_19,2019-03-02,BOU,MCI,0,0.6811926605504588,1.39,0.6348636384820933
2018_19_20190302_BRI_HUD,2018_19,2019-03-02,BRI,HUD,0,0.3846153846153846,2.48,0.43952239236235136
2018_19_20190302_BUR_CRY,2018_19,2019-03-02,BUR,CRY,1,0.4583333333333333,2.08,0.4497092670592269
2018_19_20190302_MUN_SOU,2018_19,2019-03-02,MUN,SOU,1,0.5644329896907216,1.69,0.515449237563964
2018_19_20190302_TOT_ARS,2018_19,2019-03-02,TOT,ARS,0,0.5877862595419847,1.62,0.666029896438423
2018_19_20190302_WHU_NEW,2018_19,2019-03-02,WHU,NEW,0,0.486910994764398,1.96,0.475369217431033
2018_19_20190302_WOL_CAR,2018_19,2019-03-02,WOL,CAR,0,0.4830287206266319,1.98,0.4163086512199088
2018_19_20190303_EVE_LIV,2018_19,2019-03-03,EVE,LIV,0,0.5052356020942408,1.89,0.623868944942259
2018_19_20190303_FUL_CHE,2018_19,2019-03-03,FUL,CHE,1,0.5681233933161953,1.68,0.5222965516523855
2018_19_20190303_WAT_LEI,2018_19,2019-03-03,WAT,LEI,1,0.4895287958115184,1.95,0.5192581811417161
2018_19_20190309_CAR_WHU,2018_19,2019-03-09,CAR,WHU,0,0.4934725848563968,1.94,0.49896668786391285
2018_19_20190309_CRY_BRI,2018_19,2019-03-09,CRY,BRI,1,0.4392764857881137,2.17,0.4278438299283072
2018_19_20190309_HUD_BOU,2018_19,2019-03-09,HUD,BOU,0,0.4293059125964009,2.22,0.4842434689417271
2018_19_20190309_LEI_FUL,2018_19,2019-03-09,LEI,FUL,1,0.5644329896907216,1.69,0.5503882302478845
2018_19_20190309_MCI_WAT,2018_19,2019-03-09,MCI,WAT,1,0.7155172413793104,1.32,0.548835353252899
2018_19_20190309_NEW_EVE,2018_19,2019-03-09,NEW,EVE,1,0.4040404040404041,2.36,0.48922401871881543
2018_19_20190309_SOU_TOT,2018_19,2019-03-09,SOU,TOT,1,0.5300261096605744,1.8,0.5901409860456575
2018_19_20190310_ARS_MUN,2018_19,2019-03-10,ARS,MUN,0,0.5732647814910026,1.66,0.5594413228126975
2018_19_20190310_CHE_WOL,2018_19,2019-03-10,CHE,WOL,0,0.5026178010471204,1.9,0.6013198456338125
2018_19_20190310_LIV_BUR,2018_19,2019-03-10,LIV,BUR,1,0.6563245823389022,1.44,0.4640669260237326
2018_19_20190316_BOU_NEW,2018_19,2019-03-16,BOU,NEW,1,0.4751958224543081,2.01,0.4960027373295474
2018_19_20190316_BUR_LEI,2018_19,2019-03-16,BUR,LEI,1,0.4751958224543081,2.01,0.5382213842336484
2018_19_20190316_WHU_HUD,2018_19,2019-03-16,WHU,HUD,1,0.4830287206266319,1.98,0.39739523845289676
2018_19_20190317_EVE_CHE,2018_19,2019-03-17,EVE,CHE,0,0.4960629921259842,1.92,0.5564174755598101
2018_19_20190317_FUL_LIV,2018_19,2019-03-17,FUL,LIV,1,0.6390243902439025,1.48,0.6003895076404335
2018_19_20190330_BRI_SOU,2018_19,2019-03-30,BRI,SOU,0,0.39,2.44,0.42041815463937976
2018_19_20190330_BUR_WOL,2018_19,2019-03-30,BUR,WOL,0,0.4147582697201017,2.3,0.5556396917562003
2018_19_20190330_CRY_HUD,2018_19,2019-03-30,CRY,HUD,0,0.4444444444444444,2.15,0.43310464014094474
2018_19_20190330_FUL_MCI,2018_19,2019-03-30,FUL,MCI,0,0.7334710743801653,1.29,0.6135477747040988
2018_19_20190330_LEI_BOU,2018_19,2019-03-30,LEI,BOU,0,0.5681233933161953,1.68,0.5297588092352639
2018_19_20190330_MUN_WAT,2018_19,2019-03-30,MUN,WAT,1,0.5790816326530612,1.65,0.4882927957082699
2018_19_20190330_WHU_EVE,2018_19,2019-03-30,WHU,EVE,0,0.5326370757180157,1.79,0.5159037764634876
2018_19_20190331_CAR_CHE,2018_19,2019-03-31,CAR,CHE,1,0.5378590078328982,1.77,0.5493725511614796
2018_19_20190331_LIV_TOT,2018_19,2019-03-31,LIV,TOT,1,0.5681233933161953,1.68,0.6097068059178706
2018_19_20190401_ARS_NEW,2018_19,2019-04-01,ARS,NEW,0,0.5974683544303797,1.59,0.4831094120180055
2018_19_20190402_WAT_FUL,2018_19,2019-04-02,WAT,FUL,1,0.5607235142118864,1.7,0.5450151054671938
2018_19_20190402_WOL_MUN,2018_19,2019-04-02,WOL,MUN,1,0.4699738903394256,2.03,0.5030465026689811
2018_19_20190403_CHE_BRI,2018_19,2019-04-03,CHE,BRI,1,0.5595854922279793,1.7,0.4943090188812736
2018_19_20190403_MCI_CAR,2018_19,2019-04-03,MCI,CAR,0,0.7728119180633148,1.22,0.5225623483757001
2018_19_20190403_TOT_CRY,2018_19,2019-04-03,TOT,CRY,0,0.5758354755784061,1.65,0.5534716537701028
2018_19_20190405_SOU_LIV,2018_19,2019-04-05,SOU,LIV,1,0.5569948186528497,1.71,0.5706577087335066
2018_19_20190406_BOU_BUR,2018_19,2019-04-06,BOU,BUR,1,0.5195822454308094,1.84,0.4588479886250954
2018_19_20190406_HUD_LEI,2018_19,2019-04-06,HUD,LEI,1,0.4778067885117493,2.0,0.4726058492640496
2018_19_20190406_NEW_CRY,2018_19,2019-04-06,NEW,CRY,0,0.4219948849104858,2.26,0.4803836256452646
2018_19_20190407_EVE_ARS,2018_19,2019-04-07,EVE,ARS,0,0.5658914728682171,1.68,0.5527230707410885
2018_19_20190408_CHE_WHU,2018_19,2019-04-08,CHE,WHU,0,0.6228287841191067,1.52,0.5378418523570866
2018_19_20190412_LEI_NEW,2018_19,2019-04-12,LEI,NEW,0,0.4973821989528796,1.92,0.42173285618437845
2018_19_20190413_BRI_BOU,2018_19,2019-04-13,BRI,BOU,1,0.4597402597402597,2.08,0.5097941338769425
2018_19_20190413_BUR_CAR,2018_19,2019-04-13,BUR,CAR,0,0.4621409921671018,2.06,0.509690291176374
2018_19_20190413_FUL_EVE,2018_19,2019-04-13,FUL,EVE,0,0.5544041450777203,1.72,0.5161632622250143
2018_19_20190413_MUN_WHU,2018_19,2019-04-13,MUN,WHU,1,0.6265356265356266,1.52,0.5680635101858964
2018_19_20190413_SOU_WOL,2018_19,2019-04-13,SOU,WOL,1,0.4111675126903554,2.32,0.4831927529005166
2018_19_20190413_TOT_HUD,2018_19,2019-04-13,TOT,HUD,1,0.6440677966101696,1.47,0.4906193206383908
2018_19_20190414_CRY_MCI,2018_19,2019-04-14,CRY,MCI,1,0.5939086294416244,1.6,0.6107110397131976
2018_19_20190414_LIV_CHE,2018_19,2019-04-14,LIV,CHE,0,0.5378590078328982,1.77,0.6704094822541222
2018_19_20190415_WAT_ARS,2018_19,2019-04-15,WAT,ARS,0,0.6045340050377834,1.57,0.6309544738848121
2018_19_20190416_BRI_CAR,2018_19,2019-04-16,BRI,CAR,0,0.4096692111959288,2.32,0.480985516093257
2018_19_20190420_BOU_FUL,2018_19,2019-04-20,BOU,FUL,0,0.615,1.54,0.47314166254709755
2018_19_20190420_HUD_WAT,2018_19,2019-04-20,HUD,WAT,1,0.5209424083769634,1.83,0.4826251453626023
2018_19_20190420_MCI_TOT,2018_19,2019-04-20,MCI,TOT,0,0.6619385342789598,1.43,0.6614734007604647
2018_19_20190420_NEW_SOU,2018_19,2019-04-20,NEW,SOU,1,0.4060913705583756,2.34,0.45058122081448354
2018_19_20190420_WHU_LEI,2018_19,2019-04-20,WHU,LEI,1,0.5558441558441558,1.71,0.5740622895697317
2018_19_20190420_WOL_BRI,2018_19,2019-04-20,WOL,BRI,0,0.4005037783375315,2.38,0.49037898643806543
2018_19_20190421_ARS_CRY,2018_19,2019-04-21,ARS,CRY,1,0.601010101010101,1.58,0.5014023036636576
2018_19_20190421_CAR_LIV,2018_19,2019-04-21,CAR,LIV,0,0.6184538653366584,1.53,0.48605174834840625
2018_19_20190421_EVE_MUN,2018_19,2019-04-21,EVE,MUN,1,0.5118110236220472,1.86,0.48336664566096277
2018_19_20190422_CHE_BUR,2018_19,2019-04-22,CHE,BUR,1,0.5856777493606138,1.62,0.4969905549630308
2018_19_20190423_TOT_BRI,2018_19,2019-04-23,TOT,BRI,0,0.5569948186528497,1.71,0.501252644932569
2018_19_20190423_WAT_SOU,2018_19,2019-04-23,WAT,SOU,0,0.5248041775456919,1.82,0.47841129586063624
2018_19_20190424_MUN_MCI,2018_19,2019-04-24,MUN,MCI,0,0.625615763546798,1.52,0.6925215070038311
2018_19_20190424_WOL_ARS,2018_19,2019-04-24,WOL,ARS,1,0.5078534031413613,1.88,0.6161810165867606
2018_19_20190426_LIV_HUD,2018_19,2019-04-26,LIV,HUD,1,0.7736549165120593,1.22,0.45014059039904436
2018_19_20190427_BRI_NEW,2018_19,2019-04-27,BRI,NEW,0,0.3979848866498741,2.39,0.47425705045168254
2018_19_20190427_CRY_EVE,2018_19,2019-04-27,CRY,EVE,0,0.4921465968586388,1.94,0.524757235708481
2018_19_20190427_FUL_CAR,2018_19,2019-04-27,FUL,CAR,0,0.5494791666666667,1.73,0.414436766561776
2018_19_20190427_SOU_BOU,2018_19,2019-04-27,SOU,BOU,1,0.5430809399477807,1.75,0.5330169972575527
2018_19_20190427_TOT_WHU,2018_19,2019-04-27,TOT,WHU,0,0.6203473945409429,1.53,0.502470275642478
2018_19_20190427_WAT_WOL,2018_19,2019-04-27,WAT,WOL,1,0.4341085271317829,2.19,0.45462399736144377
2018_19_20190428_BUR_MCI,2018_19,2019-04-28,BUR,MCI,0,0.6713286713286714,1.41,0.5811776624166216
2018_19_20190428_LEI_ARS,2018_19,2019-04-28,LEI,ARS,1,0.5913705583756345,1.61,0.5648546366823607
2018_19_20190428_MUN_CHE,2018_19,2019-04-28,MUN,CHE,0,0.5157068062827225,1.85,0.6618380247993491
2018_19_20190503_EVE_BUR,2018_19,2019-05-03,EVE,BUR,0,0.5195822454308094,1.84,0.4713211012684059
2018_19_20190504_BOU_TOT,2018_19,2019-05-04,BOU,TOT,0,0.586734693877551,1.62,0.611400485545529
2018_19_20190504_CAR_CRY,2018_19,2019-05-04,CAR,CRY,1,0.4934383202099738,1.93,0.4122249334046146
2018_19_20190504_NEW_LIV,2018_19,2019-05-04,NEW,LIV,1,0.5558441558441558,1.71,0.5583767223363499
2018_19_20190504_WHU_SOU,2018_19,2019-05-04,WHU,SOU,1,0.5903307888040712,1.61,0.4652727565387439
2018_19_20190504_WOL_FUL,2018_19,2019-05-04,WOL,FUL,0,0.5300261096605744,1.8,0.5182860451672474
2018_19_20190505_ARS_BRI,2018_19,2019-05-05,ARS,BRI,0,0.5684754521963824,1.67,0.5813325509699048
2018_19_20190505_CHE_WAT,2018_19,2019-05-05,CHE,WAT,1,0.5939086294416244,1.6,0.5509878317243317
2018_19_20190505_HUD_MUN,2018_19,2019-05-05,HUD,MUN,0,0.570694087403599,1.67,0.5413740418892301
2018_19_20190506_MCI_LEI,2018_19,2019-05-06,MCI,LEI,0,0.7230443974630022,1.31,0.6066970149186177
2018_19_20190512_BRI_MCI,2018_19,2019-05-12,BRI,MCI,1,0.6697892271662763,1.41,0.5598951975117079
2018_19_20190512_BUR_ARS,2018_19,2019-05-12,BUR,ARS,1,0.6035353535353536,1.57,0.5364342103303879
2018_19_20190512_CRY_BOU,2018_19,2019-05-12,CRY,BOU,1,0.6140350877192983,1.54,0.5024306535534326
2018_19_20190512_FUL_NEW,2018_19,2019-05-12,FUL,NEW,1,0.5430809399477807,1.75,0.3912830922696451
2018_19_20190512_LEI_CHE,2018_19,2019-05-12,LEI,CHE,0,0.5595854922279793,1.7,0.5648947934359143
2018_19_20190512_LIV_WOL,2018_19,2019-05-12,LIV,WOL,0,0.5892857142857143,1.61,0.55146498850928
2018_19_20190512_MUN_CAR,2018_19,2019-05-12,MUN,CAR,0,0.6797235023041476,1.39,0.5310659020015335
2018_19_20190512_SOU_HUD,2018_19,2019-05-12,SOU,HUD,0,0.5856777493606138,1.62,0.4515121739297895
2018_19_20190512_TOT_EVE,2018_19,2019-05-12,TOT,EVE,1,0.5404699738903395,1.76,0.5333339860719348
2018_19_20190512_WAT_WHU,2018_19,2019-05-12,WAT,WHU,1,0.6115288220551378,1.55,0.5056386593264492
2019_20_20190809_LIV_NOR,2019_20,2019-08-09,LIV,NOR,1,0.674364896073903,1.41,0.5251203497809098
2019_20_20190810_BOU_SHU,2019_20,2019-08-10,BOU,SHU,0,0.5039164490861618,1.9,0.4994459955600632
2019_20_20190810_BUR_SOU,2019_20,2019-08-10,BUR,SOU,1,0.4493506493506493,2.12,0.49810617625352094
2019_20_20190810_CRY_EVE,2019_20,2019-08-10,CRY,EVE,0,0.4381443298969071,2.18,0.5170894302361319
2019_20_20190810_TOT_AVL,2019_20,2019-08-10,TOT,AVL,1,0.578005115089514,1.65,0.4988205698499044
2019_20_20190810_WAT_BRI,2019_20,2019-08-10,WAT,BRI,1,0.441860465116279,2.16,0.508736786073187
2019_20_20190810_WHU_MCI,2019_20,2019-08-10,WHU,MCI,1,0.6416464891041161,1.48,0.6057267499801975
2019_20_20190811_LEI_WOL,2019_20,2019-08-11,LEI,WOL,0,0.4392764857881137,2.17,0.5216479183514722
2019_20_20190811_MUN_CHE,2019_20,2019-08-11,MUN,CHE,1,0.4765625,2.01,0.586764936551018
2019_20_20190811_NEW_ARS,2019_20,2019-08-11,NEW,ARS,0,0.5390625,1.77,0.5525161298261304
2019_20_20190817_ARS_BUR,2019_20,2019-08-17,ARS,BUR,1,0.5939086294416244,1.6,0.5279777908837776
2019_20_20190817_AVL_BOU,2019_20,2019-08-17,AVL,BOU,1,0.5286458333333333,1.81,0.4683757437744595
2019_20_20190817_BRI_WHU,2019_20,2019-08-17,BRI,WHU,0,0.4895287958115184,1.95,0.45460747092529724
2019_20_20190817_EVE_WAT,2019_20,2019-08-17,EVE,WAT,0,0.5338541666666666,1.79,0.522609553924202
2019_20_20190817_MCI_TOT,2019_20,2019-08-17,MCI,TOT,1,0.6265356265356266,1.52,0.6626215707463669
2019_20_20190817_NOR_NEW,2019_20,2019-08-17,NOR,NEW,1,0.4908616187989557,1.95,0.45257405954758334
2019_20_20190817_SOU_LIV,2019_20,2019-08-17,SOU,LIV,1,0.5816326530612244,1.64,0.57477255072837
2019_20_20190818_CHE_LEI,2019_20,2019-08-18,CHE,LEI,0,0.486910994764398,1.96,0.5513336042257455
2019_20_20190818_SHU_CRY,2019_20,2019-08-18,SHU,CRY,0,0.4030226700251889,2.37,0.435727880532375
2019_20_20190819_WOL_MUN,2019_20,2019-08-19,WOL,MUN,0,0.4507772020725388,2.12,0.5447528949308387
2019_20_20190823_AVL_EVE,2019_20,2019-08-23,AVL,EVE,0,0.5338541666666666,1.79,0.46407932986914785
2019_20_20190824_BRI_SOU,2019_20,2019-08-24,BRI,SOU,0,0.4545454545454546,2.1,0.4561943327154894
2019_20_20190824_LIV_ARS,2019_20,2019-08-24,LIV,ARS,1,0.6595744680851063,1.44,0.6704762550584911
2019_20_20190824_MUN_CRY,2019_20,2019-08-24,MUN,CRY,1,0.5428571428571429,1.76,0.4620025820444768
2019_20_20190824_NOR_CHE,2019_20,2019-08-24,NOR,CHE,1,0.61,1.56,0.5795224097890943
2019_20_20190824_SHU_LEI,2019_20,2019-08-24,SHU,LEI,1,0.4147582697201017,2.3,0.5048925432440236
2019_20_20190824_WAT_WHU,2019_20,2019-08-24,WAT,WHU,1,0.5518134715025906,1.73,0.5395392631104884
2019_20_20190825_BOU_MCI,2019_20,2019-08-25,BOU,MCI,1,0.6921348314606741,1.37,0.6018875158879246
2019_20_20190825_TOT_NEW,2019_20,2019-08-25,TOT,NEW,0,0.6144278606965174,1.55,0.5166288899968379
2019_20_20190825_WOL_BUR,2019_20,2019-08-25,WOL,BUR,0,0.4158163265306122,2.29,0.45679139613760944
2019_20_20190831_BUR_LIV,2019_20,2019-08-31,BUR,LIV,1,0.5913705583756345,1.61,0.5727307813895333
2019_20_20190831_CHE_SHU,2019_20,2019-08-31,CHE,SHU,1,0.5518134715025906,1.73,0.48087442133826164
2019_20_20190831_CRY_AVL,2019_20,2019-08-31,CRY,AVL,0,0.4856396866840731,1.97,0.47234645202249625
2019_20_20190831_LEI_BOU,2019_20,2019-08-31,LEI,BOU,1,0.578005115089514,1.65,0.5350166731556927
2019_20_20190831_MCI_BRI,2019_20,2019-08-31,MCI,BRI,1,0.7308488612836438,1.3,0.5409697405417286
2019_20_20190831_NEW_WAT,2019_20,2019-08-31,NEW,WAT,0,0.4597402597402597,2.08,0.5068797710887206
2019_20_20190831_SOU_MUN,2019_20,2019-08-31,SOU,MUN,0,0.5052083333333333,1.9,0.555149737224473
2019_20_20190831_WHU_NOR,2019_20,2019-08-31,WHU,NOR,0,0.6407766990291263,1.48,0.47015376924198443
2019_20_20190901_ARS_TOT,2019_20,2019-09-01,ARS,TOT,1,0.6045340050377834,1.57,0.5715248490452983
2019_20_20190901_EVE_WOL,2019_20,2019-09-01,EVE,WOL,1,0.4245524296675191,2.25,0.5252160606817776
2019_20_20190914_BRI_BUR,2019_20,2019-09-14,BRI,BUR,0,0.4571428571428572,2.09,0.4513461040045313
2019_20_20190914_LIV_NEW,2019_20,2019-09-14,LIV,NEW,1,0.6705336426914155,1.42,0.5527870101860562
2019_20_20190914_MUN_LEI,2019_20,2019-09-14,MUN,LEI,0,0.5169712793733681,1.85,0.5078577198776411
2019_20_20190914_NOR_MCI,2019_20,2019-09-14,NOR,MCI,1,0.771375464684015,1.23,0.5522047509144312
2019_20_20190914_SHU_SOU,2019_20,2019-09-14,SHU,SOU,0,0.4381443298969071,2.18,0.5154635767290437
2019_20_20190914_TOT_CRY,2019_20,2019-09-14,TOT,CRY,1,0.5816326530612244,1.64,0.5161546779832281
2019_20_20190914_WOL_CHE,2019_20,2019-09-14,WOL,CHE,1,0.4856396866840731,1.97,0.5791282754563336
2019_20_20190915_BOU_EVE,2019_20,2019-09-15,BOU,EVE,1,0.5454545454545455,1.75,0.5430764644034514
2019_20_20190915_WAT_ARS,2019_20,2019-09-15,WAT,ARS,1,0.6055276381909548,1.57,0.5984637479285486
2019_20_20190916_AVL_WHU,2019_20,2019-09-16,AVL,WHU,0,0.5877862595419847,1.62,0.44210957319149236
2019_20_20190920_SOU_BOU,2019_20,2019-09-20,SOU,BOU,1,0.5666666666666667,1.69,0.49898728916292806
2019_20_20190921_BUR_NOR,2019_20,2019-09-21,BUR,NOR,0,0.570694087403599,1.67,0.47574145512409927
2019_20_20190921_EVE_SHU,2019_20,2019-09-21,EVE,SHU,0,0.4713541666666666,2.03,0.4506503920230144
2019_20_20190921_LEI_TOT,2019_20,2019-09-21,LEI,TOT,1,0.5326370757180157,1.79,0.5480303755431162
2019_20_20190921_MCI_WAT,2019_20,2019-09-21,MCI,WAT,1,0.7577519379844961,1.25,0.6141607900527709
2019_20_20190921_NEW_BRI,2019_20,2019-09-21,NEW,BRI,0,0.4065656565656566,2.35,0.46907406071492735
2019_20_20190922_ARS_AVL,2019_20,2019-09-22,ARS,AVL,1,0.6563981042654028,1.45,0.4812839122668284
2019_20_20190922_CHE_LIV,2019_20,2019-09-22,CHE,LIV,1,0.5984848484848484,1.59,0.6006059280686633
2019_20_20190922_CRY_WOL,2019_20,2019-09-22,CRY,WOL,0,0.4015151515151514,2.37,0.4766506070437271
2019_20_20190922_WHU_MUN,2019_20,2019-09-22,WHU,MUN,0,0.5655526992287918,1.69,0.5673576939745536
2019_20_20190928_AVL_BUR,2019_20,2019-09-28,AVL,BUR,1,0.5013054830287206,1.91,0.41838258887358193
2019_20_20190928_BOU_WHU,2019_20,2019-09-28,BOU,WHU,1,0.6055276381909548,1.57,0.5135517352188462
2019_20_20190928_CHE_BRI,2019_20,2019-09-28,CHE,BRI,0,0.5790816326530612,1.65,0.5114544948874599
2019_20_20190928_CRY_NOR,2019_20,2019-09-28,CRY,NOR,0,0.5544041450777203,1.72,0.5139980573795608
2019_20_20190928_EVE_MCI,2019_20,2019-09-28,EVE,MCI,1,0.6466346153846154,1.47,0.5974110014679238
2019_20_20190928_SHU_LIV,2019_20,2019-09-28,SHU,LIV,0,0.5888324873096447,1.62,0.5515354166501195
2019_20_20190928_TOT_SOU,2019_20,2019-09-28,TOT,SOU,1,0.5934343434343434,1.61,0.5498791364525558
2019_20_20190928_WOL_WAT,2019_20,2019-09-28,WOL,WAT,0,0.4804177545691906,1.99,0.5614381873212224
2019_20_20190929_LEI_NEW,2019_20,2019-09-29,LEI,NEW,1,0.4597402597402597,2.08,0.49879752340238714
2019_20_20190930_MUN_ARS,2019_20,2019-09-30,MUN,ARS,0,0.5831202046035805,1.63,0.5973038566153692
2019_20_20191005_BRI_TOT,2019_20,2019-10-05,BRI,TOT,1,0.5428571428571429,1.76,0.5684228214878686
2019_20_20191005_BUR_EVE,2019_20,2019-10-05,BUR,EVE,0,0.4507772020725388,2.12,0.48765326513091584
2019_20_20191005_LIV_LEI,2019_20,2019-10-05,LIV,LEI,1,0.5924050632911392,1.61,0.533105180572375
2019_20_20191005_NOR_AVL,2019_20,2019-10-05,NOR,AVL,1,0.6074999999999999,1.57,0.45190282542204047
2019_20_20191005_WAT_SHU,2019_20,2019-10-05,WAT,SHU,0,0.4791666666666667,2.0,0.37973925757416466
2019_20_20191005_WHU_CRY,2019_20,2019-10-05,WHU,CRY,1,0.5221932114882506,1.83,0.4771774630880224
2019_20_20191006_ARS_BOU,2019_20,2019-10-06,ARS,BOU,0,0.7032967032967032,1.35,0.5664436519675606
2019_20_20191006_MCI_WOL,2019_20,2019-10-06,MCI,WOL,0,0.6905829596412556,1.38,0.5726681400095913
2019_20_20191006_NEW_MUN,2019_20,2019-10-06,NEW,MUN,0,0.441860465116279,2.16,0.5403294609065332
2019_20_20191006_SOU_CHE,2019_20,2019-10-06,SOU,CHE,1,0.5618556701030928,1.7,0.49762985913667446
2019_20_20191019_AVL_BRI,2019_20,2019-10-19,AVL,BRI,1,0.5248041775456919,1.82,0.43160303704686603
2019_20_20191019_BOU_NOR,2019_20,2019-10-19,BOU,NOR,0,0.6758620689655173,1.41,0.5567685289862353
2019_20_20191019_CHE_NEW,2019_20,2019-10-19,CHE,NEW,0,0.5994962216624685,1.59,0.5423978531858983
2019_20_20191019_CRY_MCI,2019_20,2019-10-19,CRY,MCI,0,0.6611764705882353,1.44,0.597436440732969
2019_20_20191019_EVE_WHU,2019_20,2019-10-19,EVE,WHU,0,0.5544041450777203,1.72,0.543069395864334
2019_20_20191019_LEI_BUR,2019_20,2019-10-19,LEI,BUR,1,0.4934725848563968,1.94,0.4814879844885297
2019_20_20191019_TOT_WAT,2019_20,2019-10-19,TOT,WAT,0,0.6222222222222222,1.53,0.5874185954765515
2019_20_20191019_WOL_SOU,2019_20,2019-10-19,WOL,SOU,0,0.4571428571428572,2.09,0.5145402656463303
2019_20_20191020_MUN_LIV,2019_20,2019-10-20,MUN,LIV,0,0.5416666666666667,1.76,0.601612373905819
2019_20_20191021_SHU_ARS,2019_20,2019-10-21,SHU,ARS,0,0.5644329896907216,1.69,0.5447659232297234
2019_20_20191025_SOU_LEI,2019_20,2019-10-25,SOU,LEI,1,0.4765625,2.01,0.4768316486764608
2019_20_20191026_BRI_EVE,2019_20,2019-10-26,BRI,EVE,1,0.4635416666666666,2.06,0.4978693648507942
2019_20_20191026_BUR_CHE,2019_20,2019-10-26,BUR,CHE,1,0.5754475703324808,1.66,0.5214637432008962
2019_20_20191026_MCI_AVL,2019_20,2019-10-26,MCI,AVL,1,0.7862190812720848,1.21,0.5394780505218554
2019_20_20191026_WAT_BOU,2019_20,2019-10-26,WAT,BOU,0,0.5633074935400517,1.69,0.516500263940359
2019_20_20191026_WHU_SHU,2019_20,2019-10-26,WHU,SHU,0,0.5091383812010444,1.88,0.4265830351145285
2019_20_20191027_ARS_CRY,2019_20,2019-10-27,ARS,CRY,1,0.6246913580246914,1.52,0.5161250340374979
2019_20_20191027_LIV_TOT,2019_20,2019-10-27,LIV,TOT,1,0.6212871287128713,1.53,0.6703233427688036
2019_20_20191027_NEW_WOL,2019_20,2019-10-27,NEW,WOL,0,0.3821339950372208,2.49,0.4845805636131088
2019_20_20191027_NOR_MUN,2019_20,2019-10-27,NOR,MUN,1,0.570694087403599,1.67,0.5369026199325823
2019_20_20191102_ARS_WOL,2019_20,2019-11-02,ARS,WOL,0,0.5492227979274612,1.74,0.5377320582444447
2019_20_20191102_AVL_LIV,2019_20,2019-11-02,AVL,LIV,1,0.6483253588516746,1.47,0.5941792273447282
2019_20_20191102_BOU_MUN,2019_20,2019-11-02,BOU,MUN,0,0.5195822454308094,1.84,0.5162510499271661
2019_20_20191102_BRI_NOR,2019_20,2019-11-02,BRI,NOR,0,0.5754475703324808,1.66,0.5243032663790841
2019_20_20191102_MCI_SOU,2019_20,2019-11-02,MCI,SOU,1,0.7777777777777778,1.22,0.5960608200050637
2019_20_20191102_SHU_BUR,2019_20,2019-11-02,SHU,BUR,1,0.4101265822784811,2.33,0.4119205824214526
2019_20_20191102_WAT_CHE,2019_20,2019-11-02,WAT,CHE,1,0.5841836734693877,1.63,0.5568489796856253
2019_20_20191102_WHU_NEW,2019_20,2019-11-02,WHU,NEW,1,0.5221932114882506,1.83,0.5063826085813864
2019_20_20191103_CRY_LEI,2019_20,2019-11-03,CRY,LEI,0,0.4647519582245431,2.05,0.40348967876167147
2019_20_20191103_EVE_TOT,2019_20,2019-11-03,EVE,TOT,0,0.548051948051948,1.74,0.6177619046248926
2019_20_20191108_NOR_WAT,2019_20,2019-11-08,NOR,WAT,0,0.5666666666666667,1.69,0.5549092287207618
2019_20_20191109_BUR_WHU,2019_20,2019-11-09,BUR,WHU,1,0.5592783505154639,1.71,0.4794796841682953
2019_20_20191109_CHE_CRY,2019_20,2019-11-09,CHE,CRY,0,0.6030150753768844,1.58,0.5161016236042626
2019_20_20191109_LEI_ARS,2019_20,2019-11-09,LEI,ARS,0,0.606516290726817,1.57,0.6536975960815535
2019_20_20191109_NEW_BOU,2019_20,2019-11-09,NEW,BOU,1,0.4609375,2.07,0.5312111075840732
2019_20_20191109_SOU_EVE,2019_20,2019-11-09,SOU,EVE,1,0.4934725848563968,1.94,0.581818710913505
2019_20_20191109_TOT_SHU,2019_20,2019-11-09,TOT,SHU,0,0.5326370757180157,1.79,0.49159719305176
2019_20_20191110_LIV_MCI,2019_20,2019-11-10,LIV,MCI,1,0.5852417302798981,1.63,0.714161612157539
2019_20_20191110_MUN_BRI,2019_20,2019-11-10,MUN,BRI,1,0.4739583333333334,2.02,0.4336841470693163
2019_20_20191110_WOL_AVL,2019_20,2019-11-10,WOL,AVL,1,0.5117493472584856,1.87,0.3777495061536015
2019_20_20191123_ARS_SOU,2019_20,2019-11-23,ARS,SOU,1,0.6449275362318841,1.47,0.5238836499721427
2019_20_20191123_BOU_WOL,2019_20,2019-11-23,BOU,WOL,1,0.4725848563968668,2.02,0.4984929359929905
2019_20_20191123_BRI_LEI,2019_20,2019-11-23,BRI,LEI,0,0.5052356020942408,1.89,0.4160776280843946
2019_20_20191123_CRY_LIV,2019_20,2019-11-23,CRY,LIV,1,0.570694087403599,1.67,0.5834640981150981
2019_20_20191123_EVE_NOR,2019_20,2019-11-23,EVE,NOR,0,0.6125,1.55,0.5132913564734743
2019_20_20191123_MCI_CHE,2019_20,2019-11-23,MCI,CHE,1,0.6759259259259259,1.4,0.6649082690734256
2019_20_20191123_WAT_BUR,2019_20,2019-11-23,WAT,BUR,1,0.4725848563968668,2.02,0.40264761307721325
2019_20_20191123_WHU_TOT,2019_20,2019-11-23,WHU,TOT,1,0.6144278606965174,1.55,0.6443581526821104
2019_20_20191124_SHU_MUN,2019_20,2019-11-24,SHU,MUN,1,0.4366925064599483,2.18,0.48899369913936763
2019_20_20191125_AVL_NEW,2019_20,2019-11-25,AVL,NEW,0,0.4973821989528796,1.92,0.4659906189086793
2019_20_20191130_BUR_CRY,2019_20,2019-11-30,BUR,CRY,0,0.4293059125964009,2.22,0.49640582552878443
2019_20_20191130_CHE_WHU,2019_20,2019-11-30,CHE,WHU,0,0.6774193548387096,1.4,0.5557623145340982
2019_20_20191130_LIV_BRI,2019_20,2019-11-30,LIV,BRI,1,0.6474820143884892,1.47,0.5181915915309319
2019_20_20191130_NEW_MCI,2019_20,2019-11-30,NEW,MCI,1,0.6595744680851063,1.44,0.62156969072711
2019_20_20191130_SOU_WAT,2019_20,2019-11-30,SOU,WAT,1,0.5,1.91,0.5337895854601332
2019_20_20191130_TOT_BOU,2019_20,2019-11-30,TOT,BOU,1,0.6299019607843138,1.51,0.5727629188155995
2019_20_20191201_LEI_EVE,2019_20,2019-12-01,LEI,EVE,1,0.5274151436031332,1.81,0.573220076135822
2019_20_20191201_MUN_AVL,2019_20,2019-12-01,MUN,AVL,1,0.5633074935400517,1.69,0.45234915448527924
2019_20_20191201_NOR_ARS,2019_20,2019-12-01,NOR,ARS,1,0.6720930232558139,1.41,0.5697802536089398
2019_20_20191201_WOL_SHU,2019_20,2019-12-01,WOL,SHU,0,0.4147582697201017,2.3,0.43637090526458705
2019_20_20191203_BUR_MCI,2019_20,2019-12-03,BUR,MCI,1,0.6442307692307693,1.48,0.6552692207780122
2019_20_20191203_CRY_BOU,2019_20,2019-12-03,CRY,BOU,0,0.4699738903394256,2.03,0.4851949375128188
2019_20_20191204_CHE_AVL,2019_20,2019-12-04,CHE,AVL,1,0.6682242990654206,1.42,0.5082466775722072
2019_20_20191204_LEI_WAT,2019_20,2019-12-04,LEI,WAT,0,0.5852417302798981,1.63,0.54276957332616
2019_20_20191204_LIV_EVE,2019_20,2019-12-04,LIV,EVE,1,0.601010101010101,1.58,0.5994420779910358
2019_20_20191204_MUN_TOT,2019_20,2019-12-04,MUN,TOT,1,0.5300261096605744,1.8,0.5942995532603651
2019_20_20191204_SOU_NOR,2019_20,2019-12-04,SOU,NOR,1,0.5984848484848484,1.59,0.5186656711209319
2019_20_20191204_WOL_WHU,2019_20,2019-12-04,WOL,WHU,0,0.5052356020942408,1.89,0.5005191530612763
2019_20_20191205_ARS_BRI,2019_20,2019-12-05,ARS,BRI,1,0.6188118811881189,1.54,0.47635161639530244
2019_20_20191205_SHU_NEW,2019_20,2019-12-05,SHU,NEW,0,0.4086294416243655,2.33,0.4710363559490178
2019_20_20191207_BOU_LIV,2019_20,2019-12-07,BOU,LIV,1,0.6332518337408313,1.5,0.5665750271110254
2019_20_20191207_EVE_CHE,2019_20,2019-12-07,EVE,CHE,1,0.5633074935400517,1.69,0.576304456690364
2019_20_20191207_MCI_MUN,2019_20,2019-12-07,MCI,MUN,1,0.6383495145631067,1.49,0.6230165164983819
2019_20_20191207_TOT_BUR,2019_20,2019-12-07,TOT,BUR,1,0.5964467005076142,1.59,0.4993253383567882
2019_20_20191207_WAT_CRY,2019_20,2019-12-07,WAT,CRY,0,0.4647519582245431,2.05,0.43986722469500156
2019_20_20191208_AVL_LEI,2019_20,2019-12-08,AVL,LEI,1,0.5877862595419847,1.62,0.4939885428290735
2019_20_20191208_BRI_WOL,2019_20,2019-12-08,BRI,WOL,1,0.4158163265306122,2.29,0.45220372894480465
2019_20_20191208_NEW_SOU,2019_20,2019-12-08,NEW,SOU,1,0.4493506493506493,2.12,0.5230576969207295
2019_20_20191208_NOR_SHU,2019_20,2019-12-08,NOR,SHU,1,0.5195822454308094,1.84,0.37103988384872316
2019_20_20191209_WHU_ARS,2019_20,2019-12-09,WHU,ARS,1,0.6587677725118484,1.44,0.6056728993108703
2019_20_20191214_BUR_NEW,2019_20,2019-12-14,BUR,NEW,0,0.451948051948052,2.11,0.4655408712507305
2019_20_20191214_CHE_BOU,2019_20,2019-12-14,CHE,BOU,0,0.6774193548387096,1.4,0.5481418915712188
2019_20_20191214_LEI_NOR,2019_20,2019-12-14,LEI,NOR,0,0.664319248826291,1.43,0.5637790249821839
2019_20_20191214_LIV_WAT,2019_20,2019-12-14,LIV,WAT,0,0.6840909090909091,1.39,0.5301151659241865
2019_20_20191214_SHU_AVL,2019_20,2019-12-14,SHU,AVL,0,0.5274151436031332,1.81,0.4622584029882558
2019_20_20191214_SOU_WHU,2019_20,2019-12-14,SOU,WHU,0,0.5913705583756345,1.61,0.49634859562234745
2019_20_20191215_ARS_MCI,2019_20,2019-12-15,ARS,MCI,1,0.7155172413793104,1.32,0.6631331571451805
2019_20_20191215_MUN_EVE,2019_20,2019-12-15,MUN,EVE,0,0.5300261096605744,1.8,0.5523726661876243
2019_20_20191215_WOL_TOT,2019_20,2019-12-15,WOL,TOT,1,0.5026178010471204,1.9,0.5723309511665731
2019_20_20191216_CRY_BRI,2019_20,2019-12-16,CRY,BRI,0,0.4366925064599483,2.18,0.43282824808578846
2019_20_20191221_AVL_SOU,2019_20,2019-12-21,AVL,SOU,1,0.5877862595419847,1.62,0.538303198644341
2019_20_20191221_BOU_BUR,2019_20,2019-12-21,BOU,BUR,0,0.4973821989528796,1.92,0.4939857925290496
2019_20_20191221_BRI_SHU,2019_20,2019-12-21,BRI,SHU,0,0.4505208333333333,2.11,0.4376151741051692
2019_20_20191221_EVE_ARS,2019_20,2019-12-21,EVE,ARS,0,0.6045340050377834,1.57,0.6066340760092561
2019_20_20191221_MCI_LEI,2019_20,2019-12-21,MCI,LEI,1,0.6682242990654206,1.42,0.5562614495670435
2019_20_20191221_NEW_CRY,2019_20,2019-12-21,NEW,CRY,0,0.39,2.44,0.48531362254173455
2019_20_20191221_NOR_WOL,2019_20,2019-12-21,NOR,WOL,1,0.5326370757180157,1.79,0.42599741058469964
2019_20_20191222_TOT_CHE,2019_20,2019-12-22,TOT,CHE,0,0.5984848484848484,1.59,0.6090537041850398
2019_20_20191222_WAT_MUN,2019_20,2019-12-22,WAT,MUN,0,0.5157068062827225,1.85,0.4980647070414852
2019_20_20191226_AVL_NOR,2019_20,2019-12-26,AVL,NOR,0,0.6228287841191067,1.52,0.46278003965534076
2019_20_20191226_BOU_ARS,2019_20,2019-12-26,BOU,ARS,0,0.6105527638190955,1.55,0.5960658425307369
2019_20_20191226_CHE_SOU,2019_20,2019-12-26,CHE,SOU,0,0.637469586374696,1.49,0.569477503898803
2019_20_20191226_CRY_WHU,2019_20,2019-12-26,CRY,WHU,1,0.5026178010471204,1.9,0.482442722464757
2019_20_20191226_EVE_BUR,2019_20,2019-12-26,EVE,BUR,0,0.4947643979057591,1.93,0.534298326816836
2019_20_20191226_LEI_LIV,2019_20,2019-12-26,LEI,LIV,1,0.5805626598465473,1.64,0.6442445989785885
2019_20_20191226_MUN_NEW,2019_20,2019-12-26,MUN,NEW,1,0.5532467532467532,1.72,0.49952655310806976
2019_20_20191226_SHU_WAT,2019_20,2019-12-26,SHU,WAT,0,0.451948051948052,2.11,0.4841654973746659
2019_20_20191226_TOT_BRI,2019_20,2019-12-26,TOT,BRI,1,0.5949367088607596,1.6,0.5104115616656713
2019_20_20191227_WOL_MCI,2019_20,2019-12-27,WOL,MCI,1,0.6070528967254408,1.56,0.6234272320291052
2019_20_20191228_BRI_BOU,2019_20,2019-12-28,BRI,BOU,0,0.4986945169712793,1.92,0.5063474794416061
2019_20_20191228_BUR_MUN,2019_20,2019-12-28,BUR,MUN,0,0.4895287958115184,1.95,0.5359066297871343
2019_20_20191228_NEW_EVE,2019_20,2019-12-28,NEW,EVE,1,0.4621409921671018,2.06,0.5282675318913258
2019_20_20191228_NOR_TOT,2019_20,2019-12-28,NOR,TOT,1,0.5949367088607596,1.6,0.5632597460033973
2019_20_20191228_SOU_CRY,2019_20,2019-12-28,SOU,CRY,0,0.4659685863874345,2.04,0.44906708245294774
2019_20_20191228_WAT_AVL,2019_20,2019-12-28,WAT,AVL,1,0.5618556701030928,1.7,0.4373224144429547
2019_20_20191228_WHU_LEI,2019_20,2019-12-28,WHU,LEI,1,0.5903307888040712,1.61,0.4764420558296812
2019_20_20191229_ARS_CHE,2019_20,2019-12-29,ARS,CHE,1,0.6184538653366584,1.53,0.601266038696912
2019_20_20191229_LIV_WOL,2019_20,2019-12-29,LIV,WOL,0,0.6105527638190955,1.55,0.5306777881220681
2019_20_20191229_MCI_SHU,2019_20,2019-12-29,MCI,SHU,0,0.6849315068493151,1.38,0.550136218220018
2019_20_20200101_ARS_MUN,2019_20,2020-01-01,ARS,MUN,0,0.5794871794871795,1.64,0.5539097076818074
2019_20_20200101_BRI_CHE,2019_20,2020-01-01,BRI,CHE,0,0.5584415584415584,1.7,0.5477208705585764
2019_20_20200101_BUR_AVL,2019_20,2020-01-01,BUR,AVL,1,0.5091863517060368,1.87,0.4549169243627696
2019_20_20200101_MCI_EVE,2019_20,2020-01-01,MCI,EVE,1,0.6928251121076232,1.37,0.6177124409452032
2019_20_20200101_NEW_LEI,2019_20,2020-01-01,NEW,LEI,1,0.4908136482939633,1.94,0.49617191153049445
2019_20_20200101_NOR_CRY,2019_20,2020-01-01,NOR,CRY,0,0.5078534031413613,1.88,0.46178272513067425
2019_20_20200101_SOU_TOT,2019_20,2020-01-01,SOU,TOT,0,0.5732647814910026,1.66,0.5697751344924107
2019_20_20200101_WAT_WOL,2019_20,2020-01-01,WAT,WOL,1,0.4764397905759163,2.0,0.4357650642335294
2019_20_20200101_WHU_BOU,2019_20,2020-01-01,WHU,BOU,1,0.570694087403599,1.67,0.5276736791257851
2019_20_20200102_LIV_SHU,2019_20,2020-01-02,LIV,SHU,0,0.6159600997506234,1.54,0.5332692019345157
2019_20_20200110_SHU_WHU,2019_20,2020-01-10,SHU,WHU,0,0.4699738903394256,2.03,0.503107404174362
2019_20_20200111_CHE_BUR,2019_20,2020-01-11,CHE,BUR,1,0.5743589743589743,1.66,0.5285479893458979
2019_20_20200111_CRY_ARS,2019_20,2020-01-11,CRY,ARS,0,0.5300261096605744,1.8,0.6062547999028656
2019_20_20200111_EVE_BRI,2019_20,2020-01-11,EVE,BRI,0,0.5221932114882506,1.83,0.4735958786202042
2019_20_20200111_LEI_SOU,2019_20,2020-01-11,LEI,SOU,1,0.5816326530612244,1.64,0.5420252416252931
2019_20_20200111_MUN_NOR,2019_20,2020-01-11,MUN,NOR,1,0.602015113350126,1.58,0.5193661964745409
2019_20_20200111_TOT_LIV,2019_20,2020-01-11,TOT,LIV,0,0.586734693877551,1.62,0.6491418180815801
2019_20_20200111_WOL_NEW,2019_20,2020-01-11,WOL,NEW,0,0.4751958224543081,2.01,0.5252417858551494
2019_20_20200112_AVL_MCI,2019_20,2020-01-12,AVL,MCI,1,0.7465069860279441,1.27,0.6230348624181329
2019_20_20200112_BOU_WAT,2019_20,2020-01-12,BOU,WAT,1,0.5052356020942408,1.89,0.4289276763587077
2019_20_20200118_ARS_SHU,2019_20,2020-01-18,ARS,SHU,0,0.4790575916230366,1.99,0.5022698628681516
2019_20_20200118_BRI_AVL,2019_20,2020-01-18,BRI,AVL,0,0.578005115089514,1.65,0.44213529237483806
2019_20_20200118_MCI_CRY,2019_20,2020-01-18,MCI,CRY,1,0.7323651452282157,1.29,0.5421138480528017
2019_20_20200118_NEW_CHE,2019_20,2020-01-18,NEW,CHE,0,0.5670103092783505,1.68,0.5659071164751631
2019_20_20200118_NOR_BOU,2019_20,2020-01-18,NOR,BOU,0,0.5326370757180157,1.79,0.5502310461018368
2019_20_20200118_SOU_WOL,2019_20,2020-01-18,SOU,WOL,1,0.4712041884816754,2.02,0.4821472502725871
2019_20_20200118_WAT_TOT,2019_20,2020-01-18,WAT,TOT,0,0.5274151436031332,1.81,0.5720181146263295
2019_20_20200118_WHU_EVE,2019_20,2020-01-18,WHU,EVE,0,0.5170603674540682,1.84,0.5339605991698405
2019_20_20200119_BUR_LEI,2019_20,2020-01-19,BUR,LEI,1,0.5144356955380577,1.85,0.48237371095581566
2019_20_20200119_LIV_MUN,2019_20,2020-01-19,LIV,MUN,0,0.5732647814910026,1.66,0.5955504281979903
2019_20_20200121_AVL_WAT,2019_20,2020-01-21,AVL,WAT,1,0.5052356020942408,1.89,0.4070294747726047
2019_20_20200121_BOU_BRI,2019_20,2020-01-21,BOU,BRI,1,0.4830287206266319,1.98,0.4522784404153341
2019_20_20200121_CHE_ARS,2019_20,2020-01-21,CHE,ARS,1,0.5670103092783505,1.68,0.6116502612700169
2019_20_20200121_CRY_SOU,2019_20,2020-01-21,CRY,SOU,0,0.4318766066838046,2.21,0.4610116695445967
2019_20_20200121_EVE_NEW,2019_20,2020-01-21,EVE,NEW,1,0.4895287958115184,1.95,0.46950689776575416
2019_20_20200121_SHU_MCI,2019_20,2020-01-21,SHU,MCI,0,0.595959595959596,1.6,0.6150616292966484
2019_20_20200122_LEI_WHU,2019_20,2020-01-22,LEI,WHU,1,0.5888324873096447,1.62,0.5427445548701355
2019_20_20200122_MUN_BUR,2019_20,2020-01-22,MUN,BUR,0,0.5274151436031332,1.81,0.5279848601643976
2019_20_20200122_TOT_NOR,2019_20,2020-01-22,TOT,NOR,1,0.6178660049627792,1.54,0.540919421610593
2019_20_20200123_WOL_LIV,2019_20,2020-01-23,WOL,LIV,1,0.5287958115183247,1.8,0.6114446426912643
2019_20_20200129_WHU_LIV,2019_20,2020-01-29,WHU,LIV,0,0.61,1.56,0.5989706292201732
2019_20_20200201_BOU_AVL,2019_20,2020-02-01,BOU,AVL,1,0.5340314136125655,1.78,0.4651625486964271
2019_20_20200201_CRY_SHU,2019_20,2020-02-01,CRY,SHU,0,0.3600973236009733,2.63,0.45755430541044523
2019_20_20200201_LEI_CHE,2019_20,2020-02-01,LEI,CHE,1,0.5633074935400517,1.69,0.5723601863493902
2019_20_20200201_LIV_SOU,2019_20,2020-02-01,LIV,SOU,1,0.6194029850746269,1.53,0.5346999370839969
2019_20_20200201_MUN_WOL,2019_20,2020-02-01,MUN,WOL,0,0.4366925064599483,2.18,0.5383889821077303
2019_20_20200201_NEW_NOR,2019_20,2020-02-01,NEW,NOR,0,0.4790575916230366,1.99,0.48125520759941454
2019_20_20200201_WAT_EVE,2019_20,2020-02-01,WAT,EVE,1,0.4738219895287958,2.01,0.4966389416973105
2019_20_20200201_WHU_BRI,2019_20,2020-02-01,WHU,BRI,1,0.4973821989528796,1.92,0.4523858265551577
2019_20_20200202_BUR_ARS,2019_20,2020-02-02,BUR,ARS,0,0.5013123359580053,1.9,0.552416164264024
2019_20_20200202_TOT_MCI,2019_20,2020-02-02,TOT,MCI,0,0.6365853658536585,1.49,0.6655938917456816
2019_20_20200208_BRI_WAT,2019_20,2020-02-08,BRI,WAT,0,0.4842931937172774,1.97,0.4324062178857407
2019_20_20200208_EVE_CRY,2019_20,2020-02-08,EVE,CRY,1,0.4557291666666667,2.09,0.4924362324811994
2019_20_20200209_SHU_BOU,2019_20,2020-02-09,SHU,BOU,1,0.4168797953964194,2.28,0.4882124579905991
2019_20_20200214_WOL_LEI,2019_20,2020-02-14,WOL,LEI,0,0.4699738903394256,2.03,0.5363279378068923
2019_20_20200215_NOR_LIV,2019_20,2020-02-15,NOR,LIV,0,0.628992628992629,1.51,0.5373372611147053
2019_20_20200215_SOU_BUR,2019_20,2020-02-15,SOU,BUR,1,0.486910994764398,1.96,0.4857451505820188
2019_20_20200216_ARS_NEW,2019_20,2020-02-16,ARS,NEW,1,0.5532467532467532,1.72,0.5063312271643072
2019_20_20200216_AVL_TOT,2019_20,2020-02-16,AVL,TOT,1,0.5633074935400517,1.69,0.5722123569158507
2019_20_20200217_CHE_MUN,2019_20,2020-02-17,CHE,MUN,0,0.5052356020942408,1.89,0.5639491954932102
2019_20_20200219_MCI_WHU,2019_20,2020-02-19,MCI,WHU,0,0.7666034155597723,1.23,0.6017919070213856
2019_20_20200222_BUR_BOU,2019_20,2020-02-22,BUR,BOU,1,0.4267352185089973,2.23,0.47722392961459303
2019_20_20200222_CHE_TOT,2019_20,2020-02-22,CHE,TOT,1,0.5274151436031332,1.81,0.611580896998304
2019_20_20200222_CRY_NEW,2019_20,2020-02-22,CRY,NEW,0,0.3787128712871287,2.51,0.5037924503162894
2019_20_20200222_LEI_MCI,2019_20,2020-02-22,LEI,MCI,0,0.6159600997506234,1.54,0.636955990479165
2019_20_20200222_SHU_BRI,2019_20,2020-02-22,SHU,BRI,0,0.4267352185089973,2.23,0.4209695701882109
2019_20_20200222_SOU_AVL,2019_20,2020-02-22,SOU,AVL,0,0.5984848484848484,1.59,0.480381284206454
2019_20_20200223_ARS_EVE,2019_20,2020-02-23,ARS,EVE,1,0.5494791666666667,1.73,0.49688182910751527
2019_20_20200223_MUN_WAT,2019_20,2020-02-23,MUN,WAT,1,0.5,1.91,0.4610037161123506
2019_20_20200223_WOL_NOR,2019_20,2020-02-23,WOL,NOR,1,0.5104712041884817,1.87,0.48481787499163476
2019_20_20200224_LIV_WHU,2019_20,2020-02-24,LIV,WHU,1,0.6870748299319728,1.38,0.5725139842300234
2019_20_20200228_NOR_LEI,2019_20,2020-02-28,NOR,LEI,0,0.5532467532467532,1.72,0.5114472593074839
2019_20_20200229_BOU_CHE,2019_20,2020-02-29,BOU,CHE,1,0.5300261096605744,1.8,0.5258263822616667
2019_20_20200229_BRI_CRY,2019_20,2020-02-29,BRI,CRY,0,0.4122137404580152,2.31,0.4673711448490424
2019_20_20200229_NEW_BUR,2019_20,2020-02-29,NEW,BUR,0,0.4060913705583756,2.34,0.41540159096867907
2019_20_20200229_WAT_LIV,2019_20,2020-02-29,WAT,LIV,1,0.5794871794871795,1.64,0.5845244805515558
2019_20_20200229_WHU_SOU,2019_20,2020-02-29,WHU,SOU,1,0.5418848167539266,1.75,0.49469935215193234
2019_20_20200301_EVE_MUN,2019_20,2020-03-01,EVE,MUN,0,0.4803149606299213,1.98,0.5732176512904145
2019_20_20200301_TOT_WOL,2019_20,2020-03-01,TOT,WOL,1,0.4278350515463917,2.22,0.5142351464416572
2019_20_20200307_ARS_WHU,2019_20,2020-03-07,ARS,WHU,0,0.5949367088607596,1.6,0.5403184005237589
2019_20_20200307_BUR_TOT,2019_20,2020-03-07,BUR,TOT,0,0.4621409921671018,2.06,0.5023459610442302
2019_20_20200307_CRY_WAT,2019_20,2020-03-07,CRY,WAT,0,0.4168797953964194,2.28,0.4366839334489713
2019_20_20200307_LIV_BOU,2019_20,2020-03-07,LIV,BOU,1,0.6457831325301205,1.47,0.5778948397982807
2019_20_20200307_SHU_NOR,2019_20,2020-03-07,SHU,NOR,0,0.4621409921671018,2.06,0.4683294977753464
2019_20_20200307_SOU_NEW,2019_20,2020-03-07,SOU,NEW,0,0.5261780104712042,1.81,0.5385781884978096
2019_20_20200307_WOL_BRI,2019_20,2020-03-07,WOL,BRI,0,0.4776902887139108,1.99,0.44478088377215136
2019_20_20200308_CHE_EVE,2019_20,2020-03-08,CHE,EVE,1,0.5558441558441558,1.71,0.5236030176080051
2019_20_20200308_MUN_MCI,2019_20,2020-03-08,MUN,MCI,0,0.5721649484536083,1.66,0.687577923783125
2019_20_20200309_LEI_AVL,2019_20,2020-03-09,LEI,AVL,1,0.62,1.52,0.48542794881525164
2019_20_20200617_AVL_SHU,2019_20,2020-06-17,AVL,SHU,0,0.4583333333333333,2.08,0.4375378663605235
2019_20_20200617_MCI_ARS,2019_20,2020-06-17,MCI,ARS,1,0.6877828054298643,1.38,0.626413572321025
2019_20_20200619_NOR_SOU,2019_20,2020-06-19,NOR,SOU,1,0.4986945169712793,1.92,0.4561635064552103
2019_20_20200619_TOT_MUN,2019_20,2020-06-19,TOT,MUN,0,0.4934725848563968,1.94,0.5558172751816362
2019_20_20200620_BOU_CRY,2019_20,2020-06-20,BOU,CRY,0,0.4493506493506493,2.12,0.46961972837325294
2019_20_20200620_BRI_ARS,2019_20,2020-06-20,BRI,ARS,1,0.4947643979057591,1.93,0.5569984364003818
2019_20_20200620_WAT_LEI,2019_20,2020-06-20,WAT,LEI,0,0.5013054830287206,1.91,0.5600308498627659
2019_20_20200620_WHU_WOL,2019_20,2020-06-20,WHU,WOL,0,0.4635416666666666,2.06,0.5215660377449853
2019_20_20200621_AVL_CHE,2019_20,2020-06-21,AVL,CHE,1,0.5994962216624685,1.59,0.5171136432708549
2019_20_20200621_EVE_LIV,2019_20,2020-06-21,EVE,LIV,0,0.5732647814910026,1.66,0.6081214114531803
2019_20_20200621_NEW_SHU,2019_20,2020-06-21,NEW,SHU,1,0.3865336658354114,2.46,0.42146677659853615
2019_20_20200622_MCI_BUR,2019_20,2020-06-22,MCI,BUR,1,0.7173447537473233,1.32,0.5559224864106569
2019_20_20200623_LEI_BRI,2019_20,2020-06-23,LEI,BRI,0,0.4908616187989557,1.95,0.5002885203325673
2019_20_20200623_TOT_WHU,2019_20,2020-06-23,TOT,WHU,0,0.5338541666666666,1.79,0.5887660139279105
2019_20_20200624_LIV_CRY,2019_20,2020-06-24,LIV,CRY,1,0.5644329896907216,1.69,0.5504613703203552
2019_20_20200624_MUN_SHU,2019_20,2020-06-24,MUN,SHU,1,0.4778067885117493,2.0,0.4410694135609756
2019_20_20200624_NEW_AVL,2019_20,2020-06-24,NEW,AVL,0,0.4571428571428572,2.09,0.47197293125186085
2019_20_20200624_NOR_EVE,2019_20,2020-06-24,NOR,EVE,0,0.5248041775456919,1.82,0.5120378593147578
2019_20_20200624_WOL_BOU,2019_20,2020-06-24,WOL,BOU,0,0.4609375,2.07,0.5262654430940189
2019_20_20200625_BUR_WAT,2019_20,2020-06-25,BUR,WAT,0,0.4381443298969071,2.18,0.4728826970589867
2019_20_20200625_CHE_MCI,2019_20,2020-06-25,CHE,MCI,1,0.5841836734693877,1.63,0.6691899628431769
2019_20_20200625_SOU_ARS,2019_20,2020-06-25,SOU,ARS,0,0.5300261096605744,1.8,0.5528901251497121
2019_20_20200627_AVL_WOL,2019_20,2020-06-27,AVL,WOL,0,0.4583333333333333,2.08,0.4345353180192883
2019_20_20200628_WAT_SOU,2019_20,2020-06-28,WAT,SOU,1,0.4778067885117493,2.0,0.5020646508011529
2019_20_20200629_CRY_BUR,2019_20,2020-06-29,CRY,BUR,0,0.3934837092731829,2.42,0.43059130484919744
2019_20_20200630_BRI_MUN,2019_20,2020-06-30,BRI,MUN,1,0.4559585492227979,2.1,0.45988479994296894
2019_20_20200701_ARS_NOR,2019_20,2020-07-01,ARS,NOR,1,0.5618556701030928,1.7,0.5379382790814649
2019_20_20200701_BOU_NEW,2019_20,2020-07-01,BOU,NEW,1,0.4005037783375315,2.38,0.48241147266244977
2019_20_20200701_EVE_LEI,2019_20,2020-07-01,EVE,LEI,1,0.4583333333333333,2.08,0.5757598749640438
2019_20_20200701_WHU_CHE,2019_20,2020-07-01,WHU,CHE,1,0.5544041450777203,1.72,0.5288597006928475
2019_20_20200702_MCI_LIV,2019_20,2020-07-02,MCI,LIV,1,0.606516290726817,1.57,0.656805359934823
2019_20_20200702_SHU_TOT,2019_20,2020-07-02,SHU,TOT,1,0.4430051813471503,2.15,0.5648714084846389
2019_20_20200704_CHE_WAT,2019_20,2020-07-04,CHE,WAT,1,0.5518134715025906,1.73,0.5245819182967966
2019_20_20200704_LEI_CRY,2019_20,2020-07-04,LEI,CRY,1,0.4333333333333333,2.21,0.49727846156674943
2019_20_20200704_MUN_BOU,2019_20,2020-07-04,MUN,BOU,1,0.624078624078624,1.53,0.531780759990077
2019_20_20200704_NOR_BRI,2019_20,2020-07-04,NOR,BRI,0,0.4597402597402597,2.08,0.4703601761863198
2019_20_20200704_WOL_ARS,2019_20,2020-07-04,WOL,ARS,0,0.4545454545454546,2.1,0.5751966052932223
2019_20_20200705_BUR_SHU,2019_20,2020-07-05,BUR,SHU,0,0.359903381642512,2.65,0.47522264587509816
2019_20_20200705_LIV_AVL,2019_20,2020-07-05,LIV,AVL,0,0.637469586374696,1.49,0.5659265775408516
2019_20_20200705_NEW_WHU,2019_20,2020-07-05,NEW,WHU,1,0.4764397905759163,2.0,0.5236134764468289
2019_20_20200705_SOU_MCI,2019_20,2020-07-05,SOU,MCI,0,0.6159600997506234,1.54,0.5979751449139153
2019_20_20200706_TOT_EVE,2019_20,2020-07-06,TOT,EVE,0,0.5143603133159269,1.86,0.615863786606843
2019_20_20200707_ARS_LEI,2019_20,2020-07-07,ARS,LEI,0,0.5091383812010444,1.88,0.55442504009064
2019_20_20200707_CRY_CHE,2019_20,2020-07-07,CRY,CHE,1,0.5221932114882506,1.83,0.5327730753470268
2019_20_20200707_WAT_NOR,2019_20,2020-07-07,WAT,NOR,1,0.4675324675324676,2.05,0.4786371561942294
2019_20_20200708_BRI_LIV,2019_20,2020-07-08,BRI,LIV,1,0.5506493506493506,1.73,0.5792585036768505
2019_20_20200708_MCI_NEW,2019_20,2020-07-08,MCI,NEW,1,0.6840909090909091,1.39,0.48912114756638175
2019_20_20200708_SHU_WOL,2019_20,2020-07-08,SHU,WOL,0,0.3533653846153846,2.69,0.49309105023759586
2019_20_20200708_WHU_BUR,2019_20,2020-07-08,WHU,BUR,0,0.4635416666666666,2.06,0.45052030685449296
2019_20_20200709_AVL_MUN,2019_20,2020-07-09,AVL,MUN,1,0.5769230769230769,1.65,0.4172238089343602
2019_20_20200709_BOU_TOT,2019_20,2020-07-09,BOU,TOT,0,0.5506493506493506,1.73,0.6296030419870696
2019_20_20200709_EVE_SOU,2019_20,2020-07-09,EVE,SOU,0,0.4973821989528796,1.92,0.5068623754894901
2019_20_20200711_BRI_MCI,2019_20,2020-07-11,BRI,MCI,1,0.6265356265356266,1.52,0.574970320640387
2019_20_20200711_LIV_BUR,2019_20,2020-07-11,LIV,BUR,0,0.625615763546798,1.52,0.5097672551380655
2019_20_20200711_NOR_WHU,2019_20,2020-07-11,NOR,WHU,1,0.5234374999999999,1.83,0.5228375558831345
2019_20_20200711_SHU_CHE,2019_20,2020-07-11,SHU,CHE,1,0.4830287206266319,1.98,0.5571567733867011
2019_20_20200711_WAT_NEW,2019_20,2020-07-11,WAT,NEW,1,0.4635416666666666,2.06,0.430187505091173
2019_20_20200712_AVL_CRY,2019_20,2020-07-12,AVL,CRY,0,0.4751958224543081,2.01,0.4245558009410148
2019_20_20200712_BOU_LEI,2019_20,2020-07-12,BOU,LEI,1,0.5039370078740157,1.89,0.5194101779026602
2019_20_20200712_TOT_ARS,2019_20,2020-07-12,TOT,ARS,1,0.5402597402597403,1.77,0.5821204983756614
2019_20_20200712_WOL_EVE,2019_20,2020-07-12,WOL,EVE,1,0.3836633663366336,2.49,0.5723438990653024
2019_20_20200713_MUN_SOU,2019_20,2020-07-13,MUN,SOU,1,0.5913705583756345,1.61,0.5267274631424189
2019_20_20200714_CHE_NOR,2019_20,2020-07-14,CHE,NOR,0,0.6997792494481236,1.36,0.5476259012165311
2019_20_20200715_ARS_LIV,2019_20,2020-07-15,ARS,LIV,1,0.6040100250626567,1.58,0.6299094061984047
2019_20_20200715_BUR_WOL,2019_20,2020-07-15,BUR,WOL,0,0.3777777777777777,2.52,0.4460169268802855
2019_20_20200715_MCI_BOU,2019_20,2020-07-15,MCI,BOU,1,0.7388663967611336,1.29,0.6137471387037727
2019_20_20200715_NEW_TOT,2019_20,2020-07-15,NEW,TOT,1,0.5104712041884817,1.87,0.6148422363673703
2019_20_20200716_CRY_MUN,2019_20,2020-07-16,CRY,MUN,0,0.5402597402597403,1.77,0.47687135524008034
2019_20_20200716_EVE_AVL,2019_20,2020-07-16,EVE,AVL,0,0.5104712041884817,1.87,0.47653457685306305
2019_20_20200716_LEI_SHU,2019_20,2020-07-16,LEI,SHU,0,0.4455958549222798,2.14,0.4717025291325441
2019_20_20200716_SOU_BRI,2019_20,2020-07-16,SOU,BRI,0,0.4481865284974093,2.13,0.4619319431184032
2019_20_20200717_WHU_WAT,2019_20,2020-07-17,WHU,WAT,1,0.4699738903394256,2.03,0.4766883254711769
2019_20_20200718_NOR_BUR,2019_20,2020-07-18,NOR,BUR,0,0.4647519582245431,2.05,0.4382992642745894
2019_20_20200719_BOU_SOU,2019_20,2020-07-19,BOU,SOU,0,0.5581395348837209,1.71,0.4615629133304585
2019_20_20200719_TOT_LEI,2019_20,2020-07-19,TOT,LEI,1,0.4895287958115184,1.95,0.5253987256203769
2019_20_20200720_BRI_NEW,2019_20,2020-07-20,BRI,NEW,0,0.4493506493506493,2.12,0.44101162392751947
2019_20_20200720_SHU_EVE,2019_20,2020-07-20,SHU,EVE,0,0.4111675126903554,2.32,0.5171304297928472
2019_20_20200720_WOL_CRY,2019_20,2020-07-20,WOL,CRY,0,0.4173027989821883,2.29,0.5036654829924402
2019_20_20200721_AVL_ARS,2019_20,2020-07-21,AVL,ARS,0,0.5754475703324808,1.66,0.5220308216194124
2019_20_20200721_WAT_MCI,2019_20,2020-07-21,WAT,MCI,1,0.6433734939759036,1.48,0.5943762912541194
2019_20_20200722_LIV_CHE,2019_20,2020-07-22,LIV,CHE,1,0.5939086294416244,1.6,0.6215443005370606
2019_20_20200722_MUN_WHU,2019_20,2020-07-22,MUN,WHU,0,0.6457831325301205,1.47,0.5336365686328495
2019_20_20200726_ARS_WAT,2019_20,2020-07-26,ARS,WAT,1,0.5924050632911392,1.61,0.5193500958234909
2019_20_20200726_BUR_BRI,2019_20,2020-07-26,BUR,BRI,1,0.5,1.91,0.4196604881645711
2019_20_20200726_CHE_WOL,2019_20,2020-07-26,CHE,WOL,0,0.5026178010471204,1.9,0.5381464835106818
2019_20_20200726_CRY_TOT,2019_20,2020-07-26,CRY,TOT,0,0.5416666666666667,1.76,0.5822603115398107
2019_20_20200726_EVE_BOU,2019_20,2020-07-26,EVE,BOU,1,0.602015113350126,1.58,0.518408005981632
2019_20_20200726_LEI_MUN,2019_20,2020-07-26,LEI,MUN,0,0.5182291666666667,1.85,0.5024971617849159
2019_20_20200726_MCI_NOR,2019_20,2020-07-26,MCI,NOR,1,0.7827648114901257,1.21,0.579447395807788
2019_20_20200726_NEW_LIV,2019_20,2020-07-26,NEW,LIV,1,0.6178660049627792,1.54,0.6399526893463258
2019_20_20200726_SOU_SHU,2019_20,2020-07-26,SOU,SHU,1,0.5104712041884817,1.87,0.4651336515134219
2019_20_20200726_WHU_AVL,2019_20,2020-07-26,WHU,AVL,0,0.5743589743589743,1.66,0.4478597739267055
2020_21_20200912_CRY_SOU,2020_21,2020-09-12,CRY,SOU,0,0.4271099744245524,2.24,0.4608478486770701
2020_21_20200912_FUL_ARS,2020_21,2020-09-12,FUL,ARS,1,0.5440414507772021,1.76,0.5317627087956112
2020_21_20200912_LIV_LEE,2020_21,2020-09-12,LIV,LEE,1,0.6246913580246914,1.52,0.5821588971725862
2020_21_20200912_WHU_NEW,2020_21,2020-09-12,WHU,NEW,0,0.4856396866840731,1.97,0.4498410769082224
2020_21_20200913_TOT_EVE,2020_21,2020-09-13,TOT,EVE,0,0.4921465968586388,1.94,0.5719973629521986
2020_21_20200913_WBA_LEI,2020_21,2020-09-13,WBA,LEI,1,0.4973821989528796,1.92,0.4592702057498967
2020_21_20200914_BRI_CHE,2020_21,2020-09-14,BRI,CHE,1,0.5416666666666667,1.76,0.5266841275963753
2020_21_20200914_SHU_WOL,2020_21,2020-09-14,SHU,WOL,0,0.3557692307692308,2.68,0.4410156600807039
2020_21_20200919_ARS_WHU,2020_21,2020-09-19,ARS,WHU,1,0.583756345177665,1.64,0.5930662700311193
2020_21_20200919_EVE_WBA,2020_21,2020-09-19,EVE,WBA,1,0.5286458333333333,1.81,0.4967400906831886
2020_21_20200919_LEE_FUL,2020_21,2020-09-19,LEE,FUL,1,0.4973958333333334,1.93,0.6779274776803612
2020_21_20200919_MUN_CRY,2020_21,2020-09-19,MUN,CRY,1,0.5743589743589743,1.66,0.5214727788898532
2020_21_20200920_CHE_LIV,2020_21,2020-09-20,CHE,LIV,0,0.5934343434343434,1.61,0.6489098900241237
2020_21_20200920_LEI_BUR,2020_21,2020-09-20,LEI,BUR,1,0.4908616187989557,1.95,0.5089004662873424
2020_21_20200920_NEW_BRI,2020_21,2020-09-20,NEW,BRI,1,0.4005037783375315,2.38,0.4396605458121678
2020_21_20200920_SOU_TOT,2020_21,2020-09-20,SOU,TOT,1,0.4869791666666667,1.97,0.5402606588061474
2020_21_20200921_AVL_SHU,2020_21,2020-09-21,AVL,SHU,0,0.4245524296675191,2.25,0.4094215636143121
2020_21_20200921_WOL_MCI,2020_21,2020-09-21,WOL,MCI,1,0.5618556701030928,1.7,0.6056070982440457
2020_21_20200926_BRI_MUN,2020_21,2020-09-26,BRI,MUN,1,0.5143603133159269,1.86,0.4464160576063245
2020_21_20200926_BUR_SOU,2020_21,2020-09-26,BUR,SOU,0,0.4557291666666667,2.09,0.44701507688884096
2020_21_20200926_CRY_EVE,2020_21,2020-09-26,CRY,EVE,1,0.441860465116279,2.16,0.4762857118545171
2020_21_20200926_WBA_CHE,2020_21,2020-09-26,WBA,CHE,1,0.5816326530612244,1.64,0.5388306779713594
2020_21_20200927_MCI_LEI,2020_21,2020-09-27,MCI,LEI,1,0.6728538283062646,1.41,0.6170120893700454
2020_21_20200927_SHU_LEE,2020_21,2020-09-27,SHU,LEE,0,0.4778067885117493,2.0,0.844621945683109
2020_21_20200927_TOT_NEW,2020_21,2020-09-27,TOT,NEW,0,0.5454545454545455,1.75,0.5356293840213268
2020_21_20200927_WHU_WOL,2020_21,2020-09-27,WHU,WOL,1,0.4481865284974093,2.13,0.4836512576421788
2020_21_20200928_FUL_AVL,2020_21,2020-09-28,FUL,AVL,1,0.4595300261096606,2.07,0.45174466898880866
2020_21_20200928_LIV_ARS,2020_21,2020-09-28,LIV,ARS,1,0.6169154228855721,1.54,0.6366534405468465
2020_21_20201003_CHE_CRY,2020_21,2020-10-03,CHE,CRY,1,0.589873417721519,1.62,0.533209795768538
2020_21_20201003_EVE_BRI,2020_21,2020-10-03,EVE,BRI,1,0.5221932114882506,1.83,0.4707326308862211
2020_21_20201003_LEE_MCI,2020_21,2020-10-03,LEE,MCI,0,0.6941964285714286,1.37,0.776043922177054
2020_21_20201003_NEW_BUR,2020_21,2020-10-03,NEW,BUR,1,0.4122137404580152,2.31,0.41761515988265174
2020_21_20201004_ARS_SHU,2020_21,2020-10-04,ARS,SHU,1,0.4947643979057591,1.93,0.5054700112377881
2020_21_20201004_AVL_LIV,2020_21,2020-10-04,AVL,LIV,1,0.6203473945409429,1.53,0.5380858650097678
2020_21_20201004_LEI_WHU,2020_21,2020-10-04,LEI,WHU,1,0.5732647814910026,1.66,0.5179004202920406
2020_21_20201004_MUN_TOT,2020_21,2020-10-04,MUN,TOT,1,0.5326370757180157,1.79,0.5910531342756081
2020_21_20201004_SOU_WBA,2020_21,2020-10-04,SOU,WBA,0,0.5287958115183247,1.8,0.42348606570819297
2020_21_20201004_WOL_FUL,2020_21,2020-10-04,WOL,FUL,0,0.4493506493506493,2.12,0.46658954833495897
2020_21_20201017_CHE_SOU,2020_21,2020-10-17,CHE,SOU,1,0.6030150753768844,1.58,0.49694750351928507
2020_21_20201017_EVE_LIV,2020_21,2020-10-17,EVE,LIV,1,0.6231527093596059,1.53,0.5874923855142531
2020_21_20201017_MCI_ARS,2020_21,2020-10-17,MCI,ARS,0,0.6619385342789598,1.43,0.6767900545227257
2020_21_20201017_NEW_MUN,2020_21,2020-10-17,NEW,MUN,1,0.548051948051948,1.74,0.4635397932765158
2020_21_20201018_CRY_BRI,2020_21,2020-10-18,CRY,BRI,0,0.4355670103092783,2.19,0.4094815109437955
2020_21_20201018_LEI_AVL,2020_21,2020-10-18,LEI,AVL,0,0.5852417302798981,1.63,0.4696858881662677
2020_21_20201018_SHU_FUL,2020_21,2020-10-18,SHU,FUL,0,0.423076923076923,2.25,0.4332721934790437
2020_21_20201018_TOT_WHU,2020_21,2020-10-18,TOT,WHU,1,0.5984848484848484,1.59,0.5521107235562964
2020_21_20201019_LEE_WOL,2020_21,2020-10-19,LEE,WOL,0,0.4467532467532467,2.13,0.5799513648450842
2020_21_20201019_WBA_BUR,2020_21,2020-10-19,WBA,BUR,0,0.4493506493506493,2.12,0.4333172102573124
2020_21_20201023_AVL_LEE,2020_21,2020-10-23,AVL,LEE,1,0.5944584382871536,1.61,0.49318494336607877
2020_21_20201024_FUL_CRY,2020_21,2020-10-24,FUL,CRY,1,0.4209183673469387,2.27,0.45649955903785117
2020_21_20201024_LIV_SHU,2020_21,2020-10-24,LIV,SHU,1,0.6365853658536585,1.49,0.5368670484994578
2020_21_20201024_MUN_CHE,2020_21,2020-10-24,MUN,CHE,0,0.5888324873096447,1.62,0.5992050090478622
2020_21_20201024_WHU_MCI,2020_21,2020-10-24,WHU,MCI,0,0.6705336426914155,1.42,0.6136867285249349
2020_21_20201025_ARS_LEI,2020_21,2020-10-25,ARS,LEI,0,0.5492227979274612,1.74,0.5855309806929359
2020_21_20201025_SOU_EVE,2020_21,2020-10-25,SOU,EVE,0,0.5338541666666666,1.79,0.5143842761944276
2020_21_20201025_WOL_NEW,2020_21,2020-10-25,WOL,NEW,0,0.4245524296675191,2.25,0.49891588325909797
2020_21_20201026_BRI_WBA,2020_21,2020-10-26,BRI,WBA,0,0.5221932114882506,1.83,0.38305308531324284
2020_21_20201026_BUR_TOT,2020_21,2020-10-26,BUR,TOT,0,0.518324607329843,1.84,0.532807638602253
2020_21_20201030_WOL_CRY,2020_21,2020-10-30,WOL,CRY,0,0.3566265060240964,2.67,0.4770572963991525
2020_21_20201031_BUR_CHE,2020_21,2020-10-31,BUR,CHE,1,0.5732647814910026,1.66,0.5570551946010123
2020_21_20201031_LIV_WHU,2020_21,2020-10-31,LIV,WHU,1,0.6781609195402298,1.4,0.5927771198765572
2020_21_20201031_SHU_MCI,2020_21,2020-10-31,SHU,MCI,0,0.6308068459657702,1.51,0.5761458754650922
2020_21_20201101_AVL_SOU,2020_21,2020-11-01,AVL,SOU,1,0.5790816326530612,1.65,0.41241032330194016
2020_21_20201101_MUN_ARS,2020_21,2020-11-01,MUN,ARS,0,0.5492227979274612,1.74,0.614108485452113
2020_21_20201101_NEW_EVE,2020_21,2020-11-01,NEW,EVE,1,0.5248041775456919,1.82,0.49532798347176826
2020_21_20201101_TOT_BRI,2020_21,2020-11-01,TOT,BRI,1,0.578005115089514,1.65,0.4993532909079227
2020_21_20201102_FUL_WBA,2020_21,2020-11-02,FUL,WBA,0,0.4635416666666666,2.06,0.41194428584563936
2020_21_20201102_LEE_LEI,2020_21,2020-11-02,LEE,LEI,1,0.5454545454545455,1.75,0.5711776397823615
2020_21_20201106_BRI_BUR,2020_21,2020-11-06,BRI,BUR,0,0.451948051948052,2.11,0.4422211515145434
2020_21_20201106_SOU_NEW,2020_21,2020-11-06,SOU,NEW,0,0.5221932114882506,1.83,0.4471396812205823
2020_21_20201107_CHE_SHU,2020_21,2020-11-07,CHE,SHU,1,0.5644329896907216,1.69,0.48233278988927186
2020_21_20201107_CRY_LEE,2020_21,2020-11-07,CRY,LEE,1,0.4921465968586388,1.94,0.5486442033718851
2020_21_20201107_EVE_MUN,2020_21,2020-11-07,EVE,MUN,1,0.5416666666666667,1.76,0.5318006633594152
2020_21_20201107_WHU_FUL,2020_21,2020-11-07,WHU,FUL,0,0.5235602094240838,1.82,0.4788003341928583
2020_21_20201108_ARS_AVL,2020_21,2020-11-08,ARS,AVL,1,0.5692307692307692,1.68,0.5195187003736433
2020_21_20201108_LEI_WOL,2020_21,2020-11-08,LEI,WOL,0,0.4060913705583756,2.34,0.498949249685367
2020_21_20201108_MCI_LIV,2020_21,2020-11-08,MCI,LIV,0,0.6595744680851063,1.44,0.745460642885732
2020_21_20201108_WBA_TOT,2020_21,2020-11-08,WBA,TOT,0,0.5607235142118864,1.7,0.5107057709200996
2020_21_20201121_AVL_BRI,2020_21,2020-11-21,AVL,BRI,1,0.5442708333333333,1.75,0.41141495265441164
2020_21_20201121_MUN_WBA,2020_21,2020-11-21,MUN,WBA,0,0.5816326530612244,1.64,0.5139469237080263
2020_21_20201121_NEW_CHE,2020_21,2020-11-21,NEW,CHE,0,0.5743589743589743,1.66,0.552323512414328
2020_21_20201121_TOT_MCI,2020_21,2020-11-21,TOT,MCI,0,0.5969773299748111,1.6,0.6824531140432567
2020_21_20201122_FUL_EVE,2020_21,2020-11-22,FUL,EVE,1,0.5454545454545455,1.75,0.45775638282021175
2020_21_20201122_LEE_ARS,2020_21,2020-11-22,LEE,ARS,0,0.5743589743589743,1.66,0.6243143674066564
2020_21_20201122_LIV_LEI,2020_21,2020-11-22,LIV,LEI,1,0.6005025125628142,1.59,0.6465392265713081
2020_21_20201122_SHU_WHU,2020_21,2020-11-22,SHU,WHU,0,0.451948051948052,2.11,0.4644178635947403
2020_21_20201123_BUR_CRY,2020_21,2020-11-23,BUR,CRY,0,0.39,2.44,0.4484997913285649
2020_21_20201123_WOL_SOU,2020_21,2020-11-23,WOL,SOU,0,0.4282051282051282,2.23,0.4602267982138874
2020_21_20201127_CRY_NEW,2020_21,2020-11-27,CRY,NEW,0,0.4075949367088607,2.34,0.44793419141805796
2020_21_20201128_BRI_LIV,2020_21,2020-11-28,BRI,LIV,0,0.6030150753768844,1.58,0.5915279278532308
2020_21_20201128_EVE_LEE,2020_21,2020-11-28,EVE,LEE,0,0.5877862595419847,1.62,0.5597858016202127
2020_21_20201128_MCI_BUR,2020_21,2020-11-28,MCI,BUR,1,0.6539379474940334,1.45,0.6232795614756784
2020_21_20201128_WBA_SHU,2020_21,2020-11-28,WBA,SHU,0,0.4168797953964194,2.28,0.4027219558137525
2020_21_20201129_ARS_WOL,2020_21,2020-11-29,ARS,WOL,1,0.4122137404580152,2.31,0.5857121004314437
2020_21_20201129_CHE_TOT,2020_21,2020-11-29,CHE,TOT,0,0.5416666666666667,1.76,0.6063574343544975
2020_21_20201129_SOU_MUN,2020_21,2020-11-29,SOU,MUN,1,0.5261780104712042,1.81,0.5199834395671974
2020_21_20201130_LEI_FUL,2020_21,2020-11-30,LEI,FUL,1,0.5506493506493506,1.73,0.5353389280670838
2020_21_20201130_WHU_AVL,2020_21,2020-11-30,WHU,AVL,1,0.5569948186528497,1.71,0.46510558862353074
2020_21_20201205_BUR_EVE,2020_21,2020-12-05,BUR,EVE,0,0.4738219895287958,2.01,0.5061796310115096
2020_21_20201205_CHE_LEE,2020_21,2020-12-05,CHE,LEE,1,0.6332518337408313,1.5,0.5521927927085779
2020_21_20201205_MCI_FUL,2020_21,2020-12-05,MCI,FUL,0,0.7280334728033473,1.3,0.6158166845108666
2020_21_20201205_WHU_MUN,2020_21,2020-12-05,WHU,MUN,1,0.548051948051948,1.74,0.5605645848369906
2020_21_20201206_LIV_WOL,2020_21,2020-12-06,LIV,WOL,1,0.5454545454545455,1.75,0.568895036874998
2020_21_20201206_SHU_LEI,2020_21,2020-12-06,SHU,LEI,1,0.4751958224543081,2.01,0.4932350622493633
2020_21_20201206_TOT_ARS,2020_21,2020-12-06,TOT,ARS,0,0.4973821989528796,1.92,0.6357437068066587
2020_21_20201206_WBA_CRY,2020_21,2020-12-06,WBA,CRY,1,0.4304123711340206,2.21,0.42810039698015656
2020_21_20201207_BRI_SOU,2020_21,2020-12-07,BRI,SOU,1,0.4921465968586388,1.94,0.4471141947694153
2020_21_20201211_LEE_WHU,2020_21,2020-12-11,LEE,WHU,1,0.6030150753768844,1.58,0.5405533556078166
2020_21_20201212_EVE_CHE,2020_21,2020-12-12,EVE,CHE,0,0.5939086294416244,1.6,0.5984405294003095
2020_21_20201212_MUN_MCI,2020_21,2020-12-12,MUN,MCI,0,0.5790816326530612,1.65,0.6453480969346019
2020_21_20201212_NEW_WBA,2020_21,2020-12-12,NEW,WBA,1,0.4355670103092783,2.19,0.44721123703784055
2020_21_20201212_WOL_AVL,2020_21,2020-12-12,WOL,AVL,0,0.4661458333333333,2.05,0.43943059479754426
2020_21_20201213_ARS_BUR,2020_21,2020-12-13,ARS,BUR,0,0.5026178010471204,1.9,0.5483841266508198
2020_21_20201213_CRY_TOT,2020_21,2020-12-13,CRY,TOT,0,0.5013123359580053,1.9,0.5386934443209428
2020_21_20201213_FUL_LIV,2020_21,2020-12-13,FUL,LIV,0,0.6666666666666666,1.42,0.5876371371344541
2020_21_20201213_LEI_BRI,2020_21,2020-12-13,LEI,BRI,1,0.5,1.91,0.4885404846603329
2020_21_20201213_SOU_SHU,2020_21,2020-12-13,SOU,SHU,1,0.4790575916230366,1.99,0.42107041517629773
2020_21_20201215_MCI_WBA,2020_21,2020-12-15,MCI,WBA,0,0.7045951859956237,1.35,0.5660977643250655
2020_21_20201215_WOL_CHE,2020_21,2020-12-15,WOL,CHE,1,0.4635416666666666,2.06,0.5693544057581225
2020_21_20201216_ARS_SOU,2020_21,2020-12-16,ARS,SOU,0,0.5300261096605744,1.8,0.5660279653181038
2020_21_20201216_FUL_BRI,2020_21,2020-12-16,FUL,BRI,0,0.4633507853403141,2.05,0.44408014394830736
2020_21_20201216_LEE_NEW,2020_21,2020-12-16,LEE,NEW,1,0.5468749999999999,1.74,0.5086157365175792
2020_21_20201216_LEI_EVE,2020_21,2020-12-16,LEI,EVE,0,0.5621761658031088,1.69,0.561112457984833
2020_21_20201216_LIV_TOT,2020_21,2020-12-16,LIV,TOT,1,0.5743589743589743,1.66,0.642000733334061
2020_21_20201216_WHU_CRY,2020_21,2020-12-16,WHU,CRY,0,0.4829396325459317,1.97,0.4954567702061708
2020_21_20201217_AVL_BUR,2020_21,2020-12-17,AVL,BUR,0,0.5144356955380577,1.85,0.4473740147527843
2020_21_20201217_SHU_MUN,2020_21,2020-12-17,SHU,MUN,1,0.5209424083769634,1.83,0.5062424733844889
2020_21_20201219_CRY_LIV,2020_21,2020-12-19,CRY,LIV,1,0.5888324873096447,1.62,0.6040647345233341
2020_21_20201219_EVE_ARS,2020_21,2020-12-19,EVE,ARS,1,0.518324607329843,1.84,0.5746600901932226
2020_21_20201219_NEW_FUL,2020_21,2020-12-19,NEW,FUL,0,0.4455958549222798,2.14,0.44948646302679274
2020_21_20201219_SOU_MCI,2020_21,2020-12-19,SOU,MCI,0,0.6074999999999999,1.57,0.6161800318680559
2020_21_20201220_BRI_SHU,2020_21,2020-12-20,BRI,SHU,0,0.4293059125964009,2.22,0.42073316336625727
2020_21_20201220_MUN_LEE,2020_21,2020-12-20,MUN,LEE,1,0.6341463414634148,1.5,0.5771076373796878
2020_21_20201220_TOT_LEI,2020_21,2020-12-20,TOT,LEI,0,0.5352480417754569,1.78,0.5856102878496813
2020_21_20201220_WBA_AVL,2020_21,2020-12-20,WBA,AVL,1,0.5454545454545455,1.75,0.4454184615728573
2020_21_20201221_BUR_WOL,2020_21,2020-12-21,BUR,WOL,1,0.3710073710073709,2.56,0.43211509860719066
2020_21_20201221_CHE_WHU,2020_21,2020-12-21,CHE,WHU,1,0.6115288220551378,1.55,0.5796694131956138
2020_21_20201226_ARS_CHE,2020_21,2020-12-26,ARS,CHE,1,0.5,1.91,0.6224931945710871
2020_21_20201226_AVL_CRY,2020_21,2020-12-26,AVL,CRY,1,0.5378590078328982,1.77,0.43042063030720296
2020_21_20201226_FUL_SOU,2020_21,2020-12-26,FUL,SOU,0,0.4855643044619423,1.96,0.453778606671449
2020_21_20201226_LEI_MUN,2020_21,2020-12-26,LEI,MUN,1,0.5670103092783505,1.68,0.5189543928051872
2020_21_20201226_MCI_NEW,2020_21,2020-12-26,MCI,NEW,0,0.6977777777777777,1.36,0.5853044348393512
2020_21_20201226_SHU_EVE,2020_21,2020-12-26,SHU,EVE,0,0.4895287958115184,1.95,0.5053070728857618
2020_21_20201227_LEE_BUR,2020_21,2020-12-27,LEE,BUR,0,0.5969773299748111,1.6,0.49855470736196245
2020_21_20201227_LIV_WBA,2020_21,2020-12-27,LIV,WBA,0,0.6971046770601336,1.36,0.5098908607991212
2020_21_20201227_WHU_BRI,2020_21,2020-12-27,WHU,BRI,1,0.4921465968586388,1.94,0.46629524995827953
2020_21_20201227_WOL_TOT,2020_21,2020-12-27,WOL,TOT,0,0.4329896907216495,2.2,0.5634081383421504
2020_21_20201228_CHE_AVL,2020_21,2020-12-28,CHE,AVL,0,0.6125,1.55,0.5567475310876874
2020_21_20201228_CRY_LEI,2020_21,2020-12-28,CRY,LEI,0,0.5078534031413613,1.88,0.5060575907560886
2020_21_20201229_BRI_ARS,2020_21,2020-12-29,BRI,ARS,0,0.4673629242819843,2.04,0.5416802498309683
2020_21_20201229_BUR_SHU,2020_21,2020-12-29,BUR,SHU,0,0.3924999999999999,2.43,0.40258757589653427
2020_21_20201229_MUN_WOL,2020_21,2020-12-29,MUN,WOL,0,0.4973821989528796,1.92,0.4833854932089979
2020_21_20201229_SOU_WHU,2020_21,2020-12-29,SOU,WHU,0,0.5026178010471204,1.9,0.4893427998348442
2020_21_20201229_WBA_LEE,2020_21,2020-12-29,WBA,LEE,1,0.5903307888040712,1.61,0.5340841709202845
2020_21_20201230_NEW_LIV,2020_21,2020-12-30,NEW,LIV,0,0.6341463414634148,1.5,0.5691575817374867
2020_21_20210101_EVE_WHU,2020_21,2021-01-01,EVE,WHU,0,0.486910994764398,1.96,0.508227337021283
2020_21_20210101_MUN_AVL,2020_21,2021-01-01,MUN,AVL,1,0.6169154228855721,1.54,0.516428073680919
2020_21_20210102_BRI_WOL,2020_21,2021-01-02,BRI,WOL,1,0.3909774436090226,2.43,0.4612515911270046
2020_21_20210102_CRY_SHU,2020_21,2021-01-02,CRY,SHU,0,0.423076923076923,2.25,0.45404194168421524
2020_21_20210102_TOT_LEE,2020_21,2021-01-02,TOT,LEE,1,0.6595744680851063,1.44,0.65266254546558
2020_21_20210102_WBA_ARS,2020_21,2021-01-02,WBA,ARS,1,0.518324607329843,1.84,0.5404339151081441
2020_21_20210103_CHE_MCI,2020_21,2021-01-03,CHE,MCI,1,0.5520833333333334,1.72,0.7027503588252656
2020_21_20210103_NEW_LEI,2020_21,2021-01-03,NEW,LEI,1,0.5130890052356021,1.86,0.5142284954821578
2020_21_20210104_SOU_LIV,2020_21,2021-01-04,SOU,LIV,0,0.5841836734693877,1.63,0.5915726690049801
2020_21_20210112_BUR_MUN,2020_21,2021-01-12,BUR,MUN,0,0.5592783505154639,1.71,0.4636840600273831
2020_21_20210112_SHU_NEW,2020_21,2021-01-12,SHU,NEW,0,0.3811881188118812,2.5,0.4201958764825641
2020_21_20210112_WOL_EVE,2020_21,2021-01-12,WOL,EVE,1,0.399497487437186,2.39,0.5238481770004628
2020_21_20210113_MCI_BRI,2020_21,2021-01-13,MCI,BRI,0,0.6407766990291263,1.48,0.5816592389487285
2020_21_20210113_TOT_FUL,2020_21,2021-01-13,TOT,FUL,0,0.5681233933161953,1.68,0.5521050422576567
2020_21_20210114_ARS_CRY,2020_21,2021-01-14,ARS,CRY,0,0.5104712041884817,1.87,0.4953613086181883
2020_21_20210116_FUL_CHE,2020_21,2021-01-16,FUL,CHE,0,0.5390625,1.77,0.5102021766426601
2020_21_20210116_LEE_BRI,2020_21,2021-01-16,LEE,BRI,0,0.5888324873096447,1.62,0.4862947969088943
2020_21_20210116_LEI_SOU,2020_21,2021-01-16,LEI,SOU,0,0.5078534031413613,1.88,0.5171437167366758
2020_21_20210116_WHU_BUR,2020_21,2021-01-16,WHU,BUR,0,0.4531249999999999,2.1,0.4897118979276024
2020_21_20210116_WOL_WBA,2020_21,2021-01-16,WOL,WBA,1,0.4183673469387755,2.28,0.4472050122138943
2020_21_20210117_LIV_MUN,2020_21,2021-01-17,LIV,MUN,0,0.5681233933161953,1.68,0.6115912544826689
2020_21_20210117_MCI_CRY,2020_21,2021-01-17,MCI,CRY,1,0.637469586374696,1.49,0.5859663851783565
2020_21_20210117_SHU_TOT,2020_21,2021-01-17,SHU,TOT,1,0.4673629242819843,2.04,0.493153024749962
2020_21_20210118_ARS_NEW,2020_21,2021-01-18,ARS,NEW,1,0.5338541666666666,1.79,0.5347123837718599
2020_21_20210119_LEI_CHE,2020_21,2021-01-19,LEI,CHE,0,0.5065274151436031,1.89,0.5590309756198835
2020_21_20210119_WHU_WBA,2020_21,2021-01-19,WHU,WBA,1,0.5052356020942408,1.89,0.4689246628306769
2020_21_20210120_FUL_MUN,2020_21,2021-01-20,FUL,MUN,1,0.5518134715025906,1.73,0.49812775298663564
2020_21_20210120_MCI_AVL,2020_21,2021-01-20,MCI,AVL,0,0.6416464891041161,1.48,0.5888446402866716
2020_21_20210121_LIV_BUR,2020_21,2021-01-21,LIV,BUR,0,0.6246913580246914,1.52,0.5650523539901309
2020_21_20210123_AVL_NEW,2020_21,2021-01-23,AVL,NEW,0,0.5655526992287918,1.69,0.46160752433547825
2020_21_20210126_CRY_WHU,2020_21,2021-01-26,CRY,WHU,1,0.4344473007712082,2.2,0.5104151931326342
2020_21_20210126_NEW_LEE,2020_21,2021-01-26,NEW,LEE,1,0.5717948717948719,1.67,0.5437647263878045
2020_21_20210126_SOU_ARS,2020_21,2021-01-26,SOU,ARS,1,0.5352480417754569,1.78,0.5880186626336444
2020_21_20210126_WBA_MCI,2020_21,2021-01-26,WBA,MCI,1,0.606516290726817,1.57,0.5792935985840091
2020_21_20210127_BRI_FUL,2020_21,2021-01-27,BRI,FUL,0,0.440721649484536,2.17,0.42637222721742046
2020_21_20210127_BUR_AVL,2020_21,2021-01-27,BUR,AVL,1,0.5026178010471204,1.9,0.437504405189454
2020_21_20210127_CHE_WOL,2020_21,2021-01-27,CHE,WOL,0,0.4934725848563968,1.94,0.5708339850601873
2020_21_20210127_EVE_LEI,2020_21,2021-01-27,EVE,LEI,0,0.4699738903394256,2.03,0.5299691876960704
2020_21_20210127_MUN_SHU,2020_21,2021-01-27,MUN,SHU,1,0.5743589743589743,1.66,0.49403876790694023
2020_21_20210128_TOT_LIV,2020_21,2021-01-28,TOT,LIV,1,0.53125,1.8,0.6628717963098648
2020_21_20210130_ARS_MUN,2020_21,2021-01-30,ARS,MUN,0,0.5248041775456919,1.82,0.559436706619554
2020_21_20210130_CRY_WOL,2020_21,2021-01-30,CRY,WOL,0,0.3880597014925373,2.46,0.46643987334050135
2020_21_20210130_EVE_NEW,2020_21,2021-01-30,EVE,NEW,0,0.4804177545691906,1.99,0.5109194726081862
2020_21_20210130_MCI_SHU,2020_21,2021-01-30,MCI,SHU,0,0.6383495145631067,1.49,0.5502877428749013
2020_21_20210130_SOU_AVL,2020_21,2021-01-30,SOU,AVL,0,0.5618556701030928,1.7,0.46570012038304925
2020_21_20210130_WBA_FUL,2020_21,2021-01-30,WBA,FUL,1,0.4381443298969071,2.18,0.4329436445325315
2020_21_20210131_BRI_TOT,2020_21,2021-01-31,BRI,TOT,0,0.4687499999999999,2.04,0.5170026008179137
2020_21_20210131_CHE_BUR,2020_21,2021-01-31,CHE,BUR,0,0.548051948051948,1.74,0.5244318017617541
2020_21_20210131_LEI_LEE,2020_21,2021-01-31,LEI,LEE,1,0.5924050632911392,1.61,0.5997148399342611
2020_21_20210131_WHU_LIV,2020_21,2021-01-31,WHU,LIV,1,0.5790816326530612,1.65,0.5974251252351798
2020_21_20210202_MUN_SOU,2020_21,2021-02-02,MUN,SOU,1,0.605,1.58,0.5224310040194474
2020_21_20210202_NEW_CRY,2020_21,2021-02-02,NEW,CRY,1,0.4219948849104858,2.26,0.48236202508402787
2020_21_20210202_SHU_WBA,2020_21,2021-02-02,SHU,WBA,1,0.4183673469387755,2.28,0.41171887832266424
2020_21_20210202_WOL_ARS,2020_21,2021-02-02,WOL,ARS,1,0.4194373401534527,2.27,0.5607789304861215
2020_21_20210203_AVL_WHU,2020_21,2021-02-03,AVL,WHU,1,0.5607235142118864,1.7,0.5068278188616737
2020_21_20210203_BUR_MCI,2020_21,2021-02-03,BUR,MCI,0,0.5841836734693877,1.63,0.601590671333388
2020_21_20210203_FUL_LEI,2020_21,2021-02-03,FUL,LEI,0,0.4778067885117493,2.0,0.48374104284074826
2020_21_20210203_LEE_EVE,2020_21,2021-02-03,LEE,EVE,1,0.578005115089514,1.65,0.5332286665496034
2020_21_20210203_LIV_BRI,2020_21,2021-02-03,LIV,BRI,0,0.5852417302798981,1.63,0.5705560073717816
2020_21_20210204_TOT_CHE,2020_21,2021-02-04,TOT,CHE,0,0.486910994764398,1.96,0.6205772581732908
2020_21_20210206_AVL_ARS,2020_21,2021-02-06,AVL,ARS,0,0.5644329896907216,1.69,0.5545113974413451
2020_21_20210206_BUR_BRI,2020_21,2021-02-06,BUR,BRI,0,0.3924999999999999,2.43,0.44810612984688997
2020_21_20210206_FUL_WHU,2020_21,2021-02-06,FUL,WHU,0,0.4790575916230366,1.99,0.47813733986938256
2020_21_20210206_MUN_EVE,2020_21,2021-02-06,MUN,EVE,1,0.5655526992287918,1.69,0.529052970387045
2020_21_20210206_NEW_SOU,2020_21,2021-02-06,NEW,SOU,1,0.4790575916230366,1.99,0.4491514744428791
2020_21_20210207_LIV_MCI,2020_21,2021-02-07,LIV,MCI,1,0.5607235142118864,1.7,0.7119798150372619
2020_21_20210207_SHU_CHE,2020_21,2021-02-07,SHU,CHE,1,0.5078534031413613,1.88,0.5245407740313454
2020_21_20210207_TOT_WBA,2020_21,2021-02-07,TOT,WBA,0,0.5454545454545455,1.75,0.539632331100095
2020_21_20210207_WOL_LEI,2020_21,2021-02-07,WOL,LEI,0,0.4293059125964009,2.22,0.5213133413490283
2020_21_20210208_LEE_CRY,2020_21,2021-02-08,LEE,CRY,0,0.578005115089514,1.65,0.5440905485819941
2020_21_20210213_BRI_AVL,2020_21,2021-02-13,BRI,AVL,0,0.5364583333333334,1.78,0.42438288049237194
2020_21_20210213_CRY_BUR,2020_21,2021-02-13,CRY,BUR,1,0.3969849246231156,2.4,0.42772338664464443
2020_21_20210213_LEI_LIV,2020_21,2021-02-13,LEI,LIV,1,0.5518134715025906,1.73,0.6167053934837342
2020_21_20210213_MCI_TOT,2020_21,2021-02-13,MCI,TOT,1,0.589873417721519,1.62,0.6613495173655163
2020_21_20210214_ARS_LEE,2020_21,2021-02-14,ARS,LEE,1,0.5994962216624685,1.59,0.6316305621837482
2020_21_20210214_EVE_FUL,2020_21,2021-02-14,EVE,FUL,0,0.4804177545691906,1.99,0.46813432903630187
2020_21_20210214_SOU_WOL,2020_21,2021-02-14,SOU,WOL,1,0.4158163265306122,2.29,0.5298933931848704
2020_21_20210214_WBA_MUN,2020_21,2021-02-14,WBA,MUN,0,0.6169154228855721,1.54,0.46778859049681887
2020_21_20210215_CHE_NEW,2020_21,2021-02-15,CHE,NEW,0,0.595959595959596,1.6,0.5362561802712
2020_21_20210215_WHU_SHU,2020_21,2021-02-15,WHU,SHU,1,0.468586387434555,2.03,0.4356662701287295
2020_21_20210217_BUR_FUL,2020_21,2021-02-17,BUR,FUL,0,0.4158163265306122,2.29,0.41987482767892853
2020_21_20210217_EVE_MCI,2020_21,2021-02-17,EVE,MCI,1,0.5805626598465473,1.64,0.6444596168430287
2020_21_20210219_WOL_LEE,2020_21,2021-02-19,WOL,LEE,0,0.5078534031413613,1.88,0.550896762352083
2020_21_20210220_BUR_WBA,2020_21,2021-02-20,BUR,WBA,0,0.4329896907216495,2.2,0.4540614728045991
2020_21_20210220_FUL_SHU,2020_21,2021-02-20,FUL,SHU,0,0.4040404040404041,2.36,0.39982805397635585
2020_21_20210220_LIV_EVE,2020_21,2021-02-20,LIV,EVE,0,0.595959595959596,1.6,0.6022377194838521
2020_21_20210220_SOU_CHE,2020_21,2021-02-20,SOU,CHE,0,0.5091383812010444,1.88,0.6015495851656302
2020_21_20210221_ARS_MCI,2020_21,2021-02-21,ARS,MCI,0,0.5416666666666667,1.76,0.6831917541533786
2020_21_20210221_AVL_LEI,2020_21,2021-02-21,AVL,LEI,1,0.5404699738903395,1.76,0.5028295874654916
2020_21_20210221_MUN_NEW,2020_21,2021-02-21,MUN,NEW,1,0.6090225563909775,1.56,0.5007868643428706
2020_21_20210221_WHU_TOT,2020_21,2021-02-21,WHU,TOT,1,0.4816753926701571,1.98,0.5639186060487991
2020_21_20210222_BRI_CRY,2020_21,2021-02-22,BRI,CRY,1,0.4304123711340206,2.21,0.4374411062794133
2020_21_20210223_LEE_SOU,2020_21,2021-02-23,LEE,SOU,1,0.5743589743589743,1.66,0.515730312685934
2020_21_20210227_LEE_AVL,2020_21,2021-02-27,LEE,AVL,0,0.5924050632911392,1.61,0.5366274742405679
2020_21_20210227_MCI_WHU,2020_21,2021-02-27,MCI,WHU,1,0.6212871287128713,1.53,0.6155898965092613
2020_21_20210227_NEW_WOL,2020_21,2021-02-27,NEW,WOL,0,0.4050632911392405,2.35,0.4694747638491561
2020_21_20210227_WBA_BRI,2020_21,2021-02-27,WBA,BRI,0,0.4455958549222798,2.14,0.3920599587643308
2020_21_20210228_CHE_MUN,2020_21,2021-02-28,CHE,MUN,0,0.4947643979057591,1.93,0.5561104554157639
2020_21_20210228_CRY_FUL,2020_21,2021-02-28,CRY,FUL,0,0.4060913705583756,2.34,0.4375580863379373
2020_21_20210228_LEI_ARS,2020_21,2021-02-28,LEI,ARS,1,0.4856396866840731,1.97,0.5805825381195205
2020_21_20210228_SHU_LIV,2020_21,2021-02-28,SHU,LIV,0,0.5743589743589743,1.66,0.5513086925520038
2020_21_20210228_TOT_BUR,2020_21,2021-02-28,TOT,BUR,1,0.5117493472584856,1.87,0.546533400056685
2020_21_20210301_EVE_SOU,2020_21,2021-03-01,EVE,SOU,0,0.486910994764398,1.96,0.49264805473724677
2020_21_20210302_MCI_WOL,2020_21,2021-03-02,MCI,WOL,1,0.5544041450777203,1.72,0.6200705191294764
2020_21_20210303_BUR_LEI,2020_21,2021-03-03,BUR,LEI,0,0.4545454545454546,2.1,0.4902318991881673
2020_21_20210303_CRY_MUN,2020_21,2021-03-03,CRY,MUN,0,0.5390625,1.77,0.4990313474279792
2020_21_20210303_SHU_AVL,2020_21,2021-03-03,SHU,AVL,0,0.441860465116279,2.16,0.4444052012728626
2020_21_20210304_FUL_TOT,2020_21,2021-03-04,FUL,TOT,0,0.4738219895287958,2.01,0.5091157226766412
2020_21_20210304_LIV_CHE,2020_21,2021-03-04,LIV,CHE,0,0.5352480417754569,1.78,0.6722038713041537
2020_21_20210304_WBA_EVE,2020_21,2021-03-04,WBA,EVE,0,0.4895287958115184,1.95,0.4673642872995271
2020_21_20210306_AVL_WOL,2020_21,2021-03-06,AVL,WOL,0,0.4481865284974093,2.13,0.4678321340782425
2020_21_20210306_BRI_LEI,2020_21,2021-03-06,BRI,LEI,1,0.4329896907216495,2.2,0.4921181257258416
2020_21_20210306_BUR_ARS,2020_21,2021-03-06,BUR,ARS,0,0.4960835509138382,1.93,0.5188959673053719
2020_21_20210306_SHU_SOU,2020_21,2021-03-06,SHU,SOU,0,0.4267352185089973,2.23,0.4957890628493935
2020_21_20210307_LIV_FUL,2020_21,2021-03-07,LIV,FUL,0,0.5633074935400517,1.69,0.5709024847655311
2020_21_20210307_MCI_MUN,2020_21,2021-03-07,MCI,MUN,0,0.5544041450777203,1.72,0.6438400572437815
2020_21_20210307_TOT_CRY,2020_21,2021-03-07,TOT,CRY,1,0.518324607329843,1.84,0.5372307203419274
2020_21_20210307_WBA_NEW,2020_21,2021-03-07,WBA,NEW,0,0.423076923076923,2.25,0.4394956956422815
2020_21_20210308_CHE_EVE,2020_21,2021-03-08,CHE,EVE,0,0.4947643979057591,1.93,0.590082859709561
2020_21_20210308_WHU_LEE,2020_21,2021-03-08,WHU,LEE,0,0.5743589743589743,1.66,0.5595919988415233
2020_21_20210310_MCI_SOU,2020_21,2021-03-10,MCI,SOU,1,0.6317073170731708,1.51,0.6711171744968261
2020_21_20210312_NEW_AVL,2020_21,2021-03-12,NEW,AVL,0,0.4219948849104858,2.26,0.4596969368910743
2020_21_20210313_CRY_WBA,2020_21,2021-03-13,CRY,WBA,0,0.4030226700251889,2.37,0.47289342258978856
2020_21_20210313_EVE_BUR,2020_21,2021-03-13,EVE,BUR,1,0.4571428571428572,2.09,0.48582782965789556
2020_21_20210313_FUL_MCI,2020_21,2021-03-13,FUL,MCI,1,0.5364583333333334,1.78,0.5759056675465443
2020_21_20210313_LEE_CHE,2020_21,2021-03-13,LEE,CHE,0,0.5390625,1.77,0.6058605585186169
2020_21_20210314_ARS_TOT,2020_21,2021-03-14,ARS,TOT,1,0.5013054830287206,1.91,0.627230602095772
2020_21_20210314_LEI_SHU,2020_21,2021-03-14,LEI,SHU,1,0.4751958224543081,2.01,0.4761823382394725
2020_21_20210314_MUN_WHU,2020_21,2021-03-14,MUN,WHU,0,0.5065274151436031,1.89,0.5715982960365705
2020_21_20210314_SOU_BRI,2020_21,2021-03-14,SOU,BRI,1,0.4075949367088607,2.34,0.413115095870173
2020_21_20210315_WOL_LIV,2020_21,2021-03-15,WOL,LIV,0,0.486910994764398,1.96,0.6088723239949845
2020_21_20210319_FUL_LEE,2020_21,2021-03-19,FUL,LEE,1,0.4661458333333333,2.05,0.5101382361437283
2020_21_20210320_BRI_NEW,2020_21,2021-03-20,BRI,NEW,1,0.4219948849104858,2.26,0.47092987521028706
2020_21_20210321_AVL_TOT,2020_21,2021-03-21,AVL,TOT,0,0.5157068062827225,1.85,0.5524852112172277
2020_21_20210321_WHU_ARS,2020_21,2021-03-21,WHU,ARS,1,0.4895287958115184,1.95,0.566285016845459
2020_21_20210403_ARS_LIV,2020_21,2021-04-03,ARS,LIV,1,0.5364583333333334,1.78,0.6770337947130218
2020_21_20210403_CHE_WBA,2020_21,2021-04-03,CHE,WBA,1,0.5506493506493506,1.73,0.5524290426830227
2020_21_20210403_LEE_SHU,2020_21,2021-04-03,LEE,SHU,1,0.5274151436031332,1.81,0.47648331334926525
2020_21_20210403_LEI_MCI,2020_21,2021-04-03,LEI,MCI,0,0.5013054830287206,1.91,0.6306827792424698
2020_21_20210404_AVL_FUL,2020_21,2021-04-04,AVL,FUL,1,0.4329896907216495,2.2,0.41851650510847044
2020_21_20210404_MUN_BRI,2020_21,2021-04-04,MUN,BRI,1,0.4973821989528796,1.92,0.47715203160742103
2020_21_20210404_NEW_TOT,2020_21,2021-04-04,NEW,TOT,1,0.5078534031413613,1.88,0.5628294633060713
2020_21_20210404_SOU_BUR,2020_21,2021-04-04,SOU,BUR,1,0.4441558441558441,2.14,0.445394836180128
2020_21_20210405_EVE_CRY,2020_21,2021-04-05,EVE,CRY,0,0.4122137404580152,2.31,0.4956210248830325
2020_21_20210405_WOL_WHU,2020_21,2021-04-05,WOL,WHU,1,0.3969849246231156,2.4,0.5200438792441857
2020_21_20210409_FUL_WOL,2020_21,2021-04-09,FUL,WOL,0,0.364963503649635,2.61,0.445298265402348
2020_21_20210410_CRY_CHE,2020_21,2021-04-10,CRY,CHE,1,0.4583333333333333,2.08,0.530743992203536
2020_21_20210410_LIV_AVL,2020_21,2021-04-10,LIV,AVL,1,0.589873417721519,1.62,0.5414472486524438
2020_21_20210410_MCI_LEE,2020_21,2021-04-10,MCI,LEE,1,0.6466346153846154,1.47,0.6517499124094973
2020_21_20210411_BUR_NEW,2020_21,2021-04-11,BUR,NEW,1,0.399497487437186,2.39,0.4760113880833242
2020_21_20210411_SHU_ARS,2020_21,2021-04-11,SHU,ARS,1,0.4751958224543081,2.01,0.5286461979141168
2020_21_20210411_TOT_MUN,2020_21,2021-04-11,TOT,MUN,1,0.5130890052356021,1.86,0.5901119622460058
2020_21_20210411_WHU_LEI,2020_21,2021-04-11,WHU,LEI,1,0.4882506527415144,1.96,0.5363764601427835
2020_21_20210412_BRI_EVE,2020_21,2021-04-12,BRI,EVE,0,0.4318766066838046,2.21,0.5012450167779535
2020_21_20210412_WBA_SOU,2020_21,2021-04-12,WBA,SOU,1,0.4699738903394256,2.03,0.48187008286861066
2020_21_20210416_EVE_TOT,2020_21,2021-04-16,EVE,TOT,1,0.5117493472584856,1.87,0.5790345116437258
2020_21_20210417_NEW_WHU,2020_21,2021-04-17,NEW,WHU,1,0.5065274151436031,1.89,0.48152210282575836
2020_21_20210417_WOL_SHU,2020_21,2021-04-17,WOL,SHU,0,0.4086294416243655,2.33,0.45450787229541145
2020_21_20210418_ARS_FUL,2020_21,2021-04-18,ARS,FUL,0,0.4673629242819843,2.04,0.47971183441514553
2020_21_20210418_MUN_BUR,2020_21,2021-04-18,MUN,BUR,1,0.5428571428571429,1.76,0.5018789050572255
2020_21_20210419_LEE_LIV,2020_21,2021-04-19,LEE,LIV,0,0.6246913580246914,1.52,0.6475360130464795
2020_21_20210420_CHE_BRI,2020_21,2021-04-20,CHE,BRI,0,0.441860465116279,2.16,0.5005325388560558
2020_21_20210421_AVL_MCI,2020_21,2021-04-21,AVL,MCI,1,0.5681233933161953,1.68,0.6002591842086936
2020_21_20210421_TOT_SOU,2020_21,2021-04-21,TOT,SOU,1,0.5454545454545455,1.75,0.5676583923312627
2020_21_20210422_LEI_WBA,2020_21,2021-04-22,LEI,WBA,1,0.4960835509138382,1.93,0.471130886791634
2020_21_20210423_ARS_EVE,2020_21,2021-04-23,ARS,EVE,0,0.4791666666666667,2.0,0.5746091820953655
2020_21_20210424_LIV_NEW,2020_21,2021-04-24,LIV,NEW,0,0.6188118811881189,1.54,0.5538886094540126
2020_21_20210424_SHU_BRI,2020_21,2021-04-24,SHU,BRI,0,0.4050632911392405,2.35,0.4269533022146544
2020_21_20210424_WHU_CHE,2020_21,2021-04-24,WHU,CHE,0,0.4791666666666667,2.0,0.5595505646469566
2020_21_20210425_AVL_WBA,2020_21,2021-04-25,AVL,WBA,1,0.4921465968586388,1.94,0.4214554923362864
2020_21_20210425_LEE_MUN,2020_21,2021-04-25,LEE,MUN,0,0.6015037593984962,1.59,0.5467892213218192
2020_21_20210425_WOL_BUR,2020_21,2021-04-25,WOL,BUR,1,0.4122137404580152,2.31,0.4504170472342632
2020_21_20210426_LEI_CRY,2020_21,2021-04-26,LEI,CRY,1,0.4673629242819843,2.04,0.48512777600532575
2020_21_20210430_SOU_LEI,2020_21,2021-04-30,SOU,LEI,0,0.5143603133159269,1.86,0.5317261346898196
2020_21_20210501_BRI_LEE,2020_21,2021-05-01,BRI,LEE,0,0.5013054830287206,1.91,0.47414061201144775
2020_21_20210501_CHE_FUL,2020_21,2021-05-01,CHE,FUL,0,0.4699738903394256,2.03,0.48669389625406506
2020_21_20210501_CRY_MCI,2020_21,2021-05-01,CRY,MCI,0,0.5555555555555556,1.72,0.6140506580737867
2020_21_20210501_EVE_AVL,2020_21,2021-05-01,EVE,AVL,1,0.5013054830287206,1.91,0.48110137768918587
2020_21_20210502_NEW_ARS,2020_21,2021-05-02,NEW,ARS,0,0.5364583333333334,1.78,0.5406561603282819
2020_21_20210502_TOT_SHU,2020_21,2021-05-02,TOT,SHU,1,0.5644329896907216,1.69,0.5125641257655733
2020_21_20210503_BUR_WHU,2020_21,2021-05-03,BUR,WHU,1,0.5026178010471204,1.9,0.45588663393899637
2020_21_20210503_WBA_WOL,2020_21,2021-05-03,WBA,WOL,0,0.4344473007712082,2.2,0.43363293063958275
2020_21_20210507_LEI_NEW,2020_21,2021-05-07,LEI,NEW,1,0.5518134715025906,1.73,0.5197163864456362
2020_21_20210508_LEE_TOT,2020_21,2021-05-08,LEE,TOT,1,0.5826972010178116,1.64,0.572076206274252
2020_21_20210508_LIV_SOU,2020_21,2021-05-08,LIV,SOU,0,0.6466346153846154,1.47,0.5727447752412396
2020_21_20210508_MCI_CHE,2020_21,2021-05-08,MCI,CHE,1,0.4307692307692307,2.22,0.6455897438314463
2020_21_20210508_SHU_CRY,2020_21,2021-05-08,SHU,CRY,0,0.4158163265306122,2.29,0.43113839668524356
2020_21_20210509_ARS_WBA,2020_21,2021-05-09,ARS,WBA,1,0.5428571428571429,1.76,0.4893290241229327
2020_21_20210509_AVL_MUN,2020_21,2021-05-09,AVL,MUN,1,0.5518134715025906,1.73,0.4876884593882602
2020_21_20210509_WHU_EVE,2020_21,2021-05-09,WHU,EVE,0,0.5026178010471204,1.9,0.5227792941279699
2020_21_20210509_WOL_BRI,2020_21,2021-05-09,WOL,BRI,1,0.4075949367088607,2.34,0.45304158587812104
2020_21_20210510_FUL_BUR,2020_21,2021-05-10,FUL,BUR,0,0.4673629242819843,2.04,0.4233018794071344
2020_21_20210511_MUN_LEI,2020_21,2021-05-11,MUN,LEI,1,0.4908616187989557,1.95,0.5571873991691633
2020_21_20210511_SOU_CRY,2020_21,2021-05-11,SOU,CRY,1,0.4973958333333334,1.93,0.45643817270177356
2020_21_20210512_CHE_ARS,2020_21,2021-05-12,CHE,ARS,0,0.4687499999999999,2.04,0.6167122040743857
2020_21_20210513_AVL_EVE,2020_21,2021-05-13,AVL,EVE,0,0.5208333333333334,1.84,0.4985584209128297
2020_21_20210513_MUN_LIV,2020_21,2021-05-13,MUN,LIV,1,0.5644329896907216,1.69,0.6230616243544167
2020_21_20210514_NEW_MCI,2020_21,2021-05-14,NEW,MCI,1,0.619753086419753,1.54,0.60347288966013
2020_21_20210515_BRI_WHU,2020_21,2021-05-15,BRI,WHU,0,0.4725848563968668,2.02,0.49232490009720725
2020_21_20210515_BUR_LEE,2020_21,2021-05-15,BUR,LEE,1,0.5728900255754477,1.67,0.47740880865779856
2020_21_20210515_SOU_FUL,2020_21,2021-05-15,SOU,FUL,1,0.4856396866840731,1.97,0.4370959865007751
2020_21_20210516_CRY_AVL,2020_21,2021-05-16,CRY,AVL,1,0.4934725848563968,1.94,0.45707756052570003
2020_21_20210516_EVE_SHU,2020_21,2021-05-16,EVE,SHU,0,0.518324607329843,1.84,0.46852832200423306
2020_21_20210516_TOT_WOL,2020_21,2021-05-16,TOT,WOL,0,0.5169712793733681,1.85,0.5602320844043386
2020_21_20210516_WBA_LIV,2020_21,2021-05-16,WBA,LIV,1,0.664319248826291,1.43,0.548510098557579
2020_21_20210518_BRI_MCI,2020_21,2021-05-18,BRI,MCI,1,0.5376623376623377,1.78,0.5965703811869175
2020_21_20210518_CHE_LEI,2020_21,2021-05-18,CHE,LEI,1,0.4470284237726098,2.14,0.5837049447858732
2020_21_20210518_MUN_FUL,2020_21,2021-05-18,MUN,FUL,0,0.6025,1.59,0.49604651328556415
2020_21_20210518_SOU_LEE,2020_21,2021-05-18,SOU,LEE,0,0.6341463414634148,1.5,0.5046660540420701
2020_21_20210519_BUR_LIV,2020_21,2021-05-19,BUR,LIV,1,0.705240174672489,1.35,0.5508242531645758
2020_21_20210519_CRY_ARS,2020_21,2021-05-19,CRY,ARS,1,0.5503875968992248,1.74,0.5495959234227313
2020_21_20210519_EVE_WOL,2020_21,2021-05-19,EVE,WOL,0,0.4559585492227979,2.1,0.502106386845473
2020_21_20210519_NEW_SHU,2020_21,2021-05-19,NEW,SHU,0,0.5286458333333333,1.81,0.4338309618973832
2020_21_20210519_TOT_AVL,2020_21,2021-05-19,TOT,AVL,1,0.619753086419753,1.54,0.5248531095033354
2020_21_20210519_WBA_WHU,2020_21,2021-05-19,WBA,WHU,1,0.589873417721519,1.62,0.5089045208312876
2020_21_20210523_ARS_BRI,2020_21,2021-05-23,ARS,BRI,0,0.5592783505154639,1.71,0.4865135153260974
2020_21_20210523_AVL_CHE,2020_21,2021-05-23,AVL,CHE,1,0.5692307692307692,1.68,0.5303199493783288
2020_21_20210523_FUL_NEW,2020_21,2021-05-23,FUL,NEW,0,0.5790816326530612,1.65,0.4403314194230069
2020_21_20210523_LEE_WBA,2020_21,2021-05-23,LEE,WBA,1,0.6736111111111112,1.41,0.46492143570909733
2020_21_20210523_LEI_TOT,2020_21,2021-05-23,LEI,TOT,1,0.5969773299748111,1.6,0.6143164047107539
2020_21_20210523_LIV_CRY,2020_21,2021-05-23,LIV,CRY,0,0.6935123042505593,1.37,0.5592746126607384
2020_21_20210523_MCI_EVE,2020_21,2021-05-23,MCI,EVE,1,0.5877862595419847,1.62,0.6369083796870503
2020_21_20210523_SHU_BUR,2020_21,2021-05-23,SHU,BUR,0,0.5492227979274612,1.74,0.40975670335063674
2020_21_20210523_WHU_SOU,2020_21,2021-05-23,WHU,SOU,1,0.5862944162436549,1.63,0.5330735405551156
2020_21_20210523_WOL_MUN,2020_21,2021-05-23,WOL,MUN,1,0.5503875968992248,1.74,0.525448943634553
2021_22_20210813_BRE_ARS,2021_22,2021-08-13,BRE,ARS,0,0.4447300771208226,2.16,0.5659280775215317
2021_22_20210814_BUR_BRI,2021_22,2021-08-14,BUR,BRI,1,0.3895781637717121,2.46,0.4599874392391259
2021_22_20210814_CHE_CRY,2021_22,2021-08-14,CHE,CRY,1,0.5350649350649351,1.79,0.5050514709979453
2021_22_20210814_EVE_SOU,2021_22,2021-08-14,EVE,SOU,1,0.4637305699481865,2.07,0.5009046388006765
2021_22_20210814_LEI_WOL,2021_22,2021-08-14,LEI,WOL,0,0.4701298701298701,2.04,0.54478636885035
2021_22_20210814_MUN_LEE,2021_22,2021-08-14,MUN,LEE,1,0.5812182741116751,1.65,0.5659751980104983
2021_22_20210814_NOR_LIV,2021_22,2021-08-14,NOR,LIV,1,0.6301703163017031,1.52,0.5227016182990111
2021_22_20210814_WAT_AVL,2021_22,2021-08-14,WAT,AVL,1,0.4727272727272727,2.03,0.4610490075137759
2021_22_20210815_NEW_WHU,2021_22,2021-08-15,NEW,WHU,1,0.4935064935064935,1.95,0.5409428785890885
2021_22_20210815_TOT_MCI,2021_22,2021-08-15,TOT,MCI,0,0.5207253886010362,1.85,0.6529643379253093
2021_22_20210821_AVL_NEW,2021_22,2021-08-21,AVL,NEW,0,0.5414507772020726,1.77,0.46932133294571493
2021_22_20210821_BRI_WAT,2021_22,2021-08-21,BRI,WAT,0,0.4271099744245524,2.24,0.44057525166426603
2021_22_20210821_CRY_BRE,2021_22,2021-08-21,CRY,BRE,0,0.4111675126903554,2.32,0.5710889153284684
2021_22_20210821_LEE_EVE,2021_22,2021-08-21,LEE,EVE,1,0.5641025641025641,1.7,0.5181486939691267
2021_22_20210821_LIV_BUR,2021_22,2021-08-21,LIV,BUR,0,0.6188118811881189,1.54,0.5389332296181973
2021_22_20210821_MCI_NOR,2021_22,2021-08-21,MCI,NOR,1,0.7105831533477323,1.34,0.5597986434169837
2021_22_20210822_ARS_CHE,2021_22,2021-08-22,ARS,CHE,0,0.4637305699481865,2.07,0.5742415927480249
2021_22_20210822_SOU_MUN,2021_22,2021-08-22,SOU,MUN,0,0.5567010309278351,1.72,0.5124795239725083
2021_22_20210822_WOL_TOT,2021_22,2021-08-22,WOL,TOT,0,0.4271099744245524,2.24,0.5457175528167075
2021_22_20210823_WHU_LEI,2021_22,2021-08-23,WHU,LEI,1,0.53125,1.8,0.542071059648554
2021_22_20210828_AVL_BRE,2021_22,2021-08-28,AVL,BRE,0,0.4883116883116883,1.97,0.43123432792564914
2021_22_20210828_BRI_EVE,2021_22,2021-08-28,BRI,EVE,0,0.4296675191815857,2.23,0.45548157255626764
2021_22_20210828_LIV_CHE,2021_22,2021-08-28,LIV,CHE,0,0.4753246753246753,2.02,0.5971300426567133
2021_22_20210828_MCI_ARS,2021_22,2021-08-28,MCI,ARS,1,0.609452736318408,1.57,0.6207839477568028
2021_22_20210828_NEW_SOU,2021_22,2021-08-28,NEW,SOU,1,0.5259067357512953,1.83,0.51135850896103
2021_22_20210828_NOR_LEI,2021_22,2021-08-28,NOR,LEI,1,0.533678756476684,1.8,0.492193700049664
2021_22_20210828_WHU_CRY,2021_22,2021-08-28,WHU,CRY,1,0.5090909090909091,1.89,0.4862579493210721
2021_22_20210829_BUR_LEE,2021_22,2021-08-29,BUR,LEE,0,0.5414507772020726,1.77,0.5317543002709131
2021_22_20210829_TOT_WAT,2021_22,2021-08-29,TOT,WAT,0,0.5194805194805195,1.85,0.5315716299426646
2021_22_20210829_WOL_MUN,2021_22,2021-08-29,WOL,MUN,0,0.4765625,2.01,0.5089891756965937
2021_22_20210911_ARS_NOR,2021_22,2021-09-11,ARS,NOR,0,0.5592783505154639,1.71,0.5123188407647755
2021_22_20210911_BRE_BRI,2021_22,2021-09-11,BRE,BRI,0,0.3895781637717121,2.46,0.4327734232634252
2021_22_20210911_CHE_AVL,2021_22,2021-09-11,CHE,AVL,1,0.5376623376623377,1.78,0.5083214744557338
2021_22_20210911_CRY_TOT,2021_22,2021-09-11,CRY,TOT,1,0.4573643410852713,2.1,0.5614941800487806
2021_22_20210911_LEI_MCI,2021_22,2021-09-11,LEI,MCI,0,0.5515463917525772,1.74,0.66130195130579
2021_22_20210911_MUN_NEW,2021_22,2021-09-11,MUN,NEW,1,0.6595744680851063,1.44,0.5373260864679404
2021_22_20210911_SOU_WHU,2021_22,2021-09-11,SOU,WHU,0,0.5555555555555556,1.72,0.5247838185213434
2021_22_20210911_WAT_WOL,2021_22,2021-09-11,WAT,WOL,0,0.416243654822335,2.3,0.48199424108184674
2021_22_20210912_LEE_LIV,2021_22,2021-09-12,LEE,LIV,1,0.6084788029925187,1.57,0.623045851517065
2021_22_20210913_EVE_BUR,2021_22,2021-09-13,EVE,BUR,1,0.4817708333333334,1.99,0.47060648042755915
2021_22_20210917_NEW_LEE,2021_22,2021-09-17,NEW,LEE,0,0.5812182741116751,1.65,0.5287086248005424
2021_22_20210918_AVL_EVE,2021_22,2021-09-18,AVL,EVE,1,0.4791666666666667,2.0,0.47937413602245177
2021_22_20210918_BUR_ARS,2021_22,2021-09-18,BUR,ARS,0,0.4727272727272727,2.03,0.5345036630197413
2021_22_20210918_LIV_CRY,2021_22,2021-09-18,LIV,CRY,1,0.6341463414634148,1.5,0.5651815172027227
2021_22_20210918_MCI_SOU,2021_22,2021-09-18,MCI,SOU,0,0.6810933940774488,1.4,0.5747154175555694
2021_22_20210918_NOR_WAT,2021_22,2021-09-18,NOR,WAT,1,0.4547803617571059,2.11,0.4600491586022145
2021_22_20210918_WOL_BRE,2021_22,2021-09-18,WOL,BRE,0,0.3851851851851852,2.49,0.37448785281583863
2021_22_20210919_BRI_LEI,2021_22,2021-09-19,BRI,LEI,1,0.440721649484536,2.17,0.5098928547718975
2021_22_20210919_TOT_CHE,2021_22,2021-09-19,TOT,CHE,1,0.4585492227979275,2.09,0.5944612112046682
2021_22_20210919_WHU_MUN,2021_22,2021-09-19,WHU,MUN,1,0.5666666666666667,1.69,0.5352662176573141
2021_22_20210925_BRE_LIV,2021_22,2021-09-25,BRE,LIV,1,0.5478036175710594,1.75,0.5400848982547121
2021_22_20210925_CHE_MCI,2021_22,2021-09-25,CHE,MCI,0,0.4510309278350516,2.13,0.6526323185616029
2021_22_20210925_EVE_NOR,2021_22,2021-09-25,EVE,NOR,0,0.5078125,1.89,0.45606646062218487
2021_22_20210925_LEE_WHU,2021_22,2021-09-25,LEE,WHU,1,0.5954773869346733,1.61,0.5778421589310548
2021_22_20210925_LEI_BUR,2021_22,2021-09-25,LEI,BUR,1,0.5156249999999999,1.86,0.49829697984695454
2021_22_20210925_MUN_AVL,2021_22,2021-09-25,MUN,AVL,0,0.5989974937343359,1.6,0.5174994075474113
2021_22_20210925_WAT_NEW,2021_22,2021-09-25,WAT,NEW,0,0.4701298701298701,2.04,0.4832848334472982
2021_22_20210926_ARS_TOT,2021_22,2021-09-26,ARS,TOT,1,0.4637305699481865,2.07,0.6366269007316993
2021_22_20210926_SOU_WOL,2021_22,2021-09-26,SOU,WOL,0,0.4521963824289405,2.12,0.4712333046321766
2021_22_20210927_CRY_BRI,2021_22,2021-09-27,CRY,BRI,0,0.4137055837563452,2.31,0.46789133111435927
2021_22_20211002_BRI_ARS,2021_22,2021-10-02,BRI,ARS,0,0.466321243523316,2.06,0.5231893141492522
2021_22_20211002_BUR_NOR,2021_22,2021-10-02,BUR,NOR,0,0.5052083333333333,1.9,0.4446386527059774
2021_22_20211002_CHE_SOU,2021_22,2021-10-02,CHE,SOU,1,0.5350649350649351,1.79,0.5448544172205162
2021_22_20211002_LEE_WAT,2021_22,2021-10-02,LEE,WAT,0,0.5677749360613811,1.69,0.578616086482531
2021_22_20211002_MUN_EVE,2021_22,2021-10-02,MUN,EVE,0,0.5310880829015544,1.81,0.5545812804643908
2021_22_20211002_WOL_NEW,2021_22,2021-10-02,WOL,NEW,1,0.4973958333333334,1.93,0.4693836811090212
2021_22_20211003_CRY_LEI,2021_22,2021-10-03,CRY,LEI,1,0.4753246753246753,2.02,0.5137556748849491
2021_22_20211003_LIV_MCI,2021_22,2021-10-03,LIV,MCI,1,0.5529715762273902,1.73,0.715012732208821
2021_22_20211003_TOT_AVL,2021_22,2021-10-03,TOT,AVL,1,0.5078125,1.89,0.5571189278350918
2021_22_20211003_WHU_BRE,2021_22,2021-10-03,WHU,BRE,1,0.5,1.92,0.5197413493059571
2021_22_20211016_AVL_WOL,2021_22,2021-10-16,AVL,WOL,1,0.4536082474226803,2.12,0.481751581091534
2021_22_20211016_BRE_CHE,2021_22,2021-10-16,BRE,CHE,0,0.4701298701298701,2.04,0.5364412633148979
2021_22_20211016_LEI_MUN,2021_22,2021-10-16,LEI,MUN,1,0.5438144329896907,1.77,0.5685198320060726
2021_22_20211016_MCI_BUR,2021_22,2021-10-16,MCI,BUR,0,0.6862302483069979,1.39,0.5915373962355573
2021_22_20211016_NOR_BRI,2021_22,2021-10-16,NOR,BRI,0,0.4510309278350516,2.13,0.4079923625765662
2021_22_20211016_SOU_LEE,2021_22,2021-10-16,SOU,LEE,0,0.557840616966581,1.72,0.5258839534215689
2021_22_20211016_WAT_LIV,2021_22,2021-10-16,WAT,LIV,1,0.6059850374064838,1.58,0.5548167555112818
2021_22_20211017_EVE_WHU,2021_22,2021-10-17,EVE,WHU,0,0.5090909090909091,1.89,0.5327778291779399
2021_22_20211017_NEW_TOT,2021_22,2021-10-17,NEW,TOT,1,0.5362694300518135,1.79,0.5518743270198424
2021_22_20211018_ARS_CRY,2021_22,2021-10-18,ARS,CRY,1,0.4973958333333334,1.93,0.514249582484106
2021_22_20211022_ARS_AVL,2021_22,2021-10-22,ARS,AVL,1,0.538860103626943,1.78,0.5023932536732569
2021_22_20211023_BRI_MCI,2021_22,2021-10-23,BRI,MCI,1,0.5246753246753246,1.83,0.6044933197996673
2021_22_20211023_CHE_NOR,2021_22,2021-10-23,CHE,NOR,1,0.5776081424936387,1.66,0.5322430017269393
2021_22_20211023_CRY_NEW,2021_22,2021-10-23,CRY,NEW,0,0.4921875,1.95,0.4536939179103432
2021_22_20211023_EVE_WAT,2021_22,2021-10-23,EVE,WAT,1,0.4779220779220779,2.01,0.5131177586110779
2021_22_20211023_LEE_WOL,2021_22,2021-10-23,LEE,WOL,0,0.5064935064935064,1.9,0.49782671458234323
2021_22_20211023_SOU_BUR,2021_22,2021-10-23,SOU,BUR,1,0.4779220779220779,2.01,0.43969981068178005
2021_22_20211024_BRE_LEI,2021_22,2021-10-24,BRE,LEI,1,0.5052083333333333,1.9,0.5080701172117819
2021_22_20211024_MUN_LIV,2021_22,2021-10-24,MUN,LIV,1,0.6034912718204488,1.59,0.6101772356301973
2021_22_20211024_WHU_TOT,2021_22,2021-10-24,WHU,TOT,0,0.538860103626943,1.78,0.5978661976232884
2021_22_20211030_BUR_BRE,2021_22,2021-10-30,BUR,BRE,1,0.440721649484536,2.17,0.4092903566869927
2021_22_20211030_LEI_ARS,2021_22,2021-10-30,LEI,ARS,0,0.5310880829015544,1.81,0.5665560250595879
2021_22_20211030_LIV_BRI,2021_22,2021-10-30,LIV,BRI,1,0.6283618581907091,1.52,0.5324640798602854
2021_22_20211030_MCI_CRY,2021_22,2021-10-30,MCI,CRY,0,0.660377358490566,1.44,0.5947678843440047
2021_22_20211030_NEW_CHE,2021_22,2021-10-30,NEW,CHE,1,0.5492227979274612,1.74,0.5387789810575223
2021_22_20211030_TOT_MUN,2021_22,2021-10-30,TOT,MUN,1,0.5440414507772021,1.76,0.5722175595457093
2021_22_20211030_WAT_SOU,2021_22,2021-10-30,WAT,SOU,0,0.5078125,1.89,0.4829378994551306
2021_22_20211031_AVL_WHU,2021_22,2021-10-31,AVL,WHU,1,0.5286458333333333,1.81,0.520333862275858
2021_22_20211031_NOR_LEE,2021_22,2021-10-31,NOR,LEE,1,0.5428571428571429,1.76,0.4871486454712788
2021_22_20211101_WOL_EVE,2021_22,2021-11-01,WOL,EVE,1,0.4209183673469387,2.27,0.48885113340410197
2021_22_20211105_SOU_AVL,2021_22,2021-11-05,SOU,AVL,0,0.558974358974359,1.72,0.45898853836328296
2021_22_20211106_BRE_NOR,2021_22,2021-11-06,BRE,NOR,1,0.4727272727272727,2.03,0.4623404141035915
2021_22_20211106_BRI_NEW,2021_22,2021-11-06,BRI,NEW,0,0.4935064935064935,1.95,0.4837076126329914
2021_22_20211106_CHE_BUR,2021_22,2021-11-06,CHE,BUR,0,0.5641025641025641,1.7,0.5235150882774774
2021_22_20211106_CRY_WOL,2021_22,2021-11-06,CRY,WOL,0,0.4045226130653266,2.37,0.442225949872785
2021_22_20211106_MUN_MCI,2021_22,2021-11-06,MUN,MCI,0,0.5919395465994962,1.62,0.6665567536788662
2021_22_20211107_ARS_WAT,2021_22,2021-11-07,ARS,WAT,0,0.5979899497487436,1.6,0.4827830232745212
2021_22_20211107_EVE_TOT,2021_22,2021-11-07,EVE,TOT,0,0.4739583333333334,2.02,0.5674908953214238
2021_22_20211107_LEE_LEI,2021_22,2021-11-07,LEE,LEI,0,0.5754475703324808,1.66,0.5194862107294137
2021_22_20211107_WHU_LIV,2021_22,2021-11-07,WHU,LIV,1,0.6383495145631067,1.49,0.5916363838939704
2021_22_20211120_AVL_BRI,2021_22,2021-11-20,AVL,BRI,0,0.4597402597402597,2.08,0.4620663177838095
2021_22_20211120_BUR_CRY,2021_22,2021-11-20,BUR,CRY,1,0.4381443298969071,2.18,0.44445361422262325
2021_22_20211120_LEI_CHE,2021_22,2021-11-20,LEI,CHE,1,0.4791666666666667,2.0,0.552148107121981
2021_22_20211120_LIV_ARS,2021_22,2021-11-20,LIV,ARS,1,0.639225181598063,1.49,0.6353568250016371
2021_22_20211120_NEW_BRE,2021_22,2021-11-20,NEW,BRE,1,0.4869791666666667,1.97,0.45070206466226687
2021_22_20211120_NOR_SOU,2021_22,2021-11-20,NOR,SOU,1,0.4817708333333334,1.99,0.43082840059803834
2021_22_20211120_WAT_MUN,2021_22,2021-11-20,WAT,MUN,1,0.5790816326530612,1.65,0.49484710887217703
2021_22_20211120_WOL_WHU,2021_22,2021-11-20,WOL,WHU,0,0.464935064935065,2.06,0.4891998964368311
2021_22_20211121_MCI_EVE,2021_22,2021-11-21,MCI,EVE,1,0.6365853658536585,1.49,0.611745502538071
2021_22_20211121_TOT_LEE,2021_22,2021-11-21,TOT,LEE,1,0.5428571428571429,1.76,0.5389204376263114
2021_22_20211127_ARS_NEW,2021_22,2021-11-27,ARS,NEW,0,0.589873417721519,1.62,0.5117640435427935
2021_22_20211127_BRI_LEE,2021_22,2021-11-27,BRI,LEE,0,0.4973958333333334,1.93,0.4829247840374789
2021_22_20211127_CRY_AVL,2021_22,2021-11-27,CRY,AVL,1,0.4753246753246753,2.02,0.4703617257345874
2021_22_20211127_LIV_SOU,2021_22,2021-11-27,LIV,SOU,1,0.6736111111111112,1.41,0.5651095329487998
2021_22_20211127_NOR_WOL,2021_22,2021-11-27,NOR,WOL,0,0.416243654822335,2.3,0.42342279547068506
2021_22_20211128_BRE_EVE,2021_22,2021-11-28,BRE,EVE,0,0.440721649484536,2.17,0.5165640385702813
2021_22_20211128_CHE_MUN,2021_22,2021-11-28,CHE,MUN,0,0.5286458333333333,1.81,0.547676517486943
2021_22_20211128_LEI_WAT,2021_22,2021-11-28,LEI,WAT,1,0.5743589743589743,1.66,0.4980347943724186
2021_22_20211128_MCI_WHU,2021_22,2021-11-28,MCI,WHU,1,0.6332518337408313,1.5,0.5961966843840029
2021_22_20211130_LEE_CRY,2021_22,2021-11-30,LEE,CRY,0,0.5,1.92,0.47396505117862814
2021_22_20211130_NEW_NOR,2021_22,2021-11-30,NEW,NOR,0,0.5234374999999999,1.83,0.44361808607451414
2021_22_20211201_AVL_MCI,2021_22,2021-12-01,AVL,MCI,1,0.5852417302798981,1.63,0.5865643269584042
2021_22_20211201_EVE_LIV,2021_22,2021-12-01,EVE,LIV,1,0.5984848484848484,1.59,0.6034661781483808
2021_22_20211201_SOU_LEI,2021_22,2021-12-01,SOU,LEI,1,0.5376623376623377,1.78,0.505594353982836
2021_22_20211201_WAT_CHE,2021_22,2021-12-01,WAT,CHE,1,0.5592783505154639,1.71,0.5164516991147031
2021_22_20211201_WHU_BRI,2021_22,2021-12-01,WHU,BRI,0,0.4727272727272727,2.03,0.438099323631084
2021_22_20211201_WOL_BUR,2021_22,2021-12-01,WOL,BUR,0,0.4293059125964009,2.22,0.45388106175358955
2021_22_20211202_MUN_ARS,2021_22,2021-12-02,MUN,ARS,1,0.5324675324675325,1.8,0.5873614219375873
2021_22_20211202_TOT_BRE,2021_22,2021-12-02,TOT,BRE,0,0.5052083333333333,1.9,0.495622867488178
2021_22_20211204_NEW_BUR,2021_22,2021-12-04,NEW,BUR,0,0.4947916666666667,1.94,0.45845187633473555
2021_22_20211204_SOU_BRI,2021_22,2021-12-04,SOU,BRI,0,0.442159383033419,2.17,0.4425338064000205
2021_22_20211204_WAT_MCI,2021_22,2021-12-04,WAT,MCI,1,0.660377358490566,1.44,0.6119278604455791
2021_22_20211204_WHU_CHE,2021_22,2021-12-04,WHU,CHE,1,0.466321243523316,2.06,0.5562930182443607
2021_22_20211204_WOL_LIV,2021_22,2021-12-04,WOL,LIV,0,0.5652173913043478,1.7,0.5781351325386329
2021_22_20211205_AVL_LEI,2021_22,2021-12-05,AVL,LEI,1,0.5130208333333333,1.87,0.5346147380049179
2021_22_20211205_LEE_BRE,2021_22,2021-12-05,LEE,BRE,1,0.5,1.92,0.4715107537573057
2021_22_20211205_MUN_CRY,2021_22,2021-12-05,MUN,CRY,0,0.5414507772020726,1.77,0.4993837553895147
2021_22_20211205_TOT_NOR,2021_22,2021-12-05,TOT,NOR,1,0.5208333333333334,1.84,0.5052002443179784
2021_22_20211206_EVE_ARS,2021_22,2021-12-06,EVE,ARS,1,0.4701298701298701,2.04,0.5494739706657416
2021_22_20211210_BRE_WAT,2021_22,2021-12-10,BRE,WAT,1,0.4817708333333334,1.99,0.4897360524295707
2021_22_20211211_ARS_SOU,2021_22,2021-12-11,ARS,SOU,1,0.5350649350649351,1.79,0.5460080506102698
2021_22_20211211_CHE_LEE,2021_22,2021-12-11,CHE,LEE,1,0.6015037593984962,1.59,0.585974649354163
2021_22_20211211_LIV_AVL,2021_22,2021-12-11,LIV,AVL,0,0.6796338672768879,1.4,0.6104838287202133
2021_22_20211211_MCI_WOL,2021_22,2021-12-11,MCI,WOL,0,0.6163366336633663,1.55,0.5596602535741324
2021_22_20211211_NOR_MUN,2021_22,2021-12-11,NOR,MUN,0,0.5604113110539846,1.71,0.4736062996184101
2021_22_20211212_BUR_WHU,2021_22,2021-12-12,BUR,WHU,0,0.5208333333333334,1.84,0.478059591631321
2021_22_20211212_CRY_EVE,2021_22,2021-12-12,CRY,EVE,1,0.4137055837563452,2.31,0.5181388970298312
2021_22_20211212_LEI_NEW,2021_22,2021-12-12,LEI,NEW,1,0.5969773299748111,1.6,0.538180089140151
2021_22_20211214_MCI_LEE,2021_22,2021-12-14,MCI,LEE,1,0.7024070021881839,1.36,0.583290464840624
2021_22_20211214_NOR_AVL,2021_22,2021-12-14,NOR,AVL,0,0.4484536082474227,2.14,0.45510793263222354
2021_22_20211215_ARS_WHU,2021_22,2021-12-15,ARS,WHU,0,0.5246753246753246,1.83,0.5715915186110296
2021_22_20211215_BRI_WOL,2021_22,2021-12-15,BRI,WOL,0,0.3793103448275862,2.52,0.45080907708142887
2021_22_20211215_CRY_SOU,2021_22,2021-12-15,CRY,SOU,1,0.4559585492227979,2.1,0.4880853667843072
2021_22_20211216_CHE_EVE,2021_22,2021-12-16,CHE,EVE,0,0.5581395348837209,1.71,0.5909296722044441
2021_22_20211216_LIV_NEW,2021_22,2021-12-16,LIV,NEW,1,0.7152034261241969,1.33,0.5848633272340784
2021_22_20211218_LEE_ARS,2021_22,2021-12-18,LEE,ARS,1,0.5466321243523315,1.75,0.570674379558106
2021_22_20211219_NEW_MCI,2021_22,2021-12-19,NEW,MCI,1,0.6532066508313539,1.46,0.6048576018529674
2021_22_20211219_TOT_LIV,2021_22,2021-12-19,TOT,LIV,1,0.583756345177665,1.64,0.6244167067802551
2021_22_20211219_WOL_CHE,2021_22,2021-12-19,WOL,CHE,0,0.4496124031007751,2.13,0.5246923096307654
2021_22_20211226_AVL_CHE,2021_22,2021-12-26,AVL,CHE,1,0.4727272727272727,2.03,0.5247101589525504
2021_22_20211226_BRI_BRE,2021_22,2021-12-26,BRI,BRE,0,0.4355670103092783,2.19,0.4532452640456347
2021_22_20211226_MCI_LEI,2021_22,2021-12-26,MCI,LEI,1,0.6840909090909091,1.39,0.6098991875454873
2021_22_20211226_NOR_ARS,2021_22,2021-12-26,NOR,ARS,1,0.5376623376623377,1.78,0.5070770697079612
2021_22_20211226_TOT_CRY,2021_22,2021-12-26,TOT,CRY,1,0.4960835509138382,1.93,0.5064528380993465
2021_22_20211226_WHU_SOU,2021_22,2021-12-26,WHU,SOU,1,0.5466321243523315,1.75,0.49893877689037075
2021_22_20211227_NEW_MUN,2021_22,2021-12-27,NEW,MUN,0,0.5913705583756345,1.61,0.5310495068877806
2021_22_20211228_CRY_NOR,2021_22,2021-12-28,CRY,NOR,1,0.4470284237726098,2.14,0.4783862903375446
2021_22_20211228_LEI_LIV,2021_22,2021-12-28,LEI,LIV,0,0.7209302325581396,1.32,0.6214077976583852
2021_22_20211228_SOU_TOT,2021_22,2021-12-28,SOU,TOT,0,0.5039164490861618,1.9,0.537724354807554
2021_22_20211228_WAT_WHU,2021_22,2021-12-28,WAT,WHU,1,0.5529715762273902,1.73,0.506852366398938
2021_22_20211229_BRE_MCI,2021_22,2021-12-29,BRE,MCI,0,0.6383495145631067,1.49,0.5884047961295128
2021_22_20211229_CHE_BRI,2021_22,2021-12-29,CHE,BRI,0,0.5065274151436031,1.89,0.525846717680689
2021_22_20211230_MUN_BUR,2021_22,2021-12-30,MUN,BUR,1,0.5655526992287918,1.69,0.48117462892866697
2021_22_20220101_ARS_MCI,2021_22,2022-01-01,ARS,MCI,1,0.6030150753768844,1.58,0.6272229848802038
2021_22_20220101_CRY_WHU,2021_22,2022-01-01,CRY,WHU,1,0.5130208333333333,1.87,0.5182678760861532
2021_22_20220101_WAT_TOT,2021_22,2022-01-01,WAT,TOT,0,0.5390625,1.77,0.5682265905468353
2021_22_20220102_BRE_AVL,2021_22,2022-01-02,BRE,AVL,1,0.4609375,2.07,0.4844252569000463
2021_22_20220102_CHE_LIV,2021_22,2022-01-02,CHE,LIV,1,0.5338541666666666,1.79,0.6397946328556794
2021_22_20220102_EVE_BRI,2021_22,2022-01-02,EVE,BRI,1,0.4282051282051282,2.23,0.45745306936398045
2021_22_20220102_LEE_BUR,2021_22,2022-01-02,LEE,BUR,1,0.5117493472584856,1.87,0.4876359964886673
2021_22_20220103_MUN_WOL,2021_22,2022-01-03,MUN,WOL,0,0.4908616187989557,1.95,0.4699960113732118
2021_22_20220111_SOU_BRE,2021_22,2022-01-11,SOU,BRE,1,0.4727272727272727,2.03,0.4803078243772601
2021_22_20220112_WHU_NOR,2021_22,2022-01-12,WHU,NOR,0,0.5743589743589743,1.66,0.4664509165640477
2021_22_20220114_BRI_CRY,2021_22,2022-01-14,BRI,CRY,0,0.4395886889460154,2.18,0.4318171600093605
2021_22_20220115_AVL_MUN,2021_22,2022-01-15,AVL,MUN,1,0.5130208333333333,1.87,0.5251085095975235
2021_22_20220115_MCI_CHE,2021_22,2022-01-15,MCI,CHE,0,0.5234374999999999,1.83,0.6389061770232435
2021_22_20220115_NEW_WAT,2021_22,2022-01-15,NEW,WAT,0,0.5338541666666666,1.79,0.4875805983774467
2021_22_20220115_NOR_EVE,2021_22,2022-01-15,NOR,EVE,1,0.4609375,2.07,0.4828079688754661
2021_22_20220115_WOL_SOU,2021_22,2022-01-15,WOL,SOU,1,0.3984962406015038,2.4,0.44725640538895545
2021_22_20220116_LIV_BRE,2021_22,2022-01-16,LIV,BRE,1,0.578005115089514,1.65,0.5963171110061496
2021_22_20220116_WHU_LEE,2021_22,2022-01-16,WHU,LEE,1,0.5877862595419847,1.62,0.48547064160057873
2021_22_20220118_BRI_CHE,2021_22,2022-01-18,BRI,CHE,0,0.4545454545454546,2.1,0.5077882300580415
2021_22_20220119_BRE_MUN,2021_22,2022-01-19,BRE,MUN,1,0.5065274151436031,1.89,0.5481457679643805
2021_22_20220119_LEI_TOT,2021_22,2022-01-19,LEI,TOT,1,0.5364583333333334,1.78,0.562796566795668
2021_22_20220121_WAT_NOR,2021_22,2022-01-21,WAT,NOR,1,0.5039164490861618,1.9,0.4479977351283284
2021_22_20220122_BRE_WOL,2021_22,2022-01-22,BRE,WOL,1,0.3802469135802469,2.51,0.4519706113119589
2021_22_20220122_EVE_AVL,2021_22,2022-01-22,EVE,AVL,0,0.4739583333333334,2.02,0.4597981231987797
2021_22_20220122_LEE_NEW,2021_22,2022-01-22,LEE,NEW,0,0.5743589743589743,1.66,0.5012646047830397
2021_22_20220122_MUN_WHU,2021_22,2022-01-22,MUN,WHU,0,0.5655526992287918,1.69,0.5250100398992076
2021_22_20220122_SOU_MCI,2021_22,2022-01-22,SOU,MCI,0,0.6449275362318841,1.47,0.589875683537726
2021_22_20220123_ARS_BUR,2021_22,2022-01-23,ARS,BUR,0,0.5428571428571429,1.76,0.49951657458259235
2021_22_20220123_CHE_TOT,2021_22,2022-01-23,CHE,TOT,0,0.5013054830287206,1.91,0.5770467813701977
2021_22_20220123_CRY_LIV,2021_22,2022-01-23,CRY,LIV,1,0.5569948186528497,1.71,0.571691309440637
2021_22_20220123_LEI_BRI,2021_22,2022-01-23,LEI,BRI,0,0.4908616187989557,1.95,0.4736133958434289
2021_22_20220205_BUR_WAT,2021_22,2022-02-05,BUR,WAT,0,0.4571428571428572,2.09,0.4985216892198314
2021_22_20220208_BUR_MUN,2021_22,2022-02-08,BUR,MUN,0,0.5221932114882506,1.83,0.5057474048783528
2021_22_20220208_NEW_EVE,2021_22,2022-02-08,NEW,EVE,1,0.5065274151436031,1.89,0.48926682538610006
2021_22_20220208_WHU_WAT,2021_22,2022-02-08,WHU,WAT,0,0.5402597402597403,1.77,0.5096703573274708
2021_22_20220209_AVL_LEE,2021_22,2022-02-09,AVL,LEE,1,0.5629820051413882,1.7,0.49183067618270576
2021_22_20220209_MCI_BRE,2021_22,2022-02-09,MCI,BRE,0,0.6984478935698448,1.36,0.6037894715260643
2021_22_20220209_NOR_CRY,2021_22,2022-02-09,NOR,CRY,0,0.451948051948052,2.11,0.4225401083275312
2021_22_20220209_TOT_SOU,2021_22,2022-02-09,TOT,SOU,1,0.5390625,1.77,0.5487967619610338
2021_22_20220210_LIV_LEI,2021_22,2022-02-10,LIV,LEI,0,0.7145922746781115,1.33,0.6201828929248819
2021_22_20220210_WOL_ARS,2021_22,2022-02-10,WOL,ARS,0,0.4137055837563452,2.31,0.5045385319782523
2021_22_20220212_BRE_CRY,2021_22,2022-02-12,BRE,CRY,0,0.4101265822784811,2.33,0.48191614291755125
2021_22_20220212_EVE_LEE,2021_22,2022-02-12,EVE,LEE,1,0.5790816326530612,1.65,0.5166876601371363
2021_22_20220212_MUN_SOU,2021_22,2022-02-12,MUN,SOU,0,0.5655526992287918,1.69,0.5357217252240172
2021_22_20220212_NOR_MCI,2021_22,2022-02-12,NOR,MCI,1,0.6682242990654206,1.42,0.5738593160929637
2021_22_20220212_WAT_BRI,2021_22,2022-02-12,WAT,BRI,0,0.4126582278481012,2.32,0.4285730128377073
2021_22_20220213_BUR_LIV,2021_22,2022-02-13,BUR,LIV,0,0.595959595959596,1.6,0.5528733453208595
2021_22_20220213_LEI_WHU,2021_22,2022-02-13,LEI,WHU,1,0.5717948717948719,1.67,0.5814395586050154
2021_22_20220213_NEW_AVL,2021_22,2022-02-13,NEW,AVL,0,0.5260416666666667,1.82,0.4440074007152997
2021_22_20220213_TOT_WOL,2021_22,2022-02-13,TOT,WOL,0,0.4395886889460154,2.18,0.5255387452403185
2021_22_20220215_MUN_BRI,2021_22,2022-02-15,MUN,BRI,0,0.5065274151436031,1.89,0.4680612347315358
2021_22_20220219_ARS_BRE,2021_22,2022-02-19,ARS,BRE,1,0.4895833333333333,1.96,0.5244559831899087
2021_22_20220219_AVL_WAT,2021_22,2022-02-19,AVL,WAT,0,0.4869791666666667,1.97,0.48710715527094556
2021_22_20220219_BRI_BUR,2021_22,2022-02-19,BRI,BUR,1,0.4293059125964009,2.22,0.4480746678850884
2021_22_20220219_CRY_CHE,2021_22,2022-02-19,CRY,CHE,0,0.4765625,2.01,0.5569267922097194
2021_22_20220219_LIV_NOR,2021_22,2022-02-19,LIV,NOR,1,0.7080610021786492,1.34,0.5213980989216486
2021_22_20220219_MCI_TOT,2021_22,2022-02-19,MCI,TOT,1,0.595959595959596,1.6,0.6719673920091869
2021_22_20220219_SOU_EVE,2021_22,2022-02-19,SOU,EVE,0,0.53125,1.8,0.5120342425231023
2021_22_20220219_WHU_NEW,2021_22,2022-02-19,WHU,NEW,0,0.5300261096605744,1.8,0.5229107996523036
2021_22_20220220_LEE_MUN,2021_22,2022-02-20,LEE,MUN,1,0.5852417302798981,1.63,0.5393410027846528
2021_22_20220220_WOL_LEI,2021_22,2022-02-20,WOL,LEI,1,0.4444444444444444,2.15,0.5036635609590462
2021_22_20220223_BUR_TOT,2021_22,2022-02-23,BUR,TOT,0,0.4751958224543081,2.01,0.48000812676895693
2021_22_20220223_LIV_LEE,2021_22,2022-02-23,LIV,LEE,1,0.7495069033530573,1.27,0.5935201842540403
2021_22_20220223_WAT_CRY,2021_22,2022-02-23,WAT,CRY,1,0.4344473007712082,2.2,0.4714518720965526
2021_22_20220224_ARS_WOL,2021_22,2022-02-24,ARS,WOL,1,0.4282051282051282,2.23,0.5082889022047495
2021_22_20220225_SOU_NOR,2021_22,2022-02-25,SOU,NOR,0,0.5466321243523315,1.75,0.4817456519510964
2021_22_20220226_BRE_NEW,2021_22,2022-02-26,BRE,NEW,0,0.4198473282442748,2.28,0.47050590536191667
2021_22_20220226_BRI_AVL,2021_22,2022-02-26,BRI,AVL,0,0.4444444444444444,2.15,0.46712100456451483
2021_22_20220226_CRY_BUR,2021_22,2022-02-26,CRY,BUR,0,0.4198473282442748,2.28,0.4638637331434941
2021_22_20220226_EVE_MCI,2021_22,2022-02-26,EVE,MCI,0,0.6169154228855721,1.54,0.6361511665924763
2021_22_20220226_LEE_TOT,2021_22,2022-02-26,LEE,TOT,1,0.5873417721518986,1.63,0.5899455570236734
2021_22_20220226_MUN_WAT,2021_22,2022-02-26,MUN,WAT,0,0.5816326530612244,1.64,0.5246891069209226
2021_22_20220227_WHU_WOL,2021_22,2022-02-27,WHU,WOL,0,0.4173027989821883,2.29,0.4929845584080126
2021_22_20220301_BUR_LEI,2021_22,2022-03-01,BUR,LEI,0,0.484375,1.98,0.48929618245635736
2021_22_20220305_AVL_SOU,2021_22,2022-03-05,AVL,SOU,1,0.5221932114882506,1.83,0.4938721581280263
2021_22_20220305_BUR_CHE,2021_22,2022-03-05,BUR,CHE,1,0.4609375,2.07,0.5026486492262504
2021_22_20220305_LEI_LEE,2021_22,2022-03-05,LEI,LEE,0,0.6188118811881189,1.54,0.5676711805052623
2021_22_20220305_LIV_WHU,2021_22,2022-03-05,LIV,WHU,0,0.635036496350365,1.5,0.6063345077091756
2021_22_20220305_NEW_BRI,2021_22,2022-03-05,NEW,BRI,1,0.423469387755102,2.26,0.4153684043381434
2021_22_20220305_NOR_BRE,2021_22,2022-03-05,NOR,BRE,1,0.4183673469387755,2.28,0.43129066279854594
2021_22_20220305_WOL_CRY,2021_22,2022-03-05,WOL,CRY,0,0.3759213759213758,2.54,0.487821725593279
2021_22_20220306_MCI_MUN,2021_22,2022-03-06,MCI,MUN,1,0.5949367088607596,1.6,0.6356401033602221
2021_22_20220306_WAT_ARS,2021_22,2022-03-06,WAT,ARS,1,0.4739583333333334,2.02,0.5221162060088975
2021_22_20220307_TOT_EVE,2021_22,2022-03-07,TOT,EVE,1,0.5364583333333334,1.78,0.5686506335391968
2021_22_20220310_LEE_AVL,2021_22,2022-03-10,LEE,AVL,1,0.5644329896907216,1.69,0.546219359073825
2021_22_20220310_NOR_CHE,2021_22,2022-03-10,NOR,CHE,1,0.5555555555555556,1.72,0.5199787728178591
2021_22_20220310_SOU_NEW,2021_22,2022-03-10,SOU,NEW,1,0.5326370757180157,1.79,0.5091143102580529
2021_22_20220310_WOL_WAT,2021_22,2022-03-10,WOL,WAT,1,0.4101265822784811,2.33,0.4523810978912173
2021_22_20220312_BRE_BUR,2021_22,2022-03-12,BRE,BUR,0,0.4030226700251889,2.37,0.42539244528733205
2021_22_20220312_BRI_LIV,2021_22,2022-03-12,BRI,LIV,0,0.5666666666666667,1.69,0.5759968472753274
2021_22_20220312_MUN_TOT,2021_22,2022-03-12,MUN,TOT,1,0.5503875968992248,1.74,0.5759246798657244
2021_22_20220313_ARS_LEI,2021_22,2022-03-13,ARS,LEI,0,0.5862944162436549,1.63,0.6261224615028811
2021_22_20220313_CHE_NEW,2021_22,2022-03-13,CHE,NEW,0,0.5581395348837209,1.71,0.507764633761411
2021_22_20220313_EVE_WOL,2021_22,2022-03-13,EVE,WOL,0,0.4147582697201017,2.3,0.4696769309076933
2021_22_20220313_LEE_NOR,2021_22,2022-03-13,LEE,NOR,1,0.5717948717948719,1.67,0.5010586620108994
2021_22_20220313_SOU_WAT,2021_22,2022-03-13,SOU,WAT,1,0.5274151436031332,1.81,0.4867687452764926
2021_22_20220313_WHU_AVL,2021_22,2022-03-13,WHU,AVL,1,0.4895287958115184,1.95,0.5383476331130562
2021_22_20220314_CRY_MCI,2021_22,2022-03-14,CRY,MCI,0,0.5692307692307692,1.68,0.6009427054275671
2021_22_20220316_ARS_LIV,2021_22,2022-03-16,ARS,LIV,0,0.5555555555555556,1.72,0.6435331841315343
2021_22_20220316_BRI_TOT,2021_22,2022-03-16,BRI,TOT,0,0.4571428571428572,2.09,0.547204574142946
2021_22_20220317_EVE_NEW,2021_22,2022-03-17,EVE,NEW,0,0.4830287206266319,1.98,0.4814552011761544
2021_22_20220318_WOL_LEE,2021_22,2022-03-18,WOL,LEE,1,0.4908616187989557,1.95,0.5284431024716194
2021_22_20220319_AVL_ARS,2021_22,2022-03-19,AVL,ARS,0,0.5117493472584856,1.87,0.5258483102595166
2021_22_20220320_LEI_BRE,2021_22,2022-03-20,LEI,BRE,1,0.5039164490861618,1.9,0.5140504626125706
2021_22_20220320_TOT_WHU,2021_22,2022-03-20,TOT,WHU,1,0.5518134715025906,1.73,0.5552546366584746
2021_22_20220402_BRI_NOR,2021_22,2022-04-02,BRI,NOR,0,0.4661458333333333,2.05,0.43843665362440165
2021_22_20220402_BUR_MCI,2021_22,2022-04-02,BUR,MCI,0,0.6005025125628142,1.59,0.5709623310524364
2021_22_20220402_CHE_BRE,2021_22,2022-04-02,CHE,BRE,1,0.5052356020942408,1.89,0.49927807330658264
2021_22_20220402_LEE_SOU,2021_22,2022-04-02,LEE,SOU,0,0.5862944162436549,1.63,0.5096632526432963
2021_22_20220402_LIV_WAT,2021_22,2022-04-02,LIV,WAT,0,0.7045951859956237,1.35,0.5325823193559407
2021_22_20220402_MUN_LEI,2021_22,2022-04-02,MUN,LEI,0,0.6090225563909775,1.56,0.5658279646821326
2021_22_20220402_WOL_AVL,2021_22,2022-04-02,WOL,AVL,1,0.4020100502512562,2.38,0.4804504198694099
2021_22_20220403_TOT_NEW,2021_22,2022-04-03,TOT,NEW,1,0.53125,1.8,0.49543948885168076
2021_22_20220403_WHU_EVE,2021_22,2022-04-03,WHU,EVE,1,0.4934725848563968,1.94,0.5292494527229805
2021_22_20220404_CRY_ARS,2021_22,2022-04-04,CRY,ARS,1,0.4481865284974093,2.13,0.5150252387072307
2021_22_20220406_BUR_EVE,2021_22,2022-04-06,BUR,EVE,1,0.4245524296675191,2.25,0.4953262212992319
2021_22_20220408_NEW_WOL,2021_22,2022-04-08,NEW,WOL,0,0.3984962406015038,2.4,0.4731773664032748
2021_22_20220409_ARS_BRI,2021_22,2022-04-09,ARS,BRI,1,0.4738219895287958,2.01,0.488346865491432
2021_22_20220409_AVL_TOT,2021_22,2022-04-09,AVL,TOT,1,0.5169712793733681,1.85,0.5352903620173258
2021_22_20220409_EVE_MUN,2021_22,2022-04-09,EVE,MUN,0,0.5208333333333334,1.84,0.5116929716154354
2021_22_20220409_SOU_CHE,2021_22,2022-04-09,SOU,CHE,1,0.4947916666666667,1.94,0.5479440083868528
2021_22_20220409_WAT_LEE,2021_22,2022-04-09,WAT,LEE,1,0.5402597402597403,1.77,0.5199401448702692
2021_22_20220410_BRE_WHU,2021_22,2022-04-10,BRE,WHU,0,0.4609375,2.07,0.4863299844022444
2021_22_20220410_LEI_CRY,2021_22,2022-04-10,LEI,CRY,1,0.4908616187989557,1.95,0.48497077977178454
2021_22_20220410_MCI_LIV,2021_22,2022-04-10,MCI,LIV,1,0.5618556701030928,1.7,0.6640135120140211
2021_22_20220410_NOR_BUR,2021_22,2022-04-10,NOR,BUR,0,0.4122137404580152,2.31,0.4256218507855778
2021_22_20220416_MUN_NOR,2021_22,2022-04-16,MUN,NOR,1,0.6299019607843138,1.51,0.5124803922500079
2021_22_20220416_SOU_ARS,2021_22,2022-04-16,SOU,ARS,0,0.5091383812010444,1.88,0.572842441295318
2021_22_20220416_TOT_BRI,2021_22,2022-04-16,TOT,BRI,0,0.5104712041884817,1.87,0.5197292463980162
2021_22_20220416_WAT_BRE,2021_22,2022-04-16,WAT,BRE,1,0.4507772020725388,2.12,0.4547786961914295
2021_22_20220417_NEW_LEI,2021_22,2022-04-17,NEW,LEI,1,0.4960835509138382,1.93,0.5421463132523066
2021_22_20220417_WHU_BUR,2021_22,2022-04-17,WHU,BUR,0,0.4921465968586388,1.94,0.45059113665889017
2021_22_20220419_LIV_MUN,2021_22,2022-04-19,LIV,MUN,1,0.6341463414634148,1.5,0.6108022379319595
2021_22_20220420_CHE_ARS,2021_22,2022-04-20,CHE,ARS,1,0.4687499999999999,2.04,0.566942106867402
2021_22_20220420_EVE_LEI,2021_22,2022-04-20,EVE,LEI,0,0.5013054830287206,1.91,0.5092196423311441
2021_22_20220420_MCI_BRI,2021_22,2022-04-20,MCI,BRI,1,0.5852417302798981,1.63,0.5449473765000404
2021_22_20220420_NEW_CRY,2021_22,2022-04-20,NEW,CRY,0,0.4333333333333333,2.21,0.4905692348122327
2021_22_20220421_BUR_SOU,2021_22,2022-04-21,BUR,SOU,0,0.4908616187989557,1.95,0.46854401129128703
2021_22_20220423_ARS_MUN,2021_22,2022-04-23,ARS,MUN,1,0.5286458333333333,1.81,0.5743442493043961
2021_22_20220423_BRE_TOT,2021_22,2022-04-23,BRE,TOT,0,0.5143603133159269,1.86,0.537953363468143
2021_22_20220423_LEI_AVL,2021_22,2022-04-23,LEI,AVL,0,0.5234374999999999,1.83,0.49687849108145943
2021_22_20220423_MCI_WAT,2021_22,2022-04-23,MCI,WAT,1,0.6870748299319728,1.38,0.5611028421341429
2021_22_20220423_NOR_NEW,2021_22,2022-04-23,NOR,NEW,1,0.4908616187989557,1.95,0.42875513475100835
2021_22_20220424_BRI_SOU,2021_22,2022-04-24,BRI,SOU,1,0.4739583333333334,2.02,0.42730731788155757
2021_22_20220424_BUR_WOL,2021_22,2022-04-24,BUR,WOL,0,0.399497487437186,2.39,0.4217563491807274
2021_22_20220424_CHE_WHU,2021_22,2022-04-24,CHE,WHU,0,0.5286458333333333,1.81,0.5467815993083666
2021_22_20220424_LIV_EVE,2021_22,2022-04-24,LIV,EVE,0,0.6579572446555819,1.44,0.5952102849026462
2021_22_20220425_CRY_LEE,2021_22,2022-04-25,CRY,LEE,0,0.5221932114882506,1.83,0.5216166443117715
2021_22_20220428_MUN_CHE,2021_22,2022-04-28,MUN,CHE,0,0.5260416666666667,1.82,0.5841268572174068
2021_22_20220430_AVL_NOR,2021_22,2022-04-30,AVL,NOR,0,0.5644329896907216,1.69,0.4948270778602506
2021_22_20220430_LEE_MCI,2021_22,2022-04-30,LEE,MCI,1,0.6457831325301205,1.47,0.5843169696756455
2021_22_20220430_NEW_LIV,2021_22,2022-04-30,NEW,LIV,0,0.5644329896907216,1.69,0.5698391875762226
2021_22_20220430_SOU_CRY,2021_22,2022-04-30,SOU,CRY,1,0.4791666666666667,2.0,0.4822187564200798
2021_22_20220430_WAT_BUR,2021_22,2022-04-30,WAT,BUR,1,0.4623376623376624,2.07,0.4537649995113415
2021_22_20220430_WOL_BRI,2021_22,2022-04-30,WOL,BRI,1,0.3821339950372208,2.49,0.4525891163787153
2021_22_20220501_EVE_CHE,2021_22,2022-05-01,EVE,CHE,0,0.4830287206266319,1.98,0.5021247038879265
2021_22_20220501_TOT_LEI,2021_22,2022-05-01,TOT,LEI,1,0.6005025125628142,1.59,0.5909289870876063
2021_22_20220501_WHU_ARS,2021_22,2022-05-01,WHU,ARS,1,0.5143603133159269,1.86,0.549942467950771
2021_22_20220502_MUN_BRE,2021_22,2022-05-02,MUN,BRE,1,0.5442708333333333,1.75,0.5237626210976163
2021_22_20220507_BRE_SOU,2021_22,2022-05-07,BRE,SOU,1,0.4960835509138382,1.93,0.48439169750208594
2021_22_20220507_BRI_MUN,2021_22,2022-05-07,BRI,MUN,1,0.4960835509138382,1.93,0.4594590137227565
2021_22_20220507_BUR_AVL,2021_22,2022-05-07,BUR,AVL,1,0.4673629242819843,2.04,0.43661472686880837
2021_22_20220507_CHE_WOL,2021_22,2022-05-07,CHE,WOL,1,0.5065274151436031,1.89,0.5132449611367004
2021_22_20220507_CRY_WAT,2021_22,2022-05-07,CRY,WAT,0,0.4908616187989557,1.95,0.478089831705196
2021_22_20220507_LIV_TOT,2021_22,2022-05-07,LIV,TOT,0,0.6144278606965174,1.55,0.6526308470727479
2021_22_20220508_ARS_LEE,2021_22,2022-05-08,ARS,LEE,1,0.6040100250626567,1.58,0.5562017973251502
2021_22_20220508_LEI_EVE,2021_22,2022-05-08,LEI,EVE,1,0.4830287206266319,1.98,0.526700201886683
2021_22_20220508_MCI_NEW,2021_22,2022-05-08,MCI,NEW,1,0.6442307692307693,1.48,0.583080973474003
2021_22_20220508_NOR_WHU,2021_22,2022-05-08,NOR,WHU,1,0.5234374999999999,1.83,0.4676188414295162
2021_22_20220510_AVL_LIV,2021_22,2022-05-10,AVL,LIV,1,0.5862944162436549,1.63,0.5882370072157205
2021_22_20220511_LEE_CHE,2021_22,2022-05-11,LEE,CHE,1,0.5816326530612244,1.64,0.5500463269091103
2021_22_20220511_LEI_NOR,2021_22,2022-05-11,LEI,NOR,1,0.5924050632911392,1.61,0.47869692025844984
2021_22_20220511_WAT_EVE,2021_22,2022-05-11,WAT,EVE,0,0.5013054830287206,1.91,0.5062148830824015
2021_22_20220511_WOL_MCI,2021_22,2022-05-11,WOL,MCI,1,0.5743589743589743,1.66,0.595415597127264
2021_22_20220512_TOT_ARS,2021_22,2022-05-12,TOT,ARS,1,0.5352480417754569,1.78,0.6301807344207563
2021_22_20220515_AVL_CRY,2021_22,2022-05-15,AVL,CRY,0,0.5065274151436031,1.89,0.4844485588295712
2021_22_20220515_EVE_BRE,2021_22,2022-05-15,EVE,BRE,1,0.4804177545691906,1.99,0.4903118747963787
2021_22_20220515_LEE_BRI,2021_22,2022-05-15,LEE,BRI,0,0.5195822454308094,1.84,0.4606433126157234
2021_22_20220515_TOT_BUR,2021_22,2022-05-15,TOT,BUR,0,0.602015113350126,1.58,0.5644645567551062
2021_22_20220515_WAT_LEI,2021_22,2022-05-15,WAT,LEI,1,0.5402597402597403,1.77,0.5029714950528199
2021_22_20220515_WHU_MCI,2021_22,2022-05-15,WHU,MCI,1,0.6159600997506234,1.54,0.6016154399428099
2021_22_20220515_WOL_NOR,2021_22,2022-05-15,WOL,NOR,0,0.5221932114882506,1.83,0.46578451940191445
2021_22_20220516_NEW_ARS,2021_22,2022-05-16,NEW,ARS,0,0.5157068062827225,1.85,0.5098269555180476
2021_22_20220517_SOU_LIV,2021_22,2022-05-17,SOU,LIV,1,0.6595744680851063,1.44,0.5507774666425311
2021_22_20220519_AVL_BUR,2021_22,2022-05-19,AVL,BUR,0,0.4895287958115184,1.95,0.4402579862594493
2021_22_20220519_CHE_LEI,2021_22,2022-05-19,CHE,LEI,0,0.5852417302798981,1.63,0.5847738557421616
2021_22_20220519_EVE_CRY,2021_22,2022-05-19,EVE,CRY,1,0.4673629242819843,2.04,0.4804102338106936
2021_22_20220522_ARS_EVE,2021_22,2022-05-22,ARS,EVE,1,0.606516290726817,1.57,0.5398421423153511
2021_22_20220522_BRE_LEE,2021_22,2022-05-22,BRE,LEE,1,0.595959595959596,1.6,0.5471868398143732
2021_22_20220522_BRI_WHU,2021_22,2022-05-22,BRI,WHU,1,0.5416666666666667,1.76,0.4685558463171572
2021_22_20220522_BUR_NEW,2021_22,2022-05-22,BUR,NEW,1,0.4986945169712793,1.92,0.46140580554338045
2021_22_20220522_CHE_WAT,2021_22,2022-05-22,CHE,WAT,1,0.6587677725118484,1.44,0.5349325130398446
2021_22_20220522_CRY_MUN,2021_22,2022-05-22,CRY,MUN,0,0.5492227979274612,1.74,0.5163668217643129
2021_22_20220522_LEI_SOU,2021_22,2022-05-22,LEI,SOU,1,0.602015113350126,1.58,0.5021756729381298
2021_22_20220522_LIV_WOL,2021_22,2022-05-22,LIV,WOL,1,0.6635294117647058,1.43,0.5460509111385984
2021_22_20220522_MCI_AVL,2021_22,2022-05-22,MCI,AVL,1,0.6627358490566039,1.43,0.5694201795658116
2021_22_20220522_NOR_TOT,2021_22,2022-05-22,NOR,TOT,1,0.6595744680851063,1.44,0.5406699555157425
2022_23_20220805_CRY_ARS,2022_23,2022-08-05,CRY,ARS,0,0.4571428571428572,2.09,0.5153494493399327
2022_23_20220806_BOU_AVL,2022_23,2022-08-06,BOU,AVL,0,0.4699738903394256,2.03,0.47575885482590097
2022_23_20220806_EVE_CHE,2022_23,2022-08-06,EVE,CHE,0,0.4804177545691906,1.99,0.5657992486123109
2022_23_20220806_FUL_LIV,2022_23,2022-08-06,FUL,LIV,1,0.6399026763990268,1.48,0.5442284693529551
2022_23_20220806_LEE_WOL,2022_23,2022-08-06,LEE,WOL,1,0.4713541666666666,2.03,0.4652917121358324
2022_23_20220806_NEW_NFO,2022_23,2022-08-06,NEW,NFO,0,0.4713541666666666,2.03,0.4808697039190666
2022_23_20220806_TOT_SOU,2022_23,2022-08-06,TOT,SOU,1,0.5924050632911392,1.61,0.5287297391879713
2022_23_20220807_LEI_BRE,2022_23,2022-08-07,LEI,BRE,1,0.5402597402597403,1.77,0.5012325363294967
2022_23_20220807_MUN_BRI,2022_23,2022-08-07,MUN,BRI,1,0.5052356020942408,1.89,0.4794759946443781
2022_23_20220807_WHU_MCI,2022_23,2022-08-07,WHU,MCI,0,0.6159600997506234,1.54,0.5956012293459552
2022_23_20220813_ARS_LEI,2022_23,2022-08-13,ARS,LEI,1,0.5666666666666667,1.69,0.5684500057270085
2022_23_20220813_AVL_EVE,2022_23,2022-08-13,AVL,EVE,1,0.4597402597402597,2.08,0.47259341372389596
2022_23_20220813_BRE_MUN,2022_23,2022-08-13,BRE,MUN,1,0.5260416666666667,1.82,0.5409253107323417
2022_23_20220813_BRI_NEW,2022_23,2022-08-13,BRI,NEW,0,0.4481865284974093,2.13,0.42816692250418087
2022_23_20220813_MCI_BOU,2022_23,2022-08-13,MCI,BOU,1,0.7158119658119658,1.33,0.6257957705337872
2022_23_20220813_SOU_LEE,2022_23,2022-08-13,SOU,LEE,1,0.5518134715025906,1.73,0.5382239174546406
2022_23_20220813_WOL_FUL,2022_23,2022-08-13,WOL,FUL,0,0.4533678756476684,2.11,0.4367825400506212
2022_23_20220814_CHE_TOT,2022_23,2022-08-14,CHE,TOT,1,0.4934725848563968,1.94,0.5899062987600551
2022_23_20220814_NFO_WHU,2022_23,2022-08-14,NFO,WHU,0,0.5039164490861618,1.9,0.4240004613956052
2022_23_20220815_LIV_CRY,2022_23,2022-08-15,LIV,CRY,0,0.6134663341645885,1.55,0.5593927553787108
2022_23_20220820_BOU_ARS,2022_23,2022-08-20,BOU,ARS,1,0.5428571428571429,1.76,0.553803334343456
2022_23_20220820_CRY_AVL,2022_23,2022-08-20,CRY,AVL,1,0.4355670103092783,2.19,0.4655668628982423
2022_23_20220820_EVE_NFO,2022_23,2022-08-20,EVE,NFO,0,0.4635416666666666,2.06,0.39665780122368155
2022_23_20220820_FUL_BRE,2022_23,2022-08-20,FUL,BRE,1,0.4960835509138382,1.93,0.438890319406813
2022_23_20220820_LEI_SOU,2022_23,2022-08-20,LEI,SOU,1,0.5841836734693877,1.63,0.49610512328064527
2022_23_20220820_TOT_WOL,2022_23,2022-08-20,TOT,WOL,0,0.5529715762273902,1.73,0.48124435814225447
2022_23_20220821_LEE_CHE,2022_23,2022-08-21,LEE,CHE,1,0.5681233933161953,1.68,0.5580440454316081
2022_23_20220821_NEW_MCI,2022_23,2022-08-21,NEW,MCI,1,0.578005115089514,1.65,0.5860010768290967
2022_23_20220821_WHU_BRI,2022_23,2022-08-21,WHU,BRI,0,0.4855643044619423,1.96,0.46369311479425973
2022_23_20220822_MUN_LIV,2022_23,2022-08-22,MUN,LIV,1,0.6323529411764707,1.5,0.6085233836387236
2022_23_20220827_ARS_FUL,2022_23,2022-08-27,ARS,FUL,1,0.637469586374696,1.49,0.5030836757929781
2022_23_20220827_BRE_EVE,2022_23,2022-08-27,BRE,EVE,0,0.4687499999999999,2.04,0.4937003925599959
2022_23_20220827_BRI_LEE,2022_23,2022-08-27,BRI,LEE,0,0.5248041775456919,1.82,0.4998884329039799
2022_23_20220827_CHE_LEI,2022_23,2022-08-27,CHE,LEI,1,0.5816326530612244,1.64,0.5561909345758891
2022_23_20220827_LIV_BOU,2022_23,2022-08-27,LIV,BOU,1,0.6991150442477876,1.36,0.604330966280183
2022_23_20220827_MCI_CRY,2022_23,2022-08-27,MCI,CRY,1,0.6563981042654028,1.45,0.602102639710174
2022_23_20220827_SOU_MUN,2022_23,2022-08-27,SOU,MUN,0,0.6005025125628142,1.59,0.5221437398929965
2022_23_20220828_AVL_WHU,2022_23,2022-08-28,AVL,WHU,0,0.5091383812010444,1.88,0.5088497649356534
2022_23_20220828_NFO_TOT,2022_23,2022-08-28,NFO,TOT,0,0.5492227979274612,1.74,0.4828170427338277
2022_23_20220828_WOL_NEW,2022_23,2022-08-28,WOL,NEW,0,0.4533678756476684,2.11,0.4627500945022797
2022_23_20220830_CRY_BRE,2022_23,2022-08-30,CRY,BRE,0,0.4585492227979275,2.09,0.48217623809186355
2022_23_20220830_FUL_BRI,2022_23,2022-08-30,FUL,BRI,1,0.4765625,2.01,0.4225993206957878
2022_23_20220830_LEE_EVE,2022_23,2022-08-30,LEE,EVE,0,0.5195822454308094,1.84,0.49203205609989586
2022_23_20220830_SOU_CHE,2022_23,2022-08-30,SOU,CHE,1,0.5466321243523315,1.75,0.5375314310203846
2022_23_20220831_ARS_AVL,2022_23,2022-08-31,ARS,AVL,1,0.5466321243523315,1.75,0.5050228874886913
2022_23_20220831_BOU_WOL,2022_23,2022-08-31,BOU,WOL,0,0.4533678756476684,2.11,0.5122988080990691
2022_23_20220831_LIV_NEW,2022_23,2022-08-31,LIV,NEW,1,0.6365853658536585,1.49,0.5437648703549862
2022_23_20220831_MCI_NFO,2022_23,2022-08-31,MCI,NFO,1,0.7664783427495293,1.24,0.5205026602174885
2022_23_20220831_WHU_TOT,2022_23,2022-08-31,WHU,TOT,0,0.5454545454545455,1.75,0.5597400597371017
2022_23_20220901_LEI_MUN,2022_23,2022-09-01,LEI,MUN,0,0.5852417302798981,1.63,0.5823171229324322
2022_23_20220903_AVL_MCI,2022_23,2022-09-03,AVL,MCI,0,0.625615763546798,1.52,0.6033066274534556
2022_23_20220903_BRE_LEE,2022_23,2022-09-03,BRE,LEE,1,0.5454545454545455,1.75,0.5451954275848311
2022_23_20220903_CHE_WHU,2022_23,2022-09-03,CHE,WHU,1,0.5492227979274612,1.74,0.5898501437758066
2022_23_20220903_EVE_LIV,2022_23,2022-09-03,EVE,LIV,0,0.6030150753768844,1.58,0.5768199382059163
2022_23_20220903_NEW_CRY,2022_23,2022-09-03,NEW,CRY,0,0.4661458333333333,2.05,0.4545163389009224
2022_23_20220903_NFO_BOU,2022_23,2022-09-03,NFO,BOU,1,0.4545454545454546,2.1,0.4521844286182536
2022_23_20220903_TOT_FUL,2022_23,2022-09-03,TOT,FUL,1,0.5888324873096447,1.62,0.5135348097454902
2022_23_20220903_WOL_SOU,2022_23,2022-09-03,WOL,SOU,0,0.4725848563968668,2.02,0.4808262127340623
2022_23_20220904_BRI_LEI,2022_23,2022-09-04,BRI,LEI,1,0.4856396866840731,1.97,0.5090134267422977
2022_23_20220904_MUN_ARS,2022_23,2022-09-04,MUN,ARS,1,0.5618556701030928,1.7,0.5748407762563694
2022_23_20220916_AVL_SOU,2022_23,2022-09-16,AVL,SOU,0,0.5195822454308094,1.84,0.5050702782209402
2022_23_20220916_NFO_FUL,2022_23,2022-09-16,NFO,FUL,1,0.5078534031413613,1.88,0.4361292403011535
2022_23_20220917_NEW_BOU,2022_23,2022-09-17,NEW,BOU,0,0.5248041775456919,1.82,0.4754509826137871
2022_23_20220917_TOT_LEI,2022_23,2022-09-17,TOT,LEI,1,0.6005025125628142,1.59,0.5803185164268811
2022_23_20220917_WOL_MCI,2022_23,2022-09-17,WOL,MCI,1,0.602015113350126,1.58,0.575358237729431
2022_23_20220918_BRE_ARS,2022_23,2022-09-18,BRE,ARS,1,0.5681233933161953,1.68,0.5559668458086475
2022_23_20220918_EVE_WHU,2022_23,2022-09-18,EVE,WHU,0,0.4699738903394256,2.03,0.548935072220267
2022_23_20221001_ARS_TOT,2022_23,2022-10-01,ARS,TOT,1,0.5581395348837209,1.71,0.6006772897577782
2022_23_20221001_BOU_BRE,2022_23,2022-10-01,BOU,BRE,0,0.4804177545691906,1.99,0.5331923532303073
2022_23_20221001_CRY_CHE,2022_23,2022-10-01,CRY,CHE,1,0.4673629242819843,2.04,0.5083355174728642
2022_23_20221001_FUL_NEW,2022_23,2022-10-01,FUL,NEW,1,0.5078534031413613,1.88,0.432084640186599
2022_23_20221001_LIV_BRI,2022_23,2022-10-01,LIV,BRI,1,0.6119402985074627,1.56,0.5303597589967556
2022_23_20221001_SOU_EVE,2022_23,2022-10-01,SOU,EVE,1,0.4778067885117493,2.0,0.5388641789165171
2022_23_20221001_WHU_WOL,2022_23,2022-10-01,WHU,WOL,0,0.441860465116279,2.16,0.501259081318177
2022_23_20221002_LEE_AVL,2022_23,2022-10-02,LEE,AVL,0,0.5248041775456919,1.82,0.5120896887998789
2022_23_20221002_MCI_MUN,2022_23,2022-10-02,MCI,MUN,1,0.6595744680851063,1.44,0.6342326389230263
2022_23_20221003_LEI_NFO,2022_23,2022-10-03,LEI,NFO,1,0.570694087403599,1.67,0.5701405525987767
2022_23_20221008_BOU_LEI,2022_23,2022-10-08,BOU,LEI,1,0.5195822454308094,1.84,0.5289206773871518
2022_23_20221008_BRI_TOT,2022_23,2022-10-08,BRI,TOT,0,0.5156249999999999,1.86,0.5057652469086031
2022_23_20221008_CHE_WOL,2022_23,2022-10-08,CHE,WOL,1,0.5195822454308094,1.84,0.5147156938367321
2022_23_20221008_MCI_SOU,2022_23,2022-10-08,MCI,SOU,1,0.7572815533980582,1.25,0.6261931968543982
2022_23_20221008_NEW_BRE,2022_23,2022-10-08,NEW,BRE,1,0.5402597402597403,1.77,0.5131879792618207
2022_23_20221009_ARS_LIV,2022_23,2022-10-09,ARS,LIV,1,0.5979899497487436,1.6,0.6231856470913678
2022_23_20221009_CRY_LEE,2022_23,2022-10-09,CRY,LEE,1,0.5182291666666667,1.85,0.5122254702852956
2022_23_20221009_EVE_MUN,2022_23,2022-10-09,EVE,MUN,1,0.5182291666666667,1.85,0.5138769207998028
2022_23_20221009_WHU_FUL,2022_23,2022-10-09,WHU,FUL,1,0.53125,1.8,0.4380234402334488
2022_23_20221010_NFO_AVL,2022_23,2022-10-10,NFO,AVL,0,0.4765625,2.01,0.5125240432215246
2022_23_20221014_BRE_BRI,2022_23,2022-10-14,BRE,BRI,0,0.4947643979057591,1.93,0.4667227482877722
2022_23_20221015_FUL_BOU,2022_23,2022-10-15,FUL,BOU,1,0.5026178010471204,1.9,0.5226801285531417
2022_23_20221015_LEI_CRY,2022_23,2022-10-15,LEI,CRY,0,0.5169712793733681,1.85,0.5323455376606449
2022_23_20221015_TOT_EVE,2022_23,2022-10-15,TOT,EVE,0,0.5416666666666667,1.76,0.5878711900133478
2022_23_20221015_WOL_NFO,2022_23,2022-10-15,WOL,NFO,0,0.4739583333333334,2.02,0.44453810027559826
2022_23_20221016_AVL_CHE,2022_23,2022-10-16,AVL,CHE,0,0.4803149606299213,1.98,0.5168400245689667
2022_23_20221016_LEE_ARS,2022_23,2022-10-16,LEE,ARS,0,0.5877862595419847,1.62,0.5720056274469343
2022_23_20221016_LIV_MCI,2022_23,2022-10-16,LIV,MCI,0,0.6490384615384616,1.46,0.667851457380811
2022_23_20221016_MUN_NEW,2022_23,2022-10-16,MUN,NEW,0,0.5618556701030928,1.7,0.49191236632511043
2022_23_20221016_SOU_WHU,2022_23,2022-10-16,SOU,WHU,0,0.4960835509138382,1.93,0.5287537451924647
2022_23_20221018_BRI_NFO,2022_23,2022-10-18,BRI,NFO,0,0.5428571428571429,1.76,0.45002094085222705
2022_23_20221018_CRY_WOL,2022_23,2022-10-18,CRY,WOL,1,0.3924999999999999,2.43,0.4379582683787723
2022_23_20221019_BOU_SOU,2022_23,2022-10-19,BOU,SOU,0,0.4647519582245431,2.05,0.4985764839056119
2022_23_20221019_BRE_CHE,2022_23,2022-10-19,BRE,CHE,0,0.5195822454308094,1.84,0.5757219268603596
2022_23_20221019_LIV_WHU,2022_23,2022-10-19,LIV,WHU,0,0.625615763546798,1.52,0.6224822342052587
2022_23_20221019_MUN_TOT,2022_23,2022-10-19,MUN,TOT,0,0.5518134715025906,1.73,0.555357180572679
2022_23_20221019_NEW_EVE,2022_23,2022-10-19,NEW,EVE,0,0.5078534031413613,1.88,0.4877191572989221
2022_23_20221020_FUL_AVL,2022_23,2022-10-20,FUL,AVL,1,0.4921465968586388,1.94,0.4900322221451173
2022_23_20221020_LEI_LEE,2022_23,2022-10-20,LEI,LEE,0,0.5544041450777203,1.72,0.562184894313154
2022_23_20221022_CHE_MUN,2022_23,2022-10-22,CHE,MUN,0,0.5117493472584856,1.87,0.531755068203046
2022_23_20221022_EVE_CRY,2022_23,2022-10-22,EVE,CRY,1,0.4293059125964009,2.22,0.4991126645975116
2022_23_20221022_MCI_BRI,2022_23,2022-10-22,MCI,BRI,1,0.6457831325301205,1.47,0.5662828511886172
2022_23_20221022_NFO_LIV,2022_23,2022-10-22,NFO,LIV,0,0.635036496350365,1.5,0.5603987404634208
2022_23_20221023_AVL_BRE,2022_23,2022-10-23,AVL,BRE,1,0.5026178010471204,1.9,0.5153989776259402
2022_23_20221023_LEE_FUL,2022_23,2022-10-23,LEE,FUL,1,0.5518134715025906,1.73,0.47154831819890203
2022_23_20221023_SOU_ARS,2022_23,2022-10-23,SOU,ARS,0,0.570694087403599,1.67,0.5434496188394374
2022_23_20221023_TOT_NEW,2022_23,2022-10-23,TOT,NEW,1,0.5117493472584856,1.87,0.5297314843607771
2022_23_20221023_WOL_LEI,2022_23,2022-10-23,WOL,LEI,1,0.4908616187989557,1.95,0.5098177565059249
2022_23_20221024_WHU_BOU,2022_23,2022-10-24,WHU,BOU,0,0.4947643979057591,1.93,0.5460317735204085
2022_23_20221029_BOU_TOT,2022_23,2022-10-29,BOU,TOT,1,0.5013123359580053,1.9,0.562062095993496
2022_23_20221029_BRE_WOL,2022_23,2022-10-29,BRE,WOL,0,0.486910994764398,1.96,0.4757580073581321
2022_23_20221029_BRI_CHE,2022_23,2022-10-29,BRI,CHE,1,0.4659685863874345,2.04,0.5486163454301908
2022_23_20221029_CRY_SOU,2022_23,2022-10-29,CRY,SOU,0,0.4699738903394256,2.03,0.4801830016379077
2022_23_20221029_FUL_EVE,2022_23,2022-10-29,FUL,EVE,0,0.5170603674540682,1.84,0.48058831072407965
2022_23_20221029_LEI_MCI,2022_23,2022-10-29,LEI,MCI,0,0.6563245823389022,1.44,0.6314052945790876
2022_23_20221029_LIV_LEE,2022_23,2022-10-29,LIV,LEE,1,0.6986607142857143,1.35,0.6323771152177188
2022_23_20221029_NEW_AVL,2022_23,2022-10-29,NEW,AVL,1,0.4986876640419947,1.91,0.4622490271246157
2022_23_20221030_ARS_NFO,2022_23,2022-10-30,ARS,NFO,1,0.6314496314496314,1.5,0.5472894602653955
2022_23_20221030_MUN_WHU,2022_23,2022-10-30,MUN,WHU,0,0.5261780104712042,1.81,0.551340540808877
2022_23_20221105_EVE_LEI,2022_23,2022-11-05,EVE,LEI,0,0.4725848563968668,2.02,0.5669289217063277
2022_23_20221105_LEE_BOU,2022_23,2022-11-05,LEE,BOU,1,0.5338541666666666,1.79,0.5372385611519038
2022_23_20221105_MCI_FUL,2022_23,2022-11-05,MCI,FUL,1,0.7490118577075099,1.27,0.5975014670562163
2022_23_20221105_NFO_BRE,2022_23,2022-11-05,NFO,BRE,1,0.4804177545691906,1.99,0.48157591388329335
2022_23_20221105_WOL_BRI,2022_23,2022-11-05,WOL,BRI,1,0.4545454545454546,2.1,0.4407612288480447
2022_23_20221106_AVL_MUN,2022_23,2022-11-06,AVL,MUN,1,0.5078534031413613,1.88,0.5286682467681783
2022_23_20221106_CHE_ARS,2022_23,2022-11-06,CHE,ARS,0,0.5065274151436031,1.89,0.5833296497288836
2022_23_20221106_SOU_NEW,2022_23,2022-11-06,SOU,NEW,1,0.5026178010471204,1.9,0.4691260539368973
2022_23_20221106_TOT_LIV,2022_23,2022-11-06,TOT,LIV,1,0.5658914728682171,1.68,0.6642017570912201
2022_23_20221106_WHU_CRY,2022_23,2022-11-06,WHU,CRY,1,0.4545454545454546,2.1,0.4921460058690245
2022_23_20221112_BOU_EVE,2022_23,2022-11-12,BOU,EVE,1,0.4444444444444444,2.15,0.5182259772957406
2022_23_20221112_LIV_SOU,2022_23,2022-11-12,LIV,SOU,1,0.6736111111111112,1.41,0.6050896997161592
2022_23_20221112_MCI_BRE,2022_23,2022-11-12,MCI,BRE,1,0.7074235807860262,1.34,0.6593285430822166
2022_23_20221112_NEW_CHE,2022_23,2022-11-12,NEW,CHE,0,0.4960835509138382,1.93,0.538622795865679
2022_23_20221112_NFO_CRY,2022_23,2022-11-12,NFO,CRY,0,0.4366925064599483,2.18,0.4777110001836851
2022_23_20221112_TOT_LEE,2022_23,2022-11-12,TOT,LEE,1,0.5913705583756345,1.61,0.5829950463972062
2022_23_20221112_WHU_LEI,2022_23,2022-11-12,WHU,LEI,0,0.4947643979057591,1.93,0.5853656923946063
2022_23_20221112_WOL_ARS,2022_23,2022-11-12,WOL,ARS,0,0.5352480417754569,1.78,0.5211544568327218
2022_23_20221113_BRI_AVL,2022_23,2022-11-13,BRI,AVL,1,0.5,1.91,0.4502120164729791
2022_23_20221113_FUL_MUN,2022_23,2022-11-13,FUL,MUN,1,0.5831202046035805,1.63,0.5180137319543549
2022_23_20221226_ARS_WHU,2022_23,2022-12-26,ARS,WHU,1,0.5390625,1.77,0.5748429884807078
2022_23_20221226_AVL_LIV,2022_23,2022-12-26,AVL,LIV,1,0.5790816326530612,1.65,0.5608378639358801
2022_23_20221226_BRE_TOT,2022_23,2022-12-26,BRE,TOT,1,0.5275590551181102,1.8,0.5605829075403822
2022_23_20221226_CRY_FUL,2022_23,2022-12-26,CRY,FUL,1,0.4842931937172774,1.97,0.4620186678131822
2022_23_20221226_EVE_WOL,2022_23,2022-12-26,EVE,WOL,1,0.4329896907216495,2.2,0.43398950221902916
2022_23_20221226_LEI_NEW,2022_23,2022-12-26,LEI,NEW,1,0.5221932114882506,1.83,0.5080348465848136
2022_23_20221226_SOU_BRI,2022_23,2022-12-26,SOU,BRI,1,0.5,1.89,0.44550937225888837
2022_23_20221227_CHE_BOU,2022_23,2022-12-27,CHE,BOU,0,0.5732647814910026,1.66,0.5587067706834397
2022_23_20221227_MUN_NFO,2022_23,2022-12-27,MUN,NFO,1,0.5805626598465473,1.64,0.5275523796955764
2022_23_20221228_LEE_MCI,2022_23,2022-12-28,LEE,MCI,1,0.664319248826291,1.43,0.6459160842560383
2022_23_20221230_LIV_LEI,2022_23,2022-12-30,LIV,LEI,1,0.660377358490566,1.44,0.6133448974370433
2022_23_20221230_WHU_BRE,2022_23,2022-12-30,WHU,BRE,0,0.4947643979057591,1.93,0.5098397068506583
2022_23_20221231_BOU_CRY,2022_23,2022-12-31,BOU,CRY,0,0.4481865284974093,2.13,0.47689505836731844
2022_23_20221231_BRI_ARS,2022_23,2022-12-31,BRI,ARS,1,0.5208333333333334,1.84,0.5329240619663369
2022_23_20221231_FUL_SOU,2022_23,2022-12-31,FUL,SOU,1,0.548051948051948,1.74,0.4585825532688585
2022_23_20221231_MCI_EVE,2022_23,2022-12-31,MCI,EVE,0,0.6877828054298643,1.38,0.6144370273425442
2022_23_20221231_NEW_LEE,2022_23,2022-12-31,NEW,LEE,0,0.5826972010178116,1.64,0.47041582101442037
2022_23_20221231_WOL_MUN,2022_23,2022-12-31,WOL,MUN,0,0.4856396866840731,1.97,0.5034391495465836
2022_23_20230101_NFO_CHE,2022_23,2023-01-01,NFO,CHE,0,0.4855643044619423,1.96,0.5061682510578535
2022_23_20230101_TOT_AVL,2022_23,2023-01-01,TOT,AVL,0,0.5378590078328982,1.77,0.5253482576699866
2022_23_20230102_BRE_LIV,2022_23,2023-01-02,BRE,LIV,1,0.5969773299748111,1.6,0.568929304644171
2022_23_20230103_ARS_NEW,2022_23,2023-01-03,ARS,NEW,0,0.53125,1.8,0.527435564096054
2022_23_20230103_EVE_BRI,2022_23,2023-01-03,EVE,BRI,1,0.4804177545691906,1.99,0.4411727090466734
2022_23_20230103_LEI_FUL,2022_23,2023-01-03,LEI,FUL,0,0.548051948051948,1.74,0.5345387157699549
2022_23_20230103_MUN_BOU,2022_23,2023-01-03,MUN,BOU,1,0.6169154228855721,1.54,0.5167362085783239
2022_23_20230104_AVL_WOL,2022_23,2023-01-04,AVL,WOL,0,0.4647519582245431,2.05,0.4399824172725334
2022_23_20230104_CRY_TOT,2022_23,2023-01-04,CRY,TOT,1,0.5065616797900262,1.88,0.502288598121478
2022_23_20230104_LEE_WHU,2022_23,2023-01-04,LEE,WHU,1,0.5326370757180157,1.79,0.5131615688108362
2022_23_20230104_SOU_NFO,2022_23,2023-01-04,SOU,NFO,0,0.4712041884816754,2.02,0.4559433082956879
2022_23_20230105_CHE_MCI,2022_23,2023-01-05,CHE,MCI,0,0.5326370757180157,1.79,0.6677483391425022
2022_23_20230112_FUL_CHE,2022_23,2023-01-12,FUL,CHE,1,0.5248041775456919,1.82,0.5280115942999786
2022_23_20230113_AVL_LEE,2022_23,2023-01-13,AVL,LEE,1,0.5350649350649351,1.79,0.4811533209460857
2022_23_20230114_BRE_BOU,2022_23,2023-01-14,BRE,BOU,0,0.5274151436031332,1.81,0.5080470238010139
2022_23_20230114_BRI_LIV,2022_23,2023-01-14,BRI,LIV,1,0.6030150753768844,1.58,0.5288434043281061
2022_23_20230114_EVE_SOU,2022_23,2023-01-14,EVE,SOU,1,0.4559585492227979,2.1,0.47860580186380863
2022_23_20230114_MUN_MCI,2022_23,2023-01-14,MUN,MCI,1,0.5629820051413882,1.7,0.6329304906115266
2022_23_20230114_NFO_LEI,2022_23,2023-01-14,NFO,LEI,0,0.4817708333333334,1.99,0.48173549007620897
2022_23_20230114_WOL_WHU,2022_23,2023-01-14,WOL,WHU,0,0.4307692307692307,2.22,0.4679436526460056
2022_23_20230115_CHE_CRY,2022_23,2023-01-15,CHE,CRY,0,0.4830287206266319,1.98,0.4987022597332734
2022_23_20230115_NEW_FUL,2022_23,2023-01-15,NEW,FUL,0,0.5492227979274612,1.74,0.4693116796503512
2022_23_20230115_TOT_ARS,2022_23,2023-01-15,TOT,ARS,0,0.5326370757180157,1.79,0.6066369886643487
2022_23_20230118_CRY_MUN,2022_23,2023-01-18,CRY,MUN,0,0.4960835509138382,1.93,0.5085392110747878
2022_23_20230119_MCI_TOT,2022_23,2023-01-19,MCI,TOT,1,0.6212871287128713,1.53,0.6401728083286805
2022_23_20230121_BOU_NFO,2022_23,2023-01-21,BOU,NFO,0,0.4198473282442748,2.28,0.5046497446065781
2022_23_20230121_CRY_NEW,2022_23,2023-01-21,CRY,NEW,0,0.4470284237726098,2.14,0.49921325688266943
2022_23_20230121_LEI_BRI,2022_23,2023-01-21,LEI,BRI,1,0.5234374999999999,1.83,0.4812816112845496
2022_23_20230121_LIV_CHE,2022_23,2023-01-21,LIV,CHE,0,0.5604113110539846,1.71,0.6109004017964096
2022_23_20230121_SOU_AVL,2022_23,2023-01-21,SOU,AVL,0,0.4699738903394256,2.03,0.4907340195631763
2022_23_20230121_WHU_EVE,2022_23,2023-01-21,WHU,EVE,0,0.4597402597402597,2.08,0.48936006868070236
2022_23_20230122_ARS_MUN,2022_23,2023-01-22,ARS,MUN,1,0.5607235142118864,1.7,0.5711469544502421
2022_23_20230122_LEE_BRE,2022_23,2023-01-22,LEE,BRE,0,0.5681233933161953,1.68,0.5460350696787473
2022_23_20230122_MCI_WOL,2022_23,2023-01-22,MCI,WOL,1,0.637469586374696,1.49,0.5688443323884481
2022_23_20230123_FUL_TOT,2022_23,2023-01-23,FUL,TOT,0,0.5518134715025906,1.73,0.5165850175594561
2022_23_20230203_CHE_FUL,2022_23,2023-02-03,CHE,FUL,0,0.5091383812010444,1.88,0.5151936777432161
2022_23_20230204_AVL_LEI,2022_23,2023-02-04,AVL,LEI,1,0.5013054830287206,1.91,0.5159441753999011
2022_23_20230204_BRE_SOU,2022_23,2023-02-04,BRE,SOU,1,0.4804177545691906,1.99,0.49653918812020514
2022_23_20230204_BRI_BOU,2022_23,2023-02-04,BRI,BOU,0,0.5604113110539846,1.71,0.5103463166058937
2022_23_20230204_EVE_ARS,2022_23,2023-02-04,EVE,ARS,0,0.5195822454308094,1.84,0.5356031365077375
2022_23_20230204_MUN_CRY,2022_23,2023-02-04,MUN,CRY,1,0.5182291666666667,1.85,0.5149275934935298
2022_23_20230204_NEW_WHU,2022_23,2023-02-04,NEW,WHU,0,0.4635416666666666,2.06,0.5062032212431373
2022_23_20230204_WOL_LIV,2022_23,2023-02-04,WOL,LIV,1,0.5338541666666666,1.79,0.5479810713379103
2022_23_20230205_NFO_LEE,2022_23,2023-02-05,NFO,LEE,0,0.5026041666666667,1.91,0.5228749578041554
2022_23_20230205_TOT_MCI,2022_23,2023-02-05,TOT,MCI,0,0.5805626598465473,1.64,0.682380651136816
2022_23_20230208_MUN_LEE,2022_23,2023-02-08,MUN,LEE,1,0.5969773299748111,1.6,0.5969765411120679
2022_23_20230211_ARS_BRE,2022_23,2023-02-11,ARS,BRE,0,0.5529715762273902,1.73,0.594645127334275
2022_23_20230211_BOU_NEW,2022_23,2023-02-11,BOU,NEW,0,0.4753246753246753,2.02,0.5478174987578229
2022_23_20230211_CRY_BRI,2022_23,2023-02-11,CRY,BRI,0,0.4661458333333333,2.05,0.45250267185999615
2022_23_20230211_FUL_NFO,2022_23,2023-02-11,FUL,NFO,0,0.4635416666666666,2.06,0.4568992319413296
2022_23_20230211_LEI_TOT,2022_23,2023-02-11,LEI,TOT,1,0.5466321243523315,1.75,0.6026345035163119
2022_23_20230211_SOU_WOL,2022_23,2023-02-11,SOU,WOL,1,0.4173027989821883,2.29,0.4752015816803888
2022_23_20230211_WHU_CHE,2022_23,2023-02-11,WHU,CHE,0,0.4271099744245524,2.24,0.5647492769656469
2022_23_20230212_LEE_MUN,2022_23,2023-02-12,LEE,MUN,0,0.5790816326530612,1.65,0.5431184695083132
2022_23_20230212_MCI_AVL,2022_23,2023-02-12,MCI,AVL,1,0.637469586374696,1.49,0.5974455325712181
2022_23_20230213_LIV_EVE,2022_23,2023-02-13,LIV,EVE,0,0.5364583333333334,1.78,0.5913822191884133
2022_23_20230215_ARS_MCI,2022_23,2023-02-15,ARS,MCI,1,0.5182291666666667,1.85,0.6695994098380692
2022_23_20230218_AVL_ARS,2022_23,2023-02-18,AVL,ARS,1,0.484375,1.98,0.5447344817121902
2022_23_20230218_BRE_CRY,2022_23,2023-02-18,BRE,CRY,0,0.4455958549222798,2.14,0.5090704336791653
2022_23_20230218_BRI_FUL,2022_23,2023-02-18,BRI,FUL,0,0.5466321243523315,1.75,0.48044084335783793
2022_23_20230218_CHE_SOU,2022_23,2023-02-18,CHE,SOU,0,0.4960835509138382,1.93,0.5319087056964678
2022_23_20230218_EVE_LEE,2022_23,2023-02-18,EVE,LEE,0,0.4597402597402597,2.08,0.5553014258311272
2022_23_20230218_NEW_LIV,2022_23,2023-02-18,NEW,LIV,0,0.5326370757180157,1.79,0.5898557014788149
2022_23_20230218_NFO_MCI,2022_23,2023-02-18,NFO,MCI,0,0.5816326530612244,1.64,0.5659474357537875
2022_23_20230218_WOL_BOU,2022_23,2023-02-18,WOL,BOU,0,0.4583333333333333,2.08,0.5071619914293921
2022_23_20230219_MUN_LEI,2022_23,2023-02-19,MUN,LEI,1,0.5888324873096447,1.62,0.5552288314767104
2022_23_20230219_TOT_WHU,2022_23,2023-02-19,TOT,WHU,0,0.5195822454308094,1.84,0.6066377670808452
2022_23_20230224_FUL_WOL,2022_23,2023-02-24,FUL,WOL,0,0.4282051282051282,2.23,0.43963083790630836
2022_23_20230225_BOU_MCI,2022_23,2023-02-25,BOU,MCI,1,0.6109725685785536,1.56,0.6290452732266022
2022_23_20230225_CRY_LIV,2022_23,2023-02-25,CRY,LIV,0,0.5260416666666667,1.82,0.5725448837587631
2022_23_20230225_EVE_AVL,2022_23,2023-02-25,EVE,AVL,0,0.4209183673469387,2.27,0.4709298794652018
2022_23_20230225_LEE_SOU,2022_23,2023-02-25,LEE,SOU,0,0.4751958224543081,2.01,0.5355779159133867
2022_23_20230225_LEI_ARS,2022_23,2023-02-25,LEI,ARS,0,0.5717948717948719,1.67,0.5588103433452972
2022_23_20230225_WHU_NFO,2022_23,2023-02-25,WHU,NFO,1,0.440721649484536,2.17,0.4784011621638877
2022_23_20230226_TOT_CHE,2022_23,2023-02-26,TOT,CHE,0,0.4701298701298701,2.04,0.6266697989895491
2022_23_20230301_ARS_EVE,2022_23,2023-03-01,ARS,EVE,1,0.5260416666666667,1.82,0.5928271689273001
2022_23_20230301_LIV_WOL,2022_23,2023-03-01,LIV,WOL,0,0.5529715762273902,1.73,0.5357527150772672
2022_23_20230304_ARS_BOU,2022_23,2023-03-04,ARS,BOU,1,0.6040100250626567,1.58,0.5713707522174428
2022_23_20230304_AVL_CRY,2022_23,2023-03-04,AVL,CRY,0,0.4183673469387755,2.28,0.4998998118232273
2022_23_20230304_BRI_WHU,2022_23,2023-03-04,BRI,WHU,1,0.4960835509138382,1.93,0.5275993161719174
2022_23_20230304_CHE_LEE,2022_23,2023-03-04,CHE,LEE,0,0.5039164490861618,1.9,0.5662279472252689
2022_23_20230304_MCI_NEW,2022_23,2023-03-04,MCI,NEW,0,0.5592783505154639,1.71,0.5936635290047753
2022_23_20230304_SOU_LEI,2022_23,2023-03-04,SOU,LEI,0,0.4713541666666666,2.03,0.5133131905991754
2022_23_20230304_WOL_TOT,2022_23,2023-03-04,WOL,TOT,0,0.4571428571428572,2.09,0.5378275859386007
2022_23_20230305_LIV_MUN,2022_23,2023-03-05,LIV,MUN,1,0.5790816326530612,1.65,0.5751351632961648
2022_23_20230305_NFO_EVE,2022_23,2023-03-05,NFO,EVE,1,0.3840399002493765,2.47,0.4894783845846746
2022_23_20230306_BRE_FUL,2022_23,2023-03-06,BRE,FUL,1,0.5052356020942408,1.89,0.5096033077845323
2022_23_20230311_BOU_LIV,2022_23,2023-03-11,BOU,LIV,0,0.5877862595419847,1.62,0.5872343824195757
2022_23_20230311_CRY_MCI,2022_23,2023-03-11,CRY,MCI,0,0.5394736842105263,1.75,0.5836530259644095
2022_23_20230311_EVE_BRE,2022_23,2023-03-11,EVE,BRE,0,0.4245524296675191,2.25,0.5365725383270631
2022_23_20230311_LEE_BRI,2022_23,2023-03-11,LEE,BRI,1,0.5169712793733681,1.85,0.48656746555102925
2022_23_20230311_LEI_CHE,2022_23,2023-03-11,LEI,CHE,1,0.4830287206266319,1.98,0.5656738390420739
2022_23_20230311_TOT_NFO,2022_23,2023-03-11,TOT,NFO,1,0.5248041775456919,1.82,0.5153303073926203
2022_23_20230312_FUL_ARS,2022_23,2023-03-12,FUL,ARS,1,0.5274151436031332,1.81,0.4845545549467978
2022_23_20230312_MUN_SOU,2022_23,2023-03-12,MUN,SOU,0,0.5831202046035805,1.63,0.5472854847609687
2022_23_20230312_NEW_WOL,2022_23,2023-03-12,NEW,WOL,1,0.4444444444444444,2.15,0.4487059209693727
2022_23_20230312_WHU_AVL,2022_23,2023-03-12,WHU,AVL,0,0.4699738903394256,2.03,0.47947473346235486
2022_23_20230315_BRI_CRY,2022_23,2023-03-15,BRI,CRY,0,0.5039370078740157,1.89,0.4989197591873622
2022_23_20230315_SOU_BRE,2022_23,2023-03-15,SOU,BRE,0,0.4621409921671018,2.06,0.4940564962568395
2022_23_20230317_NFO_NEW,2022_23,2023-03-17,NFO,NEW,1,0.4687499999999999,2.04,0.45645190978478223
2022_23_20230318_AVL_BOU,2022_23,2023-03-18,AVL,BOU,1,0.4973821989528796,1.92,0.5078449660289663
2022_23_20230318_BRE_LEI,2022_23,2023-03-18,BRE,LEI,0,0.5169712793733681,1.85,0.5582758829830078
2022_23_20230318_CHE_EVE,2022_23,2023-03-18,CHE,EVE,1,0.4583333333333333,2.08,0.5229812222544182
2022_23_20230318_SOU_TOT,2022_23,2023-03-18,SOU,TOT,1,0.4778067885117493,2.0,0.5335985954606256
2022_23_20230318_WOL_LEE,2022_23,2023-03-18,WOL,LEE,1,0.4209183673469387,2.27,0.5149030185342705
2022_23_20230319_ARS_CRY,2022_23,2023-03-19,ARS,CRY,1,0.5529715762273902,1.73,0.5240363869188027
2022_23_20230401_ARS_LEE,2022_23,2023-04-01,ARS,LEE,1,0.6212871287128713,1.53,0.5603842056688155
2022_23_20230401_BOU_FUL,2022_23,2023-04-01,BOU,FUL,1,0.4687499999999999,2.04,0.4513882040690609
2022_23_20230401_BRI_BRE,2022_23,2023-04-01,BRI,BRE,1,0.5428571428571429,1.76,0.5041917455780586
2022_23_20230401_CHE_AVL,2022_23,2023-04-01,CHE,AVL,0,0.4947643979057591,1.93,0.5185548063212868
2022_23_20230401_CRY_LEI,2022_23,2023-04-01,CRY,LEI,1,0.4392764857881137,2.17,0.5309405132010555
2022_23_20230401_MCI_LIV,2022_23,2023-04-01,MCI,LIV,1,0.5790816326530612,1.65,0.6837393341130554
2022_23_20230401_NFO_WOL,2022_23,2023-04-01,NFO,WOL,0,0.4005037783375315,2.38,0.4285598567621455
2022_23_20230402_NEW_MUN,2022_23,2023-04-02,NEW,MUN,0,0.5013123359580053,1.9,0.4880081501790014
2022_23_20230402_WHU_SOU,2022_23,2023-04-02,WHU,SOU,0,0.4661458333333333,2.05,0.5069561549766851
2022_23_20230403_EVE_TOT,2022_23,2023-04-03,EVE,TOT,0,0.4578947368421053,2.06,0.5544493680984722
2022_23_20230404_BOU_BRI,2022_23,2023-04-04,BOU,BRI,0,0.53125,1.8,0.4600874298809947
2022_23_20230404_CHE_LIV,2022_23,2023-04-04,CHE,LIV,0,0.5013054830287206,1.91,0.5879496428135841
2022_23_20230404_LEE_NFO,2022_23,2023-04-04,LEE,NFO,1,0.4895833333333333,1.96,0.4450877292925061
2022_23_20230404_LEI_AVL,2022_23,2023-04-04,LEI,AVL,1,0.4934725848563968,1.94,0.577612809919467
2022_23_20230405_MUN_BRE,2022_23,2023-04-05,MUN,BRE,0,0.5581395348837209,1.71,0.5476274989686007
2022_23_20230405_WHU_NEW,2022_23,2023-04-05,WHU,NEW,1,0.4470284237726098,2.14,0.47919607773861517
2022_23_20230408_AVL_NFO,2022_23,2023-04-08,AVL,NFO,0,0.5,1.91,0.44675114924645987
2022_23_20230408_BRE_NEW,2022_23,2023-04-08,BRE,NEW,1,0.4778067885117493,2.0,0.4849858662425953
2022_23_20230408_FUL_WHU,2022_23,2023-04-08,FUL,WHU,0,0.4392764857881137,2.17,0.45931426440218087
2022_23_20230408_LEI_BOU,2022_23,2023-04-08,LEI,BOU,0,0.5157068062827225,1.85,0.5606929410270074
2022_23_20230408_MUN_EVE,2022_23,2023-04-08,MUN,EVE,0,0.5209424083769634,1.83,0.5329069575142662
2022_23_20230408_SOU_MCI,2022_23,2023-04-08,SOU,MCI,1,0.5949367088607596,1.6,0.600033817473333
2022_23_20230408_TOT_BRI,2022_23,2023-04-08,TOT,BRI,1,0.5261780104712042,1.81,0.5027733108800636
2022_23_20230408_WOL_CHE,2022_23,2023-04-08,WOL,CHE,0,0.4404145077720207,2.16,0.5059494577895618
2022_23_20230409_LEE_CRY,2022_23,2023-04-09,LEE,CRY,1,0.4455958549222798,2.14,0.47053018332442836
2022_23_20230409_LIV_ARS,2022_23,2023-04-09,LIV,ARS,1,0.5816326530612244,1.64,0.5850137160864866
2022_23_20230415_AVL_NEW,2022_23,2023-04-15,AVL,NEW,1,0.4765625,2.01,0.4518539774581948
2022_23_20230415_CHE_BRI,2022_23,2023-04-15,CHE,BRI,1,0.5,1.91,0.4723627361780139
2022_23_20230415_EVE_FUL,2022_23,2023-04-15,EVE,FUL,1,0.4333333333333333,2.21,0.43216813677086313
2022_23_20230415_MCI_LEI,2022_23,2023-04-15,MCI,LEI,1,0.7074235807860262,1.34,0.6239427059792166
2022_23_20230415_SOU_CRY,2022_23,2023-04-15,SOU,CRY,0,0.4183673469387755,2.28,0.4462530150981766
2022_23_20230415_TOT_BOU,2022_23,2023-04-15,TOT,BOU,1,0.5655526992287918,1.69,0.5761311761063895
2022_23_20230415_WOL_BRE,2022_23,2023-04-15,WOL,BRE,0,0.4271099744245524,2.24,0.4837465025702656
2022_23_20230416_NFO_MUN,2022_23,2023-04-16,NFO,MUN,0,0.5352480417754569,1.78,0.5092652687070629
2022_23_20230416_WHU_ARS,2022_23,2023-04-16,WHU,ARS,1,0.53125,1.8,0.5597018472560276
2022_23_20230417_LEE_LIV,2022_23,2023-04-17,LEE,LIV,1,0.6045340050377834,1.57,0.5644793615007913
2022_23_20230421_ARS_SOU,2022_23,2023-04-21,ARS,SOU,1,0.6308068459657702,1.51,0.5199663838662104
2022_23_20230422_BRE_AVL,2022_23,2023-04-22,BRE,AVL,0,0.4842931937172774,1.97,0.5254238508501357
2022_23_20230422_CRY_EVE,2022_23,2023-04-22,CRY,EVE,0,0.4060913705583756,2.34,0.4615770686032426
2022_23_20230422_FUL_LEE,2022_23,2023-04-22,FUL,LEE,1,0.5078534031413613,1.88,0.43289358371300196
2022_23_20230422_LEI_WOL,2022_23,2023-04-22,LEI,WOL,1,0.4455958549222798,2.14,0.47775828564453265
2022_23_20230422_LIV_NFO,2022_23,2023-04-22,LIV,NFO,1,0.657210401891253,1.45,0.5675422917238291
2022_23_20230423_BOU_WHU,2022_23,2023-04-23,BOU,WHU,1,0.4493506493506493,2.12,0.5213839567083116
2022_23_20230423_NEW_TOT,2022_23,2023-04-23,NEW,TOT,1,0.5221932114882506,1.83,0.4975461333970898
2022_23_20230425_AVL_FUL,2022_23,2023-04-25,AVL,FUL,0,0.5286458333333333,1.81,0.43916295150527485
2022_23_20230425_LEE_LEI,2022_23,2023-04-25,LEE,LEI,0,0.5466321243523315,1.75,0.560412256965664
2022_23_20230425_WOL_CRY,2022_23,2023-04-25,WOL,CRY,0,0.3880597014925373,2.46,0.4136391486242574
2022_23_20230426_CHE_BRE,2022_23,2023-04-26,CHE,BRE,0,0.4895287958115184,1.95,0.5366050423834854
2022_23_20230426_MCI_ARS,2022_23,2023-04-26,MCI,ARS,1,0.5949367088607596,1.6,0.6214549449220013
2022_23_20230426_NFO_BRI,2022_23,2023-04-26,NFO,BRI,1,0.548051948051948,1.74,0.4443586646461986
2022_23_20230426_WHU_LIV,2022_23,2023-04-26,WHU,LIV,1,0.5681233933161953,1.68,0.5536886436870172
2022_23_20230427_EVE_NEW,2022_23,2023-04-27,EVE,NEW,1,0.4673629242819843,2.04,0.4612041135261954
2022_23_20230427_SOU_BOU,2022_23,2023-04-27,SOU,BOU,0,0.4751958224543081,2.01,0.4948163644031938
2022_23_20230427_TOT_MUN,2022_23,2023-04-27,TOT,MUN,1,0.5769230769230769,1.65,0.6222727534182386
2022_23_20230429_BRE_NFO,2022_23,2023-04-29,BRE,NFO,1,0.4895287958115184,1.95,0.5057839531419835
2022_23_20230429_BRI_WOL,2022_23,2023-04-29,BRI,WOL,1,0.5287958115183247,1.8,0.4565652980625922
2022_23_20230429_CRY_WHU,2022_23,2023-04-29,CRY,WHU,1,0.4147582697201017,2.3,0.4532280424370047
2022_23_20230430_BOU_LEE,2022_23,2023-04-30,BOU,LEE,1,0.5287958115183247,1.8,0.5114924754218937
2022_23_20230430_FUL_MCI,2022_23,2023-04-30,FUL,MCI,1,0.6169154228855721,1.54,0.5689165634840437
2022_23_20230430_LIV_TOT,2022_23,2023-04-30,LIV,TOT,1,0.635036496350365,1.5,0.5949802441033111
2022_23_20230430_MUN_AVL,2022_23,2023-04-30,MUN,AVL,0,0.5743589743589743,1.66,0.5166974541228305
2022_23_20230430_NEW_SOU,2022_23,2023-04-30,NEW,SOU,1,0.5569948186528497,1.71,0.4456066458290035
2022_23_20230501_LEI_EVE,2022_23,2023-05-01,LEI,EVE,1,0.4712041884816754,2.02,0.5184453052175968
2022_23_20230502_ARS_CHE,2022_23,2023-05-02,ARS,CHE,1,0.5454545454545455,1.75,0.6169461999052983
2022_23_20230503_LIV_FUL,2022_23,2023-05-03,LIV,FUL,0,0.6587677725118484,1.44,0.5444321837910489
2022_23_20230503_MCI_WHU,2022_23,2023-05-03,MCI,WHU,1,0.6555819477434679,1.45,0.597184776254306
2022_23_20230504_BRI_MUN,2022_23,2023-05-04,BRI,MUN,0,0.6109725685785536,1.56,0.5207463443504955
2022_23_20230506_BOU_CHE,2022_23,2023-05-06,BOU,CHE,1,0.4908616187989557,1.95,0.5314282945121866
2022_23_20230506_LIV_BRE,2022_23,2023-05-06,LIV,BRE,0,0.6359223300970874,1.5,0.5817784212504363
2022_23_20230506_MCI_LEE,2022_23,2023-05-06,MCI,LEE,1,0.7259414225941423,1.31,0.5933289826689723
2022_23_20230506_TOT_CRY,2022_23,2023-05-06,TOT,CRY,0,0.5428571428571429,1.76,0.5348875843517724
2022_23_20230506_WOL_AVL,2022_23,2023-05-06,WOL,AVL,0,0.4355670103092783,2.19,0.4743683756160151
2022_23_20230507_NEW_ARS,2022_23,2023-05-07,NEW,ARS,0,0.5826972010178116,1.64,0.5269299992769173
2022_23_20230507_WHU_MUN,2022_23,2023-05-07,WHU,MUN,0,0.5717948717948719,1.67,0.5416032716189323
2022_23_20230508_BRI_EVE,2022_23,2023-05-08,BRI,EVE,1,0.5994962216624685,1.59,0.4844584317863086
2022_23_20230508_FUL_LEI,2022_23,2023-05-08,FUL,LEI,1,0.5234374999999999,1.83,0.4898745152894532
2022_23_20230508_NFO_SOU,2022_23,2023-05-08,NFO,SOU,1,0.4778067885117493,2.0,0.4518850851258207
2022_23_20230513_AVL_TOT,2022_23,2023-05-13,AVL,TOT,1,0.5454545454545455,1.75,0.5074047174719478
2022_23_20230513_CHE_NFO,2022_23,2023-05-13,CHE,NFO,1,0.5195822454308094,1.84,0.5071879061507578
2022_23_20230513_CRY_BOU,2022_23,2023-05-13,CRY,BOU,0,0.5026178010471204,1.9,0.476532158822567
2022_23_20230513_LEE_NEW,2022_23,2023-05-13,LEE,NEW,1,0.5852417302798981,1.63,0.511720959862958
2022_23_20230513_MUN_WOL,2022_23,2023-05-13,MUN,WOL,0,0.5769230769230769,1.65,0.46435408525182337
2022_23_20230513_SOU_FUL,2022_23,2023-05-13,SOU,FUL,0,0.5078534031413613,1.88,0.46351435734060675
2022_23_20230514_ARS_BRI,2022_23,2023-05-14,ARS,BRI,1,0.6212871287128713,1.53,0.5343104290214821
2022_23_20230514_BRE_WHU,2022_23,2023-05-14,BRE,WHU,0,0.4895287958115184,1.95,0.5125007955275306
2022_23_20230514_EVE_MCI,2022_23,2023-05-14,EVE,MCI,1,0.5805626598465473,1.64,0.6075051676028768
2022_23_20230515_LEI_LIV,2022_23,2023-05-15,LEI,LIV,1,0.6383495145631067,1.49,0.599872181868646
2022_23_20230518_NEW_BRI,2022_23,2023-05-18,NEW,BRI,1,0.595959595959596,1.6,0.44497845343526343
2022_23_20230520_BOU_MUN,2022_23,2023-05-20,BOU,MUN,0,0.6134663341645885,1.55,0.5261038568068072
2022_23_20230520_FUL_CRY,2022_23,2023-05-20,FUL,CRY,1,0.4739583333333334,2.02,0.45314825037477674
2022_23_20230520_LIV_AVL,2022_23,2023-05-20,LIV,AVL,0,0.6159600997506234,1.54,0.581878057639983
2022_23_20230520_NFO_ARS,2022_23,2023-05-20,NFO,ARS,0,0.6055276381909548,1.57,0.5206678107167905
2022_23_20230520_TOT_BRE,2022_23,2023-05-20,TOT,BRE,1,0.5454545454545455,1.75,0.604368135440643
2022_23_20230520_WOL_EVE,2022_23,2023-05-20,WOL,EVE,0,0.4623376623376624,2.07,0.4678209919760384
2022_23_20230521_BRI_SOU,2022_23,2023-05-21,BRI,SOU,1,0.6736111111111112,1.41,0.46103177951331437
2022_23_20230521_MCI_CHE,2022_23,2023-05-21,MCI,CHE,0,0.625615763546798,1.52,0.6112400171632189
2022_23_20230521_WHU_LEE,2022_23,2023-05-21,WHU,LEE,1,0.5300261096605744,1.8,0.5741952040388507
2022_23_20230522_NEW_LEI,2022_23,2023-05-22,NEW,LEI,0,0.6299019607843138,1.51,0.5205416131824943
2022_23_20230524_BRI_MCI,2022_23,2023-05-24,BRI,MCI,0,0.6265356265356266,1.52,0.6308843309868145
2022_23_20230525_MUN_CHE,2022_23,2023-05-25,MUN,CHE,1,0.5979899497487436,1.6,0.5362741561175846
2022_23_20230528_ARS_WOL,2022_23,2023-05-28,ARS,WOL,1,0.6498800959232613,1.46,0.5420790685807138
2022_23_20230528_AVL_BRI,2022_23,2023-05-28,AVL,BRI,1,0.6222222222222222,1.53,0.44776080909376387
2022_23_20230528_BRE_MCI,2022_23,2023-05-28,BRE,MCI,0,0.5913705583756345,1.61,0.6296201478723613
2022_23_20230528_CHE_NEW,2022_23,2023-05-28,CHE,NEW,0,0.5629820051413882,1.7,0.5187968667289222
2022_23_20230528_CRY_NFO,2022_23,2023-05-28,CRY,NFO,0,0.5790816326530612,1.65,0.47679846791109554
2022_23_20230528_EVE_BOU,2022_23,2023-05-28,EVE,BOU,0,0.5692307692307692,1.68,0.513438818359615
2022_23_20230528_LEE_TOT,2022_23,2023-05-28,LEE,TOT,1,0.6341463414634148,1.5,0.5831356108195697
2022_23_20230528_LEI_WHU,2022_23,2023-05-28,LEI,WHU,1,0.5681233933161953,1.68,0.5415108355439877
2022_23_20230528_MUN_FUL,2022_23,2023-05-28,MUN,FUL,1,0.6383495145631067,1.49,0.4727064975324115
2022_23_20230528_SOU_LIV,2022_23,2023-05-28,SOU,LIV,1,0.6840909090909091,1.39,0.5994254029996178
2023_24_20230811_BUR_MCI,2023_24,2023-08-11,BUR,MCI,1,0.5790816326530612,1.65,0.5817675639959239
2023_24_20230812_ARS_NFO,2023_24,2023-08-12,ARS,NFO,1,0.667447306791569,1.42,0.568853540373747
2023_24_20230812_BOU_WHU,2023_24,2023-08-12,BOU,WHU,0,0.5078534031413613,1.88,0.5251963383321935
2023_24_20230812_BRI_LUT,2023_24,2023-08-12,BRI,LUT,1,0.5924050632911392,1.61,0.49768570086399855
2023_24_20230812_EVE_FUL,2023_24,2023-08-12,EVE,FUL,0,0.4856396866840731,1.97,0.45068808580628283
2023_24_20230812_NEW_AVL,2023_24,2023-08-12,NEW,AVL,1,0.5428571428571429,1.76,0.5133753864212816
2023_24_20230812_SHU_CRY,2023_24,2023-08-12,SHU,CRY,0,0.4318766066838046,2.21,0.40252605458911195
2023_24_20230813_BRE_TOT,2023_24,2023-08-13,BRE,TOT,1,0.5618556701030928,1.7,0.5618772795646995
2023_24_20230813_CHE_LIV,2023_24,2023-08-13,CHE,LIV,0,0.5728900255754477,1.67,0.6031652147560758
2023_24_20230814_MUN_WOL,2023_24,2023-08-14,MUN,WOL,0,0.5979899497487436,1.6,0.4737413465096093
2023_24_20230818_NFO_SHU,2023_24,2023-08-18,NFO,SHU,1,0.4271099744245524,2.24,0.42865431852999525
2023_24_20230819_FUL_BRE,2023_24,2023-08-19,FUL,BRE,1,0.4960835509138382,1.93,0.4749211634513879
2023_24_20230819_LIV_BOU,2023_24,2023-08-19,LIV,BOU,1,0.7039473684210525,1.35,0.6220310697669842
2023_24_20230819_MCI_NEW,2023_24,2023-08-19,MCI,NEW,0,0.5555555555555556,1.72,0.6236384873422953
2023_24_20230819_TOT_MUN,2023_24,2023-08-19,TOT,MUN,0,0.6084788029925187,1.57,0.5688157302001335
2023_24_20230819_WOL_BRI,2023_24,2023-08-19,WOL,BRI,1,0.5492227979274612,1.74,0.4660657224472736
2023_24_20230820_AVL_EVE,2023_24,2023-08-20,AVL,EVE,1,0.5065274151436031,1.89,0.49484311604599557
2023_24_20230820_WHU_CHE,2023_24,2023-08-20,WHU,CHE,1,0.4986945169712793,1.92,0.5572114000283076
2023_24_20230821_CRY_ARS,2023_24,2023-08-21,CRY,ARS,0,0.4973821989528796,1.92,0.5771803530848968
2023_24_20230825_CHE_LUT,2023_24,2023-08-25,CHE,LUT,1,0.5776081424936387,1.66,0.6470152568576405
2023_24_20230826_ARS_FUL,2023_24,2023-08-26,ARS,FUL,1,0.6433734939759036,1.48,0.546156225152233
2023_24_20230826_BOU_TOT,2023_24,2023-08-26,BOU,TOT,0,0.6144278606965174,1.55,0.5946182326665076
2023_24_20230826_BRE_CRY,2023_24,2023-08-26,BRE,CRY,0,0.4496124031007751,2.13,0.47412958561052715
2023_24_20230826_BRI_WHU,2023_24,2023-08-26,BRI,WHU,1,0.6383495145631067,1.49,0.5374526285502208
2023_24_20230826_EVE_WOL,2023_24,2023-08-26,EVE,WOL,0,0.4507772020725388,2.12,0.48236381053812366
2023_24_20230826_MUN_NFO,2023_24,2023-08-26,MUN,NFO,1,0.6274509803921569,1.52,0.5223309054982426
2023_24_20230827_BUR_AVL,2023_24,2023-08-27,BUR,AVL,1,0.5182291666666667,1.85,0.4411825927380944
2023_24_20230827_NEW_LIV,2023_24,2023-08-27,NEW,LIV,1,0.639225181598063,1.49,0.6040918137244726
2023_24_20230827_SHU_MCI,2023_24,2023-08-27,SHU,MCI,1,0.6055276381909548,1.57,0.5190884198987082
2023_24_20230901_LUT_WHU,2023_24,2023-09-01,LUT,WHU,1,0.5272727272727271,1.82,0.5413823670777705
2023_24_20230902_BRE_BOU,2023_24,2023-09-02,BRE,BOU,1,0.5492227979274612,1.74,0.5247455588039306
2023_24_20230902_BRI_NEW,2023_24,2023-09-02,BRI,NEW,1,0.6400966183574879,1.49,0.505458091870957
2023_24_20230902_BUR_TOT,2023_24,2023-09-02,BUR,TOT,1,0.5848101265822784,1.64,0.5431733188792179
2023_24_20230902_CHE_NFO,2023_24,2023-09-02,CHE,NFO,0,0.583756345177665,1.64,0.5464994810433995
2023_24_20230902_MCI_FUL,2023_24,2023-09-02,MCI,FUL,1,0.6781609195402298,1.4,0.5789843888807755
2023_24_20230902_SHU_EVE,2023_24,2023-09-02,SHU,EVE,1,0.423469387755102,2.26,0.43467031785744226
2023_24_20230903_ARS_MUN,2023_24,2023-09-03,ARS,MUN,1,0.6144278606965174,1.55,0.5448793585193783
2023_24_20230903_CRY_WOL,2023_24,2023-09-03,CRY,WOL,1,0.4296675191815857,2.23,0.448939494623122
2023_24_20230903_LIV_AVL,2023_24,2023-09-03,LIV,AVL,1,0.6758620689655173,1.41,0.5568053137762162
2023_24_20230916_AVL_CRY,2023_24,2023-09-16,AVL,CRY,1,0.5130208333333333,1.87,0.46456621575109935
2023_24_20230916_FUL_LUT,2023_24,2023-09-16,FUL,LUT,0,0.5104166666666667,1.88,0.520363980959635
2023_24_20230916_MUN_BRI,2023_24,2023-09-16,MUN,BRI,1,0.6689976689976691,1.42,0.5177178080448958
2023_24_20230916_NEW_BRE,2023_24,2023-09-16,NEW,BRE,0,0.5728900255754477,1.67,0.5019092647224779
2023_24_20230916_TOT_SHU,2023_24,2023-09-16,TOT,SHU,1,0.6425120772946861,1.48,0.482023506118279
2023_24_20230916_WHU_MCI,2023_24,2023-09-16,WHU,MCI,1,0.5909090909090909,1.62,0.5961657804781207
2023_24_20230916_WOL_LIV,2023_24,2023-09-16,WOL,LIV,1,0.6425120772946861,1.48,0.5243065871254391
2023_24_20230917_BOU_CHE,2023_24,2023-09-17,BOU,CHE,0,0.583756345177665,1.64,0.539182830177669
2023_24_20230917_EVE_ARS,2023_24,2023-09-17,EVE,ARS,0,0.5790816326530612,1.65,0.5571530558515322
2023_24_20230918_NFO_BUR,2023_24,2023-09-18,NFO,BUR,0,0.5013054830287206,1.91,0.4726792771624522
2023_24_20230923_BRE_EVE,2023_24,2023-09-23,BRE,EVE,1,0.5,1.92,0.5162950301552756
2023_24_20230923_BUR_MUN,2023_24,2023-09-23,BUR,MUN,0,0.5944584382871536,1.61,0.47648898680859425
2023_24_20230923_CRY_FUL,2023_24,2023-09-23,CRY,FUL,0,0.4675324675324676,2.05,0.48498741069891693
2023_24_20230923_LUT_WOL,2023_24,2023-09-23,LUT,WOL,0,0.4817708333333334,1.99,0.42826185181647003
2023_24_20230923_MCI_NFO,2023_24,2023-09-23,MCI,NFO,0,0.6758620689655173,1.41,0.5826197727394783
2023_24_20230924_ARS_TOT,2023_24,2023-09-24,ARS,TOT,1,0.6308068459657702,1.51,0.6147289846812715
2023_24_20230924_BRI_BOU,2023_24,2023-09-24,BRI,BOU,1,0.6941964285714286,1.37,0.5029854937316806
2023_24_20230924_CHE_AVL,2023_24,2023-09-24,CHE,AVL,0,0.5641025641025641,1.7,0.5061247675334605
2023_24_20230924_LIV_WHU,2023_24,2023-09-24,LIV,WHU,1,0.6788990825688074,1.4,0.5866426839230403
2023_24_20230924_SHU_NEW,2023_24,2023-09-24,SHU,NEW,1,0.5754475703324808,1.66,0.4149387966181375
2023_24_20230930_AVL_BRI,2023_24,2023-09-30,AVL,BRI,1,0.6651053864168619,1.43,0.48383104901906177
2023_24_20230930_BOU_ARS,2023_24,2023-09-30,BOU,ARS,1,0.6178660049627792,1.54,0.5236792952576315
2023_24_20230930_EVE_LUT,2023_24,2023-09-30,EVE,LUT,1,0.4739583333333334,2.02,0.46436072727088074
2023_24_20230930_MUN_CRY,2023_24,2023-09-30,MUN,CRY,0,0.5402597402597403,1.77,0.5006672057052692
2023_24_20230930_NEW_BUR,2023_24,2023-09-30,NEW,BUR,0,0.6222222222222222,1.53,0.4837176714767746
2023_24_20230930_TOT_LIV,2023_24,2023-09-30,TOT,LIV,1,0.6848072562358277,1.39,0.6223693451620828
2023_24_20230930_WHU_SHU,2023_24,2023-09-30,WHU,SHU,0,0.5826972010178116,1.64,0.4299926375425765
2023_24_20230930_WOL_MCI,2023_24,2023-09-30,WOL,MCI,1,0.6212871287128713,1.53,0.5284446468017483
2023_24_20231001_NFO_BRE,2023_24,2023-10-01,NFO,BRE,0,0.4571428571428572,2.09,0.5000793346317272
2023_24_20231002_FUL_CHE,2023_24,2023-10-02,FUL,CHE,0,0.4947643979057591,1.93,0.5245614207519688
2023_24_20231003_LUT_BUR,2023_24,2023-10-03,LUT,BUR,1,0.4271099744245524,2.24,0.43758624094360393
2023_24_20231007_BUR_CHE,2023_24,2023-10-07,BUR,CHE,1,0.53125,1.8,0.48103928902901105
2023_24_20231007_CRY_NFO,2023_24,2023-10-07,CRY,NFO,0,0.4198473282442748,2.28,0.4630772421406963
2023_24_20231007_EVE_BOU,2023_24,2023-10-07,EVE,BOU,1,0.5234374999999999,1.83,0.4702052513890228
2023_24_20231007_FUL_SHU,2023_24,2023-10-07,FUL,SHU,1,0.4960835509138382,1.93,0.3979720460219515
2023_24_20231007_LUT_TOT,2023_24,2023-10-07,LUT,TOT,0,0.6134663341645885,1.55,0.5196559878323066
2023_24_20231007_MUN_BRE,2023_24,2023-10-07,MUN,BRE,1,0.5762273901808785,1.64,0.5281252096886085
2023_24_20231008_ARS_MCI,2023_24,2023-10-08,ARS,MCI,0,0.5352480417754569,1.78,0.6166883962132759
2023_24_20231008_BRI_LIV,2023_24,2023-10-08,BRI,LIV,1,0.7045951859956237,1.35,0.599400215637992
2023_24_20231008_WHU_NEW,2023_24,2023-10-08,WHU,NEW,1,0.5555555555555556,1.72,0.5044603539311622
2023_24_20231008_WOL_AVL,2023_24,2023-10-08,WOL,AVL,0,0.53125,1.8,0.4563079350349785
2023_24_20231021_BOU_WOL,2023_24,2023-10-21,BOU,WOL,1,0.5260416666666667,1.82,0.4529771993313474
2023_24_20231021_BRE_BUR,2023_24,2023-10-21,BRE,BUR,1,0.5,1.92,0.5103855675151872
2023_24_20231021_CHE_ARS,2023_24,2023-10-21,CHE,ARS,1,0.4973821989528796,1.92,0.5637481740422328
2023_24_20231021_LIV_EVE,2023_24,2023-10-21,LIV,EVE,0,0.674364896073903,1.41,0.5670330251427412
2023_24_20231021_MCI_BRI,2023_24,2023-10-21,MCI,BRI,1,0.6928251121076232,1.37,0.5784284336260571
2023_24_20231021_NEW_CRY,2023_24,2023-10-21,NEW,CRY,1,0.5272727272727271,1.82,0.46022122868177007
2023_24_20231021_NFO_LUT,2023_24,2023-10-21,NFO,LUT,1,0.4699738903394256,2.03,0.4535365728308891
2023_24_20231021_SHU_MUN,2023_24,2023-10-21,SHU,MUN,1,0.6144278606965174,1.55,0.4596778883034778
2023_24_20231022_AVL_WHU,2023_24,2023-10-22,AVL,WHU,1,0.602015113350126,1.58,0.5347780237831693
2023_24_20231023_TOT_FUL,2023_24,2023-10-23,TOT,FUL,0,0.6280788177339901,1.51,0.5447404072773104
2023_24_20231027_CRY_TOT,2023_24,2023-10-27,CRY,TOT,1,0.5090909090909091,1.89,0.535419498678261
2023_24_20231028_ARS_SHU,2023_24,2023-10-28,ARS,SHU,1,0.6971046770601336,1.36,0.5111289989640844
2023_24_20231028_BOU_BUR,2023_24,2023-10-28,BOU,BUR,1,0.5324675324675325,1.8,0.47843584111051357
2023_24_20231028_CHE_BRE,2023_24,2023-10-28,CHE,BRE,0,0.5298701298701299,1.81,0.5230866834481201
2023_24_20231028_WOL_NEW,2023_24,2023-10-28,WOL,NEW,1,0.5426356589147286,1.77,0.4545704059397461
2023_24_20231029_AVL_LUT,2023_24,2023-10-29,AVL,LUT,1,0.6317073170731708,1.51,0.48935565216348537
2023_24_20231029_BRI_FUL,2023_24,2023-10-29,BRI,FUL,0,0.6332518337408313,1.5,0.5097406111403369
2023_24_20231029_LIV_NFO,2023_24,2023-10-29,LIV,NFO,1,0.6736111111111112,1.41,0.5806790977877911
2023_24_20231029_MUN_MCI,2023_24,2023-10-29,MUN,MCI,1,0.5541237113402062,1.73,0.6074571155937349
2023_24_20231029_WHU_EVE,2023_24,2023-10-29,WHU,EVE,0,0.5492227979274612,1.74,0.5178987371618061
2023_24_20231104_BRE_WHU,2023_24,2023-11-04,BRE,WHU,1,0.5466321243523315,1.75,0.5344980667212974
2023_24_20231104_BUR_CRY,2023_24,2023-11-04,BUR,CRY,0,0.4296675191815857,2.23,0.4397923107217985
2023_24_20231104_EVE_BRI,2023_24,2023-11-04,EVE,BRI,0,0.6025,1.59,0.47624656140632465
2023_24_20231104_FUL_MUN,2023_24,2023-11-04,FUL,MUN,0,0.5338541666666666,1.79,0.4915056371743693
2023_24_20231104_MCI_BOU,2023_24,2023-11-04,MCI,BOU,1,0.7308488612836438,1.3,0.6150342796862182
2023_24_20231104_NEW_ARS,2023_24,2023-11-04,NEW,ARS,0,0.4986945169712793,1.92,0.5369975113783038
2023_24_20231104_SHU_WOL,2023_24,2023-11-04,SHU,WOL,1,0.5065274151436031,1.89,0.4279488002660393
2023_24_20231105_LUT_LIV,2023_24,2023-11-05,LUT,LIV,0,0.6928251121076232,1.37,0.53854817499716
2023_24_20231105_NFO_AVL,2023_24,2023-11-05,NFO,AVL,0,0.5440414507772021,1.76,0.5016991643084858
2023_24_20231106_TOT_CHE,2023_24,2023-11-06,TOT,CHE,1,0.5581395348837209,1.71,0.5815862033794093
2023_24_20231111_ARS_BUR,2023_24,2023-11-11,ARS,BUR,1,0.637469586374696,1.49,0.5250425283775705
2023_24_20231111_BOU_NEW,2023_24,2023-11-11,BOU,NEW,0,0.5655526992287918,1.69,0.4939407922653514
2023_24_20231111_CRY_EVE,2023_24,2023-11-11,CRY,EVE,1,0.4173027989821883,2.29,0.46989119774255683
2023_24_20231111_MUN_LUT,2023_24,2023-11-11,MUN,LUT,0,0.6222222222222222,1.53,0.48567648881793574
2023_24_20231111_WOL_TOT,2023_24,2023-11-11,WOL,TOT,1,0.5873417721518986,1.63,0.5224192732360095
2023_24_20231112_AVL_FUL,2023_24,2023-11-12,AVL,FUL,1,0.5644329896907216,1.69,0.4915896446054765
2023_24_20231112_BRI_SHU,2023_24,2023-11-12,BRI,SHU,0,0.6758620689655173,1.41,0.500640195865653
2023_24_20231112_CHE_MCI,2023_24,2023-11-12,CHE,MCI,1,0.5208333333333334,1.84,0.6014943664874559
2023_24_20231112_LIV_BRE,2023_24,2023-11-12,LIV,BRE,1,0.6515513126491647,1.46,0.601495955206719
2023_24_20231112_WHU_NFO,2023_24,2023-11-12,WHU,NFO,1,0.5338541666666666,1.79,0.5132517275919765
2023_24_20231125_BRE_ARS,2023_24,2023-11-25,BRE,ARS,0,0.5104166666666667,1.88,0.5499632658555966
2023_24_20231125_BUR_WHU,2023_24,2023-11-25,BUR,WHU,1,0.538860103626943,1.78,0.48742901642446335
2023_24_20231125_LUT_CRY,2023_24,2023-11-25,LUT,CRY,1,0.4432989690721649,2.16,0.43600890853861457
2023_24_20231125_MCI_LIV,2023_24,2023-11-25,MCI,LIV,0,0.6359223300970874,1.5,0.6785151425290978
2023_24_20231125_NEW_CHE,2023_24,2023-11-25,NEW,CHE,1,0.522077922077922,1.84,0.5218083775459835
2023_24_20231125_NFO_BRI,2023_24,2023-11-25,NFO,BRI,1,0.5503875968992248,1.74,0.49185683017322207
2023_24_20231125_SHU_BOU,2023_24,2023-11-25,SHU,BOU,1,0.5246753246753246,1.83,0.45378737794092716
2023_24_20231126_EVE_MUN,2023_24,2023-11-26,EVE,MUN,1,0.5272727272727271,1.82,0.5086684311165804
2023_24_20231126_TOT_AVL,2023_24,2023-11-26,TOT,AVL,1,0.6332518337408313,1.5,0.5803498362568368
2023_24_20231127_FUL_WOL,2023_24,2023-11-27,FUL,WOL,1,0.4559585492227979,2.1,0.4312020784722586
2023_24_20231202_ARS_WOL,2023_24,2023-12-02,ARS,WOL,1,0.5790816326530612,1.65,0.5308426739497957
2023_24_20231202_BRE_LUT,2023_24,2023-12-02,BRE,LUT,1,0.5532467532467532,1.72,0.45939364639391467
2023_24_20231202_BUR_SHU,2023_24,2023-12-02,BUR,SHU,1,0.4791666666666667,2.0,0.4336645469594871
2023_24_20231202_NEW_MUN,2023_24,2023-12-02,NEW,MUN,0,0.5615384615384615,1.71,0.5399361279739043
2023_24_20231202_NFO_EVE,2023_24,2023-12-02,NFO,EVE,0,0.4687499999999999,2.04,0.4685444179351718
2023_24_20231203_BOU_AVL,2023_24,2023-12-03,BOU,AVL,1,0.625615763546798,1.52,0.4904335998613817
2023_24_20231203_CHE_BRI,2023_24,2023-12-03,CHE,BRI,1,0.614609571788413,1.53,0.532059092048039
2023_24_20231203_LIV_FUL,2023_24,2023-12-03,LIV,FUL,1,0.675115207373272,1.41,0.5564225080983712
2023_24_20231203_MCI_TOT,2023_24,2023-12-03,MCI,TOT,1,0.6977777777777777,1.36,0.6517288260301823
2023_24_20231203_WHU_CRY,2023_24,2023-12-03,WHU,CRY,0,0.4791666666666667,2.0,0.48383396411428947
2023_24_20231205_LUT_ARS,2023_24,2023-12-05,LUT,ARS,1,0.5816326530612244,1.64,0.5178553689612287
2023_24_20231205_WOL_BUR,2023_24,2023-12-05,WOL,BUR,0,0.4805194805194806,2.0,0.44169826485199454
2023_24_20231206_AVL_MCI,2023_24,2023-12-06,AVL,MCI,0,0.6299019607843138,1.51,0.617717042857003
2023_24_20231206_BRI_BRE,2023_24,2023-12-06,BRI,BRE,1,0.5873417721518986,1.63,0.509287222514888
2023_24_20231206_CRY_BOU,2023_24,2023-12-06,CRY,BOU,0,0.484375,1.98,0.46437159348727086
2023_24_20231206_FUL_NFO,2023_24,2023-12-06,FUL,NFO,1,0.4689119170984456,2.05,0.4411374811001369
2023_24_20231206_MUN_CHE,2023_24,2023-12-06,MUN,CHE,1,0.5801526717557253,1.65,0.5214995748374885
2023_24_20231206_SHU_LIV,2023_24,2023-12-06,SHU,LIV,0,0.7203389830508474,1.32,0.5140432913921257
2023_24_20231207_EVE_NEW,2023_24,2023-12-07,EVE,NEW,1,0.4986945169712793,1.92,0.4920133227951031
2023_24_20231207_TOT_WHU,2023_24,2023-12-07,TOT,WHU,1,0.635036496350365,1.5,0.5818410516576772
2023_24_20231209_AVL_ARS,2023_24,2023-12-09,AVL,ARS,0,0.5555555555555556,1.72,0.583031443211141
2023_24_20231209_BRI_BUR,2023_24,2023-12-09,BRI,BUR,0,0.6015037593984962,1.59,0.4699476377765378
2023_24_20231209_CRY_LIV,2023_24,2023-12-09,CRY,LIV,1,0.5801526717557253,1.65,0.5244364220921872
2023_24_20231209_MUN_BOU,2023_24,2023-12-09,MUN,BOU,1,0.628992628992629,1.51,0.5168159604885338
2023_24_20231209_SHU_BRE,2023_24,2023-12-09,SHU,BRE,0,0.5026041666666667,1.91,0.4436455894300319
2023_24_20231209_WOL_NFO,2023_24,2023-12-09,WOL,NFO,0,0.4778067885117493,2.0,0.4595715410977143
2023_24_20231210_EVE_CHE,2023_24,2023-12-10,EVE,CHE,0,0.5352480417754569,1.78,0.5186351331841086
2023_24_20231210_FUL_WHU,2023_24,2023-12-10,FUL,WHU,1,0.5169712793733681,1.85,0.4849990984674282
2023_24_20231210_LUT_MCI,2023_24,2023-12-10,LUT,MCI,1,0.6842105263157895,1.38,0.576885200958077
2023_24_20231210_TOT_NEW,2023_24,2023-12-10,TOT,NEW,1,0.6194029850746269,1.53,0.5650193521913838
2023_24_20231215_NFO_TOT,2023_24,2023-12-15,NFO,TOT,0,0.5873417721518986,1.63,0.5231610085480418
2023_24_20231216_BUR_EVE,2023_24,2023-12-16,BUR,EVE,0,0.4725848563968668,2.02,0.440280987084853
2023_24_20231216_CHE_SHU,2023_24,2023-12-16,CHE,SHU,0,0.625615763546798,1.52,0.5142539225138537
2023_24_20231216_MCI_CRY,2023_24,2023-12-16,MCI,CRY,1,0.6498800959232613,1.46,0.5753353964172884
2023_24_20231216_NEW_FUL,2023_24,2023-12-16,NEW,FUL,1,0.5567010309278351,1.72,0.4846206419526371
2023_24_20231217_ARS_BRI,2023_24,2023-12-17,ARS,BRI,0,0.598984771573604,1.58,0.5602480342337576
2023_24_20231217_BRE_AVL,2023_24,2023-12-17,BRE,AVL,1,0.5633074935400517,1.69,0.5313312734239357
2023_24_20231217_LIV_MUN,2023_24,2023-12-17,LIV,MUN,0,0.7197452229299364,1.32,0.5741255724867333
2023_24_20231217_WHU_WOL,2023_24,2023-12-17,WHU,WOL,1,0.5039164490861618,1.9,0.48349442269328435
2023_24_20231221_CRY_BRI,2023_24,2023-12-21,CRY,BRI,0,0.5,1.92,0.45546029037499003
2023_24_20231222_AVL_SHU,2023_24,2023-12-22,AVL,SHU,0,0.6523809523809524,1.46,0.4734442493487599
2023_24_20231223_FUL_BUR,2023_24,2023-12-23,FUL,BUR,0,0.5130208333333333,1.87,0.4537037609862121
2023_24_20231223_LIV_ARS,2023_24,2023-12-23,LIV,ARS,0,0.5655526992287918,1.69,0.6191455931537524
2023_24_20231223_LUT_NEW,2023_24,2023-12-23,LUT,NEW,0,0.5378590078328982,1.77,0.4829808269318317
2023_24_20231223_NFO_BOU,2023_24,2023-12-23,NFO,BOU,1,0.5078125,1.89,0.5102281008984011
2023_24_20231223_TOT_EVE,2023_24,2023-12-23,TOT,EVE,1,0.6169154228855721,1.54,0.5331828256419683
2023_24_20231223_WHU_MUN,2023_24,2023-12-23,WHU,MUN,0,0.5692307692307692,1.68,0.5234440220805635
2023_24_20231224_WOL_CHE,2023_24,2023-12-24,WOL,CHE,1,0.5246753246753246,1.83,0.5306144323387841
2023_24_20231226_BOU_FUL,2023_24,2023-12-26,BOU,FUL,1,0.5416666666666667,1.76,0.4816869721157082
2023_24_20231226_BUR_LIV,2023_24,2023-12-26,BUR,LIV,0,0.65311004784689,1.45,0.5048052727831911
2023_24_20231226_MUN_AVL,2023_24,2023-12-26,MUN,AVL,1,0.5883838383838383,1.63,0.5188734325629414
2023_24_20231226_NEW_NFO,2023_24,2023-12-26,NEW,NFO,1,0.531578947368421,1.78,0.5214328771806002
2023_24_20231226_SHU_LUT,2023_24,2023-12-26,SHU,LUT,1,0.4533678756476684,2.11,0.43430191762930775
2023_24_20231227_BRE_WOL,2023_24,2023-12-27,BRE,WOL,1,0.4856396866840731,1.97,0.4965125753755949
2023_24_20231227_CHE_CRY,2023_24,2023-12-27,CHE,CRY,1,0.5065274151436031,1.89,0.5359554801312671
2023_24_20231227_EVE_MCI,2023_24,2023-12-27,EVE,MCI,1,0.548051948051948,1.74,0.5947702385555267
2023_24_20231228_ARS_WHU,2023_24,2023-12-28,ARS,WHU,0,0.6030150753768844,1.58,0.5845712649519003
2023_24_20231228_BRI_TOT,2023_24,2023-12-28,BRI,TOT,1,0.6555819477434679,1.45,0.5348930206282132
2023_24_20231230_AVL_BUR,2023_24,2023-12-30,AVL,BUR,1,0.6074999999999999,1.57,0.48363351460272375
2023_24_20231230_CRY_BRE,2023_24,2023-12-30,CRY,BRE,1,0.440721649484536,2.17,0.48796480389899344
2023_24_20231230_LUT_CHE,2023_24,2023-12-30,LUT,CHE,1,0.5776081424936387,1.66,0.5577863864967996
2023_24_20231230_MCI_SHU,2023_24,2023-12-30,MCI,SHU,0,0.7215189873417721,1.32,0.5955806625401564
2023_24_20231230_NFO_MUN,2023_24,2023-12-30,NFO,MUN,1,0.5440414507772021,1.76,0.48717129909123325
2023_24_20231230_WOL_EVE,2023_24,2023-12-30,WOL,EVE,1,0.4713541666666666,2.03,0.4639599461000084
2023_24_20231231_FUL_ARS,2023_24,2023-12-31,FUL,ARS,1,0.5440414507772021,1.76,0.5275406392123695
2023_24_20231231_TOT_BOU,2023_24,2023-12-31,TOT,BOU,1,0.6788990825688074,1.4,0.5678041488929849
2023_24_20240101_LIV_NEW,2023_24,2024-01-01,LIV,NEW,1,0.657210401891253,1.45,0.5681019059696308
2023_24_20240102_WHU_BRI,2023_24,2024-01-02,WHU,BRI,0,0.5909090909090909,1.62,0.5033817260663189
2023_24_20240112_BUR_LUT,2023_24,2024-01-12,BUR,LUT,0,0.4947368421052631,1.92,0.4792898827346758
2023_24_20240113_CHE_FUL,2023_24,2024-01-13,CHE,FUL,0,0.583756345177665,1.64,0.5609556922833232
2023_24_20240113_NEW_MCI,2023_24,2024-01-13,NEW,MCI,1,0.5934343434343434,1.61,0.6148454964353623
2023_24_20240114_EVE_AVL,2023_24,2024-01-14,EVE,AVL,0,0.5592783505154639,1.71,0.49419625034816295
2023_24_20240114_MUN_TOT,2023_24,2024-01-14,MUN,TOT,1,0.649164677804296,1.47,0.5737054200367033
2023_24_20240120_ARS_CRY,2023_24,2024-01-20,ARS,CRY,1,0.5454545454545455,1.75,0.5287035547382803
2023_24_20240120_BRE_NFO,2023_24,2024-01-20,BRE,NFO,1,0.5208333333333334,1.84,0.5194953552863222
2023_24_20240121_BOU_LIV,2023_24,2024-01-21,BOU,LIV,1,0.6457831325301205,1.47,0.5847165928166823
2023_24_20240121_SHU_WHU,2023_24,2024-01-21,SHU,WHU,1,0.4661458333333333,2.05,0.45950141098874514
2023_24_20240122_BRI_WOL,2023_24,2024-01-22,BRI,WOL,0,0.5841836734693877,1.63,0.46492736427819636
2023_24_20240130_AVL_NEW,2023_24,2024-01-30,AVL,NEW,1,0.6299019607843138,1.51,0.5031261713671193
2023_24_20240130_CRY_SHU,2023_24,2024-01-30,CRY,SHU,1,0.4585492227979275,2.09,0.4282427040335289
2023_24_20240130_FUL_EVE,2023_24,2024-01-30,FUL,EVE,0,0.4699738903394256,2.03,0.523644726247868
2023_24_20240130_LUT_BRI,2023_24,2024-01-30,LUT,BRI,1,0.5801526717557253,1.65,0.49675258861791394
2023_24_20240130_NFO_ARS,2023_24,2024-01-30,NFO,ARS,1,0.5812182741116751,1.65,0.5345254699614674
2023_24_20240131_LIV_CHE,2023_24,2024-01-31,LIV,CHE,1,0.6563981042654028,1.45,0.6295224594613199
2023_24_20240131_MCI_BUR,2023_24,2024-01-31,MCI,BUR,1,0.7118279569892474,1.34,0.5846299730317929
2023_24_20240131_TOT_BRE,2023_24,2024-01-31,TOT,BRE,1,0.6332518337408313,1.5,0.5743981802194653
2023_24_20240201_WHU_BOU,2023_24,2024-02-01,WHU,BOU,0,0.5790816326530612,1.65,0.5283268841307716
2023_24_20240201_WOL_MUN,2023_24,2024-02-01,WOL,MUN,1,0.5428571428571429,1.76,0.4724891429045789
2023_24_20240203_BRI_CRY,2023_24,2024-02-03,BRI,CRY,1,0.5529715762273902,1.73,0.4677563389244447
2023_24_20240203_BUR_FUL,2023_24,2024-02-03,BUR,FUL,1,0.4960835509138382,1.93,0.4778930385304473
2023_24_20240203_EVE_TOT,2023_24,2024-02-03,EVE,TOT,1,0.5826972010178116,1.64,0.5488939824792282
2023_24_20240203_NEW_LUT,2023_24,2024-02-03,NEW,LUT,1,0.6059850374064838,1.58,0.5366773344766246
2023_24_20240203_SHU_AVL,2023_24,2024-02-03,SHU,AVL,1,0.5862944162436549,1.63,0.42060446388921896
2023_24_20240204_ARS_LIV,2023_24,2024-02-04,ARS,LIV,1,0.5717948717948719,1.67,0.602452803569965
2023_24_20240204_BOU_NFO,2023_24,2024-02-04,BOU,NFO,0,0.578005115089514,1.65,0.5227767657089115
2023_24_20240204_CHE_WOL,2023_24,2024-02-04,CHE,WOL,1,0.5644329896907216,1.69,0.4908115225346572
2023_24_20240204_MUN_WHU,2023_24,2024-02-04,MUN,WHU,1,0.589873417721519,1.62,0.5180566577135242
2023_24_20240205_BRE_MCI,2023_24,2024-02-05,BRE,MCI,1,0.606516290726817,1.57,0.6023485885737372
2023_24_20240210_FUL_BOU,2023_24,2024-02-10,FUL,BOU,1,0.5492227979274612,1.74,0.5186982043637779
2023_24_20240210_LIV_BUR,2023_24,2024-02-10,LIV,BUR,1,0.7170212765957447,1.33,0.5225266653185713
2023_24_20240210_LUT_SHU,2023_24,2024-02-10,LUT,SHU,1,0.5246753246753246,1.83,0.4839603715675125
2023_24_20240210_MCI_EVE,2023_24,2024-02-10,MCI,EVE,0,0.6587677725118484,1.44,0.5640595558793542
2023_24_20240210_NFO_NEW,2023_24,2024-02-10,NFO,NEW,1,0.5581395348837209,1.71,0.46189651980353186
2023_24_20240210_TOT_BRI,2023_24,2024-02-10,TOT,BRI,1,0.6863636363636364,1.38,0.5504979586672925
2023_24_20240210_WOL_BRE,2023_24,2024-02-10,WOL,BRE,0,0.5428571428571429,1.76,0.46349709588206334
2023_24_20240211_AVL_MUN,2023_24,2024-02-11,AVL,MUN,1,0.6134663341645885,1.55,0.488062744061317
2023_24_20240211_WHU_ARS,2023_24,2024-02-11,WHU,ARS,1,0.570694087403599,1.67,0.5508117280757725
2023_24_20240212_CRY_CHE,2023_24,2024-02-12,CRY,CHE,1,0.5221932114882506,1.83,0.49863102652450897
2023_24_20240217_BRE_LIV,2023_24,2024-02-17,BRE,LIV,1,0.635036496350365,1.5,0.5464170724779303
2023_24_20240217_BUR_ARS,2023_24,2024-02-17,BUR,ARS,1,0.5969773299748111,1.6,0.48548895268579045
2023_24_20240217_FUL_AVL,2023_24,2024-02-17,FUL,AVL,1,0.589873417721519,1.62,0.4780067227546479
2023_24_20240217_MCI_CHE,2023_24,2024-02-17,MCI,CHE,0,0.6515513126491647,1.46,0.6087802283802937
2023_24_20240217_NEW_BOU,2023_24,2024-02-17,NEW,BOU,1,0.6457831325301205,1.47,0.49810533371655186
2023_24_20240217_NFO_WHU,2023_24,2024-02-17,NFO,WHU,0,0.5182291666666667,1.85,0.5006243206041848
2023_24_20240217_TOT_WOL,2023_24,2024-02-17,TOT,WOL,1,0.6635294117647058,1.43,0.526448579832123
2023_24_20240218_LUT_MUN,2023_24,2024-02-18,LUT,MUN,1,0.6040100250626567,1.58,0.5480117189033097
2023_24_20240218_SHU_BRI,2023_24,2024-02-18,SHU,BRI,1,0.606516290726817,1.57,0.4261298958276479
2023_24_20240219_EVE_CRY,2023_24,2024-02-19,EVE,CRY,0,0.4404145077720207,2.16,0.4732782596468967
2023_24_20240220_MCI_BRE,2023_24,2024-02-20,MCI,BRE,0,0.7086956521739131,1.34,0.6004750639901897
2023_24_20240221_LIV_LUT,2023_24,2024-02-21,LIV,LUT,1,0.7297297297297297,1.3,0.6135773352623693
2023_24_20240224_ARS_NEW,2023_24,2024-02-24,ARS,NEW,1,0.6433734939759036,1.48,0.5268901057638579
2023_24_20240224_AVL_NFO,2023_24,2024-02-24,AVL,NFO,1,0.606516290726817,1.57,0.49975807494275976
2023_24_20240224_BOU_MCI,2023_24,2024-02-24,BOU,MCI,0,0.639225181598063,1.49,0.6194358442400306
2023_24_20240224_BRI_EVE,2023_24,2024-02-24,BRI,EVE,0,0.5728900255754477,1.67,0.46847635540889315
2023_24_20240224_CRY_BUR,2023_24,2024-02-24,CRY,BUR,1,0.4507772020725388,2.12,0.4509392887390851
2023_24_20240224_MUN_FUL,2023_24,2024-02-24,MUN,FUL,1,0.6074999999999999,1.57,0.4825581942010374
2023_24_20240225_WOL_SHU,2023_24,2024-02-25,WOL,SHU,0,0.5765306122448979,1.66,0.43119922270840383
2023_24_20240226_WHU_BRE,2023_24,2024-02-26,WHU,BRE,1,0.5520833333333334,1.72,0.5273634184316103
2023_24_20240302_BRE_CHE,2023_24,2024-03-02,BRE,CHE,1,0.6169154228855721,1.54,0.5390434065887603
2023_24_20240302_EVE_WHU,2023_24,2024-03-02,EVE,WHU,1,0.5104712041884817,1.87,0.46880655509793145
2023_24_20240302_FUL_BRI,2023_24,2024-03-02,FUL,BRI,1,0.5848101265822784,1.64,0.420669885170479
2023_24_20240302_LUT_AVL,2023_24,2024-03-02,LUT,AVL,1,0.6515513126491647,1.46,0.5315714085115418
2023_24_20240302_NEW_WOL,2023_24,2024-03-02,NEW,WOL,1,0.6005025125628142,1.59,0.46756615340168
2023_24_20240302_NFO_LIV,2023_24,2024-03-02,NFO,LIV,0,0.6416464891041161,1.48,0.5620924493500552
2023_24_20240302_TOT_CRY,2023_24,2024-03-02,TOT,CRY,1,0.62,1.52,0.5578886147292076
2023_24_20240303_BUR_BOU,2023_24,2024-03-03,BUR,BOU,0,0.5604113110539846,1.71,0.47619296151400947
2023_24_20240303_MCI_MUN,2023_24,2024-03-03,MCI,MUN,1,0.6877828054298643,1.38,0.6099912500134064
2023_24_20240304_SHU_ARS,2023_24,2024-03-04,SHU,ARS,1,0.667447306791569,1.42,0.4803509972546925
2023_24_20240309_ARS_BRE,2023_24,2024-03-09,ARS,BRE,1,0.6587677725118484,1.44,0.5820006355230508
2023_24_20240309_BOU_SHU,2023_24,2024-03-09,BOU,SHU,1,0.6222222222222222,1.53,0.46783323512248215
2023_24_20240309_CRY_LUT,2023_24,2024-03-09,CRY,LUT,0,0.5338541666666666,1.79,0.5294596651978684
2023_24_20240309_MUN_EVE,2023_24,2024-03-09,MUN,EVE,0,0.5703324808184143,1.68,0.5068845444428828
2023_24_20240309_WOL_FUL,2023_24,2024-03-09,WOL,FUL,1,0.5052083333333333,1.9,0.4577785020321256
2023_24_20240310_AVL_TOT,2023_24,2024-03-10,AVL,TOT,1,0.701098901098901,1.36,0.5480641365318338
2023_24_20240310_BRI_NFO,2023_24,2024-03-10,BRI,NFO,0,0.5888324873096447,1.62,0.48261262003302347
2023_24_20240310_LIV_MCI,2023_24,2024-03-10,LIV,MCI,0,0.6332518337408313,1.5,0.6847466398972404
2023_24_20240310_WHU_BUR,2023_24,2024-03-10,WHU,BUR,1,0.5555555555555556,1.72,0.47443974398361005
2023_24_20240311_CHE_NEW,2023_24,2024-03-11,CHE,NEW,1,0.6498800959232613,1.46,0.5415423804114325
2023_24_20240313_BOU_LUT,2023_24,2024-03-13,BOU,LUT,1,0.6483253588516746,1.47,0.5542945005327821
2023_24_20240316_BUR_BRE,2023_24,2024-03-16,BUR,BRE,1,0.5454545454545455,1.75,0.49191160434470427
2023_24_20240316_FUL_TOT,2023_24,2024-03-16,FUL,TOT,1,0.637469586374696,1.49,0.5234233090738369
2023_24_20240316_LUT_NFO,2023_24,2024-03-16,LUT,NFO,0,0.5692307692307692,1.68,0.5628188804376616
2023_24_20240317_WHU_AVL,2023_24,2024-03-17,WHU,AVL,0,0.61,1.56,0.5065834443601446
2023_24_20240330_AVL_WOL,2023_24,2024-03-30,AVL,WOL,0,0.61,1.56,0.4947595497852563
2023_24_20240330_BOU_EVE,2023_24,2024-03-30,BOU,EVE,1,0.5518134715025906,1.73,0.4691374310431473
2023_24_20240330_BRE_MUN,2023_24,2024-03-30,BRE,MUN,0,0.6169154228855721,1.54,0.5505473701643615
2023_24_20240330_CHE_BUR,2023_24,2024-03-30,CHE,BUR,1,0.6433734939759036,1.48,0.5077495700738702
2023_24_20240330_NEW_WHU,2023_24,2024-03-30,NEW,WHU,1,0.6317073170731708,1.51,0.537905365725153
2023_24_20240330_NFO_CRY,2023_24,2024-03-30,NFO,CRY,0,0.4571428571428572,2.09,0.49356447940152726
2023_24_20240330_SHU_FUL,2023_24,2024-03-30,SHU,FUL,1,0.5692307692307692,1.68,0.4252243749439071
2023_24_20240330_TOT_LUT,2023_24,2024-03-30,TOT,LUT,1,0.7591522157996148,1.25,0.6193318908626348
2023_24_20240331_LIV_BRI,2023_24,2024-03-31,LIV,BRI,1,0.6991150442477876,1.36,0.5748716930057246
2023_24_20240331_MCI_ARS,2023_24,2024-03-31,MCI,ARS,0,0.5492227979274612,1.74,0.6387468494746089
2023_24_20240402_BOU_CRY,2023_24,2024-04-02,BOU,CRY,0,0.5567010309278351,1.72,0.4943481215229457
2023_24_20240402_BUR_WOL,2023_24,2024-04-02,BUR,WOL,0,0.5286458333333333,1.81,0.4384687861226019
2023_24_20240402_NEW_EVE,2023_24,2024-04-02,NEW,EVE,0,0.5728900255754477,1.67,0.5117554121700199
2023_24_20240402_NFO_FUL,2023_24,2024-04-02,NFO,FUL,1,0.5286458333333333,1.81,0.46525140141778054
2023_24_20240402_WHU_TOT,2023_24,2024-04-02,WHU,TOT,0,0.7071583514099783,1.35,0.546869528555412
2023_24_20240403_ARS_LUT,2023_24,2024-04-03,ARS,LUT,0,0.75390625,1.26,0.6437862819569182
2023_24_20240403_BRE_BRI,2023_24,2024-04-03,BRE,BRI,0,0.61,1.56,0.47724866436360286
2023_24_20240403_MCI_AVL,2023_24,2024-04-03,MCI,AVL,1,0.676605504587156,1.41,0.5914473238304173
2023_24_20240404_CHE_MUN,2023_24,2024-04-04,CHE,MUN,1,0.674364896073903,1.41,0.5578537992631397
2023_24_20240404_LIV_SHU,2023_24,2024-04-04,LIV,SHU,1,0.7909407665505226,1.2,0.5724982914108221
2023_24_20240406_AVL_BRE,2023_24,2024-04-06,AVL,BRE,1,0.6274509803921569,1.52,0.5438805562697744
2023_24_20240406_BRI_ARS,2023_24,2024-04-06,BRI,ARS,1,0.5873417721518986,1.63,0.5506727786216004
2023_24_20240406_CRY_MCI,2023_24,2024-04-06,CRY,MCI,1,0.5754475703324808,1.66,0.5541492325296885
2023_24_20240406_EVE_BUR,2023_24,2024-04-06,EVE,BUR,0,0.5364583333333334,1.78,0.4493034430303482
2023_24_20240406_FUL_NEW,2023_24,2024-04-06,FUL,NEW,0,0.6416464891041161,1.48,0.5124579326943308
2023_24_20240406_LUT_BOU,2023_24,2024-04-06,LUT,BOU,1,0.637469586374696,1.49,0.536634359735988
2023_24_20240406_WOL_WHU,2023_24,2024-04-06,WOL,WHU,1,0.5402597402597403,1.77,0.5036555972688455
2023_24_20240407_MUN_LIV,2023_24,2024-04-07,MUN,LIV,1,0.7080610021786492,1.34,0.6196957689668169
2023_24_20240407_SHU_CHE,2023_24,2024-04-07,SHU,CHE,1,0.6781609195402298,1.4,0.502642215032536
2023_24_20240407_TOT_NFO,2023_24,2024-04-07,TOT,NFO,1,0.6697674418604651,1.42,0.5565624342669055
2023_24_20240413_BOU_MUN,2023_24,2024-04-13,BOU,MUN,1,0.6651053864168619,1.43,0.5151285955823599
2023_24_20240413_BRE_SHU,2023_24,2024-04-13,BRE,SHU,0,0.6265356265356266,1.52,0.4808171926866011
2023_24_20240413_BUR_BRI,2023_24,2024-04-13,BUR,BRI,0,0.578005115089514,1.65,0.4422334319700679
2023_24_20240413_MCI_LUT,2023_24,2024-04-13,MCI,LUT,1,0.7495029821073559,1.26,0.6225156814356669
2023_24_20240413_NEW_TOT,2023_24,2024-04-13,NEW,TOT,1,0.7004405286343612,1.36,0.57737844005421
2023_24_20240413_NFO_WOL,2023_24,2024-04-13,NFO,WOL,1,0.5221932114882506,1.83,0.4701126162568065
2023_24_20240414_ARS_AVL,2023_24,2024-04-14,ARS,AVL,0,0.6425120772946861,1.48,0.6109492974842232
2023_24_20240414_LIV_CRY,2023_24,2024-04-14,LIV,CRY,0,0.683371298405467,1.39,0.5880523404007727
2023_24_20240414_WHU_FUL,2023_24,2024-04-14,WHU,FUL,0,0.5765306122448979,1.66,0.4950132497798136
2023_24_20240415_CHE_EVE,2023_24,2024-04-15,CHE,EVE,1,0.6169154228855721,1.54,0.5044771591629336
2023_24_20240420_LUT_BRE,2023_24,2024-04-20,LUT,BRE,1,0.6090225563909775,1.56,0.5601188777219678
2023_24_20240420_SHU_BUR,2023_24,2024-04-20,SHU,BUR,1,0.5754475703324808,1.66,0.418800049212906
2023_24_20240420_WOL_ARS,2023_24,2024-04-20,WOL,ARS,0,0.5888324873096447,1.62,0.5347987498346165
2023_24_20240421_AVL_BOU,2023_24,2024-04-21,AVL,BOU,1,0.6579572446555819,1.44,0.5117931811733466
2023_24_20240421_CRY_WHU,2023_24,2024-04-21,CRY,WHU,1,0.5326370757180157,1.79,0.5093720211140438
2023_24_20240421_EVE_NFO,2023_24,2024-04-21,EVE,NFO,0,0.5104712041884817,1.87,0.47292161354564993
2023_24_20240421_FUL_LIV,2023_24,2024-04-21,FUL,LIV,1,0.6736111111111112,1.41,0.5635570088397498
2023_24_20240423_ARS_CHE,2023_24,2024-04-23,ARS,CHE,1,0.6231527093596059,1.53,0.6435461751198255
2023_24_20240424_CRY_NEW,2023_24,2024-04-24,CRY,NEW,0,0.5934343434343434,1.61,0.5005387196304867
2023_24_20240424_EVE_LIV,2023_24,2024-04-24,EVE,LIV,0,0.628992628992629,1.51,0.5302980199563888
2023_24_20240424_MUN_SHU,2023_24,2024-04-24,MUN,SHU,1,0.7004405286343612,1.36,0.49553366950239375
2023_24_20240424_WOL_BOU,2023_24,2024-04-24,WOL,BOU,0,0.5743589743589743,1.66,0.467627526125695
2023_24_20240425_BRI_MCI,2023_24,2024-04-25,BRI,MCI,1,0.6383495145631067,1.49,0.5650589130291124
2023_24_20240427_AVL_CHE,2023_24,2024-04-27,AVL,CHE,1,0.6579572446555819,1.44,0.548624278447003
2023_24_20240427_EVE_BRE,2023_24,2024-04-27,EVE,BRE,0,0.5234374999999999,1.83,0.4848757792591507
2023_24_20240427_FUL_CRY,2023_24,2024-04-27,FUL,CRY,0,0.5618556701030928,1.7,0.4616699711181743
2023_24_20240427_MUN_BUR,2023_24,2024-04-27,MUN,BUR,0,0.6984478935698448,1.36,0.4898479727675468
2023_24_20240427_NEW_SHU,2023_24,2024-04-27,NEW,SHU,1,0.7133620689655172,1.33,0.49750317479565387
2023_24_20240427_WHU_LIV,2023_24,2024-04-27,WHU,LIV,1,0.6935123042505593,1.37,0.5833529932955626
2023_24_20240427_WOL_LUT,2023_24,2024-04-27,WOL,LUT,1,0.5862944162436549,1.63,0.514259233529492
2023_24_20240428_BOU_BRI,2023_24,2024-04-28,BOU,BRI,1,0.6457831325301205,1.47,0.48871349690831967
2023_24_20240428_NFO_MCI,2023_24,2024-04-28,NFO,MCI,0,0.6203473945409429,1.53,0.5453860305821464
2023_24_20240428_TOT_ARS,2023_24,2024-04-28,TOT,ARS,1,0.6399026763990268,1.48,0.6067087178107489
2023_24_20240502_CHE_TOT,2023_24,2024-05-02,CHE,TOT,0,0.7242105263157894,1.31,0.5889049678644723
2023_24_20240503_LUT_EVE,2023_24,2024-05-03,LUT,EVE,0,0.5492227979274612,1.74,0.5202620733332771
2023_24_20240504_ARS_BOU,2023_24,2024-05-04,ARS,BOU,1,0.7067833698030634,1.34,0.5710150722687823
2023_24_20240504_BRE_FUL,2023_24,2024-05-04,BRE,FUL,0,0.5994962216624685,1.59,0.49245789344849655
2023_24_20240504_BUR_NEW,2023_24,2024-05-04,BUR,NEW,1,0.6407766990291263,1.48,0.47956773221650556
2023_24_20240504_MCI_WOL,2023_24,2024-05-04,MCI,WOL,1,0.7302904564315352,1.3,0.5224097223131344
2023_24_20240504_SHU_NFO,2023_24,2024-05-04,SHU,NFO,1,0.6074999999999999,1.57,0.44459124361160807
2023_24_20240505_BRI_AVL,2023_24,2024-05-05,BRI,AVL,0,0.6399026763990268,1.48,0.4930706623783118
2023_24_20240505_CHE_WHU,2023_24,2024-05-05,CHE,WHU,1,0.676674364896074,1.4,0.5786470406240007
2023_24_20240505_LIV_TOT,2023_24,2024-05-05,LIV,TOT,1,0.7519685039370079,1.26,0.6168846344604275
2023_24_20240506_CRY_MUN,2023_24,2024-05-06,CRY,MUN,1,0.6184538653366584,1.53,0.47676419115664725
2023_24_20240511_BOU_BRE,2023_24,2024-05-11,BOU,BRE,1,0.6498800959232613,1.46,0.5059790431402255
2023_24_20240511_EVE_SHU,2023_24,2024-05-11,EVE,SHU,0,0.6169154228855721,1.54,0.4594085766012395
2023_24_20240511_FUL_MCI,2023_24,2024-05-11,FUL,MCI,1,0.7035398230088495,1.34,0.5654529038151859
2023_24_20240511_NEW_BRI,2023_24,2024-05-11,NEW,BRI,0,0.7139784946236559,1.33,0.4773163054140394
2023_24_20240511_NFO_CHE,2023_24,2024-05-11,NFO,CHE,1,0.6407766990291263,1.48,0.5243460211010138
2023_24_20240511_TOT_BUR,2023_24,2024-05-11,TOT,BUR,1,0.7655954631379962,1.24,0.5170201750557339
2023_24_20240511_WHU_LUT,2023_24,2024-05-11,WHU,LUT,1,0.6666666666666666,1.42,0.5608753671433587
2023_24_20240511_WOL_CRY,2023_24,2024-05-11,WOL,CRY,1,0.5326370757180157,1.79,0.42998459587790916
2023_24_20240512_MUN_ARS,2023_24,2024-05-12,MUN,ARS,0,0.6928251121076232,1.37,0.5493491871655248
2023_24_20240513_AVL_LIV,2023_24,2024-05-13,AVL,LIV,1,0.7114967462039045,1.33,0.5499433892909741
2023_24_20240514_TOT_MCI,2023_24,2024-05-14,TOT,MCI,0,0.7490118577075099,1.27,0.6367984605237647
2023_24_20240515_BRI_CHE,2023_24,2024-05-15,BRI,CHE,1,0.6803652968036529,1.4,0.5049638383267335
2023_24_20240515_MUN_NEW,2023_24,2024-05-15,MUN,NEW,1,0.7145922746781115,1.33,0.5212569322308312
2023_24_20240519_ARS_EVE,2023_24,2024-05-19,ARS,EVE,1,0.6877828054298643,1.38,0.5147956309403612
2023_24_20240519_BRE_NEW,2023_24,2024-05-19,BRE,NEW,1,0.6877828054298643,1.38,0.4975034975007939
2023_24_20240519_BRI_MUN,2023_24,2024-05-19,BRI,MUN,0,0.7191489361702128,1.32,0.4791030829393315
2023_24_20240519_BUR_NFO,2023_24,2024-05-19,BUR,NFO,1,0.6280788177339901,1.51,0.45041953137313173
2023_24_20240519_CHE_BOU,2023_24,2024-05-19,CHE,BOU,1,0.7449799196787148,1.27,0.5650147658148609
2023_24_20240519_CRY_AVL,2023_24,2024-05-19,CRY,AVL,1,0.6804597701149425,1.39,0.47596145373227
2023_24_20240519_LIV_WOL,2023_24,2024-05-19,LIV,WOL,0,0.7761467889908258,1.22,0.5256206406452704
2023_24_20240519_LUT_FUL,2023_24,2024-05-19,LUT,FUL,1,0.6571428571428571,1.44,0.5145542711488404
2023_24_20240519_MCI_WHU,2023_24,2024-05-19,MCI,WHU,1,0.7876106194690266,1.2,0.6200775801451403
2023_24_20240519_SHU_TOT,2023_24,2024-05-19,SHU,TOT,1,0.7723880597014926,1.22,0.5121547750970927
2024_25_20240816_MUN_FUL,2024_25,2024-08-16,MUN,FUL,0,0.6222222222222222,1.53,0.5599291156026849
2024_25_20240817_ARS_WOL,2024_25,2024-08-17,ARS,WOL,0,0.6490384615384616,1.46,0.526352867669381
2024_25_20240817_EVE_BRI,2024_25,2024-08-17,EVE,BRI,1,0.5298701298701299,1.81,0.4657152378713621
2024_25_20240817_IPS_LIV,2024_25,2024-08-17,IPS,LIV,0,0.6758620689655173,1.41,0.5788371771130882
2024_25_20240817_NEW_SOU,2024_25,2024-08-17,NEW,SOU,0,0.6825396825396824,1.4,0.574770727576755
2024_25_20240817_NFO_BOU,2024_25,2024-08-17,NFO,BOU,0,0.5402597402597403,1.77,0.5322854883697958
2024_25_20240817_WHU_AVL,2024_25,2024-08-17,WHU,AVL,1,0.6074999999999999,1.57,0.5752013403531026
2024_25_20240818_BRE_CRY,2024_25,2024-08-18,BRE,CRY,1,0.5286458333333333,1.81,0.5351671086006091
2024_25_20240818_CHE_MCI,2024_25,2024-08-18,CHE,MCI,0,0.6332518337408313,1.5,0.6954691969556546
2024_25_20240819_LEI_TOT,2024_25,2024-08-19,LEI,TOT,0,0.625615763546798,1.52,0.5921407300588593
2024_25_20240824_AVL_ARS,2024_25,2024-08-24,AVL,ARS,0,0.5518134715025906,1.73,0.581858464593818
2024_25_20240824_BRI_MUN,2024_25,2024-08-24,BRI,MUN,1,0.605,1.58,0.5196924959481957
2024_25_20240824_CRY_WHU,2024_25,2024-08-24,CRY,WHU,0,0.5440414507772021,1.76,0.5876816873191999
2024_25_20240824_FUL_LEI,2024_25,2024-08-24,FUL,LEI,1,0.5130208333333333,1.87,0.5250059448165186
2024_25_20240824_MCI_IPS,2024_25,2024-08-24,MCI,IPS,1,0.7329192546583851,1.29,0.5196657769273811
2024_25_20240824_SOU_NFO,2024_25,2024-08-24,SOU,NFO,0,0.4869791666666667,1.97,0.5342079976757508
2024_25_20240824_TOT_EVE,2024_25,2024-08-24,TOT,EVE,1,0.6280788177339901,1.51,0.5367861124380999
2024_25_20240825_BOU_NEW,2024_25,2024-08-25,BOU,NEW,0,0.61,1.56,0.5214234603783401
2024_25_20240825_LIV_BRE,2024_25,2024-08-25,LIV,BRE,0,0.7032967032967032,1.35,0.5959389180481971
2024_25_20240825_WOL_CHE,2024_25,2024-08-25,WOL,CHE,1,0.5826972010178116,1.64,0.5486640722924699
2024_25_20240831_ARS_BRI,2024_25,2024-08-31,ARS,BRI,0,0.6222222222222222,1.53,0.5594579163484246
2024_25_20240831_BRE_SOU,2024_25,2024-08-31,BRE,SOU,1,0.5541237113402062,1.73,0.5600385917139027
2024_25_20240831_EVE_BOU,2024_25,2024-08-31,EVE,BOU,1,0.5104712041884817,1.87,0.502984105510647
2024_25_20240831_IPS_FUL,2024_25,2024-08-31,IPS,FUL,0,0.5272727272727271,1.82,0.48973681186376533
2024_25_20240831_LEI_AVL,2024_25,2024-08-31,LEI,AVL,1,0.5666666666666667,1.69,0.5798263772126145
2024_25_20240831_NFO_WOL,2024_25,2024-08-31,NFO,WOL,0,0.5246753246753246,1.83,0.4955672602267918
2024_25_20240831_WHU_MCI,2024_25,2024-08-31,WHU,MCI,1,0.6515513126491647,1.46,0.6538349359697619
2024_25_20240901_CHE_CRY,2024_25,2024-09-01,CHE,CRY,0,0.6274509803921569,1.52,0.6075432487505299
2024_25_20240901_MUN_LIV,2024_25,2024-09-01,MUN,LIV,1,0.6651053864168619,1.43,0.6107426345903524
2024_25_20240901_NEW_TOT,2024_25,2024-09-01,NEW,TOT,1,0.6898876404494382,1.38,0.6306086456761796
2024_25_20240914_AVL_EVE,2024_25,2024-09-14,AVL,EVE,1,0.5717948717948719,1.67,0.5305204986967773
2024_25_20240914_BOU_CHE,2024_25,2024-09-14,BOU,CHE,0,0.6555819477434679,1.45,0.5829935686296364
2024_25_20240914_BRI_IPS,2024_25,2024-09-14,BRI,IPS,0,0.6119402985074627,1.56,0.4599392548611894
2024_25_20240914_CRY_LEI,2024_25,2024-09-14,CRY,LEI,1,0.5440414507772021,1.76,0.5784970215890652
2024_25_20240914_FUL_WHU,2024_25,2024-09-14,FUL,WHU,0,0.5567010309278351,1.72,0.5430301675097726
2024_25_20240914_LIV_NFO,2024_25,2024-09-14,LIV,NFO,0,0.6736111111111112,1.41,0.5867822783240986
2024_25_20240914_MCI_BRE,2024_25,2024-09-14,MCI,BRE,1,0.7045951859956237,1.35,0.6635849365097255
2024_25_20240914_SOU_MUN,2024_25,2024-09-14,SOU,MUN,1,0.5944584382871536,1.61,0.5522214279305512
2024_25_20240915_TOT_ARS,2024_25,2024-09-15,TOT,ARS,0,0.6040100250626567,1.58,0.5951717014291816
2024_25_20240915_WOL_NEW,2024_25,2024-09-15,WOL,NEW,1,0.6129032258064515,1.56,0.5205339967826522
2024_25_20240921_AVL_WOL,2024_25,2024-09-21,AVL,WOL,1,0.6040100250626567,1.58,0.5343190040602744
2024_25_20240921_CRY_MUN,2024_25,2024-09-21,CRY,MUN,0,0.5989974937343359,1.6,0.5781455906601266
2024_25_20240921_FUL_NEW,2024_25,2024-09-21,FUL,NEW,1,0.5692307692307692,1.68,0.515526317797802
2024_25_20240921_LEI_EVE,2024_25,2024-09-21,LEI,EVE,0,0.5156249999999999,1.86,0.5026478081068431
2024_25_20240921_LIV_BOU,2024_25,2024-09-21,LIV,BOU,1,0.6964285714285715,1.36,0.5914401520108182
2024_25_20240921_SOU_IPS,2024_25,2024-09-21,SOU,IPS,0,0.5378590078328982,1.77,0.4311786417065286
2024_25_20240921_TOT_BRE,2024_25,2024-09-21,TOT,BRE,1,0.6643026004728132,1.42,0.5521363940722441
2024_25_20240921_WHU_CHE,2024_25,2024-09-21,WHU,CHE,1,0.625615763546798,1.52,0.5811972647081578
2024_25_20240922_BRI_NFO,2024_25,2024-09-22,BRI,NFO,1,0.5246753246753246,1.83,0.47964539758166314
2024_25_20240922_MCI_ARS,2024_25,2024-09-22,MCI,ARS,1,0.4739583333333334,2.02,0.663691444351099
2024_25_20240928_ARS_LEI,2024_25,2024-09-28,ARS,LEI,1,0.6311881188118812,1.49,0.6108665538751017
2024_25_20240928_BRE_WHU,2024_25,2024-09-28,BRE,WHU,0,0.5776081424936387,1.66,0.6005859542876936
2024_25_20240928_CHE_BRI,2024_25,2024-09-28,CHE,BRI,1,0.6323529411764707,1.5,0.5522557167880808
2024_25_20240928_EVE_CRY,2024_25,2024-09-28,EVE,CRY,1,0.5130208333333333,1.87,0.4887096976800734
2024_25_20240928_NEW_MCI,2024_25,2024-09-28,NEW,MCI,0,0.639225181598063,1.49,0.6552922546704285
2024_25_20240928_NFO_FUL,2024_25,2024-09-28,NFO,FUL,0,0.4805194805194806,2.0,0.5022407964633568
2024_25_20240928_WOL_LIV,2024_25,2024-09-28,WOL,LIV,1,0.6563981042654028,1.45,0.5755453892308101
2024_25_20240929_IPS_AVL,2024_25,2024-09-29,IPS,AVL,1,0.5529715762273902,1.73,0.4774336525557282
2024_25_20240929_MUN_TOT,2024_25,2024-09-29,MUN,TOT,1,0.6689976689976691,1.42,0.5645083637018165
2024_25_20240930_BOU_SOU,2024_25,2024-09-30,BOU,SOU,1,0.6356968215158926,1.49,0.5468785205250438
2024_25_20241005_ARS_SOU,2024_25,2024-10-05,ARS,SOU,1,0.6971046770601336,1.36,0.5954520601159363
2024_25_20241005_BRE_WOL,2024_25,2024-10-05,BRE,WOL,1,0.538860103626943,1.78,0.5255920791482714
2024_25_20241005_CRY_LIV,2024_25,2024-10-05,CRY,LIV,0,0.6015037593984962,1.59,0.6048272365763266
2024_25_20241005_EVE_NEW,2024_25,2024-10-05,EVE,NEW,0,0.5666666666666667,1.69,0.5210400875415344
2024_25_20241005_LEI_BOU,2024_25,2024-10-05,LEI,BOU,0,0.5666666666666667,1.69,0.5487927632487037
2024_25_20241005_MCI_FUL,2024_25,2024-10-05,MCI,FUL,1,0.6539379474940334,1.45,0.6144981082506417
2024_25_20241005_WHU_IPS,2024_25,2024-10-05,WHU,IPS,1,0.5666666666666667,1.69,0.48500755671210066
2024_25_20241006_AVL_MUN,2024_25,2024-10-06,AVL,MUN,0,0.6222222222222222,1.53,0.5349475833150512
2024_25_20241006_BRI_TOT,2024_25,2024-10-06,BRI,TOT,1,0.683371298405467,1.39,0.5483370163317234
2024_25_20241006_CHE_NFO,2024_25,2024-10-06,CHE,NFO,0,0.6134663341645885,1.55,0.5738262792058408
2024_25_20241019_BOU_ARS,2024_25,2024-10-19,BOU,ARS,0,0.5555555555555556,1.72,0.5282794767534071
2024_25_20241019_FUL_AVL,2024_25,2024-10-19,FUL,AVL,1,0.5529715762273902,1.73,0.528282092522794
2024_25_20241019_IPS_EVE,2024_25,2024-10-19,IPS,EVE,0,0.5234374999999999,1.83,0.4760167478734448
2024_25_20241019_MUN_BRE,2024_25,2024-10-19,MUN,BRE,1,0.6339066339066339,1.49,0.5385920305062181
2024_25_20241019_NEW_BRI,2024_25,2024-10-19,NEW,BRI,0,0.628992628992629,1.51,0.5085072151494359
2024_25_20241019_SOU_LEI,2024_25,2024-10-19,SOU,LEI,1,0.5416666666666667,1.76,0.5158220110642945
2024_25_20241019_TOT_WHU,2024_25,2024-10-19,TOT,WHU,1,0.6921348314606741,1.37,0.6021775995545746
2024_25_20241020_LIV_CHE,2024_25,2024-10-20,LIV,CHE,1,0.676674364896074,1.4,0.638303768473981
2024_25_20241020_WOL_MCI,2024_25,2024-10-20,WOL,MCI,1,0.6547619047619047,1.45,0.5986944349462895
2024_25_20241021_NFO_CRY,2024_25,2024-10-21,NFO,CRY,0,0.4470284237726098,2.14,0.49552860630500806
2024_25_20241025_LEI_NFO,2024_25,2024-10-25,LEI,NFO,1,0.464935064935065,2.06,0.5085101448019139
2024_25_20241026_AVL_BOU,2024_25,2024-10-26,AVL,BOU,0,0.5989974937343359,1.6,0.534235019049359
2024_25_20241026_BRE_IPS,2024_25,2024-10-26,BRE,IPS,1,0.5801526717557253,1.65,0.5260067612759983
2024_25_20241026_BRI_WOL,2024_25,2024-10-26,BRI,WOL,1,0.6090225563909775,1.56,0.5206626849227749
2024_25_20241026_EVE_FUL,2024_25,2024-10-26,EVE,FUL,0,0.5078125,1.89,0.4976950818318902
2024_25_20241026_MCI_SOU,2024_25,2024-10-26,MCI,SOU,0,0.746,1.27,0.633941399763117
2024_25_20241027_ARS_LIV,2024_25,2024-10-27,ARS,LIV,1,0.5065274151436031,1.89,0.6008178470608813
2024_25_20241027_CHE_NEW,2024_25,2024-10-27,CHE,NEW,1,0.6587677725118484,1.44,0.5655976580176747
2024_25_20241027_CRY_TOT,2024_25,2024-10-27,CRY,TOT,0,0.6015037593984962,1.59,0.5494057289131501
2024_25_20241027_WHU_MUN,2024_25,2024-10-27,WHU,MUN,1,0.6262376237623761,1.51,0.5409482471304274
2024_25_20241102_BOU_MCI,2024_25,2024-11-02,BOU,MCI,1,0.606516290726817,1.57,0.5960108483284912
2024_25_20241102_IPS_LEI,2024_25,2024-11-02,IPS,LEI,0,0.5604113110539846,1.71,0.5406419699593233
2024_25_20241102_LIV_BRI,2024_25,2024-11-02,LIV,BRI,1,0.682648401826484,1.39,0.5436919136393359
2024_25_20241102_NEW_ARS,2024_25,2024-11-02,NEW,ARS,0,0.5260416666666667,1.82,0.5456856232692595
2024_25_20241102_NFO_WHU,2024_25,2024-11-02,NFO,WHU,1,0.5156249999999999,1.86,0.5188124331005033
2024_25_20241102_SOU_EVE,2024_25,2024-11-02,SOU,EVE,0,0.5246753246753246,1.83,0.5260647817182246
2024_25_20241102_WOL_CRY,2024_25,2024-11-02,WOL,CRY,1,0.5078125,1.89,0.48458544553400196
2024_25_20241103_MUN_CHE,2024_25,2024-11-03,MUN,CHE,0,0.6595744680851063,1.44,0.5496234076728965
2024_25_20241103_TOT_AVL,2024_25,2024-11-03,TOT,AVL,1,0.6587677725118484,1.44,0.5942457716476719
2024_25_20241104_FUL_BRE,2024_25,2024-11-04,FUL,BRE,1,0.5717948717948719,1.67,0.5624904208218429
2024_25_20241109_BRE_BOU,2024_25,2024-11-09,BRE,BOU,1,0.5989974937343359,1.6,0.5519418580133604
2024_25_20241109_BRI_MCI,2024_25,2024-11-09,BRI,MCI,1,0.6203473945409429,1.53,0.6054496310444922
2024_25_20241109_CRY_FUL,2024_25,2024-11-09,CRY,FUL,0,0.4973958333333334,1.93,0.4568820387261239
2024_25_20241109_LIV_AVL,2024_25,2024-11-09,LIV,AVL,0,0.664319248826291,1.43,0.5881348805050111
2024_25_20241109_WHU_EVE,2024_25,2024-11-09,WHU,EVE,0,0.5286458333333333,1.81,0.5365892289932619
2024_25_20241109_WOL_SOU,2024_25,2024-11-09,WOL,SOU,0,0.5765306122448979,1.66,0.49802134083747573
2024_25_20241110_CHE_ARS,2024_25,2024-11-10,CHE,ARS,0,0.5592783505154639,1.71,0.5877356277751473
2024_25_20241110_MUN_LEI,2024_25,2024-11-10,MUN,LEI,1,0.6507177033492824,1.46,0.5310217455736022
2024_25_20241110_NFO_NEW,2024_25,2024-11-10,NFO,NEW,1,0.4947916666666667,1.94,0.476311078451083
2024_25_20241110_TOT_IPS,2024_25,2024-11-10,TOT,IPS,1,0.7286012526096034,1.3,0.561870900663253
2024_25_20241123_ARS_NFO,2024_25,2024-11-23,ARS,NFO,1,0.5286458333333333,1.81,0.5322154224852611
2024_25_20241123_AVL_CRY,2024_25,2024-11-23,AVL,CRY,1,0.5466321243523315,1.75,0.49289561412428734
2024_25_20241123_BOU_BRI,2024_25,2024-11-23,BOU,BRI,1,0.6055276381909548,1.57,0.5132911489698041
2024_25_20241123_EVE_BRE,2024_25,2024-11-23,EVE,BRE,0,0.522077922077922,1.84,0.5378061067683124
2024_25_20241123_FUL_WOL,2024_25,2024-11-23,FUL,WOL,1,0.5681233933161953,1.68,0.5328516491635424
2024_25_20241123_LEI_CHE,2024_25,2024-11-23,LEI,CHE,1,0.6407766990291263,1.48,0.5796661993386754
2024_25_20241123_MCI_TOT,2024_25,2024-11-23,MCI,TOT,1,0.7253668763102725,1.31,0.6493915348460345
2024_25_20241124_IPS_MUN,2024_25,2024-11-24,IPS,MUN,0,0.61,1.56,0.5209913760377548
2024_25_20241124_SOU_LIV,2024_25,2024-11-24,SOU,LIV,1,0.660377358490566,1.44,0.5245715143106918
2024_25_20241125_NEW_WHU,2024_25,2024-11-25,NEW,WHU,0,0.6125,1.55,0.5160548048219128
2024_25_20241129_BRI_SOU,2024_25,2024-11-29,BRI,SOU,0,0.6651053864168619,1.43,0.5230596460573784
2024_25_20241130_BRE_LEI,2024_25,2024-11-30,BRE,LEI,1,0.6040100250626567,1.58,0.5921120451246908
2024_25_20241130_CRY_NEW,2024_25,2024-11-30,CRY,NEW,0,0.537467700258398,1.79,0.4654455750236837
2024_25_20241130_NFO_IPS,2024_25,2024-11-30,NFO,IPS,0,0.5065274151436031,1.89,0.4909305417030296
2024_25_20241130_WHU_ARS,2024_25,2024-11-30,WHU,ARS,1,0.5629820051413882,1.7,0.5668603497235913
2024_25_20241130_WOL_BOU,2024_25,2024-11-30,WOL,BOU,1,0.5790816326530612,1.65,0.525313497450785
2024_25_20241201_CHE_AVL,2024_25,2024-12-01,CHE,AVL,1,0.6212871287128713,1.53,0.5613621465387081
2024_25_20241201_LIV_MCI,2024_25,2024-12-01,LIV,MCI,0,0.6111111111111112,1.54,0.6603365901439527
2024_25_20241201_MUN_EVE,2024_25,2024-12-01,MUN,EVE,1,0.5466321243523315,1.75,0.48236885542768443
2024_25_20241201_TOT_FUL,2024_25,2024-12-01,TOT,FUL,0,0.6666666666666666,1.42,0.5623037967144543
2024_25_20241203_IPS_CRY,2024_25,2024-12-03,IPS,CRY,0,0.484375,1.98,0.4553644591896785
2024_25_20241203_LEI_WHU,2024_25,2024-12-03,LEI,WHU,1,0.5350649350649351,1.79,0.5802263927879411
2024_25_20241204_ARS_MUN,2024_25,2024-12-04,ARS,MUN,0,0.5862944162436549,1.63,0.5630177915357388
2024_25_20241204_AVL_BRE,2024_25,2024-12-04,AVL,BRE,1,0.606516290726817,1.57,0.5944498586606394
2024_25_20241204_EVE_WOL,2024_25,2024-12-04,EVE,WOL,1,0.484375,1.98,0.5172022247223274
2024_25_20241204_MCI_NFO,2024_25,2024-12-04,MCI,NFO,1,0.6015037593984962,1.59,0.5627483782837147
2024_25_20241204_NEW_LIV,2024_25,2024-12-04,NEW,LIV,1,0.5994962216624685,1.59,0.5345110765782282
2024_25_20241204_SOU_CHE,2024_25,2024-12-04,SOU,CHE,1,0.664319248826291,1.43,0.5199889563991054
2024_25_20241205_BOU_TOT,2024_25,2024-12-05,BOU,TOT,0,0.6728538283062646,1.41,0.5712273104062253
2024_25_20241205_FUL_BRI,2024_25,2024-12-05,FUL,BRI,1,0.589873417721519,1.62,0.5065072687569878
2024_25_20241207_AVL_SOU,2024_25,2024-12-07,AVL,SOU,0,0.6611764705882353,1.44,0.5367377604631731
2024_25_20241207_BRE_NEW,2024_25,2024-12-07,BRE,NEW,1,0.609452736318408,1.57,0.5563919351963494
2024_25_20241207_CRY_MCI,2024_25,2024-12-07,CRY,MCI,1,0.5848101265822784,1.64,0.54719784410868
2024_25_20241207_MUN_NFO,2024_25,2024-12-07,MUN,NFO,1,0.5338541666666666,1.79,0.4820198381989406
2024_25_20241208_FUL_ARS,2024_25,2024-12-08,FUL,ARS,0,0.5364583333333334,1.78,0.5819797022250306
2024_25_20241208_IPS_BOU,2024_25,2024-12-08,IPS,BOU,1,0.5567010309278351,1.72,0.4980128170469941
2024_25_20241208_LEI_BRI,2024_25,2024-12-08,LEI,BRI,1,0.6005025125628142,1.59,0.563483032248431
2024_25_20241208_TOT_CHE,2024_25,2024-12-08,TOT,CHE,1,0.7071583514099783,1.35,0.6169873492969853
2024_25_20241209_WHU_WOL,2024_25,2024-12-09,WHU,WOL,1,0.595959595959596,1.6,0.5679652679656308
2024_25_20241214_ARS_EVE,2024_25,2024-12-14,ARS,EVE,0,0.5732647814910026,1.66,0.5226531255170711
2024_25_20241214_LIV_FUL,2024_25,2024-12-14,LIV,FUL,1,0.6440677966101696,1.47,0.5824510864209539
2024_25_20241214_NEW_LEI,2024_25,2024-12-14,NEW,LEI,1,0.6547619047619047,1.45,0.5468510117304894
2024_25_20241214_NFO_AVL,2024_25,2024-12-14,NFO,AVL,1,0.5117493472584856,1.87,0.5232451147971405
2024_25_20241214_WOL_IPS,2024_25,2024-12-14,WOL,IPS,1,0.5555555555555556,1.72,0.5292136493253666
2024_25_20241215_BRI_CRY,2024_25,2024-12-15,BRI,CRY,1,0.5532467532467532,1.72,0.48889158819038214
2024_25_20241215_CHE_BRE,2024_25,2024-12-15,CHE,BRE,1,0.7155172413793104,1.32,0.6339935652586564
2024_25_20241215_MCI_MUN,2024_25,2024-12-15,MCI,MUN,1,0.660332541567696,1.43,0.5895094075860446
2024_25_20241215_SOU_TOT,2024_25,2024-12-15,SOU,TOT,1,0.726890756302521,1.3,0.5603316227770833
2024_25_20241216_BOU_WHU,2024_25,2024-12-16,BOU,WHU,0,0.6271604938271605,1.51,0.5612707250290503
2024_25_20241221_AVL_MCI,2024_25,2024-12-21,AVL,MCI,1,0.6005025125628142,1.59,0.5879630060901181
2024_25_20241221_BRE_NFO,2024_25,2024-12-21,BRE,NFO,0,0.5532467532467532,1.72,0.5745890945400305
2024_25_20241221_CRY_ARS,2024_25,2024-12-21,CRY,ARS,1,0.5234374999999999,1.83,0.519347382712565
2024_25_20241221_IPS_NEW,2024_25,2024-12-21,IPS,NEW,1,0.5852417302798981,1.63,0.48471465399566255
2024_25_20241221_WHU_BRI,2024_25,2024-12-21,WHU,BRI,0,0.628992628992629,1.51,0.5318897120720979
2024_25_20241222_EVE_CHE,2024_25,2024-12-22,EVE,CHE,0,0.5754475703324808,1.66,0.5085050309430771
2024_25_20241222_FUL_SOU,2024_25,2024-12-22,FUL,SOU,0,0.615,1.54,0.5101707697851006
2024_25_20241222_LEI_WOL,2024_25,2024-12-22,LEI,WOL,1,0.5743589743589743,1.66,0.5651049176990817
2024_25_20241222_MUN_BOU,2024_25,2024-12-22,MUN,BOU,1,0.595959595959596,1.6,0.5289561729245444
2024_25_20241222_TOT_LIV,2024_25,2024-12-22,TOT,LIV,1,0.7318087318087318,1.29,0.6436036888675947
2024_25_20241226_BOU_CRY,2024_25,2024-12-26,BOU,CRY,0,0.5532467532467532,1.72,0.506892977945658
2024_25_20241226_CHE_FUL,2024_25,2024-12-26,CHE,FUL,1,0.6522781774580336,1.45,0.5465181824353347
2024_25_20241226_LIV_LEI,2024_25,2024-12-26,LIV,LEI,1,0.7875,1.19,0.6390324838101308
2024_25_20241226_MCI_EVE,2024_25,2024-12-26,MCI,EVE,0,0.6115288220551378,1.55,0.5088220658919576
2024_25_20241226_NEW_AVL,2024_25,2024-12-26,NEW,AVL,1,0.5924050632911392,1.61,0.5446072524631251
2024_25_20241226_NFO_TOT,2024_25,2024-12-26,NFO,TOT,0,0.6407766990291263,1.48,0.5829837146839814
2024_25_20241226_SOU_WHU,2024_25,2024-12-26,SOU,WHU,0,0.5732647814910026,1.66,0.5077156023677417
2024_25_20241226_WOL_MUN,2024_25,2024-12-26,WOL,MUN,0,0.570694087403599,1.67,0.5391042510543274
2024_25_20241227_ARS_IPS,2024_25,2024-12-27,ARS,IPS,0,0.682648401826484,1.39,0.5307932376358657
2024_25_20241227_BRI_BRE,2024_25,2024-12-27,BRI,BRE,0,0.6587677725118484,1.44,0.5570654169437323
2024_25_20241229_CRY_SOU,2024_25,2024-12-29,CRY,SOU,1,0.5442708333333333,1.75,0.47153222475139966
2024_25_20241229_EVE_NFO,2024_25,2024-12-29,EVE,NFO,0,0.4267352185089973,2.23,0.4652206186664023
2024_25_20241229_FUL_BOU,2024_25,2024-12-29,FUL,BOU,1,0.5695876288659795,1.67,0.5192508253169502
2024_25_20241229_LEI_MCI,2024_25,2024-12-29,LEI,MCI,0,0.6930022573363431,1.36,0.6137125573007498
2024_25_20241229_TOT_WOL,2024_25,2024-12-29,TOT,WOL,1,0.7176724137931035,1.31,0.5947151329268858
2024_25_20241229_WHU_LIV,2024_25,2024-12-29,WHU,LIV,1,0.6774941995359629,1.39,0.5989372349060964
2024_25_20241230_AVL_BRI,2024_25,2024-12-30,AVL,BRI,1,0.5974683544303797,1.59,0.49359755050800186
2024_25_20241230_IPS_CHE,2024_25,2024-12-30,IPS,CHE,0,0.6578947368421053,1.43,0.5115101165379388
2024_25_20241230_MUN_NEW,2024_25,2024-12-30,MUN,NEW,0,0.5831202046035805,1.63,0.5503866396456771
2024_25_20250101_BRE_ARS,2024_25,2025-01-01,BRE,ARS,1,0.615,1.54,0.5999287220990237
2024_25_20250104_AVL_LEI,2024_25,2025-01-04,AVL,LEI,1,0.6323529411764707,1.5,0.5511590324829935
2024_25_20250104_BOU_EVE,2024_25,2025-01-04,BOU,EVE,0,0.5130890052356021,1.86,0.4833235150415756
2024_25_20250104_BRI_ARS,2024_25,2025-01-04,BRI,ARS,0,0.5506493506493506,1.73,0.5424955506737902
2024_25_20250104_CRY_CHE,2024_25,2025-01-04,CRY,CHE,0,0.602015113350126,1.58,0.532835559179907
2024_25_20250104_MCI_WHU,2024_25,2025-01-04,MCI,WHU,1,0.7067833698030634,1.34,0.5916664691442938
2024_25_20250104_SOU_BRE,2024_25,2025-01-04,SOU,BRE,1,0.5743589743589743,1.66,0.5159964501497314
2024_25_20250104_TOT_NEW,2024_25,2025-01-04,TOT,NEW,1,0.7149028077753781,1.32,0.6079495391706915
2024_25_20250105_FUL_IPS,2024_25,2025-01-05,FUL,IPS,1,0.5584415584415584,1.7,0.45910054374431475
2024_25_20250105_LIV_MUN,2024_25,2025-01-05,LIV,MUN,1,0.6697892271662763,1.41,0.6175741222255544
2024_25_20250106_WOL_NFO,2024_25,2025-01-06,WOL,NFO,1,0.4659685863874345,2.04,0.5214812712472532
2024_25_20250114_BRE_MCI,2024_25,2025-01-14,BRE,MCI,1,0.6877828054298643,1.38,0.6431696686603456
2024_25_20250114_CHE_BOU,2024_25,2025-01-14,CHE,BOU,1,0.6689976689976691,1.42,0.5833939647716561
2024_25_20250114_NFO_LIV,2024_25,2025-01-14,NFO,LIV,0,0.5852417302798981,1.63,0.5920233453490794
2024_25_20250114_WHU_FUL,2024_25,2025-01-14,WHU,FUL,1,0.5234374999999999,1.83,0.5214162099301141
2024_25_20250115_ARS_TOT,2024_25,2025-01-15,ARS,TOT,1,0.6619385342789598,1.43,0.6311385311151159
2024_25_20250115_EVE_AVL,2024_25,2025-01-15,EVE,AVL,0,0.4635416666666666,2.06,0.47255487634087046
2024_25_20250115_LEI_CRY,2024_25,2025-01-15,LEI,CRY,0,0.548051948051948,1.74,0.5228535676762137
2024_25_20250115_NEW_WOL,2024_25,2025-01-15,NEW,WOL,1,0.6650943396226415,1.42,0.5514346988535618
2024_25_20250116_IPS_BRI,2024_25,2025-01-16,IPS,BRI,0,0.5569948186528497,1.71,0.47044818431261415
2024_25_20250116_MUN_SOU,2024_25,2025-01-16,MUN,SOU,1,0.6237623762376239,1.52,0.5402127152507811
2024_25_20250118_ARS_AVL,2024_25,2025-01-18,ARS,AVL,1,0.5248041775456919,1.82,0.578916368308447
2024_25_20250118_BRE_LIV,2024_25,2025-01-18,BRE,LIV,0,0.7006651884700665,1.35,0.6382016479911069
2024_25_20250118_LEI_FUL,2024_25,2025-01-18,LEI,FUL,0,0.5558441558441558,1.71,0.5468943666802817
2024_25_20250118_NEW_BOU,2024_25,2025-01-18,NEW,BOU,1,0.6159600997506234,1.54,0.5457020129835338
2024_25_20250118_WHU_CRY,2024_25,2025-01-18,WHU,CRY,0,0.5326370757180157,1.79,0.5232595459359201
2024_25_20250119_EVE_TOT,2024_25,2025-01-19,EVE,TOT,1,0.5644329896907216,1.69,0.5270203170140869
2024_25_20250119_IPS_MCI,2024_25,2025-01-19,IPS,MCI,1,0.6555023923444976,1.44,0.565736105030299
2024_25_20250119_MUN_BRI,2024_25,2025-01-19,MUN,BRI,1,0.5732647814910026,1.66,0.5349359149716325
2024_25_20250119_NFO_SOU,2024_25,2025-01-19,NFO,SOU,1,0.5442708333333333,1.75,0.5150099800722217
2024_25_20250120_CHE_WOL,2024_25,2025-01-20,CHE,WOL,1,0.690744920993228,1.37,0.593240194626715
2024_25_20250125_BOU_NFO,2024_25,2025-01-25,BOU,NFO,1,0.5260416666666667,1.82,0.5300945835691601
2024_25_20250125_BRI_EVE,2024_25,2025-01-25,BRI,EVE,0,0.5039164490861618,1.9,0.4530904692398235
2024_25_20250125_LIV_IPS,2024_25,2025-01-25,LIV,IPS,1,0.7534516765285997,1.25,0.5965744842596392
2024_25_20250125_MCI_CHE,2024_25,2025-01-25,MCI,CHE,1,0.6713286713286714,1.41,0.6296970000054469
2024_25_20250125_SOU_NEW,2024_25,2025-01-25,SOU,NEW,1,0.6563245823389022,1.44,0.5280547403161299
2024_25_20250125_WOL_ARS,2024_25,2025-01-25,WOL,ARS,0,0.5544041450777203,1.72,0.5534600031978862
2024_25_20250126_AVL_WHU,2024_25,2025-01-26,AVL,WHU,0,0.5695876288659795,1.67,0.5513747241322318
2024_25_20250126_CRY_BRE,2024_25,2025-01-26,CRY,BRE,1,0.5492227979274612,1.74,0.5442581283231722
2024_25_20250126_FUL_MUN,2024_25,2025-01-26,FUL,MUN,0,0.5169712793733681,1.85,0.5361119465834524
2024_25_20250126_TOT_LEI,2024_25,2025-01-26,TOT,LEI,1,0.7108695652173914,1.33,0.6295143749492936
2024_25_20250201_BOU_LIV,2024_25,2025-02-01,BOU,LIV,0,0.6481927710843374,1.46,0.6306751027837579
2024_25_20250201_EVE_LEI,2024_25,2025-02-01,EVE,LEI,1,0.4765625,2.01,0.5188059631220593
2024_25_20250201_IPS_SOU,2024_25,2025-02-01,IPS,SOU,1,0.5428571428571429,1.76,0.4881562667902715
2024_25_20250201_NEW_FUL,2024_25,2025-02-01,NEW,FUL,1,0.5816326530612244,1.64,0.5597623686394625
2024_25_20250201_NFO_BRI,2024_25,2025-02-01,NFO,BRI,1,0.4986945169712793,1.92,0.5124294242380967
2024_25_20250201_WOL_AVL,2024_25,2025-02-01,WOL,AVL,0,0.5607235142118864,1.7,0.5043686694596199
2024_25_20250202_ARS_MCI,2024_25,2025-02-02,ARS,MCI,1,0.5454545454545455,1.75,0.6437219310346087
2024_25_20250202_BRE_TOT,2024_25,2025-02-02,BRE,TOT,0,0.7096069868995633,1.33,0.6157391815074632
2024_25_20250202_MUN_CRY,2024_25,2025-02-02,MUN,CRY,0,0.5209424083769634,1.83,0.5032567554520778
2024_25_20250203_CHE_WHU,2024_25,2025-02-03,CHE,WHU,1,0.6842105263157895,1.38,0.5748565203319248
2024_25_20250212_EVE_LIV,2024_25,2025-02-12,EVE,LIV,1,0.5604113110539846,1.71,0.5963810368331534
2024_25_20250214_BRI_CHE,2024_25,2025-02-14,BRI,CHE,1,0.605,1.58,0.5391628920040094
2024_25_20250215_AVL_IPS,2024_25,2025-02-15,AVL,IPS,0,0.6040100250626567,1.58,0.4875923689697594
2024_25_20250215_CRY_EVE,2024_25,2025-02-15,CRY,EVE,1,0.4282051282051282,2.23,0.45795033503380206
2024_25_20250215_FUL_NFO,2024_25,2025-02-15,FUL,NFO,1,0.4559585492227979,2.1,0.5096251196711369
2024_25_20250215_LEI_ARS,2024_25,2025-02-15,LEI,ARS,0,0.5592783505154639,1.71,0.5500776333268872
2024_25_20250215_MCI_NEW,2024_25,2025-02-15,MCI,NEW,1,0.6563981042654028,1.45,0.6238908634641442
2024_25_20250215_SOU_BOU,2024_25,2025-02-15,SOU,BOU,1,0.637469586374696,1.49,0.4874731903568699
2024_25_20250215_WHU_BRE,2024_25,2025-02-15,WHU,BRE,0,0.5969773299748111,1.6,0.5438334816327887
2024_25_20250216_LIV_WOL,2024_25,2025-02-16,LIV,WOL,1,0.6948775055679287,1.37,0.6050367964609548
2024_25_20250216_TOT_MUN,2024_25,2025-02-16,TOT,MUN,0,0.6433734939759036,1.48,0.6143682821490258
2024_25_20250219_AVL_LIV,2024_25,2025-02-19,AVL,LIV,1,0.6109725685785536,1.56,0.6050323690203624
2024_25_20250221_LEI_BRE,2024_25,2025-02-21,LEI,BRE,1,0.605,1.58,0.5195202440310361
2024_25_20250222_ARS_WHU,2024_25,2025-02-22,ARS,WHU,0,0.5692307692307692,1.68,0.5805019319476777
2024_25_20250222_AVL_CHE,2024_25,2025-02-22,AVL,CHE,1,0.6109725685785536,1.56,0.5271247956636874
2024_25_20250222_BOU_WOL,2024_25,2025-02-22,BOU,WOL,0,0.6005025125628142,1.59,0.5072954640777991
2024_25_20250222_EVE_MUN,2024_25,2025-02-22,EVE,MUN,1,0.4370179948586118,2.19,0.48764664472873903
2024_25_20250222_FUL_CRY,2024_25,2025-02-22,FUL,CRY,0,0.4857142857142857,1.98,0.4949598228635025
2024_25_20250222_IPS_TOT,2024_25,2025-02-22,IPS,TOT,1,0.6274509803921569,1.52,0.5703243651731794
2024_25_20250222_SOU_BRI,2024_25,2025-02-22,SOU,BRI,1,0.605,1.58,0.4759681185457481
2024_25_20250223_MCI_LIV,2024_25,2025-02-23,MCI,LIV,0,0.6720930232558139,1.41,0.6747634766858223
2024_25_20250223_NEW_NFO,2024_25,2025-02-23,NEW,NFO,1,0.5754475703324808,1.66,0.5566326422543088
2024_25_20250225_BRI_BOU,2024_25,2025-02-25,BRI,BOU,1,0.5919395465994962,1.62,0.5056338734950369
2024_25_20250225_CHE_SOU,2024_25,2025-02-25,CHE,SOU,1,0.744,1.28,0.5262310610771672
2024_25_20250225_CRY_AVL,2024_25,2025-02-25,CRY,AVL,1,0.5064935064935064,1.9,0.4984462316207743
2024_25_20250225_WOL_FUL,2024_25,2025-02-25,WOL,FUL,1,0.4779220779220779,2.01,0.48412584713129664
2024_25_20250226_BRE_EVE,2024_25,2025-02-26,BRE,EVE,0,0.5182291666666667,1.85,0.5090208901420035
2024_25_20250226_LIV_NEW,2024_25,2025-02-26,LIV,NEW,0,0.6595744680851063,1.44,0.6078567805614514
2024_25_20250226_MUN_IPS,2024_25,2025-02-26,MUN,IPS,1,0.5826972010178116,1.64,0.5015228920657984
2024_25_20250226_NFO_ARS,2024_25,2025-02-26,NFO,ARS,0,0.440721649484536,2.17,0.5919411457147079
2024_25_20250226_TOT_MCI,2024_25,2025-02-26,TOT,MCI,0,0.7105831533477323,1.34,0.6553446676892208
2024_25_20250227_WHU_LEI,2024_25,2025-02-27,WHU,LEI,0,0.5592783505154639,1.71,0.5294505736928123
2024_25_20250308_BRE_AVL,2024_25,2025-03-08,BRE,AVL,0,0.625615763546798,1.52,0.5297123286649685
2024_25_20250308_BRI_FUL,2024_25,2025-03-08,BRI,FUL,1,0.5466321243523315,1.75,0.5175846061432993
2024_25_20250308_CRY_IPS,2024_25,2025-03-08,CRY,IPS,0,0.5418848167539266,1.75,0.5022021747255054
2024_25_20250308_LIV_SOU,2024_25,2025-03-08,LIV,SOU,1,0.748015873015873,1.27,0.6031559783351643
2024_25_20250308_NFO_MCI,2024_25,2025-03-08,NFO,MCI,0,0.606516290726817,1.57,0.6378863264932622
2024_25_20250308_WOL_EVE,2024_25,2025-03-08,WOL,EVE,0,0.4194373401534527,2.27,0.46198651358636006
2024_25_20250309_CHE_LEI,2024_25,2025-03-09,CHE,LEI,0,0.7045951859956237,1.35,0.56077791308387
2024_25_20250309_MUN_ARS,2024_25,2025-03-09,MUN,ARS,0,0.4381443298969071,2.18,0.5503515635097573
2024_25_20250309_TOT_BOU,2024_25,2025-03-09,TOT,BOU,1,0.6848072562358277,1.39,0.5468874710343097
2024_25_20250310_WHU_NEW,2024_25,2025-03-10,WHU,NEW,0,0.5633074935400517,1.69,0.5204967228381437
2024_25_20250315_BOU_BRE,2024_25,2025-03-15,BOU,BRE,1,0.6425120772946861,1.48,0.577161987720838
2024_25_20250315_EVE_WHU,2024_25,2025-03-15,EVE,WHU,0,0.416243654822335,2.3,0.5380707238801167
2024_25_20250315_IPS_NFO,2024_25,2025-03-15,IPS,NFO,1,0.5182291666666667,1.85,0.5189994656674692
2024_25_20250315_MCI_BRI,2024_25,2025-03-15,MCI,BRI,1,0.6457831325301205,1.47,0.6154887796279347
2024_25_20250315_SOU_WOL,2024_25,2025-03-15,SOU,WOL,1,0.5286458333333333,1.81,0.502228381018559
2024_25_20250316_ARS_CHE,2024_25,2025-03-16,ARS,CHE,0,0.5078534031413613,1.88,0.5831088371070368
2024_25_20250316_FUL_TOT,2024_25,2025-03-16,FUL,TOT,0,0.606516290726817,1.57,0.5688898138003597
2024_25_20250316_LEI_MUN,2024_25,2025-03-16,LEI,MUN,1,0.5326370757180157,1.79,0.5194137722567923
2024_25_20250401_ARS_FUL,2024_25,2025-04-01,ARS,FUL,1,0.4507772020725388,2.12,0.5381987203064601
2024_25_20250401_NFO_MUN,2024_25,2025-04-01,NFO,MUN,0,0.4934725848563968,1.94,0.5839160100773633
2024_25_20250401_WOL_WHU,2024_25,2025-04-01,WOL,WHU,0,0.4381443298969071,2.18,0.4902547887619408
2024_25_20250402_BOU_IPS,2024_25,2025-04-02,BOU,IPS,1,0.6253101736972705,1.51,0.5772601348325311
2024_25_20250402_BRI_AVL,2024_25,2025-04-02,BRI,AVL,1,0.6,1.58,0.508944549020855
2024_25_20250402_LIV_EVE,2024_25,2025-04-02,LIV,EVE,0,0.5392670157068064,1.76,0.5726920469842796
2024_25_20250402_MCI_LEI,2024_25,2025-04-02,MCI,LEI,0,0.6842105263157895,1.38,0.6335620695180395
2024_25_20250402_NEW_BRE,2024_25,2025-04-02,NEW,BRE,1,0.6473429951690821,1.46,0.5622000087713495
2024_25_20250402_SOU_CRY,2024_25,2025-04-02,SOU,CRY,0,0.5328083989501312,1.78,0.491330402859973
2024_25_20250403_CHE_TOT,2024_25,2025-04-03,CHE,TOT,0,0.6774941995359629,1.39,0.5909528072849884
2024_25_20250405_AVL_NFO,2024_25,2025-04-05,AVL,NFO,1,0.5352480417754569,1.78,0.5453592866414101
2024_25_20250405_CRY_BRI,2024_25,2025-04-05,CRY,BRI,1,0.5340314136125655,1.78,0.5086024908391719
2024_25_20250405_EVE_ARS,2024_25,2025-04-05,EVE,ARS,0,0.4025316455696203,2.36,0.5492464305190706
2024_25_20250405_IPS_WOL,2024_25,2025-04-05,IPS,WOL,1,0.4581151832460733,2.07,0.474458098252628
2024_25_20250405_WHU_BOU,2024_25,2025-04-05,WHU,BOU,1,0.5287958115183247,1.8,0.5162152230708911
2024_25_20250406_BRE_CHE,2024_25,2025-04-06,BRE,CHE,0,0.6165413533834586,1.53,0.5499231138584292
2024_25_20250406_FUL_LIV,2024_25,2025-04-06,FUL,LIV,1,0.5287958115183247,1.8,0.5631428517971313
2024_25_20250406_MUN_MCI,2024_25,2025-04-06,MUN,MCI,0,0.5732647814910026,1.66,0.6213680677289536
2024_25_20250406_TOT_SOU,2024_25,2025-04-06,TOT,SOU,1,0.6827586206896552,1.38,0.5677465473224621
2024_25_20250407_LEI_NEW,2024_25,2025-04-07,LEI,NEW,1,0.5928753180661578,1.6,0.5229144326504697
2024_25_20250412_ARS_BRE,2024_25,2025-04-12,ARS,BRE,0,0.5378590078328982,1.77,0.5374699652541453
2024_25_20250412_BRI_LEI,2024_25,2025-04-12,BRI,LEI,1,0.5913705583756345,1.61,0.5473412152934034
2024_25_20250412_MCI_CRY,2024_25,2025-04-12,MCI,CRY,1,0.6184538653366584,1.53,0.573064769091303
2024_25_20250412_NFO_EVE,2024_25,2025-04-12,NFO,EVE,0,0.4293059125964009,2.22,0.5433948405389949
2024_25_20250412_SOU_AVL,2024_25,2025-04-12,SOU,AVL,1,0.5984848484848484,1.59,0.5226154160439319
2024_25_20250413_CHE_IPS,2024_25,2025-04-13,CHE,IPS,1,0.6595238095238095,1.43,0.5634173160113052
2024_25_20250413_LIV_WHU,2024_25,2025-04-13,LIV,WHU,1,0.6228287841191067,1.52,0.5732267894911045
2024_25_20250413_NEW_MUN,2024_25,2025-04-13,NEW,MUN,1,0.5805626598465473,1.64,0.5335280392060193
2024_25_20250413_WOL_TOT,2024_25,2025-04-13,WOL,TOT,1,0.5732647814910026,1.66,0.5192005999703303
2024_25_20250414_BOU_FUL,2024_25,2025-04-14,BOU,FUL,0,0.5468749999999999,1.74,0.5303110504522015
2024_25_20250416_NEW_CRY,2024_25,2025-04-16,NEW,CRY,1,0.5633074935400517,1.69,0.5191084014632077
2024_25_20250419_AVL_NEW,2024_25,2025-04-19,AVL,NEW,1,0.5831202046035805,1.63,0.5556139150304062
2024_25_20250419_BRE_BRI,2024_25,2025-04-19,BRE,BRI,1,0.5984848484848484,1.59,0.5215390518676771
2024_25_20250419_CRY_BOU,2024_25,2025-04-19,CRY,BOU,0,0.5340314136125655,1.78,0.5326360054613148
2024_25_20250419_EVE_MCI,2024_25,2025-04-19,EVE,MCI,0,0.5221932114882506,1.83,0.5987416723212392
2024_25_20250419_WHU_SOU,2024_25,2025-04-19,WHU,SOU,0,0.5658914728682171,1.68,0.5170190672215207
2024_25_20250420_FUL_CHE,2024_25,2025-04-20,FUL,CHE,1,0.5261780104712042,1.81,0.5226423275322042
2024_25_20250420_IPS_ARS,2024_25,2025-04-20,IPS,ARS,1,0.5532467532467532,1.72,0.5180507165882363
2024_25_20250420_LEI_LIV,2024_25,2025-04-20,LEI,LIV,0,0.6555023923444976,1.44,0.564196567524345
2024_25_20250420_MUN_WOL,2024_25,2025-04-20,MUN,WOL,0,0.4947643979057591,1.93,0.4777987013233297
2024_25_20250421_TOT_NFO,2024_25,2025-04-21,TOT,NFO,1,0.601010101010101,1.58,0.5889931872519271
2024_25_20250422_MCI_AVL,2024_25,2025-04-22,MCI,AVL,1,0.628992628992629,1.51,0.5976269405403016
2024_25_20250423_ARS_CRY,2024_25,2025-04-23,ARS,CRY,1,0.5104712041884817,1.87,0.5173371118408546
2024_25_20250426_BRI_WHU,2024_25,2025-04-26,BRI,WHU,1,0.5695876288659795,1.67,0.5217605229303632
2024_25_20250426_CHE_EVE,2024_25,2025-04-26,CHE,EVE,0,0.5157068062827225,1.85,0.5087641625817999
2024_25_20250426_NEW_IPS,2024_25,2025-04-26,NEW,IPS,1,0.7035398230088495,1.34,0.5516358875869648
2024_25_20250426_SOU_FUL,2024_25,2025-04-26,SOU,FUL,1,0.5546875,1.71,0.4869015160117797
2024_25_20250426_WOL_LEI,2024_25,2025-04-26,WOL,LEI,1,0.5442708333333333,1.75,0.5042545576431031
2024_25_20250427_BOU_MUN,2024_25,2025-04-27,BOU,MUN,0,0.5670103092783505,1.68,0.508754829927254
2024_25_20250427_LIV_TOT,2024_25,2025-04-27,LIV,TOT,1,0.7206823027718551,1.31,0.6070757983448456
2024_25_20250501_NFO_BRE,2024_25,2025-05-01,NFO,BRE,0,0.5326370757180157,1.79,0.5395915057813929
2024_25_20250502_MCI_WOL,2024_25,2025-05-02,MCI,WOL,0,0.6228287841191067,1.52,0.5480512385677251
2024_25_20250503_ARS_BOU,2024_25,2025-05-03,ARS,BOU,1,0.5195822454308094,1.84,0.5275462738717916
2024_25_20250503_AVL_FUL,2024_25,2025-05-03,AVL,FUL,0,0.5520833333333334,1.72,0.5110294293746087
2024_25_20250503_EVE_IPS,2024_25,2025-05-03,EVE,IPS,1,0.5052356020942408,1.89,0.5074325444621632
2024_25_20250503_LEI_SOU,2024_25,2025-05-03,LEI,SOU,0,0.5456919060052219,1.74,0.5128606457666492
2024_25_20250504_BRE_MUN,2024_25,2025-05-04,BRE,MUN,1,0.5695876288659795,1.67,0.5212274056688835
2024_25_20250504_BRI_NEW,2024_25,2025-05-04,BRI,NEW,0,0.6144278606965174,1.55,0.5861559198075805
2024_25_20250504_CHE_LIV,2024_25,2025-05-04,CHE,LIV,1,0.6140350877192983,1.54,0.5763980505372415
2024_25_20250504_WHU_TOT,2024_25,2025-05-04,WHU,TOT,0,0.606060606060606,1.56,0.5389182185095159
2024_25_20250505_CRY_NFO,2024_25,2025-05-05,CRY,NFO,0,0.486910994764398,1.96,0.5251374619777193
2024_25_20250510_BOU_AVL,2024_25,2025-05-10,BOU,AVL,0,0.5913705583756345,1.61,0.5164453651444046
2024_25_20250510_FUL_EVE,2024_25,2025-05-10,FUL,EVE,1,0.4673629242819843,2.04,0.4624732155724227
2024_25_20250510_IPS_BRE,2024_25,2025-05-10,IPS,BRE,0,0.6253101736972705,1.51,0.5318533676576124
2024_25_20250510_SOU_MCI,2024_25,2025-05-10,SOU,MCI,0,0.7076923076923077,1.33,0.5467728234005884
2024_25_20250510_WOL_BRI,2024_25,2025-05-10,WOL,BRI,0,0.5506493506493506,1.73,0.49815681495690767
2024_25_20250511_LIV_ARS,2024_25,2025-05-11,LIV,ARS,1,0.5558441558441558,1.71,0.5936339727850718
2024_25_20250511_MUN_WHU,2024_25,2025-05-11,MUN,WHU,0,0.5404699738903395,1.76,0.5152150190253241
2024_25_20250511_NEW_CHE,2024_25,2025-05-11,NEW,CHE,0,0.6105527638190955,1.55,0.5495783552026166
2024_25_20250511_NFO_LEI,2024_25,2025-05-11,NFO,LEI,1,0.5721649484536083,1.66,0.529428561793061
2024_25_20250511_TOT_CRY,2024_25,2025-05-11,TOT,CRY,0,0.6165413533834586,1.53,0.5365606308792426
2024_25_20250516_AVL_TOT,2024_25,2025-05-16,AVL,TOT,0,0.690744920993228,1.37,0.5572319023222837
2024_25_20250516_CHE_MUN,2024_25,2025-05-16,CHE,MUN,0,0.6356968215158926,1.49,0.517020714077743
2024_25_20250518_ARS_NEW,2024_25,2025-05-18,ARS,NEW,0,0.5378590078328982,1.77,0.5440442593240468
2024_25_20250518_BRE_FUL,2024_25,2025-05-18,BRE,FUL,1,0.5903307888040712,1.61,0.5085589393460358
2024_25_20250518_EVE_SOU,2024_25,2025-05-18,EVE,SOU,0,0.5326370757180157,1.79,0.48079971989819087
2024_25_20250518_LEI_IPS,2024_25,2025-05-18,LEI,IPS,0,0.548051948051948,1.74,0.5063475114920581
2024_25_20250518_WHU_NFO,2024_25,2025-05-18,WHU,NFO,1,0.4934725848563968,1.94,0.4853015034253026
2024_25_20250519_BRI_LIV,2024_25,2025-05-19,BRI,LIV,1,0.6506024096385543,1.45,0.5800002755756474
2024_25_20250520_CRY_WOL,2024_25,2025-05-20,CRY,WOL,1,0.4790575916230366,1.99,0.4872700980445764
2024_25_20250520_MCI_BOU,2024_25,2025-05-20,MCI,BOU,1,0.6253101736972705,1.51,0.5639359755318751
2024_25_20250525_BOU_LEI,2024_25,2025-05-25,BOU,LEI,0,0.6464891041162226,1.46,0.5212940143709371
2024_25_20250525_FUL_MCI,2024_25,2025-05-25,FUL,MCI,0,0.6253101736972705,1.51,0.5740740951194799
2024_25_20250525_IPS_WHU,2024_25,2025-05-25,IPS,WHU,1,0.6314496314496314,1.5,0.49528183826356587
2024_25_20250525_LIV_CRY,2024_25,2025-05-25,LIV,CRY,0,0.7251585623678646,1.3,0.6013976567629434
2024_25_20250525_MUN_AVL,2024_25,2025-05-25,MUN,AVL,0,0.5949367088607596,1.6,0.512455487162901
2024_25_20250525_NEW_EVE,2024_25,2025-05-25,NEW,EVE,0,0.6296296296296295,1.5,0.5126555364659121
2024_25_20250525_NFO_CHE,2024_25,2025-05-25,NFO,CHE,0,0.5695876288659795,1.67,0.5018333027636751
2024_25_20250525_SOU_ARS,2024_25,2025-05-25,SOU,ARS,1,0.6423357664233577,1.47,0.5009649372531763
2024_25_20250525_TOT_BRI,2024_25,2025-05-25,TOT,BRI,1,0.7167381974248926,1.32,0.5704896382924549
2024_25_20250525_WOL_BRE,2024_25,2025-05-25,WOL,BRE,0,0.6296296296296295,1.5,0.5177927836644782
2025_26_20250815_LIV_BOU,2025_26,2025-08-15,LIV,BOU,1,0.6986607142857143,1.35,0.5887267353616414
2025_26_20250816_AVL_NEW,2025_26,2025-08-16,AVL,NEW,0,0.582901554404145,1.61,0.5550429686652109
2025_26_20250816_BRI_FUL,2025_26,2025-08-16,BRI,FUL,0,0.5488126649076518,1.71,0.5283597695931949
2025_26_20250816_SUN_WHU,2025_26,2025-08-16,SUN,WHU,1,0.5,1.88,0.4854063685488206
2025_26_20250816_TOT_BUR,2025_26,2025-08-16,TOT,BUR,1,0.5654450261780105,1.66,0.5481299318873113
2025_26_20250816_WOL_MCI,2025_26,2025-08-16,WOL,MCI,1,0.582901554404145,1.61,0.5671501356809258
2025_26_20250817_CHE_CRY,2025_26,2025-08-17,CHE,CRY,0,0.5766233766233767,1.63,0.5379134113824122
2025_26_20250817_MUN_ARS,2025_26,2025-08-17,MUN,ARS,0,0.5225464190981433,1.8,0.5315619216035145
2025_26_20250817_NFO_BRE,2025_26,2025-08-17,NFO,BRE,1,0.4880000000000001,1.92,0.5350743167079433
2025_26_20250818_LEE_EVE,2025_26,2025-08-18,LEE,EVE,0,0.4538258575197889,2.07,0.5181054843642147
2025_26_20250822_WHU_CHE,2025_26,2025-08-22,WHU,CHE,1,0.5485564304461943,1.72,0.5038449212546854
2025_26_20250823_ARS_LEE,2025_26,2025-08-23,ARS,LEE,1,0.6055979643765903,1.55,0.6428701778654645
2025_26_20250823_BOU_WOL,2025_26,2025-08-23,BOU,WOL,0,0.544973544973545,1.72,0.48005675184724805
2025_26_20250823_BRE_AVL,2025_26,2025-08-23,BRE,AVL,0,0.5305039787798408,1.77,0.5500090176996576
2025_26_20250823_BUR_SUN,2025_26,2025-08-23,BUR,SUN,0,0.4145077720207254,2.26,0.4815675495165812
2025_26_20250823_MCI_TOT,2025_26,2025-08-23,MCI,TOT,0,0.642156862745098,1.46,0.6573525073577718
2025_26_20250824_CRY_NFO,2025_26,2025-08-24,CRY,NFO,0,0.4576719576719577,2.05,0.491325995545724
2025_26_20250824_EVE_BRI,2025_26,2025-08-24,EVE,BRI,0,0.4668435013262599,2.01,0.520481899654086
2025_26_20250824_FUL_MUN,2025_26,2025-08-24,FUL,MUN,0,0.5292553191489361,1.77,0.4886160579157145
2025_26_20250825_NEW_LIV,2025_26,2025-08-25,NEW,LIV,1,0.6136363636363636,1.53,0.5967108195639365
2025_26_20250830_CHE_FUL,2025_26,2025-08-30,CHE,FUL,0,0.5639686684073107,1.67,0.5253399240913942
2025_26_20250830_LEE_NEW,2025_26,2025-08-30,LEE,NEW,0,0.53315649867374,1.76,0.5725739137964765
2025_26_20250830_MUN_BUR,2025_26,2025-08-30,MUN,BUR,1,0.5680628272251308,1.65,0.4830663426557111
2025_26_20250830_SUN_BRE,2025_26,2025-08-30,SUN,BRE,1,0.4588859416445623,2.04,0.5154830819511841
2025_26_20250830_TOT_BOU,2025_26,2025-08-30,TOT,BOU,0,0.6071428571428571,1.54,0.5615915198973134
2025_26_20250830_WOL_EVE,2025_26,2025-08-30,WOL,EVE,1,0.431937172774869,2.17,0.48695377832149483
2025_26_20250831_AVL_CRY,2025_26,2025-08-31,AVL,CRY,1,0.4813829787234043,1.95,0.5336942838017069
2025_26_20250831_BRI_MCI,2025_26,2025-08-31,BRI,MCI,1,0.596401028277635,1.57,0.5788590872191405
2025_26_20250831_LIV_ARS,2025_26,2025-08-31,LIV,ARS,0,0.5435356200527705,1.73,0.6520139453688985
2025_26_20250831_NFO_WHU,2025_26,2025-08-31,NFO,WHU,1,0.4840425531914894,1.94,0.5271676407662836
2025_26_20250913_ARS_NFO,2025_26,2025-09-13,ARS,NFO,1,0.5552631578947369,1.69,0.5513479081802107
2025_26_20250913_BOU_BRI,2025_26,2025-09-13,BOU,BRI,1,0.5616797900262467,1.67,0.5227193189603875
2025_26_20250913_BRE_CHE,2025_26,2025-09-13,BRE,CHE,1,0.5538057742782152,1.7,0.5744601571502741
2025_26_20250913_CRY_SUN,2025_26,2025-09-13,CRY,SUN,0,0.4511873350923483,2.08,0.4604170480247539
2025_26_20250913_EVE_AVL,2025_26,2025-09-13,EVE,AVL,0,0.4656084656084655,2.02,0.4729942762815764
2025_26_20250913_FUL_LEE,2025_26,2025-09-13,FUL,LEE,0,0.4734042553191488,1.98,0.5287957826289176
2025_26_20250913_NEW_WOL,2025_26,2025-09-13,NEW,WOL,0,0.5396825396825397,1.74,0.5019567466696354
2025_26_20250913_WHU_TOT,2025_26,2025-09-13,WHU,TOT,1,0.5343915343915343,1.76,0.6030879523428807
2025_26_20250914_BUR_LIV,2025_26,2025-09-14,BUR,LIV,0,0.6161616161616161,1.52,0.5743736682528953
2025_26_20250914_MCI_MUN,2025_26,2025-09-14,MCI,MUN,1,0.6055979643765903,1.55,0.6255480620376073
2025_26_20250920_BRI_TOT,2025_26,2025-09-20,BRI,TOT,1,0.5729166666666667,1.64,0.5850262311078768
2025_26_20250920_BUR_NFO,2025_26,2025-09-20,BUR,NFO,0,0.4840425531914894,1.94,0.5012487412175346
2025_26_20250920_FUL_BRE,2025_26,2025-09-20,FUL,BRE,1,0.493368700265252,1.91,0.5534897952788121
2025_26_20250920_LIV_EVE,2025_26,2025-09-20,LIV,EVE,1,0.5891472868217055,1.59,0.582359020219841
2025_26_20250920_MUN_CHE,2025_26,2025-09-20,MUN,CHE,1,0.596401028277635,1.57,0.5259450067056075
2025_26_20250920_WHU_CRY,2025_26,2025-09-20,WHU,CRY,1,0.4748010610079576,1.98,0.5191072958147512
2025_26_20250920_WOL_LEE,2025_26,2025-09-20,WOL,LEE,1,0.421875,2.22,0.5372175321649921
2025_26_20250921_ARS_MCI,2025_26,2025-09-21,ARS,MCI,0,0.5305039787798408,1.77,0.5949570267976364
2025_26_20250921_BOU_NEW,2025_26,2025-09-21,BOU,NEW,0,0.5225464190981433,1.8,0.4824101487708
2025_26_20250921_SUN_AVL,2025_26,2025-09-21,SUN,AVL,0,0.4485488126649077,2.09,0.443114568793613
2025_26_20250927_BRE_MUN,2025_26,2025-09-27,BRE,MUN,1,0.5751295336787565,1.64,0.5582941092333303
2025_26_20250927_CHE_BRI,2025_26,2025-09-27,CHE,BRI,1,0.5902061855670103,1.59,0.5490007320256174
2025_26_20250927_CRY_LIV,2025_26,2025-09-27,CRY,LIV,1,0.5461741424802111,1.72,0.5928569038519237
2025_26_20250927_LEE_BOU,2025_26,2025-09-27,LEE,BOU,1,0.4801061007957559,1.96,0.5249223632431083
2025_26_20250927_MCI_BUR,2025_26,2025-09-27,MCI,BUR,1,0.657074340527578,1.43,0.5886014987991367
2025_26_20250927_NFO_SUN,2025_26,2025-09-27,NFO,SUN,0,0.4774535809018567,1.97,0.4905719511984927
2025_26_20250927_TOT_WOL,2025_26,2025-09-27,TOT,WOL,0,0.5602094240837696,1.68,0.5318938509814921
2025_26_20250928_AVL_FUL,2025_26,2025-09-28,AVL,FUL,1,0.4447368421052632,2.11,0.48943051377283164
2025_26_20250928_NEW_ARS,2025_26,2025-09-28,NEW,ARS,1,0.4511873350923483,2.08,0.5254133471904174
2025_26_20250929_EVE_WHU,2025_26,2025-09-29,EVE,WHU,0,0.4920212765957447,1.91,0.519224438737698
2025_26_20251003_BOU_FUL,2025_26,2025-10-03,BOU,FUL,1,0.4894179894179895,1.93,0.5073687233326521
2025_26_20251004_ARS_WHU,2025_26,2025-10-04,ARS,WHU,0,0.6190476190476191,1.52,0.5609546637992436
2025_26_20251004_CHE_LIV,2025_26,2025-10-04,CHE,LIV,1,0.6136363636363636,1.53,0.6222141473395457
2025_26_20251004_LEE_TOT,2025_26,2025-10-04,LEE,TOT,1,0.5,1.89,0.5649190983946358
2025_26_20251004_MUN_SUN,2025_26,2025-10-04,MUN,SUN,0,0.574025974025974,1.64,0.52249549846443
2025_26_20251005_AVL_BUR,2025_26,2025-10-05,AVL,BUR,1,0.4960212201591513,1.9,0.4835254699072636
2025_26_20251005_BRE_MCI,2025_26,2025-10-05,BRE,MCI,0,0.6010230179028133,1.56,0.5896112242704045
2025_26_20251005_EVE_CRY,2025_26,2025-10-05,EVE,CRY,1,0.4285714285714286,2.2,0.4748234825662519
2025_26_20251005_NEW_NFO,2025_26,2025-10-05,NEW,NFO,0,0.5564304461942258,1.69,0.47015148935732676
2025_26_20251005_WOL_BRI,2025_26,2025-10-05,WOL,BRI,0,0.5145888594164455,1.83,0.5005408817710038
2025_26_20251018_BRI_NEW,2025_26,2025-10-18,BRI,NEW,1,0.5106382978723405,1.84,0.4933799465052414
2025_26_20251018_BUR_LEE,2025_26,2025-10-18,BUR,LEE,0,0.4270833333333333,2.2,0.5586823700734816
2025_26_20251018_CRY_BOU,2025_26,2025-10-18,CRY,BOU,1,0.4907161803713528,1.92,0.509533362356513
2025_26_20251018_FUL_ARS,2025_26,2025-10-18,FUL,ARS,0,0.4973404255319149,1.89,0.531843630648459
2025_26_20251018_MCI_EVE,2025_26,2025-10-18,MCI,EVE,0,0.5564304461942258,1.69,0.5560786932516577
2025_26_20251018_NFO_CHE,2025_26,2025-10-18,NFO,CHE,1,0.5590551181102362,1.68,0.5078004547503495
2025_26_20251018_SUN_WOL,2025_26,2025-10-18,SUN,WOL,0,0.3863636363636363,2.43,0.4722526383583616
2025_26_20251019_LIV_MUN,2025_26,2025-10-19,LIV,MUN,1,0.6545893719806762,1.43,0.5782534667339115
2025_26_20251019_TOT_AVL,2025_26,2025-10-19,TOT,AVL,1,0.5278514588859416,1.78,0.5098992254163631
2025_26_20251020_WHU_BRE,2025_26,2025-10-20,WHU,BRE,0,0.5079787234042553,1.85,0.5464039139769988
2025_26_20251024_LEE_WHU,2025_26,2025-10-24,LEE,WHU,1,0.4631578947368421,2.04,0.550503823782184
2025_26_20251025_BRE_LIV,2025_26,2025-10-25,BRE,LIV,1,0.610126582278481,1.54,0.5991125300876702
2025_26_20251025_CHE_SUN,2025_26,2025-10-25,CHE,SUN,1,0.5564304461942258,1.69,0.5423021971135302
2025_26_20251025_MUN_BRI,2025_26,2025-10-25,MUN,BRI,1,0.6136363636363636,1.53,0.542374363225923
2025_26_20251025_NEW_FUL,2025_26,2025-10-25,NEW,FUL,1,0.5092838196286471,1.85,0.4725044099031784
2025_26_20251026_ARS_CRY,2025_26,2025-10-26,ARS,CRY,0,0.5408970976253298,1.74,0.5270360520420806
2025_26_20251026_AVL_MCI,2025_26,2025-10-26,AVL,MCI,0,0.5447368421052632,1.73,0.5517660971366465
2025_26_20251026_BOU_NFO,2025_26,2025-10-26,BOU,NFO,0,0.5106382978723405,1.84,0.505211655413984
2025_26_20251026_EVE_TOT,2025_26,2025-10-26,EVE,TOT,1,0.4920212765957447,1.91,0.5256426589643438
2025_26_20251026_WOL_BUR,2025_26,2025-10-26,WOL,BUR,1,0.4233766233766234,2.22,0.4956558291633298
2025_26_20251101_BRI_LEE,2025_26,2025-11-01,BRI,LEE,1,0.5239361702127661,1.79,0.5448047172733104
2025_26_20251101_BUR_ARS,2025_26,2025-11-01,BUR,ARS,0,0.5423280423280423,1.73,0.5100596448478301
2025_26_20251101_CRY_BRE,2025_26,2025-11-01,CRY,BRE,0,0.5396825396825397,1.74,0.5150972522241013
2025_26_20251101_FUL_WOL,2025_26,2025-11-01,FUL,WOL,1,0.433420365535248,2.17,0.4771003529108361
2025_26_20251101_LIV_AVL,2025_26,2025-11-01,LIV,AVL,0,0.6161616161616161,1.52,0.5661419066242903
2025_26_20251101_NFO_MUN,2025_26,2025-11-01,NFO,MUN,1,0.5499999999999999,1.71,0.5070959758510812
2025_26_20251101_TOT_CHE,2025_26,2025-11-01,TOT,CHE,0,0.5526315789473685,1.7,0.5731677810265136
2025_26_20251102_MCI_BOU,2025_26,2025-11-02,MCI,BOU,1,0.6171284634760705,1.52,0.6009351334215979
2025_26_20251102_WHU_NEW,2025_26,2025-11-02,WHU,NEW,1,0.5396825396825397,1.74,0.4952446921314834
2025_26_20251103_SUN_EVE,2025_26,2025-11-03,SUN,EVE,0,0.4097938144329897,2.29,0.43492477682807745
2025_26_20251108_CHE_WOL,2025_26,2025-11-08,CHE,WOL,1,0.5792207792207792,1.62,0.5518154317728781
2025_26_20251108_EVE_FUL,2025_26,2025-11-08,EVE,FUL,0,0.433420365535248,2.17,0.47454782398082485
2025_26_20251108_SUN_ARS,2025_26,2025-11-08,SUN,ARS,1,0.4708994708994709,2.0,0.4802505942425816
2025_26_20251108_TOT_MUN,2025_26,2025-11-08,TOT,MUN,1,0.5762273901808785,1.64,0.5751614470955122
2025_26_20251108_WHU_BUR,2025_26,2025-11-08,WHU,BUR,1,0.4787234042553191,1.96,0.5082784436821023
2025_26_20251109_AVL_BOU,2025_26,2025-11-09,AVL,BOU,1,0.5172413793103448,1.82,0.48025953717577685
2025_26_20251109_BRE_NEW,2025_26,2025-11-09,BRE,NEW,1,0.5186170212765957,1.81,0.4883844756830021
2025_26_20251109_CRY_BRI,2025_26,2025-11-09,CRY,BRI,0,0.5488126649076518,1.71,0.49961520608514864
2025_26_20251109_MCI_LIV,2025_26,2025-11-09,MCI,LIV,1,0.6354679802955665,1.48,0.6419769599187967
2025_26_20251109_NFO_LEE,2025_26,2025-11-09,NFO,LEE,1,0.4603174603174603,2.04,0.506834269098381
2025_26_20251122_BOU_WHU,2025_26,2025-11-22,BOU,WHU,1,0.5703125,1.65,0.5541358015446645
2025_26_20251122_BRI_BRE,2025_26,2025-11-22,BRI,BRE,1,0.5590551181102362,1.68,0.5494512192172842
2025_26_20251122_BUR_CHE,2025_26,2025-11-22,BUR,CHE,0,0.53315649867374,1.76,0.5528987140169068
2025_26_20251122_FUL_SUN,2025_26,2025-11-22,FUL,SUN,0,0.4296875,2.19,0.4524336366410072
2025_26_20251122_LIV_NFO,2025_26,2025-11-22,LIV,NFO,1,0.6136363636363636,1.53,0.5733725572978837
2025_26_20251122_NEW_MCI,2025_26,2025-11-22,NEW,MCI,1,0.5590551181102362,1.68,0.5736751076868583
2025_26_20251122_WOL_CRY,2025_26,2025-11-22,WOL,CRY,0,0.4721485411140583,1.99,0.4652146097131427
2025_26_20251123_ARS_TOT,2025_26,2025-11-23,ARS,TOT,1,0.5305039787798408,1.77,0.5715042637134538
2025_26_20251123_LEE_AVL,2025_26,2025-11-23,LEE,AVL,1,0.4435695538057742,2.12,0.5100288478036574
2025_26_20251124_MUN_EVE,2025_26,2025-11-24,MUN,EVE,0,0.5396825396825397,1.74,0.5210882954848944
2025_26_20251129_BRE_BUR,2025_26,2025-11-29,BRE,BUR,1,0.5278514588859416,1.78,0.5456296674698646
2025_26_20251129_EVE_NEW,2025_26,2025-11-29,EVE,NEW,1,0.4787234042553191,1.96,0.4531773883181107
2025_26_20251129_MCI_LEE,2025_26,2025-11-29,MCI,LEE,1,0.6180904522613065,1.52,0.6027837952309197
2025_26_20251129_SUN_BOU,2025_26,2025-11-29,SUN,BOU,1,0.4801061007957559,1.96,0.46493735274265385
2025_26_20251129_TOT_FUL,2025_26,2025-11-29,TOT,FUL,1,0.5039787798408488,1.87,0.5650936403342947
2025_26_20251130_AVL_WOL,2025_26,2025-11-30,AVL,WOL,0,0.526595744680851,1.78,0.486545567176497
2025_26_20251130_CHE_ARS,2025_26,2025-11-30,CHE,ARS,0,0.4893617021276596,1.92,0.5546409800433931
2025_26_20251130_CRY_MUN,2025_26,2025-11-30,CRY,MUN,1,0.5488126649076518,1.71,0.527215861843192
2025_26_20251130_NFO_BRI,2025_26,2025-11-30,NFO,BRI,0,0.5,1.88,0.505138507545424
2025_26_20251130_WHU_LIV,2025_26,2025-11-30,WHU,LIV,0,0.6206030150753769,1.51,0.5472895887270226
2025_26_20251202_BOU_EVE,2025_26,2025-12-02,BOU,EVE,0,0.492063492063492,1.92,0.5114481791539038
2025_26_20251202_FUL_MCI,2025_26,2025-12-02,FUL,MCI,1,0.5714285714285715,1.65,0.551388766099998
2025_26_20251202_NEW_TOT,2025_26,2025-12-02,NEW,TOT,1,0.5485564304461943,1.72,0.5484698270012872
2025_26_20251203_ARS_BRE,2025_26,2025-12-03,ARS,BRE,0,0.5435356200527705,1.73,0.5812534300836675
2025_26_20251203_BRI_AVL,2025_26,2025-12-03,BRI,AVL,1,0.5159574468085106,1.82,0.5096209373083592
2025_26_20251203_BUR_CRY,2025_26,2025-12-03,BUR,CRY,0,0.4774535809018567,1.97,0.4903531711856605
2025_26_20251203_LEE_CHE,2025_26,2025-12-03,LEE,CHE,1,0.519893899204244,1.81,0.5661730107671313
2025_26_20251203_LIV_SUN,2025_26,2025-12-03,LIV,SUN,0,0.6055979643765903,1.55,0.5259430283378862
2025_26_20251203_WOL_NFO,2025_26,2025-12-03,WOL,NFO,0,0.4538258575197889,2.07,0.4844294012313779
2025_26_20251204_MUN_WHU,2025_26,2025-12-04,MUN,WHU,0,0.6293532338308457,1.49,0.5576315923124315
2025_26_20251206_AVL_ARS,2025_26,2025-12-06,AVL,ARS,1,0.4578947368421053,2.06,0.5247465751634139
2025_26_20251206_BOU_CHE,2025_26,2025-12-06,BOU,CHE,0,0.5744125326370757,1.63,0.5741241882371784
2025_26_20251206_EVE_NFO,2025_26,2025-12-06,EVE,NFO,1,0.4485488126649077,2.09,0.4782189335563195
2025_26_20251206_LEE_LIV,2025_26,2025-12-06,LEE,LIV,1,0.5729166666666667,1.64,0.6000891502029666
2025_26_20251206_MCI_SUN,2025_26,2025-12-06,MCI,SUN,1,0.634567901234568,1.48,0.5765090394055008
2025_26_20251206_NEW_BUR,2025_26,2025-12-06,NEW,BUR,1,0.5917312661498708,1.58,0.5237575073496775
2025_26_20251206_TOT_BRE,2025_26,2025-12-06,TOT,BRE,0,0.5225464190981433,1.8,0.602818333824674
2025_26_20251207_BRI_WHU,2025_26,2025-12-07,BRI,WHU,0,0.5865633074935401,1.6,0.5422473697207386
2025_26_20251207_FUL_CRY,2025_26,2025-12-07,FUL,CRY,1,0.4656084656084655,2.02,0.514142688080323
2025_26_20251208_WOL_MUN,2025_26,2025-12-08,WOL,MUN,1,0.5616797900262467,1.67,0.5209557682672518
2025_26_20251213_ARS_WOL,2025_26,2025-12-13,ARS,WOL,1,0.6215538847117794,1.51,0.5310411280462979
2025_26_20251213_BUR_FUL,2025_26,2025-12-13,BUR,FUL,1,0.4603174603174603,2.04,0.5204163029608366
2025_26_20251213_CHE_EVE,2025_26,2025-12-13,CHE,EVE,0,0.5093333333333333,1.84,0.5239605281595153
2025_26_20251213_LIV_BRI,2025_26,2025-12-13,LIV,BRI,0,0.6231155778894473,1.5,0.6075141957642588
2025_26_20251214_BRE_LEE,2025_26,2025-12-14,BRE,LEE,0,0.5039999999999999,1.86,0.5747638982164605
2025_26_20251214_CRY_MCI,2025_26,2025-12-14,CRY,MCI,1,0.5654450261780105,1.66,0.5657040676576287
2025_26_20251214_NFO_TOT,2025_26,2025-12-14,NFO,TOT,1,0.48,1.95,0.5107726171046789
2025_26_20251214_SUN_NEW,2025_26,2025-12-14,SUN,NEW,0,0.4906666666666666,1.91,0.5063557143868185
2025_26_20251214_WHU_AVL,2025_26,2025-12-14,WHU,AVL,1,0.5253333333333333,1.78,0.5290892585676302
2025_26_20251215_MUN_BOU,2025_26,2025-12-15,MUN,BOU,1,0.6035805626598465,1.55,0.5909535917099467
2025_26_20251220_BOU_BUR,2025_26,2025-12-20,BOU,BUR,0,0.5590551181102362,1.68,0.5414850836281261
2025_26_20251220_BRI_SUN,2025_26,2025-12-20,BRI,SUN,0,0.5212765957446808,1.8,0.4936909089920421
2025_26_20251220_EVE_ARS,2025_26,2025-12-20,EVE,ARS,0,0.4576719576719577,2.05,0.4967229156797681
2025_26_20251220_LEE_CRY,2025_26,2025-12-20,LEE,CRY,1,0.4576719576719577,2.05,0.5057684389095075
2025_26_20251220_MCI_WHU,2025_26,2025-12-20,MCI,WHU,1,0.7002237136465325,1.34,0.6325854414092184
2025_26_20251220_NEW_CHE,2025_26,2025-12-20,NEW,CHE,1,0.5677083333333334,1.66,0.5280497608738765
2025_26_20251220_TOT_LIV,2025_26,2025-12-20,TOT,LIV,1,0.5744125326370757,1.63,0.6284243491790492
2025_26_20251220_WOL_BRE,2025_26,2025-12-20,WOL,BRE,0,0.4867021276595745,1.93,0.5042978513053219
2025_26_20251221_AVL_MUN,2025_26,2025-12-21,AVL,MUN,1,0.5755208333333334,1.63,0.5692064128289366
2025_26_20251222_FUL_NFO,2025_26,2025-12-22,FUL,NFO,0,0.4693333333333332,1.99,0.5254260601044918
2025_26_20251226_MUN_NEW,2025_26,2025-12-26,MUN,NEW,0,0.578125,1.62,0.5936327681759186
2025_26_20251227_ARS_BRI,2025_26,2025-12-27,ARS,BRI,1,0.5729166666666667,1.64,0.551026612148802
2025_26_20251227_BRE_BOU,2025_26,2025-12-27,BRE,BOU,1,0.5552631578947369,1.69,0.5835168014393747
2025_26_20251227_BUR_EVE,2025_26,2025-12-27,BUR,EVE,0,0.4345549738219895,2.16,0.46765976388806435
2025_26_20251227_CHE_AVL,2025_26,2025-12-27,CHE,AVL,1,0.5578947368421052,1.68,0.5521987242022894
2025_26_20251227_LIV_WOL,2025_26,2025-12-27,LIV,WOL,1,0.642156862745098,1.46,0.5695065360296293
2025_26_20251227_NFO_MCI,2025_26,2025-12-27,NFO,MCI,1,0.5792207792207792,1.62,0.5773027777544953
2025_26_20251227_WHU_FUL,2025_26,2025-12-27,WHU,FUL,0,0.526595744680851,1.78,0.5273760567855393
2025_26_20251228_CRY_TOT,2025_26,2025-12-28,CRY,TOT,0,0.4787234042553191,1.96,0.5483189135650088
2025_26_20251228_SUN_LEE,2025_26,2025-12-28,SUN,LEE,0,0.4281984334203655,2.19,0.5302336031990152
2025_26_20251230_ARS_AVL,2025_26,2025-12-30,ARS,AVL,1,0.5651041666666667,1.67,0.556079062482436
2025_26_20251230_BUR_NEW,2025_26,2025-12-30,BUR,NEW,1,0.5305039787798408,1.77,0.524587818910963
2025_26_20251230_CHE_BOU,2025_26,2025-12-30,CHE,BOU,1,0.6339066339066339,1.49,0.5831204981835102
2025_26_20251230_MUN_WOL,2025_26,2025-12-30,MUN,WOL,0,0.5948717948717949,1.58,0.5481765539689073
2025_26_20251230_NFO_EVE,2025_26,2025-12-30,NFO,EVE,0,0.4123711340206186,2.28,0.4872405064936319
2025_26_20251230_WHU_BRI,2025_26,2025-12-30,WHU,BRI,1,0.5703125,1.65,0.5274516764079934
2025_26_20260101_BRE_TOT,2025_26,2026-01-01,BRE,TOT,0,0.5013333333333333,1.87,0.5854452176261715
2025_26_20260101_CRY_FUL,2025_26,2026-01-01,CRY,FUL,0,0.4640000000000001,2.01,0.4820835395645225
2025_26_20260101_LIV_LEE,2025_26,2026-01-01,LIV,LEE,0,0.5902061855670103,1.59,0.6379425353182652
2025_26_20260101_SUN_MCI,2025_26,2026-01-01,SUN,MCI,0,0.578125,1.62,0.5697705756912822
2025_26_20260103_AVL_NFO,2025_26,2026-01-03,AVL,NFO,1,0.5225464190981433,1.8,0.5358322323594507
2025_26_20260103_BOU_ARS,2025_26,2026-01-03,BOU,ARS,1,0.578125,1.62,0.5676280492593788
2025_26_20260103_BRI_BUR,2025_26,2026-01-03,BRI,BUR,0,0.5526315789473685,1.7,0.5036386763982781
2025_26_20260103_WOL_WHU,2025_26,2026-01-03,WOL,WHU,1,0.4920212765957447,1.91,0.507272116884744
2025_26_20260104_EVE_BRE,2025_26,2026-01-04,EVE,BRE,1,0.4281984334203655,2.19,0.5047893048637314
2025_26_20260104_FUL_LIV,2025_26,2026-01-04,FUL,LIV,1,0.5305039787798408,1.77,0.5537213623011029
2025_26_20260104_LEE_MUN,2025_26,2026-01-04,LEE,MUN,0,0.5212765957446808,1.8,0.5491101619570034
2025_26_20260104_MCI_CHE,2025_26,2026-01-04,MCI,CHE,0,0.6311881188118812,1.49,0.6273275637090177
2025_26_20260104_NEW_CRY,2025_26,2026-01-04,NEW,CRY,0,0.5358090185676393,1.75,0.48410968074089517
2025_26_20260104_TOT_SUN,2025_26,2026-01-04,TOT,SUN,0,0.4694960212201591,2.0,0.5221619207135514
2025_26_20260106_WHU_NFO,2025_26,2026-01-06,WHU,NFO,1,0.493368700265252,1.91,0.5242213695473509
2025_26_20260107_BOU_TOT,2025_26,2026-01-07,BOU,TOT,1,0.5552631578947369,1.69,0.5811227396256041
2025_26_20260107_BRE_SUN,2025_26,2026-01-07,BRE,SUN,1,0.4748010610079576,1.98,0.511370319556125
2025_26_20260107_BUR_MUN,2025_26,2026-01-07,BUR,MUN,1,0.5488126649076518,1.71,0.5015540540573531
2025_26_20260107_CRY_AVL,2025_26,2026-01-07,CRY,AVL,0,0.4946808510638298,1.9,0.5295619899778304
2025_26_20260107_EVE_WOL,2025_26,2026-01-07,EVE,WOL,0,0.4576719576719577,2.05,0.48208016261704384
2025_26_20260107_FUL_CHE,2025_26,2026-01-07,FUL,CHE,1,0.5305039787798408,1.77,0.5151668400151794
2025_26_20260107_MCI_BRI,2025_26,2026-01-07,MCI,BRI,0,0.6602870813397128,1.42,0.6132536090280845
2025_26_20260107_NEW_LEE,2025_26,2026-01-07,NEW,LEE,1,0.5251989389920424,1.79,0.6013642567762112
2025_26_20260108_ARS_LIV,2025_26,2026-01-08,ARS,LIV,0,0.5476190476190476,1.71,0.6280144447656069
2025_26_20260117_CHE_BRE,2025_26,2026-01-17,CHE,BRE,0,0.5755208333333334,1.63,0.567328719704808
2025_26_20260117_LEE_FUL,2025_26,2026-01-17,LEE,FUL,0,0.4591029023746703,2.05,0.5843289848262359
2025_26_20260117_LIV_BUR,2025_26,2026-01-17,LIV,BUR,0,0.6081424936386769,1.54,0.5605675625179899
2025_26_20260117_MUN_MCI,2025_26,2026-01-17,MUN,MCI,0,0.6336633663366337,1.48,0.6481954359687342
2025_26_20260117_NFO_ARS,2025_26,2026-01-17,NFO,ARS,0,0.5039999999999999,1.86,0.5404406601975247
2025_26_20260117_SUN_CRY,2025_26,2026-01-17,SUN,CRY,1,0.4270833333333333,2.2,0.43619030769025696
2025_26_20260117_TOT_WHU,2025_26,2026-01-17,TOT,WHU,1,0.5488126649076518,1.71,0.5710672918691817
2025_26_20260118_AVL_EVE,2025_26,2026-01-18,AVL,EVE,0,0.4986666666666667,1.88,0.5188318017503174
2025_26_20260118_WOL_NEW,2025_26,2026-01-18,WOL,NEW,0,0.5654450261780105,1.66,0.4997981414408012
2025_26_20260119_BRI_BOU,2025_26,2026-01-19,BRI,BOU,0,0.6277915632754342,1.5,0.5552564672649476
2025_26_20260124_BOU_LIV,2025_26,2026-01-24,BOU,LIV,1,0.596401028277635,1.57,0.5776505698926883
2025_26_20260124_BUR_TOT,2025_26,2026-01-24,BUR,TOT,1,0.4707446808510637,1.99,0.5231889209655486
2025_26_20260124_FUL_BRI,2025_26,2026-01-24,FUL,BRI,1,0.53315649867374,1.76,0.5174695551303902
2025_26_20260124_MCI_WOL,2025_26,2026-01-24,MCI,WOL,0,0.6737089201877935,1.39,0.6077259213680571
2025_26_20260124_WHU_SUN,2025_26,2026-01-24,WHU,SUN,1,0.4511873350923483,2.08,0.4780236542156385
2025_26_20260125_ARS_MUN,2025_26,2026-01-25,ARS,MUN,1,0.554089709762533,1.69,0.588756435941896
2025_26_20260125_BRE_NFO,2025_26,2026-01-25,BRE,NFO,0,0.4907161803713528,1.92,0.4958853293052342
2025_26_20260125_CRY_CHE,2025_26,2026-01-25,CRY,CHE,1,0.5396825396825397,1.74,0.5001309909258035
2025_26_20260125_NEW_AVL,2025_26,2026-01-25,NEW,AVL,0,0.5718015665796344,1.64,0.5608283829339347
2025_26_20260126_EVE_LEE,2025_26,2026-01-26,EVE,LEE,0,0.4281984334203655,2.19,0.5506202913574102
2025_26_20260131_BRI_EVE,2025_26,2026-01-31,BRI,EVE,0,0.5132978723404255,1.83,0.45315565675922215
2025_26_20260131_CHE_WHU,2025_26,2026-01-31,CHE,WHU,1,0.6136363636363636,1.53,0.5580325847624221
2025_26_20260131_LEE_ARS,2025_26,2026-01-31,LEE,ARS,1,0.4907161803713528,1.92,0.5570195034823102
2025_26_20260131_LIV_NEW,2025_26,2026-01-31,LIV,NEW,1,0.5818181818181818,1.61,0.5860109598971206
2025_26_20260131_WOL_BOU,2025_26,2026-01-31,WOL,BOU,0,0.5435356200527705,1.73,0.5141570583211589
2025_26_20260201_AVL_BRE,2025_26,2026-02-01,AVL,BRE,0,0.526595744680851,1.78,0.5554053763978262
2025_26_20260201_MUN_FUL,2025_26,2026-02-01,MUN,FUL,1,0.5680628272251308,1.65,0.5825392355105014
2025_26_20260201_NFO_CRY,2025_26,2026-02-01,NFO,CRY,0,0.4746666666666666,1.97,0.47225251965566795
2025_26_20260201_TOT_MCI,2025_26,2026-02-01,TOT,MCI,1,0.5839793281653746,1.61,0.6308043259236495
2025_26_20260202_SUN_BUR,2025_26,2026-02-02,SUN,BUR,1,0.4244791666666667,2.21,0.43395998630205745
2025_26_20260206_LEE_NFO,2025_26,2026-02-06,LEE,NFO,1,0.4526315789473684,2.08,0.523513582011002
2025_26_20260207_ARS_SUN,2025_26,2026-02-07,ARS,SUN,1,0.5552631578947369,1.69,0.5042441427936547
2025_26_20260207_BOU_AVL,2025_26,2026-02-07,BOU,AVL,0,0.5654450261780105,1.66,0.569882014970857
2025_26_20260207_BUR_WHU,2025_26,2026-02-07,BUR,WHU,0,0.5039999999999999,1.86,0.5215249360509434
2025_26_20260207_FUL_EVE,2025_26,2026-02-07,FUL,EVE,1,0.4308093994778067,2.18,0.45908127707963653
2025_26_20260207_MUN_TOT,2025_26,2026-02-07,MUN,TOT,0,0.6447688564476886,1.46,0.5671986563847253
2025_26_20260207_NEW_BRE,2025_26,2026-02-07,NEW,BRE,1,0.5616797900262467,1.67,0.522026670379307
2025_26_20260207_WOL_CHE,2025_26,2026-02-07,WOL,CHE,1,0.5578947368421052,1.68,0.501395637533381
2025_26_20260208_BRI_CRY,2025_26,2026-02-08,BRI,CRY,0,0.5226666666666666,1.79,0.47802848891870714
2025_26_20260208_LIV_MCI,2025_26,2026-02-08,LIV,MCI,1,0.6020408163265306,1.56,0.6165811772891768
2025_26_20260210_CHE_LEE,2025_26,2026-02-10,CHE,LEE,1,0.5818181818181818,1.61,0.5603398037257745
2025_26_20260210_EVE_BOU,2025_26,2026-02-10,EVE,BOU,1,0.5146666666666666,1.82,0.5614522910663874
2025_26_20260210_TOT_NEW,2025_26,2026-02-10,TOT,NEW,1,0.5538057742782152,1.7,0.5407945776236126
2025_26_20260210_WHU_MUN,2025_26,2026-02-10,WHU,MUN,0,0.6388206388206389,1.47,0.5550803053597156
2025_26_20260211_AVL_BRI,2025_26,2026-02-11,AVL,BRI,0,0.5358090185676393,1.75,0.49726051880111144
2025_26_20260211_CRY_BUR,2025_26,2026-02-11,CRY,BUR,1,0.4893048128342245,1.91,0.462320547452227
2025_26_20260211_MCI_FUL,2025_26,2026-02-11,MCI,FUL,1,0.6171284634760705,1.52,0.5817032168437604
2025_26_20260211_NFO_WOL,2025_26,2026-02-11,NFO,WOL,0,0.4826666666666667,1.94,0.46505916330778846
2025_26_20260211_SUN_LIV,2025_26,2026-02-11,SUN,LIV,0,0.5226666666666666,1.79,0.49808411372958145
2025_26_20260212_BRE_ARS,2025_26,2026-02-12,BRE,ARS,0,0.512,1.83,0.5813690272457138
2025_26_20260218_WOL_ARS,2025_26,2026-02-18,WOL,ARS,1,0.5552631578947369,1.69,0.5095118169797975
2025_26_20260221_AVL_LEE,2025_26,2026-02-21,AVL,LEE,0,0.5186170212765957,1.81,0.538757257673017
2025_26_20260221_BRE_BRI,2025_26,2026-02-21,BRE,BRI,0,0.5372340425531915,1.74,0.5159052100754251
2025_26_20260221_CHE_BUR,2025_26,2026-02-21,CHE,BUR,0,0.6578313253012049,1.42,0.5324790645563802
2025_26_20260221_MCI_NEW,2025_26,2026-02-21,MCI,NEW,1,0.6626794258373206,1.41,0.6038666633837506
2025_26_20260221_WHU_BOU,2025_26,2026-02-21,WHU,BOU,0,0.6071428571428571,1.54,0.5738358955954329
2025_26_20260222_CRY_WOL,2025_26,2026-02-22,CRY,WOL,0,0.496,1.89,0.44238382876987326
2025_26_20260222_NFO_LIV,2025_26,2026-02-22,NFO,LIV,0,0.5590551181102362,1.68,0.507158489151519
2025_26_20260222_SUN_FUL,2025_26,2026-02-22,SUN,FUL,1,0.4421052631578946,2.12,0.4417845225332187
2025_26_20260222_TOT_ARS,2025_26,2026-02-22,TOT,ARS,1,0.528,1.77,0.5801482174642896
2025_26_20260223_EVE_MUN,2025_26,2026-02-23,EVE,MUN,0,0.5578947368421052,1.68,0.49193802342792126
2025_26_20260227_WOL_AVL,2025_26,2026-02-27,WOL,AVL,0,0.5119363395225464,1.84,0.47427306622916593
2025_26_20260228_BOU_SUN,2025_26,2026-02-28,BOU,SUN,0,0.5329815303430079,1.77,0.49068132335322384
2025_26_20260228_BUR_BRE,2025_26,2026-02-28,BUR,BRE,1,0.5173333333333333,1.81,0.5075598048230012
2025_26_20260228_LEE_MCI,2025_26,2026-02-28,LEE,MCI,0,0.5818181818181818,1.61,0.5575438344689753
2025_26_20260228_LIV_WHU,2025_26,2026-02-28,LIV,WHU,1,0.6578313253012049,1.42,0.5792053694969764
2025_26_20260228_NEW_EVE,2025_26,2026-02-28,NEW,EVE,1,0.5423280423280423,1.73,0.5056908501852078
2025_26_20260301_ARS_CHE,2025_26,2026-03-01,ARS,CHE,1,0.5514511873350924,1.7,0.5966560472748805
2025_26_20260301_BRI_NFO,2025_26,2026-03-01,BRI,NFO,1,0.5239361702127661,1.79,0.48057852687361907
2025_26_20260301_FUL_TOT,2025_26,2026-03-01,FUL,TOT,1,0.5461741424802111,1.72,0.5230133457567966
2025_26_20260301_MUN_CRY,2025_26,2026-03-01,MUN,CRY,1,0.5792207792207792,1.62,0.48288262852694464
2025_26_20260303_BOU_BRE,2025_26,2026-03-03,BOU,BRE,0,0.5948717948717949,1.58,0.5465380314771678
2025_26_20260303_EVE_BUR,2025_26,2026-03-03,EVE,BUR,0,0.4907161803713528,1.92,0.5059082721523032
2025_26_20260303_LEE_SUN,2025_26,2026-03-03,LEE,SUN,0,0.4526315789473684,2.08,0.49064991778653555
2025_26_20260303_WOL_LIV,2025_26,2026-03-03,WOL,LIV,1,0.5984654731457799,1.57,0.5095139131170966
2025_26_20260304_AVL_CHE,2025_26,2026-03-04,AVL,CHE,1,0.5628272251308901,1.67,0.5287711504541386
2025_26_20260304_BRI_ARS,2025_26,2026-03-04,BRI,ARS,0,0.4946524064171124,1.89,0.532497145087216
2025_26_20260304_FUL_WHU,2025_26,2026-03-04,FUL,WHU,0,0.544973544973545,1.72,0.549783322900794
2025_26_20260304_MCI_NFO,2025_26,2026-03-04,MCI,NFO,1,0.596401028277635,1.57,0.541839354390918
2025_26_20260304_NEW_MUN,2025_26,2026-03-04,NEW,MUN,1,0.6161616161616161,1.52,0.560914419510617
2025_26_20260305_TOT_CRY,2025_26,2026-03-05,TOT,CRY,1,0.5253333333333333,1.78,0.5410538884223998
2025_26_20260314_ARS_EVE,2025_26,2026-03-14,ARS,EVE,0,0.4919786096256684,1.9,0.545130588482516
2025_26_20260314_BUR_BOU,2025_26,2026-03-14,BUR,BOU,0,0.5555555555555556,1.68,0.5315498094212951
2025_26_20260314_CHE_NEW,2025_26,2026-03-14,CHE,NEW,0,0.6370370370370371,1.47,0.5895773241490637
2025_26_20260314_SUN_BRI,2025_26,2026-03-14,SUN,BRI,0,0.4588859416445623,2.04,0.4608280814390304
2025_26_20260314_WHU_MCI,2025_26,2026-03-14,WHU,MCI,0,0.6171284634760705,1.52,0.5804686521842236
2025_26_20260315_CRY_LEE,2025_26,2026-03-15,CRY,LEE,0,0.4601063829787233,2.03,0.5209018013427809
2025_26_20260315_LIV_TOT,2025_26,2026-03-15,LIV,TOT,0,0.6570048309178744,1.42,0.6358500385522645
2025_26_20260315_MUN_AVL,2025_26,2026-03-15,MUN,AVL,1,0.5718015665796344,1.64,0.5087789652686668
2025_26_20260315_NFO_FUL,2025_26,2026-03-15,NFO,FUL,0,0.5026737967914439,1.86,0.5080721913634817
2025_26_20260316_BRE_WOL,2025_26,2026-03-16,BRE,WOL,1,0.5567282321899736,1.68,0.503685033472284
2025_26_20260320_BOU_MUN,2025_26,2026-03-20,BOU,MUN,1,0.614609571788413,1.53,0.536206355739082
2025_26_20260321_BRI_LIV,2025_26,2026-03-21,BRI,LIV,1,0.5578947368421052,1.68,0.531746049993153
2025_26_20260321_EVE_CHE,2025_26,2026-03-21,EVE,CHE,1,0.526595744680851,1.78,0.53339607576379
2025_26_20260321_FUL_BUR,2025_26,2026-03-21,FUL,BUR,1,0.5294117647058824,1.76,0.4992587470260066
2025_26_20260321_LEE_BRE,2025_26,2026-03-21,LEE,BRE,0,0.5080213903743315,1.84,0.5319597143215052
2025_26_20260322_AVL_WHU,2025_26,2026-03-22,AVL,WHU,0,0.5372340425531915,1.74,0.5191934435510723
2025_26_20260322_NEW_SUN,2025_26,2026-03-22,NEW,SUN,1,0.5106951871657753,1.83,0.522446958453179
2025_26_20260322_TOT_NFO,2025_26,2026-03-22,TOT,NFO,1,0.5026737967914439,1.86,0.5463415094473077
2025_26_20260410_WHU_WOL,2025_26,2026-04-10,WHU,WOL,1,0.5251989389920424,1.79,0.49217047156701066
2025_26_20260411_ARS_BOU,2025_26,2026-04-11,ARS,BOU,1,0.5803108808290156,1.62,0.5598950574848457
2025_26_20260411_BRE_EVE,2025_26,2026-04-11,BRE,EVE,1,0.48,1.95,0.4941465484709215
2025_26_20260411_BUR_BRI,2025_26,2026-04-11,BUR,BRI,0,0.5488126649076518,1.71,0.469615793718384
2025_26_20260411_LIV_FUL,2025_26,2026-04-11,LIV,FUL,0,0.6126582278481012,1.53,0.6003661295979832
2025_26_20260412_CHE_MCI,2025_26,2026-04-12,CHE,MCI,1,0.6091370558375634,1.54,0.6255434924714122
2025_26_20260412_CRY_NEW,2025_26,2026-04-12,CRY,NEW,1,0.5476190476190476,1.71,0.5036848594963943
2025_26_20260412_NFO_AVL,2025_26,2026-04-12,NFO,AVL,0,0.4906666666666666,1.91,0.44245758544103053
2025_26_20260412_SUN_TOT,2025_26,2026-04-12,SUN,TOT,0,0.4880000000000001,1.92,0.5254832370196751
2025_26_20260413_MUN_LEE,2025_26,2026-04-13,MUN,LEE,1,0.5567282321899736,1.68,0.5587915721120683
2025_26_20260418_BRE_FUL,2025_26,2026-04-18,BRE,FUL,0,0.5411140583554377,1.73,0.543578659765744
2025_26_20260418_CHE_MUN,2025_26,2026-04-18,CHE,MUN,0,0.6106870229007634,1.53,0.590677293402381
2025_26_20260418_LEE_WOL,2025_26,2026-04-18,LEE,WOL,1,0.5039999999999999,1.86,0.4844407600352272
2025_26_20260418_NEW_BOU,2025_26,2026-04-18,NEW,BOU,1,0.6370370370370371,1.47,0.5208086775529949
2025_26_20260418_TOT_BRI,2025_26,2026-04-18,TOT,BRI,1,0.5654450261780105,1.66,0.5326399895239116
2025_26_20260419_AVL_SUN,2025_26,2026-04-19,AVL,SUN,1,0.496,1.89,0.4924355966089147
2025_26_20260419_EVE_LIV,2025_26,2026-04-19,EVE,LIV,1,0.5053191489361702,1.86,0.5488908227512492
2025_26_20260419_MCI_ARS,2025_26,2026-04-19,MCI,ARS,1,0.4866310160427808,1.92,0.6421291609565608
2025_26_20260419_NFO_BUR,2025_26,2026-04-19,NFO,BUR,1,0.5384615384615384,1.74,0.4784228472549054
2025_26_20260420_CRY_WHU,2025_26,2026-04-20,CRY,WHU,0,0.4986666666666667,1.88,0.5052636925095714
2025_26_20260421_BRI_CHE,2025_26,2026-04-21,BRI,CHE,1,0.5766233766233767,1.63,0.5224551357358793
2025_26_20260422_BOU_LEE,2025_26,2026-04-22,BOU,LEE,1,0.5464190981432361,1.71,0.5136135264778953
2025_26_20260422_BUR_MCI,2025_26,2026-04-22,BUR,MCI,0,0.709251101321586,1.32,0.5678673222604387
2025_26_20260424_SUN_NFO,2025_26,2026-04-24,SUN,NFO,1,0.4424083769633508,2.13,0.46729362796756974
2025_26_20260425_ARS_NEW,2025_26,2026-04-25,ARS,NEW,0,0.5917312661498708,1.58,0.6254937000237353
2025_26_20260425_FUL_AVL,2025_26,2026-04-25,FUL,AVL,0,0.5461741424802111,1.72,0.4846030518930244
2025_26_20260425_LIV_CRY,2025_26,2026-04-25,LIV,CRY,1,0.6035805626598465,1.55,0.5746685919094703
2025_26_20260425_WHU_EVE,2025_26,2026-04-25,WHU,EVE,1,0.512,1.83,0.5075818872306869
2025_26_20260425_WOL_TOT,2025_26,2026-04-25,WOL,TOT,0,0.5643044619422573,1.66,0.5386082020881803
2025_26_20260427_MUN_BRE,2025_26,2026-04-27,MUN,BRE,1,0.6025641025641025,1.55,0.5646385781025228
2025_26_20260501_LEE_BUR,2025_26,2026-05-01,LEE,BUR,1,0.5691906005221932,1.65,0.5037152192771543
2025_26_20260502_ARS_FUL,2025_26,2026-05-02,ARS,FUL,1,0.5267379679144386,1.77,0.5599198372509253
2025_26_20260502_BRE_WHU,2025_26,2026-05-02,BRE,WHU,1,0.5891472868217055,1.59,0.5324752013522371
2025_26_20260502_NEW_BRI,2025_26,2026-05-02,NEW,BRI,1,0.5590551181102362,1.68,0.49877465711871105
2025_26_20260502_WOL_SUN,2025_26,2026-05-02,WOL,SUN,0,0.4615384615384615,2.03,0.46550740674304425
2025_26_20260503_AVL_TOT,2025_26,2026-05-03,AVL,TOT,1,0.5567282321899736,1.68,0.5611214923510315
2025_26_20260503_BOU_CRY,2025_26,2026-05-03,BOU,CRY,1,0.5680628272251308,1.65,0.46895604489227727
2025_26_20260503_MUN_LIV,2025_26,2026-05-03,MUN,LIV,1,0.6370370370370371,1.47,0.5769341095619307
2025_26_20260504_CHE_NFO,2025_26,2026-05-04,CHE,NFO,1,0.5616797900262467,1.67,0.5693155014673323
2025_26_20260504_EVE_MCI,2025_26,2026-05-04,EVE,MCI,1,0.5906735751295337,1.58,0.5661438045182458
2025_26_20260509_BRI_WOL,2025_26,2026-05-09,BRI,WOL,1,0.625,1.5,0.448861000047043
2025_26_20260509_FUL_BOU,2025_26,2026-05-09,FUL,BOU,0,0.6081424936386769,1.54,0.45347413843812884
2025_26_20260509_LIV_CHE,2025_26,2026-05-09,LIV,CHE,0,0.665083135391924,1.41,0.599017744638692
2025_26_20260509_MCI_BRE,2025_26,2026-05-09,MCI,BRE,1,0.684331797235023,1.37,0.6191241255294271
2025_26_20260509_SUN_MUN,2025_26,2026-05-09,SUN,MUN,0,0.5437665782493368,1.72,0.4883485152218046
2025_26_20260510_BUR_AVL,2025_26,2026-05-10,BUR,AVL,1,0.5514511873350924,1.7,0.524387761285009
2025_26_20260510_CRY_EVE,2025_26,2026-05-10,CRY,EVE,1,0.4693333333333332,1.99,0.49659638436707904
2025_26_20260510_NFO_NEW,2025_26,2026-05-10,NFO,NEW,0,0.5476190476190476,1.71,0.5002860215586535
2025_26_20260510_WHU_ARS,2025_26,2026-05-10,WHU,ARS,0,0.5680628272251308,1.65,0.5391401140403164
2025_26_20260511_TOT_LEE,2025_26,2026-05-11,TOT,LEE,0,0.5514511873350924,1.7,0.5456145156811161
2025_26_20260513_MCI_CRY,2025_26,2026-05-13,MCI,CRY,1,0.6698113207547169,1.4,0.5760781231300708
2025_26_20260515_AVL_LIV,2025_26,2026-05-15,AVL,LIV,1,0.5590551181102362,1.68,0.5815650498725148
2025_26_20260517_BRE_CRY,2025_26,2026-05-17,BRE,CRY,1,0.5691906005221932,1.65,0.48670036882108275
2025_26_20260517_EVE_SUN,2025_26,2026-05-17,EVE,SUN,1,0.4973262032085561,1.88,0.48626123939044946
2025_26_20260517_LEE_BRI,2025_26,2026-05-17,LEE,BRI,0,0.5669291338582677,1.65,0.4614859269844401
2025_26_20260517_MUN_NFO,2025_26,2026-05-17,MUN,NFO,1,0.596401028277635,1.57,0.5316534791236126
2025_26_20260517_NEW_WHU,2025_26,2026-05-17,NEW,WHU,1,0.6370370370370371,1.47,0.5235394424727711
2025_26_20260517_WOL_FUL,2025_26,2026-05-17,WOL,FUL,0,0.5567282321899736,1.68,0.47493008845203977
2025_26_20260518_ARS_BUR,2025_26,2026-05-18,ARS,BUR,0,0.7057522123893805,1.33,0.5515203379598937
2025_26_20260519_BOU_MCI,2025_26,2026-05-19,BOU,MCI,0,0.6635071090047394,1.42,0.5414429570134365
2025_26_20260519_CHE_TOT,2025_26,2026-05-19,CHE,TOT,1,0.5564304461942258,1.69,0.6004674492409713
2025_26_20260524_BRI_MUN,2025_26,2026-05-24,BRI,MUN,1,0.6403940886699507,1.46,0.532380344205599
2025_26_20260524_BUR_WOL,2025_26,2026-05-24,BUR,WOL,0,0.5476190476190476,1.71,0.4726889627770396
2025_26_20260524_CRY_ARS,2025_26,2026-05-24,CRY,ARS,1,0.5755208333333334,1.63,0.5290650472032142
2025_26_20260524_FUL_NEW,2025_26,2026-05-24,FUL,NEW,0,0.5844155844155844,1.6,0.49320851931380966
2025_26_20260524_LIV_BRE,2025_26,2026-05-24,LIV,BRE,0,0.6336633663366337,1.48,0.621876711519989
2025_26_20260524_MCI_AVL,2025_26,2026-05-24,MCI,AVL,1,0.7237687366167023,1.29,0.6211448860447021
2025_26_20260524_NFO_BOU,2025_26,2026-05-24,NFO,BOU,0,0.6,1.56,0.5020014618984904
2025_26_20260524_SUN_CHE,2025_26,2026-05-24,SUN,CHE,1,0.5411140583554377,1.73,0.511415246182241
2025_26_20260524_TOT_EVE,2025_26,2026-05-24,TOT,EVE,0,0.5398936170212765,1.73,0.5448775923244323
2025_26_20260524_WHU_LEE,2025_26,2026-05-24,WHU,LEE,1,0.5718015665796344,1.64,0.4976317624160345
