match_id,season,date,target_over25,market_over_probability,market_raw_probability,market_logistic_probability,market_isotonic_probability
2017_18_20170812_BRI_MCI,2017_18,2017-08-12,0,0.5820512820512821,0.5820512820512821,0.5721534829132185,0.6666666666666666
2017_18_20170812_CHE_BUR,2017_18,2017-08-12,1,0.5732647814910026,0.5732647814910026,0.5687281228903096,0.5441176470588235
2017_18_20170812_CRY_HUD,2017_18,2017-08-12,1,0.4490861618798955,0.4490861618798955,0.5197649236784091,0.5119047619047619
2017_18_20170812_EVE_STK,2017_18,2017-08-12,0,0.4583333333333333,0.4583333333333333,0.523436006750137,0.5119047619047619
2017_18_20170812_SOU_SWA,2017_18,2017-08-12,0,0.4569190600522194,0.4569190600522194,0.5228747010815291,0.5119047619047619
2017_18_20170812_WAT_LIV,2017_18,2017-08-12,1,0.5223097112860893,0.5223097112860893,0.5487438110491132,0.5441176470588235
2017_18_20170812_WBA_BOU,2017_18,2017-08-12,0,0.4404145077720207,0.4404145077720207,0.5163203704950216,0.5119047619047619
2017_18_20170813_MUN_WHU,2017_18,2017-08-13,1,0.5595854922279793,0.5595854922279793,0.563382345854642,0.5441176470588235
2017_18_20170813_NEW_TOT,2017_18,2017-08-13,0,0.5261780104712042,0.5261780104712042,0.5502673016636167,0.5441176470588235
2017_18_20170819_BOU_WAT,2017_18,2017-08-19,0,0.5248041775456919,0.5248041775456919,0.5497263378813121,0.5441176470588235
2017_18_20170819_BUR_WBA,2017_18,2017-08-19,0,0.385,0.385,0.4942858886059954,0.25
2017_18_20170819_LEI_BRI,2017_18,2017-08-19,0,0.486910994764398,0.486910994764398,0.5347634742556496,0.5428571428571428
2017_18_20170819_LIV_CRY,2017_18,2017-08-19,0,0.6045340050377834,0.6045340050377834,0.5808860597890152,0.6666666666666666
2017_18_20170819_SOU_WHU,2017_18,2017-08-19,1,0.518324607329843,0.518324607329843,0.5471733622029468,0.5441176470588235
2017_18_20170819_STK_ARS,2017_18,2017-08-19,0,0.5300261096605744,0.5300261096605744,0.5517819018103988,0.5441176470588235
2017_18_20170819_SWA_MUN,2017_18,2017-08-19,1,0.5039164490861618,0.5039164490861618,0.5414877822057758,0.5441176470588235
2017_18_20170820_HUD_NEW,2017_18,2017-08-20,0,0.4293059125964009,0.4293059125964009,0.5119055939526665,0.5119047619047619
2017_18_20170820_TOT_CHE,2017_18,2017-08-20,1,0.5026178010471204,0.5026178010471204,0.5409747712203471,0.5441110475603853
2017_18_20170821_MCI_EVE,2017_18,2017-08-21,0,0.5913705583756345,0.5913705583756345,0.5757789919037622,0.6666666666666666
2017_18_20170826_BOU_MCI,2017_18,2017-08-26,1,0.6348039215686274,0.6348039215686274,0.5925627782162481,0.7619047619047619
2017_18_20170826_CRY_SWA,2017_18,2017-08-26,0,0.4430051813471503,0.4430051813471503,0.5173496148112466,0.5119047619047619
2017_18_20170826_HUD_SOU,2017_18,2017-08-26,0,0.4341085271317829,0.4341085271317829,0.5138145167811216,0.5119047619047619
2017_18_20170826_MUN_LEI,2017_18,2017-08-26,0,0.5769230769230769,0.5769230769230769,0.5701551041094916,0.6221765441636222
2017_18_20170826_NEW_WHU,2017_18,2017-08-26,1,0.4921465968586388,0.4921465968586388,0.5368352010175353,0.5428571428571428
2017_18_20170826_WAT_BRI,2017_18,2017-08-26,0,0.4304123711340206,0.4304123711340206,0.5123454172080603,0.5119047619047619
2017_18_20170827_CHE_EVE,2017_18,2017-08-27,0,0.4973821989528796,0.4973821989528796,0.5389056568689438,0.5428571428571428
2017_18_20170827_LIV_ARS,2017_18,2017-08-27,1,0.601010101010101,0.601010101010101,0.579520528880282,0.6666666666666666
2017_18_20170827_TOT_BUR,2017_18,2017-08-27,0,0.5732647814910026,0.5732647814910026,0.5687281228903096,0.5441176470588235
2017_18_20170827_WBA_STK,2017_18,2017-08-27,0,0.3667481662591687,0.3667481662591687,0.4870290782043766,1e-06
2017_18_20170909_ARS_BOU,2017_18,2017-09-09,1,0.6736596736596736,0.6736596736596736,0.6073979811836452,0.8
2017_18_20170909_BRI_WBA,2017_18,2017-09-09,1,0.3643031784841076,0.3643031784841076,0.48605731505885436,1e-06
2017_18_20170909_EVE_TOT,2017_18,2017-09-09,1,0.4673629242819843,0.4673629242819843,0.5270182724277231,0.5119047619047619
2017_18_20170909_LEI_CHE,2017_18,2017-09-09,1,0.5130890052356021,0.5130890052356021,0.5451086939967921,0.5441176470588235
2017_18_20170909_MCI_LIV,2017_18,2017-09-09,1,0.6212871287128713,0.6212871287128713,0.5873607123290714,0.6666666666666666
2017_18_20170909_SOU_WAT,2017_18,2017-09-09,0,0.4842931937172774,0.4842931937172774,0.5337271563905959,0.5428571428571428
2017_18_20170909_STK_MUN,2017_18,2017-09-09,1,0.5078534031413613,0.5078534031413613,0.543042473666673,0.5441176470588235
2017_18_20170910_BUR_CRY,2017_18,2017-09-10,0,0.4035532994923858,0.4035532994923858,0.5016650109775952,0.35714285714285715
2017_18_20170910_SWA_NEW,2017_18,2017-09-10,0,0.4392764857881137,0.4392764857881137,0.5158682033783705,0.5119047619047619
2017_18_20170911_WHU_HUD,2017_18,2017-09-11,0,0.4790575916230366,0.4790575916230366,0.5316536559983667,0.5428571428571428
2017_18_20170915_BOU_BRI,2017_18,2017-09-15,1,0.4621409921671018,0.4621409921671018,0.5249469161417026,0.5119047619047619
2017_18_20170916_CRY_SOU,2017_18,2017-09-16,0,0.413265306122449,0.413265306122449,0.5055276391397637,0.35714285714285715
2017_18_20170916_HUD_LEI,2017_18,2017-09-16,0,0.4633507853403141,0.4633507853403141,0.5254268774471256,0.5119047619047619
2017_18_20170916_LIV_BUR,2017_18,2017-09-16,0,0.6115288220551378,0.6115288220551378,0.5835929007792204,0.6666666666666666
2017_18_20170916_NEW_STK,2017_18,2017-09-16,1,0.4378238341968911,0.4378238341968911,0.515290987701577,0.5119047619047619
2017_18_20170916_TOT_SWA,2017_18,2017-09-16,0,0.615,0.615,0.5849343122329609,0.6666666666666666
2017_18_20170916_WAT_MCI,2017_18,2017-09-16,1,0.6314496314496314,0.6314496314496314,0.591273734064344,0.7619047619047619
2017_18_20170916_WBA_WHU,2017_18,2017-09-16,0,0.4329896907216495,0.4329896907216495,0.5133698403964729,0.5119047619047619
2017_18_20170917_CHE_ARS,2017_18,2017-09-17,0,0.586734693877551,0.586734693877551,0.5739764801712788,0.6666666666666666
2017_18_20170917_MUN_EVE,2017_18,2017-09-17,1,0.5404699738903395,0.5404699738903395,0.5558876576869125,0.5441176470588235
2017_18_20170923_BUR_HUD,2017_18,2017-09-23,0,0.3954659949622167,0.3954659949622167,0.49844838285373705,0.25
2017_18_20170923_EVE_BOU,2017_18,2017-09-23,1,0.5144356955380577,0.5144356955380577,0.5456399145789878,0.5441176470588235
2017_18_20170923_LEI_LIV,2017_18,2017-09-23,1,0.5633074935400517,0.5633074935400517,0.5648383927486251,0.5441176470588235
2017_18_20170923_MCI_CRY,2017_18,2017-09-23,1,0.6971046770601336,0.6971046770601336,0.6162562385369719,0.8
2017_18_20170923_SOU_MUN,2017_18,2017-09-23,0,0.4671916010498688,0.4671916010498688,0.5269503289076332,0.5119047619047619
2017_18_20170923_STK_CHE,2017_18,2017-09-23,1,0.5352480417754569,0.5352480417754569,0.5538356979136931,0.5441176470588235
2017_18_20170923_SWA_WAT,2017_18,2017-09-23,1,0.4557291666666667,0.4557291666666667,0.5224024038994007,0.5119047619047619
2017_18_20170923_WHU_TOT,2017_18,2017-09-23,1,0.5633074935400517,0.5633074935400517,0.5648383927486251,0.5441176470588235
2017_18_20170924_BRI_NEW,2017_18,2017-09-24,0,0.3954659949622167,0.3954659949622167,0.49844838285373705,0.25
2017_18_20170925_ARS_WBA,2017_18,2017-09-25,0,0.5784061696658098,0.5784061696658098,0.5707332794532045,0.6666666666666666
2017_18_20170930_BOU_LEI,2017_18,2017-09-30,0,0.5261780104712042,0.5261780104712042,0.5502673016636167,0.5441176470588235
2017_18_20170930_CHE_MCI,2017_18,2017-09-30,0,0.5584415584415584,0.5584415584415584,0.5629346181737367,0.5441176470588235
2017_18_20170930_HUD_TOT,2017_18,2017-09-30,1,0.5468749999999999,0.5468749999999999,0.5584019068504099,0.5441176470588235
2017_18_20170930_MUN_CRY,2017_18,2017-09-30,1,0.598984771573604,0.598984771573604,0.5787351508139644,0.6666666666666666
2017_18_20170930_STK_SOU,2017_18,2017-09-30,1,0.4378238341968911,0.4378238341968911,0.515290987701577,0.5119047619047619
2017_18_20170930_WBA_WAT,2017_18,2017-09-30,1,0.3884711779448621,0.3884711779448621,0.49566637240954897,0.25
2017_18_20170930_WHU_SWA,2017_18,2017-09-30,0,0.4738219895287958,0.4738219895287958,0.5295790619137433,0.5119047619047619
2017_18_20171001_ARS_BRI,2017_18,2017-10-01,0,0.6105527638190955,0.6105527638190955,0.5832154861763021,0.6666666666666666
2017_18_20171001_EVE_BUR,2017_18,2017-10-01,0,0.4569190600522194,0.4569190600522194,0.5228747010815291,0.5119047619047619
2017_18_20171001_NEW_LIV,2017_18,2017-10-01,0,0.5647668393782384,0.5647668393782384,0.5654089851565827,0.5441176470588235
2017_18_20171014_BUR_WHU,2017_18,2017-10-14,0,0.4263565891472868,0.4263565891472868,0.5107331337036508,0.5
2017_18_20171014_CRY_CHE,2017_18,2017-10-14,1,0.5236842105263159,0.5236842105263159,0.549285249881496,0.5441176470588235
2017_18_20171014_LIV_MUN,2017_18,2017-10-14,0,0.5013123359580053,0.5013123359580053,0.540458979712561,0.543485740752994
2017_18_20171014_MCI_STK,2017_18,2017-10-14,1,0.7212765957446808,0.7212765957446808,0.6253090137014604,0.8
2017_18_20171014_SWA_HUD,2017_18,2017-10-14,0,0.3746898263027295,0.3746898263027295,0.4901861385705566,0.08567668465169839
2017_18_20171014_TOT_BOU,2017_18,2017-10-14,0,0.6820276497695854,0.6820276497695854,0.6105681175274735,0.8
2017_18_20171014_WAT_ARS,2017_18,2017-10-14,1,0.6085858585858586,0.6085858585858586,0.5824546426294793,0.6666666666666666
2017_18_20171015_BRI_EVE,2017_18,2017-10-15,0,0.3894472361809045,0.3894472361809045,0.4960545625503509,0.25
2017_18_20171015_SOU_NEW,2017_18,2017-10-15,1,0.4490861618798955,0.4490861618798955,0.5197649236784091,0.5119047619047619
2017_18_20171016_LEI_WBA,2017_18,2017-10-16,0,0.4516971279373368,0.4516971279373368,0.5208016982683552,0.5119047619047619
2017_18_20171020_WHU_BRI,2017_18,2017-10-20,1,0.4241645244215937,0.4241645244215937,0.5098616333213154,0.35714285714285715
2017_18_20171021_CHE_WAT,2017_18,2017-10-21,1,0.5918367346938775,0.5918367346938775,0.5759601393930582,0.6666666666666666
2017_18_20171021_HUD_MUN,2017_18,2017-10-21,1,0.4881889763779528,0.4881889763779528,0.5352692847703419,0.5428571428571428
2017_18_20171021_MCI_BUR,2017_18,2017-10-21,1,0.7423935091277891,0.7423935091277891,0.6331467699732121,0.8
2017_18_20171021_NEW_CRY,2017_18,2017-10-21,0,0.4633507853403141,0.4633507853403141,0.5254268774471256,0.5119047619047619
2017_18_20171021_SOU_WBA,2017_18,2017-10-21,0,0.3999999999999999,0.3999999999999999,0.5002517300750855,0.35714285714285715
2017_18_20171021_STK_BOU,2017_18,2017-10-21,1,0.4908136482939633,0.4908136482939633,0.5363078713104477,0.5428571428571428
2017_18_20171021_SWA_LEI,2017_18,2017-10-21,1,0.4490861618798955,0.4490861618798955,0.5197649236784091,0.5119047619047619
2017_18_20171022_EVE_ARS,2017_18,2017-10-22,1,0.5261780104712042,0.5261780104712042,0.5502673016636167,0.5441176470588235
2017_18_20171022_TOT_LIV,2017_18,2017-10-22,1,0.5732647814910026,0.5732647814910026,0.5687281228903096,0.5441176470588235
2017_18_20171028_ARS_SWA,2017_18,2017-10-28,1,0.6674528301886793,0.6674528301886793,0.6050406938917376,0.8
2017_18_20171028_BOU_CHE,2017_18,2017-10-28,0,0.5809768637532133,0.5809768637532133,0.5717349920725515,0.6666666666666666
2017_18_20171028_CRY_WHU,2017_18,2017-10-28,1,0.4569190600522194,0.4569190600522194,0.5228747010815291,0.5119047619047619
2017_18_20171028_LIV_HUD,2017_18,2017-10-28,1,0.6381418092909535,0.6381418092909535,0.5938442554696717,0.7619047619047619
2017_18_20171028_MUN_TOT,2017_18,2017-10-28,0,0.4415584415584415,0.4415584415584415,0.5167748596007369,0.5119047619047619
2017_18_20171028_WAT_STK,2017_18,2017-10-28,0,0.5,0.5,0.5399403861368978,0.5428571428571428
2017_18_20171028_WBA_MCI,2017_18,2017-10-28,1,0.6184538653366584,0.6184538653366584,0.5862677849968806,0.6666666666666666
2017_18_20171029_BRI_SOU,2017_18,2017-10-29,0,0.3869346733668342,0.3869346733668342,0.49505529676168375,0.25
2017_18_20171029_LEI_EVE,2017_18,2017-10-29,0,0.4894736842105264,0.4894736842105264,0.5357776843320107,0.5428571428571428
2017_18_20171030_BUR_NEW,2017_18,2017-10-30,0,0.4102564102564102,0.4102564102564102,0.5043309997368114,0.35714285714285715
2017_18_20171104_HUD_WBA,2017_18,2017-11-04,0,0.3436754176610979,0.3436754176610979,0.4778637071111526,1e-06
2017_18_20171104_NEW_BOU,2017_18,2017-11-04,0,0.4724409448818897,0.4724409448818897,0.5290316531168131,0.5119047619047619
2017_18_20171104_SOU_BUR,2017_18,2017-11-04,0,0.4168797953964194,0.4168797953964194,0.5069650384030828,0.35714285714285715
2017_18_20171104_STK_LEI,2017_18,2017-11-04,1,0.4750656167979003,0.4750656167979003,0.5300719413294737,0.5119047619047619
2017_18_20171104_SWA_BRI,2017_18,2017-11-04,0,0.3919597989949749,0.3919597989949749,0.49705385985914274,0.25
2017_18_20171104_WHU_LIV,2017_18,2017-11-04,1,0.5831202046035805,0.5831202046035805,0.5725697307102687,0.6666666666666666
2017_18_20171105_CHE_MUN,2017_18,2017-11-05,0,0.4153846153846153,0.4153846153846153,0.5063704523021862,0.35714285714285715
2017_18_20171105_EVE_WAT,2017_18,2017-11-05,1,0.4712041884816754,0.4712041884816754,0.5285413769685524,0.5119047619047619
2017_18_20171105_MCI_ARS,2017_18,2017-11-05,1,0.695067264573991,0.695067264573991,0.6154894007913778,0.8
2017_18_20171105_TOT_CRY,2017_18,2017-11-05,0,0.6414634146341464,0.6414634146341464,0.5951182143470303,0.7619047619047619
2017_18_20171118_ARS_TOT,2017_18,2017-11-18,0,0.583547557840617,0.583547557840617,0.5727361170873567,0.6666666666666666
2017_18_20171118_BOU_HUD,2017_18,2017-11-18,1,0.4389610389610389,0.4389610389610389,0.5157428631353129,0.5119047619047619
2017_18_20171118_BUR_SWA,2017_18,2017-11-18,0,0.3703703703703704,0.3703703703703704,0.48846890540216825,1e-06
2017_18_20171118_CRY_EVE,2017_18,2017-11-18,1,0.4352331606217616,0.4352331606217616,0.5142614751482497,0.5119047619047619
2017_18_20171118_LEI_MCI,2017_18,2017-11-18,0,0.6666666666666667,0.6666666666666667,0.6047417667271902,0.8
2017_18_20171118_LIV_SOU,2017_18,2017-11-18,1,0.5758354755784061,0.5758354755784061,0.5697309870969687,0.5441176470588235
2017_18_20171118_MUN_NEW,2017_18,2017-11-18,1,0.518324607329843,0.518324607329843,0.5471733622029468,0.5441176470588235
2017_18_20171118_WBA_CHE,2017_18,2017-11-18,1,0.4633507853403141,0.4633507853403141,0.5254268774471256,0.5119047619047619
2017_18_20171119_WAT_WHU,2017_18,2017-11-19,0,0.5026315789473684,0.5026315789473684,0.5409802144262926,0.5441176470588235
2017_18_20171120_BRI_STK,2017_18,2017-11-20,1,0.3964646464646465,0.3964646464646465,0.4988455829252193,0.28682154680054495
2017_18_20171124_WHU_LEI,2017_18,2017-11-24,0,0.4803149606299213,0.4803149606299213,0.5321517250983755,0.5428571428571428
2017_18_20171125_CRY_STK,2017_18,2017-11-25,1,0.468586387434555,0.468586387434555,0.5275034452963933,0.5119047619047619
2017_18_20171125_LIV_CHE,2017_18,2017-11-25,0,0.5621761658031088,0.5621761658031088,0.564395934458089,0.5441176470588235
2017_18_20171125_MUN_BRI,2017_18,2017-11-25,0,0.5684754521963824,0.5684754521963824,0.5668582396731772,0.5441176470588235
2017_18_20171125_NEW_WAT,2017_18,2017-11-25,1,0.4738219895287958,0.4738219895287958,0.5295790619137433,0.5119047619047619
2017_18_20171125_SWA_BOU,2017_18,2017-11-25,0,0.4352331606217616,0.4352331606217616,0.5142614751482497,0.5119047619047619
2017_18_20171125_TOT_WBA,2017_18,2017-11-25,0,0.5610389610389611,0.5610389610389611,0.5639510743045258,0.5441176470588235
2017_18_20171126_BUR_ARS,2017_18,2017-11-26,0,0.5520833333333334,0.5520833333333334,0.5604442034021815,0.5441176470588235
2017_18_20171126_HUD_MCI,2017_18,2017-11-26,1,0.6447688564476886,0.6447688564476886,0.5963847031871268,0.7619047619047619
2017_18_20171126_SOU_EVE,2017_18,2017-11-26,1,0.4215938303341903,0.4215938303341903,0.5088395250691791,0.35714285714285715
2017_18_20171128_BRI_CRY,2017_18,2017-11-28,0,0.3884711779448621,0.3884711779448621,0.49566637240954897,0.25
2017_18_20171128_LEI_TOT,2017_18,2017-11-28,1,0.5366492146596858,0.5366492146596858,0.5543864723114429,0.5441176470588235
2017_18_20171128_WAT_MUN,2017_18,2017-11-28,1,0.5261780104712042,0.5261780104712042,0.5502673016636167,0.5441176470588235
2017_18_20171128_WBA_NEW,2017_18,2017-11-28,1,0.3929471032745592,0.3929471032745592,0.4974465377256914,0.25
2017_18_20171129_ARS_HUD,2017_18,2017-11-29,1,0.6320987654320989,0.6320987654320989,0.5915232929616993,0.7619047619047619
2017_18_20171129_BOU_BUR,2017_18,2017-11-29,1,0.4326424870466321,0.4326424870466321,0.513231841556779,0.5119047619047619
2017_18_20171129_CHE_SWA,2017_18,2017-11-29,0,0.6155778894472362,0.6155778894472362,0.5851575117778834,0.6666666666666666
2017_18_20171129_EVE_WHU,2017_18,2017-11-29,1,0.4698162729658792,0.4698162729658792,0.5279911126484242,0.5119047619047619
2017_18_20171129_MCI_SOU,2017_18,2017-11-29,1,0.6705607476635514,0.6705607476635514,0.6062216631095225,0.8
2017_18_20171129_STK_LIV,2017_18,2017-11-29,1,0.6025316455696202,0.6025316455696202,0.5801102858014356,0.6666666666666666
2017_18_20171202_ARS_MUN,2017_18,2017-12-02,1,0.4947643979057591,0.4947643979057591,0.5378705922231063,0.5428571428571428
2017_18_20171202_BRI_LIV,2017_18,2017-12-02,1,0.5366492146596858,0.5366492146596858,0.5543864723114429,0.5441176470588235
2017_18_20171202_CHE_NEW,2017_18,2017-12-02,1,0.5903307888040712,0.5903307888040712,0.5753748834006587,0.6666666666666666
2017_18_20171202_EVE_HUD,2017_18,2017-12-02,0,0.4673629242819843,0.4673629242819843,0.5270182724277231,0.5119047619047619
2017_18_20171202_LEI_BUR,2017_18,2017-12-02,0,0.4404145077720207,0.4404145077720207,0.5163203704950216,0.5119047619047619
2017_18_20171202_STK_SWA,2017_18,2017-12-02,1,0.4341085271317829,0.4341085271317829,0.5138145167811216,0.5119047619047619
2017_18_20171202_WAT_TOT,2017_18,2017-12-02,0,0.5633074935400517,0.5633074935400517,0.5648383927486251,0.5441176470588235
2017_18_20171202_WBA_CRY,2017_18,2017-12-02,0,0.3964646464646465,0.3964646464646465,0.4988455829252193,0.28682154680054495
2017_18_20171203_BOU_SOU,2017_18,2017-12-03,0,0.4389610389610389,0.4389610389610389,0.5157428631353129,0.5119047619047619
2017_18_20171203_MCI_WHU,2017_18,2017-12-03,1,0.7578125,0.7578125,0.6388257893563634,0.8
2017_18_20171209_BUR_WAT,2017_18,2017-12-09,0,0.4194373401534527,0.4194373401534527,0.5079820469789293,0.35714285714285715
2017_18_20171209_CRY_BOU,2017_18,2017-12-09,1,0.4569190600522194,0.4569190600522194,0.5228747010815291,0.5119047619047619
2017_18_20171209_HUD_BRI,2017_18,2017-12-09,0,0.339667458432304,0.339667458432304,0.4762729385166071,1e-06
2017_18_20171209_NEW_LEI,2017_18,2017-12-09,1,0.4764397905759163,0.4764397905759163,0.5306164912235469,0.5119047619047619
2017_18_20171209_SWA_WBA,2017_18,2017-12-09,0,0.3600973236009733,0.3600973236009733,0.4843859440176505,1e-06
2017_18_20171209_TOT_STK,2017_18,2017-12-09,1,0.6271604938271605,0.6271604938271605,0.5896236025401398,0.7619047619047619
2017_18_20171209_WHU_CHE,2017_18,2017-12-09,0,0.5287958115183247,0.5287958115183247,0.5512977632853596,0.5441176470588235
2017_18_20171210_LIV_EVE,2017_18,2017-12-10,0,0.6390243902439025,0.6390243902439025,0.5941828819900735,0.7619047619047619
2017_18_20171210_MUN_MCI,2017_18,2017-12-10,1,0.5196850393700787,0.5196850393700787,0.547709588129263,0.5441176470588235
2017_18_20171210_SOU_ARS,2017_18,2017-12-10,0,0.5287958115183247,0.5287958115183247,0.5512977632853596,0.5441176470588235
2017_18_20171212_BUR_STK,2017_18,2017-12-12,0,0.398989898989899,0.398989898989899,0.49984997318016217,0.35714285714285715
2017_18_20171212_CRY_WAT,2017_18,2017-12-12,1,0.518324607329843,0.518324607329843,0.5471733622029468,0.5441176470588235
2017_18_20171212_HUD_CHE,2017_18,2017-12-12,1,0.4908616187989557,0.4908616187989557,0.5363268504069532,0.5428571428571428
2017_18_20171213_LIV_WBA,2017_18,2017-12-13,0,0.6246913580246914,0.6246913580246914,0.5886727500828033,0.7024103468547935
2017_18_20171213_MUN_BOU,2017_18,2017-12-13,0,0.5820512820512821,0.5820512820512821,0.5721534829132185,0.6666666666666666
2017_18_20171213_NEW_EVE,2017_18,2017-12-13,0,0.4505208333333333,0.4505208333333333,0.5203346313589492,0.5119047619047619
2017_18_20171213_SOU_LEI,2017_18,2017-12-13,1,0.4673629242819843,0.4673629242819843,0.5270182724277231,0.5119047619047619
2017_18_20171213_SWA_MCI,2017_18,2017-12-13,1,0.6356968215158926,0.6356968215158926,0.5929057032928147,0.7619047619047619
2017_18_20171213_TOT_BRI,2017_18,2017-12-13,0,0.5856777493606138,0.5856777493606138,0.5735652430210866,0.6666666666666666
2017_18_20171213_WHU_ARS,2017_18,2017-12-13,0,0.5710594315245477,0.5710594315245477,0.5678673348858726,0.5441176470588235
2017_18_20171216_ARS_NEW,2017_18,2017-12-16,0,0.6498800959232613,0.6498800959232613,0.598340556349879,0.7619047619047619
2017_18_20171216_BRI_BUR,2017_18,2017-12-16,0,0.3396226415094339,0.3396226415094339,0.4762551532338943,1e-06
2017_18_20171216_CHE_SOU,2017_18,2017-12-16,0,0.5532467532467532,0.5532467532467532,0.5609001276908014,0.5441176470588235
2017_18_20171216_LEI_CRY,2017_18,2017-12-16,1,0.4986945169712793,0.4986945169712793,0.5394244147975318,0.5428571428571428
2017_18_20171216_MCI_TOT,2017_18,2017-12-16,1,0.6169154228855721,0.6169154228855721,0.5856739761410117,0.6666666666666666
2017_18_20171216_STK_WHU,2017_18,2017-12-16,1,0.4569190600522194,0.4569190600522194,0.5228747010815291,0.5119047619047619
2017_18_20171216_WAT_HUD,2017_18,2017-12-16,1,0.4699738903394256,0.4699738903394256,0.5280536063683441,0.5119047619047619
2017_18_20171217_BOU_LIV,2017_18,2017-12-17,1,0.6055276381909548,0.6055276381909548,0.58127087485594,0.6666666666666666
2017_18_20171217_WBA_MUN,2017_18,2017-12-17,1,0.4595300261096606,0.4595300261096606,0.5239109115222174,0.5119047619047619
2017_18_20171218_EVE_SWA,2017_18,2017-12-18,1,0.4215938303341903,0.4215938303341903,0.5088395250691791,0.35714285714285715
2017_18_20171222_ARS_LIV,2017_18,2017-12-22,1,0.6314496314496314,0.6314496314496314,0.591273734064344,0.7619047619047619
2017_18_20171223_BRI_WAT,2017_18,2017-12-23,0,0.4267352185089973,0.4267352185089973,0.510883659128025,0.5017443995593092
2017_18_20171223_BUR_TOT,2017_18,2017-12-23,1,0.468586387434555,0.468586387434555,0.5275034452963933,0.5119047619047619
2017_18_20171223_EVE_CHE,2017_18,2017-12-23,0,0.4647519582245431,0.4647519582245431,0.5259827060658042,0.5119047619047619
2017_18_20171223_LEI_MUN,2017_18,2017-12-23,1,0.4947643979057591,0.4947643979057591,0.5378705922231063,0.5428571428571428
2017_18_20171223_MCI_BOU,2017_18,2017-12-23,1,0.7679245283018867,0.7679245283018867,0.642529335695214,0.8
2017_18_20171223_SOU_HUD,2017_18,2017-12-23,0,0.4595300261096606,0.4595300261096606,0.5239109115222174,0.5119047619047619
2017_18_20171223_STK_WBA,2017_18,2017-12-23,1,0.4060913705583756,0.4060913705583756,0.5026744823645599,0.35714285714285715
2017_18_20171223_SWA_CRY,2017_18,2017-12-23,0,0.3999999999999999,0.3999999999999999,0.5002517300750855,0.35714285714285715
2017_18_20171223_WHU_NEW,2017_18,2017-12-23,1,0.4430051813471503,0.4430051813471503,0.5173496148112466,0.5119047619047619
2017_18_20171226_BOU_WHU,2017_18,2017-12-26,1,0.451948051948052,0.451948051948052,0.5209013270508209,0.5119047619047619
2017_18_20171226_CHE_BRI,2017_18,2017-12-26,0,0.5721649484536083,0.5721649484536083,0.5682988897187284,0.5441176470588235
2017_18_20171226_HUD_STK,2017_18,2017-12-26,0,0.413265306122449,0.413265306122449,0.5055276391397637,0.35714285714285715
2017_18_20171226_LIV_SWA,2017_18,2017-12-26,1,0.6759259259259259,0.6759259259259259,0.608257438017881,0.8
2017_18_20171226_MUN_BUR,2017_18,2017-12-26,1,0.5442708333333333,0.5442708333333333,0.5573800127635153,0.5441176470588235
2017_18_20171226_TOT_SOU,2017_18,2017-12-26,1,0.5633074935400517,0.5633074935400517,0.5648383927486251,0.5441176470588235
2017_18_20171226_WAT_LEI,2017_18,2017-12-26,1,0.5416666666666667,0.5416666666666667,0.5563576326875673,0.5441176470588235
2017_18_20171226_WBA_EVE,2017_18,2017-12-26,0,0.3821339950372208,0.3821339950372208,0.4931461461997472,0.25
2017_18_20171227_NEW_MCI,2017_18,2017-12-27,0,0.6571428571428571,0.6571428571428571,0.6011143152373641,0.7697118960898807
2017_18_20171228_CRY_ARS,2017_18,2017-12-28,1,0.5856777493606138,0.5856777493606138,0.5735652430210866,0.6666666666666666
2017_18_20171230_BOU_EVE,2017_18,2017-12-30,1,0.4505208333333333,0.4505208333333333,0.5203346313589492,0.5119047619047619
2017_18_20171230_CHE_STK,2017_18,2017-12-30,1,0.6564705882352941,0.6564705882352941,0.6008578349284068,0.7665125018846066
2017_18_20171230_HUD_BUR,2017_18,2017-12-30,0,0.3477218225419664,0.3477218225419664,0.47947019039758687,1e-06
2017_18_20171230_LIV_LEI,2017_18,2017-12-30,1,0.676674364896074,0.676674364896074,0.6085411300263142,0.8
2017_18_20171230_MUN_SOU,2017_18,2017-12-30,0,0.5442708333333333,0.5442708333333333,0.5573800127635153,0.5441176470588235
2017_18_20171230_NEW_BRI,2017_18,2017-12-30,0,0.3875,0.3875,0.4952801284042094,0.25
2017_18_20171230_WAT_SWA,2017_18,2017-12-30,1,0.4621409921671018,0.4621409921671018,0.5249469161417026,0.5119047619047619
2017_18_20171231_CRY_MCI,2017_18,2017-12-31,0,0.6721311475409837,0.6721311475409837,0.6068179243923544,0.8
2017_18_20171231_WBA_ARS,2017_18,2017-12-31,0,0.5235602094240838,0.5235602094240838,0.5492364084901231,0.5441176470588235
2017_18_20180101_BRI_BOU,2017_18,2018-01-01,1,0.3865336658354114,0.3865336658354114,0.49489581639352104,0.25
2017_18_20180101_BUR_LIV,2017_18,2018-01-01,1,0.5287958115183247,0.5287958115183247,0.5512977632853596,0.5441176470588235
2017_18_20180101_EVE_MUN,2017_18,2018-01-01,0,0.4158163265306122,0.4158163265306122,0.5065421321819461,0.35714285714285715
2017_18_20180101_LEI_HUD,2017_18,2018-01-01,1,0.4764397905759163,0.4764397905759163,0.5306164912235469,0.5119047619047619
2017_18_20180101_STK_NEW,2017_18,2018-01-01,0,0.4609375,0.4609375,0.5244694088988048,0.5119047619047619
2017_18_20180102_MCI_WAT,2017_18,2018-01-02,1,0.7121212121212122,0.7121212121212122,0.6218900951660041,0.8
2017_18_20180102_SOU_CRY,2017_18,2018-01-02,1,0.4712041884816754,0.4712041884816754,0.5285413769685524,0.5119047619047619
2017_18_20180102_SWA_TOT,2017_18,2018-01-02,0,0.5430809399477807,0.5430809399477807,0.5569129276100175,0.5441176470588235
2017_18_20180102_WHU_WBA,2017_18,2018-01-02,1,0.4025316455696203,0.4025316455696203,0.5012586625047183,0.35714285714285715
2017_18_20180103_ARS_CHE,2017_18,2018-01-03,1,0.5758354755784061,0.5758354755784061,0.5697309870969687,0.5441176470588235
2017_18_20180104_TOT_WHU,2017_18,2018-01-04,0,0.6105527638190955,0.6105527638190955,0.5832154861763021,0.6666666666666666
2017_18_20180113_CHE_LEI,2017_18,2018-01-13,0,0.6115288220551378,0.6115288220551378,0.5835929007792204,0.6666666666666666
2017_18_20180113_CRY_BUR,2017_18,2018-01-13,0,0.4005037783375315,0.4005037783375315,0.5004521024424067,0.35714285714285715
2017_18_20180113_HUD_WHU,2017_18,2018-01-13,1,0.3830845771144278,0.3830845771144278,0.49352416290245305,0.25
2017_18_20180113_NEW_SWA,2017_18,2018-01-13,0,0.4050632911392405,0.4050632911392405,0.5022655847249965,0.35714285714285715
2017_18_20180113_TOT_EVE,2017_18,2018-01-13,1,0.5607235142118864,0.5607235142118864,0.563827657216612,0.5441176470588235
2017_18_20180113_WAT_SOU,2017_18,2018-01-13,1,0.4921465968586388,0.4921465968586388,0.5368352010175353,0.5428571428571428
2017_18_20180113_WBA_BRI,2017_18,2018-01-13,0,0.3248259860788863,0.3248259860788863,0.4703867651277207,1e-06
2017_18_20180114_BOU_ARS,2017_18,2018-01-14,1,0.6271604938271605,0.6271604938271605,0.5896236025401398,0.7619047619047619
2017_18_20180114_LIV_MCI,2017_18,2018-01-14,1,0.6228287841191067,0.6228287841191067,0.5879550428969452,0.6666666666666666
2017_18_20180115_MUN_STK,2017_18,2018-01-15,1,0.6305418719211823,0.6305418719211823,0.5909246679596869,0.7619047619047619
2017_18_20180120_ARS_CRY,2017_18,2018-01-20,1,0.5974683544303797,0.5974683544303797,0.5781468565493,0.6666666666666666
2017_18_20180120_BRI_CHE,2017_18,2018-01-20,1,0.4341085271317829,0.4341085271317829,0.5138145167811216,0.5119047619047619
2017_18_20180120_BUR_MUN,2017_18,2018-01-20,0,0.4366925064599483,0.4366925064599483,0.5148414227305551,0.5119047619047619
2017_18_20180120_EVE_WBA,2017_18,2018-01-20,0,0.3762376237623762,0.3762376237623762,0.4908015359233281,0.1335732742091274
2017_18_20180120_LEI_WAT,2017_18,2018-01-20,0,0.5468749999999999,0.5468749999999999,0.5584019068504099,0.5441176470588235
2017_18_20180120_MCI_NEW,2017_18,2018-01-20,1,0.7291666666666667,0.7291666666666667,0.628245439986827,0.8
2017_18_20180120_STK_HUD,2017_18,2018-01-20,0,0.4304123711340206,0.4304123711340206,0.5123454172080603,0.5119047619047619
2017_18_20180120_WHU_BOU,2017_18,2018-01-20,0,0.5104712041884817,0.5104712041884817,0.54407577347662,0.5441176470588235
2017_18_20180121_SOU_TOT,2017_18,2018-01-21,0,0.5274151436031332,0.5274151436031332,0.5507543365330774,0.5441176470588235
2017_18_20180122_SWA_LIV,2017_18,2018-01-22,0,0.5710594315245477,0.5710594315245477,0.5678673348858726,0.5441176470588235
2017_18_20180130_HUD_LIV,2017_18,2018-01-30,1,0.5670103092783505,0.5670103092783505,0.5662858252671894,0.5441176470588235
2017_18_20180130_SWA_ARS,2017_18,2018-01-30,1,0.5416666666666667,0.5416666666666667,0.5563576326875673,0.5441176470588235
2017_18_20180130_WHU_CRY,2017_18,2018-01-30,0,0.4441558441558441,0.4441558441558441,0.517806713000897,0.5119047619047619
2017_18_20180131_CHE_BOU,2017_18,2018-01-31,1,0.6246913580246914,0.6246913580246914,0.5886727500828033,0.7024103468547935
2017_18_20180131_EVE_LEI,2017_18,2018-01-31,1,0.4278350515463917,0.4278350515463917,0.5113208902994414,0.5068114874815906
2017_18_20180131_MCI_WBA,2017_18,2018-01-31,1,0.6563245823389022,0.6563245823389022,0.6008021242486233,0.765817645386564
2017_18_20180131_NEW_BUR,2017_18,2018-01-31,0,0.3676470588235294,0.3676470588235294,0.48738636910986294,1e-06
2017_18_20180131_SOU_BRI,2017_18,2018-01-31,0,0.4025316455696203,0.4025316455696203,0.5012586625047183,0.35714285714285715
2017_18_20180131_STK_WAT,2017_18,2018-01-31,0,0.518324607329843,0.518324607329843,0.5471733622029468,0.5441176470588235
2017_18_20180131_TOT_MUN,2017_18,2018-01-31,0,0.4973821989528796,0.4973821989528796,0.5389056568689438,0.5428571428571428
2017_18_20180203_ARS_EVE,2017_18,2018-02-03,1,0.6045340050377834,0.6045340050377834,0.5808860597890152,0.6666666666666666
2017_18_20180203_BOU_STK,2017_18,2018-02-03,1,0.5209424083769634,0.5209424083769634,0.5482050924400304,0.5441176470588235
2017_18_20180203_BRI_WHU,2017_18,2018-02-03,1,0.3710073710073709,0.3710073710073709,0.488722133806676,1e-06
2017_18_20180203_BUR_MCI,2017_18,2018-02-03,0,0.5670103092783505,0.5670103092783505,0.5662858252671894,0.5441176470588235
2017_18_20180203_LEI_SWA,2017_18,2018-02-03,0,0.4569190600522194,0.4569190600522194,0.5228747010815291,0.5119047619047619
2017_18_20180203_MUN_HUD,2017_18,2018-02-03,0,0.6035353535353536,0.6035353535353536,0.580499202042698,0.6666666666666666
2017_18_20180203_WBA_SOU,2017_18,2018-02-03,1,0.4071246819338422,0.4071246819338422,0.5030854573024515,0.35714285714285715
2017_18_20180204_CRY_NEW,2017_18,2018-02-04,0,0.4441558441558441,0.4441558441558441,0.517806713000897,0.5119047619047619
2017_18_20180204_LIV_TOT,2017_18,2018-02-04,1,0.5974683544303797,0.5974683544303797,0.5781468565493,0.6666666666666666
2017_18_20180205_WAT_CHE,2017_18,2018-02-05,1,0.5144356955380577,0.5144356955380577,0.5456399145789878,0.5441176470588235
2017_18_20180210_EVE_CRY,2017_18,2018-02-10,1,0.423076923076923,0.423076923076923,0.5094292124744086,0.35714285714285715
2017_18_20180210_MCI_LEI,2017_18,2018-02-10,1,0.6842105263157895,0.6842105263157895,0.6113935588108018,0.8
2017_18_20180210_STK_BRI,2017_18,2018-02-10,0,0.4035532994923858,0.4035532994923858,0.5016650109775952,0.35714285714285715
2017_18_20180210_SWA_BUR,2017_18,2018-02-10,0,0.3428571428571429,0.3428571428571429,0.47753889434949726,1e-06
2017_18_20180210_TOT_ARS,2017_18,2018-02-10,0,0.6314496314496314,0.6314496314496314,0.591273734064344,0.7619047619047619
2017_18_20180210_WHU_WAT,2017_18,2018-02-10,0,0.4816753926701571,0.4816753926701571,0.5326905473477307,0.5428571428571428
2017_18_20180211_HUD_BOU,2017_18,2018-02-11,1,0.4179487179487179,0.4179487179487179,0.5073901033289693,0.35714285714285715
2017_18_20180211_NEW_MUN,2017_18,2018-02-11,0,0.4750656167979003,0.4750656167979003,0.5300719413294737,0.5119047619047619
2017_18_20180211_SOU_LIV,2017_18,2018-02-11,0,0.5633074935400517,0.5633074935400517,0.5648383927486251,0.5441176470588235
2017_18_20180212_CHE_WBA,2017_18,2018-02-12,1,0.5483028720626633,0.5483028720626633,0.558962004989877,0.5441176470588235
2017_18_20180224_BOU_NEW,2017_18,2018-02-24,1,0.4855643044619423,0.4855643044619423,0.5342303922691107,0.5428571428571428
2017_18_20180224_BRI_SWA,2017_18,2018-02-24,1,0.3676470588235294,0.3676470588235294,0.48738636910986294,1e-06
2017_18_20180224_BUR_SOU,2017_18,2018-02-24,0,0.3719211822660098,0.3719211822660098,0.48908541348283857,1e-06
2017_18_20180224_LEI_STK,2017_18,2018-02-24,0,0.5052356020942408,0.5052356020942408,0.5420088033244966,0.5441176470588235
2017_18_20180224_LIV_WHU,2017_18,2018-02-24,1,0.6611374407582938,0.6611374407582938,0.602637158268015,0.7887225145015511
2017_18_20180224_WAT_EVE,2017_18,2018-02-24,0,0.4633507853403141,0.4633507853403141,0.5254268774471256,0.5119047619047619
2017_18_20180224_WBA_HUD,2017_18,2018-02-24,1,0.380597014925373,0.380597014925373,0.4925349541419582,0.25
2017_18_20180225_CRY_TOT,2017_18,2018-02-25,0,0.5494791666666667,0.5494791666666667,0.5594233065303803,0.5441176470588235
2017_18_20180225_MUN_CHE,2017_18,2018-02-25,1,0.4543080939947781,0.4543080939947781,0.5218382937008971,0.5119047619047619
2017_18_20180301_ARS_MCI,2017_18,2018-03-01,1,0.6356968215158926,0.6356968215158926,0.5929057032928147,0.7619047619047619
2017_18_20180303_BUR_EVE,2017_18,2018-03-03,1,0.3658536585365854,0.3658536585365854,0.48667354333897617,1e-06
2017_18_20180303_LEI_BOU,2017_18,2018-03-03,0,0.5416666666666667,0.5416666666666667,0.5563576326875673,0.5441176470588235
2017_18_20180303_LIV_NEW,2017_18,2018-03-03,0,0.6697892271662763,0.6697892271662763,0.6059286103151904,0.8
2017_18_20180303_SOU_STK,2017_18,2018-03-03,0,0.4764397905759163,0.4764397905759163,0.5306164912235469,0.5119047619047619
2017_18_20180303_SWA_WHU,2017_18,2018-03-03,1,0.4183673469387755,0.4183673469387755,0.507556571352669,0.35714285714285715
2017_18_20180303_TOT_HUD,2017_18,2018-03-03,0,0.6055276381909548,0.6055276381909548,0.58127087485594,0.6666666666666666
2017_18_20180303_WAT_WBA,2017_18,2018-03-03,0,0.4366925064599483,0.4366925064599483,0.5148414227305551,0.5119047619047619
2017_18_20180304_BRI_ARS,2017_18,2018-03-04,1,0.5340314136125655,0.5340314136125655,0.5533573572469924,0.5441176470588235
2017_18_20180304_MCI_CHE,2017_18,2018-03-04,0,0.5644329896907216,0.5644329896907216,0.5652784678648338,0.5441176470588235
2017_18_20180305_CRY_MUN,2017_18,2018-03-05,1,0.4776902887139108,0.4776902887139108,0.5311119683118322,0.5428571428571428
2017_18_20180310_CHE_CRY,2017_18,2018-03-10,1,0.5618556701030928,0.5618556701030928,0.5642705710437621,0.5441176470588235
2017_18_20180310_EVE_BRI,2017_18,2018-03-10,0,0.4096692111959288,0.4096692111959288,0.5040974641588623,0.35714285714285715
2017_18_20180310_HUD_SWA,2017_18,2018-03-10,0,0.3777777777777777,0.3777777777777777,0.4914139219530861,0.1812333373983724
2017_18_20180310_MUN_LIV,2017_18,2018-03-10,1,0.5013054830287206,0.5013054830287206,0.5404562718786937,0.5434824582574543
2017_18_20180310_NEW_SOU,2017_18,2018-03-10,1,0.4194373401534527,0.4194373401534527,0.5079820469789293,0.35714285714285715
2017_18_20180310_WBA_LEI,2017_18,2018-03-10,1,0.4329896907216495,0.4329896907216495,0.5133698403964729,0.5119047619047619
2017_18_20180310_WHU_BUR,2017_18,2018-03-10,1,0.3865336658354114,0.3865336658354114,0.49489581639352104,0.25
2017_18_20180311_ARS_WAT,2017_18,2018-03-11,1,0.6271604938271605,0.6271604938271605,0.5896236025401398,0.7619047619047619
2017_18_20180311_BOU_TOT,2017_18,2018-03-11,1,0.5913705583756345,0.5913705583756345,0.5757789919037622,0.6666666666666666
2017_18_20180312_STK_MCI,2017_18,2018-03-12,0,0.6339066339066339,0.6339066339066339,0.5922180771434427,0.7619047619047619
2017_18_20180317_BOU_WBA,2017_18,2018-03-17,1,0.4895287958115184,0.4895287958115184,0.5357994920816118,0.5428571428571428
2017_18_20180317_HUD_CRY,2017_18,2018-03-17,0,0.4096692111959288,0.4096692111959288,0.5040974641588623,0.35714285714285715
2017_18_20180317_LIV_WAT,2017_18,2018-03-17,1,0.6720930232558139,0.6720930232558139,0.6068034528377614,0.8
2017_18_20180317_STK_EVE,2017_18,2018-03-17,1,0.4404145077720207,0.4404145077720207,0.5163203704950216,0.5119047619047619
2017_18_20180331_BRI_LEI,2017_18,2018-03-31,0,0.4205128205128206,0.4205128205128206,0.5084096928788017,0.35714285714285715
2017_18_20180331_CRY_LIV,2017_18,2018-03-31,1,0.6045340050377834,0.6045340050377834,0.5808860597890152,0.6666666666666666
2017_18_20180331_EVE_MCI,2017_18,2018-03-31,1,0.5856777493606138,0.5856777493606138,0.5735652430210866,0.6666666666666666
2017_18_20180331_MUN_SWA,2017_18,2018-03-31,0,0.5366492146596858,0.5366492146596858,0.5543864723114429,0.5441176470588235
2017_18_20180331_NEW_HUD,2017_18,2018-03-31,0,0.4267352185089973,0.4267352185089973,0.510883659128025,0.5017443995593092
2017_18_20180331_WAT_BOU,2017_18,2018-03-31,1,0.5196850393700787,0.5196850393700787,0.547709588129263,0.5441176470588235
2017_18_20180331_WBA_BUR,2017_18,2018-03-31,1,0.3658536585365854,0.3658536585365854,0.48667354333897617,1e-06
2017_18_20180331_WHU_SOU,2017_18,2018-03-31,1,0.4366925064599483,0.4366925064599483,0.5148414227305551,0.5119047619047619
2017_18_20180401_ARS_STK,2017_18,2018-04-01,1,0.6390243902439025,0.6390243902439025,0.5941828819900735,0.7619047619047619
2017_18_20180401_CHE_TOT,2017_18,2018-04-01,1,0.4724409448818897,0.4724409448818897,0.5290316531168131,0.5119047619047619
2017_18_20180407_BOU_CRY,2017_18,2018-04-07,1,0.5196850393700787,0.5196850393700787,0.547709588129263,0.5441176470588235
2017_18_20180407_BRI_HUD,2017_18,2018-04-07,0,0.3969849246231156,0.3969849246231156,0.4990525171053723,0.32327302780408934
2017_18_20180407_EVE_LIV,2017_18,2018-04-07,0,0.5170603674540682,0.5170603674540682,0.5466749530461332,0.5441176470588235
2017_18_20180407_LEI_NEW,2017_18,2018-04-07,1,0.4659685863874345,0.4659685863874345,0.5264652758142013,0.5119047619047619
2017_18_20180407_MCI_MUN,2017_18,2018-04-07,1,0.518324607329843,0.518324607329843,0.5471733622029468,0.5441176470588235
2017_18_20180407_STK_TOT,2017_18,2018-04-07,1,0.5831202046035805,0.5831202046035805,0.5725697307102687,0.6666666666666666
2017_18_20180407_WAT_BUR,2017_18,2018-04-07,1,0.4025316455696203,0.4025316455696203,0.5012586625047183,0.35714285714285715
2017_18_20180407_WBA_SWA,2017_18,2018-04-07,0,0.4035532994923858,0.4035532994923858,0.5016650109775952,0.35714285714285715
2017_18_20180408_ARS_SOU,2017_18,2018-04-08,1,0.5794871794871795,0.5794871794871795,0.5711545835421036,0.6666666666666666
2017_18_20180408_CHE_WHU,2017_18,2018-04-08,0,0.602015113350126,0.602015113350126,0.5799101013517155,0.6666666666666666
2017_18_20180414_BUR_LEI,2017_18,2018-04-14,1,0.4035532994923858,0.4035532994923858,0.5016650109775952,0.35714285714285715
2017_18_20180414_CRY_BRI,2017_18,2018-04-14,1,0.4168797953964194,0.4168797953964194,0.5069650384030828,0.35714285714285715
2017_18_20180414_HUD_WAT,2017_18,2018-04-14,0,0.4205128205128206,0.4205128205128206,0.5084096928788017,0.35714285714285715
2017_18_20180414_LIV_BOU,2017_18,2018-04-14,1,0.6863636363636364,0.6863636363636364,0.6122071186904152,0.8
2017_18_20180414_SOU_CHE,2017_18,2018-04-14,1,0.4764397905759163,0.4764397905759163,0.5306164912235469,0.5119047619047619
2017_18_20180414_SWA_EVE,2017_18,2018-04-14,0,0.4060913705583756,0.4060913705583756,0.5026744823645599,0.35714285714285715
2017_18_20180414_TOT_MCI,2017_18,2018-04-14,1,0.570694087403599,0.570694087403599,0.5677246947382647,0.5441176470588235
2017_18_20180415_MUN_WBA,2017_18,2018-04-15,0,0.5732647814910026,0.5732647814910026,0.5687281228903096,0.5441176470588235
2017_18_20180415_NEW_ARS,2017_18,2018-04-15,1,0.5595854922279793,0.5595854922279793,0.563382345854642,0.5441176470588235
2017_18_20180416_WHU_STK,2017_18,2018-04-16,0,0.4607329842931937,0.4607329842931937,0.524388259128221,0.5119047619047619
2017_18_20180417_BRI_TOT,2017_18,2018-04-17,0,0.5468749999999999,0.5468749999999999,0.5584019068504099,0.5441176470588235
2017_18_20180418_BOU_MUN,2017_18,2018-04-18,0,0.5468749999999999,0.5468749999999999,0.5584019068504099,0.5441176470588235
2017_18_20180419_BUR_CHE,2017_18,2018-04-19,1,0.4415584415584415,0.4415584415584415,0.5167748596007369,0.5119047619047619
2017_18_20180419_LEI_SOU,2017_18,2018-04-19,0,0.4960629921259842,0.4960629921259842,0.5383840908557206,0.5428571428571428
2017_18_20180421_WAT_CRY,2017_18,2018-04-21,0,0.4829396325459317,0.4829396325459317,0.5331912027329586,0.5428571428571428
2017_18_20180421_WBA_LIV,2017_18,2018-04-21,1,0.5261780104712042,0.5261780104712042,0.5502673016636167,0.5441176470588235
2017_18_20180422_ARS_WHU,2017_18,2018-04-22,1,0.6314496314496314,0.6314496314496314,0.591273734064344,0.7619047619047619
2017_18_20180422_MCI_SWA,2017_18,2018-04-22,1,0.6736596736596736,0.6736596736596736,0.6073979811836452,0.8
2017_18_20180422_STK_BUR,2017_18,2018-04-22,0,0.3929471032745592,0.3929471032745592,0.4974465377256914,0.25
2017_18_20180423_EVE_NEW,2017_18,2018-04-23,0,0.4252577319587629,0.4252577319587629,0.5102962682689643,0.5
2017_18_20180428_BUR_BRI,2017_18,2018-04-28,0,0.3875,0.3875,0.4952801284042094,0.25
2017_18_20180428_CRY_LEI,2017_18,2018-04-28,1,0.5157068062827225,0.5157068062827225,0.5461412264826488,0.5441176470588235
2017_18_20180428_HUD_EVE,2017_18,2018-04-28,0,0.3762376237623762,0.3762376237623762,0.4908015359233281,0.1335732742091274
2017_18_20180428_LIV_STK,2017_18,2018-04-28,0,0.6262376237623761,0.6262376237623761,0.5892682876395843,0.7619047619047619
2017_18_20180428_NEW_WBA,2017_18,2018-04-28,0,0.4415584415584415,0.4415584415584415,0.5167748596007369,0.5119047619047619
2017_18_20180428_SOU_BOU,2017_18,2018-04-28,1,0.5506493506493506,0.5506493506493506,0.5598821099102507,0.5441176470588235
2017_18_20180428_SWA_CHE,2017_18,2018-04-28,0,0.4934383202099738,0.4934383202099738,0.5373461429738139,0.5428571428571428
2017_18_20180429_MUN_ARS,2017_18,2018-04-29,1,0.577319587628866,0.577319587628866,0.5703097003850488,0.6666666666666666
2017_18_20180429_WHU_MCI,2017_18,2018-04-29,1,0.6262376237623761,0.6262376237623761,0.5892682876395843,0.7619047619047619
2017_18_20180430_TOT_WAT,2017_18,2018-04-30,0,0.660332541567696,0.660332541567696,0.6023304678357022,0.7848919196647863
2017_18_20180504_BRI_MUN,2017_18,2018-05-04,0,0.4842931937172774,0.4842931937172774,0.5337271563905959,0.5428571428571428
2017_18_20180505_BOU_SWA,2017_18,2018-05-05,0,0.5130890052356021,0.5130890052356021,0.5451086939967921,0.5441176470588235
2017_18_20180505_EVE_SOU,2017_18,2018-05-05,0,0.4415584415584415,0.4415584415584415,0.5167748596007369,0.5119047619047619
2017_18_20180505_LEI_WHU,2017_18,2018-05-05,0,0.5039370078740157,0.5039370078740157,0.5414959029352461,0.5441176470588235
2017_18_20180505_STK_CRY,2017_18,2018-05-05,1,0.5013123359580053,0.5013123359580053,0.540458979712561,0.543485740752994
2017_18_20180505_WAT_NEW,2017_18,2018-05-05,1,0.4581151832460733,0.4581151832460733,0.5233494297981436,0.5119047619047619
2017_18_20180505_WBA_TOT,2017_18,2018-05-05,0,0.5584415584415584,0.5584415584415584,0.5629346181737367,0.5441176470588235
2017_18_20180506_ARS_BUR,2017_18,2018-05-06,1,0.5572916666666667,0.5572916666666667,0.5624844552010465,0.5441176470588235
2017_18_20180506_CHE_LIV,2017_18,2018-05-06,0,0.5546875,0.5546875,0.5614645890814649,0.5441176470588235
2017_18_20180506_MCI_HUD,2017_18,2018-05-06,0,0.7155172413793104,0.7155172413793104,0.6231597179200369,0.8
2017_18_20180508_SWA_SOU,2017_18,2018-05-08,0,0.413265306122449,0.413265306122449,0.5055276391397637,0.35714285714285715
2017_18_20180509_CHE_HUD,2017_18,2018-05-09,0,0.6090225563909775,0.6090225563909775,0.5826236012815453,0.6666666666666666
2017_18_20180509_LEI_ARS,2017_18,2018-05-09,1,0.6140350877192983,0.6140350877192983,0.5845615543286421,0.6666666666666666
2017_18_20180509_MCI_BRI,2017_18,2018-05-09,1,0.6936936936936937,0.6936936936936937,0.6149720942507642,0.8
2017_18_20180509_TOT_NEW,2017_18,2018-05-09,0,0.6774941995359629,0.6774941995359629,0.6088518000497771,0.8
2017_18_20180510_WHU_MUN,2017_18,2018-05-10,0,0.5261780104712042,0.5261780104712042,0.5502673016636167,0.5441176470588235
2017_18_20180513_BUR_BOU,2017_18,2018-05-13,1,0.5118110236220472,0.5118110236220472,0.5446044815209736,0.5441176470588235
2017_18_20180513_CRY_WBA,2017_18,2018-05-13,0,0.5418848167539266,0.5418848167539266,0.5564432955355831,0.5441176470588235
2017_18_20180513_HUD_ARS,2017_18,2018-05-13,0,0.6296296296296295,0.6296296296296295,0.5905737857054933,0.7619047619047619
2017_18_20180513_LIV_BRI,2017_18,2018-05-13,1,0.6697892271662763,0.6697892271662763,0.6059286103151904,0.8
2017_18_20180513_MUN_WAT,2017_18,2018-05-13,0,0.606060606060606,0.606060606060606,0.5814772423830689,0.6666666666666666
2017_18_20180513_NEW_CHE,2017_18,2018-05-13,1,0.5275590551181102,0.5275590551181102,0.5508109853530989,0.5441176470588235
2017_18_20180513_SOU_MCI,2017_18,2018-05-13,0,0.6209476309226933,0.6209476309226933,0.5872297967124006,0.6666666666666666
2017_18_20180513_SWA_STK,2017_18,2018-05-13,1,0.5392670157068064,0.5392670157068064,0.5554151212738332,0.5441176470588235
2017_18_20180513_TOT_LEI,2017_18,2018-05-13,1,0.668235294117647,0.668235294117647,0.6053381363583018,0.8
2017_18_20180513_WHU_EVE,2017_18,2018-05-13,1,0.5170603674540682,0.5170603674540682,0.5466749530461332,0.5441176470588235
2018_19_20180811_BOU_CAR,2018_19,2018-08-11,0,0.4803149606299213,0.4803149606299213,0.5055437341441883,0.5294117647058824
2018_19_20180811_FUL_CRY,2018_19,2018-08-11,0,0.4895287958115184,0.4895287958115184,0.5116014601222707,0.5384615384615384
2018_19_20180811_HUD_CHE,2018_19,2018-08-11,1,0.4816753926701571,0.4816753926701571,0.5064383087543736,0.5294117647058824
2018_19_20180811_NEW_TOT,2018_19,2018-08-11,1,0.4738219895287958,0.4738219895287958,0.5012737837271293,0.5294117647058824
2018_19_20180811_WAT_BRI,2018_19,2018-08-11,0,0.4035532994923858,0.4035532994923858,0.4551814173989808,0.3058823529411765
2018_19_20180811_WOL_EVE,2018_19,2018-08-11,1,0.4557291666666667,0.4557291666666667,0.4893764388481622,0.52
2018_19_20180812_ARS_MCI,2018_19,2018-08-12,0,0.6095717884130982,0.6095717884130982,0.5895740058405443,0.5970149253731343
2018_19_20180812_LIV_WHU,2018_19,2018-08-12,1,0.6538461538461539,0.6538461538461539,0.6174348856266361,0.7045454545454546
2018_19_20180812_SOU_BUR,2018_19,2018-08-12,0,0.4060913705583756,0.4060913705583756,0.4568376859611756,0.3058823529411765
2018_19_20180818_CAR_NEW,2018_19,2018-08-18,0,0.3815461346633417,0.3815461346633417,0.44086559331515174,0.3058823529411765
2018_19_20180818_CHE_ARS,2018_19,2018-08-18,1,0.5636363636363637,0.5636363636363637,0.5600499662555485,0.5394736842105262
2018_19_20180818_EVE_SOU,2018_19,2018-08-18,1,0.4415584415584415,0.4415584415584415,0.4800658760962046,0.5
2018_19_20180818_LEI_WOL,2018_19,2018-08-18,0,0.4671916010498688,0.4671916010498688,0.49691327678055075,0.5294117647058824
2018_19_20180818_TOT_FUL,2018_19,2018-08-18,1,0.6271604938271605,0.6271604938271605,0.6007219773678625,0.7045454545454546
2018_19_20180818_WHU_BOU,2018_19,2018-08-18,1,0.5340314136125655,0.5340314136125655,0.5407803970138855,0.5394736842105262
2018_19_20180819_BRI_MUN,2018_19,2018-08-19,1,0.4205128205128206,0.4205128205128206,0.46626574341828647,0.4444444444444444
2018_19_20180819_BUR_WAT,2018_19,2018-08-19,1,0.3651960784313725,0.3651960784313725,0.4302917254607835,0.3058823529411765
2018_19_20180819_MCI_HUD,2018_19,2018-08-19,1,0.7155172413793104,0.7155172413793104,0.6549590153624373,0.8
2018_19_20180820_CRY_LIV,2018_19,2018-08-20,0,0.6105527638190955,0.6105527638190955,0.5901983051669618,0.5970149253731343
2018_19_20180825_ARS_WHU,2018_19,2018-08-25,1,0.6546762589928057,0.6546762589928057,0.6179505656216446,0.7045454545454546
2018_19_20180825_BOU_EVE,2018_19,2018-08-25,1,0.5520833333333334,0.5520833333333334,0.5525484671694534,0.5394736842105262
2018_19_20180825_HUD_CAR,2018_19,2018-08-25,0,0.3676470588235294,0.3676470588235294,0.4318730145439328,0.3058823529411765
2018_19_20180825_LIV_BRI,2018_19,2018-08-25,0,0.6690140845070424,0.6690140845070424,0.6268147686599819,0.76
2018_19_20180825_SOU_LEI,2018_19,2018-08-25,1,0.4179487179487179,0.4179487179487179,0.4645874971030073,0.4444444444444444
2018_19_20180825_WOL_MCI,2018_19,2018-08-25,0,0.615,0.615,0.5930248839250032,0.5970149253731343
2018_19_20180826_FUL_BUR,2018_19,2018-08-26,1,0.4263565891472868,0.4263565891472868,0.4700933782887906,0.4444444444444444
2018_19_20180826_NEW_CHE,2018_19,2018-08-26,1,0.5052631578947367,0.5052631578947367,0.5219373288204229,0.5394736842105262
2018_19_20180826_WAT_CRY,2018_19,2018-08-26,1,0.4453125,0.4453125,0.48253131554516765,0.5099739583333336
2018_19_20180827_MUN_TOT,2018_19,2018-08-27,1,0.468586387434555,0.468586387434555,0.4978305479994121,0.5294117647058824
2018_19_20180901_BRI_FUL,2018_19,2018-09-01,1,0.4947368421052631,0.4947368421052631,0.5150241482742451,0.5384615384615384
2018_19_20180901_CHE_BOU,2018_19,2018-09-01,0,0.6650943396226415,0.6650943396226415,0.6243995966232946,0.76
2018_19_20180901_CRY_SOU,2018_19,2018-09-01,0,0.4479166666666666,0.4479166666666666,0.4842420823254867,0.52
2018_19_20180901_EVE_HUD,2018_19,2018-09-01,0,0.4581151832460733,0.4581151832460733,0.49094502030718534,0.52
2018_19_20180901_LEI_LIV,2018_19,2018-09-01,1,0.5769230769230769,0.5769230769230769,0.5686431711671649,0.5769230769230769
2018_19_20180901_MCI_NEW,2018_19,2018-09-01,1,0.6886363636363636,0.6886363636363636,0.638808266010579,0.8
2018_19_20180901_WHU_WOL,2018_19,2018-09-01,0,0.513157894736842,0.513157894736842,0.5271168499350806,0.5394736842105262
2018_19_20180902_BUR_MUN,2018_19,2018-09-02,0,0.4427083333333333,0.4427083333333333,0.4808209581747023,0.5
2018_19_20180902_CAR_ARS,2018_19,2018-09-02,1,0.5404699738903395,0.5404699738903395,0.544983616380328,0.5394736842105262
2018_19_20180902_WAT_TOT,2018_19,2018-09-02,1,0.5572916666666667,0.5572916666666667,0.5559334616819762,0.5394736842105262
2018_19_20180915_BOU_LEI,2018_19,2018-09-15,1,0.5078534031413613,0.5078534031413613,0.5236372925794675,0.5394736842105262
2018_19_20180915_CHE_CAR,2018_19,2018-09-15,1,0.6262376237623761,0.6262376237623761,0.6001395286928876,0.6666666666666666
2018_19_20180915_HUD_CRY,2018_19,2018-09-15,0,0.4025316455696203,0.4025316455696203,0.45451499459285527,0.3058823529411765
2018_19_20180915_MCI_FUL,2018_19,2018-09-15,1,0.7534246575342466,0.7534246575342466,0.6771336909701152,0.8
2018_19_20180915_NEW_ARS,2018_19,2018-09-15,1,0.5558441558441558,0.5558441558441558,0.5549932040927118,0.5394736842105262
2018_19_20180915_TOT_LIV,2018_19,2018-09-15,1,0.5732647814910026,0.5732647814910026,0.5662810558521161,0.5394736842105262
2018_19_20180915_WAT_MUN,2018_19,2018-09-15,1,0.4790575916230366,0.4790575916230366,0.5047168986437637,0.5294117647058824
2018_19_20180916_EVE_WHU,2018_19,2018-09-16,1,0.5314136125654451,0.5314136125654451,0.5390697498543153,0.5394736842105262
2018_19_20180916_WOL_BUR,2018_19,2018-09-16,0,0.4168797953964194,0.4168797953964194,0.46388810469206937,0.4444444444444444
2018_19_20180917_SOU_BRI,2018_19,2018-09-17,1,0.4179487179487179,0.4179487179487179,0.4645874971030073,0.4444444444444444
2018_19_20180922_BRI_TOT,2018_19,2018-09-22,1,0.5287958115183247,0.5287958115183247,0.5373581819377415,0.5394736842105262
2018_19_20180922_BUR_BOU,2018_19,2018-09-22,1,0.4712041884816754,0.4712041884816754,0.49955216055373913,0.5294117647058824
2018_19_20180922_CAR_MCI,2018_19,2018-09-22,1,0.6506024096385543,0.6506024096385543,0.615417271596539,0.7045454545454546
2018_19_20180922_CRY_NEW,2018_19,2018-09-22,0,0.4505208333333333,0.4505208333333333,0.4859532185048552,0.52
2018_19_20180922_FUL_WAT,2018_19,2018-09-22,0,0.5392670157068064,0.5392670157068064,0.5441987700062136,0.5394736842105262
2018_19_20180922_LEI_HUD,2018_19,2018-09-22,1,0.4352331606217616,0.4352331606217616,0.47591406953799026,0.5
2018_19_20180922_LIV_SOU,2018_19,2018-09-22,1,0.6348039215686274,0.6348039215686274,0.6055348682024762,0.7045454545454546
2018_19_20180922_MUN_WOL,2018_19,2018-09-22,0,0.513157894736842,0.513157894736842,0.5271168499350806,0.5394736842105262
2018_19_20180923_ARS_EVE,2018_19,2018-09-23,0,0.6563245823389022,0.6563245823389022,0.6189737529200448,0.7045454545454546
2018_19_20180923_WHU_CHE,2018_19,2018-09-23,0,0.6,0.6,0.5834675938388444,0.5970149253731343
2018_19_20180929_ARS_WAT,2018_19,2018-09-29,0,0.6546762589928057,0.6546762589928057,0.6179505656216446,0.7045454545454546
2018_19_20180929_CHE_LIV,2018_19,2018-09-29,0,0.5784061696658098,0.5784061696658098,0.5695999028387423,0.5769230769230769
2018_19_20180929_EVE_FUL,2018_19,2018-09-29,1,0.5892857142857143,0.5892857142857143,0.5766018905007473,0.5970149253731343
2018_19_20180929_HUD_TOT,2018_19,2018-09-29,0,0.5314136125654451,0.5314136125654451,0.5390697498543153,0.5394736842105262
2018_19_20180929_MCI_BRI,2018_19,2018-09-29,0,0.7257383966244725,0.7257383966244725,0.6610098482229753,0.8
2018_19_20180929_NEW_LEI,2018_19,2018-09-29,0,0.4329896907216495,0.4329896907216495,0.474442263837812,0.5
2018_19_20180929_WHU_MUN,2018_19,2018-09-29,1,0.5235602094240838,0.5235602094240838,0.5339324434085467,0.5394736842105262
2018_19_20180929_WOL_SOU,2018_19,2018-09-29,0,0.4467532467532467,0.4467532467532467,0.4834777436753264,0.52
2018_19_20180930_CAR_BUR,2018_19,2018-09-30,1,0.3894472361809045,0.3894472361809045,0.4459952785182982,0.3058823529411765
2018_19_20181001_BOU_CRY,2018_19,2018-10-01,1,0.5354330708661418,0.5354330708661418,0.541695941762918,0.5394736842105262
2018_19_20181005_BRI_WHU,2018_19,2018-10-05,0,0.4647519582245431,0.4647519582245431,0.49530891691035284,0.5294117647058824
2018_19_20181006_BUR_HUD,2018_19,2018-10-06,0,0.3719211822660098,0.3719211822660098,0.434633839962286,0.3058823529411765
2018_19_20181006_CRY_WOL,2018_19,2018-10-06,0,0.4252577319587629,0.4252577319587629,0.46937335081631254,0.4444444444444444
2018_19_20181006_LEI_EVE,2018_19,2018-10-06,1,0.5039370078740157,0.5039370078740157,0.5210667846212984,0.5394736842105262
2018_19_20181006_MUN_NEW,2018_19,2018-10-06,1,0.5039370078740157,0.5039370078740157,0.5210667846212984,0.5394736842105262
2018_19_20181006_TOT_CAR,2018_19,2018-10-06,0,0.6497584541062802,0.6497584541062802,0.6148916752699306,0.7045454545454546
2018_19_20181006_WAT_BOU,2018_19,2018-10-06,1,0.5378590078328982,0.5378590078328982,0.5432798643614098,0.5394736842105262
2018_19_20181007_FUL_ARS,2018_19,2018-10-07,1,0.6635071090047394,0.6635071090047394,0.6234198452396262,0.76
2018_19_20181007_LIV_MCI,2018_19,2018-10-07,0,0.5856777493606138,0.5856777493606138,0.5742830970316269,0.5970149253731343
2018_19_20181007_SOU_CHE,2018_19,2018-10-07,1,0.5314136125654451,0.5314136125654451,0.5390697498543153,0.5394736842105262
2018_19_20181020_BOU_SOU,2018_19,2018-10-20,0,0.5314136125654451,0.5314136125654451,0.5390697498543153,0.5394736842105262
2018_19_20181020_CAR_FUL,2018_19,2018-10-20,1,0.5235602094240838,0.5235602094240838,0.5339324434085467,0.5394736842105262
2018_19_20181020_CHE_MUN,2018_19,2018-10-20,1,0.5340314136125655,0.5340314136125655,0.5407803970138855,0.5394736842105262
2018_19_20181020_HUD_LIV,2018_19,2018-10-20,0,0.5235602094240838,0.5235602094240838,0.5339324434085467,0.5394736842105262
2018_19_20181020_MCI_BUR,2018_19,2018-10-20,1,0.7408906882591094,0.7408906882591094,0.6698834519160399,0.8
2018_19_20181020_NEW_BRI,2018_19,2018-10-20,0,0.3875,0.3875,0.4447299495188343,0.3058823529411765
2018_19_20181020_WHU_TOT,2018_19,2018-10-20,0,0.5794871794871795,0.5794871794871795,0.5702969270191635,0.5769230769230769
2018_19_20181020_WOL_WAT,2018_19,2018-10-20,0,0.4659685863874345,0.4659685863874345,0.4961089868856909,0.5294117647058824
2018_19_20181021_EVE_CRY,2018_19,2018-10-21,0,0.4803149606299213,0.4803149606299213,0.5055437341441883,0.5294117647058824
2018_19_20181022_ARS_LEI,2018_19,2018-10-22,1,0.6405867970660147,0.6405867970660147,0.6091627134112562,0.7045454545454546
2018_19_20181027_BRI_WOL,2018_19,2018-10-27,0,0.398989898989899,0.398989898989899,0.4522059966556671,0.3058823529411765
2018_19_20181027_FUL_BOU,2018_19,2018-10-27,1,0.6184538653366584,0.6184538653366584,0.5952158641159433,0.5970149253731343
2018_19_20181027_LEI_WHU,2018_19,2018-10-27,0,0.4829396325459317,0.4829396325459317,0.5072695937807805,0.5294117647058824
2018_19_20181027_LIV_CAR,2018_19,2018-10-27,1,0.69438202247191,0.69438202247191,0.6422883672110904,0.8
2018_19_20181027_SOU_NEW,2018_19,2018-10-27,0,0.4107142857142857,0.4107142857142857,0.459856889029231,0.3058823529411765
2018_19_20181027_WAT_HUD,2018_19,2018-10-27,1,0.4366925064599483,0.4366925064599483,0.47687168483355086,0.5
2018_19_20181028_BUR_CHE,2018_19,2018-10-28,1,0.5301837270341206,0.5301837270341206,0.5382657396389753,0.5394736842105262
2018_19_20181028_CRY_ARS,2018_19,2018-10-28,1,0.5928753180661578,0.5928753180661578,0.5789055400530502,0.5970149253731343
2018_19_20181028_MUN_EVE,2018_19,2018-10-28,1,0.5261780104712042,0.5261780104712042,0.535645733137193,0.5394736842105262
2018_19_20181029_TOT_MCI,2018_19,2018-10-29,0,0.598984771573604,0.598984771573604,0.5828183795821409,0.5970149253731343
2018_19_20181103_ARS_LIV,2018_19,2018-11-03,0,0.6222222222222222,0.6222222222222222,0.5976020204766905,0.5970149253731343
2018_19_20181103_BOU_MUN,2018_19,2018-11-03,1,0.5558441558441558,0.5558441558441558,0.5549932040927118,0.5394736842105262
2018_19_20181103_CAR_LEI,2018_19,2018-11-03,0,0.4531249999999999,0.4531249999999999,0.4876646840378473,0.52
2018_19_20181103_EVE_BRI,2018_19,2018-11-03,1,0.486910994764398,0.486910994764398,0.5098806302723282,0.5384615384615384
2018_19_20181103_NEW_WAT,2018_19,2018-11-03,0,0.4267352185089973,0.4267352185089973,0.470341504617662,0.4444444444444444
2018_19_20181103_WHU_BUR,2018_19,2018-11-03,1,0.4738219895287958,0.4738219895287958,0.5012737837271293,0.5294117647058824
2018_19_20181103_WOL_TOT,2018_19,2018-11-03,1,0.4881889763779528,0.4881889763779528,0.510720752219251,0.5384615384615384
2018_19_20181104_CHE_CRY,2018_19,2018-11-04,1,0.6262376237623761,0.6262376237623761,0.6001395286928876,0.6666666666666666
2018_19_20181104_MCI_SOU,2018_19,2018-11-04,1,0.7263157894736842,0.7263157894736842,0.6613501171644104,0.8
2018_19_20181105_HUD_FUL,2018_19,2018-11-05,0,0.4881889763779528,0.4881889763779528,0.510720752219251,0.5384615384615384
2018_19_20181110_CAR_BRI,2018_19,2018-11-10,1,0.3875,0.3875,0.4447299495188343,0.3058823529411765
2018_19_20181110_CRY_TOT,2018_19,2018-11-10,0,0.5442708333333333,0.5442708333333333,0.547461925990483,0.5394736842105262
2018_19_20181110_HUD_WHU,2018_19,2018-11-10,0,0.4215938303341903,0.4215938303341903,0.4669735128112393,0.4444444444444444
2018_19_20181110_LEI_BUR,2018_19,2018-11-10,0,0.5118110236220472,0.5118110236220472,0.5262335865428291,0.5394736842105262
2018_19_20181110_NEW_BOU,2018_19,2018-11-10,1,0.4764397905759163,0.4764397905759163,0.5029953766970325,0.5294117647058824
2018_19_20181110_SOU_WAT,2018_19,2018-11-10,0,0.4621409921671018,0.4621409921671018,0.49359199918958163,0.5294117647058824
2018_19_20181111_ARS_WOL,2018_19,2018-11-11,0,0.5846153846153845,0.5846153846153845,0.5735997007001424,0.5769230769230769
2018_19_20181111_CHE_EVE,2018_19,2018-11-11,0,0.6105527638190955,0.6105527638190955,0.5901983051669618,0.5970149253731343
2018_19_20181111_LIV_FUL,2018_19,2018-11-11,0,0.7615384615384616,0.7615384615384616,0.681782358833214,0.999999
2018_19_20181111_MCI_MUN,2018_19,2018-11-11,1,0.6407766990291263,0.6407766990291263,0.6092816450063085,0.7045454545454546
2018_19_20181124_BRI_LEI,2018_19,2018-11-24,0,0.4168797953964194,0.4168797953964194,0.46388810469206937,0.4444444444444444
2018_19_20181124_EVE_CAR,2018_19,2018-11-24,0,0.5287958115183247,0.5287958115183247,0.5373581819377415,0.5394736842105262
2018_19_20181124_FUL_SOU,2018_19,2018-11-24,1,0.5026315789473684,0.5026315789473684,0.5202097176629503,0.5394736842105262
2018_19_20181124_MUN_CRY,2018_19,2018-11-24,0,0.5404699738903395,0.5404699738903395,0.544983616380328,0.5394736842105262
2018_19_20181124_TOT_CHE,2018_19,2018-11-24,1,0.5456919060052219,0.5456919060052219,0.5483879237951079,0.5394736842105262
2018_19_20181124_WAT_LIV,2018_19,2018-11-24,1,0.5747422680412371,0.5747422680412371,0.5672354191438644,0.5769230769230769
2018_19_20181124_WHU_MCI,2018_19,2018-11-24,1,0.660332541567696,0.660332541567696,0.6214572528066097,0.7045454545454546
2018_19_20181125_BOU_ARS,2018_19,2018-11-25,1,0.6348039215686274,0.6348039215686274,0.6055348682024762,0.7045454545454546
2018_19_20181125_WOL_HUD,2018_19,2018-11-25,0,0.4179487179487179,0.4179487179487179,0.4645874971030073,0.4444444444444444
2018_19_20181126_BUR_NEW,2018_19,2018-11-26,1,0.4107142857142857,0.4107142857142857,0.459856889029231,0.3058823529411765
2018_19_20181130_CAR_WOL,2018_19,2018-11-30,1,0.4005037783375315,0.4005037783375315,0.4531927057507621,0.3058823529411765
2018_19_20181201_CRY_BUR,2018_19,2018-12-01,0,0.4569190600522194,0.4569190600522194,0.49015865760123684,0.52
2018_19_20181201_HUD_BRI,2018_19,2018-12-01,1,0.3460620525059665,0.3460620525059665,0.41799833900498606,1e-06
2018_19_20181201_LEI_WAT,2018_19,2018-12-01,0,0.4803149606299213,0.4803149606299213,0.5055437341441883,0.5294117647058824
2018_19_20181201_MCI_BOU,2018_19,2018-12-01,1,0.7553816046966731,0.7553816046966731,0.6782581447903531,0.8
2018_19_20181201_NEW_WHU,2018_19,2018-12-01,1,0.4415584415584415,0.4415584415584415,0.4800658760962046,0.5
2018_19_20181201_SOU_MUN,2018_19,2018-12-01,1,0.5039370078740157,0.5039370078740157,0.5210667846212984,0.5394736842105262
2018_19_20181202_ARS_TOT,2018_19,2018-12-02,1,0.6070528967254408,0.6070528967254408,0.5879696484524195,0.5970149253731343
2018_19_20181202_CHE_FUL,2018_19,2018-12-02,0,0.7019867549668874,0.7019867549668874,0.6468714776548241,0.8
2018_19_20181202_LIV_EVE,2018_19,2018-12-02,0,0.5856777493606138,0.5856777493606138,0.5742830970316269,0.5970149253731343
2018_19_20181204_BOU_HUD,2018_19,2018-12-04,1,0.4960629921259842,0.4960629921259842,0.5158954715988545,0.5384615384615384
2018_19_20181204_BRI_CRY,2018_19,2018-12-04,1,0.3875,0.3875,0.4447299495188343,0.3058823529411765
2018_19_20181204_WAT_MCI,2018_19,2018-12-04,1,0.6323529411764707,0.6323529411764707,0.6039937217729957,0.7045454545454546
2018_19_20181204_WHU_CAR,2018_19,2018-12-04,1,0.5326370757180157,0.5326370757180157,0.5398693599417145,0.5394736842105262
2018_19_20181205_BUR_LIV,2018_19,2018-12-05,1,0.5846153846153845,0.5846153846153845,0.5735997007001424,0.5769230769230769
2018_19_20181205_EVE_NEW,2018_19,2018-12-05,0,0.4881889763779528,0.4881889763779528,0.510720752219251,0.5384615384615384
2018_19_20181205_FUL_LEI,2018_19,2018-12-05,0,0.5314136125654451,0.5314136125654451,0.5390697498543153,0.5394736842105262
2018_19_20181205_MUN_ARS,2018_19,2018-12-05,1,0.586734693877551,0.586734693877551,0.5749627251326245,0.5970149253731343
2018_19_20181205_TOT_SOU,2018_19,2018-12-05,1,0.5732647814910026,0.5732647814910026,0.5662810558521161,0.5394736842105262
2018_19_20181205_WOL_CHE,2018_19,2018-12-05,1,0.4986876640419947,0.4986876640419947,0.5176196757148224,0.5384615384615384
2018_19_20181208_ARS_HUD,2018_19,2018-12-08,0,0.6115288220551378,0.6115288220551378,0.59081918679465,0.5970149253731343
2018_19_20181208_BOU_LIV,2018_19,2018-12-08,1,0.5903307888040712,0.5903307888040712,0.5772729216648149,0.5970149253731343
2018_19_20181208_BUR_BRI,2018_19,2018-12-08,0,0.3944723618090452,0.3944723618090452,0.44926383999016284,0.3058823529411765
2018_19_20181208_CAR_SOU,2018_19,2018-12-08,0,0.4430051813471503,0.4430051813471503,0.48101589924729904,0.5
2018_19_20181208_CHE_MCI,2018_19,2018-12-08,0,0.5621761658031088,0.5621761658031088,0.5591032852469193,0.5394736842105262
2018_19_20181208_LEI_TOT,2018_19,2018-12-08,0,0.5274151436031332,0.5274151436031332,0.5364551177538049,0.5394736842105262
2018_19_20181208_MUN_FUL,2018_19,2018-12-08,1,0.606516290726817,0.606516290726817,0.5876276251617328,0.5970149253731343
2018_19_20181208_WHU_CRY,2018_19,2018-12-08,1,0.4855643044619423,0.4855643044619423,0.5089952801729386,0.5384615384615384
2018_19_20181209_NEW_WOL,2018_19,2018-12-09,1,0.3999999999999999,0.3999999999999999,0.4528643142746543,0.3058823529411765
2018_19_20181210_EVE_WAT,2018_19,2018-12-10,1,0.5039370078740157,0.5039370078740157,0.5210667846212984,0.5394736842105262
2018_19_20181215_CRY_LEI,2018_19,2018-12-15,0,0.4060913705583756,0.4060913705583756,0.4568376859611756,0.3058823529411765
2018_19_20181215_FUL_WHU,2018_19,2018-12-15,0,0.5820512820512821,0.5820512820512821,0.5719491152981562,0.5769230769230769
2018_19_20181215_HUD_NEW,2018_19,2018-12-15,0,0.3685503685503685,0.3685503685503685,0.4324561513601913,0.3058823529411765
2018_19_20181215_MCI_EVE,2018_19,2018-12-15,1,0.6834862385321101,0.6834862385321101,0.6356764291332231,0.7867278287461764
2018_19_20181215_TOT_BUR,2018_19,2018-12-15,0,0.6595238095238095,0.6595238095238095,0.6209566363835965,0.7045454545454546
2018_19_20181215_WAT_CAR,2018_19,2018-12-15,1,0.4908136482939633,0.4908136482939633,0.5124459688387328,0.5384615384615384
2018_19_20181215_WOL_BOU,2018_19,2018-12-15,0,0.5026315789473684,0.5026315789473684,0.5202097176629503,0.5394736842105262
2018_19_20181216_BRI_CHE,2018_19,2018-12-16,1,0.518324607329843,0.518324607329843,0.5305035013825063,0.5394736842105262
2018_19_20181216_LIV_MUN,2018_19,2018-12-16,1,0.5647668393782384,0.5647668393782384,0.560782581055095,0.5394736842105262
2018_19_20181216_SOU_ARS,2018_19,2018-12-16,1,0.5928753180661578,0.5928753180661578,0.5789055400530502,0.5970149253731343
2018_19_20181221_WOL_LIV,2018_19,2018-12-21,0,0.486910994764398,0.486910994764398,0.5098806302723282,0.5384615384615384
2018_19_20181222_ARS_BUR,2018_19,2018-12-22,1,0.6464891041162226,0.6464891041162226,0.6128530763748132,0.7045454545454546
2018_19_20181222_BOU_BRI,2018_19,2018-12-22,0,0.4895287958115184,0.4895287958115184,0.5116014601222707,0.5384615384615384
2018_19_20181222_CAR_MUN,2018_19,2018-12-22,1,0.5300261096605744,0.5300261096605744,0.5381626863188316,0.5394736842105262
2018_19_20181222_CHE_LEI,2018_19,2018-12-22,0,0.5695876288659795,0.5695876288659795,0.5639037261776282,0.5394736842105262
2018_19_20181222_HUD_SOU,2018_19,2018-12-22,1,0.3954659949622167,0.3954659949622167,0.44991067074645313,0.3058823529411765
2018_19_20181222_MCI_CRY,2018_19,2018-12-22,1,0.7019867549668874,0.7019867549668874,0.6468714776548241,0.8
2018_19_20181222_NEW_FUL,2018_19,2018-12-22,0,0.4947643979057591,0.4947643979057591,0.5150422542712807,0.5384615384615384
2018_19_20181222_WHU_WAT,2018_19,2018-12-22,0,0.5456919060052219,0.5456919060052219,0.5483879237951079,0.5394736842105262
2018_19_20181223_EVE_TOT,2018_19,2018-12-23,1,0.5366492146596858,0.5366492146596858,0.5424900836299532,0.5394736842105262
2018_19_20181226_BRI_ARS,2018_19,2018-12-26,0,0.5430809399477807,0.5430809399477807,0.5466863159085127,0.5394736842105262
2018_19_20181226_BUR_EVE,2018_19,2018-12-26,1,0.4699738903394256,0.4699738903394256,0.49874304379000234,0.5294117647058824
2018_19_20181226_CRY_CAR,2018_19,2018-12-26,0,0.5013123359580053,0.5013123359580053,0.5193434603624079,0.5394736842105262
2018_19_20181226_FUL_WOL,2018_19,2018-12-26,0,0.4647519582245431,0.4647519582245431,0.49530891691035284,0.5294117647058824
2018_19_20181226_LEI_MCI,2018_19,2018-12-26,1,0.5928753180661578,0.5928753180661578,0.5789055400530502,0.5970149253731343
2018_19_20181226_LIV_NEW,2018_19,2018-12-26,1,0.6658823529411765,0.6658823529411765,0.6248856369059259,0.76
2018_19_20181226_MUN_HUD,2018_19,2018-12-26,1,0.5769230769230769,0.5769230769230769,0.5686431711671649,0.5769230769230769
2018_19_20181226_TOT_BOU,2018_19,2018-12-26,1,0.6390243902439025,0.6390243902439025,0.6081837197125146,0.7045454545454546
2018_19_20181226_WAT_CHE,2018_19,2018-12-26,1,0.5468749999999999,0.5468749999999999,0.5491585949582863,0.5394736842105262
2018_19_20181227_SOU_WHU,2018_19,2018-12-27,1,0.5326370757180157,0.5326370757180157,0.5398693599417145,0.5394736842105262
2018_19_20181229_BRI_EVE,2018_19,2018-12-29,0,0.4738219895287958,0.4738219895287958,0.5012737837271293,0.5294117647058824
2018_19_20181229_FUL_HUD,2018_19,2018-12-29,0,0.4143222506393862,0.4143222506393862,0.46221529336631223,0.3058823529411765
2018_19_20181229_LEI_CAR,2018_19,2018-12-29,0,0.5013123359580053,0.5013123359580053,0.5193434603624079,0.5394736842105262
2018_19_20181229_LIV_ARS,2018_19,2018-12-29,1,0.6280788177339901,0.6280788177339901,0.6013012741616369,0.7045454545454546
2018_19_20181229_TOT_WOL,2018_19,2018-12-29,1,0.5670103092783505,0.5670103092783505,0.5622356943379385,0.5394736842105262
2018_19_20181229_WAT_NEW,2018_19,2018-12-29,0,0.4790575916230366,0.4790575916230366,0.5047168986437637,0.5294117647058824
2018_19_20181230_BUR_WHU,2018_19,2018-12-30,0,0.4986876640419947,0.4986876640419947,0.5176196757148224,0.5384615384615384
2018_19_20181230_CRY_CHE,2018_19,2018-12-30,0,0.5130890052356021,0.5130890052356021,0.5270716770226855,0.5394736842105262
2018_19_20181230_MUN_BOU,2018_19,2018-12-30,1,0.6178660049627792,0.6178660049627792,0.5948432166144565,0.5970149253731343
2018_19_20181230_SOU_MCI,2018_19,2018-12-30,1,0.6159600997506234,0.6159600997506234,0.593634304415314,0.5970149253731343
2018_19_20190101_ARS_FUL,2018_19,2019-01-01,1,0.6538461538461539,0.6538461538461539,0.6174348856266361,0.7045454545454546
2018_19_20190101_CAR_TOT,2018_19,2019-01-01,1,0.5695876288659795,0.5695876288659795,0.5639037261776282,0.5394736842105262
2018_19_20190101_EVE_LEI,2018_19,2019-01-01,0,0.4842931937172774,0.4842931937172774,0.5081595662265184,0.5294117647058824
2018_19_20190102_BOU_WAT,2018_19,2019-01-02,1,0.5468749999999999,0.5468749999999999,0.5491585949582863,0.5394736842105262
2018_19_20190102_CHE_SOU,2018_19,2019-01-02,0,0.6253101736972705,0.6253101736972705,0.5995539040736044,0.6248895578405117
2018_19_20190102_HUD_BUR,2018_19,2019-01-02,1,0.3875,0.3875,0.4447299495188343,0.3058823529411765
2018_19_20190102_NEW_MUN,2018_19,2019-01-02,0,0.5805626598465473,0.5805626598465473,0.5709901093728881,0.5769230769230769
2018_19_20190102_WHU_BRI,2018_19,2019-01-02,1,0.5013123359580053,0.5013123359580053,0.5193434603624079,0.5394736842105262
2018_19_20190102_WOL_CRY,2018_19,2019-01-02,0,0.4252577319587629,0.4252577319587629,0.46937335081631254,0.4444444444444444
2018_19_20190103_MCI_LIV,2018_19,2019-01-03,1,0.6159600997506234,0.6159600997506234,0.593634304415314,0.5970149253731343
2018_19_20190112_BRI_LIV,2018_19,2019-01-12,0,0.5532467532467532,0.5532467532467532,0.5533050297744864,0.5394736842105262
2018_19_20190112_BUR_FUL,2018_19,2019-01-12,1,0.4583333333333333,0.4583333333333333,0.4910884428323711,0.52
2018_19_20190112_CAR_HUD,2018_19,2019-01-12,0,0.3811881188118812,0.3811881188118812,0.44063344654790804,0.3058823529411765
2018_19_20190112_CHE_NEW,2018_19,2019-01-12,1,0.5681233933161953,0.5681233933161953,0.5629562531753515,0.5394736842105262
2018_19_20190112_CRY_WAT,2018_19,2019-01-12,1,0.4557291666666667,0.4557291666666667,0.4893764388481622,0.52
2018_19_20190112_LEI_SOU,2018_19,2019-01-12,1,0.4647519582245431,0.4647519582245431,0.49530891691035284,0.5294117647058824
2018_19_20190112_WHU_ARS,2018_19,2019-01-12,0,0.6280788177339901,0.6280788177339901,0.6013012741616369,0.7045454545454546
2018_19_20190113_EVE_BOU,2018_19,2019-01-13,0,0.5670103092783505,0.5670103092783505,0.5622356943379385,0.5394736842105262
2018_19_20190113_TOT_MUN,2018_19,2019-01-13,0,0.5831202046035805,0.5831202046035805,0.5726374078470937,0.5769230769230769
2018_19_20190114_MCI_WOL,2018_19,2019-01-14,1,0.6449275362318841,0.6449275362318841,0.6118779610039341,0.7045454545454546
2018_19_20190119_ARS_CHE,2018_19,2019-01-19,0,0.5695876288659795,0.5695876288659795,0.5639037261776282,0.5394736842105262
2018_19_20190119_BOU_WHU,2018_19,2019-01-19,0,0.5841836734693877,0.5841836734693877,0.573321909737143,0.5769230769230769
2018_19_20190119_LIV_CRY,2018_19,2019-01-19,1,0.6348039215686274,0.6348039215686274,0.6055348682024762,0.7045454545454546
2018_19_20190119_MUN_BRI,2018_19,2019-01-19,1,0.5670103092783505,0.5670103092783505,0.5622356943379385,0.5394736842105262
2018_19_20190119_NEW_CAR,2018_19,2019-01-19,1,0.413265306122449,0.413265306122449,0.4615242246644051,0.3058823529411765
2018_19_20190119_SOU_EVE,2018_19,2019-01-19,1,0.5026178010471204,0.5026178010471204,0.5202006712701386,0.5394736842105262
2018_19_20190119_WAT_BUR,2018_19,2019-01-19,0,0.5209424083769634,0.5209424083769634,0.53221835278683,0.5394736842105262
2018_19_20190119_WOL_LEI,2018_19,2019-01-19,1,0.4005037783375315,0.4005037783375315,0.4531927057507621,0.3058823529411765
2018_19_20190120_FUL_TOT,2018_19,2019-01-20,1,0.5091863517060368,0.5091863517060368,0.5245118885145973,0.5394736842105262
2018_19_20190120_HUD_MCI,2018_19,2019-01-20,1,0.6365853658536585,0.6365853658536585,0.6066537048113366,0.7045454545454546
2018_19_20190129_ARS_CAR,2018_19,2019-01-29,1,0.6728538283062646,0.6728538283062646,0.6291745320109553,0.76
2018_19_20190129_FUL_BRI,2018_19,2019-01-29,1,0.4267352185089973,0.4267352185089973,0.470341504617662,0.4444444444444444
2018_19_20190129_HUD_EVE,2018_19,2019-01-29,0,0.4219948849104858,0.4219948849104858,0.4672361291765959,0.4444444444444444
2018_19_20190129_MUN_BUR,2018_19,2019-01-29,1,0.6125,0.6125,0.5914366766820649,0.5970149253731343
2018_19_20190129_NEW_MCI,2018_19,2019-01-29,1,0.6481927710843374,0.6481927710843374,0.6139158939749418,0.7045454545454546
2018_19_20190129_WOL_WHU,2018_19,2019-01-29,1,0.486910994764398,0.486910994764398,0.5098806302723282,0.5384615384615384
2018_19_20190130_BOU_CHE,2018_19,2019-01-30,1,0.5670103092783505,0.5670103092783505,0.5622356943379385,0.5394736842105262
2018_19_20190130_LIV_LEI,2018_19,2019-01-30,0,0.6280788177339901,0.6280788177339901,0.6013012741616369,0.7045454545454546
2018_19_20190130_SOU_CRY,2018_19,2019-01-30,0,0.4830287206266319,0.4830287206266319,0.5073281710652042,0.5294117647058824
2018_19_20190130_TOT_WAT,2018_19,2019-01-30,1,0.5532467532467532,0.5532467532467532,0.5533050297744864,0.5394736842105262
2018_19_20190202_BRI_WAT,2018_19,2019-02-02,0,0.4392764857881137,0.4392764857881137,0.47856769163132507,0.5
2018_19_20190202_BUR_SOU,2018_19,2019-02-02,0,0.4621409921671018,0.4621409921671018,0.49359199918958163,0.5294117647058824
2018_19_20190202_CAR_BOU,2018_19,2019-02-02,0,0.4960629921259842,0.4960629921259842,0.5158954715988545,0.5384615384615384
2018_19_20190202_CHE_HUD,2018_19,2019-02-02,1,0.5820512820512821,0.5820512820512821,0.5719491152981562,0.5769230769230769
2018_19_20190202_CRY_FUL,2018_19,2019-02-02,0,0.4816753926701571,0.4816753926701571,0.5064383087543736,0.5294117647058824
2018_19_20190202_EVE_WOL,2018_19,2019-02-02,1,0.4621409921671018,0.4621409921671018,0.49359199918958163,0.5294117647058824
2018_19_20190202_TOT_NEW,2018_19,2019-02-02,0,0.518324607329843,0.518324607329843,0.5305035013825063,0.5394736842105262
2018_19_20190203_LEI_MUN,2018_19,2019-02-03,0,0.5274151436031332,0.5274151436031332,0.5364551177538049,0.5394736842105262
2018_19_20190203_MCI_ARS,2018_19,2019-02-03,1,0.7026431718061673,0.7026431718061673,0.647265828207437,0.8
2018_19_20190204_WHU_LIV,2018_19,2019-02-04,0,0.5974683544303797,0.5974683544303797,0.581848132828402,0.5970149253731343
2018_19_20190206_EVE_MCI,2018_19,2019-02-06,0,0.6365853658536585,0.6365853658536585,0.6066537048113366,0.7045454545454546
2018_19_20190209_BRI_BUR,2018_19,2019-02-09,1,0.4158163265306122,0.4158163265306122,0.4631924215452289,0.3058823529411765
2018_19_20190209_CRY_WHU,2018_19,2019-02-09,0,0.4751958224543081,0.4751958224543081,0.5021772892630603,0.5294117647058824
2018_19_20190209_FUL_MUN,2018_19,2019-02-09,1,0.5939086294416244,0.5939086294416244,0.5795680420861153,0.5970149253731343
2018_19_20190209_HUD_ARS,2018_19,2019-02-09,1,0.5326370757180157,0.5326370757180157,0.5398693599417145,0.5394736842105262
2018_19_20190209_LIV_BOU,2018_19,2019-02-09,1,0.6705607476635514,0.6705607476635514,0.6277660236823857,0.76
2018_19_20190209_SOU_CAR,2018_19,2019-02-09,1,0.4621409921671018,0.4621409921671018,0.49359199918958163,0.5294117647058824
2018_19_20190209_WAT_EVE,2018_19,2019-02-09,0,0.4960629921259842,0.4960629921259842,0.5158954715988545,0.5384615384615384
2018_19_20190210_MCI_CHE,2018_19,2019-02-10,1,0.5856777493606138,0.5856777493606138,0.5742830970316269,0.5970149253731343
2018_19_20190210_TOT_LEI,2018_19,2019-02-10,1,0.5274151436031332,0.5274151436031332,0.5364551177538049,0.5394736842105262
2018_19_20190211_WOL_NEW,2018_19,2019-02-11,0,0.4278350515463917,0.4278350515463917,0.4710623384340991,0.4444444444444444
2018_19_20190222_CAR_WAT,2018_19,2019-02-22,1,0.4659685863874345,0.4659685863874345,0.4961089868856909,0.5294117647058824
2018_19_20190222_WHU_FUL,2018_19,2019-02-22,1,0.5618556701030928,0.5618556701030928,0.5588954424828849,0.5394736842105262
2018_19_20190223_BOU_WOL,2018_19,2019-02-23,0,0.4635416666666666,0.4635416666666666,0.49451303779565925,0.5294117647058824
2018_19_20190223_BUR_TOT,2018_19,2019-02-23,1,0.548051948051948,0.548051948051948,0.5499250286918302,0.5394736842105262
2018_19_20190223_LEI_CRY,2018_19,2019-02-23,1,0.4341085271317829,0.4341085271317829,0.4751762112268266,0.5
2018_19_20190223_NEW_HUD,2018_19,2019-02-23,0,0.3855721393034826,0.3855721393034826,0.4434779164259745,0.3058823529411765
2018_19_20190224_ARS_SOU,2018_19,2019-02-24,0,0.5918367346938775,0.5918367346938775,0.5782393714754364,0.5970149253731343
2018_19_20190224_MUN_LIV,2018_19,2019-02-24,0,0.5314136125654451,0.5314136125654451,0.5390697498543153,0.5394736842105262
2018_19_20190226_CAR_EVE,2018_19,2019-02-26,1,0.4557291666666667,0.4557291666666667,0.4893764388481622,0.52
2018_19_20190226_HUD_WOL,2018_19,2019-02-26,0,0.39,0.39,0.44635459699095376,0.3058823529411765
2018_19_20190226_LEI_BRI,2018_19,2019-02-26,1,0.4318766066838046,0.4318766066838046,0.4737121995130123,0.4809207634431227
2018_19_20190226_NEW_BUR,2018_19,2019-02-26,0,0.4075949367088607,0.4075949367088607,0.45781932055687236,0.3058823529411765
2018_19_20190227_ARS_BOU,2018_19,2019-02-27,1,0.625615763546798,0.625615763546798,0.5997468957702091,0.6386548923638607
2018_19_20190227_CHE_TOT,2018_19,2019-02-27,0,0.518324607329843,0.518324607329843,0.5305035013825063,0.5394736842105262
2018_19_20190227_CRY_MUN,2018_19,2019-02-27,1,0.5078534031413613,0.5078534031413613,0.5236372925794675,0.5394736842105262
2018_19_20190227_LIV_WAT,2018_19,2019-02-27,1,0.6169154228855721,0.6169154228855721,0.5942404069368546,0.5970149253731343
2018_19_20190227_MCI_WHU,2018_19,2019-02-27,0,0.7148936170212765,0.7148936170212765,0.6545881806507516,0.8
2018_19_20190227_SOU_FUL,2018_19,2019-02-27,0,0.5026178010471204,0.5026178010471204,0.5202006712701386,0.5394736842105262
2018_19_20190302_BOU_MCI,2018_19,2019-03-02,0,0.6811926605504588,0.6811926605504588,0.6342779582924478,0.76
2018_19_20190302_BRI_HUD,2018_19,2019-03-02,0,0.3846153846153846,0.3846153846153846,0.4428568255179046,0.3058823529411765
2018_19_20190302_BUR_CRY,2018_19,2019-03-02,1,0.4583333333333333,0.4583333333333333,0.4910884428323711,0.52
2018_19_20190302_MUN_SOU,2018_19,2019-03-02,1,0.5644329896907216,0.5644329896907216,0.5605662542281653,0.5394736842105262
2018_19_20190302_TOT_ARS,2018_19,2019-03-02,0,0.5877862595419847,0.5877862595419847,0.5756386134788822,0.5970149253731343
2018_19_20190302_WHU_NEW,2018_19,2019-03-02,0,0.486910994764398,0.486910994764398,0.5098806302723282,0.5384615384615384
2018_19_20190302_WOL_CAR,2018_19,2019-03-02,0,0.4830287206266319,0.4830287206266319,0.5073281710652042,0.5294117647058824
2018_19_20190303_EVE_LIV,2018_19,2019-03-03,0,0.5052356020942408,0.5052356020942408,0.5219192412975254,0.5394736842105262
2018_19_20190303_FUL_CHE,2018_19,2019-03-03,1,0.5681233933161953,0.5681233933161953,0.5629562531753515,0.5394736842105262
2018_19_20190303_WAT_LEI,2018_19,2019-03-03,1,0.4895287958115184,0.4895287958115184,0.5116014601222707,0.5384615384615384
2018_19_20190309_CAR_WHU,2018_19,2019-03-09,0,0.4934725848563968,0.4934725848563968,0.5141934053717507,0.5384615384615384
2018_19_20190309_CRY_BRI,2018_19,2019-03-09,1,0.4392764857881137,0.4392764857881137,0.47856769163132507,0.5
2018_19_20190309_HUD_BOU,2018_19,2019-03-09,0,0.4293059125964009,0.4293059125964009,0.47202653324452587,0.4444444444444444
2018_19_20190309_LEI_FUL,2018_19,2019-03-09,1,0.5644329896907216,0.5644329896907216,0.5605662542281653,0.5394736842105262
2018_19_20190309_MCI_WAT,2018_19,2019-03-09,1,0.7155172413793104,0.7155172413793104,0.6549590153624373,0.8
2018_19_20190309_NEW_EVE,2018_19,2019-03-09,1,0.4040404040404041,0.4040404040404041,0.4554992113911739,0.3058823529411765
2018_19_20190309_SOU_TOT,2018_19,2019-03-09,1,0.5300261096605744,0.5300261096605744,0.5381626863188316,0.5394736842105262
2018_19_20190310_ARS_MUN,2018_19,2019-03-10,0,0.5732647814910026,0.5732647814910026,0.5662810558521161,0.5394736842105262
2018_19_20190310_CHE_WOL,2018_19,2019-03-10,0,0.5026178010471204,0.5026178010471204,0.5202006712701386,0.5394736842105262
2018_19_20190310_LIV_BUR,2018_19,2019-03-10,1,0.6563245823389022,0.6563245823389022,0.6189737529200448,0.7045454545454546
2018_19_20190316_BOU_NEW,2018_19,2019-03-16,1,0.4751958224543081,0.4751958224543081,0.5021772892630603,0.5294117647058824
2018_19_20190316_BUR_LEI,2018_19,2019-03-16,1,0.4751958224543081,0.4751958224543081,0.5021772892630603,0.5294117647058824
2018_19_20190316_WHU_HUD,2018_19,2019-03-16,1,0.4830287206266319,0.4830287206266319,0.5073281710652042,0.5294117647058824
2018_19_20190317_EVE_CHE,2018_19,2019-03-17,0,0.4960629921259842,0.4960629921259842,0.5158954715988545,0.5384615384615384
2018_19_20190317_FUL_LIV,2018_19,2019-03-17,1,0.6390243902439025,0.6390243902439025,0.6081837197125146,0.7045454545454546
2018_19_20190330_BRI_SOU,2018_19,2019-03-30,0,0.39,0.39,0.44635459699095376,0.3058823529411765
2018_19_20190330_BUR_WOL,2018_19,2019-03-30,0,0.4147582697201017,0.4147582697201017,0.46250042093300114,0.3058823529411765
2018_19_20190330_CRY_HUD,2018_19,2019-03-30,0,0.4444444444444444,0.4444444444444444,0.4819611489569223,0.5024886289798574
2018_19_20190330_FUL_MCI,2018_19,2019-03-30,0,0.7334710743801653,0.7334710743801653,0.6655529459335466,0.8
2018_19_20190330_LEI_BOU,2018_19,2019-03-30,0,0.5681233933161953,0.5681233933161953,0.5629562531753515,0.5394736842105262
2018_19_20190330_MUN_WAT,2018_19,2019-03-30,1,0.5790816326530612,0.5790816326530612,0.5700354670436341,0.5769230769230769
2018_19_20190330_WHU_EVE,2018_19,2019-03-30,0,0.5326370757180157,0.5326370757180157,0.5398693599417145,0.5394736842105262
2018_19_20190331_CAR_CHE,2018_19,2019-03-31,1,0.5378590078328982,0.5378590078328982,0.5432798643614098,0.5394736842105262
2018_19_20190331_LIV_TOT,2018_19,2019-03-31,1,0.5681233933161953,0.5681233933161953,0.5629562531753515,0.5394736842105262
2018_19_20190401_ARS_NEW,2018_19,2019-04-01,0,0.5974683544303797,0.5974683544303797,0.581848132828402,0.5970149253731343
2018_19_20190402_WAT_FUL,2018_19,2019-04-02,1,0.5607235142118864,0.5607235142118864,0.5581610700130661,0.5394736842105262
2018_19_20190402_WOL_MUN,2018_19,2019-04-02,1,0.4699738903394256,0.4699738903394256,0.49874304379000234,0.5294117647058824
2018_19_20190403_CHE_BRI,2018_19,2019-04-03,1,0.5595854922279793,0.5595854922279793,0.5574226360673823,0.5394736842105262
2018_19_20190403_MCI_CAR,2018_19,2019-04-03,0,0.7728119180633148,0.7728119180633148,0.6881815137656315,0.999999
2018_19_20190403_TOT_CRY,2018_19,2019-04-03,0,0.5758354755784061,0.5758354755784061,0.567941241778345,0.5769230769230769
2018_19_20190405_SOU_LIV,2018_19,2019-04-05,1,0.5569948186528497,0.5569948186528497,0.5557406709560705,0.5394736842105262
2018_19_20190406_BOU_BUR,2018_19,2019-04-06,1,0.5195822454308094,0.5195822454308094,0.5313274388569154,0.5394736842105262
2018_19_20190406_HUD_LEI,2018_19,2019-04-06,1,0.4778067885117493,0.4778067885117493,0.5038943552151023,0.5294117647058824
2018_19_20190406_NEW_CRY,2018_19,2019-04-06,0,0.4219948849104858,0.4219948849104858,0.4672361291765959,0.4444444444444444
2018_19_20190407_EVE_ARS,2018_19,2019-04-07,0,0.5658914728682171,0.5658914728682171,0.5615111469791847,0.5394736842105262
2018_19_20190408_CHE_WHU,2018_19,2019-04-08,0,0.6228287841191067,0.6228287841191067,0.5979856724442852,0.5970149253731343
2018_19_20190412_LEI_NEW,2018_19,2019-04-12,0,0.4973821989528796,0.4973821989528796,0.5167621371577027,0.5384615384615384
2018_19_20190413_BRI_BOU,2018_19,2019-04-13,1,0.4597402597402597,0.4597402597402597,0.4920134591978416,0.52
2018_19_20190413_BUR_CAR,2018_19,2019-04-13,0,0.4621409921671018,0.4621409921671018,0.49359199918958163,0.5294117647058824
2018_19_20190413_FUL_EVE,2018_19,2019-04-13,0,0.5544041450777203,0.5544041450777203,0.5540574274723895,0.5394736842105262
2018_19_20190413_MUN_WHU,2018_19,2019-04-13,1,0.6265356265356266,0.6265356265356266,0.6003276374773027,0.6788980568330389
2018_19_20190413_SOU_WOL,2018_19,2019-04-13,1,0.4111675126903554,0.4111675126903554,0.46015305162237347,0.3058823529411765
2018_19_20190413_TOT_HUD,2018_19,2019-04-13,1,0.6440677966101696,0.6440677966101696,0.6113407165325051,0.7045454545454546
2018_19_20190414_CRY_MCI,2018_19,2019-04-14,1,0.5939086294416244,0.5939086294416244,0.5795680420861153,0.5970149253731343
2018_19_20190414_LIV_CHE,2018_19,2019-04-14,0,0.5378590078328982,0.5378590078328982,0.5432798643614098,0.5394736842105262
2018_19_20190415_WAT_ARS,2018_19,2019-04-15,0,0.6045340050377834,0.6045340050377834,0.5863634195752752,0.5970149253731343
2018_19_20190416_BRI_CAR,2018_19,2019-04-16,0,0.4096692111959288,0.4096692111959288,0.45917409018744865,0.3058823529411765
2018_19_20190420_BOU_FUL,2018_19,2019-04-20,0,0.615,0.615,0.5930248839250032,0.5970149253731343
2018_19_20190420_HUD_WAT,2018_19,2019-04-20,1,0.5209424083769634,0.5209424083769634,0.53221835278683,0.5394736842105262
2018_19_20190420_MCI_TOT,2018_19,2019-04-20,0,0.6619385342789598,0.6619385342789598,0.622450616998453,0.76
2018_19_20190420_NEW_SOU,2018_19,2019-04-20,1,0.4060913705583756,0.4060913705583756,0.4568376859611756,0.3058823529411765
2018_19_20190420_WHU_LEI,2018_19,2019-04-20,1,0.5558441558441558,0.5558441558441558,0.5549932040927118,0.5394736842105262
2018_19_20190420_WOL_BRI,2018_19,2019-04-20,0,0.4005037783375315,0.4005037783375315,0.4531927057507621,0.3058823529411765
2018_19_20190421_ARS_CRY,2018_19,2019-04-21,1,0.601010101010101,0.601010101010101,0.5841132420502266,0.5970149253731343
2018_19_20190421_CAR_LIV,2018_19,2019-04-21,0,0.6184538653366584,0.6184538653366584,0.5952158641159433,0.5970149253731343
2018_19_20190421_EVE_MUN,2018_19,2019-04-21,1,0.5118110236220472,0.5118110236220472,0.5262335865428291,0.5394736842105262
2018_19_20190422_CHE_BUR,2018_19,2019-04-22,1,0.5856777493606138,0.5856777493606138,0.5742830970316269,0.5970149253731343
2018_19_20190423_TOT_BRI,2018_19,2019-04-23,0,0.5569948186528497,0.5569948186528497,0.5557406709560705,0.5394736842105262
2018_19_20190423_WAT_SOU,2018_19,2019-04-23,0,0.5248041775456919,0.5248041775456919,0.5347466938520763,0.5394736842105262
2018_19_20190424_MUN_MCI,2018_19,2019-04-24,0,0.625615763546798,0.625615763546798,0.5997468957702091,0.6386548923638607
2018_19_20190424_WOL_ARS,2018_19,2019-04-24,1,0.5078534031413613,0.5078534031413613,0.5236372925794675,0.5394736842105262
2018_19_20190426_LIV_HUD,2018_19,2019-04-26,1,0.7736549165120593,0.7736549165120593,0.6886571910772357,0.999999
2018_19_20190427_BRI_NEW,2018_19,2019-04-27,0,0.3979848866498741,0.3979848866498741,0.4515511614232544,0.3058823529411765
2018_19_20190427_CRY_EVE,2018_19,2019-04-27,0,0.4921465968586388,0.4921465968586388,0.5133220150290138,0.5384615384615384
2018_19_20190427_FUL_CAR,2018_19,2019-04-27,0,0.5494791666666667,0.5494791666666667,0.5508541215486994,0.5394736842105262
2018_19_20190427_SOU_BOU,2018_19,2019-04-27,1,0.5430809399477807,0.5430809399477807,0.5466863159085127,0.5394736842105262
2018_19_20190427_TOT_WHU,2018_19,2019-04-27,0,0.6203473945409429,0.6203473945409429,0.5964154334042289,0.5970149253731343
2018_19_20190427_WAT_WOL,2018_19,2019-04-27,1,0.4341085271317829,0.4341085271317829,0.4751762112268266,0.5
2018_19_20190428_BUR_MCI,2018_19,2019-04-28,0,0.6713286713286714,0.6713286713286714,0.6282379582864647,0.76
2018_19_20190428_LEI_ARS,2018_19,2019-04-28,1,0.5913705583756345,0.5913705583756345,0.5779402637027081,0.5970149253731343
2018_19_20190428_MUN_CHE,2018_19,2019-04-28,0,0.5157068062827225,0.5157068062827225,0.5287879293777464,0.5394736842105262
2018_19_20190503_EVE_BUR,2018_19,2019-05-03,0,0.5195822454308094,0.5195822454308094,0.5313274388569154,0.5394736842105262
2018_19_20190504_BOU_TOT,2018_19,2019-05-04,0,0.586734693877551,0.586734693877551,0.5749627251326245,0.5970149253731343
2018_19_20190504_CAR_CRY,2018_19,2019-05-04,1,0.4934383202099738,0.4934383202099738,0.5141708889747363,0.5384615384615384
2018_19_20190504_NEW_LIV,2018_19,2019-05-04,1,0.5558441558441558,0.5558441558441558,0.5549932040927118,0.5394736842105262
2018_19_20190504_WHU_SOU,2018_19,2019-05-04,1,0.5903307888040712,0.5903307888040712,0.5772729216648149,0.5970149253731343
2018_19_20190504_WOL_FUL,2018_19,2019-05-04,0,0.5300261096605744,0.5300261096605744,0.5381626863188316,0.5394736842105262
2018_19_20190505_ARS_BRI,2018_19,2019-05-05,0,0.5684754521963824,0.5684754521963824,0.5631841045685443,0.5394736842105262
2018_19_20190505_CHE_WAT,2018_19,2019-05-05,1,0.5939086294416244,0.5939086294416244,0.5795680420861153,0.5970149253731343
2018_19_20190505_HUD_MUN,2018_19,2019-05-05,0,0.570694087403599,0.570694087403599,0.5646193809702038,0.5394736842105262
2018_19_20190506_MCI_LEI,2018_19,2019-05-06,0,0.7230443974630022,0.7230443974630022,0.6594200256087637,0.8
2018_19_20190512_BRI_MCI,2018_19,2019-05-12,1,0.6697892271662763,0.6697892271662763,0.6272916332185662,0.76
2018_19_20190512_BUR_ARS,2018_19,2019-05-12,1,0.6035353535353536,0.6035353535353536,0.5857260956191089,0.5970149253731343
2018_19_20190512_CRY_BOU,2018_19,2019-05-12,1,0.6140350877192983,0.6140350877192983,0.5924121201057793,0.5970149253731343
2018_19_20190512_FUL_NEW,2018_19,2019-05-12,1,0.5430809399477807,0.5430809399477807,0.5466863159085127,0.5394736842105262
2018_19_20190512_LEI_CHE,2018_19,2019-05-12,0,0.5595854922279793,0.5595854922279793,0.5574226360673823,0.5394736842105262
2018_19_20190512_LIV_WOL,2018_19,2019-05-12,0,0.5892857142857143,0.5892857142857143,0.5766018905007473,0.5970149253731343
2018_19_20190512_MUN_CAR,2018_19,2019-05-12,0,0.6797235023041476,0.6797235023041476,0.6333809707499134,0.76
2018_19_20190512_SOU_HUD,2018_19,2019-05-12,0,0.5856777493606138,0.5856777493606138,0.5742830970316269,0.5970149253731343
2018_19_20190512_TOT_EVE,2018_19,2019-05-12,1,0.5404699738903395,0.5404699738903395,0.544983616380328,0.5394736842105262
2018_19_20190512_WAT_WHU,2018_19,2019-05-12,1,0.6115288220551378,0.6115288220551378,0.59081918679465,0.5970149253731343
2019_20_20190810_BOU_SHU,2019_20,2019-08-10,0,0.5039164490861618,0.5039164490861618,0.5191534865801325,0.5520833333333334
2019_20_20190810_BUR_SOU,2019_20,2019-08-10,1,0.4493506493506493,0.4493506493506493,0.48252029599031554,0.5121951219512195
2019_20_20190810_CRY_EVE,2019_20,2019-08-10,0,0.4381443298969071,0.4381443298969071,0.4750071739927095,0.5121951219512195
2019_20_20190810_TOT_AVL,2019_20,2019-08-10,1,0.578005115089514,0.578005115089514,0.5684919984623317,0.5520833333333334
2019_20_20190810_WAT_BRI,2019_20,2019-08-10,1,0.441860465116279,0.441860465116279,0.4774975196830368,0.5121951219512195
2019_20_20190810_WHU_MCI,2019_20,2019-08-10,1,0.6416464891041161,0.6416464891041161,0.609850246266924,0.7105263157894737
2019_20_20190811_LEI_WOL,2019_20,2019-08-11,0,0.4392764857881137,0.4392764857881137,0.4757657555286819,0.5121951219512195
2019_20_20190811_MUN_CHE,2019_20,2019-08-11,1,0.4765625,0.4765625,0.500790295068928,0.5130434782608696
2019_20_20190811_NEW_ARS,2019_20,2019-08-11,0,0.5390625,0.5390625,0.5426650724893869,0.5520833333333334
2019_20_20190817_ARS_BUR,2019_20,2019-08-17,1,0.5939086294416244,0.5939086294416244,0.5789411534670572,0.5769230769230768
2019_20_20190817_AVL_BOU,2019_20,2019-08-17,1,0.5286458333333333,0.5286458333333333,0.5357117029183781,0.5520833333333334
2019_20_20190817_BRI_WHU,2019_20,2019-08-17,0,0.4895287958115184,0.4895287958115184,0.5094981020830623,0.5130434782608696
2019_20_20190817_EVE_WAT,2019_20,2019-08-17,0,0.5338541666666666,0.5338541666666666,0.5391902942413471,0.5520833333333334
2019_20_20190817_MCI_TOT,2019_20,2019-08-17,1,0.6265356265356266,0.6265356265356266,0.600148836831797,0.7105263157894737
2019_20_20190817_NOR_NEW,2019_20,2019-08-17,1,0.4908616187989557,0.4908616187989557,0.5103929522432906,0.5130434782608696
2019_20_20190817_SOU_LIV,2019_20,2019-08-17,1,0.5816326530612244,0.5816326530612244,0.5708811393311966,0.5520833333333334
2019_20_20190818_CHE_LEI,2019_20,2019-08-18,0,0.486910994764398,0.486910994764398,0.5077403527599289,0.5130434782608696
2019_20_20190818_SHU_CRY,2019_20,2019-08-18,0,0.4030226700251889,0.4030226700251889,0.45154900643837664,0.3402061855670103
2019_20_20190819_WOL_MUN,2019_20,2019-08-19,0,0.4507772020725388,0.4507772020725388,0.4834773470646244,0.5121951219512195
2019_20_20190823_AVL_EVE,2019_20,2019-08-23,0,0.5338541666666666,0.5338541666666666,0.5391902942413471,0.5520833333333334
2019_20_20190824_BRI_SOU,2019_20,2019-08-24,0,0.4545454545454546,0.4545454545454546,0.4860059710677056,0.5121951219512195
2019_20_20190824_LIV_ARS,2019_20,2019-08-24,1,0.6595744680851063,0.6595744680851063,0.6212480287727874,0.7105263157894737
2019_20_20190824_MUN_CRY,2019_20,2019-08-24,1,0.5428571428571429,0.5428571428571429,0.5451941046042041,0.5520833333333334
2019_20_20190824_NOR_CHE,2019_20,2019-08-24,1,0.61,0.61,0.5894422112260234,0.5769230769230768
2019_20_20190824_SHU_LEI,2019_20,2019-08-24,1,0.4147582697201017,0.4147582697201017,0.4593686280931531,0.3402061855670103
2019_20_20190824_WAT_WHU,2019_20,2019-08-24,1,0.5518134715025906,0.5518134715025906,0.551153800694189,0.5520833333333334
2019_20_20190825_BOU_MCI,2019_20,2019-08-25,1,0.6921348314606741,0.6921348314606741,0.6416026469322373,0.7142857142857143
2019_20_20190825_TOT_NEW,2019_20,2019-08-25,0,0.6144278606965174,0.6144278606965174,0.5923179691888404,0.5769230769230768
2019_20_20190825_WOL_BUR,2019_20,2019-08-25,0,0.4158163265306122,0.4158163265306122,0.46007467125575313,0.3402061855670103
2019_20_20190831_BUR_LIV,2019_20,2019-08-31,1,0.5913705583756345,0.5913705583756345,0.5772780358260294,0.5769230769230768
2019_20_20190831_CHE_SHU,2019_20,2019-08-31,1,0.5518134715025906,0.5518134715025906,0.551153800694189,0.5520833333333334
2019_20_20190831_CRY_AVL,2019_20,2019-08-31,0,0.4856396866840731,0.4856396866840731,0.5068866482001434,0.5130434782608696
2019_20_20190831_LEI_BOU,2019_20,2019-08-31,1,0.578005115089514,0.578005115089514,0.5684919984623317,0.5520833333333334
2019_20_20190831_MCI_BRI,2019_20,2019-08-31,1,0.7308488612836438,0.7308488612836438,0.6651517195287671,0.7142857142857143
2019_20_20190831_NEW_WAT,2019_20,2019-08-31,0,0.4597402597402597,0.4597402597402597,0.4894930079551209,0.5130434782608696
2019_20_20190831_SOU_MUN,2019_20,2019-08-31,0,0.5052083333333333,0.5052083333333333,0.5200198624747906,0.5520833333333334
2019_20_20190831_WHU_NOR,2019_20,2019-08-31,0,0.6407766990291263,0.6407766990291263,0.6092940986177687,0.7105263157894737
2019_20_20190901_ARS_TOT,2019_20,2019-09-01,1,0.6045340050377834,0.6045340050377834,0.5858837882617214,0.5769230769230768
2019_20_20190901_EVE_WOL,2019_20,2019-09-01,1,0.4245524296675191,0.4245524296675191,0.4659101541446606,0.4166666666666667
2019_20_20190914_BRI_BUR,2019_20,2019-09-14,0,0.4571428571428572,0.4571428571428572,0.487749340460946,0.5130434782608696
2019_20_20190914_LIV_NEW,2019_20,2019-09-14,1,0.6705336426914155,0.6705336426914155,0.6281508826245397,0.7105263157894737
2019_20_20190914_MUN_LEI,2019_20,2019-09-14,0,0.5169712793733681,0.5169712793733681,0.5279022596708093,0.5520833333333334
2019_20_20190914_NOR_MCI,2019_20,2019-09-14,1,0.771375464684015,0.771375464684015,0.6889506600325509,0.7142857142857143
2019_20_20190914_SHU_SOU,2019_20,2019-09-14,0,0.4381443298969071,0.4381443298969071,0.4750071739927095,0.5121951219512195
2019_20_20190914_TOT_CRY,2019_20,2019-09-14,1,0.5816326530612244,0.5816326530612244,0.5708811393311966,0.5520833333333334
2019_20_20190914_WOL_CHE,2019_20,2019-09-14,1,0.4856396866840731,0.4856396866840731,0.5068866482001434,0.5130434782608696
2019_20_20190915_BOU_EVE,2019_20,2019-09-15,1,0.5454545454545455,0.5454545454545455,0.5469238716444937,0.5520833333333334
2019_20_20190915_WAT_ARS,2019_20,2019-09-15,1,0.6055276381909548,0.6055276381909548,0.5865313330130205,0.5769230769230768
2019_20_20190916_AVL_WHU,2019_20,2019-09-16,0,0.5877862595419847,0.5877862595419847,0.5749263796534201,0.5520833333333334
2019_20_20190920_SOU_BOU,2019_20,2019-09-20,1,0.5666666666666667,0.5666666666666667,0.5610042702099948,0.5520833333333334
2019_20_20190921_BUR_NOR,2019_20,2019-09-21,0,0.570694087403599,0.570694087403599,0.5636672782217358,0.5520833333333334
2019_20_20190921_EVE_SHU,2019_20,2019-09-21,0,0.4713541666666666,0.4713541666666666,0.49729209028853427,0.5130434782608696
2019_20_20190921_LEI_TOT,2019_20,2019-09-21,1,0.5326370757180157,0.5326370757180157,0.5383777410422704,0.5520833333333334
2019_20_20190921_MCI_WAT,2019_20,2019-09-21,1,0.7577519379844961,0.7577519379844961,0.6810533003869992,0.7142857142857143
2019_20_20190921_NEW_BRI,2019_20,2019-09-21,0,0.4065656565656566,0.4065656565656566,0.4539074152968542,0.3402061855670103
2019_20_20190922_ARS_AVL,2019_20,2019-09-22,1,0.6563981042654028,0.6563981042654028,0.6192379783926741,0.7105263157894737
2019_20_20190922_CHE_LIV,2019_20,2019-09-22,1,0.5984848484848484,0.5984848484848484,0.5819352587846897,0.5769230769230768
2019_20_20190922_CRY_WOL,2019_20,2019-09-22,0,0.4015151515151514,0.4015151515151514,0.4505461716741945,0.3402061855670103
2019_20_20190922_WHU_MUN,2019_20,2019-09-22,0,0.5655526992287918,0.5655526992287918,0.5602670660942888,0.5520833333333334
2019_20_20190928_AVL_BUR,2019_20,2019-09-28,1,0.5013054830287206,0.5013054830287206,0.5174021490149342,0.5130434782608696
2019_20_20190928_BOU_WHU,2019_20,2019-09-28,1,0.6055276381909548,0.6055276381909548,0.5865313330130205,0.5769230769230768
2019_20_20190928_CHE_BRI,2019_20,2019-09-28,0,0.5790816326530612,0.5790816326530612,0.5692013439687089,0.5520833333333334
2019_20_20190928_CRY_NOR,2019_20,2019-09-28,0,0.5544041450777203,0.5544041450777203,0.5528750212326091,0.5520833333333334
2019_20_20190928_EVE_MCI,2019_20,2019-09-28,1,0.6466346153846154,0.6466346153846154,0.6130341244040749,0.7105263157894737
2019_20_20190928_SHU_LIV,2019_20,2019-09-28,0,0.5888324873096447,0.5888324873096447,0.5756131645069567,0.5694149864517881
2019_20_20190928_TOT_SOU,2019_20,2019-09-28,1,0.5934343434343434,0.5934343434343434,0.5786305037395534,0.5769230769230768
2019_20_20190928_WOL_WAT,2019_20,2019-09-28,0,0.4804177545691906,0.4804177545691906,0.503379666572683,0.5130434782608696
2019_20_20190929_LEI_NEW,2019_20,2019-09-29,1,0.4597402597402597,0.4597402597402597,0.4894930079551209,0.5130434782608696
2019_20_20190930_MUN_ARS,2019_20,2019-09-30,0,0.5831202046035805,0.5831202046035805,0.5718599113650499,0.5520833333333334
2019_20_20191005_BRI_TOT,2019_20,2019-10-05,1,0.5428571428571429,0.5428571428571429,0.5451941046042041,0.5520833333333334
2019_20_20191005_BUR_EVE,2019_20,2019-10-05,0,0.4507772020725388,0.4507772020725388,0.4834773470646244,0.5121951219512195
2019_20_20191005_LIV_LEI,2019_20,2019-10-05,1,0.5924050632911392,0.5924050632911392,0.5779561279118124,0.5769230769230768
2019_20_20191005_NOR_AVL,2019_20,2019-10-05,1,0.6074999999999999,0.6074999999999999,0.5878158212027951,0.5769230769230768
2019_20_20191005_WAT_SHU,2019_20,2019-10-05,0,0.4791666666666667,0.4791666666666667,0.50253938985019,0.5130434782608696
2019_20_20191005_WHU_CRY,2019_20,2019-10-05,1,0.5221932114882506,0.5221932114882506,0.5313972774434862,0.5520833333333334
2019_20_20191006_ARS_BOU,2019_20,2019-10-06,0,0.7032967032967032,0.7032967032967032,0.648468667668538,0.7142857142857143
2019_20_20191006_MCI_WOL,2019_20,2019-10-06,0,0.6905829596412556,0.6905829596412556,0.640643351331009,0.7142857142857143
2019_20_20191006_NEW_MUN,2019_20,2019-10-06,0,0.441860465116279,0.441860465116279,0.4774975196830368,0.5121951219512195
2019_20_20191006_SOU_CHE,2019_20,2019-10-06,1,0.5618556701030928,0.5618556701030928,0.5578185483548452,0.5520833333333334
2019_20_20191019_AVL_BRI,2019_20,2019-10-19,1,0.5248041775456919,0.5248041775456919,0.5331436534488259,0.5520833333333334
2019_20_20191019_BOU_NOR,2019_20,2019-10-19,0,0.6758620689655173,0.6758620689655173,0.6314884965463172,0.7105263157894737
2019_20_20191019_CHE_NEW,2019_20,2019-10-19,0,0.5994962216624685,0.5994962216624685,0.5825961690796071,0.5769230769230768
2019_20_20191019_CRY_MCI,2019_20,2019-10-19,0,0.6611764705882353,0.6611764705882353,0.6222602272622281,0.7105263157894737
2019_20_20191019_EVE_WHU,2019_20,2019-10-19,0,0.5544041450777203,0.5544041450777203,0.5528750212326091,0.5520833333333334
2019_20_20191019_LEI_BUR,2019_20,2019-10-19,1,0.4934725848563968,0.4934725848563968,0.5121457424250735,0.5130434782608696
2019_20_20191019_TOT_WAT,2019_20,2019-10-19,0,0.6222222222222222,0.6222222222222222,0.5973647243361399,0.5769230769230768
2019_20_20191019_WOL_SOU,2019_20,2019-10-19,0,0.4571428571428572,0.4571428571428572,0.487749340460946,0.5130434782608696
2019_20_20191020_MUN_LIV,2019_20,2019-10-20,0,0.5416666666666667,0.5416666666666667,0.5444009274829161,0.5520833333333334
2019_20_20191021_SHU_ARS,2019_20,2019-10-21,0,0.5644329896907216,0.5644329896907216,0.5595257939171142,0.5520833333333334
2019_20_20191025_SOU_LEI,2019_20,2019-10-25,1,0.4765625,0.4765625,0.500790295068928,0.5130434782608696
2019_20_20191026_BRI_EVE,2019_20,2019-10-26,1,0.4635416666666666,0.4635416666666666,0.4920453871565698,0.5130434782608696
2019_20_20191026_BUR_CHE,2019_20,2019-10-26,1,0.5754475703324808,0.5754475703324808,0.5668056434907784,0.5520833333333334
2019_20_20191026_MCI_AVL,2019_20,2019-10-26,1,0.7862190812720848,0.7862190812720848,0.6974317091173005,0.999999
2019_20_20191026_WAT_BOU,2019_20,2019-10-26,0,0.5633074935400517,0.5633074935400517,0.5587804232946016,0.5520833333333334
2019_20_20191026_WHU_SHU,2019_20,2019-10-26,0,0.5091383812010444,0.5091383812010444,0.5226547072146724,0.5520833333333334
2019_20_20191027_ARS_CRY,2019_20,2019-10-27,1,0.6246913580246914,0.6246913580246914,0.5989592230850945,0.5769230769230768
2019_20_20191027_LIV_TOT,2019_20,2019-10-27,1,0.6212871287128713,0.6212871287128713,0.5967603273777818,0.5769230769230768
2019_20_20191027_NEW_WOL,2019_20,2019-10-27,0,0.3821339950372208,0.3821339950372208,0.43769196576011116,0.3
2019_20_20191027_NOR_MUN,2019_20,2019-10-27,1,0.570694087403599,0.570694087403599,0.5636672782217358,0.5520833333333334
2019_20_20191102_ARS_WOL,2019_20,2019-11-02,0,0.5492227979274612,0.5492227979274612,0.5494313540728682,0.5520833333333334
2019_20_20191102_AVL_LIV,2019_20,2019-11-02,1,0.6483253588516746,0.6483253588516746,0.614111137978826,0.7105263157894737
2019_20_20191102_BOU_MUN,2019_20,2019-11-02,0,0.5195822454308094,0.5195822454308094,0.5296501320160304,0.5520833333333334
2019_20_20191102_BRI_NOR,2019_20,2019-11-02,0,0.5754475703324808,0.5754475703324808,0.5668056434907784,0.5520833333333334
2019_20_20191102_MCI_SOU,2019_20,2019-11-02,1,0.7777777777777778,0.7777777777777778,0.6926247031737548,0.999999
2019_20_20191102_SHU_BUR,2019_20,2019-11-02,1,0.4101265822784811,0.4101265822784811,0.45627985140388116,0.3402061855670103
2019_20_20191102_WAT_CHE,2019_20,2019-11-02,1,0.5841836734693877,0.5841836734693877,0.5725593034149032,0.5520833333333334
2019_20_20191102_WHU_NEW,2019_20,2019-11-02,1,0.5221932114882506,0.5221932114882506,0.5313972774434862,0.5520833333333334
2019_20_20191103_CRY_LEI,2019_20,2019-11-03,0,0.4647519582245431,0.4647519582245431,0.4928581067789584,0.5130434782608696
2019_20_20191103_EVE_TOT,2019_20,2019-11-03,0,0.548051948051948,0.548051948051948,0.5486525062411567,0.5520833333333334
2019_20_20191108_NOR_WAT,2019_20,2019-11-08,0,0.5666666666666667,0.5666666666666667,0.5610042702099948,0.5520833333333334
2019_20_20191109_BUR_WHU,2019_20,2019-11-09,1,0.5592783505154639,0.5592783505154639,0.556109935241881,0.5520833333333334
2019_20_20191109_CHE_CRY,2019_20,2019-11-09,0,0.6030150753768844,0.6030150753768844,0.5848933376429627,0.5769230769230768
2019_20_20191109_LEI_ARS,2019_20,2019-11-09,0,0.606516290726817,0.606516290726817,0.5871753350799701,0.5769230769230768
2019_20_20191109_NEW_BOU,2019_20,2019-11-09,1,0.4609375,0.4609375,0.49029681835462197,0.5130434782608696
2019_20_20191109_SOU_EVE,2019_20,2019-11-09,1,0.4934725848563968,0.4934725848563968,0.5121457424250735,0.5130434782608696
2019_20_20191109_TOT_SHU,2019_20,2019-11-09,0,0.5326370757180157,0.5326370757180157,0.5383777410422704,0.5520833333333334
2019_20_20191110_LIV_MCI,2019_20,2019-11-10,1,0.5852417302798981,0.5852417302798981,0.5732548485050049,0.5520833333333334
2019_20_20191110_MUN_BRI,2019_20,2019-11-10,1,0.4739583333333334,0.4739583333333334,0.49904118094520067,0.5130434782608696
2019_20_20191110_WOL_AVL,2019_20,2019-11-10,1,0.5117493472584856,0.5117493472584856,0.5244045045961435,0.5520833333333334
2019_20_20191123_ARS_SOU,2019_20,2019-11-23,1,0.6449275362318841,0.6449275362318841,0.6119455822944426,0.7105263157894737
2019_20_20191123_BOU_WOL,2019_20,2019-11-23,1,0.4725848563968668,0.4725848563968668,0.498118678404513,0.5130434782608696
2019_20_20191123_BRI_LEI,2019_20,2019-11-23,0,0.5052356020942408,0.5052356020942408,0.5200381484355038,0.5520833333333334
2019_20_20191123_CRY_LIV,2019_20,2019-11-23,1,0.570694087403599,0.570694087403599,0.5636672782217358,0.5520833333333334
2019_20_20191123_EVE_NOR,2019_20,2019-11-23,0,0.6125,0.6125,0.591066648328609,0.5769230769230768
2019_20_20191123_MCI_CHE,2019_20,2019-11-23,1,0.6759259259259259,0.6759259259259259,0.6315284196921325,0.7105263157894737
2019_20_20191123_WAT_BUR,2019_20,2019-11-23,1,0.4725848563968668,0.4725848563968668,0.498118678404513,0.5130434782608696
2019_20_20191123_WHU_TOT,2019_20,2019-11-23,1,0.6144278606965174,0.6144278606965174,0.5923179691888404,0.5769230769230768
2019_20_20191124_SHU_MUN,2019_20,2019-11-24,1,0.4366925064599483,0.4366925064599483,0.4740345739767354,0.5121951219512195
2019_20_20191125_AVL_NEW,2019_20,2019-11-25,0,0.4973821989528796,0.4973821989528796,0.5147697675036554,0.5130434782608696
2019_20_20191130_BUR_CRY,2019_20,2019-11-30,0,0.4293059125964009,0.4293059125964009,0.4690893805928962,0.4166666666666667
2019_20_20191130_CHE_WHU,2019_20,2019-11-30,0,0.6774193548387096,0.6774193548387096,0.6324615913833049,0.7105263157894737
2019_20_20191130_LIV_BRI,2019_20,2019-11-30,1,0.6474820143884892,0.6474820143884892,0.613574061480863,0.7105263157894737
2019_20_20191130_NEW_MCI,2019_20,2019-11-30,1,0.6595744680851063,0.6595744680851063,0.6212480287727874,0.7105263157894737
2019_20_20191130_SOU_WAT,2019_20,2019-11-30,1,0.5,0.5,0.5165263171883469,0.5130434782608696
2019_20_20191130_TOT_BOU,2019_20,2019-11-30,1,0.6299019607843138,0.6299019607843138,0.6023171811162995,0.7105263157894737
2019_20_20191201_LEI_EVE,2019_20,2019-12-01,1,0.5274151436031332,0.5274151436031332,0.5348892176029698,0.5520833333333334
2019_20_20191201_MUN_AVL,2019_20,2019-12-01,1,0.5633074935400517,0.5633074935400517,0.5587804232946016,0.5520833333333334
2019_20_20191201_NOR_ARS,2019_20,2019-12-01,1,0.6720930232558139,0.6720930232558139,0.6291289278204076,0.7105263157894737
2019_20_20191201_WOL_SHU,2019_20,2019-12-01,0,0.4147582697201017,0.4147582697201017,0.4593686280931531,0.3402061855670103
2019_20_20191203_BUR_MCI,2019_20,2019-12-03,1,0.6442307692307693,0.6442307692307693,0.6115009574561157,0.7105263157894737
2019_20_20191203_CRY_BOU,2019_20,2019-12-03,0,0.4699738903394256,0.4699738903394256,0.4963650507260766,0.5130434782608696
2019_20_20191204_CHE_AVL,2019_20,2019-12-04,1,0.6682242990654206,0.6682242990654206,0.6267005314999692,0.7105263157894737
2019_20_20191204_LEI_WAT,2019_20,2019-12-04,0,0.5852417302798981,0.5852417302798981,0.5732548485050049,0.5520833333333334
2019_20_20191204_LIV_EVE,2019_20,2019-12-04,1,0.601010101010101,0.601010101010101,0.5835849012534255,0.5769230769230768
2019_20_20191204_MUN_TOT,2019_20,2019-12-04,1,0.5300261096605744,0.5300261096605744,0.5366339275562059,0.5520833333333334
2019_20_20191204_SOU_NOR,2019_20,2019-12-04,1,0.5984848484848484,0.5984848484848484,0.5819352587846897,0.5769230769230768
2019_20_20191204_WOL_WHU,2019_20,2019-12-04,0,0.5052356020942408,0.5052356020942408,0.5200381484355038,0.5520833333333334
2019_20_20191205_ARS_BRI,2019_20,2019-12-05,1,0.6188118811881189,0.6188118811881189,0.5951590388518517,0.5769230769230768
2019_20_20191205_SHU_NEW,2019_20,2019-12-05,0,0.4086294416243655,0.4086294416243655,0.4552821463134811,0.3402061855670103
2019_20_20191207_BOU_LIV,2019_20,2019-12-07,1,0.6332518337408313,0.6332518337408313,0.6044709424295807,0.7105263157894737
2019_20_20191207_EVE_CHE,2019_20,2019-12-07,1,0.5633074935400517,0.5633074935400517,0.5587804232946016,0.5520833333333334
2019_20_20191207_MCI_MUN,2019_20,2019-12-07,1,0.6383495145631067,0.6383495145631067,0.6077406473348362,0.7105263157894737
2019_20_20191207_TOT_BUR,2019_20,2019-12-07,1,0.5964467005076142,0.5964467005076142,0.5806024815960076,0.5769230769230768
2019_20_20191207_WAT_CRY,2019_20,2019-12-07,0,0.4647519582245431,0.4647519582245431,0.4928581067789584,0.5130434782608696
2019_20_20191208_AVL_LEI,2019_20,2019-12-08,1,0.5877862595419847,0.5877862595419847,0.5749263796534201,0.5520833333333334
2019_20_20191208_BRI_WOL,2019_20,2019-12-08,1,0.4158163265306122,0.4158163265306122,0.46007467125575313,0.3402061855670103
2019_20_20191208_NEW_SOU,2019_20,2019-12-08,1,0.4493506493506493,0.4493506493506493,0.48252029599031554,0.5121951219512195
2019_20_20191208_NOR_SHU,2019_20,2019-12-08,1,0.5195822454308094,0.5195822454308094,0.5296501320160304,0.5520833333333334
2019_20_20191209_WHU_ARS,2019_20,2019-12-09,1,0.6587677725118484,0.6587677725118484,0.6207379310482632,0.7105263157894737
2019_20_20191214_BUR_NEW,2019_20,2019-12-14,0,0.451948051948052,0.451948051948052,0.4842629421352513,0.5121951219512195
2019_20_20191214_CHE_BOU,2019_20,2019-12-14,0,0.6774193548387096,0.6774193548387096,0.6324615913833049,0.7105263157894737
2019_20_20191214_LEI_NOR,2019_20,2019-12-14,0,0.664319248826291,0.664319248826291,0.6242428388555239,0.7105263157894737
2019_20_20191214_LIV_WAT,2019_20,2019-12-14,0,0.6840909090909091,0.6840909090909091,0.636618133876424,0.7142857142857143
2019_20_20191214_SHU_AVL,2019_20,2019-12-14,0,0.5274151436031332,0.5274151436031332,0.5348892176029698,0.5520833333333334
2019_20_20191214_SOU_WHU,2019_20,2019-12-14,0,0.5913705583756345,0.5913705583756345,0.5772780358260294,0.5769230769230768
2019_20_20191215_ARS_MCI,2019_20,2019-12-15,1,0.7155172413793104,0.7155172413793104,0.6559160305073317,0.7142857142857143
2019_20_20191215_MUN_EVE,2019_20,2019-12-15,0,0.5300261096605744,0.5300261096605744,0.5366339275562059,0.5520833333333334
2019_20_20191215_WOL_TOT,2019_20,2019-12-15,1,0.5026178010471204,0.5026178010471204,0.5182824585905931,0.5130434782608696
2019_20_20191216_CRY_BRI,2019_20,2019-12-16,0,0.4366925064599483,0.4366925064599483,0.4740345739767354,0.5121951219512195
2019_20_20191221_AVL_SOU,2019_20,2019-12-21,1,0.5877862595419847,0.5877862595419847,0.5749263796534201,0.5520833333333334
2019_20_20191221_BOU_BUR,2019_20,2019-12-21,0,0.4973821989528796,0.4973821989528796,0.5147697675036554,0.5130434782608696
2019_20_20191221_BRI_SHU,2019_20,2019-12-21,0,0.4505208333333333,0.4505208333333333,0.4833053442994111,0.5121951219512195
2019_20_20191221_EVE_ARS,2019_20,2019-12-21,0,0.6045340050377834,0.6045340050377834,0.5858837882617214,0.5769230769230768
2019_20_20191221_MCI_LEI,2019_20,2019-12-21,1,0.6682242990654206,0.6682242990654206,0.6267005314999692,0.7105263157894737
2019_20_20191221_NEW_CRY,2019_20,2019-12-21,0,0.39,0.39,0.4428998695593251,0.3402061855670103
2019_20_20191221_NOR_WOL,2019_20,2019-12-21,1,0.5326370757180157,0.5326370757180157,0.5383777410422704,0.5520833333333334
2019_20_20191222_TOT_CHE,2019_20,2019-12-22,0,0.5984848484848484,0.5984848484848484,0.5819352587846897,0.5769230769230768
2019_20_20191222_WAT_MUN,2019_20,2019-12-22,0,0.5157068062827225,0.5157068062827225,0.527055528393475,0.5520833333333334
2019_20_20191226_AVL_NOR,2019_20,2019-12-26,0,0.6228287841191067,0.6228287841191067,0.5977566171849202,0.5769230769230768
2019_20_20191226_BOU_ARS,2019_20,2019-12-26,0,0.6105527638190955,0.6105527638190955,0.5898015525739695,0.5769230769230768
2019_20_20191226_CHE_SOU,2019_20,2019-12-26,0,0.637469586374696,0.637469586374696,0.6071769330139499,0.7105263157894737
2019_20_20191226_CRY_WHU,2019_20,2019-12-26,1,0.5026178010471204,0.5026178010471204,0.5182824585905931,0.5130434782608696
2019_20_20191226_EVE_BUR,2019_20,2019-12-26,0,0.4947643979057591,0.4947643979057591,0.5130128528517325,0.5130434782608696
2019_20_20191226_LEI_LIV,2019_20,2019-12-26,1,0.5805626598465473,0.5805626598465473,0.5701767669128203,0.5520833333333334
2019_20_20191226_MUN_NEW,2019_20,2019-12-26,1,0.5532467532467532,0.5532467532467532,0.5521062144747041,0.5520833333333334
2019_20_20191226_SHU_WAT,2019_20,2019-12-26,0,0.451948051948052,0.451948051948052,0.4842629421352513,0.5121951219512195
2019_20_20191226_TOT_BRI,2019_20,2019-12-26,1,0.5949367088607596,0.5949367088607596,0.5796143141480669,0.5769230769230768
2019_20_20191227_WOL_MCI,2019_20,2019-12-27,1,0.6070528967254408,0.6070528967254408,0.5875247521592329,0.5769230769230768
2019_20_20191228_BRI_BOU,2019_20,2019-12-28,0,0.4986945169712793,0.4986945169712793,0.5156503838228301,0.5130434782608696
2019_20_20191228_BUR_MUN,2019_20,2019-12-28,0,0.4895287958115184,0.4895287958115184,0.5094981020830623,0.5130434782608696
2019_20_20191228_NEW_EVE,2019_20,2019-12-28,1,0.4621409921671018,0.4621409921671018,0.4911048767605875,0.5130434782608696
2019_20_20191228_NOR_TOT,2019_20,2019-12-28,1,0.5949367088607596,0.5949367088607596,0.5796143141480669,0.5769230769230768
2019_20_20191228_SOU_CRY,2019_20,2019-12-28,0,0.4659685863874345,0.4659685863874345,0.4936751195152896,0.5130434782608696
2019_20_20191228_WAT_AVL,2019_20,2019-12-28,1,0.5618556701030928,0.5618556701030928,0.5578185483548452,0.5520833333333334
2019_20_20191228_WHU_LEI,2019_20,2019-12-28,1,0.5903307888040712,0.5903307888040712,0.5765961993195835,0.5769230769230768
2019_20_20191229_ARS_CHE,2019_20,2019-12-29,1,0.6184538653366584,0.6184538653366584,0.5949272624195368,0.5769230769230768
2019_20_20191229_LIV_WOL,2019_20,2019-12-29,0,0.6105527638190955,0.6105527638190955,0.5898015525739695,0.5769230769230768
2019_20_20191229_MCI_SHU,2019_20,2019-12-29,0,0.6849315068493151,0.6849315068493151,0.6371404171790522,0.7142857142857143
2019_20_20200101_ARS_MUN,2019_20,2020-01-01,0,0.5794871794871795,0.5794871794871795,0.5694684958904078,0.5520833333333334
2019_20_20200101_BRI_CHE,2019_20,2020-01-01,0,0.5584415584415584,0.5584415584415584,0.5555549031963439,0.5520833333333334
2019_20_20200101_BUR_AVL,2019_20,2020-01-01,1,0.5091863517060368,0.5091863517060368,0.5226868608698295,0.5520833333333334
2019_20_20200101_MCI_EVE,2019_20,2020-01-01,1,0.6928251121076232,0.6928251121076232,0.6420289832178191,0.7142857142857143
2019_20_20200101_NEW_LEI,2019_20,2020-01-01,1,0.4908136482939633,0.4908136482939633,0.510360746226236,0.5130434782608696
2019_20_20200101_NOR_CRY,2019_20,2020-01-01,0,0.5078534031413613,0.5078534031413613,0.5217933434927704,0.5520833333333334
2019_20_20200101_SOU_TOT,2019_20,2020-01-01,0,0.5732647814910026,0.5732647814910026,0.5653651628315214,0.5520833333333334
2019_20_20200101_WAT_WOL,2019_20,2020-01-01,1,0.4764397905759163,0.4764397905759163,0.5007078761775907,0.5130434782608696
2019_20_20200101_WHU_BOU,2019_20,2020-01-01,1,0.570694087403599,0.570694087403599,0.5636672782217358,0.5520833333333334
2019_20_20200102_LIV_SHU,2019_20,2020-01-02,0,0.6159600997506234,0.6159600997506234,0.593311650666147,0.5769230769230768
2019_20_20200110_SHU_WHU,2019_20,2020-01-10,0,0.4699738903394256,0.4699738903394256,0.4963650507260766,0.5130434782608696
2019_20_20200111_CHE_BUR,2019_20,2020-01-11,1,0.5743589743589743,0.5743589743589743,0.5660873894961161,0.5520833333333334
2019_20_20200111_CRY_ARS,2019_20,2020-01-11,0,0.5300261096605744,0.5300261096605744,0.5366339275562059,0.5520833333333334
2019_20_20200111_EVE_BRI,2019_20,2020-01-11,0,0.5221932114882506,0.5221932114882506,0.5313972774434862,0.5520833333333334
2019_20_20200111_LEI_SOU,2019_20,2020-01-11,1,0.5816326530612244,0.5816326530612244,0.5708811393311966,0.5520833333333334
2019_20_20200111_MUN_NOR,2019_20,2020-01-11,1,0.602015113350126,0.602015113350126,0.584240915784269,0.5769230769230768
2019_20_20200111_TOT_LIV,2019_20,2020-01-11,0,0.586734693877551,0.586734693877551,0.5742357992389292,0.5520833333333334
2019_20_20200111_WOL_NEW,2019_20,2020-01-11,0,0.4751958224543081,0.4751958224543081,0.49987235236849864,0.5130434782608696
2019_20_20200112_AVL_MCI,2019_20,2020-01-12,1,0.7465069860279441,0.7465069860279441,0.6744552525196795,0.7142857142857143
2019_20_20200112_BOU_WAT,2019_20,2020-01-12,1,0.5052356020942408,0.5052356020942408,0.5200381484355038,0.5520833333333334
2019_20_20200118_ARS_SHU,2019_20,2020-01-18,0,0.4790575916230366,0.4790575916230366,0.5024661302845557,0.5130434782608696
2019_20_20200118_BRI_AVL,2019_20,2020-01-18,0,0.578005115089514,0.578005115089514,0.5684919984623317,0.5520833333333334
2019_20_20200118_MCI_CRY,2019_20,2020-01-18,1,0.7323651452282157,0.7323651452282157,0.6660584254634182,0.7142857142857143
2019_20_20200118_NEW_CHE,2019_20,2020-01-18,0,0.5670103092783505,0.5670103092783505,0.5612316326916492,0.5520833333333334
2019_20_20200118_NOR_BOU,2019_20,2020-01-18,0,0.5326370757180157,0.5326370757180157,0.5383777410422704,0.5520833333333334
2019_20_20200118_SOU_WOL,2019_20,2020-01-18,1,0.4712041884816754,0.4712041884816754,0.49719135892760685,0.5130434782608696
2019_20_20200118_WAT_TOT,2019_20,2020-01-18,0,0.5274151436031332,0.5274151436031332,0.5348892176029698,0.5520833333333334
2019_20_20200118_WHU_EVE,2019_20,2020-01-18,0,0.5170603674540682,0.5170603674540682,0.5279619098785481,0.5520833333333334
2019_20_20200119_BUR_LEI,2019_20,2020-01-19,1,0.5144356955380577,0.5144356955380577,0.5262041954483846,0.5520833333333334
2019_20_20200119_LIV_MUN,2019_20,2020-01-19,0,0.5732647814910026,0.5732647814910026,0.5653651628315214,0.5520833333333334
2019_20_20200121_AVL_WAT,2019_20,2020-01-21,1,0.5052356020942408,0.5052356020942408,0.5200381484355038,0.5520833333333334
2019_20_20200121_BOU_BRI,2019_20,2020-01-21,1,0.4830287206266319,0.4830287206266319,0.5051332205261373,0.5130434782608696
2019_20_20200121_CHE_ARS,2019_20,2020-01-21,1,0.5670103092783505,0.5670103092783505,0.5612316326916492,0.5520833333333334
2019_20_20200121_CRY_SOU,2019_20,2020-01-21,0,0.4318766066838046,0.4318766066838046,0.47080977581818545,0.5121951219512195
2019_20_20200121_EVE_NEW,2019_20,2020-01-21,1,0.4895287958115184,0.4895287958115184,0.5094981020830623,0.5130434782608696
2019_20_20200121_SHU_MCI,2019_20,2020-01-21,0,0.595959595959596,0.595959595959596,0.5802837812777761,0.5769230769230768
2019_20_20200122_LEI_WHU,2019_20,2020-01-22,1,0.5888324873096447,0.5888324873096447,0.5756131645069567,0.5694149864517881
2019_20_20200122_MUN_BUR,2019_20,2020-01-22,0,0.5274151436031332,0.5274151436031332,0.5348892176029698,0.5520833333333334
2019_20_20200122_TOT_NOR,2019_20,2020-01-22,1,0.6178660049627792,0.6178660049627792,0.594546594817527,0.5769230769230768
2019_20_20200123_WOL_LIV,2019_20,2020-01-23,1,0.5287958115183247,0.5287958115183247,0.535811922024938,0.5520833333333334
2019_20_20200129_WHU_LIV,2019_20,2020-01-29,0,0.61,0.61,0.5894422112260234,0.5769230769230768
2019_20_20200201_BOU_AVL,2019_20,2020-02-01,1,0.5340314136125655,0.5340314136125655,0.5393086104239495,0.5520833333333334
2019_20_20200201_CRY_SHU,2019_20,2020-02-01,0,0.3600973236009733,0.3600973236009733,0.42317843157137186,0.2
2019_20_20200201_LEI_CHE,2019_20,2020-02-01,1,0.5633074935400517,0.5633074935400517,0.5587804232946016,0.5520833333333334
2019_20_20200201_LIV_SOU,2019_20,2020-02-01,1,0.6194029850746269,0.6194029850746269,0.5955416216121762,0.5769230769230768
2019_20_20200201_MUN_WOL,2019_20,2020-02-01,0,0.4366925064599483,0.4366925064599483,0.4740345739767354,0.5121951219512195
2019_20_20200201_NEW_NOR,2019_20,2020-02-01,0,0.4790575916230366,0.4790575916230366,0.5024661302845557,0.5130434782608696
2019_20_20200201_WAT_EVE,2019_20,2020-02-01,1,0.4738219895287958,0.4738219895287958,0.49894960456346327,0.5130434782608696
2019_20_20200201_WHU_BRI,2019_20,2020-02-01,1,0.4973821989528796,0.4973821989528796,0.5147697675036554,0.5130434782608696
2019_20_20200202_BUR_ARS,2019_20,2020-02-02,0,0.5013123359580053,0.5013123359580053,0.5174067462799569,0.5130434782608696
2019_20_20200202_TOT_MCI,2019_20,2020-02-02,0,0.6365853658536585,0.6365853658536585,0.6066101810442694,0.7105263157894737
2019_20_20200208_BRI_WAT,2019_20,2020-02-08,0,0.4842931937172774,0.4842931937172774,0.505982412048226,0.5130434782608696
2019_20_20200208_EVE_CRY,2019_20,2020-02-08,1,0.4557291666666667,0.4557291666666667,0.4868004356730043,0.5130434782608696
2019_20_20200209_SHU_BOU,2019_20,2020-02-09,1,0.4168797953964194,0.4168797953964194,0.4607844873987257,0.3402061855670103
2019_20_20200214_WOL_LEI,2019_20,2020-02-14,0,0.4699738903394256,0.4699738903394256,0.4963650507260766,0.5130434782608696
2019_20_20200215_NOR_LIV,2019_20,2020-02-15,0,0.628992628992629,0.628992628992629,0.6017318486291611,0.7105263157894737
2019_20_20200215_SOU_BUR,2019_20,2020-02-15,1,0.486910994764398,0.486910994764398,0.5077403527599289,0.5130434782608696
2019_20_20200216_ARS_NEW,2019_20,2020-02-16,1,0.5532467532467532,0.5532467532467532,0.5521062144747041,0.5520833333333334
2019_20_20200216_AVL_TOT,2019_20,2020-02-16,1,0.5633074935400517,0.5633074935400517,0.5587804232946016,0.5520833333333334
2019_20_20200217_CHE_MUN,2019_20,2020-02-17,0,0.5052356020942408,0.5052356020942408,0.5200381484355038,0.5520833333333334
2019_20_20200219_MCI_WHU,2019_20,2020-02-19,0,0.7666034155597723,0.7666034155597723,0.6861965612204084,0.7142857142857143
2019_20_20200222_BUR_BOU,2019_20,2020-02-22,1,0.4267352185089973,0.4267352185089973,0.46736971976599817,0.4166666666666667
2019_20_20200222_CHE_TOT,2019_20,2020-02-22,1,0.5274151436031332,0.5274151436031332,0.5348892176029698,0.5520833333333334
2019_20_20200222_CRY_NEW,2019_20,2020-02-22,0,0.3787128712871287,0.3787128712871287,0.4354311261019527,0.3
2019_20_20200222_LEI_MCI,2019_20,2020-02-22,0,0.6159600997506234,0.6159600997506234,0.593311650666147,0.5769230769230768
2019_20_20200222_SHU_BRI,2019_20,2020-02-22,0,0.4267352185089973,0.4267352185089973,0.46736971976599817,0.4166666666666667
2019_20_20200222_SOU_AVL,2019_20,2020-02-22,0,0.5984848484848484,0.5984848484848484,0.5819352587846897,0.5769230769230768
2019_20_20200223_ARS_EVE,2019_20,2020-02-23,1,0.5494791666666667,0.5494791666666667,0.5496018580399592,0.5520833333333334
2019_20_20200223_MUN_WAT,2019_20,2020-02-23,1,0.5,0.5,0.5165263171883469,0.5130434782608696
2019_20_20200223_WOL_NOR,2019_20,2020-02-23,1,0.5104712041884817,0.5104712041884817,0.5235480005809132,0.5520833333333334
2019_20_20200224_LIV_WHU,2019_20,2020-02-24,1,0.6870748299319728,0.6870748299319728,0.638470648546448,0.7142857142857143
2019_20_20200228_NOR_LEI,2019_20,2020-02-28,0,0.5532467532467532,0.5532467532467532,0.5521062144747041,0.5520833333333334
2019_20_20200229_BOU_CHE,2019_20,2020-02-29,1,0.5300261096605744,0.5300261096605744,0.5366339275562059,0.5520833333333334
2019_20_20200229_BRI_CRY,2019_20,2020-02-29,0,0.4122137404580152,0.4122137404580152,0.45767133229250784,0.3402061855670103
2019_20_20200229_NEW_BUR,2019_20,2020-02-29,0,0.4060913705583756,0.4060913705583756,0.4535915818491238,0.3402061855670103
2019_20_20200229_WAT_LIV,2019_20,2020-02-29,1,0.5794871794871795,0.5794871794871795,0.5694684958904078,0.5520833333333334
2019_20_20200229_WHU_SOU,2019_20,2020-02-29,1,0.5418848167539266,0.5418848167539266,0.5445462910536126,0.5520833333333334
2019_20_20200301_EVE_MUN,2019_20,2020-03-01,0,0.4803149606299213,0.4803149606299213,0.5033106270316645,0.5130434782608696
2019_20_20200301_TOT_WOL,2019_20,2020-03-01,1,0.4278350515463917,0.4278350515463917,0.46810535845652407,0.4166666666666667
2019_20_20200307_ARS_WHU,2019_20,2020-03-07,0,0.5949367088607596,0.5949367088607596,0.5796143141480669,0.5769230769230768
2019_20_20200307_BUR_TOT,2019_20,2020-03-07,0,0.4621409921671018,0.4621409921671018,0.4911048767605875,0.5130434782608696
2019_20_20200307_CRY_WAT,2019_20,2020-03-07,0,0.4168797953964194,0.4168797953964194,0.4607844873987257,0.3402061855670103
2019_20_20200307_LIV_BOU,2019_20,2020-03-07,1,0.6457831325301205,0.6457831325301205,0.6124913052439336,0.7105263157894737
2019_20_20200307_SHU_NOR,2019_20,2020-03-07,0,0.4621409921671018,0.4621409921671018,0.4911048767605875,0.5130434782608696
2019_20_20200307_SOU_NEW,2019_20,2020-03-07,0,0.5261780104712042,0.5261780104712042,0.5340622348133973,0.5520833333333334
2019_20_20200307_WOL_BRI,2019_20,2020-03-07,0,0.4776902887139108,0.4776902887139108,0.5015477819456879,0.5130434782608696
2019_20_20200308_CHE_EVE,2019_20,2020-03-08,1,0.5558441558441558,0.5558441558441558,0.5538312065825699,0.5520833333333334
2019_20_20200308_MUN_MCI,2019_20,2020-03-08,0,0.5721649484536083,0.5721649484536083,0.5646389335930098,0.5520833333333334
2019_20_20200309_LEI_AVL,2019_20,2020-03-09,1,0.62,0.62,0.5959279123721214,0.5769230769230768
2019_20_20200617_AVL_SHU,2019_20,2020-06-17,0,0.4583333333333333,0.4583333333333333,0.4885484869491249,0.5130434782608696
2019_20_20200617_MCI_ARS,2019_20,2020-06-17,1,0.6877828054298643,0.6877828054298643,0.6389095813540975,0.7142857142857143
2019_20_20200619_NOR_SOU,2019_20,2020-06-19,1,0.4986945169712793,0.4986945169712793,0.5156503838228301,0.5130434782608696
2019_20_20200619_TOT_MUN,2019_20,2020-06-19,0,0.4934725848563968,0.4934725848563968,0.5121457424250735,0.5130434782608696
2019_20_20200620_BOU_CRY,2019_20,2020-06-20,0,0.4493506493506493,0.4493506493506493,0.48252029599031554,0.5121951219512195
2019_20_20200620_BRI_ARS,2019_20,2020-06-20,1,0.4947643979057591,0.4947643979057591,0.5130128528517325,0.5130434782608696
2019_20_20200620_WAT_LEI,2019_20,2020-06-20,0,0.5013054830287206,0.5013054830287206,0.5174021490149342,0.5130434782608696
2019_20_20200620_WHU_WOL,2019_20,2020-06-20,0,0.4635416666666666,0.4635416666666666,0.4920453871565698,0.5130434782608696
2019_20_20200621_AVL_CHE,2019_20,2020-06-21,1,0.5994962216624685,0.5994962216624685,0.5825961690796071,0.5769230769230768
2019_20_20200621_EVE_LIV,2019_20,2020-06-21,0,0.5732647814910026,0.5732647814910026,0.5653651628315214,0.5520833333333334
2019_20_20200621_NEW_SHU,2019_20,2020-06-21,1,0.3865336658354114,0.3865336658354114,0.44060327125063087,0.3402061855670103
2019_20_20200622_MCI_BUR,2019_20,2020-06-22,1,0.7173447537473233,0.7173447537473233,0.6570232905251774,0.7142857142857143
2019_20_20200623_LEI_BRI,2019_20,2020-06-23,0,0.4908616187989557,0.4908616187989557,0.5103929522432906,0.5130434782608696
2019_20_20200623_TOT_WHU,2019_20,2020-06-23,0,0.5338541666666666,0.5338541666666666,0.5391902942413471,0.5520833333333334
2019_20_20200624_LIV_CRY,2019_20,2020-06-24,1,0.5644329896907216,0.5644329896907216,0.5595257939171142,0.5520833333333334
2019_20_20200624_MUN_SHU,2019_20,2020-06-24,1,0.4778067885117493,0.4778067885117493,0.501626029473002,0.5130434782608696
2019_20_20200624_NEW_AVL,2019_20,2020-06-24,0,0.4571428571428572,0.4571428571428572,0.487749340460946,0.5130434782608696
2019_20_20200624_NOR_EVE,2019_20,2020-06-24,0,0.5248041775456919,0.5248041775456919,0.5331436534488259,0.5520833333333334
2019_20_20200624_WOL_BOU,2019_20,2020-06-24,0,0.4609375,0.4609375,0.49029681835462197,0.5130434782608696
2019_20_20200625_BUR_WAT,2019_20,2020-06-25,0,0.4381443298969071,0.4381443298969071,0.4750071739927095,0.5121951219512195
2019_20_20200625_CHE_MCI,2019_20,2020-06-25,1,0.5841836734693877,0.5841836734693877,0.5725593034149032,0.5520833333333334
2019_20_20200625_SOU_ARS,2019_20,2020-06-25,0,0.5300261096605744,0.5300261096605744,0.5366339275562059,0.5520833333333334
2019_20_20200627_AVL_WOL,2019_20,2020-06-27,0,0.4583333333333333,0.4583333333333333,0.4885484869491249,0.5130434782608696
2019_20_20200628_WAT_SOU,2019_20,2020-06-28,1,0.4778067885117493,0.4778067885117493,0.501626029473002,0.5130434782608696
2019_20_20200629_CRY_BUR,2019_20,2020-06-29,0,0.3934837092731829,0.3934837092731829,0.44521044165206664,0.3402061855670103
2019_20_20200630_BRI_MUN,2019_20,2020-06-30,1,0.4559585492227979,0.4559585492227979,0.48695439675759233,0.5130434782608696
2019_20_20200701_ARS_NOR,2019_20,2020-07-01,1,0.5618556701030928,0.5618556701030928,0.5578185483548452,0.5520833333333334
2019_20_20200701_BOU_NEW,2019_20,2020-07-01,1,0.4005037783375315,0.4005037783375315,0.4498736084215423,0.3402061855670103
2019_20_20200701_EVE_LEI,2019_20,2020-07-01,1,0.4583333333333333,0.4583333333333333,0.4885484869491249,0.5130434782608696
2019_20_20200701_WHU_CHE,2019_20,2020-07-01,1,0.5544041450777203,0.5544041450777203,0.5528750212326091,0.5520833333333334
2019_20_20200702_MCI_LIV,2019_20,2020-07-02,1,0.606516290726817,0.606516290726817,0.5871753350799701,0.5769230769230768
2019_20_20200702_SHU_TOT,2019_20,2020-07-02,1,0.4430051813471503,0.4430051813471503,0.47826487560445075,0.5121951219512195
2019_20_20200704_CHE_WAT,2019_20,2020-07-04,1,0.5518134715025906,0.5518134715025906,0.551153800694189,0.5520833333333334
2019_20_20200704_LEI_CRY,2019_20,2020-07-04,1,0.4333333333333333,0.4333333333333333,0.4717849770262705,0.5121951219512195
2019_20_20200704_MUN_BOU,2019_20,2020-07-04,1,0.624078624078624,0.624078624078624,0.5985637306273873,0.5769230769230768
2019_20_20200704_NOR_BRI,2019_20,2020-07-04,0,0.4597402597402597,0.4597402597402597,0.4894930079551209,0.5130434782608696
2019_20_20200704_WOL_ARS,2019_20,2020-07-04,0,0.4545454545454546,0.4545454545454546,0.4860059710677056,0.5121951219512195
2019_20_20200705_BUR_SHU,2019_20,2020-07-05,0,0.359903381642512,0.359903381642512,0.4230512485269314,0.2
2019_20_20200705_LIV_AVL,2019_20,2020-07-05,0,0.637469586374696,0.637469586374696,0.6071769330139499,0.7105263157894737
2019_20_20200705_NEW_WHU,2019_20,2020-07-05,1,0.4764397905759163,0.4764397905759163,0.5007078761775907,0.5130434782608696
2019_20_20200705_SOU_MCI,2019_20,2020-07-05,0,0.6159600997506234,0.6159600997506234,0.593311650666147,0.5769230769230768
2019_20_20200706_TOT_EVE,2019_20,2020-07-06,0,0.5143603133159269,0.5143603133159269,0.5261537029833332,0.5520833333333334
2019_20_20200707_ARS_LEI,2019_20,2020-07-07,0,0.5091383812010444,0.5091383812010444,0.5226547072146724,0.5520833333333334
2019_20_20200707_CRY_CHE,2019_20,2020-07-07,1,0.5221932114882506,0.5221932114882506,0.5313972774434862,0.5520833333333334
2019_20_20200707_WAT_NOR,2019_20,2020-07-07,1,0.4675324675324676,0.4675324675324676,0.4947253750343659,0.5130434782608696
2019_20_20200708_BRI_LIV,2019_20,2020-07-08,1,0.5506493506493506,0.5506493506493506,0.550379967458805,0.5520833333333334
2019_20_20200708_MCI_NEW,2019_20,2020-07-08,1,0.6840909090909091,0.6840909090909091,0.636618133876424,0.7142857142857143
2019_20_20200708_SHU_WOL,2019_20,2020-07-08,0,0.3533653846153846,0.3533653846153846,0.4187698367692228,0.2
2019_20_20200708_WHU_BUR,2019_20,2020-07-08,0,0.4635416666666666,0.4635416666666666,0.4920453871565698,0.5130434782608696
2019_20_20200709_AVL_MUN,2019_20,2020-07-09,1,0.5769230769230769,0.5769230769230769,0.5677787320362848,0.5520833333333334
2019_20_20200709_BOU_TOT,2019_20,2020-07-09,0,0.5506493506493506,0.5506493506493506,0.550379967458805,0.5520833333333334
2019_20_20200709_EVE_SOU,2019_20,2020-07-09,0,0.4973821989528796,0.4973821989528796,0.5147697675036554,0.5130434782608696
2019_20_20200711_BRI_MCI,2019_20,2020-07-11,1,0.6265356265356266,0.6265356265356266,0.600148836831797,0.7105263157894737
2019_20_20200711_LIV_BUR,2019_20,2020-07-11,0,0.625615763546798,0.625615763546798,0.59955564170285,0.5769230769230768
2019_20_20200711_NOR_WHU,2019_20,2020-07-11,1,0.5234374999999999,0.5234374999999999,0.5322296333314218,0.5520833333333334
2019_20_20200711_SHU_CHE,2019_20,2020-07-11,1,0.4830287206266319,0.4830287206266319,0.5051332205261373,0.5130434782608696
2019_20_20200711_WAT_NEW,2019_20,2020-07-11,1,0.4635416666666666,0.4635416666666666,0.4920453871565698,0.5130434782608696
2019_20_20200712_AVL_CRY,2019_20,2020-07-12,0,0.4751958224543081,0.4751958224543081,0.49987235236849864,0.5130434782608696
2019_20_20200712_BOU_LEI,2019_20,2020-07-12,1,0.5039370078740157,0.5039370078740157,0.5191672748288723,0.5520833333333334
2019_20_20200712_TOT_ARS,2019_20,2020-07-12,1,0.5402597402597403,0.5402597402597403,0.5434632461645083,0.5520833333333334
2019_20_20200712_WOL_EVE,2019_20,2020-07-12,1,0.3836633663366336,0.3836633663366336,0.4387034897944225,0.3
2019_20_20200713_MUN_SOU,2019_20,2020-07-13,1,0.5913705583756345,0.5913705583756345,0.5772780358260294,0.5769230769230768
2019_20_20200714_CHE_NOR,2019_20,2020-07-14,0,0.6997792494481236,0.6997792494481236,0.646311431015957,0.7142857142857143
2019_20_20200715_ARS_LIV,2019_20,2020-07-15,1,0.6040100250626567,0.6040100250626567,0.5855421939266917,0.5769230769230768
2019_20_20200715_BUR_WOL,2019_20,2020-07-15,0,0.3777777777777777,0.3777777777777777,0.43481363516155225,0.3
2019_20_20200715_MCI_BOU,2019_20,2020-07-15,1,0.7388663967611336,0.7388663967611336,0.6699320788867604,0.7142857142857143
2019_20_20200715_NEW_TOT,2019_20,2020-07-15,1,0.5104712041884817,0.5104712041884817,0.5235480005809132,0.5520833333333334
2019_20_20200716_CRY_MUN,2019_20,2020-07-16,0,0.5402597402597403,0.5402597402597403,0.5434632461645083,0.5520833333333334
2019_20_20200716_EVE_AVL,2019_20,2020-07-16,0,0.5104712041884817,0.5104712041884817,0.5235480005809132,0.5520833333333334
2019_20_20200716_LEI_SHU,2019_20,2020-07-16,0,0.4455958549222798,0.4455958549222798,0.4800018964373042,0.5121951219512195
2019_20_20200716_SOU_BRI,2019_20,2020-07-16,0,0.4481865284974093,0.4481865284974093,0.4817394008910449,0.5121951219512195
2019_20_20200717_WHU_WAT,2019_20,2020-07-17,1,0.4699738903394256,0.4699738903394256,0.4963650507260766,0.5130434782608696
2019_20_20200718_NOR_BUR,2019_20,2020-07-18,0,0.4647519582245431,0.4647519582245431,0.4928581067789584,0.5130434782608696
2019_20_20200719_BOU_SOU,2019_20,2020-07-19,0,0.5581395348837209,0.5581395348837209,0.5553545412253797,0.5520833333333334
2019_20_20200719_TOT_LEI,2019_20,2020-07-19,1,0.4895287958115184,0.4895287958115184,0.5094981020830623,0.5130434782608696
2019_20_20200720_BRI_NEW,2019_20,2020-07-20,0,0.4493506493506493,0.4493506493506493,0.48252029599031554,0.5121951219512195
2019_20_20200720_SHU_EVE,2019_20,2020-07-20,0,0.4111675126903554,0.4111675126903554,0.4569737420826466,0.3402061855670103
2019_20_20200720_WOL_CRY,2019_20,2020-07-20,0,0.4173027989821883,0.4173027989821883,0.46106686705351424,0.37046381050459176
2019_20_20200721_AVL_ARS,2019_20,2020-07-21,0,0.5754475703324808,0.5754475703324808,0.5668056434907784,0.5520833333333334
2019_20_20200721_WAT_MCI,2019_20,2020-07-21,1,0.6433734939759036,0.6433734939759036,0.6109536535440621,0.7105263157894737
2019_20_20200722_LIV_CHE,2019_20,2020-07-22,1,0.5939086294416244,0.5939086294416244,0.5789411534670572,0.5769230769230768
2019_20_20200722_MUN_WHU,2019_20,2020-07-22,0,0.6457831325301205,0.6457831325301205,0.6124913052439336,0.7105263157894737
2019_20_20200726_ARS_WAT,2019_20,2020-07-26,1,0.5924050632911392,0.5924050632911392,0.5779561279118124,0.5769230769230768
2019_20_20200726_BUR_BRI,2019_20,2020-07-26,1,0.5,0.5,0.5165263171883469,0.5130434782608696
2019_20_20200726_CHE_WOL,2019_20,2020-07-26,0,0.5026178010471204,0.5026178010471204,0.5182824585905931,0.5130434782608696
2019_20_20200726_CRY_TOT,2019_20,2020-07-26,0,0.5416666666666667,0.5416666666666667,0.5444009274829161,0.5520833333333334
2019_20_20200726_EVE_BOU,2019_20,2020-07-26,1,0.602015113350126,0.602015113350126,0.584240915784269,0.5769230769230768
2019_20_20200726_LEI_MUN,2019_20,2020-07-26,0,0.5182291666666667,0.5182291666666667,0.5287444216429582,0.5520833333333334
2019_20_20200726_MCI_NOR,2019_20,2020-07-26,1,0.7827648114901257,0.7827648114901257,0.6954697745820684,0.999999
2019_20_20200726_NEW_LIV,2019_20,2020-07-26,1,0.6178660049627792,0.6178660049627792,0.594546594817527,0.5769230769230768
2019_20_20200726_SOU_SHU,2019_20,2020-07-26,1,0.5104712041884817,0.5104712041884817,0.5235480005809132,0.5520833333333334
2019_20_20200726_WHU_AVL,2019_20,2020-07-26,0,0.5743589743589743,0.5743589743589743,0.5660873894961161,0.5520833333333334
2020_21_20200912_LIV_LEE,2020_21,2020-09-12,1,0.6246913580246914,0.6246913580246914,0.6061248126456944,0.5974842767295597
2020_21_20200912_WHU_NEW,2020_21,2020-09-12,0,0.4856396866840731,0.4856396866840731,0.49549054240421614,0.5177664974619289
2020_21_20200913_TOT_EVE,2020_21,2020-09-13,0,0.4921465968586388,0.4921465968586388,0.5007442028844669,0.5177664974619289
2020_21_20200913_WBA_LEI,2020_21,2020-09-13,1,0.4973821989528796,0.4973821989528796,0.5049713484409101,0.5177664974619289
2020_21_20200914_BRI_CHE,2020_21,2020-09-14,1,0.5416666666666667,0.5416666666666667,0.5406376633838402,0.5473441108545035
2020_21_20200914_SHU_WOL,2020_21,2020-09-14,0,0.3557692307692308,0.3557692307692308,0.3923424926112716,0.125
2020_21_20200919_ARS_WHU,2020_21,2020-09-19,1,0.583756345177665,0.583756345177665,0.574160269207727,0.5473441108545035
2020_21_20200919_EVE_WBA,2020_21,2020-09-19,1,0.5286458333333333,0.5286458333333333,0.5301775472335527,0.5473441108545035
2020_21_20200919_LEE_FUL,2020_21,2020-09-19,1,0.4973958333333334,0.4973958333333334,0.5049823559669739,0.5177664974619289
2020_21_20200919_MUN_CRY,2020_21,2020-09-19,1,0.5743589743589743,0.5743589743589743,0.5667234330699167,0.5473441108545035
2020_21_20200920_CHE_LIV,2020_21,2020-09-20,0,0.5934343434343434,0.5934343434343434,0.581784242831768,0.5974842767295597
2020_21_20200920_LEI_BUR,2020_21,2020-09-20,1,0.4908616187989557,0.4908616187989557,0.499706691638836,0.5177664974619289
2020_21_20200920_NEW_BRI,2020_21,2020-09-20,1,0.4005037783375315,0.4005037783375315,0.42726989626644224,0.33620689655172414
2020_21_20200920_SOU_TOT,2020_21,2020-09-20,1,0.4869791666666667,0.4869791666666667,0.49657199139597097,0.5177664974619289
2020_21_20200921_AVL_SHU,2020_21,2020-09-21,0,0.4245524296675191,0.4245524296675191,0.44637463551316414,0.4339622641509434
2020_21_20200921_WOL_MCI,2020_21,2020-09-21,1,0.5618556701030928,0.5618556701030928,0.5567824101329959,0.5473441108545035
2020_21_20200926_BRI_MUN,2020_21,2020-09-26,1,0.5143603133159269,0.5143603133159269,0.5186712272194277,0.5340909090909091
2020_21_20200926_BUR_SOU,2020_21,2020-09-26,0,0.4557291666666667,0.4557291666666667,0.4713715345279499,0.4673913043478261
2020_21_20200926_CRY_EVE,2020_21,2020-09-26,1,0.441860465116279,0.441860465116279,0.4602265880405657,0.44859813084112143
2020_21_20200926_WBA_CHE,2020_21,2020-09-26,1,0.5816326530612244,0.5816326530612244,0.5724824411085675,0.5473441108545035
2020_21_20200927_MCI_LEI,2020_21,2020-09-27,1,0.6728538283062646,0.6728538283062646,0.6425847502239036,0.6973684210526315
2020_21_20200927_SHU_LEE,2020_21,2020-09-27,0,0.4778067885117493,0.4778067885117493,0.48916770812324994,0.5177664974619289
2020_21_20200927_TOT_NEW,2020_21,2020-09-27,0,0.5454545454545455,0.5454545454545455,0.5436743069870269,0.5473441108545035
2020_21_20200927_WHU_WOL,2020_21,2020-09-27,1,0.4481865284974093,0.4481865284974093,0.46530598325648126,0.44859813084112143
2020_21_20200928_FUL_AVL,2020_21,2020-09-28,1,0.4595300261096606,0.4595300261096606,0.47443138523978573,0.4673913043478261
2020_21_20200928_LIV_ARS,2020_21,2020-09-28,1,0.6169154228855721,0.6169154228855721,0.6001135350449119,0.5974842767295597
2020_21_20201003_CHE_CRY,2020_21,2020-10-03,1,0.589873417721519,0.589873417721519,0.5789834145707479,0.5974842767295597
2020_21_20201003_EVE_BRI,2020_21,2020-10-03,1,0.5221932114882506,0.5221932114882506,0.5249834971468311,0.5473441108545035
2020_21_20201003_LEE_MCI,2020_21,2020-10-03,0,0.6941964285714286,0.6941964285714286,0.6582555223251264,0.7
2020_21_20201003_NEW_BUR,2020_21,2020-10-03,1,0.4122137404580152,0.4122137404580152,0.43654907296697165,0.33620689655172414
2020_21_20201004_ARS_SHU,2020_21,2020-10-04,1,0.4947643979057591,0.4947643979057591,0.5028578267301754,0.5177664974619289
2020_21_20201004_AVL_LIV,2020_21,2020-10-04,1,0.6203473945409429,0.6203473945409429,0.6027704952952314,0.5974842767295597
2020_21_20201004_LEI_WHU,2020_21,2020-10-04,1,0.5732647814910026,0.5732647814910026,0.5658554933758342,0.5473441108545035
2020_21_20201004_MUN_TOT,2020_21,2020-10-04,1,0.5326370757180157,0.5326370757180157,0.5333871081240918,0.5473441108545035
2020_21_20201004_SOU_WBA,2020_21,2020-10-04,0,0.5287958115183247,0.5287958115183247,0.5302981991353982,0.5473441108545035
2020_21_20201004_WOL_FUL,2020_21,2020-10-04,0,0.4493506493506493,0.4493506493506493,0.4662415084931282,0.44859813084112143
2020_21_20201017_CHE_SOU,2020_21,2020-10-17,1,0.6030150753768844,0.6030150753768844,0.589293313077026,0.5974842767295597
2020_21_20201017_EVE_LIV,2020_21,2020-10-17,1,0.6231527093596059,0.6231527093596059,0.6049378264040679,0.5974842767295597
2020_21_20201017_MCI_ARS,2020_21,2020-10-17,0,0.6619385342789598,0.6619385342789598,0.6344482141534867,0.6973684210526315
2020_21_20201017_NEW_MUN,2020_21,2020-10-17,1,0.548051948051948,0.548051948051948,0.5457547159094274,0.5473441108545035
2020_21_20201018_CRY_BRI,2020_21,2020-10-18,0,0.4355670103092783,0.4355670103092783,0.455181558015353,0.44859813084112143
2020_21_20201018_LEI_AVL,2020_21,2020-10-18,0,0.5852417302798981,0.5852417302798981,0.5753327895918193,0.5473441108545035
2020_21_20201018_SHU_FUL,2020_21,2020-10-18,0,0.423076923076923,0.423076923076923,0.4451972947315599,0.4339622641509434
2020_21_20201018_TOT_WHU,2020_21,2020-10-18,1,0.5984848484848484,0.5984848484848484,0.5857476245793884,0.5974842767295597
2020_21_20201019_LEE_WOL,2020_21,2020-10-19,0,0.4467532467532467,0.4467532467532467,0.4641544874800883,0.44859813084112143
2020_21_20201019_WBA_BUR,2020_21,2020-10-19,0,0.4493506493506493,0.4493506493506493,0.4662415084931282,0.44859813084112143
2020_21_20201023_AVL_LEE,2020_21,2020-10-23,1,0.5944584382871536,0.5944584382871536,0.5825887723979843,0.5974842767295597
2020_21_20201024_FUL_CRY,2020_21,2020-10-24,1,0.4209183673469387,0.4209183673469387,0.4434760443929689,0.4339622641509434
2020_21_20201024_LIV_SHU,2020_21,2020-10-24,1,0.6365853658536585,0.6365853658536585,0.6152572393442638,0.6973684210526315
2020_21_20201024_MUN_CHE,2020_21,2020-10-24,0,0.5888324873096447,0.5888324873096447,0.5781637063595785,0.5473441108545035
2020_21_20201024_WHU_MCI,2020_21,2020-10-24,0,0.6705336426914155,0.6705336426914155,0.6408619068639642,0.6973684210526315
2020_21_20201025_ARS_LEI,2020_21,2020-10-25,0,0.5492227979274612,0.5492227979274612,0.5466919990864306,0.5473441108545035
2020_21_20201025_SOU_EVE,2020_21,2020-10-25,0,0.5338541666666666,0.5338541666666666,0.5343652955264547,0.5473441108545035
2020_21_20201025_WOL_NEW,2020_21,2020-10-25,0,0.4245524296675191,0.4245524296675191,0.44637463551316414,0.4339622641509434
2020_21_20201026_BRI_WBA,2020_21,2020-10-26,0,0.5221932114882506,0.5221932114882506,0.5249834971468311,0.5473441108545035
2020_21_20201026_BUR_TOT,2020_21,2020-10-26,0,0.518324607329843,0.518324607329843,0.5218667905879901,0.5473441108545035
2020_21_20201030_WOL_CRY,2020_21,2020-10-30,0,0.3566265060240964,0.3566265060240964,0.3930027770035922,0.125
2020_21_20201031_BUR_CHE,2020_21,2020-10-31,1,0.5732647814910026,0.5732647814910026,0.5658554933758342,0.5473441108545035
2020_21_20201031_LIV_WHU,2020_21,2020-10-31,1,0.6781609195402298,0.6781609195402298,0.6465116217269504,0.6973684210526315
2020_21_20201031_SHU_MCI,2020_21,2020-10-31,0,0.6308068459657702,0.6308068459657702,0.6108300949942218,0.6973684210526315
2020_21_20201101_AVL_SOU,2020_21,2020-11-01,1,0.5790816326530612,0.5790816326530612,0.5704647979142365,0.5473441108545035
2020_21_20201101_MUN_ARS,2020_21,2020-11-01,0,0.5492227979274612,0.5492227979274612,0.5466919990864306,0.5473441108545035
2020_21_20201101_NEW_EVE,2020_21,2020-11-01,1,0.5248041775456919,0.5248041775456919,0.5270859141169225,0.5473441108545035
2020_21_20201101_TOT_BRI,2020_21,2020-11-01,1,0.578005115089514,0.578005115089514,0.5696126557763173,0.5473441108545035
2020_21_20201102_FUL_WBA,2020_21,2020-11-02,0,0.4635416666666666,0.4635416666666666,0.4776630031025249,0.4673913043478261
2020_21_20201102_LEE_LEI,2020_21,2020-11-02,1,0.5454545454545455,0.5454545454545455,0.5436743069870269,0.5473441108545035
2020_21_20201106_BRI_BUR,2020_21,2020-11-06,0,0.451948051948052,0.451948051948052,0.4683297118857296,0.44859813084112143
2020_21_20201106_SOU_NEW,2020_21,2020-11-06,0,0.5221932114882506,0.5221932114882506,0.5249834971468311,0.5473441108545035
2020_21_20201107_CHE_SHU,2020_21,2020-11-07,1,0.5644329896907216,0.5644329896907216,0.5588355587058697,0.5473441108545035
2020_21_20201107_CRY_LEE,2020_21,2020-11-07,1,0.4921465968586388,0.4921465968586388,0.5007442028844669,0.5177664974619289
2020_21_20201107_EVE_MUN,2020_21,2020-11-07,1,0.5416666666666667,0.5416666666666667,0.5406376633838402,0.5473441108545035
2020_21_20201107_WHU_FUL,2020_21,2020-11-07,0,0.5235602094240838,0.5235602094240838,0.5260843542232541,0.5473441108545035
2020_21_20201108_ARS_AVL,2020_21,2020-11-08,1,0.5692307692307692,0.5692307692307692,0.5626521681648817,0.5473441108545035
2020_21_20201108_LEI_WOL,2020_21,2020-11-08,0,0.4060913705583756,0.4060913705583756,0.4316916334604237,0.33620689655172414
2020_21_20201108_MCI_LIV,2020_21,2020-11-08,0,0.6595744680851063,0.6595744680851063,0.6326756335555488,0.6973684210526315
2020_21_20201108_WBA_TOT,2020_21,2020-11-08,0,0.5607235142118864,0.5607235142118864,0.5558798923741324,0.5473441108545035
2020_21_20201121_AVL_BRI,2020_21,2020-11-21,1,0.5442708333333333,0.5442708333333333,0.5427256938126025,0.5473441108545035
2020_21_20201121_MUN_WBA,2020_21,2020-11-21,0,0.5816326530612244,0.5816326530612244,0.5724824411085675,0.5473441108545035
2020_21_20201121_NEW_CHE,2020_21,2020-11-21,0,0.5743589743589743,0.5743589743589743,0.5667234330699167,0.5473441108545035
2020_21_20201121_TOT_MCI,2020_21,2020-11-21,0,0.5969773299748111,0.5969773299748111,0.5845657373931259,0.5974842767295597
2020_21_20201122_FUL_EVE,2020_21,2020-11-22,1,0.5454545454545455,0.5454545454545455,0.5436743069870269,0.5473441108545035
2020_21_20201122_LEE_ARS,2020_21,2020-11-22,0,0.5743589743589743,0.5743589743589743,0.5667234330699167,0.5473441108545035
2020_21_20201122_LIV_LEI,2020_21,2020-11-22,1,0.6005025125628142,0.6005025125628142,0.5873279175382954,0.5974842767295597
2020_21_20201122_SHU_WHU,2020_21,2020-11-22,0,0.451948051948052,0.451948051948052,0.4683297118857296,0.44859813084112143
2020_21_20201123_BUR_CRY,2020_21,2020-11-23,0,0.39,0.39,0.4189896463854703,0.33620689655172414
2020_21_20201123_WOL_SOU,2020_21,2020-11-23,0,0.4282051282051282,0.4282051282051282,0.4492917699482854,0.4339622641509434
2020_21_20201127_CRY_NEW,2020_21,2020-11-27,0,0.4075949367088607,0.4075949367088607,0.43288337145518385,0.33620689655172414
2020_21_20201128_BRI_LIV,2020_21,2020-11-28,0,0.6030150753768844,0.6030150753768844,0.589293313077026,0.5974842767295597
2020_21_20201128_EVE_LEE,2020_21,2020-11-28,0,0.5877862595419847,0.5877862595419847,0.5773393924071105,0.5473441108545035
2020_21_20201128_MCI_BUR,2020_21,2020-11-28,1,0.6539379474940334,0.6539379474940334,0.6284349345254635,0.6973684210526315
2020_21_20201128_WBA_SHU,2020_21,2020-11-28,0,0.4168797953964194,0.4168797953964194,0.4402593265459002,0.33620689655172414
2020_21_20201129_ARS_WOL,2020_21,2020-11-29,1,0.4122137404580152,0.4122137404580152,0.43654907296697165,0.33620689655172414
2020_21_20201129_CHE_TOT,2020_21,2020-11-29,0,0.5416666666666667,0.5416666666666667,0.5406376633838402,0.5473441108545035
2020_21_20201129_SOU_MUN,2020_21,2020-11-29,1,0.5261780104712042,0.5261780104712042,0.5281917788628017,0.5473441108545035
2020_21_20201130_LEI_FUL,2020_21,2020-11-30,1,0.5506493506493506,0.5506493506493506,0.5478335284309197,0.5473441108545035
2020_21_20201130_WHU_AVL,2020_21,2020-11-30,1,0.5569948186528497,0.5569948186528497,0.552904921223229,0.5473441108545035
2020_21_20201205_BUR_EVE,2020_21,2020-12-05,0,0.4738219895287958,0.4738219895287958,0.48595232043969744,0.5177664974619289
2020_21_20201205_CHE_LEE,2020_21,2020-12-05,1,0.6332518337408313,0.6332518337408313,0.6127055710891977,0.6973684210526315
2020_21_20201205_MCI_FUL,2020_21,2020-12-05,0,0.7280334728033473,0.7280334728033473,0.6823975913298268,0.7368421052631579
2020_21_20201205_WHU_MUN,2020_21,2020-12-05,1,0.548051948051948,0.548051948051948,0.5457547159094274,0.5473441108545035
2020_21_20201206_LIV_WOL,2020_21,2020-12-06,1,0.5454545454545455,0.5454545454545455,0.5436743069870269,0.5473441108545035
2020_21_20201206_SHU_LEI,2020_21,2020-12-06,1,0.4751958224543081,0.4751958224543081,0.487060766789216,0.5177664974619289
2020_21_20201206_TOT_ARS,2020_21,2020-12-06,0,0.4973821989528796,0.4973821989528796,0.5049713484409101,0.5177664974619289
2020_21_20201206_WBA_CRY,2020_21,2020-12-06,1,0.4304123711340206,0.4304123711340206,0.45105623344508383,0.4339622641509434
2020_21_20201207_BRI_SOU,2020_21,2020-12-07,1,0.4921465968586388,0.4921465968586388,0.5007442028844669,0.5177664974619289
2020_21_20201211_LEE_WHU,2020_21,2020-12-11,1,0.6030150753768844,0.6030150753768844,0.589293313077026,0.5974842767295597
2020_21_20201212_EVE_CHE,2020_21,2020-12-12,0,0.5939086294416244,0.5939086294416244,0.582156896590454,0.5974842767295597
2020_21_20201212_MUN_MCI,2020_21,2020-12-12,0,0.5790816326530612,0.5790816326530612,0.5704647979142365,0.5473441108545035
2020_21_20201212_NEW_WBA,2020_21,2020-12-12,1,0.4355670103092783,0.4355670103092783,0.455181558015353,0.44859813084112143
2020_21_20201212_WOL_AVL,2020_21,2020-12-12,0,0.4661458333333333,0.4661458333333333,0.4797618344438811,0.4673913043478261
2020_21_20201213_ARS_BUR,2020_21,2020-12-13,0,0.5026178010471204,0.5026178010471204,0.50919778339193,0.5340909090909091
2020_21_20201213_CRY_TOT,2020_21,2020-12-13,0,0.5013123359580053,0.5013123359580053,0.5081440473936558,0.5294117647058824
2020_21_20201213_FUL_LIV,2020_21,2020-12-13,0,0.6666666666666666,0.6666666666666666,0.6379824287178025,0.6973684210526315
2020_21_20201213_LEI_BRI,2020_21,2020-12-13,1,0.5,0.5,0.5070846924939405,0.5294117647058824
2020_21_20201213_SOU_SHU,2020_21,2020-12-13,1,0.4790575916230366,0.4790575916230366,0.4901771953441949,0.5177664974619289
2020_21_20201215_MCI_WBA,2020_21,2020-12-15,0,0.7045951859956237,0.7045951859956237,0.6657698834874874,0.7
2020_21_20201215_WOL_CHE,2020_21,2020-12-15,1,0.4635416666666666,0.4635416666666666,0.4776630031025249,0.4673913043478261
2020_21_20201216_ARS_SOU,2020_21,2020-12-16,0,0.5300261096605744,0.5300261096605744,0.5312877935363678,0.5473441108545035
2020_21_20201216_FUL_BRI,2020_21,2020-12-16,0,0.4633507853403141,0.4633507853403141,0.4775091921795177,0.4673913043478261
2020_21_20201216_LEE_NEW,2020_21,2020-12-16,1,0.5468749999999999,0.5468749999999999,0.5448122241301415,0.5473441108545035
2020_21_20201216_LEI_EVE,2020_21,2020-12-16,0,0.5621761658031088,0.5621761658031088,0.5570378310581381,0.5473441108545035
2020_21_20201216_LIV_TOT,2020_21,2020-12-16,1,0.5743589743589743,0.5743589743589743,0.5667234330699167,0.5473441108545035
2020_21_20201216_WHU_CRY,2020_21,2020-12-16,0,0.4829396325459317,0.4829396325459317,0.49331075238521516,0.5177664974619289
2020_21_20201217_AVL_BUR,2020_21,2020-12-17,0,0.5144356955380577,0.5144356955380577,0.5187320068806776,0.5340909090909091
2020_21_20201217_SHU_MUN,2020_21,2020-12-17,1,0.5209424083769634,0.5209424083769634,0.5239759998698352,0.5473441108545035
2020_21_20201219_CRY_LIV,2020_21,2020-12-19,1,0.5888324873096447,0.5888324873096447,0.5781637063595785,0.5473441108545035
2020_21_20201219_EVE_ARS,2020_21,2020-12-19,1,0.518324607329843,0.518324607329843,0.5218667905879901,0.5473441108545035
2020_21_20201219_NEW_FUL,2020_21,2020-12-19,0,0.4455958549222798,0.4455958549222798,0.4632249193892787,0.44859813084112143
2020_21_20201219_SOU_MCI,2020_21,2020-12-19,0,0.6074999999999999,0.6074999999999999,0.5927944317848199,0.5974842767295597
2020_21_20201220_BRI_SHU,2020_21,2020-12-20,0,0.4293059125964009,0.4293059125964009,0.4501715770661853,0.4339622641509434
2020_21_20201220_MUN_LEE,2020_21,2020-12-20,1,0.6341463414634148,0.6341463414634148,0.6133908901692228,0.6973684210526315
2020_21_20201220_TOT_LEI,2020_21,2020-12-20,0,0.5352480417754569,0.5352480417754569,0.535485240976924,0.5473441108545035
2020_21_20201220_WBA_AVL,2020_21,2020-12-20,1,0.5454545454545455,0.5454545454545455,0.5436743069870269,0.5473441108545035
2020_21_20201221_BUR_WOL,2020_21,2020-12-21,1,0.3710073710073709,0.3710073710073709,0.4041357161470101,0.2857142857142857
2020_21_20201221_CHE_WHU,2020_21,2020-12-21,1,0.6115288220551378,0.6115288220551378,0.5959314935324307,0.5974842767295597
2020_21_20201226_ARS_CHE,2020_21,2020-12-26,1,0.5,0.5,0.5070846924939405,0.5294117647058824
2020_21_20201226_AVL_CRY,2020_21,2020-12-26,1,0.5378590078328982,0.5378590078328982,0.5375821185607874,0.5473441108545035
2020_21_20201226_FUL_SOU,2020_21,2020-12-26,0,0.4855643044619423,0.4855643044619423,0.49542968261081394,0.5177664974619289
2020_21_20201226_LEI_MUN,2020_21,2020-12-26,1,0.5670103092783505,0.5670103092783505,0.5608866972571653,0.5473441108545035
2020_21_20201226_MCI_NEW,2020_21,2020-12-26,0,0.6977777777777777,0.6977777777777777,0.6608526957627229,0.7
2020_21_20201226_SHU_EVE,2020_21,2020-12-26,0,0.4895287958115184,0.4895287958115184,0.49863055244111465,0.5177664974619289
2020_21_20201227_LEE_BUR,2020_21,2020-12-27,0,0.5969773299748111,0.5969773299748111,0.5845657373931259,0.5974842767295597
2020_21_20201227_LIV_WBA,2020_21,2020-12-27,0,0.6971046770601336,0.6971046770601336,0.6603652995586744,0.7
2020_21_20201227_WHU_BRI,2020_21,2020-12-27,1,0.4921465968586388,0.4921465968586388,0.5007442028844669,0.5177664974619289
2020_21_20201227_WOL_TOT,2020_21,2020-12-27,0,0.4329896907216495,0.4329896907216495,0.45311809080317317,0.44859813084112143
2020_21_20201228_CHE_AVL,2020_21,2020-12-28,0,0.6125,0.6125,0.5966865448552205,0.5974842767295597
2020_21_20201228_CRY_LEI,2020_21,2020-12-28,0,0.5078534031413613,0.5078534031413613,0.5134229039251081,0.5340909090909091
2020_21_20201229_BRI_ARS,2020_21,2020-12-29,0,0.4673629242819843,0.4673629242819843,0.4807429999362693,0.5177664974619289
2020_21_20201229_BUR_SHU,2020_21,2020-12-29,0,0.3924999999999999,0.3924999999999999,0.4209564740457366,0.33620689655172414
2020_21_20201229_MUN_WOL,2020_21,2020-12-29,0,0.4973821989528796,0.4973821989528796,0.5049713484409101,0.5177664974619289
2020_21_20201229_SOU_WHU,2020_21,2020-12-29,0,0.5026178010471204,0.5026178010471204,0.50919778339193,0.5340909090909091
2020_21_20201229_WBA_LEE,2020_21,2020-12-29,1,0.5903307888040712,0.5903307888040712,0.5793434461711159,0.5974842767295597
2020_21_20201230_NEW_LIV,2020_21,2020-12-30,0,0.6341463414634148,0.6341463414634148,0.6133908901692228,0.6973684210526315
2020_21_20210101_EVE_WHU,2020_21,2021-01-01,0,0.486910994764398,0.486910994764398,0.4965169509412513,0.5177664974619289
2020_21_20210101_MUN_AVL,2020_21,2021-01-01,1,0.6169154228855721,0.6169154228855721,0.6001135350449119,0.5974842767295597
2020_21_20210102_BRI_WOL,2020_21,2021-01-02,1,0.3909774436090226,0.3909774436090226,0.4197583287681204,0.33620689655172414
2020_21_20210102_CRY_SHU,2020_21,2021-01-02,0,0.423076923076923,0.423076923076923,0.4451972947315599,0.4339622641509434
2020_21_20210102_TOT_LEE,2020_21,2021-01-02,1,0.6595744680851063,0.6595744680851063,0.6326756335555488,0.6973684210526315
2020_21_20210102_WBA_ARS,2020_21,2021-01-02,1,0.518324607329843,0.518324607329843,0.5218667905879901,0.5473441108545035
2020_21_20210103_CHE_MCI,2020_21,2021-01-03,1,0.5520833333333334,0.5520833333333334,0.5489804962483765,0.5473441108545035
2020_21_20210103_NEW_LEI,2020_21,2021-01-03,1,0.5130890052356021,0.5130890052356021,0.517646106979171,0.5340909090909091
2020_21_20210104_SOU_LIV,2020_21,2021-01-04,0,0.5841836734693877,0.5841836734693877,0.574497675968917,0.5473441108545035
2020_21_20210112_BUR_MUN,2020_21,2021-01-12,0,0.5592783505154639,0.5592783505154639,0.5547273198132483,0.5473441108545035
2020_21_20210112_SHU_NEW,2020_21,2021-01-12,0,0.3811881188118812,0.3811881188118812,0.412077964025319,0.2857142857142857
2020_21_20210112_WOL_EVE,2020_21,2021-01-12,1,0.399497487437186,0.399497487437186,0.4264747808708139,0.33620689655172414
2020_21_20210113_MCI_BRI,2020_21,2021-01-13,0,0.6407766990291263,0.6407766990291263,0.6184565251161066,0.6973684210526315
2020_21_20210113_TOT_FUL,2020_21,2021-01-13,0,0.5681233933161953,0.5681233933161953,0.561771897467745,0.5473441108545035
2020_21_20210114_ARS_CRY,2020_21,2021-01-14,0,0.5104712041884817,0.5104712041884817,0.5155347827896027,0.5340909090909091
2020_21_20210116_FUL_CHE,2020_21,2021-01-16,0,0.5390625,0.5390625,0.5385482051544803,0.5473441108545035
2020_21_20210116_LEE_BRI,2020_21,2021-01-16,0,0.5888324873096447,0.5888324873096447,0.5781637063595785,0.5473441108545035
2020_21_20210116_LEI_SOU,2020_21,2021-01-16,0,0.5078534031413613,0.5078534031413613,0.5134229039251081,0.5340909090909091
2020_21_20210116_WHU_BUR,2020_21,2021-01-16,0,0.4531249999999999,0.4531249999999999,0.46927629879550414,0.44859813084112143
2020_21_20210116_WOL_WBA,2020_21,2021-01-16,1,0.4183673469387755,0.4183673469387755,0.44144359079583473,0.4339622641509434
2020_21_20210117_LIV_MUN,2020_21,2021-01-17,0,0.5681233933161953,0.5681233933161953,0.561771897467745,0.5473441108545035
2020_21_20210117_MCI_CRY,2020_21,2021-01-17,1,0.637469586374696,0.637469586374696,0.615933013996887,0.6973684210526315
2020_21_20210117_SHU_TOT,2020_21,2021-01-17,1,0.4673629242819843,0.4673629242819843,0.4807429999362693,0.5177664974619289
2020_21_20210118_ARS_NEW,2020_21,2021-01-18,1,0.5338541666666666,0.5338541666666666,0.5343652955264547,0.5473441108545035
2020_21_20210119_LEI_CHE,2020_21,2021-01-19,0,0.5065274151436031,0.5065274151436031,0.512352991745333,0.5340909090909091
2020_21_20210119_WHU_WBA,2020_21,2021-01-19,1,0.5052356020942408,0.5052356020942408,0.5113105456737206,0.5340909090909091
2020_21_20210120_FUL_MUN,2020_21,2021-01-20,1,0.5518134715025906,0.5518134715025906,0.5487646872499922,0.5473441108545035
2020_21_20210120_MCI_AVL,2020_21,2021-01-20,0,0.6416464891041161,0.6416464891041161,0.6191191690292362,0.6973684210526315
2020_21_20210121_LIV_BUR,2020_21,2021-01-21,0,0.6246913580246914,0.6246913580246914,0.6061248126456944,0.5974842767295597
2020_21_20210123_AVL_NEW,2020_21,2021-01-23,0,0.5655526992287918,0.5655526992287918,0.5597269212478896,0.5473441108545035
2020_21_20210126_CRY_WHU,2020_21,2021-01-26,1,0.4344473007712082,0.4344473007712082,0.4542848969442463,0.44859813084112143
2020_21_20210126_NEW_LEE,2020_21,2021-01-26,1,0.5717948717948719,0.5717948717948719,0.5646888911014531,0.5473441108545035
2020_21_20210126_SOU_ARS,2020_21,2021-01-26,1,0.5352480417754569,0.5352480417754569,0.535485240976924,0.5473441108545035
2020_21_20210126_WBA_MCI,2020_21,2021-01-26,1,0.606516290726817,0.606516290726817,0.5920273006423121,0.5974842767295597
2020_21_20210127_BRI_FUL,2020_21,2021-01-27,0,0.440721649484536,0.440721649484536,0.45931304306633175,0.44859813084112143
2020_21_20210127_BUR_AVL,2020_21,2021-01-27,1,0.5026178010471204,0.5026178010471204,0.50919778339193,0.5340909090909091
2020_21_20210127_CHE_WOL,2020_21,2021-01-27,0,0.4934725848563968,0.4934725848563968,0.5018148193727936,0.5177664974619289
2020_21_20210127_EVE_LEI,2020_21,2021-01-27,0,0.4699738903394256,0.4699738903394256,0.48284833801723476,0.5177664974619289
2020_21_20210127_MUN_SHU,2020_21,2021-01-27,1,0.5743589743589743,0.5743589743589743,0.5667234330699167,0.5473441108545035
2020_21_20210128_TOT_LIV,2020_21,2021-01-28,1,0.53125,0.53125,0.5322719897090706,0.5473441108545035
2020_21_20210130_ARS_MUN,2020_21,2021-01-30,0,0.5248041775456919,0.5248041775456919,0.5270859141169225,0.5473441108545035
2020_21_20210130_CRY_WOL,2020_21,2021-01-30,0,0.3880597014925373,0.3880597014925373,0.4174649224670486,0.33620689655172414
2020_21_20210130_EVE_NEW,2020_21,2021-01-30,0,0.4804177545691906,0.4804177545691906,0.49127503440207987,0.5177664974619289
2020_21_20210130_MCI_SHU,2020_21,2021-01-30,0,0.6383495145631067,0.6383495145631067,0.6166050641312012,0.6973684210526315
2020_21_20210130_SOU_AVL,2020_21,2021-01-30,0,0.5618556701030928,0.5618556701030928,0.5567824101329959,0.5473441108545035
2020_21_20210130_WBA_FUL,2020_21,2021-01-30,1,0.4381443298969071,0.4381443298969071,0.4572465654004221,0.44859813084112143
2020_21_20210131_BRI_TOT,2020_21,2021-01-31,0,0.4687499999999999,0.4687499999999999,0.481861380406874,0.5177664974619289
2020_21_20210131_CHE_BUR,2020_21,2021-01-31,0,0.548051948051948,0.548051948051948,0.5457547159094274,0.5473441108545035
2020_21_20210131_LEI_LEE,2020_21,2021-01-31,1,0.5924050632911392,0.5924050632911392,0.5809752010250929,0.5974842767295597
2020_21_20210131_WHU_LIV,2020_21,2021-01-31,1,0.5790816326530612,0.5790816326530612,0.5704647979142365,0.5473441108545035
2020_21_20210202_MUN_SOU,2020_21,2021-02-02,1,0.605,0.605,0.5908439660802408,0.5974842767295597
2020_21_20210202_NEW_CRY,2020_21,2021-02-02,1,0.4219948849104858,0.4219948849104858,0.4443343014898831,0.4339622641509434
2020_21_20210202_SHU_WBA,2020_21,2021-02-02,1,0.4183673469387755,0.4183673469387755,0.44144359079583473,0.4339622641509434
2020_21_20210202_WOL_ARS,2020_21,2021-02-02,1,0.4194373401534527,0.4194373401534527,0.4422958428816587,0.4339622641509434
2020_21_20210203_AVL_WHU,2020_21,2021-02-03,1,0.5607235142118864,0.5607235142118864,0.5558798923741324,0.5473441108545035
2020_21_20210203_BUR_MCI,2020_21,2021-02-03,0,0.5841836734693877,0.5841836734693877,0.574497675968917,0.5473441108545035
2020_21_20210203_FUL_LEI,2020_21,2021-02-03,0,0.4778067885117493,0.4778067885117493,0.48916770812324994,0.5177664974619289
2020_21_20210203_LEE_EVE,2020_21,2021-02-03,1,0.578005115089514,0.578005115089514,0.5696126557763173,0.5473441108545035
2020_21_20210203_LIV_BRI,2020_21,2021-02-03,0,0.5852417302798981,0.5852417302798981,0.5753327895918193,0.5473441108545035
2020_21_20210204_TOT_CHE,2020_21,2021-02-04,0,0.486910994764398,0.486910994764398,0.4965169509412513,0.5177664974619289
2020_21_20210206_AVL_ARS,2020_21,2021-02-06,0,0.5644329896907216,0.5644329896907216,0.5588355587058697,0.5473441108545035
2020_21_20210206_BUR_BRI,2020_21,2021-02-06,0,0.3924999999999999,0.3924999999999999,0.4209564740457366,0.33620689655172414
2020_21_20210206_FUL_WHU,2020_21,2021-02-06,0,0.4790575916230366,0.4790575916230366,0.4901771953441949,0.5177664974619289
2020_21_20210206_MUN_EVE,2020_21,2021-02-06,1,0.5655526992287918,0.5655526992287918,0.5597269212478896,0.5473441108545035
2020_21_20210206_NEW_SOU,2020_21,2021-02-06,1,0.4790575916230366,0.4790575916230366,0.4901771953441949,0.5177664974619289
2020_21_20210207_LIV_MCI,2020_21,2021-02-07,1,0.5607235142118864,0.5607235142118864,0.5558798923741324,0.5473441108545035
2020_21_20210207_SHU_CHE,2020_21,2021-02-07,1,0.5078534031413613,0.5078534031413613,0.5134229039251081,0.5340909090909091
2020_21_20210207_TOT_WBA,2020_21,2021-02-07,0,0.5454545454545455,0.5454545454545455,0.5436743069870269,0.5473441108545035
2020_21_20210207_WOL_LEI,2020_21,2021-02-07,0,0.4293059125964009,0.4293059125964009,0.4501715770661853,0.4339622641509434
2020_21_20210208_LEE_CRY,2020_21,2021-02-08,0,0.578005115089514,0.578005115089514,0.5696126557763173,0.5473441108545035
2020_21_20210213_BRI_AVL,2020_21,2021-02-13,0,0.5364583333333334,0.5364583333333334,0.5364573916351385,0.5473441108545035
2020_21_20210213_CRY_BUR,2020_21,2021-02-13,1,0.3969849246231156,0.3969849246231156,0.4244911597806644,0.33620689655172414
2020_21_20210213_LEI_LIV,2020_21,2021-02-13,1,0.5518134715025906,0.5518134715025906,0.5487646872499922,0.5473441108545035
2020_21_20210213_MCI_TOT,2020_21,2021-02-13,1,0.589873417721519,0.589873417721519,0.5789834145707479,0.5974842767295597
2020_21_20210214_ARS_LEE,2020_21,2021-02-14,1,0.5994962216624685,0.5994962216624685,0.5865399841396377,0.5974842767295597
2020_21_20210214_EVE_FUL,2020_21,2021-02-14,0,0.4804177545691906,0.4804177545691906,0.49127503440207987,0.5177664974619289
2020_21_20210214_SOU_WOL,2020_21,2021-02-14,1,0.4158163265306122,0.4158163265306122,0.4394130973266141,0.33620689655172414
2020_21_20210214_WBA_MUN,2020_21,2021-02-14,0,0.6169154228855721,0.6169154228855721,0.6001135350449119,0.5974842767295597
2020_21_20210215_CHE_NEW,2020_21,2021-02-15,0,0.595959595959596,0.595959595959596,0.5837672875541929,0.5974842767295597
2020_21_20210215_WHU_SHU,2020_21,2021-02-15,1,0.468586387434555,0.468586387434555,0.48172945212646445,0.5177664974619289
2020_21_20210217_BUR_FUL,2020_21,2021-02-17,0,0.4158163265306122,0.4158163265306122,0.4394130973266141,0.33620689655172414
2020_21_20210217_EVE_MCI,2020_21,2021-02-17,1,0.5805626598465473,0.5805626598465473,0.5716364557441371,0.5473441108545035
2020_21_20210219_WOL_LEE,2020_21,2021-02-19,0,0.5078534031413613,0.5078534031413613,0.5134229039251081,0.5340909090909091
2020_21_20210220_BUR_WBA,2020_21,2021-02-20,0,0.4329896907216495,0.4329896907216495,0.45311809080317317,0.44859813084112143
2020_21_20210220_FUL_SHU,2020_21,2021-02-20,0,0.4040404040404041,0.4040404040404041,0.43006729869397897,0.33620689655172414
2020_21_20210220_LIV_EVE,2020_21,2021-02-20,0,0.595959595959596,0.595959595959596,0.5837672875541929,0.5974842767295597
2020_21_20210220_SOU_CHE,2020_21,2021-02-20,0,0.5091383812010444,0.5091383812010444,0.5144596087835879,0.5340909090909091
2020_21_20210221_ARS_MCI,2020_21,2021-02-21,0,0.5416666666666667,0.5416666666666667,0.5406376633838402,0.5473441108545035
2020_21_20210221_AVL_LEI,2020_21,2021-02-21,1,0.5404699738903395,0.5404699738903395,0.5396776675187684,0.5473441108545035
2020_21_20210221_MUN_NEW,2020_21,2021-02-21,1,0.6090225563909775,0.6090225563909775,0.593980882075071,0.5974842767295597
2020_21_20210221_WHU_TOT,2020_21,2021-02-21,1,0.4816753926701571,0.4816753926701571,0.4922901968907414,0.5177664974619289
2020_21_20210222_BRI_CRY,2020_21,2021-02-22,1,0.4304123711340206,0.4304123711340206,0.45105623344508383,0.4339622641509434
2020_21_20210223_LEE_SOU,2020_21,2021-02-23,1,0.5743589743589743,0.5743589743589743,0.5667234330699167,0.5473441108545035
2020_21_20210227_LEE_AVL,2020_21,2021-02-27,0,0.5924050632911392,0.5924050632911392,0.5809752010250929,0.5974842767295597
2020_21_20210227_MCI_WHU,2020_21,2021-02-27,1,0.6212871287128713,0.6212871287128713,0.6034969692802385,0.5974842767295597
2020_21_20210227_NEW_WOL,2020_21,2021-02-27,0,0.4050632911392405,0.4050632911392405,0.43087722403101286,0.33620689655172414
2020_21_20210227_WBA_BRI,2020_21,2021-02-27,0,0.4455958549222798,0.4455958549222798,0.4632249193892787,0.44859813084112143
2020_21_20210228_CHE_MUN,2020_21,2021-02-28,0,0.4947643979057591,0.4947643979057591,0.5028578267301754,0.5177664974619289
2020_21_20210228_CRY_FUL,2020_21,2021-02-28,0,0.4060913705583756,0.4060913705583756,0.4316916334604237,0.33620689655172414
2020_21_20210228_LEI_ARS,2020_21,2021-02-28,1,0.4856396866840731,0.4856396866840731,0.49549054240421614,0.5177664974619289
2020_21_20210228_SHU_LIV,2020_21,2021-02-28,0,0.5743589743589743,0.5743589743589743,0.5667234330699167,0.5473441108545035
2020_21_20210228_TOT_BUR,2020_21,2021-02-28,1,0.5117493472584856,0.5117493472584856,0.5165657121625271,0.5340909090909091
2020_21_20210301_EVE_SOU,2020_21,2021-03-01,0,0.486910994764398,0.486910994764398,0.4965169509412513,0.5177664974619289
2020_21_20210302_MCI_WOL,2020_21,2021-03-02,1,0.5544041450777203,0.5544041450777203,0.5508356847400654,0.5473441108545035
2020_21_20210303_BUR_LEI,2020_21,2021-03-03,0,0.4545454545454546,0.4545454545454546,0.470419025128268,0.44859813084112143
2020_21_20210303_CRY_MUN,2020_21,2021-03-03,0,0.5390625,0.5390625,0.5385482051544803,0.5473441108545035
2020_21_20210303_SHU_AVL,2020_21,2021-03-03,0,0.441860465116279,0.441860465116279,0.4602265880405657,0.44859813084112143
2020_21_20210304_FUL_TOT,2020_21,2021-03-04,0,0.4738219895287958,0.4738219895287958,0.48595232043969744,0.5177664974619289
2020_21_20210304_LIV_CHE,2020_21,2021-03-04,0,0.5352480417754569,0.5352480417754569,0.535485240976924,0.5473441108545035
2020_21_20210304_WBA_EVE,2020_21,2021-03-04,0,0.4895287958115184,0.4895287958115184,0.49863055244111465,0.5177664974619289
2020_21_20210306_AVL_WOL,2020_21,2021-03-06,0,0.4481865284974093,0.4481865284974093,0.46530598325648126,0.44859813084112143
2020_21_20210306_BRI_LEI,2020_21,2021-03-06,1,0.4329896907216495,0.4329896907216495,0.45311809080317317,0.44859813084112143
2020_21_20210306_BUR_ARS,2020_21,2021-03-06,0,0.4960835509138382,0.4960835509138382,0.5039228825844773,0.5177664974619289
2020_21_20210306_SHU_SOU,2020_21,2021-03-06,0,0.4267352185089973,0.4267352185089973,0.44811743314691366,0.4339622641509434
2020_21_20210307_LIV_FUL,2020_21,2021-03-07,0,0.5633074935400517,0.5633074935400517,0.5579392073188505,0.5473441108545035
2020_21_20210307_MCI_MUN,2020_21,2021-03-07,0,0.5544041450777203,0.5544041450777203,0.5508356847400654,0.5473441108545035
2020_21_20210307_TOT_CRY,2020_21,2021-03-07,1,0.518324607329843,0.518324607329843,0.5218667905879901,0.5473441108545035
2020_21_20210307_WBA_NEW,2020_21,2021-03-07,0,0.423076923076923,0.423076923076923,0.4451972947315599,0.4339622641509434
2020_21_20210308_CHE_EVE,2020_21,2021-03-08,0,0.4947643979057591,0.4947643979057591,0.5028578267301754,0.5177664974619289
2020_21_20210308_WHU_LEE,2020_21,2021-03-08,0,0.5743589743589743,0.5743589743589743,0.5667234330699167,0.5473441108545035
2020_21_20210310_MCI_SOU,2020_21,2021-03-10,1,0.6317073170731708,0.6317073170731708,0.6115212039621251,0.6973684210526315
2020_21_20210312_NEW_AVL,2020_21,2021-03-12,0,0.4219948849104858,0.4219948849104858,0.4443343014898831,0.4339622641509434
2020_21_20210313_CRY_WBA,2020_21,2021-03-13,0,0.4030226700251889,0.4030226700251889,0.42926182490057807,0.33620689655172414
2020_21_20210313_EVE_BUR,2020_21,2021-03-13,1,0.4571428571428572,0.4571428571428572,0.47250937553586264,0.4673913043478261
2020_21_20210313_FUL_MCI,2020_21,2021-03-13,1,0.5364583333333334,0.5364583333333334,0.5364573916351385,0.5473441108545035
2020_21_20210313_LEE_CHE,2020_21,2021-03-13,0,0.5390625,0.5390625,0.5385482051544803,0.5473441108545035
2020_21_20210314_ARS_TOT,2020_21,2021-03-14,1,0.5013054830287206,0.5013054830287206,0.5081385156959539,0.5294117647058824
2020_21_20210314_LEI_SHU,2020_21,2021-03-14,1,0.4751958224543081,0.4751958224543081,0.487060766789216,0.5177664974619289
2020_21_20210314_MUN_WHU,2020_21,2021-03-14,0,0.5065274151436031,0.5065274151436031,0.512352991745333,0.5340909090909091
2020_21_20210314_SOU_BRI,2020_21,2021-03-14,1,0.4075949367088607,0.4075949367088607,0.43288337145518385,0.33620689655172414
2020_21_20210315_WOL_LIV,2020_21,2021-03-15,0,0.486910994764398,0.486910994764398,0.4965169509412513,0.5177664974619289
2020_21_20210319_FUL_LEE,2020_21,2021-03-19,1,0.4661458333333333,0.4661458333333333,0.4797618344438811,0.4673913043478261
2020_21_20210320_BRI_NEW,2020_21,2021-03-20,1,0.4219948849104858,0.4219948849104858,0.4443343014898831,0.4339622641509434
2020_21_20210321_AVL_TOT,2020_21,2021-03-21,0,0.5157068062827225,0.5157068062827225,0.5197568012849592,0.5340909090909091
2020_21_20210321_WHU_ARS,2020_21,2021-03-21,1,0.4895287958115184,0.4895287958115184,0.49863055244111465,0.5177664974619289
2020_21_20210403_ARS_LIV,2020_21,2021-04-03,1,0.5364583333333334,0.5364583333333334,0.5364573916351385,0.5473441108545035
2020_21_20210403_CHE_WBA,2020_21,2021-04-03,1,0.5506493506493506,0.5506493506493506,0.5478335284309197,0.5473441108545035
2020_21_20210403_LEE_SHU,2020_21,2021-04-03,1,0.5274151436031332,0.5274151436031332,0.5291873709147595,0.5473441108545035
2020_21_20210403_LEI_MCI,2020_21,2021-04-03,0,0.5013054830287206,0.5013054830287206,0.5081385156959539,0.5294117647058824
2020_21_20210404_AVL_FUL,2020_21,2021-04-04,1,0.4329896907216495,0.4329896907216495,0.45311809080317317,0.44859813084112143
2020_21_20210404_MUN_BRI,2020_21,2021-04-04,1,0.4973821989528796,0.4973821989528796,0.5049713484409101,0.5177664974619289
2020_21_20210404_NEW_TOT,2020_21,2021-04-04,1,0.5078534031413613,0.5078534031413613,0.5134229039251081,0.5340909090909091
2020_21_20210404_SOU_BUR,2020_21,2021-04-04,1,0.4441558441558441,0.4441558441558441,0.4620687212109685,0.44859813084112143
2020_21_20210405_EVE_CRY,2020_21,2021-04-05,0,0.4122137404580152,0.4122137404580152,0.43654907296697165,0.33620689655172414
2020_21_20210405_WOL_WHU,2020_21,2021-04-05,1,0.3969849246231156,0.3969849246231156,0.4244911597806644,0.33620689655172414
2020_21_20210409_FUL_WOL,2020_21,2021-04-09,0,0.364963503649635,0.364963503649635,0.39944411400368357,0.2857142857142857
2020_21_20210410_CRY_CHE,2020_21,2021-04-10,1,0.4583333333333333,0.4583333333333333,0.47346777948793084,0.4673913043478261
2020_21_20210410_LIV_AVL,2020_21,2021-04-10,1,0.589873417721519,0.589873417721519,0.5789834145707479,0.5974842767295597
2020_21_20210410_MCI_LEE,2020_21,2021-04-10,1,0.6466346153846154,0.6466346153846154,0.6229107134837304,0.6973684210526315
2020_21_20210411_BUR_NEW,2020_21,2021-04-11,1,0.399497487437186,0.399497487437186,0.4264747808708139,0.33620689655172414
2020_21_20210411_SHU_ARS,2020_21,2021-04-11,1,0.4751958224543081,0.4751958224543081,0.487060766789216,0.5177664974619289
2020_21_20210411_TOT_MUN,2020_21,2021-04-11,1,0.5130890052356021,0.5130890052356021,0.517646106979171,0.5340909090909091
2020_21_20210411_WHU_LEI,2020_21,2021-04-11,1,0.4882506527415144,0.4882506527415144,0.49759857433300436,0.5177664974619289
2020_21_20210412_BRI_EVE,2020_21,2021-04-12,0,0.4318766066838046,0.4318766066838046,0.45222742127525595,0.44859813084112143
2020_21_20210412_WBA_SOU,2020_21,2021-04-12,1,0.4699738903394256,0.4699738903394256,0.48284833801723476,0.5177664974619289
2020_21_20210416_EVE_TOT,2020_21,2021-04-16,1,0.5117493472584856,0.5117493472584856,0.5165657121625271,0.5340909090909091
2020_21_20210417_NEW_WHU,2020_21,2021-04-17,1,0.5065274151436031,0.5065274151436031,0.512352991745333,0.5340909090909091
2020_21_20210417_WOL_SHU,2020_21,2021-04-17,0,0.4086294416243655,0.4086294416243655,0.43370377999780046,0.33620689655172414
2020_21_20210418_ARS_FUL,2020_21,2021-04-18,0,0.4673629242819843,0.4673629242819843,0.4807429999362693,0.5177664974619289
2020_21_20210418_MUN_BUR,2020_21,2021-04-18,1,0.5428571428571429,0.5428571428571429,0.5415923731064706,0.5473441108545035
2020_21_20210419_LEE_LIV,2020_21,2021-04-19,0,0.6246913580246914,0.6246913580246914,0.6061248126456944,0.5974842767295597
2020_21_20210420_CHE_BRI,2020_21,2021-04-20,0,0.441860465116279,0.441860465116279,0.4602265880405657,0.44859813084112143
2020_21_20210421_AVL_MCI,2020_21,2021-04-21,1,0.5681233933161953,0.5681233933161953,0.561771897467745,0.5473441108545035
2020_21_20210421_TOT_SOU,2020_21,2021-04-21,1,0.5454545454545455,0.5454545454545455,0.5436743069870269,0.5473441108545035
2020_21_20210422_LEI_WBA,2020_21,2021-04-22,1,0.4960835509138382,0.4960835509138382,0.5039228825844773,0.5177664974619289
2020_21_20210423_ARS_EVE,2020_21,2021-04-23,0,0.4791666666666667,0.4791666666666667,0.49026523059176613,0.5177664974619289
2020_21_20210424_LIV_NEW,2020_21,2021-04-24,0,0.6188118811881189,0.6188118811881189,0.601582472083718,0.5974842767295597
2020_21_20210424_SHU_BRI,2020_21,2021-04-24,0,0.4050632911392405,0.4050632911392405,0.43087722403101286,0.33620689655172414
2020_21_20210424_WHU_CHE,2020_21,2021-04-24,0,0.4791666666666667,0.4791666666666667,0.49026523059176613,0.5177664974619289
2020_21_20210425_AVL_WBA,2020_21,2021-04-25,1,0.4921465968586388,0.4921465968586388,0.5007442028844669,0.5177664974619289
2020_21_20210425_LEE_MUN,2020_21,2021-04-25,0,0.6015037593984962,0.6015037593984962,0.5881114576326624,0.5974842767295597
2020_21_20210425_WOL_BUR,2020_21,2021-04-25,1,0.4122137404580152,0.4122137404580152,0.43654907296697165,0.33620689655172414
2020_21_20210426_LEI_CRY,2020_21,2021-04-26,1,0.4673629242819843,0.4673629242819843,0.4807429999362693,0.5177664974619289
2020_21_20210430_SOU_LEI,2020_21,2021-04-30,0,0.5143603133159269,0.5143603133159269,0.5186712272194277,0.5340909090909091
2020_21_20210501_BRI_LEE,2020_21,2021-05-01,0,0.5013054830287206,0.5013054830287206,0.5081385156959539,0.5294117647058824
2020_21_20210501_CHE_FUL,2020_21,2021-05-01,0,0.4699738903394256,0.4699738903394256,0.48284833801723476,0.5177664974619289
2020_21_20210501_CRY_MCI,2020_21,2021-05-01,0,0.5555555555555556,0.5555555555555556,0.5517555669795683,0.5473441108545035
2020_21_20210501_EVE_AVL,2020_21,2021-05-01,1,0.5013054830287206,0.5013054830287206,0.5081385156959539,0.5294117647058824
2020_21_20210502_NEW_ARS,2020_21,2021-05-02,0,0.5364583333333334,0.5364583333333334,0.5364573916351385,0.5473441108545035
2020_21_20210502_TOT_SHU,2020_21,2021-05-02,1,0.5644329896907216,0.5644329896907216,0.5588355587058697,0.5473441108545035
2020_21_20210503_BUR_WHU,2020_21,2021-05-03,1,0.5026178010471204,0.5026178010471204,0.50919778339193,0.5340909090909091
2020_21_20210503_WBA_WOL,2020_21,2021-05-03,0,0.4344473007712082,0.4344473007712082,0.4542848969442463,0.44859813084112143
2020_21_20210507_LEI_NEW,2020_21,2021-05-07,1,0.5518134715025906,0.5518134715025906,0.5487646872499922,0.5473441108545035
2020_21_20210508_LEE_TOT,2020_21,2021-05-08,1,0.5826972010178116,0.5826972010178116,0.5733237007443254,0.5473441108545035
2020_21_20210508_LIV_SOU,2020_21,2021-05-08,0,0.6466346153846154,0.6466346153846154,0.6229107134837304,0.6973684210526315
2020_21_20210508_MCI_CHE,2020_21,2021-05-08,1,0.4307692307692307,0.4307692307692307,0.4513416227941123,0.4375292790679155
2020_21_20210508_SHU_CRY,2020_21,2021-05-08,0,0.4158163265306122,0.4158163265306122,0.4394130973266141,0.33620689655172414
2020_21_20210509_ARS_WBA,2020_21,2021-05-09,1,0.5428571428571429,0.5428571428571429,0.5415923731064706,0.5473441108545035
2020_21_20210509_AVL_MUN,2020_21,2021-05-09,1,0.5518134715025906,0.5518134715025906,0.5487646872499922,0.5473441108545035
2020_21_20210509_WHU_EVE,2020_21,2021-05-09,0,0.5026178010471204,0.5026178010471204,0.50919778339193,0.5340909090909091
2020_21_20210509_WOL_BRI,2020_21,2021-05-09,1,0.4075949367088607,0.4075949367088607,0.43288337145518385,0.33620689655172414
2020_21_20210510_FUL_BUR,2020_21,2021-05-10,0,0.4673629242819843,0.4673629242819843,0.4807429999362693,0.5177664974619289
2020_21_20210511_MUN_LEI,2020_21,2021-05-11,1,0.4908616187989557,0.4908616187989557,0.499706691638836,0.5177664974619289
2020_21_20210511_SOU_CRY,2020_21,2021-05-11,1,0.4973958333333334,0.4973958333333334,0.5049823559669739,0.5177664974619289
2020_21_20210512_CHE_ARS,2020_21,2021-05-12,0,0.4687499999999999,0.4687499999999999,0.481861380406874,0.5177664974619289
2020_21_20210513_AVL_EVE,2020_21,2021-05-13,0,0.5208333333333334,0.5208333333333334,0.5238881326997545,0.5473441108545035
2020_21_20210513_MUN_LIV,2020_21,2021-05-13,1,0.5644329896907216,0.5644329896907216,0.5588355587058697,0.5473441108545035
2020_21_20210514_NEW_MCI,2020_21,2021-05-14,1,0.619753086419753,0.619753086419753,0.6023108233175278,0.5974842767295597
2020_21_20210515_BRI_WHU,2020_21,2021-05-15,0,0.4725848563968668,0.4725848563968668,0.48495428518173067,0.5177664974619289
2020_21_20210515_BUR_LEE,2020_21,2021-05-15,1,0.5728900255754477,0.5728900255754477,0.5655581349533773,0.5473441108545035
2020_21_20210515_SOU_FUL,2020_21,2021-05-15,1,0.4856396866840731,0.4856396866840731,0.49549054240421614,0.5177664974619289
2020_21_20210516_CRY_AVL,2020_21,2021-05-16,1,0.4934725848563968,0.4934725848563968,0.5018148193727936,0.5177664974619289
2020_21_20210516_EVE_SHU,2020_21,2021-05-16,0,0.518324607329843,0.518324607329843,0.5218667905879901,0.5473441108545035
2020_21_20210516_TOT_WOL,2020_21,2021-05-16,0,0.5169712793733681,0.5169712793733681,0.520776079375094,0.5340909090909091
2020_21_20210516_WBA_LIV,2020_21,2021-05-16,1,0.664319248826291,0.664319248826291,0.6362296036569884,0.6973684210526315
2020_21_20210518_BRI_MCI,2020_21,2021-05-18,1,0.5376623376623377,0.5376623376623377,0.5374242172929549,0.5473441108545035
2020_21_20210518_CHE_LEI,2020_21,2021-05-18,1,0.4470284237726098,0.4470284237726098,0.46437553490327443,0.44859813084112143
2020_21_20210518_MUN_FUL,2020_21,2021-05-18,0,0.6025,0.6025,0.5888906370018347,0.5974842767295597
2020_21_20210518_SOU_LEE,2020_21,2021-05-18,0,0.6341463414634148,0.6341463414634148,0.6133908901692228,0.6973684210526315
2020_21_20210519_BUR_LIV,2020_21,2021-05-19,1,0.705240174672489,0.705240174672489,0.6662332547039128,0.7
2020_21_20210519_CRY_ARS,2020_21,2021-05-19,1,0.5503875968992248,0.5503875968992248,0.5476241100734952,0.5473441108545035
2020_21_20210519_EVE_WOL,2020_21,2021-05-19,0,0.4559585492227979,0.4559585492227979,0.4715561384028046,0.4673913043478261
2020_21_20210519_NEW_SHU,2020_21,2021-05-19,0,0.5286458333333333,0.5286458333333333,0.5301775472335527,0.5473441108545035
2020_21_20210519_TOT_AVL,2020_21,2021-05-19,1,0.619753086419753,0.619753086419753,0.6023108233175278,0.5974842767295597
2020_21_20210519_WBA_WHU,2020_21,2021-05-19,1,0.589873417721519,0.589873417721519,0.5789834145707479,0.5974842767295597
2020_21_20210523_ARS_BRI,2020_21,2021-05-23,0,0.5592783505154639,0.5592783505154639,0.5547273198132483,0.5473441108545035
2020_21_20210523_AVL_CHE,2020_21,2021-05-23,1,0.5692307692307692,0.5692307692307692,0.5626521681648817,0.5473441108545035
2020_21_20210523_FUL_NEW,2020_21,2021-05-23,0,0.5790816326530612,0.5790816326530612,0.5704647979142365,0.5473441108545035
2020_21_20210523_LEE_WBA,2020_21,2021-05-23,1,0.6736111111111112,0.6736111111111112,0.643146272879715,0.6973684210526315
2020_21_20210523_LEI_TOT,2020_21,2021-05-23,1,0.5969773299748111,0.5969773299748111,0.5845657373931259,0.5974842767295597
2020_21_20210523_LIV_CRY,2020_21,2021-05-23,0,0.6935123042505593,0.6935123042505593,0.6577583120562009,0.7
2020_21_20210523_MCI_EVE,2020_21,2021-05-23,1,0.5877862595419847,0.5877862595419847,0.5773393924071105,0.5473441108545035
2020_21_20210523_SHU_BUR,2020_21,2021-05-23,0,0.5492227979274612,0.5492227979274612,0.5466919990864306,0.5473441108545035
2020_21_20210523_WHU_SOU,2020_21,2021-05-23,1,0.5862944162436549,0.5862944162436549,0.5761632374874749,0.5473441108545035
2020_21_20210523_WOL_MUN,2020_21,2021-05-23,1,0.5503875968992248,0.5503875968992248,0.5476241100734952,0.5473441108545035
2021_22_20210814_CHE_CRY,2021_22,2021-08-14,1,0.5350649350649351,0.5350649350649351,0.530124241193405,0.5537634408602151
2021_22_20210814_EVE_SOU,2021_22,2021-08-14,1,0.4637305699481865,0.4637305699481865,0.4739281997815249,0.47058823529411764
2021_22_20210814_LEI_WOL,2021_22,2021-08-14,0,0.4701298701298701,0.4701298701298701,0.4789636210420094,0.496551724137931
2021_22_20210814_MUN_LEE,2021_22,2021-08-14,1,0.5812182741116751,0.5812182741116751,0.566168183591518,0.5537634408602151
2021_22_20210814_NOR_LIV,2021_22,2021-08-14,1,0.6301703163017031,0.6301703163017031,0.6036397201368126,0.6619718309859155
2021_22_20210814_WAT_AVL,2021_22,2021-08-14,1,0.4727272727272727,0.4727272727272727,0.48100871919489485,0.496551724137931
2021_22_20210815_NEW_WHU,2021_22,2021-08-15,1,0.4935064935064935,0.4935064935064935,0.4973866661214952,0.5151515151515151
2021_22_20210815_TOT_MCI,2021_22,2021-08-15,0,0.5207253886010362,0.5207253886010362,0.5188432815137848,0.5537634408602151
2021_22_20210821_AVL_NEW,2021_22,2021-08-21,0,0.5414507772020726,0.5414507772020726,0.5351387987575602,0.5537634408602151
2021_22_20210821_BRI_WAT,2021_22,2021-08-21,0,0.4271099744245524,0.4271099744245524,0.4452449957730837,0.4320388349514563
2021_22_20210821_CRY_BRE,2021_22,2021-08-21,0,0.4111675126903554,0.4111675126903554,0.43285982466827544,0.3577981651376147
2021_22_20210821_LEE_EVE,2021_22,2021-08-21,1,0.5641025641025641,0.5641025641025641,0.5528623494865024,0.5537634408602151
2021_22_20210821_LIV_BUR,2021_22,2021-08-21,0,0.6188118811881189,0.6188118811881189,0.5950359774817876,0.6
2021_22_20210821_MCI_NOR,2021_22,2021-08-21,1,0.7105831533477323,0.7105831533477323,0.6624691362570878,0.6619718309859155
2021_22_20210822_ARS_CHE,2021_22,2021-08-22,0,0.4637305699481865,0.4637305699481865,0.4739281997815249,0.47058823529411764
2021_22_20210822_SOU_MUN,2021_22,2021-08-22,0,0.5567010309278351,0.5567010309278351,0.5470836724099575,0.5537634408602151
2021_22_20210822_WOL_TOT,2021_22,2021-08-22,0,0.4271099744245524,0.4271099744245524,0.4452449957730837,0.4320388349514563
2021_22_20210823_WHU_LEI,2021_22,2021-08-23,1,0.53125,0.53125,0.5271255485161055,0.5537634408602151
2021_22_20210828_AVL_BRE,2021_22,2021-08-28,0,0.4883116883116883,0.4883116883116883,0.4932902791850874,0.5106382978723404
2021_22_20210828_BRI_EVE,2021_22,2021-08-28,0,0.4296675191815857,0.4296675191815857,0.44723862748249216,0.4320388349514563
2021_22_20210828_LIV_CHE,2021_22,2021-08-28,0,0.4753246753246753,0.4753246753246753,0.4830544539009866,0.496551724137931
2021_22_20210828_MCI_ARS,2021_22,2021-08-28,1,0.609452736318408,0.609452736318408,0.5879022529282916,0.6
2021_22_20210828_NEW_SOU,2021_22,2021-08-28,1,0.5259067357512953,0.5259067357512953,0.5229222835266658,0.5537634408602151
2021_22_20210828_NOR_LEI,2021_22,2021-08-28,1,0.533678756476684,0.533678756476684,0.5290348890625803,0.5537634408602151
2021_22_20210828_WHU_CRY,2021_22,2021-08-28,1,0.5090909090909091,0.5090909090909091,0.5096757321093229,0.5182481751824818
2021_22_20210829_BUR_LEE,2021_22,2021-08-29,0,0.5414507772020726,0.5414507772020726,0.5351387987575602,0.5537634408602151
2021_22_20210829_TOT_WAT,2021_22,2021-08-29,0,0.5194805194805195,0.5194805194805195,0.517862866612322,0.5537634408602151
2021_22_20210829_WOL_MUN,2021_22,2021-08-29,0,0.4765625,0.4765625,0.4840295784456312,0.496551724137931
2021_22_20210911_ARS_NOR,2021_22,2021-09-11,0,0.5592783505154639,0.5592783505154639,0.5490974118522409,0.5537634408602151
2021_22_20210911_BRE_BRI,2021_22,2021-09-11,0,0.3895781637717121,0.3895781637717121,0.4162233700636969,0.34285714285714286
2021_22_20210911_CHE_AVL,2021_22,2021-09-11,1,0.5376623376623377,0.5376623376623377,0.5321646737409157,0.5537634408602151
2021_22_20210911_CRY_TOT,2021_22,2021-09-11,1,0.4573643410852713,0.4573643410852713,0.4689240559804921,0.47058823529411764
2021_22_20210911_LEI_MCI,2021_22,2021-09-11,0,0.5515463917525772,0.5515463917525772,0.543051631545471,0.5537634408602151
2021_22_20210911_MUN_NEW,2021_22,2021-09-11,1,0.6595744680851063,0.6595744680851063,0.6256054280443683,0.6619718309859155
2021_22_20210911_SOU_WHU,2021_22,2021-09-11,0,0.5555555555555556,0.5555555555555556,0.5461881781907449,0.5537634408602151
2021_22_20210911_WAT_WOL,2021_22,2021-09-11,0,0.416243654822335,0.416243654822335,0.4367949739769237,0.3577981651376147
2021_22_20210912_LEE_LIV,2021_22,2021-09-12,1,0.6084788029925187,0.6084788029925187,0.5871577208236011,0.6
2021_22_20210913_EVE_BUR,2021_22,2021-09-13,1,0.4817708333333334,0.4817708333333334,0.488133807163274,0.496551724137931
2021_22_20210917_NEW_LEE,2021_22,2021-09-17,0,0.5812182741116751,0.5812182741116751,0.566168183591518,0.5537634408602151
2021_22_20210918_AVL_EVE,2021_22,2021-09-18,1,0.4791666666666667,0.4791666666666667,0.48608145816906667,0.496551724137931
2021_22_20210918_BUR_ARS,2021_22,2021-09-18,0,0.4727272727272727,0.4727272727272727,0.48100871919489485,0.496551724137931
2021_22_20210918_LIV_CRY,2021_22,2021-09-18,1,0.6341463414634148,0.6341463414634148,0.6066366672744237,0.6619718309859155
2021_22_20210918_MCI_SOU,2021_22,2021-09-18,0,0.6810933940774488,0.6810933940774488,0.6413644760850312,0.6619718309859155
2021_22_20210918_NOR_WAT,2021_22,2021-09-18,1,0.4547803617571059,0.4547803617571059,0.46689465597928936,0.4320388349514563
2021_22_20210918_WOL_BRE,2021_22,2021-09-18,0,0.3851851851851852,0.3851851851851852,0.41286016547523186,0.3333333333333333
2021_22_20210919_BRI_LEI,2021_22,2021-09-19,1,0.440721649484536,0.440721649484536,0.4558741599306225,0.4320388349514563
2021_22_20210919_TOT_CHE,2021_22,2021-09-19,1,0.4585492227979275,0.4585492227979275,0.469854983693999,0.47058823529411764
2021_22_20210919_WHU_MUN,2021_22,2021-09-19,1,0.5666666666666667,0.5666666666666667,0.5548610029731521,0.5537634408602151
2021_22_20210925_BRE_LIV,2021_22,2021-09-25,1,0.5478036175710594,0.5478036175710594,0.5401204041227672,0.5537634408602151
2021_22_20210925_CHE_MCI,2021_22,2021-09-25,0,0.4510309278350516,0.4510309278350516,0.4639518987000996,0.4320388349514563
2021_22_20210925_EVE_NOR,2021_22,2021-09-25,0,0.5078125,0.5078125,0.5086678831997271,0.5182481751824818
2021_22_20210925_LEE_WHU,2021_22,2021-09-25,1,0.5954773869346733,0.5954773869346733,0.5771817400698664,0.6
2021_22_20210925_LEI_BUR,2021_22,2021-09-25,1,0.5156249999999999,0.5156249999999999,0.5148255564732324,0.5182481751824818
2021_22_20210925_MUN_AVL,2021_22,2021-09-25,0,0.5989974937343359,0.5989974937343359,0.5798892965697222,0.6
2021_22_20210925_WAT_NEW,2021_22,2021-09-25,0,0.4701298701298701,0.4701298701298701,0.4789636210420094,0.496551724137931
2021_22_20210926_ARS_TOT,2021_22,2021-09-26,1,0.4637305699481865,0.4637305699481865,0.4739281997815249,0.47058823529411764
2021_22_20210926_SOU_WOL,2021_22,2021-09-26,0,0.4521963824289405,0.4521963824289405,0.4648663509351481,0.4320388349514563
2021_22_20210927_CRY_BRI,2021_22,2021-09-27,0,0.4137055837563452,0.4137055837563452,0.43482637263941504,0.3577981651376147
2021_22_20211002_BRI_ARS,2021_22,2021-10-02,0,0.466321243523316,0.466321243523316,0.4759661439069599,0.47058823529411764
2021_22_20211002_BUR_NOR,2021_22,2021-10-02,0,0.5052083333333333,0.5052083333333333,0.5066146484413956,0.5182481751824818
2021_22_20211002_CHE_SOU,2021_22,2021-10-02,1,0.5350649350649351,0.5350649350649351,0.530124241193405,0.5537634408602151
2021_22_20211002_LEE_WAT,2021_22,2021-10-02,0,0.5677749360613811,0.5677749360613811,0.5557243260172272,0.5537634408602151
2021_22_20211002_MUN_EVE,2021_22,2021-10-02,0,0.5310880829015544,0.5310880829015544,0.5269982303087757,0.5537634408602151
2021_22_20211002_WOL_NEW,2021_22,2021-10-02,1,0.4973958333333334,0.4973958333333334,0.5004538823295633,0.5151515151515151
2021_22_20211003_CRY_LEI,2021_22,2021-10-03,1,0.4753246753246753,0.4753246753246753,0.4830544539009866,0.496551724137931
2021_22_20211003_LIV_MCI,2021_22,2021-10-03,1,0.5529715762273902,0.5529715762273902,0.544167020742704,0.5537634408602151
2021_22_20211003_TOT_AVL,2021_22,2021-10-03,1,0.5078125,0.5078125,0.5086678831997271,0.5182481751824818
2021_22_20211003_WHU_BRE,2021_22,2021-10-03,1,0.5,0.5,0.5025075787351081,0.5182481751824818
2021_22_20211016_AVL_WOL,2021_22,2021-10-16,1,0.4536082474226803,0.4536082474226803,0.4659744603987488,0.4320388349514563
2021_22_20211016_BRE_CHE,2021_22,2021-10-16,0,0.4701298701298701,0.4701298701298701,0.4789636210420094,0.496551724137931
2021_22_20211016_LEI_MUN,2021_22,2021-10-16,1,0.5438144329896907,0.5438144329896907,0.5369931417494269,0.5537634408602151
2021_22_20211016_MCI_BUR,2021_22,2021-10-16,0,0.6862302483069979,0.6862302483069979,0.6450831161357654,0.6619718309859155
2021_22_20211016_NOR_BRI,2021_22,2021-10-16,0,0.4510309278350516,0.4510309278350516,0.4639518987000996,0.4320388349514563
2021_22_20211016_SOU_LEE,2021_22,2021-10-16,0,0.557840616966581,0.557840616966581,0.5479742602472862,0.5537634408602151
2021_22_20211016_WAT_LIV,2021_22,2021-10-16,1,0.6059850374064838,0.6059850374064838,0.5852495287949725,0.6
2021_22_20211017_EVE_WHU,2021_22,2021-10-17,0,0.5090909090909091,0.5090909090909091,0.5096757321093229,0.5182481751824818
2021_22_20211017_NEW_TOT,2021_22,2021-10-17,1,0.5362694300518135,0.5362694300518135,0.5310705815262322,0.5537634408602151
2021_22_20211018_ARS_CRY,2021_22,2021-10-18,1,0.4973958333333334,0.4973958333333334,0.5004538823295633,0.5151515151515151
2021_22_20211022_ARS_AVL,2021_22,2021-10-22,1,0.538860103626943,0.538860103626943,0.5331052404590401,0.5537634408602151
2021_22_20211023_BRI_MCI,2021_22,2021-10-23,1,0.5246753246753246,0.5246753246753246,0.5219531149146504,0.5537634408602151
2021_22_20211023_CHE_NOR,2021_22,2021-10-23,1,0.5776081424936387,0.5776081424936387,0.5633689157435156,0.5537634408602151
2021_22_20211023_CRY_NEW,2021_22,2021-10-23,0,0.4921875,0.4921875,0.4963465128693582,0.5151515151515151
2021_22_20211023_EVE_WAT,2021_22,2021-10-23,1,0.4779220779220779,0.4779220779220779,0.4851007567582412,0.496551724137931
2021_22_20211023_LEE_WOL,2021_22,2021-10-23,0,0.5064935064935064,0.5064935064935064,0.5076279653246658,0.5182481751824818
2021_22_20211023_SOU_BUR,2021_22,2021-10-23,1,0.4779220779220779,0.4779220779220779,0.4851007567582412,0.496551724137931
2021_22_20211024_BRE_LEI,2021_22,2021-10-24,1,0.5052083333333333,0.5052083333333333,0.5066146484413956,0.5182481751824818
2021_22_20211024_MUN_LIV,2021_22,2021-10-24,1,0.6034912718204488,0.6034912718204488,0.5833387757009325,0.6
2021_22_20211024_WHU_TOT,2021_22,2021-10-24,0,0.538860103626943,0.538860103626943,0.5331052404590401,0.5537634408602151
2021_22_20211030_BUR_BRE,2021_22,2021-10-30,1,0.440721649484536,0.440721649484536,0.4558741599306225,0.4320388349514563
2021_22_20211030_LEI_ARS,2021_22,2021-10-30,0,0.5310880829015544,0.5310880829015544,0.5269982303087757,0.5537634408602151
2021_22_20211030_LIV_BRI,2021_22,2021-10-30,1,0.6283618581907091,0.6283618581907091,0.6022739930005989,0.6619718309859155
2021_22_20211030_MCI_CRY,2021_22,2021-10-30,0,0.660377358490566,0.660377358490566,0.6261984623656899,0.6619718309859155
2021_22_20211030_NEW_CHE,2021_22,2021-10-30,1,0.5492227979274612,0.5492227979274612,0.5412322010560909,0.5537634408602151
2021_22_20211030_TOT_MUN,2021_22,2021-10-30,1,0.5440414507772021,0.5440414507772021,0.5371711894643922,0.5537634408602151
2021_22_20211030_WAT_SOU,2021_22,2021-10-30,0,0.5078125,0.5078125,0.5086678831997271,0.5182481751824818
2021_22_20211031_AVL_WHU,2021_22,2021-10-31,1,0.5286458333333333,0.5286458333333333,0.525077430804434,0.5537634408602151
2021_22_20211031_NOR_LEE,2021_22,2021-10-31,1,0.5428571428571429,0.5428571428571429,0.5362422457131271,0.5537634408602151
2021_22_20211101_WOL_EVE,2021_22,2021-11-01,1,0.4209183673469387,0.4209183673469387,0.44042598891862955,0.4320388349514563
2021_22_20211105_SOU_AVL,2021_22,2021-11-05,0,0.558974358974359,0.558974358974359,0.5488599762079843,0.5537634408602151
2021_22_20211106_BRE_NOR,2021_22,2021-11-06,1,0.4727272727272727,0.4727272727272727,0.48100871919489485,0.496551724137931
2021_22_20211106_BRI_NEW,2021_22,2021-11-06,0,0.4935064935064935,0.4935064935064935,0.4973866661214952,0.5151515151515151
2021_22_20211106_CHE_BUR,2021_22,2021-11-06,0,0.5641025641025641,0.5641025641025641,0.5528623494865024,0.5537634408602151
2021_22_20211106_CRY_WOL,2021_22,2021-11-06,0,0.4045226130653266,0.4045226130653266,0.42772138406176385,0.3577981651376147
2021_22_20211106_MUN_MCI,2021_22,2021-11-06,0,0.5919395465994962,0.5919395465994962,0.5744558636764291,0.6
2021_22_20211107_ARS_WAT,2021_22,2021-11-07,0,0.5979899497487436,0.5979899497487436,0.579114808640407,0.6
2021_22_20211107_EVE_TOT,2021_22,2021-11-07,0,0.4739583333333334,0.4739583333333334,0.48197823704095444,0.496551724137931
2021_22_20211107_LEE_LEI,2021_22,2021-11-07,0,0.5754475703324808,0.5754475703324808,0.561691679984643,0.5537634408602151
2021_22_20211107_WHU_LIV,2021_22,2021-11-07,1,0.6383495145631067,0.6383495145631067,0.6097961189823876,0.6619718309859155
2021_22_20211120_AVL_BRI,2021_22,2021-11-20,0,0.4597402597402597,0.4597402597402597,0.47079095882753685,0.47058823529411764
2021_22_20211120_BUR_CRY,2021_22,2021-11-20,1,0.4381443298969071,0.4381443298969071,0.45385817949901724,0.4320388349514563
2021_22_20211120_LEI_CHE,2021_22,2021-11-20,1,0.4791666666666667,0.4791666666666667,0.48608145816906667,0.496551724137931
2021_22_20211120_LIV_ARS,2021_22,2021-11-20,1,0.639225181598063,0.639225181598063,0.6104531942888969,0.6619718309859155
2021_22_20211120_NEW_BRE,2021_22,2021-11-20,1,0.4869791666666667,0.4869791666666667,0.4922396364650531,0.5106382978723404
2021_22_20211120_NOR_SOU,2021_22,2021-11-20,1,0.4817708333333334,0.4817708333333334,0.488133807163274,0.496551724137931
2021_22_20211120_WAT_MUN,2021_22,2021-11-20,1,0.5790816326530612,0.5790816326530612,0.5645119466302229,0.5537634408602151
2021_22_20211120_WOL_WHU,2021_22,2021-11-20,0,0.464935064935065,0.464935064935065,0.4748756075685213,0.47058823529411764
2021_22_20211121_MCI_EVE,2021_22,2021-11-21,1,0.6365853658536585,0.6365853658536585,0.6084711441424624,0.6619718309859155
2021_22_20211121_TOT_LEE,2021_22,2021-11-21,1,0.5428571428571429,0.5428571428571429,0.5362422457131271,0.5537634408602151
2021_22_20211127_ARS_NEW,2021_22,2021-11-27,0,0.589873417721519,0.589873417721519,0.5728618214239293,0.6
2021_22_20211127_BRI_LEE,2021_22,2021-11-27,0,0.4973958333333334,0.4973958333333334,0.5004538823295633,0.5151515151515151
2021_22_20211127_CRY_AVL,2021_22,2021-11-27,1,0.4753246753246753,0.4753246753246753,0.4830544539009866,0.496551724137931
2021_22_20211127_LIV_SOU,2021_22,2021-11-27,1,0.6736111111111112,0.6736111111111112,0.6359174998338097,0.6619718309859155
2021_22_20211127_NOR_WOL,2021_22,2021-11-27,0,0.416243654822335,0.416243654822335,0.4367949739769237,0.3577981651376147
2021_22_20211128_BRE_EVE,2021_22,2021-11-28,0,0.440721649484536,0.440721649484536,0.4558741599306225,0.4320388349514563
2021_22_20211128_CHE_MUN,2021_22,2021-11-28,0,0.5286458333333333,0.5286458333333333,0.525077430804434,0.5537634408602151
2021_22_20211128_LEI_WAT,2021_22,2021-11-28,1,0.5743589743589743,0.5743589743589743,0.5608460742982369,0.5537634408602151
2021_22_20211128_MCI_WHU,2021_22,2021-11-28,1,0.6332518337408313,0.6332518337408313,0.6059631187095739,0.6619718309859155
2021_22_20211130_LEE_CRY,2021_22,2021-11-30,0,0.5,0.5,0.5025075787351081,0.5182481751824818
2021_22_20211130_NEW_NOR,2021_22,2021-11-30,0,0.5234374999999999,0.5234374999999999,0.5209787319592932,0.5537634408602151
2021_22_20211201_AVL_MCI,2021_22,2021-12-01,1,0.5852417302798981,0.5852417302798981,0.5692829653002225,0.5537634408602151
2021_22_20211201_EVE_LIV,2021_22,2021-12-01,1,0.5984848484848484,0.5984848484848484,0.5794952807389839,0.6
2021_22_20211201_SOU_LEI,2021_22,2021-12-01,1,0.5376623376623377,0.5376623376623377,0.5321646737409157,0.5537634408602151
2021_22_20211201_WAT_CHE,2021_22,2021-12-01,1,0.5592783505154639,0.5592783505154639,0.5490974118522409,0.5537634408602151
2021_22_20211201_WHU_BRI,2021_22,2021-12-01,0,0.4727272727272727,0.4727272727272727,0.48100871919489485,0.496551724137931
2021_22_20211201_WOL_BUR,2021_22,2021-12-01,0,0.4293059125964009,0.4293059125964009,0.44695664702072196,0.4320388349514563
2021_22_20211202_MUN_ARS,2021_22,2021-12-02,1,0.5324675324675325,0.5324675324675325,0.5280828011476911,0.5537634408602151
2021_22_20211202_TOT_BRE,2021_22,2021-12-02,0,0.5052083333333333,0.5052083333333333,0.5066146484413956,0.5182481751824818
2021_22_20211204_NEW_BUR,2021_22,2021-12-04,0,0.4947916666666667,0.4947916666666667,0.49840017060928854,0.5151515151515151
2021_22_20211204_SOU_BRI,2021_22,2021-12-04,0,0.442159383033419,0.442159383033419,0.4569993886014996,0.4320388349514563
2021_22_20211204_WAT_MCI,2021_22,2021-12-04,1,0.660377358490566,0.660377358490566,0.6261984623656899,0.6619718309859155
2021_22_20211204_WHU_CHE,2021_22,2021-12-04,1,0.466321243523316,0.466321243523316,0.4759661439069599,0.47058823529411764
2021_22_20211204_WOL_LIV,2021_22,2021-12-04,0,0.5652173913043478,0.5652173913043478,0.5537315430748863,0.5537634408602151
2021_22_20211205_AVL_LEI,2021_22,2021-12-05,1,0.5130208333333333,0.5130208333333333,0.5127734063825331,0.5182481751824818
2021_22_20211205_LEE_BRE,2021_22,2021-12-05,1,0.5,0.5,0.5025075787351081,0.5182481751824818
2021_22_20211205_MUN_CRY,2021_22,2021-12-05,0,0.5414507772020726,0.5414507772020726,0.5351387987575602,0.5537634408602151
2021_22_20211205_TOT_NOR,2021_22,2021-12-05,1,0.5208333333333334,0.5208333333333334,0.5189282882403592,0.5537634408602151
2021_22_20211206_EVE_ARS,2021_22,2021-12-06,1,0.4701298701298701,0.4701298701298701,0.4789636210420094,0.496551724137931
2021_22_20211210_BRE_WAT,2021_22,2021-12-10,1,0.4817708333333334,0.4817708333333334,0.488133807163274,0.496551724137931
2021_22_20211211_ARS_SOU,2021_22,2021-12-11,1,0.5350649350649351,0.5350649350649351,0.530124241193405,0.5537634408602151
2021_22_20211211_CHE_LEE,2021_22,2021-12-11,1,0.6015037593984962,0.6015037593984962,0.5818141219819275,0.6
2021_22_20211211_LIV_AVL,2021_22,2021-12-11,0,0.6796338672768879,0.6796338672768879,0.6403047731274053,0.6619718309859155
2021_22_20211211_MCI_WOL,2021_22,2021-12-11,0,0.6163366336633663,0.6163366336633663,0.593153064006124,0.6
2021_22_20211211_NOR_MUN,2021_22,2021-12-11,0,0.5604113110539846,0.5604113110539846,0.5499821242737611,0.5537634408602151
2021_22_20211212_BUR_WHU,2021_22,2021-12-12,0,0.5208333333333334,0.5208333333333334,0.5189282882403592,0.5537634408602151
2021_22_20211212_CRY_EVE,2021_22,2021-12-12,1,0.4137055837563452,0.4137055837563452,0.43482637263941504,0.3577981651376147
2021_22_20211212_LEI_NEW,2021_22,2021-12-12,1,0.5969773299748111,0.5969773299748111,0.5783360264764195,0.6
2021_22_20211214_MCI_LEE,2021_22,2021-12-14,1,0.7024070021881839,0.7024070021881839,0.6566780580413857,0.6619718309859155
2021_22_20211214_NOR_AVL,2021_22,2021-12-14,0,0.4484536082474227,0.4484536082474227,0.4619305221824131,0.4320388349514563
2021_22_20211215_ARS_WHU,2021_22,2021-12-15,0,0.5246753246753246,0.5246753246753246,0.5219531149146504,0.5537634408602151
2021_22_20211215_BRI_WOL,2021_22,2021-12-15,0,0.3793103448275862,0.3793103448275862,0.4083751980620154,0.2903225806451613
2021_22_20211215_CRY_SOU,2021_22,2021-12-15,1,0.4559585492227979,0.4559585492227979,0.4678198464566549,0.47058823529411764
2021_22_20211216_CHE_EVE,2021_22,2021-12-16,0,0.5581395348837209,0.5581395348837209,0.5482078143347829,0.5537634408602151
2021_22_20211216_LIV_NEW,2021_22,2021-12-16,1,0.7152034261241969,0.7152034261241969,0.6657203371006299,0.6619718309859155
2021_22_20211218_LEE_ARS,2021_22,2021-12-18,1,0.5466321243523315,0.5466321243523315,0.5392023457769335,0.5537634408602151
2021_22_20211219_NEW_MCI,2021_22,2021-12-19,1,0.6532066508313539,0.6532066508313539,0.620888763110453,0.6619718309859155
2021_22_20211219_TOT_LIV,2021_22,2021-12-19,1,0.583756345177665,0.583756345177665,0.5681336706245514,0.5537634408602151
2021_22_20211219_WOL_CHE,2021_22,2021-12-19,0,0.4496124031007751,0.4496124031007751,0.46283920728795036,0.4320388349514563
2021_22_20211226_AVL_CHE,2021_22,2021-12-26,1,0.4727272727272727,0.4727272727272727,0.48100871919489485,0.496551724137931
2021_22_20211226_BRI_BRE,2021_22,2021-12-26,0,0.4355670103092783,0.4355670103092783,0.4518437110469136,0.4320388349514563
2021_22_20211226_MCI_LEI,2021_22,2021-12-26,1,0.6840909090909091,0.6840909090909091,0.6435365174282525,0.6619718309859155
2021_22_20211226_NOR_ARS,2021_22,2021-12-26,1,0.5376623376623377,0.5376623376623377,0.5321646737409157,0.5537634408602151
2021_22_20211226_TOT_CRY,2021_22,2021-12-26,1,0.4960835509138382,0.4960835509138382,0.49941898078421465,0.5151515151515151
2021_22_20211226_WHU_SOU,2021_22,2021-12-26,1,0.5466321243523315,0.5466321243523315,0.5392023457769335,0.5537634408602151
2021_22_20211227_NEW_MUN,2021_22,2021-12-27,0,0.5913705583756345,0.5913705583756345,0.5740170356469136,0.6
2021_22_20211228_CRY_NOR,2021_22,2021-12-28,1,0.4470284237726098,0.4470284237726098,0.4608132913243956,0.4320388349514563
2021_22_20211228_LEI_LIV,2021_22,2021-12-28,0,0.7209302325581396,0.7209302325581396,0.6697284149286239,0.6619718309859155
2021_22_20211228_SOU_TOT,2021_22,2021-12-28,0,0.5039164490861618,0.5039164490861618,0.5055959853259241,0.5182481751824818
2021_22_20211228_WAT_WHU,2021_22,2021-12-28,1,0.5529715762273902,0.5529715762273902,0.544167020742704,0.5537634408602151
2021_22_20211229_BRE_MCI,2021_22,2021-12-29,0,0.6383495145631067,0.6383495145631067,0.6097961189823876,0.6619718309859155
2021_22_20211229_CHE_BRI,2021_22,2021-12-29,0,0.5065274151436031,0.5065274151436031,0.5076547003710542,0.5182481751824818
2021_22_20211230_MUN_BUR,2021_22,2021-12-30,1,0.5655526992287918,0.5655526992287918,0.5539929074720548,0.5537634408602151
2021_22_20220101_ARS_MCI,2021_22,2022-01-01,1,0.6030150753768844,0.6030150753768844,0.5829736215451216,0.6
2021_22_20220101_CRY_WHU,2021_22,2022-01-01,1,0.5130208333333333,0.5130208333333333,0.5127734063825331,0.5182481751824818
2021_22_20220101_WAT_TOT,2021_22,2022-01-01,0,0.5390625,0.5390625,0.5332641527032201,0.5537634408602151
2021_22_20220102_BRE_AVL,2021_22,2022-01-02,1,0.4609375,0.4609375,0.4717320158826189,0.47058823529411764
2021_22_20220102_CHE_LIV,2021_22,2022-01-02,1,0.5338541666666666,0.5338541666666666,0.5291727536605128,0.5537634408602151
2021_22_20220102_EVE_BRI,2021_22,2022-01-02,1,0.4282051282051282,0.4282051282051282,0.446098467202984,0.4320388349514563
2021_22_20220102_LEE_BUR,2021_22,2022-01-02,1,0.5117493472584856,0.5117493472584856,0.511771281990185,0.5182481751824818
2021_22_20220103_MUN_WOL,2021_22,2022-01-03,0,0.4908616187989557,0.4908616187989557,0.4953009598944098,0.5151515151515151
2021_22_20220111_SOU_BRE,2021_22,2022-01-11,1,0.4727272727272727,0.4727272727272727,0.48100871919489485,0.496551724137931
2021_22_20220112_WHU_NOR,2021_22,2022-01-12,0,0.5743589743589743,0.5743589743589743,0.5608460742982369,0.5537634408602151
2021_22_20220114_BRI_CRY,2021_22,2022-01-14,0,0.4395886889460154,0.4395886889460154,0.45498777565717935,0.4320388349514563
2021_22_20220115_AVL_MUN,2021_22,2022-01-15,1,0.5130208333333333,0.5130208333333333,0.5127734063825331,0.5182481751824818
2021_22_20220115_MCI_CHE,2021_22,2022-01-15,0,0.5234374999999999,0.5234374999999999,0.5209787319592932,0.5537634408602151
2021_22_20220115_NEW_WAT,2021_22,2022-01-15,0,0.5338541666666666,0.5338541666666666,0.5291727536605128,0.5537634408602151
2021_22_20220115_NOR_EVE,2021_22,2022-01-15,1,0.4609375,0.4609375,0.4717320158826189,0.47058823529411764
2021_22_20220115_WOL_SOU,2021_22,2022-01-15,1,0.3984962406015038,0.3984962406015038,0.4230746593636125,0.3577981651376147
2021_22_20220116_LIV_BRE,2021_22,2022-01-16,1,0.578005115089514,0.578005115089514,0.5636769261701131,0.5537634408602151
2021_22_20220116_WHU_LEE,2021_22,2022-01-16,1,0.5877862595419847,0.5877862595419847,0.5712500170382148,0.5537634408602151
2021_22_20220118_BRI_CHE,2021_22,2022-01-18,0,0.4545454545454546,0.4545454545454546,0.4667102183660727,0.4320388349514563
2021_22_20220119_BRE_MUN,2021_22,2022-01-19,1,0.5065274151436031,0.5065274151436031,0.5076547003710542,0.5182481751824818
2021_22_20220119_LEI_TOT,2021_22,2022-01-19,1,0.5364583333333334,0.5364583333333334,0.5312189778186469,0.5537634408602151
2021_22_20220121_WAT_NOR,2021_22,2022-01-21,1,0.5039164490861618,0.5039164490861618,0.5055959853259241,0.5182481751824818
2021_22_20220122_BRE_WOL,2021_22,2022-01-22,1,0.3802469135802469,0.3802469135802469,0.40908919201704486,0.2903225806451613
2021_22_20220122_EVE_AVL,2021_22,2022-01-22,0,0.4739583333333334,0.4739583333333334,0.48197823704095444,0.496551724137931
2021_22_20220122_LEE_NEW,2021_22,2022-01-22,0,0.5743589743589743,0.5743589743589743,0.5608460742982369,0.5537634408602151
2021_22_20220122_MUN_WHU,2021_22,2022-01-22,0,0.5655526992287918,0.5655526992287918,0.5539929074720548,0.5537634408602151
2021_22_20220122_SOU_MCI,2021_22,2022-01-22,0,0.6449275362318841,0.6449275362318841,0.6147221771534289,0.6619718309859155
2021_22_20220123_ARS_BUR,2021_22,2022-01-23,0,0.5428571428571429,0.5428571428571429,0.5362422457131271,0.5537634408602151
2021_22_20220123_CHE_TOT,2021_22,2022-01-23,0,0.5013054830287206,0.5013054830287206,0.503537080499472,0.5182481751824818
2021_22_20220123_CRY_LIV,2021_22,2022-01-23,1,0.5569948186528497,0.5569948186528497,0.5473132969365955,0.5537634408602151
2021_22_20220123_LEI_BRI,2021_22,2022-01-23,0,0.4908616187989557,0.4908616187989557,0.4953009598944098,0.5151515151515151
2021_22_20220205_BUR_WAT,2021_22,2022-02-05,0,0.4571428571428572,0.4571428571428572,0.46875006616837867,0.47058823529411764
2021_22_20220208_BUR_MUN,2021_22,2022-02-08,0,0.5221932114882506,0.5221932114882506,0.519999099954029,0.5537634408602151
2021_22_20220208_NEW_EVE,2021_22,2022-02-08,1,0.5065274151436031,0.5065274151436031,0.5076547003710542,0.5182481751824818
2021_22_20220208_WHU_WAT,2021_22,2022-02-08,0,0.5402597402597403,0.5402597402597403,0.5342040310973075,0.5537634408602151
2021_22_20220209_AVL_LEE,2021_22,2022-02-09,1,0.5629820051413882,0.5629820051413882,0.5519883613176292,0.5537634408602151
2021_22_20220209_MCI_BRE,2021_22,2022-02-09,0,0.6984478935698448,0.6984478935698448,0.6538568939523995,0.6619718309859155
2021_22_20220209_NOR_CRY,2021_22,2022-02-09,0,0.451948051948052,0.451948051948052,0.46467148303549854,0.4320388349514563
2021_22_20220209_TOT_SOU,2021_22,2022-02-09,1,0.5390625,0.5390625,0.5332641527032201,0.5537634408602151
2021_22_20220210_LIV_LEI,2021_22,2022-02-10,0,0.7145922746781115,0.7145922746781115,0.6652911752178079,0.6619718309859155
2021_22_20220210_WOL_ARS,2021_22,2022-02-10,0,0.4137055837563452,0.4137055837563452,0.43482637263941504,0.3577981651376147
2021_22_20220212_BRE_CRY,2021_22,2022-02-12,0,0.4101265822784811,0.4101265822784811,0.4320538987141502,0.3577981651376147
2021_22_20220212_EVE_LEE,2021_22,2022-02-12,1,0.5790816326530612,0.5790816326530612,0.5645119466302229,0.5537634408602151
2021_22_20220212_MUN_SOU,2021_22,2022-02-12,0,0.5655526992287918,0.5655526992287918,0.5539929074720548,0.5537634408602151
2021_22_20220212_NOR_MCI,2021_22,2022-02-12,1,0.6682242990654206,0.6682242990654206,0.6319742161686535,0.6619718309859155
2021_22_20220212_WAT_BRI,2021_22,2022-02-12,0,0.4126582278481012,0.4126582278481012,0.4340146081863029,0.3577981651376147
2021_22_20220213_BUR_LIV,2021_22,2022-02-13,0,0.595959595959596,0.595959595959596,0.5775529182701288,0.6
2021_22_20220213_LEI_WHU,2021_22,2022-02-13,1,0.5717948717948719,0.5717948717948719,0.5588529281360525,0.5537634408602151
2021_22_20220213_NEW_AVL,2021_22,2022-02-13,0,0.5260416666666667,0.5260416666666667,0.5230284690671265,0.5537634408602151
2021_22_20220213_TOT_WOL,2021_22,2022-02-13,0,0.4395886889460154,0.4395886889460154,0.45498777565717935,0.4320388349514563
2021_22_20220215_MUN_BRI,2021_22,2022-02-15,0,0.5065274151436031,0.5065274151436031,0.5076547003710542,0.5182481751824818
2021_22_20220219_ARS_BRE,2021_22,2022-02-19,1,0.4895833333333333,0.4895833333333333,0.4942929783975618,0.5106382978723404
2021_22_20220219_AVL_WAT,2021_22,2022-02-19,0,0.4869791666666667,0.4869791666666667,0.4922396364650531,0.5106382978723404
2021_22_20220219_BRI_BUR,2021_22,2022-02-19,1,0.4293059125964009,0.4293059125964009,0.44695664702072196,0.4320388349514563
2021_22_20220219_CRY_CHE,2021_22,2022-02-19,0,0.4765625,0.4765625,0.4840295784456312,0.496551724137931
2021_22_20220219_LIV_NOR,2021_22,2022-02-19,1,0.7080610021786492,0.7080610021786492,0.6606878177391136,0.6619718309859155
2021_22_20220219_MCI_TOT,2021_22,2022-02-19,1,0.595959595959596,0.595959595959596,0.5775529182701288,0.6
2021_22_20220219_SOU_EVE,2021_22,2022-02-19,0,0.53125,0.53125,0.5271255485161055,0.5537634408602151
2021_22_20220219_WHU_NEW,2021_22,2022-02-19,0,0.5300261096605744,0.5300261096605744,0.5261630961466124,0.5537634408602151
2021_22_20220220_LEE_MUN,2021_22,2022-02-20,1,0.5852417302798981,0.5852417302798981,0.5692829653002225,0.5537634408602151
2021_22_20220220_WOL_LEI,2021_22,2022-02-20,1,0.4444444444444444,0.4444444444444444,0.45878866916940136,0.4320388349514563
2021_22_20220223_BUR_TOT,2021_22,2022-02-23,0,0.4751958224543081,0.4751958224543081,0.4829529544093669,0.496551724137931
2021_22_20220223_LIV_LEE,2021_22,2022-02-23,1,0.7495069033530573,0.7495069033530573,0.689354308117137,0.7222222222222222
2021_22_20220223_WAT_CRY,2021_22,2022-02-23,1,0.4344473007712082,0.4344473007712082,0.45096901818447366,0.4320388349514563
2021_22_20220224_ARS_WOL,2021_22,2022-02-24,1,0.4282051282051282,0.4282051282051282,0.446098467202984,0.4320388349514563
2021_22_20220225_SOU_NOR,2021_22,2022-02-25,0,0.5466321243523315,0.5466321243523315,0.5392023457769335,0.5537634408602151
2021_22_20220226_BRE_NEW,2021_22,2022-02-26,0,0.4198473282442748,0.4198473282442748,0.43959349731628755,0.4320388349514563
2021_22_20220226_BRI_AVL,2021_22,2022-02-26,0,0.4444444444444444,0.4444444444444444,0.45878866916940136,0.4320388349514563
2021_22_20220226_CRY_BUR,2021_22,2022-02-26,0,0.4198473282442748,0.4198473282442748,0.43959349731628755,0.4320388349514563
2021_22_20220226_EVE_MCI,2021_22,2022-02-26,0,0.6169154228855721,0.6169154228855721,0.5935935946895255,0.6
2021_22_20220226_LEE_TOT,2021_22,2022-02-26,1,0.5873417721518986,0.5873417721518986,0.5709065658819308,0.5537634408602151
2021_22_20220226_MUN_WAT,2021_22,2022-02-26,0,0.5816326530612244,0.5816326530612244,0.5664892233345663,0.5537634408602151
2021_22_20220227_WHU_WOL,2021_22,2022-02-27,0,0.4173027989821883,0.4173027989821883,0.43761706976885556,0.3577981651376147
2021_22_20220301_BUR_LEI,2021_22,2022-03-01,0,0.484375,0.484375,0.4901865563170056,0.4974583093732037
2021_22_20220305_AVL_SOU,2021_22,2022-03-05,1,0.5221932114882506,0.5221932114882506,0.519999099954029,0.5537634408602151
2021_22_20220305_BUR_CHE,2021_22,2022-03-05,1,0.4609375,0.4609375,0.4717320158826189,0.47058823529411764
2021_22_20220305_LEI_LEE,2021_22,2022-03-05,0,0.6188118811881189,0.6188118811881189,0.5950359774817876,0.6
2021_22_20220305_LIV_WHU,2021_22,2022-03-05,0,0.635036496350365,0.635036496350365,0.6073065359677682,0.6619718309859155
2021_22_20220305_NEW_BRI,2021_22,2022-03-05,1,0.423469387755102,0.423469387755102,0.44241017406107913,0.4320388349514563
2021_22_20220305_NOR_BRE,2021_22,2022-03-05,1,0.4183673469387755,0.4183673469387755,0.43844370531128013,0.4320388349514563
2021_22_20220305_WOL_CRY,2021_22,2022-03-05,0,0.3759213759213758,0.3759213759213758,0.405794864392593,0.2903225806451613
2021_22_20220306_MCI_MUN,2021_22,2022-03-06,1,0.5949367088607596,0.5949367088607596,0.5767654519447313,0.6
2021_22_20220306_WAT_ARS,2021_22,2022-03-06,1,0.4739583333333334,0.4739583333333334,0.48197823704095444,0.496551724137931
2021_22_20220307_TOT_EVE,2021_22,2022-03-07,1,0.5364583333333334,0.5364583333333334,0.5312189778186469,0.5537634408602151
2021_22_20220310_LEE_AVL,2021_22,2022-03-10,1,0.5644329896907216,0.5644329896907216,0.5531200052354414,0.5537634408602151
2021_22_20220310_NOR_CHE,2021_22,2022-03-10,1,0.5555555555555556,0.5555555555555556,0.5461881781907449,0.5537634408602151
2021_22_20220310_SOU_NEW,2021_22,2022-03-10,1,0.5326370757180157,0.5326370757180157,0.5282160838160834,0.5537634408602151
2021_22_20220310_WOL_WAT,2021_22,2022-03-10,1,0.4101265822784811,0.4101265822784811,0.4320538987141502,0.3577981651376147
2021_22_20220312_BRE_BUR,2021_22,2022-03-12,0,0.4030226700251889,0.4030226700251889,0.426563604664596,0.3577981651376147
2021_22_20220312_BRI_LIV,2021_22,2022-03-12,0,0.5666666666666667,0.5666666666666667,0.5548610029731521,0.5537634408602151
2021_22_20220312_MUN_TOT,2021_22,2022-03-12,1,0.5503875968992248,0.5503875968992248,0.5421444074899032,0.5537634408602151
2021_22_20220313_ARS_LEI,2021_22,2022-03-13,0,0.5862944162436549,0.5862944162436549,0.5700970144785189,0.5537634408602151
2021_22_20220313_CHE_NEW,2021_22,2022-03-13,0,0.5581395348837209,0.5581395348837209,0.5482078143347829,0.5537634408602151
2021_22_20220313_EVE_WOL,2021_22,2022-03-13,0,0.4147582697201017,0.4147582697201017,0.4356426205401009,0.3577981651376147
2021_22_20220313_LEE_NOR,2021_22,2022-03-13,1,0.5717948717948719,0.5717948717948719,0.5588529281360525,0.5537634408602151
2021_22_20220313_SOU_WAT,2021_22,2022-03-13,1,0.5274151436031332,0.5274151436031332,0.5241092235047594,0.5537634408602151
2021_22_20220313_WHU_AVL,2021_22,2022-03-13,1,0.4895287958115184,0.4895287958115184,0.49424997425673917,0.5106382978723404
2021_22_20220314_CRY_MCI,2021_22,2022-03-14,0,0.5692307692307692,0.5692307692307692,0.5568578834812712,0.5537634408602151
2021_22_20220316_ARS_LIV,2021_22,2022-03-16,0,0.5555555555555556,0.5555555555555556,0.5461881781907449,0.5537634408602151
2021_22_20220316_BRI_TOT,2021_22,2022-03-16,0,0.4571428571428572,0.4571428571428572,0.46875006616837867,0.47058823529411764
2021_22_20220317_EVE_NEW,2021_22,2022-03-17,0,0.4830287206266319,0.4830287206266319,0.489125298266293,0.496551724137931
2021_22_20220318_WOL_LEE,2021_22,2022-03-18,1,0.4908616187989557,0.4908616187989557,0.4953009598944098,0.5151515151515151
2021_22_20220319_AVL_ARS,2021_22,2022-03-19,0,0.5117493472584856,0.5117493472584856,0.511771281990185,0.5182481751824818
2021_22_20220320_LEI_BRE,2021_22,2022-03-20,1,0.5039164490861618,0.5039164490861618,0.5055959853259241,0.5182481751824818
2021_22_20220320_TOT_WHU,2021_22,2022-03-20,1,0.5518134715025906,0.5518134715025906,0.5432606888349455,0.5537634408602151
2021_22_20220402_BRI_NOR,2021_22,2022-04-02,0,0.4661458333333333,0.4661458333333333,0.4758281320756702,0.47058823529411764
2021_22_20220402_BUR_MCI,2021_22,2022-04-02,0,0.6005025125628142,0.6005025125628142,0.58104545445689,0.6
2021_22_20220402_CHE_BRE,2021_22,2022-04-02,1,0.5052356020942408,0.5052356020942408,0.5066361495587263,0.5182481751824818
2021_22_20220402_LEE_SOU,2021_22,2022-04-02,0,0.5862944162436549,0.5862944162436549,0.5700970144785189,0.5537634408602151
2021_22_20220402_LIV_WAT,2021_22,2022-04-02,0,0.7045951859956237,0.7045951859956237,0.6582325861826291,0.6619718309859155
2021_22_20220402_MUN_LEI,2021_22,2022-04-02,0,0.6090225563909775,0.6090225563909775,0.5875734473887715,0.6
2021_22_20220402_WOL_AVL,2021_22,2022-04-02,1,0.4020100502512562,0.4020100502512562,0.42578243548601524,0.3577981651376147
2021_22_20220403_TOT_NEW,2021_22,2022-04-03,1,0.53125,0.53125,0.5271255485161055,0.5537634408602151
2021_22_20220403_WHU_EVE,2021_22,2022-04-03,1,0.4934725848563968,0.4934725848563968,0.49735992556742814,0.5151515151515151
2021_22_20220404_CRY_ARS,2021_22,2022-04-04,1,0.4481865284974093,0.4481865284974093,0.46172112352111644,0.4320388349514563
2021_22_20220406_BUR_EVE,2021_22,2022-04-06,1,0.4245524296675191,0.4245524296675191,0.4432531246596435,0.4320388349514563
2021_22_20220408_NEW_WOL,2021_22,2022-04-08,0,0.3984962406015038,0.3984962406015038,0.4230746593636125,0.3577981651376147
2021_22_20220409_ARS_BRI,2021_22,2022-04-09,1,0.4738219895287958,0.4738219895287958,0.48187085309762717,0.496551724137931
2021_22_20220409_AVL_TOT,2021_22,2022-04-09,1,0.5169712793733681,0.5169712793733681,0.5158862675112612,0.5182481751824818
2021_22_20220409_EVE_MUN,2021_22,2022-04-09,0,0.5208333333333334,0.5208333333333334,0.5189282882403592,0.5537634408602151
2021_22_20220409_SOU_CHE,2021_22,2022-04-09,1,0.4947916666666667,0.4947916666666667,0.49840017060928854,0.5151515151515151
2021_22_20220409_WAT_LEE,2021_22,2022-04-09,1,0.5402597402597403,0.5402597402597403,0.5342040310973075,0.5537634408602151
2021_22_20220410_BRE_WHU,2021_22,2022-04-10,0,0.4609375,0.4609375,0.4717320158826189,0.47058823529411764
2021_22_20220410_LEI_CRY,2021_22,2022-04-10,1,0.4908616187989557,0.4908616187989557,0.4953009598944098,0.5151515151515151
2021_22_20220410_MCI_LIV,2021_22,2022-04-10,1,0.5618556701030928,0.5618556701030928,0.5511095442929232,0.5537634408602151
2021_22_20220410_NOR_BUR,2021_22,2022-04-10,0,0.4122137404580152,0.4122137404580152,0.43367021016956214,0.3577981651376147
2021_22_20220416_MUN_NOR,2021_22,2022-04-16,1,0.6299019607843138,0.6299019607843138,0.603437162593713,0.6619718309859155
2021_22_20220416_SOU_ARS,2021_22,2022-04-16,0,0.5091383812010444,0.5091383812010444,0.5097131558442708,0.5182481751824818
2021_22_20220416_TOT_BRI,2021_22,2022-04-16,0,0.5104712041884817,0.5104712041884817,0.510763815510774,0.5182481751824818
2021_22_20220416_WAT_BRE,2021_22,2022-04-16,1,0.4507772020725388,0.4507772020725388,0.46375284942072625,0.4320388349514563
2021_22_20220417_NEW_LEI,2021_22,2022-04-17,1,0.4960835509138382,0.4960835509138382,0.49941898078421465,0.5151515151515151
2021_22_20220417_WHU_BUR,2021_22,2022-04-17,0,0.4921465968586388,0.4921465968586388,0.49631425726702605,0.5151515151515151
2021_22_20220419_LIV_MUN,2021_22,2022-04-19,1,0.6341463414634148,0.6341463414634148,0.6066366672744237,0.6619718309859155
2021_22_20220420_CHE_ARS,2021_22,2022-04-20,1,0.4687499999999999,0.4687499999999999,0.4778774450078518,0.496551724137931
2021_22_20220420_EVE_LEI,2021_22,2022-04-20,0,0.5013054830287206,0.5013054830287206,0.503537080499472,0.5182481751824818
2021_22_20220420_MCI_BRI,2021_22,2022-04-20,1,0.5852417302798981,0.5852417302798981,0.5692829653002225,0.5537634408602151
2021_22_20220420_NEW_CRY,2021_22,2022-04-20,0,0.4333333333333333,0.4333333333333333,0.45009911150425475,0.4320388349514563
2021_22_20220421_BUR_SOU,2021_22,2022-04-21,0,0.4908616187989557,0.4908616187989557,0.4953009598944098,0.5151515151515151
2021_22_20220423_ARS_MUN,2021_22,2022-04-23,1,0.5286458333333333,0.5286458333333333,0.525077430804434,0.5537634408602151
2021_22_20220423_BRE_TOT,2021_22,2022-04-23,0,0.5143603133159269,0.5143603133159269,0.5138290090980625,0.5182481751824818
2021_22_20220423_LEI_AVL,2021_22,2022-04-23,0,0.5234374999999999,0.5234374999999999,0.5209787319592932,0.5537634408602151
2021_22_20220423_MCI_WAT,2021_22,2022-04-23,1,0.6870748299319728,0.6870748299319728,0.6456928604323412,0.6619718309859155
2021_22_20220423_NOR_NEW,2021_22,2022-04-23,1,0.4908616187989557,0.4908616187989557,0.4953009598944098,0.5151515151515151
2021_22_20220424_BRI_SOU,2021_22,2022-04-24,1,0.4739583333333334,0.4739583333333334,0.48197823704095444,0.496551724137931
2021_22_20220424_BUR_WOL,2021_22,2022-04-24,0,0.399497487437186,0.399497487437186,0.42384576669648744,0.3577981651376147
2021_22_20220424_CHE_WHU,2021_22,2022-04-24,0,0.5286458333333333,0.5286458333333333,0.525077430804434,0.5537634408602151
2021_22_20220424_LIV_EVE,2021_22,2022-04-24,0,0.6579572446555819,0.6579572446555819,0.6244097633946833,0.6619718309859155
2021_22_20220425_CRY_LEE,2021_22,2022-04-25,0,0.5221932114882506,0.5221932114882506,0.519999099954029,0.5537634408602151
2021_22_20220428_MUN_CHE,2021_22,2022-04-28,0,0.5260416666666667,0.5260416666666667,0.5230284690671265,0.5537634408602151
2021_22_20220430_AVL_NOR,2021_22,2022-04-30,0,0.5644329896907216,0.5644329896907216,0.5531200052354414,0.5537634408602151
2021_22_20220430_LEE_MCI,2021_22,2022-04-30,1,0.6457831325301205,0.6457831325301205,0.6153612037772572,0.6619718309859155
2021_22_20220430_NEW_LIV,2021_22,2022-04-30,0,0.5644329896907216,0.5644329896907216,0.5531200052354414,0.5537634408602151
2021_22_20220430_SOU_CRY,2021_22,2022-04-30,1,0.4791666666666667,0.4791666666666667,0.48608145816906667,0.496551724137931
2021_22_20220430_WAT_BUR,2021_22,2022-04-30,1,0.4623376623376624,0.4623376623376624,0.4728328285892046,0.47058823529411764
2021_22_20220430_WOL_BRI,2021_22,2022-04-30,1,0.3821339950372208,0.3821339950372208,0.41052897247452624,0.2903225806451613
2021_22_20220501_EVE_CHE,2021_22,2022-05-01,0,0.4830287206266319,0.4830287206266319,0.489125298266293,0.496551724137931
2021_22_20220501_TOT_LEI,2021_22,2022-05-01,1,0.6005025125628142,0.6005025125628142,0.58104545445689,0.6
2021_22_20220501_WHU_ARS,2021_22,2022-05-01,1,0.5143603133159269,0.5143603133159269,0.5138290090980625,0.5182481751824818
2021_22_20220502_MUN_BRE,2021_22,2022-05-02,1,0.5442708333333333,0.5442708333333333,0.5373510822154832,0.5537634408602151
2021_22_20220507_BRE_SOU,2021_22,2022-05-07,1,0.4960835509138382,0.4960835509138382,0.49941898078421465,0.5151515151515151
2021_22_20220507_BRI_MUN,2021_22,2022-05-07,1,0.4960835509138382,0.4960835509138382,0.49941898078421465,0.5151515151515151
2021_22_20220507_BUR_AVL,2021_22,2022-05-07,1,0.4673629242819843,0.4673629242819843,0.4767858078623137,0.496551724137931
2021_22_20220507_CHE_WOL,2021_22,2022-05-07,1,0.5065274151436031,0.5065274151436031,0.5076547003710542,0.5182481751824818
2021_22_20220507_CRY_WAT,2021_22,2022-05-07,0,0.4908616187989557,0.4908616187989557,0.4953009598944098,0.5151515151515151
2021_22_20220507_LIV_TOT,2021_22,2022-05-07,0,0.6144278606965174,0.6144278606965174,0.5916991914736723,0.6
2021_22_20220508_ARS_LEE,2021_22,2022-05-08,1,0.6040100250626567,0.6040100250626567,0.5837364589636477,0.6
2021_22_20220508_LEI_EVE,2021_22,2022-05-08,1,0.4830287206266319,0.4830287206266319,0.489125298266293,0.496551724137931
2021_22_20220508_MCI_NEW,2021_22,2022-05-08,1,0.6442307692307693,0.6442307692307693,0.6142014842086571,0.6619718309859155
2021_22_20220508_NOR_WHU,2021_22,2022-05-08,1,0.5234374999999999,0.5234374999999999,0.5209787319592932,0.5537634408602151
2021_22_20220510_AVL_LIV,2021_22,2022-05-10,1,0.5862944162436549,0.5862944162436549,0.5700970144785189,0.5537634408602151
2021_22_20220511_LEE_CHE,2021_22,2022-05-11,1,0.5816326530612244,0.5816326530612244,0.5664892233345663,0.5537634408602151
2021_22_20220511_LEI_NOR,2021_22,2022-05-11,1,0.5924050632911392,0.5924050632911392,0.574814802845884,0.6
2021_22_20220511_WAT_EVE,2021_22,2022-05-11,0,0.5013054830287206,0.5013054830287206,0.503537080499472,0.5182481751824818
2021_22_20220511_WOL_MCI,2021_22,2022-05-11,1,0.5743589743589743,0.5743589743589743,0.5608460742982369,0.5537634408602151
2021_22_20220512_TOT_ARS,2021_22,2022-05-12,1,0.5352480417754569,0.5352480417754569,0.5302681174977867,0.5537634408602151
2021_22_20220515_AVL_CRY,2021_22,2022-05-15,0,0.5065274151436031,0.5065274151436031,0.5076547003710542,0.5182481751824818
2021_22_20220515_EVE_BRE,2021_22,2022-05-15,1,0.4804177545691906,0.4804177545691906,0.48706738875073585,0.496551724137931
2021_22_20220515_LEE_BRI,2021_22,2022-05-15,0,0.5195822454308094,0.5195822454308094,0.5179429876366535,0.5537634408602151
2021_22_20220515_TOT_BUR,2021_22,2022-05-15,0,0.602015113350126,0.602015113350126,0.5822065406963346,0.6
2021_22_20220515_WAT_LEI,2021_22,2022-05-15,1,0.5402597402597403,0.5402597402597403,0.5342040310973075,0.5537634408602151
2021_22_20220515_WHU_MCI,2021_22,2022-05-15,1,0.6159600997506234,0.6159600997506234,0.592866394295868,0.6
2021_22_20220515_WOL_NOR,2021_22,2022-05-15,0,0.5221932114882506,0.5221932114882506,0.519999099954029,0.5537634408602151
2021_22_20220516_NEW_ARS,2021_22,2022-05-16,0,0.5157068062827225,0.5157068062827225,0.5148900141854283,0.5182481751824818
2021_22_20220517_SOU_LIV,2021_22,2022-05-17,1,0.6595744680851063,0.6595744680851063,0.6256054280443683,0.6619718309859155
2021_22_20220519_AVL_BUR,2021_22,2022-05-19,0,0.4895287958115184,0.4895287958115184,0.49424997425673917,0.5106382978723404
2021_22_20220519_CHE_LEI,2021_22,2022-05-19,0,0.5852417302798981,0.5852417302798981,0.5692829653002225,0.5537634408602151
2021_22_20220519_EVE_CRY,2021_22,2022-05-19,1,0.4673629242819843,0.4673629242819843,0.4767858078623137,0.496551724137931
2021_22_20220522_ARS_EVE,2021_22,2022-05-22,1,0.606516290726817,0.606516290726817,0.5856562523770206,0.6
2021_22_20220522_BRE_LEE,2021_22,2022-05-22,1,0.595959595959596,0.595959595959596,0.5775529182701288,0.6
2021_22_20220522_BRI_WHU,2021_22,2022-05-22,1,0.5416666666666667,0.5416666666666667,0.53530821016773,0.5537634408602151
2021_22_20220522_BUR_NEW,2021_22,2022-05-22,1,0.4986945169712793,0.4986945169712793,0.5014780557080325,0.5182481751824818
2021_22_20220522_CHE_WAT,2021_22,2022-05-22,1,0.6587677725118484,0.6587677725118484,0.6250092030119878,0.6619718309859155
2021_22_20220522_CRY_MUN,2021_22,2022-05-22,0,0.5492227979274612,0.5492227979274612,0.5412322010560909,0.5537634408602151
2021_22_20220522_LEI_SOU,2021_22,2022-05-22,1,0.602015113350126,0.602015113350126,0.5822065406963346,0.6
2021_22_20220522_LIV_WOL,2021_22,2022-05-22,1,0.6635294117647058,0.6635294117647058,0.6285229664664654,0.6619718309859155
2021_22_20220522_MCI_AVL,2021_22,2022-05-22,1,0.6627358490566039,0.6627358490566039,0.6279383032502253,0.6619718309859155
2021_22_20220522_NOR_TOT,2021_22,2022-05-22,1,0.6595744680851063,0.6595744680851063,0.6256054280443683,0.6619718309859155
2022_23_20220806_EVE_CHE,2022_23,2022-08-06,0,0.4804177545691906,0.4804177545691906,0.4891265456376226,0.5179372197309418
2022_23_20220806_FUL_LIV,2022_23,2022-08-06,1,0.6399026763990268,0.6399026763990268,0.6155359197936697,0.6666666666666666
2022_23_20220806_LEE_WOL,2022_23,2022-08-06,1,0.4713541666666666,0.4713541666666666,0.48182809472204496,0.5179372197309418
2022_23_20220806_NEW_NFO,2022_23,2022-08-06,0,0.4713541666666666,0.4713541666666666,0.48182809472204496,0.5179372197309418
2022_23_20220806_TOT_SOU,2022_23,2022-08-06,1,0.5924050632911392,0.5924050632911392,0.5787200523617967,0.5948275862068966
2022_23_20220807_LEI_BRE,2022_23,2022-08-07,1,0.5402597402597403,0.5402597402597403,0.5372847753737321,0.5609284332688587
2022_23_20220807_MUN_BRI,2022_23,2022-08-07,1,0.5052356020942408,0.5052356020942408,0.5091256109228169,0.5179372197309418
2022_23_20220807_WHU_MCI,2022_23,2022-08-07,0,0.6159600997506234,0.6159600997506234,0.5971147300421022,0.5948275862068966
2022_23_20220813_ARS_LEI,2022_23,2022-08-13,1,0.5666666666666667,0.5666666666666667,0.5583692780568981,0.5609284332688587
2022_23_20220813_AVL_EVE,2022_23,2022-08-13,1,0.4597402597402597,0.4597402597402597,0.47248774655632975,0.4838709677419355
2022_23_20220813_BRE_MUN,2022_23,2022-08-13,1,0.5260416666666667,0.5260416666666667,0.5258720182019285,0.5253456221198156
2022_23_20220813_BRI_NEW,2022_23,2022-08-13,0,0.4481865284974093,0.4481865284974093,0.4632148542672011,0.4351464435146444
2022_23_20220813_MCI_BOU,2022_23,2022-08-13,1,0.7158119658119658,0.7158119658119658,0.6715838798886098,0.6666666666666666
2022_23_20220813_SOU_LEE,2022_23,2022-08-13,1,0.5518134715025906,0.5518134715025906,0.5465307471842342,0.5609284332688587
2022_23_20220813_WOL_FUL,2022_23,2022-08-13,0,0.4533678756476684,0.4533678756476684,0.46737058404493814,0.4351464435146444
2022_23_20220814_CHE_TOT,2022_23,2022-08-14,1,0.4934725848563968,0.4934725848563968,0.4996462922088576,0.5179372197309418
2022_23_20220814_NFO_WHU,2022_23,2022-08-14,0,0.5039164490861618,0.5039164490861618,0.5080627620760788,0.5179372197309418
2022_23_20220815_LIV_CRY,2022_23,2022-08-15,0,0.6134663341645885,0.6134663341645885,0.5951792153202927,0.5948275862068966
2022_23_20220820_BOU_ARS,2022_23,2022-08-20,1,0.5428571428571429,0.5428571428571429,0.539365833959762,0.5609284332688587
2022_23_20220820_CRY_AVL,2022_23,2022-08-20,1,0.4355670103092783,0.4355670103092783,0.453115785902253,0.4351464435146444
2022_23_20220820_EVE_NFO,2022_23,2022-08-20,0,0.4635416666666666,0.4635416666666666,0.47554318327651407,0.4838709677419355
2022_23_20220820_FUL_BRE,2022_23,2022-08-20,1,0.4960835509138382,0.4960835509138382,0.5017505772207502,0.5179372197309418
2022_23_20220820_LEI_SOU,2022_23,2022-08-20,1,0.5841836734693877,0.5841836734693877,0.5722451838367394,0.5609284332688587
2022_23_20220820_TOT_WOL,2022_23,2022-08-20,0,0.5529715762273902,0.5529715762273902,0.5474558694854915,0.5609284332688587
2022_23_20220821_LEE_CHE,2022_23,2022-08-21,1,0.5681233933161953,0.5681233933161953,0.5595269988850832,0.5609284332688587
2022_23_20220821_NEW_MCI,2022_23,2022-08-21,1,0.578005115089514,0.578005115089514,0.5673627086411978,0.5609284332688587
2022_23_20220821_WHU_BRI,2022_23,2022-08-21,0,0.4855643044619423,0.4855643044619423,0.4932730675514322,0.5179372197309418
2022_23_20220822_MUN_LIV,2022_23,2022-08-22,1,0.6323529411764707,0.6323529411764707,0.6097601860886486,0.6666666666666666
2022_23_20220827_ARS_FUL,2022_23,2022-08-27,1,0.637469586374696,0.637469586374696,0.6136780140055993,0.6666666666666666
2022_23_20220827_BRE_EVE,2022_23,2022-08-27,0,0.4687499999999999,0.4687499999999999,0.47973238671458973,0.5179372197309418
2022_23_20220827_BRI_LEE,2022_23,2022-08-27,0,0.5248041775456919,0.5248041775456919,0.5248772403530998,0.5253456221198156
2022_23_20220827_CHE_LEI,2022_23,2022-08-27,1,0.5816326530612244,0.5816326530612244,0.5702309426994401,0.5609284332688587
2022_23_20220827_LIV_BOU,2022_23,2022-08-27,1,0.6991150442477876,0.6991150442477876,0.65960407189103,0.6666666666666666
2022_23_20220827_MCI_CRY,2022_23,2022-08-27,1,0.6563981042654028,0.6563981042654028,0.628040691415731,0.6666666666666666
2022_23_20220827_SOU_MUN,2022_23,2022-08-27,0,0.6005025125628142,0.6005025125628142,0.5850709663003418,0.5948275862068966
2022_23_20220828_AVL_WHU,2022_23,2022-08-28,0,0.5091383812010444,0.5091383812010444,0.5122695818091733,0.5179372197309418
2022_23_20220828_NFO_TOT,2022_23,2022-08-28,0,0.5492227979274612,0.5492227979274612,0.5444600993801444,0.5609284332688587
2022_23_20220828_WOL_NEW,2022_23,2022-08-28,0,0.4533678756476684,0.4533678756476684,0.46737058404493814,0.4351464435146444
2022_23_20220830_CRY_BRE,2022_23,2022-08-30,0,0.4585492227979275,0.4585492227979275,0.47153084614476964,0.4838709677419355
2022_23_20220830_FUL_BRI,2022_23,2022-08-30,1,0.4765625,0.4765625,0.48602135570202387,0.5179372197309418
2022_23_20220830_LEE_EVE,2022_23,2022-08-30,0,0.5195822454308094,0.5195822454308094,0.5206774146221145,0.5253456221198156
2022_23_20220830_SOU_CHE,2022_23,2022-08-30,1,0.5466321243523315,0.5466321243523315,0.5423879132693294,0.5609284332688587
2022_23_20220831_ARS_AVL,2022_23,2022-08-31,1,0.5466321243523315,0.5466321243523315,0.5423879132693294,0.5609284332688587
2022_23_20220831_BOU_WOL,2022_23,2022-08-31,0,0.4533678756476684,0.4533678756476684,0.46737058404493814,0.4351464435146444
2022_23_20220831_LIV_NEW,2022_23,2022-08-31,1,0.6365853658536585,0.6365853658536585,0.6130019997517753,0.6666666666666666
2022_23_20220831_MCI_NFO,2022_23,2022-08-31,1,0.7664783427495293,0.7664783427495293,0.7065516150014034,0.7368421052631579
2022_23_20220831_WHU_TOT,2022_23,2022-08-31,0,0.5454545454545455,0.5454545454545455,0.5414455210572736,0.5609284332688587
2022_23_20220901_LEI_MUN,2022_23,2022-09-01,0,0.5852417302798981,0.5852417302798981,0.5730799088516906,0.5609284332688587
2022_23_20220903_AVL_MCI,2022_23,2022-09-03,0,0.625615763546798,0.625615763546798,0.6045799101906767,0.5948275862068966
2022_23_20220903_BRE_LEE,2022_23,2022-09-03,1,0.5454545454545455,0.5454545454545455,0.5414455210572736,0.5609284332688587
2022_23_20220903_CHE_WHU,2022_23,2022-09-03,1,0.5492227979274612,0.5492227979274612,0.5444600993801444,0.5609284332688587
2022_23_20220903_EVE_LIV,2022_23,2022-09-03,0,0.6030150753768844,0.6030150753768844,0.5870359664436456,0.5948275862068966
2022_23_20220903_NEW_CRY,2022_23,2022-09-03,0,0.4661458333333333,0.4661458333333333,0.477637391758029,0.4838709677419355
2022_23_20220903_NFO_BOU,2022_23,2022-09-03,1,0.4545454545454546,0.4545454545454546,0.4683157207513717,0.4351464435146444
2022_23_20220903_TOT_FUL,2022_23,2022-09-03,1,0.5888324873096447,0.5888324873096447,0.5759096097101403,0.5609284332688587
2022_23_20220903_WOL_SOU,2022_23,2022-09-03,0,0.4725848563968668,0.4725848563968668,0.4828187216210968,0.5179372197309418
2022_23_20220904_BRI_LEI,2022_23,2022-09-04,1,0.4856396866840731,0.4856396866840731,0.49333381049732644,0.5179372197309418
2022_23_20220904_MUN_ARS,2022_23,2022-09-04,1,0.5618556701030928,0.5618556701030928,0.554541336676283,0.5609284332688587
2022_23_20220916_AVL_SOU,2022_23,2022-09-16,0,0.5195822454308094,0.5195822454308094,0.5206774146221145,0.5253456221198156
2022_23_20220916_NFO_FUL,2022_23,2022-09-16,1,0.5078534031413613,0.5078534031413613,0.5112345340446932,0.5179372197309418
2022_23_20220917_NEW_BOU,2022_23,2022-09-17,0,0.5248041775456919,0.5248041775456919,0.5248772403530998,0.5253456221198156
2022_23_20220917_TOT_LEI,2022_23,2022-09-17,1,0.6005025125628142,0.6005025125628142,0.5850709663003418,0.5948275862068966
2022_23_20220917_WOL_MCI,2022_23,2022-09-17,1,0.602015113350126,0.602015113350126,0.5862542544852043,0.5948275862068966
2022_23_20220918_BRE_ARS,2022_23,2022-09-18,1,0.5681233933161953,0.5681233933161953,0.5595269988850832,0.5609284332688587
2022_23_20220918_EVE_WHU,2022_23,2022-09-18,0,0.4699738903394256,0.4699738903394256,0.4807172304347672,0.5179372197309418
2022_23_20221001_ARS_TOT,2022_23,2022-10-01,1,0.5581395348837209,0.5581395348837209,0.5515800781540922,0.5609284332688587
2022_23_20221001_BOU_BRE,2022_23,2022-10-01,0,0.4804177545691906,0.4804177545691906,0.4891265456376226,0.5179372197309418
2022_23_20221001_CRY_CHE,2022_23,2022-10-01,1,0.4673629242819843,0.4673629242819843,0.4786164213043452,0.5179372197309418
2022_23_20221001_FUL_NEW,2022_23,2022-10-01,1,0.5078534031413613,0.5078534031413613,0.5112345340446932,0.5179372197309418
2022_23_20221001_LIV_BRI,2022_23,2022-10-01,1,0.6119402985074627,0.6119402985074627,0.5939933303015921,0.5948275862068966
2022_23_20221001_SOU_EVE,2022_23,2022-10-01,1,0.4778067885117493,0.4778067885117493,0.48702345349211124,0.5179372197309418
2022_23_20221001_WHU_WOL,2022_23,2022-10-01,0,0.441860465116279,0.441860465116279,0.4581479744877457,0.4351464435146444
2022_23_20221002_LEE_AVL,2022_23,2022-10-02,0,0.5248041775456919,0.5248041775456919,0.5248772403530998,0.5253456221198156
2022_23_20221002_MCI_MUN,2022_23,2022-10-02,1,0.6595744680851063,0.6595744680851063,0.63042963250935,0.6666666666666666
2022_23_20221003_LEI_NFO,2022_23,2022-10-03,1,0.570694087403599,0.570694087403599,0.5615684494945621,0.5609284332688587
2022_23_20221008_BOU_LEI,2022_23,2022-10-08,1,0.5195822454308094,0.5195822454308094,0.5206774146221145,0.5253456221198156
2022_23_20221008_BRI_TOT,2022_23,2022-10-08,0,0.5156249999999999,0.5156249999999999,0.5174927542797105,0.5253456221198156
2022_23_20221008_CHE_WOL,2022_23,2022-10-08,1,0.5195822454308094,0.5195822454308094,0.5206774146221145,0.5253456221198156
2022_23_20221008_MCI_SOU,2022_23,2022-10-08,1,0.7572815533980582,0.7572815533980582,0.7003670034529242,0.7368421052631579
2022_23_20221008_NEW_BRE,2022_23,2022-10-08,1,0.5402597402597403,0.5402597402597403,0.5372847753737321,0.5609284332688587
2022_23_20221009_ARS_LIV,2022_23,2022-10-09,1,0.5979899497487436,0.5979899497487436,0.5831032562607026,0.5948275862068966
2022_23_20221009_CRY_LEE,2022_23,2022-10-09,1,0.5182291666666667,0.5182291666666667,0.5195886775503813,0.5253456221198156
2022_23_20221009_EVE_MUN,2022_23,2022-10-09,1,0.5182291666666667,0.5182291666666667,0.5195886775503813,0.5253456221198156
2022_23_20221009_WHU_FUL,2022_23,2022-10-09,1,0.53125,0.53125,0.5300564878264107,0.5253456221198156
2022_23_20221010_NFO_AVL,2022_23,2022-10-10,0,0.4765625,0.4765625,0.48602135570202387,0.5179372197309418
2022_23_20221014_BRE_BRI,2022_23,2022-10-14,0,0.4947643979057591,0.4947643979057591,0.5006874205918893,0.5179372197309418
2022_23_20221015_FUL_BOU,2022_23,2022-10-15,1,0.5026178010471204,0.5026178010471204,0.5070163629493372,0.5179372197309418
2022_23_20221015_LEI_CRY,2022_23,2022-10-15,0,0.5169712793733681,0.5169712793733681,0.5185763679323191,0.5253456221198156
2022_23_20221015_TOT_EVE,2022_23,2022-10-15,0,0.5416666666666667,0.5416666666666667,0.5384121813663646,0.5609284332688587
2022_23_20221015_WOL_NFO,2022_23,2022-10-15,0,0.4739583333333334,0.4739583333333334,0.48392444225598236,0.5179372197309418
2022_23_20221016_AVL_CHE,2022_23,2022-10-16,0,0.4803149606299213,0.4803149606299213,0.48904373896647946,0.5179372197309418
2022_23_20221016_LEE_ARS,2022_23,2022-10-16,0,0.5877862595419847,0.5877862595419847,0.5750856336213793,0.5609284332688587
2022_23_20221016_LIV_MCI,2022_23,2022-10-16,0,0.6490384615384616,0.6490384615384616,0.6224815762932349,0.6666666666666666
2022_23_20221016_MUN_NEW,2022_23,2022-10-16,0,0.5618556701030928,0.5618556701030928,0.554541336676283,0.5609284332688587
2022_23_20221016_SOU_WHU,2022_23,2022-10-16,0,0.4960835509138382,0.4960835509138382,0.5017505772207502,0.5179372197309418
2022_23_20221018_BRI_NFO,2022_23,2022-10-18,0,0.5428571428571429,0.5428571428571429,0.539365833959762,0.5609284332688587
2022_23_20221018_CRY_WOL,2022_23,2022-10-18,1,0.3924999999999999,0.3924999999999999,0.41898832505687184,0.3388888888888889
2022_23_20221019_BOU_SOU,2022_23,2022-10-19,0,0.4647519582245431,0.4647519582245431,0.4765163682792503,0.4838709677419355
2022_23_20221019_BRE_CHE,2022_23,2022-10-19,0,0.5195822454308094,0.5195822454308094,0.5206774146221145,0.5253456221198156
2022_23_20221019_LIV_WHU,2022_23,2022-10-19,0,0.625615763546798,0.625615763546798,0.6045799101906767,0.5948275862068966
2022_23_20221019_MUN_TOT,2022_23,2022-10-19,0,0.5518134715025906,0.5518134715025906,0.5465307471842342,0.5609284332688587
2022_23_20221019_NEW_EVE,2022_23,2022-10-19,0,0.5078534031413613,0.5078534031413613,0.5112345340446932,0.5179372197309418
2022_23_20221020_FUL_AVL,2022_23,2022-10-20,1,0.4921465968586388,0.4921465968586388,0.4985776240196981,0.5179372197309418
2022_23_20221020_LEI_LEE,2022_23,2022-10-20,0,0.5544041450777203,0.5544041450777203,0.5485997862607497,0.5609284332688587
2022_23_20221022_CHE_MUN,2022_23,2022-10-22,0,0.5117493472584856,0.5117493472584856,0.5143723773086969,0.5253456221198156
2022_23_20221022_EVE_CRY,2022_23,2022-10-22,1,0.4293059125964009,0.4293059125964009,0.44811895841234234,0.4351464435146444
2022_23_20221022_MCI_BRI,2022_23,2022-10-22,1,0.6457831325301205,0.6457831325301205,0.6200122472919366,0.6666666666666666
2022_23_20221022_NFO_LIV,2022_23,2022-10-22,0,0.635036496350365,0.635036496350365,0.6118167920356471,0.6666666666666666
2022_23_20221023_AVL_BRE,2022_23,2022-10-23,1,0.5026178010471204,0.5026178010471204,0.5070163629493372,0.5179372197309418
2022_23_20221023_LEE_FUL,2022_23,2022-10-23,1,0.5518134715025906,0.5518134715025906,0.5465307471842342,0.5609284332688587
2022_23_20221023_SOU_ARS,2022_23,2022-10-23,0,0.570694087403599,0.570694087403599,0.5615684494945621,0.5609284332688587
2022_23_20221023_TOT_NEW,2022_23,2022-10-23,1,0.5117493472584856,0.5117493472584856,0.5143723773086969,0.5253456221198156
2022_23_20221023_WOL_LEI,2022_23,2022-10-23,1,0.4908616187989557,0.4908616187989557,0.4975420197266851,0.5179372197309418
2022_23_20221024_WHU_BOU,2022_23,2022-10-24,0,0.4947643979057591,0.4947643979057591,0.5006874205918893,0.5179372197309418
2022_23_20221029_BOU_TOT,2022_23,2022-10-29,1,0.5013123359580053,0.5013123359580053,0.5059644089687326,0.5179372197309418
2022_23_20221029_BRE_WOL,2022_23,2022-10-29,0,0.486910994764398,0.486910994764398,0.49435825794649135,0.5179372197309418
2022_23_20221029_BRI_CHE,2022_23,2022-10-29,1,0.4659685863874345,0.4659685863874345,0.4774948282363839,0.4838709677419355
2022_23_20221029_CRY_SOU,2022_23,2022-10-29,0,0.4699738903394256,0.4699738903394256,0.4807172304347672,0.5179372197309418
2022_23_20221029_FUL_EVE,2022_23,2022-10-29,0,0.5170603674540682,0.5170603674540682,0.5186480684390468,0.5253456221198156
2022_23_20221029_LEI_MCI,2022_23,2022-10-29,0,0.6563245823389022,0.6563245823389022,0.6279853209614175,0.6666666666666666
2022_23_20221029_LIV_LEE,2022_23,2022-10-29,1,0.6986607142857143,0.6986607142857143,0.6592751404893852,0.6666666666666666
2022_23_20221029_NEW_AVL,2022_23,2022-10-29,1,0.4986876640419947,0.4986876640419947,0.5038492774721538,0.5179372197309418
2022_23_20221030_ARS_NFO,2022_23,2022-10-30,1,0.6314496314496314,0.6314496314496314,0.6090670305935375,0.6666666666666666
2022_23_20221030_MUN_WHU,2022_23,2022-10-30,0,0.5261780104712042,0.5261780104712042,0.5259816082021479,0.5253456221198156
2022_23_20221105_EVE_LEI,2022_23,2022-11-05,0,0.4725848563968668,0.4725848563968668,0.4828187216210968,0.5179372197309418
2022_23_20221105_LEE_BOU,2022_23,2022-11-05,1,0.5338541666666666,0.5338541666666666,0.5321471760915164,0.5609284332688587
2022_23_20221105_MCI_FUL,2022_23,2022-11-05,1,0.7490118577075099,0.7490118577075099,0.6947426851154174,0.7368421052631579
2022_23_20221105_NFO_BRE,2022_23,2022-11-05,1,0.4804177545691906,0.4804177545691906,0.4891265456376226,0.5179372197309418
2022_23_20221105_WOL_BRI,2022_23,2022-11-05,1,0.4545454545454546,0.4545454545454546,0.4683157207513717,0.4351464435146444
2022_23_20221106_AVL_MUN,2022_23,2022-11-06,1,0.5078534031413613,0.5078534031413613,0.5112345340446932,0.5179372197309418
2022_23_20221106_CHE_ARS,2022_23,2022-11-06,0,0.5065274151436031,0.5065274151436031,0.5101663519343448,0.5179372197309418
2022_23_20221106_SOU_NEW,2022_23,2022-11-06,1,0.5026178010471204,0.5026178010471204,0.5070163629493372,0.5179372197309418
2022_23_20221106_TOT_LIV,2022_23,2022-11-06,1,0.5658914728682171,0.5658914728682171,0.557752939941815,0.5609284332688587
2022_23_20221106_WHU_CRY,2022_23,2022-11-06,1,0.4545454545454546,0.4545454545454546,0.4683157207513717,0.4351464435146444
2022_23_20221112_BOU_EVE,2022_23,2022-11-12,1,0.4444444444444444,0.4444444444444444,0.460216635106277,0.4351464435146444
2022_23_20221112_LIV_SOU,2022_23,2022-11-12,1,0.6736111111111112,0.6736111111111112,0.6409089371518374,0.6666666666666666
2022_23_20221112_MCI_BRE,2022_23,2022-11-12,1,0.7074235807860262,0.7074235807860262,0.6655920270746438,0.6666666666666666
2022_23_20221112_NEW_CHE,2022_23,2022-11-12,0,0.4960835509138382,0.4960835509138382,0.5017505772207502,0.5179372197309418
2022_23_20221112_NFO_CRY,2022_23,2022-11-12,0,0.4366925064599483,0.4366925064599483,0.4540150490959383,0.4351464435146444
2022_23_20221112_TOT_LEE,2022_23,2022-11-12,1,0.5913705583756345,0.5913705583756345,0.5779067532062988,0.5948275862068966
2022_23_20221112_WHU_LEI,2022_23,2022-11-12,0,0.4947643979057591,0.4947643979057591,0.5006874205918893,0.5179372197309418
2022_23_20221112_WOL_ARS,2022_23,2022-11-12,0,0.5352480417754569,0.5352480417754569,0.5332657539882805,0.5609284332688587
2022_23_20221113_BRI_AVL,2022_23,2022-11-13,1,0.5,0.5,0.5049068651747991,0.5179372197309418
2022_23_20221113_FUL_MUN,2022_23,2022-11-13,1,0.5831202046035805,0.5831202046035805,0.5714057744805499,0.5609284332688587
2022_23_20221226_ARS_WHU,2022_23,2022-12-26,1,0.5390625,0.5390625,0.5363250954391076,0.5609284332688587
2022_23_20221226_AVL_LIV,2022_23,2022-12-26,1,0.5790816326530612,0.5790816326530612,0.5682143734860863,0.5609284332688587
2022_23_20221226_BRE_TOT,2022_23,2022-12-26,1,0.5275590551181102,0.5275590551181102,0.5270915171031677,0.5253456221198156
2022_23_20221226_CRY_FUL,2022_23,2022-12-26,1,0.4842931937172774,0.4842931937172774,0.4922488386704743,0.5179372197309418
2022_23_20221226_EVE_WOL,2022_23,2022-12-26,1,0.4329896907216495,0.4329896907216495,0.4510576880111417,0.4351464435146444
2022_23_20221226_LEI_NEW,2022_23,2022-12-26,1,0.5221932114882506,0.5221932114882506,0.5227777300889268,0.5253456221198156
2022_23_20221226_SOU_BRI,2022_23,2022-12-26,1,0.5,0.5,0.5049068651747991,0.5179372197309418
2022_23_20221227_CHE_BOU,2022_23,2022-12-27,0,0.5732647814910026,0.5732647814910026,0.5636078179239861,0.5609284332688587
2022_23_20221227_MUN_NFO,2022_23,2022-12-27,1,0.5805626598465473,0.5805626598465473,0.5693853980312167,0.5609284332688587
2022_23_20221228_LEE_MCI,2022_23,2022-12-28,1,0.664319248826291,0.664319248826291,0.6339862789126989,0.6666666666666666
2022_23_20221230_LIV_LEI,2022_23,2022-12-30,1,0.660377358490566,0.660377358490566,0.6310324807671815,0.6666666666666666
2022_23_20221230_WHU_BRE,2022_23,2022-12-30,0,0.4947643979057591,0.4947643979057591,0.5006874205918893,0.5179372197309418
2022_23_20221231_BOU_CRY,2022_23,2022-12-31,0,0.4481865284974093,0.4481865284974093,0.4632148542672011,0.4351464435146444
2022_23_20221231_BRI_ARS,2022_23,2022-12-31,1,0.5208333333333334,0.5208333333333334,0.5216839115816151,0.5253456221198156
2022_23_20221231_FUL_SOU,2022_23,2022-12-31,1,0.548051948051948,0.548051948051948,0.5435237651876013,0.5609284332688587
2022_23_20221231_MCI_EVE,2022_23,2022-12-31,0,0.6877828054298643,0.6877828054298643,0.6513543499418938,0.6666666666666666
2022_23_20221231_NEW_LEE,2022_23,2022-12-31,0,0.5826972010178116,0.5826972010178116,0.5710717778938429,0.5609284332688587
2022_23_20221231_WOL_MUN,2022_23,2022-12-31,0,0.4856396866840731,0.4856396866840731,0.49333381049732644,0.5179372197309418
2022_23_20230101_NFO_CHE,2022_23,2023-01-01,0,0.4855643044619423,0.4855643044619423,0.4932730675514322,0.5179372197309418
2022_23_20230101_TOT_AVL,2022_23,2023-01-01,0,0.5378590078328982,0.5378590078328982,0.5353601328869096,0.5609284332688587
2022_23_20230102_BRE_LIV,2022_23,2023-01-02,1,0.5969773299748111,0.5969773299748111,0.5823094717177275,0.5948275862068966
2022_23_20230103_ARS_NEW,2022_23,2023-01-03,0,0.53125,0.53125,0.5300564878264107,0.5253456221198156
2022_23_20230103_EVE_BRI,2022_23,2023-01-03,1,0.4804177545691906,0.4804177545691906,0.4891265456376226,0.5179372197309418
2022_23_20230103_LEI_FUL,2022_23,2023-01-03,0,0.548051948051948,0.548051948051948,0.5435237651876013,0.5609284332688587
2022_23_20230103_MUN_BOU,2022_23,2023-01-03,1,0.6169154228855721,0.6169154228855721,0.5978553988721952,0.5948275862068966
2022_23_20230104_AVL_WOL,2022_23,2023-01-04,0,0.4647519582245431,0.4647519582245431,0.4765163682792503,0.4838709677419355
2022_23_20230104_CRY_TOT,2022_23,2023-01-04,1,0.5065616797900262,0.5065616797900262,0.510193955870113,0.5179372197309418
2022_23_20230104_LEE_WHU,2022_23,2023-01-04,1,0.5326370757180157,0.5326370757180157,0.5311702019013639,0.5609284332688587
2022_23_20230104_SOU_NFO,2022_23,2023-01-04,0,0.4712041884816754,0.4712041884816754,0.48170738143756126,0.5179372197309418
2022_23_20230105_CHE_MCI,2022_23,2023-01-05,0,0.5326370757180157,0.5326370757180157,0.5311702019013639,0.5609284332688587
2022_23_20230112_FUL_CHE,2022_23,2023-01-12,1,0.5248041775456919,0.5248041775456919,0.5248772403530998,0.5253456221198156
2022_23_20230113_AVL_LEE,2022_23,2023-01-13,1,0.5350649350649351,0.5350649350649351,0.5331188305936322,0.5609284332688587
2022_23_20230114_BRE_BOU,2022_23,2023-01-14,0,0.5274151436031332,0.5274151436031332,0.5269758715487121,0.5253456221198156
2022_23_20230114_BRI_LIV,2022_23,2023-01-14,1,0.6030150753768844,0.6030150753768844,0.5870359664436456,0.5948275862068966
2022_23_20230114_EVE_SOU,2022_23,2023-01-14,1,0.4559585492227979,0.4559585492227979,0.4694501843640721,0.4838709677419355
2022_23_20230114_MUN_MCI,2022_23,2023-01-14,1,0.5629820051413882,0.5629820051413882,0.5554381194705331,0.5609284332688587
2022_23_20230114_NFO_LEI,2022_23,2023-01-14,0,0.4817708333333334,0.4817708333333334,0.49021658548503044,0.5179372197309418
2022_23_20230114_WOL_WHU,2022_23,2023-01-14,0,0.4307692307692307,0.4307692307692307,0.44928589665657737,0.4351464435146444
2022_23_20230115_CHE_CRY,2022_23,2023-01-15,0,0.4830287206266319,0.4830287206266319,0.49123002278165445,0.5179372197309418
2022_23_20230115_NEW_FUL,2022_23,2023-01-15,0,0.5492227979274612,0.5492227979274612,0.5444600993801444,0.5609284332688587
2022_23_20230115_TOT_ARS,2022_23,2023-01-15,0,0.5326370757180157,0.5326370757180157,0.5311702019013639,0.5609284332688587
2022_23_20230118_CRY_MUN,2022_23,2023-01-18,0,0.4960835509138382,0.4960835509138382,0.5017505772207502,0.5179372197309418
2022_23_20230119_MCI_TOT,2022_23,2023-01-19,1,0.6212871287128713,0.6212871287128713,0.6012390722639801,0.5948275862068966
2022_23_20230121_BOU_NFO,2022_23,2023-01-21,0,0.4198473282442748,0.4198473282442748,0.4405904376095126,0.4351464435146444
2022_23_20230121_CRY_NEW,2022_23,2023-01-21,0,0.4470284237726098,0.4470284237726098,0.4622866672887023,0.4351464435146444
2022_23_20230121_LEI_BRI,2022_23,2023-01-21,1,0.5234374999999999,0.5234374999999999,0.5237783829156504,0.5253456221198156
2022_23_20230121_LIV_CHE,2022_23,2023-01-21,0,0.5604113110539846,0.5604113110539846,0.553390825506356,0.5609284332688587
2022_23_20230121_SOU_AVL,2022_23,2023-01-21,0,0.4699738903394256,0.4699738903394256,0.4807172304347672,0.5179372197309418
2022_23_20230121_WHU_EVE,2022_23,2023-01-21,0,0.4597402597402597,0.4597402597402597,0.47248774655632975,0.4838709677419355
2022_23_20230122_ARS_MUN,2022_23,2023-01-22,1,0.5607235142118864,0.5607235142118864,0.5536395613247326,0.5609284332688587
2022_23_20230122_LEE_BRE,2022_23,2023-01-22,0,0.5681233933161953,0.5681233933161953,0.5595269988850832,0.5609284332688587
2022_23_20230122_MCI_WOL,2022_23,2023-01-22,1,0.637469586374696,0.637469586374696,0.6136780140055993,0.6666666666666666
2022_23_20230123_FUL_TOT,2022_23,2023-01-23,0,0.5518134715025906,0.5518134715025906,0.5465307471842342,0.5609284332688587
2022_23_20230203_CHE_FUL,2022_23,2023-02-03,0,0.5091383812010444,0.5091383812010444,0.5122695818091733,0.5179372197309418
2022_23_20230204_AVL_LEI,2022_23,2023-02-04,1,0.5013054830287206,0.5013054830287206,0.5059588866772177,0.5179372197309418
2022_23_20230204_BRE_SOU,2022_23,2023-02-04,1,0.4804177545691906,0.4804177545691906,0.4891265456376226,0.5179372197309418
2022_23_20230204_BRI_BOU,2022_23,2023-02-04,0,0.5604113110539846,0.5604113110539846,0.553390825506356,0.5609284332688587
2022_23_20230204_EVE_ARS,2022_23,2023-02-04,0,0.5195822454308094,0.5195822454308094,0.5206774146221145,0.5253456221198156
2022_23_20230204_MUN_CRY,2022_23,2023-02-04,1,0.5182291666666667,0.5182291666666667,0.5195886775503813,0.5253456221198156
2022_23_20230204_NEW_WHU,2022_23,2023-02-04,0,0.4635416666666666,0.4635416666666666,0.47554318327651407,0.4838709677419355
2022_23_20230204_WOL_LIV,2022_23,2023-02-04,1,0.5338541666666666,0.5338541666666666,0.5321471760915164,0.5609284332688587
2022_23_20230205_NFO_LEE,2022_23,2023-02-05,0,0.5026041666666667,0.5026041666666667,0.5070053765637333,0.5179372197309418
2022_23_20230205_TOT_MCI,2022_23,2023-02-05,0,0.5805626598465473,0.5805626598465473,0.5693853980312167,0.5609284332688587
2022_23_20230208_MUN_LEE,2022_23,2023-02-08,1,0.5969773299748111,0.5969773299748111,0.5823094717177275,0.5948275862068966
2022_23_20230211_ARS_BRE,2022_23,2023-02-11,0,0.5529715762273902,0.5529715762273902,0.5474558694854915,0.5609284332688587
2022_23_20230211_BOU_NEW,2022_23,2023-02-11,0,0.4753246753246753,0.4753246753246753,0.48502457510087343,0.5179372197309418
2022_23_20230211_CRY_BRI,2022_23,2023-02-11,0,0.4661458333333333,0.4661458333333333,0.477637391758029,0.4838709677419355
2022_23_20230211_FUL_NFO,2022_23,2023-02-11,0,0.4635416666666666,0.4635416666666666,0.47554318327651407,0.4838709677419355
2022_23_20230211_LEI_TOT,2022_23,2023-02-11,1,0.5466321243523315,0.5466321243523315,0.5423879132693294,0.5609284332688587
2022_23_20230211_SOU_WOL,2022_23,2023-02-11,1,0.4173027989821883,0.4173027989821883,0.43856963828384093,0.3388888888888889
2022_23_20230211_WHU_CHE,2022_23,2023-02-11,0,0.4271099744245524,0.4271099744245524,0.44636886017771366,0.4351464435146444
2022_23_20230212_LEE_MUN,2022_23,2023-02-12,0,0.5790816326530612,0.5790816326530612,0.5682143734860863,0.5609284332688587
2022_23_20230212_MCI_AVL,2022_23,2023-02-12,1,0.637469586374696,0.637469586374696,0.6136780140055993,0.6666666666666666
2022_23_20230213_LIV_EVE,2022_23,2023-02-13,0,0.5364583333333334,0.5364583333333334,0.5342367361829657,0.5609284332688587
2022_23_20230215_ARS_MCI,2022_23,2023-02-15,1,0.5182291666666667,0.5182291666666667,0.5195886775503813,0.5253456221198156
2022_23_20230218_AVL_ARS,2022_23,2023-02-18,1,0.484375,0.484375,0.49231475423641863,0.5179372197309418
2022_23_20230218_BRE_CRY,2022_23,2023-02-18,0,0.4455958549222798,0.4455958549222798,0.46113886764410267,0.4351464435146444
2022_23_20230218_BRI_FUL,2022_23,2023-02-18,0,0.5466321243523315,0.5466321243523315,0.5423879132693294,0.5609284332688587
2022_23_20230218_CHE_SOU,2022_23,2023-02-18,0,0.4960835509138382,0.4960835509138382,0.5017505772207502,0.5179372197309418
2022_23_20230218_EVE_LEE,2022_23,2023-02-18,0,0.4597402597402597,0.4597402597402597,0.47248774655632975,0.4838709677419355
2022_23_20230218_NEW_LIV,2022_23,2023-02-18,0,0.5326370757180157,0.5326370757180157,0.5311702019013639,0.5609284332688587
2022_23_20230218_NFO_MCI,2022_23,2023-02-18,0,0.5816326530612244,0.5816326530612244,0.5702309426994401,0.5609284332688587
2022_23_20230218_WOL_BOU,2022_23,2023-02-18,0,0.4583333333333333,0.4583333333333333,0.4713574188723724,0.4838709677419355
2022_23_20230219_MUN_LEI,2022_23,2023-02-19,1,0.5888324873096447,0.5888324873096447,0.5759096097101403,0.5609284332688587
2022_23_20230219_TOT_WHU,2022_23,2023-02-19,0,0.5195822454308094,0.5195822454308094,0.5206774146221145,0.5253456221198156
2022_23_20230224_FUL_WOL,2022_23,2023-02-24,0,0.4282051282051282,0.4282051282051282,0.4472415021748398,0.4351464435146444
2022_23_20230225_BOU_MCI,2022_23,2023-02-25,1,0.6109725685785536,0.6109725685785536,0.5932407363190781,0.5948275862068966
2022_23_20230225_CRY_LIV,2022_23,2023-02-25,0,0.5260416666666667,0.5260416666666667,0.5258720182019285,0.5253456221198156
2022_23_20230225_EVE_AVL,2022_23,2023-02-25,0,0.4209183673469387,0.4209183673469387,0.4414416222128185,0.4351464435146444
2022_23_20230225_LEE_SOU,2022_23,2023-02-25,0,0.4751958224543081,0.4751958224543081,0.484920820717488,0.5179372197309418
2022_23_20230225_LEI_ARS,2022_23,2023-02-25,0,0.5717948717948719,0.5717948717948719,0.5624419763166927,0.5609284332688587
2022_23_20230225_WHU_NFO,2022_23,2023-02-25,1,0.440721649484536,0.440721649484536,0.4572367245847039,0.4351464435146444
2022_23_20230226_TOT_CHE,2022_23,2023-02-26,0,0.4701298701298701,0.4701298701298701,0.48084275564324663,0.5179372197309418
2022_23_20230301_ARS_EVE,2022_23,2023-03-01,1,0.5260416666666667,0.5260416666666667,0.5258720182019285,0.5253456221198156
2022_23_20230301_LIV_WOL,2022_23,2023-03-01,0,0.5529715762273902,0.5529715762273902,0.5474558694854915,0.5609284332688587
2022_23_20230304_ARS_BOU,2022_23,2023-03-04,1,0.6040100250626567,0.6040100250626567,0.587813324811916,0.5948275862068966
2022_23_20230304_AVL_CRY,2022_23,2023-03-04,0,0.4183673469387755,0.4183673469387755,0.43941483080542365,0.4351464435146444
2022_23_20230304_BRI_WHU,2022_23,2023-03-04,1,0.4960835509138382,0.4960835509138382,0.5017505772207502,0.5179372197309418
2022_23_20230304_CHE_LEE,2022_23,2023-03-04,0,0.5039164490861618,0.5039164490861618,0.5080627620760788,0.5179372197309418
2022_23_20230304_MCI_NEW,2022_23,2023-03-04,0,0.5592783505154639,0.5592783505154639,0.5524879592764592,0.5609284332688587
2022_23_20230304_SOU_LEI,2022_23,2023-03-04,0,0.4713541666666666,0.4713541666666666,0.48182809472204496,0.5179372197309418
2022_23_20230304_WOL_TOT,2022_23,2023-03-04,0,0.4571428571428572,0.4571428571428572,0.47040121665164175,0.4838709677419355
2022_23_20230305_LIV_MUN,2022_23,2023-03-05,1,0.5790816326530612,0.5790816326530612,0.5682143734860863,0.5609284332688587
2022_23_20230305_NFO_EVE,2022_23,2023-03-05,1,0.3840399002493765,0.3840399002493765,0.41236399872869306,0.3388888888888889
2022_23_20230306_BRE_FUL,2022_23,2023-03-06,1,0.5052356020942408,0.5052356020942408,0.5091256109228169,0.5179372197309418
2022_23_20230311_BOU_LIV,2022_23,2023-03-11,0,0.5877862595419847,0.5877862595419847,0.5750856336213793,0.5609284332688587
2022_23_20230311_CRY_MCI,2022_23,2023-03-11,0,0.5394736842105263,0.5394736842105263,0.5366547218335532,0.5609284332688587
2022_23_20230311_EVE_BRE,2022_23,2023-03-11,0,0.4245524296675191,0.4245524296675191,0.44433224956885703,0.4351464435146444
2022_23_20230311_LEE_BRI,2022_23,2023-03-11,1,0.5169712793733681,0.5169712793733681,0.5185763679323191,0.5253456221198156
2022_23_20230311_LEI_CHE,2022_23,2023-03-11,1,0.4830287206266319,0.4830287206266319,0.49123002278165445,0.5179372197309418
2022_23_20230311_TOT_NFO,2022_23,2023-03-11,1,0.5248041775456919,0.5248041775456919,0.5248772403530998,0.5253456221198156
2022_23_20230312_FUL_ARS,2022_23,2023-03-12,1,0.5274151436031332,0.5274151436031332,0.5269758715487121,0.5253456221198156
2022_23_20230312_MUN_SOU,2022_23,2023-03-12,0,0.5831202046035805,0.5831202046035805,0.5714057744805499,0.5609284332688587
2022_23_20230312_NEW_WOL,2022_23,2023-03-12,1,0.4444444444444444,0.4444444444444444,0.460216635106277,0.4351464435146444
2022_23_20230312_WHU_AVL,2022_23,2023-03-12,0,0.4699738903394256,0.4699738903394256,0.4807172304347672,0.5179372197309418
2022_23_20230315_BRI_CRY,2022_23,2023-03-15,0,0.5039370078740157,0.5039370078740157,0.5080793269887912,0.5179372197309418
2022_23_20230315_SOU_BRE,2022_23,2023-03-15,0,0.4621409921671018,0.4621409921671018,0.47441714530206197,0.4838709677419355
2022_23_20230317_NFO_NEW,2022_23,2023-03-17,1,0.4687499999999999,0.4687499999999999,0.47973238671458973,0.5179372197309418
2022_23_20230318_AVL_BOU,2022_23,2023-03-18,1,0.4973821989528796,0.4973821989528796,0.5027971926853174,0.5179372197309418
2022_23_20230318_BRE_LEI,2022_23,2023-03-18,0,0.5169712793733681,0.5169712793733681,0.5185763679323191,0.5253456221198156
2022_23_20230318_CHE_EVE,2022_23,2023-03-18,1,0.4583333333333333,0.4583333333333333,0.4713574188723724,0.4838709677419355
2022_23_20230318_SOU_TOT,2022_23,2023-03-18,1,0.4778067885117493,0.4778067885117493,0.48702345349211124,0.5179372197309418
2022_23_20230318_WOL_LEE,2022_23,2023-03-18,1,0.4209183673469387,0.4209183673469387,0.4414416222128185,0.4351464435146444
2022_23_20230319_ARS_CRY,2022_23,2023-03-19,1,0.5529715762273902,0.5529715762273902,0.5474558694854915,0.5609284332688587
2022_23_20230401_ARS_LEE,2022_23,2023-04-01,1,0.6212871287128713,0.6212871287128713,0.6012390722639801,0.5948275862068966
2022_23_20230401_BOU_FUL,2022_23,2023-04-01,1,0.4687499999999999,0.4687499999999999,0.47973238671458973,0.5179372197309418
2022_23_20230401_BRI_BRE,2022_23,2023-04-01,1,0.5428571428571429,0.5428571428571429,0.539365833959762,0.5609284332688587
2022_23_20230401_CHE_AVL,2022_23,2023-04-01,0,0.4947643979057591,0.4947643979057591,0.5006874205918893,0.5179372197309418
2022_23_20230401_CRY_LEI,2022_23,2023-04-01,1,0.4392764857881137,0.4392764857881137,0.45608075577100216,0.4351464435146444
2022_23_20230401_MCI_LIV,2022_23,2023-04-01,1,0.5790816326530612,0.5790816326530612,0.5682143734860863,0.5609284332688587
2022_23_20230401_NFO_WOL,2022_23,2023-04-01,0,0.4005037783375315,0.4005037783375315,0.4252823905577402,0.3388888888888889
2022_23_20230402_NEW_MUN,2022_23,2023-04-02,0,0.5013123359580053,0.5013123359580053,0.5059644089687326,0.5179372197309418
2022_23_20230402_WHU_SOU,2022_23,2023-04-02,0,0.4661458333333333,0.4661458333333333,0.477637391758029,0.4838709677419355
2022_23_20230403_EVE_TOT,2022_23,2023-04-03,0,0.4578947368421053,0.4578947368421053,0.4710051090130653,0.4838709677419355
2022_23_20230404_BOU_BRI,2022_23,2023-04-04,0,0.53125,0.53125,0.5300564878264107,0.5253456221198156
2022_23_20230404_CHE_LIV,2022_23,2023-04-04,0,0.5013054830287206,0.5013054830287206,0.5059588866772177,0.5179372197309418
2022_23_20230404_LEE_NFO,2022_23,2023-04-04,1,0.4895833333333333,0.4895833333333333,0.49651183011533867,0.5179372197309418
2022_23_20230404_LEI_AVL,2022_23,2023-04-04,1,0.4934725848563968,0.4934725848563968,0.4996462922088576,0.5179372197309418
2022_23_20230405_MUN_BRE,2022_23,2023-04-05,0,0.5581395348837209,0.5581395348837209,0.5515800781540922,0.5609284332688587
2022_23_20230405_WHU_NEW,2022_23,2023-04-05,1,0.4470284237726098,0.4470284237726098,0.4622866672887023,0.4351464435146444
2022_23_20230408_AVL_NFO,2022_23,2023-04-08,0,0.5,0.5,0.5049068651747991,0.5179372197309418
2022_23_20230408_BRE_NEW,2022_23,2023-04-08,1,0.4778067885117493,0.4778067885117493,0.48702345349211124,0.5179372197309418
2022_23_20230408_FUL_WHU,2022_23,2023-04-08,0,0.4392764857881137,0.4392764857881137,0.45608075577100216,0.4351464435146444
2022_23_20230408_LEI_BOU,2022_23,2023-04-08,0,0.5157068062827225,0.5157068062827225,0.5175586045529167,0.5253456221198156
2022_23_20230408_MUN_EVE,2022_23,2023-04-08,0,0.5209424083769634,0.5209424083769634,0.5217716539448669,0.5253456221198156
2022_23_20230408_SOU_MCI,2022_23,2023-04-08,1,0.5949367088607596,0.5949367088607596,0.58070855283018,0.5948275862068966
2022_23_20230408_TOT_BRI,2022_23,2023-04-08,1,0.5261780104712042,0.5261780104712042,0.5259816082021479,0.5253456221198156
2022_23_20230408_WOL_CHE,2022_23,2023-04-08,0,0.4404145077720207,0.4404145077720207,0.45699100670872594,0.4351464435146444
2022_23_20230409_LEE_CRY,2022_23,2023-04-09,1,0.4455958549222798,0.4455958549222798,0.46113886764410267,0.4351464435146444
2022_23_20230409_LIV_ARS,2022_23,2023-04-09,1,0.5816326530612244,0.5816326530612244,0.5702309426994401,0.5609284332688587
2022_23_20230415_AVL_NEW,2022_23,2023-04-15,1,0.4765625,0.4765625,0.48602135570202387,0.5179372197309418
2022_23_20230415_CHE_BRI,2022_23,2023-04-15,1,0.5,0.5,0.5049068651747991,0.5179372197309418
2022_23_20230415_EVE_FUL,2022_23,2023-04-15,1,0.4333333333333333,0.4333333333333333,0.4513320058980587,0.4351464435146444
2022_23_20230415_MCI_LEI,2022_23,2023-04-15,1,0.7074235807860262,0.7074235807860262,0.6655920270746438,0.6666666666666666
2022_23_20230415_SOU_CRY,2022_23,2023-04-15,0,0.4183673469387755,0.4183673469387755,0.43941483080542365,0.4351464435146444
2022_23_20230415_TOT_BOU,2022_23,2023-04-15,1,0.5655526992287918,0.5655526992287918,0.5574835331139655,0.5609284332688587
2022_23_20230415_WOL_BRE,2022_23,2023-04-15,0,0.4271099744245524,0.4271099744245524,0.44636886017771366,0.4351464435146444
2022_23_20230416_NFO_MUN,2022_23,2023-04-16,0,0.5352480417754569,0.5352480417754569,0.5332657539882805,0.5609284332688587
2022_23_20230416_WHU_ARS,2022_23,2023-04-16,1,0.53125,0.53125,0.5300564878264107,0.5253456221198156
2022_23_20230417_LEE_LIV,2022_23,2023-04-17,1,0.6045340050377834,0.6045340050377834,0.5882225368124592,0.5948275862068966
2022_23_20230421_ARS_SOU,2022_23,2023-04-21,1,0.6308068459657702,0.6308068459657702,0.6085735202318583,0.6666666666666666
2022_23_20230422_BRE_AVL,2022_23,2023-04-22,0,0.4842931937172774,0.4842931937172774,0.4922488386704743,0.5179372197309418
2022_23_20230422_CRY_EVE,2022_23,2023-04-22,0,0.4060913705583756,0.4060913705583756,0.4296909284285422,0.3388888888888889
2022_23_20230422_FUL_LEE,2022_23,2023-04-22,1,0.5078534031413613,0.5078534031413613,0.5112345340446932,0.5179372197309418
2022_23_20230422_LEI_WOL,2022_23,2023-04-22,1,0.4455958549222798,0.4455958549222798,0.46113886764410267,0.4351464435146444
2022_23_20230422_LIV_NFO,2022_23,2023-04-22,1,0.657210401891253,0.657210401891253,0.6286522208614039,0.6666666666666666
2022_23_20230423_BOU_WHU,2022_23,2023-04-23,1,0.4493506493506493,0.4493506493506493,0.46414811995756927,0.4351464435146444
2022_23_20230423_NEW_TOT,2022_23,2023-04-23,1,0.5221932114882506,0.5221932114882506,0.5227777300889268,0.5253456221198156
2022_23_20230425_AVL_FUL,2022_23,2023-04-25,0,0.5286458333333333,0.5286458333333333,0.5279647442073353,0.5253456221198156
2022_23_20230425_LEE_LEI,2022_23,2023-04-25,0,0.5466321243523315,0.5466321243523315,0.5423879132693294,0.5609284332688587
2022_23_20230425_WOL_CRY,2022_23,2023-04-25,0,0.3880597014925373,0.3880597014925373,0.4155077338256358,0.3388888888888889
2022_23_20230426_CHE_BRE,2022_23,2023-04-26,0,0.4895287958115184,0.4895287958115184,0.49646787809741355,0.5179372197309418
2022_23_20230426_MCI_ARS,2022_23,2023-04-26,1,0.5949367088607596,0.5949367088607596,0.58070855283018,0.5948275862068966
2022_23_20230426_NFO_BRI,2022_23,2023-04-26,1,0.548051948051948,0.548051948051948,0.5435237651876013,0.5609284332688587
2022_23_20230426_WHU_LIV,2022_23,2023-04-26,1,0.5681233933161953,0.5681233933161953,0.5595269988850832,0.5609284332688587
2022_23_20230427_EVE_NEW,2022_23,2023-04-27,1,0.4673629242819843,0.4673629242819843,0.4786164213043452,0.5179372197309418
2022_23_20230427_SOU_BOU,2022_23,2023-04-27,0,0.4751958224543081,0.4751958224543081,0.484920820717488,0.5179372197309418
2022_23_20230427_TOT_MUN,2022_23,2023-04-27,1,0.5769230769230769,0.5769230769230769,0.5665062749281886,0.5609284332688587
2022_23_20230429_BRE_NFO,2022_23,2023-04-29,1,0.4895287958115184,0.4895287958115184,0.49646787809741355,0.5179372197309418
2022_23_20230429_BRI_WOL,2022_23,2023-04-29,1,0.5287958115183247,0.5287958115183247,0.5280852384754832,0.5253456221198156
2022_23_20230429_CRY_WHU,2022_23,2023-04-29,1,0.4147582697201017,0.4147582697201017,0.4365508745340498,0.3388888888888889
2022_23_20230430_BOU_LEE,2022_23,2023-04-30,1,0.5287958115183247,0.5287958115183247,0.5280852384754832,0.5253456221198156
2022_23_20230430_FUL_MCI,2022_23,2023-04-30,1,0.6169154228855721,0.6169154228855721,0.5978553988721952,0.5948275862068966
2022_23_20230430_LIV_TOT,2022_23,2023-04-30,1,0.635036496350365,0.635036496350365,0.6118167920356471,0.6666666666666666
2022_23_20230430_MUN_AVL,2022_23,2023-04-30,0,0.5743589743589743,0.5743589743589743,0.564475208666452,0.5609284332688587
2022_23_20230430_NEW_SOU,2022_23,2023-04-30,1,0.5569948186528497,0.5569948186528497,0.5506671464103398,0.5609284332688587
2022_23_20230501_LEI_EVE,2022_23,2023-05-01,1,0.4712041884816754,0.4712041884816754,0.48170738143756126,0.5179372197309418
2022_23_20230502_ARS_CHE,2022_23,2023-05-02,1,0.5454545454545455,0.5454545454545455,0.5414455210572736,0.5609284332688587
2022_23_20230503_LIV_FUL,2022_23,2023-05-03,0,0.6587677725118484,0.6587677725118484,0.6298235170785316,0.6666666666666666
2022_23_20230503_MCI_WHU,2022_23,2023-05-03,1,0.6555819477434679,0.6555819477434679,0.627425843693177,0.6666666666666666
2022_23_20230504_BRI_MUN,2022_23,2023-05-04,0,0.6109725685785536,0.6109725685785536,0.5932407363190781,0.5948275862068966
2022_23_20230506_BOU_CHE,2022_23,2023-05-06,1,0.4908616187989557,0.4908616187989557,0.4975420197266851,0.5179372197309418
2022_23_20230506_LIV_BRE,2022_23,2023-05-06,0,0.6359223300970874,0.6359223300970874,0.6124948022284744,0.6666666666666666
2022_23_20230506_MCI_LEE,2022_23,2023-05-06,1,0.7259414225941423,0.7259414225941423,0.6787454908794671,0.6666666666666666
2022_23_20230506_TOT_CRY,2022_23,2023-05-06,0,0.5428571428571429,0.5428571428571429,0.539365833959762,0.5609284332688587
2022_23_20230506_WOL_AVL,2022_23,2023-05-06,0,0.4355670103092783,0.4355670103092783,0.453115785902253,0.4351464435146444
2022_23_20230507_NEW_ARS,2022_23,2023-05-07,0,0.5826972010178116,0.5826972010178116,0.5710717778938429,0.5609284332688587
2022_23_20230507_WHU_MUN,2022_23,2023-05-07,0,0.5717948717948719,0.5717948717948719,0.5624419763166927,0.5609284332688587
2022_23_20230508_BRI_EVE,2022_23,2023-05-08,1,0.5994962216624685,0.5994962216624685,0.5842832130154686,0.5948275862068966
2022_23_20230508_FUL_LEI,2022_23,2023-05-08,1,0.5234374999999999,0.5234374999999999,0.5237783829156504,0.5253456221198156
2022_23_20230508_NFO_SOU,2022_23,2023-05-08,1,0.4778067885117493,0.4778067885117493,0.48702345349211124,0.5179372197309418
2022_23_20230513_AVL_TOT,2022_23,2023-05-13,1,0.5454545454545455,0.5454545454545455,0.5414455210572736,0.5609284332688587
2022_23_20230513_CHE_NFO,2022_23,2023-05-13,1,0.5195822454308094,0.5195822454308094,0.5206774146221145,0.5253456221198156
2022_23_20230513_CRY_BOU,2022_23,2023-05-13,0,0.5026178010471204,0.5026178010471204,0.5070163629493372,0.5179372197309418
2022_23_20230513_LEE_NEW,2022_23,2023-05-13,1,0.5852417302798981,0.5852417302798981,0.5730799088516906,0.5609284332688587
2022_23_20230513_MUN_WOL,2022_23,2023-05-13,0,0.5769230769230769,0.5769230769230769,0.5665062749281886,0.5609284332688587
2022_23_20230513_SOU_FUL,2022_23,2023-05-13,0,0.5078534031413613,0.5078534031413613,0.5112345340446932,0.5179372197309418
2022_23_20230514_ARS_BRI,2022_23,2023-05-14,1,0.6212871287128713,0.6212871287128713,0.6012390722639801,0.5948275862068966
2022_23_20230514_BRE_WHU,2022_23,2023-05-14,0,0.4895287958115184,0.4895287958115184,0.49646787809741355,0.5179372197309418
2022_23_20230514_EVE_MCI,2022_23,2023-05-14,1,0.5805626598465473,0.5805626598465473,0.5693853980312167,0.5609284332688587
2022_23_20230515_LEI_LIV,2022_23,2023-05-15,1,0.6383495145631067,0.6383495145631067,0.6143503118521269,0.6666666666666666
2022_23_20230518_NEW_BRI,2022_23,2023-05-18,1,0.595959595959596,0.595959595959596,0.5815112482430135,0.5948275862068966
2022_23_20230520_BOU_MUN,2022_23,2023-05-20,0,0.6134663341645885,0.6134663341645885,0.5951792153202927,0.5948275862068966
2022_23_20230520_FUL_CRY,2022_23,2023-05-20,1,0.4739583333333334,0.4739583333333334,0.48392444225598236,0.5179372197309418
2022_23_20230520_LIV_AVL,2022_23,2023-05-20,0,0.6159600997506234,0.6159600997506234,0.5971147300421022,0.5948275862068966
2022_23_20230520_NFO_ARS,2022_23,2023-05-20,0,0.6055276381909548,0.6055276381909548,0.5889981979587043,0.5948275862068966
2022_23_20230520_TOT_BRE,2022_23,2023-05-20,1,0.5454545454545455,0.5454545454545455,0.5414455210572736,0.5609284332688587
2022_23_20230520_WOL_EVE,2022_23,2023-05-20,0,0.4623376623376624,0.4623376623376624,0.47457523803428664,0.4838709677419355
2022_23_20230521_BRI_SOU,2022_23,2023-05-21,1,0.6736111111111112,0.6736111111111112,0.6409089371518374,0.6666666666666666
2022_23_20230521_MCI_CHE,2022_23,2023-05-21,0,0.625615763546798,0.625615763546798,0.6045799101906767,0.5948275862068966
2022_23_20230521_WHU_LEE,2022_23,2023-05-21,1,0.5300261096605744,0.5300261096605744,0.5290735499339368,0.5253456221198156
2022_23_20230522_NEW_LEI,2022_23,2023-05-22,0,0.6299019607843138,0.6299019607843138,0.6078784017891972,0.6666666666666666
2022_23_20230524_BRI_MCI,2022_23,2023-05-24,0,0.6265356265356266,0.6265356265356266,0.6052886150657582,0.6666666666666666
2022_23_20230525_MUN_CHE,2022_23,2023-05-25,1,0.5979899497487436,0.5979899497487436,0.5831032562607026,0.5948275862068966
2022_23_20230528_ARS_WOL,2022_23,2023-05-28,1,0.6498800959232613,0.6498800959232613,0.6231189708801079,0.6666666666666666
2022_23_20230528_AVL_BRI,2022_23,2023-05-28,1,0.6222222222222222,0.6222222222222222,0.6019615871538445,0.5948275862068966
2022_23_20230528_BRE_MCI,2022_23,2023-05-28,0,0.5913705583756345,0.5913705583756345,0.5779067532062988,0.5948275862068966
2022_23_20230528_CHE_NEW,2022_23,2023-05-28,0,0.5629820051413882,0.5629820051413882,0.5554381194705331,0.5609284332688587
2022_23_20230528_CRY_NFO,2022_23,2023-05-28,0,0.5790816326530612,0.5790816326530612,0.5682143734860863,0.5609284332688587
2022_23_20230528_EVE_BOU,2022_23,2023-05-28,0,0.5692307692307692,0.5692307692307692,0.5604066439847954,0.5609284332688587
2022_23_20230528_LEE_TOT,2022_23,2023-05-28,1,0.6341463414634148,0.6341463414634148,0.6111350381650095,0.6666666666666666
2022_23_20230528_LEI_WHU,2022_23,2023-05-28,1,0.5681233933161953,0.5681233933161953,0.5595269988850832,0.5609284332688587
2022_23_20230528_MUN_FUL,2022_23,2023-05-28,1,0.6383495145631067,0.6383495145631067,0.6143503118521269,0.6666666666666666
2022_23_20230528_SOU_LIV,2022_23,2023-05-28,1,0.6840909090909091,0.6840909090909091,0.6486466920634942,0.6666666666666666
2023_24_20230812_BOU_WHU,2023_24,2023-08-12,0,0.5078534031413613,0.5078534031413613,0.5097324740797416,0.5157232704402516
2023_24_20230812_BRI_LUT,2023_24,2023-08-12,1,0.5924050632911392,0.5924050632911392,0.5833350436345244,0.6029962546816479
2023_24_20230812_EVE_FUL,2023_24,2023-08-12,0,0.4856396866840731,0.4856396866840731,0.4901919740204227,0.5035460992907802
2023_24_20230812_NEW_AVL,2023_24,2023-08-12,1,0.5428571428571429,0.5428571428571429,0.5404404541782604,0.5511482254697287
2023_24_20230812_SHU_CRY,2023_24,2023-08-12,0,0.4318766066838046,0.4318766066838046,0.443138554362035,0.42857142857142855
2023_24_20230813_BRE_TOT,2023_24,2023-08-13,1,0.5618556701030928,0.5618556701030928,0.5569945466028613,0.5511482254697287
2023_24_20230813_CHE_LIV,2023_24,2023-08-13,0,0.5728900255754477,0.5728900255754477,0.5665537603866639,0.5511482254697287
2023_24_20230814_MUN_WOL,2023_24,2023-08-14,0,0.5979899497487436,0.5979899497487436,0.5881040119765913,0.6029962546816479
2023_24_20230818_NFO_SHU,2023_24,2023-08-18,1,0.4271099744245524,0.4271099744245524,0.43900328451077053,0.4225352112676056
2023_24_20230819_FUL_BRE,2023_24,2023-08-19,1,0.4960835509138382,0.4960835509138382,0.4993789269194565,0.5157232704402516
2023_24_20230819_LIV_BOU,2023_24,2023-08-19,1,0.7039473684210525,0.7039473684210525,0.6745871302078014,0.6804511278195489
2023_24_20230819_MCI_NEW,2023_24,2023-08-19,0,0.5555555555555556,0.5555555555555556,0.55151720910193,0.5511482254697287
2023_24_20230819_TOT_MUN,2023_24,2023-08-19,0,0.6084788029925187,0.6084788029925187,0.5970152953271539,0.6029962546816479
2023_24_20230819_WOL_BRI,2023_24,2023-08-19,1,0.5492227979274612,0.5492227979274612,0.5459988704829435,0.5511482254697287
2023_24_20230820_AVL_EVE,2023_24,2023-08-20,1,0.5065274151436031,0.5065274151436031,0.5085662991873384,0.5157232704402516
2023_24_20230820_WHU_CHE,2023_24,2023-08-20,1,0.4986945169712793,0.4986945169712793,0.5016759730428141,0.5157232704402516
2023_24_20230821_CRY_ARS,2023_24,2023-08-21,0,0.4973821989528796,0.4973821989528796,0.5005214395438021,0.5157232704402516
2023_24_20230825_CHE_LUT,2023_24,2023-08-25,1,0.5776081424936387,0.5776081424936387,0.570626486328799,0.5590551181102362
2023_24_20230826_ARS_FUL,2023_24,2023-08-26,1,0.6433734939759036,0.6433734939759036,0.6261748572135792,0.6804511278195489
2023_24_20230826_BOU_TOT,2023_24,2023-08-26,0,0.6144278606965174,0.6144278606965174,0.6020416707873683,0.6029962546816479
2023_24_20230826_BRE_CRY,2023_24,2023-08-26,0,0.4496124031007751,0.4496124031007751,0.4585900201110439,0.4406779661016949
2023_24_20230826_BRI_WHU,2023_24,2023-08-26,1,0.6383495145631067,0.6383495145631067,0.6220272248137538,0.6804511278195489
2023_24_20230826_EVE_WOL,2023_24,2023-08-26,0,0.4507772020725388,0.4507772020725388,0.459607919089263,0.4406779661016949
2023_24_20230826_MUN_NFO,2023_24,2023-08-26,1,0.6274509803921569,0.6274509803921569,0.6129688234420287,0.6804511278195489
2023_24_20230827_BUR_AVL,2023_24,2023-08-27,1,0.5182291666666667,0.5182291666666667,0.518853058943394,0.5388349514563107
2023_24_20230827_NEW_LIV,2023_24,2023-08-27,1,0.639225181598063,0.639225181598063,0.6227514523273278,0.6804511278195489
2023_24_20230827_SHU_MCI,2023_24,2023-08-27,1,0.6055276381909548,0.6055276381909548,0.5945141951070946,0.6029962546816479
2023_24_20230901_LUT_WHU,2023_24,2023-09-01,1,0.5272727272727271,0.5272727272727271,0.5267925773902153,0.5388349514563107
2023_24_20230902_BRE_BOU,2023_24,2023-09-02,1,0.5492227979274612,0.5492227979274612,0.5459988704829435,0.5511482254697287
2023_24_20230902_BRI_NEW,2023_24,2023-09-02,1,0.6400966183574879,0.6400966183574879,0.6234716374329073,0.6804511278195489
2023_24_20230902_BUR_TOT,2023_24,2023-09-02,1,0.5848101265822784,0.5848101265822784,0.5768247375171809,0.5590551181102362
2023_24_20230902_CHE_NFO,2023_24,2023-09-02,0,0.583756345177665,0.583756345177665,0.575919280882813,0.5590551181102362
2023_24_20230902_MCI_FUL,2023_24,2023-09-02,1,0.6781609195402298,0.6781609195402298,0.6543603421780445,0.6804511278195489
2023_24_20230902_SHU_EVE,2023_24,2023-09-02,1,0.423469387755102,0.423469387755102,0.4358505746630857,0.4225352112676056
2023_24_20230903_ARS_MUN,2023_24,2023-09-03,1,0.6144278606965174,0.6144278606965174,0.6020416707873683,0.6029962546816479
2023_24_20230903_CRY_WOL,2023_24,2023-09-03,1,0.4296675191815857,0.4296675191815857,0.441221055058137,0.42857142857142855
2023_24_20230903_LIV_AVL,2023_24,2023-09-03,1,0.6758620689655173,0.6758620689655173,0.6525283597571869,0.6804511278195489
2023_24_20230916_AVL_CRY,2023_24,2023-09-16,1,0.5130208333333333,0.5130208333333333,0.5142759785114779,0.5157232704402516
2023_24_20230916_FUL_LUT,2023_24,2023-09-16,0,0.5104166666666667,0.5104166666666667,0.5119864919053803,0.5157232704402516
2023_24_20230916_MUN_BRI,2023_24,2023-09-16,1,0.6689976689976691,0.6689976689976691,0.6470312678557429,0.6804511278195489
2023_24_20230916_NEW_BRE,2023_24,2023-09-16,0,0.5728900255754477,0.5728900255754477,0.5665537603866639,0.5511482254697287
2023_24_20230916_TOT_SHU,2023_24,2023-09-16,1,0.6425120772946861,0.6425120772946861,0.6254649968132251,0.6804511278195489
2023_24_20230916_WHU_MCI,2023_24,2023-09-16,1,0.5909090909090909,0.5909090909090909,0.5820549317898364,0.6029962546816479
2023_24_20230916_WOL_LIV,2023_24,2023-09-16,1,0.6425120772946861,0.6425120772946861,0.6254649968132251,0.6804511278195489
2023_24_20230917_BOU_CHE,2023_24,2023-09-17,0,0.583756345177665,0.583756345177665,0.575919280882813,0.5590551181102362
2023_24_20230917_EVE_ARS,2023_24,2023-09-17,0,0.5790816326530612,0.5790816326530612,0.5718964875927094,0.5590551181102362
2023_24_20230918_NFO_BUR,2023_24,2023-09-18,0,0.5013054830287206,0.5013054830287206,0.5039729484224423,0.5157232704402516
2023_24_20230923_BRE_EVE,2023_24,2023-09-23,1,0.5,0.5,0.5028244756353082,0.5157232704402516
2023_24_20230923_BUR_MUN,2023_24,2023-09-23,0,0.5944584382871536,0.5944584382871536,0.5850902965674802,0.6029962546816479
2023_24_20230923_CRY_FUL,2023_24,2023-09-23,0,0.4675324675324676,0.4675324675324676,0.4742832191677391,0.5035460992907802
2023_24_20230923_LUT_WOL,2023_24,2023-09-23,0,0.4817708333333334,0.4817708333333334,0.48679008482637454,0.5035460992907802
2023_24_20230923_MCI_NFO,2023_24,2023-09-23,0,0.6758620689655173,0.6758620689655173,0.6525283597571869,0.6804511278195489
2023_24_20230924_ARS_TOT,2023_24,2023-09-24,1,0.6308068459657702,0.6308068459657702,0.6157667387704292,0.6804511278195489
2023_24_20230924_BRI_BOU,2023_24,2023-09-24,1,0.6941964285714286,0.6941964285714286,0.6670098084108975,0.6804511278195489
2023_24_20230924_CHE_AVL,2023_24,2023-09-24,0,0.5641025641025641,0.5641025641025641,0.5589447252315656,0.5511482254697287
2023_24_20230924_LIV_WHU,2023_24,2023-09-24,1,0.6788990825688074,0.6788990825688074,0.654947626225677,0.6804511278195489
2023_24_20230924_SHU_NEW,2023_24,2023-09-24,1,0.5754475703324808,0.5754475703324808,0.568762610989595,0.5511482254697287
2023_24_20230930_AVL_BRI,2023_24,2023-09-30,1,0.6651053864168619,0.6651053864168619,0.6438967964669184,0.6804511278195489
2023_24_20230930_BOU_ARS,2023_24,2023-09-30,1,0.6178660049627792,0.6178660049627792,0.6049368591755561,0.6029962546816479
2023_24_20230930_EVE_LUT,2023_24,2023-09-30,1,0.4739583333333334,0.4739583333333334,0.47992459577966395,0.5035460992907802
2023_24_20230930_MUN_CRY,2023_24,2023-09-30,0,0.5402597402597403,0.5402597402597403,0.5381694591672942,0.5511482254697287
2023_24_20230930_NEW_BUR,2023_24,2023-09-30,0,0.6222222222222222,0.6222222222222222,0.6085945690238591,0.6029962546816479
2023_24_20230930_TOT_LIV,2023_24,2023-09-30,1,0.6848072562358277,0.6848072562358277,0.6596310355492485,0.6804511278195489
2023_24_20230930_WHU_SHU,2023_24,2023-09-30,0,0.5826972010178116,0.5826972010178116,0.5750087024585852,0.5590551181102362
2023_24_20230930_WOL_MCI,2023_24,2023-09-30,1,0.6212871287128713,0.6212871287128713,0.6078104273759669,0.6029962546816479
2023_24_20231001_NFO_BRE,2023_24,2023-10-01,0,0.4571428571428572,0.4571428571428572,0.4651764966700414,0.4444444444444444
2023_24_20231002_FUL_CHE,2023_24,2023-10-02,0,0.4947643979057591,0.4947643979057591,0.49821838132644,0.5157232704402516
2023_24_20231003_LUT_BUR,2023_24,2023-10-03,1,0.4271099744245524,0.4271099744245524,0.43900328451077053,0.4225352112676056
2023_24_20231007_BUR_CHE,2023_24,2023-10-07,1,0.53125,0.53125,0.5302802553692958,0.5388349514563107
2023_24_20231007_CRY_NFO,2023_24,2023-10-07,0,0.4198473282442748,0.4198473282442748,0.4327190470678214,0.4225352112676056
2023_24_20231007_EVE_BOU,2023_24,2023-10-07,1,0.5234374999999999,0.5234374999999999,0.5234269773403529,0.5388349514563107
2023_24_20231007_FUL_SHU,2023_24,2023-10-07,1,0.4960835509138382,0.4960835509138382,0.4993789269194565,0.5157232704402516
2023_24_20231007_LUT_TOT,2023_24,2023-10-07,0,0.6134663341645885,0.6134663341645885,0.6012307009244703,0.6029962546816479
2023_24_20231007_MUN_BRE,2023_24,2023-10-07,1,0.5762273901808785,0.5762273901808785,0.5694355709773824,0.5511482254697287
2023_24_20231008_ARS_MCI,2023_24,2023-10-08,0,0.5352480417754569,0.5352480417754569,0.5337831670395957,0.5511482254697287
2023_24_20231008_BRI_LIV,2023_24,2023-10-08,1,0.7045951859956237,0.7045951859956237,0.6750873745929975,0.6804511278195489
2023_24_20231008_WHU_NEW,2023_24,2023-10-08,1,0.5555555555555556,0.5555555555555556,0.55151720910193,0.5511482254697287
2023_24_20231008_WOL_AVL,2023_24,2023-10-08,0,0.53125,0.53125,0.5302802553692958,0.5388349514563107
2023_24_20231021_BOU_WOL,2023_24,2023-10-21,1,0.5260416666666667,0.5260416666666667,0.5257125118995705,0.5388349514563107
2023_24_20231021_BRE_BUR,2023_24,2023-10-21,1,0.5,0.5,0.5028244756353082,0.5157232704402516
2023_24_20231021_CHE_ARS,2023_24,2023-10-21,1,0.4973821989528796,0.4973821989528796,0.5005214395438021,0.5157232704402516
2023_24_20231021_LIV_EVE,2023_24,2023-10-21,0,0.674364896073903,0.674364896073903,0.6513328074476431,0.6804511278195489
2023_24_20231021_MCI_BRI,2023_24,2023-10-21,1,0.6928251121076232,0.6928251121076232,0.6659371031807397,0.6804511278195489
2023_24_20231021_NEW_CRY,2023_24,2023-10-21,1,0.5272727272727271,0.5272727272727271,0.5267925773902153,0.5388349514563107
2023_24_20231021_NFO_LUT,2023_24,2023-10-21,1,0.4699738903394256,0.4699738903394256,0.4764258907964205,0.5035460992907802
2023_24_20231021_SHU_MUN,2023_24,2023-10-21,1,0.6144278606965174,0.6144278606965174,0.6020416707873683,0.6029962546816479
2023_24_20231022_AVL_WHU,2023_24,2023-10-22,1,0.602015113350126,0.602015113350126,0.5915309485137307,0.6029962546816479
2023_24_20231023_TOT_FUL,2023_24,2023-10-23,0,0.6280788177339901,0.6280788177339901,0.6134928492139299,0.6804511278195489
2023_24_20231027_CRY_TOT,2023_24,2023-10-27,1,0.5090909090909091,0.5090909090909091,0.5108207358193941,0.5157232704402516
2023_24_20231028_ARS_SHU,2023_24,2023-10-28,1,0.6971046770601336,0.6971046770601336,0.669279043217684,0.6804511278195489
2023_24_20231028_BOU_BUR,2023_24,2023-10-28,1,0.5324675324675325,0.5324675324675325,0.5313473367614037,0.5511482254697287
2023_24_20231028_CHE_BRE,2023_24,2023-10-28,0,0.5298701298701299,0.5298701298701299,0.5290705622143985,0.5388349514563107
2023_24_20231028_WOL_NEW,2023_24,2023-10-28,1,0.5426356589147286,0.5426356589147286,0.5402468675826092,0.5511482254697287
2023_24_20231029_AVL_LUT,2023_24,2023-10-29,1,0.6317073170731708,0.6317073170731708,0.6165162032264446,0.6804511278195489
2023_24_20231029_BRI_FUL,2023_24,2023-10-29,0,0.6332518337408313,0.6332518337408313,0.6178004184727064,0.6804511278195489
2023_24_20231029_LIV_NFO,2023_24,2023-10-29,1,0.6736111111111112,0.6736111111111112,0.6507301571773169,0.6804511278195489
2023_24_20231029_MUN_MCI,2023_24,2023-10-29,1,0.5541237113402062,0.5541237113402062,0.5502705658796946,0.5511482254697287
2023_24_20231029_WHU_EVE,2023_24,2023-10-29,0,0.5492227979274612,0.5492227979274612,0.5459988704829435,0.5511482254697287
2023_24_20231104_BRE_WHU,2023_24,2023-11-04,1,0.5466321243523315,0.5466321243523315,0.5437380282527791,0.5511482254697287
2023_24_20231104_BUR_CRY,2023_24,2023-11-04,0,0.4296675191815857,0.4296675191815857,0.441221055058137,0.42857142857142855
2023_24_20231104_EVE_BRI,2023_24,2023-11-04,0,0.6025,0.6025,0.5919431776206935,0.6029962546816479
2023_24_20231104_FUL_MUN,2023_24,2023-11-04,0,0.5338541666666666,0.5338541666666666,0.532562274281616,0.5511482254697287
2023_24_20231104_MCI_BOU,2023_24,2023-11-04,1,0.7308488612836438,0.7308488612836438,0.6950158268547846,0.75
2023_24_20231104_NEW_ARS,2023_24,2023-11-04,0,0.4986945169712793,0.4986945169712793,0.5016759730428141,0.5157232704402516
2023_24_20231104_SHU_WOL,2023_24,2023-11-04,1,0.5065274151436031,0.5065274151436031,0.5085662991873384,0.5157232704402516
2023_24_20231105_LUT_LIV,2023_24,2023-11-05,0,0.6928251121076232,0.6928251121076232,0.6659371031807397,0.6804511278195489
2023_24_20231105_NFO_AVL,2023_24,2023-11-05,0,0.5440414507772021,0.5440414507772021,0.5414753822903365,0.5511482254697287
2023_24_20231106_TOT_CHE,2023_24,2023-11-06,1,0.5581395348837209,0.5581395348837209,0.5537653173658197,0.5511482254697287
2023_24_20231111_ARS_BUR,2023_24,2023-11-11,1,0.637469586374696,0.637469586374696,0.6212989242289881,0.6804511278195489
2023_24_20231111_BOU_NEW,2023_24,2023-11-11,0,0.5655526992287918,0.5655526992287918,0.5602024005064604,0.5511482254697287
2023_24_20231111_CRY_EVE,2023_24,2023-11-11,1,0.4173027989821883,0.4173027989821883,0.4305223158359418,0.3475935828877005
2023_24_20231111_MUN_LUT,2023_24,2023-11-11,0,0.6222222222222222,0.6222222222222222,0.6085945690238591,0.6029962546816479
2023_24_20231111_WOL_TOT,2023_24,2023-11-11,1,0.5873417721518986,0.5873417721518986,0.578997922851632,0.5590551181102362
2023_24_20231112_AVL_FUL,2023_24,2023-11-12,1,0.5644329896907216,0.5644329896907216,0.559231364355289,0.5511482254697287
2023_24_20231112_BRI_SHU,2023_24,2023-11-12,0,0.6758620689655173,0.6758620689655173,0.6525283597571869,0.6804511278195489
2023_24_20231112_CHE_MCI,2023_24,2023-11-12,1,0.5208333333333334,0.5208333333333334,0.5211404612077858,0.5388349514563107
2023_24_20231112_LIV_BRE,2023_24,2023-11-12,1,0.6515513126491647,0.6515513126491647,0.6328864771799074,0.6804511278195489
2023_24_20231112_WHU_NFO,2023_24,2023-11-12,1,0.5338541666666666,0.5338541666666666,0.532562274281616,0.5511482254697287
2023_24_20231125_BRE_ARS,2023_24,2023-11-25,0,0.5104166666666667,0.5104166666666667,0.5119864919053803,0.5157232704402516
2023_24_20231125_BUR_WHU,2023_24,2023-11-25,1,0.538860103626943,0.538860103626943,0.5369450473742242,0.5511482254697287
2023_24_20231125_LUT_CRY,2023_24,2023-11-25,1,0.4432989690721649,0.4432989690721649,0.453079037958011,0.4406779661016949
2023_24_20231125_MCI_LIV,2023_24,2023-11-25,0,0.6359223300970874,0.6359223300970874,0.6200169627402808,0.6804511278195489
2023_24_20231125_NEW_CHE,2023_24,2023-11-25,1,0.522077922077922,0.522077922077922,0.522233354169071,0.5388349514563107
2023_24_20231125_NFO_BRI,2023_24,2023-11-25,1,0.5503875968992248,0.5503875968992248,0.5470147609794341,0.5511482254697287
2023_24_20231125_SHU_BOU,2023_24,2023-11-25,1,0.5246753246753246,0.5246753246753246,0.524513476557126,0.5388349514563107
2023_24_20231126_EVE_MUN,2023_24,2023-11-26,1,0.5272727272727271,0.5272727272727271,0.5267925773902153,0.5388349514563107
2023_24_20231126_TOT_AVL,2023_24,2023-11-26,1,0.6332518337408313,0.6332518337408313,0.6178004184727064,0.6804511278195489
2023_24_20231127_FUL_WOL,2023_24,2023-11-27,1,0.4559585492227979,0.4559585492227979,0.4641397826892651,0.4444444444444444
2023_24_20231202_ARS_WOL,2023_24,2023-12-02,1,0.5790816326530612,0.5790816326530612,0.5718964875927094,0.5590551181102362
2023_24_20231202_BRE_LUT,2023_24,2023-12-02,1,0.5532467532467532,0.5532467532467532,0.5495067244667331,0.5511482254697287
2023_24_20231202_BUR_SHU,2023_24,2023-12-02,1,0.4791666666666667,0.4791666666666667,0.4845009063470889,0.5035460992907802
2023_24_20231202_NEW_MUN,2023_24,2023-12-02,0,0.5615384615384615,0.5615384615384615,0.5567190842612859,0.5511482254697287
2023_24_20231202_NFO_EVE,2023_24,2023-12-02,0,0.4687499999999999,0.4687499999999999,0.4753516516172103,0.5035460992907802
2023_24_20231203_BOU_AVL,2023_24,2023-12-03,1,0.625615763546798,0.625615763546798,0.6114355595401899,0.6029962546816479
2023_24_20231203_CHE_BRI,2023_24,2023-12-03,1,0.614609571788413,0.614609571788413,0.6021948666248739,0.6029962546816479
2023_24_20231203_LIV_FUL,2023_24,2023-12-03,1,0.675115207373272,0.675115207373272,0.6519322002183181,0.6804511278195489
2023_24_20231203_MCI_TOT,2023_24,2023-12-03,1,0.6977777777777777,0.6977777777777777,0.6698031314595105,0.6804511278195489
2023_24_20231203_WHU_CRY,2023_24,2023-12-03,0,0.4791666666666667,0.4791666666666667,0.4845009063470889,0.5035460992907802
2023_24_20231205_LUT_ARS,2023_24,2023-12-05,1,0.5816326530612244,0.5816326530612244,0.574092965042414,0.5590551181102362
2023_24_20231205_WOL_BUR,2023_24,2023-12-05,0,0.4805194805194806,0.4805194805194806,0.48569001487978447,0.5035460992907802
2023_24_20231206_AVL_MCI,2023_24,2023-12-06,0,0.6299019607843138,0.6299019607843138,0.6150130463461506,0.6804511278195489
2023_24_20231206_BRI_BRE,2023_24,2023-12-06,1,0.5873417721518986,0.5873417721518986,0.578997922851632,0.5590551181102362
2023_24_20231206_CRY_BOU,2023_24,2023-12-06,0,0.484375,0.484375,0.48907981762205177,0.5035460992907802
2023_24_20231206_FUL_NFO,2023_24,2023-12-06,1,0.4689119170984456,0.4689119170984456,0.4754937574309299,0.5035460992907802
2023_24_20231206_MUN_CHE,2023_24,2023-12-06,1,0.5801526717557253,0.5801526717557253,0.5728190230998665,0.5590551181102362
2023_24_20231206_SHU_LIV,2023_24,2023-12-06,0,0.7203389830508474,0.7203389830508474,0.6871200779167845,0.6956521739130435
2023_24_20231207_EVE_NEW,2023_24,2023-12-07,1,0.4986945169712793,0.4986945169712793,0.5016759730428141,0.5157232704402516
2023_24_20231207_TOT_WHU,2023_24,2023-12-07,1,0.635036496350365,0.635036496350365,0.6192822596064685,0.6804511278195489
2023_24_20231209_AVL_ARS,2023_24,2023-12-09,0,0.5555555555555556,0.5555555555555556,0.55151720910193,0.5511482254697287
2023_24_20231209_BRI_BUR,2023_24,2023-12-09,0,0.6015037593984962,0.6015037593984962,0.5910960785680188,0.6029962546816479
2023_24_20231209_CRY_LIV,2023_24,2023-12-09,1,0.5801526717557253,0.5801526717557253,0.5728190230998665,0.5590551181102362
2023_24_20231209_MUN_BOU,2023_24,2023-12-09,1,0.628992628992629,0.628992628992629,0.6142550939292434,0.6804511278195489
2023_24_20231209_SHU_BRE,2023_24,2023-12-09,0,0.5026041666666667,0.5026041666666667,0.5051153980049641,0.5157232704402516
2023_24_20231209_WOL_NFO,2023_24,2023-12-09,0,0.4778067885117493,0.4778067885117493,0.48330576523661123,0.5035460992907802
2023_24_20231210_EVE_CHE,2023_24,2023-12-10,0,0.5352480417754569,0.5352480417754569,0.5337831670395957,0.5511482254697287
2023_24_20231210_FUL_WHU,2023_24,2023-12-10,1,0.5169712793733681,0.5169712793733681,0.517747888898292,0.5157232704402516
2023_24_20231210_LUT_MCI,2023_24,2023-12-10,1,0.6842105263157895,0.6842105263157895,0.6591594027244764,0.6804511278195489
2023_24_20231210_TOT_NEW,2023_24,2023-12-10,1,0.6194029850746269,0.6194029850746269,0.6062287536798121,0.6029962546816479
2023_24_20231215_NFO_TOT,2023_24,2023-12-15,0,0.5873417721518986,0.5873417721518986,0.578997922851632,0.5590551181102362
2023_24_20231216_BUR_EVE,2023_24,2023-12-16,0,0.4725848563968668,0.4725848563968668,0.4787183176931491,0.5035460992907802
2023_24_20231216_CHE_SHU,2023_24,2023-12-16,0,0.625615763546798,0.625615763546798,0.6114355595401899,0.6029962546816479
2023_24_20231216_MCI_CRY,2023_24,2023-12-16,1,0.6498800959232613,0.6498800959232613,0.631518978258763,0.6804511278195489
2023_24_20231216_NEW_FUL,2023_24,2023-12-16,1,0.5567010309278351,0.5567010309278351,0.5525140585402452,0.5511482254697287
2023_24_20231217_ARS_BRI,2023_24,2023-12-17,0,0.598984771573604,0.598984771573604,0.5889517904013293,0.6029962546816479
2023_24_20231217_BRE_AVL,2023_24,2023-12-17,1,0.5633074935400517,0.5633074935400517,0.5582548530511465,0.5511482254697287
2023_24_20231217_LIV_MUN,2023_24,2023-12-17,0,0.7197452229299364,0.7197452229299364,0.6866706906471125,0.6956521739130435
2023_24_20231217_WHU_WOL,2023_24,2023-12-17,1,0.5039164490861618,0.5039164490861618,0.5062697561104705,0.5157232704402516
2023_24_20231221_CRY_BRI,2023_24,2023-12-21,0,0.5,0.5,0.5028244756353082,0.5157232704402516
2023_24_20231222_AVL_SHU,2023_24,2023-12-22,0,0.6523809523809524,0.6523809523809524,0.6335645505666363,0.6804511278195489
2023_24_20231223_FUL_BUR,2023_24,2023-12-23,0,0.5130208333333333,0.5130208333333333,0.5142759785114779,0.5157232704402516
2023_24_20231223_LIV_ARS,2023_24,2023-12-23,0,0.5655526992287918,0.5655526992287918,0.5602024005064604,0.5511482254697287
2023_24_20231223_LUT_NEW,2023_24,2023-12-23,0,0.5378590078328982,0.5378590078328982,0.5360690076102622,0.5511482254697287
2023_24_20231223_NFO_BOU,2023_24,2023-12-23,1,0.5078125,0.5078125,0.5096965022582958,0.5157232704402516
2023_24_20231223_TOT_EVE,2023_24,2023-12-23,1,0.6169154228855721,0.6169154228855721,0.6041371207154244,0.6029962546816479
2023_24_20231223_WHU_MUN,2023_24,2023-12-23,0,0.5692307692307692,0.5692307692307692,0.5633888218207295,0.5511482254697287
2023_24_20231224_WOL_CHE,2023_24,2023-12-24,1,0.5246753246753246,0.5246753246753246,0.524513476557126,0.5388349514563107
2023_24_20231226_BOU_FUL,2023_24,2023-12-26,1,0.5416666666666667,0.5416666666666667,0.5393997841825613,0.5511482254697287
2023_24_20231226_BUR_LIV,2023_24,2023-12-26,0,0.65311004784689,0.65311004784689,0.6341600117194442,0.6804511278195489
2023_24_20231226_MUN_AVL,2023_24,2023-12-26,1,0.5883838383838383,0.5883838383838383,0.5798915575307776,0.5661225217218215
2023_24_20231226_NEW_NFO,2023_24,2023-12-26,1,0.531578947368421,0.531578947368421,0.5305685822583578,0.5388349514563107
2023_24_20231226_SHU_LUT,2023_24,2023-12-26,1,0.4533678756476684,0.4533678756476684,0.46187306326667465,0.4406779661016949
2023_24_20231227_BRE_WOL,2023_24,2023-12-27,1,0.4856396866840731,0.4856396866840731,0.4901919740204227,0.5035460992907802
2023_24_20231227_CHE_CRY,2023_24,2023-12-27,1,0.5065274151436031,0.5065274151436031,0.5085662991873384,0.5157232704402516
2023_24_20231227_EVE_MCI,2023_24,2023-12-27,1,0.548051948051948,0.548051948051948,0.5449773164916795,0.5511482254697287
2023_24_20231228_ARS_WHU,2023_24,2023-12-28,0,0.6030150753768844,0.6030150753768844,0.5923809301755231,0.6029962546816479
2023_24_20231228_BRI_TOT,2023_24,2023-12-28,1,0.6555819477434679,0.6555819477434679,0.6361757834885766,0.6804511278195489
2023_24_20231230_AVL_BUR,2023_24,2023-12-30,1,0.6074999999999999,0.6074999999999999,0.5961863158876649,0.6029962546816479
2023_24_20231230_CRY_BRE,2023_24,2023-12-30,1,0.440721649484536,0.440721649484536,0.45083252574166255,0.4406779661016949
2023_24_20231230_LUT_CHE,2023_24,2023-12-30,1,0.5776081424936387,0.5776081424936387,0.570626486328799,0.5590551181102362
2023_24_20231230_MCI_SHU,2023_24,2023-12-30,0,0.7215189873417721,0.7215189873417721,0.688012120731158,0.6956521739130435
2023_24_20231230_NFO_MUN,2023_24,2023-12-30,1,0.5440414507772021,0.5440414507772021,0.5414753822903365,0.5511482254697287
2023_24_20231230_WOL_EVE,2023_24,2023-12-30,1,0.4713541666666666,0.4713541666666666,0.47763765512387496,0.5035460992907802
2023_24_20231231_FUL_ARS,2023_24,2023-12-31,1,0.5440414507772021,0.5440414507772021,0.5414753822903365,0.5511482254697287
2023_24_20231231_TOT_BOU,2023_24,2023-12-31,1,0.6788990825688074,0.6788990825688074,0.654947626225677,0.6804511278195489
2023_24_20240101_LIV_NEW,2023_24,2024-01-01,1,0.657210401891253,0.657210401891253,0.6375011440081757,0.6804511278195489
2023_24_20240102_WHU_BRI,2023_24,2024-01-02,0,0.5909090909090909,0.5909090909090909,0.5820549317898364,0.6029962546816479
2023_24_20240112_BUR_LUT,2023_24,2024-01-12,0,0.4947368421052631,0.4947368421052631,0.49819413883901137,0.5157232704402516
2023_24_20240113_CHE_FUL,2023_24,2024-01-13,0,0.583756345177665,0.583756345177665,0.575919280882813,0.5590551181102362
2023_24_20240113_NEW_MCI,2023_24,2024-01-13,1,0.5934343434343434,0.5934343434343434,0.5842151533574964,0.6029962546816479
2023_24_20240114_EVE_AVL,2023_24,2024-01-14,0,0.5592783505154639,0.5592783505154639,0.5547554151161531,0.5511482254697287
2023_24_20240114_MUN_TOT,2023_24,2024-01-14,1,0.649164677804296,0.649164677804296,0.6309329280973086,0.6804511278195489
2023_24_20240120_ARS_CRY,2023_24,2024-01-20,1,0.5454545454545455,0.5454545454545455,0.5427097708966598,0.5511482254697287
2023_24_20240120_BRE_NFO,2023_24,2024-01-20,1,0.5208333333333334,0.5208333333333334,0.5211404612077858,0.5388349514563107
2023_24_20240121_BOU_LIV,2023_24,2024-01-21,1,0.6457831325301205,0.6457831325301205,0.6281576564810439,0.6804511278195489
2023_24_20240121_SHU_WHU,2023_24,2024-01-21,1,0.4661458333333333,0.4661458333333333,0.47306668061536483,0.4444444444444444
2023_24_20240122_BRI_WOL,2023_24,2024-01-22,0,0.5841836734693877,0.5841836734693877,0.576286522473034,0.5590551181102362
2023_24_20240130_AVL_NEW,2023_24,2024-01-30,1,0.6299019607843138,0.6299019607843138,0.6150130463461506,0.6804511278195489
2023_24_20240130_CRY_SHU,2023_24,2024-01-30,1,0.4585492227979275,0.4585492227979275,0.46640798470538486,0.4444444444444444
2023_24_20240130_FUL_EVE,2023_24,2024-01-30,0,0.4699738903394256,0.4699738903394256,0.4764258907964205,0.5035460992907802
2023_24_20240130_LUT_BRI,2023_24,2024-01-30,1,0.5801526717557253,0.5801526717557253,0.5728190230998665,0.5590551181102362
2023_24_20240130_NFO_ARS,2023_24,2024-01-30,1,0.5812182741116751,0.5812182741116751,0.5737363732845809,0.5590551181102362
2023_24_20240131_LIV_CHE,2023_24,2024-01-31,1,0.6563981042654028,0.6563981042654028,0.6368402939093564,0.6804511278195489
2023_24_20240131_MCI_BUR,2023_24,2024-01-31,1,0.7118279569892474,0.7118279569892474,0.6806452212697225,0.6956521739130435
2023_24_20240131_TOT_BRE,2023_24,2024-01-31,1,0.6332518337408313,0.6332518337408313,0.6178004184727064,0.6804511278195489
2023_24_20240201_WHU_BOU,2023_24,2024-02-01,0,0.5790816326530612,0.5790816326530612,0.5718964875927094,0.5590551181102362
2023_24_20240201_WOL_MUN,2023_24,2024-02-01,1,0.5428571428571429,0.5428571428571429,0.5404404541782604,0.5511482254697287
2023_24_20240203_BRI_CRY,2023_24,2024-02-03,1,0.5529715762273902,0.5529715762273902,0.5492669935747047,0.5511482254697287
2023_24_20240203_BUR_FUL,2023_24,2024-02-03,1,0.4960835509138382,0.4960835509138382,0.4993789269194565,0.5157232704402516
2023_24_20240203_EVE_TOT,2023_24,2024-02-03,1,0.5826972010178116,0.5826972010178116,0.5750087024585852,0.5590551181102362
2023_24_20240203_NEW_LUT,2023_24,2024-02-03,1,0.6059850374064838,0.6059850374064838,0.594902163966726,0.6029962546816479
2023_24_20240203_SHU_AVL,2023_24,2024-02-03,1,0.5862944162436549,0.5862944162436549,0.5780992301030375,0.5590551181102362
2023_24_20240204_ARS_LIV,2023_24,2024-02-04,1,0.5717948717948719,0.5717948717948719,0.5656071046491746,0.5511482254697287
2023_24_20240204_BOU_NFO,2023_24,2024-02-04,0,0.578005115089514,0.578005115089514,0.5709687292820563,0.5590551181102362
2023_24_20240204_CHE_WOL,2023_24,2024-02-04,1,0.5644329896907216,0.5644329896907216,0.559231364355289,0.5511482254697287
2023_24_20240204_MUN_WHU,2023_24,2024-02-04,1,0.589873417721519,0.589873417721519,0.5811680513887403,0.6029962546816479
2023_24_20240205_BRE_MCI,2023_24,2024-02-05,1,0.606516290726817,0.606516290726817,0.5953526275471421,0.6029962546816479
2023_24_20240210_FUL_BOU,2023_24,2024-02-10,1,0.5492227979274612,0.5492227979274612,0.5459988704829435,0.5511482254697287
2023_24_20240210_LIV_BUR,2023_24,2024-02-10,1,0.7170212765957447,0.7170212765957447,0.684604586102125,0.6956521739130435
2023_24_20240210_LUT_SHU,2023_24,2024-02-10,1,0.5246753246753246,0.5246753246753246,0.524513476557126,0.5388349514563107
2023_24_20240210_MCI_EVE,2023_24,2024-02-10,0,0.6587677725118484,0.6587677725118484,0.6387666991622482,0.6804511278195489
2023_24_20240210_NFO_NEW,2023_24,2024-02-10,1,0.5581395348837209,0.5581395348837209,0.5537653173658197,0.5511482254697287
2023_24_20240210_TOT_BRI,2023_24,2024-02-10,1,0.6863636363636364,0.6863636363636364,0.6608596505539895,0.6804511278195489
2023_24_20240210_WOL_BRE,2023_24,2024-02-10,0,0.5428571428571429,0.5428571428571429,0.5404404541782604,0.5511482254697287
2023_24_20240211_AVL_MUN,2023_24,2024-02-11,1,0.6134663341645885,0.6134663341645885,0.6012307009244703,0.6029962546816479
2023_24_20240211_WHU_ARS,2023_24,2024-02-11,1,0.570694087403599,0.570694087403599,0.5646550992631477,0.5511482254697287
2023_24_20240212_CRY_CHE,2023_24,2024-02-12,1,0.5221932114882506,0.5221932114882506,0.5223345810035065,0.5388349514563107
2023_24_20240217_BRE_LIV,2023_24,2024-02-17,1,0.635036496350365,0.635036496350365,0.6192822596064685,0.6804511278195489
2023_24_20240217_BUR_ARS,2023_24,2024-02-17,1,0.5969773299748111,0.5969773299748111,0.5872405290637916,0.6029962546816479
2023_24_20240217_FUL_AVL,2023_24,2024-02-17,1,0.589873417721519,0.589873417721519,0.5811680513887403,0.6029962546816479
2023_24_20240217_MCI_CHE,2023_24,2024-02-17,0,0.6515513126491647,0.6515513126491647,0.6328864771799074,0.6804511278195489
2023_24_20240217_NEW_BOU,2023_24,2024-02-17,1,0.6457831325301205,0.6457831325301205,0.6281576564810439,0.6804511278195489
2023_24_20240217_NFO_WHU,2023_24,2024-02-17,0,0.5182291666666667,0.5182291666666667,0.518853058943394,0.5388349514563107
2023_24_20240217_TOT_WOL,2023_24,2024-02-17,1,0.6635294117647058,0.6635294117647058,0.6426241238079722,0.6804511278195489
2023_24_20240218_LUT_MUN,2023_24,2024-02-18,1,0.6040100250626567,0.6040100250626567,0.5932261029815783,0.6029962546816479
2023_24_20240218_SHU_BRI,2023_24,2024-02-18,1,0.606516290726817,0.606516290726817,0.5953526275471421,0.6029962546816479
2023_24_20240219_EVE_CRY,2023_24,2024-02-19,0,0.4404145077720207,0.4404145077720207,0.4505649384669566,0.4406779661016949
2023_24_20240220_MCI_BRE,2023_24,2024-02-20,0,0.7086956521739131,0.7086956521739131,0.678244458768458,0.6956521739130435
2023_24_20240221_LIV_LUT,2023_24,2024-02-21,1,0.7297297297297297,0.7297297297297297,0.694180385468682,0.75
2023_24_20240224_ARS_NEW,2023_24,2024-02-24,1,0.6433734939759036,0.6433734939759036,0.6261748572135792,0.6804511278195489
2023_24_20240224_AVL_NFO,2023_24,2024-02-24,1,0.606516290726817,0.606516290726817,0.5953526275471421,0.6029962546816479
2023_24_20240224_BOU_MCI,2023_24,2024-02-24,0,0.639225181598063,0.639225181598063,0.6227514523273278,0.6804511278195489
2023_24_20240224_BRI_EVE,2023_24,2024-02-24,0,0.5728900255754477,0.5728900255754477,0.5665537603866639,0.5511482254697287
2023_24_20240224_CRY_BUR,2023_24,2024-02-24,1,0.4507772020725388,0.4507772020725388,0.459607919089263,0.4406779661016949
2023_24_20240224_MUN_FUL,2023_24,2024-02-24,1,0.6074999999999999,0.6074999999999999,0.5961863158876649,0.6029962546816479
2023_24_20240225_WOL_SHU,2023_24,2024-02-25,0,0.5765306122448979,0.5765306122448979,0.5696971729716935,0.554594524157063
2023_24_20240226_WHU_BRE,2023_24,2024-02-26,1,0.5520833333333334,0.5520833333333334,0.5484930115644698,0.5511482254697287
2023_24_20240302_BRE_CHE,2023_24,2024-03-02,1,0.6169154228855721,0.6169154228855721,0.6041371207154244,0.6029962546816479
2023_24_20240302_EVE_WHU,2023_24,2024-03-02,1,0.5104712041884817,0.5104712041884817,0.5120344447608679,0.5157232704402516
2023_24_20240302_FUL_BRI,2023_24,2024-03-02,1,0.5848101265822784,0.5848101265822784,0.5768247375171809,0.5590551181102362
2023_24_20240302_LUT_AVL,2023_24,2024-03-02,1,0.6515513126491647,0.6515513126491647,0.6328864771799074,0.6804511278195489
2023_24_20240302_NEW_WOL,2023_24,2024-03-02,1,0.6005025125628142,0.6005025125628142,0.5902441774097471,0.6029962546816479
2023_24_20240302_NFO_LIV,2023_24,2024-03-02,0,0.6416464891041161,0.6416464891041161,0.6247511547327685,0.6804511278195489
2023_24_20240302_TOT_CRY,2023_24,2024-03-02,1,0.62,0.62,0.6067301698935038,0.6029962546816479
2023_24_20240303_BUR_BOU,2023_24,2024-03-03,0,0.5604113110539846,0.5604113110539846,0.5557399913146708,0.5511482254697287
2023_24_20240303_MCI_MUN,2023_24,2024-03-03,1,0.6877828054298643,0.6877828054298643,0.661978065357236,0.6804511278195489
2023_24_20240304_SHU_ARS,2023_24,2024-03-04,1,0.667447306791569,0.667447306791569,0.645784252363255,0.6804511278195489
2023_24_20240309_ARS_BRE,2023_24,2024-03-09,1,0.6587677725118484,0.6587677725118484,0.6387666991622482,0.6804511278195489
2023_24_20240309_BOU_SHU,2023_24,2024-03-09,1,0.6222222222222222,0.6222222222222222,0.6085945690238591,0.6029962546816479
2023_24_20240309_CRY_LUT,2023_24,2024-03-09,0,0.5338541666666666,0.5338541666666666,0.532562274281616,0.5511482254697287
2023_24_20240309_MUN_EVE,2023_24,2024-03-09,0,0.5703324808184143,0.5703324808184143,0.564342262020212,0.5511482254697287
2023_24_20240309_WOL_FUL,2023_24,2024-03-09,1,0.5052083333333333,0.5052083333333333,0.5074061055940926,0.5157232704402516
2023_24_20240310_AVL_TOT,2023_24,2024-03-10,1,0.701098901098901,0.701098901098901,0.672382829648561,0.6804511278195489
2023_24_20240310_BRI_NFO,2023_24,2024-03-10,0,0.5888324873096447,0.5888324873096447,0.5802761401818614,0.5714285714285714
2023_24_20240310_LIV_MCI,2023_24,2024-03-10,0,0.6332518337408313,0.6332518337408313,0.6178004184727064,0.6804511278195489
2023_24_20240310_WHU_BUR,2023_24,2024-03-10,1,0.5555555555555556,0.5555555555555556,0.55151720910193,0.5511482254697287
2023_24_20240311_CHE_NEW,2023_24,2024-03-11,1,0.6498800959232613,0.6498800959232613,0.631518978258763,0.6804511278195489
2023_24_20240313_BOU_LUT,2023_24,2024-03-13,1,0.6483253588516746,0.6483253588516746,0.6302448893104251,0.6804511278195489
2023_24_20240316_BUR_BRE,2023_24,2024-03-16,1,0.5454545454545455,0.5454545454545455,0.5427097708966598,0.5511482254697287
2023_24_20240316_FUL_TOT,2023_24,2024-03-16,1,0.637469586374696,0.637469586374696,0.6212989242289881,0.6804511278195489
2023_24_20240316_LUT_NFO,2023_24,2024-03-16,0,0.5692307692307692,0.5692307692307692,0.5633888218207295,0.5511482254697287
2023_24_20240317_WHU_AVL,2023_24,2024-03-17,0,0.61,0.61,0.5983025446871498,0.6029962546816479
2023_24_20240330_AVL_WOL,2023_24,2024-03-30,0,0.61,0.61,0.5983025446871498,0.6029962546816479
2023_24_20240330_BOU_EVE,2023_24,2024-03-30,1,0.5518134715025906,0.5518134715025906,0.5482578172962104,0.5511482254697287
2023_24_20240330_BRE_MUN,2023_24,2024-03-30,0,0.6169154228855721,0.6169154228855721,0.6041371207154244,0.6029962546816479
2023_24_20240330_CHE_BUR,2023_24,2024-03-30,1,0.6433734939759036,0.6433734939759036,0.6261748572135792,0.6804511278195489
2023_24_20240330_NEW_WHU,2023_24,2024-03-30,1,0.6317073170731708,0.6317073170731708,0.6165162032264446,0.6804511278195489
2023_24_20240330_NFO_CRY,2023_24,2024-03-30,0,0.4571428571428572,0.4571428571428572,0.4651764966700414,0.4444444444444444
2023_24_20240330_SHU_FUL,2023_24,2024-03-30,1,0.5692307692307692,0.5692307692307692,0.5633888218207295,0.5511482254697287
2023_24_20240330_TOT_LUT,2023_24,2024-03-30,1,0.7591522157996148,0.7591522157996148,0.7157092724927403,0.7777777777777778
2023_24_20240331_LIV_BRI,2023_24,2024-03-31,1,0.6991150442477876,0.6991150442477876,0.6708430997718885,0.6804511278195489
2023_24_20240331_MCI_ARS,2023_24,2024-03-31,0,0.5492227979274612,0.5492227979274612,0.5459988704829435,0.5511482254697287
2023_24_20240402_BOU_CRY,2023_24,2024-04-02,0,0.5567010309278351,0.5567010309278351,0.5525140585402452,0.5511482254697287
2023_24_20240402_BUR_WOL,2023_24,2024-04-02,0,0.5286458333333333,0.5286458333333333,0.5279969696082351,0.5388349514563107
2023_24_20240402_NEW_EVE,2023_24,2024-04-02,0,0.5728900255754477,0.5728900255754477,0.5665537603866639,0.5511482254697287
2023_24_20240402_NFO_FUL,2023_24,2024-04-02,1,0.5286458333333333,0.5286458333333333,0.5279969696082351,0.5388349514563107
2023_24_20240402_WHU_TOT,2023_24,2024-04-02,0,0.7071583514099783,0.7071583514099783,0.6770627273421389,0.6956521739130435
2023_24_20240403_ARS_LUT,2023_24,2024-04-03,0,0.75390625,0.75390625,0.7119381117672868,0.7777777777777778
2023_24_20240403_BRE_BRI,2023_24,2024-04-03,0,0.61,0.61,0.5983025446871498,0.6029962546816479
2023_24_20240403_MCI_AVL,2023_24,2024-04-03,1,0.676605504587156,0.676605504587156,0.6531213101123221,0.6804511278195489
2023_24_20240404_CHE_MUN,2023_24,2024-04-04,1,0.674364896073903,0.674364896073903,0.6513328074476431,0.6804511278195489
2023_24_20240404_LIV_SHU,2023_24,2024-04-04,1,0.7909407665505226,0.7909407665505226,0.7379118048944001,0.999999
2023_24_20240406_AVL_BRE,2023_24,2024-04-06,1,0.6274509803921569,0.6274509803921569,0.6129688234420287,0.6804511278195489
2023_24_20240406_BRI_ARS,2023_24,2024-04-06,1,0.5873417721518986,0.5873417721518986,0.578997922851632,0.5590551181102362
2023_24_20240406_CRY_MCI,2023_24,2024-04-06,1,0.5754475703324808,0.5754475703324808,0.568762610989595,0.5511482254697287
2023_24_20240406_EVE_BUR,2023_24,2024-04-06,0,0.5364583333333334,0.5364583333333334,0.5348429316556697,0.5511482254697287
2023_24_20240406_FUL_NEW,2023_24,2024-04-06,0,0.6416464891041161,0.6416464891041161,0.6247511547327685,0.6804511278195489
2023_24_20240406_LUT_BOU,2023_24,2024-04-06,1,0.637469586374696,0.637469586374696,0.6212989242289881,0.6804511278195489
2023_24_20240406_WOL_WHU,2023_24,2024-04-06,1,0.5402597402597403,0.5402597402597403,0.5381694591672942,0.5511482254697287
2023_24_20240407_MUN_LIV,2023_24,2024-04-07,1,0.7080610021786492,0.7080610021786492,0.6777568752239527,0.6956521739130435
2023_24_20240407_SHU_CHE,2023_24,2024-04-07,1,0.6781609195402298,0.6781609195402298,0.6543603421780445,0.6804511278195489
2023_24_20240407_TOT_NFO,2023_24,2024-04-07,1,0.6697674418604651,0.6697674418604651,0.6476496837184705,0.6804511278195489
2023_24_20240413_BOU_MUN,2023_24,2024-04-13,1,0.6651053864168619,0.6651053864168619,0.6438967964669184,0.6804511278195489
2023_24_20240413_BRE_SHU,2023_24,2024-04-13,0,0.6265356265356266,0.6265356265356266,0.612204352871482,0.6804511278195489
2023_24_20240413_BUR_BRI,2023_24,2024-04-13,0,0.578005115089514,0.578005115089514,0.5709687292820563,0.5590551181102362
2023_24_20240413_MCI_LUT,2023_24,2024-04-13,1,0.7495029821073559,0.7495029821073559,0.7087498588240314,0.7777777777777778
2023_24_20240413_NEW_TOT,2023_24,2024-04-13,1,0.7004405286343612,0.7004405286343612,0.6718722565261998,0.6804511278195489
2023_24_20240413_NFO_WOL,2023_24,2024-04-13,1,0.5221932114882506,0.5221932114882506,0.5223345810035065,0.5388349514563107
2023_24_20240414_ARS_AVL,2023_24,2024-04-14,0,0.6425120772946861,0.6425120772946861,0.6254649968132251,0.6804511278195489
2023_24_20240414_LIV_CRY,2023_24,2024-04-14,0,0.683371298405467,0.683371298405467,0.6584955751515084,0.6804511278195489
2023_24_20240414_WHU_FUL,2023_24,2024-04-14,0,0.5765306122448979,0.5765306122448979,0.5696971729716935,0.554594524157063
2023_24_20240415_CHE_EVE,2023_24,2024-04-15,1,0.6169154228855721,0.6169154228855721,0.6041371207154244,0.6029962546816479
2023_24_20240420_LUT_BRE,2023_24,2024-04-20,1,0.6090225563909775,0.6090225563909775,0.5974755783805366,0.6029962546816479
2023_24_20240420_SHU_BUR,2023_24,2024-04-20,1,0.5754475703324808,0.5754475703324808,0.568762610989595,0.5511482254697287
2023_24_20240420_WOL_ARS,2023_24,2024-04-20,0,0.5888324873096447,0.5888324873096447,0.5802761401818614,0.5714285714285714
2023_24_20240421_AVL_BOU,2023_24,2024-04-21,1,0.6579572446555819,0.6579572446555819,0.6381082847086439,0.6804511278195489
2023_24_20240421_CRY_WHU,2023_24,2024-04-21,1,0.5326370757180157,0.5326370757180157,0.5314959069570884,0.5511482254697287
2023_24_20240421_EVE_NFO,2023_24,2024-04-21,0,0.5104712041884817,0.5104712041884817,0.5120344447608679,0.5157232704402516
2023_24_20240421_FUL_LIV,2023_24,2024-04-21,1,0.6736111111111112,0.6736111111111112,0.6507301571773169,0.6804511278195489
2023_24_20240423_ARS_CHE,2023_24,2024-04-23,1,0.6231527093596059,0.6231527093596059,0.6093742918195765,0.6029962546816479
2023_24_20240424_CRY_NEW,2023_24,2024-04-24,0,0.5934343434343434,0.5934343434343434,0.5842151533574964,0.6029962546816479
2023_24_20240424_EVE_LIV,2023_24,2024-04-24,0,0.628992628992629,0.628992628992629,0.6142550939292434,0.6804511278195489
2023_24_20240424_MUN_SHU,2023_24,2024-04-24,1,0.7004405286343612,0.7004405286343612,0.6718722565261998,0.6804511278195489
2023_24_20240424_WOL_BOU,2023_24,2024-04-24,0,0.5743589743589743,0.5743589743589743,0.5678227626369987,0.5511482254697287
2023_24_20240425_BRI_MCI,2023_24,2024-04-25,1,0.6383495145631067,0.6383495145631067,0.6220272248137538,0.6804511278195489
2023_24_20240427_AVL_CHE,2023_24,2024-04-27,1,0.6579572446555819,0.6579572446555819,0.6381082847086439,0.6804511278195489
2023_24_20240427_EVE_BRE,2023_24,2024-04-27,0,0.5234374999999999,0.5234374999999999,0.5234269773403529,0.5388349514563107
2023_24_20240427_FUL_CRY,2023_24,2024-04-27,0,0.5618556701030928,0.5618556701030928,0.5569945466028613,0.5511482254697287
2023_24_20240427_MUN_BUR,2023_24,2024-04-27,0,0.6984478935698448,0.6984478935698448,0.6703244769655657,0.6804511278195489
2023_24_20240427_NEW_SHU,2023_24,2024-04-27,1,0.7133620689655172,0.7133620689655172,0.6818175694587487,0.6956521739130435
2023_24_20240427_WHU_LIV,2023_24,2024-04-27,1,0.6935123042505593,0.6935123042505593,0.6664748711325111,0.6804511278195489
2023_24_20240427_WOL_LUT,2023_24,2024-04-27,1,0.5862944162436549,0.5862944162436549,0.5780992301030375,0.5590551181102362
2023_24_20240428_BOU_BRI,2023_24,2024-04-28,1,0.6457831325301205,0.6457831325301205,0.6281576564810439,0.6804511278195489
2023_24_20240428_NFO_MCI,2023_24,2024-04-28,0,0.6203473945409429,0.6203473945409429,0.6070218334871627,0.6029962546816479
2023_24_20240428_TOT_ARS,2023_24,2024-04-28,1,0.6399026763990268,0.6399026763990268,0.6233114042408218,0.6804511278195489
2023_24_20240502_CHE_TOT,2023_24,2024-05-02,0,0.7242105263157894,0.7242105263157894,0.6900416170382981,0.6956521739130435
2023_24_20240503_LUT_EVE,2023_24,2024-05-03,0,0.5492227979274612,0.5492227979274612,0.5459988704829435,0.5511482254697287
2023_24_20240504_ARS_BOU,2023_24,2024-05-04,1,0.7067833698030634,0.7067833698030634,0.6767741327456055,0.6956521739130435
2023_24_20240504_BRE_FUL,2023_24,2024-05-04,0,0.5994962216624685,0.5994962216624685,0.5893874385292792,0.6029962546816479
2023_24_20240504_BUR_NEW,2023_24,2024-05-04,1,0.6407766990291263,0.6407766990291263,0.6240333007172563,0.6804511278195489
2023_24_20240504_MCI_WOL,2023_24,2024-05-04,1,0.7302904564315352,0.7302904564315352,0.6945991328700706,0.75
2023_24_20240504_SHU_NFO,2023_24,2024-05-04,1,0.6074999999999999,0.6074999999999999,0.5961863158876649,0.6029962546816479
2023_24_20240505_BRI_AVL,2023_24,2024-05-05,0,0.6399026763990268,0.6399026763990268,0.6233114042408218,0.6804511278195489
2023_24_20240505_CHE_WHU,2023_24,2024-05-05,1,0.676674364896074,0.676674364896074,0.6531762078000938,0.6804511278195489
2023_24_20240505_LIV_TOT,2023_24,2024-05-05,1,0.7519685039370079,0.7519685039370079,0.7105376183914821,0.7777777777777778
2023_24_20240506_CRY_MUN,2023_24,2024-05-06,1,0.6184538653366584,0.6184538653366584,0.6054311539850077,0.6029962546816479
2023_24_20240511_BOU_BRE,2023_24,2024-05-11,1,0.6498800959232613,0.6498800959232613,0.631518978258763,0.6804511278195489
2023_24_20240511_EVE_SHU,2023_24,2024-05-11,0,0.6169154228855721,0.6169154228855721,0.6041371207154244,0.6029962546816479
2023_24_20240511_FUL_MCI,2023_24,2024-05-11,1,0.7035398230088495,0.7035398230088495,0.6742722196686747,0.6804511278195489
2023_24_20240511_NEW_BRI,2023_24,2024-05-11,0,0.7139784946236559,0.7139784946236559,0.6822879868757254,0.6956521739130435
2023_24_20240511_NFO_CHE,2023_24,2024-05-11,1,0.6407766990291263,0.6407766990291263,0.6240333007172563,0.6804511278195489
2023_24_20240511_TOT_BUR,2023_24,2024-05-11,1,0.7655954631379962,0.7655954631379962,0.7203001570261549,0.7777777777777778
2023_24_20240511_WHU_LUT,2023_24,2024-05-11,1,0.6666666666666666,0.6666666666666666,0.645155601370358,0.6804511278195489
2023_24_20240511_WOL_CRY,2023_24,2024-05-11,1,0.5326370757180157,0.5326370757180157,0.5314959069570884,0.5511482254697287
2023_24_20240512_MUN_ARS,2023_24,2024-05-12,0,0.6928251121076232,0.6928251121076232,0.6659371031807397,0.6804511278195489
2023_24_20240513_AVL_LIV,2023_24,2024-05-13,1,0.7114967462039045,0.7114967462039045,0.6803918135623566,0.6956521739130435
2023_24_20240514_TOT_MCI,2023_24,2024-05-14,0,0.7490118577075099,0.7490118577075099,0.708392966690242,0.7777777777777778
2023_24_20240515_BRI_CHE,2023_24,2024-05-15,1,0.6803652968036529,0.6803652968036529,0.6561127463784742,0.6804511278195489
2023_24_20240515_MUN_NEW,2023_24,2024-05-15,1,0.7145922746781115,0.7145922746781115,0.6827560158393174,0.6956521739130435
2023_24_20240519_ARS_EVE,2023_24,2024-05-19,1,0.6877828054298643,0.6877828054298643,0.661978065357236,0.6804511278195489
2023_24_20240519_BRE_NEW,2023_24,2024-05-19,1,0.6877828054298643,0.6877828054298643,0.661978065357236,0.6804511278195489
2023_24_20240519_BRI_MUN,2023_24,2024-05-19,0,0.7191489361702128,0.7191489361702128,0.6862190381493792,0.6956521739130435
2023_24_20240519_BUR_NFO,2023_24,2024-05-19,1,0.6280788177339901,0.6280788177339901,0.6134928492139299,0.6804511278195489
2023_24_20240519_CHE_BOU,2023_24,2024-05-19,1,0.7449799196787148,0.7449799196787148,0.7054533240241152,0.7777777777777778
2023_24_20240519_CRY_AVL,2023_24,2024-05-19,1,0.6804597701149425,0.6804597701149425,0.6561877549466891,0.6804511278195489
2023_24_20240519_LIV_WOL,2023_24,2024-05-19,0,0.7761467889908258,0.7761467889908258,0.7277193205499973,0.999999
2023_24_20240519_LUT_FUL,2023_24,2024-05-19,1,0.6571428571428571,0.6571428571428571,0.6374462122983096,0.6804511278195489
2023_24_20240519_MCI_WHU,2023_24,2024-05-19,1,0.7876106194690266,0.7876106194690266,0.7356390498672258,0.999999
2023_24_20240519_SHU_TOT,2023_24,2024-05-19,1,0.7723880597014926,0.7723880597014926,0.7250905343121977,0.7777777777777778
2024_25_20240817_IPS_LIV,2024_25,2024-08-17,0,0.6758620689655173,0.6758620689655173,0.6668355856845585,0.7008086253369272
2024_25_20240817_NEW_SOU,2024_25,2024-08-17,0,0.6825396825396824,0.6825396825396824,0.6723567050363625,0.7008086253369272
2024_25_20240817_NFO_BOU,2024_25,2024-08-17,0,0.5402597402597403,0.5402597402597403,0.5466449317711417,0.5555555555555556
2024_25_20240817_WHU_AVL,2024_25,2024-08-17,1,0.6074999999999999,0.6074999999999999,0.6078823337149138,0.6043613707165109
2024_25_20240818_BRE_CRY,2024_25,2024-08-18,1,0.5286458333333333,0.5286458333333333,0.5358681429370091,0.5555555555555556
2024_25_20240818_CHE_MCI,2024_25,2024-08-18,0,0.6332518337408313,0.6332518337408313,0.630569587919943,0.7008086253369272
2024_25_20240819_LEI_TOT,2024_25,2024-08-19,0,0.625615763546798,0.625615763546798,0.6238971787512928,0.6043613707165109
2024_25_20240824_AVL_ARS,2024_25,2024-08-24,0,0.5518134715025906,0.5518134715025906,0.5573226947069417,0.5555555555555556
2024_25_20240824_BRI_MUN,2024_25,2024-08-24,1,0.605,0.605,0.6056530459417316,0.6043613707165109
2024_25_20240824_CRY_WHU,2024_25,2024-08-24,0,0.5440414507772021,0.5440414507772021,0.5501451411734246,0.5555555555555556
2024_25_20240824_FUL_LEI,2024_25,2024-08-24,1,0.5130208333333333,0.5130208333333333,0.5213181871954309,0.5229885057471264
2024_25_20240824_MCI_IPS,2024_25,2024-08-24,1,0.7329192546583851,0.7329192546583851,0.7124157843270899,0.7714285714285715
2024_25_20240824_SOU_NFO,2024_25,2024-08-24,0,0.4869791666666667,0.4869791666666667,0.49699991941542215,0.4966442953020134
2024_25_20240824_TOT_EVE,2024_25,2024-08-24,1,0.6280788177339901,0.6280788177339901,0.626054679090592,0.6842105263157895
2024_25_20240825_BOU_NEW,2024_25,2024-08-25,0,0.61,0.61,0.6101071319551462,0.6043613707165109
2024_25_20240825_LIV_BRE,2024_25,2024-08-25,0,0.7032967032967032,0.7032967032967032,0.6892120758754947,0.7008086253369272
2024_25_20240825_WOL_CHE,2024_25,2024-08-25,1,0.5826972010178116,0.5826972010178116,0.5855803791588425,0.5644171779141104
2024_25_20240831_ARS_BRI,2024_25,2024-08-31,0,0.6222222222222222,0.6222222222222222,0.6209165679753125,0.6043613707165109
2024_25_20240831_BRE_SOU,2024_25,2024-08-31,1,0.5541237113402062,0.5541237113402062,0.5594517593604571,0.5555555555555556
2024_25_20240831_EVE_BOU,2024_25,2024-08-31,1,0.5104712041884817,0.5104712041884817,0.5189398844206118,0.5229885057471264
2024_25_20240831_IPS_FUL,2024_25,2024-08-31,0,0.5272727272727271,0.5272727272727271,0.5345915930964334,0.5555555555555556
2024_25_20240831_LEI_AVL,2024_25,2024-08-31,1,0.5666666666666667,0.5666666666666667,0.5709709888079194,0.5555555555555556
2024_25_20240831_NFO_WOL,2024_25,2024-08-31,0,0.5246753246753246,0.5246753246753246,0.5321756124829204,0.5555555555555556
2024_25_20240831_WHU_MCI,2024_25,2024-08-31,1,0.6515513126491647,0.6515513126491647,0.6463540991890336,0.7008086253369272
2024_25_20240901_CHE_CRY,2024_25,2024-09-01,0,0.6274509803921569,0.6274509803921569,0.6255052000050355,0.6842105263157895
2024_25_20240901_MUN_LIV,2024_25,2024-09-01,1,0.6651053864168619,0.6651053864168619,0.6578452725836271,0.7008086253369272
2024_25_20240901_NEW_TOT,2024_25,2024-09-01,1,0.6898876404494382,0.6898876404494382,0.6783773798724763,0.7008086253369272
2024_25_20240914_AVL_EVE,2024_25,2024-09-14,1,0.5717948717948719,0.5717948717948719,0.5756593155737055,0.5555555555555556
2024_25_20240914_BOU_CHE,2024_25,2024-09-14,0,0.6555819477434679,0.6555819477434679,0.6497897056057422,0.7008086253369272
2024_25_20240914_BRI_IPS,2024_25,2024-09-14,0,0.6119402985074627,0.6119402985074627,0.6118306935383524,0.6043613707165109
2024_25_20240914_CRY_LEI,2024_25,2024-09-14,1,0.5440414507772021,0.5440414507772021,0.5501451411734246,0.5555555555555556
2024_25_20240914_FUL_WHU,2024_25,2024-09-14,0,0.5567010309278351,0.5567010309278351,0.561824377184025,0.5555555555555556
2024_25_20240914_LIV_NFO,2024_25,2024-09-14,0,0.6736111111111112,0.6736111111111112,0.6649640094779771,0.7008086253369272
2024_25_20240914_MCI_BRE,2024_25,2024-09-14,1,0.7045951859956237,0.7045951859956237,0.690250582144737,0.7008086253369272
2024_25_20240914_SOU_MUN,2024_25,2024-09-14,1,0.5944584382871536,0.5944584382871536,0.5962055262536862,0.6043613707165109
2024_25_20240915_TOT_ARS,2024_25,2024-09-15,0,0.6040100250626567,0.6040100250626567,0.6047690479468444,0.6043613707165109
2024_25_20240915_WOL_NEW,2024_25,2024-09-15,1,0.6129032258064515,0.6129032258064515,0.6126850244464868,0.6043613707165109
2024_25_20240921_AVL_WOL,2024_25,2024-09-21,1,0.6040100250626567,0.6040100250626567,0.6047690479468444,0.6043613707165109
2024_25_20240921_CRY_MUN,2024_25,2024-09-21,0,0.5989974937343359,0.5989974937343359,0.6002826946431141,0.6043613707165109
2024_25_20240921_FUL_NEW,2024_25,2024-09-21,1,0.5692307692307692,0.5692307692307692,0.5733167991347863,0.5555555555555556
2024_25_20240921_LEI_EVE,2024_25,2024-09-21,0,0.5156249999999999,0.5156249999999999,0.5237463647256665,0.5229885057471264
2024_25_20240921_LIV_BOU,2024_25,2024-09-21,1,0.6964285714285715,0.6964285714285715,0.6836874681673408,0.7008086253369272
2024_25_20240921_SOU_IPS,2024_25,2024-09-21,0,0.5378590078328982,0.5378590078328982,0.5444204860106522,0.5555555555555556
2024_25_20240921_TOT_BRE,2024_25,2024-09-21,1,0.6643026004728132,0.6643026004728132,0.6571696458315922,0.7008086253369272
2024_25_20240921_WHU_CHE,2024_25,2024-09-21,1,0.625615763546798,0.625615763546798,0.6238971787512928,0.6043613707165109
2024_25_20240922_BRI_NFO,2024_25,2024-09-22,1,0.5246753246753246,0.5246753246753246,0.5321756124829204,0.5555555555555556
2024_25_20240922_MCI_ARS,2024_25,2024-09-22,1,0.4739583333333334,0.4739583333333334,0.4848389146553923,0.4966442953020134
2024_25_20240928_ARS_LEI,2024_25,2024-09-28,1,0.6311881188118812,0.6311881188118812,0.6287711056079721,0.7008086253369272
2024_25_20240928_BRE_WHU,2024_25,2024-09-28,0,0.5776081424936387,0.5776081424936387,0.5809574844150214,0.5644171779141104
2024_25_20240928_CHE_BRI,2024_25,2024-09-28,1,0.6323529411764707,0.6323529411764707,0.6297866650740305,0.7008086253369272
2024_25_20240928_EVE_CRY,2024_25,2024-09-28,1,0.5130208333333333,0.5130208333333333,0.5213181871954309,0.5229885057471264
2024_25_20240928_NEW_MCI,2024_25,2024-09-28,0,0.639225181598063,0.639225181598063,0.6357546840379151,0.7008086253369272
2024_25_20240928_NFO_FUL,2024_25,2024-09-28,0,0.4805194805194806,0.4805194805194806,0.4909654564203566,0.4966442953020134
2024_25_20240928_WOL_LIV,2024_25,2024-09-28,1,0.6563981042654028,0.6563981042654028,0.6504835017090858,0.7008086253369272
2024_25_20240929_IPS_AVL,2024_25,2024-09-29,1,0.5529715762273902,0.5529715762273902,0.5583902460901252,0.5555555555555556
2024_25_20240929_MUN_TOT,2024_25,2024-09-29,1,0.6689976689976691,0.6689976689976691,0.661111920779346,0.7008086253369272
2024_25_20240930_BOU_SOU,2024_25,2024-09-30,1,0.6356968215158926,0.6356968215158926,0.6326956545770123,0.7008086253369272
2024_25_20241005_ARS_SOU,2024_25,2024-10-05,1,0.6971046770601336,0.6971046770601336,0.6842336562188563,0.7008086253369272
2024_25_20241005_BRE_WOL,2024_25,2024-10-05,1,0.538860103626943,0.538860103626943,0.5453482916054233,0.5555555555555556
2024_25_20241005_CRY_LIV,2024_25,2024-10-05,0,0.6015037593984962,0.6015037593984962,0.6025280254918005,0.6043613707165109
2024_25_20241005_EVE_NEW,2024_25,2024-10-05,0,0.5666666666666667,0.5666666666666667,0.5709709888079194,0.5555555555555556
2024_25_20241005_LEI_BOU,2024_25,2024-10-05,0,0.5666666666666667,0.5666666666666667,0.5709709888079194,0.5555555555555556
2024_25_20241005_MCI_FUL,2024_25,2024-10-05,1,0.6539379474940334,0.6539379474940334,0.6483902552319825,0.7008086253369272
2024_25_20241005_WHU_IPS,2024_25,2024-10-05,1,0.5666666666666667,0.5666666666666667,0.5709709888079194,0.5555555555555556
2024_25_20241006_AVL_MUN,2024_25,2024-10-06,0,0.6222222222222222,0.6222222222222222,0.6209165679753125,0.6043613707165109
2024_25_20241006_BRI_TOT,2024_25,2024-10-06,1,0.683371298405467,0.683371298405467,0.6730410045680045,0.7008086253369272
2024_25_20241006_CHE_NFO,2024_25,2024-10-06,0,0.6134663341645885,0.6134663341645885,0.6131843062878862,0.6043613707165109
2024_25_20241019_BOU_ARS,2024_25,2024-10-19,0,0.5555555555555556,0.5555555555555556,0.5607702227852386,0.5555555555555556
2024_25_20241019_FUL_AVL,2024_25,2024-10-19,1,0.5529715762273902,0.5529715762273902,0.5583902460901252,0.5555555555555556
2024_25_20241019_IPS_EVE,2024_25,2024-10-19,0,0.5234374999999999,0.5234374999999999,0.531023708664577,0.5555555555555556
2024_25_20241019_MUN_BRE,2024_25,2024-10-19,1,0.6339066339066339,0.6339066339066339,0.6311394776953111,0.7008086253369272
2024_25_20241019_NEW_BRI,2024_25,2024-10-19,0,0.628992628992629,0.628992628992629,0.6268538596503761,0.6842105263157895
2024_25_20241019_SOU_LEI,2024_25,2024-10-19,1,0.5416666666666667,0.5416666666666667,0.5479476877069921,0.5555555555555556
2024_25_20241019_TOT_WHU,2024_25,2024-10-19,1,0.6921348314606741,0.6921348314606741,0.680206998800881,0.7008086253369272
2024_25_20241020_LIV_CHE,2024_25,2024-10-20,1,0.676674364896074,0.676674364896074,0.6675096895195525,0.7008086253369272
2024_25_20241020_WOL_MCI,2024_25,2024-10-20,1,0.6547619047619047,0.6547619047619047,0.6490919669124884,0.7008086253369272
2024_25_20241021_NFO_CRY,2024_25,2024-10-21,0,0.4470284237726098,0.4470284237726098,0.45976034274840366,0.44565217391304346
2024_25_20241025_LEI_NFO,2024_25,2024-10-25,1,0.464935064935065,0.464935064935065,0.47642115232057425,0.44966442953020136
2024_25_20241026_AVL_BOU,2024_25,2024-10-26,0,0.5989974937343359,0.5989974937343359,0.6002826946431141,0.6043613707165109
2024_25_20241026_BRE_IPS,2024_25,2024-10-26,1,0.5801526717557253,0.5801526717557253,0.5832707621452109,0.5644171779141104
2024_25_20241026_BRI_WOL,2024_25,2024-10-26,1,0.6090225563909775,0.6090225563909775,0.6092378258701938,0.6043613707165109
2024_25_20241026_EVE_FUL,2024_25,2024-10-26,0,0.5078125,0.5078125,0.5164589232420258,0.5229885057471264
2024_25_20241026_MCI_SOU,2024_25,2024-10-26,0,0.746,0.746,0.7223267117745592,0.7714285714285715
2024_25_20241027_ARS_LIV,2024_25,2024-10-27,1,0.5065274151436031,0.5065274151436031,0.5152594519920388,0.5229885057471264
2024_25_20241027_CHE_NEW,2024_25,2024-10-27,1,0.6587677725118484,0.6587677725118484,0.6524942868380681,0.7008086253369272
2024_25_20241027_CRY_TOT,2024_25,2024-10-27,0,0.6015037593984962,0.6015037593984962,0.6025280254918005,0.6043613707165109
2024_25_20241027_WHU_MUN,2024_25,2024-10-27,1,0.6262376237623761,0.6262376237623761,0.6244423620430962,0.6842105263157895
2024_25_20241102_BOU_MCI,2024_25,2024-11-02,1,0.606516290726817,0.606516290726817,0.6070056763767439,0.6043613707165109
2024_25_20241102_IPS_LEI,2024_25,2024-11-02,0,0.5604113110539846,0.5604113110539846,0.565234984892144,0.5555555555555556
2024_25_20241102_LIV_BRI,2024_25,2024-11-02,1,0.682648401826484,0.682648401826484,0.6724462070039179,0.7008086253369272
2024_25_20241102_NEW_ARS,2024_25,2024-11-02,0,0.5260416666666667,0.5260416666666667,0.5334467142745842,0.5555555555555556
2024_25_20241102_NFO_WHU,2024_25,2024-11-02,1,0.5156249999999999,0.5156249999999999,0.5237463647256665,0.5229885057471264
2024_25_20241102_SOU_EVE,2024_25,2024-11-02,0,0.5246753246753246,0.5246753246753246,0.5321756124829204,0.5555555555555556
2024_25_20241102_WOL_CRY,2024_25,2024-11-02,1,0.5078125,0.5078125,0.5164589232420258,0.5229885057471264
2024_25_20241103_MUN_CHE,2024_25,2024-11-03,0,0.6595744680851063,0.6595744680851063,0.6531775748003384,0.7008086253369272
2024_25_20241103_TOT_AVL,2024_25,2024-11-03,1,0.6587677725118484,0.6587677725118484,0.6524942868380681,0.7008086253369272
2024_25_20241104_FUL_BRE,2024_25,2024-11-04,1,0.5717948717948719,0.5717948717948719,0.5756593155737055,0.5555555555555556
2024_25_20241109_BRE_BOU,2024_25,2024-11-09,1,0.5989974937343359,0.5989974937343359,0.6002826946431141,0.6043613707165109
2024_25_20241109_BRI_MCI,2024_25,2024-11-09,1,0.6203473945409429,0.6203473945409429,0.6192659327185002,0.6043613707165109
2024_25_20241109_CRY_FUL,2024_25,2024-11-09,0,0.4973958333333334,0.4973958333333334,0.5067319708705452,0.5229885057471264
2024_25_20241109_LIV_AVL,2024_25,2024-11-09,0,0.664319248826291,0.664319248826291,0.657183663609854,0.7008086253369272
2024_25_20241109_WHU_EVE,2024_25,2024-11-09,0,0.5286458333333333,0.5286458333333333,0.5358681429370091,0.5555555555555556
2024_25_20241109_WOL_SOU,2024_25,2024-11-09,0,0.5765306122448979,0.5765306122448979,0.5799768021629518,0.5625
2024_25_20241110_CHE_ARS,2024_25,2024-11-10,0,0.5592783505154639,0.5592783505154639,0.5641941709126805,0.5555555555555556
2024_25_20241110_MUN_LEI,2024_25,2024-11-10,1,0.6507177033492824,0.6507177033492824,0.6456416485477984,0.7008086253369272
2024_25_20241110_NFO_NEW,2024_25,2024-11-10,1,0.4947916666666667,0.4947916666666667,0.5042991481770823,0.5229885057471264
2024_25_20241110_TOT_IPS,2024_25,2024-11-10,1,0.7286012526096034,0.7286012526096034,0.709098225654607,0.7361923144016352
2024_25_20241123_ARS_NFO,2024_25,2024-11-23,1,0.5286458333333333,0.5286458333333333,0.5358681429370091,0.5555555555555556
2024_25_20241123_AVL_CRY,2024_25,2024-11-23,1,0.5466321243523315,0.5466321243523315,0.5525401304926613,0.5555555555555556
2024_25_20241123_BOU_BRI,2024_25,2024-11-23,1,0.6055276381909548,0.6055276381909548,0.6061239185080116,0.6043613707165109
2024_25_20241123_EVE_BRE,2024_25,2024-11-23,0,0.522077922077922,0.522077922077922,0.529758122216279,0.5555555555555556
2024_25_20241123_FUL_WOL,2024_25,2024-11-23,1,0.5681233933161953,0.5681233933161953,0.5723040967243359,0.5555555555555556
2024_25_20241123_LEI_CHE,2024_25,2024-11-23,1,0.6407766990291263,0.6407766990291263,0.637096375455292,0.7008086253369272
2024_25_20241123_MCI_TOT,2024_25,2024-11-23,1,0.7253668763102725,0.7253668763102725,0.7065984992533328,0.7008086253369272
2024_25_20241124_IPS_MUN,2024_25,2024-11-24,0,0.61,0.61,0.6101071319551462,0.6043613707165109
2024_25_20241124_SOU_LIV,2024_25,2024-11-24,1,0.660377358490566,0.660377358490566,0.653857013363712,0.7008086253369272
2024_25_20241125_NEW_WHU,2024_25,2024-11-25,0,0.6125,0.6125,0.6123273574000749,0.6043613707165109
2024_25_20241129_BRI_SOU,2024_25,2024-11-29,0,0.6651053864168619,0.6651053864168619,0.6578452725836271,0.7008086253369272
2024_25_20241130_BRE_LEI,2024_25,2024-11-30,1,0.6040100250626567,0.6040100250626567,0.6047690479468444,0.6043613707165109
2024_25_20241130_CRY_NEW,2024_25,2024-11-30,0,0.537467700258398,0.537467700258398,0.544057741859765,0.5555555555555556
2024_25_20241130_NFO_IPS,2024_25,2024-11-30,0,0.5065274151436031,0.5065274151436031,0.5152594519920388,0.5229885057471264
2024_25_20241130_WHU_ARS,2024_25,2024-11-30,1,0.5629820051413882,0.5629820051413882,0.567594452190821,0.5555555555555556
2024_25_20241130_WOL_BOU,2024_25,2024-11-30,1,0.5790816326530612,0.5790816326530612,0.582297501667613,0.5644171779141104
2024_25_20241201_CHE_AVL,2024_25,2024-12-01,1,0.6212871287128713,0.6212871287128713,0.6200936404441644,0.6043613707165109
2024_25_20241201_LIV_MCI,2024_25,2024-12-01,0,0.6111111111111112,0.6111111111111112,0.6110944682847175,0.6043613707165109
2024_25_20241201_MUN_EVE,2024_25,2024-12-01,1,0.5466321243523315,0.5466321243523315,0.5525401304926613,0.5555555555555556
2024_25_20241201_TOT_FUL,2024_25,2024-12-01,0,0.6666666666666666,0.6666666666666666,0.6591574166203255,0.7008086253369272
2024_25_20241203_IPS_CRY,2024_25,2024-12-03,0,0.484375,0.484375,0.49456697368256225,0.4966442953020134
2024_25_20241203_LEI_WHU,2024_25,2024-12-03,1,0.5350649350649351,0.5350649350649351,0.5418293555135074,0.5555555555555556
2024_25_20241204_ARS_MUN,2024_25,2024-12-04,0,0.5862944162436549,0.5862944162436549,0.5888390666806812,0.5644171779141104
2024_25_20241204_AVL_BRE,2024_25,2024-12-04,1,0.606516290726817,0.606516290726817,0.6070056763767439,0.6043613707165109
2024_25_20241204_EVE_WOL,2024_25,2024-12-04,1,0.484375,0.484375,0.49456697368256225,0.4966442953020134
2024_25_20241204_MCI_NFO,2024_25,2024-12-04,1,0.6015037593984962,0.6015037593984962,0.6025280254918005,0.6043613707165109
2024_25_20241204_NEW_LIV,2024_25,2024-12-04,1,0.5994962216624685,0.5994962216624685,0.6007298377609118,0.6043613707165109
2024_25_20241204_SOU_CHE,2024_25,2024-12-04,1,0.664319248826291,0.664319248826291,0.657183663609854,0.7008086253369272
2024_25_20241205_BOU_TOT,2024_25,2024-12-05,0,0.6728538283062646,0.6728538283062646,0.6643331892660698,0.7008086253369272
2024_25_20241205_FUL_BRI,2024_25,2024-12-05,1,0.589873417721519,0.589873417721519,0.5920735393909983,0.6043613707165109
2024_25_20241207_AVL_SOU,2024_25,2024-12-07,0,0.6611764705882353,0.6611764705882353,0.6545326319329706,0.7008086253369272
2024_25_20241207_BRE_NEW,2024_25,2024-12-07,1,0.609452736318408,0.609452736318408,0.6096204995057086,0.6043613707165109
2024_25_20241207_CRY_MCI,2024_25,2024-12-07,1,0.5848101265822784,0.5848101265822784,0.5874953878788216,0.5644171779141104
2024_25_20241207_MUN_NFO,2024_25,2024-12-07,1,0.5338541666666666,0.5338541666666666,0.5407058176358707,0.5555555555555556
2024_25_20241208_FUL_ARS,2024_25,2024-12-08,0,0.5364583333333334,0.5364583333333334,0.5431218385956689,0.5555555555555556
2024_25_20241208_IPS_BOU,2024_25,2024-12-08,1,0.5567010309278351,0.5567010309278351,0.561824377184025,0.5555555555555556
2024_25_20241208_LEI_BRI,2024_25,2024-12-08,1,0.6005025125628142,0.6005025125628142,0.6016315334339417,0.6043613707165109
2024_25_20241208_TOT_CHE,2024_25,2024-12-08,1,0.7071583514099783,0.7071583514099783,0.6922949319902342,0.7008086253369272
2024_25_20241209_WHU_WOL,2024_25,2024-12-09,1,0.595959595959596,0.595959595959596,0.5975554293097831,0.6043613707165109
2024_25_20241214_ARS_EVE,2024_25,2024-12-14,0,0.5732647814910026,0.5732647814910026,0.5770006735170162,0.5555555555555556
2024_25_20241214_LIV_FUL,2024_25,2024-12-14,1,0.6440677966101696,0.6440677966101696,0.6399353101532661,0.7008086253369272
2024_25_20241214_NEW_LEI,2024_25,2024-12-14,1,0.6547619047619047,0.6547619047619047,0.6490919669124884,0.7008086253369272
2024_25_20241214_NFO_AVL,2024_25,2024-12-14,1,0.5117493472584856,0.5117493472584856,0.5201322546888233,0.5229885057471264
2024_25_20241214_WOL_IPS,2024_25,2024-12-14,1,0.5555555555555556,0.5555555555555556,0.5607702227852386,0.5555555555555556
2024_25_20241215_BRI_CRY,2024_25,2024-12-15,1,0.5532467532467532,0.5532467532467532,0.5586438277896247,0.5555555555555556
2024_25_20241215_CHE_BRE,2024_25,2024-12-15,1,0.7155172413793104,0.7155172413793104,0.6989093798642321,0.7008086253369272
2024_25_20241215_MCI_MUN,2024_25,2024-12-15,1,0.660332541567696,0.660332541567696,0.6538191039620058,0.7008086253369272
2024_25_20241215_SOU_TOT,2024_25,2024-12-15,1,0.726890756302521,0.726890756302521,0.7077778128951766,0.7008086253369272
2024_25_20241216_BOU_WHU,2024_25,2024-12-16,0,0.6271604938271605,0.6271604938271605,0.6252508584723526,0.6842105263157895
2024_25_20241221_AVL_MCI,2024_25,2024-12-21,1,0.6005025125628142,0.6005025125628142,0.6016315334339417,0.6043613707165109
2024_25_20241221_BRE_NFO,2024_25,2024-12-21,0,0.5532467532467532,0.5532467532467532,0.5586438277896247,0.5555555555555556
2024_25_20241221_CRY_ARS,2024_25,2024-12-21,1,0.5234374999999999,0.5234374999999999,0.531023708664577,0.5555555555555556
2024_25_20241221_IPS_NEW,2024_25,2024-12-21,1,0.5852417302798981,0.5852417302798981,0.5878862399575622,0.5644171779141104
2024_25_20241221_WHU_BRI,2024_25,2024-12-21,0,0.628992628992629,0.628992628992629,0.6268538596503761,0.6842105263157895
2024_25_20241222_EVE_CHE,2024_25,2024-12-22,0,0.5754475703324808,0.5754475703324808,0.5789904668921098,0.5625
2024_25_20241222_FUL_SOU,2024_25,2024-12-22,0,0.615,0.615,0.6145429275276075,0.6043613707165109
2024_25_20241222_LEI_WOL,2024_25,2024-12-22,1,0.5743589743589743,0.5743589743589743,0.5779984377320029,0.5555555555555556
2024_25_20241222_MUN_BOU,2024_25,2024-12-22,1,0.595959595959596,0.595959595959596,0.5975554293097831,0.6043613707165109
2024_25_20241222_TOT_LIV,2024_25,2024-12-22,1,0.7318087318087318,0.7318087318087318,0.7115647170807634,0.7714285714285715
2024_25_20241226_BOU_CRY,2024_25,2024-12-26,0,0.5532467532467532,0.5532467532467532,0.5586438277896247,0.5555555555555556
2024_25_20241226_CHE_FUL,2024_25,2024-12-26,1,0.6522781774580336,0.6522781774580336,0.6469747899280703,0.7008086253369272
2024_25_20241226_LIV_LEI,2024_25,2024-12-26,1,0.7875,0.7875,0.7523396018052183,0.999999
2024_25_20241226_MCI_EVE,2024_25,2024-12-26,0,0.6115288220551378,0.6115288220551378,0.6114654122477693,0.6043613707165109
2024_25_20241226_NEW_AVL,2024_25,2024-12-26,1,0.5924050632911392,0.5924050632911392,0.5943566891948475,0.6043613707165109
2024_25_20241226_NFO_TOT,2024_25,2024-12-26,0,0.6407766990291263,0.6407766990291263,0.637096375455292,0.7008086253369272
2024_25_20241226_SOU_WHU,2024_25,2024-12-26,0,0.5732647814910026,0.5732647814910026,0.5770006735170162,0.5555555555555556
2024_25_20241226_WOL_MUN,2024_25,2024-12-26,0,0.570694087403599,0.570694087403599,0.5746540693737868,0.5555555555555556
2024_25_20241227_ARS_IPS,2024_25,2024-12-27,0,0.682648401826484,0.682648401826484,0.6724462070039179,0.7008086253369272
2024_25_20241227_BRI_BRE,2024_25,2024-12-27,0,0.6587677725118484,0.6587677725118484,0.6524942868380681,0.7008086253369272
2024_25_20241229_CRY_SOU,2024_25,2024-12-29,1,0.5442708333333333,0.5442708333333333,0.5503572929982133,0.5555555555555556
2024_25_20241229_EVE_NFO,2024_25,2024-12-29,0,0.4267352185089973,0.4267352185089973,0.44098909425279237,0.43636363636363634
2024_25_20241229_FUL_BOU,2024_25,2024-12-29,1,0.5695876288659795,0.5695876288659795,0.5736430190667292,0.5555555555555556
2024_25_20241229_LEI_MCI,2024_25,2024-12-29,0,0.6930022573363431,0.6930022573363431,0.6809117629219781,0.7008086253369272
2024_25_20241229_TOT_WOL,2024_25,2024-12-29,1,0.7176724137931035,0.7176724137931035,0.7006016041408364,0.7008086253369272
2024_25_20241229_WHU_LIV,2024_25,2024-12-29,1,0.6774941995359629,0.6774941995359629,0.6681893547192771,0.7008086253369272
2024_25_20241230_AVL_BRI,2024_25,2024-12-30,1,0.5974683544303797,0.5974683544303797,0.5989106792329533,0.6043613707165109
2024_25_20241230_IPS_CHE,2024_25,2024-12-30,0,0.6578947368421053,0.6578947368421053,0.6517540992709522,0.7008086253369272
2024_25_20241230_MUN_NEW,2024_25,2024-12-30,0,0.5831202046035805,0.5831202046035805,0.585963969279236,0.5644171779141104
2024_25_20250101_BRE_ARS,2024_25,2025-01-01,1,0.615,0.615,0.6145429275276075,0.6043613707165109
2024_25_20250104_AVL_LEI,2024_25,2025-01-04,1,0.6323529411764707,0.6323529411764707,0.6297866650740305,0.7008086253369272
2024_25_20250104_BOU_EVE,2024_25,2025-01-04,0,0.5130890052356021,0.5130890052356021,0.5213817653967084,0.5229885057471264
2024_25_20250104_BRI_ARS,2024_25,2025-01-04,0,0.5506493506493506,0.5506493506493506,0.556249063629839,0.5555555555555556
2024_25_20250104_CRY_CHE,2024_25,2025-01-04,0,0.602015113350126,0.602015113350126,0.602985614458112,0.6043613707165109
2024_25_20250104_MCI_WHU,2024_25,2025-01-04,1,0.7067833698030634,0.7067833698030634,0.6919963193898256,0.7008086253369272
2024_25_20250104_SOU_BRE,2024_25,2025-01-04,1,0.5743589743589743,0.5743589743589743,0.5779984377320029,0.5555555555555556
2024_25_20250104_TOT_NEW,2024_25,2025-01-04,1,0.7149028077753781,0.7149028077753781,0.6984259353257141,0.7008086253369272
2024_25_20250105_FUL_IPS,2024_25,2025-01-05,1,0.5584415584415584,0.5584415584415584,0.5634250733918649,0.5555555555555556
2024_25_20250105_LIV_MUN,2024_25,2025-01-05,1,0.6697892271662763,0.6697892271662763,0.6617743847139959,0.7008086253369272
2024_25_20250106_WOL_NFO,2024_25,2025-01-06,1,0.4659685863874345,0.4659685863874345,0.4773847306418002,0.44966442953020136
2024_25_20250114_BRE_MCI,2024_25,2025-01-14,1,0.6877828054298643,0.6877828054298643,0.6766586842734068,0.7008086253369272
2024_25_20250114_CHE_BOU,2024_25,2025-01-14,1,0.6689976689976691,0.6689976689976691,0.661111920779346,0.7008086253369272
2024_25_20250114_NFO_LIV,2024_25,2025-01-14,0,0.5852417302798981,0.5852417302798981,0.5878862399575622,0.5644171779141104
2024_25_20250114_WHU_FUL,2024_25,2025-01-14,1,0.5234374999999999,0.5234374999999999,0.531023708664577,0.5555555555555556
2024_25_20250115_ARS_TOT,2024_25,2025-01-15,1,0.6619385342789598,0.6619385342789598,0.6551763468822847,0.7008086253369272
2024_25_20250115_EVE_AVL,2024_25,2025-01-15,0,0.4635416666666666,0.4635416666666666,0.47512233080984384,0.44966442953020136
2024_25_20250115_LEI_CRY,2024_25,2025-01-15,0,0.548051948051948,0.548051948051948,0.5538516828752051,0.5555555555555556
2024_25_20250115_NEW_WOL,2024_25,2025-01-15,1,0.6650943396226415,0.6650943396226415,0.6578359799079748,0.7008086253369272
2024_25_20250116_IPS_BRI,2024_25,2025-01-16,0,0.5569948186528497,0.5569948186528497,0.5620946536905322,0.5555555555555556
2024_25_20250116_MUN_SOU,2024_25,2025-01-16,1,0.6237623762376239,0.6237623762376239,0.6222704606148007,0.6043613707165109
2024_25_20250118_ARS_AVL,2024_25,2025-01-18,1,0.5248041775456919,0.5248041775456919,0.5322955018225984,0.5555555555555556
2024_25_20250118_BRE_LIV,2024_25,2025-01-18,0,0.7006651884700665,0.7006651884700665,0.6871015843267679,0.7008086253369272
2024_25_20250118_LEI_FUL,2024_25,2025-01-18,0,0.5558441558441558,0.5558441558441558,0.5610358669956348,0.5555555555555556
2024_25_20250118_NEW_BOU,2024_25,2025-01-18,1,0.6159600997506234,0.6159600997506234,0.6153925403515823,0.6043613707165109
2024_25_20250118_WHU_CRY,2024_25,2025-01-18,0,0.5326370757180157,0.5326370757180157,0.5395759955202629,0.5555555555555556
2024_25_20250119_EVE_TOT,2024_25,2025-01-19,1,0.5644329896907216,0.5644329896907216,0.568924867841652,0.5555555555555556
2024_25_20250119_IPS_MCI,2024_25,2025-01-19,1,0.6555023923444976,0.6555023923444976,0.649722043405918,0.7008086253369272
2024_25_20250119_MUN_BRI,2024_25,2025-01-19,1,0.5732647814910026,0.5732647814910026,0.5770006735170162,0.5555555555555556
2024_25_20250119_NFO_SOU,2024_25,2025-01-19,1,0.5442708333333333,0.5442708333333333,0.5503572929982133,0.5555555555555556
2024_25_20250120_CHE_WOL,2024_25,2025-01-20,1,0.690744920993228,0.690744920993228,0.6790760107757663,0.7008086253369272
2024_25_20250125_BOU_NFO,2024_25,2025-01-25,1,0.5260416666666667,0.5260416666666667,0.5334467142745842,0.5555555555555556
2024_25_20250125_BRI_EVE,2024_25,2025-01-25,0,0.5039164490861618,0.5039164490861618,0.5128219041433476,0.5229885057471264
2024_25_20250125_LIV_IPS,2024_25,2025-01-25,1,0.7534516765285997,0.7534516765285997,0.7278776779921097,0.7714285714285715
2024_25_20250125_MCI_CHE,2024_25,2025-01-25,1,0.6713286713286714,0.6713286713286714,0.6630609462008612,0.7008086253369272
2024_25_20250125_SOU_NEW,2024_25,2025-01-25,1,0.6563245823389022,0.6563245823389022,0.6504210284472185,0.7008086253369272
2024_25_20250125_WOL_ARS,2024_25,2025-01-25,0,0.5544041450777203,0.5544041450777203,0.5597100535626247,0.5555555555555556
2024_25_20250126_AVL_WHU,2024_25,2025-01-26,0,0.5695876288659795,0.5695876288659795,0.5736430190667292,0.5555555555555556
2024_25_20250126_CRY_BRE,2024_25,2025-01-26,1,0.5492227979274612,0.5492227979274612,0.5549326844217668,0.5555555555555556
2024_25_20250126_FUL_MUN,2024_25,2025-01-26,0,0.5169712793733681,0.5169712793733681,0.5250012299890308,0.5229885057471264
2024_25_20250126_TOT_LEI,2024_25,2025-01-26,1,0.7108695652173914,0.7108695652173914,0.6952416152142394,0.7008086253369272
2024_25_20250201_BOU_LIV,2024_25,2025-02-01,0,0.6481927710843374,0.6481927710843374,0.6434797596503203,0.7008086253369272
2024_25_20250201_EVE_LEI,2024_25,2025-02-01,1,0.4765625,0.4765625,0.48727014068014124,0.4966442953020134
2024_25_20250201_IPS_SOU,2024_25,2025-02-01,1,0.5428571428571429,0.5428571428571429,0.5490495074164216,0.5555555555555556
2024_25_20250201_NEW_FUL,2024_25,2025-02-01,1,0.5816326530612244,0.5816326530612244,0.5846145623489928,0.5644171779141104
2024_25_20250201_NFO_BRI,2024_25,2025-02-01,1,0.4986945169712793,0.4986945169712793,0.5079450942764132,0.5229885057471264
2024_25_20250201_WOL_AVL,2024_25,2025-02-01,0,0.5607235142118864,0.5607235142118864,0.5655216951247897,0.5555555555555556
2024_25_20250202_ARS_MCI,2024_25,2025-02-02,1,0.5454545454545455,0.5454545454545455,0.5514517943683893,0.5555555555555556
2024_25_20250202_BRE_TOT,2024_25,2025-02-02,0,0.7096069868995633,0.7096069868995633,0.6942409135744407,0.7008086253369272
2024_25_20250202_MUN_CRY,2024_25,2025-02-02,0,0.5209424083769634,0.5209424083769634,0.5287008157597416,0.5555555555555556
2024_25_20250203_CHE_WHU,2024_25,2025-02-03,1,0.6842105263157895,0.6842105263157895,0.6737308219259904,0.7008086253369272
2024_25_20250212_EVE_LIV,2024_25,2025-02-12,1,0.5604113110539846,0.5604113110539846,0.565234984892144,0.5555555555555556
2024_25_20250214_BRI_CHE,2024_25,2025-02-14,1,0.605,0.605,0.6056530459417316,0.6043613707165109
2024_25_20250215_AVL_IPS,2024_25,2025-02-15,0,0.6040100250626567,0.6040100250626567,0.6047690479468444,0.6043613707165109
2024_25_20250215_CRY_EVE,2024_25,2025-02-15,1,0.4282051282051282,0.4282051282051282,0.44234376540923875,0.43636363636363634
2024_25_20250215_FUL_NFO,2024_25,2025-02-15,1,0.4559585492227979,0.4559585492227979,0.4680602680813892,0.44966442953020136
2024_25_20250215_LEI_ARS,2024_25,2025-02-15,0,0.5592783505154639,0.5592783505154639,0.5641941709126805,0.5555555555555556
2024_25_20250215_MCI_NEW,2024_25,2025-02-15,1,0.6563981042654028,0.6563981042654028,0.6504835017090858,0.7008086253369272
2024_25_20250215_SOU_BOU,2024_25,2025-02-15,1,0.637469586374696,0.637469586374696,0.6342339657855327,0.7008086253369272
2024_25_20250215_WHU_BRE,2024_25,2025-02-15,0,0.5969773299748111,0.5969773299748111,0.5984697789527569,0.6043613707165109
2024_25_20250216_LIV_WOL,2024_25,2025-02-16,1,0.6948775055679287,0.6948775055679287,0.6824325335444946,0.7008086253369272
2024_25_20250216_TOT_MUN,2024_25,2025-02-16,0,0.6433734939759036,0.6433734939759036,0.639337203983913,0.7008086253369272
2024_25_20250219_AVL_LIV,2024_25,2025-02-19,1,0.6109725685785536,0.6109725685785536,0.6109714085571082,0.6043613707165109
2024_25_20250221_LEI_BRE,2024_25,2025-02-21,1,0.605,0.605,0.6056530459417316,0.6043613707165109
2024_25_20250222_ARS_WHU,2024_25,2025-02-22,0,0.5692307692307692,0.5692307692307692,0.5733167991347863,0.5555555555555556
2024_25_20250222_AVL_CHE,2024_25,2025-02-22,1,0.6109725685785536,0.6109725685785536,0.6109714085571082,0.6043613707165109
2024_25_20250222_BOU_WOL,2024_25,2025-02-22,0,0.6005025125628142,0.6005025125628142,0.6016315334339417,0.6043613707165109
2024_25_20250222_EVE_MUN,2024_25,2025-02-22,1,0.4370179948586118,0.4370179948586118,0.4504830309784217,0.44565217391304346
2024_25_20250222_FUL_CRY,2024_25,2025-02-22,0,0.4857142857142857,0.4857142857142857,0.49581817804484557,0.4966442953020134
2024_25_20250222_IPS_TOT,2024_25,2025-02-22,1,0.6274509803921569,0.6274509803921569,0.6255052000050355,0.6842105263157895
2024_25_20250222_SOU_BRI,2024_25,2025-02-22,1,0.605,0.605,0.6056530459417316,0.6043613707165109
2024_25_20250223_MCI_LIV,2024_25,2025-02-23,0,0.6720930232558139,0.6720930232558139,0.6636988438559154,0.7008086253369272
2024_25_20250223_NEW_NFO,2024_25,2025-02-23,1,0.5754475703324808,0.5754475703324808,0.5789904668921098,0.5625
2024_25_20250225_BRI_BOU,2024_25,2025-02-25,1,0.5919395465994962,0.5919395465994962,0.5939371685837849,0.6043613707165109
2024_25_20250225_CHE_SOU,2024_25,2025-02-25,1,0.744,0.744,0.720825045459354,0.7714285714285715
2024_25_20250225_CRY_AVL,2024_25,2025-02-25,1,0.5064935064935064,0.5064935064935064,0.5152277999277778,0.5229885057471264
2024_25_20250225_WOL_FUL,2024_25,2025-02-25,1,0.4779220779220779,0.4779220779220779,0.4885396767714248,0.4966442953020134
2024_25_20250226_BRE_EVE,2024_25,2025-02-26,0,0.5182291666666667,0.5182291666666667,0.5261734201652692,0.5428571428571428
2024_25_20250226_LIV_NEW,2024_25,2025-02-26,0,0.6595744680851063,0.6595744680851063,0.6531775748003384,0.7008086253369272
2024_25_20250226_MUN_IPS,2024_25,2025-02-26,1,0.5826972010178116,0.5826972010178116,0.5855803791588425,0.5644171779141104
2024_25_20250226_NFO_ARS,2024_25,2025-02-26,0,0.440721649484536,0.440721649484536,0.45391178423644196,0.44565217391304346
2024_25_20250226_TOT_MCI,2024_25,2025-02-26,0,0.7105831533477323,0.7105831533477323,0.6950147705611585,0.7008086253369272
2024_25_20250227_WHU_LEI,2024_25,2025-02-27,0,0.5592783505154639,0.5592783505154639,0.5641941709126805,0.5555555555555556
2024_25_20250308_BRE_AVL,2024_25,2025-03-08,0,0.625615763546798,0.625615763546798,0.6238971787512928,0.6043613707165109
2024_25_20250308_BRI_FUL,2024_25,2025-03-08,1,0.5466321243523315,0.5466321243523315,0.5525401304926613,0.5555555555555556
2024_25_20250308_CRY_IPS,2024_25,2025-03-08,0,0.5418848167539266,0.5418848167539266,0.5481496273414437,0.5555555555555556
2024_25_20250308_LIV_SOU,2024_25,2025-03-08,1,0.748015873015873,0.748015873015873,0.7238352539422925,0.7714285714285715
2024_25_20250308_NFO_MCI,2024_25,2025-03-08,0,0.606516290726817,0.606516290726817,0.6070056763767439,0.6043613707165109
2024_25_20250308_WOL_EVE,2024_25,2025-03-08,0,0.4194373401534527,0.4194373401534527,0.4342767405982722,0.43636363636363634
2024_25_20250309_CHE_LEI,2024_25,2025-03-09,0,0.7045951859956237,0.7045951859956237,0.690250582144737,0.7008086253369272
2024_25_20250309_MUN_ARS,2024_25,2025-03-09,0,0.4381443298969071,0.4381443298969071,0.45152528219852905,0.44565217391304346
2024_25_20250309_TOT_BOU,2024_25,2025-03-09,1,0.6848072562358277,0.6848072562358277,0.6742208570931444,0.7008086253369272
2024_25_20250310_WHU_NEW,2024_25,2025-03-10,0,0.5633074935400517,0.5633074935400517,0.5678929798207749,0.5555555555555556
2024_25_20250315_BOU_BRE,2024_25,2025-03-15,1,0.6425120772946861,0.6425120772946861,0.6385945364063158,0.7008086253369272
2024_25_20250315_EVE_WHU,2024_25,2025-03-15,0,0.416243654822335,0.416243654822335,0.43134670829502436,0.3478260869565217
2024_25_20250315_IPS_NFO,2024_25,2025-03-15,1,0.5182291666666667,0.5182291666666667,0.5261734201652692,0.5428571428571428
2024_25_20250315_MCI_BRI,2024_25,2025-03-15,1,0.6457831325301205,0.6457831325301205,0.6414111195223928,0.7008086253369272
2024_25_20250315_SOU_WOL,2024_25,2025-03-15,1,0.5286458333333333,0.5286458333333333,0.5358681429370091,0.5555555555555556
2024_25_20250316_ARS_CHE,2024_25,2025-03-16,0,0.5078534031413613,0.5078534031413613,0.5164970983355912,0.5229885057471264
2024_25_20250316_FUL_TOT,2024_25,2025-03-16,0,0.606516290726817,0.606516290726817,0.6070056763767439,0.6043613707165109
2024_25_20250316_LEI_MUN,2024_25,2025-03-16,1,0.5326370757180157,0.5326370757180157,0.5395759955202629,0.5555555555555556
2024_25_20250401_ARS_FUL,2024_25,2025-04-01,1,0.4507772020725388,0.4507772020725388,0.4632421194135194,0.44565217391304346
2024_25_20250401_NFO_MUN,2024_25,2025-04-01,0,0.4934725848563968,0.4934725848563968,0.5030667718758578,0.5229885057471264
2024_25_20250401_WOL_WHU,2024_25,2025-04-01,0,0.4381443298969071,0.4381443298969071,0.45152528219852905,0.44565217391304346
2024_25_20250402_BOU_IPS,2024_25,2025-04-02,1,0.6253101736972705,0.6253101736972705,0.6236291537361784,0.6043613707165109
2024_25_20250402_BRI_AVL,2024_25,2025-04-02,1,0.6,0.6,0.601181338479805,0.6043613707165109
2024_25_20250402_LIV_EVE,2024_25,2025-04-02,0,0.5392670157068064,0.5392670157068064,0.545725324043143,0.5555555555555556
2024_25_20250402_MCI_LEI,2024_25,2025-04-02,0,0.6842105263157895,0.6842105263157895,0.6737308219259904,0.7008086253369272
2024_25_20250402_NEW_BRE,2024_25,2025-04-02,1,0.6473429951690821,0.6473429951690821,0.6427508453740051,0.7008086253369272
2024_25_20250402_SOU_CRY,2024_25,2025-04-02,0,0.5328083989501312,0.5328083989501312,0.5397350592639569,0.5555555555555556
2024_25_20250403_CHE_TOT,2024_25,2025-04-03,0,0.6774941995359629,0.6774941995359629,0.6681893547192771,0.7008086253369272
2024_25_20250405_AVL_NFO,2024_25,2025-04-05,1,0.5352480417754569,0.5352480417754569,0.541999233453151,0.5555555555555556
2024_25_20250405_CRY_BRI,2024_25,2025-04-05,1,0.5340314136125655,0.5340314136125655,0.5408703208558274,0.5555555555555556
2024_25_20250405_EVE_ARS,2024_25,2025-04-05,0,0.4025316455696203,0.4025316455696203,0.4188236446784041,0.3478260869565217
2024_25_20250405_IPS_WOL,2024_25,2025-04-05,1,0.4581151832460733,0.4581151832460733,0.47006753674908713,0.44966442953020136
2024_25_20250405_WHU_BOU,2024_25,2025-04-05,1,0.5287958115183247,0.5287958115183247,0.5360075465567232,0.5555555555555556
2024_25_20250406_BRE_CHE,2024_25,2025-04-06,0,0.6165413533834586,0.6165413533834586,0.6159065626653745,0.6043613707165109
2024_25_20250406_FUL_LIV,2024_25,2025-04-06,1,0.5287958115183247,0.5287958115183247,0.5360075465567232,0.5555555555555556
2024_25_20250406_MUN_MCI,2024_25,2025-04-06,0,0.5732647814910026,0.5732647814910026,0.5770006735170162,0.5555555555555556
2024_25_20250406_TOT_SOU,2024_25,2025-04-06,1,0.6827586206896552,0.6827586206896552,0.6725369306792266,0.7008086253369272
2024_25_20250407_LEI_NEW,2024_25,2025-04-07,1,0.5928753180661578,0.5928753180661578,0.5947803399111247,0.6043613707165109
2024_25_20250412_ARS_BRE,2024_25,2025-04-12,0,0.5378590078328982,0.5378590078328982,0.5444204860106522,0.5555555555555556
2024_25_20250412_BRI_LEI,2024_25,2025-04-12,1,0.5913705583756345,0.5913705583756345,0.5934242138997043,0.6043613707165109
2024_25_20250412_MCI_CRY,2024_25,2025-04-12,1,0.6184538653366584,0.6184538653366584,0.6175960298776577,0.6043613707165109
2024_25_20250412_NFO_EVE,2024_25,2025-04-12,0,0.4293059125964009,0.4293059125964009,0.44335881329003274,0.43636363636363634
2024_25_20250412_SOU_AVL,2024_25,2025-04-12,1,0.5984848484848484,0.5984848484848484,0.5998228994673119,0.6043613707165109
2024_25_20250413_CHE_IPS,2024_25,2025-04-13,1,0.6595238095238095,0.6595238095238095,0.653134684482575,0.7008086253369272
2024_25_20250413_LIV_WHU,2024_25,2025-04-13,1,0.6228287841191067,0.6228287841191067,0.6214500003224094,0.6043613707165109
2024_25_20250413_NEW_MUN,2024_25,2025-04-13,1,0.5805626598465473,0.5805626598465473,0.5836431498290212,0.5644171779141104
2024_25_20250413_WOL_TOT,2024_25,2025-04-13,1,0.5732647814910026,0.5732647814910026,0.5770006735170162,0.5555555555555556
2024_25_20250414_BOU_FUL,2024_25,2025-04-14,0,0.5468749999999999,0.5468749999999999,0.5527645375600022,0.5555555555555556
2024_25_20250416_NEW_CRY,2024_25,2025-04-16,1,0.5633074935400517,0.5633074935400517,0.5678929798207749,0.5555555555555556
2024_25_20250419_AVL_NEW,2024_25,2025-04-19,1,0.5831202046035805,0.5831202046035805,0.585963969279236,0.5644171779141104
2024_25_20250419_BRE_BRI,2024_25,2025-04-19,1,0.5984848484848484,0.5984848484848484,0.5998228994673119,0.6043613707165109
2024_25_20250419_CRY_BOU,2024_25,2025-04-19,0,0.5340314136125655,0.5340314136125655,0.5408703208558274,0.5555555555555556
2024_25_20250419_EVE_MCI,2024_25,2025-04-19,0,0.5221932114882506,0.5221932114882506,0.529865456423186,0.5555555555555556
2024_25_20250419_WHU_SOU,2024_25,2025-04-19,0,0.5658914728682171,0.5658914728682171,0.5702611571325237,0.5555555555555556
2024_25_20250420_FUL_CHE,2024_25,2025-04-20,1,0.5261780104712042,0.5261780104712042,0.5335735307492165,0.5555555555555556
2024_25_20250420_IPS_ARS,2024_25,2025-04-20,1,0.5532467532467532,0.5532467532467532,0.5586438277896247,0.5555555555555556
2024_25_20250420_LEI_LIV,2024_25,2025-04-20,0,0.6555023923444976,0.6555023923444976,0.649722043405918,0.7008086253369272
2024_25_20250420_MUN_WOL,2024_25,2025-04-20,0,0.4947643979057591,0.4947643979057591,0.5042736723157897,0.5229885057471264
2024_25_20250421_TOT_NFO,2024_25,2025-04-21,1,0.601010101010101,0.601010101010101,0.6020861013755048,0.6043613707165109
2024_25_20250422_MCI_AVL,2024_25,2025-04-22,1,0.628992628992629,0.628992628992629,0.6268538596503761,0.6842105263157895
2024_25_20250423_ARS_CRY,2024_25,2025-04-23,1,0.5104712041884817,0.5104712041884817,0.5189398844206118,0.5229885057471264
2024_25_20250426_BRI_WHU,2024_25,2025-04-26,1,0.5695876288659795,0.5695876288659795,0.5736430190667292,0.5555555555555556
2024_25_20250426_CHE_EVE,2024_25,2025-04-26,0,0.5157068062827225,0.5157068062827225,0.5238226249730169,0.5229885057471264
2024_25_20250426_NEW_IPS,2024_25,2025-04-26,1,0.7035398230088495,0.7035398230088495,0.6894066646942149,0.7008086253369272
2024_25_20250426_SOU_FUL,2024_25,2025-04-26,1,0.5546875,0.5546875,0.5599710054961801,0.5555555555555556
2024_25_20250426_WOL_LEI,2024_25,2025-04-26,1,0.5442708333333333,0.5442708333333333,0.5503572929982133,0.5555555555555556
2024_25_20250427_BOU_MUN,2024_25,2025-04-27,0,0.5670103092783505,0.5670103092783505,0.5712855632629572,0.5555555555555556
2024_25_20250427_LIV_TOT,2024_25,2025-04-27,1,0.7206823027718551,0.7206823027718551,0.7029558021787446,0.7008086253369272
2024_25_20250501_NFO_BRE,2024_25,2025-05-01,0,0.5326370757180157,0.5326370757180157,0.5395759955202629,0.5555555555555556
2024_25_20250502_MCI_WOL,2024_25,2025-05-02,0,0.6228287841191067,0.6228287841191067,0.6214500003224094,0.6043613707165109
2024_25_20250503_ARS_BOU,2024_25,2025-05-03,1,0.5195822454308094,0.5195822454308094,0.5274339942735736,0.5428571428571428
2024_25_20250503_AVL_FUL,2024_25,2025-05-03,0,0.5520833333333334,0.5520833333333334,0.5575715034780714,0.5555555555555556
2024_25_20250503_EVE_IPS,2024_25,2025-05-03,1,0.5052356020942408,0.5052356020942408,0.5140535236053951,0.5229885057471264
2024_25_20250503_LEI_SOU,2024_25,2025-05-03,0,0.5456919060052219,0.5456919060052219,0.551671206557541,0.5555555555555556
2024_25_20250504_BRE_MUN,2024_25,2025-05-04,1,0.5695876288659795,0.5695876288659795,0.5736430190667292,0.5555555555555556
2024_25_20250504_BRI_NEW,2024_25,2025-05-04,0,0.6144278606965174,0.6144278606965174,0.6140362966868096,0.6043613707165109
2024_25_20250504_CHE_LIV,2024_25,2025-05-04,1,0.6140350877192983,0.6140350877192983,0.6136883520733638,0.6043613707165109
2024_25_20250504_WHU_TOT,2024_25,2025-05-04,0,0.606060606060606,0.606060606060606,0.606599347327921,0.6043613707165109
2024_25_20250505_CRY_NFO,2024_25,2025-05-05,0,0.486910994764398,0.486910994764398,0.4969362274232201,0.4966442953020134
2024_25_20250510_BOU_AVL,2024_25,2025-05-10,0,0.5913705583756345,0.5913705583756345,0.5934242138997043,0.6043613707165109
2024_25_20250510_FUL_EVE,2024_25,2025-05-10,1,0.4673629242819843,0.4673629242819843,0.4786849727661446,0.4966442953020134
2024_25_20250510_IPS_BRE,2024_25,2025-05-10,0,0.6253101736972705,0.6253101736972705,0.6236291537361784,0.6043613707165109
2024_25_20250510_SOU_MCI,2024_25,2025-05-10,0,0.7076923076923077,0.7076923076923077,0.6927198646571661,0.7008086253369272
2024_25_20250510_WOL_BRI,2024_25,2025-05-10,0,0.5506493506493506,0.5506493506493506,0.556249063629839,0.5555555555555556
2024_25_20250511_LIV_ARS,2024_25,2025-05-11,1,0.5558441558441558,0.5558441558441558,0.5610358669956348,0.5555555555555556
2024_25_20250511_MUN_WHU,2024_25,2025-05-11,0,0.5404699738903395,0.5404699738903395,0.5468396405059841,0.5555555555555556
2024_25_20250511_NEW_CHE,2024_25,2025-05-11,0,0.6105527638190955,0.6105527638190955,0.6105984327361264,0.6043613707165109
2024_25_20250511_NFO_LEI,2024_25,2025-05-11,1,0.5721649484536083,0.5721649484536083,0.5759971327855344,0.5555555555555556
2024_25_20250511_TOT_CRY,2024_25,2025-05-11,0,0.6165413533834586,0.6165413533834586,0.6159065626653745,0.6043613707165109
2024_25_20250516_AVL_TOT,2024_25,2025-05-16,0,0.690744920993228,0.690744920993228,0.6790760107757663,0.7008086253369272
2024_25_20250516_CHE_MUN,2024_25,2025-05-16,0,0.6356968215158926,0.6356968215158926,0.6326956545770123,0.7008086253369272
2024_25_20250518_ARS_NEW,2024_25,2025-05-18,0,0.5378590078328982,0.5378590078328982,0.5444204860106522,0.5555555555555556
2024_25_20250518_BRE_FUL,2024_25,2025-05-18,1,0.5903307888040712,0.5903307888040712,0.5924863141790054,0.6043613707165109
2024_25_20250518_EVE_SOU,2024_25,2025-05-18,0,0.5326370757180157,0.5326370757180157,0.5395759955202629,0.5555555555555556
2024_25_20250518_LEI_IPS,2024_25,2025-05-18,0,0.548051948051948,0.548051948051948,0.5538516828752051,0.5555555555555556
2024_25_20250518_WHU_NFO,2024_25,2025-05-18,1,0.4934725848563968,0.4934725848563968,0.5030667718758578,0.5229885057471264
2024_25_20250519_BRI_LIV,2024_25,2025-05-19,1,0.6506024096385543,0.6506024096385543,0.6455430609107434,0.7008086253369272
2024_25_20250520_CRY_WOL,2024_25,2025-05-20,1,0.4790575916230366,0.4790575916230366,0.4896001019244015,0.4966442953020134
2024_25_20250520_MCI_BOU,2024_25,2025-05-20,1,0.6253101736972705,0.6253101736972705,0.6236291537361784,0.6043613707165109
2024_25_20250525_BOU_LEI,2024_25,2025-05-25,0,0.6464891041162226,0.6464891041162226,0.6420177352270483,0.7008086253369272
2024_25_20250525_FUL_MCI,2024_25,2025-05-25,0,0.6253101736972705,0.6253101736972705,0.6236291537361784,0.6043613707165109
2024_25_20250525_IPS_WHU,2024_25,2025-05-25,1,0.6314496314496314,0.6314496314496314,0.6289992068879681,0.7008086253369272
2024_25_20250525_LIV_CRY,2024_25,2025-05-25,0,0.7251585623678646,0.7251585623678646,0.7064370713528606,0.7008086253369272
2024_25_20250525_MUN_AVL,2024_25,2025-05-25,0,0.5949367088607596,0.5949367088607596,0.5966357660906788,0.6043613707165109
2024_25_20250525_NEW_EVE,2024_25,2025-05-25,0,0.6296296296296295,0.6296296296296295,0.6274105441985726,0.6842105263157895
2024_25_20250525_NFO_CHE,2024_25,2025-05-25,0,0.5695876288659795,0.5695876288659795,0.5736430190667292,0.5555555555555556
2024_25_20250525_SOU_ARS,2024_25,2025-05-25,1,0.6423357664233577,0.6423357664233577,0.6384424487269853,0.7008086253369272
2024_25_20250525_TOT_BRI,2024_25,2025-05-25,1,0.7167381974248926,0.7167381974248926,0.6998687335585312,0.7008086253369272
2024_25_20250525_WOL_BRE,2024_25,2025-05-25,0,0.6296296296296295,0.6296296296296295,0.6274105441985726,0.6842105263157895
2025_26_20250816_AVL_NEW,2025_26,2025-08-16,0,0.582901554404145,0.582901554404145,0.582531948668541,0.5738636363636364
2025_26_20250816_BRI_FUL,2025_26,2025-08-16,0,0.5488126649076518,0.5488126649076518,0.5517202097199323,0.5478841870824054
2025_26_20250816_SUN_WHU,2025_26,2025-08-16,1,0.5,0.5,0.506960031386672,0.5247148288973384
2025_26_20250816_TOT_BUR,2025_26,2025-08-16,1,0.5654450261780105,0.5654450261780105,0.5668184185945205,0.5478841870824054
2025_26_20250816_WOL_MCI,2025_26,2025-08-16,1,0.582901554404145,0.582901554404145,0.582531948668541,0.5738636363636364
2025_26_20250817_CHE_CRY,2025_26,2025-08-17,0,0.5766233766233767,0.5766233766233767,0.5768981744889796,0.5540247841852521
2025_26_20250817_MUN_ARS,2025_26,2025-08-17,0,0.5225464190981433,0.5225464190981433,0.5276922504983079,0.5478841870824054
2025_26_20250817_NFO_BRE,2025_26,2025-08-17,1,0.4880000000000001,0.4880000000000001,0.49591129474587,0.49838187702265374
2025_26_20250818_LEE_EVE,2025_26,2025-08-18,0,0.4538258575197889,0.4538258575197889,0.4645043826923459,0.4421052631578947
2025_26_20250822_WHU_CHE,2025_26,2025-08-22,1,0.5485564304461943,0.5485564304461943,0.5514867890136498,0.5478841870824054
2025_26_20250823_ARS_LEE,2025_26,2025-08-23,1,0.6055979643765903,0.6055979643765903,0.6027098396895038,0.5989974937343358
2025_26_20250823_BOU_WOL,2025_26,2025-08-23,0,0.544973544973545,0.544973544973545,0.5482205740449994,0.5478841870824054
2025_26_20250823_BRE_AVL,2025_26,2025-08-23,0,0.5305039787798408,0.5305039787798408,0.534990436292231,0.5478841870824054
2025_26_20250823_BUR_SUN,2025_26,2025-08-23,0,0.4145077720207254,0.4145077720207254,0.4287301827353465,0.3440860215053763
2025_26_20250823_MCI_TOT,2025_26,2025-08-23,0,0.642156862745098,0.642156862745098,0.6344646991797878,0.6903225806451613
2025_26_20250824_CRY_NFO,2025_26,2025-08-24,0,0.4576719576719577,0.4576719576719577,0.46802963419175003,0.461038961038961
2025_26_20250824_EVE_BRI,2025_26,2025-08-24,0,0.4668435013262599,0.4668435013262599,0.47644830991457543,0.461038961038961
2025_26_20250824_FUL_MUN,2025_26,2025-08-24,0,0.5292553191489361,0.5292553191489361,0.533846152564351,0.5478841870824054
2025_26_20250825_NEW_LIV,2025_26,2025-08-25,1,0.6136363636363636,0.6136363636363636,0.6097770504399673,0.5989974937343358
2025_26_20250830_CHE_FUL,2025_26,2025-08-30,0,0.5639686684073107,0.5639686684073107,0.565482823170826,0.5478841870824054
2025_26_20250830_LEE_NEW,2025_26,2025-08-30,0,0.53315649867374,0.53315649867374,0.5374199943889516,0.5478841870824054
2025_26_20250830_MUN_BUR,2025_26,2025-08-30,1,0.5680628272251308,0.5680628272251308,0.5691842300724633,0.5478841870824054
2025_26_20250830_SUN_BRE,2025_26,2025-08-30,1,0.4588859416445623,0.4588859416445623,0.4691430252476669,0.461038961038961
2025_26_20250830_TOT_BOU,2025_26,2025-08-30,0,0.6071428571428571,0.6071428571428571,0.6040715105561724,0.5989974937343358
2025_26_20250830_WOL_EVE,2025_26,2025-08-30,1,0.431937172774869,0.431937172774869,0.4445194554701195,0.4307957236592487
2025_26_20250831_AVL_CRY,2025_26,2025-08-31,1,0.4813829787234043,0.4813829787234043,0.4898198353684005,0.49838187702265374
2025_26_20250831_BRI_MCI,2025_26,2025-08-31,1,0.596401028277635,0.596401028277635,0.5945713502342052,0.5989974937343358
2025_26_20250831_LIV_ARS,2025_26,2025-08-31,0,0.5435356200527705,0.5435356200527705,0.5469085538533393,0.5478841870824054
2025_26_20250831_NFO_WHU,2025_26,2025-08-31,1,0.4840425531914894,0.4840425531914894,0.49226790942168547,0.49838187702265374
2025_26_20250913_ARS_NFO,2025_26,2025-09-13,1,0.5552631578947369,0.5552631578947369,0.5575886118392331,0.5478841870824054
2025_26_20250913_BOU_BRI,2025_26,2025-09-13,1,0.5616797900262467,0.5616797900262467,0.5634103021618502,0.5478841870824054
2025_26_20250913_BRE_CHE,2025_26,2025-09-13,1,0.5538057742782152,0.5538057742782152,0.5562640875622498,0.5478841870824054
2025_26_20250913_CRY_SUN,2025_26,2025-09-13,0,0.4511873350923483,0.4511873350923483,0.46208799869856754,0.4421052631578947
2025_26_20250913_EVE_AVL,2025_26,2025-09-13,0,0.4656084656084655,0.4656084656084655,0.47531376884089493,0.461038961038961
2025_26_20250913_FUL_LEE,2025_26,2025-09-13,0,0.4734042553191488,0.4734042553191488,0.4824790111755136,0.49838187702265374
2025_26_20250913_NEW_WOL,2025_26,2025-09-13,0,0.5396825396825397,0.5396825396825397,0.5433896842202738,0.5478841870824054
2025_26_20250913_WHU_TOT,2025_26,2025-09-13,1,0.5343915343915343,0.5343915343915343,0.5385506182605887,0.5478841870824054
2025_26_20250914_BUR_LIV,2025_26,2025-09-14,0,0.6161616161616161,0.6161616161616161,0.6119878786563171,0.5989974937343358
2025_26_20250914_MCI_MUN,2025_26,2025-09-14,1,0.6055979643765903,0.6055979643765903,0.6027098396895038,0.5989974937343358
2025_26_20250920_BRI_TOT,2025_26,2025-09-20,1,0.5729166666666667,0.5729166666666667,0.5735624151503387,0.5478841870824054
2025_26_20250920_BUR_NFO,2025_26,2025-09-20,0,0.4840425531914894,0.4840425531914894,0.49226790942168547,0.49838187702265374
2025_26_20250920_FUL_BRE,2025_26,2025-09-20,1,0.493368700265252,0.493368700265252,0.5008545576387513,0.5229357798165137
2025_26_20250920_LIV_EVE,2025_26,2025-09-20,1,0.5891472868217055,0.5891472868217055,0.5881153151404408,0.5913209512505739
2025_26_20250920_MUN_CHE,2025_26,2025-09-20,1,0.596401028277635,0.596401028277635,0.5945713502342052,0.5989974937343358
2025_26_20250920_WHU_CRY,2025_26,2025-09-20,1,0.4748010610079576,0.4748010610079576,0.48376368596047153,0.49838187702265374
2025_26_20250920_WOL_LEE,2025_26,2025-09-20,1,0.421875,0.421875,0.43538837059747393,0.4298245614035088
2025_26_20250921_ARS_MCI,2025_26,2025-09-21,0,0.5305039787798408,0.5305039787798408,0.534990436292231,0.5478841870824054
2025_26_20250921_BOU_NEW,2025_26,2025-09-21,0,0.5225464190981433,0.5225464190981433,0.5276922504983079,0.5478841870824054
2025_26_20250921_SUN_AVL,2025_26,2025-09-21,0,0.4485488126649077,0.4485488126649077,0.4596733945518082,0.4421052631578947
2025_26_20250927_BRE_MUN,2025_26,2025-09-27,1,0.5751295336787565,0.5751295336787565,0.5755546539366849,0.5478841870824054
2025_26_20250927_CHE_BRI,2025_26,2025-09-27,1,0.5902061855670103,0.5902061855670103,0.5890597139203451,0.5989974937343358
2025_26_20250927_CRY_LIV,2025_26,2025-09-27,1,0.5461741424802111,0.5461741424802111,0.5493155347574221,0.5478841870824054
2025_26_20250927_LEE_BOU,2025_26,2025-09-27,1,0.4801061007957559,0.4801061007957559,0.4886446663142375,0.49838187702265374
2025_26_20250927_MCI_BUR,2025_26,2025-09-27,1,0.657074340527578,0.657074340527578,0.6471103062807402,0.6903225806451613
2025_26_20250927_NFO_SUN,2025_26,2025-09-27,0,0.4774535809018567,0.4774535809018567,0.48620384720781534,0.49838187702265374
2025_26_20250927_TOT_WOL,2025_26,2025-09-27,0,0.5602094240837696,0.5602094240837696,0.5620777493704829,0.5478841870824054
2025_26_20250928_AVL_FUL,2025_26,2025-09-28,1,0.4447368421052632,0.4447368421052632,0.4561882970634722,0.4421052631578947
2025_26_20250928_NEW_ARS,2025_26,2025-09-28,1,0.4511873350923483,0.4511873350923483,0.46208799869856754,0.4421052631578947
2025_26_20250929_EVE_WHU,2025_26,2025-09-29,0,0.4920212765957447,0.4920212765957447,0.49961388705838883,0.5229357798165137
2025_26_20251003_BOU_FUL,2025_26,2025-10-03,1,0.4894179894179895,0.4894179894179895,0.4972168788818668,0.49838187702265374
2025_26_20251004_ARS_WHU,2025_26,2025-10-04,0,0.6190476190476191,0.6190476190476191,0.6145089013195185,0.5989974937343358
2025_26_20251004_CHE_LIV,2025_26,2025-10-04,1,0.6136363636363636,0.6136363636363636,0.6097770504399673,0.5989974937343358
2025_26_20251004_LEE_TOT,2025_26,2025-10-04,1,0.5,0.5,0.506960031386672,0.5247148288973384
2025_26_20251004_MUN_SUN,2025_26,2025-10-04,0,0.574025974025974,0.574025974025974,0.5745614245229161,0.5478841870824054
2025_26_20251005_AVL_BUR,2025_26,2025-10-05,1,0.4960212201591513,0.4960212201591513,0.5032968796942721,0.5229357798165137
2025_26_20251005_BRE_MCI,2025_26,2025-10-05,0,0.6010230179028133,0.6010230179028133,0.5986682083016127,0.5989974937343358
2025_26_20251005_EVE_CRY,2025_26,2025-10-05,1,0.4285714285714286,0.4285714285714286,0.4414606686476776,0.4298245614035088
2025_26_20251005_NEW_NFO,2025_26,2025-10-05,0,0.5564304461942258,0.5564304461942258,0.5586488972008672,0.5478841870824054
2025_26_20251005_WOL_BRI,2025_26,2025-10-05,0,0.5145888594164455,0.5145888594164455,0.520382209277388,0.5247148288973384
2025_26_20251018_BRI_NEW,2025_26,2025-10-18,1,0.5106382978723405,0.5106382978723405,0.5167496699041533,0.5247148288973384
2025_26_20251018_BUR_LEE,2025_26,2025-10-18,0,0.4270833333333333,0.4270833333333333,0.4401096892642092,0.4298245614035088
2025_26_20251018_CRY_BOU,2025_26,2025-10-18,1,0.4907161803713528,0.4907161803713528,0.49841219480337057,0.5229357798165137
2025_26_20251018_FUL_ARS,2025_26,2025-10-18,0,0.4973404255319149,0.4973404255319149,0.5045114938765632,0.5229357798165137
2025_26_20251018_MCI_EVE,2025_26,2025-10-18,0,0.5564304461942258,0.5564304461942258,0.5586488972008672,0.5478841870824054
2025_26_20251018_NFO_CHE,2025_26,2025-10-18,1,0.5590551181102362,0.5590551181102362,0.5610310042400914,0.5478841870824054
2025_26_20251018_SUN_WOL,2025_26,2025-10-18,0,0.3863636363636363,0.3863636363636363,0.4035508929560629,0.3440860215053763
2025_26_20251019_LIV_MUN,2025_26,2025-10-19,1,0.6545893719806762,0.6545893719806762,0.6450174813276403,0.6903225806451613
2025_26_20251019_TOT_AVL,2025_26,2025-10-19,1,0.5278514588859416,0.5278514588859416,0.5325592166090616,0.5478841870824054
2025_26_20251020_WHU_BRE,2025_26,2025-10-20,0,0.5079787234042553,0.5079787234042553,0.5143031715303308,0.5247148288973384
2025_26_20251024_LEE_WHU,2025_26,2025-10-24,1,0.4631578947368421,0.4631578947368421,0.47306336609469835,0.461038961038961
2025_26_20251025_BRE_LIV,2025_26,2025-10-25,1,0.610126582278481,0.610126582278481,0.6066967913832659,0.5989974937343358
2025_26_20251025_CHE_SUN,2025_26,2025-10-25,1,0.5564304461942258,0.5564304461942258,0.5586488972008672,0.5478841870824054
2025_26_20251025_MUN_BRI,2025_26,2025-10-25,1,0.6136363636363636,0.6136363636363636,0.6097770504399673,0.5989974937343358
2025_26_20251025_NEW_FUL,2025_26,2025-10-25,1,0.5092838196286471,0.5092838196286471,0.5155038008116769,0.5247148288973384
2025_26_20251026_ARS_CRY,2025_26,2025-10-26,0,0.5408970976253298,0.5408970976253298,0.5444993775035738,0.5478841870824054
2025_26_20251026_AVL_MCI,2025_26,2025-10-26,0,0.5447368421052632,0.5447368421052632,0.5480046424705897,0.5478841870824054
2025_26_20251026_BOU_NFO,2025_26,2025-10-26,0,0.5106382978723405,0.5106382978723405,0.5167496699041533,0.5247148288973384
2025_26_20251026_EVE_TOT,2025_26,2025-10-26,1,0.4920212765957447,0.4920212765957447,0.49961388705838883,0.5229357798165137
2025_26_20251026_WOL_BUR,2025_26,2025-10-26,1,0.4233766233766234,0.4233766233766234,0.4367484191040064,0.4298245614035088
2025_26_20251101_BRI_LEE,2025_26,2025-11-01,1,0.5239361702127661,0.5239361702127661,0.5289677871356137,0.5478841870824054
2025_26_20251101_BUR_ARS,2025_26,2025-11-01,0,0.5423280423280423,0.5423280423280423,0.5458062071825177,0.5478841870824054
2025_26_20251101_CRY_BRE,2025_26,2025-11-01,0,0.5396825396825397,0.5396825396825397,0.5433896842202738,0.5478841870824054
2025_26_20251101_FUL_WOL,2025_26,2025-11-01,1,0.433420365535248,0.433420365535248,0.445868730267119,0.4421052631578947
2025_26_20251101_LIV_AVL,2025_26,2025-11-01,0,0.6161616161616161,0.6161616161616161,0.6119878786563171,0.5989974937343358
2025_26_20251101_NFO_MUN,2025_26,2025-11-01,1,0.5499999999999999,0.5499999999999999,0.5528015317974945,0.5478841870824054
2025_26_20251101_TOT_CHE,2025_26,2025-11-01,0,0.5526315789473685,0.5526315789473685,0.5551963523098535,0.5478841870824054
2025_26_20251102_MCI_BOU,2025_26,2025-11-02,1,0.6171284634760705,0.6171284634760705,0.6128331283354957,0.5989974937343358
2025_26_20251102_WHU_NEW,2025_26,2025-11-02,1,0.5396825396825397,0.5396825396825397,0.5433896842202738,0.5478841870824054
2025_26_20251103_SUN_EVE,2025_26,2025-11-03,0,0.4097938144329897,0.4097938144329897,0.4244832471070346,0.3440860215053763
2025_26_20251108_CHE_WOL,2025_26,2025-11-08,1,0.5792207792207792,0.5792207792207792,0.5792314889745718,0.5738636363636364
2025_26_20251108_EVE_FUL,2025_26,2025-11-08,0,0.433420365535248,0.433420365535248,0.445868730267119,0.4421052631578947
2025_26_20251108_SUN_ARS,2025_26,2025-11-08,1,0.4708994708994709,0.4708994708994709,0.48017589367269553,0.49838187702265374
2025_26_20251108_TOT_MUN,2025_26,2025-11-08,1,0.5762273901808785,0.5762273901808785,0.5765421452751316,0.5478841870824054
2025_26_20251108_WHU_BUR,2025_26,2025-11-08,1,0.4787234042553191,0.4787234042553191,0.4873722495033931,0.49838187702265374
2025_26_20251109_AVL_BOU,2025_26,2025-11-09,1,0.5172413793103448,0.5172413793103448,0.5228200148917516,0.5283030658576373
2025_26_20251109_BRE_NEW,2025_26,2025-11-09,1,0.5186170212765957,0.5186170212765957,0.5240838817414522,0.5478841870824054
2025_26_20251109_CRY_BRI,2025_26,2025-11-09,0,0.5488126649076518,0.5488126649076518,0.5517202097199323,0.5478841870824054
2025_26_20251109_MCI_LIV,2025_26,2025-11-09,1,0.6354679802955665,0.6354679802955665,0.6287324905871675,0.6903225806451613
2025_26_20251109_NFO_LEE,2025_26,2025-11-09,1,0.4603174603174603,0.4603174603174603,0.4704563196279115,0.461038961038961
2025_26_20251122_BOU_WHU,2025_26,2025-11-22,1,0.5703125,0.5703125,0.5712148332281196,0.5478841870824054
2025_26_20251122_BRI_BRE,2025_26,2025-11-22,1,0.5590551181102362,0.5590551181102362,0.5610310042400914,0.5478841870824054
2025_26_20251122_BUR_CHE,2025_26,2025-11-22,0,0.53315649867374,0.53315649867374,0.5374199943889516,0.5478841870824054
2025_26_20251122_FUL_SUN,2025_26,2025-11-22,0,0.4296875,0.4296875,0.44247447333553963,0.4298245614035088
2025_26_20251122_LIV_NFO,2025_26,2025-11-22,1,0.6136363636363636,0.6136363636363636,0.6097770504399673,0.5989974937343358
2025_26_20251122_NEW_MCI,2025_26,2025-11-22,1,0.5590551181102362,0.5590551181102362,0.5610310042400914,0.5478841870824054
2025_26_20251122_WOL_CRY,2025_26,2025-11-22,0,0.4721485411140583,0.4721485411140583,0.48132429870232485,0.49838187702265374
2025_26_20251123_ARS_TOT,2025_26,2025-11-23,1,0.5305039787798408,0.5305039787798408,0.534990436292231,0.5478841870824054
2025_26_20251123_LEE_AVL,2025_26,2025-11-23,1,0.4435695538057742,0.4435695538057742,0.4551219441014222,0.4421052631578947
2025_26_20251124_MUN_EVE,2025_26,2025-11-24,0,0.5396825396825397,0.5396825396825397,0.5433896842202738,0.5478841870824054
2025_26_20251129_BRE_BUR,2025_26,2025-11-29,1,0.5278514588859416,0.5278514588859416,0.5325592166090616,0.5478841870824054
2025_26_20251129_EVE_NEW,2025_26,2025-11-29,1,0.4787234042553191,0.4787234042553191,0.4873722495033931,0.49838187702265374
2025_26_20251129_MCI_LEE,2025_26,2025-11-29,1,0.6180904522613065,0.6180904522613065,0.6136734566808798,0.5989974937343358
2025_26_20251129_SUN_BOU,2025_26,2025-11-29,1,0.4801061007957559,0.4801061007957559,0.4886446663142375,0.49838187702265374
2025_26_20251129_TOT_FUL,2025_26,2025-11-29,1,0.5039787798408488,0.5039787798408488,0.5106224359312013,0.5247148288973384
2025_26_20251130_AVL_WOL,2025_26,2025-11-30,0,0.526595744680851,0.526595744680851,0.5314077202659244,0.5478841870824054
2025_26_20251130_CHE_ARS,2025_26,2025-11-30,0,0.4893617021276596,0.4893617021276596,0.4971650526940956,0.49838187702265374
2025_26_20251130_CRY_MUN,2025_26,2025-11-30,1,0.5488126649076518,0.5488126649076518,0.5517202097199323,0.5478841870824054
2025_26_20251130_NFO_BRI,2025_26,2025-11-30,0,0.5,0.5,0.506960031386672,0.5247148288973384
2025_26_20251130_WHU_LIV,2025_26,2025-11-30,0,0.6206030150753769,0.6206030150753769,0.6158650588998084,0.5989974937343358
2025_26_20251202_BOU_EVE,2025_26,2025-12-02,0,0.492063492063492,0.492063492063492,0.4996527579051965,0.5229357798165137
2025_26_20251202_FUL_MCI,2025_26,2025-12-02,1,0.5714285714285715,0.5714285714285715,0.5722213386424123,0.5478841870824054
2025_26_20251202_NEW_TOT,2025_26,2025-12-02,1,0.5485564304461943,0.5485564304461943,0.5514867890136498,0.5478841870824054
2025_26_20251203_ARS_BRE,2025_26,2025-12-03,0,0.5435356200527705,0.5435356200527705,0.5469085538533393,0.5478841870824054
2025_26_20251203_BRI_AVL,2025_26,2025-12-03,1,0.5159574468085106,0.5159574468085106,0.5216401417978103,0.5247148288973384
2025_26_20251203_BUR_CRY,2025_26,2025-12-03,0,0.4774535809018567,0.4774535809018567,0.48620384720781534,0.49838187702265374
2025_26_20251203_LEE_CHE,2025_26,2025-12-03,1,0.519893899204244,0.519893899204244,0.5252567337902705,0.5478841870824054
2025_26_20251203_LIV_SUN,2025_26,2025-12-03,0,0.6055979643765903,0.6055979643765903,0.6027098396895038,0.5989974937343358
2025_26_20251203_WOL_NFO,2025_26,2025-12-03,0,0.4538258575197889,0.4538258575197889,0.4645043826923459,0.4421052631578947
2025_26_20251204_MUN_WHU,2025_26,2025-12-04,0,0.6293532338308457,0.6293532338308457,0.623460356422077,0.625
2025_26_20251206_AVL_ARS,2025_26,2025-12-06,1,0.4578947368421053,0.4578947368421053,0.4682339299566251,0.461038961038961
2025_26_20251206_BOU_CHE,2025_26,2025-12-06,0,0.5744125326370757,0.5744125326370757,0.5749094052012267,0.5478841870824054
2025_26_20251206_EVE_NFO,2025_26,2025-12-06,1,0.4485488126649077,0.4485488126649077,0.4596733945518082,0.4421052631578947
2025_26_20251206_LEE_LIV,2025_26,2025-12-06,1,0.5729166666666667,0.5729166666666667,0.5735624151503387,0.5478841870824054
2025_26_20251206_MCI_SUN,2025_26,2025-12-06,1,0.634567901234568,0.634567901234568,0.6279583299089028,0.6903225806451613
2025_26_20251206_NEW_BUR,2025_26,2025-12-06,1,0.5917312661498708,0.5917312661498708,0.5904187316158053,0.5989974937343358
2025_26_20251206_TOT_BRE,2025_26,2025-12-06,0,0.5225464190981433,0.5225464190981433,0.5276922504983079,0.5478841870824054
2025_26_20251207_BRI_WHU,2025_26,2025-12-07,0,0.5865633074935401,0.5865633074935401,0.5858080321777622,0.5738636363636364
2025_26_20251207_FUL_CRY,2025_26,2025-12-07,1,0.4656084656084655,0.4656084656084655,0.47531376884089493,0.461038961038961
2025_26_20251208_WOL_MUN,2025_26,2025-12-08,1,0.5616797900262467,0.5616797900262467,0.5634103021618502,0.5478841870824054
2025_26_20251213_ARS_WOL,2025_26,2025-12-13,1,0.6215538847117794,0.6215538847117794,0.6166932419626417,0.5989974937343358
2025_26_20251213_BUR_FUL,2025_26,2025-12-13,1,0.4603174603174603,0.4603174603174603,0.4704563196279115,0.461038961038961
2025_26_20251213_CHE_EVE,2025_26,2025-12-13,0,0.5093333333333333,0.5093333333333333,0.5155493477365329,0.5247148288973384
2025_26_20251213_LIV_BRI,2025_26,2025-12-13,0,0.6231155778894473,0.6231155778894473,0.6180519664466891,0.5989974937343358
2025_26_20251214_BRE_LEE,2025_26,2025-12-14,0,0.5039999999999999,0.5039999999999999,0.5106419660482162,0.5247148288973384
2025_26_20251214_CRY_MCI,2025_26,2025-12-14,1,0.5654450261780105,0.5654450261780105,0.5668184185945205,0.5478841870824054
2025_26_20251214_NFO_TOT,2025_26,2025-12-14,1,0.48,0.48,0.48854702237702946,0.49838187702265374
2025_26_20251214_SUN_NEW,2025_26,2025-12-14,0,0.4906666666666666,0.4906666666666666,0.4983666043883679,0.5229357798165137
2025_26_20251214_WHU_AVL,2025_26,2025-12-14,1,0.5253333333333333,0.5253333333333333,0.530249745373461,0.5478841870824054
2025_26_20251215_MUN_BOU,2025_26,2025-12-15,1,0.6035805626598465,0.6035805626598465,0.6009293040852344,0.5989974937343358
2025_26_20251220_BOU_BUR,2025_26,2025-12-20,0,0.5590551181102362,0.5590551181102362,0.5610310042400914,0.5478841870824054
2025_26_20251220_BRI_SUN,2025_26,2025-12-20,0,0.5212765957446808,0.5212765957446808,0.5265264689478357,0.5478841870824054
2025_26_20251220_EVE_ARS,2025_26,2025-12-20,0,0.4576719576719577,0.4576719576719577,0.46802963419175003,0.461038961038961
2025_26_20251220_LEE_CRY,2025_26,2025-12-20,1,0.4576719576719577,0.4576719576719577,0.46802963419175003,0.461038961038961
2025_26_20251220_MCI_WHU,2025_26,2025-12-20,1,0.7002237136465325,0.7002237136465325,0.6824999274352759,0.6903225806451613
2025_26_20251220_NEW_CHE,2025_26,2025-12-20,1,0.5677083333333334,0.5677083333333334,0.5688640421115062,0.5478841870824054
2025_26_20251220_TOT_LIV,2025_26,2025-12-20,1,0.5744125326370757,0.5744125326370757,0.5749094052012267,0.5478841870824054
2025_26_20251220_WOL_BRE,2025_26,2025-12-20,0,0.4867021276595745,0.4867021276595745,0.49471635433128464,0.49838187702265374
2025_26_20251221_AVL_MUN,2025_26,2025-12-21,1,0.5755208333333334,0.5755208333333334,0.575906686687704,0.5478841870824054
2025_26_20251222_FUL_NFO,2025_26,2025-12-22,0,0.4693333333333332,0.4693333333333332,0.478736271806485,0.49838187702265374
2025_26_20251226_MUN_NEW,2025_26,2025-12-26,0,0.578125,0.578125,0.5782475472390279,0.5738636363636364
2025_26_20251227_ARS_BRI,2025_26,2025-12-27,1,0.5729166666666667,0.5729166666666667,0.5735624151503387,0.5478841870824054
2025_26_20251227_BRE_BOU,2025_26,2025-12-27,1,0.5552631578947369,0.5552631578947369,0.5575886118392331,0.5478841870824054
2025_26_20251227_BUR_EVE,2025_26,2025-12-27,0,0.4345549738219895,0.4345549738219895,0.44690143428268864,0.4421052631578947
2025_26_20251227_CHE_AVL,2025_26,2025-12-27,1,0.5578947368421052,0.5578947368421052,0.559978202309553,0.5478841870824054
2025_26_20251227_LIV_WOL,2025_26,2025-12-27,1,0.642156862745098,0.642156862745098,0.6344646991797878,0.6903225806451613
2025_26_20251227_NFO_MCI,2025_26,2025-12-27,1,0.5792207792207792,0.5792207792207792,0.5792314889745718,0.5738636363636364
2025_26_20251227_WHU_FUL,2025_26,2025-12-27,0,0.526595744680851,0.526595744680851,0.5314077202659244,0.5478841870824054
2025_26_20251228_CRY_TOT,2025_26,2025-12-28,0,0.4787234042553191,0.4787234042553191,0.4873722495033931,0.49838187702265374
2025_26_20251228_SUN_LEE,2025_26,2025-12-28,0,0.4281984334203655,0.4281984334203655,0.441121959760383,0.4298245614035088
2025_26_20251230_ARS_AVL,2025_26,2025-12-30,1,0.5651041666666667,0.5651041666666667,0.566510143563421,0.5478841870824054
2025_26_20251230_BUR_NEW,2025_26,2025-12-30,1,0.5305039787798408,0.5305039787798408,0.534990436292231,0.5478841870824054
2025_26_20251230_CHE_BOU,2025_26,2025-12-30,1,0.6339066339066339,0.6339066339066339,0.6273891530306421,0.6903225806451613
2025_26_20251230_MUN_WOL,2025_26,2025-12-30,0,0.5948717948717949,0.5948717948717949,0.5932129271482459,0.5989974937343358
2025_26_20251230_NFO_EVE,2025_26,2025-12-30,0,0.4123711340206186,0.4123711340206186,0.4268038861255407,0.3440860215053763
2025_26_20251230_WHU_BRI,2025_26,2025-12-30,1,0.5703125,0.5703125,0.5712148332281196,0.5478841870824054
2025_26_20260101_BRE_TOT,2025_26,2026-01-01,0,0.5013333333333333,0.5013333333333333,0.5081874465656535,0.5247148288973384
2025_26_20260101_CRY_FUL,2025_26,2026-01-01,0,0.4640000000000001,0.4640000000000001,0.4738365675277142,0.461038961038961
2025_26_20260101_LIV_LEE,2025_26,2026-01-01,0,0.5902061855670103,0.5902061855670103,0.5890597139203451,0.5989974937343358
2025_26_20260101_SUN_MCI,2025_26,2026-01-01,0,0.578125,0.578125,0.5782475472390279,0.5738636363636364
2025_26_20260103_AVL_NFO,2025_26,2026-01-03,1,0.5225464190981433,0.5225464190981433,0.5276922504983079,0.5478841870824054
2025_26_20260103_BOU_ARS,2025_26,2026-01-03,1,0.578125,0.578125,0.5782475472390279,0.5738636363636364
2025_26_20260103_BRI_BUR,2025_26,2026-01-03,0,0.5526315789473685,0.5526315789473685,0.5551963523098535,0.5478841870824054
2025_26_20260103_WOL_WHU,2025_26,2026-01-03,1,0.4920212765957447,0.4920212765957447,0.49961388705838883,0.5229357798165137
2025_26_20260104_EVE_BRE,2025_26,2026-01-04,1,0.4281984334203655,0.4281984334203655,0.441121959760383,0.4298245614035088
2025_26_20260104_FUL_LIV,2025_26,2026-01-04,1,0.5305039787798408,0.5305039787798408,0.534990436292231,0.5478841870824054
2025_26_20260104_LEE_MUN,2025_26,2026-01-04,0,0.5212765957446808,0.5212765957446808,0.5265264689478357,0.5478841870824054
2025_26_20260104_MCI_CHE,2025_26,2026-01-04,0,0.6311881188118812,0.6311881188118812,0.6250455312356025,0.6903225806451613
2025_26_20260104_NEW_CRY,2025_26,2026-01-04,0,0.5358090185676393,0.5358090185676393,0.5398477767836759,0.5478841870824054
2025_26_20260104_TOT_SUN,2025_26,2026-01-04,0,0.4694960212201591,0.4694960212201591,0.47888580141599324,0.49838187702265374
2025_26_20260106_WHU_NFO,2025_26,2026-01-06,1,0.493368700265252,0.493368700265252,0.5008545576387513,0.5229357798165137
2025_26_20260107_BOU_TOT,2025_26,2026-01-07,1,0.5552631578947369,0.5552631578947369,0.5575886118392331,0.5478841870824054
2025_26_20260107_BRE_SUN,2025_26,2026-01-07,1,0.4748010610079576,0.4748010610079576,0.48376368596047153,0.49838187702265374
2025_26_20260107_BUR_MUN,2025_26,2026-01-07,1,0.5488126649076518,0.5488126649076518,0.5517202097199323,0.5478841870824054
2025_26_20260107_CRY_AVL,2025_26,2026-01-07,0,0.4946808510638298,0.4946808510638298,0.5020627399463383,0.5229357798165137
2025_26_20260107_EVE_WOL,2025_26,2026-01-07,0,0.4576719576719577,0.4576719576719577,0.46802963419175003,0.461038961038961
2025_26_20260107_FUL_CHE,2025_26,2026-01-07,1,0.5305039787798408,0.5305039787798408,0.534990436292231,0.5478841870824054
2025_26_20260107_MCI_BRI,2025_26,2026-01-07,0,0.6602870813397128,0.6602870813397128,0.6498077054070323,0.6903225806451613
2025_26_20260107_NEW_LEE,2025_26,2026-01-07,1,0.5251989389920424,0.5251989389920424,0.5301264497698173,0.5478841870824054
2025_26_20260108_ARS_LIV,2025_26,2026-01-08,0,0.5476190476190476,0.5476190476190476,0.5506326732418481,0.5478841870824054
2025_26_20260117_CHE_BRE,2025_26,2026-01-17,0,0.5755208333333334,0.5755208333333334,0.575906686687704,0.5478841870824054
2025_26_20260117_LEE_FUL,2025_26,2026-01-17,0,0.4591029023746703,0.4591029023746703,0.4693420408990909,0.461038961038961
2025_26_20260117_LIV_BUR,2025_26,2026-01-17,0,0.6081424936386769,0.6081424936386769,0.6049517340710872,0.5989974937343358
2025_26_20260117_MUN_MCI,2025_26,2026-01-17,0,0.6336633663366337,0.6336633663366337,0.6271796748077954,0.6903225806451613
2025_26_20260117_NFO_ARS,2025_26,2026-01-17,0,0.5039999999999999,0.5039999999999999,0.5106419660482162,0.5247148288973384
2025_26_20260117_SUN_CRY,2025_26,2026-01-17,1,0.4270833333333333,0.4270833333333333,0.4401096892642092,0.4298245614035088
2025_26_20260117_TOT_WHU,2025_26,2026-01-17,1,0.5488126649076518,0.5488126649076518,0.5517202097199323,0.5478841870824054
2025_26_20260118_AVL_EVE,2025_26,2026-01-18,0,0.4986666666666667,0.4986666666666667,0.5057325323007256,0.5247148288973384
2025_26_20260118_WOL_NEW,2025_26,2026-01-18,0,0.5654450261780105,0.5654450261780105,0.5668184185945205,0.5478841870824054
2025_26_20260119_BRI_BOU,2025_26,2026-01-19,0,0.6277915632754342,0.6277915632754342,0.6221091275851134,0.625
2025_26_20260124_BOU_LIV,2025_26,2026-01-24,1,0.596401028277635,0.596401028277635,0.5945713502342052,0.5989974937343358
2025_26_20260124_BUR_TOT,2025_26,2026-01-24,1,0.4707446808510637,0.4707446808510637,0.48003359281873303,0.49838187702265374
2025_26_20260124_FUL_BRI,2025_26,2026-01-24,1,0.53315649867374,0.53315649867374,0.5374199943889516,0.5478841870824054
2025_26_20260124_MCI_WOL,2025_26,2026-01-24,0,0.6737089201877935,0.6737089201877935,0.6609718115307311,0.6903225806451613
2025_26_20260124_WHU_SUN,2025_26,2026-01-24,1,0.4511873350923483,0.4511873350923483,0.46208799869856754,0.4421052631578947
2025_26_20260125_ARS_MUN,2025_26,2026-01-25,1,0.554089709762533,0.554089709762533,0.5565222020022907,0.5478841870824054
2025_26_20260125_BRE_NFO,2025_26,2026-01-25,0,0.4907161803713528,0.4907161803713528,0.49841219480337057,0.5229357798165137
2025_26_20260125_CRY_CHE,2025_26,2026-01-25,1,0.5396825396825397,0.5396825396825397,0.5433896842202738,0.5478841870824054
2025_26_20260125_NEW_AVL,2025_26,2026-01-25,0,0.5718015665796344,0.5718015665796344,0.572557583629557,0.5478841870824054
2025_26_20260126_EVE_LEE,2025_26,2026-01-26,0,0.4281984334203655,0.4281984334203655,0.441121959760383,0.4298245614035088
2025_26_20260131_BRI_EVE,2025_26,2026-01-31,0,0.5132978723404255,0.5132978723404255,0.5191953656186887,0.5247148288973384
2025_26_20260131_CHE_WHU,2025_26,2026-01-31,1,0.6136363636363636,0.6136363636363636,0.6097770504399673,0.5989974937343358
2025_26_20260131_LEE_ARS,2025_26,2026-01-31,1,0.4907161803713528,0.4907161803713528,0.49841219480337057,0.5229357798165137
2025_26_20260131_LIV_NEW,2025_26,2026-01-31,1,0.5818181818181818,0.5818181818181818,0.5815612690201358,0.5738636363636364
2025_26_20260131_WOL_BOU,2025_26,2026-01-31,0,0.5435356200527705,0.5435356200527705,0.5469085538533393,0.5478841870824054
2025_26_20260201_AVL_BRE,2025_26,2026-02-01,0,0.526595744680851,0.526595744680851,0.5314077202659244,0.5478841870824054
2025_26_20260201_MUN_FUL,2025_26,2026-02-01,1,0.5680628272251308,0.5680628272251308,0.5691842300724633,0.5478841870824054
2025_26_20260201_NFO_CRY,2025_26,2026-02-01,0,0.4746666666666666,0.4746666666666666,0.4836400707475867,0.49838187702265374
2025_26_20260201_TOT_MCI,2025_26,2026-02-01,1,0.5839793281653746,0.5839793281653746,0.583496977733604,0.5738636363636364
2025_26_20260202_SUN_BUR,2025_26,2026-02-02,1,0.4244791666666667,0.4244791666666667,0.4377476204234974,0.4298245614035088
2025_26_20260206_LEE_NFO,2025_26,2026-02-06,1,0.4526315789473684,0.4526315789473684,0.46341043767067913,0.4421052631578947
2025_26_20260207_ARS_SUN,2025_26,2026-02-07,1,0.5552631578947369,0.5552631578947369,0.5575886118392331,0.5478841870824054
2025_26_20260207_BOU_AVL,2025_26,2026-02-07,0,0.5654450261780105,0.5654450261780105,0.5668184185945205,0.5478841870824054
2025_26_20260207_BUR_WHU,2025_26,2026-02-07,0,0.5039999999999999,0.5039999999999999,0.5106419660482162,0.5247148288973384
2025_26_20260207_FUL_EVE,2025_26,2026-02-07,1,0.4308093994778067,0.4308093994778067,0.4434940553607297,0.4298245614035088
2025_26_20260207_MUN_TOT,2025_26,2026-02-07,0,0.6447688564476886,0.6447688564476886,0.6366929124609644,0.6903225806451613
2025_26_20260207_NEW_BRE,2025_26,2026-02-07,1,0.5616797900262467,0.5616797900262467,0.5634103021618502,0.5478841870824054
2025_26_20260207_WOL_CHE,2025_26,2026-02-07,1,0.5578947368421052,0.5578947368421052,0.559978202309553,0.5478841870824054
2025_26_20260208_BRI_CRY,2025_26,2026-02-08,0,0.5226666666666666,0.5226666666666666,0.5278026302414643,0.5478841870824054
2025_26_20260208_LIV_MCI,2025_26,2026-02-08,1,0.6020408163265306,0.6020408163265306,0.5995685410413708,0.5989974937343358
2025_26_20260210_CHE_LEE,2025_26,2026-02-10,1,0.5818181818181818,0.5818181818181818,0.5815612690201358,0.5738636363636364
2025_26_20260210_EVE_BOU,2025_26,2026-02-10,1,0.5146666666666666,0.5146666666666666,0.520453732631687,0.5247148288973384
2025_26_20260210_TOT_NEW,2025_26,2026-02-10,1,0.5538057742782152,0.5538057742782152,0.5562640875622498,0.5478841870824054
2025_26_20260210_WHU_MUN,2025_26,2026-02-10,0,0.6388206388206389,0.6388206388206389,0.6316102830589652,0.6903225806451613
2025_26_20260211_AVL_BRI,2025_26,2026-02-11,0,0.5358090185676393,0.5358090185676393,0.5398477767836759,0.5478841870824054
2025_26_20260211_CRY_BUR,2025_26,2026-02-11,1,0.4893048128342245,0.4893048128342245,0.49711267227744904,0.49838187702265374
2025_26_20260211_MCI_FUL,2025_26,2026-02-11,1,0.6171284634760705,0.6171284634760705,0.6128331283354957,0.5989974937343358
2025_26_20260211_NFO_WOL,2025_26,2026-02-11,0,0.4826666666666667,0.4826666666666667,0.4910013853991215,0.49838187702265374
2025_26_20260211_SUN_LIV,2025_26,2026-02-11,0,0.5226666666666666,0.5226666666666666,0.5278026302414643,0.5478841870824054
2025_26_20260212_BRE_ARS,2025_26,2026-02-12,0,0.512,0.512,0.518001973747434,0.5247148288973384
2025_26_20260218_WOL_ARS,2025_26,2026-02-18,1,0.5552631578947369,0.5552631578947369,0.5575886118392331,0.5478841870824054
2025_26_20260221_AVL_LEE,2025_26,2026-02-21,0,0.5186170212765957,0.5186170212765957,0.5240838817414522,0.5478841870824054
2025_26_20260221_BRE_BRI,2025_26,2026-02-21,0,0.5372340425531915,0.5372340425531915,0.5411512911488289,0.5478841870824054
2025_26_20260221_CHE_BUR,2025_26,2026-02-21,0,0.6578313253012049,0.6578313253012049,0.6477467187588856,0.6903225806451613
2025_26_20260221_MCI_NEW,2025_26,2026-02-21,1,0.6626794258373206,0.6626794258373206,0.6518101111870024,0.6903225806451613
2025_26_20260221_WHU_BOU,2025_26,2026-02-21,0,0.6071428571428571,0.6071428571428571,0.6040715105561724,0.5989974937343358
2025_26_20260222_CRY_WOL,2025_26,2026-02-22,0,0.496,0.496,0.5032773415867163,0.5229357798165137
2025_26_20260222_NFO_LIV,2025_26,2026-02-22,0,0.5590551181102362,0.5590551181102362,0.5610310042400914,0.5478841870824054
2025_26_20260222_SUN_FUL,2025_26,2026-02-22,1,0.4421052631578946,0.4421052631578946,0.45378485345549896,0.4421052631578947
2025_26_20260222_TOT_ARS,2025_26,2026-02-22,1,0.528,0.528,0.5326954068717827,0.5478841870824054
2025_26_20260223_EVE_MUN,2025_26,2026-02-23,0,0.5578947368421052,0.5578947368421052,0.559978202309553,0.5478841870824054
2025_26_20260227_WOL_AVL,2025_26,2026-02-27,0,0.5119363395225464,0.5119363395225464,0.5179434326285962,0.5247148288973384
2025_26_20260228_BOU_SUN,2025_26,2026-02-28,0,0.5329815303430079,0.5329815303430079,0.5372597867556183,0.5478841870824054
2025_26_20260228_BUR_BRE,2025_26,2026-02-28,1,0.5173333333333333,0.5173333333333333,0.5229045066639758,0.5301258902334711
2025_26_20260228_LEE_MCI,2025_26,2026-02-28,0,0.5818181818181818,0.5818181818181818,0.5815612690201358,0.5738636363636364
2025_26_20260228_LIV_WHU,2025_26,2026-02-28,1,0.6578313253012049,0.6578313253012049,0.6477467187588856,0.6903225806451613
2025_26_20260228_NEW_EVE,2025_26,2026-02-28,1,0.5423280423280423,0.5423280423280423,0.5458062071825177,0.5478841870824054
2025_26_20260301_ARS_CHE,2025_26,2026-03-01,1,0.5514511873350924,0.5514511873350924,0.5541224686741386,0.5478841870824054
2025_26_20260301_BRI_NFO,2025_26,2026-03-01,1,0.5239361702127661,0.5239361702127661,0.5289677871356137,0.5478841870824054
2025_26_20260301_FUL_TOT,2025_26,2026-03-01,1,0.5461741424802111,0.5461741424802111,0.5493155347574221,0.5478841870824054
2025_26_20260301_MUN_CRY,2025_26,2026-03-01,1,0.5792207792207792,0.5792207792207792,0.5792314889745718,0.5738636363636364
2025_26_20260303_BOU_BRE,2025_26,2026-03-03,0,0.5948717948717949,0.5948717948717949,0.5932129271482459,0.5989974937343358
2025_26_20260303_EVE_BUR,2025_26,2026-03-03,0,0.4907161803713528,0.4907161803713528,0.49841219480337057,0.5229357798165137
2025_26_20260303_LEE_SUN,2025_26,2026-03-03,0,0.4526315789473684,0.4526315789473684,0.46341043767067913,0.4421052631578947
2025_26_20260303_WOL_LIV,2025_26,2026-03-03,1,0.5984654731457799,0.5984654731457799,0.5964029056132489,0.5989974937343358
2025_26_20260304_AVL_CHE,2025_26,2026-03-04,1,0.5628272251308901,0.5628272251308901,0.5644495568900512,0.5478841870824054
2025_26_20260304_BRI_ARS,2025_26,2026-03-04,0,0.4946524064171124,0.4946524064171124,0.5020365493205048,0.5229357798165137
2025_26_20260304_FUL_WHU,2025_26,2026-03-04,0,0.544973544973545,0.544973544973545,0.5482205740449994,0.5478841870824054
2025_26_20260304_MCI_NFO,2025_26,2026-03-04,1,0.596401028277635,0.596401028277635,0.5945713502342052,0.5989974937343358
2025_26_20260304_NEW_MUN,2025_26,2026-03-04,1,0.6161616161616161,0.6161616161616161,0.6119878786563171,0.5989974937343358
2025_26_20260305_TOT_CRY,2025_26,2026-03-05,1,0.5253333333333333,0.5253333333333333,0.530249745373461,0.5478841870824054
2025_26_20260314_ARS_EVE,2025_26,2026-03-14,0,0.4919786096256684,0.4919786096256684,0.4995746004853432,0.5229357798165137
2025_26_20260314_BUR_BOU,2025_26,2026-03-14,0,0.5555555555555556,0.5555555555555556,0.5578542556689019,0.5478841870824054
2025_26_20260314_CHE_NEW,2025_26,2026-03-14,0,0.6370370370370371,0.6370370370370371,0.630080459700397,0.6903225806451613
2025_26_20260314_SUN_BRI,2025_26,2026-03-14,0,0.4588859416445623,0.4588859416445623,0.4691430252476669,0.461038961038961
2025_26_20260314_WHU_MCI,2025_26,2026-03-14,0,0.6171284634760705,0.6171284634760705,0.6128331283354957,0.5989974937343358
2025_26_20260315_CRY_LEE,2025_26,2026-03-15,0,0.4601063829787233,0.4601063829787233,0.47026264829965286,0.461038961038961
2025_26_20260315_LIV_TOT,2025_26,2026-03-15,0,0.6570048309178744,0.6570048309178744,0.6470518419318836,0.6903225806451613
2025_26_20260315_MUN_AVL,2025_26,2026-03-15,1,0.5718015665796344,0.5718015665796344,0.572557583629557,0.5478841870824054
2025_26_20260315_NFO_FUL,2025_26,2026-03-15,0,0.5026737967914439,0.5026737967914439,0.5094213259457233,0.5247148288973384
2025_26_20260316_BRE_WOL,2025_26,2026-03-16,1,0.5567282321899736,0.5567282321899736,0.5589193005552601,0.5478841870824054
2025_26_20260320_BOU_MUN,2025_26,2026-03-20,1,0.614609571788413,0.614609571788413,0.6106296221578281,0.5989974937343358
2025_26_20260321_BRI_LIV,2025_26,2026-03-21,1,0.5578947368421052,0.5578947368421052,0.559978202309553,0.5478841870824054
2025_26_20260321_EVE_CHE,2025_26,2026-03-21,1,0.526595744680851,0.526595744680851,0.5314077202659244,0.5478841870824054
2025_26_20260321_FUL_BUR,2025_26,2026-03-21,1,0.5294117647058824,0.5294117647058824,0.5339895405499632,0.5478841870824054
2025_26_20260321_LEE_BRE,2025_26,2026-03-21,0,0.5080213903743315,0.5080213903743315,0.5143424258918343,0.5247148288973384
2025_26_20260322_AVL_WHU,2025_26,2026-03-22,0,0.5372340425531915,0.5372340425531915,0.5411512911488289,0.5478841870824054
2025_26_20260322_NEW_SUN,2025_26,2026-03-22,1,0.5106951871657753,0.5106951871657753,0.5168019930687189,0.5247148288973384
2025_26_20260322_TOT_NFO,2025_26,2026-03-22,1,0.5026737967914439,0.5026737967914439,0.5094213259457233,0.5247148288973384
2025_26_20260410_WHU_WOL,2025_26,2026-04-10,1,0.5251989389920424,0.5251989389920424,0.5301264497698173,0.5478841870824054
2025_26_20260411_ARS_BOU,2025_26,2026-04-11,1,0.5803108808290156,0.5803108808290156,0.5802097083977524,0.5738636363636364
2025_26_20260411_BRE_EVE,2025_26,2026-04-11,1,0.48,0.48,0.48854702237702946,0.49838187702265374
2025_26_20260411_BUR_BRI,2025_26,2026-04-11,0,0.5488126649076518,0.5488126649076518,0.5517202097199323,0.5478841870824054
2025_26_20260411_LIV_FUL,2025_26,2026-04-11,0,0.6126582278481012,0.6126582278481012,0.6089194855903819,0.5989974937343358
2025_26_20260412_CHE_MCI,2025_26,2026-04-12,1,0.6091370558375634,0.6091370558375634,0.6058268146392702,0.5989974937343358
2025_26_20260412_CRY_NEW,2025_26,2026-04-12,1,0.5476190476190476,0.5476190476190476,0.5506326732418481,0.5478841870824054
2025_26_20260412_NFO_AVL,2025_26,2026-04-12,0,0.4906666666666666,0.4906666666666666,0.4983666043883679,0.5229357798165137
2025_26_20260412_SUN_TOT,2025_26,2026-04-12,0,0.4880000000000001,0.4880000000000001,0.49591129474587,0.49838187702265374
2025_26_20260413_MUN_LEE,2025_26,2026-04-13,1,0.5567282321899736,0.5567282321899736,0.5589193005552601,0.5478841870824054
2025_26_20260418_BRE_FUL,2025_26,2026-04-18,0,0.5411140583554377,0.5411140583554377,0.5446975597065278,0.5478841870824054
2025_26_20260418_CHE_MUN,2025_26,2026-04-18,0,0.6106870229007634,0.6106870229007634,0.6071892226534175,0.5989974937343358
2025_26_20260418_LEE_WOL,2025_26,2026-04-18,1,0.5039999999999999,0.5039999999999999,0.5106419660482162,0.5247148288973384
2025_26_20260418_NEW_BOU,2025_26,2026-04-18,1,0.6370370370370371,0.6370370370370371,0.630080459700397,0.6903225806451613
2025_26_20260418_TOT_BRI,2025_26,2026-04-18,1,0.5654450261780105,0.5654450261780105,0.5668184185945205,0.5478841870824054
2025_26_20260419_AVL_SUN,2025_26,2026-04-19,1,0.496,0.496,0.5032773415867163,0.5229357798165137
2025_26_20260419_EVE_LIV,2025_26,2026-04-19,1,0.5053191489361702,0.5053191489361702,0.511855987527113,0.5247148288973384
2025_26_20260419_MCI_ARS,2025_26,2026-04-19,1,0.4866310160427808,0.4866310160427808,0.4946508840690992,0.49838187702265374
2025_26_20260419_NFO_BUR,2025_26,2026-04-19,1,0.5384615384615384,0.5384615384615384,0.5422736696969469,0.5478841870824054
2025_26_20260420_CRY_WHU,2025_26,2026-04-20,0,0.4986666666666667,0.4986666666666667,0.5057325323007256,0.5247148288973384
2025_26_20260421_BRI_CHE,2025_26,2026-04-21,1,0.5766233766233767,0.5766233766233767,0.5768981744889796,0.5540247841852521
2025_26_20260422_BOU_LEE,2025_26,2026-04-22,1,0.5464190981432361,0.5464190981432361,0.5495388792375371,0.5478841870824054
2025_26_20260422_BUR_MCI,2025_26,2026-04-22,0,0.709251101321586,0.709251101321586,0.6896606047299215,0.6903225806451613
2025_26_20260424_SUN_NFO,2025_26,2026-04-24,1,0.4424083769633508,0.4424083769633508,0.45406158230388094,0.4421052631578947
2025_26_20260425_ARS_NEW,2025_26,2026-04-25,0,0.5917312661498708,0.5917312661498708,0.5904187316158053,0.5989974937343358
2025_26_20260425_FUL_AVL,2025_26,2026-04-25,0,0.5461741424802111,0.5461741424802111,0.5493155347574221,0.5478841870824054
2025_26_20260425_LIV_CRY,2025_26,2026-04-25,1,0.6035805626598465,0.6035805626598465,0.6009293040852344,0.5989974937343358
2025_26_20260425_WHU_EVE,2025_26,2026-04-25,1,0.512,0.512,0.518001973747434,0.5247148288973384
2025_26_20260425_WOL_TOT,2025_26,2026-04-25,0,0.5643044619422573,0.5643044619422573,0.5657866849613312,0.5478841870824054
2025_26_20260427_MUN_BRE,2025_26,2026-04-27,1,0.6025641025641025,0.6025641025641025,0.6000311728546611,0.5989974937343358
2025_26_20260501_LEE_BUR,2025_26,2026-05-01,1,0.5691906005221932,0.5691906005221932,0.5702024778487345,0.5478841870824054
2025_26_20260502_ARS_FUL,2025_26,2026-05-02,1,0.5267379679144386,0.5267379679144386,0.5315381567259261,0.5478841870824054
2025_26_20260502_BRE_WHU,2025_26,2026-05-02,1,0.5891472868217055,0.5891472868217055,0.5881153151404408,0.5913209512505739
2025_26_20260502_NEW_BRI,2025_26,2026-05-02,1,0.5590551181102362,0.5590551181102362,0.5610310042400914,0.5478841870824054
2025_26_20260502_WOL_SUN,2025_26,2026-05-02,0,0.4615384615384615,0.4615384615384615,0.4715768065396766,0.461038961038961
2025_26_20260503_AVL_TOT,2025_26,2026-05-03,1,0.5567282321899736,0.5567282321899736,0.5589193005552601,0.5478841870824054
2025_26_20260503_BOU_CRY,2025_26,2026-05-03,1,0.5680628272251308,0.5680628272251308,0.5691842300724633,0.5478841870824054
2025_26_20260503_MUN_LIV,2025_26,2026-05-03,1,0.6370370370370371,0.6370370370370371,0.630080459700397,0.6903225806451613
2025_26_20260504_CHE_NFO,2025_26,2026-05-04,1,0.5616797900262467,0.5616797900262467,0.5634103021618502,0.5478841870824054
2025_26_20260504_EVE_MCI,2025_26,2026-05-04,1,0.5906735751295337,0.5906735751295337,0.589476355863498,0.5989974937343358
2025_26_20260509_BRI_WOL,2025_26,2026-05-09,1,0.625,0.625,0.6196890191176043,0.5989974937343358
2025_26_20260509_FUL_BOU,2025_26,2026-05-09,0,0.6081424936386769,0.6081424936386769,0.6049517340710872,0.5989974937343358
2025_26_20260509_LIV_CHE,2025_26,2026-05-09,0,0.665083135391924,0.665083135391924,0.6538166415336926,0.6903225806451613
2025_26_20260509_MCI_BRE,2025_26,2026-05-09,1,0.684331797235023,0.684331797235023,0.6696832897144852,0.6903225806451613
2025_26_20260509_SUN_MUN,2025_26,2026-05-09,0,0.5437665782493368,0.5437665782493368,0.5471193337683876,0.5478841870824054
2025_26_20260510_BUR_AVL,2025_26,2026-05-10,1,0.5514511873350924,0.5514511873350924,0.5541224686741386,0.5478841870824054
2025_26_20260510_CRY_EVE,2025_26,2026-05-10,1,0.4693333333333332,0.4693333333333332,0.478736271806485,0.49838187702265374
2025_26_20260510_NFO_NEW,2025_26,2026-05-10,0,0.5476190476190476,0.5476190476190476,0.5506326732418481,0.5478841870824054
2025_26_20260510_WHU_ARS,2025_26,2026-05-10,0,0.5680628272251308,0.5680628272251308,0.5691842300724633,0.5478841870824054
2025_26_20260511_TOT_LEE,2025_26,2026-05-11,0,0.5514511873350924,0.5514511873350924,0.5541224686741386,0.5478841870824054
2025_26_20260513_MCI_CRY,2025_26,2026-05-13,1,0.6698113207547169,0.6698113207547169,0.6577475829752171,0.6903225806451613
2025_26_20260515_AVL_LIV,2025_26,2026-05-15,1,0.5590551181102362,0.5590551181102362,0.5610310042400914,0.5478841870824054
2025_26_20260517_BRE_CRY,2025_26,2026-05-17,1,0.5691906005221932,0.5691906005221932,0.5702024778487345,0.5478841870824054
2025_26_20260517_EVE_SUN,2025_26,2026-05-17,1,0.4973262032085561,0.4973262032085561,0.5044983994066561,0.5229357798165137
2025_26_20260517_LEE_BRI,2025_26,2026-05-17,0,0.5669291338582677,0.5669291338582677,0.5681600471653834,0.5478841870824054
2025_26_20260517_MUN_NFO,2025_26,2026-05-17,1,0.596401028277635,0.596401028277635,0.5945713502342052,0.5989974937343358
2025_26_20260517_NEW_WHU,2025_26,2026-05-17,1,0.6370370370370371,0.6370370370370371,0.630080459700397,0.6903225806451613
2025_26_20260517_WOL_FUL,2025_26,2026-05-17,0,0.5567282321899736,0.5567282321899736,0.5589193005552601,0.5478841870824054
2025_26_20260518_ARS_BUR,2025_26,2026-05-18,0,0.7057522123893805,0.7057522123893805,0.6868957530284349,0.6903225806451613
2025_26_20260519_BOU_MCI,2025_26,2026-05-19,0,0.6635071090047394,0.6635071090047394,0.6525016438839493,0.6903225806451613
2025_26_20260519_CHE_TOT,2025_26,2026-05-19,1,0.5564304461942258,0.5564304461942258,0.5586488972008672,0.5478841870824054
2025_26_20260524_BRI_MUN,2025_26,2026-05-24,1,0.6403940886699507,0.6403940886699507,0.632957662423406,0.6903225806451613
2025_26_20260524_BUR_WOL,2025_26,2026-05-24,0,0.5476190476190476,0.5476190476190476,0.5506326732418481,0.5478841870824054
2025_26_20260524_CRY_ARS,2025_26,2026-05-24,1,0.5755208333333334,0.5755208333333334,0.575906686687704,0.5478841870824054
2025_26_20260524_FUL_NEW,2025_26,2026-05-24,0,0.5844155844155844,0.5844155844155844,0.5838874162886445,0.5738636363636364
2025_26_20260524_LIV_BRE,2025_26,2026-05-24,0,0.6336633663366337,0.6336633663366337,0.6271796748077954,0.6903225806451613
2025_26_20260524_MCI_AVL,2025_26,2026-05-24,1,0.7237687366167023,0.7237687366167023,0.7009871214009137,0.6903225806451613
2025_26_20260524_NFO_BOU,2025_26,2026-05-24,0,0.6,0.6,0.5977625870849934,0.5989974937343358
2025_26_20260524_SUN_CHE,2025_26,2026-05-24,1,0.5411140583554377,0.5411140583554377,0.5446975597065278,0.5478841870824054
2025_26_20260524_TOT_EVE,2025_26,2026-05-24,0,0.5398936170212765,0.5398936170212765,0.5435825684266637,0.5478841870824054
2025_26_20260524_WHU_LEE,2025_26,2026-05-24,1,0.5718015665796344,0.5718015665796344,0.572557583629557,0.5478841870824054
