match_id,season,date,home_team_id,away_team_id,target_over25,market_over_probability,market_over_odds,feature_probability,raw_residual,v08_over_probability,model_version,bucket,historical_residual,v10_over_probability
2018_19_20180810_MUN_LEI,2018_19,2018-08-10,MUN,LEI,1,0.468586387434555,2.03,0.4558679262038646,-0.0127184612306903,0.4622271568192098,V0.10,3,0.015954793971126736,0.48454118140568175
2018_19_20180811_BOU_CAR,2018_19,2018-08-11,BOU,CAR,0,0.4803149606299213,1.98,0.4948371018846738,0.0145221412547524,0.4875760312572975,V0.10,3,0.015954793971126736,0.49626975460104805
2018_19_20180811_FUL_CRY,2018_19,2018-08-11,FUL,CRY,0,0.4895287958115184,1.95,0.5082691383676219,0.0187403425561034,0.4988989670895701,V0.10,3,0.015954793971126736,0.5054835897826452
2018_19_20180811_HUD_CHE,2018_19,2018-08-11,HUD,CHE,1,0.4816753926701571,1.98,0.5140882050715354,0.0324128124013783,0.4978817988708462,V0.10,3,0.015954793971126736,0.49763018664128383
2018_19_20180811_NEW_TOT,2018_19,2018-08-11,NEW,TOT,1,0.4738219895287958,2.01,0.4644153293161412,-0.0094066602126545,0.4691186594224685,V0.10,3,0.015954793971126736,0.48977678349992254
2018_19_20180811_WAT_BRI,2018_19,2018-08-11,WAT,BRI,0,0.4035532994923858,2.35,0.4180671975625516,0.0145138980701658,0.4108102485274687,V0.10,2,-0.002335662407821727,0.40121763708456404
2018_19_20180811_WOL_EVE,2018_19,2018-08-11,WOL,EVE,1,0.4557291666666667,2.09,0.4506043541617621,-0.0051248125049045,0.4531667604142144,V0.10,3,0.015954793971126736,0.47168396063779344
2018_19_20180812_ARS_MCI,2018_19,2018-08-12,ARS,MCI,0,0.6095717884130982,1.55,0.5881178807305479,-0.0214539076825502,0.5988448345718231,V0.10,6,-0.009596090878438383,0.5999756975346598
2018_19_20180812_LIV_WHU,2018_19,2018-08-12,LIV,WHU,1,0.6538461538461539,1.44,0.6680796395891068,0.0142334857429529,0.6609628967176303,V0.10,7,0.003370937664261782,0.6572170915104156
2018_19_20180812_SOU_BUR,2018_19,2018-08-12,SOU,BUR,0,0.4060913705583756,2.34,0.4223725400875994,0.0162811695292238,0.4142319553229875,V0.10,2,-0.002335662407821727,0.40375570815055384
2018_19_20180818_CAR_NEW,2018_19,2018-08-18,CAR,NEW,0,0.3815461346633417,2.48,0.3935814659528165,0.0120353312894748,0.3875638003080791,V0.10,1,-0.0079061648704731,0.3736399697928686
2018_19_20180818_CHE_ARS,2018_19,2018-08-18,CHE,ARS,1,0.5636363636363637,1.68,0.5529806997299129,-0.0106556639064507,0.5583085316831383,V0.10,5,-0.011379614903216739,0.552256748733147
2018_19_20180818_EVE_SOU,2018_19,2018-08-18,EVE,SOU,1,0.4415584415584415,2.15,0.4278598873978591,-0.0136985541605824,0.4347091644781503,V0.10,2,-0.002335662407821727,0.43922277915061975
2018_19_20180818_LEI_WOL,2018_19,2018-08-18,LEI,WOL,0,0.4671916010498688,2.03,0.4115150532243308,-0.0556765478255379,0.4393533271370998,V0.10,3,0.015954793971126736,0.48314639502099554
2018_19_20180818_TOT_FUL,2018_19,2018-08-18,TOT,FUL,1,0.6271604938271605,1.51,0.6926153823130362,0.0654548884858756,0.6598879380700984,V0.10,6,-0.009596090878438383,0.6175644029487222
2018_19_20180818_WHU_BOU,2018_19,2018-08-18,WHU,BOU,1,0.5340314136125655,1.78,0.5514499927401195,0.017418579127554,0.5427407031763425,V0.10,4,0.010382715254791937,0.5444141288673574
2018_19_20180819_BRI_MUN,2018_19,2018-08-19,BRI,MUN,1,0.4205128205128206,2.26,0.4231947827889442,0.0026819622761236,0.4218538016508824,V0.10,2,-0.002335662407821727,0.41817715810499884
2018_19_20180819_BUR_WAT,2018_19,2018-08-19,BUR,WAT,1,0.3651960784313725,2.59,0.3370541823362111,-0.0281418960951613,0.3511251303837918,V0.10,1,-0.0079061648704731,0.3572899135608994
2018_19_20180819_MCI_HUD,2018_19,2018-08-19,MCI,HUD,1,0.7155172413793104,1.32,0.7526223544794242,0.0371051131001137,0.7340697979293673,V0.10,8,0.0018072608331444803,0.7173245022124549
2018_19_20180820_CRY_LIV,2018_19,2018-08-20,CRY,LIV,0,0.6105527638190955,1.55,0.640483450131191,0.0299306863120955,0.6255181069751432,V0.10,6,-0.009596090878438383,0.6009566729406571
2018_19_20180825_ARS_WHU,2018_19,2018-08-25,ARS,WHU,1,0.6546762589928057,1.44,0.6602047776646164,0.0055285186718107,0.6574405183287111,V0.10,7,0.003370937664261782,0.6580471966570675
2018_19_20180825_BOU_EVE,2018_19,2018-08-25,BOU,EVE,1,0.5520833333333334,1.72,0.587475800242675,0.0353924669093416,0.5697795667880041,V0.10,5,-0.011379614903216739,0.5407037184301167
2018_19_20180825_HUD_CAR,2018_19,2018-08-25,HUD,CAR,0,0.3676470588235294,2.58,0.4152046436140579,0.0475575847905285,0.3914258512187936,V0.10,1,-0.0079061648704731,0.3597408939530563
2018_19_20180825_LIV_BRI,2018_19,2018-08-25,LIV,BRI,0,0.6690140845070424,1.41,0.7068703897042178,0.0378563051971754,0.6879422371056301,V0.10,7,0.003370937664261782,0.6723850221713041
2018_19_20180825_SOU_LEI,2018_19,2018-08-25,SOU,LEI,1,0.4179487179487179,2.27,0.4069204576318331,-0.0110282603168848,0.4124345877902755,V0.10,2,-0.002335662407821727,0.41561305554089617
2018_19_20180825_WOL_MCI,2018_19,2018-08-25,WOL,MCI,0,0.615,1.54,0.6238445403036238,0.0088445403036238,0.619422270151812,V0.10,6,-0.009596090878438383,0.6054039091215616
2018_19_20180826_FUL_BUR,2018_19,2018-08-26,FUL,BUR,1,0.4263565891472868,2.22,0.4732319101025636,0.0468753209552768,0.4497942496249252,V0.10,2,-0.002335662407821727,0.42402092673946506
2018_19_20180826_NEW_CHE,2018_19,2018-08-26,NEW,CHE,1,0.5052631578947367,1.88,0.5144391670399692,0.0091760091452324,0.509851162467353,V0.10,4,0.010382715254791937,0.5156458731495287
2018_19_20180826_WAT_CRY,2018_19,2018-08-26,WAT,CRY,1,0.4453125,2.13,0.4626320630276367,0.0173195630276367,0.4539722815138184,V0.10,2,-0.002335662407821727,0.44297683759217826
2018_19_20180827_MUN_TOT,2018_19,2018-08-27,MUN,TOT,1,0.468586387434555,2.03,0.4395438252277372,-0.0290425622068177,0.4540651063311461,V0.10,3,0.015954793971126736,0.48454118140568175
2018_19_20180901_BRI_FUL,2018_19,2018-09-01,BRI,FUL,1,0.4947368421052631,1.92,0.4691731407627814,-0.0255637013424817,0.4819549914340222,V0.10,3,0.015954793971126736,0.5106916360763898
2018_19_20180901_CHE_BOU,2018_19,2018-09-01,CHE,BOU,0,0.6650943396226415,1.42,0.6846967190006235,0.0196023793779819,0.6748955293116325,V0.10,7,0.003370937664261782,0.6684652772869033
2018_19_20180901_CRY_SOU,2018_19,2018-09-01,CRY,SOU,0,0.4479166666666666,2.12,0.4513306683971668,0.0034140017305002,0.4496236675319167,V0.10,2,-0.002335662407821727,0.44558100425884484
2018_19_20180901_EVE_HUD,2018_19,2018-09-01,EVE,HUD,0,0.4581151832460733,2.07,0.4670246503971352,0.0089094671510619,0.4625699168216043,V0.10,3,0.015954793971126736,0.47406997721720007
2018_19_20180901_LEI_LIV,2018_19,2018-09-01,LEI,LIV,1,0.5769230769230769,1.65,0.5897628688640167,0.0128397919409398,0.5833429728935469,V0.10,5,-0.011379614903216739,0.5655434620198602
2018_19_20180901_MCI_NEW,2018_19,2018-09-01,MCI,NEW,1,0.6886363636363636,1.37,0.7036871876393522,0.0150508240029886,0.696161775637858,V0.10,7,0.003370937664261782,0.6920073013006254
2018_19_20180901_WHU_WOL,2018_19,2018-09-01,WHU,WOL,0,0.513157894736842,1.85,0.5325859733372108,0.0194280786003687,0.5228719340370265,V0.10,4,0.010382715254791937,0.523540609991634
2018_19_20180902_BUR_MUN,2018_19,2018-09-02,BUR,MUN,0,0.4427083333333333,2.14,0.4324054890966766,-0.0103028442366567,0.4375569112150049,V0.10,2,-0.002335662407821727,0.4403726709255116
2018_19_20180902_CAR_ARS,2018_19,2018-09-02,CAR,ARS,1,0.5404699738903395,1.76,0.5976077724817661,0.0571377985914266,0.5690388731860527,V0.10,4,0.010382715254791937,0.5508526891451314
2018_19_20180902_WAT_TOT,2018_19,2018-09-02,WAT,TOT,1,0.5572916666666667,1.7,0.5833950354944,0.0261033688277332,0.5703433510805334,V0.10,5,-0.011379614903216739,0.54591205176345
2018_19_20180915_BOU_LEI,2018_19,2018-09-15,BOU,LEI,1,0.5078534031413613,1.88,0.5271703254805009,0.0193169223391396,0.5175118643109311,V0.10,4,0.010382715254791937,0.5182361183961532
2018_19_20180915_CHE_CAR,2018_19,2018-09-15,CHE,CAR,1,0.6262376237623761,1.51,0.6840634907163028,0.0578258669539266,0.6551505572393395,V0.10,6,-0.009596090878438383,0.6166415328839377
2018_19_20180915_HUD_CRY,2018_19,2018-09-15,HUD,CRY,0,0.4025316455696203,2.36,0.4128473362617955,0.0103156906921752,0.4076894909157079,V0.10,2,-0.002335662407821727,0.40019598316179855
2018_19_20180915_MCI_FUL,2018_19,2018-09-15,MCI,FUL,1,0.7534246575342466,1.26,0.7403208201005413,-0.0131038374337052,0.7468727388173939,V0.10,9,0.0023248184887162413,0.7557494760229628
2018_19_20180915_NEW_ARS,2018_19,2018-09-15,NEW,ARS,1,0.5558441558441558,1.71,0.5730956074787376,0.0172514516345817,0.5644698816614466,V0.10,5,-0.011379614903216739,0.5444645409409391
2018_19_20180915_TOT_LIV,2018_19,2018-09-15,TOT,LIV,1,0.5732647814910026,1.66,0.559281555085788,-0.0139832264052145,0.5662731682883952,V0.10,5,-0.011379614903216739,0.5618851665877859
2018_19_20180915_WAT_MUN,2018_19,2018-09-15,WAT,MUN,1,0.4790575916230366,1.99,0.5094011366023401,0.0303435449793034,0.4942293641126883,V0.10,3,0.015954793971126736,0.4950123855941634
2018_19_20180916_EVE_WHU,2018_19,2018-09-16,EVE,WHU,1,0.5314136125654451,1.79,0.536047830545652,0.0046342179802069,0.5337307215555485,V0.10,4,0.010382715254791937,0.541796327820237
2018_19_20180916_WOL_BUR,2018_19,2018-09-16,WOL,BUR,0,0.4168797953964194,2.28,0.4255575146790906,0.0086777192826712,0.421218655037755,V0.10,2,-0.002335662407821727,0.41454413298859766
2018_19_20180917_SOU_BRI,2018_19,2018-09-17,SOU,BRI,1,0.4179487179487179,2.27,0.4270944787198783,0.0091457607711604,0.4225215983342981,V0.10,2,-0.002335662407821727,0.41561305554089617
2018_19_20180922_BRI_TOT,2018_19,2018-09-22,BRI,TOT,1,0.5287958115183247,1.8,0.5421727270314848,0.0133769155131601,0.5354842692749047,V0.10,4,0.010382715254791937,0.5391785267731166
2018_19_20180922_BUR_BOU,2018_19,2018-09-22,BUR,BOU,1,0.4712041884816754,2.02,0.488994214776382,0.0177900262947066,0.4800992016290287,V0.10,3,0.015954793971126736,0.48715898245280215
2018_19_20180922_CAR_MCI,2018_19,2018-09-22,CAR,MCI,1,0.6506024096385543,1.45,0.6932344755472751,0.0426320659087208,0.6719184425929148,V0.10,7,0.003370937664261782,0.6539733473028161
2018_19_20180922_CRY_NEW,2018_19,2018-09-22,CRY,NEW,0,0.4505208333333333,2.11,0.4592410889885059,0.0087202556551726,0.4548809611609196,V0.10,3,0.015954793971126736,0.46647562730446007
2018_19_20180922_FUL_WAT,2018_19,2018-09-22,FUL,WAT,0,0.5392670157068064,1.76,0.5642360996678788,0.0249690839610724,0.5517515576873426,V0.10,4,0.010382715254791937,0.5496497309615983
2018_19_20180922_LEI_HUD,2018_19,2018-09-22,LEI,HUD,1,0.4352331606217616,2.18,0.4424941544013511,0.0072609937795894,0.4388636575115563,V0.10,2,-0.002335662407821727,0.43289749821393986
2018_19_20180922_LIV_SOU,2018_19,2018-09-22,LIV,SOU,1,0.6348039215686274,1.49,0.670576059584402,0.0357721380157746,0.6526899905765147,V0.10,6,-0.009596090878438383,0.625207830690189
2018_19_20180922_MUN_WOL,2018_19,2018-09-22,MUN,WOL,0,0.513157894736842,1.85,0.5376558761741058,0.0244979814372637,0.5254068854554739,V0.10,4,0.010382715254791937,0.523540609991634
2018_19_20180923_ARS_EVE,2018_19,2018-09-23,ARS,EVE,0,0.6563245823389022,1.44,0.6658057661853061,0.0094811838464038,0.6610651742621041,V0.10,7,0.003370937664261782,0.659695520003164
2018_19_20180923_WHU_CHE,2018_19,2018-09-23,WHU,CHE,0,0.6,1.58,0.6274660803596593,0.0274660803596593,0.6137330401798297,V0.10,6,-0.009596090878438383,0.5904039091215616
2018_19_20180929_ARS_WAT,2018_19,2018-09-29,ARS,WAT,0,0.6546762589928057,1.44,0.6822402352830633,0.0275639762902576,0.6684582471379346,V0.10,7,0.003370937664261782,0.6580471966570675
2018_19_20180929_CHE_LIV,2018_19,2018-09-29,CHE,LIV,0,0.5784061696658098,1.64,0.5739992695624678,-0.0044069001033419,0.5762027196141388,V0.10,5,-0.011379614903216739,0.5670265547625931
2018_19_20180929_EVE_FUL,2018_19,2018-09-29,EVE,FUL,1,0.5892857142857143,1.61,0.5979068762511234,0.008621161965409,0.5935962952684188,V0.10,5,-0.011379614903216739,0.5779060993824976
2018_19_20180929_HUD_TOT,2018_19,2018-09-29,HUD,TOT,0,0.5314136125654451,1.79,0.5629173977971771,0.031503785231732,0.5471655051813111,V0.10,4,0.010382715254791937,0.541796327820237
2018_19_20180929_MCI_BRI,2018_19,2018-09-29,MCI,BRI,0,0.7257383966244725,1.3,0.7481358141906075,0.022397417566135,0.73693710540754,V0.10,8,0.0018072608331444803,0.727545657457617
2018_19_20180929_NEW_LEI,2018_19,2018-09-29,NEW,LEI,0,0.4329896907216495,2.2,0.4192726915825133,-0.0137169991391361,0.4261311911520814,V0.10,2,-0.002335662407821727,0.43065402831382776
2018_19_20180929_WHU_MUN,2018_19,2018-09-29,WHU,MUN,1,0.5235602094240838,1.82,0.5600815139042614,0.0365213044801776,0.5418208616641726,V0.10,4,0.010382715254791937,0.5339429246788757
2018_19_20180929_WOL_SOU,2018_19,2018-09-29,WOL,SOU,0,0.4467532467532467,2.13,0.469285156226513,0.0225319094732663,0.4580192014898798,V0.10,2,-0.002335662407821727,0.44441758434542494
2018_19_20180930_CAR_BUR,2018_19,2018-09-30,CAR,BUR,1,0.3894472361809045,2.43,0.4169378293867914,0.0274905932058869,0.403192532783848,V0.10,1,-0.0079061648704731,0.3815410713104314
2018_19_20181001_BOU_CRY,2018_19,2018-10-01,BOU,CRY,1,0.5354330708661418,1.77,0.5626086343368962,0.0271755634707544,0.549020852601519,V0.10,4,0.010382715254791937,0.5458157861209337
2018_19_20181005_BRI_WHU,2018_19,2018-10-05,BRI,WHU,0,0.4647519582245431,2.05,0.4739013906408117,0.0091494324162685,0.4693266744326774,V0.10,3,0.015954793971126736,0.4807067521956699
2018_19_20181006_BUR_HUD,2018_19,2018-10-06,BUR,HUD,0,0.3719211822660098,2.55,0.3731626413415735,0.0012414590755637,0.3725419118037916,V0.10,1,-0.0079061648704731,0.3640150173955367
2018_19_20181006_CRY_WOL,2018_19,2018-10-06,CRY,WOL,0,0.4252577319587629,2.23,0.4299232669371417,0.0046655349783788,0.4275904994479523,V0.10,2,-0.002335662407821727,0.42292206955094114
2018_19_20181006_LEI_EVE,2018_19,2018-10-06,LEI,EVE,1,0.5039370078740157,1.89,0.4962880882037715,-0.0076489196702441,0.5001125480388937,V0.10,4,0.010382715254791937,0.5143197231288077
2018_19_20181006_MUN_NEW,2018_19,2018-10-06,MUN,NEW,1,0.5039370078740157,1.89,0.5204897170398597,0.0165527091658439,0.5122133624569377,V0.10,4,0.010382715254791937,0.5143197231288077
2018_19_20181006_TOT_CAR,2018_19,2018-10-06,TOT,CAR,0,0.6497584541062802,1.45,0.6856722088506831,0.0359137547444029,0.6677153314784816,V0.10,6,-0.009596090878438383,0.6401623632278418
2018_19_20181006_WAT_BOU,2018_19,2018-10-06,WAT,BOU,1,0.5378590078328982,1.77,0.5724793285578834,0.0346203207249852,0.5551691681953907,V0.10,4,0.010382715254791937,0.5482417230876901
2018_19_20181007_FUL_ARS,2018_19,2018-10-07,FUL,ARS,1,0.6635071090047394,1.42,0.6887456029854552,0.0252384939807157,0.6761263559950973,V0.10,7,0.003370937664261782,0.6668780466690012
2018_19_20181007_LIV_MCI,2018_19,2018-10-07,LIV,MCI,0,0.5856777493606138,1.62,0.5693715125737225,-0.0163062367868912,0.5775246309671682,V0.10,5,-0.011379614903216739,0.5742981344573971
2018_19_20181007_SOU_CHE,2018_19,2018-10-07,SOU,CHE,1,0.5314136125654451,1.79,0.5472835513624744,0.0158699387970293,0.5393485819639597,V0.10,4,0.010382715254791937,0.541796327820237
2018_19_20181020_BOU_SOU,2018_19,2018-10-20,BOU,SOU,0,0.5314136125654451,1.79,0.558581861459853,0.0271682488944079,0.5449977370126491,V0.10,4,0.010382715254791937,0.541796327820237
2018_19_20181020_CAR_FUL,2018_19,2018-10-20,CAR,FUL,1,0.5235602094240838,1.82,0.5605334943499409,0.0369732849258571,0.5420468518870123,V0.10,4,0.010382715254791937,0.5339429246788757
2018_19_20181020_CHE_MUN,2018_19,2018-10-20,CHE,MUN,1,0.5340314136125655,1.78,0.539672999974533,0.0056415863619675,0.5368522067935493,V0.10,4,0.010382715254791937,0.5444141288673574
2018_19_20181020_HUD_LIV,2018_19,2018-10-20,HUD,LIV,0,0.5235602094240838,1.82,0.563145079411475,0.0395848699873911,0.5433526444177794,V0.10,4,0.010382715254791937,0.5339429246788757
2018_19_20181020_MCI_BUR,2018_19,2018-10-20,MCI,BUR,1,0.7408906882591094,1.28,0.7636961581837522,0.0228054699246428,0.7522934232214309,V0.10,8,0.0018072608331444803,0.742697949092254
2018_19_20181020_NEW_BRI,2018_19,2018-10-20,NEW,BRI,0,0.3875,2.45,0.3787292149653294,-0.0087707850346706,0.3831146074826647,V0.10,1,-0.0079061648704731,0.37959383512952694
2018_19_20181020_WHU_TOT,2018_19,2018-10-20,WHU,TOT,0,0.5794871794871795,1.64,0.6082489884530295,0.02876180896585,0.5938680839701045,V0.10,5,-0.011379614903216739,0.5681075645839628
2018_19_20181020_WOL_WAT,2018_19,2018-10-20,WOL,WAT,0,0.4659685863874345,2.04,0.4850152868287362,0.0190467004413017,0.4754919366080853,V0.10,3,0.015954793971126736,0.48192338035856125
2018_19_20181021_EVE_CRY,2018_19,2018-10-21,EVE,CRY,0,0.4803149606299213,1.98,0.4842570848620146,0.0039421242320932,0.4822860227459679,V0.10,3,0.015954793971126736,0.49626975460104805
2018_19_20181022_ARS_LEI,2018_19,2018-10-22,ARS,LEI,1,0.6405867970660147,1.47,0.6466790578781816,0.0060922608121668,0.6436329274720982,V0.10,6,-0.009596090878438383,0.6309907061875764
2018_19_20181027_BRI_WOL,2018_19,2018-10-27,BRI,WOL,0,0.398989898989899,2.38,0.4170265159898585,0.0180366169999595,0.4080082074898787,V0.10,1,-0.0079061648704731,0.39108373411942593
2018_19_20181027_FUL_BOU,2018_19,2018-10-27,FUL,BOU,1,0.6184538653366584,1.53,0.6585726825462453,0.0401188172095869,0.6385132739414519,V0.10,6,-0.009596090878438383,0.60885777445822
2018_19_20181027_LEI_WHU,2018_19,2018-10-27,LEI,WHU,0,0.4829396325459317,1.97,0.464401812217081,-0.0185378203288506,0.4736707223815063,V0.10,3,0.015954793971126736,0.49889442651705845
2018_19_20181027_LIV_CAR,2018_19,2018-10-27,LIV,CAR,1,0.69438202247191,1.36,0.7314113040732477,0.0370292816013376,0.7128966632725788,V0.10,7,0.003370937664261782,0.6977529601361718
2018_19_20181027_SOU_NEW,2018_19,2018-10-27,SOU,NEW,0,0.4107142857142857,2.31,0.4069706979757652,-0.0037435877385204,0.4088424918450254,V0.10,2,-0.002335662407821727,0.40837862330646396
2018_19_20181027_WAT_HUD,2018_19,2018-10-27,WAT,HUD,1,0.4366925064599483,2.18,0.4517915619015851,0.0150990554416368,0.4442420341807667,V0.10,2,-0.002335662407821727,0.43435684405212655
2018_19_20181028_BUR_CHE,2018_19,2018-10-28,BUR,CHE,1,0.5301837270341206,1.79,0.5478031243112633,0.0176193972771426,0.538993425672692,V0.10,4,0.010382715254791937,0.5405664422889126
2018_19_20181028_CRY_ARS,2018_19,2018-10-28,CRY,ARS,1,0.5928753180661578,1.6,0.6258595776509391,0.0329842595847813,0.6093674478585485,V0.10,5,-0.011379614903216739,0.5814957031629411
2018_19_20181028_MUN_EVE,2018_19,2018-10-28,MUN,EVE,1,0.5261780104712042,1.81,0.5221939953254183,-0.0039840151457858,0.5241860028983112,V0.10,4,0.010382715254791937,0.5365607257259961
2018_19_20181029_TOT_MCI,2018_19,2018-10-29,TOT,MCI,0,0.598984771573604,1.58,0.581017114642664,-0.0179676569309399,0.590000943108134,V0.10,5,-0.011379614903216739,0.5876051566703873
2018_19_20181103_ARS_LIV,2018_19,2018-11-03,ARS,LIV,0,0.6222222222222222,1.53,0.6245842873835153,0.0023620651612931,0.6234032548028687,V0.10,6,-0.009596090878438383,0.6126261313437839
2018_19_20181103_BOU_MUN,2018_19,2018-11-03,BOU,MUN,1,0.5558441558441558,1.71,0.5828223787136777,0.0269782228695218,0.5693332672789168,V0.10,5,-0.011379614903216739,0.5444645409409391
2018_19_20181103_CAR_LEI,2018_19,2018-11-03,CAR,LEI,0,0.4531249999999999,2.1,0.4505774098605647,-0.0025475901394351,0.4518512049302823,V0.10,3,0.015954793971126736,0.46907979397112665
2018_19_20181103_EVE_BRI,2018_19,2018-11-03,EVE,BRI,1,0.486910994764398,1.96,0.5035444519197373,0.0166334571553393,0.4952277233420676,V0.10,3,0.015954793971126736,0.5028657887355247
2018_19_20181103_NEW_WAT,2018_19,2018-11-03,NEW,WAT,0,0.4267352185089973,2.23,0.439550859189877,0.0128156406808797,0.4331430388494371,V0.10,2,-0.002335662407821727,0.4243995561011756
2018_19_20181103_WHU_BUR,2018_19,2018-11-03,WHU,BUR,1,0.4738219895287958,2.01,0.5080231859487339,0.034201196419938,0.4909225877387648,V0.10,3,0.015954793971126736,0.48977678349992254
2018_19_20181103_WOL_TOT,2018_19,2018-11-03,WOL,TOT,1,0.4881889763779528,1.95,0.4955680372261929,0.0073790608482401,0.4918785068020728,V0.10,3,0.015954793971126736,0.5041437703490795
2018_19_20181104_CHE_CRY,2018_19,2018-11-04,CHE,CRY,1,0.6262376237623761,1.51,0.6517079423682416,0.0254703186058654,0.6389727830653089,V0.10,6,-0.009596090878438383,0.6166415328839377
2018_19_20181104_MCI_SOU,2018_19,2018-11-04,MCI,SOU,1,0.7263157894736842,1.3,0.7481998513632022,0.0218840618895179,0.7372578204184432,V0.10,8,0.0018072608331444803,0.7281230503068288
2018_19_20181105_HUD_FUL,2018_19,2018-11-05,HUD,FUL,0,0.4881889763779528,1.95,0.5151802679273618,0.026991291549409,0.5016846221526573,V0.10,3,0.015954793971126736,0.5041437703490795
2018_19_20181110_CAR_BRI,2018_19,2018-11-10,CAR,BRI,1,0.3875,2.45,0.3966217354993027,0.0091217354993026,0.3920608677496513,V0.10,1,-0.0079061648704731,0.37959383512952694
2018_19_20181110_CRY_TOT,2018_19,2018-11-10,CRY,TOT,0,0.5442708333333333,1.75,0.5652162735504284,0.0209454402170951,0.5547435534418808,V0.10,4,0.010382715254791937,0.5546535485881252
2018_19_20181110_HUD_WHU,2018_19,2018-11-10,HUD,WHU,0,0.4215938303341903,2.25,0.4382690038954198,0.0166751735612294,0.429931417114805,V0.10,2,-0.002335662407821727,0.41925816792636855
2018_19_20181110_LEI_BUR,2018_19,2018-11-10,LEI,BUR,0,0.5118110236220472,1.86,0.5314384085820797,0.0196273849600324,0.5216247161020635,V0.10,4,0.010382715254791937,0.5221937388768392
2018_19_20181110_NEW_BOU,2018_19,2018-11-10,NEW,BOU,1,0.4764397905759163,2.0,0.4939563721007899,0.0175165815248736,0.4851980813383531,V0.10,3,0.015954793971126736,0.49239458454704305
2018_19_20181110_SOU_WAT,2018_19,2018-11-10,SOU,WAT,0,0.4621409921671018,2.06,0.4743689004695653,0.0122279083024635,0.4682549463183335,V0.10,3,0.015954793971126736,0.47809578613822856
2018_19_20181111_ARS_WOL,2018_19,2018-11-11,ARS,WOL,0,0.5846153846153845,1.62,0.6109818873616484,0.0263665027462638,0.5977986359885165,V0.10,5,-0.011379614903216739,0.5732357697121678
2018_19_20181111_CHE_EVE,2018_19,2018-11-11,CHE,EVE,0,0.6105527638190955,1.55,0.6154479834862887,0.0048952196671931,0.6130003736526921,V0.10,6,-0.009596090878438383,0.6009566729406571
2018_19_20181111_LIV_FUL,2018_19,2018-11-11,LIV,FUL,0,0.7615384615384616,1.24,0.7816219797082234,0.0200835181697618,0.7715802206233425,V0.10,9,0.0023248184887162413,0.7638632800271778
2018_19_20181111_MCI_MUN,2018_19,2018-11-11,MCI,MUN,1,0.6407766990291263,1.48,0.6391129411798248,-0.0016637578493015,0.6399448201044755,V0.10,6,-0.009596090878438383,0.6311806081506879
2018_19_20181124_BRI_LEI,2018_19,2018-11-24,BRI,LEI,0,0.4168797953964194,2.28,0.4065437459364854,-0.0103360494599339,0.4117117706664524,V0.10,2,-0.002335662407821727,0.41454413298859766
2018_19_20181124_EVE_CAR,2018_19,2018-11-24,EVE,CAR,0,0.5287958115183247,1.8,0.546237785524057,0.0174419740057323,0.5375167985211908,V0.10,4,0.010382715254791937,0.5391785267731166
2018_19_20181124_FUL_SOU,2018_19,2018-11-24,FUL,SOU,1,0.5026315789473684,1.89,0.5351812658026815,0.0325496868553131,0.518906422375025,V0.10,4,0.010382715254791937,0.5130142942021604
2018_19_20181124_MUN_CRY,2018_19,2018-11-24,MUN,CRY,0,0.5404699738903395,1.76,0.5600538621270854,0.0195838882367459,0.5502619180087125,V0.10,4,0.010382715254791937,0.5508526891451314
2018_19_20181124_TOT_CHE,2018_19,2018-11-24,TOT,CHE,1,0.5456919060052219,1.74,0.5394296257235682,-0.0062622802816536,0.5425607658643951,V0.10,4,0.010382715254791937,0.5560746212600138
2018_19_20181124_WAT_LIV,2018_19,2018-11-24,WAT,LIV,1,0.5747422680412371,1.65,0.5992602048269217,0.0245179367856845,0.5870012364340793,V0.10,5,-0.011379614903216739,0.5633626531380204
2018_19_20181124_WHU_MCI,2018_19,2018-11-24,WHU,MCI,1,0.660332541567696,1.43,0.6843118374834136,0.0239792959157175,0.6723221895255549,V0.10,7,0.003370937664261782,0.6637034792319578
2018_19_20181125_BOU_ARS,2018_19,2018-11-25,BOU,ARS,1,0.6348039215686274,1.49,0.6652476438412717,0.0304437222726442,0.6500257827049496,V0.10,6,-0.009596090878438383,0.625207830690189
2018_19_20181125_WOL_HUD,2018_19,2018-11-25,WOL,HUD,0,0.4179487179487179,2.27,0.4330272917144951,0.0150785737657772,0.4254880048316065,V0.10,2,-0.002335662407821727,0.41561305554089617
2018_19_20181126_BUR_NEW,2018_19,2018-11-26,BUR,NEW,1,0.4107142857142857,2.31,0.3987151654185408,-0.0119991202957448,0.4047147255664133,V0.10,2,-0.002335662407821727,0.40837862330646396
2018_19_20181130_CAR_WOL,2018_19,2018-11-30,CAR,WOL,1,0.4005037783375315,2.38,0.4326952236295764,0.0321914452920449,0.4165995009835539,V0.10,2,-0.002335662407821727,0.39816811592970974
2018_19_20181201_CRY_BUR,2018_19,2018-12-01,CRY,BUR,0,0.4569190600522194,2.08,0.4866563801920402,0.0297373201398208,0.4717877201221298,V0.10,3,0.015954793971126736,0.47287385402334614
2018_19_20181201_HUD_BRI,2018_19,2018-12-01,HUD,BRI,1,0.3460620525059665,2.74,0.3572277961623537,0.0111657436563871,0.35164492433416,V0.10,0,-0.009614955042834111,0.3364470974631324
2018_19_20181201_LEI_WAT,2018_19,2018-12-01,LEI,WAT,0,0.4803149606299213,1.98,0.4887276074742591,0.0084126468443377,0.4845212840520901,V0.10,3,0.015954793971126736,0.49626975460104805
2018_19_20181201_MCI_BOU,2018_19,2018-12-01,MCI,BOU,1,0.7553816046966731,1.25,0.7569546290167072,0.001573024320034,0.7561681168566902,V0.10,9,0.0023248184887162413,0.7577064231853894
2018_19_20181201_NEW_WHU,2018_19,2018-12-01,NEW,WHU,1,0.4415584415584415,2.15,0.4527001823122628,0.0111417407538213,0.4471293119353521,V0.10,2,-0.002335662407821727,0.43922277915061975
2018_19_20181201_SOU_MUN,2018_19,2018-12-01,SOU,MUN,1,0.5039370078740157,1.89,0.5250233317857218,0.021086323911706,0.5144801698298688,V0.10,4,0.010382715254791937,0.5143197231288077
2018_19_20181202_ARS_TOT,2018_19,2018-12-02,ARS,TOT,1,0.6070528967254408,1.56,0.597623609086255,-0.0094292876391858,0.6023382529058479,V0.10,6,-0.009596090878438383,0.5974568058470024
2018_19_20181202_CHE_FUL,2018_19,2018-12-02,CHE,FUL,0,0.7019867549668874,1.35,0.7185715204734744,0.0165847655065869,0.7102791377201809,V0.10,8,0.0018072608331444803,0.703794015800032
2018_19_20181202_LIV_EVE,2018_19,2018-12-02,LIV,EVE,0,0.5856777493606138,1.62,0.5930493520837147,0.0073716027231008,0.5893635507221642,V0.10,5,-0.011379614903216739,0.5742981344573971
2018_19_20181204_BOU_HUD,2018_19,2018-12-04,BOU,HUD,1,0.4960629921259842,1.92,0.5271175221825336,0.0310545300565494,0.5115902571542589,V0.10,3,0.015954793971126736,0.5120177860971109
2018_19_20181204_BRI_CRY,2018_19,2018-12-04,BRI,CRY,1,0.3875,2.45,0.3852571126822498,-0.0022428873177501,0.3863785563411249,V0.10,1,-0.0079061648704731,0.37959383512952694
2018_19_20181204_WAT_MCI,2018_19,2018-12-04,WAT,MCI,1,0.6323529411764707,1.5,0.6673993445349701,0.0350464033584994,0.6498761428557204,V0.10,6,-0.009596090878438383,0.6227568502980323
2018_19_20181204_WHU_CAR,2018_19,2018-12-04,WHU,CAR,1,0.5326370757180157,1.79,0.5586336137873511,0.0259965380693354,0.5456353447526834,V0.10,4,0.010382715254791937,0.5430197909728076
2018_19_20181205_BUR_LIV,2018_19,2018-12-05,BUR,LIV,1,0.5846153846153845,1.62,0.6068004302685468,0.0221850456531622,0.5957079074419657,V0.10,5,-0.011379614903216739,0.5732357697121678
2018_19_20181205_EVE_NEW,2018_19,2018-12-05,EVE,NEW,0,0.4881889763779528,1.95,0.5033715449953797,0.0151825686174269,0.4957802606866662,V0.10,3,0.015954793971126736,0.5041437703490795
2018_19_20181205_FUL_LEI,2018_19,2018-12-05,FUL,LEI,0,0.5314136125654451,1.79,0.5638651378319968,0.0324515252665517,0.547639375198721,V0.10,4,0.010382715254791937,0.541796327820237
2018_19_20181205_MUN_ARS,2018_19,2018-12-05,MUN,ARS,1,0.586734693877551,1.62,0.5915273399685614,0.0047926460910104,0.5891310169230561,V0.10,5,-0.011379614903216739,0.5753550789743342
2018_19_20181205_TOT_SOU,2018_19,2018-12-05,TOT,SOU,1,0.5732647814910026,1.66,0.5856973226629522,0.0124325411719495,0.5794810520769773,V0.10,5,-0.011379614903216739,0.5618851665877859
2018_19_20181205_WOL_CHE,2018_19,2018-12-05,WOL,CHE,1,0.4986876640419947,1.91,0.5121880239599949,0.0135003599180001,0.5054378440009948,V0.10,3,0.015954793971126736,0.5146424580131215
2018_19_20181208_ARS_HUD,2018_19,2018-12-08,ARS,HUD,0,0.6115288220551378,1.55,0.6372794444520333,0.0257506223968955,0.6244041332535856,V0.10,6,-0.009596090878438383,0.6019327311766994
2018_19_20181208_BOU_LIV,2018_19,2018-12-08,BOU,LIV,1,0.5903307888040712,1.61,0.606525397725914,0.0161946089218427,0.5984280932649926,V0.10,5,-0.011379614903216739,0.5789511739008545
2018_19_20181208_BUR_BRI,2018_19,2018-12-08,BUR,BRI,0,0.3944723618090452,2.41,0.3967570825451616,0.0022847207361164,0.3956147221771034,V0.10,1,-0.0079061648704731,0.38656619693857214
2018_19_20181208_CAR_SOU,2018_19,2018-12-08,CAR,SOU,0,0.4430051813471503,2.15,0.4668993575394023,0.023894176192252,0.4549522694432762,V0.10,2,-0.002335662407821727,0.44066951893932854
2018_19_20181208_CHE_MCI,2018_19,2018-12-08,CHE,MCI,0,0.5621761658031088,1.69,0.543558985549221,-0.0186171802538878,0.552867575676165,V0.10,5,-0.011379614903216739,0.5507965508998921
2018_19_20181208_LEI_TOT,2018_19,2018-12-08,LEI,TOT,0,0.5274151436031332,1.81,0.5446395813363489,0.0172244377332156,0.5360273624697411,V0.10,4,0.010382715254791937,0.5377978588579252
2018_19_20181208_MUN_FUL,2018_19,2018-12-08,MUN,FUL,1,0.606516290726817,1.57,0.6257999648858543,0.0192836741590373,0.6161581278063357,V0.10,6,-0.009596090878438383,0.5969201998483786
2018_19_20181208_WHU_CRY,2018_19,2018-12-08,WHU,CRY,1,0.4855643044619423,1.96,0.5034999005513268,0.0179355960893844,0.4945321025066345,V0.10,3,0.015954793971126736,0.5015190984330691
2018_19_20181209_NEW_WOL,2018_19,2018-12-09,NEW,WOL,1,0.3999999999999999,2.37,0.4168350877261798,0.0168350877261798,0.4084175438630898,V0.10,1,-0.0079061648704731,0.39209383512952684
2018_19_20181210_EVE_WAT,2018_19,2018-12-10,EVE,WAT,1,0.5039370078740157,1.89,0.5237911959088095,0.0198541880347937,0.5138641018914126,V0.10,4,0.010382715254791937,0.5143197231288077
2018_19_20181215_CRY_LEI,2018_19,2018-12-15,CRY,LEI,0,0.4060913705583756,2.34,0.3958634462087495,-0.010227924349626,0.4009774083835625,V0.10,2,-0.002335662407821727,0.40375570815055384
2018_19_20181215_FUL_WHU,2018_19,2018-12-15,FUL,WHU,0,0.5820512820512821,1.63,0.6338819746427897,0.0518306925915076,0.607966628347036,V0.10,5,-0.011379614903216739,0.5706716671480654
2018_19_20181215_HUD_NEW,2018_19,2018-12-15,HUD,NEW,0,0.3685503685503685,2.57,0.3815831079244384,0.0130327393740699,0.3750667382374034,V0.10,1,-0.0079061648704731,0.3606442036798954
2018_19_20181215_MCI_EVE,2018_19,2018-12-15,MCI,EVE,1,0.6834862385321101,1.38,0.6801911092874161,-0.0032951292446939,0.681838673909763,V0.10,7,0.003370937664261782,0.6868571761963719
2018_19_20181215_TOT_BUR,2018_19,2018-12-15,TOT,BUR,0,0.6595238095238095,1.43,0.6814696978412318,0.0219458883174222,0.6704967536825206,V0.10,7,0.003370937664261782,0.6628947471880713
2018_19_20181215_WAT_CAR,2018_19,2018-12-15,WAT,CAR,1,0.4908136482939633,1.94,0.5135798755002186,0.0227662272062552,0.502196761897091,V0.10,3,0.015954793971126736,0.50676844226509
2018_19_20181215_WOL_BOU,2018_19,2018-12-15,WOL,BOU,0,0.5026315789473684,1.89,0.5260007377306761,0.0233691587833076,0.5143161583390223,V0.10,4,0.010382715254791937,0.5130142942021604
2018_19_20181216_BRI_CHE,2018_19,2018-12-16,BRI,CHE,1,0.518324607329843,1.84,0.5371554603368127,0.0188308530069697,0.5277400338333278,V0.10,4,0.010382715254791937,0.5287073225846349
2018_19_20181216_LIV_MUN,2018_19,2018-12-16,LIV,MUN,1,0.5647668393782384,1.68,0.5674751227063767,0.0027082833281383,0.5661209810423076,V0.10,5,-0.011379614903216739,0.5533872244750216
2018_19_20181216_SOU_ARS,2018_19,2018-12-16,SOU,ARS,1,0.5928753180661578,1.6,0.6181488355842715,0.0252735175181136,0.6055120768252147,V0.10,5,-0.011379614903216739,0.5814957031629411
2018_19_20181221_WOL_LIV,2018_19,2018-12-21,WOL,LIV,0,0.486910994764398,1.96,0.4916070024932322,0.0046960077288342,0.4892589986288151,V0.10,3,0.015954793971126736,0.5028657887355247
2018_19_20181222_ARS_BUR,2018_19,2018-12-22,ARS,BUR,1,0.6464891041162226,1.46,0.6628726267395258,0.0163835226233032,0.6546808654278742,V0.10,6,-0.009596090878438383,0.6368930132377842
2018_19_20181222_BOU_BRI,2018_19,2018-12-22,BOU,BRI,0,0.4895287958115184,1.95,0.5130152913645957,0.0234864955530772,0.5012720435880571,V0.10,3,0.015954793971126736,0.5054835897826452
2018_19_20181222_CAR_MUN,2018_19,2018-12-22,CAR,MUN,1,0.5300261096605744,1.8,0.5621081409257982,0.0320820312652238,0.5460671252931864,V0.10,4,0.010382715254791937,0.5404088249153663
2018_19_20181222_CHE_LEI,2018_19,2018-12-22,CHE,LEI,0,0.5695876288659795,1.67,0.5722106017887348,0.0026229729227553,0.5708991153273572,V0.10,5,-0.011379614903216739,0.5582080139627628
2018_19_20181222_HUD_SOU,2018_19,2018-12-22,HUD,SOU,1,0.3954659949622167,2.4,0.4126542113310619,0.0171882163688452,0.4040601031466393,V0.10,1,-0.0079061648704731,0.3875598300917436
2018_19_20181222_MCI_CRY,2018_19,2018-12-22,MCI,CRY,1,0.7019867549668874,1.35,0.7138446196419976,0.0118578646751101,0.7079156873044425,V0.10,8,0.0018072608331444803,0.703794015800032
2018_19_20181222_NEW_FUL,2018_19,2018-12-22,NEW,FUL,0,0.4947643979057591,1.93,0.5143802550101304,0.0196158571043713,0.5045723264579447,V0.10,3,0.015954793971126736,0.5107191918768859
2018_19_20181222_WHU_WAT,2018_19,2018-12-22,WHU,WAT,0,0.5456919060052219,1.74,0.5788823428708745,0.0331904368656525,0.5622871244380482,V0.10,4,0.010382715254791937,0.5560746212600138
2018_19_20181223_EVE_TOT,2018_19,2018-12-23,EVE,TOT,1,0.5366492146596858,1.77,0.5369585766026757,0.0003093619429898,0.5368038956311807,V0.10,4,0.010382715254791937,0.5470319299144778
2018_19_20181226_BRI_ARS,2018_19,2018-12-26,BRI,ARS,0,0.5430809399477807,1.75,0.5570164093158291,0.0139354693680483,0.550048674631805,V0.10,4,0.010382715254791937,0.5534636552025727
2018_19_20181226_BUR_EVE,2018_19,2018-12-26,BUR,EVE,1,0.4699738903394256,2.03,0.4933514600963156,0.0233775697568899,0.4816626752178706,V0.10,3,0.015954793971126736,0.48592868431055236
2018_19_20181226_CRY_CAR,2018_19,2018-12-26,CRY,CAR,0,0.5013123359580053,1.9,0.5278215307970924,0.026509194839087,0.5145669333775489,V0.10,4,0.010382715254791937,0.5116950512127972
2018_19_20181226_FUL_WOL,2018_19,2018-12-26,FUL,WOL,0,0.4647519582245431,2.05,0.5113297711965696,0.0465778129720265,0.4880408647105564,V0.10,3,0.015954793971126736,0.4807067521956699
2018_19_20181226_LEI_MCI,2018_19,2018-12-26,LEI,MCI,1,0.5928753180661578,1.6,0.6066887596784175,0.0138134416122597,0.5997820388722876,V0.10,5,-0.011379614903216739,0.5814957031629411
2018_19_20181226_LIV_NEW,2018_19,2018-12-26,LIV,NEW,1,0.6658823529411765,1.42,0.70164806434941,0.0357657114082334,0.6837652086452932,V0.10,7,0.003370937664261782,0.6692532906054383
2018_19_20181226_MUN_HUD,2018_19,2018-12-26,MUN,HUD,1,0.5769230769230769,1.65,0.6196188390740274,0.0426957621509505,0.5982709579985521,V0.10,5,-0.011379614903216739,0.5655434620198602
2018_19_20181226_TOT_BOU,2018_19,2018-12-26,TOT,BOU,1,0.6390243902439025,1.48,0.6504580897310579,0.0114336994871554,0.6447412399874801,V0.10,6,-0.009596090878438383,0.6294282993654641
2018_19_20181226_WAT_CHE,2018_19,2018-12-26,WAT,CHE,1,0.5468749999999999,1.74,0.566204637367426,0.0193296373674261,0.5565398186837129,V0.10,4,0.010382715254791937,0.5572577152547918
2018_19_20181227_SOU_WHU,2018_19,2018-12-27,SOU,WHU,1,0.5326370757180157,1.79,0.558916147022714,0.0262790713046983,0.5457766113703648,V0.10,4,0.010382715254791937,0.5430197909728076
2018_19_20181229_BRI_EVE,2018_19,2018-12-29,BRI,EVE,0,0.4738219895287958,2.01,0.4883398069166303,0.0145178173878345,0.481080898222713,V0.10,3,0.015954793971126736,0.48977678349992254
2018_19_20181229_FUL_HUD,2018_19,2018-12-29,FUL,HUD,0,0.4143222506393862,2.29,0.4479190253656829,0.0335967747262966,0.4311206380025345,V0.10,2,-0.002335662407821727,0.4119865882315645
2018_19_20181229_LEI_CAR,2018_19,2018-12-29,LEI,CAR,0,0.5013123359580053,1.9,0.5272629363896976,0.0259506004316922,0.5142876361738514,V0.10,4,0.010382715254791937,0.5116950512127972
2018_19_20181229_LIV_ARS,2018_19,2018-12-29,LIV,ARS,1,0.6280788177339901,1.51,0.6192265850644741,-0.0088522326695159,0.6236527013992321,V0.10,6,-0.009596090878438383,0.6184827268555517
2018_19_20181229_TOT_WOL,2018_19,2018-12-29,TOT,WOL,1,0.5670103092783505,1.68,0.5877488728138885,0.020738563535538,0.5773795910461195,V0.10,5,-0.011379614903216739,0.5556306943751338
2018_19_20181229_WAT_NEW,2018_19,2018-12-29,WAT,NEW,0,0.4790575916230366,1.99,0.5087130970233349,0.0296555054002982,0.4938853443231857,V0.10,3,0.015954793971126736,0.4950123855941634
2018_19_20181230_BUR_WHU,2018_19,2018-12-30,BUR,WHU,0,0.4986876640419947,1.91,0.520185885628508,0.0214982215865132,0.5094367748352513,V0.10,3,0.015954793971126736,0.5146424580131215
2018_19_20181230_CRY_CHE,2018_19,2018-12-30,CRY,CHE,0,0.5130890052356021,1.86,0.5307110208308027,0.0176220155952006,0.5219000130332023,V0.10,4,0.010382715254791937,0.523471720490394
2018_19_20181230_MUN_BOU,2018_19,2018-12-30,MUN,BOU,1,0.6178660049627792,1.54,0.6391421837644855,0.0212761788017062,0.6285040943636324,V0.10,6,-0.009596090878438383,0.6082699140843408
2018_19_20181230_SOU_MCI,2018_19,2018-12-30,SOU,MCI,1,0.6159600997506234,1.54,0.6297873591817265,0.013827259431103,0.6228737294661749,V0.10,6,-0.009596090878438383,0.606364008872185
2018_19_20190101_ARS_FUL,2018_19,2019-01-01,ARS,FUL,1,0.6538461538461539,1.44,0.6700850404426716,0.0162388865965177,0.6619655971444127,V0.10,7,0.003370937664261782,0.6572170915104156
2018_19_20190101_CAR_TOT,2018_19,2019-01-01,CAR,TOT,1,0.5695876288659795,1.67,0.6001853686367051,0.0305977397707256,0.5848864987513422,V0.10,5,-0.011379614903216739,0.5582080139627628
2018_19_20190101_EVE_LEI,2018_19,2019-01-01,EVE,LEI,0,0.4842931937172774,1.97,0.4741501917260993,-0.010143001991178,0.4792216927216883,V0.10,3,0.015954793971126736,0.5002479876884042
2018_19_20190102_BOU_WAT,2018_19,2019-01-02,BOU,WAT,1,0.5468749999999999,1.74,0.5773730486225063,0.0304980486225063,0.5621240243112531,V0.10,4,0.010382715254791937,0.5572577152547918
2018_19_20190102_CHE_SOU,2018_19,2019-01-02,CHE,SOU,0,0.6253101736972705,1.51,0.653839307698062,0.0285291340007914,0.6395747406976662,V0.10,6,-0.009596090878438383,0.6157140828188321
2018_19_20190102_HUD_BUR,2018_19,2019-01-02,HUD,BUR,1,0.3875,2.45,0.398173121437439,0.0106731214374389,0.3928365607187195,V0.10,1,-0.0079061648704731,0.37959383512952694
2018_19_20190102_NEW_MUN,2018_19,2019-01-02,NEW,MUN,0,0.5805626598465473,1.64,0.6299056945915197,0.0493430347449723,0.6052341772190335,V0.10,5,-0.011379614903216739,0.5691830449433306
2018_19_20190102_WHU_BRI,2018_19,2019-01-02,WHU,BRI,1,0.5013123359580053,1.9,0.5255987236844538,0.0242863877264485,0.5134555298212296,V0.10,4,0.010382715254791937,0.5116950512127972
2018_19_20190102_WOL_CRY,2018_19,2019-01-02,WOL,CRY,0,0.4252577319587629,2.23,0.4302141564683741,0.0049564245096112,0.4277359442135685,V0.10,2,-0.002335662407821727,0.42292206955094114
2018_19_20190103_MCI_LIV,2018_19,2019-01-03,MCI,LIV,1,0.6159600997506234,1.54,0.5858178919552816,-0.0301422077953418,0.6008889958529524,V0.10,6,-0.009596090878438383,0.606364008872185
2018_19_20190112_BRI_LIV,2018_19,2019-01-12,BRI,LIV,0,0.5532467532467532,1.72,0.574319489750772,0.0210727365040187,0.5637831214987625,V0.10,5,-0.011379614903216739,0.5418671383435365
2018_19_20190112_BUR_FUL,2018_19,2019-01-12,BUR,FUL,1,0.4583333333333333,2.08,0.4709554612776226,0.0126221279442892,0.4646443973054779,V0.10,3,0.015954793971126736,0.47428812730446007
2018_19_20190112_CAR_HUD,2018_19,2019-01-12,CAR,HUD,0,0.3811881188118812,2.5,0.3973728485245804,0.0161847297126992,0.3892804836682308,V0.10,1,-0.0079061648704731,0.3732819539414081
2018_19_20190112_CHE_NEW,2018_19,2019-01-12,CHE,NEW,1,0.5681233933161953,1.68,0.606938628928574,0.0388152356123786,0.5875310111223846,V0.10,5,-0.011379614903216739,0.5567437784129786
2018_19_20190112_CRY_WAT,2018_19,2019-01-12,CRY,WAT,1,0.4557291666666667,2.09,0.4794039903714029,0.0236748237047362,0.4675665785190348,V0.10,3,0.015954793971126736,0.47168396063779344
2018_19_20190112_LEI_SOU,2018_19,2019-01-12,LEI,SOU,1,0.4647519582245431,2.05,0.4827360884065176,0.0179841301819745,0.4737440233155304,V0.10,3,0.015954793971126736,0.4807067521956699
2018_19_20190112_WHU_ARS,2018_19,2019-01-12,WHU,ARS,0,0.6280788177339901,1.51,0.6511085403567904,0.0230297226228003,0.6395936790453902,V0.10,6,-0.009596090878438383,0.6184827268555517
2018_19_20190113_EVE_BOU,2018_19,2019-01-13,EVE,BOU,0,0.5670103092783505,1.68,0.5792331135010365,0.0122228042226859,0.5731217113896935,V0.10,5,-0.011379614903216739,0.5556306943751338
2018_19_20190113_TOT_MUN,2018_19,2019-01-13,TOT,MUN,0,0.5831202046035805,1.63,0.5786538849392814,-0.0044663196642991,0.5808870447714309,V0.10,5,-0.011379614903216739,0.5717405897003638
2018_19_20190114_MCI_WOL,2018_19,2019-01-14,MCI,WOL,1,0.6449275362318841,1.47,0.6603317923882164,0.0154042561563322,0.6526296643100502,V0.10,6,-0.009596090878438383,0.6353314453534458
2018_19_20190119_ARS_CHE,2018_19,2019-01-19,ARS,CHE,0,0.5695876288659795,1.67,0.5566611764497374,-0.012926452416242,0.5631244026578585,V0.10,5,-0.011379614903216739,0.5582080139627628
2018_19_20190119_BOU_WHU,2018_19,2019-01-19,BOU,WHU,0,0.5841836734693877,1.63,0.6152019879569057,0.031018314487518,0.5996928307131467,V0.10,5,-0.011379614903216739,0.572804058566171
2018_19_20190119_LIV_CRY,2018_19,2019-01-19,LIV,CRY,1,0.6348039215686274,1.49,0.6532362506331707,0.0184323290645432,0.6440200861008991,V0.10,6,-0.009596090878438383,0.625207830690189
2018_19_20190119_MUN_BRI,2018_19,2019-01-19,MUN,BRI,1,0.5670103092783505,1.68,0.6019350190887206,0.0349247098103701,0.5844726641835356,V0.10,5,-0.011379614903216739,0.5556306943751338
2018_19_20190119_NEW_CAR,2018_19,2019-01-19,NEW,CAR,1,0.413265306122449,2.3,0.4219565954523032,0.0086912893298542,0.4176109507873761,V0.10,2,-0.002335662407821727,0.41092964371462726
2018_19_20190119_SOU_EVE,2018_19,2019-01-19,SOU,EVE,1,0.5026178010471204,1.9,0.5207943130968364,0.018176512049716,0.5117060570719785,V0.10,4,0.010382715254791937,0.5130005163019123
2018_19_20190119_WAT_BUR,2018_19,2019-01-19,WAT,BUR,0,0.5209424083769634,1.83,0.5662871309106747,0.0453447225337113,0.543614769643819,V0.10,4,0.010382715254791937,0.5313251236317553
2018_19_20190119_WOL_LEI,2018_19,2019-01-19,WOL,LEI,1,0.4005037783375315,2.38,0.3905855597163886,-0.0099182186211428,0.39554466902696,V0.10,2,-0.002335662407821727,0.39816811592970974
2018_19_20190120_FUL_TOT,2018_19,2019-01-20,FUL,TOT,1,0.5091863517060368,1.87,0.5325703113533048,0.023383959647268,0.5208783315296708,V0.10,4,0.010382715254791937,0.5195690669608287
2018_19_20190120_HUD_MCI,2018_19,2019-01-20,HUD,MCI,1,0.6365853658536585,1.49,0.6755007511594115,0.038915385305753,0.6560430585065351,V0.10,6,-0.009596090878438383,0.6269892749752202
2018_19_20190129_ARS_CAR,2018_19,2019-01-29,ARS,CAR,1,0.6728538283062646,1.41,0.6999401194590253,0.0270862911527607,0.686396973882645,V0.10,7,0.003370937664261782,0.6762247659705264
2018_19_20190129_FUL_BRI,2018_19,2019-01-29,FUL,BRI,1,0.4267352185089973,2.23,0.4543110250227438,0.0275758065137464,0.4405231217658705,V0.10,2,-0.002335662407821727,0.4243995561011756
2018_19_20190129_HUD_EVE,2018_19,2019-01-29,HUD,EVE,0,0.4219948849104858,2.26,0.4323380830930898,0.010343198182604,0.4271664840017878,V0.10,2,-0.002335662407821727,0.4196592225026641
2018_19_20190129_MUN_BUR,2018_19,2019-01-29,MUN,BUR,1,0.6125,1.55,0.6509487840820771,0.038448784082077,0.6317243920410386,V0.10,6,-0.009596090878438383,0.6029039091215617
2018_19_20190129_NEW_MCI,2018_19,2019-01-29,NEW,MCI,1,0.6481927710843374,1.46,0.6692247555240206,0.0210319844396832,0.658708763304179,V0.10,6,-0.009596090878438383,0.638596680205899
2018_19_20190129_WOL_WHU,2018_19,2019-01-29,WOL,WHU,1,0.486910994764398,1.96,0.4944300149591682,0.0075190201947702,0.4906705048617831,V0.10,3,0.015954793971126736,0.5028657887355247
2018_19_20190130_BOU_CHE,2018_19,2019-01-30,BOU,CHE,1,0.5670103092783505,1.68,0.5862770490963849,0.0192667398180343,0.5766436791873677,V0.10,5,-0.011379614903216739,0.5556306943751338
2018_19_20190130_LIV_LEI,2018_19,2019-01-30,LIV,LEI,0,0.6280788177339901,1.51,0.6323454704915343,0.0042666527575442,0.6302121441127622,V0.10,6,-0.009596090878438383,0.6184827268555517
2018_19_20190130_SOU_CRY,2018_19,2019-01-30,SOU,CRY,0,0.4830287206266319,1.98,0.5051216767980931,0.0220929561714611,0.4940751987123625,V0.10,3,0.015954793971126736,0.49898351459775864
2018_19_20190130_TOT_WAT,2018_19,2019-01-30,TOT,WAT,1,0.5532467532467532,1.72,0.5515514744350987,-0.0016952788116545,0.5523991138409259,V0.10,5,-0.011379614903216739,0.5418671383435365
2018_19_20190202_BRI_WAT,2018_19,2019-02-02,BRI,WAT,0,0.4392764857881137,2.17,0.4461152202929644,0.0068387345048507,0.442695853040539,V0.10,2,-0.002335662407821727,0.43694082338029194
2018_19_20190202_BUR_SOU,2018_19,2019-02-02,BUR,SOU,0,0.4621409921671018,2.06,0.4889109914984677,0.0267699993313659,0.4755259918327847,V0.10,3,0.015954793971126736,0.47809578613822856
2018_19_20190202_CAR_BOU,2018_19,2019-02-02,CAR,BOU,0,0.4960629921259842,1.92,0.5292090440741534,0.0331460519481691,0.5126360181000688,V0.10,3,0.015954793971126736,0.5120177860971109
2018_19_20190202_CHE_HUD,2018_19,2019-02-02,CHE,HUD,1,0.5820512820512821,1.63,0.6251098987263128,0.0430586166750307,0.6035805903887974,V0.10,5,-0.011379614903216739,0.5706716671480654
2018_19_20190202_CRY_FUL,2018_19,2019-02-02,CRY,FUL,0,0.4816753926701571,1.98,0.49802139148147,0.0163459988113129,0.4898483920758135,V0.10,3,0.015954793971126736,0.49763018664128383
2018_19_20190202_EVE_WOL,2018_19,2019-02-02,EVE,WOL,1,0.4621409921671018,2.06,0.4694565776317613,0.0073155854646595,0.4657987848994316,V0.10,3,0.015954793971126736,0.47809578613822856
2018_19_20190202_TOT_NEW,2018_19,2019-02-02,TOT,NEW,0,0.518324607329843,1.84,0.5100468437954911,-0.0082777635343518,0.5141857255626671,V0.10,4,0.010382715254791937,0.5287073225846349
2018_19_20190203_LEI_MUN,2018_19,2019-02-03,LEI,MUN,0,0.5274151436031332,1.81,0.5441936728019057,0.0167785291987724,0.5358044082025195,V0.10,4,0.010382715254791937,0.5377978588579252
2018_19_20190203_MCI_ARS,2018_19,2019-02-03,MCI,ARS,1,0.7026431718061673,1.35,0.7017426790026021,-0.0009004928035651,0.7021929254043847,V0.10,8,0.0018072608331444803,0.7044504326393118
2018_19_20190204_WHU_LIV,2018_19,2019-02-04,WHU,LIV,0,0.5974683544303797,1.59,0.6162463661194411,0.0187780116890613,0.6068573602749103,V0.10,5,-0.011379614903216739,0.586088739527163
2018_19_20190206_EVE_MCI,2018_19,2019-02-06,EVE,MCI,0,0.6365853658536585,1.49,0.6428725390157655,0.0062871731621069,0.6397289524347121,V0.10,6,-0.009596090878438383,0.6269892749752202
2018_19_20190209_BRI_BUR,2018_19,2019-02-09,BRI,BUR,1,0.4158163265306122,2.29,0.4263767318730811,0.0105604053424689,0.4210965292018467,V0.10,2,-0.002335662407821727,0.41348066412279044
2018_19_20190209_CRY_WHU,2018_19,2019-02-09,CRY,WHU,0,0.4751958224543081,2.01,0.4875127419456335,0.0123169194913254,0.4813542821999708,V0.10,3,0.015954793971126736,0.49115061642543484
2018_19_20190209_FUL_MUN,2018_19,2019-02-09,FUL,MUN,1,0.5939086294416244,1.6,0.6351960110259683,0.0412873815843439,0.6145523202337964,V0.10,5,-0.011379614903216739,0.5825290145384077
2018_19_20190209_HUD_ARS,2018_19,2019-02-09,HUD,ARS,1,0.5326370757180157,1.79,0.5621183692873505,0.0294812935693348,0.547377722502683,V0.10,4,0.010382715254791937,0.5430197909728076
2018_19_20190209_LIV_BOU,2018_19,2019-02-09,LIV,BOU,1,0.6705607476635514,1.41,0.6685565776945924,-0.002004169968959,0.6695586626790719,V0.10,7,0.003370937664261782,0.6739316853278132
2018_19_20190209_SOU_CAR,2018_19,2019-02-09,SOU,CAR,1,0.4621409921671018,2.06,0.4855249334682988,0.023383941301197,0.4738329628177003,V0.10,3,0.015954793971126736,0.47809578613822856
2018_19_20190209_WAT_EVE,2018_19,2019-02-09,WAT,EVE,0,0.4960629921259842,1.92,0.5045244413567547,0.0084614492307704,0.5002937167413695,V0.10,3,0.015954793971126736,0.5120177860971109
2018_19_20190210_MCI_CHE,2018_19,2019-02-10,MCI,CHE,1,0.5856777493606138,1.62,0.5708061126914358,-0.014871636669178,0.5782419310260247,V0.10,5,-0.011379614903216739,0.5742981344573971
2018_19_20190210_TOT_LEI,2018_19,2019-02-10,TOT,LEI,1,0.5274151436031332,1.81,0.5199161050892727,-0.0074990385138605,0.523665624346203,V0.10,4,0.010382715254791937,0.5377978588579252
2018_19_20190211_WOL_NEW,2018_19,2019-02-11,WOL,NEW,0,0.4278350515463917,2.22,0.4179209823311339,-0.0099140692152577,0.4228780169387628,V0.10,2,-0.002335662407821727,0.42549938913856994
2018_19_20190222_CAR_WAT,2018_19,2019-02-22,CAR,WAT,1,0.4659685863874345,2.04,0.4961788684706588,0.0302102820832243,0.4810737274290466,V0.10,3,0.015954793971126736,0.48192338035856125
2018_19_20190222_WHU_FUL,2018_19,2019-02-22,WHU,FUL,1,0.5618556701030928,1.7,0.6126864505909692,0.0508307804878763,0.587271060347031,V0.10,5,-0.011379614903216739,0.5504760551998761
2018_19_20190223_BOU_WOL,2018_19,2019-02-23,BOU,WOL,0,0.4635416666666666,2.06,0.4835862306465302,0.0200445639798636,0.4735639486565984,V0.10,3,0.015954793971126736,0.47949646063779333
2018_19_20190223_BUR_TOT,2018_19,2019-02-23,BUR,TOT,1,0.548051948051948,1.74,0.5726019830101663,0.0245500349582182,0.5603269655310572,V0.10,4,0.010382715254791937,0.55843466330674
2018_19_20190223_LEI_CRY,2018_19,2019-02-23,LEI,CRY,1,0.4341085271317829,2.19,0.4303661481475418,-0.003742378984241,0.4322373376396624,V0.10,2,-0.002335662407821727,0.43177286472396115
2018_19_20190223_NEW_HUD,2018_19,2019-02-23,NEW,HUD,0,0.3855721393034826,2.47,0.4028716433819974,0.0172995040785147,0.39422189134274,V0.10,1,-0.0079061648704731,0.37766597443300953
2018_19_20190224_ARS_SOU,2018_19,2019-02-24,ARS,SOU,0,0.5918367346938775,1.6,0.6089841566024489,0.0171474219085713,0.6004104456481631,V0.10,5,-0.011379614903216739,0.5804571197906608
2018_19_20190224_MUN_LIV,2018_19,2019-02-24,MUN,LIV,0,0.5314136125654451,1.79,0.5102994967175744,-0.0211141158478707,0.5208565546415097,V0.10,4,0.010382715254791937,0.541796327820237
2018_19_20190226_CAR_EVE,2018_19,2019-02-26,CAR,EVE,1,0.4557291666666667,2.09,0.4654971808140425,0.0097680141473758,0.4606131737403546,V0.10,3,0.015954793971126736,0.47168396063779344
2018_19_20190226_HUD_WOL,2018_19,2019-02-26,HUD,WOL,0,0.39,2.44,0.4013106183070367,0.0113106183070366,0.3956553091535183,V0.10,1,-0.0079061648704731,0.38209383512952694
2018_19_20190226_LEI_BRI,2018_19,2019-02-26,LEI,BRI,1,0.4318766066838046,2.21,0.427680101581625,-0.0041965051021795,0.4297783541327148,V0.10,2,-0.002335662407821727,0.4295409442759829
2018_19_20190226_NEW_BUR,2018_19,2019-02-26,NEW,BUR,0,0.4075949367088607,2.34,0.4233116395818187,0.015716702872958,0.4154532881453397,V0.10,2,-0.002335662407821727,0.405259274301039
2018_19_20190227_ARS_BOU,2018_19,2019-02-27,ARS,BOU,1,0.625615763546798,1.52,0.6398591584177404,0.0142433948709423,0.6327374609822692,V0.10,6,-0.009596090878438383,0.6160196726683597
2018_19_20190227_CHE_TOT,2018_19,2019-02-27,CHE,TOT,0,0.518324607329843,1.84,0.4900561118672509,-0.028268495462592,0.504190359598547,V0.10,4,0.010382715254791937,0.5287073225846349
2018_19_20190227_CRY_MUN,2018_19,2019-02-27,CRY,MUN,1,0.5078534031413613,1.88,0.530250282310999,0.0223968791696377,0.5190518427261801,V0.10,4,0.010382715254791937,0.5182361183961532
2018_19_20190227_LIV_WAT,2018_19,2019-02-27,LIV,WAT,1,0.6169154228855721,1.54,0.6335203098686539,0.0166048869830818,0.6252178663771131,V0.10,6,-0.009596090878438383,0.6073193320071337
2018_19_20190227_MCI_WHU,2018_19,2019-02-27,MCI,WHU,0,0.7148936170212765,1.34,0.7348875170022903,0.0199938999810137,0.7248905670117833,V0.10,8,0.0018072608331444803,0.716700877854421
2018_19_20190227_SOU_FUL,2018_19,2019-02-27,SOU,FUL,0,0.5026178010471204,1.9,0.5319062472564798,0.0292884462093594,0.5172620241518001,V0.10,4,0.010382715254791937,0.5130005163019123
2018_19_20190302_BOU_MCI,2018_19,2019-03-02,BOU,MCI,0,0.6811926605504588,1.39,0.7006685873218735,0.0194759267714147,0.6909306239361661,V0.10,7,0.003370937664261782,0.6845635982147206
2018_19_20190302_BRI_HUD,2018_19,2019-03-02,BRI,HUD,0,0.3846153846153846,2.48,0.3943360842279289,0.0097206996125442,0.3894757344216567,V0.10,1,-0.0079061648704731,0.3767092197449115
2018_19_20190302_BUR_CRY,2018_19,2019-03-02,BUR,CRY,1,0.4583333333333333,2.08,0.4758239716327944,0.017490638299461,0.4670786524830638,V0.10,3,0.015954793971126736,0.47428812730446007
2018_19_20190302_MUN_SOU,2018_19,2019-03-02,MUN,SOU,1,0.5644329896907216,1.69,0.5940020189152901,0.0295690292245685,0.5792175043030059,V0.10,5,-0.011379614903216739,0.5530533747875049
2018_19_20190302_TOT_ARS,2018_19,2019-03-02,TOT,ARS,0,0.5877862595419847,1.62,0.5751124262161125,-0.0126738333258722,0.5814493428790486,V0.10,5,-0.011379614903216739,0.576406644638768
2018_19_20190302_WHU_NEW,2018_19,2019-03-02,WHU,NEW,0,0.486910994764398,1.96,0.5159095661589913,0.0289985713945933,0.5014102804616947,V0.10,3,0.015954793971126736,0.5028657887355247
2018_19_20190302_WOL_CAR,2018_19,2019-03-02,WOL,CAR,0,0.4830287206266319,1.98,0.5194002834461505,0.0363715628195186,0.5012145020363912,V0.10,3,0.015954793971126736,0.49898351459775864
2018_19_20190303_EVE_LIV,2018_19,2019-03-03,EVE,LIV,0,0.5052356020942408,1.89,0.4916468870645915,-0.0135887150296493,0.4984412445794161,V0.10,4,0.010382715254791937,0.5156183173490327
2018_19_20190303_FUL_CHE,2018_19,2019-03-03,FUL,CHE,1,0.5681233933161953,1.68,0.6099482893951323,0.041824896078937,0.5890358413556638,V0.10,5,-0.011379614903216739,0.5567437784129786
2018_19_20190303_WAT_LEI,2018_19,2019-03-03,WAT,LEI,1,0.4895287958115184,1.95,0.5016221913825262,0.0120933955710077,0.4955754935970223,V0.10,3,0.015954793971126736,0.5054835897826452
2018_19_20190309_CAR_WHU,2018_19,2019-03-09,CAR,WHU,0,0.4934725848563968,1.94,0.5315469231134794,0.0380743382570826,0.5125097539849381,V0.10,3,0.015954793971126736,0.5094273788275235
2018_19_20190309_CRY_BRI,2018_19,2019-03-09,CRY,BRI,1,0.4392764857881137,2.17,0.4550129317856376,0.0157364459975239,0.4471447087868756,V0.10,2,-0.002335662407821727,0.43694082338029194
2018_19_20190309_HUD_BOU,2018_19,2019-03-09,HUD,BOU,0,0.4293059125964009,2.22,0.4459264063671468,0.0166204937707459,0.4376161594817739,V0.10,2,-0.002335662407821727,0.42697025018857915
2018_19_20190309_LEI_FUL,2018_19,2019-03-09,LEI,FUL,1,0.5644329896907216,1.69,0.5929255147529516,0.0284925250622299,0.5786792522218367,V0.10,5,-0.011379614903216739,0.5530533747875049
2018_19_20190309_MCI_WAT,2018_19,2019-03-09,MCI,WAT,1,0.7155172413793104,1.32,0.7351274492683018,0.0196102078889913,0.725322345323806,V0.10,8,0.0018072608331444803,0.7173245022124549
2018_19_20190309_NEW_EVE,2018_19,2019-03-09,NEW,EVE,1,0.4040404040404041,2.36,0.4010384813667187,-0.0030019226736853,0.4025394427035614,V0.10,2,-0.002335662407821727,0.40170474163258235
2018_19_20190309_SOU_TOT,2018_19,2019-03-09,SOU,TOT,1,0.5300261096605744,1.8,0.5414117349396891,0.0113856252791146,0.5357189223001317,V0.10,4,0.010382715254791937,0.5404088249153663
2018_19_20190310_ARS_MUN,2018_19,2019-03-10,ARS,MUN,0,0.5732647814910026,1.66,0.5783038201808434,0.0050390386898407,0.5757843008359229,V0.10,5,-0.011379614903216739,0.5618851665877859
2018_19_20190310_CHE_WOL,2018_19,2019-03-10,CHE,WOL,0,0.5026178010471204,1.9,0.4966811256878561,-0.0059366753592642,0.4996494633674883,V0.10,4,0.010382715254791937,0.5130005163019123
2018_19_20190310_LIV_BUR,2018_19,2019-03-10,LIV,BUR,1,0.6563245823389022,1.44,0.6945353583499865,0.0382107760110842,0.6754299703444444,V0.10,7,0.003370937664261782,0.659695520003164
2018_19_20190316_BOU_NEW,2018_19,2019-03-16,BOU,NEW,1,0.4751958224543081,2.01,0.4929447230100887,0.0177489005557806,0.4840702727321984,V0.10,3,0.015954793971126736,0.49115061642543484
2018_19_20190316_BUR_LEI,2018_19,2019-03-16,BUR,LEI,1,0.4751958224543081,2.01,0.478936716748222,0.0037408942939139,0.4770662696012651,V0.10,3,0.015954793971126736,0.49115061642543484
2018_19_20190316_WHU_HUD,2018_19,2019-03-16,WHU,HUD,1,0.4830287206266319,1.98,0.5318302794078946,0.0488015587812627,0.5074295000172633,V0.10,3,0.015954793971126736,0.49898351459775864
2018_19_20190317_EVE_CHE,2018_19,2019-03-17,EVE,CHE,0,0.4960629921259842,1.92,0.4968884189672352,0.0008254268412509,0.4964757055466097,V0.10,3,0.015954793971126736,0.5120177860971109
2018_19_20190317_FUL_LIV,2018_19,2019-03-17,FUL,LIV,1,0.6390243902439025,1.48,0.6694564683330378,0.0304320780891353,0.6542404292884701,V0.10,6,-0.009596090878438383,0.6294282993654641
2018_19_20190330_BRI_SOU,2018_19,2019-03-30,BRI,SOU,0,0.39,2.44,0.3947330688626174,0.0047330688626173,0.3923665344313087,V0.10,1,-0.0079061648704731,0.38209383512952694
2018_19_20190330_BUR_WOL,2018_19,2019-03-30,BUR,WOL,0,0.4147582697201017,2.3,0.4054310571206422,-0.0093272125994594,0.410094663420372,V0.10,2,-0.002335662407821727,0.41242260731228
2018_19_20190330_CRY_HUD,2018_19,2019-03-30,CRY,HUD,0,0.4444444444444444,2.15,0.4655724279405456,0.0211279834961011,0.455008436192495,V0.10,2,-0.002335662407821727,0.4421087820366227
2018_19_20190330_FUL_MCI,2018_19,2019-03-30,FUL,MCI,0,0.7334710743801653,1.29,0.7606686067201126,0.0271975323399472,0.747069840550139,V0.10,8,0.0018072608331444803,0.7352783352133099
2018_19_20190330_LEI_BOU,2018_19,2019-03-30,LEI,BOU,0,0.5681233933161953,1.68,0.5972964224114631,0.0291730290952677,0.5827099078638291,V0.10,5,-0.011379614903216739,0.5567437784129786
2018_19_20190330_MUN_WAT,2018_19,2019-03-30,MUN,WAT,1,0.5790816326530612,1.65,0.6161753064438166,0.0370936737907553,0.5976284695484388,V0.10,5,-0.011379614903216739,0.5677020177498445
2018_19_20190330_WHU_EVE,2018_19,2019-03-30,WHU,EVE,0,0.5326370757180157,1.79,0.5614822607304574,0.0288451850124417,0.5470596682242366,V0.10,4,0.010382715254791937,0.5430197909728076
2018_19_20190331_CAR_CHE,2018_19,2019-03-31,CAR,CHE,1,0.5378590078328982,1.77,0.5685017279687381,0.0306427201358399,0.5531803679008181,V0.10,4,0.010382715254791937,0.5482417230876901
2018_19_20190331_LIV_TOT,2018_19,2019-03-31,LIV,TOT,1,0.5681233933161953,1.68,0.560287686705462,-0.0078357066107332,0.5642055400108287,V0.10,5,-0.011379614903216739,0.5567437784129786
2018_19_20190401_ARS_NEW,2018_19,2019-04-01,ARS,NEW,0,0.5974683544303797,1.59,0.6257040688165318,0.0282357143861521,0.6115862116234558,V0.10,5,-0.011379614903216739,0.586088739527163
2018_19_20190402_WAT_FUL,2018_19,2019-04-02,WAT,FUL,1,0.5607235142118864,1.7,0.5931205194807766,0.0323970052688902,0.5769220168463315,V0.10,5,-0.011379614903216739,0.5493438993086697
2018_19_20190402_WOL_MUN,2018_19,2019-04-02,WOL,MUN,1,0.4699738903394256,2.03,0.4771495447695347,0.0071756544301091,0.4735617175544802,V0.10,3,0.015954793971126736,0.48592868431055236
2018_19_20190403_CHE_BRI,2018_19,2019-04-03,CHE,BRI,1,0.5595854922279793,1.7,0.590743753341052,0.0311582611130727,0.5751646227845156,V0.10,5,-0.011379614903216739,0.5482058773247626
2018_19_20190403_MCI_CAR,2018_19,2019-04-03,MCI,CAR,0,0.7728119180633148,1.22,0.7940444830022882,0.0212325649389734,0.7834282005328015,V0.10,9,0.0023248184887162413,0.7751367365520311
2018_19_20190403_TOT_CRY,2018_19,2019-04-03,TOT,CRY,0,0.5758354755784061,1.65,0.5898004219790961,0.01396494640069,0.582817948778751,V0.10,5,-0.011379614903216739,0.5644558606751894
2018_19_20190405_SOU_LIV,2018_19,2019-04-05,SOU,LIV,1,0.5569948186528497,1.71,0.5740240735983642,0.0170292549455144,0.5655094461256069,V0.10,5,-0.011379614903216739,0.545615203749633
2018_19_20190406_BOU_BUR,2018_19,2019-04-06,BOU,BUR,1,0.5195822454308094,1.84,0.5578933607365902,0.0383111153057807,0.5387378030836998,V0.10,4,0.010382715254791937,0.5299649606856014
2018_19_20190406_HUD_LEI,2018_19,2019-04-06,HUD,LEI,1,0.4778067885117493,2.0,0.5141888156232132,0.0363820271114638,0.4959978020674812,V0.10,3,0.015954793971126736,0.49376158248287605
2018_19_20190406_NEW_CRY,2018_19,2019-04-06,NEW,CRY,0,0.4219948849104858,2.26,0.4177579254334839,-0.0042369594770019,0.4198764051719849,V0.10,2,-0.002335662407821727,0.4196592225026641
2018_19_20190407_EVE_ARS,2018_19,2019-04-07,EVE,ARS,0,0.5658914728682171,1.68,0.5820425986865072,0.0161511258182901,0.5739670357773621,V0.10,5,-0.011379614903216739,0.5545118579650004
2018_19_20190408_CHE_WHU,2018_19,2019-04-08,CHE,WHU,0,0.6228287841191067,1.52,0.6487201626967899,0.0258913785776832,0.6357744734079482,V0.10,6,-0.009596090878438383,0.6132326932406683
2018_19_20190412_LEI_NEW,2018_19,2019-04-12,LEI,NEW,0,0.4973821989528796,1.92,0.5265948959564359,0.0292126970035563,0.5119885474546577,V0.10,3,0.015954793971126736,0.5133369929240064
2018_19_20190413_BRI_BOU,2018_19,2019-04-13,BRI,BOU,1,0.4597402597402597,2.08,0.4753512951512728,0.0156110354110131,0.4675457774457663,V0.10,3,0.015954793971126736,0.4756950537113865
2018_19_20190413_BUR_CAR,2018_19,2019-04-13,BUR,CAR,0,0.4621409921671018,2.06,0.4716225628522326,0.0094815706851308,0.4668817775096672,V0.10,3,0.015954793971126736,0.47809578613822856
2018_19_20190413_FUL_EVE,2018_19,2019-04-13,FUL,EVE,0,0.5544041450777203,1.72,0.6008236731731337,0.0464195280954133,0.577613909125427,V0.10,5,-0.011379614903216739,0.5430245301745036
2018_19_20190413_MUN_WHU,2018_19,2019-04-13,MUN,WHU,1,0.6265356265356266,1.52,0.6558248273180323,0.0292892007824057,0.6411802269268294,V0.10,6,-0.009596090878438383,0.6169395356571882
2018_19_20190413_SOU_WOL,2018_19,2019-04-13,SOU,WOL,1,0.4111675126903554,2.32,0.4101201468078633,-0.001047365882492,0.4106438297491094,V0.10,2,-0.002335662407821727,0.40883185028253366
2018_19_20190413_TOT_HUD,2018_19,2019-04-13,TOT,HUD,1,0.6440677966101696,1.47,0.6873406198574729,0.0432728232473033,0.6657042082338211,V0.10,6,-0.009596090878438383,0.6344717057317312
2018_19_20190414_CRY_MCI,2018_19,2019-04-14,CRY,MCI,1,0.5939086294416244,1.6,0.6104128162260618,0.0165041867844374,0.602160722833843,V0.10,5,-0.011379614903216739,0.5825290145384077
2018_19_20190414_LIV_CHE,2018_19,2019-04-14,LIV,CHE,0,0.5378590078328982,1.77,0.5100707737288716,-0.0277882341040266,0.5239648907808849,V0.10,4,0.010382715254791937,0.5482417230876901
2018_19_20190415_WAT_ARS,2018_19,2019-04-15,WAT,ARS,0,0.6045340050377834,1.57,0.6190259376575735,0.01449193261979,0.6117799713476785,V0.10,6,-0.009596090878438383,0.594937914159345
2018_19_20190416_BRI_CAR,2018_19,2019-04-16,BRI,CAR,0,0.4096692111959288,2.32,0.4151409203983596,0.0054717092024308,0.4124050657971442,V0.10,2,-0.002335662407821727,0.40733354878810707
2018_19_20190420_BOU_FUL,2018_19,2019-04-20,BOU,FUL,0,0.615,1.54,0.6639578625431337,0.0489578625431337,0.6394789312715669,V0.10,6,-0.009596090878438383,0.6054039091215616
2018_19_20190420_HUD_WAT,2018_19,2019-04-20,HUD,WAT,1,0.5209424083769634,1.83,0.5692417420005398,0.0482993336235764,0.5450920751887516,V0.10,4,0.010382715254791937,0.5313251236317553
2018_19_20190420_MCI_TOT,2018_19,2019-04-20,MCI,TOT,0,0.6619385342789598,1.43,0.65465422894515,-0.0072843053338097,0.6582963816120548,V0.10,7,0.003370937664261782,0.6653094719432215
2018_19_20190420_NEW_SOU,2018_19,2019-04-20,NEW,SOU,1,0.4060913705583756,2.34,0.4061929467002332,0.0001015761418576,0.4061421586293043,V0.10,2,-0.002335662407821727,0.40375570815055384
2018_19_20190420_WHU_LEI,2018_19,2019-04-20,WHU,LEI,1,0.5558441558441558,1.71,0.5741633569451308,0.0183192011009749,0.5650037563946433,V0.10,5,-0.011379614903216739,0.5444645409409391
2018_19_20190420_WOL_BRI,2018_19,2019-04-20,WOL,BRI,0,0.4005037783375315,2.38,0.3936810387802736,-0.0068227395572578,0.3970924085589026,V0.10,2,-0.002335662407821727,0.39816811592970974
2018_19_20190421_ARS_CRY,2018_19,2019-04-21,ARS,CRY,1,0.601010101010101,1.58,0.6270828202967389,0.0260727192866379,0.61404646065342,V0.10,6,-0.009596090878438383,0.5914140101316626
2018_19_20190421_CAR_LIV,2018_19,2019-04-21,CAR,LIV,0,0.6184538653366584,1.53,0.6689201592445053,0.0504662939078469,0.6436870122905818,V0.10,6,-0.009596090878438383,0.60885777445822
2018_19_20190421_EVE_MUN,2018_19,2019-04-21,EVE,MUN,1,0.5118110236220472,1.86,0.5300175019014778,0.0182064782794305,0.5209142627617624,V0.10,4,0.010382715254791937,0.5221937388768392
2018_19_20190422_CHE_BUR,2018_19,2019-04-22,CHE,BUR,1,0.5856777493606138,1.62,0.6141647357925498,0.028486986431936,0.5999212425765819,V0.10,5,-0.011379614903216739,0.5742981344573971
2018_19_20190423_TOT_BRI,2018_19,2019-04-23,TOT,BRI,0,0.5569948186528497,1.71,0.58468929824855,0.0276944795957002,0.5708420584506999,V0.10,5,-0.011379614903216739,0.545615203749633
2018_19_20190423_WAT_SOU,2018_19,2019-04-23,WAT,SOU,0,0.5248041775456919,1.82,0.5604319352449387,0.0356277576992468,0.5426180563953154,V0.10,4,0.010382715254791937,0.5351868928004838
2018_19_20190424_MUN_MCI,2018_19,2019-04-24,MUN,MCI,0,0.625615763546798,1.52,0.6252733471354702,-0.0003424164113278,0.6254445553411341,V0.10,6,-0.009596090878438383,0.6160196726683597
2018_19_20190424_WOL_ARS,2018_19,2019-04-24,WOL,ARS,1,0.5078534031413613,1.88,0.5060834849574753,-0.0017699181838859,0.5069684440494183,V0.10,4,0.010382715254791937,0.5182361183961532
2018_19_20190426_LIV_HUD,2018_19,2019-04-26,LIV,HUD,1,0.7736549165120593,1.22,0.8096811500356114,0.036026233523552,0.7916680332738353,V0.10,9,0.0023248184887162413,0.7759797350007756
2018_19_20190427_BRI_NEW,2018_19,2019-04-27,BRI,NEW,0,0.3979848866498741,2.39,0.4034633027723298,0.0054784161224557,0.4007240947111019,V0.10,1,-0.0079061648704731,0.390078721779401
2018_19_20190427_CRY_EVE,2018_19,2019-04-27,CRY,EVE,0,0.4921465968586388,1.94,0.5083465379422373,0.0161999410835984,0.500246567400438,V0.10,3,0.015954793971126736,0.5081013908297656
2018_19_20190427_FUL_CAR,2018_19,2019-04-27,FUL,CAR,0,0.5494791666666667,1.73,0.6140143932366086,0.0645352265699418,0.5817467799516376,V0.10,4,0.010382715254791937,0.5598618819214587
2018_19_20190427_SOU_BOU,2018_19,2019-04-27,SOU,BOU,1,0.5430809399477807,1.75,0.5669887301661914,0.0239077902184107,0.555034835056986,V0.10,4,0.010382715254791937,0.5534636552025727
2018_19_20190427_TOT_WHU,2018_19,2019-04-27,TOT,WHU,0,0.6203473945409429,1.53,0.6499816271039277,0.0296342325629848,0.6351645108224353,V0.10,6,-0.009596090878438383,0.6107513036625045
2018_19_20190427_WAT_WOL,2018_19,2019-04-27,WAT,WOL,1,0.4341085271317829,2.19,0.4397273752231024,0.0056188480913195,0.4369179511774426,V0.10,2,-0.002335662407821727,0.43177286472396115
2018_19_20190428_BUR_MCI,2018_19,2019-04-28,BUR,MCI,0,0.6713286713286714,1.41,0.7022326979232655,0.0309040265945941,0.6867806846259684,V0.10,7,0.003370937664261782,0.6746996089929331
2018_19_20190428_LEI_ARS,2018_19,2019-04-28,LEI,ARS,1,0.5913705583756345,1.61,0.609257531461767,0.0178869730861325,0.6003140449187008,V0.10,5,-0.011379614903216739,0.5799909434724178
2018_19_20190428_MUN_CHE,2018_19,2019-04-28,MUN,CHE,0,0.5157068062827225,1.85,0.5017709651232883,-0.0139358411594341,0.5087388857030054,V0.10,4,0.010382715254791937,0.5260895215375144
2018_19_20190503_EVE_BUR,2018_19,2019-05-03,EVE,BUR,0,0.5195822454308094,1.84,0.5522308329249593,0.0326485874941498,0.5359065391778843,V0.10,4,0.010382715254791937,0.5299649606856014
2018_19_20190504_BOU_TOT,2018_19,2019-05-04,BOU,TOT,0,0.586734693877551,1.62,0.6043979824130716,0.0176632885355206,0.5955663381453113,V0.10,5,-0.011379614903216739,0.5753550789743342
2018_19_20190504_CAR_CRY,2018_19,2019-05-04,CAR,CRY,1,0.4934383202099738,1.93,0.5418376849474114,0.0483993647374375,0.5176380025786926,V0.10,3,0.015954793971126736,0.5093931141811006
2018_19_20190504_NEW_LIV,2018_19,2019-05-04,NEW,LIV,1,0.5558441558441558,1.71,0.5729139409774728,0.017069785133317,0.5643790484108143,V0.10,5,-0.011379614903216739,0.5444645409409391
2018_19_20190504_WHU_SOU,2018_19,2019-05-04,WHU,SOU,1,0.5903307888040712,1.61,0.6396224778337642,0.049291689029693,0.6149766333189177,V0.10,5,-0.011379614903216739,0.5789511739008545
2018_19_20190504_WOL_FUL,2018_19,2019-05-04,WOL,FUL,0,0.5300261096605744,1.8,0.5594084182844445,0.0293823086238701,0.5447172639725095,V0.10,4,0.010382715254791937,0.5404088249153663
2018_19_20190505_ARS_BRI,2018_19,2019-05-05,ARS,BRI,0,0.5684754521963824,1.67,0.5817503761624948,0.0132749239661124,0.5751129141794387,V0.10,5,-0.011379614903216739,0.5570958372931657
2018_19_20190505_CHE_WAT,2018_19,2019-05-05,CHE,WAT,1,0.5939086294416244,1.6,0.6163969619006702,0.0224883324590458,0.6051527956711473,V0.10,5,-0.011379614903216739,0.5825290145384077
2018_19_20190505_HUD_MUN,2018_19,2019-05-05,HUD,MUN,0,0.570694087403599,1.67,0.6195289083707661,0.0488348209671671,0.5951114978871825,V0.10,5,-0.011379614903216739,0.5593144725003822
2018_19_20190506_MCI_LEI,2018_19,2019-05-06,MCI,LEI,0,0.7230443974630022,1.31,0.7346556215720481,0.0116112241090459,0.7288500095175252,V0.10,8,0.0018072608331444803,0.7248516582961467
2018_19_20190512_BRI_MCI,2018_19,2019-05-12,BRI,MCI,1,0.6697892271662763,1.41,0.7142047812582472,0.0444155540919708,0.6919970042122617,V0.10,7,0.003370937664261782,0.6731601648305381
2018_19_20190512_BUR_ARS,2018_19,2019-05-12,BUR,ARS,1,0.6035353535353536,1.57,0.6364759077179328,0.0329405541825792,0.6200056306266433,V0.10,6,-0.009596090878438383,0.5939392626569152
2018_19_20190512_CRY_BOU,2018_19,2019-05-12,CRY,BOU,1,0.6140350877192983,1.54,0.656281400368583,0.0422463126492846,0.6351582440439406,V0.10,6,-0.009596090878438383,0.6044389968408599
2018_19_20190512_FUL_NEW,2018_19,2019-05-12,FUL,NEW,1,0.5430809399477807,1.75,0.6066746098612619,0.0635936699134811,0.5748777749045213,V0.10,4,0.010382715254791937,0.5534636552025727
2018_19_20190512_LEI_CHE,2018_19,2019-05-12,LEI,CHE,0,0.5595854922279793,1.7,0.5728663136307149,0.0132808214027356,0.566225902929347,V0.10,5,-0.011379614903216739,0.5482058773247626
2018_19_20190512_LIV_WOL,2018_19,2019-05-12,LIV,WOL,0,0.5892857142857143,1.61,0.5966539701764526,0.0073682558907383,0.5929698422310834,V0.10,5,-0.011379614903216739,0.5779060993824976
2018_19_20190512_MUN_CAR,2018_19,2019-05-12,MUN,CAR,0,0.6797235023041476,1.39,0.7257135809718741,0.0459900786677265,0.7027185416380108,V0.10,7,0.003370937664261782,0.6830944399684094
2018_19_20190512_SOU_HUD,2018_19,2019-05-12,SOU,HUD,0,0.5856777493606138,1.62,0.637433793987071,0.0517560446264572,0.6115557716738425,V0.10,5,-0.011379614903216739,0.5742981344573971
2018_19_20190512_TOT_EVE,2018_19,2019-05-12,TOT,EVE,1,0.5404699738903395,1.76,0.5539949012368941,0.0135249273465546,0.5472324375636168,V0.10,4,0.010382715254791937,0.5508526891451314
2018_19_20190512_WAT_WHU,2018_19,2019-05-12,WAT,WHU,1,0.6115288220551378,1.55,0.6577223148336575,0.0461934927785196,0.6346255684443977,V0.10,6,-0.009596090878438383,0.6019327311766994
2019_20_20190809_LIV_NOR,2019_20,2019-08-09,LIV,NOR,1,0.674364896073903,1.41,0.6767036288983178,0.0023387328244147,0.6755342624861105,V0.10,7,-0.0017059520158611398,0.6726589440580419
2019_20_20190810_BOU_SHU,2019_20,2019-08-10,BOU,SHU,0,0.5039164490861618,1.9,0.5180039118215982,0.0140874627354363,0.51096018045388,V0.10,4,0.013631994471367311,0.5175484435575292
2019_20_20190810_BUR_SOU,2019_20,2019-08-10,BUR,SOU,1,0.4493506493506493,2.12,0.4573941026560307,0.0080434533053814,0.45337237600334,V0.10,2,0.00015894712498399808,0.44950959647563327
2019_20_20190810_CRY_EVE,2019_20,2019-08-10,CRY,EVE,0,0.4381443298969071,2.18,0.4321546561968786,-0.0059896737000284,0.4351494930468929,V0.10,2,0.00015894712498399808,0.4383032770218911
2019_20_20190810_TOT_AVL,2019_20,2019-08-10,TOT,AVL,1,0.578005115089514,1.65,0.5972662165682574,0.0192611014787433,0.5876356658288857,V0.10,5,-0.006724071768493018,0.571281043321021
2019_20_20190810_WAT_BRI,2019_20,2019-08-10,WAT,BRI,1,0.441860465116279,2.16,0.4589360591594854,0.0170755940432063,0.4503982621378822,V0.10,2,0.00015894712498399808,0.442019412241263
2019_20_20190810_WHU_MCI,2019_20,2019-08-10,WHU,MCI,1,0.6416464891041161,1.48,0.6389289295918343,-0.0027175595122818,0.6402877093479753,V0.10,6,-0.0061220869341147115,0.6355244021700014
2019_20_20190811_LEI_WOL,2019_20,2019-08-11,LEI,WOL,0,0.4392764857881137,2.17,0.4334557522671389,-0.0058207335209747,0.4363661190276263,V0.10,2,0.00015894712498399808,0.43943543291309767
2019_20_20190811_MUN_CHE,2019_20,2019-08-11,MUN,CHE,1,0.4765625,2.01,0.4670892994045831,-0.0094732005954168,0.4718258997022915,V0.10,3,0.011520242707619003,0.488082742707619
2019_20_20190811_NEW_ARS,2019_20,2019-08-11,NEW,ARS,0,0.5390625,1.77,0.5397661600125042,0.0007036600125042,0.5394143300062522,V0.10,4,0.013631994471367311,0.5526944944713673
2019_20_20190817_ARS_BUR,2019_20,2019-08-17,ARS,BUR,1,0.5939086294416244,1.6,0.5985696847731027,0.0046610553314783,0.5962391571073635,V0.10,5,-0.006724071768493018,0.5871845576731314
2019_20_20190817_AVL_BOU,2019_20,2019-08-17,AVL,BOU,1,0.5286458333333333,1.81,0.575987891445218,0.0473420581118847,0.5523168623892756,V0.10,4,0.013631994471367311,0.5422778278047006
2019_20_20190817_BRI_WHU,2019_20,2019-08-17,BRI,WHU,0,0.4895287958115184,1.95,0.5214015200352803,0.0318727242237618,0.5054651579233993,V0.10,3,0.011520242707619003,0.5010490385191374
2019_20_20190817_EVE_WAT,2019_20,2019-08-17,EVE,WAT,0,0.5338541666666666,1.79,0.5438540110492182,0.0099998443825515,0.5388540888579424,V0.10,4,0.013631994471367311,0.5474861611380339
2019_20_20190817_MCI_TOT,2019_20,2019-08-17,MCI,TOT,1,0.6265356265356266,1.52,0.5845785569582179,-0.0419570695774086,0.6055570917469222,V0.10,6,-0.0061220869341147115,0.6204135396015118
2019_20_20190817_NOR_NEW,2019_20,2019-08-17,NOR,NEW,1,0.4908616187989557,1.95,0.528808099522906,0.0379464807239502,0.5098348591609309,V0.10,3,0.011520242707619003,0.5023818615065747
2019_20_20190817_SOU_LIV,2019_20,2019-08-17,SOU,LIV,1,0.5816326530612244,1.64,0.5859773513262574,0.004344698265033,0.5838050021937409,V0.10,5,-0.006724071768493018,0.5749085812927314
2019_20_20190818_CHE_LEI,2019_20,2019-08-18,CHE,LEI,0,0.486910994764398,1.96,0.4676271498410815,-0.0192838449233164,0.4772690723027397,V0.10,3,0.011520242707619003,0.49843123747201695
2019_20_20190818_SHU_CRY,2019_20,2019-08-18,SHU,CRY,0,0.4030226700251889,2.37,0.4191157270889983,0.0160930570638094,0.4110691985570935,V0.10,2,0.00015894712498399808,0.40318161715017287
2019_20_20190819_WOL_MUN,2019_20,2019-08-19,WOL,MUN,0,0.4507772020725388,2.12,0.4537796132188268,0.003002411146288,0.4522784076456828,V0.10,3,0.011520242707619003,0.4622974447801578
2019_20_20190823_AVL_EVE,2019_20,2019-08-23,AVL,EVE,0,0.5338541666666666,1.79,0.592926124291256,0.0590719576245893,0.5633901454789614,V0.10,4,0.013631994471367311,0.5474861611380339
2019_20_20190824_BRI_SOU,2019_20,2019-08-24,BRI,SOU,0,0.4545454545454546,2.1,0.4851228064305004,0.0305773518850457,0.4698341304879775,V0.10,3,0.011520242707619003,0.46606569725307356
2019_20_20190824_LIV_ARS,2019_20,2019-08-24,LIV,ARS,1,0.6595744680851063,1.44,0.6179236560497876,-0.0416508120353187,0.638749062067447,V0.10,7,-0.0017059520158611398,0.6578685160692452
2019_20_20190824_MUN_CRY,2019_20,2019-08-24,MUN,CRY,1,0.5428571428571429,1.76,0.567521273532088,0.0246641306749451,0.5551892081946155,V0.10,4,0.013631994471367311,0.5564891373285102
2019_20_20190824_NOR_CHE,2019_20,2019-08-24,NOR,CHE,1,0.61,1.56,0.6272289019018344,0.0172289019018344,0.6186144509509173,V0.10,6,-0.0061220869341147115,0.6038779130658852
2019_20_20190824_SHU_LEI,2019_20,2019-08-24,SHU,LEI,1,0.4147582697201017,2.3,0.4199172305526645,0.0051589608325627,0.4173377501363831,V0.10,2,0.00015894712498399808,0.4149172168450857
2019_20_20190824_WAT_WHU,2019_20,2019-08-24,WAT,WHU,1,0.5518134715025906,1.73,0.5739894806439519,0.0221760091413613,0.5629014760732713,V0.10,5,-0.006724071768493018,0.5450893997340976
2019_20_20190825_BOU_MCI,2019_20,2019-08-25,BOU,MCI,1,0.6921348314606741,1.37,0.6877220959760306,-0.0044127354846434,0.6899284637183524,V0.10,7,-0.0017059520158611398,0.690428879444813
2019_20_20190825_TOT_NEW,2019_20,2019-08-25,TOT,NEW,0,0.6144278606965174,1.55,0.6291085078825668,0.0146806471860493,0.6217681842895422,V0.10,6,-0.0061220869341147115,0.6083057737624027
2019_20_20190825_WOL_BUR,2019_20,2019-08-25,WOL,BUR,0,0.4158163265306122,2.29,0.4251018754817967,0.0092855489511844,0.4204591010062044,V0.10,2,0.00015894712498399808,0.41597527365559617
2019_20_20190831_BUR_LIV,2019_20,2019-08-31,BUR,LIV,1,0.5913705583756345,1.61,0.5974355299589544,0.0060649715833199,0.5944030441672945,V0.10,5,-0.006724071768493018,0.5846464866071415
2019_20_20190831_CHE_SHU,2019_20,2019-08-31,CHE,SHU,1,0.5518134715025906,1.73,0.5805445701259999,0.0287310986234092,0.5661790208142953,V0.10,5,-0.006724071768493018,0.5450893997340976
2019_20_20190831_CRY_AVL,2019_20,2019-08-31,CRY,AVL,0,0.4856396866840731,1.97,0.5109017730453942,0.0252620863613211,0.4982707298647336,V0.10,3,0.011520242707619003,0.49715992939169207
2019_20_20190831_LEI_BOU,2019_20,2019-08-31,LEI,BOU,1,0.578005115089514,1.65,0.5903326715311741,0.01232755644166,0.584168893310344,V0.10,5,-0.006724071768493018,0.571281043321021
2019_20_20190831_MCI_BRI,2019_20,2019-08-31,MCI,BRI,1,0.7308488612836438,1.3,0.7305615341842407,-0.000287327099403,0.7307051977339423,V0.10,8,-0.006562415313620402,0.7242864459700233
2019_20_20190831_NEW_WAT,2019_20,2019-08-31,NEW,WAT,0,0.4597402597402597,2.08,0.4693287299069619,0.0095884701667021,0.4645344948236108,V0.10,3,0.011520242707619003,0.4712605024478787
2019_20_20190831_SOU_MUN,2019_20,2019-08-31,SOU,MUN,0,0.5052083333333333,1.9,0.5241622303701352,0.0189538970368019,0.5146852818517342,V0.10,4,0.013631994471367311,0.5188403278047006
2019_20_20190831_WHU_NOR,2019_20,2019-08-31,WHU,NOR,0,0.6407766990291263,1.48,0.6717577838421819,0.0309810848130556,0.6562672414356541,V0.10,6,-0.0061220869341147115,0.6346546120950115
2019_20_20190901_ARS_TOT,2019_20,2019-09-01,ARS,TOT,1,0.6045340050377834,1.57,0.59154668758867,-0.0129873174491134,0.5980403463132267,V0.10,6,-0.0061220869341147115,0.5984119181036687
2019_20_20190901_EVE_WOL,2019_20,2019-09-01,EVE,WOL,1,0.4245524296675191,2.25,0.4233102654412854,-0.0012421642262336,0.4239313475544022,V0.10,2,0.00015894712498399808,0.4247113767925031
2019_20_20190914_BRI_BUR,2019_20,2019-09-14,BRI,BUR,0,0.4571428571428572,2.09,0.4942188803668773,0.0370760232240201,0.4756808687548672,V0.10,3,0.011520242707619003,0.46866309985047616
2019_20_20190914_LIV_NEW,2019_20,2019-09-14,LIV,NEW,1,0.6705336426914155,1.42,0.66697685383081,-0.0035567888606055,0.6687552482611128,V0.10,7,-0.0017059520158611398,0.6688276906755544
2019_20_20190914_MUN_LEI,2019_20,2019-09-14,MUN,LEI,0,0.5169712793733681,1.85,0.5266112380310484,0.0096399586576803,0.5217912587022082,V0.10,4,0.013631994471367311,0.5306032738447354
2019_20_20190914_NOR_MCI,2019_20,2019-09-14,NOR,MCI,1,0.771375464684015,1.23,0.7748816706063238,0.0035062059223088,0.7731285676451694,V0.10,9,-0.001600694330124494,0.7697747703538905
2019_20_20190914_SHU_SOU,2019_20,2019-09-14,SHU,SOU,0,0.4381443298969071,2.18,0.4467481639940388,0.0086038340971317,0.4424462469454729,V0.10,2,0.00015894712498399808,0.4383032770218911
2019_20_20190914_TOT_CRY,2019_20,2019-09-14,TOT,CRY,1,0.5816326530612244,1.64,0.5887986762697306,0.0071660232085062,0.5852156646654775,V0.10,5,-0.006724071768493018,0.5749085812927314
2019_20_20190914_WOL_CHE,2019_20,2019-09-14,WOL,CHE,1,0.4856396866840731,1.97,0.4849169294573612,-0.0007227572267118,0.4852783080707171,V0.10,3,0.011520242707619003,0.49715992939169207
2019_20_20190915_BOU_EVE,2019_20,2019-09-15,BOU,EVE,1,0.5454545454545455,1.75,0.5564321996634837,0.0109776542089381,0.5509433725590146,V0.10,4,0.013631994471367311,0.5590865399259128
2019_20_20190915_WAT_ARS,2019_20,2019-09-15,WAT,ARS,1,0.6055276381909548,1.57,0.6173255053737616,0.0117978671828068,0.6114265717823582,V0.10,6,-0.0061220869341147115,0.59940555125684
2019_20_20190916_AVL_WHU,2019_20,2019-09-16,AVL,WHU,0,0.5877862595419847,1.62,0.6431545098054918,0.0553682502635071,0.6154703846737383,V0.10,5,-0.006724071768493018,0.5810621877734917
2019_20_20190920_SOU_BOU,2019_20,2019-09-20,SOU,BOU,1,0.5666666666666667,1.69,0.5964938992325083,0.0298272325658416,0.5815802829495875,V0.10,5,-0.006724071768493018,0.5599425948981737
2019_20_20190921_BUR_NOR,2019_20,2019-09-21,BUR,NOR,0,0.570694087403599,1.67,0.6108586279766904,0.0401645405730914,0.5907763576901447,V0.10,5,-0.006724071768493018,0.563970015635106
2019_20_20190921_EVE_SHU,2019_20,2019-09-21,EVE,SHU,0,0.4713541666666666,2.03,0.490312592033618,0.0189584253669514,0.4808333793501422,V0.10,3,0.011520242707619003,0.48287440937428555
2019_20_20190921_LEI_TOT,2019_20,2019-09-21,LEI,TOT,1,0.5326370757180157,1.79,0.5344992311877304,0.0018621554697146,0.533568153452873,V0.10,4,0.013631994471367311,0.546269070189383
2019_20_20190921_MCI_WAT,2019_20,2019-09-21,MCI,WAT,1,0.7577519379844961,1.25,0.7310731208611281,-0.026678817123368,0.7444125294228121,V0.10,9,-0.001600694330124494,0.7561512436543717
2019_20_20190921_NEW_BRI,2019_20,2019-09-21,NEW,BRI,0,0.4065656565656566,2.35,0.4203886720786647,0.0138230155130081,0.4134771643221606,V0.10,2,0.00015894712498399808,0.40672460369064056
2019_20_20190922_ARS_AVL,2019_20,2019-09-22,ARS,AVL,1,0.6563981042654028,1.45,0.6815526084101997,0.0251545041447969,0.6689753563378013,V0.10,7,-0.0017059520158611398,0.6546921522495417
2019_20_20190922_CHE_LIV,2019_20,2019-09-22,CHE,LIV,1,0.5984848484848484,1.59,0.5719172147751892,-0.0265676337096592,0.5852010316300188,V0.10,5,-0.006724071768493018,0.5917607767163554
2019_20_20190922_CRY_WOL,2019_20,2019-09-22,CRY,WOL,0,0.4015151515151514,2.37,0.4020759407516679,0.0005607892365165,0.4017955461334096,V0.10,2,0.00015894712498399808,0.40167409864013537
2019_20_20190922_WHU_MUN,2019_20,2019-09-22,WHU,MUN,0,0.5655526992287918,1.69,0.582797489891473,0.0172447906626811,0.5741750945601324,V0.10,5,-0.006724071768493018,0.5588286274602988
2019_20_20190928_AVL_BUR,2019_20,2019-09-28,AVL,BUR,1,0.5013054830287206,1.91,0.5632323195819228,0.0619268365532021,0.5322689013053217,V0.10,4,0.013631994471367311,0.5149374775000879
2019_20_20190928_BOU_WHU,2019_20,2019-09-28,BOU,WHU,1,0.6055276381909548,1.57,0.6221552387026035,0.0166276005116486,0.6138414384467792,V0.10,6,-0.0061220869341147115,0.59940555125684
2019_20_20190928_CHE_BRI,2019_20,2019-09-28,CHE,BRI,0,0.5790816326530612,1.65,0.5989630518850914,0.0198814192320301,0.5890223422690763,V0.10,5,-0.006724071768493018,0.5723575608845682
2019_20_20190928_CRY_NOR,2019_20,2019-09-28,CRY,NOR,0,0.5544041450777203,1.72,0.5811225609135948,0.0267184158358745,0.5677633529956576,V0.10,5,-0.006724071768493018,0.5476800733092273
2019_20_20190928_EVE_MCI,2019_20,2019-09-28,EVE,MCI,1,0.6466346153846154,1.47,0.6381105508754578,-0.0085240645091576,0.6423725831300366,V0.10,6,-0.0061220869341147115,0.6405125284505007
2019_20_20190928_SHU_LIV,2019_20,2019-09-28,SHU,LIV,0,0.5888324873096447,1.62,0.6106056153382052,0.0217731280285605,0.599719051323925,V0.10,5,-0.006724071768493018,0.5821084155411517
2019_20_20190928_TOT_SOU,2019_20,2019-09-28,TOT,SOU,1,0.5934343434343434,1.61,0.6028419395010454,0.0094075960667019,0.5981381414676944,V0.10,5,-0.006724071768493018,0.5867102716658504
2019_20_20190928_WOL_WAT,2019_20,2019-09-28,WOL,WAT,0,0.4804177545691906,1.99,0.4824637775433676,0.0020460229741769,0.4814407660562791,V0.10,3,0.011520242707619003,0.4919379972768096
2019_20_20190929_LEI_NEW,2019_20,2019-09-29,LEI,NEW,1,0.4597402597402597,2.08,0.4664760180811271,0.0067357583408674,0.4631081389106934,V0.10,3,0.011520242707619003,0.4712605024478787
2019_20_20190930_MUN_ARS,2019_20,2019-09-30,MUN,ARS,0,0.5831202046035805,1.63,0.5747643735051563,-0.0083558310984241,0.5789422890543684,V0.10,5,-0.006724071768493018,0.5763961328350875
2019_20_20191005_BRI_TOT,2019_20,2019-10-05,BRI,TOT,1,0.5428571428571429,1.76,0.5661776946570737,0.0233205517999307,0.5545174187571082,V0.10,4,0.013631994471367311,0.5564891373285102
2019_20_20191005_BUR_EVE,2019_20,2019-10-05,BUR,EVE,0,0.4507772020725388,2.12,0.4655674359479699,0.0147902338754311,0.4581723190102543,V0.10,3,0.011520242707619003,0.4622974447801578
2019_20_20191005_LIV_LEI,2019_20,2019-10-05,LIV,LEI,1,0.5924050632911392,1.61,0.5723436466359144,-0.0200614166552247,0.5823743549635267,V0.10,5,-0.006724071768493018,0.5856809915226462
2019_20_20191005_NOR_AVL,2019_20,2019-10-05,NOR,AVL,1,0.6074999999999999,1.57,0.6578198109484171,0.0503198109484172,0.6326599054742086,V0.10,6,-0.0061220869341147115,0.6013779130658852
2019_20_20191005_WAT_SHU,2019_20,2019-10-05,WAT,SHU,0,0.4791666666666667,2.0,0.5368294700893255,0.0576628034226587,0.5079980683779961,V0.10,3,0.011520242707619003,0.49068690937428566
2019_20_20191005_WHU_CRY,2019_20,2019-10-05,WHU,CRY,1,0.5221932114882506,1.83,0.541291684538788,0.0190984730505373,0.5317424480135193,V0.10,4,0.013631994471367311,0.5358252059596179
2019_20_20191006_ARS_BOU,2019_20,2019-10-06,ARS,BOU,0,0.7032967032967032,1.35,0.6958048027419131,-0.00749190055479,0.6995507530193081,V0.10,8,-0.006562415313620402,0.6967342879830828
2019_20_20191006_MCI_WOL,2019_20,2019-10-06,MCI,WOL,0,0.6905829596412556,1.38,0.6716087123065855,-0.0189742473346701,0.6810958359739205,V0.10,7,-0.0017059520158611398,0.6888770076253945
2019_20_20191006_NEW_MUN,2019_20,2019-10-06,NEW,MUN,0,0.441860465116279,2.16,0.4452029361470113,0.0033424710307323,0.4435317006316451,V0.10,2,0.00015894712498399808,0.442019412241263
2019_20_20191006_SOU_CHE,2019_20,2019-10-06,SOU,CHE,1,0.5618556701030928,1.7,0.5893620800339492,0.0275064099308564,0.575608875068521,V0.10,5,-0.006724071768493018,0.5551315983345998
2019_20_20191019_AVL_BRI,2019_20,2019-10-19,AVL,BRI,1,0.5248041775456919,1.82,0.5848172490510685,0.0600130715053766,0.5548107132983802,V0.10,4,0.013631994471367311,0.5384361720170592
2019_20_20191019_BOU_NOR,2019_20,2019-10-19,BOU,NOR,0,0.6758620689655173,1.41,0.6951043054557463,0.019242236490229,0.6854831872106317,V0.10,7,-0.0017059520158611398,0.6741561169496562
2019_20_20191019_CHE_NEW,2019_20,2019-10-19,CHE,NEW,0,0.5994962216624685,1.59,0.6049712767590328,0.0054750550965643,0.6022337492107507,V0.10,5,-0.006724071768493018,0.5927721498939755
2019_20_20191019_CRY_MCI,2019_20,2019-10-19,CRY,MCI,0,0.6611764705882353,1.44,0.6625069361503864,0.0013304655621511,0.6618417033693108,V0.10,7,-0.0017059520158611398,0.6594705185723742
2019_20_20191019_EVE_WHU,2019_20,2019-10-19,EVE,WHU,0,0.5544041450777203,1.72,0.5638278615059444,0.0094237164282241,0.5591160032918323,V0.10,5,-0.006724071768493018,0.5476800733092273
2019_20_20191019_LEI_BUR,2019_20,2019-10-19,LEI,BUR,1,0.4934725848563968,1.94,0.5111397823258614,0.0176671974694646,0.5023061835911291,V0.10,3,0.011520242707619003,0.5049928275640158
2019_20_20191019_TOT_WAT,2019_20,2019-10-19,TOT,WAT,0,0.6222222222222222,1.53,0.6206656787244446,-0.0015565434977776,0.6214439504733333,V0.10,6,-0.0061220869341147115,0.6161001352881075
2019_20_20191019_WOL_SOU,2019_20,2019-10-19,WOL,SOU,0,0.4571428571428572,2.09,0.4659772107065695,0.0088343535637123,0.4615600339247133,V0.10,3,0.011520242707619003,0.46866309985047616
2019_20_20191020_MUN_LIV,2019_20,2019-10-20,MUN,LIV,0,0.5416666666666667,1.76,0.5273782523418462,-0.0142884143248205,0.5345224595042565,V0.10,4,0.013631994471367311,0.555298661138034
2019_20_20191021_SHU_ARS,2019_20,2019-10-21,SHU,ARS,0,0.5644329896907216,1.69,0.6002950659948146,0.0358620763040929,0.5823640278427682,V0.10,5,-0.006724071768493018,0.5577089179222287
2019_20_20191025_SOU_LEI,2019_20,2019-10-25,SOU,LEI,1,0.4765625,2.01,0.4966273706810777,0.0200648706810777,0.4865949353405389,V0.10,3,0.011520242707619003,0.488082742707619
2019_20_20191026_BRI_EVE,2019_20,2019-10-26,BRI,EVE,1,0.4635416666666666,2.06,0.4865449490109409,0.0230032823442743,0.4750433078388038,V0.10,3,0.011520242707619003,0.47506190937428555
2019_20_20191026_BUR_CHE,2019_20,2019-10-26,BUR,CHE,1,0.5754475703324808,1.66,0.6031247294988119,0.027677159166331,0.5892861499156463,V0.10,5,-0.006724071768493018,0.5687234985639879
2019_20_20191026_MCI_AVL,2019_20,2019-10-26,MCI,AVL,1,0.7862190812720848,1.21,0.7659048953032216,-0.0203141859688632,0.7760619882876532,V0.10,9,-0.001600694330124494,0.7846183869419604
2019_20_20191026_WAT_BOU,2019_20,2019-10-26,WAT,BOU,0,0.5633074935400517,1.69,0.5917119516483532,0.0284044581083015,0.5775097225942025,V0.10,5,-0.006724071768493018,0.5565834217715587
2019_20_20191026_WHU_SHU,2019_20,2019-10-26,WHU,SHU,0,0.5091383812010444,1.88,0.5631470090960984,0.054008627895054,0.5361426951485714,V0.10,4,0.013631994471367311,0.5227703756724117
2019_20_20191027_ARS_CRY,2019_20,2019-10-27,ARS,CRY,1,0.6246913580246914,1.52,0.6307557819652447,0.0060644239405532,0.6277235699949681,V0.10,6,-0.0061220869341147115,0.6185692710905767
2019_20_20191027_LIV_TOT,2019_20,2019-10-27,LIV,TOT,1,0.6212871287128713,1.53,0.5803660533057594,-0.0409210754071118,0.6008265910093153,V0.10,6,-0.0061220869341147115,0.6151650417787565
2019_20_20191027_NEW_WOL,2019_20,2019-10-27,NEW,WOL,0,0.3821339950372208,2.49,0.385345823552876,0.0032118285156552,0.3837399092950484,V0.10,1,-0.009168426810722744,0.37296556822649807
2019_20_20191027_NOR_MUN,2019_20,2019-10-27,NOR,MUN,1,0.570694087403599,1.67,0.6023091490857724,0.0316150616821734,0.5865016182446856,V0.10,5,-0.006724071768493018,0.563970015635106
2019_20_20191102_ARS_WOL,2019_20,2019-11-02,ARS,WOL,0,0.5492227979274612,1.74,0.5525598091521101,0.0033370112246489,0.5508913035397857,V0.10,4,0.013631994471367311,0.5628547923988285
2019_20_20191102_AVL_LIV,2019_20,2019-11-02,AVL,LIV,1,0.6483253588516746,1.47,0.6642888219069147,0.0159634630552401,0.6563070903792947,V0.10,6,-0.0061220869341147115,0.6422032719175599
2019_20_20191102_BOU_MUN,2019_20,2019-11-02,BOU,MUN,0,0.5195822454308094,1.84,0.5382144219152408,0.0186321764844313,0.5288983336730251,V0.10,4,0.013631994471367311,0.5332142399021768
2019_20_20191102_BRI_NOR,2019_20,2019-11-02,BRI,NOR,0,0.5754475703324808,1.66,0.6148145702250416,0.0393669998925607,0.5951310702787612,V0.10,5,-0.006724071768493018,0.5687234985639879
2019_20_20191102_MCI_SOU,2019_20,2019-11-02,MCI,SOU,1,0.7777777777777778,1.22,0.7479999206364238,-0.0297778571413539,0.7628888492071009,V0.10,9,-0.001600694330124494,0.7761770834476533
2019_20_20191102_SHU_BUR,2019_20,2019-11-02,SHU,BUR,1,0.4101265822784811,2.33,0.4506691338861719,0.0405425516076908,0.4303978580823265,V0.10,2,0.00015894712498399808,0.4102855294034651
2019_20_20191102_WAT_CHE,2019_20,2019-11-02,WAT,CHE,1,0.5841836734693877,1.63,0.6066394570901348,0.022455783620747,0.5954115652797612,V0.10,5,-0.006724071768493018,0.5774596017008947
2019_20_20191102_WHU_NEW,2019_20,2019-11-02,WHU,NEW,1,0.5221932114882506,1.83,0.5523820211358246,0.0301888096475739,0.5372876163120376,V0.10,4,0.013631994471367311,0.5358252059596179
2019_20_20191103_CRY_LEI,2019_20,2019-11-03,CRY,LEI,0,0.4647519582245431,2.05,0.4821104110078217,0.0173584527832785,0.4734311846161824,V0.10,3,0.011520242707619003,0.4762722009321621
2019_20_20191103_EVE_TOT,2019_20,2019-11-03,EVE,TOT,0,0.548051948051948,1.74,0.5376310004691887,-0.0104209475827593,0.5428414742605683,V0.10,4,0.013631994471367311,0.5616839425233153
2019_20_20191108_NOR_WAT,2019_20,2019-11-08,NOR,WAT,0,0.5666666666666667,1.69,0.6026455932320821,0.0359789265654154,0.5846561299493744,V0.10,5,-0.006724071768493018,0.5599425948981737
2019_20_20191109_BUR_WHU,2019_20,2019-11-09,BUR,WHU,1,0.5592783505154639,1.71,0.5966107078920915,0.0373323573766275,0.5779445292037777,V0.10,5,-0.006724071768493018,0.5525542787469709
2019_20_20191109_CHE_CRY,2019_20,2019-11-09,CHE,CRY,0,0.6030150753768844,1.58,0.6067637362809605,0.0037486609040761,0.6048894058289225,V0.10,6,-0.0061220869341147115,0.5968929884427696
2019_20_20191109_LEI_ARS,2019_20,2019-11-09,LEI,ARS,0,0.606516290726817,1.57,0.5799594099610478,-0.0265568807657692,0.5932378503439324,V0.10,6,-0.0061220869341147115,0.6003942037927023
2019_20_20191109_NEW_BOU,2019_20,2019-11-09,NEW,BOU,1,0.4609375,2.07,0.4664786872466295,0.0055411872466294,0.4637080936233148,V0.10,3,0.011520242707619003,0.472457742707619
2019_20_20191109_SOU_EVE,2019_20,2019-11-09,SOU,EVE,1,0.4934725848563968,1.94,0.5039912100828455,0.0105186252264487,0.4987318974696211,V0.10,3,0.011520242707619003,0.5049928275640158
2019_20_20191109_TOT_SHU,2019_20,2019-11-09,TOT,SHU,0,0.5326370757180157,1.79,0.5523239267117491,0.0196868509937334,0.5424805012148823,V0.10,4,0.013631994471367311,0.546269070189383
2019_20_20191110_LIV_MCI,2019_20,2019-11-10,LIV,MCI,1,0.5852417302798981,1.63,0.526048470420056,-0.0591932598598421,0.555645100349977,V0.10,5,-0.006724071768493018,0.5785176585114051
2019_20_20191110_MUN_BRI,2019_20,2019-11-10,MUN,BRI,1,0.4739583333333334,2.02,0.5047852463075947,0.0308269129742612,0.489371789820464,V0.10,3,0.011520242707619003,0.4854785760409524
2019_20_20191110_WOL_AVL,2019_20,2019-11-10,WOL,AVL,1,0.5117493472584856,1.87,0.5526419100259323,0.0408925627674466,0.5321956286422089,V0.10,4,0.013631994471367311,0.525381341729853
2019_20_20191123_ARS_SOU,2019_20,2019-11-23,ARS,SOU,1,0.6449275362318841,1.47,0.6543331663065566,0.0094056300746724,0.6496303512692203,V0.10,6,-0.0061220869341147115,0.6388054492977694
2019_20_20191123_BOU_WOL,2019_20,2019-11-23,BOU,WOL,1,0.4725848563968668,2.02,0.4879334204764273,0.0153485640795604,0.480259138436647,V0.10,3,0.011520242707619003,0.4841050991044858
2019_20_20191123_BRI_LEI,2019_20,2019-11-23,BRI,LEI,0,0.5052356020942408,1.89,0.5343863399103729,0.029150737816132,0.5198109710023069,V0.10,4,0.013631994471367311,0.5188675965656081
2019_20_20191123_CRY_LIV,2019_20,2019-11-23,CRY,LIV,1,0.570694087403599,1.67,0.578589709544194,0.007895622140595,0.5746418984738965,V0.10,5,-0.006724071768493018,0.563970015635106
2019_20_20191123_EVE_NOR,2019_20,2019-11-23,EVE,NOR,0,0.6125,1.55,0.6389598945557795,0.0264598945557794,0.6257299472778898,V0.10,6,-0.0061220869341147115,0.6063779130658853
2019_20_20191123_MCI_CHE,2019_20,2019-11-23,MCI,CHE,1,0.6759259259259259,1.4,0.6257308902097499,-0.050195035716176,0.6508284080678379,V0.10,7,-0.0017059520158611398,0.6742199739100648
2019_20_20191123_WAT_BUR,2019_20,2019-11-23,WAT,BUR,1,0.4725848563968668,2.02,0.5118343415657861,0.0392494851689192,0.4922095989813264,V0.10,3,0.011520242707619003,0.4841050991044858
2019_20_20191123_WHU_TOT,2019_20,2019-11-23,WHU,TOT,1,0.6144278606965174,1.55,0.6131866872924348,-0.0012411734040826,0.6138072739944761,V0.10,6,-0.0061220869341147115,0.6083057737624027
2019_20_20191124_SHU_MUN,2019_20,2019-11-24,SHU,MUN,1,0.4366925064599483,2.18,0.4516418593915484,0.0149493529316001,0.4441671829257483,V0.10,2,0.00015894712498399808,0.43685145358493227
2019_20_20191125_AVL_NEW,2019_20,2019-11-25,AVL,NEW,0,0.4973821989528796,1.92,0.5378223683858231,0.0404401694329434,0.5176022836693513,V0.10,3,0.011520242707619003,0.5089024416604986
2019_20_20191130_BUR_CRY,2019_20,2019-11-30,BUR,CRY,0,0.4293059125964009,2.22,0.4299369745217878,0.0006310619253869,0.4296214435590944,V0.10,2,0.00015894712498399808,0.4294648597213849
2019_20_20191130_CHE_WHU,2019_20,2019-11-30,CHE,WHU,0,0.6774193548387096,1.4,0.6733682035208008,-0.0040511513179087,0.6753937791797553,V0.10,7,-0.0017059520158611398,0.6757134028228485
2019_20_20191130_LIV_BRI,2019_20,2019-11-30,LIV,BRI,1,0.6474820143884892,1.47,0.6568836939417628,0.0094016795532736,0.652182854165126,V0.10,6,-0.0061220869341147115,0.6413599274543744
2019_20_20191130_NEW_MCI,2019_20,2019-11-30,NEW,MCI,1,0.6595744680851063,1.44,0.6608348960786001,0.0012604279934937,0.6602046820818532,V0.10,7,-0.0017059520158611398,0.6578685160692452
2019_20_20191130_SOU_WAT,2019_20,2019-11-30,SOU,WAT,1,0.5,1.91,0.5215168141371275,0.0215168141371274,0.5107584070685638,V0.10,4,0.013631994471367311,0.5136319944713673
2019_20_20191130_TOT_BOU,2019_20,2019-11-30,TOT,BOU,1,0.6299019607843138,1.51,0.6285146460810153,-0.0013873147032985,0.6292083034326645,V0.10,6,-0.0061220869341147115,0.6237798738501991
2019_20_20191201_LEI_EVE,2019_20,2019-12-01,LEI,EVE,1,0.5274151436031332,1.81,0.5111622520142203,-0.0162528915889129,0.5192886978086768,V0.10,4,0.013631994471367311,0.5410471380745006
2019_20_20191201_MUN_AVL,2019_20,2019-12-01,MUN,AVL,1,0.5633074935400517,1.69,0.5869449884648857,0.023637494924834,0.5751262410024687,V0.10,5,-0.006724071768493018,0.5565834217715587
2019_20_20191201_NOR_ARS,2019_20,2019-12-01,NOR,ARS,1,0.6720930232558139,1.41,0.6915579360157184,0.0194649127599044,0.6818254796357661,V0.10,7,-0.0017059520158611398,0.6703870712399528
2019_20_20191201_WOL_SHU,2019_20,2019-12-01,WOL,SHU,0,0.4147582697201017,2.3,0.4297123870208143,0.0149541173007126,0.422235328370458,V0.10,2,0.00015894712498399808,0.4149172168450857
2019_20_20191203_BUR_MCI,2019_20,2019-12-03,BUR,MCI,1,0.6442307692307693,1.48,0.6376451439806092,-0.00658562525016,0.6409379566056892,V0.10,6,-0.0061220869341147115,0.6381086822966545
2019_20_20191203_CRY_BOU,2019_20,2019-12-03,CRY,BOU,0,0.4699738903394256,2.03,0.4827153047534864,0.0127414144140607,0.476344597546456,V0.10,3,0.011520242707619003,0.4814941330470446
2019_20_20191204_CHE_AVL,2019_20,2019-12-04,CHE,AVL,1,0.6682242990654206,1.42,0.6770368584970812,0.0088125594316605,0.6726305787812509,V0.10,7,-0.0017059520158611398,0.6665183470495595
2019_20_20191204_LEI_WAT,2019_20,2019-12-04,LEI,WAT,0,0.5852417302798981,1.63,0.5916632546215521,0.0064215243416539,0.5884524924507251,V0.10,5,-0.006724071768493018,0.5785176585114051
2019_20_20191204_LIV_EVE,2019_20,2019-12-04,LIV,EVE,1,0.601010101010101,1.58,0.5787505360166553,-0.0222595649934457,0.5898803185133781,V0.10,6,-0.0061220869341147115,0.5948880140759862
2019_20_20191204_MUN_TOT,2019_20,2019-12-04,MUN,TOT,1,0.5300261096605744,1.8,0.5123293475801312,-0.0176967620804432,0.5211777286203527,V0.10,4,0.013631994471367311,0.5436581041319417
2019_20_20191204_SOU_NOR,2019_20,2019-12-04,SOU,NOR,1,0.5984848484848484,1.59,0.6353670592632865,0.0368822107784381,0.6169259538740675,V0.10,5,-0.006724071768493018,0.5917607767163554
2019_20_20191204_WOL_WHU,2019_20,2019-12-04,WOL,WHU,0,0.5052356020942408,1.89,0.5163044551583266,0.0110688530640857,0.5107700286262837,V0.10,4,0.013631994471367311,0.5188675965656081
2019_20_20191205_ARS_BRI,2019_20,2019-12-05,ARS,BRI,1,0.6188118811881189,1.54,0.6440927256795587,0.0252808444914397,0.6314523034338388,V0.10,6,-0.0061220869341147115,0.6126897942540042
2019_20_20191205_SHU_NEW,2019_20,2019-12-05,SHU,NEW,0,0.4086294416243655,2.33,0.4157108023050616,0.0070813606806961,0.4121701219647136,V0.10,2,0.00015894712498399808,0.4087883887493495
2019_20_20191207_BOU_LIV,2019_20,2019-12-07,BOU,LIV,1,0.6332518337408313,1.5,0.6424346328277929,0.0091827990869616,0.637843233284312,V0.10,6,-0.0061220869341147115,0.6271297468067165
2019_20_20191207_EVE_CHE,2019_20,2019-12-07,EVE,CHE,1,0.5633074935400517,1.69,0.5623020469984357,-0.001005446541616,0.5628047702692437,V0.10,5,-0.006724071768493018,0.5565834217715587
2019_20_20191207_MCI_MUN,2019_20,2019-12-07,MCI,MUN,1,0.6383495145631067,1.49,0.6040599942039557,-0.034289520359151,0.6212047543835313,V0.10,6,-0.0061220869341147115,0.632227427628992
2019_20_20191207_TOT_BUR,2019_20,2019-12-07,TOT,BUR,1,0.5964467005076142,1.59,0.6034038710180851,0.0069571705104709,0.5999252857628496,V0.10,5,-0.006724071768493018,0.5897226287391212
2019_20_20191207_WAT_CRY,2019_20,2019-12-07,WAT,CRY,0,0.4647519582245431,2.05,0.4952792810450164,0.0305273228204732,0.4800156196347798,V0.10,3,0.011520242707619003,0.4762722009321621
2019_20_20191208_AVL_LEI,2019_20,2019-12-08,AVL,LEI,1,0.5877862595419847,1.62,0.6165683877004936,0.0287821281585088,0.6021773236212391,V0.10,5,-0.006724071768493018,0.5810621877734917
2019_20_20191208_BRI_WOL,2019_20,2019-12-08,BRI,WOL,1,0.4158163265306122,2.29,0.4320564760236012,0.016240149492989,0.4239364012771067,V0.10,2,0.00015894712498399808,0.41597527365559617
2019_20_20191208_NEW_SOU,2019_20,2019-12-08,NEW,SOU,1,0.4493506493506493,2.12,0.4529250706240555,0.0035744212734062,0.4511378599873524,V0.10,2,0.00015894712498399808,0.44950959647563327
2019_20_20191208_NOR_SHU,2019_20,2019-12-08,NOR,SHU,1,0.5195822454308094,1.84,0.5865889573002364,0.0670067118694269,0.553085601365523,V0.10,4,0.013631994471367311,0.5332142399021768
2019_20_20191209_WHU_ARS,2019_20,2019-12-09,WHU,ARS,1,0.6587677725118484,1.44,0.6631988546768488,0.0044310821650004,0.6609833135943486,V0.10,7,-0.0017059520158611398,0.6570618204959873
2019_20_20191214_BUR_NEW,2019_20,2019-12-14,BUR,NEW,0,0.451948051948052,2.11,0.4702638171101298,0.0183157651620778,0.4611059345290909,V0.10,3,0.011520242707619003,0.46346829465567096
2019_20_20191214_CHE_BOU,2019_20,2019-12-14,CHE,BOU,0,0.6774193548387096,1.4,0.682751943343664,0.0053325885049543,0.6800856490911869,V0.10,7,-0.0017059520158611398,0.6757134028228485
2019_20_20191214_LEI_NOR,2019_20,2019-12-14,LEI,NOR,0,0.664319248826291,1.43,0.6711569102584058,0.0068376614321148,0.6677380795423484,V0.10,7,-0.0017059520158611398,0.6626132968104299
2019_20_20191214_LIV_WAT,2019_20,2019-12-14,LIV,WAT,0,0.6840909090909091,1.39,0.6875129775977828,0.0034220685068737,0.685801943344346,V0.10,7,-0.0017059520158611398,0.682384957075048
2019_20_20191214_SHU_AVL,2019_20,2019-12-14,SHU,AVL,0,0.5274151436031332,1.81,0.561660102352919,0.0342449587497857,0.5445376229780261,V0.10,4,0.013631994471367311,0.5410471380745006
2019_20_20191214_SOU_WHU,2019_20,2019-12-14,SOU,WHU,0,0.5913705583756345,1.61,0.6229135576086894,0.0315429992330549,0.6071420579921619,V0.10,5,-0.006724071768493018,0.5846464866071415
2019_20_20191215_ARS_MCI,2019_20,2019-12-15,ARS,MCI,1,0.7155172413793104,1.32,0.682796168446041,-0.0327210729332694,0.6991567049126757,V0.10,8,-0.006562415313620402,0.7089548260656899
2019_20_20191215_MUN_EVE,2019_20,2019-12-15,MUN,EVE,0,0.5300261096605744,1.8,0.5236840944467823,-0.006342015213792,0.5268551020536784,V0.10,4,0.013631994471367311,0.5436581041319417
2019_20_20191215_WOL_TOT,2019_20,2019-12-15,WOL,TOT,1,0.5026178010471204,1.9,0.490883327468093,-0.0117344735790274,0.4967505642576066,V0.10,4,0.013631994471367311,0.5162497955184877
2019_20_20191216_CRY_BRI,2019_20,2019-12-16,CRY,BRI,0,0.4366925064599483,2.18,0.4592240474464568,0.0225315409865085,0.4479582769532025,V0.10,2,0.00015894712498399808,0.43685145358493227
2019_20_20191221_AVL_SOU,2019_20,2019-12-21,AVL,SOU,1,0.5877862595419847,1.62,0.6251560890435153,0.0373698295015305,0.60647117429275,V0.10,5,-0.006724071768493018,0.5810621877734917
2019_20_20191221_BOU_BUR,2019_20,2019-12-21,BOU,BUR,0,0.4973821989528796,1.92,0.5220220280281838,0.0246398290753041,0.5097021134905317,V0.10,3,0.011520242707619003,0.5089024416604986
2019_20_20191221_BRI_SHU,2019_20,2019-12-21,BRI,SHU,0,0.4505208333333333,2.11,0.4754254470066936,0.0249046136733602,0.4629731401700134,V0.10,3,0.011520242707619003,0.4620410760409523
2019_20_20191221_EVE_ARS,2019_20,2019-12-21,EVE,ARS,0,0.6045340050377834,1.57,0.5959851936282865,-0.0085488114094969,0.600259599333035,V0.10,6,-0.0061220869341147115,0.5984119181036687
2019_20_20191221_MCI_LEI,2019_20,2019-12-21,MCI,LEI,1,0.6682242990654206,1.42,0.6445035570184096,-0.023720742047011,0.6563639280419151,V0.10,7,-0.0017059520158611398,0.6665183470495595
2019_20_20191221_NEW_CRY,2019_20,2019-12-21,NEW,CRY,0,0.39,2.44,0.3885128645826135,-0.0014871354173864,0.3892564322913068,V0.10,1,-0.009168426810722744,0.3808315731892773
2019_20_20191221_NOR_WOL,2019_20,2019-12-21,NOR,WOL,1,0.5326370757180157,1.79,0.5798644920616991,0.0472274163436834,0.5562507838898574,V0.10,4,0.013631994471367311,0.546269070189383
2019_20_20191222_TOT_CHE,2019_20,2019-12-22,TOT,CHE,0,0.5984848484848484,1.59,0.5749181898593408,-0.0235666586255075,0.5867015191720946,V0.10,5,-0.006724071768493018,0.5917607767163554
2019_20_20191222_WAT_MUN,2019_20,2019-12-22,WAT,MUN,0,0.5157068062827225,1.85,0.5474905906901705,0.031783784407448,0.5315986984864465,V0.10,4,0.013631994471367311,0.5293388007540898
2019_20_20191226_AVL_NOR,2019_20,2019-12-26,AVL,NOR,0,0.6228287841191067,1.52,0.675727281598448,0.0528984974793412,0.6492780328587773,V0.10,6,-0.0061220869341147115,0.6167066971849919
2019_20_20191226_BOU_ARS,2019_20,2019-12-26,BOU,ARS,0,0.6105527638190955,1.55,0.6174448757960365,0.0068921119769409,0.613998819807566,V0.10,6,-0.0061220869341147115,0.6044306768849808
2019_20_20191226_CHE_SOU,2019_20,2019-12-26,CHE,SOU,0,0.637469586374696,1.49,0.6465327615757219,0.0090631752010259,0.642001173975209,V0.10,6,-0.0061220869341147115,0.6313474994405812
2019_20_20191226_CRY_WHU,2019_20,2019-12-26,CRY,WHU,1,0.5026178010471204,1.9,0.5328226656841637,0.0302048646370433,0.5177202333656421,V0.10,4,0.013631994471367311,0.5162497955184877
2019_20_20191226_EVE_BUR,2019_20,2019-12-26,EVE,BUR,0,0.4947643979057591,1.93,0.4971257065304535,0.0023613086246944,0.4959450522181063,V0.10,3,0.011520242707619003,0.5062846406133781
2019_20_20191226_LEI_LIV,2019_20,2019-12-26,LEI,LIV,1,0.5805626598465473,1.64,0.5480755552852569,-0.0324871045612904,0.5643191075659021,V0.10,5,-0.006724071768493018,0.5738385880780543
2019_20_20191226_MUN_NEW,2019_20,2019-12-26,MUN,NEW,1,0.5532467532467532,1.72,0.5715081598640641,0.0182614066173109,0.5623774565554087,V0.10,5,-0.006724071768493018,0.5465226814782602
2019_20_20191226_SHU_WAT,2019_20,2019-12-26,SHU,WAT,0,0.451948051948052,2.11,0.468174125061263,0.016226073113211,0.4600610885046575,V0.10,3,0.011520242707619003,0.46346829465567096
2019_20_20191226_TOT_BRI,2019_20,2019-12-26,TOT,BRI,1,0.5949367088607596,1.6,0.6061224442352859,0.0111857353745263,0.6005295765480227,V0.10,5,-0.006724071768493018,0.5882126370922666
2019_20_20191227_WOL_MCI,2019_20,2019-12-27,WOL,MCI,1,0.6070528967254408,1.56,0.5923412809616715,-0.0147116157637693,0.5996970888435562,V0.10,6,-0.0061220869341147115,0.6009308097913261
2019_20_20191228_BRI_BOU,2019_20,2019-12-28,BRI,BOU,0,0.4986945169712793,1.92,0.5267830572465793,0.0280885402752999,0.5127387871089293,V0.10,3,0.011520242707619003,0.5102147596788983
2019_20_20191228_BUR_MUN,2019_20,2019-12-28,BUR,MUN,0,0.4895287958115184,1.95,0.5014655550628954,0.0119367592513769,0.4954971754372069,V0.10,3,0.011520242707619003,0.5010490385191374
2019_20_20191228_NEW_EVE,2019_20,2019-12-28,NEW,EVE,1,0.4621409921671018,2.06,0.4619303025115437,-0.000210689655558,0.4620356473393228,V0.10,3,0.011520242707619003,0.4736612348747208
2019_20_20191228_NOR_TOT,2019_20,2019-12-28,NOR,TOT,1,0.5949367088607596,1.6,0.6143368556556318,0.0194001467948722,0.6046367822581957,V0.10,5,-0.006724071768493018,0.5882126370922666
2019_20_20191228_SOU_CRY,2019_20,2019-12-28,SOU,CRY,0,0.4659685863874345,2.04,0.4843374765539557,0.0183688901665212,0.4751530314706951,V0.10,3,0.011520242707619003,0.47748882909505347
2019_20_20191228_WAT_AVL,2019_20,2019-12-28,WAT,AVL,1,0.5618556701030928,1.7,0.6155655794967417,0.0537099093936489,0.5887106247999172,V0.10,5,-0.006724071768493018,0.5551315983345998
2019_20_20191228_WHU_LEI,2019_20,2019-12-28,WHU,LEI,1,0.5903307888040712,1.61,0.6141792734205926,0.0238484846165214,0.6022550311123319,V0.10,5,-0.006724071768493018,0.5836067170355782
2019_20_20191229_ARS_CHE,2019_20,2019-12-29,ARS,CHE,1,0.6184538653366584,1.53,0.6040619460061409,-0.0143919193305174,0.6112579056713996,V0.10,6,-0.0061220869341147115,0.6123317784025436
2019_20_20191229_LIV_WOL,2019_20,2019-12-29,LIV,WOL,0,0.6105527638190955,1.55,0.5906591955314463,-0.0198935682876492,0.600605979675271,V0.10,6,-0.0061220869341147115,0.6044306768849808
2019_20_20191229_MCI_SHU,2019_20,2019-12-29,MCI,SHU,0,0.6849315068493151,1.38,0.6775964751474203,-0.0073350317018948,0.6812639909983678,V0.10,7,-0.0017059520158611398,0.683225554833454
2019_20_20200101_ARS_MUN,2019_20,2020-01-01,ARS,MUN,0,0.5794871794871795,1.64,0.5757468878397582,-0.0037402916474212,0.577617033663469,V0.10,5,-0.006724071768493018,0.5727631077186865
2019_20_20200101_BRI_CHE,2019_20,2020-01-01,BRI,CHE,0,0.5584415584415584,1.7,0.5774857614108441,0.0190442029692856,0.5679636599262012,V0.10,5,-0.006724071768493018,0.5517174866730654
2019_20_20200101_BUR_AVL,2019_20,2020-01-01,BUR,AVL,1,0.5091863517060368,1.87,0.5434862202420759,0.0342998685360391,0.5263362859740564,V0.10,4,0.013631994471367311,0.5228183461774041
2019_20_20200101_MCI_EVE,2019_20,2020-01-01,MCI,EVE,1,0.6928251121076232,1.37,0.6707900306255575,-0.0220350814820656,0.6818075713665903,V0.10,7,-0.0017059520158611398,0.6911191600917621
2019_20_20200101_NEW_LEI,2019_20,2020-01-01,NEW,LEI,1,0.4908136482939633,1.94,0.4945023501653096,0.0036887018713462,0.4926579992296364,V0.10,3,0.011520242707619003,0.5023338910015823
2019_20_20200101_NOR_CRY,2019_20,2020-01-01,NOR,CRY,0,0.5078534031413613,1.88,0.5472400551676622,0.0393866520263008,0.5275467291545117,V0.10,4,0.013631994471367311,0.5214853976127286
2019_20_20200101_SOU_TOT,2019_20,2020-01-01,SOU,TOT,0,0.5732647814910026,1.66,0.5795340694236614,0.0062692879326587,0.5763994254573319,V0.10,5,-0.006724071768493018,0.5665407097225096
2019_20_20200101_WAT_WOL,2019_20,2020-01-01,WAT,WOL,1,0.4764397905759163,2.0,0.5059893973743488,0.0295496067984324,0.4912145939751325,V0.10,3,0.011520242707619003,0.48796003328353527
2019_20_20200101_WHU_BOU,2019_20,2020-01-01,WHU,BOU,1,0.570694087403599,1.67,0.5967931181763905,0.0260990307727915,0.5837436027899947,V0.10,5,-0.006724071768493018,0.563970015635106
2019_20_20200102_LIV_SHU,2019_20,2020-01-02,LIV,SHU,0,0.6159600997506234,1.54,0.612129120564426,-0.0038309791861973,0.6140446101575248,V0.10,6,-0.0061220869341147115,0.6098380128165086
2019_20_20200110_SHU_WHU,2019_20,2020-01-10,SHU,WHU,0,0.4699738903394256,2.03,0.4839139722612649,0.0139400819218393,0.4769439313003453,V0.10,3,0.011520242707619003,0.4814941330470446
2019_20_20200111_CHE_BUR,2019_20,2020-01-11,CHE,BUR,1,0.5743589743589743,1.66,0.5936984101448921,0.0193394357859177,0.5840286922519332,V0.10,5,-0.006724071768493018,0.5676349025904813
2019_20_20200111_CRY_ARS,2019_20,2020-01-11,CRY,ARS,0,0.5300261096605744,1.8,0.5338677134414158,0.0038416037808414,0.5319469115509952,V0.10,4,0.013631994471367311,0.5436581041319417
2019_20_20200111_EVE_BRI,2019_20,2020-01-11,EVE,BRI,0,0.5221932114882506,1.83,0.5526403017021022,0.0304470902138516,0.5374167565951764,V0.10,4,0.013631994471367311,0.5358252059596179
2019_20_20200111_LEI_SOU,2019_20,2020-01-11,LEI,SOU,1,0.5816326530612244,1.64,0.5980249189657879,0.0163922659045635,0.5898287860135061,V0.10,5,-0.006724071768493018,0.5749085812927314
2019_20_20200111_MUN_NOR,2019_20,2020-01-11,MUN,NOR,1,0.602015113350126,1.58,0.6217383383098153,0.0197232249596892,0.6118767258299707,V0.10,6,-0.0061220869341147115,0.5958930264160113
2019_20_20200111_TOT_LIV,2019_20,2020-01-11,TOT,LIV,0,0.586734693877551,1.62,0.5487777170000822,-0.0379569768774687,0.5677562054388166,V0.10,5,-0.006724071768493018,0.580010622109058
2019_20_20200111_WOL_NEW,2019_20,2020-01-11,WOL,NEW,0,0.4751958224543081,2.01,0.4815838174458134,0.0063879949915053,0.4783898199500608,V0.10,3,0.011520242707619003,0.48671606516192706
2019_20_20200112_AVL_MCI,2019_20,2020-01-12,AVL,MCI,1,0.7465069860279441,1.27,0.7441291044191907,-0.0023778816087534,0.7453180452235674,V0.10,8,-0.006562415313620402,0.7399445707143236
2019_20_20200112_BOU_WAT,2019_20,2020-01-12,BOU,WAT,1,0.5052356020942408,1.89,0.5457210406885289,0.0404854385942881,0.5254783213913848,V0.10,4,0.013631994471367311,0.5188675965656081
2019_20_20200118_ARS_SHU,2019_20,2020-01-18,ARS,SHU,0,0.4790575916230366,1.99,0.4805754592608324,0.0015178676377957,0.4798165254419345,V0.10,3,0.011520242707619003,0.4905778343306556
2019_20_20200118_BRI_AVL,2019_20,2020-01-18,BRI,AVL,0,0.578005115089514,1.65,0.6304745662444254,0.0524694511549114,0.6042398406669698,V0.10,5,-0.006724071768493018,0.571281043321021
2019_20_20200118_MCI_CRY,2019_20,2020-01-18,MCI,CRY,1,0.7323651452282157,1.29,0.7178260900947255,-0.0145390551334901,0.7250956176614707,V0.10,8,-0.006562415313620402,0.7258027299145953
2019_20_20200118_NEW_CHE,2019_20,2020-01-18,NEW,CHE,0,0.5670103092783505,1.68,0.5871355407211153,0.0201252314427647,0.5770729249997328,V0.10,5,-0.006724071768493018,0.5602862375098575
2019_20_20200118_NOR_BOU,2019_20,2020-01-18,NOR,BOU,0,0.5326370757180157,1.79,0.5519164950383333,0.0192794193203176,0.5422767853781745,V0.10,4,0.013631994471367311,0.546269070189383
2019_20_20200118_SOU_WOL,2019_20,2020-01-18,SOU,WOL,1,0.4712041884816754,2.02,0.4832176497327614,0.0120134612510859,0.4772109191072183,V0.10,3,0.011520242707619003,0.48272443118929437
2019_20_20200118_WAT_TOT,2019_20,2020-01-18,WAT,TOT,0,0.5274151436031332,1.81,0.5307181377648342,0.0033029941617009,0.5290666406839837,V0.10,4,0.013631994471367311,0.5410471380745006
2019_20_20200118_WHU_EVE,2019_20,2020-01-18,WHU,EVE,0,0.5170603674540682,1.84,0.5282116625322125,0.0111512950781442,0.5226360149931404,V0.10,4,0.013631994471367311,0.5306923619254356
2019_20_20200119_BUR_LEI,2019_20,2020-01-19,BUR,LEI,1,0.5144356955380577,1.85,0.5368735248971166,0.0224378293590589,0.5256546102175872,V0.10,4,0.013631994471367311,0.528067690009425
2019_20_20200119_LIV_MUN,2019_20,2020-01-19,LIV,MUN,0,0.5732647814910026,1.66,0.5402609182908151,-0.0330038632001874,0.5567628498909089,V0.10,5,-0.006724071768493018,0.5665407097225096
2019_20_20200121_AVL_WAT,2019_20,2020-01-21,AVL,WAT,1,0.5052356020942408,1.89,0.5594729741726189,0.054237372078378,0.5323542881334298,V0.10,4,0.013631994471367311,0.5188675965656081
2019_20_20200121_BOU_BRI,2019_20,2020-01-21,BOU,BRI,1,0.4830287206266319,1.98,0.5257857989380409,0.042757078311409,0.5044072597823364,V0.10,3,0.011520242707619003,0.49454896333425086
2019_20_20200121_CHE_ARS,2019_20,2020-01-21,CHE,ARS,1,0.5670103092783505,1.68,0.5532478282442272,-0.0137624810341232,0.5601290687612889,V0.10,5,-0.006724071768493018,0.5602862375098575
2019_20_20200121_CRY_SOU,2019_20,2020-01-21,CRY,SOU,0,0.4318766066838046,2.21,0.4473681334779674,0.0154915267941627,0.439622370080886,V0.10,2,0.00015894712498399808,0.4320355538087886
2019_20_20200121_EVE_NEW,2019_20,2020-01-21,EVE,NEW,1,0.4895287958115184,1.95,0.5058191586717092,0.0162903628601908,0.4976739772416138,V0.10,3,0.011520242707619003,0.5010490385191374
2019_20_20200121_SHU_MCI,2019_20,2020-01-21,SHU,MCI,0,0.595959595959596,1.6,0.5994905394125213,0.0035309434529252,0.5977250676860586,V0.10,5,-0.006724071768493018,0.589235524191103
2019_20_20200122_LEI_WHU,2019_20,2020-01-22,LEI,WHU,1,0.5888324873096447,1.62,0.6016073057006797,0.012774818391035,0.5952198965051622,V0.10,5,-0.006724071768493018,0.5821084155411517
2019_20_20200122_MUN_BUR,2019_20,2020-01-22,MUN,BUR,0,0.5274151436031332,1.81,0.5372533843568587,0.0098382407537254,0.532334263979996,V0.10,4,0.013631994471367311,0.5410471380745006
2019_20_20200122_TOT_NOR,2019_20,2020-01-22,TOT,NOR,1,0.6178660049627792,1.54,0.6302107014030686,0.0123446964402893,0.6240383531829239,V0.10,6,-0.0061220869341147115,0.6117439180286645
2019_20_20200123_WOL_LIV,2019_20,2020-01-23,WOL,LIV,1,0.5287958115183247,1.8,0.509722180896646,-0.0190736306216786,0.5192589962074854,V0.10,4,0.013631994471367311,0.542427805989692
2019_20_20200129_WHU_LIV,2019_20,2020-01-29,WHU,LIV,0,0.61,1.56,0.6127767606273589,0.0027767606273588,0.6113883803136795,V0.10,6,-0.0061220869341147115,0.6038779130658852
2019_20_20200201_BOU_AVL,2019_20,2020-02-01,BOU,AVL,1,0.5340314136125655,1.78,0.564826841875189,0.0307954282626234,0.5494291277438772,V0.10,4,0.013631994471367311,0.5476634080839328
2019_20_20200201_CRY_SHU,2019_20,2020-02-01,CRY,SHU,0,0.3600973236009733,2.63,0.3699478042179223,0.0098504806169489,0.3650225639094477,V0.10,1,-0.009168426810722744,0.3509288967902506
2019_20_20200201_LEI_CHE,2019_20,2020-02-01,LEI,CHE,1,0.5633074935400517,1.69,0.5572326810695158,-0.0060748124705358,0.5602700873047838,V0.10,5,-0.006724071768493018,0.5565834217715587
2019_20_20200201_LIV_SOU,2019_20,2020-02-01,LIV,SOU,1,0.6194029850746269,1.53,0.6093740011354613,-0.0100289839391656,0.6143884931050441,V0.10,6,-0.0061220869341147115,0.6132808981405121
2019_20_20200201_MUN_WOL,2019_20,2020-02-01,MUN,WOL,0,0.4366925064599483,2.18,0.4162609528574272,-0.020431553602521,0.4264767296586877,V0.10,2,0.00015894712498399808,0.43685145358493227
2019_20_20200201_NEW_NOR,2019_20,2020-02-01,NEW,NOR,0,0.4790575916230366,1.99,0.5025702644898854,0.0235126728668487,0.490813928056461,V0.10,3,0.011520242707619003,0.4905778343306556
2019_20_20200201_WAT_EVE,2019_20,2020-02-01,WAT,EVE,1,0.4738219895287958,2.01,0.4855788192138604,0.0117568296850646,0.4797004043713281,V0.10,3,0.011520242707619003,0.48534223223641476
2019_20_20200201_WHU_BRI,2019_20,2020-02-01,WHU,BRI,1,0.4973821989528796,1.92,0.5322750098206,0.0348928108677204,0.5148286043867398,V0.10,3,0.011520242707619003,0.5089024416604986
2019_20_20200202_BUR_ARS,2019_20,2020-02-02,BUR,ARS,0,0.5013123359580053,1.9,0.5079944648245794,0.0066821288665741,0.5046534003912924,V0.10,4,0.013631994471367311,0.5149443304293726
2019_20_20200202_TOT_MCI,2019_20,2020-02-02,TOT,MCI,0,0.6365853658536585,1.49,0.6032365441323024,-0.0333488217213561,0.6199109549929804,V0.10,6,-0.0061220869341147115,0.6304632789195438
2019_20_20200208_BRI_WAT,2019_20,2020-02-08,BRI,WAT,0,0.4842931937172774,1.97,0.5186334641614588,0.0343402704441814,0.5014633289393682,V0.10,3,0.011520242707619003,0.4958134364248964
2019_20_20200208_EVE_CRY,2019_20,2020-02-08,EVE,CRY,1,0.4557291666666667,2.09,0.4538952514095416,-0.001833915257125,0.4548122090381041,V0.10,3,0.011520242707619003,0.46724940937428566
2019_20_20200209_SHU_BOU,2019_20,2020-02-09,SHU,BOU,1,0.4168797953964194,2.28,0.4238404938524442,0.0069606984560248,0.4203601446244318,V0.10,2,0.00015894712498399808,0.4170387425214034
2019_20_20200214_WOL_LEI,2019_20,2020-02-14,WOL,LEI,0,0.4699738903394256,2.03,0.4593785451600184,-0.0105953451794071,0.464676217749722,V0.10,3,0.011520242707619003,0.4814941330470446
2019_20_20200215_NOR_LIV,2019_20,2020-02-15,NOR,LIV,0,0.628992628992629,1.51,0.6548662645588021,0.0258736355661731,0.6419294467757155,V0.10,6,-0.0061220869341147115,0.6228705420585142
2019_20_20200215_SOU_BUR,2019_20,2020-02-15,SOU,BUR,1,0.486910994764398,1.96,0.5135017427532649,0.0265907479888669,0.5002063687588314,V0.10,3,0.011520242707619003,0.49843123747201695
2019_20_20200216_ARS_NEW,2019_20,2020-02-16,ARS,NEW,1,0.5532467532467532,1.72,0.5650022343942488,0.0117554811474955,0.559124493820501,V0.10,5,-0.006724071768493018,0.5465226814782602
2019_20_20200216_AVL_TOT,2019_20,2020-02-16,AVL,TOT,1,0.5633074935400517,1.69,0.5842641699064155,0.0209566763663637,0.5737858317232336,V0.10,5,-0.006724071768493018,0.5565834217715587
2019_20_20200217_CHE_MUN,2019_20,2020-02-17,CHE,MUN,0,0.5052356020942408,1.89,0.4943838266097159,-0.0108517754845248,0.4998097143519784,V0.10,4,0.013631994471367311,0.5188675965656081
2019_20_20200219_MCI_WHU,2019_20,2020-02-19,MCI,WHU,0,0.7666034155597723,1.23,0.7356365643267992,-0.030966851232973,0.7511199899432858,V0.10,9,-0.001600694330124494,0.7650027212296479
2019_20_20200222_BUR_BOU,2019_20,2020-02-22,BUR,BOU,1,0.4267352185089973,2.23,0.434269162984617,0.0075339444756196,0.4305021907468072,V0.10,2,0.00015894712498399808,0.4268941656339813
2019_20_20200222_CHE_TOT,2019_20,2020-02-22,CHE,TOT,1,0.5274151436031332,1.81,0.5083486327152416,-0.0190665108878916,0.5178818881591873,V0.10,4,0.013631994471367311,0.5410471380745006
2019_20_20200222_CRY_NEW,2019_20,2020-02-22,CRY,NEW,0,0.3787128712871287,2.51,0.3788665586794579,0.0001536873923291,0.3787897149832933,V0.10,1,-0.009168426810722744,0.369544444476406
2019_20_20200222_LEI_MCI,2019_20,2020-02-22,LEI,MCI,0,0.6159600997506234,1.54,0.5947859868664563,-0.021174112884167,0.6053730433085398,V0.10,6,-0.0061220869341147115,0.6098380128165086
2019_20_20200222_SHU_BRI,2019_20,2020-02-22,SHU,BRI,0,0.4267352185089973,2.23,0.4561733168566729,0.0294380983476756,0.4414542676828351,V0.10,2,0.00015894712498399808,0.4268941656339813
2019_20_20200222_SOU_AVL,2019_20,2020-02-22,SOU,AVL,0,0.5984848484848484,1.59,0.6350846648698989,0.0365998163850505,0.6167847566773736,V0.10,5,-0.006724071768493018,0.5917607767163554
2019_20_20200223_ARS_EVE,2019_20,2020-02-23,ARS,EVE,1,0.5494791666666667,1.73,0.5488632136561059,-0.0006159530105608,0.5491711901613863,V0.10,4,0.013631994471367311,0.563111161138034
2019_20_20200223_MUN_WAT,2019_20,2020-02-23,MUN,WAT,1,0.5,1.91,0.5152622710848996,0.0152622710848996,0.5076311355424499,V0.10,4,0.013631994471367311,0.5136319944713673
2019_20_20200223_WOL_NOR,2019_20,2020-02-23,WOL,NOR,1,0.5104712041884817,1.87,0.5425678070259113,0.0320966028374296,0.5265195056071965,V0.10,4,0.013631994471367311,0.524103198659849
2019_20_20200224_LIV_WHU,2019_20,2020-02-24,LIV,WHU,1,0.6870748299319728,1.38,0.6745779477351501,-0.0124968821968226,0.6808263888335615,V0.10,7,-0.0017059520158611398,0.6853688779161117
2019_20_20200228_NOR_LEI,2019_20,2020-02-28,NOR,LEI,0,0.5532467532467532,1.72,0.5846212172981334,0.0313744640513802,0.5689339852724433,V0.10,5,-0.006724071768493018,0.5465226814782602
2019_20_20200229_BOU_CHE,2019_20,2020-02-29,BOU,CHE,1,0.5300261096605744,1.8,0.5456039562038891,0.0155778465433147,0.5378150329322318,V0.10,4,0.013631994471367311,0.5436581041319417
2019_20_20200229_BRI_CRY,2019_20,2020-02-29,BRI,CRY,0,0.4122137404580152,2.31,0.423393417859617,0.0111796774016018,0.4178035791588161,V0.10,2,0.00015894712498399808,0.41237268758299916
2019_20_20200229_NEW_BUR,2019_20,2020-02-29,NEW,BUR,0,0.4060913705583756,2.34,0.4283411199649389,0.0222497494065633,0.4172162452616572,V0.10,2,0.00015894712498399808,0.40625031768335956
2019_20_20200229_WAT_LIV,2019_20,2020-02-29,WAT,LIV,1,0.5794871794871795,1.64,0.5830598141435269,0.0035726346563473,0.5812734968153532,V0.10,5,-0.006724071768493018,0.5727631077186865
2019_20_20200229_WHU_SOU,2019_20,2020-02-29,WHU,SOU,1,0.5418848167539266,1.75,0.558332483076642,0.0164476663227153,0.5501086499152843,V0.10,4,0.013631994471367311,0.555516811225294
2019_20_20200301_EVE_MUN,2019_20,2020-03-01,EVE,MUN,0,0.4803149606299213,1.98,0.4616253561289102,-0.018689604501011,0.4709701583794157,V0.10,3,0.011520242707619003,0.49183520333754027
2019_20_20200301_TOT_WOL,2019_20,2020-03-01,TOT,WOL,1,0.4278350515463917,2.22,0.4022215118860219,-0.0256135396603697,0.4150282817162068,V0.10,2,0.00015894712498399808,0.42799399867137566
2019_20_20200307_ARS_WHU,2019_20,2020-03-07,ARS,WHU,0,0.5949367088607596,1.6,0.5893064775820981,-0.0056302312786614,0.5921215932214288,V0.10,5,-0.006724071768493018,0.5882126370922666
2019_20_20200307_BUR_TOT,2019_20,2020-03-07,BUR,TOT,0,0.4621409921671018,2.06,0.4650782887999312,0.0029372966328293,0.4636096404835165,V0.10,3,0.011520242707619003,0.4736612348747208
2019_20_20200307_CRY_WAT,2019_20,2020-03-07,CRY,WAT,0,0.4168797953964194,2.28,0.4276176396888044,0.010737844292385,0.4222487175426119,V0.10,2,0.00015894712498399808,0.4170387425214034
2019_20_20200307_LIV_BOU,2019_20,2020-03-07,LIV,BOU,1,0.6457831325301205,1.47,0.633819059005289,-0.0119640735248315,0.6398010957677047,V0.10,6,-0.0061220869341147115,0.6396610455960058
2019_20_20200307_SHU_NOR,2019_20,2020-03-07,SHU,NOR,0,0.4621409921671018,2.06,0.4962636804429601,0.0341226882758583,0.4792023363050309,V0.10,3,0.011520242707619003,0.4736612348747208
2019_20_20200307_SOU_NEW,2019_20,2020-03-07,SOU,NEW,0,0.5261780104712042,1.81,0.5507719180391278,0.0245939075679236,0.538474964255166,V0.10,4,0.013631994471367311,0.5398100049425715
2019_20_20200307_WOL_BRI,2019_20,2020-03-07,WOL,BRI,0,0.4776902887139108,1.99,0.4965281861652039,0.0188378974512931,0.4871092374395573,V0.10,3,0.011520242707619003,0.48921053142152976
2019_20_20200308_CHE_EVE,2019_20,2020-03-08,CHE,EVE,1,0.5558441558441558,1.71,0.5523908654861167,-0.003453290358039,0.5541175106651363,V0.10,5,-0.006724071768493018,0.5491200840756628
2019_20_20200308_MUN_MCI,2019_20,2020-03-08,MUN,MCI,0,0.5721649484536083,1.66,0.5372282118404708,-0.0349367366131375,0.5546965801470396,V0.10,5,-0.006724071768493018,0.5654408766851153
2019_20_20200309_LEI_AVL,2019_20,2020-03-09,LEI,AVL,1,0.62,1.52,0.6399754726120401,0.0199754726120401,0.62998773630602,V0.10,6,-0.0061220869341147115,0.6138779130658852
2019_20_20200617_AVL_SHU,2019_20,2020-06-17,AVL,SHU,0,0.4583333333333333,2.08,0.5078499885161261,0.0495166551827927,0.4830916609247296,V0.10,3,0.011520242707619003,0.4698535760409523
2019_20_20200617_MCI_ARS,2019_20,2020-06-17,MCI,ARS,1,0.6877828054298643,1.38,0.6612468556399416,-0.0265359497899226,0.6745148305349029,V0.10,7,-0.0017059520158611398,0.6860768534140032
2019_20_20200619_NOR_SOU,2019_20,2020-06-19,NOR,SOU,1,0.4986945169712793,1.92,0.5445929904778853,0.045898473506606,0.5216437537245824,V0.10,3,0.011520242707619003,0.5102147596788983
2019_20_20200619_TOT_MUN,2019_20,2020-06-19,TOT,MUN,0,0.4934725848563968,1.94,0.4817569344934917,-0.011715650362905,0.4876147596749443,V0.10,3,0.011520242707619003,0.5049928275640158
2019_20_20200620_BOU_CRY,2019_20,2020-06-20,BOU,CRY,0,0.4493506493506493,2.12,0.4630593379077882,0.0137086885571389,0.4562049936292187,V0.10,2,0.00015894712498399808,0.44950959647563327
2019_20_20200620_BRI_ARS,2019_20,2020-06-20,BRI,ARS,1,0.4947643979057591,1.93,0.5035081489589136,0.0087437510531545,0.4991362734323363,V0.10,3,0.011520242707619003,0.5062846406133781
2019_20_20200620_WAT_LEI,2019_20,2020-06-20,WAT,LEI,0,0.5013054830287206,1.91,0.5079004442026455,0.0065949611739248,0.504602963615683,V0.10,4,0.013631994471367311,0.5149374775000879
2019_20_20200620_WHU_WOL,2019_20,2020-06-20,WHU,WOL,0,0.4635416666666666,2.06,0.469669117929398,0.0061274512627314,0.4666053922980323,V0.10,3,0.011520242707619003,0.47506190937428555
2019_20_20200621_AVL_CHE,2019_20,2020-06-21,AVL,CHE,1,0.5994962216624685,1.59,0.6383336042350525,0.0388373825725839,0.6189149129487606,V0.10,5,-0.006724071768493018,0.5927721498939755
2019_20_20200621_EVE_LIV,2019_20,2020-06-21,EVE,LIV,0,0.5732647814910026,1.66,0.5580883141664087,-0.0151764673245938,0.5656765478287056,V0.10,5,-0.006724071768493018,0.5665407097225096
2019_20_20200621_NEW_SHU,2019_20,2020-06-21,NEW,SHU,1,0.3865336658354114,2.46,0.4209418160297987,0.0344081501943873,0.403737740932605,V0.10,1,-0.009168426810722744,0.37736523902468866
2019_20_20200622_MCI_BUR,2019_20,2020-06-22,MCI,BUR,1,0.7173447537473233,1.32,0.7150984713686441,-0.0022462823786791,0.7162216125579837,V0.10,8,-0.006562415313620402,0.7107823384337029
2019_20_20200623_LEI_BRI,2019_20,2020-06-23,LEI,BRI,0,0.4908616187989557,1.95,0.5086848391807132,0.0178232203817574,0.4997732289898344,V0.10,3,0.011520242707619003,0.5023818615065747
2019_20_20200623_TOT_WHU,2019_20,2020-06-23,TOT,WHU,0,0.5338541666666666,1.79,0.519894889755989,-0.0139592769106776,0.5268745282113279,V0.10,4,0.013631994471367311,0.5474861611380339
2019_20_20200624_LIV_CRY,2019_20,2020-06-24,LIV,CRY,1,0.5644329896907216,1.69,0.5586783766827103,-0.0057546130080113,0.5615556831867159,V0.10,5,-0.006724071768493018,0.5577089179222287
2019_20_20200624_MUN_SHU,2019_20,2020-06-24,MUN,SHU,1,0.4778067885117493,2.0,0.5107027940435909,0.0328960055318415,0.4942547912776701,V0.10,3,0.011520242707619003,0.48932703121936827
2019_20_20200624_NEW_AVL,2019_20,2020-06-24,NEW,AVL,0,0.4571428571428572,2.09,0.4786927220798324,0.0215498649369752,0.4679177896113448,V0.10,3,0.011520242707619003,0.46866309985047616
2019_20_20200624_NOR_EVE,2019_20,2020-06-24,NOR,EVE,0,0.5248041775456919,1.82,0.5613414478274155,0.0365372702817236,0.5430728126865536,V0.10,4,0.013631994471367311,0.5384361720170592
2019_20_20200624_WOL_BOU,2019_20,2020-06-24,WOL,BOU,0,0.4609375,2.07,0.456599676044721,-0.0043378239552789,0.4587685880223605,V0.10,3,0.011520242707619003,0.472457742707619
2019_20_20200625_BUR_WAT,2019_20,2020-06-25,BUR,WAT,0,0.4381443298969071,2.18,0.4553888598267203,0.0172445299298132,0.4467665948618137,V0.10,2,0.00015894712498399808,0.4383032770218911
2019_20_20200625_CHE_MCI,2019_20,2020-06-25,CHE,MCI,1,0.5841836734693877,1.63,0.5475050426003344,-0.0366786308690533,0.5658443580348611,V0.10,5,-0.006724071768493018,0.5774596017008947
2019_20_20200625_SOU_ARS,2019_20,2020-06-25,SOU,ARS,0,0.5300261096605744,1.8,0.5355060268765622,0.0054799172159878,0.5327660682685683,V0.10,4,0.013631994471367311,0.5436581041319417
2019_20_20200627_AVL_WOL,2019_20,2020-06-27,AVL,WOL,0,0.4583333333333333,2.08,0.4977621692633283,0.039428835929995,0.4780477512983308,V0.10,3,0.011520242707619003,0.4698535760409523
2019_20_20200628_WAT_SOU,2019_20,2020-06-28,WAT,SOU,1,0.4778067885117493,2.0,0.5007113707517575,0.0229045822400082,0.4892590796317534,V0.10,3,0.011520242707619003,0.48932703121936827
2019_20_20200629_CRY_BUR,2019_20,2020-06-29,CRY,BUR,0,0.3934837092731829,2.42,0.4106693663649056,0.0171856570917227,0.4020765378190442,V0.10,1,-0.009168426810722744,0.38431528246246016
2019_20_20200630_BRI_MUN,2019_20,2020-06-30,BRI,MUN,1,0.4559585492227979,2.1,0.4885391993649998,0.0325806501422019,0.4722488742938988,V0.10,3,0.011520242707619003,0.46747879193041686
2019_20_20200701_ARS_NOR,2019_20,2020-07-01,ARS,NOR,1,0.5618556701030928,1.7,0.574137714273114,0.0122820441700212,0.5679966921881034,V0.10,5,-0.006724071768493018,0.5551315983345998
2019_20_20200701_BOU_NEW,2019_20,2020-07-01,BOU,NEW,1,0.4005037783375315,2.38,0.408211675128371,0.0077078967908394,0.4043577267329512,V0.10,2,0.00015894712498399808,0.40066272546251547
2019_20_20200701_EVE_LEI,2019_20,2020-07-01,EVE,LEI,1,0.4583333333333333,2.08,0.4386159125101568,-0.0197174208231765,0.448474622921745,V0.10,3,0.011520242707619003,0.4698535760409523
2019_20_20200701_WHU_CHE,2019_20,2020-07-01,WHU,CHE,1,0.5544041450777203,1.72,0.5693221551582033,0.0149180100804829,0.5618631501179618,V0.10,5,-0.006724071768493018,0.5476800733092273
2019_20_20200702_MCI_LIV,2019_20,2020-07-02,MCI,LIV,1,0.606516290726817,1.57,0.5576032837049738,-0.0489130070218432,0.5820597872158955,V0.10,6,-0.0061220869341147115,0.6003942037927023
2019_20_20200702_SHU_TOT,2019_20,2020-07-02,SHU,TOT,1,0.4430051813471503,2.15,0.4413233618504241,-0.0016818194967261,0.4421642715987872,V0.10,2,0.00015894712498399808,0.44316412847213427
2019_20_20200704_CHE_WAT,2019_20,2020-07-04,CHE,WAT,1,0.5518134715025906,1.73,0.5562260841194093,0.0044126126168186,0.554019777811,V0.10,5,-0.006724071768493018,0.5450893997340976
2019_20_20200704_LEI_CRY,2019_20,2020-07-04,LEI,CRY,1,0.4333333333333333,2.21,0.4356211354842497,0.0022878021509164,0.4344772344087915,V0.10,2,0.00015894712498399808,0.4334922804583173
2019_20_20200704_MUN_BOU,2019_20,2020-07-04,MUN,BOU,1,0.624078624078624,1.53,0.6441669005868541,0.02008827650823,0.634122762332739,V0.10,6,-0.0061220869341147115,0.6179565371445093
2019_20_20200704_NOR_BRI,2019_20,2020-07-04,NOR,BRI,0,0.4597402597402597,2.08,0.5060121811430914,0.0462719214028317,0.4828762204416755,V0.10,3,0.011520242707619003,0.4712605024478787
2019_20_20200704_WOL_ARS,2019_20,2020-07-04,WOL,ARS,0,0.4545454545454546,2.1,0.4341569343376556,-0.0203885202077989,0.4443511944415551,V0.10,3,0.011520242707619003,0.46606569725307356
2019_20_20200705_BUR_SHU,2019_20,2020-07-05,BUR,SHU,0,0.359903381642512,2.65,0.3733450195904471,0.013441637947935,0.3666242006164795,V0.10,1,-0.009168426810722744,0.3507349548317893
2019_20_20200705_LIV_AVL,2019_20,2020-07-05,LIV,AVL,0,0.637469586374696,1.49,0.6334680115993778,-0.0040015747753181,0.6354687989870369,V0.10,6,-0.0061220869341147115,0.6313474994405812
2019_20_20200705_NEW_WHU,2019_20,2020-07-05,NEW,WHU,1,0.4764397905759163,2.0,0.4808377209413728,0.0043979303654565,0.4786387557586445,V0.10,3,0.011520242707619003,0.48796003328353527
2019_20_20200705_SOU_MCI,2019_20,2020-07-05,SOU,MCI,0,0.6159600997506234,1.54,0.617100799394868,0.0011406996442445,0.6165304495727457,V0.10,6,-0.0061220869341147115,0.6098380128165086
2019_20_20200706_TOT_EVE,2019_20,2020-07-06,TOT,EVE,0,0.5143603133159269,1.86,0.4915553936210244,-0.0228049196949024,0.5029578534684757,V0.10,4,0.013631994471367311,0.5279923077872942
2019_20_20200707_ARS_LEI,2019_20,2020-07-07,ARS,LEI,0,0.5091383812010444,1.88,0.4874976866845896,-0.0216406945164547,0.498318033942817,V0.10,4,0.013631994471367311,0.5227703756724117
2019_20_20200707_CRY_CHE,2019_20,2020-07-07,CRY,CHE,1,0.5221932114882506,1.83,0.5430549131111116,0.020861701622861,0.5326240622996812,V0.10,4,0.013631994471367311,0.5358252059596179
2019_20_20200707_WAT_NOR,2019_20,2020-07-07,WAT,NOR,1,0.4675324675324676,2.05,0.5056358413077539,0.0381033737752862,0.4865841544201107,V0.10,3,0.011520242707619003,0.47905271024008655
2019_20_20200708_BRI_LIV,2019_20,2020-07-08,BRI,LIV,1,0.5506493506493506,1.73,0.5646688041075865,0.0140194534582358,0.5576590773784685,V0.10,5,-0.006724071768493018,0.5439252788808576
2019_20_20200708_MCI_NEW,2019_20,2020-07-08,MCI,NEW,1,0.6840909090909091,1.39,0.6937911512967833,0.0097002422058741,0.6889410301938461,V0.10,7,-0.0017059520158611398,0.682384957075048
2019_20_20200708_SHU_WOL,2019_20,2020-07-08,SHU,WOL,0,0.3533653846153846,2.69,0.3550082954918701,0.0016429108764855,0.3541868400536273,V0.10,1,-0.009168426810722744,0.34419695780466186
2019_20_20200708_WHU_BUR,2019_20,2020-07-08,WHU,BUR,0,0.4635416666666666,2.06,0.4837422687506981,0.0202006020840315,0.4736419677086824,V0.10,3,0.011520242707619003,0.47506190937428555
2019_20_20200709_AVL_MUN,2019_20,2020-07-09,AVL,MUN,1,0.5769230769230769,1.65,0.6384324836809717,0.0615094067578948,0.6076777803020244,V0.10,5,-0.006724071768493018,0.5701990051545839
2019_20_20200709_BOU_TOT,2019_20,2020-07-09,BOU,TOT,0,0.5506493506493506,1.73,0.5443828448739764,-0.0062665057753742,0.5475160977616635,V0.10,5,-0.006724071768493018,0.5439252788808576
2019_20_20200709_EVE_SOU,2019_20,2020-07-09,EVE,SOU,0,0.4973821989528796,1.92,0.5092582182572327,0.0118760193043531,0.5033202086050561,V0.10,3,0.011520242707619003,0.5089024416604986
2019_20_20200711_BRI_MCI,2019_20,2020-07-11,BRI,MCI,1,0.6265356265356266,1.52,0.6472947132371085,0.0207590867014819,0.6369151698863675,V0.10,6,-0.0061220869341147115,0.6204135396015118
2019_20_20200711_LIV_BUR,2019_20,2020-07-11,LIV,BUR,0,0.625615763546798,1.52,0.633728521461266,0.0081127579144679,0.629672142504032,V0.10,6,-0.0061220869341147115,0.6194936766126833
2019_20_20200711_NOR_WHU,2019_20,2020-07-11,NOR,WHU,1,0.5234374999999999,1.83,0.5621011383621123,0.0386636383621123,0.5427693191810561,V0.10,4,0.013631994471367311,0.5370694944713672
2019_20_20200711_SHU_CHE,2019_20,2020-07-11,SHU,CHE,1,0.4830287206266319,1.98,0.486782430584756,0.0037537099581241,0.4849055756056939,V0.10,3,0.011520242707619003,0.49454896333425086
2019_20_20200711_WAT_NEW,2019_20,2020-07-11,WAT,NEW,1,0.4635416666666666,2.06,0.4954817871861856,0.031940120519519,0.4795117269264261,V0.10,3,0.011520242707619003,0.47506190937428555
2019_20_20200712_AVL_CRY,2019_20,2020-07-12,AVL,CRY,0,0.4751958224543081,2.01,0.5252879826625516,0.0500921602082435,0.5002419025584298,V0.10,3,0.011520242707619003,0.48671606516192706
2019_20_20200712_BOU_LEI,2019_20,2020-07-12,BOU,LEI,1,0.5039370078740157,1.89,0.515727225614531,0.0117902177405152,0.5098321167442734,V0.10,4,0.013631994471367311,0.5175690023453831
2019_20_20200712_TOT_ARS,2019_20,2020-07-12,TOT,ARS,1,0.5402597402597403,1.77,0.5226619524356945,-0.0175977878240458,0.5314608463477174,V0.10,4,0.013631994471367311,0.5538917347311076
2019_20_20200712_WOL_EVE,2019_20,2020-07-12,WOL,EVE,1,0.3836633663366336,2.49,0.3690239585489193,-0.0146394077877143,0.3763436624427764,V0.10,1,-0.009168426810722744,0.3744949395259109
2019_20_20200713_MUN_SOU,2019_20,2020-07-13,MUN,SOU,1,0.5913705583756345,1.61,0.6025782932066134,0.0112077348309789,0.5969744257911239,V0.10,5,-0.006724071768493018,0.5846464866071415
2019_20_20200714_CHE_NOR,2019_20,2020-07-14,CHE,NOR,0,0.6997792494481236,1.36,0.7160512479204741,0.0162719984723505,0.7079152486842989,V0.10,7,-0.0017059520158611398,0.6980732974322625
2019_20_20200715_ARS_LIV,2019_20,2020-07-15,ARS,LIV,1,0.6040100250626567,1.58,0.580222703707313,-0.0237873213553436,0.5921163643849848,V0.10,6,-0.0061220869341147115,0.5978879381285419
2019_20_20200715_BUR_WOL,2019_20,2020-07-15,BUR,WOL,0,0.3777777777777777,2.52,0.3896294875044927,0.011851709726715,0.3837036326411352,V0.10,1,-0.009168426810722744,0.368609350967055
2019_20_20200715_MCI_BOU,2019_20,2020-07-15,MCI,BOU,1,0.7388663967611336,1.29,0.7132375914521247,-0.0256288053090089,0.7260519941066292,V0.10,8,-0.006562415313620402,0.7323039814475132
2019_20_20200715_NEW_TOT,2019_20,2020-07-15,NEW,TOT,1,0.5104712041884817,1.87,0.5065601919543852,-0.0039110122340965,0.5085156980714334,V0.10,4,0.013631994471367311,0.524103198659849
2019_20_20200716_CRY_MUN,2019_20,2020-07-16,CRY,MUN,0,0.5402597402597403,1.77,0.5787132768750386,0.0384535366152982,0.5594865085673895,V0.10,4,0.013631994471367311,0.5538917347311076
2019_20_20200716_EVE_AVL,2019_20,2020-07-16,EVE,AVL,0,0.5104712041884817,1.87,0.5348652945474204,0.0243940903589386,0.5226682493679511,V0.10,4,0.013631994471367311,0.524103198659849
2019_20_20200716_LEI_SHU,2019_20,2020-07-16,LEI,SHU,0,0.4455958549222798,2.14,0.4605918163618905,0.0149959614396106,0.4530938356420851,V0.10,2,0.00015894712498399808,0.4457548020472638
2019_20_20200716_SOU_BRI,2019_20,2020-07-16,SOU,BRI,0,0.4481865284974093,2.13,0.4720403398321443,0.0238538113347349,0.4601134341647768,V0.10,2,0.00015894712498399808,0.4483454756223933
2019_20_20200717_WHU_WAT,2019_20,2020-07-17,WHU,WAT,1,0.4699738903394256,2.03,0.4799140333930199,0.0099401430535943,0.4749439618662228,V0.10,3,0.011520242707619003,0.4814941330470446
2019_20_20200718_NOR_BUR,2019_20,2020-07-18,NOR,BUR,0,0.4647519582245431,2.05,0.5129972669634312,0.048245308738888,0.4888746125939871,V0.10,3,0.011520242707619003,0.4762722009321621
2019_20_20200719_BOU_SOU,2019_20,2020-07-19,BOU,SOU,0,0.5581395348837209,1.71,0.5968428403390023,0.0387033054552813,0.5774911876113615,V0.10,5,-0.006724071768493018,0.5514154631152279
2019_20_20200719_TOT_LEI,2019_20,2020-07-19,TOT,LEI,1,0.4895287958115184,1.95,0.4708201186193989,-0.0187086771921195,0.4801744572154586,V0.10,3,0.011520242707619003,0.5010490385191374
2019_20_20200720_BRI_NEW,2019_20,2020-07-20,BRI,NEW,0,0.4493506493506493,2.12,0.4808330336410257,0.0314823842903764,0.4650918414958375,V0.10,2,0.00015894712498399808,0.44950959647563327
2019_20_20200720_SHU_EVE,2019_20,2020-07-20,SHU,EVE,0,0.4111675126903554,2.32,0.412255528932294,0.0010880162419386,0.4117115208113246,V0.10,2,0.00015894712498399808,0.4113264598153394
2019_20_20200720_WOL_CRY,2019_20,2020-07-20,WOL,CRY,0,0.4173027989821883,2.29,0.4183672224827967,0.0010644235006083,0.4178350107324925,V0.10,2,0.00015894712498399808,0.4174617461071723
2019_20_20200721_AVL_ARS,2019_20,2020-07-21,AVL,ARS,0,0.5754475703324808,1.66,0.6161148707036311,0.0406673003711502,0.5957812205180559,V0.10,5,-0.006724071768493018,0.5687234985639879
2019_20_20200721_WAT_MCI,2019_20,2020-07-21,WAT,MCI,1,0.6433734939759036,1.48,0.6526961528429909,0.0093226588670872,0.6480348234094473,V0.10,6,-0.0061220869341147115,0.6372514070417888
2019_20_20200722_LIV_CHE,2019_20,2020-07-22,LIV,CHE,1,0.5939086294416244,1.6,0.5605056287993084,-0.0334030006423159,0.5772071291204663,V0.10,5,-0.006724071768493018,0.5871845576731314
2019_20_20200722_MUN_WHU,2019_20,2020-07-22,MUN,WHU,0,0.6457831325301205,1.47,0.6488055789905841,0.0030224464604635,0.6472943557603523,V0.10,6,-0.0061220869341147115,0.6396610455960058
2019_20_20200726_ARS_WAT,2019_20,2020-07-26,ARS,WAT,1,0.5924050632911392,1.61,0.603510008555547,0.0111049452644078,0.5979575359233431,V0.10,5,-0.006724071768493018,0.5856809915226462
2019_20_20200726_BUR_BRI,2019_20,2020-07-26,BUR,BRI,1,0.5,1.91,0.555085081456524,0.055085081456524,0.527542540728262,V0.10,4,0.013631994471367311,0.5136319944713673
2019_20_20200726_CHE_WOL,2019_20,2020-07-26,CHE,WOL,0,0.5026178010471204,1.9,0.4915091213407134,-0.0111086797064069,0.4970634611939169,V0.10,4,0.013631994471367311,0.5162497955184877
2019_20_20200726_CRY_TOT,2019_20,2020-07-26,CRY,TOT,0,0.5416666666666667,1.76,0.558285751197602,0.0166190845309353,0.5499762089321344,V0.10,4,0.013631994471367311,0.555298661138034
2019_20_20200726_EVE_BOU,2019_20,2020-07-26,EVE,BOU,1,0.602015113350126,1.58,0.6279129356802092,0.0258978223300831,0.6149640245151676,V0.10,6,-0.0061220869341147115,0.5958930264160113
2019_20_20200726_LEI_MUN,2019_20,2020-07-26,LEI,MUN,0,0.5182291666666667,1.85,0.5300306761655947,0.0118015094989279,0.5241299214161308,V0.10,4,0.013631994471367311,0.531861161138034
2019_20_20200726_MCI_NOR,2019_20,2020-07-26,MCI,NOR,1,0.7827648114901257,1.21,0.7622317211496961,-0.0205330903404296,0.7724982663199109,V0.10,9,-0.001600694330124494,0.7811641171600012
2019_20_20200726_NEW_LIV,2019_20,2020-07-26,NEW,LIV,1,0.6178660049627792,1.54,0.6177136740855192,-0.0001523308772599,0.6177898395241492,V0.10,6,-0.0061220869341147115,0.6117439180286645
2019_20_20200726_SOU_SHU,2019_20,2020-07-26,SOU,SHU,1,0.5104712041884817,1.87,0.557038194387654,0.0465669901991723,0.5337546992880678,V0.10,4,0.013631994471367311,0.524103198659849
2019_20_20200726_WHU_AVL,2019_20,2020-07-26,WHU,AVL,0,0.5743589743589743,1.66,0.6144218118299382,0.0400628374709638,0.5943903930944563,V0.10,5,-0.006724071768493018,0.5676349025904813
2020_21_20200912_CRY_SOU,2020_21,2020-09-12,CRY,SOU,0,0.4271099744245524,2.24,0.4246512179848101,-0.0024587564397423,0.4258805962046812,V0.10,2,-0.004988769516298708,0.42212120490825367
2020_21_20200912_FUL_ARS,2020_21,2020-09-12,FUL,ARS,1,0.5440414507772021,1.76,0.5555282681813091,0.0114868174041069,0.5497848594792556,V0.10,4,0.00628336357641464,0.5503248143536168
2020_21_20200912_LIV_LEE,2020_21,2020-09-12,LIV,LEE,1,0.6246913580246914,1.52,0.6161032896290626,-0.0085880683956288,0.620397323826877,V0.10,6,-0.003982863717832714,0.6207084943068587
2020_21_20200912_WHU_NEW,2020_21,2020-09-12,WHU,NEW,0,0.4856396866840731,1.97,0.4865764213574797,0.0009367346734066,0.4861080540207764,V0.10,3,0.0017928482160117704,0.48743253490008487
2020_21_20200913_TOT_EVE,2020_21,2020-09-13,TOT,EVE,0,0.4921465968586388,1.94,0.4645986482774387,-0.0275479485812001,0.4783726225680387,V0.10,3,0.0017928482160117704,0.4939394450746506
2020_21_20200913_WBA_LEI,2020_21,2020-09-13,WBA,LEI,1,0.4973821989528796,1.92,0.509092556722857,0.0117103577699774,0.5032373778378683,V0.10,3,0.0017928482160117704,0.4991750471688914
2020_21_20200914_BRI_CHE,2020_21,2020-09-14,BRI,CHE,1,0.5416666666666667,1.76,0.5520058090385828,0.010339142371916,0.5468362378526248,V0.10,4,0.00628336357641464,0.5479500302430814
2020_21_20200914_SHU_WOL,2020_21,2020-09-14,SHU,WOL,0,0.3557692307692308,2.68,0.3436271135240253,-0.0121421172452054,0.349698172146628,V0.10,1,-0.013905860760398701,0.3418633700088321
2020_21_20200919_ARS_WHU,2020_21,2020-09-19,ARS,WHU,1,0.583756345177665,1.64,0.5724571985561399,-0.011299146621525,0.5781067718669024,V0.10,5,-4.702330640077761e-05,0.5837093218712641
2020_21_20200919_EVE_WBA,2020_21,2020-09-19,EVE,WBA,1,0.5286458333333333,1.81,0.5491431592401126,0.0204973259067793,0.5388944962867229,V0.10,4,0.00628336357641464,0.5349291969097479
2020_21_20200919_LEE_FUL,2020_21,2020-09-19,LEE,FUL,1,0.4973958333333334,1.93,0.4112421331863191,-0.0861537001470143,0.4543189832598262,V0.10,3,0.0017928482160117704,0.4991886815493452
2020_21_20200919_MUN_CRY,2020_21,2020-09-19,MUN,CRY,1,0.5743589743589743,1.66,0.5809817373957348,0.0066227630367604,0.5776703558773546,V0.10,5,-4.702330640077761e-05,0.5743119510525735
2020_21_20200920_CHE_LIV,2020_21,2020-09-20,CHE,LIV,0,0.5934343434343434,1.61,0.56498249565497,-0.0284518477793733,0.5792084195446567,V0.10,5,-4.702330640077761e-05,0.5933873201279426
2020_21_20200920_LEI_BUR,2020_21,2020-09-20,LEI,BUR,1,0.4908616187989557,1.95,0.4896712095547496,-0.0011904092442061,0.4902664141768526,V0.10,3,0.0017928482160117704,0.49265446701496746
2020_21_20200920_NEW_BRI,2020_21,2020-09-20,NEW,BRI,1,0.4005037783375315,2.38,0.3897442997955574,-0.010759478541974,0.3951240390665445,V0.10,2,-0.004988769516298708,0.39551500882123275
2020_21_20200920_SOU_TOT,2020_21,2020-09-20,SOU,TOT,1,0.4869791666666667,1.97,0.4758047478882563,-0.0111744187784104,0.4813919572774615,V0.10,3,0.0017928482160117704,0.48877201488267846
2020_21_20200921_AVL_SHU,2020_21,2020-09-21,AVL,SHU,0,0.4245524296675191,2.25,0.4408084150444602,0.0162559853769411,0.4326804223559897,V0.10,2,-0.004988769516298708,0.4195636601512204
2020_21_20200921_WOL_MCI,2020_21,2020-09-21,WOL,MCI,1,0.5618556701030928,1.7,0.5493760282464297,-0.012479641856663,0.5556158491747613,V0.10,5,-4.702330640077761e-05,0.561808646796692
2020_21_20200926_BRI_MUN,2020_21,2020-09-26,BRI,MUN,1,0.5143603133159269,1.86,0.534859283354359,0.020498970038432,0.524609798335143,V0.10,4,0.00628336357641464,0.5206436768923416
2020_21_20200926_BUR_SOU,2020_21,2020-09-26,BUR,SOU,0,0.4557291666666667,2.09,0.4553076754102321,-0.0004214912564345,0.4555184210384494,V0.10,3,0.0017928482160117704,0.45752201488267846
2020_21_20200926_CRY_EVE,2020_21,2020-09-26,CRY,EVE,1,0.441860465116279,2.16,0.4361332151527964,-0.0057272499634825,0.4389968401345377,V0.10,2,-0.004988769516298708,0.4368716955999803
2020_21_20200926_WBA_CHE,2020_21,2020-09-26,WBA,CHE,1,0.5816326530612244,1.64,0.5989593847244672,0.0173267316632428,0.5902960188928458,V0.10,5,-4.702330640077761e-05,0.5815856297548235
2020_21_20200927_MCI_LEI,2020_21,2020-09-27,MCI,LEI,1,0.6728538283062646,1.41,0.6470761171784227,-0.0257777111278418,0.6599649727423437,V0.10,7,-0.005043042113440492,0.6678107861928241
2020_21_20200927_SHU_LEE,2020_21,2020-09-27,SHU,LEE,0,0.4778067885117493,2.0,0.3706756952245021,-0.1071310932872471,0.4242412418681257,V0.10,3,0.0017928482160117704,0.47959963672776107
2020_21_20200927_TOT_NEW,2020_21,2020-09-27,TOT,NEW,0,0.5454545454545455,1.75,0.536388285432054,-0.0090662600224915,0.5409214154432997,V0.10,4,0.00628336357641464,0.5517379090309602
2020_21_20200927_WHU_WOL,2020_21,2020-09-27,WHU,WOL,1,0.4481865284974093,2.13,0.4372809041924148,-0.0109056243049944,0.4427337163449121,V0.10,2,-0.004988769516298708,0.4431977589811106
2020_21_20200928_FUL_AVL,2020_21,2020-09-28,FUL,AVL,1,0.4595300261096606,2.07,0.4659371844883642,0.0064071583787036,0.4627336052990124,V0.10,3,0.0017928482160117704,0.46132287432567237
2020_21_20200928_LIV_ARS,2020_21,2020-09-28,LIV,ARS,1,0.6169154228855721,1.54,0.5855816848089399,-0.0313337380766322,0.6012485538472561,V0.10,6,-0.003982863717832714,0.6129325591677394
2020_21_20201003_CHE_CRY,2020_21,2020-10-03,CHE,CRY,1,0.589873417721519,1.62,0.5932120633756478,0.0033386456541287,0.5915427405485834,V0.10,5,-4.702330640077761e-05,0.5898263944151182
2020_21_20201003_EVE_BRI,2020_21,2020-10-03,EVE,BRI,1,0.5221932114882506,1.83,0.5315346226577807,0.0093414111695301,0.5268639170730156,V0.10,4,0.00628336357641464,0.5284765750646653
2020_21_20201003_LEE_MCI,2020_21,2020-10-03,LEE,MCI,0,0.6941964285714286,1.37,0.6305692188674784,-0.0636272097039502,0.6623828237194536,V0.10,7,-0.005043042113440492,0.6891533864579881
2020_21_20201003_NEW_BUR,2020_21,2020-10-03,NEW,BUR,1,0.4122137404580152,2.31,0.4069215858340605,-0.0052921546239546,0.4095676631460379,V0.10,2,-0.004988769516298708,0.40722497094171645
2020_21_20201004_ARS_SHU,2020_21,2020-10-04,ARS,SHU,1,0.4947643979057591,1.93,0.483737940761594,-0.011026457144165,0.4892511693336765,V0.10,3,0.0017928482160117704,0.4965572461217709
2020_21_20201004_AVL_LIV,2020_21,2020-10-04,AVL,LIV,1,0.6203473945409429,1.53,0.6396199460323816,0.0192725514914386,0.6299836702866622,V0.10,6,-0.003982863717832714,0.6163645308231102
2020_21_20201004_LEI_WHU,2020_21,2020-10-04,LEI,WHU,1,0.5732647814910026,1.66,0.5708948073854497,-0.0023699741055528,0.5720797944382261,V0.10,5,-4.702330640077761e-05,0.5732177581846017
2020_21_20201004_MUN_TOT,2020_21,2020-10-04,MUN,TOT,1,0.5326370757180157,1.79,0.5053008121950084,-0.0273362635230072,0.518968943956512,V0.10,4,0.00628336357641464,0.5389204392944303
2020_21_20201004_SOU_WBA,2020_21,2020-10-04,SOU,WBA,0,0.5287958115183247,1.8,0.5509357251992975,0.0221399136809727,0.5398657683588111,V0.10,4,0.00628336357641464,0.5350791750947393
2020_21_20201004_WOL_FUL,2020_21,2020-10-04,WOL,FUL,0,0.4493506493506493,2.12,0.4359649236989035,-0.0133857256517457,0.4426577865247764,V0.10,2,-0.004988769516298708,0.44436187983435055
2020_21_20201017_CHE_SOU,2020_21,2020-10-17,CHE,SOU,1,0.6030150753768844,1.58,0.6099432282136229,0.0069281528367385,0.6064791517952537,V0.10,6,-0.003982863717832714,0.5990322116590516
2020_21_20201017_EVE_LIV,2020_21,2020-10-17,EVE,LIV,1,0.6231527093596059,1.53,0.6154896772241218,-0.007663032135484,0.6193211932918639,V0.10,6,-0.003982863717832714,0.6191698456417731
2020_21_20201017_MCI_ARS,2020_21,2020-10-17,MCI,ARS,0,0.6619385342789598,1.43,0.624537882639143,-0.0374006516398167,0.6432382084590513,V0.10,7,-0.005043042113440492,0.6568954921655192
2020_21_20201017_NEW_MUN,2020_21,2020-10-17,NEW,MUN,1,0.548051948051948,1.74,0.5631542818555965,0.0151023338036484,0.5556031149537722,V0.10,4,0.00628336357641464,0.5543353116283627
2020_21_20201018_CRY_BRI,2020_21,2020-10-18,CRY,BRI,0,0.4355670103092783,2.19,0.4385710217776719,0.0030040114683936,0.4370690160434751,V0.10,2,-0.004988769516298708,0.43057824079297957
2020_21_20201018_LEI_AVL,2020_21,2020-10-18,LEI,AVL,0,0.5852417302798981,1.63,0.5998580344577956,0.0146163041778974,0.5925498823688469,V0.10,5,-4.702330640077761e-05,0.5851947069734973
2020_21_20201018_SHU_FUL,2020_21,2020-10-18,SHU,FUL,0,0.423076923076923,2.25,0.4190264976393713,-0.0040504254375517,0.4210517103581471,V0.10,2,-0.004988769516298708,0.4180881535606243
2020_21_20201018_TOT_WHU,2020_21,2020-10-18,TOT,WHU,1,0.5984848484848484,1.59,0.5899576289674582,-0.0085272195173902,0.5942212387261533,V0.10,5,-4.702330640077761e-05,0.5984378251784476
2020_21_20201019_LEE_WOL,2020_21,2020-10-19,LEE,WOL,0,0.4467532467532467,2.13,0.3862452768774581,-0.0605079698757885,0.4164992618153524,V0.10,2,-0.004988769516298708,0.44176447723694795
2020_21_20201019_WBA_BUR,2020_21,2020-10-19,WBA,BUR,0,0.4493506493506493,2.12,0.4535568922646344,0.0042062429139851,0.4514537708076419,V0.10,2,-0.004988769516298708,0.44436187983435055
2020_21_20201023_AVL_LEE,2020_21,2020-10-23,AVL,LEE,1,0.5944584382871536,1.61,0.6050266990089792,0.0105682607218255,0.5997425686480664,V0.10,5,-4.702330640077761e-05,0.5944114149807528
2020_21_20201024_FUL_CRY,2020_21,2020-10-24,FUL,CRY,1,0.4209183673469387,2.27,0.4171243062331929,-0.0037940611137457,0.4190213367900658,V0.10,2,-0.004988769516298708,0.41592959783064
2020_21_20201024_LIV_SHU,2020_21,2020-10-24,LIV,SHU,1,0.6365853658536585,1.49,0.6408813096801192,0.0042959438264607,0.6387333377668889,V0.10,6,-0.003982863717832714,0.6326025021358258
2020_21_20201024_MUN_CHE,2020_21,2020-10-24,MUN,CHE,0,0.5888324873096447,1.62,0.570188229438414,-0.0186442578712306,0.5795103583740293,V0.10,5,-4.702330640077761e-05,0.5887854640032438
2020_21_20201024_WHU_MCI,2020_21,2020-10-24,WHU,MCI,0,0.6705336426914155,1.42,0.6680868009080965,-0.0024468417833189,0.669310221799756,V0.10,7,-0.005043042113440492,0.6654906005779749
2020_21_20201025_ARS_LEI,2020_21,2020-10-25,ARS,LEI,0,0.5492227979274612,1.74,0.5261818712287128,-0.0230409266987483,0.537702334578087,V0.10,4,0.00628336357641464,0.5555061615038759
2020_21_20201025_SOU_EVE,2020_21,2020-10-25,SOU,EVE,0,0.5338541666666666,1.79,0.5365550313732117,0.002700864706545,0.5352045990199392,V0.10,4,0.00628336357641464,0.5401375302430813
2020_21_20201025_WOL_NEW,2020_21,2020-10-25,WOL,NEW,0,0.4245524296675191,2.25,0.4084002789670235,-0.0161521507004955,0.4164763543172713,V0.10,2,-0.004988769516298708,0.4195636601512204
2020_21_20201026_BRI_WBA,2020_21,2020-10-26,BRI,WBA,0,0.5221932114882506,1.83,0.5564973169775084,0.0343041054892577,0.5393452642328795,V0.10,4,0.00628336357641464,0.5284765750646653
2020_21_20201026_BUR_TOT,2020_21,2020-10-26,BUR,TOT,0,0.518324607329843,1.84,0.5147937763080989,-0.0035308310217441,0.5165591918189709,V0.10,4,0.00628336357641464,0.5246079709062577
2020_21_20201030_WOL_CRY,2020_21,2020-10-30,WOL,CRY,0,0.3566265060240964,2.67,0.3285051820245172,-0.0281213239995791,0.3425658440243068,V0.10,1,-0.013905860760398701,0.3427206452636977
2020_21_20201031_BUR_CHE,2020_21,2020-10-31,BUR,CHE,1,0.5732647814910026,1.66,0.5838133438943479,0.0105485624033453,0.5785390626926752,V0.10,5,-4.702330640077761e-05,0.5732177581846017
2020_21_20201031_LIV_WHU,2020_21,2020-10-31,LIV,WHU,1,0.6781609195402298,1.4,0.6665798029798495,-0.0115811165603803,0.6723703612600397,V0.10,7,-0.005043042113440492,0.6731178774267893
2020_21_20201031_SHU_MCI,2020_21,2020-10-31,SHU,MCI,0,0.6308068459657702,1.51,0.6464632325732088,0.0156563866074386,0.6386350392694895,V0.10,6,-0.003982863717832714,0.6268239822479375
2020_21_20201101_AVL_SOU,2020_21,2020-11-01,AVL,SOU,1,0.5790816326530612,1.65,0.615089383682022,0.0360077510289608,0.5970855081675417,V0.10,5,-4.702330640077761e-05,0.5790346093466604
2020_21_20201101_MUN_ARS,2020_21,2020-11-01,MUN,ARS,0,0.5492227979274612,1.74,0.527957699862493,-0.0212650980649682,0.5385902488949771,V0.10,4,0.00628336357641464,0.5555061615038759
2020_21_20201101_NEW_EVE,2020_21,2020-11-01,NEW,EVE,1,0.5248041775456919,1.82,0.5329220223364592,0.0081178447907673,0.5288630999410755,V0.10,4,0.00628336357641464,0.5310875411221065
2020_21_20201101_TOT_BRI,2020_21,2020-11-01,TOT,BRI,1,0.578005115089514,1.65,0.5767286384660277,-0.0012764766234862,0.5773668767777709,V0.10,5,-4.702330640077761e-05,0.5779580917831132
2020_21_20201102_FUL_WBA,2020_21,2020-11-02,FUL,WBA,0,0.4635416666666666,2.06,0.4828480155736355,0.0193063489069689,0.4731948411201511,V0.10,3,0.0017928482160117704,0.46533451488267835
2020_21_20201102_LEE_LEI,2020_21,2020-11-02,LEE,LEI,1,0.5454545454545455,1.75,0.5225229444253998,-0.0229316010291457,0.5339887449399727,V0.10,4,0.00628336357641464,0.5517379090309602
2020_21_20201106_BRI_BUR,2020_21,2020-11-06,BRI,BUR,0,0.451948051948052,2.11,0.4566953059638482,0.0047472540157962,0.4543216789559501,V0.10,3,0.0017928482160117704,0.45374090016406377
2020_21_20201106_SOU_NEW,2020_21,2020-11-06,SOU,NEW,0,0.5221932114882506,1.83,0.5336924607216663,0.0114992492334157,0.5279428361049585,V0.10,4,0.00628336357641464,0.5284765750646653
2020_21_20201107_CHE_SHU,2020_21,2020-11-07,CHE,SHU,1,0.5644329896907216,1.69,0.5760612801351551,0.0116282904444334,0.5702471349129383,V0.10,5,-4.702330640077761e-05,0.5643859663843208
2020_21_20201107_CRY_LEE,2020_21,2020-11-07,CRY,LEE,1,0.4921465968586388,1.94,0.4726398388669321,-0.0195067579917066,0.4823932178627855,V0.10,3,0.0017928482160117704,0.4939394450746506
2020_21_20201107_EVE_MUN,2020_21,2020-11-07,EVE,MUN,1,0.5416666666666667,1.76,0.5339377603566358,-0.0077289063100309,0.5378022135116513,V0.10,4,0.00628336357641464,0.5479500302430814
2020_21_20201107_WHU_FUL,2020_21,2020-11-07,WHU,FUL,0,0.5235602094240838,1.82,0.5239328919910204,0.0003726825669366,0.523746550707552,V0.10,4,0.00628336357641464,0.5298435730004984
2020_21_20201108_ARS_AVL,2020_21,2020-11-08,ARS,AVL,1,0.5692307692307692,1.68,0.5684026506085939,-0.0008281186221753,0.5688167099196815,V0.10,5,-4.702330640077761e-05,0.5691837459243684
2020_21_20201108_LEI_WOL,2020_21,2020-11-08,LEI,WOL,0,0.4060913705583756,2.34,0.3732477144009412,-0.0328436561574344,0.3896695424796583,V0.10,2,-0.004988769516298708,0.40110260104207685
2020_21_20201108_MCI_LIV,2020_21,2020-11-08,MCI,LIV,0,0.6595744680851063,1.44,0.6147223728799198,-0.0448520952051865,0.6371484204825131,V0.10,7,-0.005043042113440492,0.6545314259716658
2020_21_20201108_WBA_TOT,2020_21,2020-11-08,WBA,TOT,0,0.5607235142118864,1.7,0.5762516571107571,0.0155281428988707,0.5684875856613217,V0.10,5,-4.702330640077761e-05,0.5606764909054855
2020_21_20201121_AVL_BRI,2020_21,2020-11-21,AVL,BRI,1,0.5442708333333333,1.75,0.5709953306341908,0.0267244973008575,0.557633081983762,V0.10,4,0.00628336357641464,0.5505541969097479
2020_21_20201121_MUN_WBA,2020_21,2020-11-21,MUN,WBA,0,0.5816326530612244,1.64,0.6014719816145148,0.0198393285532904,0.5915523173378696,V0.10,5,-4.702330640077761e-05,0.5815856297548235
2020_21_20201121_NEW_CHE,2020_21,2020-11-21,NEW,CHE,0,0.5743589743589743,1.66,0.5810515703804944,0.00669259602152,0.5777052723697343,V0.10,5,-4.702330640077761e-05,0.5743119510525735
2020_21_20201121_TOT_MCI,2020_21,2020-11-21,TOT,MCI,0,0.5969773299748111,1.6,0.5642134361594778,-0.0327638938153332,0.5805953830671444,V0.10,5,-4.702330640077761e-05,0.5969303066684103
2020_21_20201122_FUL_EVE,2020_21,2020-11-22,FUL,EVE,1,0.5454545454545455,1.75,0.5708739794671515,0.0254194340126059,0.5581642624608485,V0.10,4,0.00628336357641464,0.5517379090309602
2020_21_20201122_LEE_ARS,2020_21,2020-11-22,LEE,ARS,0,0.5743589743589743,1.66,0.558247427972687,-0.0161115463862873,0.5663032011658307,V0.10,5,-4.702330640077761e-05,0.5743119510525735
2020_21_20201122_LIV_LEI,2020_21,2020-11-22,LIV,LEI,1,0.6005025125628142,1.59,0.5692057016636808,-0.0312968108991333,0.5848541071132475,V0.10,6,-0.003982863717832714,0.5965196488449814
2020_21_20201122_SHU_WHU,2020_21,2020-11-22,SHU,WHU,0,0.451948051948052,2.11,0.451762484924646,-0.0001855670234059,0.451855268436349,V0.10,3,0.0017928482160117704,0.45374090016406377
2020_21_20201123_BUR_CRY,2020_21,2020-11-23,BUR,CRY,0,0.39,2.44,0.3778788215469285,-0.0121211784530715,0.3839394107734643,V0.10,1,-0.013905860760398701,0.37609413923960133
2020_21_20201123_WOL_SOU,2020_21,2020-11-23,WOL,SOU,0,0.4282051282051282,2.23,0.4154729621039713,-0.0127321661011569,0.4218390451545497,V0.10,2,-0.004988769516298708,0.42321635868882945
2020_21_20201127_CRY_NEW,2020_21,2020-11-27,CRY,NEW,0,0.4075949367088607,2.34,0.3956966102494547,-0.011898326459406,0.4016457734791577,V0.10,2,-0.004988769516298708,0.402606167192562
2020_21_20201128_BRI_LIV,2020_21,2020-11-28,BRI,LIV,0,0.6030150753768844,1.58,0.6093083069780395,0.0062932316011551,0.6061616911774619,V0.10,6,-0.003982863717832714,0.5990322116590516
2020_21_20201128_EVE_LEE,2020_21,2020-11-28,EVE,LEE,0,0.5877862595419847,1.62,0.5748580033108575,-0.0129282562311272,0.5813221314264211,V0.10,5,-4.702330640077761e-05,0.5877392362355839
2020_21_20201128_MCI_BUR,2020_21,2020-11-28,MCI,BUR,1,0.6539379474940334,1.45,0.6490966129889969,-0.0048413345050365,0.6515172802415152,V0.10,7,-0.005043042113440492,0.6488949053805929
2020_21_20201128_WBA_SHU,2020_21,2020-11-28,WBA,SHU,0,0.4168797953964194,2.28,0.4293170606561052,0.0124372652596858,0.4230984280262623,V0.10,2,-0.004988769516298708,0.41189102588012066
2020_21_20201129_ARS_WOL,2020_21,2020-11-29,ARS,WOL,1,0.4122137404580152,2.31,0.3708053613074735,-0.0414083791505416,0.3915095508827443,V0.10,2,-0.004988769516298708,0.40722497094171645
2020_21_20201129_CHE_TOT,2020_21,2020-11-29,CHE,TOT,0,0.5416666666666667,1.76,0.5069895061896452,-0.0346771604770215,0.524328086428156,V0.10,4,0.00628336357641464,0.5479500302430814
2020_21_20201129_SOU_MUN,2020_21,2020-11-29,SOU,MUN,1,0.5261780104712042,1.81,0.523374975386192,-0.0028030350850121,0.5247764929286981,V0.10,4,0.00628336357641464,0.5324613740476188
2020_21_20201130_LEI_FUL,2020_21,2020-11-30,LEI,FUL,1,0.5506493506493506,1.73,0.5492578640337176,-0.001391486615633,0.5499536073415341,V0.10,5,-4.702330640077761e-05,0.5506023273429498
2020_21_20201130_WHU_AVL,2020_21,2020-11-30,WHU,AVL,1,0.5569948186528497,1.71,0.5692820538316442,0.0122872351787944,0.5631384362422469,V0.10,5,-4.702330640077761e-05,0.5569477953464489
2020_21_20201205_BUR_EVE,2020_21,2020-12-05,BUR,EVE,0,0.4738219895287958,2.01,0.4718200969362551,-0.0020018925925406,0.4728210432325254,V0.10,3,0.0017928482160117704,0.47561483774480756
2020_21_20201205_CHE_LEE,2020_21,2020-12-05,CHE,LEE,1,0.6332518337408313,1.5,0.6296393788622238,-0.0036124548786075,0.6314456063015275,V0.10,6,-0.003982863717832714,0.6292689700229985
2020_21_20201205_MCI_FUL,2020_21,2020-12-05,MCI,FUL,0,0.7280334728033473,1.3,0.7205107620597884,-0.0075227107435589,0.7242721174315678,V0.10,8,-0.002468400164569953,0.7255650726387773
2020_21_20201205_WHU_MUN,2020_21,2020-12-05,WHU,MUN,1,0.548051948051948,1.74,0.5458440479714052,-0.0022079000805428,0.5469479980116766,V0.10,4,0.00628336357641464,0.5543353116283627
2020_21_20201206_LIV_WOL,2020_21,2020-12-06,LIV,WOL,1,0.5454545454545455,1.75,0.5245734780312452,-0.0208810674233003,0.5350140117428954,V0.10,4,0.00628336357641464,0.5517379090309602
2020_21_20201206_SHU_LEI,2020_21,2020-12-06,SHU,LEI,1,0.4751958224543081,2.01,0.4797034632235404,0.0045076407692323,0.4774496428389242,V0.10,3,0.0017928482160117704,0.47698867067031986
2020_21_20201206_TOT_ARS,2020_21,2020-12-06,TOT,ARS,0,0.4973821989528796,1.92,0.4541420187250665,-0.043240180227813,0.4757621088389731,V0.10,3,0.0017928482160117704,0.4991750471688914
2020_21_20201206_WBA_CRY,2020_21,2020-12-06,WBA,CRY,1,0.4304123711340206,2.21,0.4334257593069305,0.0030133881729099,0.4319190652204756,V0.10,2,-0.004988769516298708,0.42542360161772186
2020_21_20201207_BRI_SOU,2020_21,2020-12-07,BRI,SOU,1,0.4921465968586388,1.94,0.5024192333895298,0.0102726365308909,0.4972829151240843,V0.10,3,0.0017928482160117704,0.4939394450746506
2020_21_20201211_LEE_WHU,2020_21,2020-12-11,LEE,WHU,1,0.6030150753768844,1.58,0.6183892106997343,0.0153741353228499,0.6107021430383093,V0.10,6,-0.003982863717832714,0.5990322116590516
2020_21_20201212_EVE_CHE,2020_21,2020-12-12,EVE,CHE,0,0.5939086294416244,1.6,0.5860874584091124,-0.007821171032512,0.5899980439253684,V0.10,5,-4.702330640077761e-05,0.5938616061352235
2020_21_20201212_MUN_MCI,2020_21,2020-12-12,MUN,MCI,0,0.5790816326530612,1.65,0.557336779926062,-0.0217448527269992,0.5682092062895616,V0.10,5,-4.702330640077761e-05,0.5790346093466604
2020_21_20201212_NEW_WBA,2020_21,2020-12-12,NEW,WBA,1,0.4355670103092783,2.19,0.4371970644900652,0.0016300541807869,0.4363820373996717,V0.10,2,-0.004988769516298708,0.43057824079297957
2020_21_20201212_WOL_AVL,2020_21,2020-12-12,WOL,AVL,0,0.4661458333333333,2.05,0.4645027372600231,-0.0016430960733101,0.4653242852966782,V0.10,3,0.0017928482160117704,0.4679386815493451
2020_21_20201213_ARS_BUR,2020_21,2020-12-13,ARS,BUR,0,0.5026178010471204,1.9,0.493271732779957,-0.0093460682671633,0.4979447669135387,V0.10,4,0.00628336357641464,0.5089011646235351
2020_21_20201213_CRY_TOT,2020_21,2020-12-13,CRY,TOT,0,0.5013123359580053,1.9,0.4893919034218279,-0.0119204325361773,0.4953521196899166,V0.10,4,0.00628336357641464,0.50759569953442
2020_21_20201213_FUL_LIV,2020_21,2020-12-13,FUL,LIV,0,0.6666666666666666,1.42,0.6819674142660815,0.0153007475994149,0.6743170404663741,V0.10,7,-0.005043042113440492,0.6616236245532261
2020_21_20201213_LEI_BRI,2020_21,2020-12-13,LEI,BRI,1,0.5,1.91,0.4967088670294108,-0.0032911329705891,0.4983544335147054,V0.10,4,0.00628336357641464,0.5062833635764147
2020_21_20201213_SOU_SHU,2020_21,2020-12-13,SOU,SHU,1,0.4790575916230366,1.99,0.4887713751133056,0.0097137834902689,0.4839144833681711,V0.10,3,0.0017928482160117704,0.4808504398390484
2020_21_20201215_MCI_WBA,2020_21,2020-12-15,MCI,WBA,0,0.7045951859956237,1.35,0.7159910142632189,0.0113958282675952,0.7102931001294213,V0.10,8,-0.002468400164569953,0.7021267858310537
2020_21_20201215_WOL_CHE,2020_21,2020-12-15,WOL,CHE,1,0.4635416666666666,2.06,0.4421288668158084,-0.0214127998508582,0.4528352667412375,V0.10,3,0.0017928482160117704,0.46533451488267835
2020_21_20201216_ARS_SOU,2020_21,2020-12-16,ARS,SOU,0,0.5300261096605744,1.8,0.5205327633248293,-0.009493346335745,0.5252794364927018,V0.10,4,0.00628336357641464,0.5363094732369891
2020_21_20201216_FUL_BRI,2020_21,2020-12-16,FUL,BRI,0,0.4633507853403141,2.05,0.4730384844740234,0.0096876991337093,0.4681946349071687,V0.10,3,0.0017928482160117704,0.4651436335563259
2020_21_20201216_LEE_NEW,2020_21,2020-12-16,LEE,NEW,1,0.5468749999999999,1.74,0.563962898401287,0.0170878984012871,0.5554189492006434,V0.10,4,0.00628336357641464,0.5531583635764146
2020_21_20201216_LEI_EVE,2020_21,2020-12-16,LEI,EVE,0,0.5621761658031088,1.69,0.558079543204471,-0.0040966225986378,0.5601278545037899,V0.10,5,-4.702330640077761e-05,0.562129142496708
2020_21_20201216_LIV_TOT,2020_21,2020-12-16,LIV,TOT,1,0.5743589743589743,1.66,0.5408795052476414,-0.0334794691113329,0.5576192398033079,V0.10,5,-4.702330640077761e-05,0.5743119510525735
2020_21_20201216_WHU_CRY,2020_21,2020-12-16,WHU,CRY,0,0.4829396325459317,1.97,0.4702124382006873,-0.0127271943452443,0.4765760353733095,V0.10,3,0.0017928482160117704,0.4847324807619435
2020_21_20201217_AVL_BUR,2020_21,2020-12-17,AVL,BUR,0,0.5144356955380577,1.85,0.532143053291631,0.0177073577535733,0.5232893744148444,V0.10,4,0.00628336357641464,0.5207190591144724
2020_21_20201217_SHU_MUN,2020_21,2020-12-17,SHU,MUN,1,0.5209424083769634,1.83,0.5392918615666288,0.0183494531896654,0.5301171349717961,V0.10,4,0.00628336357641464,0.527225771953378
2020_21_20201219_CRY_LIV,2020_21,2020-12-19,CRY,LIV,1,0.5888324873096447,1.62,0.5900549930822183,0.0012225057725736,0.5894437401959315,V0.10,5,-4.702330640077761e-05,0.5887854640032438
2020_21_20201219_EVE_ARS,2020_21,2020-12-19,EVE,ARS,1,0.518324607329843,1.84,0.5029799990689983,-0.0153446082608447,0.5106523031994206,V0.10,4,0.00628336357641464,0.5246079709062577
2020_21_20201219_NEW_FUL,2020_21,2020-12-19,NEW,FUL,0,0.4455958549222798,2.14,0.4400131828933648,-0.0055826720289149,0.4428045189078223,V0.10,2,-0.004988769516298708,0.4406070854059811
2020_21_20201219_SOU_MCI,2020_21,2020-12-19,SOU,MCI,0,0.6074999999999999,1.57,0.6046215607353641,-0.0028784392646358,0.6060607803676821,V0.10,6,-0.003982863717832714,0.6035171362821672
2020_21_20201220_BRI_SHU,2020_21,2020-12-20,BRI,SHU,0,0.4293059125964009,2.22,0.4399002316698506,0.0105943190734497,0.4346030721331257,V0.10,2,-0.004988769516298708,0.42431714308010215
2020_21_20201220_MUN_LEE,2020_21,2020-12-20,MUN,LEE,1,0.6341463414634148,1.5,0.6322960343154208,-0.0018503071479939,0.6332211878894178,V0.10,6,-0.003982863717832714,0.630163477745582
2020_21_20201220_TOT_LEI,2020_21,2020-12-20,TOT,LEI,0,0.5352480417754569,1.78,0.5099159637858783,-0.0253320779895785,0.5225820027806676,V0.10,4,0.00628336357641464,0.5415314053518716
2020_21_20201220_WBA_AVL,2020_21,2020-12-20,WBA,AVL,1,0.5454545454545455,1.75,0.5803040679916449,0.0348495225370993,0.5628793067230953,V0.10,4,0.00628336357641464,0.5517379090309602
2020_21_20201221_BUR_WOL,2020_21,2020-12-21,BUR,WOL,1,0.3710073710073709,2.56,0.3633425902097776,-0.0076647807975933,0.3671749806085742,V0.10,1,-0.013905860760398701,0.35710151024697223
2020_21_20201221_CHE_WHU,2020_21,2020-12-21,CHE,WHU,1,0.6115288220551378,1.55,0.6063042549563149,-0.0052245670988229,0.6089165385057264,V0.10,6,-0.003982863717832714,0.6075459583373051
2020_21_20201226_ARS_CHE,2020_21,2020-12-26,ARS,CHE,1,0.5,1.91,0.4700476844013567,-0.0299523155986433,0.4850238422006783,V0.10,4,0.00628336357641464,0.5062833635764147
2020_21_20201226_AVL_CRY,2020_21,2020-12-26,AVL,CRY,1,0.5378590078328982,1.77,0.556839330165754,0.0189803223328558,0.5473491689993262,V0.10,4,0.00628336357641464,0.5441423714093129
2020_21_20201226_FUL_SOU,2020_21,2020-12-26,FUL,SOU,0,0.4855643044619423,1.96,0.4957493526219932,0.0101850481600508,0.4906568285419678,V0.10,3,0.0017928482160117704,0.4873571526779541
2020_21_20201226_LEI_MUN,2020_21,2020-12-26,LEI,MUN,1,0.5670103092783505,1.68,0.5702155079274552,0.0032051986491047,0.5686129086029028,V0.10,5,-4.702330640077761e-05,0.5669632859719497
2020_21_20201226_MCI_NEW,2020_21,2020-12-26,MCI,NEW,0,0.6977777777777777,1.36,0.7008550896012344,0.0030773118234567,0.6993164336895061,V0.10,7,-0.005043042113440492,0.6927347356643372
2020_21_20201226_SHU_EVE,2020_21,2020-12-26,SHU,EVE,0,0.4895287958115184,1.95,0.499489747338645,0.0099609515271265,0.4945092715750817,V0.10,3,0.0017928482160117704,0.4913216440275302
2020_21_20201227_LEE_BUR,2020_21,2020-12-27,LEE,BUR,0,0.5969773299748111,1.6,0.6148536197848679,0.0178762898100567,0.6059154748798394,V0.10,5,-4.702330640077761e-05,0.5969303066684103
2020_21_20201227_LIV_WBA,2020_21,2020-12-27,LIV,WBA,0,0.6971046770601336,1.36,0.7112157272274328,0.0141110501672991,0.7041602021437832,V0.10,7,-0.005043042113440492,0.692061634946693
2020_21_20201227_WHU_BRI,2020_21,2020-12-27,WHU,BRI,1,0.4921465968586388,1.94,0.4998856904732524,0.0077390936146136,0.4960161436659456,V0.10,3,0.0017928482160117704,0.4939394450746506
2020_21_20201227_WOL_TOT,2020_21,2020-12-27,WOL,TOT,0,0.4329896907216495,2.2,0.4034529894665359,-0.0295367012551135,0.4182213400940927,V0.10,2,-0.004988769516298708,0.42800092120535077
2020_21_20201228_CHE_AVL,2020_21,2020-12-28,CHE,AVL,0,0.6125,1.55,0.6175033752095553,0.0050033752095552,0.6150016876047777,V0.10,6,-0.003982863717832714,0.6085171362821673
2020_21_20201228_CRY_LEI,2020_21,2020-12-28,CRY,LEI,0,0.5078534031413613,1.88,0.5075658636751563,-0.0002875394662049,0.5077096334082588,V0.10,4,0.00628336357641464,0.514136766717776
2020_21_20201229_BRI_ARS,2020_21,2020-12-29,BRI,ARS,0,0.4673629242819843,2.04,0.4586785938122725,-0.0086843304697117,0.4630207590471283,V0.10,3,0.0017928482160117704,0.46915577249799606
2020_21_20201229_BUR_SHU,2020_21,2020-12-29,BUR,SHU,0,0.3924999999999999,2.43,0.3989507829896347,0.0064507829896348,0.3957253914948173,V0.10,1,-0.013905860760398701,0.3785941392396012
2020_21_20201229_MUN_WOL,2020_21,2020-12-29,MUN,WOL,0,0.4973821989528796,1.92,0.4881278679030423,-0.0092543310498373,0.4927550334279609,V0.10,3,0.0017928482160117704,0.4991750471688914
2020_21_20201229_SOU_WHU,2020_21,2020-12-29,SOU,WHU,0,0.5026178010471204,1.9,0.5000464808093681,-0.0025713202377523,0.5013321409282443,V0.10,4,0.00628336357641464,0.5089011646235351
2020_21_20201229_WBA_LEE,2020_21,2020-12-29,WBA,LEE,1,0.5903307888040712,1.61,0.6002950085413755,0.0099642197373043,0.5953128986727234,V0.10,5,-4.702330640077761e-05,0.5902837654976704
2020_21_20201230_NEW_LIV,2020_21,2020-12-30,NEW,LIV,0,0.6341463414634148,1.5,0.6476161984478046,0.0134698569843898,0.6408812699556097,V0.10,6,-0.003982863717832714,0.630163477745582
2020_21_20210101_EVE_WHU,2020_21,2021-01-01,EVE,WHU,0,0.486910994764398,1.96,0.4747788714502378,-0.0121321233141601,0.4808449331073179,V0.10,3,0.0017928482160117704,0.48870384298040975
2020_21_20210101_MUN_AVL,2020_21,2021-01-01,MUN,AVL,1,0.6169154228855721,1.54,0.6302561402894999,0.0133407174039278,0.6235857815875361,V0.10,6,-0.003982863717832714,0.6129325591677394
2020_21_20210102_BRI_WOL,2020_21,2021-01-02,BRI,WOL,1,0.3909774436090226,2.43,0.3835677162691955,-0.007409727339827,0.387272579939109,V0.10,1,-0.013905860760398701,0.3770715828486239
2020_21_20210102_CRY_SHU,2020_21,2021-01-02,CRY,SHU,0,0.423076923076923,2.25,0.4227672213955364,-0.0003097016813866,0.4229220722362297,V0.10,2,-0.004988769516298708,0.4180881535606243
2020_21_20210102_TOT_LEE,2020_21,2021-01-02,TOT,LEE,1,0.6595744680851063,1.44,0.642007721559475,-0.0175667465256312,0.6507910948222907,V0.10,7,-0.005043042113440492,0.6545314259716658
2020_21_20210102_WBA_ARS,2020_21,2021-01-02,WBA,ARS,1,0.518324607329843,1.84,0.5284641070234456,0.0101394996936026,0.5233943571766443,V0.10,4,0.00628336357641464,0.5246079709062577
2020_21_20210103_CHE_MCI,2020_21,2021-01-03,CHE,MCI,1,0.5520833333333334,1.72,0.5131596101219701,-0.0389237232113632,0.5326214717276517,V0.10,5,-4.702330640077761e-05,0.5520363100269325
2020_21_20210103_NEW_LEI,2020_21,2021-01-03,NEW,LEI,1,0.5130890052356021,1.86,0.516193425733909,0.0031044204983069,0.5146412154847555,V0.10,4,0.00628336357641464,0.5193723688120168
2020_21_20210104_SOU_LIV,2020_21,2021-01-04,SOU,LIV,0,0.5841836734693877,1.63,0.5846625076105583,0.0004788341411705,0.584423090539973,V0.10,5,-4.702330640077761e-05,0.5841366501629869
2020_21_20210112_BUR_MUN,2020_21,2021-01-12,BUR,MUN,0,0.5592783505154639,1.71,0.5888138783312986,0.0295355278158346,0.5740461144233813,V0.10,5,-4.702330640077761e-05,0.5592313272090631
2020_21_20210112_SHU_NEW,2020_21,2021-01-12,SHU,NEW,0,0.3811881188118812,2.5,0.3785624225985152,-0.0026256962133659,0.3798752707051982,V0.10,1,-0.013905860760398701,0.3672822580514825
2020_21_20210112_WOL_EVE,2020_21,2021-01-12,WOL,EVE,1,0.399497487437186,2.39,0.3735167397431578,-0.0259807476940281,0.3865071135901719,V0.10,1,-0.013905860760398701,0.3855916266767873
2020_21_20210113_MCI_BRI,2020_21,2021-01-13,MCI,BRI,0,0.6407766990291263,1.48,0.6405973314505911,-0.0001793675785352,0.6406870152398587,V0.10,6,-0.003982863717832714,0.6367938353112935
2020_21_20210113_TOT_FUL,2020_21,2021-01-13,TOT,FUL,0,0.5681233933161953,1.68,0.5714865367871256,0.0033631434709302,0.5698049650516605,V0.10,5,-4.702330640077761e-05,0.5680763700097945
2020_21_20210114_ARS_CRY,2020_21,2021-01-14,ARS,CRY,0,0.5104712041884817,1.87,0.4985930704686195,-0.0118781337198621,0.5045321373285506,V0.10,4,0.00628336357641464,0.5167545677648964
2020_21_20210116_FUL_CHE,2020_21,2021-01-16,FUL,CHE,0,0.5390625,1.77,0.5542455940740729,0.0151830940740729,0.5466540470370365,V0.10,4,0.00628336357641464,0.5453458635764147
2020_21_20210116_LEE_BRI,2020_21,2021-01-16,LEE,BRI,0,0.5888324873096447,1.62,0.6029867707909495,0.0141542834813048,0.5959096290502971,V0.10,5,-4.702330640077761e-05,0.5887854640032438
2020_21_20210116_LEI_SOU,2020_21,2021-01-16,LEI,SOU,0,0.5078534031413613,1.88,0.5066580088628652,-0.0011953942784961,0.5072557060021132,V0.10,4,0.00628336357641464,0.514136766717776
2020_21_20210116_WHU_BUR,2020_21,2021-01-16,WHU,BUR,0,0.4531249999999999,2.1,0.4495078267389311,-0.0036171732610687,0.4513164133694655,V0.10,3,0.0017928482160117704,0.45491784821601167
2020_21_20210116_WOL_WBA,2020_21,2021-01-16,WOL,WBA,1,0.4183673469387755,2.28,0.4116973554412164,-0.006669991497559,0.4150323511899959,V0.10,2,-0.004988769516298708,0.41337857742247675
2020_21_20210117_LIV_MUN,2020_21,2021-01-17,LIV,MUN,0,0.5681233933161953,1.68,0.5405794870557283,-0.0275439062604669,0.5543514401859618,V0.10,5,-4.702330640077761e-05,0.5680763700097945
2020_21_20210117_MCI_CRY,2020_21,2021-01-17,MCI,CRY,1,0.637469586374696,1.49,0.631977293478564,-0.0054922928961319,0.6347234399266299,V0.10,6,-0.003982863717832714,0.6334867226568632
2020_21_20210117_SHU_TOT,2020_21,2021-01-17,SHU,TOT,1,0.4673629242819843,2.04,0.4714657840700805,0.0041028597880962,0.4694143541760324,V0.10,3,0.0017928482160117704,0.46915577249799606
2020_21_20210118_ARS_NEW,2020_21,2021-01-18,ARS,NEW,1,0.5338541666666666,1.79,0.5326997696560491,-0.0011543970106174,0.5332769681613578,V0.10,4,0.00628336357641464,0.5401375302430813
2020_21_20210119_LEI_CHE,2020_21,2021-01-19,LEI,CHE,0,0.5065274151436031,1.89,0.4879878449599737,-0.0185395701836293,0.4972576300517884,V0.10,4,0.00628336357641464,0.5128107787200178
2020_21_20210119_WHU_WBA,2020_21,2021-01-19,WHU,WBA,1,0.5052356020942408,1.89,0.5169258835430264,0.0116902814487855,0.5110807428186336,V0.10,4,0.00628336357641464,0.5115189656706555
2020_21_20210120_FUL_MUN,2020_21,2021-01-20,FUL,MUN,1,0.5518134715025906,1.73,0.5801667034427194,0.0283532319401287,0.565990087472655,V0.10,5,-4.702330640077761e-05,0.5517664481961898
2020_21_20210120_MCI_AVL,2020_21,2021-01-20,MCI,AVL,0,0.6416464891041161,1.48,0.6337069193594345,-0.0079395697446816,0.6376767042317752,V0.10,6,-0.003982863717832714,0.6376636253862834
2020_21_20210121_LIV_BUR,2020_21,2021-01-21,LIV,BUR,0,0.6246913580246914,1.52,0.6301571467570768,0.0054657887323853,0.6274242523908842,V0.10,6,-0.003982863717832714,0.6207084943068587
2020_21_20210123_AVL_NEW,2020_21,2021-01-23,AVL,NEW,0,0.5655526992287918,1.69,0.6003460009028607,0.0347933016740689,0.5829493500658263,V0.10,5,-4.702330640077761e-05,0.565505675922391
2020_21_20210126_CRY_WHU,2020_21,2021-01-26,CRY,WHU,1,0.4344473007712082,2.2,0.4208090293128511,-0.0136382714583571,0.4276281650420296,V0.10,2,-0.004988769516298708,0.42945853125490946
2020_21_20210126_NEW_LEE,2020_21,2021-01-26,NEW,LEE,1,0.5717948717948719,1.67,0.5764214162274811,0.0046265444326092,0.5741081440111765,V0.10,5,-4.702330640077761e-05,0.571747848488471
2020_21_20210126_SOU_ARS,2020_21,2021-01-26,SOU,ARS,1,0.5352480417754569,1.78,0.5346534492618791,-0.0005945925135778,0.534950745518668,V0.10,4,0.00628336357641464,0.5415314053518716
2020_21_20210126_WBA_MCI,2020_21,2021-01-26,WBA,MCI,1,0.606516290726817,1.57,0.6208410807163124,0.0143247899894953,0.6136786857215647,V0.10,6,-0.003982863717832714,0.6025334270089843
2020_21_20210127_BRI_FUL,2020_21,2021-01-27,BRI,FUL,0,0.440721649484536,2.17,0.450154548200141,0.009432898715605,0.4454380988423385,V0.10,2,-0.004988769516298708,0.4357328799682373
2020_21_20210127_BUR_AVL,2020_21,2021-01-27,BUR,AVL,1,0.5026178010471204,1.9,0.5287534180289059,0.0261356169817854,0.5156856095380131,V0.10,4,0.00628336357641464,0.5089011646235351
2020_21_20210127_CHE_WOL,2020_21,2021-01-27,CHE,WOL,0,0.4934725848563968,1.94,0.4736731462045907,-0.019799438651806,0.4835728655304937,V0.10,3,0.0017928482160117704,0.49526543307240856
2020_21_20210127_EVE_LEI,2020_21,2021-01-27,EVE,LEI,0,0.4699738903394256,2.03,0.4475911148660793,-0.0223827754733462,0.4587825026027524,V0.10,3,0.0017928482160117704,0.4717667385554374
2020_21_20210127_MUN_SHU,2020_21,2021-01-27,MUN,SHU,1,0.5743589743589743,1.66,0.5969757411394352,0.0226167667804608,0.5856673577492048,V0.10,5,-4.702330640077761e-05,0.5743119510525735
2020_21_20210128_TOT_LIV,2020_21,2021-01-28,TOT,LIV,1,0.53125,1.8,0.4977043955728836,-0.0335456044271164,0.5144771977864417,V0.10,4,0.00628336357641464,0.5375333635764147
2020_21_20210130_ARS_MUN,2020_21,2021-01-30,ARS,MUN,0,0.5248041775456919,1.82,0.5056558250208915,-0.0191483525248004,0.5152300012832917,V0.10,4,0.00628336357641464,0.5310875411221065
2020_21_20210130_CRY_WOL,2020_21,2021-01-30,CRY,WOL,0,0.3880597014925373,2.46,0.3711718465480064,-0.0168878549445309,0.3796157740202718,V0.10,1,-0.013905860760398701,0.37415384073213864
2020_21_20210130_EVE_NEW,2020_21,2021-01-30,EVE,NEW,0,0.4804177545691906,1.99,0.4742027660635261,-0.0062149885056644,0.4773102603163583,V0.10,3,0.0017928482160117704,0.4822106027852024
2020_21_20210130_MCI_SHU,2020_21,2021-01-30,MCI,SHU,0,0.6383495145631067,1.49,0.6428579694685836,0.0045084549054769,0.6406037420158452,V0.10,6,-0.003982863717832714,0.634366650845274
2020_21_20210130_SOU_AVL,2020_21,2021-01-30,SOU,AVL,0,0.5618556701030928,1.7,0.5908440504496443,0.0289883803465514,0.5763498602763686,V0.10,5,-4.702330640077761e-05,0.561808646796692
2020_21_20210130_WBA_FUL,2020_21,2021-01-30,WBA,FUL,1,0.4381443298969071,2.18,0.4476020570934027,0.0094577271964956,0.4428731934951549,V0.10,2,-0.004988769516298708,0.4331555603806084
2020_21_20210131_BRI_TOT,2020_21,2021-01-31,BRI,TOT,0,0.4687499999999999,2.04,0.4653949211276315,-0.0033550788723684,0.4670724605638157,V0.10,3,0.0017928482160117704,0.47054284821601167
2020_21_20210131_CHE_BUR,2020_21,2021-01-31,CHE,BUR,0,0.548051948051948,1.74,0.5569054459501049,0.0088534978981569,0.5524786970010265,V0.10,4,0.00628336357641464,0.5543353116283627
2020_21_20210131_LEI_LEE,2020_21,2021-01-31,LEI,LEE,1,0.5924050632911392,1.61,0.5793945831487342,-0.013010480142405,0.5858998232199366,V0.10,5,-4.702330640077761e-05,0.5923580399847383
2020_21_20210131_WHU_LIV,2020_21,2021-01-31,WHU,LIV,1,0.5790816326530612,1.65,0.5779234099987619,-0.0011582226542993,0.5785025213259116,V0.10,5,-4.702330640077761e-05,0.5790346093466604
2020_21_20210202_MUN_SOU,2020_21,2021-02-02,MUN,SOU,1,0.605,1.58,0.6264964401536934,0.0214964401536934,0.6157482200768467,V0.10,6,-0.003982863717832714,0.6010171362821672
2020_21_20210202_NEW_CRY,2020_21,2021-02-02,NEW,CRY,1,0.4219948849104858,2.26,0.4126466334612051,-0.0093482514492806,0.4173207591858454,V0.10,2,-0.004988769516298708,0.4170061153941871
2020_21_20210202_SHU_WBA,2020_21,2021-02-02,SHU,WBA,1,0.4183673469387755,2.28,0.4256263236568455,0.00725897671807,0.4219968352978105,V0.10,2,-0.004988769516298708,0.41337857742247675
2020_21_20210202_WOL_ARS,2020_21,2021-02-02,WOL,ARS,1,0.4194373401534527,2.27,0.3866510978717943,-0.0327862422816583,0.4030442190126235,V0.10,2,-0.004988769516298708,0.41444857063715396
2020_21_20210203_AVL_WHU,2020_21,2021-02-03,AVL,WHU,1,0.5607235142118864,1.7,0.5791411662767418,0.0184176520648554,0.5699323402443142,V0.10,5,-4.702330640077761e-05,0.5606764909054855
2020_21_20210203_BUR_MCI,2020_21,2021-02-03,BUR,MCI,0,0.5841836734693877,1.63,0.5921858072407228,0.008002133771335,0.5881847403550553,V0.10,5,-4.702330640077761e-05,0.5841366501629869
2020_21_20210203_FUL_LEI,2020_21,2021-02-03,FUL,LEI,0,0.4778067885117493,2.0,0.4854040538308944,0.0075972653191451,0.4816054211713219,V0.10,3,0.0017928482160117704,0.47959963672776107
2020_21_20210203_LEE_EVE,2020_21,2021-02-03,LEE,EVE,1,0.578005115089514,1.65,0.5813627917127686,0.0033576766232545,0.5796839534011413,V0.10,5,-4.702330640077761e-05,0.5779580917831132
2020_21_20210203_LIV_BRI,2020_21,2021-02-03,LIV,BRI,0,0.5852417302798981,1.63,0.5848557156385689,-0.0003860146413292,0.5850487229592335,V0.10,5,-4.702330640077761e-05,0.5851947069734973
2020_21_20210204_TOT_CHE,2020_21,2021-02-04,TOT,CHE,0,0.486910994764398,1.96,0.4485855301846601,-0.0383254645797378,0.467748262474529,V0.10,3,0.0017928482160117704,0.48870384298040975
2020_21_20210206_AVL_ARS,2020_21,2021-02-06,AVL,ARS,0,0.5644329896907216,1.69,0.5748278496070501,0.0103948599163284,0.5696304196488859,V0.10,5,-4.702330640077761e-05,0.5643859663843208
2020_21_20210206_BUR_BRI,2020_21,2021-02-06,BUR,BRI,0,0.3924999999999999,2.43,0.3927900485633377,0.0002900485633378,0.3926450242816688,V0.10,1,-0.013905860760398701,0.3785941392396012
2020_21_20210206_FUL_WHU,2020_21,2021-02-06,FUL,WHU,0,0.4790575916230366,1.99,0.4877764356433795,0.0087188440203428,0.4834170136332081,V0.10,3,0.0017928482160117704,0.4808504398390484
2020_21_20210206_MUN_EVE,2020_21,2021-02-06,MUN,EVE,1,0.5655526992287918,1.69,0.5654774000796527,-7.52991491390631e-05,0.5655150496542223,V0.10,5,-4.702330640077761e-05,0.565505675922391
2020_21_20210206_NEW_SOU,2020_21,2021-02-06,NEW,SOU,1,0.4790575916230366,1.99,0.4894281819740495,0.0103705903510128,0.4842428867985431,V0.10,3,0.0017928482160117704,0.4808504398390484
2020_21_20210207_LIV_MCI,2020_21,2021-02-07,LIV,MCI,1,0.5607235142118864,1.7,0.5164517911183163,-0.04427172309357,0.5385876526651013,V0.10,5,-4.702330640077761e-05,0.5606764909054855
2020_21_20210207_SHU_CHE,2020_21,2021-02-07,SHU,CHE,1,0.5078534031413613,1.88,0.5176503327546952,0.0097969296133338,0.5127518679480283,V0.10,4,0.00628336357641464,0.514136766717776
2020_21_20210207_TOT_WBA,2020_21,2021-02-07,TOT,WBA,0,0.5454545454545455,1.75,0.5456630020348097,0.0002084565802641,0.5455587737446776,V0.10,4,0.00628336357641464,0.5517379090309602
2020_21_20210207_WOL_LEI,2020_21,2021-02-07,WOL,LEI,0,0.4293059125964009,2.22,0.4041689213380727,-0.0251369912583281,0.4167374169672368,V0.10,2,-0.004988769516298708,0.42431714308010215
2020_21_20210208_LEE_CRY,2020_21,2021-02-08,LEE,CRY,0,0.578005115089514,1.65,0.5814965891779473,0.0034914740884333,0.5797508521337307,V0.10,5,-4.702330640077761e-05,0.5779580917831132
2020_21_20210213_BRI_AVL,2020_21,2021-02-13,BRI,AVL,0,0.5364583333333334,1.78,0.571065528513554,0.0346071951802205,0.5537619309234436,V0.10,4,0.00628336357641464,0.542741696909748
2020_21_20210213_CRY_BUR,2020_21,2021-02-13,CRY,BUR,1,0.3969849246231156,2.4,0.392699711277479,-0.0042852133456365,0.3948423179502973,V0.10,1,-0.013905860760398701,0.3830790638627169
2020_21_20210213_LEI_LIV,2020_21,2021-02-13,LEI,LIV,1,0.5518134715025906,1.73,0.5349330243514775,-0.0168804471511131,0.5433732479270341,V0.10,5,-4.702330640077761e-05,0.5517664481961898
2020_21_20210213_MCI_TOT,2020_21,2021-02-13,MCI,TOT,1,0.589873417721519,1.62,0.5534232004856661,-0.0364502172358529,0.5716483091035925,V0.10,5,-4.702330640077761e-05,0.5898263944151182
2020_21_20210214_ARS_LEE,2020_21,2021-02-14,ARS,LEE,1,0.5994962216624685,1.59,0.5767253690081335,-0.0227708526543349,0.5881107953353011,V0.10,5,-4.702330640077761e-05,0.5994491983560677
2020_21_20210214_EVE_FUL,2020_21,2021-02-14,EVE,FUL,0,0.4804177545691906,1.99,0.4809531793579262,0.0005354247887355,0.4806854669635584,V0.10,3,0.0017928482160117704,0.4822106027852024
2020_21_20210214_SOU_WOL,2020_21,2021-02-14,SOU,WOL,1,0.4158163265306122,2.29,0.4000819323111735,-0.0157343942194386,0.4079491294208928,V0.10,2,-0.004988769516298708,0.41082755701431345
2020_21_20210214_WBA_MUN,2020_21,2021-02-14,WBA,MUN,0,0.6169154228855721,1.54,0.6547546735620815,0.0378392506765093,0.6358350482238269,V0.10,6,-0.003982863717832714,0.6129325591677394
2020_21_20210215_CHE_NEW,2020_21,2021-02-15,CHE,NEW,0,0.595959595959596,1.6,0.6100964658155897,0.0141368698559937,0.6030280308875928,V0.10,5,-4.702330640077761e-05,0.5959125726531952
2020_21_20210215_WHU_SHU,2020_21,2021-02-15,WHU,SHU,1,0.468586387434555,2.03,0.4748800414282003,0.0062936539936453,0.4717332144313776,V0.10,3,0.0017928482160117704,0.4703792356505668
2020_21_20210217_BUR_FUL,2020_21,2021-02-17,BUR,FUL,0,0.4158163265306122,2.29,0.4185005197367253,0.0026841932061131,0.4171584231336688,V0.10,2,-0.004988769516298708,0.41082755701431345
2020_21_20210217_EVE_MCI,2020_21,2021-02-17,EVE,MCI,1,0.5805626598465473,1.64,0.5644678314541378,-0.0160948283924095,0.5725152456503426,V0.10,5,-4.702330640077761e-05,0.5805156365401465
2020_21_20210219_WOL_LEE,2020_21,2021-02-19,WOL,LEE,0,0.5078534031413613,1.88,0.4870161166108685,-0.0208372865304927,0.4974347598761149,V0.10,4,0.00628336357641464,0.514136766717776
2020_21_20210220_BUR_WBA,2020_21,2021-02-20,BUR,WBA,0,0.4329896907216495,2.2,0.4340156544300356,0.001025963708386,0.4335026725758425,V0.10,2,-0.004988769516298708,0.42800092120535077
2020_21_20210220_FUL_SHU,2020_21,2021-02-20,FUL,SHU,0,0.4040404040404041,2.36,0.4171810701241896,0.0131406660837855,0.4106107370822968,V0.10,2,-0.004988769516298708,0.39905163452410536
2020_21_20210220_LIV_EVE,2020_21,2021-02-20,LIV,EVE,0,0.595959595959596,1.6,0.586662944769197,-0.009296651190399,0.5913112703643966,V0.10,5,-4.702330640077761e-05,0.5959125726531952
2020_21_20210220_SOU_CHE,2020_21,2021-02-20,SOU,CHE,0,0.5091383812010444,1.88,0.5033367582317073,-0.005801622969337,0.5062375697163759,V0.10,4,0.00628336357641464,0.5154217447774591
2020_21_20210221_ARS_MCI,2020_21,2021-02-21,ARS,MCI,0,0.5416666666666667,1.76,0.4970863981470595,-0.0445802685196071,0.5193765324068631,V0.10,4,0.00628336357641464,0.5479500302430814
2020_21_20210221_AVL_LEI,2020_21,2021-02-21,AVL,LEI,1,0.5404699738903395,1.76,0.5539631491691493,0.0134931752788098,0.5472165615297444,V0.10,4,0.00628336357641464,0.5467533374667541
2020_21_20210221_MUN_NEW,2020_21,2021-02-21,MUN,NEW,1,0.6090225563909775,1.56,0.6256211730119753,0.0165986166209978,0.6173218647014764,V0.10,6,-0.003982863717832714,0.6050396926731447
2020_21_20210221_WHU_TOT,2020_21,2021-02-21,WHU,TOT,1,0.4816753926701571,1.98,0.4568313529327133,-0.0248440397374437,0.4692533728014352,V0.10,3,0.0017928482160117704,0.48346824088616885
2020_21_20210222_BRI_CRY,2020_21,2021-02-22,BRI,CRY,1,0.4304123711340206,2.21,0.4331347632735217,0.0027223921395011,0.4317735672037711,V0.10,2,-0.004988769516298708,0.42542360161772186
2020_21_20210223_LEE_SOU,2020_21,2021-02-23,LEE,SOU,1,0.5743589743589743,1.66,0.5808939292616675,0.0065349549026931,0.5776264518103209,V0.10,5,-4.702330640077761e-05,0.5743119510525735
2020_21_20210227_LEE_AVL,2020_21,2021-02-27,LEE,AVL,0,0.5924050632911392,1.61,0.6015210591898114,0.0091159958986721,0.5969630612404753,V0.10,5,-4.702330640077761e-05,0.5923580399847383
2020_21_20210227_MCI_WHU,2020_21,2021-02-27,MCI,WHU,1,0.6212871287128713,1.53,0.597586766007003,-0.0237003627058682,0.6094369473599371,V0.10,6,-0.003982863717832714,0.6173042649950385
2020_21_20210227_NEW_WOL,2020_21,2021-02-27,NEW,WOL,0,0.4050632911392405,2.35,0.3942078231254647,-0.0108554680137757,0.3996355571323526,V0.10,2,-0.004988769516298708,0.40007452162294177
2020_21_20210227_WBA_BRI,2020_21,2021-02-27,WBA,BRI,0,0.4455958549222798,2.14,0.4668588518661626,0.0212629969438827,0.4562273533942212,V0.10,2,-0.004988769516298708,0.4406070854059811
2020_21_20210228_CHE_MUN,2020_21,2021-02-28,CHE,MUN,0,0.4947643979057591,1.93,0.4700076577682909,-0.0247567401374681,0.482386027837025,V0.10,3,0.0017928482160117704,0.4965572461217709
2020_21_20210228_CRY_FUL,2020_21,2021-02-28,CRY,FUL,0,0.4060913705583756,2.34,0.400993207484574,-0.0050981630738015,0.4035422890214748,V0.10,2,-0.004988769516298708,0.40110260104207685
2020_21_20210228_LEI_ARS,2020_21,2021-02-28,LEI,ARS,1,0.4856396866840731,1.97,0.4583993784673833,-0.0272403082166897,0.4720195325757282,V0.10,3,0.0017928482160117704,0.48743253490008487
2020_21_20210228_SHU_LIV,2020_21,2021-02-28,SHU,LIV,0,0.5743589743589743,1.66,0.5929622662208535,0.0186032918618791,0.583660620289914,V0.10,5,-4.702330640077761e-05,0.5743119510525735
2020_21_20210228_TOT_BUR,2020_21,2021-02-28,TOT,BUR,1,0.5117493472584856,1.87,0.5070755189902485,-0.0046738282682371,0.509412433124367,V0.10,4,0.00628336357641464,0.5180327108349003
2020_21_20210301_EVE_SOU,2020_21,2021-03-01,EVE,SOU,0,0.486910994764398,1.96,0.4771056721785578,-0.0098053225858401,0.4820083334714779,V0.10,3,0.0017928482160117704,0.48870384298040975
2020_21_20210302_MCI_WOL,2020_21,2021-03-02,MCI,WOL,1,0.5544041450777203,1.72,0.5221197322845514,-0.0322844127931688,0.5382619386811358,V0.10,5,-4.702330640077761e-05,0.5543571217713195
2020_21_20210303_BUR_LEI,2020_21,2021-03-03,BUR,LEI,0,0.4545454545454546,2.1,0.4489480163370186,-0.005597438208436,0.4517467354412365,V0.10,3,0.0017928482160117704,0.45633830276146636
2020_21_20210303_CRY_MUN,2020_21,2021-03-03,CRY,MUN,0,0.5390625,1.77,0.5558667904953455,0.0168042904953454,0.5474646452476728,V0.10,4,0.00628336357641464,0.5453458635764147
2020_21_20210303_SHU_AVL,2020_21,2021-03-03,SHU,AVL,0,0.441860465116279,2.16,0.4522707907443715,0.0104103256280924,0.4470656279303252,V0.10,2,-0.004988769516298708,0.4368716955999803
2020_21_20210304_FUL_TOT,2020_21,2021-03-04,FUL,TOT,0,0.4738219895287958,2.01,0.4750943766477756,0.0012723871189798,0.4744581830882857,V0.10,3,0.0017928482160117704,0.47561483774480756
2020_21_20210304_LIV_CHE,2020_21,2021-03-04,LIV,CHE,0,0.5352480417754569,1.78,0.501731530971894,-0.0335165108035628,0.5184897863736755,V0.10,4,0.00628336357641464,0.5415314053518716
2020_21_20210304_WBA_EVE,2020_21,2021-03-04,WBA,EVE,0,0.4895287958115184,1.95,0.5029606229897292,0.0134318271782107,0.4962447094006238,V0.10,3,0.0017928482160117704,0.4913216440275302
2020_21_20210306_AVL_WOL,2020_21,2021-03-06,AVL,WOL,0,0.4481865284974093,2.13,0.4543547084578314,0.006168179960422,0.4512706184776203,V0.10,2,-0.004988769516298708,0.4431977589811106
2020_21_20210306_BRI_LEI,2020_21,2021-03-06,BRI,LEI,1,0.4329896907216495,2.2,0.4246584264012171,-0.0083312643204324,0.4288240585614333,V0.10,2,-0.004988769516298708,0.42800092120535077
2020_21_20210306_BUR_ARS,2020_21,2021-03-06,BUR,ARS,0,0.4960835509138382,1.93,0.4968058874043579,0.0007223364905196,0.496444719159098,V0.10,3,0.0017928482160117704,0.49787639912985
2020_21_20210306_SHU_SOU,2020_21,2021-03-06,SHU,SOU,0,0.4267352185089973,2.23,0.4214426400026226,-0.0052925785063746,0.42408892925581,V0.10,2,-0.004988769516298708,0.4217464489926986
2020_21_20210307_LIV_FUL,2020_21,2021-03-07,LIV,FUL,0,0.5633074935400517,1.69,0.5617330511513343,-0.0015744423887174,0.562520272345693,V0.10,5,-4.702330640077761e-05,0.5632604702336509
2020_21_20210307_MCI_MUN,2020_21,2021-03-07,MCI,MUN,0,0.5544041450777203,1.72,0.5102484160456104,-0.0441557290321098,0.5323262805616653,V0.10,5,-4.702330640077761e-05,0.5543571217713195
2020_21_20210307_TOT_CRY,2020_21,2021-03-07,TOT,CRY,1,0.518324607329843,1.84,0.5087183954993757,-0.0096062118304672,0.5135215014146093,V0.10,4,0.00628336357641464,0.5246079709062577
2020_21_20210307_WBA_NEW,2020_21,2021-03-07,WBA,NEW,0,0.423076923076923,2.25,0.4248912833878409,0.0018143603109178,0.4239841032323819,V0.10,2,-0.004988769516298708,0.4180881535606243
2020_21_20210308_CHE_EVE,2020_21,2021-03-08,CHE,EVE,0,0.4947643979057591,1.93,0.4732896862158522,-0.0214747116899068,0.4840270420608057,V0.10,3,0.0017928482160117704,0.4965572461217709
2020_21_20210308_WHU_LEE,2020_21,2021-03-08,WHU,LEE,0,0.5743589743589743,1.66,0.5683777610421237,-0.0059812133168506,0.571368367700549,V0.10,5,-4.702330640077761e-05,0.5743119510525735
2020_21_20210310_MCI_SOU,2020_21,2021-03-10,MCI,SOU,1,0.6317073170731708,1.51,0.6100320504554371,-0.0216752666177337,0.620869683764304,V0.10,6,-0.003982863717832714,0.6277244533553381
2020_21_20210312_NEW_AVL,2020_21,2021-03-12,NEW,AVL,0,0.4219948849104858,2.26,0.4181941260861414,-0.0038007588243443,0.4200945054983136,V0.10,2,-0.004988769516298708,0.4170061153941871
2020_21_20210313_CRY_WBA,2020_21,2021-03-13,CRY,WBA,0,0.4030226700251889,2.37,0.4017630063373674,-0.0012596636878214,0.4023928381812781,V0.10,2,-0.004988769516298708,0.39803390050889015
2020_21_20210313_EVE_BUR,2020_21,2021-03-13,EVE,BUR,1,0.4571428571428572,2.09,0.4516458316270721,-0.005497025515785,0.4543943443849647,V0.10,3,0.0017928482160117704,0.45893570535886896
2020_21_20210313_FUL_MCI,2020_21,2021-03-13,FUL,MCI,1,0.5364583333333334,1.78,0.5398011351026859,0.0033428017693525,0.5381297342180096,V0.10,4,0.00628336357641464,0.542741696909748
2020_21_20210313_LEE_CHE,2020_21,2021-03-13,LEE,CHE,0,0.5390625,1.77,0.5283468172979238,-0.0107156827020762,0.5337046586489619,V0.10,4,0.00628336357641464,0.5453458635764147
2020_21_20210314_ARS_TOT,2020_21,2021-03-14,ARS,TOT,1,0.5013054830287206,1.91,0.4645747489332905,-0.03673073409543,0.4829401159810055,V0.10,4,0.00628336357641464,0.5075888466051353
2020_21_20210314_LEI_SHU,2020_21,2021-03-14,LEI,SHU,1,0.4751958224543081,2.01,0.476626615017541,0.0014307925632329,0.4759112187359245,V0.10,3,0.0017928482160117704,0.47698867067031986
2020_21_20210314_MUN_WHU,2020_21,2021-03-14,MUN,WHU,0,0.5065274151436031,1.89,0.484475608602806,-0.0220518065407971,0.4955015118732045,V0.10,4,0.00628336357641464,0.5128107787200178
2020_21_20210314_SOU_BRI,2020_21,2021-03-14,SOU,BRI,1,0.4075949367088607,2.34,0.407295466221333,-0.0002994704875277,0.4074452014650969,V0.10,2,-0.004988769516298708,0.402606167192562
2020_21_20210315_WOL_LIV,2020_21,2021-03-15,WOL,LIV,0,0.486910994764398,1.96,0.4662073885036803,-0.0207036062607176,0.4765591916340391,V0.10,3,0.0017928482160117704,0.48870384298040975
2020_21_20210319_FUL_LEE,2020_21,2021-03-19,FUL,LEE,1,0.4661458333333333,2.05,0.4651354357107788,-0.0010103976225544,0.465640634522056,V0.10,3,0.0017928482160117704,0.4679386815493451
2020_21_20210320_BRI_NEW,2020_21,2021-03-20,BRI,NEW,1,0.4219948849104858,2.26,0.4227240465895744,0.0007291616790886,0.4223594657500301,V0.10,2,-0.004988769516298708,0.4170061153941871
2020_21_20210321_AVL_TOT,2020_21,2021-03-21,AVL,TOT,0,0.5157068062827225,1.85,0.5193669342538126,0.0036601279710901,0.5175368702682676,V0.10,4,0.00628336357641464,0.5219901698591372
2020_21_20210321_WHU_ARS,2020_21,2021-03-21,WHU,ARS,1,0.4895287958115184,1.95,0.4651218784428392,-0.0244069173686791,0.4773253371271788,V0.10,3,0.0017928482160117704,0.4913216440275302
2020_21_20210403_ARS_LIV,2020_21,2021-04-03,ARS,LIV,1,0.5364583333333334,1.78,0.4996597601284306,-0.0367985732049027,0.518059046730882,V0.10,4,0.00628336357641464,0.542741696909748
2020_21_20210403_CHE_WBA,2020_21,2021-04-03,CHE,WBA,1,0.5506493506493506,1.73,0.5626546877547399,0.0120053371053893,0.5566520192020452,V0.10,5,-4.702330640077761e-05,0.5506023273429498
2020_21_20210403_LEE_SHU,2020_21,2021-04-03,LEE,SHU,1,0.5274151436031332,1.81,0.5457851281618535,0.0183699845587202,0.5366001358824934,V0.10,4,0.00628336357641464,0.5336985071795479
2020_21_20210403_LEI_MCI,2020_21,2021-04-03,LEI,MCI,0,0.5013054830287206,1.91,0.4583431594004327,-0.0429623236282878,0.4798243212145766,V0.10,4,0.00628336357641464,0.5075888466051353
2020_21_20210404_AVL_FUL,2020_21,2021-04-04,AVL,FUL,1,0.4329896907216495,2.2,0.4468828224305108,0.0138931317088613,0.4399362565760801,V0.10,2,-0.004988769516298708,0.42800092120535077
2020_21_20210404_MUN_BRI,2020_21,2021-04-04,MUN,BRI,1,0.4973821989528796,1.92,0.4972037678145237,-0.0001784311383558,0.4972929833837016,V0.10,3,0.0017928482160117704,0.4991750471688914
2020_21_20210404_NEW_TOT,2020_21,2021-04-04,NEW,TOT,1,0.5078534031413613,1.88,0.5039715864116037,-0.0038818167297576,0.5059124947764825,V0.10,4,0.00628336357641464,0.514136766717776
2020_21_20210404_SOU_BUR,2020_21,2021-04-04,SOU,BUR,1,0.4441558441558441,2.14,0.4433279836282851,-0.0008278605275589,0.4437419138920646,V0.10,2,-0.004988769516298708,0.43916707463954535
2020_21_20210405_EVE_CRY,2020_21,2021-04-05,EVE,CRY,0,0.4122137404580152,2.31,0.3890468422252753,-0.0231668982327398,0.4006302913416453,V0.10,2,-0.004988769516298708,0.40722497094171645
2020_21_20210405_WOL_WHU,2020_21,2021-04-05,WOL,WHU,1,0.3969849246231156,2.4,0.369620713480827,-0.0273642111422885,0.3833028190519713,V0.10,1,-0.013905860760398701,0.3830790638627169
2020_21_20210409_FUL_WOL,2020_21,2021-04-09,FUL,WOL,0,0.364963503649635,2.61,0.359151623842162,-0.0058118798074729,0.3620575637458985,V0.10,1,-0.013905860760398701,0.3510576428892363
2020_21_20210410_CRY_CHE,2020_21,2021-04-10,CRY,CHE,1,0.4583333333333333,2.08,0.4487743190783059,-0.0095590142550274,0.4535538262058196,V0.10,3,0.0017928482160117704,0.4601261815493451
2020_21_20210410_LIV_AVL,2020_21,2021-04-10,LIV,AVL,1,0.589873417721519,1.62,0.5971023362704598,0.0072289185489408,0.5934878769959895,V0.10,5,-4.702330640077761e-05,0.5898263944151182
2020_21_20210410_MCI_LEE,2020_21,2021-04-10,MCI,LEE,1,0.6466346153846154,1.47,0.616289380469748,-0.0303452349148674,0.6314619979271817,V0.10,6,-0.003982863717832714,0.6426517516667827
2020_21_20210411_BUR_NEW,2020_21,2021-04-11,BUR,NEW,1,0.399497487437186,2.39,0.3876074071741662,-0.0118900802630197,0.393552447305676,V0.10,1,-0.013905860760398701,0.3855916266767873
2020_21_20210411_SHU_ARS,2020_21,2021-04-11,SHU,ARS,1,0.4751958224543081,2.01,0.4736546054456917,-0.0015412170086163,0.4744252139499999,V0.10,3,0.0017928482160117704,0.47698867067031986
2020_21_20210411_TOT_MUN,2020_21,2021-04-11,TOT,MUN,1,0.5130890052356021,1.86,0.4863714648838597,-0.0267175403517423,0.4997302350597309,V0.10,4,0.00628336357641464,0.5193723688120168
2020_21_20210411_WHU_LEI,2020_21,2021-04-11,WHU,LEI,1,0.4882506527415144,1.96,0.4678698080223167,-0.0203808447191976,0.4780602303819156,V0.10,3,0.0017928482160117704,0.4900435009575262
2020_21_20210412_BRI_EVE,2020_21,2021-04-12,BRI,EVE,0,0.4318766066838046,2.21,0.4231868756122227,-0.0086897310715819,0.4275317411480136,V0.10,2,-0.004988769516298708,0.4268878371675059
2020_21_20210412_WBA_SOU,2020_21,2021-04-12,WBA,SOU,1,0.4699738903394256,2.03,0.4735547438000569,0.0035808534606313,0.4717643170697412,V0.10,3,0.0017928482160117704,0.4717667385554374
2020_21_20210416_EVE_TOT,2020_21,2021-04-16,EVE,TOT,1,0.5117493472584856,1.87,0.4971316922737894,-0.0146176549846961,0.5044405197661376,V0.10,4,0.00628336357641464,0.5180327108349003
2020_21_20210417_NEW_WHU,2020_21,2021-04-17,NEW,WHU,1,0.5065274151436031,1.89,0.5116662808801546,0.0051388657365515,0.5090968480118789,V0.10,4,0.00628336357641464,0.5128107787200178
2020_21_20210417_WOL_SHU,2020_21,2021-04-17,WOL,SHU,0,0.4086294416243655,2.33,0.4034284249989242,-0.0052010166254412,0.4060289333116448,V0.10,2,-0.004988769516298708,0.40364067210806676
2020_21_20210418_ARS_FUL,2020_21,2021-04-18,ARS,FUL,0,0.4673629242819843,2.04,0.4489672440357087,-0.0183956802462755,0.4581650841588465,V0.10,3,0.0017928482160117704,0.46915577249799606
2020_21_20210418_MUN_BUR,2020_21,2021-04-18,MUN,BUR,1,0.5428571428571429,1.76,0.5451573349696791,0.0023001921125361,0.544007238913411,V0.10,4,0.00628336357641464,0.5491405064335576
2020_21_20210419_LEE_LIV,2020_21,2021-04-19,LEE,LIV,0,0.6246913580246914,1.52,0.6214765206508862,-0.0032148373738052,0.6230839393377888,V0.10,6,-0.003982863717832714,0.6207084943068587
2020_21_20210420_CHE_BRI,2020_21,2021-04-20,CHE,BRI,0,0.441860465116279,2.16,0.4202067392163768,-0.0216537258999022,0.4310336021663279,V0.10,2,-0.004988769516298708,0.4368716955999803
2020_21_20210421_AVL_MCI,2020_21,2021-04-21,AVL,MCI,1,0.5681233933161953,1.68,0.5693681956583809,0.0012448023421856,0.5687457944872881,V0.10,5,-4.702330640077761e-05,0.5680763700097945
2020_21_20210421_TOT_SOU,2020_21,2021-04-21,TOT,SOU,1,0.5454545454545455,1.75,0.5285014119619702,-0.0169531334925753,0.5369779787082578,V0.10,4,0.00628336357641464,0.5517379090309602
2020_21_20210422_LEI_WBA,2020_21,2021-04-22,LEI,WBA,1,0.4960835509138382,1.93,0.4996249126168557,0.0035413617030174,0.4978542317653469,V0.10,3,0.0017928482160117704,0.49787639912985
2020_21_20210423_ARS_EVE,2020_21,2021-04-23,ARS,EVE,0,0.4791666666666667,2.0,0.4487525299049802,-0.0304141367616864,0.4639595982858234,V0.10,3,0.0017928482160117704,0.48095951488267846
2020_21_20210424_LIV_NEW,2020_21,2021-04-24,LIV,NEW,0,0.6188118811881189,1.54,0.625922882132851,0.007111000944732,0.6223673816604849,V0.10,6,-0.003982863717832714,0.6148290174702862
2020_21_20210424_SHU_BRI,2020_21,2021-04-24,SHU,BRI,0,0.4050632911392405,2.35,0.4163284475489444,0.0112651564097038,0.4106958693440924,V0.10,2,-0.004988769516298708,0.40007452162294177
2020_21_20210424_WHU_CHE,2020_21,2021-04-24,WHU,CHE,0,0.4791666666666667,2.0,0.4529854141118514,-0.0261812525548152,0.466076040389259,V0.10,3,0.0017928482160117704,0.48095951488267846
2020_21_20210425_AVL_WBA,2020_21,2021-04-25,AVL,WBA,1,0.4921465968586388,1.94,0.5206867247523268,0.0285401278936879,0.5064166608054828,V0.10,3,0.0017928482160117704,0.4939394450746506
2020_21_20210425_LEE_MUN,2020_21,2021-04-25,LEE,MUN,0,0.6015037593984962,1.59,0.617546006211222,0.0160422468127258,0.6095248828048592,V0.10,6,-0.003982863717832714,0.5975208956806635
2020_21_20210425_WOL_BUR,2020_21,2021-04-25,WOL,BUR,1,0.4122137404580152,2.31,0.4039109604584799,-0.0083027799995352,0.4080623504582475,V0.10,2,-0.004988769516298708,0.40722497094171645
2020_21_20210426_LEI_CRY,2020_21,2021-04-26,LEI,CRY,1,0.4673629242819843,2.04,0.4494622559004385,-0.0179006683815457,0.4584125900912114,V0.10,3,0.0017928482160117704,0.46915577249799606
2020_21_20210430_SOU_LEI,2020_21,2021-04-30,SOU,LEI,0,0.5143603133159269,1.86,0.509580952145912,-0.0047793611700148,0.5119706327309195,V0.10,4,0.00628336357641464,0.5206436768923416
2020_21_20210501_BRI_LEE,2020_21,2021-05-01,BRI,LEE,0,0.5013054830287206,1.91,0.5150901996394398,0.0137847166107192,0.5081978413340802,V0.10,4,0.00628336357641464,0.5075888466051353
2020_21_20210501_CHE_FUL,2020_21,2021-05-01,CHE,FUL,0,0.4699738903394256,2.03,0.4582339291855317,-0.0117399611538939,0.4641039097624786,V0.10,3,0.0017928482160117704,0.4717667385554374
2020_21_20210501_CRY_MCI,2020_21,2021-05-01,CRY,MCI,0,0.5555555555555556,1.72,0.5508217203795298,-0.0047338351760257,0.5531886379675427,V0.10,5,-4.702330640077761e-05,0.5555085322491548
2020_21_20210501_EVE_AVL,2020_21,2021-05-01,EVE,AVL,1,0.5013054830287206,1.91,0.5078515928767461,0.0065461098480255,0.5045785379527333,V0.10,4,0.00628336357641464,0.5075888466051353
2020_21_20210502_NEW_ARS,2020_21,2021-05-02,NEW,ARS,0,0.5364583333333334,1.78,0.5381969428981098,0.0017386095647764,0.5373276381157216,V0.10,4,0.00628336357641464,0.542741696909748
2020_21_20210502_TOT_SHU,2020_21,2021-05-02,TOT,SHU,1,0.5644329896907216,1.69,0.5729514000598841,0.0085184103691624,0.5686921948753029,V0.10,5,-4.702330640077761e-05,0.5643859663843208
2020_21_20210503_BUR_WHU,2020_21,2021-05-03,BUR,WHU,1,0.5026178010471204,1.9,0.5070123672230008,0.0043945661758804,0.5048150841350606,V0.10,4,0.00628336357641464,0.5089011646235351
2020_21_20210503_WBA_WOL,2020_21,2021-05-03,WBA,WOL,0,0.4344473007712082,2.2,0.4407503179749419,0.0063030172037337,0.437598809373075,V0.10,2,-0.004988769516298708,0.42945853125490946
2020_21_20210507_LEI_NEW,2020_21,2021-05-07,LEI,NEW,1,0.5518134715025906,1.73,0.5566853225002967,0.004871850997706,0.5542493970014437,V0.10,5,-4.702330640077761e-05,0.5517664481961898
2020_21_20210508_LEE_TOT,2020_21,2021-05-08,LEE,TOT,1,0.5826972010178116,1.64,0.5870964634535422,0.0043992624357305,0.5848968322356769,V0.10,5,-4.702330640077761e-05,0.5826501777114108
2020_21_20210508_LIV_SOU,2020_21,2021-05-08,LIV,SOU,0,0.6466346153846154,1.47,0.6528396118732842,0.0062049964886687,0.6497371136289498,V0.10,6,-0.003982863717832714,0.6426517516667827
2020_21_20210508_MCI_CHE,2020_21,2021-05-08,MCI,CHE,1,0.4307692307692307,2.22,0.3570083279903904,-0.0737609027788402,0.3938887793798105,V0.10,2,-0.004988769516298708,0.42578046125293195
2020_21_20210508_SHU_CRY,2020_21,2021-05-08,SHU,CRY,0,0.4158163265306122,2.29,0.4216660364038651,0.0058497098732529,0.4187411814672386,V0.10,2,-0.004988769516298708,0.41082755701431345
2020_21_20210509_ARS_WBA,2020_21,2021-05-09,ARS,WBA,1,0.5428571428571429,1.76,0.5504658665221714,0.0076087236650285,0.5466615046896572,V0.10,4,0.00628336357641464,0.5491405064335576
2020_21_20210509_AVL_MUN,2020_21,2021-05-09,AVL,MUN,1,0.5518134715025906,1.73,0.5760838896404792,0.0242704181378885,0.5639486805715349,V0.10,5,-4.702330640077761e-05,0.5517664481961898
2020_21_20210509_WHU_EVE,2020_21,2021-05-09,WHU,EVE,0,0.5026178010471204,1.9,0.4946029369955261,-0.0080148640515942,0.4986103690213233,V0.10,4,0.00628336357641464,0.5089011646235351
2020_21_20210509_WOL_BRI,2020_21,2021-05-09,WOL,BRI,1,0.4075949367088607,2.34,0.4053121960828967,-0.0022827406259639,0.4064535663958787,V0.10,2,-0.004988769516298708,0.402606167192562
2020_21_20210510_FUL_BUR,2020_21,2021-05-10,FUL,BUR,0,0.4673629242819843,2.04,0.4897226722630175,0.0223597479810332,0.4785427982725009,V0.10,3,0.0017928482160117704,0.46915577249799606
2020_21_20210511_MUN_LEI,2020_21,2021-05-11,MUN,LEI,1,0.4908616187989557,1.95,0.4620730028172126,-0.028788615981743,0.4764673108080841,V0.10,3,0.0017928482160117704,0.49265446701496746
2020_21_20210511_SOU_CRY,2020_21,2021-05-11,SOU,CRY,1,0.4973958333333334,1.93,0.5112227412995343,0.0138269079662008,0.5043092873164339,V0.10,3,0.0017928482160117704,0.4991886815493452
2020_21_20210512_CHE_ARS,2020_21,2021-05-12,CHE,ARS,0,0.4687499999999999,2.04,0.4262270652911807,-0.0425229347088191,0.4474885326455903,V0.10,3,0.0017928482160117704,0.47054284821601167
2020_21_20210513_AVL_EVE,2020_21,2021-05-13,AVL,EVE,0,0.5208333333333334,1.84,0.5397189884383361,0.0188856551050027,0.5302761608858347,V0.10,4,0.00628336357641464,0.527116696909748
2020_21_20210513_MUN_LIV,2020_21,2021-05-13,MUN,LIV,1,0.5644329896907216,1.69,0.5500400497449548,-0.0143929399457668,0.5572365197178382,V0.10,5,-4.702330640077761e-05,0.5643859663843208
2020_21_20210514_NEW_MCI,2020_21,2021-05-14,NEW,MCI,1,0.619753086419753,1.54,0.6245323365670793,0.0047792501473262,0.6221427114934162,V0.10,6,-0.003982863717832714,0.6157702227019203
2020_21_20210515_BRI_WHU,2020_21,2021-05-15,BRI,WHU,0,0.4725848563968668,2.02,0.4733138880755457,0.0007290316786789,0.4729493722362062,V0.10,3,0.0017928482160117704,0.4743777046128786
2020_21_20210515_BUR_LEE,2020_21,2021-05-15,BUR,LEE,1,0.5728900255754477,1.67,0.5954620923031548,0.0225720667277071,0.5841760589393012,V0.10,5,-4.702330640077761e-05,0.5728430022690468
2020_21_20210515_SOU_FUL,2020_21,2021-05-15,SOU,FUL,1,0.4856396866840731,1.97,0.5001835714672265,0.0145438847831533,0.4929116290756498,V0.10,3,0.0017928482160117704,0.48743253490008487
2020_21_20210516_CRY_AVL,2020_21,2021-05-16,CRY,AVL,1,0.4934725848563968,1.94,0.5105104177487676,0.0170378328923708,0.5019915013025822,V0.10,3,0.0017928482160117704,0.49526543307240856
2020_21_20210516_EVE_SHU,2020_21,2021-05-16,EVE,SHU,0,0.518324607329843,1.84,0.540943276341576,0.022618669011733,0.5296339418357094,V0.10,4,0.00628336357641464,0.5246079709062577
2020_21_20210516_TOT_WOL,2020_21,2021-05-16,TOT,WOL,0,0.5169712793733681,1.85,0.5003721388107633,-0.0165991405626048,0.5086717090920656,V0.10,4,0.00628336357641464,0.5232546429497827
2020_21_20210516_WBA_LIV,2020_21,2021-05-16,WBA,LIV,1,0.664319248826291,1.43,0.6904275830304163,0.0261083342041252,0.6773734159283537,V0.10,7,-0.005043042113440492,0.6592762067128505
2020_21_20210518_BRI_MCI,2020_21,2021-05-18,BRI,MCI,1,0.5376623376623377,1.78,0.5319521046182925,-0.0057102330440452,0.5348072211403151,V0.10,4,0.00628336357641464,0.5439457012387524
2020_21_20210518_CHE_LEI,2020_21,2021-05-18,CHE,LEI,1,0.4470284237726098,2.14,0.4035542131854667,-0.0434742105871431,0.4252913184790382,V0.10,2,-0.004988769516298708,0.4420396542563111
2020_21_20210518_MUN_FUL,2020_21,2021-05-18,MUN,FUL,0,0.6025,1.59,0.6273893024145141,0.024889302414514,0.614944651207257,V0.10,6,-0.003982863717832714,0.5985171362821673
2020_21_20210518_SOU_LEE,2020_21,2021-05-18,SOU,LEE,0,0.6341463414634148,1.5,0.6557468543412909,0.0216005128778761,0.6449465979023528,V0.10,6,-0.003982863717832714,0.630163477745582
2020_21_20210519_BUR_LIV,2020_21,2021-05-19,BUR,LIV,1,0.705240174672489,1.35,0.729126211340339,0.0238860366678499,0.717183193006414,V0.10,8,-0.002468400164569953,0.7027717745079191
2020_21_20210519_CRY_ARS,2020_21,2021-05-19,CRY,ARS,1,0.5503875968992248,1.74,0.5602529658997408,0.009865369000516,0.5553202813994829,V0.10,5,-4.702330640077761e-05,0.550340573592824
2020_21_20210519_EVE_WOL,2020_21,2021-05-19,EVE,WOL,0,0.4559585492227979,2.1,0.4535900328785455,-0.0023685163442523,0.4547742910506717,V0.10,3,0.0017928482160117704,0.45775139743880966
2020_21_20210519_NEW_SHU,2020_21,2021-05-19,NEW,SHU,0,0.5286458333333333,1.81,0.5594098973656944,0.030764064032361,0.5440278653495139,V0.10,4,0.00628336357641464,0.5349291969097479
2020_21_20210519_TOT_AVL,2020_21,2021-05-19,TOT,AVL,1,0.619753086419753,1.54,0.6275365657552301,0.007783479335477,0.6236448260874916,V0.10,6,-0.003982863717832714,0.6157702227019203
2020_21_20210519_WBA_WHU,2020_21,2021-05-19,WBA,WHU,1,0.589873417721519,1.62,0.6180481427579246,0.0281747250364056,0.6039607802397218,V0.10,5,-4.702330640077761e-05,0.5898263944151182
2020_21_20210523_ARS_BRI,2020_21,2021-05-23,ARS,BRI,0,0.5592783505154639,1.71,0.5701017451521863,0.0108233946367223,0.564690047833825,V0.10,5,-4.702330640077761e-05,0.5592313272090631
2020_21_20210523_AVL_CHE,2020_21,2021-05-23,AVL,CHE,1,0.5692307692307692,1.68,0.5868037705712494,0.0175730013404802,0.5780172699010093,V0.10,5,-4.702330640077761e-05,0.5691837459243684
2020_21_20210523_FUL_NEW,2020_21,2021-05-23,FUL,NEW,0,0.5790816326530612,1.65,0.6266911847772814,0.0476095521242201,0.6028864087151713,V0.10,5,-4.702330640077761e-05,0.5790346093466604
2020_21_20210523_LEE_WBA,2020_21,2021-05-23,LEE,WBA,1,0.6736111111111112,1.41,0.7103681904199939,0.0367570793088827,0.6919896507655525,V0.10,7,-0.005043042113440492,0.6685680689976706
2020_21_20210523_LEI_TOT,2020_21,2021-05-23,LEI,TOT,1,0.5969773299748111,1.6,0.5886039186960438,-0.0083734112787673,0.5927906243354275,V0.10,5,-4.702330640077761e-05,0.5969303066684103
2020_21_20210523_LIV_CRY,2020_21,2021-05-23,LIV,CRY,0,0.6935123042505593,1.37,0.7010380016287548,0.0075256973781955,0.697275152939657,V0.10,7,-0.005043042113440492,0.6884692621371188
2020_21_20210523_MCI_EVE,2020_21,2021-05-23,MCI,EVE,1,0.5877862595419847,1.62,0.5621694045482932,-0.0256168549936914,0.574977832045139,V0.10,5,-4.702330640077761e-05,0.5877392362355839
2020_21_20210523_SHU_BUR,2020_21,2021-05-23,SHU,BUR,0,0.5492227979274612,1.74,0.5988136109316292,0.049590813004168,0.5740182044295452,V0.10,4,0.00628336357641464,0.5555061615038759
2020_21_20210523_WHU_SOU,2020_21,2021-05-23,WHU,SOU,1,0.5862944162436549,1.63,0.5996928271736321,0.0133984109299772,0.5929936217086436,V0.10,5,-4.702330640077761e-05,0.586247392937254
2020_21_20210523_WOL_MUN,2020_21,2021-05-23,WOL,MUN,1,0.5503875968992248,1.74,0.5683696536922733,0.0179820567930485,0.5593786252957491,V0.10,5,-4.702330640077761e-05,0.550340573592824
2021_22_20210813_BRE_ARS,2021_22,2021-08-13,BRE,ARS,0,0.4447300771208226,2.16,0.4229334247011461,-0.0217966524196764,0.4338317509109843,V0.10,2,-0.006206913589626709,0.43852316353119586
2021_22_20210814_BUR_BRI,2021_22,2021-08-14,BUR,BRI,1,0.3895781637717121,2.46,0.3875665884353735,-0.0020115753363385,0.3885723761035428,V0.10,1,-0.011108050258170013,0.3784701135135421
2021_22_20210814_CHE_CRY,2021_22,2021-08-14,CHE,CRY,1,0.5350649350649351,1.79,0.5313037043751152,-0.0037612306898199,0.5331843197200252,V0.10,4,0.004530128455787826,0.539595063520723
2021_22_20210814_EVE_SOU,2021_22,2021-08-14,EVE,SOU,1,0.4637305699481865,2.07,0.4587605835797669,-0.0049699863684195,0.4612455767639767,V0.10,3,-0.0022339805857067366,0.4614965893624798
2021_22_20210814_LEI_WOL,2021_22,2021-08-14,LEI,WOL,0,0.4701298701298701,2.04,0.4554650020998245,-0.0146648680300455,0.4627974361148473,V0.10,3,-0.0022339805857067366,0.4678958895441634
2021_22_20210814_MUN_LEE,2021_22,2021-08-14,MUN,LEE,1,0.5812182741116751,1.65,0.5710791364416613,-0.0101391376700138,0.5761487052766683,V0.10,5,0.002666547442606184,0.5838848215542813
2021_22_20210814_NOR_LIV,2021_22,2021-08-14,NOR,LIV,1,0.6301703163017031,1.52,0.6484393419693588,0.0182690256676557,0.639304829135531,V0.10,6,-0.006943132447660932,0.6232271838540421
2021_22_20210814_WAT_AVL,2021_22,2021-08-14,WAT,AVL,1,0.4727272727272727,2.03,0.4753861853643047,0.0026589126370319,0.4740567290457887,V0.10,3,-0.0022339805857067366,0.470493292141566
2021_22_20210815_NEW_WHU,2021_22,2021-08-15,NEW,WHU,1,0.4935064935064935,1.95,0.4828351937911133,-0.0106712997153801,0.4881708436488034,V0.10,3,-0.0022339805857067366,0.4912725129207868
2021_22_20210815_TOT_MCI,2021_22,2021-08-15,TOT,MCI,0,0.5207253886010362,1.85,0.478434888035104,-0.0422905005659322,0.4995801383180701,V0.10,4,0.004530128455787826,0.525255517056824
2021_22_20210821_AVL_NEW,2021_22,2021-08-21,AVL,NEW,0,0.5414507772020726,1.77,0.5516105149811578,0.0101597377790851,0.5465306460916152,V0.10,4,0.004530128455787826,0.5459809056578604
2021_22_20210821_BRI_WAT,2021_22,2021-08-21,BRI,WAT,0,0.4271099744245524,2.24,0.4251205825551813,-0.001989391869371,0.4261152784898668,V0.10,2,-0.006206913589626709,0.4209030608349257
2021_22_20210821_CRY_BRE,2021_22,2021-08-21,CRY,BRE,0,0.4111675126903554,2.32,0.3903277124057151,-0.0208398002846402,0.4007476125480352,V0.10,2,-0.006206913589626709,0.4049605991007287
2021_22_20210821_LEE_EVE,2021_22,2021-08-21,LEE,EVE,1,0.5641025641025641,1.7,0.5656278825607112,0.001525318458147,0.5648652233316376,V0.10,5,0.002666547442606184,0.5667691115451703
2021_22_20210821_LIV_BUR,2021_22,2021-08-21,LIV,BUR,0,0.6188118811881189,1.54,0.6121975293312657,-0.0066143518568532,0.6155047052596923,V0.10,6,-0.006943132447660932,0.6118687487404579
2021_22_20210821_MCI_NOR,2021_22,2021-08-21,MCI,NOR,1,0.7105831533477323,1.34,0.702686730994322,-0.0078964223534102,0.7066349421710272,V0.10,8,-0.006924981245855812,0.7036581721018764
2021_22_20210822_ARS_CHE,2021_22,2021-08-22,ARS,CHE,0,0.4637305699481865,2.07,0.4336324408427033,-0.0300981291054832,0.4486815053954449,V0.10,3,-0.0022339805857067366,0.4614965893624798
2021_22_20210822_SOU_MUN,2021_22,2021-08-22,SOU,MUN,0,0.5567010309278351,1.72,0.560318109236706,0.0036170783088709,0.5585095700822705,V0.10,5,0.002666547442606184,0.5593675783704413
2021_22_20210822_WOL_TOT,2021_22,2021-08-22,WOL,TOT,0,0.4271099744245524,2.24,0.4065858931310746,-0.0205240812934777,0.4168479337778135,V0.10,2,-0.006206913589626709,0.4209030608349257
2021_22_20210823_WHU_LEI,2021_22,2021-08-23,WHU,LEI,1,0.53125,1.8,0.5163943260547023,-0.0148556739452977,0.5238221630273512,V0.10,4,0.004530128455787826,0.5357801284557878
2021_22_20210828_AVL_BRE,2021_22,2021-08-28,AVL,BRE,0,0.4883116883116883,1.97,0.5209478320675502,0.0326361437558619,0.5046297601896192,V0.10,3,-0.0022339805857067366,0.4860777077259816
2021_22_20210828_BRI_EVE,2021_22,2021-08-28,BRI,EVE,0,0.4296675191815857,2.23,0.4285544659370189,-0.0011130532445667,0.4291109925593023,V0.10,2,-0.006206913589626709,0.42346060559195897
2021_22_20210828_LIV_CHE,2021_22,2021-08-28,LIV,CHE,0,0.4753246753246753,2.02,0.4369338536886342,-0.0383908216360411,0.4561292645066547,V0.10,3,-0.0022339805857067366,0.4730906947389686
2021_22_20210828_MCI_ARS,2021_22,2021-08-28,MCI,ARS,1,0.609452736318408,1.57,0.5813046140989933,-0.0281481222194147,0.5953786752087007,V0.10,6,-0.006943132447660932,0.602509603870747
2021_22_20210828_NEW_SOU,2021_22,2021-08-28,NEW,SOU,1,0.5259067357512953,1.83,0.5297986513812385,0.0038919156299431,0.5278526935662669,V0.10,4,0.004530128455787826,0.5304368642070831
2021_22_20210828_NOR_LEI,2021_22,2021-08-28,NOR,LEI,1,0.533678756476684,1.8,0.5469132560896888,0.0132344996130048,0.5402960062831863,V0.10,4,0.004530128455787826,0.5382088849324718
2021_22_20210828_WHU_CRY,2021_22,2021-08-28,WHU,CRY,1,0.5090909090909091,1.89,0.5042944180397484,-0.0047964910511607,0.5066926635653288,V0.10,4,0.004530128455787826,0.513621037546697
2021_22_20210829_BUR_LEE,2021_22,2021-08-29,BUR,LEE,0,0.5414507772020726,1.77,0.5427619621647132,0.0013111849626405,0.5421063696833929,V0.10,4,0.004530128455787826,0.5459809056578604
2021_22_20210829_TOT_WAT,2021_22,2021-08-29,TOT,WAT,0,0.5194805194805195,1.85,0.5045378893396454,-0.0149426301408741,0.5120092044100825,V0.10,4,0.004530128455787826,0.5240106479363074
2021_22_20210829_WOL_MUN,2021_22,2021-08-29,WOL,MUN,0,0.4765625,2.01,0.4740038923502458,-0.0025586076497541,0.4752831961751229,V0.10,3,-0.0022339805857067366,0.47432851941429327
2021_22_20210911_ARS_NOR,2021_22,2021-09-11,ARS,NOR,0,0.5592783505154639,1.71,0.5606433935332107,0.0013650430177467,0.5599608720243373,V0.10,5,0.002666547442606184,0.5619448979580701
2021_22_20210911_BRE_BRI,2021_22,2021-09-11,BRE,BRI,0,0.3895781637717121,2.46,0.3885870392060805,-0.0009911245656315,0.3890826014888963,V0.10,1,-0.011108050258170013,0.3784701135135421
2021_22_20210911_CHE_AVL,2021_22,2021-09-11,CHE,AVL,1,0.5376623376623377,1.78,0.5326996327969523,-0.0049627048653854,0.535180985229645,V0.10,4,0.004530128455787826,0.5421924661181255
2021_22_20210911_CRY_TOT,2021_22,2021-09-11,CRY,TOT,1,0.4573643410852713,2.1,0.4438874314323886,-0.0134769096528826,0.4506258862588299,V0.10,3,-0.0022339805857067366,0.45513036049956457
2021_22_20210911_LEI_MCI,2021_22,2021-09-11,LEI,MCI,0,0.5515463917525772,1.74,0.521241512650893,-0.0303048791016842,0.5363939522017351,V0.10,5,0.002666547442606184,0.5542129391951834
2021_22_20210911_MUN_NEW,2021_22,2021-09-11,MUN,NEW,1,0.6595744680851063,1.44,0.6624422935097535,0.0028678254246471,0.6610083807974299,V0.10,7,-0.013968871420383056,0.6456055966647233
2021_22_20210911_SOU_WHU,2021_22,2021-09-11,SOU,WHU,0,0.5555555555555556,1.72,0.5561966867698854,0.0006411312143298,0.5558761211627206,V0.10,5,0.002666547442606184,0.5582221029981618
2021_22_20210911_WAT_WOL,2021_22,2021-09-11,WAT,WOL,0,0.416243654822335,2.3,0.4132210846174374,-0.0030225702048975,0.4147323697198862,V0.10,2,-0.006206913589626709,0.4100367412327083
2021_22_20210912_LEE_LIV,2021_22,2021-09-12,LEE,LIV,1,0.6084788029925187,1.57,0.5948116374667545,-0.0136671655257641,0.6016452202296365,V0.10,6,-0.006943132447660932,0.6015356705448577
2021_22_20210913_EVE_BUR,2021_22,2021-09-13,EVE,BUR,1,0.4817708333333334,1.99,0.4833864949560384,0.001615661622705,0.482578664144686,V0.10,3,-0.0022339805857067366,0.4795368527476267
2021_22_20210917_NEW_LEE,2021_22,2021-09-17,NEW,LEE,0,0.5812182741116751,1.65,0.5829729670022672,0.001754692890592,0.5820956205569712,V0.10,5,0.002666547442606184,0.5838848215542813
2021_22_20210918_AVL_EVE,2021_22,2021-09-18,AVL,EVE,1,0.4791666666666667,2.0,0.4791848941355968,1.8227468930154256e-05,0.4791757804011317,V0.10,3,-0.0022339805857067366,0.47693268608095996
2021_22_20210918_BUR_ARS,2021_22,2021-09-18,BUR,ARS,0,0.4727272727272727,2.03,0.467742586234261,-0.0049846864930116,0.4702349294807669,V0.10,3,-0.0022339805857067366,0.470493292141566
2021_22_20210918_LIV_CRY,2021_22,2021-09-18,LIV,CRY,1,0.6341463414634148,1.5,0.6251752629847571,-0.0089710784786576,0.6296608022240859,V0.10,6,-0.006943132447660932,0.6272032090157538
2021_22_20210918_MCI_SOU,2021_22,2021-09-18,MCI,SOU,0,0.6810933940774488,1.4,0.6663218284537271,-0.0147715656237217,0.673707611265588,V0.10,7,-0.013968871420383056,0.6671245226570658
2021_22_20210918_NOR_WAT,2021_22,2021-09-18,NOR,WAT,1,0.4547803617571059,2.11,0.4628971356814912,0.0081167739243853,0.4588387487192985,V0.10,3,-0.0022339805857067366,0.45254638117139917
2021_22_20210918_WOL_BRE,2021_22,2021-09-18,WOL,BRE,0,0.3851851851851852,2.49,0.4082574158475218,0.0230722306623366,0.3967213005163534,V0.10,1,-0.011108050258170013,0.37407713492701516
2021_22_20210919_BRI_LEI,2021_22,2021-09-19,BRI,LEI,1,0.440721649484536,2.17,0.4294559454387335,-0.0112657040458025,0.4350887974616347,V0.10,2,-0.006206913589626709,0.4345147358949093
2021_22_20210919_TOT_CHE,2021_22,2021-09-19,TOT,CHE,1,0.4585492227979275,2.09,0.425015396317239,-0.0335338264806884,0.4417823095575832,V0.10,3,-0.0022339805857067366,0.45631524221222075
2021_22_20210919_WHU_MUN,2021_22,2021-09-19,WHU,MUN,1,0.5666666666666667,1.69,0.5623117321691574,-0.0043549344975092,0.564489199417912,V0.10,5,0.002666547442606184,0.5693332141092728
2021_22_20210925_BRE_LIV,2021_22,2021-09-25,BRE,LIV,1,0.5478036175710594,1.75,0.5555287611829733,0.0077251436119138,0.5516661893770164,V0.10,4,0.004530128455787826,0.5523337460268473
2021_22_20210925_CHE_MCI,2021_22,2021-09-25,CHE,MCI,0,0.4510309278350516,2.13,0.4025461186040485,-0.0484848092310031,0.4267885232195501,V0.10,3,-0.0022339805857067366,0.4487969472493449
2021_22_20210925_EVE_NOR,2021_22,2021-09-25,EVE,NOR,0,0.5078125,1.89,0.5139099263541107,0.0060974263541107,0.5108612131770554,V0.10,4,0.004530128455787826,0.5123426284557878
2021_22_20210925_LEE_WHU,2021_22,2021-09-25,LEE,WHU,1,0.5954773869346733,1.61,0.5912201362653413,-0.004257250669332,0.5933487616000073,V0.10,5,0.002666547442606184,0.5981439343772795
2021_22_20210925_LEI_BUR,2021_22,2021-09-25,LEI,BUR,1,0.5156249999999999,1.86,0.5189528822279813,0.0033278822279814,0.5172889411139906,V0.10,4,0.004530128455787826,0.5201551284557877
2021_22_20210925_MUN_AVL,2021_22,2021-09-25,MUN,AVL,0,0.5989974937343359,1.6,0.6003434872935528,0.0013459935592169,0.5996704905139443,V0.10,5,0.002666547442606184,0.601664041176942
2021_22_20210925_WAT_NEW,2021_22,2021-09-25,WAT,NEW,0,0.4701298701298701,2.04,0.4669450781009946,-0.0031847920288755,0.4685374741154323,V0.10,3,-0.0022339805857067366,0.4678958895441634
2021_22_20210926_ARS_TOT,2021_22,2021-09-26,ARS,TOT,1,0.4637305699481865,2.07,0.4302832720517339,-0.0334472978964526,0.4470069209999602,V0.10,3,-0.0022339805857067366,0.4614965893624798
2021_22_20210926_SOU_WOL,2021_22,2021-09-26,SOU,WOL,0,0.4521963824289405,2.12,0.457748200508187,0.0055518180792464,0.4549722914685637,V0.10,3,-0.0022339805857067366,0.4499624018432338
2021_22_20210927_CRY_BRI,2021_22,2021-09-27,CRY,BRI,0,0.4137055837563452,2.31,0.4108593667207046,-0.0028462170356405,0.4122824752385249,V0.10,2,-0.006206913589626709,0.4074986701667185
2021_22_20211002_BRI_ARS,2021_22,2021-10-02,BRI,ARS,0,0.466321243523316,2.06,0.4598591442284385,-0.0064620992948775,0.4630901938758772,V0.10,3,-0.0022339805857067366,0.46408726293760927
2021_22_20211002_BUR_NOR,2021_22,2021-10-02,BUR,NOR,0,0.5052083333333333,1.9,0.5251531295355244,0.0199447962021911,0.5151807314344288,V0.10,4,0.004530128455787826,0.5097384617891211
2021_22_20211002_CHE_SOU,2021_22,2021-10-02,CHE,SOU,1,0.5350649350649351,1.79,0.5275149513831906,-0.0075499836817445,0.5312899432240629,V0.10,4,0.004530128455787826,0.539595063520723
2021_22_20211002_LEE_WAT,2021_22,2021-10-02,LEE,WAT,0,0.5677749360613811,1.69,0.5645354971400508,-0.0032394389213302,0.566155216600716,V0.10,5,0.002666547442606184,0.5704414835039873
2021_22_20211002_MUN_EVE,2021_22,2021-10-02,MUN,EVE,0,0.5310880829015544,1.81,0.5216894139222944,-0.00939866897926,0.5263887484119244,V0.10,4,0.004530128455787826,0.5356182113573422
2021_22_20211002_WOL_NEW,2021_22,2021-10-02,WOL,NEW,1,0.4973958333333334,1.93,0.5084922561718389,0.0110964228385054,0.5029440447525861,V0.10,3,-0.0022339805857067366,0.4951618527476267
2021_22_20211003_CRY_LEI,2021_22,2021-10-03,CRY,LEI,1,0.4753246753246753,2.02,0.4687675494709155,-0.0065571258537598,0.4720461123977953,V0.10,3,-0.0022339805857067366,0.4730906947389686
2021_22_20211003_LIV_MCI,2021_22,2021-10-03,LIV,MCI,1,0.5529715762273902,1.73,0.5052172134611161,-0.047754362766274,0.5290943948442532,V0.10,5,0.002666547442606184,0.5556381236699964
2021_22_20211003_TOT_AVL,2021_22,2021-10-03,TOT,AVL,1,0.5078125,1.89,0.4957154662568884,-0.0120970337431116,0.5017639831284442,V0.10,4,0.004530128455787826,0.5123426284557878
2021_22_20211003_WHU_BRE,2021_22,2021-10-03,WHU,BRE,1,0.5,1.92,0.5002789291677271,0.000278929167727,0.5001394645838635,V0.10,4,0.004530128455787826,0.5045301284557878
2021_22_20211016_AVL_WOL,2021_22,2021-10-16,AVL,WOL,1,0.4536082474226803,2.12,0.4580224886522553,0.004414241229575,0.4558153680374678,V0.10,3,-0.0022339805857067366,0.45137426683697357
2021_22_20211016_BRE_CHE,2021_22,2021-10-16,BRE,CHE,0,0.4701298701298701,2.04,0.4549570118036354,-0.0151728583262347,0.4625434409667527,V0.10,3,-0.0022339805857067366,0.4678958895441634
2021_22_20211016_LEI_MUN,2021_22,2021-10-16,LEI,MUN,1,0.5438144329896907,1.77,0.5372955562954513,-0.0065188766942393,0.540554994642571,V0.10,4,0.004530128455787826,0.5483445614454785
2021_22_20211016_MCI_BUR,2021_22,2021-10-16,MCI,BUR,0,0.6862302483069979,1.39,0.6762173046555592,-0.0100129436514386,0.6812237764812785,V0.10,7,-0.013968871420383056,0.6722613768866148
2021_22_20211016_NOR_BRI,2021_22,2021-10-16,NOR,BRI,0,0.4510309278350516,2.13,0.4727305040131384,0.0216995761780867,0.4618807159240949,V0.10,3,-0.0022339805857067366,0.4487969472493449
2021_22_20211016_SOU_LEE,2021_22,2021-10-16,SOU,LEE,0,0.557840616966581,1.72,0.5633604925028688,0.0055198755362877,0.5606005547347249,V0.10,5,0.002666547442606184,0.5605071644091872
2021_22_20211016_WAT_LIV,2021_22,2021-10-16,WAT,LIV,1,0.6059850374064838,1.58,0.6103394503243351,0.0043544129178513,0.6081622438654095,V0.10,6,-0.006943132447660932,0.5990419049588228
2021_22_20211017_EVE_WHU,2021_22,2021-10-17,EVE,WHU,0,0.5090909090909091,1.89,0.4999850171332725,-0.0091058919576366,0.5045379631120908,V0.10,4,0.004530128455787826,0.513621037546697
2021_22_20211017_NEW_TOT,2021_22,2021-10-17,NEW,TOT,1,0.5362694300518135,1.79,0.5338881367049995,-0.002381293346814,0.5350787833784065,V0.10,4,0.004530128455787826,0.5407995585076013
2021_22_20211018_ARS_CRY,2021_22,2021-10-18,ARS,CRY,1,0.4973958333333334,1.93,0.4879969490583218,-0.0093988842750115,0.4926963911958276,V0.10,3,-0.0022339805857067366,0.4951618527476267
2021_22_20211022_ARS_AVL,2021_22,2021-10-22,ARS,AVL,1,0.538860103626943,1.78,0.5366641505570376,-0.0021959530699053,0.5377621270919903,V0.10,4,0.004530128455787826,0.5433902320827309
2021_22_20211023_BRI_MCI,2021_22,2021-10-23,BRI,MCI,1,0.5246753246753246,1.83,0.5158562414002216,-0.008819083275103,0.520265783037773,V0.10,4,0.004530128455787826,0.5292054531311124
2021_22_20211023_CHE_NOR,2021_22,2021-10-23,CHE,NOR,1,0.5776081424936387,1.66,0.5813783494782776,0.0037702069846389,0.5794932459859581,V0.10,5,0.002666547442606184,0.5802746899362449
2021_22_20211023_CRY_NEW,2021_22,2021-10-23,CRY,NEW,0,0.4921875,1.95,0.5003848556181781,0.0081973556181781,0.496286177809089,V0.10,3,-0.0022339805857067366,0.48995351941429327
2021_22_20211023_EVE_WAT,2021_22,2021-10-23,EVE,WAT,1,0.4779220779220779,2.01,0.4701589063385697,-0.0077631715835081,0.4740404921303238,V0.10,3,-0.0022339805857067366,0.4756880973363712
2021_22_20211023_LEE_WOL,2021_22,2021-10-23,LEE,WOL,0,0.5064935064935064,1.9,0.5136897564971401,0.0071962500036336,0.5100916314953232,V0.10,4,0.004530128455787826,0.5110236349492943
2021_22_20211023_SOU_BUR,2021_22,2021-10-23,SOU,BUR,1,0.4779220779220779,2.01,0.4934322830292582,0.0155102051071803,0.4856771804756681,V0.10,3,-0.0022339805857067366,0.4756880973363712
2021_22_20211024_BRE_LEI,2021_22,2021-10-24,BRE,LEI,1,0.5052083333333333,1.9,0.5036020207531113,-0.0016063125802219,0.5044051770432223,V0.10,4,0.004530128455787826,0.5097384617891211
2021_22_20211024_MUN_LIV,2021_22,2021-10-24,MUN,LIV,1,0.6034912718204488,1.59,0.5876338321963144,-0.0158574396241344,0.5955625520083816,V0.10,6,-0.006943132447660932,0.5965481393727878
2021_22_20211024_WHU_TOT,2021_22,2021-10-24,WHU,TOT,0,0.538860103626943,1.78,0.5219187294304967,-0.0169413741964463,0.5303894165287198,V0.10,4,0.004530128455787826,0.5433902320827309
2021_22_20211030_BUR_BRE,2021_22,2021-10-30,BUR,BRE,1,0.440721649484536,2.17,0.455670878657496,0.01494922917296,0.448196264071016,V0.10,2,-0.006206913589626709,0.4345147358949093
2021_22_20211030_LEI_ARS,2021_22,2021-10-30,LEI,ARS,0,0.5310880829015544,1.81,0.5175446429733526,-0.0135434399282018,0.5243163629374534,V0.10,4,0.004530128455787826,0.5356182113573422
2021_22_20211030_LIV_BRI,2021_22,2021-10-30,LIV,BRI,1,0.6283618581907091,1.52,0.6249225488895019,-0.0034393093012071,0.6266422035401056,V0.10,6,-0.006943132447660932,0.6214187257430481
2021_22_20211030_MCI_CRY,2021_22,2021-10-30,MCI,CRY,0,0.660377358490566,1.44,0.644253313752558,-0.0161240447380079,0.652315336121562,V0.10,7,-0.013968871420383056,0.646408487070183
2021_22_20211030_NEW_CHE,2021_22,2021-10-30,NEW,CHE,1,0.5492227979274612,1.74,0.5482553112155581,-0.000967486711903,0.5487390545715096,V0.10,4,0.004530128455787826,0.553752926383249
2021_22_20211030_TOT_MUN,2021_22,2021-10-30,TOT,MUN,1,0.5440414507772021,1.76,0.5288707499777878,-0.0151707007994142,0.536456100377495,V0.10,4,0.004530128455787826,0.5485715792329899
2021_22_20211030_WAT_SOU,2021_22,2021-10-30,WAT,SOU,0,0.5078125,1.89,0.5143224028424611,0.0065099028424611,0.5110674514212306,V0.10,4,0.004530128455787826,0.5123426284557878
2021_22_20211031_AVL_WHU,2021_22,2021-10-31,AVL,WHU,1,0.5286458333333333,1.81,0.528460263199171,-0.0001855701341622,0.5285530482662522,V0.10,4,0.004530128455787826,0.5331759617891211
2021_22_20211031_NOR_LEE,2021_22,2021-10-31,NOR,LEE,1,0.5428571428571429,1.76,0.5582265138399477,0.0153693709828047,0.5505418283485453,V0.10,4,0.004530128455787826,0.5473872713129307
2021_22_20211101_WOL_EVE,2021_22,2021-11-01,WOL,EVE,1,0.4209183673469387,2.27,0.4092520940381193,-0.0116662733088194,0.415085230692529,V0.10,2,-0.006206913589626709,0.414711453757312
2021_22_20211105_SOU_AVL,2021_22,2021-11-05,SOU,AVL,0,0.558974358974359,1.72,0.5773980319218781,0.0184236729475191,0.5681861954481185,V0.10,5,0.002666547442606184,0.5616409064169652
2021_22_20211106_BRE_NOR,2021_22,2021-11-06,BRE,NOR,1,0.4727272727272727,2.03,0.4804183924946756,0.0076911197674028,0.4765728326109741,V0.10,3,-0.0022339805857067366,0.470493292141566
2021_22_20211106_BRI_NEW,2021_22,2021-11-06,BRI,NEW,0,0.4935064935064935,1.95,0.5037559877374864,0.0102494942309929,0.4986312406219899,V0.10,3,-0.0022339805857067366,0.4912725129207868
2021_22_20211106_CHE_BUR,2021_22,2021-11-06,CHE,BUR,0,0.5641025641025641,1.7,0.5590291771072787,-0.0050733869952853,0.5615658706049214,V0.10,5,0.002666547442606184,0.5667691115451703
2021_22_20211106_CRY_WOL,2021_22,2021-11-06,CRY,WOL,0,0.4045226130653266,2.37,0.4031983402515612,-0.0013242728137653,0.4038604766584439,V0.10,2,-0.006206913589626709,0.3983156994756999
2021_22_20211106_MUN_MCI,2021_22,2021-11-06,MUN,MCI,0,0.5919395465994962,1.62,0.5694266274367855,-0.0225129191627107,0.5806830870181409,V0.10,5,0.002666547442606184,0.5946060940421024
2021_22_20211107_ARS_WAT,2021_22,2021-11-07,ARS,WAT,0,0.5979899497487436,1.6,0.6051926004020417,0.007202650653298,0.6015912750753927,V0.10,5,0.002666547442606184,0.6006564971913498
2021_22_20211107_EVE_TOT,2021_22,2021-11-07,EVE,TOT,0,0.4739583333333334,2.02,0.4518714930675501,-0.0220868402657833,0.4629149132004417,V0.10,3,-0.0022339805857067366,0.4717243527476267
2021_22_20211107_LEE_LEI,2021_22,2021-11-07,LEE,LEI,0,0.5754475703324808,1.66,0.5779501304427664,0.0025025601102856,0.5766988503876236,V0.10,5,0.002666547442606184,0.578114117775087
2021_22_20211107_WHU_LIV,2021_22,2021-11-07,WHU,LIV,1,0.6383495145631067,1.49,0.6263221351674838,-0.0120273793956229,0.6323358248652953,V0.10,6,-0.006943132447660932,0.6314063821154458
2021_22_20211120_AVL_BRI,2021_22,2021-11-20,AVL,BRI,0,0.4597402597402597,2.08,0.4657266080339676,0.0059863482937079,0.4627334338871137,V0.10,3,-0.0022339805857067366,0.457506279154553
2021_22_20211120_BUR_CRY,2021_22,2021-11-20,BUR,CRY,1,0.4381443298969071,2.18,0.439320661015052,0.0011763311181449,0.4387324954559796,V0.10,2,-0.006206913589626709,0.4319374163072804
2021_22_20211120_LEI_CHE,2021_22,2021-11-20,LEI,CHE,1,0.4791666666666667,2.0,0.4565324879841256,-0.022634178682541,0.4678495773253961,V0.10,3,-0.0022339805857067366,0.47693268608095996
2021_22_20211120_LIV_ARS,2021_22,2021-11-20,LIV,ARS,1,0.639225181598063,1.49,0.6150904883307283,-0.0241346932673346,0.6271578349643956,V0.10,6,-0.006943132447660932,0.632282049150402
2021_22_20211120_NEW_BRE,2021_22,2021-11-20,NEW,BRE,1,0.4869791666666667,1.97,0.4987662985998959,0.0117871319332292,0.4928727326332813,V0.10,3,-0.0022339805857067366,0.48474518608095996
2021_22_20211120_NOR_SOU,2021_22,2021-11-20,NOR,SOU,1,0.4817708333333334,1.99,0.4999415700176706,0.0181707366843372,0.490856201675502,V0.10,3,-0.0022339805857067366,0.4795368527476267
2021_22_20211120_WAT_MUN,2021_22,2021-11-20,WAT,MUN,1,0.5790816326530612,1.65,0.5927313554939955,0.0136497228409342,0.5859064940735283,V0.10,5,0.002666547442606184,0.5817481800956674
2021_22_20211120_WOL_WHU,2021_22,2021-11-20,WOL,WHU,0,0.464935064935065,2.06,0.4584087025668118,-0.0065263623682531,0.4616718837509383,V0.10,3,-0.0022339805857067366,0.46270108434935825
2021_22_20211121_MCI_EVE,2021_22,2021-11-21,MCI,EVE,1,0.6365853658536585,1.49,0.615561088022908,-0.0210242778307505,0.6260732269382833,V0.10,6,-0.006943132447660932,0.6296422334059976
2021_22_20211121_TOT_LEE,2021_22,2021-11-21,TOT,LEE,1,0.5428571428571429,1.76,0.534738129028073,-0.0081190138290698,0.538797635942608,V0.10,4,0.004530128455787826,0.5473872713129307
2021_22_20211127_ARS_NEW,2021_22,2021-11-27,ARS,NEW,0,0.589873417721519,1.62,0.5920777295470196,0.0022043118255006,0.5909755736342693,V0.10,5,0.002666547442606184,0.5925399651641252
2021_22_20211127_BRI_LEE,2021_22,2021-11-27,BRI,LEE,0,0.4973958333333334,1.93,0.5054561633657533,0.0080603300324198,0.5014259983495434,V0.10,3,-0.0022339805857067366,0.4951618527476267
2021_22_20211127_CRY_AVL,2021_22,2021-11-27,CRY,AVL,1,0.4753246753246753,2.02,0.4742040403375346,-0.0011206349871407,0.4747643578311049,V0.10,3,-0.0022339805857067366,0.4730906947389686
2021_22_20211127_LIV_SOU,2021_22,2021-11-27,LIV,SOU,1,0.6736111111111112,1.41,0.6631320057650348,-0.0104791053460763,0.6683715584380729,V0.10,7,-0.013968871420383056,0.6596422396907281
2021_22_20211127_NOR_WOL,2021_22,2021-11-27,NOR,WOL,0,0.416243654822335,2.3,0.4232991573873725,0.0070555025650375,0.4197714061048537,V0.10,2,-0.006206913589626709,0.4100367412327083
2021_22_20211128_BRE_EVE,2021_22,2021-11-28,BRE,EVE,0,0.440721649484536,2.17,0.4276892167309193,-0.0130324327536167,0.4342054331077276,V0.10,2,-0.006206913589626709,0.4345147358949093
2021_22_20211128_CHE_MUN,2021_22,2021-11-28,CHE,MUN,0,0.5286458333333333,1.81,0.5056244187522052,-0.023021414581128,0.5171351260427692,V0.10,4,0.004530128455787826,0.5331759617891211
2021_22_20211128_LEI_WAT,2021_22,2021-11-28,LEI,WAT,1,0.5743589743589743,1.66,0.578654878880077,0.0042959045211027,0.5765069266195257,V0.10,5,0.002666547442606184,0.5770255218015805
2021_22_20211128_MCI_WHU,2021_22,2021-11-28,MCI,WHU,1,0.6332518337408313,1.5,0.6128822459009701,-0.0203695878398612,0.6230670398209006,V0.10,6,-0.006943132447660932,0.6263087012931703
2021_22_20211130_LEE_CRY,2021_22,2021-11-30,LEE,CRY,0,0.5,1.92,0.5037600577708804,0.0037600577708803,0.5018800288854401,V0.10,4,0.004530128455787826,0.5045301284557878
2021_22_20211130_NEW_NOR,2021_22,2021-11-30,NEW,NOR,0,0.5234374999999999,1.83,0.5409595388280695,0.0175220388280695,0.5321985194140346,V0.10,4,0.004530128455787826,0.5279676284557877
2021_22_20211201_AVL_MCI,2021_22,2021-12-01,AVL,MCI,1,0.5852417302798981,1.63,0.5807909670526629,-0.0044507632272352,0.5830163486662805,V0.10,5,0.002666547442606184,0.5879082777225043
2021_22_20211201_EVE_LIV,2021_22,2021-12-01,EVE,LIV,1,0.5984848484848484,1.59,0.5857425260900068,-0.0127423223948416,0.5921136872874275,V0.10,5,0.002666547442606184,0.6011513959274546
2021_22_20211201_SOU_LEI,2021_22,2021-12-01,SOU,LEI,1,0.5376623376623377,1.78,0.5418630859297433,0.0042007482674055,0.5397627117960405,V0.10,4,0.004530128455787826,0.5421924661181255
2021_22_20211201_WAT_CHE,2021_22,2021-12-01,WAT,CHE,1,0.5592783505154639,1.71,0.5600203073777764,0.0007419568623124,0.5596493289466202,V0.10,5,0.002666547442606184,0.5619448979580701
2021_22_20211201_WHU_BRI,2021_22,2021-12-01,WHU,BRI,0,0.4727272727272727,2.03,0.4781279057502047,0.0054006330229319,0.4754275892387387,V0.10,3,-0.0022339805857067366,0.470493292141566
2021_22_20211201_WOL_BUR,2021_22,2021-12-01,WOL,BUR,0,0.4293059125964009,2.22,0.4260232310607797,-0.0032826815356211,0.4276645718285903,V0.10,2,-0.006206913589626709,0.42309899900677417
2021_22_20211202_MUN_ARS,2021_22,2021-12-02,MUN,ARS,1,0.5324675324675325,1.8,0.5178084336920408,-0.0146590987754917,0.5251379830797867,V0.10,4,0.004530128455787826,0.5369976609233204
2021_22_20211202_TOT_BRE,2021_22,2021-12-02,TOT,BRE,0,0.5052083333333333,1.9,0.4984950626905227,-0.0067132706428105,0.501851698011928,V0.10,4,0.004530128455787826,0.5097384617891211
2021_22_20211204_NEW_BUR,2021_22,2021-12-04,NEW,BUR,0,0.4947916666666667,1.94,0.5052975551283309,0.0105058884616641,0.5000446108974987,V0.10,3,-0.0022339805857067366,0.49255768608095996
2021_22_20211204_SOU_BRI,2021_22,2021-12-04,SOU,BRI,0,0.442159383033419,2.17,0.4496625324539439,0.0075031494205248,0.4459109577436814,V0.10,2,-0.006206913589626709,0.4359524694437923
2021_22_20211204_WAT_MCI,2021_22,2021-12-04,WAT,MCI,1,0.660377358490566,1.44,0.6555210207742488,-0.0048563377163172,0.6579491896324074,V0.10,7,-0.013968871420383056,0.646408487070183
2021_22_20211204_WHU_CHE,2021_22,2021-12-04,WHU,CHE,1,0.466321243523316,2.06,0.4444605928221362,-0.0218606507011797,0.4553909181727261,V0.10,3,-0.0022339805857067366,0.46408726293760927
2021_22_20211204_WOL_LIV,2021_22,2021-12-04,WOL,LIV,0,0.5652173913043478,1.7,0.5598649867119737,-0.005352404592374,0.5625411890081607,V0.10,5,0.002666547442606184,0.567883938746954
2021_22_20211205_AVL_LEI,2021_22,2021-12-05,AVL,LEI,1,0.5130208333333333,1.87,0.5068992474792746,-0.0061215858540586,0.5099600404063039,V0.10,4,0.004530128455787826,0.5175509617891211
2021_22_20211205_LEE_BRE,2021_22,2021-12-05,LEE,BRE,1,0.5,1.92,0.5044661412549961,0.0044661412549961,0.502233070627498,V0.10,4,0.004530128455787826,0.5045301284557878
2021_22_20211205_MUN_CRY,2021_22,2021-12-05,MUN,CRY,0,0.5414507772020726,1.77,0.5419762805023982,0.0005255033003256,0.5417135288522354,V0.10,4,0.004530128455787826,0.5459809056578604
2021_22_20211205_TOT_NOR,2021_22,2021-12-05,TOT,NOR,1,0.5208333333333334,1.84,0.5212971511445674,0.000463817811234,0.5210652422389503,V0.10,4,0.004530128455787826,0.5253634617891212
2021_22_20211206_EVE_ARS,2021_22,2021-12-06,EVE,ARS,1,0.4701298701298701,2.04,0.4555319732426023,-0.0145978968872677,0.4628309216862362,V0.10,3,-0.0022339805857067366,0.4678958895441634
2021_22_20211210_BRE_WAT,2021_22,2021-12-10,BRE,WAT,1,0.4817708333333334,1.99,0.4781805596406093,-0.003590273692724,0.4799756964869713,V0.10,3,-0.0022339805857067366,0.4795368527476267
2021_22_20211211_ARS_SOU,2021_22,2021-12-11,ARS,SOU,1,0.5350649350649351,1.79,0.5257811958458896,-0.0092837392190455,0.5304230654554123,V0.10,4,0.004530128455787826,0.539595063520723
2021_22_20211211_CHE_LEE,2021_22,2021-12-11,CHE,LEE,1,0.6015037593984962,1.59,0.591383675537388,-0.0101200838611081,0.5964437174679421,V0.10,6,-0.006943132447660932,0.5945606269508352
2021_22_20211211_LIV_AVL,2021_22,2021-12-11,LIV,AVL,0,0.6796338672768879,1.4,0.6622027832081172,-0.0174310840687706,0.6709183252425026,V0.10,7,-0.013968871420383056,0.6656649958565048
2021_22_20211211_MCI_WOL,2021_22,2021-12-11,MCI,WOL,0,0.6163366336633663,1.55,0.60965507582367,-0.0066815578396963,0.6129958547435181,V0.10,6,-0.006943132447660932,0.6093935012157053
2021_22_20211211_NOR_MUN,2021_22,2021-12-11,NOR,MUN,0,0.5604113110539846,1.71,0.5804847359469981,0.0200734248930135,0.5704480235004914,V0.10,5,0.002666547442606184,0.5630778584965908
2021_22_20211212_BUR_WHU,2021_22,2021-12-12,BUR,WHU,0,0.5208333333333334,1.84,0.5288931970902716,0.0080598637569382,0.5248632652118025,V0.10,4,0.004530128455787826,0.5253634617891212
2021_22_20211212_CRY_EVE,2021_22,2021-12-12,CRY,EVE,1,0.4137055837563452,2.31,0.398884185616801,-0.0148213981395441,0.4062948846865731,V0.10,2,-0.006206913589626709,0.4074986701667185
2021_22_20211212_LEI_NEW,2021_22,2021-12-12,LEI,NEW,1,0.5969773299748111,1.6,0.6005010237522105,0.0035236937773993,0.5987391768635109,V0.10,5,0.002666547442606184,0.5996438774174173
2021_22_20211214_MCI_LEE,2021_22,2021-12-14,MCI,LEE,1,0.7024070021881839,1.36,0.6891310740448733,-0.0132759281433105,0.6957690381165286,V0.10,8,-0.006924981245855812,0.695482020942328
2021_22_20211214_NOR_AVL,2021_22,2021-12-14,NOR,AVL,0,0.4484536082474227,2.14,0.4559266435177341,0.0074730352703114,0.4521901258825784,V0.10,2,-0.006206913589626709,0.442246694657796
2021_22_20211215_ARS_WHU,2021_22,2021-12-15,ARS,WHU,0,0.5246753246753246,1.83,0.507710090390889,-0.0169652342844356,0.5161927075331068,V0.10,4,0.004530128455787826,0.5292054531311124
2021_22_20211215_BRI_WOL,2021_22,2021-12-15,BRI,WOL,0,0.3793103448275862,2.52,0.3825002584064757,0.0031899135788895,0.3809053016170309,V0.10,1,-0.011108050258170013,0.36820229456941617
2021_22_20211215_CRY_SOU,2021_22,2021-12-15,CRY,SOU,1,0.4559585492227979,2.1,0.4503931854875697,-0.0055653637352282,0.4531758673551838,V0.10,3,-0.0022339805857067366,0.45372456863709115
2021_22_20211216_CHE_EVE,2021_22,2021-12-16,CHE,EVE,0,0.5581395348837209,1.71,0.5383521083874561,-0.0197874264962648,0.5482458216355885,V0.10,5,0.002666547442606184,0.5608060823263271
2021_22_20211216_LIV_NEW,2021_22,2021-12-16,LIV,NEW,1,0.7152034261241969,1.33,0.702721992243563,-0.0124814338806338,0.7089627091838799,V0.10,8,-0.006924981245855812,0.708278444878341
2021_22_20211218_LEE_ARS,2021_22,2021-12-18,LEE,ARS,1,0.5466321243523315,1.75,0.5387458593103568,-0.0078862650419747,0.5426889918313442,V0.10,4,0.004530128455787826,0.5511622528081194
2021_22_20211219_NEW_MCI,2021_22,2021-12-19,NEW,MCI,1,0.6532066508313539,1.46,0.6509085518060831,-0.0022980990252707,0.6520576013187185,V0.10,7,-0.013968871420383056,0.6392377794109708
2021_22_20211219_TOT_LIV,2021_22,2021-12-19,TOT,LIV,1,0.583756345177665,1.64,0.562097006889265,-0.0216593382883999,0.572926676033465,V0.10,5,0.002666547442606184,0.5864228926202711
2021_22_20211219_WOL_CHE,2021_22,2021-12-19,WOL,CHE,0,0.4496124031007751,2.13,0.438605360605844,-0.011007042494931,0.4441088818533095,V0.10,2,-0.006206913589626709,0.4434054895111484
2021_22_20211226_AVL_CHE,2021_22,2021-12-26,AVL,CHE,1,0.4727272727272727,2.03,0.4615458819512852,-0.0111813907759875,0.4671365773392789,V0.10,3,-0.0022339805857067366,0.470493292141566
2021_22_20211226_BRI_BRE,2021_22,2021-12-26,BRI,BRE,0,0.4355670103092783,2.19,0.4365942791486684,0.0010272688393901,0.4360806447289733,V0.10,2,-0.006206913589626709,0.4293600967196516
2021_22_20211226_MCI_LEI,2021_22,2021-12-26,MCI,LEI,1,0.6840909090909091,1.39,0.6572506739958257,-0.0268402350950833,0.6706707915433674,V0.10,7,-0.013968871420383056,0.670122037670526
2021_22_20211226_NOR_ARS,2021_22,2021-12-26,NOR,ARS,1,0.5376623376623377,1.78,0.5473413201613103,0.0096789824989725,0.542501828911824,V0.10,4,0.004530128455787826,0.5421924661181255
2021_22_20211226_TOT_CRY,2021_22,2021-12-26,TOT,CRY,1,0.4960835509138382,1.93,0.4826072778770559,-0.0134762730367823,0.489345414395447,V0.10,3,-0.0022339805857067366,0.4938495703281315
2021_22_20211226_WHU_SOU,2021_22,2021-12-26,WHU,SOU,1,0.5466321243523315,1.75,0.5508861131446711,0.0042539887923395,0.5487591187485013,V0.10,4,0.004530128455787826,0.5511622528081194
2021_22_20211227_NEW_MUN,2021_22,2021-12-27,NEW,MUN,0,0.5913705583756345,1.61,0.601659553458128,0.0102889950824935,0.5965150559168813,V0.10,5,0.002666547442606184,0.5940371058182407
2021_22_20211228_CRY_NOR,2021_22,2021-12-28,CRY,NOR,1,0.4470284237726098,2.14,0.4452686557794298,-0.0017597679931799,0.4461485397760198,V0.10,2,-0.006206913589626709,0.4408215101829831
2021_22_20211228_LEI_LIV,2021_22,2021-12-28,LEI,LIV,0,0.7209302325581396,1.32,0.7043473606966908,-0.0165828718614488,0.7126387966274152,V0.10,8,-0.006924981245855812,0.7140052513122838
2021_22_20211228_SOU_TOT,2021_22,2021-12-28,SOU,TOT,0,0.5039164490861618,1.9,0.4945637874935637,-0.0093526615925981,0.4992401182898628,V0.10,4,0.004530128455787826,0.5084465775419497
2021_22_20211228_WAT_WHU,2021_22,2021-12-28,WAT,WHU,1,0.5529715762273902,1.73,0.5572141388911162,0.0042425626637259,0.5550928575592532,V0.10,5,0.002666547442606184,0.5556381236699964
2021_22_20211229_BRE_MCI,2021_22,2021-12-29,BRE,MCI,0,0.6383495145631067,1.49,0.6329108979888431,-0.0054386165742635,0.6356302062759749,V0.10,6,-0.006943132447660932,0.6314063821154458
2021_22_20211229_CHE_BRI,2021_22,2021-12-29,CHE,BRI,0,0.5065274151436031,1.89,0.4991644861144793,-0.0073629290291237,0.5028459506290412,V0.10,4,0.004530128455787826,0.5110575435993909
2021_22_20211230_MUN_BUR,2021_22,2021-12-30,MUN,BUR,1,0.5655526992287918,1.69,0.576734547912125,0.0111818486833331,0.5711436235704583,V0.10,5,0.002666547442606184,0.568219246671398
2021_22_20220101_ARS_MCI,2021_22,2022-01-01,ARS,MCI,1,0.6030150753768844,1.58,0.572900739245235,-0.0301143361316493,0.5879579073110597,V0.10,6,-0.006943132447660932,0.5960719429292234
2021_22_20220101_CRY_WHU,2021_22,2022-01-01,CRY,WHU,1,0.5130208333333333,1.87,0.5092847738402281,-0.0037360594931051,0.5111528035867807,V0.10,4,0.004530128455787826,0.5175509617891211
2021_22_20220101_WAT_TOT,2021_22,2022-01-01,WAT,TOT,0,0.5390625,1.77,0.5313403880963166,-0.0077221119036834,0.5352014440481583,V0.10,4,0.004530128455787826,0.5435926284557878
2021_22_20220102_BRE_AVL,2021_22,2022-01-02,BRE,AVL,1,0.4609375,2.07,0.4589659334056988,-0.0019715665943011,0.4599517167028494,V0.10,3,-0.0022339805857067366,0.45870351941429327
2021_22_20220102_CHE_LIV,2021_22,2022-01-02,CHE,LIV,1,0.5338541666666666,1.79,0.501824102311808,-0.0320300643548586,0.5178391344892372,V0.10,4,0.004530128455787826,0.5383842951224544
2021_22_20220102_EVE_BRI,2021_22,2022-01-02,EVE,BRI,1,0.4282051282051282,2.23,0.4257243300848983,-0.0024807981202298,0.4269647291450132,V0.10,2,-0.006206913589626709,0.42199821461550147
2021_22_20220102_LEE_BUR,2021_22,2022-01-02,LEE,BUR,1,0.5117493472584856,1.87,0.5170513392996033,0.0053019920411176,0.5144003432790445,V0.10,4,0.004530128455787826,0.5162794757142735
2021_22_20220103_MUN_WOL,2021_22,2022-01-03,MUN,WOL,0,0.4908616187989557,1.95,0.4950230305110785,0.0041614117121228,0.4929423246550171,V0.10,3,-0.0022339805857067366,0.48862763821324895
2021_22_20220111_SOU_BRE,2021_22,2022-01-11,SOU,BRE,1,0.4727272727272727,2.03,0.4718083727242687,-0.0009189000030039,0.4722678227257707,V0.10,3,-0.0022339805857067366,0.470493292141566
2021_22_20220112_WHU_NOR,2021_22,2022-01-12,WHU,NOR,0,0.5743589743589743,1.66,0.5863099256593308,0.0119509513003565,0.5803344500091525,V0.10,5,0.002666547442606184,0.5770255218015805
2021_22_20220114_BRI_CRY,2021_22,2022-01-14,BRI,CRY,0,0.4395886889460154,2.18,0.4417090240957063,0.0021203351496909,0.4406488565208608,V0.10,2,-0.006206913589626709,0.43338177535638867
2021_22_20220115_AVL_MUN,2021_22,2022-01-15,AVL,MUN,1,0.5130208333333333,1.87,0.5151049894666516,0.0020841561333183,0.5140629113999924,V0.10,4,0.004530128455787826,0.5175509617891211
2021_22_20220115_MCI_CHE,2021_22,2022-01-15,MCI,CHE,0,0.5234374999999999,1.83,0.4727564460322313,-0.0506810539677685,0.4980969730161156,V0.10,4,0.004530128455787826,0.5279676284557877
2021_22_20220115_NEW_WAT,2021_22,2022-01-15,NEW,WAT,0,0.5338541666666666,1.79,0.542743610781928,0.0088894441152613,0.5382988887242973,V0.10,4,0.004530128455787826,0.5383842951224544
2021_22_20220115_NOR_EVE,2021_22,2022-01-15,NOR,EVE,1,0.4609375,2.07,0.4635478335348014,0.0026103335348013,0.4622426667674006,V0.10,3,-0.0022339805857067366,0.45870351941429327
2021_22_20220115_WOL_SOU,2021_22,2022-01-15,WOL,SOU,1,0.3984962406015038,2.4,0.3944469550936193,-0.0040492855078844,0.3964715978475616,V0.10,1,-0.011108050258170013,0.38738819034333377
2021_22_20220116_LIV_BRE,2021_22,2022-01-16,LIV,BRE,1,0.578005115089514,1.65,0.5563265535585264,-0.0216785615309875,0.5671658343240202,V0.10,5,0.002666547442606184,0.5806716625321202
2021_22_20220116_WHU_LEE,2021_22,2022-01-16,WHU,LEE,1,0.5877862595419847,1.62,0.5861674953449244,-0.0016187641970603,0.5869768774434545,V0.10,5,0.002666547442606184,0.5904528069845909
2021_22_20220118_BRI_CHE,2021_22,2022-01-18,BRI,CHE,0,0.4545454545454546,2.1,0.4468981465450239,-0.0076473080004306,0.4507218005452392,V0.10,3,-0.0022339805857067366,0.45231147395974786
2021_22_20220119_BRE_MUN,2021_22,2022-01-19,BRE,MUN,1,0.5065274151436031,1.89,0.5033834171050974,-0.0031439980385057,0.5049554161243502,V0.10,4,0.004530128455787826,0.5110575435993909
2021_22_20220119_LEI_TOT,2021_22,2022-01-19,LEI,TOT,1,0.5364583333333334,1.78,0.5208850435089987,-0.0155732898243347,0.528671688421166,V0.10,4,0.004530128455787826,0.5409884617891212
2021_22_20220121_WAT_NOR,2021_22,2022-01-21,WAT,NOR,1,0.5039164490861618,1.9,0.5175565743609234,0.0136401252747615,0.5107365117235426,V0.10,4,0.004530128455787826,0.5084465775419497
2021_22_20220122_BRE_WOL,2021_22,2022-01-22,BRE,WOL,1,0.3802469135802469,2.51,0.378482875757845,-0.0017640378224018,0.379364894669046,V0.10,1,-0.011108050258170013,0.3691388633220769
2021_22_20220122_EVE_AVL,2021_22,2022-01-22,EVE,AVL,0,0.4739583333333334,2.02,0.472545203572178,-0.0014131297611553,0.4732517684527557,V0.10,3,-0.0022339805857067366,0.4717243527476267
2021_22_20220122_LEE_NEW,2021_22,2022-01-22,LEE,NEW,0,0.5743589743589743,1.66,0.5798989408032198,0.0055399664442454,0.5771289575810971,V0.10,5,0.002666547442606184,0.5770255218015805
2021_22_20220122_MUN_WHU,2021_22,2022-01-22,MUN,WHU,0,0.5655526992287918,1.69,0.5583147430469464,-0.0072379561818454,0.5619337211378691,V0.10,5,0.002666547442606184,0.568219246671398
2021_22_20220122_SOU_MCI,2021_22,2022-01-22,SOU,MCI,0,0.6449275362318841,1.47,0.6360473119203994,-0.0088802243114847,0.6404874240761418,V0.10,6,-0.006943132447660932,0.6379844037842232
2021_22_20220123_ARS_BUR,2021_22,2022-01-23,ARS,BUR,0,0.5428571428571429,1.76,0.5370709688414972,-0.0057861740156457,0.5399640558493201,V0.10,4,0.004530128455787826,0.5473872713129307
2021_22_20220123_CHE_TOT,2021_22,2022-01-23,CHE,TOT,0,0.5013054830287206,1.91,0.4768317974145236,-0.0244736856141969,0.4890686402216221,V0.10,4,0.004530128455787826,0.5058356114845084
2021_22_20220123_CRY_LIV,2021_22,2022-01-23,CRY,LIV,1,0.5569948186528497,1.71,0.5468467289342912,-0.0101480897185585,0.5519207737935705,V0.10,5,0.002666547442606184,0.5596613660954559
2021_22_20220123_LEI_BRI,2021_22,2022-01-23,LEI,BRI,0,0.4908616187989557,1.95,0.4882408239445895,-0.0026207948543661,0.4895512213717726,V0.10,3,-0.0022339805857067366,0.48862763821324895
2021_22_20220205_BUR_WAT,2021_22,2022-02-05,BUR,WAT,0,0.4571428571428572,2.09,0.4542944086095077,-0.0028484485333494,0.4557186328761825,V0.10,3,-0.0022339805857067366,0.45490887655715045
2021_22_20220208_BUR_MUN,2021_22,2022-02-08,BUR,MUN,0,0.5221932114882506,1.83,0.5310753976091659,0.0088821861209152,0.5266343045487083,V0.10,4,0.004530128455787826,0.5267233399440384
2021_22_20220208_NEW_EVE,2021_22,2022-02-08,NEW,EVE,1,0.5065274151436031,1.89,0.5129742637658897,0.0064468486222866,0.5097508394547464,V0.10,4,0.004530128455787826,0.5110575435993909
2021_22_20220208_WHU_WAT,2021_22,2022-02-08,WHU,WAT,0,0.5402597402597403,1.77,0.5382969478819781,-0.0019627923777622,0.5392783440708593,V0.10,4,0.004530128455787826,0.5447898687155281
2021_22_20220209_AVL_LEE,2021_22,2022-02-09,AVL,LEE,1,0.5629820051413882,1.7,0.5673998096530007,0.0044178045116125,0.5651909073971945,V0.10,5,0.002666547442606184,0.5656485525839944
2021_22_20220209_MCI_BRE,2021_22,2022-02-09,MCI,BRE,0,0.6984478935698448,1.36,0.6783941331007791,-0.0200537604690657,0.6884210133353119,V0.10,7,-0.013968871420383056,0.6844790221494618
2021_22_20220209_NOR_CRY,2021_22,2022-02-09,NOR,CRY,0,0.451948051948052,2.11,0.4589825878373113,0.0070345358892593,0.4554653198926817,V0.10,3,-0.0022339805857067366,0.44971407136234526
2021_22_20220209_TOT_SOU,2021_22,2022-02-09,TOT,SOU,1,0.5390625,1.77,0.5238318316604396,-0.0152306683395604,0.5314471658302198,V0.10,4,0.004530128455787826,0.5435926284557878
2021_22_20220210_LIV_LEI,2021_22,2022-02-10,LIV,LEI,0,0.7145922746781115,1.33,0.693909176564629,-0.0206830981134824,0.7042507256213703,V0.10,8,-0.006924981245855812,0.7076672934322557
2021_22_20220210_WOL_ARS,2021_22,2022-02-10,WOL,ARS,0,0.4137055837563452,2.31,0.3971868406535474,-0.0165187431027977,0.4054462122049463,V0.10,2,-0.006206913589626709,0.4074986701667185
2021_22_20220212_BRE_CRY,2021_22,2022-02-12,BRE,CRY,0,0.4101265822784811,2.33,0.4004657007354731,-0.0096608815430079,0.4052961415069771,V0.10,2,-0.006206913589626709,0.40391966868885437
2021_22_20220212_EVE_LEE,2021_22,2022-02-12,EVE,LEE,1,0.5790816326530612,1.65,0.578814871112904,-0.0002667615401572,0.5789482518829826,V0.10,5,0.002666547442606184,0.5817481800956674
2021_22_20220212_MUN_SOU,2021_22,2022-02-12,MUN,SOU,0,0.5655526992287918,1.69,0.5612157462388729,-0.0043369529899188,0.5633842227338324,V0.10,5,0.002666547442606184,0.568219246671398
2021_22_20220212_NOR_MCI,2021_22,2022-02-12,NOR,MCI,1,0.6682242990654206,1.42,0.6731087722202669,0.0048844731548463,0.6706665356428437,V0.10,7,-0.013968871420383056,0.6542554276450375
2021_22_20220212_WAT_BRI,2021_22,2022-02-12,WAT,BRI,0,0.4126582278481012,2.32,0.4183170059346053,0.0056587780865041,0.4154876168913533,V0.10,2,-0.006206913589626709,0.40645131425847447
2021_22_20220213_BUR_LIV,2021_22,2022-02-13,BUR,LIV,0,0.595959595959596,1.6,0.6029113848572755,0.0069517888976794,0.5994354904084358,V0.10,5,0.002666547442606184,0.5986261434022022
2021_22_20220213_LEI_WHU,2021_22,2022-02-13,LEI,WHU,1,0.5717948717948719,1.67,0.5606264977888252,-0.0111683740060466,0.5662106847918486,V0.10,5,0.002666547442606184,0.5744614192374781
2021_22_20220213_NEW_AVL,2021_22,2022-02-13,NEW,AVL,0,0.5260416666666667,1.82,0.5397931515387463,0.0137514848720795,0.5329174091027065,V0.10,4,0.004530128455787826,0.5305717951224546
2021_22_20220213_TOT_WOL,2021_22,2022-02-13,TOT,WOL,0,0.4395886889460154,2.18,0.4220073389935698,-0.0175813499524455,0.4307980139697925,V0.10,2,-0.006206913589626709,0.43338177535638867
2021_22_20220215_MUN_BRI,2021_22,2022-02-15,MUN,BRI,0,0.5065274151436031,1.89,0.5102527591169299,0.0037253439733268,0.5083900871302665,V0.10,4,0.004530128455787826,0.5110575435993909
2021_22_20220219_ARS_BRE,2021_22,2022-02-19,ARS,BRE,1,0.4895833333333333,1.96,0.4723056453653888,-0.0172776879679444,0.480944489349361,V0.10,3,-0.0022339805857067366,0.4873493527476266
2021_22_20220219_AVL_WAT,2021_22,2022-02-19,AVL,WAT,0,0.4869791666666667,1.97,0.4912125795017343,0.0042334128350676,0.4890958730842005,V0.10,3,-0.0022339805857067366,0.48474518608095996
2021_22_20220219_BRI_BUR,2021_22,2022-02-19,BRI,BUR,1,0.4293059125964009,2.22,0.4341671122666166,0.0048611996702157,0.4317365124315088,V0.10,2,-0.006206913589626709,0.42309899900677417
2021_22_20220219_CRY_CHE,2021_22,2022-02-19,CRY,CHE,0,0.4765625,2.01,0.4648678297794034,-0.0116946702205966,0.4707151648897016,V0.10,3,-0.0022339805857067366,0.47432851941429327
2021_22_20220219_LIV_NOR,2021_22,2022-02-19,LIV,NOR,1,0.7080610021786492,1.34,0.7091935671189569,0.0011325649403076,0.7086272846488031,V0.10,8,-0.006924981245855812,0.7011360209327934
2021_22_20220219_MCI_TOT,2021_22,2022-02-19,MCI,TOT,1,0.595959595959596,1.6,0.5568619861099292,-0.0390976098496668,0.5764107910347627,V0.10,5,0.002666547442606184,0.5986261434022022
2021_22_20220219_SOU_EVE,2021_22,2022-02-19,SOU,EVE,0,0.53125,1.8,0.5302537190668698,-0.0009962809331302,0.5307518595334348,V0.10,4,0.004530128455787826,0.5357801284557878
2021_22_20220219_WHU_NEW,2021_22,2022-02-19,WHU,NEW,0,0.5300261096605744,1.8,0.5285240026436725,-0.0015021070169018,0.5292750561521234,V0.10,4,0.004530128455787826,0.5345562381163622
2021_22_20220220_LEE_MUN,2021_22,2022-02-20,LEE,MUN,1,0.5852417302798981,1.63,0.5867925286740752,0.001550798394177,0.5860171294769867,V0.10,5,0.002666547442606184,0.5879082777225043
2021_22_20220220_WOL_LEI,2021_22,2022-02-20,WOL,LEI,1,0.4444444444444444,2.15,0.4309900725433661,-0.0134543719010782,0.4377172584939053,V0.10,2,-0.006206913589626709,0.4382375308548177
2021_22_20220223_BUR_TOT,2021_22,2022-02-23,BUR,TOT,0,0.4751958224543081,2.01,0.4742197074822019,-0.0009761149721062,0.4747077649682549,V0.10,3,-0.0022339805857067366,0.47296184186860135
2021_22_20220223_LIV_LEE,2021_22,2022-02-23,LIV,LEE,1,0.7495069033530573,1.27,0.7288370733406616,-0.0206698300123956,0.7391719883468595,V0.10,8,-0.006924981245855812,0.7425819221072014
2021_22_20220223_WAT_CRY,2021_22,2022-02-23,WAT,CRY,1,0.4344473007712082,2.2,0.4340552261148762,-0.000392074656332,0.4342512634430422,V0.10,2,-0.006206913589626709,0.42824038718158147
2021_22_20220224_ARS_WOL,2021_22,2022-02-24,ARS,WOL,1,0.4282051282051282,2.23,0.4064926608000971,-0.021712467405031,0.4173488945026127,V0.10,2,-0.006206913589626709,0.42199821461550147
2021_22_20220225_SOU_NOR,2021_22,2022-02-25,SOU,NOR,0,0.5466321243523315,1.75,0.5563175894536857,0.0096854651013541,0.5514748569030086,V0.10,4,0.004530128455787826,0.5511622528081194
2021_22_20220226_BRE_NEW,2021_22,2022-02-26,BRE,NEW,0,0.4198473282442748,2.28,0.4197667234018226,-8.060484245220323e-05,0.4198070258230487,V0.10,2,-0.006206913589626709,0.41364041465464807
2021_22_20220226_BRI_AVL,2021_22,2022-02-26,BRI,AVL,0,0.4444444444444444,2.15,0.4458463888770597,0.0014019444326153,0.4451454166607521,V0.10,2,-0.006206913589626709,0.4382375308548177
2021_22_20220226_CRY_BUR,2021_22,2022-02-26,CRY,BUR,0,0.4198473282442748,2.28,0.4191341176169237,-0.000713210627351,0.4194907229305993,V0.10,2,-0.006206913589626709,0.41364041465464807
2021_22_20220226_EVE_MCI,2021_22,2022-02-26,EVE,MCI,0,0.6169154228855721,1.54,0.6007829747080153,-0.0161324481775567,0.6088491987967937,V0.10,6,-0.006943132447660932,0.6099722904379111
2021_22_20220226_LEE_TOT,2021_22,2022-02-26,LEE,TOT,1,0.5873417721518986,1.63,0.5805248864886347,-0.0068168856632639,0.5839333293202666,V0.10,5,0.002666547442606184,0.5900083195945048
2021_22_20220226_MUN_WAT,2021_22,2022-02-26,MUN,WAT,0,0.5816326530612244,1.64,0.5845066440616736,0.0028739910004492,0.583069648561449,V0.10,5,0.002666547442606184,0.5842992005038306
2021_22_20220227_WHU_WOL,2021_22,2022-02-27,WHU,WOL,0,0.4173027989821883,2.29,0.4038935990328071,-0.0134091999493812,0.4105981990074977,V0.10,2,-0.006206913589626709,0.4110958853925616
2021_22_20220301_BUR_LEI,2021_22,2022-03-01,BUR,LEI,0,0.484375,1.98,0.4843139233912272,-6.107660877274768e-05,0.4843444616956136,V0.10,3,-0.0022339805857067366,0.48214101941429327
2021_22_20220305_AVL_SOU,2021_22,2022-03-05,AVL,SOU,1,0.5221932114882506,1.83,0.5270000036013888,0.0048067921131381,0.5245966075448196,V0.10,4,0.004530128455787826,0.5267233399440384
2021_22_20220305_BUR_CHE,2021_22,2022-03-05,BUR,CHE,1,0.4609375,2.07,0.4576319318509901,-0.0033055681490098,0.4592847159254951,V0.10,3,-0.0022339805857067366,0.45870351941429327
2021_22_20220305_LEI_LEE,2021_22,2022-03-05,LEI,LEE,0,0.6188118811881189,1.54,0.6079861877254473,-0.0108256934626715,0.6133990344567831,V0.10,6,-0.006943132447660932,0.6118687487404579
2021_22_20220305_LIV_WHU,2021_22,2022-03-05,LIV,WHU,0,0.635036496350365,1.5,0.6149606452579782,-0.0200758510923867,0.6249985708041716,V0.10,6,-0.006943132447660932,0.628093363902704
2021_22_20220305_NEW_BRI,2021_22,2022-03-05,NEW,BRI,1,0.423469387755102,2.26,0.428121930152448,0.004652542397346,0.425795658953775,V0.10,2,-0.006206913589626709,0.4172624741654753
2021_22_20220305_NOR_BRE,2021_22,2022-03-05,NOR,BRE,1,0.4183673469387755,2.28,0.4216609139994884,0.0032935670607129,0.4200141304691319,V0.10,2,-0.006206913589626709,0.41216043334914876
2021_22_20220305_WOL_CRY,2021_22,2022-03-05,WOL,CRY,0,0.3759213759213758,2.54,0.3627692590456778,-0.013152116875698,0.3693453174835268,V0.10,1,-0.011108050258170013,0.3648133256632058
2021_22_20220306_MCI_MUN,2021_22,2022-03-06,MCI,MUN,1,0.5949367088607596,1.6,0.5646464703929366,-0.0302902384678229,0.5797915896268481,V0.10,5,0.002666547442606184,0.5976032563033657
2021_22_20220306_WAT_ARS,2021_22,2022-03-06,WAT,ARS,1,0.4739583333333334,2.02,0.4693422102773145,-0.0046161230560188,0.471650271805324,V0.10,3,-0.0022339805857067366,0.4717243527476267
2021_22_20220307_TOT_EVE,2021_22,2022-03-07,TOT,EVE,1,0.5364583333333334,1.78,0.521004556030424,-0.0154537773029094,0.5287314446818787,V0.10,4,0.004530128455787826,0.5409884617891212
2021_22_20220310_LEE_AVL,2021_22,2022-03-10,LEE,AVL,1,0.5644329896907216,1.69,0.5662005628616273,0.0017675731709057,0.5653167762761745,V0.10,5,0.002666547442606184,0.5670995371333278
2021_22_20220310_NOR_CHE,2021_22,2022-03-10,NOR,CHE,1,0.5555555555555556,1.72,0.5682902933512937,0.012734737795738,0.5619229244534246,V0.10,5,0.002666547442606184,0.5582221029981618
2021_22_20220310_SOU_NEW,2021_22,2022-03-10,SOU,NEW,1,0.5326370757180157,1.79,0.5348500441963612,0.0022129684783455,0.5337435599571885,V0.10,4,0.004530128455787826,0.5371672041738035
2021_22_20220310_WOL_WAT,2021_22,2022-03-10,WOL,WAT,1,0.4101265822784811,2.33,0.4074449271705422,-0.0026816551079388,0.4087857547245117,V0.10,2,-0.006206913589626709,0.40391966868885437
2021_22_20220312_BRE_BUR,2021_22,2022-03-12,BRE,BUR,0,0.4030226700251889,2.37,0.4063757357737377,0.0033530657485488,0.4046992028994633,V0.10,2,-0.006206913589626709,0.39681575643556216
2021_22_20220312_BRI_LIV,2021_22,2022-03-12,BRI,LIV,0,0.5666666666666667,1.69,0.5676022234696781,0.0009355568030114,0.5671344450681723,V0.10,5,0.002666547442606184,0.5693332141092728
2021_22_20220312_MUN_TOT,2021_22,2022-03-12,MUN,TOT,1,0.5503875968992248,1.74,0.536135699909196,-0.0142518969900288,0.5432616484042103,V0.10,5,0.002666547442606184,0.553054144341831
2021_22_20220313_ARS_LEI,2021_22,2022-03-13,ARS,LEI,0,0.5862944162436549,1.63,0.5655452456137811,-0.0207491706298738,0.5759198309287179,V0.10,5,0.002666547442606184,0.588960963686261
2021_22_20220313_CHE_NEW,2021_22,2022-03-13,CHE,NEW,0,0.5581395348837209,1.71,0.5563083345569153,-0.0018312003268056,0.5572239347203181,V0.10,5,0.002666547442606184,0.5608060823263271
2021_22_20220313_EVE_WOL,2021_22,2022-03-13,EVE,WOL,0,0.4147582697201017,2.3,0.4063986200032533,-0.0083596497168484,0.4105784448616775,V0.10,2,-0.006206913589626709,0.408551356130475
2021_22_20220313_LEE_NOR,2021_22,2022-03-13,LEE,NOR,1,0.5717948717948719,1.67,0.5830041089675126,0.0112092371726407,0.5773994903811923,V0.10,5,0.002666547442606184,0.5744614192374781
2021_22_20220313_SOU_WAT,2021_22,2022-03-13,SOU,WAT,1,0.5274151436031332,1.81,0.5331263070067362,0.005711163403603,0.5302707253049348,V0.10,4,0.004530128455787826,0.5319452720589211
2021_22_20220313_WHU_AVL,2021_22,2022-03-13,WHU,AVL,1,0.4895287958115184,1.95,0.4773776088601991,-0.0121511869513193,0.4834532023358587,V0.10,3,-0.0022339805857067366,0.4872948152258117
2021_22_20220314_CRY_MCI,2021_22,2022-03-14,CRY,MCI,0,0.5692307692307692,1.68,0.5583179515299259,-0.0109128177008432,0.5637743603803476,V0.10,5,0.002666547442606184,0.5718973166733754
2021_22_20220316_ARS_LIV,2021_22,2022-03-16,ARS,LIV,0,0.5555555555555556,1.72,0.5243169815707436,-0.031238573984812,0.5399362685631496,V0.10,5,0.002666547442606184,0.5582221029981618
2021_22_20220316_BRI_TOT,2021_22,2022-03-16,BRI,TOT,0,0.4571428571428572,2.09,0.4439754344290503,-0.0131674227138068,0.4505591457859537,V0.10,3,-0.0022339805857067366,0.45490887655715045
2021_22_20220317_EVE_NEW,2021_22,2022-03-17,EVE,NEW,0,0.4830287206266319,1.98,0.4852185165152192,0.0021897958885873,0.4841236185709255,V0.10,3,-0.0022339805857067366,0.48079474004092515
2021_22_20220318_WOL_LEE,2021_22,2022-03-18,WOL,LEE,1,0.4908616187989557,1.95,0.479205341314694,-0.0116562774842616,0.4850334800568249,V0.10,3,-0.0022339805857067366,0.48862763821324895
2021_22_20220319_AVL_ARS,2021_22,2022-03-19,AVL,ARS,0,0.5117493472584856,1.87,0.5030247332929426,-0.008724613965543,0.5073870402757141,V0.10,4,0.004530128455787826,0.5162794757142735
2021_22_20220320_LEI_BRE,2021_22,2022-03-20,LEI,BRE,1,0.5039164490861618,1.9,0.4977507055091094,-0.0061657435770524,0.5008335772976356,V0.10,4,0.004530128455787826,0.5084465775419497
2021_22_20220320_TOT_WHU,2021_22,2022-03-20,TOT,WHU,1,0.5518134715025906,1.73,0.5349551563456095,-0.0168583151569811,0.5433843139241001,V0.10,5,0.002666547442606184,0.5544800189451968
2021_22_20220402_BRI_NOR,2021_22,2022-04-02,BRI,NOR,0,0.4661458333333333,2.05,0.4787204984864301,0.0125746651530967,0.4724331659098817,V0.10,3,-0.0022339805857067366,0.4639118527476266
2021_22_20220402_BUR_MCI,2021_22,2022-04-02,BUR,MCI,0,0.6005025125628142,1.59,0.606911879098514,0.0064093665356997,0.6037071958306641,V0.10,6,-0.006943132447660932,0.5935593801151532
2021_22_20220402_CHE_BRE,2021_22,2022-04-02,CHE,BRE,1,0.5052356020942408,1.89,0.4924935241938574,-0.0127420779003833,0.4988645631440491,V0.10,4,0.004530128455787826,0.5097657305500286
2021_22_20220402_LEE_SOU,2021_22,2022-04-02,LEE,SOU,0,0.5862944162436549,1.63,0.5953990285043309,0.009104612260676,0.5908467223739928,V0.10,5,0.002666547442606184,0.588960963686261
2021_22_20220402_LIV_WAT,2021_22,2022-04-02,LIV,WAT,0,0.7045951859956237,1.35,0.7003730934742658,-0.0042220925213578,0.7024841397349447,V0.10,8,-0.006924981245855812,0.6976702047497678
2021_22_20220402_MUN_LEI,2021_22,2022-04-02,MUN,LEI,0,0.6090225563909775,1.56,0.6028701118979815,-0.006152444492996,0.6059463341444795,V0.10,6,-0.006943132447660932,0.6020794239433165
2021_22_20220402_WOL_AVL,2021_22,2022-04-02,WOL,AVL,1,0.4020100502512562,2.38,0.3908741874762141,-0.011135862775042,0.3964421188637351,V0.10,2,-0.006206913589626709,0.3958031366616295
2021_22_20220403_TOT_NEW,2021_22,2022-04-03,TOT,NEW,1,0.53125,1.8,0.5233328728926816,-0.0079171271073184,0.5272914364463408,V0.10,4,0.004530128455787826,0.5357801284557878
2021_22_20220403_WHU_EVE,2021_22,2022-04-03,WHU,EVE,1,0.4934725848563968,1.94,0.4868611192469311,-0.0066114656094656,0.490166852051664,V0.10,3,-0.0022339805857067366,0.49123860427069005
2021_22_20220404_CRY_ARS,2021_22,2022-04-04,CRY,ARS,1,0.4481865284974093,2.13,0.4343541163347171,-0.0138324121626922,0.4412703224160632,V0.10,2,-0.006206913589626709,0.4419796149077826
2021_22_20220406_BUR_EVE,2021_22,2022-04-06,BUR,EVE,1,0.4245524296675191,2.25,0.4221456062244693,-0.0024068234430497,0.4233490179459942,V0.10,2,-0.006206913589626709,0.4183455160778924
2021_22_20220408_NEW_WOL,2021_22,2022-04-08,NEW,WOL,0,0.3984962406015038,2.4,0.3907841629695493,-0.0077120776319544,0.3946402017855265,V0.10,1,-0.011108050258170013,0.38738819034333377
2021_22_20220409_ARS_BRI,2021_22,2022-04-09,ARS,BRI,1,0.4738219895287958,2.01,0.4667606008021739,-0.0070613887266218,0.4702912951654848,V0.10,3,-0.0022339805857067366,0.47158800894308905
2021_22_20220409_AVL_TOT,2021_22,2022-04-09,AVL,TOT,1,0.5169712793733681,1.85,0.5054581971796612,-0.0115130821937068,0.5112147382765146,V0.10,4,0.004530128455787826,0.5215014078291559
2021_22_20220409_EVE_MUN,2021_22,2022-04-09,EVE,MUN,0,0.5208333333333334,1.84,0.520115455274868,-0.0007178780584653,0.5204743943041007,V0.10,4,0.004530128455787826,0.5253634617891212
2021_22_20220409_SOU_CHE,2021_22,2022-04-09,SOU,CHE,1,0.4947916666666667,1.94,0.4854575341207536,-0.009334132545913,0.4901246003937101,V0.10,3,-0.0022339805857067366,0.49255768608095996
2021_22_20220409_WAT_LEE,2021_22,2022-04-09,WAT,LEE,1,0.5402597402597403,1.77,0.5418270148047869,0.0015672745450465,0.5410433775322636,V0.10,4,0.004530128455787826,0.5447898687155281
2021_22_20220410_BRE_WHU,2021_22,2022-04-10,BRE,WHU,0,0.4609375,2.07,0.4527683829392881,-0.0081691170607118,0.456852941469644,V0.10,3,-0.0022339805857067366,0.45870351941429327
2021_22_20220410_LEI_CRY,2021_22,2022-04-10,LEI,CRY,1,0.4908616187989557,1.95,0.4879786266650492,-0.0028829921339064,0.4894201227320024,V0.10,3,-0.0022339805857067366,0.48862763821324895
2021_22_20220410_MCI_LIV,2021_22,2022-04-10,MCI,LIV,1,0.5618556701030928,1.7,0.5205496732232292,-0.0413059968798635,0.541202671663161,V0.10,5,0.002666547442606184,0.564522217545699
2021_22_20220410_NOR_BUR,2021_22,2022-04-10,NOR,BUR,0,0.4122137404580152,2.31,0.4155424596383358,0.0033287191803206,0.4138781000481755,V0.10,2,-0.006206913589626709,0.40600682686838846
2021_22_20220416_MUN_NOR,2021_22,2022-04-16,MUN,NOR,1,0.6299019607843138,1.51,0.6416704889182762,0.0117685281339623,0.635786224851295,V0.10,6,-0.006943132447660932,0.6229588283366528
2021_22_20220416_SOU_ARS,2021_22,2022-04-16,SOU,ARS,0,0.5091383812010444,1.88,0.4998087595160226,-0.0093296216850217,0.5044735703585335,V0.10,4,0.004530128455787826,0.5136685096568322
2021_22_20220416_TOT_BRI,2021_22,2022-04-16,TOT,BRI,0,0.5104712041884817,1.87,0.4946575338282413,-0.0158136703602403,0.5025643690083614,V0.10,4,0.004530128455787826,0.5150013326442695
2021_22_20220416_WAT_BRE,2021_22,2022-04-16,WAT,BRE,1,0.4507772020725388,2.12,0.4503378462457834,-0.0004393558267553,0.4505575241591611,V0.10,3,-0.0022339805857067366,0.44854322148683207
2021_22_20220417_NEW_LEI,2021_22,2022-04-17,NEW,LEI,1,0.4960835509138382,1.93,0.4898516565470895,-0.0062318943667487,0.4929676037304639,V0.10,3,-0.0022339805857067366,0.4938495703281315
2021_22_20220417_WHU_BUR,2021_22,2022-04-17,WHU,BUR,0,0.4921465968586388,1.94,0.4974576573438229,0.0053110604851841,0.4948021271012309,V0.10,3,-0.0022339805857067366,0.4899126162729321
2021_22_20220419_LIV_MUN,2021_22,2022-04-19,LIV,MUN,1,0.6341463414634148,1.5,0.6150117876701121,-0.0191345537933026,0.6245790645667635,V0.10,6,-0.006943132447660932,0.6272032090157538
2021_22_20220420_CHE_ARS,2021_22,2022-04-20,CHE,ARS,1,0.4687499999999999,2.04,0.4355085212537062,-0.0332414787462936,0.4521292606268531,V0.10,3,-0.0022339805857067366,0.46651601941429316
2021_22_20220420_EVE_LEI,2021_22,2022-04-20,EVE,LEI,0,0.5013054830287206,1.91,0.4965552078877417,-0.0047502751409788,0.4989303454582312,V0.10,4,0.004530128455787826,0.5058356114845084
2021_22_20220420_MCI_BRI,2021_22,2022-04-20,MCI,BRI,1,0.5852417302798981,1.63,0.5768573604061991,-0.008384369873699,0.5810495453430486,V0.10,5,0.002666547442606184,0.5879082777225043
2021_22_20220420_NEW_CRY,2021_22,2022-04-20,NEW,CRY,0,0.4333333333333333,2.21,0.4276149199610666,-0.0057184133722666,0.4304741266472,V0.10,2,-0.006206913589626709,0.4271264197437066
2021_22_20220421_BUR_SOU,2021_22,2022-04-21,BUR,SOU,0,0.4908616187989557,1.95,0.4993579612048227,0.008496342405867,0.4951097900018892,V0.10,3,-0.0022339805857067366,0.48862763821324895
2021_22_20220423_ARS_MUN,2021_22,2022-04-23,ARS,MUN,1,0.5286458333333333,1.81,0.5103888596840547,-0.0182569736492785,0.519517346508694,V0.10,4,0.004530128455787826,0.5331759617891211
2021_22_20220423_BRE_TOT,2021_22,2022-04-23,BRE,TOT,0,0.5143603133159269,1.86,0.5024239933616258,-0.0119363199543011,0.5083921533387763,V0.10,4,0.004530128455787826,0.5188904417717147
2021_22_20220423_LEI_AVL,2021_22,2022-04-23,LEI,AVL,0,0.5234374999999999,1.83,0.5227986035908923,-0.0006388964091076,0.5231180517954461,V0.10,4,0.004530128455787826,0.5279676284557877
2021_22_20220423_MCI_WAT,2021_22,2022-04-23,MCI,WAT,1,0.6870748299319728,1.38,0.6761831006784527,-0.0108917292535201,0.6816289653052128,V0.10,7,-0.013968871420383056,0.6731059585115897
2021_22_20220423_NOR_NEW,2021_22,2022-04-23,NOR,NEW,1,0.4908616187989557,1.95,0.5076784442617756,0.0168168254628198,0.4992700315303656,V0.10,3,-0.0022339805857067366,0.48862763821324895
2021_22_20220424_BRI_SOU,2021_22,2022-04-24,BRI,SOU,1,0.4739583333333334,2.02,0.4893760731925112,0.0154177398591778,0.4816672032629223,V0.10,3,-0.0022339805857067366,0.4717243527476267
2021_22_20220424_BUR_WOL,2021_22,2022-04-24,BUR,WOL,0,0.399497487437186,2.39,0.4027492602133167,0.0032517727761307,0.4011233738252514,V0.10,1,-0.011108050258170013,0.388389437179016
2021_22_20220424_CHE_WHU,2021_22,2022-04-24,CHE,WHU,0,0.5286458333333333,1.81,0.5105207438461653,-0.0181250894871679,0.5195832885897493,V0.10,4,0.004530128455787826,0.5331759617891211
2021_22_20220424_LIV_EVE,2021_22,2022-04-24,LIV,EVE,0,0.6579572446555819,1.44,0.6438152107849366,-0.0141420338706452,0.6508862277202593,V0.10,7,-0.013968871420383056,0.6439883732351989
2021_22_20220425_CRY_LEE,2021_22,2022-04-25,CRY,LEE,0,0.5221932114882506,1.83,0.5178098033398322,-0.0043834081484184,0.5200015074140414,V0.10,4,0.004530128455787826,0.5267233399440384
2021_22_20220428_MUN_CHE,2021_22,2022-04-28,MUN,CHE,0,0.5260416666666667,1.82,0.5065717949285591,-0.0194698717381076,0.5163067307976129,V0.10,4,0.004530128455787826,0.5305717951224546
2021_22_20220430_AVL_NOR,2021_22,2022-04-30,AVL,NOR,0,0.5644329896907216,1.69,0.5812220224840297,0.016789032793308,0.5728275060873756,V0.10,5,0.002666547442606184,0.5670995371333278
2021_22_20220430_LEE_MCI,2021_22,2022-04-30,LEE,MCI,1,0.6457831325301205,1.47,0.6397816704119904,-0.0060014621181301,0.6427824014710555,V0.10,6,-0.006943132447660932,0.6388400000824596
2021_22_20220430_NEW_LIV,2021_22,2022-04-30,NEW,LIV,0,0.5644329896907216,1.69,0.5574907980891701,-0.0069421916015515,0.5609618938899459,V0.10,5,0.002666547442606184,0.5670995371333278
2021_22_20220430_SOU_CRY,2021_22,2022-04-30,SOU,CRY,1,0.4791666666666667,2.0,0.484062590798936,0.0048959241322693,0.4816146287328013,V0.10,3,-0.0022339805857067366,0.47693268608095996
2021_22_20220430_WAT_BUR,2021_22,2022-04-30,WAT,BUR,1,0.4623376623376624,2.07,0.4701310681843047,0.0077934058466423,0.4662343652609835,V0.10,3,-0.0022339805857067366,0.46010368175195565
2021_22_20220430_WOL_BRI,2021_22,2022-04-30,WOL,BRI,1,0.3821339950372208,2.49,0.3767651455438749,-0.0053688494933458,0.3794495702905479,V0.10,1,-0.011108050258170013,0.37102594477905076
2021_22_20220501_EVE_CHE,2021_22,2022-05-01,EVE,CHE,0,0.4830287206266319,1.98,0.4731333705936698,-0.0098953500329621,0.4780810456101508,V0.10,3,-0.0022339805857067366,0.48079474004092515
2021_22_20220501_TOT_LEI,2021_22,2022-05-01,TOT,LEI,1,0.6005025125628142,1.59,0.586330120047969,-0.0141723925148451,0.5934163163053916,V0.10,6,-0.006943132447660932,0.5935593801151532
2021_22_20220501_WHU_ARS,2021_22,2022-05-01,WHU,ARS,1,0.5143603133159269,1.86,0.5030546648868438,-0.0113056484290831,0.5087074891013854,V0.10,4,0.004530128455787826,0.5188904417717147
2021_22_20220502_MUN_BRE,2021_22,2022-05-02,MUN,BRE,1,0.5442708333333333,1.75,0.5396952762743329,-0.0045755570590003,0.5419830548038331,V0.10,4,0.004530128455787826,0.5488009617891211
2021_22_20220507_BRE_SOU,2021_22,2022-05-07,BRE,SOU,1,0.4960835509138382,1.93,0.4975355065197206,0.0014519556058824,0.4968095287167794,V0.10,3,-0.0022339805857067366,0.4938495703281315
2021_22_20220507_BRI_MUN,2021_22,2022-05-07,BRI,MUN,1,0.4960835509138382,1.93,0.5039208135323745,0.0078372626185362,0.5000021822231063,V0.10,3,-0.0022339805857067366,0.4938495703281315
2021_22_20220507_BUR_AVL,2021_22,2022-05-07,BUR,AVL,1,0.4673629242819843,2.04,0.4762465952598408,0.0088836709778565,0.4718047597709126,V0.10,3,-0.0022339805857067366,0.46512894369627755
2021_22_20220507_CHE_WOL,2021_22,2022-05-07,CHE,WOL,1,0.5065274151436031,1.89,0.4979756097757732,-0.0085518053678298,0.5022515124596882,V0.10,4,0.004530128455787826,0.5110575435993909
2021_22_20220507_CRY_WAT,2021_22,2022-05-07,CRY,WAT,0,0.4908616187989557,1.95,0.4934999980663961,0.0026383792674404,0.4921808084326758,V0.10,3,-0.0022339805857067366,0.48862763821324895
2021_22_20220507_LIV_TOT,2021_22,2022-05-07,LIV,TOT,0,0.6144278606965174,1.55,0.5837058786851386,-0.0307219820113788,0.599066869690828,V0.10,6,-0.006943132447660932,0.6074847282488565
2021_22_20220508_ARS_LEE,2021_22,2022-05-08,ARS,LEE,1,0.6040100250626567,1.58,0.5952753646117214,-0.0087346604509352,0.599642694837189,V0.10,6,-0.006943132447660932,0.5970668926149957
2021_22_20220508_LEI_EVE,2021_22,2022-05-08,LEI,EVE,1,0.4830287206266319,1.98,0.4739514945059523,-0.0090772261206795,0.4784901075662921,V0.10,3,-0.0022339805857067366,0.48079474004092515
2021_22_20220508_MCI_NEW,2021_22,2022-05-08,MCI,NEW,1,0.6442307692307693,1.48,0.6284464425323542,-0.0157843266984151,0.6363386058815617,V0.10,6,-0.006943132447660932,0.6372876367831083
2021_22_20220508_NOR_WHU,2021_22,2022-05-08,NOR,WHU,1,0.5234374999999999,1.83,0.5398788128121547,0.0164413128121547,0.5316581564060773,V0.10,4,0.004530128455787826,0.5279676284557877
2021_22_20220510_AVL_LIV,2021_22,2022-05-10,AVL,LIV,1,0.5862944162436549,1.63,0.5817076974036552,-0.0045867188399996,0.5840010568236551,V0.10,5,0.002666547442606184,0.588960963686261
2021_22_20220511_LEE_CHE,2021_22,2022-05-11,LEE,CHE,1,0.5816326530612244,1.64,0.5814237217486331,-0.0002089313125912,0.5815281874049287,V0.10,5,0.002666547442606184,0.5842992005038306
2021_22_20220511_LEI_NOR,2021_22,2022-05-11,LEI,NOR,1,0.5924050632911392,1.61,0.6078422030686064,0.0154371397774671,0.6001236331798727,V0.10,5,0.002666547442606184,0.5950716107337454
2021_22_20220511_WAT_EVE,2021_22,2022-05-11,WAT,EVE,0,0.5013054830287206,1.91,0.5078610187754482,0.0065555357467276,0.5045832509020844,V0.10,4,0.004530128455787826,0.5058356114845084
2021_22_20220511_WOL_MCI,2021_22,2022-05-11,WOL,MCI,1,0.5743589743589743,1.66,0.5650929857731438,-0.0092659885858304,0.569725980066059,V0.10,5,0.002666547442606184,0.5770255218015805
2021_22_20220512_TOT_ARS,2021_22,2022-05-12,TOT,ARS,1,0.5352480417754569,1.78,0.5019727628789662,-0.0332752788964907,0.5186104023272116,V0.10,4,0.004530128455787826,0.5397781702312447
2021_22_20220515_AVL_CRY,2021_22,2022-05-15,AVL,CRY,0,0.5065274151436031,1.89,0.5134451129402815,0.0069176977966783,0.5099862640419424,V0.10,4,0.004530128455787826,0.5110575435993909
2021_22_20220515_EVE_BRE,2021_22,2022-05-15,EVE,BRE,1,0.4804177545691906,1.99,0.4764242924813348,-0.0039934620878558,0.4784210235252627,V0.10,3,-0.0022339805857067366,0.4781837739834839
2021_22_20220515_LEE_BRI,2021_22,2022-05-15,LEE,BRI,0,0.5195822454308094,1.84,0.5323139901733613,0.0127317447425518,0.5259481178020854,V0.10,4,0.004530128455787826,0.5241123738865973
2021_22_20220515_TOT_BUR,2021_22,2022-05-15,TOT,BUR,0,0.602015113350126,1.58,0.5970128371164901,-0.0050022762336359,0.5995139752333081,V0.10,6,-0.006943132447660932,0.595071980902465
2021_22_20220515_WAT_LEI,2021_22,2022-05-15,WAT,LEI,1,0.5402597402597403,1.77,0.549336312176732,0.0090765719169916,0.5447980262182361,V0.10,4,0.004530128455787826,0.5447898687155281
2021_22_20220515_WHU_MCI,2021_22,2022-05-15,WHU,MCI,1,0.6159600997506234,1.54,0.6016291557174097,-0.0143309440332136,0.6087946277340166,V0.10,6,-0.006943132447660932,0.6090169673029624
2021_22_20220515_WOL_NOR,2021_22,2022-05-15,WOL,NOR,0,0.5221932114882506,1.83,0.5356731009391248,0.0134798894508741,0.5289331562136876,V0.10,4,0.004530128455787826,0.5267233399440384
2021_22_20220516_NEW_ARS,2021_22,2022-05-16,NEW,ARS,0,0.5157068062827225,1.85,0.5128343204639007,-0.0028724858188218,0.5142705633733116,V0.10,4,0.004530128455787826,0.5202369347385103
2021_22_20220517_SOU_LIV,2021_22,2022-05-17,SOU,LIV,1,0.6595744680851063,1.44,0.6670546995480592,0.0074802314629528,0.6633145838165828,V0.10,7,-0.013968871420383056,0.6456055966647233
2021_22_20220519_AVL_BUR,2021_22,2022-05-19,AVL,BUR,0,0.4895287958115184,1.95,0.5002436783138365,0.0107148825023181,0.4948862370626775,V0.10,3,-0.0022339805857067366,0.4872948152258117
2021_22_20220519_CHE_LEI,2021_22,2022-05-19,CHE,LEI,0,0.5852417302798981,1.63,0.5705631615468669,-0.0146785687330311,0.5779024459133826,V0.10,5,0.002666547442606184,0.5879082777225043
2021_22_20220519_EVE_CRY,2021_22,2022-05-19,EVE,CRY,1,0.4673629242819843,2.04,0.4647401633445644,-0.0026227609374198,0.4660515438132744,V0.10,3,-0.0022339805857067366,0.46512894369627755
2021_22_20220522_ARS_EVE,2021_22,2022-05-22,ARS,EVE,1,0.606516290726817,1.57,0.6067013012558375,0.0001850105290205,0.6066087959913273,V0.10,6,-0.006943132447660932,0.599573158279156
2021_22_20220522_BRE_LEE,2021_22,2022-05-22,BRE,LEE,1,0.595959595959596,1.6,0.5962395877253565,0.0002799917657604,0.5960995918424763,V0.10,5,0.002666547442606184,0.5986261434022022
2021_22_20220522_BRI_WHU,2021_22,2022-05-22,BRI,WHU,1,0.5416666666666667,1.76,0.5526062346648838,0.010939567998217,0.5471364506657752,V0.10,4,0.004530128455787826,0.5461967951224546
2021_22_20220522_BUR_NEW,2021_22,2022-05-22,BUR,NEW,1,0.4986945169712793,1.92,0.512133285564371,0.0134387685930916,0.5054139012678251,V0.10,3,-0.0022339805857067366,0.4964605363855726
2021_22_20220522_CHE_WAT,2021_22,2022-05-22,CHE,WAT,1,0.6587677725118484,1.44,0.6611477415424071,0.0023799690305587,0.6599577570271278,V0.10,7,-0.013968871420383056,0.6447989010914653
2021_22_20220522_CRY_MUN,2021_22,2022-05-22,CRY,MUN,0,0.5492227979274612,1.74,0.5541594079651309,0.0049366100376696,0.5516911029462961,V0.10,4,0.004530128455787826,0.553752926383249
2021_22_20220522_LEI_SOU,2021_22,2022-05-22,LEI,SOU,1,0.602015113350126,1.58,0.6066906348046464,0.0046755214545203,0.6043528740773862,V0.10,6,-0.006943132447660932,0.595071980902465
2021_22_20220522_LIV_WOL,2021_22,2022-05-22,LIV,WOL,1,0.6635294117647058,1.43,0.661402866732757,-0.0021265450319487,0.6624661392487314,V0.10,7,-0.013968871420383056,0.6495605403443228
2021_22_20220522_MCI_AVL,2021_22,2022-05-22,MCI,AVL,1,0.6627358490566039,1.43,0.6421097125772507,-0.0206261364793531,0.6524227808169273,V0.10,7,-0.013968871420383056,0.6487669776362208
2021_22_20220522_NOR_TOT,2021_22,2022-05-22,NOR,TOT,1,0.6595744680851063,1.44,0.6748926427005142,0.0153181746154078,0.6672335553928103,V0.10,7,-0.013968871420383056,0.6456055966647233
2022_23_20220805_CRY_ARS,2022_23,2022-08-05,CRY,ARS,0,0.4571428571428572,2.09,0.4487536152818085,-0.0083892418610486,0.4529482362123329,V0.10,3,0.007094930970978767,0.4642377881138359
2022_23_20220806_BOU_AVL,2022_23,2022-08-06,BOU,AVL,0,0.4699738903394256,2.03,0.4670762548453344,-0.0028976354940912,0.4685250725923799,V0.10,3,0.007094930970978767,0.47706882131040435
2022_23_20220806_EVE_CHE,2022_23,2022-08-06,EVE,CHE,0,0.4804177545691906,1.99,0.465842241944708,-0.0145755126244825,0.4731299982569493,V0.10,3,0.007094930970978767,0.48751268554016935
2022_23_20220806_FUL_LIV,2022_23,2022-08-06,FUL,LIV,1,0.6399026763990268,1.48,0.6504875853556774,0.0105849089566506,0.645195130877352,V0.10,6,-0.003846549905623094,0.6360561264934037
2022_23_20220806_LEE_WOL,2022_23,2022-08-06,LEE,WOL,1,0.4713541666666666,2.03,0.4729293424703337,0.0015751758036671,0.4721417545685001,V0.10,3,0.007094930970978767,0.4784490976376453
2022_23_20220806_NEW_NFO,2022_23,2022-08-06,NEW,NFO,0,0.4713541666666666,2.03,0.4724827532079286,0.001128586541262,0.4719184599372976,V0.10,3,0.007094930970978767,0.4784490976376453
2022_23_20220806_TOT_SOU,2022_23,2022-08-06,TOT,SOU,1,0.5924050632911392,1.61,0.5873927615390363,-0.0050123017521028,0.5898989124150877,V0.10,5,-0.0011234369451045604,0.5912816263460346
2022_23_20220807_LEI_BRE,2022_23,2022-08-07,LEI,BRE,1,0.5402597402597403,1.77,0.5366616218694382,-0.0035981183903021,0.5384606810645893,V0.10,4,0.004517336250170486,0.5447770765099108
2022_23_20220807_MUN_BRI,2022_23,2022-08-07,MUN,BRI,1,0.5052356020942408,1.89,0.5070173811797293,0.0017817790854884,0.506126491636985,V0.10,4,0.004517336250170486,0.5097529383444113
2022_23_20220807_WHU_MCI,2022_23,2022-08-07,WHU,MCI,0,0.6159600997506234,1.54,0.605335008586378,-0.0106250911642453,0.6106475541685007,V0.10,6,-0.003846549905623094,0.6121135498450003
2022_23_20220813_ARS_LEI,2022_23,2022-08-13,ARS,LEI,1,0.5666666666666667,1.69,0.5555160800354798,-0.0111505866311868,0.5610913733510732,V0.10,5,-0.0011234369451045604,0.5655432297215621
2022_23_20220813_AVL_EVE,2022_23,2022-08-13,AVL,EVE,1,0.4597402597402597,2.08,0.4594602427736881,-0.0002800169665716,0.4596002512569739,V0.10,3,0.007094930970978767,0.46683519071123847
2022_23_20220813_BRE_MUN,2022_23,2022-08-13,BRE,MUN,1,0.5260416666666667,1.82,0.5233118443215811,-0.0027298223450856,0.5246767554941238,V0.10,4,0.004517336250170486,0.5305590029168372
2022_23_20220813_BRI_NEW,2022_23,2022-08-13,BRI,NEW,0,0.4481865284974093,2.13,0.451297024895964,0.0031104963985547,0.4497417766966867,V0.10,2,-0.008461963093169251,0.43972456540424004
2022_23_20220813_MCI_BOU,2022_23,2022-08-13,MCI,BOU,1,0.7158119658119658,1.33,0.6939555406075129,-0.0218564252044529,0.7048837532097394,V0.10,8,-0.009220053934251331,0.7065919118777145
2022_23_20220813_SOU_LEE,2022_23,2022-08-13,SOU,LEE,1,0.5518134715025906,1.73,0.552596091758374,0.0007826202557833,0.5522047816304823,V0.10,5,-0.0011234369451045604,0.5506900345574861
2022_23_20220813_WOL_FUL,2022_23,2022-08-13,WOL,FUL,0,0.4533678756476684,2.11,0.4593653209466828,0.0059974452990144,0.4563665982971756,V0.10,3,0.007094930970978767,0.46046280661864714
2022_23_20220814_CHE_TOT,2022_23,2022-08-14,CHE,TOT,1,0.4934725848563968,1.94,0.4715056555217135,-0.0219669293346833,0.4824891201890551,V0.10,3,0.007094930970978767,0.5005675158273756
2022_23_20220814_NFO_WHU,2022_23,2022-08-14,NFO,WHU,0,0.5039164490861618,1.9,0.5230733027281713,0.0191568536420094,0.5134948759071666,V0.10,4,0.004517336250170486,0.5084337853363323
2022_23_20220815_LIV_CRY,2022_23,2022-08-15,LIV,CRY,0,0.6134663341645885,1.55,0.608308644682992,-0.0051576894815965,0.6108874894237902,V0.10,6,-0.003846549905623094,0.6096197842589655
2022_23_20220820_BOU_ARS,2022_23,2022-08-20,BOU,ARS,1,0.5428571428571429,1.76,0.5360754904204912,-0.0067816524366517,0.5394663166388171,V0.10,4,0.004517336250170486,0.5473744791073134
2022_23_20220820_CRY_AVL,2022_23,2022-08-20,CRY,AVL,1,0.4355670103092783,2.19,0.4354338359775482,-0.00013317433173,0.4355004231434133,V0.10,2,-0.008461963093169251,0.42710504721610904
2022_23_20220820_EVE_NFO,2022_23,2022-08-20,EVE,NFO,0,0.4635416666666666,2.06,0.4791574291210054,0.0156157624543388,0.471349547893836,V0.10,3,0.007094930970978767,0.4706365976376453
2022_23_20220820_FUL_BRE,2022_23,2022-08-20,FUL,BRE,1,0.4960835509138382,1.93,0.5073001882826353,0.0112166373687971,0.5016918695982368,V0.10,3,0.007094930970978767,0.503178481884817
2022_23_20220820_LEI_SOU,2022_23,2022-08-20,LEI,SOU,1,0.5841836734693877,1.63,0.5837802382872528,-0.0004034351821349,0.5839819558783202,V0.10,5,-0.0011234369451045604,0.5830602365242832
2022_23_20220820_TOT_WOL,2022_23,2022-08-20,TOT,WOL,0,0.5529715762273902,1.73,0.5532834155194924,0.0003118392921022,0.5531274958734413,V0.10,5,-0.0011234369451045604,0.5518481392822857
2022_23_20220821_LEE_CHE,2022_23,2022-08-21,LEE,CHE,1,0.5681233933161953,1.68,0.5677527177504675,-0.0003706755657277,0.5679380555333314,V0.10,5,-0.0011234369451045604,0.5669999563710908
2022_23_20220821_NEW_MCI,2022_23,2022-08-21,NEW,MCI,1,0.578005115089514,1.65,0.5705523948133344,-0.0074527202761796,0.5742787549514242,V0.10,5,-0.0011234369451045604,0.5768816781444095
2022_23_20220821_WHU_BRI,2022_23,2022-08-21,WHU,BRI,0,0.4855643044619423,1.96,0.4882511280258023,0.0026868235638599,0.4869077162438723,V0.10,3,0.007094930970978767,0.49265923543292106
2022_23_20220822_MUN_LIV,2022_23,2022-08-22,MUN,LIV,1,0.6323529411764707,1.5,0.6255451857638122,-0.0068077554126584,0.6289490634701415,V0.10,6,-0.003846549905623094,0.6285063912708476
2022_23_20220827_ARS_FUL,2022_23,2022-08-27,ARS,FUL,1,0.637469586374696,1.49,0.641235179861294,0.0037655934865979,0.639352383117995,V0.10,6,-0.003846549905623094,0.6336230364690729
2022_23_20220827_BRE_EVE,2022_23,2022-08-27,BRE,EVE,0,0.4687499999999999,2.04,0.4608947021993819,-0.007855297800618,0.4648223510996909,V0.10,3,0.007094930970978767,0.47584493097097863
2022_23_20220827_BRI_LEE,2022_23,2022-08-27,BRI,LEE,0,0.5248041775456919,1.82,0.526886983963935,0.002082806418243,0.5258455807548135,V0.10,4,0.004517336250170486,0.5293215137958623
2022_23_20220827_CHE_LEI,2022_23,2022-08-27,CHE,LEI,1,0.5816326530612244,1.64,0.5750357701147629,-0.0065968829464614,0.5783342115879937,V0.10,5,-0.0011234369451045604,0.5805092161161198
2022_23_20220827_LIV_BOU,2022_23,2022-08-27,LIV,BOU,1,0.6991150442477876,1.36,0.6874127404699139,-0.0117023037778737,0.6932638923588508,V0.10,7,-0.012863458197115459,0.6862515860506722
2022_23_20220827_MCI_CRY,2022_23,2022-08-27,MCI,CRY,1,0.6563981042654028,1.45,0.6398602611601898,-0.016537843105213,0.6481291827127963,V0.10,7,-0.012863458197115459,0.6435346460682874
2022_23_20220827_SOU_MUN,2022_23,2022-08-27,SOU,MUN,0,0.6005025125628142,1.59,0.6075883200531007,0.0070858074902865,0.6040454163079574,V0.10,6,-0.003846549905623094,0.5966559626571911
2022_23_20220828_AVL_WHU,2022_23,2022-08-28,AVL,WHU,0,0.5091383812010444,1.88,0.5104332022377599,0.0012948210367155,0.5097857917194022,V0.10,4,0.004517336250170486,0.5136557174512149
2022_23_20220828_NFO_TOT,2022_23,2022-08-28,NFO,TOT,0,0.5492227979274612,1.74,0.5642988531192529,0.0150760551917916,0.556760825523357,V0.10,4,0.004517336250170486,0.5537401341776317
2022_23_20220828_WOL_NEW,2022_23,2022-08-28,WOL,NEW,0,0.4533678756476684,2.11,0.4582593304974484,0.00489145484978,0.4558136030725584,V0.10,3,0.007094930970978767,0.46046280661864714
2022_23_20220830_CRY_BRE,2022_23,2022-08-30,CRY,BRE,0,0.4585492227979275,2.09,0.4538068927117394,-0.004742330086188,0.4561780577548334,V0.10,3,0.007094930970978767,0.4656441537689062
2022_23_20220830_FUL_BRI,2022_23,2022-08-30,FUL,BRI,1,0.4765625,2.01,0.4925899490669939,0.0160274490669939,0.4845762245334969,V0.10,3,0.007094930970978767,0.48365743097097874
2022_23_20220830_LEE_EVE,2022_23,2022-08-30,LEE,EVE,0,0.5195822454308094,1.84,0.5218751682347532,0.0022929228039437,0.5207287068327813,V0.10,4,0.004517336250170486,0.5240995816809799
2022_23_20220830_SOU_CHE,2022_23,2022-08-30,SOU,CHE,1,0.5466321243523315,1.75,0.5478782396431375,0.0012461152908059,0.5472551819977345,V0.10,4,0.004517336250170486,0.551149460602502
2022_23_20220831_ARS_AVL,2022_23,2022-08-31,ARS,AVL,1,0.5466321243523315,1.75,0.5406365148597444,-0.0059956094925871,0.543634319606038,V0.10,4,0.004517336250170486,0.551149460602502
2022_23_20220831_BOU_WOL,2022_23,2022-08-31,BOU,WOL,0,0.4533678756476684,2.11,0.4489058464405345,-0.0044620292071338,0.4511368610441014,V0.10,3,0.007094930970978767,0.46046280661864714
2022_23_20220831_LIV_NEW,2022_23,2022-08-31,LIV,NEW,1,0.6365853658536585,1.49,0.6308940915976394,-0.0056912742560191,0.633739728725649,V0.10,6,-0.003846549905623094,0.6327388159480355
2022_23_20220831_MCI_NFO,2022_23,2022-08-31,MCI,NFO,1,0.7664783427495293,1.24,0.7559246842814765,-0.0105536584680527,0.7612015135155029,V0.10,9,6.618993179242019e-05,0.7665445326813217
2022_23_20220831_WHU_TOT,2022_23,2022-08-31,WHU,TOT,0,0.5454545454545455,1.75,0.5416611245489176,-0.0037934209056279,0.5435578350017316,V0.10,4,0.004517336250170486,0.549971881704716
2022_23_20220901_LEI_MUN,2022_23,2022-09-01,LEI,MUN,0,0.5852417302798981,1.63,0.5785604459887203,-0.0066812842911778,0.5819010881343092,V0.10,5,-0.0011234369451045604,0.5841182933347936
2022_23_20220903_AVL_MCI,2022_23,2022-09-03,AVL,MCI,0,0.625615763546798,1.52,0.6183146701000976,-0.0073010934467004,0.6219652168234477,V0.10,6,-0.003846549905623094,0.621769213641175
2022_23_20220903_BRE_LEE,2022_23,2022-09-03,BRE,LEE,1,0.5454545454545455,1.75,0.541036690354212,-0.0044178551003335,0.5432456179043788,V0.10,4,0.004517336250170486,0.549971881704716
2022_23_20220903_CHE_WHU,2022_23,2022-09-03,CHE,WHU,1,0.5492227979274612,1.74,0.5406386129975871,-0.0085841849298741,0.5449307054625241,V0.10,4,0.004517336250170486,0.5537401341776317
2022_23_20220903_EVE_LIV,2022_23,2022-09-03,EVE,LIV,0,0.6030150753768844,1.58,0.5986293199639525,-0.0043857554129318,0.6008221976704184,V0.10,6,-0.003846549905623094,0.5991685254712613
2022_23_20220903_NEW_CRY,2022_23,2022-09-03,NEW,CRY,0,0.4661458333333333,2.05,0.4672788571234619,0.0011330237901285,0.4667123452283976,V0.10,3,0.007094930970978767,0.47324076430431206
2022_23_20220903_NFO_BOU,2022_23,2022-09-03,NFO,BOU,1,0.4545454545454546,2.1,0.4620361964495934,0.0074907419041387,0.458290825497524,V0.10,3,0.007094930970978767,0.4616403855164333
2022_23_20220903_TOT_FUL,2022_23,2022-09-03,TOT,FUL,1,0.5888324873096447,1.62,0.589778098559151,0.0009456112495063,0.5893052929343978,V0.10,5,-0.0011234369451045604,0.5877090503645401
2022_23_20220903_WOL_SOU,2022_23,2022-09-03,WOL,SOU,0,0.4725848563968668,2.02,0.4746429717503146,0.0020581153534477,0.4736139140735907,V0.10,3,0.007094930970978767,0.47967978736784556
2022_23_20220904_BRI_LEI,2022_23,2022-09-04,BRI,LEI,1,0.4856396866840731,1.97,0.4810135319387991,-0.004626154745274,0.4833266093114361,V0.10,3,0.007094930970978767,0.49273461765505183
2022_23_20220904_MUN_ARS,2022_23,2022-09-04,MUN,ARS,1,0.5618556701030928,1.7,0.5547500820437784,-0.0071055880593143,0.5583028760734356,V0.10,5,-0.0011234369451045604,0.5607322331579883
2022_23_20220916_AVL_SOU,2022_23,2022-09-16,AVL,SOU,0,0.5195822454308094,1.84,0.5243885499688087,0.0048063045379992,0.521985397699809,V0.10,4,0.004517336250170486,0.5240995816809799
2022_23_20220916_NFO_FUL,2022_23,2022-09-16,NFO,FUL,1,0.5078534031413613,1.88,0.5235171624740995,0.0156637593327382,0.5156852828077304,V0.10,4,0.004517336250170486,0.5123707393915318
2022_23_20220917_NEW_BOU,2022_23,2022-09-17,NEW,BOU,0,0.5248041775456919,1.82,0.528054001782954,0.0032498242372621,0.5264290896643229,V0.10,4,0.004517336250170486,0.5293215137958623
2022_23_20220917_TOT_LEI,2022_23,2022-09-17,TOT,LEI,1,0.6005025125628142,1.59,0.5886223748493231,-0.011880137713491,0.5945624437060686,V0.10,6,-0.003846549905623094,0.5966559626571911
2022_23_20220917_WOL_MCI,2022_23,2022-09-17,WOL,MCI,1,0.602015113350126,1.58,0.5992474282124287,-0.0027676851376973,0.6006312707812773,V0.10,6,-0.003846549905623094,0.598168563444503
2022_23_20220918_BRE_ARS,2022_23,2022-09-18,BRE,ARS,1,0.5681233933161953,1.68,0.558920035955553,-0.0092033573606423,0.5635217146358742,V0.10,5,-0.0011234369451045604,0.5669999563710908
2022_23_20220918_EVE_WHU,2022_23,2022-09-18,EVE,WHU,0,0.4699738903394256,2.03,0.4604434490334376,-0.0095304413059879,0.4652086696864316,V0.10,3,0.007094930970978767,0.47706882131040435
2022_23_20221001_ARS_TOT,2022_23,2022-10-01,ARS,TOT,1,0.5581395348837209,1.71,0.539839725171997,-0.0182998097117239,0.5489896300278589,V0.10,5,-0.0011234369451045604,0.5570160979386164
2022_23_20221001_BOU_BRE,2022_23,2022-10-01,BOU,BRE,0,0.4804177545691906,1.99,0.4687183912732434,-0.0116993632959472,0.474568072921217,V0.10,3,0.007094930970978767,0.48751268554016935
2022_23_20221001_CRY_CHE,2022_23,2022-10-01,CRY,CHE,1,0.4673629242819843,2.04,0.4610670255906306,-0.0062958986913536,0.4642149749363075,V0.10,3,0.007094930970978767,0.474457855252963
2022_23_20221001_FUL_NEW,2022_23,2022-10-01,FUL,NEW,1,0.5078534031413613,1.88,0.5209973489813124,0.0131439458399511,0.5144253760613369,V0.10,4,0.004517336250170486,0.5123707393915318
2022_23_20221001_LIV_BRI,2022_23,2022-10-01,LIV,BRI,1,0.6119402985074627,1.56,0.608970984658146,-0.0029693138493166,0.6104556415828044,V0.10,6,-0.003846549905623094,0.6080937486018396
2022_23_20221001_SOU_EVE,2022_23,2022-10-01,SOU,EVE,1,0.4778067885117493,2.0,0.4743222009282666,-0.0034845875834826,0.4760644947200079,V0.10,3,0.007094930970978767,0.48490171948272803
2022_23_20221001_WHU_WOL,2022_23,2022-10-01,WHU,WOL,0,0.441860465116279,2.16,0.4395524623145865,-0.0023080028016924,0.4407064637154327,V0.10,2,-0.008461963093169251,0.43339850202310976
2022_23_20221002_LEE_AVL,2022_23,2022-10-02,LEE,AVL,0,0.5248041775456919,1.82,0.5261052090138665,0.0013010314681746,0.5254546932797792,V0.10,4,0.004517336250170486,0.5293215137958623
2022_23_20221002_MCI_MUN,2022_23,2022-10-02,MCI,MUN,1,0.6595744680851063,1.44,0.6375569140579804,-0.0220175540271259,0.6485656910715434,V0.10,7,-0.012863458197115459,0.6467110098879909
2022_23_20221003_LEI_NFO,2022_23,2022-10-03,LEI,NFO,1,0.570694087403599,1.67,0.5610174260153871,-0.0096766613882118,0.5658557567094931,V0.10,5,-0.0011234369451045604,0.5695706504584944
2022_23_20221008_BOU_LEI,2022_23,2022-10-08,BOU,LEI,1,0.5195822454308094,1.84,0.5123149798011165,-0.0072672656296929,0.5159486126159629,V0.10,4,0.004517336250170486,0.5240995816809799
2022_23_20221008_BRI_TOT,2022_23,2022-10-08,BRI,TOT,0,0.5156249999999999,1.86,0.5118970388506007,-0.0037279611493992,0.5137610194253003,V0.10,4,0.004517336250170486,0.5201423362501704
2022_23_20221008_CHE_WOL,2022_23,2022-10-08,CHE,WOL,1,0.5195822454308094,1.84,0.5200128310493686,0.0004305856185591,0.519797538240089,V0.10,4,0.004517336250170486,0.5240995816809799
2022_23_20221008_MCI_SOU,2022_23,2022-10-08,MCI,SOU,1,0.7572815533980582,1.25,0.7313504578252835,-0.0259310955727747,0.7443160056116709,V0.10,9,6.618993179242019e-05,0.7573477433298507
2022_23_20221008_NEW_BRE,2022_23,2022-10-08,NEW,BRE,1,0.5402597402597403,1.77,0.5417350644749493,0.001475324215209,0.5409974023673448,V0.10,4,0.004517336250170486,0.5447770765099108
2022_23_20221009_ARS_LIV,2022_23,2022-10-09,ARS,LIV,1,0.5979899497487436,1.6,0.5787547461438339,-0.0192352036049097,0.5883723479462888,V0.10,5,-0.0011234369451045604,0.5968665128036391
2022_23_20221009_CRY_LEE,2022_23,2022-10-09,CRY,LEE,1,0.5182291666666667,1.85,0.5189373303959909,0.0007081637293241,0.5185832485313289,V0.10,4,0.004517336250170486,0.5227465029168372
2022_23_20221009_EVE_MUN,2022_23,2022-10-09,EVE,MUN,1,0.5182291666666667,1.85,0.5168117828824814,-0.0014173837841853,0.5175204747745741,V0.10,4,0.004517336250170486,0.5227465029168372
2022_23_20221009_WHU_FUL,2022_23,2022-10-09,WHU,FUL,1,0.53125,1.8,0.5420386156132433,0.0107886156132432,0.5366443078066216,V0.10,4,0.004517336250170486,0.5357673362501705
2022_23_20221010_NFO_AVL,2022_23,2022-10-10,NFO,AVL,0,0.4765625,2.01,0.4781345013634325,0.0015720013634325,0.4773485006817163,V0.10,3,0.007094930970978767,0.48365743097097874
2022_23_20221014_BRE_BRI,2022_23,2022-10-14,BRE,BRI,0,0.4947643979057591,1.93,0.4956688787983943,0.0009044808926351,0.4952166383520767,V0.10,3,0.007094930970978767,0.5018593288767379
2022_23_20221015_FUL_BOU,2022_23,2022-10-15,FUL,BOU,1,0.5026178010471204,1.9,0.5022922587567854,-0.0003255422903349,0.5024550299019529,V0.10,4,0.004517336250170486,0.5071351372972909
2022_23_20221015_LEI_CRY,2022_23,2022-10-15,LEI,CRY,0,0.5169712793733681,1.85,0.5088258736082456,-0.0081454057651224,0.5128985764908068,V0.10,4,0.004517336250170486,0.5214886156235385
2022_23_20221015_TOT_EVE,2022_23,2022-10-15,TOT,EVE,0,0.5416666666666667,1.76,0.5273740638615155,-0.0142926028051512,0.5345203652640911,V0.10,4,0.004517336250170486,0.5461840029168372
2022_23_20221015_WOL_NFO,2022_23,2022-10-15,WOL,NFO,0,0.4739583333333334,2.02,0.479510313762046,0.0055519804287126,0.4767343235476897,V0.10,3,0.007094930970978767,0.48105326430431217
2022_23_20221016_AVL_CHE,2022_23,2022-10-16,AVL,CHE,0,0.4803149606299213,1.98,0.4759176127989762,-0.004397347830945,0.4781162867144487,V0.10,3,0.007094930970978767,0.48740989160090004
2022_23_20221016_LEE_ARS,2022_23,2022-10-16,LEE,ARS,0,0.5877862595419847,1.62,0.583536853508578,-0.0042494060334067,0.5856615565252814,V0.10,5,-0.0011234369451045604,0.5866628225968802
2022_23_20221016_LIV_MCI,2022_23,2022-10-16,LIV,MCI,0,0.6490384615384616,1.46,0.6190259369495392,-0.0300125245889223,0.6340321992440003,V0.10,6,-0.003846549905623094,0.6451919116328385
2022_23_20221016_MUN_NEW,2022_23,2022-10-16,MUN,NEW,0,0.5618556701030928,1.7,0.5652665357197668,0.003410865616674,0.5635611029114298,V0.10,5,-0.0011234369451045604,0.5607322331579883
2022_23_20221016_SOU_WHU,2022_23,2022-10-16,SOU,WHU,0,0.4960835509138382,1.93,0.4951746025341361,-0.000908948379702,0.4956290767239871,V0.10,3,0.007094930970978767,0.503178481884817
2022_23_20221018_BRI_NFO,2022_23,2022-10-18,BRI,NFO,0,0.5428571428571429,1.76,0.5549136890411702,0.0120565461840272,0.5488854159491565,V0.10,4,0.004517336250170486,0.5473744791073134
2022_23_20221018_CRY_WOL,2022_23,2022-10-18,CRY,WOL,1,0.3924999999999999,2.43,0.3955401746238103,0.0030401746238103,0.3940200873119051,V0.10,1,-0.01020826781202297,0.38229173218797696
2022_23_20221019_BOU_SOU,2022_23,2022-10-19,BOU,SOU,0,0.4647519582245431,2.05,0.4592548795031827,-0.0054970787213604,0.4620034188638629,V0.10,3,0.007094930970978767,0.47184688919552187
2022_23_20221019_BRE_CHE,2022_23,2022-10-19,BRE,CHE,0,0.5195822454308094,1.84,0.5083310178804027,-0.0112512275504067,0.5139566316556061,V0.10,4,0.004517336250170486,0.5240995816809799
2022_23_20221019_LIV_WHU,2022_23,2022-10-19,LIV,WHU,0,0.625615763546798,1.52,0.6120429118880398,-0.0135728516587582,0.618829337717419,V0.10,6,-0.003846549905623094,0.621769213641175
2022_23_20221019_MUN_TOT,2022_23,2022-10-19,MUN,TOT,0,0.5518134715025906,1.73,0.5433550770746906,-0.0084583944279,0.5475842742886405,V0.10,5,-0.0011234369451045604,0.5506900345574861
2022_23_20221019_NEW_EVE,2022_23,2022-10-19,NEW,EVE,0,0.5078534031413613,1.88,0.5119563479153227,0.0041029447739614,0.509904875528342,V0.10,4,0.004517336250170486,0.5123707393915318
2022_23_20221020_FUL_AVL,2022_23,2022-10-20,FUL,AVL,1,0.4921465968586388,1.94,0.4981006774155823,0.0059540805569435,0.4951236371371106,V0.10,3,0.007094930970978767,0.49924152782961756
2022_23_20221020_LEI_LEE,2022_23,2022-10-20,LEI,LEE,0,0.5544041450777203,1.72,0.5456596152928881,-0.0087445297848322,0.5500318801853041,V0.10,5,-0.0011234369451045604,0.5532807081326158
2022_23_20221022_CHE_MUN,2022_23,2022-10-22,CHE,MUN,0,0.5117493472584856,1.87,0.5011628316259799,-0.0105865156325057,0.5064560894422327,V0.10,4,0.004517336250170486,0.5162666835086561
2022_23_20221022_EVE_CRY,2022_23,2022-10-22,EVE,CRY,1,0.4293059125964009,2.22,0.4234470887045746,-0.0058588238918262,0.4263765006504877,V0.10,2,-0.008461963093169251,0.4208439495032316
2022_23_20221022_MCI_BRI,2022_23,2022-10-22,MCI,BRI,1,0.6457831325301205,1.47,0.6330838701254192,-0.0126992624047013,0.6394335013277699,V0.10,6,-0.003846549905623094,0.6419365826244975
2022_23_20221022_NFO_LIV,2022_23,2022-10-22,NFO,LIV,0,0.635036496350365,1.5,0.6413569621008833,0.0063204657505183,0.6381967292256241,V0.10,6,-0.003846549905623094,0.6311899464447419
2022_23_20221023_AVL_BRE,2022_23,2022-10-23,AVL,BRE,1,0.5026178010471204,1.9,0.5040208514889929,0.0014030504418724,0.5033193262680566,V0.10,4,0.004517336250170486,0.5071351372972909
2022_23_20221023_LEE_FUL,2022_23,2022-10-23,LEE,FUL,1,0.5518134715025906,1.73,0.5610652062440673,0.0092517347414766,0.556439338873329,V0.10,5,-0.0011234369451045604,0.5506900345574861
2022_23_20221023_SOU_ARS,2022_23,2022-10-23,SOU,ARS,0,0.570694087403599,1.67,0.5725770637398427,0.0018829763362437,0.5716355755717208,V0.10,5,-0.0011234369451045604,0.5695706504584944
2022_23_20221023_TOT_NEW,2022_23,2022-10-23,TOT,NEW,1,0.5117493472584856,1.87,0.5026363565368401,-0.0091129907216455,0.5071928518976629,V0.10,4,0.004517336250170486,0.5162666835086561
2022_23_20221023_WOL_LEI,2022_23,2022-10-23,WOL,LEI,1,0.4908616187989557,1.95,0.4914191686562082,0.0005575498572525,0.4911403937275819,V0.10,3,0.007094930970978767,0.4979565497699344
2022_23_20221024_WHU_BOU,2022_23,2022-10-24,WHU,BOU,0,0.4947643979057591,1.93,0.4877250132844435,-0.0070393846213155,0.4912447055951013,V0.10,3,0.007094930970978767,0.5018593288767379
2022_23_20221029_BOU_TOT,2022_23,2022-10-29,BOU,TOT,1,0.5013123359580053,1.9,0.4925003131079683,-0.0088120228500369,0.4969063245329868,V0.10,4,0.004517336250170486,0.5058296722081758
2022_23_20221029_BRE_WOL,2022_23,2022-10-29,BRE,WOL,0,0.486910994764398,1.96,0.492075816704119,0.005164821939721,0.4894934057342585,V0.10,3,0.007094930970978767,0.4940059257353767
2022_23_20221029_BRI_CHE,2022_23,2022-10-29,BRI,CHE,1,0.4659685863874345,2.04,0.4586417725527195,-0.0073268138347149,0.462305179470077,V0.10,3,0.007094930970978767,0.47306351735841323
2022_23_20221029_CRY_SOU,2022_23,2022-10-29,CRY,SOU,0,0.4699738903394256,2.03,0.4720324106711867,0.0020585203317611,0.4710031505053061,V0.10,3,0.007094930970978767,0.47706882131040435
2022_23_20221029_FUL_EVE,2022_23,2022-10-29,FUL,EVE,0,0.5170603674540682,1.84,0.5225361546068151,0.0054757871527468,0.5197982610304417,V0.10,4,0.004517336250170486,0.5215777037042387
2022_23_20221029_LEI_MCI,2022_23,2022-10-29,LEI,MCI,0,0.6563245823389022,1.44,0.6398306871638588,-0.0164938951750434,0.6480776347513806,V0.10,7,-0.012863458197115459,0.6434611241417868
2022_23_20221029_LIV_LEE,2022_23,2022-10-29,LIV,LEE,1,0.6986607142857143,1.35,0.682835855016994,-0.0158248592687203,0.6907482846513542,V0.10,7,-0.012863458197115459,0.6857972560885989
2022_23_20221029_NEW_AVL,2022_23,2022-10-29,NEW,AVL,1,0.4986876640419947,1.91,0.5025004535688234,0.0038127895268287,0.5005940588054091,V0.10,3,0.007094930970978767,0.5057825950129735
2022_23_20221030_ARS_NFO,2022_23,2022-10-30,ARS,NFO,1,0.6314496314496314,1.5,0.6319931473715686,0.0005435159219372,0.6317213894106,V0.10,6,-0.003846549905623094,0.6276030815440083
2022_23_20221030_MUN_WHU,2022_23,2022-10-30,MUN,WHU,0,0.5261780104712042,1.81,0.5192868972439587,-0.0068911132272454,0.5227324538575815,V0.10,4,0.004517336250170486,0.5306953467213746
2022_23_20221105_EVE_LEI,2022_23,2022-11-05,EVE,LEI,0,0.4725848563968668,2.02,0.4602730131655178,-0.0123118432313489,0.4664289347811923,V0.10,3,0.007094930970978767,0.47967978736784556
2022_23_20221105_LEE_BOU,2022_23,2022-11-05,LEE,BOU,1,0.5338541666666666,1.79,0.5323130018086801,-0.0015411648579864,0.5330835842376733,V0.10,4,0.004517336250170486,0.5383715029168371
2022_23_20221105_MCI_FUL,2022_23,2022-11-05,MCI,FUL,1,0.7490118577075099,1.27,0.7285566887440988,-0.020455168963411,0.7387842732258043,V0.10,8,-0.009220053934251331,0.7397918037732586
2022_23_20221105_NFO_BRE,2022_23,2022-11-05,NFO,BRE,1,0.4804177545691906,1.99,0.4839593969549127,0.0035416423857221,0.4821885757620516,V0.10,3,0.007094930970978767,0.48751268554016935
2022_23_20221105_WOL_BRI,2022_23,2022-11-05,WOL,BRI,1,0.4545454545454546,2.1,0.4631745836382736,0.008629129092819,0.4588600190918641,V0.10,3,0.007094930970978767,0.4616403855164333
2022_23_20221106_AVL_MUN,2022_23,2022-11-06,AVL,MUN,1,0.5078534031413613,1.88,0.5095760784134566,0.0017226752720953,0.508714740777409,V0.10,4,0.004517336250170486,0.5123707393915318
2022_23_20221106_CHE_ARS,2022_23,2022-11-06,CHE,ARS,0,0.5065274151436031,1.89,0.4883390248839666,-0.0181883902596365,0.4974332200137848,V0.10,4,0.004517336250170486,0.5110447513937736
2022_23_20221106_SOU_NEW,2022_23,2022-11-06,SOU,NEW,1,0.5026178010471204,1.9,0.5113852359703711,0.0087674349232507,0.5070015185087458,V0.10,4,0.004517336250170486,0.5071351372972909
2022_23_20221106_TOT_LIV,2022_23,2022-11-06,TOT,LIV,1,0.5658914728682171,1.68,0.5425449500906988,-0.0233465227775182,0.5542182114794579,V0.10,5,-0.0011234369451045604,0.5647680359231125
2022_23_20221106_WHU_CRY,2022_23,2022-11-06,WHU,CRY,1,0.4545454545454546,2.1,0.4504593390748053,-0.0040861154706492,0.4525023968101299,V0.10,3,0.007094930970978767,0.4616403855164333
2022_23_20221112_BOU_EVE,2022_23,2022-11-12,BOU,EVE,1,0.4444444444444444,2.15,0.4373946149553059,-0.0070498294891384,0.4409195296998752,V0.10,2,-0.008461963093169251,0.43598248135127515
2022_23_20221112_LIV_SOU,2022_23,2022-11-12,LIV,SOU,1,0.6736111111111112,1.41,0.6657083344641248,-0.0079027766469863,0.669659722787618,V0.10,7,-0.012863458197115459,0.6607476529139957
2022_23_20221112_MCI_BRE,2022_23,2022-11-12,MCI,BRE,1,0.7074235807860262,1.34,0.6835088483500708,-0.0239147324359554,0.6954662145680485,V0.10,8,-0.009220053934251331,0.6982035268517749
2022_23_20221112_NEW_CHE,2022_23,2022-11-12,NEW,CHE,0,0.4960835509138382,1.93,0.4881518006878511,-0.007931750225987,0.4921176758008446,V0.10,3,0.007094930970978767,0.503178481884817
2022_23_20221112_NFO_CRY,2022_23,2022-11-12,NFO,CRY,0,0.4366925064599483,2.18,0.4360831217988847,-0.0006093846610635,0.4363878141294165,V0.10,2,-0.008461963093169251,0.428230543366779
2022_23_20221112_TOT_LEE,2022_23,2022-11-12,TOT,LEE,1,0.5913705583756345,1.61,0.5797409012989982,-0.0116296570766362,0.5855557298373164,V0.10,5,-0.0011234369451045604,0.5902471214305299
2022_23_20221112_WHU_LEI,2022_23,2022-11-12,WHU,LEI,0,0.4947643979057591,1.93,0.4823065216879437,-0.0124578762178154,0.4885354597968514,V0.10,3,0.007094930970978767,0.5018593288767379
2022_23_20221112_WOL_ARS,2022_23,2022-11-12,WOL,ARS,0,0.5352480417754569,1.78,0.5387538311945501,0.0035057894190931,0.5370009364850035,V0.10,4,0.004517336250170486,0.5397653780256274
2022_23_20221113_BRI_AVL,2022_23,2022-11-13,BRI,AVL,1,0.5,1.91,0.5065846115734464,0.0065846115734463,0.5032923057867231,V0.10,4,0.004517336250170486,0.5045173362501705
2022_23_20221113_FUL_MUN,2022_23,2022-11-13,FUL,MUN,1,0.5831202046035805,1.63,0.5915862440748088,0.0084660394712282,0.5873532243391946,V0.10,5,-0.0011234369451045604,0.581996767658476
2022_23_20221226_ARS_WHU,2022_23,2022-12-26,ARS,WHU,1,0.5390625,1.77,0.5268160639686003,-0.0122464360313997,0.5329392819843002,V0.10,4,0.004517336250170486,0.5435798362501705
2022_23_20221226_AVL_LIV,2022_23,2022-12-26,AVL,LIV,1,0.5790816326530612,1.65,0.579433844369955,0.0003522117168938,0.5792577385115081,V0.10,5,-0.0011234369451045604,0.5779581957079567
2022_23_20221226_BRE_TOT,2022_23,2022-12-26,BRE,TOT,1,0.5275590551181102,1.8,0.516483513122031,-0.0110755419960791,0.5220212841200706,V0.10,4,0.004517336250170486,0.5320763913682807
2022_23_20221226_CRY_FUL,2022_23,2022-12-26,CRY,FUL,1,0.4842931937172774,1.97,0.4899336983497194,0.0056405046324419,0.4871134460334984,V0.10,3,0.007094930970978767,0.49138812468825616
2022_23_20221226_EVE_WOL,2022_23,2022-12-26,EVE,WOL,1,0.4329896907216495,2.2,0.4359283845935506,0.002938693871901,0.4344590376576001,V0.10,2,-0.008461963093169251,0.42452772762848023
2022_23_20221226_LEI_NEW,2022_23,2022-12-26,LEI,NEW,1,0.5221932114882506,1.83,0.5186151584250193,-0.0035780530632313,0.520404184956635,V0.10,4,0.004517336250170486,0.5267105477384211
2022_23_20221226_SOU_BRI,2022_23,2022-12-26,SOU,BRI,1,0.5,1.89,0.5069397474638689,0.0069397474638689,0.5034698737319345,V0.10,4,0.004517336250170486,0.5045173362501705
2022_23_20221227_CHE_BOU,2022_23,2022-12-27,CHE,BOU,0,0.5732647814910026,1.66,0.5679650524391531,-0.0052997290518495,0.5706149169650778,V0.10,5,-0.0011234369451045604,0.572141344545898
2022_23_20221227_MUN_NFO,2022_23,2022-12-27,MUN,NFO,1,0.5805626598465473,1.64,0.5836420060994978,0.0030793462529504,0.5821023329730226,V0.10,5,-0.0011234369451045604,0.5794392229014428
2022_23_20221228_LEE_MCI,2022_23,2022-12-28,LEE,MCI,1,0.664319248826291,1.43,0.6519543043046478,-0.0123649445216431,0.6581367765654694,V0.10,7,-0.012863458197115459,0.6514557906291756
2022_23_20221230_LIV_LEI,2022_23,2022-12-30,LIV,LEI,1,0.660377358490566,1.44,0.6489038089484058,-0.0114735495421601,0.654640583719486,V0.10,7,-0.012863458197115459,0.6475139002934506
2022_23_20221230_WHU_BRE,2022_23,2022-12-30,WHU,BRE,0,0.4947643979057591,1.93,0.4898887709619919,-0.0048756269437671,0.4923265844338755,V0.10,3,0.007094930970978767,0.5018593288767379
2022_23_20221231_BOU_CRY,2022_23,2022-12-31,BOU,CRY,0,0.4481865284974093,2.13,0.4446551794628658,-0.0035313490345434,0.4464208539801376,V0.10,2,-0.008461963093169251,0.43972456540424004
2022_23_20221231_BRI_ARS,2022_23,2022-12-31,BRI,ARS,1,0.5208333333333334,1.84,0.5165543226397149,-0.0042790106936184,0.5186938279865241,V0.10,4,0.004517336250170486,0.5253506695835038
2022_23_20221231_FUL_SOU,2022_23,2022-12-31,FUL,SOU,1,0.548051948051948,1.74,0.5595588797940608,0.0115069317421128,0.5538054139230044,V0.10,4,0.004517336250170486,0.5525692843021185
2022_23_20221231_MCI_EVE,2022_23,2022-12-31,MCI,EVE,0,0.6877828054298643,1.38,0.6737938192901728,-0.0139889861396914,0.6807883123600185,V0.10,7,-0.012863458197115459,0.6749193472327488
2022_23_20221231_NEW_LEE,2022_23,2022-12-31,NEW,LEE,0,0.5826972010178116,1.64,0.5838435643219834,0.0011463633041717,0.5832703826698975,V0.10,5,-0.0011234369451045604,0.5815737640727071
2022_23_20221231_WOL_MUN,2022_23,2022-12-31,WOL,MUN,0,0.4856396866840731,1.97,0.4866315800411269,0.0009918933570538,0.4861356333626,V0.10,3,0.007094930970978767,0.49273461765505183
2022_23_20230101_NFO_CHE,2022_23,2023-01-01,NFO,CHE,0,0.4855643044619423,1.96,0.4865869387303175,0.0010226342683751,0.4860756215961299,V0.10,3,0.007094930970978767,0.49265923543292106
2022_23_20230101_TOT_AVL,2022_23,2023-01-01,TOT,AVL,0,0.5378590078328982,1.77,0.5276109089031935,-0.0102480989297046,0.5327349583680459,V0.10,4,0.004517336250170486,0.5423763440830687
2022_23_20230102_BRE_LIV,2022_23,2023-01-02,BRE,LIV,1,0.5969773299748111,1.6,0.5941234079285049,-0.0028539220463061,0.595550368951658,V0.10,5,-0.0011234369451045604,0.5958538930297066
2022_23_20230103_ARS_NEW,2022_23,2023-01-03,ARS,NEW,0,0.53125,1.8,0.5207488728708705,-0.0105011271291295,0.5259994364354352,V0.10,4,0.004517336250170486,0.5357673362501705
2022_23_20230103_EVE_BRI,2022_23,2023-01-03,EVE,BRI,1,0.4804177545691906,1.99,0.4850329911659964,0.0046152365968058,0.4827253728675935,V0.10,3,0.007094930970978767,0.48751268554016935
2022_23_20230103_LEI_FUL,2022_23,2023-01-03,LEI,FUL,0,0.548051948051948,1.74,0.547142773209154,-0.0009091748427939,0.5475973606305511,V0.10,4,0.004517336250170486,0.5525692843021185
2022_23_20230103_MUN_BOU,2022_23,2023-01-03,MUN,BOU,1,0.6169154228855721,1.54,0.6189608012939218,0.0020453784083497,0.6179381120897469,V0.10,6,-0.003846549905623094,0.613068872979949
2022_23_20230104_AVL_WOL,2022_23,2023-01-04,AVL,WOL,0,0.4647519582245431,2.05,0.4703655386718959,0.0056135804473527,0.4675587484482195,V0.10,3,0.007094930970978767,0.47184688919552187
2022_23_20230104_CRY_TOT,2022_23,2023-01-04,CRY,TOT,1,0.5065616797900262,1.88,0.5048563217204391,-0.001705358069587,0.5057090007552327,V0.10,4,0.004517336250170486,0.5110790160401967
2022_23_20230104_LEE_WHU,2022_23,2023-01-04,LEE,WHU,1,0.5326370757180157,1.79,0.5324031151434551,-0.0002339605745605,0.5325200954307354,V0.10,4,0.004517336250170486,0.5371544119681861
2022_23_20230104_SOU_NFO,2022_23,2023-01-04,SOU,NFO,0,0.4712041884816754,2.02,0.4754012690812302,0.0041970805995548,0.4733027287814528,V0.10,3,0.007094930970978767,0.47829911945265413
2022_23_20230105_CHE_MCI,2022_23,2023-01-05,CHE,MCI,0,0.5326370757180157,1.79,0.508199823550336,-0.0244372521676796,0.5204184496341758,V0.10,4,0.004517336250170486,0.5371544119681861
2022_23_20230112_FUL_CHE,2022_23,2023-01-12,FUL,CHE,1,0.5248041775456919,1.82,0.528164895174101,0.0033607176284091,0.5264845363598964,V0.10,4,0.004517336250170486,0.5293215137958623
2022_23_20230113_AVL_LEE,2022_23,2023-01-13,AVL,LEE,1,0.5350649350649351,1.79,0.5359641684947627,0.0008992334298275,0.535514551779849,V0.10,4,0.004517336250170486,0.5395822713151056
2022_23_20230114_BRE_BOU,2022_23,2023-01-14,BRE,BOU,0,0.5274151436031332,1.81,0.5232498017215543,-0.0041653418815789,0.5253324726623438,V0.10,4,0.004517336250170486,0.5319324798533037
2022_23_20230114_BRI_LIV,2022_23,2023-01-14,BRI,LIV,1,0.6030150753768844,1.58,0.6054267981970484,0.0024117228201639,0.6042209367869664,V0.10,6,-0.003846549905623094,0.5991685254712613
2022_23_20230114_EVE_SOU,2022_23,2023-01-14,EVE,SOU,1,0.4559585492227979,2.1,0.4540656102484612,-0.0018929389743366,0.4550120797356295,V0.10,3,0.007094930970978767,0.4630534801937766
2022_23_20230114_MUN_MCI,2022_23,2023-01-14,MUN,MCI,1,0.5629820051413882,1.7,0.5461382676154449,-0.0168437375259432,0.5545601363784165,V0.10,5,-0.0011234369451045604,0.5618585681962837
2022_23_20230114_NFO_LEI,2022_23,2023-01-14,NFO,LEI,0,0.4817708333333334,1.99,0.4869060395433377,0.0051352062100042,0.4843384364383356,V0.10,3,0.007094930970978767,0.48886576430431217
2022_23_20230114_WOL_WHU,2022_23,2023-01-14,WOL,WHU,0,0.4307692307692307,2.22,0.4292769416970243,-0.0014922890722063,0.4300230862331274,V0.10,2,-0.008461963093169251,0.4223072676760614
2022_23_20230115_CHE_CRY,2022_23,2023-01-15,CHE,CRY,0,0.4830287206266319,1.98,0.4797226973611799,-0.0033060232654519,0.4813757089939059,V0.10,3,0.007094930970978767,0.4901236515976106
2022_23_20230115_NEW_FUL,2022_23,2023-01-15,NEW,FUL,0,0.5492227979274612,1.74,0.559293811531833,0.0100710136043717,0.5542583047296471,V0.10,4,0.004517336250170486,0.5537401341776317
2022_23_20230115_TOT_ARS,2022_23,2023-01-15,TOT,ARS,0,0.5326370757180157,1.79,0.5121211390455161,-0.0205159366724995,0.5223791073817659,V0.10,4,0.004517336250170486,0.5371544119681861
2022_23_20230118_CRY_MUN,2022_23,2023-01-18,CRY,MUN,0,0.4960835509138382,1.93,0.5005031102487507,0.0044195593349125,0.4982933305812944,V0.10,3,0.007094930970978767,0.503178481884817
2022_23_20230119_MCI_TOT,2022_23,2023-01-19,MCI,TOT,1,0.6212871287128713,1.53,0.5996438095371248,-0.0216433191757464,0.610465469124998,V0.10,6,-0.003846549905623094,0.6174405788072482
2022_23_20230121_BOU_NFO,2022_23,2023-01-21,BOU,NFO,0,0.4198473282442748,2.28,0.4145634185511269,-0.0052839096931478,0.4172053733977008,V0.10,2,-0.008461963093169251,0.4113853651511055
2022_23_20230121_CRY_NEW,2022_23,2023-01-21,CRY,NEW,0,0.4470284237726098,2.14,0.4493755348856653,0.0023471111130555,0.4482019793291376,V0.10,2,-0.008461963093169251,0.43856646067944055
2022_23_20230121_LEI_BRI,2022_23,2023-01-21,LEI,BRI,1,0.5234374999999999,1.83,0.5269040569739757,0.0034665569739757,0.5251707784869878,V0.10,4,0.004517336250170486,0.5279548362501704
2022_23_20230121_LIV_CHE,2022_23,2023-01-21,LIV,CHE,0,0.5604113110539846,1.71,0.5467760729985389,-0.0136352380554456,0.5535936920262617,V0.10,5,-0.0011234369451045604,0.55928787410888
2022_23_20230121_SOU_AVL,2022_23,2023-01-21,SOU,AVL,0,0.4699738903394256,2.03,0.4688473573638085,-0.0011265329756171,0.469410623851617,V0.10,3,0.007094930970978767,0.47706882131040435
2022_23_20230121_WHU_EVE,2022_23,2023-01-21,WHU,EVE,0,0.4597402597402597,2.08,0.457341116727902,-0.0023991430123577,0.4585406882340809,V0.10,3,0.007094930970978767,0.46683519071123847
2022_23_20230122_ARS_MUN,2022_23,2023-01-22,ARS,MUN,1,0.5607235142118864,1.7,0.5504346810431763,-0.01028883316871,0.5555790976275313,V0.10,5,-0.0011234369451045604,0.5596000772667818
2022_23_20230122_LEE_BRE,2022_23,2023-01-22,LEE,BRE,0,0.5681233933161953,1.68,0.5666003959499475,-0.0015229973662478,0.5673618946330714,V0.10,5,-0.0011234369451045604,0.5669999563710908
2022_23_20230122_MCI_WOL,2022_23,2023-01-22,MCI,WOL,1,0.637469586374696,1.49,0.6320022730642579,-0.005467313310438,0.634735929719477,V0.10,6,-0.003846549905623094,0.6336230364690729
2022_23_20230123_FUL_TOT,2022_23,2023-01-23,FUL,TOT,0,0.5518134715025906,1.73,0.553860764915134,0.0020472934125433,0.5528371182088623,V0.10,5,-0.0011234369451045604,0.5506900345574861
2022_23_20230203_CHE_FUL,2022_23,2023-02-03,CHE,FUL,0,0.5091383812010444,1.88,0.5100536109702665,0.000915229769222,0.5095959960856554,V0.10,4,0.004517336250170486,0.5136557174512149
2022_23_20230204_AVL_LEI,2022_23,2023-02-04,AVL,LEI,1,0.5013054830287206,1.91,0.4984389879139465,-0.002866495114774,0.4998722354713335,V0.10,4,0.004517336250170486,0.5058228192788911
2022_23_20230204_BRE_SOU,2022_23,2023-02-04,BRE,SOU,1,0.4804177545691906,1.99,0.4771848314641801,-0.0032329231050104,0.4788012930166854,V0.10,3,0.007094930970978767,0.48751268554016935
2022_23_20230204_BRI_BOU,2022_23,2023-02-04,BRI,BOU,0,0.5604113110539846,1.71,0.5638364334699791,0.0034251224159945,0.5621238722619819,V0.10,5,-0.0011234369451045604,0.55928787410888
2022_23_20230204_EVE_ARS,2022_23,2023-02-04,EVE,ARS,0,0.5195822454308094,1.84,0.5163189930290865,-0.0032632524017229,0.5179506192299479,V0.10,4,0.004517336250170486,0.5240995816809799
2022_23_20230204_MUN_CRY,2022_23,2023-02-04,MUN,CRY,1,0.5182291666666667,1.85,0.5173909114161769,-0.0008382552504898,0.5178100390414218,V0.10,4,0.004517336250170486,0.5227465029168372
2022_23_20230204_NEW_WHU,2022_23,2023-02-04,NEW,WHU,0,0.4635416666666666,2.06,0.4597624221099728,-0.0037792445566937,0.4616520443883197,V0.10,3,0.007094930970978767,0.4706365976376453
2022_23_20230204_WOL_LIV,2022_23,2023-02-04,WOL,LIV,1,0.5338541666666666,1.79,0.5341155549057771,0.0002613882391104,0.5339848607862219,V0.10,4,0.004517336250170486,0.5383715029168371
2022_23_20230205_NFO_LEE,2022_23,2023-02-05,NFO,LEE,0,0.5026041666666667,1.91,0.5023518447753864,-0.0002523218912803,0.5024780057210265,V0.10,4,0.004517336250170486,0.5071215029168372
2022_23_20230205_TOT_MCI,2022_23,2023-02-05,TOT,MCI,0,0.5805626598465473,1.64,0.5559158521295438,-0.0246468077170035,0.5682392559880456,V0.10,5,-0.0011234369451045604,0.5794392229014428
2022_23_20230208_MUN_LEE,2022_23,2023-02-08,MUN,LEE,1,0.5969773299748111,1.6,0.5893812975492797,-0.0075960324255314,0.5931793137620454,V0.10,5,-0.0011234369451045604,0.5958538930297066
2022_23_20230211_ARS_BRE,2022_23,2023-02-11,ARS,BRE,0,0.5529715762273902,1.73,0.5396386059977967,-0.0133329702295935,0.5463050911125935,V0.10,5,-0.0011234369451045604,0.5518481392822857
2022_23_20230211_BOU_NEW,2022_23,2023-02-11,BOU,NEW,0,0.4753246753246753,2.02,0.4740747051708432,-0.001249970153832,0.4746996902477592,V0.10,3,0.007094930970978767,0.48241960629565406
2022_23_20230211_CRY_BRI,2022_23,2023-02-11,CRY,BRI,0,0.4661458333333333,2.05,0.4711927953027049,0.0050469619693715,0.4686693143180191,V0.10,3,0.007094930970978767,0.47324076430431206
2022_23_20230211_FUL_NFO,2022_23,2023-02-11,FUL,NFO,0,0.4635416666666666,2.06,0.4743180424538498,0.0107763757871832,0.4689298545602582,V0.10,3,0.007094930970978767,0.4706365976376453
2022_23_20230211_LEI_TOT,2022_23,2023-02-11,LEI,TOT,1,0.5466321243523315,1.75,0.5340230201100136,-0.0126091042423179,0.5403275722311726,V0.10,4,0.004517336250170486,0.551149460602502
2022_23_20230211_SOU_WOL,2022_23,2023-02-11,SOU,WOL,1,0.4173027989821883,2.29,0.4171931705640735,-0.0001096284181147,0.4172479847731309,V0.10,2,-0.008461963093169251,0.40884083588901904
2022_23_20230211_WHU_CHE,2022_23,2023-02-11,WHU,CHE,0,0.4271099744245524,2.24,0.4137502299657877,-0.0133597444587647,0.4204301021951701,V0.10,2,-0.008461963093169251,0.41864801133138313
2022_23_20230212_LEE_MUN,2022_23,2023-02-12,LEE,MUN,0,0.5790816326530612,1.65,0.5802542429933792,0.001172610340318,0.5796679378232202,V0.10,5,-0.0011234369451045604,0.5779581957079567
2022_23_20230212_MCI_AVL,2022_23,2023-02-12,MCI,AVL,1,0.637469586374696,1.49,0.6247614129125688,-0.0127081734621271,0.6311154996436323,V0.10,6,-0.003846549905623094,0.6336230364690729
2022_23_20230213_LIV_EVE,2022_23,2023-02-13,LIV,EVE,0,0.5364583333333334,1.78,0.5234597115834912,-0.0129986217498421,0.5299590224584123,V0.10,4,0.004517336250170486,0.5409756695835038
2022_23_20230215_ARS_MCI,2022_23,2023-02-15,ARS,MCI,1,0.5182291666666667,1.85,0.4889546350149244,-0.0292745316517423,0.5035919008407956,V0.10,4,0.004517336250170486,0.5227465029168372
2022_23_20230218_AVL_ARS,2022_23,2023-02-18,AVL,ARS,1,0.484375,1.98,0.4756192043284032,-0.0087557956715967,0.4799971021642016,V0.10,3,0.007094930970978767,0.49146993097097874
2022_23_20230218_BRE_CRY,2022_23,2023-02-18,BRE,CRY,0,0.4455958549222798,2.14,0.4368407068546551,-0.0087551480676247,0.4412182808884675,V0.10,2,-0.008461963093169251,0.43713389182911055
2022_23_20230218_BRI_FUL,2022_23,2023-02-18,BRI,FUL,0,0.5466321243523315,1.75,0.5573708301433358,0.0107387057910042,0.5520014772478337,V0.10,4,0.004517336250170486,0.551149460602502
2022_23_20230218_CHE_SOU,2022_23,2023-02-18,CHE,SOU,0,0.4960835509138382,1.93,0.4920919984142456,-0.0039915524995925,0.4940877746640419,V0.10,3,0.007094930970978767,0.503178481884817
2022_23_20230218_EVE_LEE,2022_23,2023-02-18,EVE,LEE,0,0.4597402597402597,2.08,0.448175454347349,-0.0115648053929107,0.4539578570438043,V0.10,3,0.007094930970978767,0.46683519071123847
2022_23_20230218_NEW_LIV,2022_23,2023-02-18,NEW,LIV,0,0.5326370757180157,1.79,0.5249228797908979,-0.0077141959271177,0.5287799777544568,V0.10,4,0.004517336250170486,0.5371544119681861
2022_23_20230218_NFO_MCI,2022_23,2023-02-18,NFO,MCI,0,0.5816326530612244,1.64,0.5821467034054943,0.0005140503442699,0.5818896782333594,V0.10,5,-0.0011234369451045604,0.5805092161161198
2022_23_20230218_WOL_BOU,2022_23,2023-02-18,WOL,BOU,0,0.4583333333333333,2.08,0.4538365038602753,-0.004496829473058,0.4560849185968043,V0.10,3,0.007094930970978767,0.46542826430431206
2022_23_20230219_MUN_LEI,2022_23,2023-02-19,MUN,LEI,1,0.5888324873096447,1.62,0.583493783820336,-0.0053387034893086,0.5861631355649903,V0.10,5,-0.0011234369451045604,0.5877090503645401
2022_23_20230219_TOT_WHU,2022_23,2023-02-19,TOT,WHU,0,0.5195822454308094,1.84,0.5036320571252872,-0.0159501883055221,0.5116071512780483,V0.10,4,0.004517336250170486,0.5240995816809799
2022_23_20230224_FUL_WOL,2022_23,2023-02-24,FUL,WOL,0,0.4282051282051282,2.23,0.4355896377144582,0.00738450950933,0.4318973829597932,V0.10,2,-0.008461963093169251,0.4197431651119589
2022_23_20230225_BOU_MCI,2022_23,2023-02-25,BOU,MCI,1,0.6109725685785536,1.56,0.6043956282584615,-0.0065769403200921,0.6076840984185076,V0.10,6,-0.003846549905623094,0.6071260186729306
2022_23_20230225_CRY_LIV,2022_23,2023-02-25,CRY,LIV,0,0.5260416666666667,1.82,0.5237998915530493,-0.0022417751136174,0.524920779109858,V0.10,4,0.004517336250170486,0.5305590029168372
2022_23_20230225_EVE_AVL,2022_23,2023-02-25,EVE,AVL,0,0.4209183673469387,2.27,0.4144002864098393,-0.0065180809370994,0.417659326878389,V0.10,2,-0.008461963093169251,0.41245640425376945
2022_23_20230225_LEE_SOU,2022_23,2023-02-25,LEE,SOU,0,0.4751958224543081,2.01,0.4706001951313205,-0.0045956273229875,0.4728980087928143,V0.10,3,0.007094930970978767,0.4822907534252868
2022_23_20230225_LEI_ARS,2022_23,2023-02-25,LEI,ARS,0,0.5717948717948719,1.67,0.5649562157966479,-0.0068386559982239,0.5683755437957598,V0.10,5,-0.0011234369451045604,0.5706714348497673
2022_23_20230225_WHU_NFO,2022_23,2023-02-25,WHU,NFO,1,0.440721649484536,2.17,0.4411245847416837,0.0004029352571476,0.4409231171131098,V0.10,2,-0.008461963093169251,0.43225968639136675
2022_23_20230226_TOT_CHE,2022_23,2023-02-26,TOT,CHE,0,0.4701298701298701,2.04,0.44818999591418,-0.0219398742156901,0.459159933022025,V0.10,3,0.007094930970978767,0.47722480110084886
2022_23_20230301_ARS_EVE,2022_23,2023-03-01,ARS,EVE,1,0.5260416666666667,1.82,0.5139974101842372,-0.0120442564824295,0.520019538425452,V0.10,4,0.004517336250170486,0.5305590029168372
2022_23_20230301_LIV_WOL,2022_23,2023-03-01,LIV,WOL,0,0.5529715762273902,1.73,0.551698318451884,-0.0012732577755062,0.5523349473396371,V0.10,5,-0.0011234369451045604,0.5518481392822857
2022_23_20230304_ARS_BOU,2022_23,2023-03-04,ARS,BOU,1,0.6040100250626567,1.58,0.5987454911532043,-0.0052645339094523,0.6013777581079305,V0.10,6,-0.003846549905623094,0.6001634751570336
2022_23_20230304_AVL_CRY,2022_23,2023-03-04,AVL,CRY,0,0.4183673469387755,2.28,0.4113340715712548,-0.0070332753675206,0.4148507092550151,V0.10,2,-0.008461963093169251,0.4099053838456062
2022_23_20230304_BRI_WHU,2022_23,2023-03-04,BRI,WHU,1,0.4960835509138382,1.93,0.4936247017640692,-0.0024588491497689,0.4948541263389537,V0.10,3,0.007094930970978767,0.503178481884817
2022_23_20230304_CHE_LEE,2022_23,2023-03-04,CHE,LEE,0,0.5039164490861618,1.9,0.4968010355876168,-0.0071154134985449,0.5003587423368894,V0.10,4,0.004517336250170486,0.5084337853363323
2022_23_20230304_MCI_NEW,2022_23,2023-03-04,MCI,NEW,0,0.5592783505154639,1.71,0.5437140062200843,-0.0155643442953796,0.5514961783677741,V0.10,5,-0.0011234369451045604,0.5581549135703594
2022_23_20230304_SOU_LEI,2022_23,2023-03-04,SOU,LEI,0,0.4713541666666666,2.03,0.4663574181573837,-0.0049967485092828,0.4688557924120251,V0.10,3,0.007094930970978767,0.4784490976376453
2022_23_20230304_WOL_TOT,2022_23,2023-03-04,WOL,TOT,0,0.4571428571428572,2.09,0.4495619854629086,-0.0075808716799485,0.4533524213028829,V0.10,3,0.007094930970978767,0.4642377881138359
2022_23_20230305_LIV_MUN,2022_23,2023-03-05,LIV,MUN,1,0.5790816326530612,1.65,0.5697411224787247,-0.0093405101743365,0.574411377565893,V0.10,5,-0.0011234369451045604,0.5779581957079567
2022_23_20230305_NFO_EVE,2022_23,2023-03-05,NFO,EVE,1,0.3840399002493765,2.47,0.3784392435786262,-0.0056006566707503,0.3812395719140014,V0.10,1,-0.01020826781202297,0.3738316324373535
2022_23_20230306_BRE_FUL,2022_23,2023-03-06,BRE,FUL,1,0.5052356020942408,1.89,0.5070532231164949,0.0018176210222541,0.5061444126053678,V0.10,4,0.004517336250170486,0.5097529383444113
2022_23_20230311_BOU_LIV,2022_23,2023-03-11,BOU,LIV,0,0.5877862595419847,1.62,0.5862379149624424,-0.0015483445795423,0.5870120872522135,V0.10,5,-0.0011234369451045604,0.5866628225968802
2022_23_20230311_CRY_MCI,2022_23,2023-03-11,CRY,MCI,0,0.5394736842105263,1.75,0.5323313641034765,-0.0071423201070498,0.5359025241570015,V0.10,4,0.004517336250170486,0.5439910204606968
2022_23_20230311_EVE_BRE,2022_23,2023-03-11,EVE,BRE,0,0.4245524296675191,2.25,0.4115965010622179,-0.0129559286053012,0.4180744653648685,V0.10,2,-0.008461963093169251,0.41609046657434984
2022_23_20230311_LEE_BRI,2022_23,2023-03-11,LEE,BRI,1,0.5169712793733681,1.85,0.525608465297806,0.0086371859244379,0.521289872335587,V0.10,4,0.004517336250170486,0.5214886156235385
2022_23_20230311_LEI_CHE,2022_23,2023-03-11,LEI,CHE,1,0.4830287206266319,1.98,0.4731389230875605,-0.0098897975390713,0.4780838218570962,V0.10,3,0.007094930970978767,0.4901236515976106
2022_23_20230311_TOT_NFO,2022_23,2023-03-11,TOT,NFO,1,0.5248041775456919,1.82,0.5227357782674306,-0.0020683992782613,0.5237699779065612,V0.10,4,0.004517336250170486,0.5293215137958623
2022_23_20230312_FUL_ARS,2022_23,2023-03-12,FUL,ARS,1,0.5274151436031332,1.81,0.5333601483711008,0.0059450047679675,0.5303876459871171,V0.10,4,0.004517336250170486,0.5319324798533037
2022_23_20230312_MUN_SOU,2022_23,2023-03-12,MUN,SOU,0,0.5831202046035805,1.63,0.5831948660673008,7.466146372026028e-05,0.5831575353354406,V0.10,5,-0.0011234369451045604,0.581996767658476
2022_23_20230312_NEW_WOL,2022_23,2023-03-12,NEW,WOL,1,0.4444444444444444,2.15,0.4533775783420725,0.0089331338976281,0.4489110113932585,V0.10,2,-0.008461963093169251,0.43598248135127515
2022_23_20230312_WHU_AVL,2022_23,2023-03-12,WHU,AVL,0,0.4699738903394256,2.03,0.4656679673550121,-0.0043059229844135,0.4678209288472188,V0.10,3,0.007094930970978767,0.47706882131040435
2022_23_20230315_BRI_CRY,2022_23,2023-03-15,BRI,CRY,0,0.5039370078740157,1.89,0.5081256103296901,0.0041886024556743,0.5060313091018529,V0.10,4,0.004517336250170486,0.5084543441241862
2022_23_20230315_SOU_BRE,2022_23,2023-03-15,SOU,BRE,0,0.4621409921671018,2.06,0.4605921277761574,-0.0015488643909444,0.4613665599716295,V0.10,3,0.007094930970978767,0.46923592313808055
2022_23_20230317_NFO_NEW,2022_23,2023-03-17,NFO,NEW,1,0.4687499999999999,2.04,0.4774295745612476,0.0086795745612477,0.4730897872806238,V0.10,3,0.007094930970978767,0.47584493097097863
2022_23_20230318_AVL_BOU,2022_23,2023-03-18,AVL,BOU,1,0.4973821989528796,1.92,0.4957005308532648,-0.0016816680996147,0.4965413649030722,V0.10,3,0.007094930970978767,0.5044771299238584
2022_23_20230318_BRE_LEI,2022_23,2023-03-18,BRE,LEI,0,0.5169712793733681,1.85,0.5077547273560763,-0.0092165520172917,0.5123630033647222,V0.10,4,0.004517336250170486,0.5214886156235385
2022_23_20230318_CHE_EVE,2022_23,2023-03-18,CHE,EVE,1,0.4583333333333333,2.08,0.4492630271330618,-0.0090703062002714,0.4537981802331975,V0.10,3,0.007094930970978767,0.46542826430431206
2022_23_20230318_SOU_TOT,2022_23,2023-03-18,SOU,TOT,1,0.4778067885117493,2.0,0.473588546732748,-0.0042182417790012,0.4756976676222486,V0.10,3,0.007094930970978767,0.48490171948272803
2022_23_20230318_WOL_LEE,2022_23,2023-03-18,WOL,LEE,1,0.4209183673469387,2.27,0.4145046568499402,-0.0064137104969985,0.4177115120984395,V0.10,2,-0.008461963093169251,0.41245640425376945
2022_23_20230319_ARS_CRY,2022_23,2023-03-19,ARS,CRY,1,0.5529715762273902,1.73,0.5512588896706773,-0.0017126865567129,0.5521152329490338,V0.10,5,-0.0011234369451045604,0.5518481392822857
2022_23_20230401_ARS_LEE,2022_23,2023-04-01,ARS,LEE,1,0.6212871287128713,1.53,0.6136242268258012,-0.00766290188707,0.6174556777693363,V0.10,6,-0.003846549905623094,0.6174405788072482
2022_23_20230401_BOU_FUL,2022_23,2023-04-01,BOU,FUL,1,0.4687499999999999,2.04,0.4746490161556191,0.0058990161556192,0.4716995080778095,V0.10,3,0.007094930970978767,0.47584493097097863
2022_23_20230401_BRI_BRE,2022_23,2023-04-01,BRI,BRE,1,0.5428571428571429,1.76,0.5480400804921294,0.0051829376349864,0.5454486116746362,V0.10,4,0.004517336250170486,0.5473744791073134
2022_23_20230401_CHE_AVL,2022_23,2023-04-01,CHE,AVL,0,0.4947643979057591,1.93,0.4889573672713329,-0.0058070306344262,0.491860882588546,V0.10,3,0.007094930970978767,0.5018593288767379
2022_23_20230401_CRY_LEI,2022_23,2023-04-01,CRY,LEI,1,0.4392764857881137,2.17,0.4322084902600492,-0.0070679955280644,0.4357424880240814,V0.10,2,-0.008461963093169251,0.4308145226949444
2022_23_20230401_MCI_LIV,2022_23,2023-04-01,MCI,LIV,1,0.5790816326530612,1.65,0.5494504029323317,-0.0296312297207295,0.5642660177926965,V0.10,5,-0.0011234369451045604,0.5779581957079567
2022_23_20230401_NFO_WOL,2022_23,2023-04-01,NFO,WOL,0,0.4005037783375315,2.38,0.4031099125882664,0.0026061342507349,0.4018068454628989,V0.10,2,-0.008461963093169251,0.3920418152443622
2022_23_20230402_NEW_MUN,2022_23,2023-04-02,NEW,MUN,0,0.5013123359580053,1.9,0.5036350239313099,0.0023226879733045,0.5024736799446576,V0.10,4,0.004517336250170486,0.5058296722081758
2022_23_20230402_WHU_SOU,2022_23,2023-04-02,WHU,SOU,0,0.4661458333333333,2.05,0.4623286645021658,-0.0038171688311675,0.4642372489177495,V0.10,3,0.007094930970978767,0.47324076430431206
2022_23_20230403_EVE_TOT,2022_23,2023-04-03,EVE,TOT,0,0.4578947368421053,2.06,0.441433488504215,-0.0164612483378903,0.4496641126731601,V0.10,3,0.007094930970978767,0.46498966781308404
2022_23_20230404_BOU_BRI,2022_23,2023-04-04,BOU,BRI,0,0.53125,1.8,0.5413548658392641,0.010104865839264,0.536302432919632,V0.10,4,0.004517336250170486,0.5357673362501705
2022_23_20230404_CHE_LIV,2022_23,2023-04-04,CHE,LIV,0,0.5013054830287206,1.91,0.4860878463597241,-0.0152176366689964,0.4936966646942223,V0.10,4,0.004517336250170486,0.5058228192788911
2022_23_20230404_LEE_NFO,2022_23,2023-04-04,LEE,NFO,1,0.4895833333333333,1.96,0.4959637543835052,0.0063804210501718,0.4927735438584192,V0.10,3,0.007094930970978767,0.49667826430431206
2022_23_20230404_LEI_AVL,2022_23,2023-04-04,LEI,AVL,1,0.4934725848563968,1.94,0.4830186532265482,-0.0104539316298485,0.4882456190414724,V0.10,3,0.007094930970978767,0.5005675158273756
2022_23_20230405_MUN_BRE,2022_23,2023-04-05,MUN,BRE,0,0.5581395348837209,1.71,0.5543147503401248,-0.0038247845435961,0.5562271426119229,V0.10,5,-0.0011234369451045604,0.5570160979386164
2022_23_20230405_WHU_NEW,2022_23,2023-04-05,WHU,NEW,1,0.4470284237726098,2.14,0.4450088930928359,-0.0020195306797738,0.4460186584327228,V0.10,2,-0.008461963093169251,0.43856646067944055
2022_23_20230408_AVL_NFO,2022_23,2023-04-08,AVL,NFO,0,0.5,1.91,0.5058206187090054,0.0058206187090054,0.5029103093545026,V0.10,4,0.004517336250170486,0.5045173362501705
2022_23_20230408_BRE_NEW,2022_23,2023-04-08,BRE,NEW,1,0.4778067885117493,2.0,0.4762450820873949,-0.0015617064243543,0.4770259352995721,V0.10,3,0.007094930970978767,0.48490171948272803
2022_23_20230408_FUL_WHU,2022_23,2023-04-08,FUL,WHU,0,0.4392764857881137,2.17,0.4398336292518063,0.0005571434636926,0.43955505751996,V0.10,2,-0.008461963093169251,0.4308145226949444
2022_23_20230408_LEI_BOU,2022_23,2023-04-08,LEI,BOU,0,0.5157068062827225,1.85,0.5066250270928464,-0.009081779189876,0.5111659166877844,V0.10,4,0.004517336250170486,0.520224142532893
2022_23_20230408_MUN_EVE,2022_23,2023-04-08,MUN,EVE,0,0.5209424083769634,1.83,0.517235696804123,-0.0037067115728404,0.5190890525905432,V0.10,4,0.004517336250170486,0.5254597446271339
2022_23_20230408_SOU_MCI,2022_23,2023-04-08,SOU,MCI,1,0.5949367088607596,1.6,0.5918253855718535,-0.003111323288906,0.5933810472163066,V0.10,5,-0.0011234369451045604,0.593813271915655
2022_23_20230408_TOT_BRI,2022_23,2023-04-08,TOT,BRI,1,0.5261780104712042,1.81,0.5213193759955099,-0.0048586344756942,0.523748693233357,V0.10,4,0.004517336250170486,0.5306953467213746
2022_23_20230408_WOL_CHE,2022_23,2023-04-08,WOL,CHE,0,0.4404145077720207,2.16,0.4361892507749961,-0.0042252569970245,0.4383018792735084,V0.10,2,-0.008461963093169251,0.4319525446788514
2022_23_20230409_LEE_CRY,2022_23,2023-04-09,LEE,CRY,1,0.4455958549222798,2.14,0.4431929842998282,-0.0024028706224515,0.444394419611054,V0.10,2,-0.008461963093169251,0.43713389182911055
2022_23_20230409_LIV_ARS,2022_23,2023-04-09,LIV,ARS,1,0.5816326530612244,1.64,0.5659723521005905,-0.0156603009606338,0.5738025025809075,V0.10,5,-0.0011234369451045604,0.5805092161161198
2022_23_20230415_AVL_NEW,2022_23,2023-04-15,AVL,NEW,1,0.4765625,2.01,0.4785156205944205,0.0019531205944204,0.4775390602972102,V0.10,3,0.007094930970978767,0.48365743097097874
2022_23_20230415_CHE_BRI,2022_23,2023-04-15,CHE,BRI,1,0.5,1.91,0.5022079664671429,0.0022079664671429,0.5011039832335715,V0.10,4,0.004517336250170486,0.5045173362501705
2022_23_20230415_EVE_FUL,2022_23,2023-04-15,EVE,FUL,1,0.4333333333333333,2.21,0.436619221668836,0.0032858883355026,0.4349762775010846,V0.10,2,-0.008461963093169251,0.424871370240164
2022_23_20230415_MCI_LEI,2022_23,2023-04-15,MCI,LEI,1,0.7074235807860262,1.34,0.6873017469070336,-0.0201218338789925,0.6973626638465299,V0.10,8,-0.009220053934251331,0.6982035268517749
2022_23_20230415_SOU_CRY,2022_23,2023-04-15,SOU,CRY,0,0.4183673469387755,2.28,0.418231774937975,-0.0001355720008004,0.4182995609383752,V0.10,2,-0.008461963093169251,0.4099053838456062
2022_23_20230415_TOT_BOU,2022_23,2023-04-15,TOT,BOU,1,0.5655526992287918,1.69,0.5577633668698759,-0.0077893323589158,0.5616580330493339,V0.10,5,-0.0011234369451045604,0.5644292622836873
2022_23_20230415_WOL_BRE,2022_23,2023-04-15,WOL,BRE,0,0.4271099744245524,2.24,0.4222389862115825,-0.0048709882129698,0.4246744803180674,V0.10,2,-0.008461963093169251,0.41864801133138313
2022_23_20230416_NFO_MUN,2022_23,2023-04-16,NFO,MUN,0,0.5352480417754569,1.78,0.5417325983483541,0.0064845565728971,0.5384903200619056,V0.10,4,0.004517336250170486,0.5397653780256274
2022_23_20230416_WHU_ARS,2022_23,2023-04-16,WHU,ARS,1,0.53125,1.8,0.5220424373535184,-0.0092075626464815,0.5266462186767592,V0.10,4,0.004517336250170486,0.5357673362501705
2022_23_20230417_LEE_LIV,2022_23,2023-04-17,LEE,LIV,1,0.6045340050377834,1.57,0.601853543761259,-0.0026804612765244,0.6031937743995213,V0.10,6,-0.003846549905623094,0.6006874551321604
2022_23_20230421_ARS_SOU,2022_23,2023-04-21,ARS,SOU,1,0.6308068459657702,1.51,0.6292223510033746,-0.0015844949623955,0.6300145984845724,V0.10,6,-0.003846549905623094,0.6269602960601471
2022_23_20230422_BRE_AVL,2022_23,2023-04-22,BRE,AVL,0,0.4842931937172774,1.97,0.4788364064197605,-0.0054567872975168,0.481564800068519,V0.10,3,0.007094930970978767,0.49138812468825616
2022_23_20230422_CRY_EVE,2022_23,2023-04-22,CRY,EVE,0,0.4060913705583756,2.34,0.4010727066595315,-0.005018663898844,0.4035820386089535,V0.10,2,-0.008461963093169251,0.3976294074652063
2022_23_20230422_FUL_LEE,2022_23,2023-04-22,FUL,LEE,1,0.5078534031413613,1.88,0.5141464548177912,0.0062930516764299,0.5109999289795762,V0.10,4,0.004517336250170486,0.5123707393915318
2022_23_20230422_LEI_WOL,2022_23,2023-04-22,LEI,WOL,1,0.4455958549222798,2.14,0.4427415771868526,-0.0028542777354272,0.4441687160545662,V0.10,2,-0.008461963093169251,0.43713389182911055
2022_23_20230422_LIV_NFO,2022_23,2023-04-22,LIV,NFO,1,0.657210401891253,1.45,0.6536467018528952,-0.0035637000383578,0.6554285518720742,V0.10,7,-0.012863458197115459,0.6443469436941376
2022_23_20230423_BOU_WHU,2022_23,2023-04-23,BOU,WHU,1,0.4493506493506493,2.12,0.4385379545022845,-0.0108126948483647,0.4439443019264669,V0.10,2,-0.008461963093169251,0.44088868625748
2022_23_20230423_NEW_TOT,2022_23,2023-04-23,NEW,TOT,1,0.5221932114882506,1.83,0.5198572256786753,-0.0023359858095752,0.521025218583463,V0.10,4,0.004517336250170486,0.5267105477384211
2022_23_20230425_AVL_FUL,2022_23,2023-04-25,AVL,FUL,0,0.5286458333333333,1.81,0.5395671726682311,0.0109213393348978,0.5341065030007821,V0.10,4,0.004517336250170486,0.5331631695835037
2022_23_20230425_LEE_LEI,2022_23,2023-04-25,LEE,LEI,0,0.5466321243523315,1.75,0.5429851181877043,-0.0036470061646272,0.544808621270018,V0.10,4,0.004517336250170486,0.551149460602502
2022_23_20230425_WOL_CRY,2022_23,2023-04-25,WOL,CRY,0,0.3880597014925373,2.46,0.3900868210014754,0.002027119508938,0.3890732612470063,V0.10,1,-0.01020826781202297,0.3778514336805143
2022_23_20230426_CHE_BRE,2022_23,2023-04-26,CHE,BRE,0,0.4895287958115184,1.95,0.4808673770827723,-0.0086614187287461,0.4851980864471453,V0.10,3,0.007094930970978767,0.49662372678249717
2022_23_20230426_MCI_ARS,2022_23,2023-04-26,MCI,ARS,1,0.5949367088607596,1.6,0.5656576902296923,-0.0292790186310673,0.580297199545226,V0.10,5,-0.0011234369451045604,0.593813271915655
2022_23_20230426_NFO_BRI,2022_23,2023-04-26,NFO,BRI,1,0.548051948051948,1.74,0.5655876693334305,0.0175357212814825,0.5568198086926892,V0.10,4,0.004517336250170486,0.5525692843021185
2022_23_20230426_WHU_LIV,2022_23,2023-04-26,WHU,LIV,1,0.5681233933161953,1.68,0.5609934326339786,-0.0071299606822167,0.5645584129750869,V0.10,5,-0.0011234369451045604,0.5669999563710908
2022_23_20230427_EVE_NEW,2022_23,2023-04-27,EVE,NEW,1,0.4673629242819843,2.04,0.4667244159609806,-0.0006385083210036,0.4670436701214824,V0.10,3,0.007094930970978767,0.474457855252963
2022_23_20230427_SOU_BOU,2022_23,2023-04-27,SOU,BOU,0,0.4751958224543081,2.01,0.4722878166999435,-0.0029080057543645,0.4737418195771258,V0.10,3,0.007094930970978767,0.4822907534252868
2022_23_20230427_TOT_MUN,2022_23,2023-04-27,TOT,MUN,1,0.5769230769230769,1.65,0.5639554713524882,-0.0129676055705886,0.5704392741377826,V0.10,5,-0.0011234369451045604,0.5757996399779723
2022_23_20230429_BRE_NFO,2022_23,2023-04-29,BRE,NFO,1,0.4895287958115184,1.95,0.4860302744616312,-0.0034985213498872,0.4877795351365748,V0.10,3,0.007094930970978767,0.49662372678249717
2022_23_20230429_BRI_WOL,2022_23,2023-04-29,BRI,WOL,1,0.5287958115183247,1.8,0.541519940453322,0.0127241289349973,0.5351578759858233,V0.10,4,0.004517336250170486,0.5333131477684951
2022_23_20230429_CRY_WHU,2022_23,2023-04-29,CRY,WHU,1,0.4147582697201017,2.3,0.4099503646362809,-0.0048079050838207,0.4123543171781913,V0.10,2,-0.008461963093169251,0.40629630662693245
2022_23_20230430_BOU_LEE,2022_23,2023-04-30,BOU,LEE,1,0.5287958115183247,1.8,0.5243718009675495,-0.0044240105507751,0.5265838062429371,V0.10,4,0.004517336250170486,0.5333131477684951
2022_23_20230430_FUL_MCI,2022_23,2023-04-30,FUL,MCI,1,0.6169154228855721,1.54,0.6170464755004976,0.0001310526149255,0.6169809491930349,V0.10,6,-0.003846549905623094,0.613068872979949
2022_23_20230430_LIV_TOT,2022_23,2023-04-30,LIV,TOT,1,0.635036496350365,1.5,0.618706061857257,-0.016330434493108,0.6268712791038109,V0.10,6,-0.003846549905623094,0.6311899464447419
2022_23_20230430_MUN_AVL,2022_23,2023-04-30,MUN,AVL,0,0.5743589743589743,1.66,0.5789521307715028,0.0045931564125284,0.5766555525652386,V0.10,5,-0.0011234369451045604,0.5732355374138698
2022_23_20230430_NEW_SOU,2022_23,2023-04-30,NEW,SOU,1,0.5569948186528497,1.71,0.5644380743795401,0.0074432557266903,0.5607164465161949,V0.10,5,-0.0011234369451045604,0.5558713817077452
2022_23_20230501_LEI_EVE,2022_23,2023-05-01,LEI,EVE,1,0.4712041884816754,2.02,0.4636283621932272,-0.0075758262884482,0.4674162753374513,V0.10,3,0.007094930970978767,0.47829911945265413
2022_23_20230502_ARS_CHE,2022_23,2023-05-02,ARS,CHE,1,0.5454545454545455,1.75,0.5264735851079745,-0.018980960346571,0.5359640652812601,V0.10,4,0.004517336250170486,0.549971881704716
2022_23_20230503_LIV_FUL,2022_23,2023-05-03,LIV,FUL,0,0.6587677725118484,1.44,0.6528093066251961,-0.0059584658866522,0.6557885395685222,V0.10,7,-0.012863458197115459,0.6459043143147329
2022_23_20230503_MCI_WHU,2022_23,2023-05-03,MCI,WHU,1,0.6555819477434679,1.45,0.6358039940171752,-0.0197779537262926,0.6456929708803216,V0.10,7,-0.012863458197115459,0.6427184895463525
2022_23_20230504_BRI_MUN,2022_23,2023-05-04,BRI,MUN,0,0.6109725685785536,1.56,0.6186508706680169,0.0076783020894632,0.6148117196232853,V0.10,6,-0.003846549905623094,0.6071260186729306
2022_23_20230506_BOU_CHE,2022_23,2023-05-06,BOU,CHE,1,0.4908616187989557,1.95,0.4848137284761462,-0.0060478903228095,0.4878376736375509,V0.10,3,0.007094930970978767,0.4979565497699344
2022_23_20230506_LIV_BRE,2022_23,2023-05-06,LIV,BRE,0,0.6359223300970874,1.5,0.6246989717157471,-0.0112233583813403,0.6303106509064172,V0.10,6,-0.003846549905623094,0.6320757801914644
2022_23_20230506_MCI_LEE,2022_23,2023-05-06,MCI,LEE,1,0.7259414225941423,1.31,0.7033275564427963,-0.0226138661513459,0.7146344895184693,V0.10,8,-0.009220053934251331,0.716721368659891
2022_23_20230506_TOT_CRY,2022_23,2023-05-06,TOT,CRY,0,0.5428571428571429,1.76,0.5341785040385564,-0.0086786388185865,0.5385178234478496,V0.10,4,0.004517336250170486,0.5473744791073134
2022_23_20230506_WOL_AVL,2022_23,2023-05-06,WOL,AVL,0,0.4355670103092783,2.19,0.435587370992208,2.036068292976534e-05,0.4355771906507432,V0.10,2,-0.008461963093169251,0.42710504721610904
2022_23_20230507_NEW_ARS,2022_23,2023-05-07,NEW,ARS,0,0.5826972010178116,1.64,0.5761847368369374,-0.0065124641808742,0.5794409689273745,V0.10,5,-0.0011234369451045604,0.5815737640727071
2022_23_20230507_WHU_MUN,2022_23,2023-05-07,WHU,MUN,0,0.5717948717948719,1.67,0.5731211019335777,0.0013262301387058,0.5724579868642248,V0.10,5,-0.0011234369451045604,0.5706714348497673
2022_23_20230508_BRI_EVE,2022_23,2023-05-08,BRI,EVE,1,0.5994962216624685,1.59,0.6097701924013951,0.0102739707389265,0.6046332070319318,V0.10,5,-0.0011234369451045604,0.598372784717364
2022_23_20230508_FUL_LEI,2022_23,2023-05-08,FUL,LEI,1,0.5234374999999999,1.83,0.5307391143514469,0.007301614351447,0.5270883071757234,V0.10,4,0.004517336250170486,0.5279548362501704
2022_23_20230508_NFO_SOU,2022_23,2023-05-08,NFO,SOU,1,0.4778067885117493,2.0,0.4811097040184592,0.0033029155067099,0.4794582462651042,V0.10,3,0.007094930970978767,0.48490171948272803
2022_23_20230513_AVL_TOT,2022_23,2023-05-13,AVL,TOT,1,0.5454545454545455,1.75,0.5442523916286468,-0.0012021538258987,0.5448534685415962,V0.10,4,0.004517336250170486,0.549971881704716
2022_23_20230513_CHE_NFO,2022_23,2023-05-13,CHE,NFO,1,0.5195822454308094,1.84,0.5153261412891122,-0.0042561041416971,0.5174541933599608,V0.10,4,0.004517336250170486,0.5240995816809799
2022_23_20230513_CRY_BOU,2022_23,2023-05-13,CRY,BOU,0,0.5026178010471204,1.9,0.5044975830109544,0.0018797819638339,0.5035576920290374,V0.10,4,0.004517336250170486,0.5071351372972909
2022_23_20230513_LEE_NEW,2022_23,2023-05-13,LEE,NEW,1,0.5852417302798981,1.63,0.5888630771412319,0.0036213468613337,0.587052403710565,V0.10,5,-0.0011234369451045604,0.5841182933347936
2022_23_20230513_MUN_WOL,2022_23,2023-05-13,MUN,WOL,0,0.5769230769230769,1.65,0.5903236742944835,0.0134005973714066,0.5836233756087802,V0.10,5,-0.0011234369451045604,0.5757996399779723
2022_23_20230513_SOU_FUL,2022_23,2023-05-13,SOU,FUL,0,0.5078534031413613,1.88,0.5135301753761474,0.0056767722347861,0.5106917892587544,V0.10,4,0.004517336250170486,0.5123707393915318
2022_23_20230514_ARS_BRI,2022_23,2023-05-14,ARS,BRI,1,0.6212871287128713,1.53,0.6161319092005032,-0.005155219512368,0.6187095189566872,V0.10,6,-0.003846549905623094,0.6174405788072482
2022_23_20230514_BRE_WHU,2022_23,2023-05-14,BRE,WHU,0,0.4895287958115184,1.95,0.4830758114912292,-0.0064529843202892,0.4863023036513738,V0.10,3,0.007094930970978767,0.49662372678249717
2022_23_20230514_EVE_MCI,2022_23,2023-05-14,EVE,MCI,1,0.5805626598465473,1.64,0.5681042099520727,-0.0124584498944746,0.57433343489931,V0.10,5,-0.0011234369451045604,0.5794392229014428
2022_23_20230515_LEI_LIV,2022_23,2023-05-15,LEI,LIV,1,0.6383495145631067,1.49,0.6308234619951373,-0.0075260525679694,0.634586488279122,V0.10,6,-0.003846549905623094,0.6345029646574837
2022_23_20230518_NEW_BRI,2022_23,2023-05-18,NEW,BRI,1,0.595959595959596,1.6,0.60569779485593,0.0097381988963339,0.6008286954077631,V0.10,5,-0.0011234369451045604,0.5948361590144915
2022_23_20230520_BOU_MUN,2022_23,2023-05-20,BOU,MUN,0,0.6134663341645885,1.55,0.6229907258442574,0.0095243916796688,0.618228530004423,V0.10,6,-0.003846549905623094,0.6096197842589655
2022_23_20230520_FUL_CRY,2022_23,2023-05-20,FUL,CRY,1,0.4739583333333334,2.02,0.4791526347119141,0.0051943013785806,0.4765554840226237,V0.10,3,0.007094930970978767,0.48105326430431217
2022_23_20230520_LIV_AVL,2022_23,2023-05-20,LIV,AVL,0,0.6159600997506234,1.54,0.6071123152639728,-0.0088477844866505,0.6115362075072981,V0.10,6,-0.003846549905623094,0.6121135498450003
2022_23_20230520_NFO_ARS,2022_23,2023-05-20,NFO,ARS,0,0.6055276381909548,1.57,0.6054668267823039,-6.081140865088486e-05,0.6054972324866293,V0.10,6,-0.003846549905623094,0.6016810882853317
2022_23_20230520_TOT_BRE,2022_23,2023-05-20,TOT,BRE,1,0.5454545454545455,1.75,0.5304079885209685,-0.015046556933577,0.537931266987757,V0.10,4,0.004517336250170486,0.549971881704716
2022_23_20230520_WOL_EVE,2022_23,2023-05-20,WOL,EVE,0,0.4623376623376624,2.07,0.4637178663570046,0.0013802040193422,0.4630277643473335,V0.10,3,0.007094930970978767,0.4694325933086411
2022_23_20230521_BRI_SOU,2022_23,2023-05-21,BRI,SOU,1,0.6736111111111112,1.41,0.6853908871422246,0.0117797760311134,0.6795009991266678,V0.10,7,-0.012863458197115459,0.6607476529139957
2022_23_20230521_MCI_CHE,2022_23,2023-05-21,MCI,CHE,0,0.625615763546798,1.52,0.6046354461084429,-0.0209803174383551,0.6151256048276205,V0.10,6,-0.003846549905623094,0.621769213641175
2022_23_20230521_WHU_LEE,2022_23,2023-05-21,WHU,LEE,1,0.5300261096605744,1.8,0.5172374204126542,-0.0127886892479202,0.5236317650366142,V0.10,4,0.004517336250170486,0.5345434459107449
2022_23_20230522_NEW_LEI,2022_23,2023-05-22,NEW,LEI,0,0.6299019607843138,1.51,0.629924189417994,2.2228633680176912e-05,0.6299130751011539,V0.10,6,-0.003846549905623094,0.6260554108786908
2022_23_20230524_BRI_MCI,2022_23,2023-05-24,BRI,MCI,0,0.6265356265356266,1.52,0.6173695467908062,-0.0091660797448203,0.6219525866632164,V0.10,6,-0.003846549905623094,0.6226890766300035
2022_23_20230525_MUN_CHE,2022_23,2023-05-25,MUN,CHE,1,0.5979899497487436,1.6,0.6026528244805175,0.0046628747317738,0.6003213871146306,V0.10,5,-0.0011234369451045604,0.5968665128036391
2022_23_20230528_ARS_WOL,2022_23,2023-05-28,ARS,WOL,1,0.6498800959232613,1.46,0.6515414599296147,0.0016613640063533,0.650710777926438,V0.10,6,-0.003846549905623094,0.6460335460176383
2022_23_20230528_AVL_BRI,2022_23,2023-05-28,AVL,BRI,1,0.6222222222222222,1.53,0.6397866431206284,0.0175644208984061,0.6310044326714253,V0.10,6,-0.003846549905623094,0.6183756723165992
2022_23_20230528_BRE_MCI,2022_23,2023-05-28,BRE,MCI,0,0.5913705583756345,1.61,0.5789797880875327,-0.0123907702881017,0.5851751732315835,V0.10,5,-0.0011234369451045604,0.5902471214305299
2022_23_20230528_CHE_NEW,2022_23,2023-05-28,CHE,NEW,0,0.5629820051413882,1.7,0.56410141277376,0.0011194076323718,0.563541708957574,V0.10,5,-0.0011234369451045604,0.5618585681962837
2022_23_20230528_CRY_NFO,2022_23,2023-05-28,CRY,NFO,0,0.5790816326530612,1.65,0.5894261222401922,0.0103444895871309,0.5842538774466267,V0.10,5,-0.0011234369451045604,0.5779581957079567
2022_23_20230528_EVE_BOU,2022_23,2023-05-28,EVE,BOU,0,0.5692307692307692,1.68,0.5735408214918604,0.0043100522610911,0.5713857953613148,V0.10,5,-0.0011234369451045604,0.5681073322856647
2022_23_20230528_LEE_TOT,2022_23,2023-05-28,LEE,TOT,1,0.6341463414634148,1.5,0.630025941219198,-0.0041204002442167,0.6320861413413064,V0.10,6,-0.003846549905623094,0.6302997915577917
2022_23_20230528_LEI_WHU,2022_23,2023-05-28,LEI,WHU,1,0.5681233933161953,1.68,0.5660108114182616,-0.0021125818979337,0.5670671023672285,V0.10,5,-0.0011234369451045604,0.5669999563710908
2022_23_20230528_MUN_FUL,2022_23,2023-05-28,MUN,FUL,1,0.6383495145631067,1.49,0.6500521614660233,0.0117026469029165,0.644200838014565,V0.10,6,-0.003846549905623094,0.6345029646574837
2022_23_20230528_SOU_LIV,2022_23,2023-05-28,SOU,LIV,1,0.6840909090909091,1.39,0.6811118076805062,-0.0029791014104029,0.6826013583857076,V0.10,7,-0.012863458197115459,0.6712274508937937
2023_24_20230811_BUR_MCI,2023_24,2023-08-11,BUR,MCI,1,0.5790816326530612,1.65,0.5781050128461404,-0.0009766198069208,0.5785933227496007,V0.10,5,-0.0016994971757456118,0.5773821354773157
2023_24_20230812_ARS_NFO,2023_24,2023-08-12,ARS,NFO,1,0.667447306791569,1.42,0.6736744491835115,0.0062271423919424,0.6705608779875403,V0.10,7,-0.008313340109350694,0.6591339666822184
2023_24_20230812_BOU_WHU,2023_24,2023-08-12,BOU,WHU,0,0.5078534031413613,1.88,0.5038248811309086,-0.0040285220104526,0.505839142136135,V0.10,4,0.005172173470517156,0.5130255766118784
2023_24_20230812_BRI_LUT,2023_24,2023-08-12,BRI,LUT,1,0.5924050632911392,1.61,0.6075531478670428,0.0151480845759036,0.5999791055790911,V0.10,5,-0.0016994971757456118,0.5907055661153936
2023_24_20230812_EVE_FUL,2023_24,2023-08-12,EVE,FUL,0,0.4856396866840731,1.97,0.4903992043748438,0.0047595176907707,0.4880194455294585,V0.10,3,-0.000651732596754485,0.4849879540873186
2023_24_20230812_NEW_AVL,2023_24,2023-08-12,NEW,AVL,1,0.5428571428571429,1.76,0.5475341345094366,0.0046769916522936,0.5451956386832897,V0.10,4,0.005172173470517156,0.54802931632766
2023_24_20230812_SHU_CRY,2023_24,2023-08-12,SHU,CRY,0,0.4318766066838046,2.21,0.4388808925971227,0.0070042859133181,0.4353787496404637,V0.10,2,-0.007904539602656045,0.4239720670811486
2023_24_20230813_BRE_TOT,2023_24,2023-08-13,BRE,TOT,1,0.5618556701030928,1.7,0.5592453545243978,-0.0026103155786949,0.5605505123137453,V0.10,5,-0.0016994971757456118,0.5601561729273472
2023_24_20230813_CHE_LIV,2023_24,2023-08-13,CHE,LIV,0,0.5728900255754477,1.67,0.5639616469880442,-0.0089283785874034,0.5684258362817459,V0.10,5,-0.0016994971757456118,0.5711905283997021
2023_24_20230814_MUN_WOL,2023_24,2023-08-14,MUN,WOL,0,0.5979899497487436,1.6,0.6179790560859393,0.0199891063371956,0.6079845029173414,V0.10,5,-0.0016994971757456118,0.5962904525729981
2023_24_20230818_NFO_SHU,2023_24,2023-08-18,NFO,SHU,1,0.4271099744245524,2.24,0.4276982240397883,0.0005882496152359,0.4274040992321704,V0.10,2,-0.007904539602656045,0.41920543482189637
2023_24_20230819_FUL_BRE,2023_24,2023-08-19,FUL,BRE,1,0.4960835509138382,1.93,0.4992285970778276,0.0031450461639894,0.4976560739958329,V0.10,3,-0.000651732596754485,0.4954318183170837
2023_24_20230819_LIV_BOU,2023_24,2023-08-19,LIV,BOU,1,0.7039473684210525,1.35,0.7019824336449868,-0.0019649347760657,0.7029649010330197,V0.10,8,-0.0038726146117447195,0.7000747538093078
2023_24_20230819_MCI_NEW,2023_24,2023-08-19,MCI,NEW,0,0.5555555555555556,1.72,0.5367945561614736,-0.0187609993940819,0.5461750558585146,V0.10,5,-0.0016994971757456118,0.55385605837981
2023_24_20230819_TOT_MUN,2023_24,2023-08-19,TOT,MUN,0,0.6084788029925187,1.57,0.6107527299912558,0.0022739269987371,0.6096157664918873,V0.10,6,-0.0031368038954205702,0.6053419990970981
2023_24_20230819_WOL_BRI,2023_24,2023-08-19,WOL,BRI,1,0.5492227979274612,1.74,0.5649652179425796,0.0157424200151183,0.5570940079350204,V0.10,4,0.005172173470517156,0.5543949713979783
2023_24_20230820_AVL_EVE,2023_24,2023-08-20,AVL,EVE,1,0.5065274151436031,1.89,0.5087772083972584,0.0022497932536552,0.5076523117704308,V0.10,4,0.005172173470517156,0.5116995886141202
2023_24_20230820_WHU_CHE,2023_24,2023-08-20,WHU,CHE,1,0.4986945169712793,1.92,0.4862201193898282,-0.012474397581451,0.4924573181805537,V0.10,3,-0.000651732596754485,0.4980427843745248
2023_24_20230821_CRY_ARS,2023_24,2023-08-21,CRY,ARS,0,0.4973821989528796,1.92,0.4813302469362647,-0.0160519520166149,0.4893562229445721,V0.10,3,-0.000651732596754485,0.4967304663561251
2023_24_20230825_CHE_LUT,2023_24,2023-08-25,CHE,LUT,1,0.5776081424936387,1.66,0.5588065899485772,-0.0188015525450614,0.568207366221108,V0.10,5,-0.0016994971757456118,0.5759086453178931
2023_24_20230826_ARS_FUL,2023_24,2023-08-26,ARS,FUL,1,0.6433734939759036,1.48,0.653513715850694,0.0101402218747903,0.6484436049132988,V0.10,6,-0.0031368038954205702,0.640236690080483
2023_24_20230826_BOU_TOT,2023_24,2023-08-26,BOU,TOT,0,0.6144278606965174,1.55,0.6147099166461992,0.0002820559496817,0.6145688886713583,V0.10,6,-0.0031368038954205702,0.6112910568010969
2023_24_20230826_BRE_CRY,2023_24,2023-08-26,BRE,CRY,0,0.4496124031007751,2.13,0.4438065990081383,-0.0058058040926368,0.4467095010544567,V0.10,2,-0.007904539602656045,0.4417078634981191
2023_24_20230826_BRI_WHU,2023_24,2023-08-26,BRI,WHU,1,0.6383495145631067,1.49,0.6497984003921567,0.01144888582905,0.6440739574776317,V0.10,6,-0.0031368038954205702,0.6352127106676861
2023_24_20230826_EVE_WOL,2023_24,2023-08-26,EVE,WOL,0,0.4507772020725388,2.12,0.4450809564068571,-0.0056962456656817,0.4479290792396979,V0.10,3,-0.000651732596754485,0.4501254694757843
2023_24_20230826_MUN_NFO,2023_24,2023-08-26,MUN,NFO,1,0.6274509803921569,1.52,0.6414924114631082,0.0140414310709513,0.6344716959276325,V0.10,6,-0.0031368038954205702,0.6243141764967363
2023_24_20230827_BUR_AVL,2023_24,2023-08-27,BUR,AVL,1,0.5182291666666667,1.85,0.5337968294139395,0.0155676627472727,0.5260129980403031,V0.10,4,0.005172173470517156,0.5234013401371839
2023_24_20230827_NEW_LIV,2023_24,2023-08-27,NEW,LIV,1,0.639225181598063,1.49,0.6385122225020295,-0.0007129590960334,0.6388687020500463,V0.10,6,-0.0031368038954205702,0.6360883777026424
2023_24_20230827_SHU_MCI,2023_24,2023-08-27,SHU,MCI,1,0.6055276381909548,1.57,0.6209646641071148,0.01543702591616,0.6132461511490348,V0.10,6,-0.0031368038954205702,0.6023908342955342
2023_24_20230901_LUT_WHU,2023_24,2023-09-01,LUT,WHU,1,0.5272727272727271,1.82,0.5237163640405555,-0.0035563632321715,0.5254945456566413,V0.10,4,0.005172173470517156,0.5324449007432442
2023_24_20230902_BRE_BOU,2023_24,2023-09-02,BRE,BOU,1,0.5492227979274612,1.74,0.5522382302654695,0.0030154323380082,0.5507305140964653,V0.10,4,0.005172173470517156,0.5543949713979783
2023_24_20230902_BRI_NEW,2023_24,2023-09-02,BRI,NEW,1,0.6400966183574879,1.49,0.6583738116733121,0.0182771933158242,0.6492352150153999,V0.10,6,-0.0031368038954205702,0.6369598144620673
2023_24_20230902_BUR_TOT,2023_24,2023-09-02,BUR,TOT,1,0.5848101265822784,1.64,0.5919868243029349,0.0071766977206565,0.5883984754426066,V0.10,5,-0.0016994971757456118,0.5831106294065328
2023_24_20230902_CHE_NFO,2023_24,2023-09-02,CHE,NFO,0,0.583756345177665,1.64,0.5874486991598902,0.0036923539822252,0.5856025221687775,V0.10,5,-0.0016994971757456118,0.5820568480019194
2023_24_20230902_MCI_FUL,2023_24,2023-09-02,MCI,FUL,1,0.6781609195402298,1.4,0.68306469868689,0.0049037791466601,0.6806128091135599,V0.10,7,-0.008313340109350694,0.6698475794308791
2023_24_20230902_SHU_EVE,2023_24,2023-09-02,SHU,EVE,1,0.423469387755102,2.26,0.4242863511582102,0.0008169634031081,0.423877869456656,V0.10,2,-0.007904539602656045,0.415564848152446
2023_24_20230903_ARS_MUN,2023_24,2023-09-03,ARS,MUN,1,0.6144278606965174,1.55,0.6211262028391534,0.0066983421426359,0.6177770317678355,V0.10,6,-0.0031368038954205702,0.6112910568010969
2023_24_20230903_CRY_WOL,2023_24,2023-09-03,CRY,WOL,1,0.4296675191815857,2.23,0.4276171588724894,-0.0020503603090962,0.4286423390270376,V0.10,2,-0.007904539602656045,0.42176297957892966
2023_24_20230903_LIV_AVL,2023_24,2023-09-03,LIV,AVL,1,0.6758620689655173,1.41,0.6841394804222165,0.0082774114566992,0.6800007746938669,V0.10,7,-0.008313340109350694,0.6675487288561666
2023_24_20230916_AVL_CRY,2023_24,2023-09-16,AVL,CRY,1,0.5130208333333333,1.87,0.5214156222669482,0.0083947889336148,0.5172182278001407,V0.10,4,0.005172173470517156,0.5181930068038504
2023_24_20230916_FUL_LUT,2023_24,2023-09-16,FUL,LUT,0,0.5104166666666667,1.88,0.5068802462069786,-0.0035364204596881,0.5086484564368227,V0.10,4,0.005172173470517156,0.5155888401371839
2023_24_20230916_MUN_BRI,2023_24,2023-09-16,MUN,BRI,1,0.6689976689976691,1.42,0.6854211503768808,0.0164234813792116,0.6772094096872749,V0.10,7,-0.008313340109350694,0.6606843288883184
2023_24_20230916_NEW_BRE,2023_24,2023-09-16,NEW,BRE,0,0.5728900255754477,1.67,0.583989308126499,0.0110992825510513,0.5784396668509733,V0.10,5,-0.0016994971757456118,0.5711905283997021
2023_24_20230916_TOT_SHU,2023_24,2023-09-16,TOT,SHU,1,0.6425120772946861,1.48,0.6631577197892151,0.020645642494529,0.6528348985419505,V0.10,6,-0.0031368038954205702,0.6393752733992655
2023_24_20230916_WHU_MCI,2023_24,2023-09-16,WHU,MCI,1,0.5909090909090909,1.62,0.5864134810979301,-0.0044956098111608,0.5886612860035105,V0.10,5,-0.0016994971757456118,0.5892095937333454
2023_24_20230916_WOL_LIV,2023_24,2023-09-16,WOL,LIV,1,0.6425120772946861,1.48,0.6578634573562527,0.0153513800615666,0.6501877673254695,V0.10,6,-0.0031368038954205702,0.6393752733992655
2023_24_20230917_BOU_CHE,2023_24,2023-09-17,BOU,CHE,0,0.583756345177665,1.64,0.5912802283758563,0.0075238831981913,0.5875182867767605,V0.10,5,-0.0016994971757456118,0.5820568480019194
2023_24_20230917_EVE_ARS,2023_24,2023-09-17,EVE,ARS,0,0.5790816326530612,1.65,0.5812347764233123,0.0021531437702511,0.5801582045381868,V0.10,5,-0.0016994971757456118,0.5773821354773157
2023_24_20230918_NFO_BUR,2023_24,2023-09-18,NFO,BUR,0,0.5013054830287206,1.91,0.5052042743255999,0.0038987912968793,0.5032548786771602,V0.10,4,0.005172173470517156,0.5064776564992377
2023_24_20230923_BRE_EVE,2023_24,2023-09-23,BRE,EVE,1,0.5,1.92,0.4961739898812029,-0.003826010118797,0.4980869949406015,V0.10,4,0.005172173470517156,0.5051721734705171
2023_24_20230923_BUR_MUN,2023_24,2023-09-23,BUR,MUN,0,0.5944584382871536,1.61,0.6150853883029075,0.0206269500157538,0.6047719132950305,V0.10,5,-0.0016994971757456118,0.592758941111408
2023_24_20230923_CRY_FUL,2023_24,2023-09-23,CRY,FUL,0,0.4675324675324676,2.05,0.4639568781247051,-0.0035755894077624,0.4657446728285863,V0.10,3,-0.000651732596754485,0.4668807349357131
2023_24_20230923_LUT_WOL,2023_24,2023-09-23,LUT,WOL,0,0.4817708333333334,1.99,0.4937719227724613,0.0120010894391278,0.4877713780528974,V0.10,3,-0.000651732596754485,0.48111910073657893
2023_24_20230923_MCI_NFO,2023_24,2023-09-23,MCI,NFO,0,0.6758620689655173,1.41,0.6789093384974646,0.0030472695319473,0.677385703731491,V0.10,7,-0.008313340109350694,0.6675487288561666
2023_24_20230924_ARS_TOT,2023_24,2023-09-24,ARS,TOT,1,0.6308068459657702,1.51,0.6263897217742954,-0.0044171241914747,0.6285982838700328,V0.10,6,-0.0031368038954205702,0.6276700420703496
2023_24_20230924_BRI_BOU,2023_24,2023-09-24,BRI,BOU,1,0.6941964285714286,1.37,0.7130689524425676,0.018872523871139,0.7036326905069981,V0.10,7,-0.008313340109350694,0.6858830884620779
2023_24_20230924_CHE_AVL,2023_24,2023-09-24,CHE,AVL,0,0.5641025641025641,1.7,0.572579362861026,0.0084767987584618,0.5683409634817951,V0.10,5,-0.0016994971757456118,0.5624030669268185
2023_24_20230924_LIV_WHU,2023_24,2023-09-24,LIV,WHU,1,0.6788990825688074,1.4,0.6820309766945575,0.0031318941257501,0.6804650296316824,V0.10,7,-0.008313340109350694,0.6705857424594567
2023_24_20230924_SHU_NEW,2023_24,2023-09-24,SHU,NEW,1,0.5754475703324808,1.66,0.6056035817284505,0.0301560113959696,0.5905255760304657,V0.10,5,-0.0016994971757456118,0.5737480731567353
2023_24_20230930_AVL_BRI,2023_24,2023-09-30,AVL,BRI,1,0.6651053864168619,1.43,0.6871469772325948,0.0220415908157328,0.6761261818247284,V0.10,7,-0.008313340109350694,0.6567920463075112
2023_24_20230930_BOU_ARS,2023_24,2023-09-30,BOU,ARS,1,0.6178660049627792,1.54,0.6318794255162173,0.0140134205534381,0.6248727152394983,V0.10,6,-0.0031368038954205702,0.6147292010673586
2023_24_20230930_EVE_LUT,2023_24,2023-09-30,EVE,LUT,1,0.4739583333333334,2.02,0.4750615198261876,0.0011031864928541,0.4745099265797605,V0.10,3,-0.000651732596754485,0.47330660073657893
2023_24_20230930_MUN_CRY,2023_24,2023-09-30,MUN,CRY,0,0.5402597402597403,1.77,0.5461335116198978,0.0058737713601574,0.5431966259398191,V0.10,4,0.005172173470517156,0.5454319137302575
2023_24_20230930_NEW_BUR,2023_24,2023-09-30,NEW,BUR,0,0.6222222222222222,1.53,0.6423450158977007,0.0201227936754784,0.6322836190599614,V0.10,6,-0.0031368038954205702,0.6190854183268016
2023_24_20230930_TOT_LIV,2023_24,2023-09-30,TOT,LIV,1,0.6848072562358277,1.39,0.6821352642993002,-0.0026719919365275,0.6834712602675639,V0.10,7,-0.008313340109350694,0.676493916126477
2023_24_20230930_WHU_SHU,2023_24,2023-09-30,WHU,SHU,0,0.5826972010178116,1.64,0.6081942453544482,0.0254970443366365,0.5954457231861299,V0.10,5,-0.0016994971757456118,0.5809977038420661
2023_24_20230930_WOL_MCI,2023_24,2023-09-30,WOL,MCI,1,0.6212871287128713,1.53,0.6343548183347808,0.0130676896219095,0.627820973523826,V0.10,6,-0.0031368038954205702,0.6181503248174507
2023_24_20231001_NFO_BRE,2023_24,2023-10-01,NFO,BRE,0,0.4571428571428572,2.09,0.4476614946711618,-0.0094813624716953,0.4524021759070095,V0.10,3,-0.000651732596754485,0.4564911245461027
2023_24_20231002_FUL_CHE,2023_24,2023-10-02,FUL,CHE,0,0.4947643979057591,1.93,0.4898013955995623,-0.0049630023061967,0.4922828967526607,V0.10,3,-0.000651732596754485,0.4941126653090046
2023_24_20231003_LUT_BUR,2023_24,2023-10-03,LUT,BUR,1,0.4271099744245524,2.24,0.4265035014280525,-0.0006064729964999,0.4268067379263024,V0.10,2,-0.007904539602656045,0.41920543482189637
2023_24_20231007_BUR_CHE,2023_24,2023-10-07,BUR,CHE,1,0.53125,1.8,0.5421560286056627,0.0109060286056626,0.5367030143028313,V0.10,4,0.005172173470517156,0.5364221734705171
2023_24_20231007_CRY_NFO,2023_24,2023-10-07,CRY,NFO,0,0.4198473282442748,2.28,0.4126880489810062,-0.0071592792632685,0.4162676886126405,V0.10,2,-0.007904539602656045,0.41194278864161876
2023_24_20231007_EVE_BOU,2023_24,2023-10-07,EVE,BOU,1,0.5234374999999999,1.83,0.532916917695205,0.0094794176952051,0.5281772088476024,V0.10,4,0.005172173470517156,0.528609673470517
2023_24_20231007_FUL_SHU,2023_24,2023-10-07,FUL,SHU,1,0.4960835509138382,1.93,0.5156674042314404,0.0195838533176022,0.5058754775726393,V0.10,3,-0.000651732596754485,0.4954318183170837
2023_24_20231007_LUT_TOT,2023_24,2023-10-07,LUT,TOT,0,0.6134663341645885,1.55,0.6273576673316481,0.0138913331670595,0.6204120007481183,V0.10,6,-0.0031368038954205702,0.6103295302691679
2023_24_20231007_MUN_BRE,2023_24,2023-10-07,MUN,BRE,1,0.5762273901808785,1.64,0.5818436708207593,0.0056162806398807,0.5790355305008189,V0.10,5,-0.0016994971757456118,0.574527893005133
2023_24_20231008_ARS_MCI,2023_24,2023-10-08,ARS,MCI,0,0.5352480417754569,1.78,0.5144936924536463,-0.0207543493218106,0.5248708671145517,V0.10,4,0.005172173470517156,0.5404202152459741
2023_24_20231008_BRI_LIV,2023_24,2023-10-08,BRI,LIV,1,0.7045951859956237,1.35,0.7072862132036889,0.0026910272080652,0.7059406995996562,V0.10,8,-0.0038726146117447195,0.700722571383879
2023_24_20231008_WHU_NEW,2023_24,2023-10-08,WHU,NEW,1,0.5555555555555556,1.72,0.5623308806421987,0.0067753250866431,0.5589432180988771,V0.10,5,-0.0016994971757456118,0.55385605837981
2023_24_20231008_WOL_AVL,2023_24,2023-10-08,WOL,AVL,0,0.53125,1.8,0.5442698976276739,0.0130198976276738,0.5377599488138369,V0.10,4,0.005172173470517156,0.5364221734705171
2023_24_20231021_BOU_WOL,2023_24,2023-10-21,BOU,WOL,1,0.5260416666666667,1.82,0.5406691600631509,0.0146274933964841,0.5333554133649088,V0.10,4,0.005172173470517156,0.5312138401371839
2023_24_20231021_BRE_BUR,2023_24,2023-10-21,BRE,BUR,1,0.5,1.92,0.4978479335793183,-0.0021520664206817,0.4989239667896591,V0.10,4,0.005172173470517156,0.5051721734705171
2023_24_20231021_CHE_ARS,2023_24,2023-10-21,CHE,ARS,1,0.4973821989528796,1.92,0.4822262597468767,-0.0151559392060028,0.4898042293498781,V0.10,3,-0.000651732596754485,0.4967304663561251
2023_24_20231021_LIV_EVE,2023_24,2023-10-21,LIV,EVE,0,0.674364896073903,1.41,0.680926728866822,0.0065618327929189,0.6776458124703626,V0.10,7,-0.008313340109350694,0.6660515559645523
2023_24_20231021_MCI_BRI,2023_24,2023-10-21,MCI,BRI,1,0.6928251121076232,1.37,0.6964030336105466,0.0035779215029233,0.6946140728590848,V0.10,7,-0.008313340109350694,0.6845117719982725
2023_24_20231021_NEW_CRY,2023_24,2023-10-21,NEW,CRY,1,0.5272727272727271,1.82,0.5383430963880859,0.0110703691153587,0.5328079118304065,V0.10,4,0.005172173470517156,0.5324449007432442
2023_24_20231021_NFO_LUT,2023_24,2023-10-21,NFO,LUT,1,0.4699738903394256,2.03,0.4733566311910701,0.0033827408516445,0.4716652607652478,V0.10,3,-0.000651732596754485,0.4693221577426711
2023_24_20231021_SHU_MUN,2023_24,2023-10-21,SHU,MUN,1,0.6144278606965174,1.55,0.6408779937148771,0.0264501330183596,0.6276529272056972,V0.10,6,-0.0031368038954205702,0.6112910568010969
2023_24_20231022_AVL_WHU,2023_24,2023-10-22,AVL,WHU,1,0.602015113350126,1.58,0.6096671428874524,0.0076520295373263,0.6058411281187892,V0.10,6,-0.0031368038954205702,0.5988783094547054
2023_24_20231023_TOT_FUL,2023_24,2023-10-23,TOT,FUL,0,0.6280788177339901,1.51,0.6361856391680051,0.0081068214340149,0.6321322284509976,V0.10,6,-0.0031368038954205702,0.6249420138385695
2023_24_20231027_CRY_TOT,2023_24,2023-10-27,CRY,TOT,1,0.5090909090909091,1.89,0.504878194416764,-0.0042127146741451,0.5069845517538365,V0.10,4,0.005172173470517156,0.5142630825614263
2023_24_20231028_ARS_SHU,2023_24,2023-10-28,ARS,SHU,1,0.6971046770601336,1.36,0.7137033101598127,0.0165986330996791,0.7054039936099732,V0.10,7,-0.008313340109350694,0.6887913369507829
2023_24_20231028_BOU_BUR,2023_24,2023-10-28,BOU,BUR,1,0.5324675324675325,1.8,0.5435763328386312,0.0111088003710986,0.5380219326530818,V0.10,4,0.005172173470517156,0.5376397059380497
2023_24_20231028_CHE_BRE,2023_24,2023-10-28,CHE,BRE,0,0.5298701298701299,1.81,0.5290818861254142,-0.0007882437447157,0.5294760079977721,V0.10,4,0.005172173470517156,0.5350423033406471
2023_24_20231028_WOL_NEW,2023_24,2023-10-28,WOL,NEW,1,0.5426356589147286,1.77,0.5582334884442082,0.0155978295294795,0.5504345736794685,V0.10,4,0.005172173470517156,0.5478078323852458
2023_24_20231029_AVL_LUT,2023_24,2023-10-29,AVL,LUT,1,0.6317073170731708,1.51,0.6505419672498668,0.0188346501766959,0.6411246421615189,V0.10,6,-0.0031368038954205702,0.6285705131777503
2023_24_20231029_BRI_FUL,2023_24,2023-10-29,BRI,FUL,0,0.6332518337408313,1.5,0.6503730082810958,0.0171211745402645,0.6418124210109635,V0.10,6,-0.0031368038954205702,0.6301150298454107
2023_24_20231029_LIV_NFO,2023_24,2023-10-29,LIV,NFO,1,0.6736111111111112,1.41,0.678243372812953,0.0046322617018418,0.6759272419620321,V0.10,7,-0.008313340109350694,0.6652977710017605
2023_24_20231029_MUN_MCI,2023_24,2023-10-29,MUN,MCI,1,0.5541237113402062,1.73,0.5418525464860392,-0.012271164854167,0.5479881289131228,V0.10,5,-0.0016994971757456118,0.5524242141644606
2023_24_20231029_WHU_EVE,2023_24,2023-10-29,WHU,EVE,0,0.5492227979274612,1.74,0.5535514454268673,0.004328647499406,0.5513871216771642,V0.10,4,0.005172173470517156,0.5543949713979783
2023_24_20231104_BRE_WHU,2023_24,2023-11-04,BRE,WHU,1,0.5466321243523315,1.75,0.5466427683245279,1.0643972196300313e-05,0.5466374463384297,V0.10,4,0.005172173470517156,0.5518042978228487
2023_24_20231104_BUR_CRY,2023_24,2023-11-04,BUR,CRY,0,0.4296675191815857,2.23,0.4294268499912786,-0.000240669190307,0.4295471845864321,V0.10,2,-0.007904539602656045,0.42176297957892966
2023_24_20231104_EVE_BRI,2023_24,2023-11-04,EVE,BRI,0,0.6025,1.59,0.6223431681881565,0.0198431681881564,0.6124215840940783,V0.10,6,-0.0031368038954205702,0.5993631961045794
2023_24_20231104_FUL_MUN,2023_24,2023-11-04,FUL,MUN,0,0.5338541666666666,1.79,0.5428304570557775,0.0089762903891108,0.5383423118612221,V0.10,4,0.005172173470517156,0.5390263401371838
2023_24_20231104_MCI_BOU,2023_24,2023-11-04,MCI,BOU,1,0.7308488612836438,1.3,0.7282306050971137,-0.0026182561865301,0.7295397331903788,V0.10,8,-0.0038726146117447195,0.7269762466718991
2023_24_20231104_NEW_ARS,2023_24,2023-11-04,NEW,ARS,0,0.4986945169712793,1.92,0.4866083742345152,-0.0120861427367641,0.4926514456028972,V0.10,3,-0.000651732596754485,0.4980427843745248
2023_24_20231104_SHU_WOL,2023_24,2023-11-04,SHU,WOL,1,0.5065274151436031,1.89,0.5232272327594715,0.0166998176158683,0.5148773239515373,V0.10,4,0.005172173470517156,0.5116995886141202
2023_24_20231105_LUT_LIV,2023_24,2023-11-05,LUT,LIV,0,0.6928251121076232,1.37,0.7076993157755993,0.014874203667976,0.7002622139416113,V0.10,7,-0.008313340109350694,0.6845117719982725
2023_24_20231105_NFO_AVL,2023_24,2023-11-05,NFO,AVL,0,0.5440414507772021,1.76,0.5510797258128388,0.0070382750356366,0.5475605882950205,V0.10,4,0.005172173470517156,0.5492136242477192
2023_24_20231106_TOT_CHE,2023_24,2023-11-06,TOT,CHE,1,0.5581395348837209,1.71,0.5499606674966577,-0.0081788673870631,0.5540501011901893,V0.10,5,-0.0016994971757456118,0.5564400377079753
2023_24_20231111_ARS_BUR,2023_24,2023-11-11,ARS,BUR,1,0.637469586374696,1.49,0.6500115792147689,0.0125419928400729,0.6437405827947325,V0.10,6,-0.0031368038954205702,0.6343327824792754
2023_24_20231111_BOU_NEW,2023_24,2023-11-11,BOU,NEW,0,0.5655526992287918,1.69,0.5778047140082931,0.0122520147795013,0.5716787066185425,V0.10,5,-0.0016994971757456118,0.5638532020530462
2023_24_20231111_CRY_EVE,2023_24,2023-11-11,CRY,EVE,1,0.4173027989821883,2.29,0.4090887495525061,-0.0082140494296821,0.4131957742673472,V0.10,2,-0.007904539602656045,0.4093982593795323
2023_24_20231111_MUN_LUT,2023_24,2023-11-11,MUN,LUT,0,0.6222222222222222,1.53,0.6420204061587478,0.0197981839365255,0.632121314190485,V0.10,6,-0.0031368038954205702,0.6190854183268016
2023_24_20231111_WOL_TOT,2023_24,2023-11-11,WOL,TOT,1,0.5873417721518986,1.63,0.5971475201557656,0.0098057480038669,0.5922446461538321,V0.10,5,-0.0016994971757456118,0.5856422749761531
2023_24_20231112_AVL_FUL,2023_24,2023-11-12,AVL,FUL,1,0.5644329896907216,1.69,0.5752838254556062,0.0108508357648845,0.5698584075731639,V0.10,5,-0.0016994971757456118,0.5627334925149761
2023_24_20231112_BRI_SHU,2023_24,2023-11-12,BRI,SHU,0,0.6758620689655173,1.41,0.6968648073314457,0.0210027383659284,0.6863634381484816,V0.10,7,-0.008313340109350694,0.6675487288561666
2023_24_20231112_CHE_MCI,2023_24,2023-11-12,CHE,MCI,1,0.5208333333333334,1.84,0.5015010696052903,-0.019332263728043,0.5111672014693118,V0.10,4,0.005172173470517156,0.5260055068038505
2023_24_20231112_LIV_BRE,2023_24,2023-11-12,LIV,BRE,1,0.6515513126491647,1.46,0.6510831403618048,-0.0004681722873598,0.6513172265054847,V0.10,7,-0.008313340109350694,0.643237972539814
2023_24_20231112_WHU_NFO,2023_24,2023-11-12,WHU,NFO,1,0.5338541666666666,1.79,0.5362767153381569,0.0024225486714902,0.5350654410024118,V0.10,4,0.005172173470517156,0.5390263401371838
2023_24_20231125_BRE_ARS,2023_24,2023-11-25,BRE,ARS,0,0.5104166666666667,1.88,0.5003937282359162,-0.0100229384307505,0.5054051974512914,V0.10,4,0.005172173470517156,0.5155888401371839
2023_24_20231125_BUR_WHU,2023_24,2023-11-25,BUR,WHU,1,0.538860103626943,1.78,0.5483328159698903,0.0094727123429472,0.5435964597984166,V0.10,4,0.005172173470517156,0.5440322770974602
2023_24_20231125_LUT_CRY,2023_24,2023-11-25,LUT,CRY,1,0.4432989690721649,2.16,0.4462356558722317,0.0029366868000668,0.4447673124721982,V0.10,2,-0.007904539602656045,0.43539442946950885
2023_24_20231125_MCI_LIV,2023_24,2023-11-25,MCI,LIV,0,0.6359223300970874,1.5,0.6177402423984735,-0.0181820876986139,0.6268312862477805,V0.10,6,-0.0031368038954205702,0.6327855262016668
2023_24_20231125_NEW_CHE,2023_24,2023-11-25,NEW,CHE,1,0.522077922077922,1.84,0.5191434053159908,-0.0029345167619312,0.5206106636969564,V0.10,4,0.005172173470517156,0.5272500955484392
2023_24_20231125_NFO_BRI,2023_24,2023-11-25,NFO,BRI,1,0.5503875968992248,1.74,0.5607110578783975,0.0103234609791726,0.5555493273888111,V0.10,5,-0.0016994971757456118,0.5486880997234792
2023_24_20231125_SHU_BOU,2023_24,2023-11-25,SHU,BOU,1,0.5246753246753246,1.83,0.5380180290353022,0.0133427043599775,0.5313466768553134,V0.10,4,0.005172173470517156,0.5298474981458418
2023_24_20231126_EVE_MUN,2023_24,2023-11-26,EVE,MUN,1,0.5272727272727271,1.82,0.5301194520782592,0.002846724805532,0.5286960896754931,V0.10,4,0.005172173470517156,0.5324449007432442
2023_24_20231126_TOT_AVL,2023_24,2023-11-26,TOT,AVL,1,0.6332518337408313,1.5,0.635686336905729,0.0024345031648976,0.6344690853232802,V0.10,6,-0.0031368038954205702,0.6301150298454107
2023_24_20231127_FUL_WOL,2023_24,2023-11-27,FUL,WOL,1,0.4559585492227979,2.1,0.4614310805692245,0.0054725313464266,0.4586948148960112,V0.10,3,-0.000651732596754485,0.4553068166260434
2023_24_20231202_ARS_WOL,2023_24,2023-12-02,ARS,WOL,1,0.5790816326530612,1.65,0.5835029570510956,0.0044213243980343,0.5812922948520785,V0.10,5,-0.0016994971757456118,0.5773821354773157
2023_24_20231202_BRE_LUT,2023_24,2023-12-02,BRE,LUT,1,0.5532467532467532,1.72,0.5685858751388468,0.0153391218920936,0.5609163141928,V0.10,5,-0.0016994971757456118,0.5515472560710076
2023_24_20231202_BUR_SHU,2023_24,2023-12-02,BUR,SHU,1,0.4791666666666667,2.0,0.4889843904541073,0.0098177237874406,0.484075528560387,V0.10,3,-0.000651732596754485,0.4785149340699122
2023_24_20231202_NEW_MUN,2023_24,2023-12-02,NEW,MUN,0,0.5615384615384615,1.71,0.563605968921469,0.0020675073830074,0.5625722152299653,V0.10,5,-0.0016994971757456118,0.559838964362716
2023_24_20231202_NFO_EVE,2023_24,2023-12-02,NFO,EVE,0,0.4687499999999999,2.04,0.4675356075224875,-0.0012143924775123,0.4681428037612437,V0.10,3,-0.000651732596754485,0.4680982674032454
2023_24_20231203_BOU_AVL,2023_24,2023-12-03,BOU,AVL,1,0.625615763546798,1.52,0.6446597137523478,0.0190439502055497,0.6351377386495729,V0.10,6,-0.0031368038954205702,0.6224789596513775
2023_24_20231203_CHE_BRI,2023_24,2023-12-03,CHE,BRI,1,0.614609571788413,1.53,0.6233056827676472,0.0086961109792341,0.6189576272780302,V0.10,6,-0.0031368038954205702,0.6114727678929924
2023_24_20231203_LIV_FUL,2023_24,2023-12-03,LIV,FUL,1,0.675115207373272,1.41,0.684072268731341,0.0089570613580689,0.6795937380523065,V0.10,7,-0.008313340109350694,0.6668018672639213
2023_24_20231203_MCI_TOT,2023_24,2023-12-03,MCI,TOT,1,0.6977777777777777,1.36,0.6882442003147611,-0.0095335774630166,0.6930109890462695,V0.10,7,-0.008313340109350694,0.689464437668427
2023_24_20231203_WHU_CRY,2023_24,2023-12-03,WHU,CRY,0,0.4791666666666667,2.0,0.4759719183935795,-0.0031947482730871,0.4775692925301231,V0.10,3,-0.000651732596754485,0.4785149340699122
2023_24_20231205_LUT_ARS,2023_24,2023-12-05,LUT,ARS,1,0.5816326530612244,1.64,0.5924540893233293,0.0108214362621049,0.5870433711922769,V0.10,5,-0.0016994971757456118,0.5799331558854788
2023_24_20231205_WOL_BUR,2023_24,2023-12-05,WOL,BUR,0,0.4805194805194806,2.0,0.4872428049088583,0.0067233243893776,0.4838811427141695,V0.10,3,-0.000651732596754485,0.47986774792272613
2023_24_20231206_AVL_MCI,2023_24,2023-12-06,AVL,MCI,0,0.6299019607843138,1.51,0.6246031117706877,-0.005298849013626,0.6272525362775008,V0.10,6,-0.0031368038954205702,0.6267651568888932
2023_24_20231206_BRI_BRE,2023_24,2023-12-06,BRI,BRE,1,0.5873417721518986,1.63,0.5992649313678035,0.0119231592159048,0.593303351759851,V0.10,5,-0.0016994971757456118,0.5856422749761531
2023_24_20231206_CRY_BOU,2023_24,2023-12-06,CRY,BOU,0,0.484375,1.98,0.4870650351628003,0.0026900351628003,0.4857200175814001,V0.10,3,-0.000651732596754485,0.4837232674032455
2023_24_20231206_FUL_NFO,2023_24,2023-12-06,FUL,NFO,1,0.4689119170984456,2.05,0.4738693390948545,0.0049574219964089,0.4713906280966501,V0.10,3,-0.000651732596754485,0.4682601845016911
2023_24_20231206_MUN_CHE,2023_24,2023-12-06,MUN,CHE,1,0.5801526717557253,1.65,0.5875870146643019,0.0074343429085765,0.5838698432100136,V0.10,5,-0.0016994971757456118,0.5784531745799797
2023_24_20231206_SHU_LIV,2023_24,2023-12-06,SHU,LIV,0,0.7203389830508474,1.32,0.7373166644461228,0.0169776813952753,0.7288278237484851,V0.10,8,-0.0038726146117447195,0.7164663684391027
2023_24_20231207_EVE_NEW,2023_24,2023-12-07,EVE,NEW,1,0.4986945169712793,1.92,0.498722105236754,2.758826547466509e-05,0.4987083111040166,V0.10,3,-0.000651732596754485,0.4980427843745248
2023_24_20231207_TOT_WHU,2023_24,2023-12-07,TOT,WHU,1,0.635036496350365,1.5,0.6375455661130468,0.0025090697626818,0.6362910312317058,V0.10,6,-0.0031368038954205702,0.6318996924549444
2023_24_20231209_AVL_ARS,2023_24,2023-12-09,AVL,ARS,0,0.5555555555555556,1.72,0.5472523720220768,-0.0083031835334788,0.5514039637888162,V0.10,5,-0.0016994971757456118,0.55385605837981
2023_24_20231209_BRI_BUR,2023_24,2023-12-09,BRI,BUR,0,0.6015037593984962,1.59,0.622819420592498,0.0213156611940017,0.6121615899954971,V0.10,6,-0.0031368038954205702,0.5983669555030756
2023_24_20231209_CRY_LIV,2023_24,2023-12-09,CRY,LIV,1,0.5801526717557253,1.65,0.5891660818040839,0.0090134100483586,0.5846593767799046,V0.10,5,-0.0016994971757456118,0.5784531745799797
2023_24_20231209_MUN_BOU,2023_24,2023-12-09,MUN,BOU,1,0.628992628992629,1.51,0.6431293916850588,0.0141367626924298,0.6360610103388439,V0.10,6,-0.0031368038954205702,0.6258558250972084
2023_24_20231209_SHU_BRE,2023_24,2023-12-09,SHU,BRE,0,0.5026041666666667,1.91,0.5141290485160308,0.011524881849364,0.5083666075913488,V0.10,4,0.005172173470517156,0.5077763401371839
2023_24_20231209_WOL_NFO,2023_24,2023-12-09,WOL,NFO,0,0.4778067885117493,2.0,0.4799571195910913,0.002150331079342,0.4788819540514203,V0.10,3,-0.000651732596754485,0.4771550559149948
2023_24_20231210_EVE_CHE,2023_24,2023-12-10,EVE,CHE,0,0.5352480417754569,1.78,0.5347996575745155,-0.0004483842009413,0.5350238496749862,V0.10,4,0.005172173470517156,0.5404202152459741
2023_24_20231210_FUL_WHU,2023_24,2023-12-10,FUL,WHU,1,0.5169712793733681,1.85,0.5206866279930288,0.0037153486196607,0.5188289536831985,V0.10,4,0.005172173470517156,0.5221434528438852
2023_24_20231210_LUT_MCI,2023_24,2023-12-10,LUT,MCI,1,0.6842105263157895,1.38,0.6906298365880296,0.00641931027224,0.6874201814519095,V0.10,7,-0.008313340109350694,0.6758971862064388
2023_24_20231210_TOT_NEW,2023_24,2023-12-10,TOT,NEW,1,0.6194029850746269,1.53,0.6233829042510567,0.0039799191764298,0.6213929446628418,V0.10,6,-0.0031368038954205702,0.6162661811792063
2023_24_20231215_NFO_TOT,2023_24,2023-12-15,NFO,TOT,0,0.5873417721518986,1.63,0.596532300083839,0.0091905279319403,0.5919370361178689,V0.10,5,-0.0016994971757456118,0.5856422749761531
2023_24_20231216_BUR_EVE,2023_24,2023-12-16,BUR,EVE,0,0.4725848563968668,2.02,0.4780262670783491,0.0054414106814823,0.4753055617376079,V0.10,3,-0.000651732596754485,0.4719331238001123
2023_24_20231216_CHE_SHU,2023_24,2023-12-16,CHE,SHU,0,0.625615763546798,1.52,0.6400880856795124,0.0144723221327143,0.6328519246131552,V0.10,6,-0.0031368038954205702,0.6224789596513775
2023_24_20231216_MCI_CRY,2023_24,2023-12-16,MCI,CRY,1,0.6498800959232613,1.46,0.6526643163596126,0.0027842204363512,0.651272206141437,V0.10,6,-0.0031368038954205702,0.6467432920278408
2023_24_20231216_NEW_FUL,2023_24,2023-12-16,NEW,FUL,1,0.5567010309278351,1.72,0.5673964984829443,0.0106954675551091,0.5620487647053897,V0.10,5,-0.0016994971757456118,0.5550015337520895
2023_24_20231217_ARS_BRI,2023_24,2023-12-17,ARS,BRI,0,0.598984771573604,1.58,0.6000992987718055,0.0011145271982014,0.5995420351727048,V0.10,5,-0.0016994971757456118,0.5972852743978584
2023_24_20231217_BRE_AVL,2023_24,2023-12-17,BRE,AVL,1,0.5633074935400517,1.69,0.5674787427315379,0.0041712491914861,0.5653931181357947,V0.10,5,-0.0016994971757456118,0.5616079963643061
2023_24_20231217_LIV_MUN,2023_24,2023-12-17,LIV,MUN,0,0.7197452229299364,1.32,0.7249608676828487,0.0052156447529123,0.7223530453063925,V0.10,8,-0.0038726146117447195,0.7158726083181917
2023_24_20231217_WHU_WOL,2023_24,2023-12-17,WHU,WOL,1,0.5039164490861618,1.9,0.5062359249871669,0.002319475901005,0.5050761870366643,V0.10,4,0.005172173470517156,0.509088622556679
2023_24_20231221_CRY_BRI,2023_24,2023-12-21,CRY,BRI,0,0.5,1.92,0.5085299643257312,0.0085299643257311,0.5042649821628655,V0.10,4,0.005172173470517156,0.5051721734705171
2023_24_20231222_AVL_SHU,2023_24,2023-12-22,AVL,SHU,0,0.6523809523809524,1.46,0.6772846824854707,0.0249037301045182,0.6648328174332115,V0.10,7,-0.008313340109350694,0.6440676122716017
2023_24_20231223_FUL_BUR,2023_24,2023-12-23,FUL,BUR,0,0.5130208333333333,1.87,0.522291986363219,0.0092711530298857,0.5176564098482761,V0.10,4,0.005172173470517156,0.5181930068038504
2023_24_20231223_LIV_ARS,2023_24,2023-12-23,LIV,ARS,0,0.5655526992287918,1.69,0.5504044155898364,-0.0151482836389553,0.5579785574093141,V0.10,5,-0.0016994971757456118,0.5638532020530462
2023_24_20231223_LUT_NEW,2023_24,2023-12-23,LUT,NEW,0,0.5378590078328982,1.77,0.5465026487793901,0.0086436409464919,0.5421808283061442,V0.10,4,0.005172173470517156,0.5430311813034153
2023_24_20231223_NFO_BOU,2023_24,2023-12-23,NFO,BOU,1,0.5078125,1.89,0.5067737994771065,-0.0010387005228934,0.5072931497385533,V0.10,4,0.005172173470517156,0.5129846734705171
2023_24_20231223_TOT_EVE,2023_24,2023-12-23,TOT,EVE,1,0.6169154228855721,1.54,0.6262813360559921,0.00936591317042,0.6215983794707821,V0.10,6,-0.0031368038954205702,0.6137786189901515
2023_24_20231223_WHU_MUN,2023_24,2023-12-23,WHU,MUN,0,0.5692307692307692,1.68,0.5759299518695613,0.0066991826387921,0.5725803605501653,V0.10,5,-0.0016994971757456118,0.5675312720550236
2023_24_20231224_WOL_CHE,2023_24,2023-12-24,WOL,CHE,1,0.5246753246753246,1.83,0.5227948463455575,-0.0018804783297671,0.523735085510441,V0.10,4,0.005172173470517156,0.5298474981458418
2023_24_20231226_BOU_FUL,2023_24,2023-12-26,BOU,FUL,1,0.5416666666666667,1.76,0.5491418804723874,0.0074752138057206,0.545404273569527,V0.10,4,0.005172173470517156,0.5468388401371839
2023_24_20231226_BUR_LIV,2023_24,2023-12-26,BUR,LIV,0,0.65311004784689,1.45,0.6724357148586004,0.0193256670117104,0.6627728813527451,V0.10,7,-0.008313340109350694,0.6447967077375393
2023_24_20231226_MUN_AVL,2023_24,2023-12-26,MUN,AVL,1,0.5883838383838383,1.63,0.6000632935908244,0.0116794552069861,0.5942235659873314,V0.10,5,-0.0016994971757456118,0.5866843412080928
2023_24_20231226_NEW_NFO,2023_24,2023-12-26,NEW,NFO,1,0.531578947368421,1.78,0.5313499810766434,-0.0002289662917775,0.5314644642225322,V0.10,4,0.005172173470517156,0.5367511208389382
2023_24_20231226_SHU_LUT,2023_24,2023-12-26,SHU,LUT,1,0.4533678756476684,2.11,0.4573404815454613,0.0039726058977929,0.4553541785965648,V0.10,3,-0.000651732596754485,0.4527161430509139
2023_24_20231227_BRE_WOL,2023_24,2023-12-27,BRE,WOL,1,0.4856396866840731,1.97,0.4828988782486496,-0.0027408084354234,0.4842692824663613,V0.10,3,-0.000651732596754485,0.4849879540873186
2023_24_20231227_CHE_CRY,2023_24,2023-12-27,CHE,CRY,1,0.5065274151436031,1.89,0.498247015289728,-0.008280399853875,0.5023872152166655,V0.10,4,0.005172173470517156,0.5116995886141202
2023_24_20231227_EVE_MCI,2023_24,2023-12-27,EVE,MCI,1,0.548051948051948,1.74,0.5363559058527543,-0.0116960421991937,0.5422039269523511,V0.10,4,0.005172173470517156,0.5532241215224651
2023_24_20231228_ARS_WHU,2023_24,2023-12-28,ARS,WHU,0,0.6030150753768844,1.58,0.6008251284817592,-0.0021899468951251,0.6019201019293218,V0.10,6,-0.0031368038954205702,0.5998782714814638
2023_24_20231228_BRI_TOT,2023_24,2023-12-28,BRI,TOT,1,0.6555819477434679,1.45,0.6693612109404908,0.0137792631970229,0.6624715793419793,V0.10,7,-0.008313340109350694,0.6472686076341172
2023_24_20231230_AVL_BUR,2023_24,2023-12-30,AVL,BUR,1,0.6074999999999999,1.57,0.627614060710187,0.020114060710187,0.6175570303550935,V0.10,6,-0.0031368038954205702,0.6043631961045793
2023_24_20231230_CRY_BRE,2023_24,2023-12-30,CRY,BRE,1,0.440721649484536,2.17,0.4314050539923935,-0.0093165954921424,0.4360633517384648,V0.10,2,-0.007904539602656045,0.43281710988188
2023_24_20231230_LUT_CHE,2023_24,2023-12-30,LUT,CHE,1,0.5776081424936387,1.66,0.5793360782040722,0.0017279357104335,0.5784721103488555,V0.10,5,-0.0016994971757456118,0.5759086453178931
2023_24_20231230_MCI_SHU,2023_24,2023-12-30,MCI,SHU,0,0.7215189873417721,1.32,0.7228080340095594,0.0012890466677872,0.7221635106756658,V0.10,8,-0.0038726146117447195,0.7176463727300274
2023_24_20231230_NFO_MUN,2023_24,2023-12-30,NFO,MUN,1,0.5440414507772021,1.76,0.5539237902316576,0.0098823394544554,0.5489826205044299,V0.10,4,0.005172173470517156,0.5492136242477192
2023_24_20231230_WOL_EVE,2023_24,2023-12-30,WOL,EVE,1,0.4713541666666666,2.03,0.4716615665186293,0.0003073998519627,0.4715078665926479,V0.10,3,-0.000651732596754485,0.4707024340699121
2023_24_20231231_FUL_ARS,2023_24,2023-12-31,FUL,ARS,1,0.5440414507772021,1.76,0.5450827268605608,0.0010412760833586,0.5445620888188815,V0.10,4,0.005172173470517156,0.5492136242477192
2023_24_20231231_TOT_BOU,2023_24,2023-12-31,TOT,BOU,1,0.6788990825688074,1.4,0.6852367082585513,0.0063376256897439,0.6820678954136794,V0.10,7,-0.008313340109350694,0.6705857424594567
2023_24_20240101_LIV_NEW,2023_24,2024-01-01,LIV,NEW,1,0.657210401891253,1.45,0.6636845991149882,0.0064741972237352,0.6604475005031206,V0.10,7,-0.008313340109350694,0.6488970617819023
2023_24_20240102_WHU_BRI,2023_24,2024-01-02,WHU,BRI,0,0.5909090909090909,1.62,0.604005086695391,0.0130959957863,0.597457088802241,V0.10,5,-0.0016994971757456118,0.5892095937333454
2023_24_20240112_BUR_LUT,2023_24,2024-01-12,BUR,LUT,0,0.4947368421052631,1.92,0.4955730447742579,0.0008362026689948,0.4951549434397605,V0.10,3,-0.000651732596754485,0.4940851095085086
2023_24_20240113_CHE_FUL,2023_24,2024-01-13,CHE,FUL,0,0.583756345177665,1.64,0.5838104328728647,5.408769519976708e-05,0.5837833890252648,V0.10,5,-0.0016994971757456118,0.5820568480019194
2023_24_20240113_NEW_MCI,2023_24,2024-01-13,NEW,MCI,1,0.5934343434343434,1.61,0.5861354234224575,-0.0072989200118859,0.5897848834284005,V0.10,5,-0.0016994971757456118,0.5917348462585978
2023_24_20240114_EVE_AVL,2023_24,2024-01-14,EVE,AVL,0,0.5592783505154639,1.71,0.5698260902424697,0.0105477397270057,0.5645522203789668,V0.10,5,-0.0016994971757456118,0.5575788533397183
2023_24_20240114_MUN_TOT,2023_24,2024-01-14,MUN,TOT,1,0.649164677804296,1.47,0.6554226721944634,0.0062579943901673,0.6522936749993797,V0.10,6,-0.0031368038954205702,0.6460278739088754
2023_24_20240120_ARS_CRY,2023_24,2024-01-20,ARS,CRY,1,0.5454545454545455,1.75,0.5456715435442479,0.0002169980897023,0.5455630444993966,V0.10,4,0.005172173470517156,0.5506267189250627
2023_24_20240120_BRE_NFO,2023_24,2024-01-20,BRE,NFO,1,0.5208333333333334,1.84,0.5195893116723733,-0.00124402166096,0.5202113225028533,V0.10,4,0.005172173470517156,0.5260055068038505
2023_24_20240121_BOU_LIV,2023_24,2024-01-21,BOU,LIV,1,0.6457831325301205,1.47,0.6490494995406101,0.0032663670104895,0.6474163160353653,V0.10,6,-0.0031368038954205702,0.6426463286347
2023_24_20240121_SHU_WHU,2023_24,2024-01-21,SHU,WHU,1,0.4661458333333333,2.05,0.4678187272080688,0.0016728938747354,0.466982280270701,V0.10,3,-0.000651732596754485,0.4654941007365788
2023_24_20240122_BRI_WOL,2023_24,2024-01-22,BRI,WOL,0,0.5841836734693877,1.63,0.6043978772617757,0.020214203792388,0.5942907753655817,V0.10,5,-0.0016994971757456118,0.5824841762936421
2023_24_20240130_AVL_NEW,2023_24,2024-01-30,AVL,NEW,1,0.6299019607843138,1.51,0.647080235068578,0.0171782742842642,0.638491097926446,V0.10,6,-0.0031368038954205702,0.6267651568888932
2023_24_20240130_CRY_SHU,2023_24,2024-01-30,CRY,SHU,1,0.4585492227979275,2.09,0.4642744903531385,0.005725267555211,0.461411856575533,V0.10,3,-0.000651732596754485,0.457897490201173
2023_24_20240130_FUL_EVE,2023_24,2024-01-30,FUL,EVE,0,0.4699738903394256,2.03,0.4593675567096318,-0.0106063336297937,0.4646707235245287,V0.10,3,-0.000651732596754485,0.4693221577426711
2023_24_20240130_LUT_BRI,2023_24,2024-01-30,LUT,BRI,1,0.5801526717557253,1.65,0.5942359647797401,0.0140832930240147,0.5871943182677326,V0.10,5,-0.0016994971757456118,0.5784531745799797
2023_24_20240130_NFO_ARS,2023_24,2024-01-30,NFO,ARS,1,0.5812182741116751,1.65,0.5871018052754546,0.0058835311637794,0.5841600396935649,V0.10,5,-0.0016994971757456118,0.5795187769359296
2023_24_20240131_LIV_CHE,2023_24,2024-01-31,LIV,CHE,1,0.6563981042654028,1.45,0.6511148166124683,-0.0052832876529345,0.6537564604389355,V0.10,7,-0.008313340109350694,0.6480847641560521
2023_24_20240131_MCI_BUR,2023_24,2024-01-31,MCI,BUR,1,0.7118279569892474,1.34,0.7146694979728531,0.0028415409836056,0.7132487274810502,V0.10,8,-0.0038726146117447195,0.7079553423775027
2023_24_20240131_TOT_BRE,2023_24,2024-01-31,TOT,BRE,1,0.6332518337408313,1.5,0.635696010015287,0.0024441762744557,0.6344739218780591,V0.10,6,-0.0031368038954205702,0.6301150298454107
2023_24_20240201_WHU_BOU,2023_24,2024-02-01,WHU,BOU,0,0.5790816326530612,1.65,0.5845251876240428,0.0054435549709815,0.5818034101385521,V0.10,5,-0.0016994971757456118,0.5773821354773157
2023_24_20240201_WOL_MUN,2023_24,2024-02-01,WOL,MUN,1,0.5428571428571429,1.76,0.55492240741721,0.012065264560067,0.5488897751371764,V0.10,4,0.005172173470517156,0.54802931632766
2023_24_20240203_BRI_CRY,2023_24,2024-02-03,BRI,CRY,1,0.5529715762273902,1.73,0.5676628880176768,0.0146913117902865,0.5603172321225336,V0.10,5,-0.0016994971757456118,0.5512720790516447
2023_24_20240203_BUR_FUL,2023_24,2024-02-03,BUR,FUL,1,0.4960835509138382,1.93,0.4998087509055703,0.003725199991732,0.4979461509097043,V0.10,3,-0.000651732596754485,0.4954318183170837
2023_24_20240203_EVE_TOT,2023_24,2024-02-03,EVE,TOT,1,0.5826972010178116,1.64,0.5864147973772624,0.0037175963594507,0.5845559991975371,V0.10,5,-0.0016994971757456118,0.5809977038420661
2023_24_20240203_NEW_LUT,2023_24,2024-02-03,NEW,LUT,1,0.6059850374064838,1.58,0.6142480111694468,0.008262973762963,0.6101165242879654,V0.10,6,-0.0031368038954205702,0.6028482335110632
2023_24_20240203_SHU_AVL,2023_24,2024-02-03,SHU,AVL,1,0.5862944162436549,1.63,0.6155346891287371,0.0292402728850822,0.600914552686196,V0.10,5,-0.0016994971757456118,0.5845949190679093
2023_24_20240204_ARS_LIV,2023_24,2024-02-04,ARS,LIV,1,0.5717948717948719,1.67,0.5605231201695757,-0.0112717516252961,0.5661589959822237,V0.10,5,-0.0016994971757456118,0.5700953746191263
2023_24_20240204_BOU_NFO,2023_24,2024-02-04,BOU,NFO,0,0.578005115089514,1.65,0.5848685259196151,0.0068634108301011,0.5814368205045646,V0.10,5,-0.0016994971757456118,0.5763056179137684
2023_24_20240204_CHE_WOL,2023_24,2024-02-04,CHE,WOL,1,0.5644329896907216,1.69,0.5748062595016298,0.0103732698109081,0.5696196245961758,V0.10,5,-0.0016994971757456118,0.5627334925149761
2023_24_20240204_MUN_WHU,2023_24,2024-02-04,MUN,WHU,1,0.589873417721519,1.62,0.5994733889593917,0.0095999712378727,0.5946734033404554,V0.10,5,-0.0016994971757456118,0.5881739205457734
2023_24_20240205_BRE_MCI,2023_24,2024-02-05,BRE,MCI,1,0.606516290726817,1.57,0.6021003649345428,-0.0044159257922742,0.6043083278306799,V0.10,6,-0.0031368038954205702,0.6033794868313964
2023_24_20240210_FUL_BOU,2023_24,2024-02-10,FUL,BOU,1,0.5492227979274612,1.74,0.5534274489779782,0.004204651050517,0.5513251234527197,V0.10,4,0.005172173470517156,0.5543949713979783
2023_24_20240210_LIV_BUR,2023_24,2024-02-10,LIV,BUR,1,0.7170212765957447,1.33,0.7294791340093645,0.0124578574136198,0.7232502053025546,V0.10,8,-0.0038726146117447195,0.713148661984
2023_24_20240210_LUT_SHU,2023_24,2024-02-10,LUT,SHU,1,0.5246753246753246,1.83,0.5285576586284787,0.003882333953154,0.5266164916519016,V0.10,4,0.005172173470517156,0.5298474981458418
2023_24_20240210_MCI_EVE,2023_24,2024-02-10,MCI,EVE,0,0.6587677725118484,1.44,0.6637226588701713,0.0049548863583229,0.6612452156910098,V0.10,7,-0.008313340109350694,0.6504544324024977
2023_24_20240210_NFO_NEW,2023_24,2024-02-10,NFO,NEW,1,0.5581395348837209,1.71,0.5724491746609697,0.0143096397772487,0.5652943547723452,V0.10,5,-0.0016994971757456118,0.5564400377079753
2023_24_20240210_TOT_BRI,2023_24,2024-02-10,TOT,BRI,1,0.6863636363636364,1.38,0.6958394398051124,0.009475803441476,0.6911015380843744,V0.10,7,-0.008313340109350694,0.6780502962542857
2023_24_20240210_WOL_BRE,2023_24,2024-02-10,WOL,BRE,0,0.5428571428571429,1.76,0.5539503639056166,0.0110932210484736,0.5484037533813797,V0.10,4,0.005172173470517156,0.54802931632766
2023_24_20240211_AVL_MUN,2023_24,2024-02-11,AVL,MUN,1,0.6134663341645885,1.55,0.6306387891997646,0.017172455035176,0.6220525616821766,V0.10,6,-0.0031368038954205702,0.6103295302691679
2023_24_20240211_WHU_ARS,2023_24,2024-02-11,WHU,ARS,1,0.570694087403599,1.67,0.5716367102833277,0.0009426228797287,0.5711653988434633,V0.10,5,-0.0016994971757456118,0.5689945902278534
2023_24_20240212_CRY_CHE,2023_24,2024-02-12,CRY,CHE,1,0.5221932114882506,1.83,0.5244600397848428,0.0022668282965921,0.5233266256365467,V0.10,4,0.005172173470517156,0.5273653849587677
2023_24_20240217_BRE_LIV,2023_24,2024-02-17,BRE,LIV,1,0.635036496350365,1.5,0.643346504227328,0.008310007876963,0.6391915002888464,V0.10,6,-0.0031368038954205702,0.6318996924549444
2023_24_20240217_BUR_ARS,2023_24,2024-02-17,BUR,ARS,1,0.5969773299748111,1.6,0.614464391667045,0.0174870616922339,0.6057208608209281,V0.10,5,-0.0016994971757456118,0.5952778327990655
2023_24_20240217_FUL_AVL,2023_24,2024-02-17,FUL,AVL,1,0.589873417721519,1.62,0.6080807569436014,0.0182073392220823,0.5989770873325602,V0.10,5,-0.0016994971757456118,0.5881739205457734
2023_24_20240217_MCI_CHE,2023_24,2024-02-17,MCI,CHE,0,0.6515513126491647,1.46,0.6472053781789178,-0.0043459344702468,0.6493783454140412,V0.10,7,-0.008313340109350694,0.643237972539814
2023_24_20240217_NEW_BOU,2023_24,2024-02-17,NEW,BOU,1,0.6457831325301205,1.47,0.6629081871751681,0.0171250546450475,0.6543456598526443,V0.10,6,-0.0031368038954205702,0.6426463286347
2023_24_20240217_NFO_WHU,2023_24,2024-02-17,NFO,WHU,0,0.5182291666666667,1.85,0.5193687909010795,0.0011396242344127,0.5187989787838732,V0.10,4,0.005172173470517156,0.5234013401371839
2023_24_20240217_TOT_WOL,2023_24,2024-02-17,TOT,WOL,1,0.6635294117647058,1.43,0.6764726449088131,0.0129432331441072,0.6700010283367595,V0.10,7,-0.008313340109350694,0.6552160716553551
2023_24_20240218_LUT_MUN,2023_24,2024-02-18,LUT,MUN,1,0.6040100250626567,1.58,0.6085952016742111,0.0045851766115544,0.6063026133684339,V0.10,6,-0.0031368038954205702,0.6008732211672361
2023_24_20240218_SHU_BRI,2023_24,2024-02-18,SHU,BRI,1,0.606516290726817,1.57,0.637289976415115,0.0307736856882979,0.6219031335709659,V0.10,6,-0.0031368038954205702,0.6033794868313964
2023_24_20240219_EVE_CRY,2023_24,2024-02-19,EVE,CRY,0,0.4404145077720207,2.16,0.4324903384848735,-0.0079241692871471,0.4364524231284471,V0.10,2,-0.007904539602656045,0.43250996816936466
2023_24_20240220_MCI_BRE,2023_24,2024-02-20,MCI,BRE,0,0.7086956521739131,1.34,0.7081393376233313,-0.0005563145505818,0.7084174948986222,V0.10,8,-0.0038726146117447195,0.7048230375621684
2023_24_20240221_LIV_LUT,2023_24,2024-02-21,LIV,LUT,1,0.7297297297297297,1.3,0.7254718752461337,-0.004257854483596,0.7276008024879317,V0.10,8,-0.0038726146117447195,0.725857115117985
2023_24_20240224_ARS_NEW,2023_24,2024-02-24,ARS,NEW,1,0.6433734939759036,1.48,0.6524941923329161,0.0091206983570124,0.6479338431544098,V0.10,6,-0.0031368038954205702,0.640236690080483
2023_24_20240224_AVL_NFO,2023_24,2024-02-24,AVL,NFO,1,0.606516290726817,1.57,0.6213049051674002,0.0147886144405832,0.6139105979471087,V0.10,6,-0.0031368038954205702,0.6033794868313964
2023_24_20240224_BOU_MCI,2023_24,2024-02-24,BOU,MCI,0,0.639225181598063,1.49,0.6370169787787827,-0.0022082028192802,0.6381210801884228,V0.10,6,-0.0031368038954205702,0.6360883777026424
2023_24_20240224_BRI_EVE,2023_24,2024-02-24,BRI,EVE,0,0.5728900255754477,1.67,0.5910127866460431,0.0181227610705954,0.5819514061107454,V0.10,5,-0.0016994971757456118,0.5711905283997021
2023_24_20240224_CRY_BUR,2023_24,2024-02-24,CRY,BUR,1,0.4507772020725388,2.12,0.4494890684771073,-0.0012881335954314,0.450133135274823,V0.10,3,-0.000651732596754485,0.4501254694757843
2023_24_20240224_MUN_FUL,2023_24,2024-02-24,MUN,FUL,1,0.6074999999999999,1.57,0.6251056651728712,0.0176056651728713,0.6163028325864356,V0.10,6,-0.0031368038954205702,0.6043631961045793
2023_24_20240225_WOL_SHU,2023_24,2024-02-25,WOL,SHU,0,0.5765306122448979,1.66,0.6007358103027094,0.0242051980578115,0.5886332112738036,V0.10,5,-0.0016994971757456118,0.5748311150691523
2023_24_20240226_WHU_BRE,2023_24,2024-02-26,WHU,BRE,1,0.5520833333333334,1.72,0.5545392230125016,0.0024558896791682,0.5533112781729175,V0.10,5,-0.0016994971757456118,0.5503838361575878
2023_24_20240302_BRE_CHE,2023_24,2024-03-02,BRE,CHE,1,0.6169154228855721,1.54,0.6256859707999114,0.0087705479143392,0.6213006968427417,V0.10,6,-0.0031368038954205702,0.6137786189901515
2023_24_20240302_EVE_WHU,2023_24,2024-03-02,EVE,WHU,1,0.5104712041884817,1.87,0.5166377534868498,0.0061665492983681,0.5135544788376658,V0.10,4,0.005172173470517156,0.5156433776589988
2023_24_20240302_FUL_BRI,2023_24,2024-03-02,FUL,BRI,1,0.5848101265822784,1.64,0.6130498538537559,0.0282397272714775,0.5989299902180172,V0.10,5,-0.0016994971757456118,0.5831106294065328
2023_24_20240302_LUT_AVL,2023_24,2024-03-02,LUT,AVL,1,0.6515513126491647,1.46,0.6638081901795918,0.0122568775304271,0.6576797514143782,V0.10,7,-0.008313340109350694,0.643237972539814
2023_24_20240302_NEW_WOL,2023_24,2024-03-02,NEW,WOL,1,0.6005025125628142,1.59,0.6195789022571184,0.0190763896943042,0.6100407074099663,V0.10,6,-0.0031368038954205702,0.5973657086673936
2023_24_20240302_NFO_LIV,2023_24,2024-03-02,NFO,LIV,0,0.6416464891041161,1.48,0.6477353456323802,0.006088856528264,0.6446909173682482,V0.10,6,-0.0031368038954205702,0.6385096852086956
2023_24_20240302_TOT_CRY,2023_24,2024-03-02,TOT,CRY,1,0.62,1.52,0.623179199884637,0.0031791998846369,0.6215895999423184,V0.10,6,-0.0031368038954205702,0.6168631961045794
2023_24_20240303_BUR_BOU,2023_24,2024-03-03,BUR,BOU,0,0.5604113110539846,1.71,0.5755983974250917,0.0151870863711071,0.5680048542395382,V0.10,5,-0.0016994971757456118,0.558711813878239
2023_24_20240303_MCI_MUN,2023_24,2024-03-03,MCI,MUN,1,0.6877828054298643,1.38,0.6864043715230717,-0.0013784339067925,0.687093588476468,V0.10,7,-0.008313340109350694,0.6794694653205136
2023_24_20240304_SHU_ARS,2023_24,2024-03-04,SHU,ARS,1,0.667447306791569,1.42,0.6906556929329464,0.0232083861413773,0.6790514998622577,V0.10,7,-0.008313340109350694,0.6591339666822184
2023_24_20240309_ARS_BRE,2023_24,2024-03-09,ARS,BRE,1,0.6587677725118484,1.44,0.6590259665843989,0.0002581940725505,0.6588968695481237,V0.10,7,-0.008313340109350694,0.6504544324024977
2023_24_20240309_BOU_SHU,2023_24,2024-03-09,BOU,SHU,1,0.6222222222222222,1.53,0.6454848210825562,0.0232625988603339,0.6338535216523893,V0.10,6,-0.0031368038954205702,0.6190854183268016
2023_24_20240309_CRY_LUT,2023_24,2024-03-09,CRY,LUT,0,0.5338541666666666,1.79,0.5304681953117699,-0.0033859713548967,0.5321611809892183,V0.10,4,0.005172173470517156,0.5390263401371838
2023_24_20240309_MUN_EVE,2023_24,2024-03-09,MUN,EVE,0,0.5703324808184143,1.68,0.5790254321843296,0.0086929513659153,0.5746789565013719,V0.10,5,-0.0016994971757456118,0.5686329836426687
2023_24_20240309_WOL_FUL,2023_24,2024-03-09,WOL,FUL,1,0.5052083333333333,1.9,0.5128890598143131,0.0076807264809798,0.5090486965738232,V0.10,4,0.005172173470517156,0.5103805068038504
2023_24_20240310_AVL_TOT,2023_24,2024-03-10,AVL,TOT,1,0.701098901098901,1.36,0.7109678067468004,0.0098689056478993,0.7060333539228507,V0.10,8,-0.0038726146117447195,0.6972262864871563
2023_24_20240310_BRI_NFO,2023_24,2024-03-10,BRI,NFO,0,0.5888324873096447,1.62,0.60459591612425,0.0157634288146053,0.5967142017169473,V0.10,5,-0.0016994971757456118,0.5871329901338991
2023_24_20240310_LIV_MCI,2023_24,2024-03-10,LIV,MCI,0,0.6332518337408313,1.5,0.6147691831502703,-0.0184826505905609,0.6240105084455507,V0.10,6,-0.0031368038954205702,0.6301150298454107
2023_24_20240310_WHU_BUR,2023_24,2024-03-10,WHU,BUR,1,0.5555555555555556,1.72,0.5684842745780567,0.0129287190225011,0.5620199150668062,V0.10,5,-0.0016994971757456118,0.55385605837981
2023_24_20240311_CHE_NEW,2023_24,2024-03-11,CHE,NEW,1,0.6498800959232613,1.46,0.6594599902002732,0.0095798942770118,0.6546700430617673,V0.10,6,-0.0031368038954205702,0.6467432920278408
2023_24_20240313_BOU_LUT,2023_24,2024-03-13,BOU,LUT,1,0.6483253588516746,1.47,0.6571233184108084,0.0087979595591337,0.6527243386312416,V0.10,6,-0.0031368038954205702,0.645188554956254
2023_24_20240316_BUR_BRE,2023_24,2024-03-16,BUR,BRE,1,0.5454545454545455,1.75,0.5544028184804263,0.0089482730258807,0.5499286819674859,V0.10,4,0.005172173470517156,0.5506267189250627
2023_24_20240316_FUL_TOT,2023_24,2024-03-16,FUL,TOT,1,0.637469586374696,1.49,0.6510963027313978,0.0136267163567018,0.6442829445530469,V0.10,6,-0.0031368038954205702,0.6343327824792754
2023_24_20240316_LUT_NFO,2023_24,2024-03-16,LUT,NFO,0,0.5692307692307692,1.68,0.5665903460931975,-0.0026404231375717,0.5679105576619834,V0.10,5,-0.0016994971757456118,0.5675312720550236
2023_24_20240317_WHU_AVL,2023_24,2024-03-17,WHU,AVL,0,0.61,1.56,0.6233476469851421,0.0133476469851421,0.616673823492571,V0.10,6,-0.0031368038954205702,0.6068631961045794
2023_24_20240330_AVL_WOL,2023_24,2024-03-30,AVL,WOL,0,0.61,1.56,0.6265338815677447,0.0165338815677447,0.6182669407838723,V0.10,6,-0.0031368038954205702,0.6068631961045794
2023_24_20240330_BOU_EVE,2023_24,2024-03-30,BOU,EVE,1,0.5518134715025906,1.73,0.5654625112914541,0.0136490397888634,0.5586379913970223,V0.10,5,-0.0016994971757456118,0.5501139743268451
2023_24_20240330_BRE_MUN,2023_24,2024-03-30,BRE,MUN,0,0.6169154228855721,1.54,0.6238479067085068,0.0069324838229346,0.6203816647970395,V0.10,6,-0.0031368038954205702,0.6137786189901515
2023_24_20240330_CHE_BUR,2023_24,2024-03-30,CHE,BUR,1,0.6433734939759036,1.48,0.6593899301401913,0.0160164361642877,0.6513817120580474,V0.10,6,-0.0031368038954205702,0.640236690080483
2023_24_20240330_NEW_WHU,2023_24,2024-03-30,NEW,WHU,1,0.6317073170731708,1.51,0.6413835137161186,0.0096761966429477,0.6365454153946447,V0.10,6,-0.0031368038954205702,0.6285705131777503
2023_24_20240330_NFO_CRY,2023_24,2024-03-30,NFO,CRY,0,0.4571428571428572,2.09,0.448657538493571,-0.0084853186492862,0.4529001978182141,V0.10,3,-0.000651732596754485,0.4564911245461027
2023_24_20240330_SHU_FUL,2023_24,2024-03-30,SHU,FUL,1,0.5692307692307692,1.68,0.5951789154363147,0.0259481462055455,0.582204842333542,V0.10,5,-0.0016994971757456118,0.5675312720550236
2023_24_20240330_TOT_LUT,2023_24,2024-03-30,TOT,LUT,1,0.7591522157996148,1.25,0.752497991655173,-0.0066542241444418,0.7558251037273939,V0.10,9,0.002135647949728261,0.7612878637493431
2023_24_20240331_LIV_BRI,2023_24,2024-03-31,LIV,BRI,1,0.6991150442477876,1.36,0.7038590548942751,0.0047440106464875,0.7014870495710314,V0.10,7,-0.008313340109350694,0.6908017041384369
2023_24_20240331_MCI_ARS,2023_24,2024-03-31,MCI,ARS,0,0.5492227979274612,1.74,0.5244868092558955,-0.0247359886715656,0.5368548035916784,V0.10,4,0.005172173470517156,0.5543949713979783
2023_24_20240402_BOU_CRY,2023_24,2024-04-02,BOU,CRY,0,0.5567010309278351,1.72,0.566112592859163,0.0094115619313279,0.5614068118934991,V0.10,5,-0.0016994971757456118,0.5550015337520895
2023_24_20240402_BUR_WOL,2023_24,2024-04-02,BUR,WOL,0,0.5286458333333333,1.81,0.5456960012949023,0.0170501679615689,0.5371709173141177,V0.10,4,0.005172173470517156,0.5338180068038504
2023_24_20240402_NEW_EVE,2023_24,2024-04-02,NEW,EVE,0,0.5728900255754477,1.67,0.5804728503456084,0.0075828247701607,0.5766814379605281,V0.10,5,-0.0016994971757456118,0.5711905283997021
2023_24_20240402_NFO_FUL,2023_24,2024-04-02,NFO,FUL,1,0.5286458333333333,1.81,0.5391619444949982,0.0105161111616649,0.5339038889141657,V0.10,4,0.005172173470517156,0.5338180068038504
2023_24_20240402_WHU_TOT,2023_24,2024-04-02,WHU,TOT,0,0.7071583514099783,1.35,0.7174391472637891,0.0102807958538108,0.7122987493368838,V0.10,8,-0.0038726146117447195,0.7032857367982336
2023_24_20240403_ARS_LUT,2023_24,2024-04-03,ARS,LUT,0,0.75390625,1.26,0.7433696050937387,-0.0105366449062612,0.7486379275468693,V0.10,9,0.002135647949728261,0.7560418979497283
2023_24_20240403_BRE_BRI,2023_24,2024-04-03,BRE,BRI,0,0.61,1.56,0.6299862124099953,0.0199862124099953,0.6199931062049977,V0.10,6,-0.0031368038954205702,0.6068631961045794
2023_24_20240403_MCI_AVL,2023_24,2024-04-03,MCI,AVL,1,0.676605504587156,1.41,0.6787660744195749,0.0021605698324189,0.6776857895033654,V0.10,7,-0.008313340109350694,0.6682921644778053
2023_24_20240404_CHE_MUN,2023_24,2024-04-04,CHE,MUN,1,0.674364896073903,1.41,0.6831027893275318,0.0087378932536287,0.6787338427007175,V0.10,7,-0.008313340109350694,0.6660515559645523
2023_24_20240404_LIV_SHU,2023_24,2024-04-04,LIV,SHU,1,0.7909407665505226,1.2,0.7858850781918724,-0.0050556883586502,0.7884129223711975,V0.10,9,0.002135647949728261,0.7930764145002509
2023_24_20240406_AVL_BRE,2023_24,2024-04-06,AVL,BRE,1,0.6274509803921569,1.52,0.6373163522085696,0.0098653718164127,0.6323836663003632,V0.10,6,-0.0031368038954205702,0.6243141764967363
2023_24_20240406_BRI_ARS,2023_24,2024-04-06,BRI,ARS,1,0.5873417721518986,1.63,0.5915867500111012,0.0042449778592025,0.5894642610815,V0.10,5,-0.0016994971757456118,0.5856422749761531
2023_24_20240406_CRY_MCI,2023_24,2024-04-06,CRY,MCI,1,0.5754475703324808,1.66,0.5775761788827438,0.0021286085502629,0.5765118746076123,V0.10,5,-0.0016994971757456118,0.5737480731567353
2023_24_20240406_EVE_BUR,2023_24,2024-04-06,EVE,BUR,0,0.5364583333333334,1.78,0.552288310293492,0.0158299769601586,0.5443733218134127,V0.10,4,0.005172173470517156,0.5416305068038505
2023_24_20240406_FUL_NEW,2023_24,2024-04-06,FUL,NEW,0,0.6416464891041161,1.48,0.656813551156427,0.0151670620523108,0.6492300201302716,V0.10,6,-0.0031368038954205702,0.6385096852086956
2023_24_20240406_LUT_BOU,2023_24,2024-04-06,LUT,BOU,1,0.637469586374696,1.49,0.6485077729013234,0.0110381865266274,0.6429886796380098,V0.10,6,-0.0031368038954205702,0.6343327824792754
2023_24_20240406_WOL_WHU,2023_24,2024-04-06,WOL,WHU,1,0.5402597402597403,1.77,0.5456145455910849,0.0053548053313445,0.5429371429254126,V0.10,4,0.005172173470517156,0.5454319137302575
2023_24_20240407_MUN_LIV,2023_24,2024-04-07,MUN,LIV,1,0.7080610021786492,1.34,0.7065424519522213,-0.0015185502264278,0.7073017270654353,V0.10,8,-0.0038726146117447195,0.7041883875669045
2023_24_20240407_SHU_CHE,2023_24,2024-04-07,SHU,CHE,1,0.6781609195402298,1.4,0.6976068696447372,0.0194459501045073,0.6878838945924834,V0.10,7,-0.008313340109350694,0.6698475794308791
2023_24_20240407_TOT_NFO,2023_24,2024-04-07,TOT,NFO,1,0.6697674418604651,1.42,0.6787143446014824,0.0089469027410172,0.6742408932309738,V0.10,7,-0.008313340109350694,0.6614541017511144
2023_24_20240413_BOU_MUN,2023_24,2024-04-13,BOU,MUN,1,0.6651053864168619,1.43,0.6815998980817621,0.0164945116649002,0.673352642249312,V0.10,7,-0.008313340109350694,0.6567920463075112
2023_24_20240413_BRE_SHU,2023_24,2024-04-13,BRE,SHU,0,0.6265356265356266,1.52,0.6469727317513579,0.0204371052157313,0.6367541791434923,V0.10,6,-0.0031368038954205702,0.623398822640206
2023_24_20240413_BUR_BRI,2023_24,2024-04-13,BUR,BRI,0,0.578005115089514,1.65,0.6021936554144258,0.0241885403249118,0.5900993852519699,V0.10,5,-0.0016994971757456118,0.5763056179137684
2023_24_20240413_MCI_LUT,2023_24,2024-04-13,MCI,LUT,1,0.7495029821073559,1.26,0.7426377197038442,-0.0068652624035117,0.7460703509056,V0.10,8,-0.0038726146117447195,0.7456303674956112
2023_24_20240413_NEW_TOT,2023_24,2024-04-13,NEW,TOT,1,0.7004405286343612,1.36,0.7060566740033579,0.0056161453689966,0.7032486013188596,V0.10,8,-0.0038726146117447195,0.6965679140226165
2023_24_20240413_NFO_WOL,2023_24,2024-04-13,NFO,WOL,1,0.5221932114882506,1.83,0.5309599900350498,0.0087667785467991,0.5265766007616501,V0.10,4,0.005172173470517156,0.5273653849587677
2023_24_20240414_ARS_AVL,2023_24,2024-04-14,ARS,AVL,0,0.6425120772946861,1.48,0.6381326824663165,-0.0043793948283695,0.6403223798805013,V0.10,6,-0.0031368038954205702,0.6393752733992655
2023_24_20240414_LIV_CRY,2023_24,2024-04-14,LIV,CRY,0,0.683371298405467,1.39,0.6862148010681586,0.0028435026626916,0.6847930497368128,V0.10,7,-0.008313340109350694,0.6750579582961163
2023_24_20240414_WHU_FUL,2023_24,2024-04-14,WHU,FUL,0,0.5765306122448979,1.66,0.5878619523478752,0.0113313401029773,0.5821962822963865,V0.10,5,-0.0016994971757456118,0.5748311150691523
2023_24_20240415_CHE_EVE,2023_24,2024-04-15,CHE,EVE,1,0.6169154228855721,1.54,0.6308732584727352,0.0139578355871631,0.6238943406791537,V0.10,6,-0.0031368038954205702,0.6137786189901515
2023_24_20240420_LUT_BRE,2023_24,2024-04-20,LUT,BRE,1,0.6090225563909775,1.56,0.6136250353020494,0.0046024789110719,0.6113237958465134,V0.10,6,-0.0031368038954205702,0.6058857524955569
2023_24_20240420_SHU_BUR,2023_24,2024-04-20,SHU,BUR,1,0.5754475703324808,1.66,0.6034203741942898,0.027972803861809,0.5894339722633853,V0.10,5,-0.0016994971757456118,0.5737480731567353
2023_24_20240420_WOL_ARS,2023_24,2024-04-20,WOL,ARS,0,0.5888324873096447,1.62,0.5962202416689786,0.0073877543593339,0.5925263644893116,V0.10,5,-0.0016994971757456118,0.5871329901338991
2023_24_20240421_AVL_BOU,2023_24,2024-04-21,AVL,BOU,1,0.6579572446555819,1.44,0.6738818555376381,0.0159246108820562,0.66591955009661,V0.10,7,-0.008313340109350694,0.6496439045462312
2023_24_20240421_CRY_WHU,2023_24,2024-04-21,CRY,WHU,1,0.5326370757180157,1.79,0.5354206378034476,0.0027835620854319,0.5340288567607316,V0.10,4,0.005172173470517156,0.5378092491885328
2023_24_20240421_EVE_NFO,2023_24,2024-04-21,EVE,NFO,0,0.5104712041884817,1.87,0.5159711728793166,0.0054999686908349,0.5132211885338991,V0.10,4,0.005172173470517156,0.5156433776589988
2023_24_20240421_FUL_LIV,2023_24,2024-04-21,FUL,LIV,1,0.6736111111111112,1.41,0.6825494117783817,0.0089383006672705,0.6780802614447464,V0.10,7,-0.008313340109350694,0.6652977710017605
2023_24_20240423_ARS_CHE,2023_24,2024-04-23,ARS,CHE,1,0.6231527093596059,1.53,0.611099979940898,-0.0120527294187078,0.617126344650252,V0.10,6,-0.0031368038954205702,0.6200159054641853
2023_24_20240424_CRY_NEW,2023_24,2024-04-24,CRY,NEW,0,0.5934343434343434,1.61,0.60684250019488,0.0134081567605365,0.6001384218146117,V0.10,5,-0.0016994971757456118,0.5917348462585978
2023_24_20240424_EVE_LIV,2023_24,2024-04-24,EVE,LIV,0,0.628992628992629,1.51,0.6412240682416548,0.0122314392490258,0.6351083486171418,V0.10,6,-0.0031368038954205702,0.6258558250972084
2023_24_20240424_MUN_SHU,2023_24,2024-04-24,MUN,SHU,1,0.7004405286343612,1.36,0.7193972836714261,0.0189567550370648,0.7099189061528937,V0.10,8,-0.0038726146117447195,0.6965679140226165
2023_24_20240424_WOL_BOU,2023_24,2024-04-24,WOL,BOU,0,0.5743589743589743,1.66,0.5923544784986077,0.0179955041396333,0.583356726428791,V0.10,5,-0.0016994971757456118,0.5726594771832287
2023_24_20240425_BRI_MCI,2023_24,2024-04-25,BRI,MCI,1,0.6383495145631067,1.49,0.6456550289906047,0.0073055144274979,0.6420022717768556,V0.10,6,-0.0031368038954205702,0.6352127106676861
2023_24_20240427_AVL_CHE,2023_24,2024-04-27,AVL,CHE,1,0.6579572446555819,1.44,0.6663857470422929,0.008428502386711,0.6621714958489374,V0.10,7,-0.008313340109350694,0.6496439045462312
2023_24_20240427_EVE_BRE,2023_24,2024-04-27,EVE,BRE,0,0.5234374999999999,1.83,0.528717354979863,0.0052798549798631,0.5260774274899315,V0.10,4,0.005172173470517156,0.528609673470517
2023_24_20240427_FUL_CRY,2023_24,2024-04-27,FUL,CRY,0,0.5618556701030928,1.7,0.5783747978315475,0.0165191277284547,0.5701152339673201,V0.10,5,-0.0016994971757456118,0.5601561729273472
2023_24_20240427_MUN_BUR,2023_24,2024-04-27,MUN,BUR,0,0.6984478935698448,1.36,0.7183496667461297,0.0199017731762848,0.7083987801579872,V0.10,7,-0.008313340109350694,0.6901345534604941
2023_24_20240427_NEW_SHU,2023_24,2024-04-27,NEW,SHU,1,0.7133620689655172,1.33,0.7313808121994523,0.018018743233935,0.7223714405824848,V0.10,8,-0.0038726146117447195,0.7094894543537725
2023_24_20240427_WHU_LIV,2023_24,2024-04-27,WHU,LIV,1,0.6935123042505593,1.37,0.6987050804666699,0.0051927762161105,0.6961086923586146,V0.10,7,-0.008313340109350694,0.6851989641412086
2023_24_20240427_WOL_LUT,2023_24,2024-04-27,WOL,LUT,1,0.5862944162436549,1.63,0.596432499528905,0.0101380832852501,0.5913634578862799,V0.10,5,-0.0016994971757456118,0.5845949190679093
2023_24_20240428_BOU_BRI,2023_24,2024-04-28,BOU,BRI,1,0.6457831325301205,1.47,0.667412098628793,0.0216289660986724,0.6565976155794568,V0.10,6,-0.0031368038954205702,0.6426463286347
2023_24_20240428_NFO_MCI,2023_24,2024-04-28,NFO,MCI,0,0.6203473945409429,1.53,0.6280392766945563,0.0076918821536133,0.6241933356177496,V0.10,6,-0.0031368038954205702,0.6172105906455223
2023_24_20240428_TOT_ARS,2023_24,2024-04-28,TOT,ARS,1,0.6399026763990268,1.48,0.6374975770257727,-0.002405099373254,0.6387001267123997,V0.10,6,-0.0031368038954205702,0.6367658725036062
2023_24_20240502_CHE_TOT,2023_24,2024-05-02,CHE,TOT,0,0.7242105263157894,1.31,0.7256416795031264,0.0014311531873369,0.7249261029094579,V0.10,8,-0.0038726146117447195,0.7203379117040447
2023_24_20240503_LUT_EVE,2023_24,2024-05-03,LUT,EVE,0,0.5492227979274612,1.74,0.5528582001321601,0.0036354022046989,0.5510404990298107,V0.10,4,0.005172173470517156,0.5543949713979783
2023_24_20240504_ARS_BOU,2023_24,2024-05-04,ARS,BOU,1,0.7067833698030634,1.34,0.7117599418710039,0.0049765720679404,0.7092716558370337,V0.10,8,-0.0038726146117447195,0.7029107551913187
2023_24_20240504_BRE_FUL,2023_24,2024-05-04,BRE,FUL,0,0.5994962216624685,1.59,0.614739114433333,0.0152428927708644,0.6071176680479007,V0.10,5,-0.0016994971757456118,0.5977967244867229
2023_24_20240504_BUR_NEW,2023_24,2024-05-04,BUR,NEW,1,0.6407766990291263,1.48,0.6635901628110906,0.0228134637819643,0.6521834309201084,V0.10,6,-0.0031368038954205702,0.6376398951337057
2023_24_20240504_MCI_WOL,2023_24,2024-05-04,MCI,WOL,1,0.7302904564315352,1.3,0.7407160097972605,0.0104255533657252,0.7355032331143978,V0.10,8,-0.0038726146117447195,0.7264178418197905
2023_24_20240504_SHU_NFO,2023_24,2024-05-04,SHU,NFO,1,0.6074999999999999,1.57,0.6339059501709395,0.0264059501709396,0.6207029750854698,V0.10,6,-0.0031368038954205702,0.6043631961045793
2023_24_20240505_BRI_AVL,2023_24,2024-05-05,BRI,AVL,0,0.6399026763990268,1.48,0.6602096617766917,0.0203069853776649,0.6500561690878592,V0.10,6,-0.0031368038954205702,0.6367658725036062
2023_24_20240505_CHE_WHU,2023_24,2024-05-05,CHE,WHU,1,0.676674364896074,1.4,0.6805180965089934,0.0038437316129193,0.6785962307025337,V0.10,7,-0.008313340109350694,0.6683610247867233
2023_24_20240505_LIV_TOT,2023_24,2024-05-05,LIV,TOT,1,0.7519685039370079,1.26,0.747294267525923,-0.0046742364110848,0.7496313857314654,V0.10,9,0.002135647949728261,0.7541041518867362
2023_24_20240506_CRY_MUN,2023_24,2024-05-06,CRY,MUN,1,0.6184538653366584,1.53,0.6378880540205852,0.0194341886839268,0.6281709596786218,V0.10,6,-0.0031368038954205702,0.6153170614412378
2023_24_20240511_BOU_BRE,2023_24,2024-05-11,BOU,BRE,1,0.6498800959232613,1.46,0.6676655988395425,0.0177855029162811,0.6587728473814018,V0.10,6,-0.0031368038954205702,0.6467432920278408
2023_24_20240511_EVE_SHU,2023_24,2024-05-11,EVE,SHU,0,0.6169154228855721,1.54,0.6404073991024146,0.0234919762168425,0.6286614109939934,V0.10,6,-0.0031368038954205702,0.6137786189901515
2023_24_20240511_FUL_MCI,2023_24,2024-05-11,FUL,MCI,1,0.7035398230088495,1.34,0.7115865545992567,0.0080467315904071,0.7075631888040531,V0.10,8,-0.0038726146117447195,0.6996672083971048
2023_24_20240511_NEW_BRI,2023_24,2024-05-11,NEW,BRI,0,0.7139784946236559,1.33,0.7350920903897696,0.0211135957661137,0.7245352925067128,V0.10,8,-0.0038726146117447195,0.7101058800119112
2023_24_20240511_NFO_CHE,2023_24,2024-05-11,NFO,CHE,1,0.6407766990291263,1.48,0.6542801603254754,0.0135034612963491,0.6475284296773008,V0.10,6,-0.0031368038954205702,0.6376398951337057
2023_24_20240511_TOT_BUR,2023_24,2024-05-11,TOT,BUR,1,0.7655954631379962,1.24,0.7743519151833561,0.0087564520453599,0.7699736891606761,V0.10,9,0.002135647949728261,0.7677311110877245
2023_24_20240511_WHU_LUT,2023_24,2024-05-11,WHU,LUT,1,0.6666666666666666,1.42,0.6741466073923854,0.0074799407257187,0.6704066370295261,V0.10,7,-0.008313340109350694,0.6583533265573159
2023_24_20240511_WOL_CRY,2023_24,2024-05-11,WOL,CRY,1,0.5326370757180157,1.79,0.5506747896245853,0.0180377139065696,0.5416559326713004,V0.10,4,0.005172173470517156,0.5378092491885328
2023_24_20240512_MUN_ARS,2023_24,2024-05-12,MUN,ARS,0,0.6928251121076232,1.37,0.7026908905067205,0.0098657783990973,0.6977580013071718,V0.10,7,-0.008313340109350694,0.6845117719982725
2023_24_20240513_AVL_LIV,2023_24,2024-05-13,AVL,LIV,1,0.7114967462039045,1.33,0.7211351827523411,0.0096384365484366,0.7163159644781227,V0.10,8,-0.0038726146117447195,0.7076241315921598
2023_24_20240514_TOT_MCI,2023_24,2024-05-14,TOT,MCI,0,0.7490118577075099,1.27,0.7418038688575749,-0.007207988849935,0.7454078632825424,V0.10,8,-0.0038726146117447195,0.7451392430957652
2023_24_20240515_BRI_CHE,2023_24,2024-05-15,BRI,CHE,1,0.6803652968036529,1.4,0.6998458733969448,0.0194805765932919,0.6901055851002988,V0.10,7,-0.008313340109350694,0.6720519566943022
2023_24_20240515_MUN_NEW,2023_24,2024-05-15,MUN,NEW,1,0.7145922746781115,1.33,0.7286322625979055,0.0140399879197939,0.7216122686380084,V0.10,8,-0.0038726146117447195,0.7107196600663668
2023_24_20240519_ARS_EVE,2023_24,2024-05-19,ARS,EVE,1,0.6877828054298643,1.38,0.7036976219836364,0.0159148165537721,0.6957402137067503,V0.10,7,-0.008313340109350694,0.6794694653205136
2023_24_20240519_BRE_NEW,2023_24,2024-05-19,BRE,NEW,1,0.6877828054298643,1.38,0.7069434248148764,0.0191606193850121,0.6973631151223703,V0.10,7,-0.008313340109350694,0.6794694653205136
2023_24_20240519_BRI_MUN,2023_24,2024-05-19,BRI,MUN,0,0.7191489361702128,1.32,0.7412630777229733,0.0221141415527604,0.730206006946593,V0.10,8,-0.0038726146117447195,0.7152763215584681
2023_24_20240519_BUR_NFO,2023_24,2024-05-19,BUR,NFO,1,0.6280788177339901,1.51,0.6545325728694701,0.0264537551354799,0.6413056953017301,V0.10,6,-0.0031368038954205702,0.6249420138385695
2023_24_20240519_CHE_BOU,2023_24,2024-05-19,CHE,BOU,1,0.7449799196787148,1.27,0.7483584116515122,0.0033784919727973,0.7466691656651134,V0.10,8,-0.0038726146117447195,0.7411073050669701
2023_24_20240519_CRY_AVL,2023_24,2024-05-19,CRY,AVL,1,0.6804597701149425,1.39,0.7030481627180882,0.0225883926031457,0.6917539664165153,V0.10,7,-0.008313340109350694,0.6721464300055918
2023_24_20240519_LIV_WOL,2023_24,2024-05-19,LIV,WOL,0,0.7761467889908258,1.22,0.780687080429802,0.0045402914389761,0.7784169347103138,V0.10,9,0.002135647949728261,0.7782824369405541
2023_24_20240519_LUT_FUL,2023_24,2024-05-19,LUT,FUL,1,0.6571428571428571,1.44,0.6741825464458484,0.0170396893029912,0.6656627017943528,V0.10,7,-0.008313340109350694,0.6488295170335064
2023_24_20240519_MCI_WHU,2023_24,2024-05-19,MCI,WHU,1,0.7876106194690266,1.2,0.7749353672731571,-0.0126752521958694,0.7812729933710918,V0.10,9,0.002135647949728261,0.7897462674187549
2023_24_20240519_SHU_TOT,2023_24,2024-05-19,SHU,TOT,1,0.7723880597014926,1.22,0.781352628896062,0.0089645691945694,0.7768703442987773,V0.10,9,0.002135647949728261,0.7745237076512209
2024_25_20240816_MUN_FUL,2024_25,2024-08-16,MUN,FUL,0,0.6222222222222222,1.53,0.63504579737325,0.0128235751510277,0.6286340097977361,V0.10,6,0.004405005163275144,0.6266272273854974
2024_25_20240817_ARS_WOL,2024_25,2024-08-17,ARS,WOL,0,0.6490384615384616,1.46,0.6714103513217614,0.0223718897832998,0.6602244064301115,V0.10,6,0.004405005163275144,0.6534434667017367
2024_25_20240817_EVE_BRI,2024_25,2024-08-17,EVE,BRI,1,0.5298701298701299,1.81,0.551613766245242,0.0217436363751121,0.540741948057686,V0.10,4,0.011491570537022251,0.5413617004071521
2024_25_20240817_IPS_LIV,2024_25,2024-08-17,IPS,LIV,0,0.6758620689655173,1.41,0.6913360540464847,0.0154739850809674,0.683599061506001,V0.10,7,0.004908160312244054,0.6807702292777613
2024_25_20240817_NEW_SOU,2024_25,2024-08-17,NEW,SOU,0,0.6825396825396824,1.4,0.6965830244923424,0.0140433419526599,0.6895613535160124,V0.10,7,0.004908160312244054,0.6874478428519265
2024_25_20240817_NFO_BOU,2024_25,2024-08-17,NFO,BOU,0,0.5402597402597403,1.77,0.5452586659200399,0.0049989256602995,0.5427592030898901,V0.10,4,0.011491570537022251,0.5517513107967625
2024_25_20240817_WHU_AVL,2024_25,2024-08-17,WHU,AVL,1,0.6074999999999999,1.57,0.6141237919646705,0.0066237919646705,0.6108118959823352,V0.10,6,0.004405005163275144,0.6119050051632751
2024_25_20240818_BRE_CRY,2024_25,2024-08-18,BRE,CRY,1,0.5286458333333333,1.81,0.5290162618759277,0.0003704285425943,0.5288310476046305,V0.10,4,0.011491570537022251,0.5401374038703555
2024_25_20240818_CHE_MCI,2024_25,2024-08-18,CHE,MCI,0,0.6332518337408313,1.5,0.6117061636005278,-0.0215456701403035,0.6224789986706796,V0.10,6,0.004405005163275144,0.6376568389041064
2024_25_20240819_LEI_TOT,2024_25,2024-08-19,LEI,TOT,0,0.625615763546798,1.52,0.631917809149777,0.0063020456029789,0.6287667863482875,V0.10,6,0.004405005163275144,0.6300207687100732
2024_25_20240824_AVL_ARS,2024_25,2024-08-24,AVL,ARS,0,0.5518134715025906,1.73,0.5453536396956717,-0.0064598318069188,0.5485835555991312,V0.10,5,-0.003328887307869349,0.5484845841947212
2024_25_20240824_BRI_MUN,2024_25,2024-08-24,BRI,MUN,1,0.605,1.58,0.6281307833624686,0.0231307833624686,0.6165653916812344,V0.10,6,0.004405005163275144,0.6094050051632751
2024_25_20240824_CRY_WHU,2024_25,2024-08-24,CRY,WHU,0,0.5440414507772021,1.76,0.5335819676229028,-0.0104594831542993,0.5388117092000524,V0.10,4,0.011491570537022251,0.5555330213142243
2024_25_20240824_FUL_LEI,2024_25,2024-08-24,FUL,LEI,1,0.5130208333333333,1.87,0.5141263260451725,0.0011054927118392,0.5135735796892529,V0.10,4,0.011491570537022251,0.5245124038703555
2024_25_20240824_MCI_IPS,2024_25,2024-08-24,MCI,IPS,1,0.7329192546583851,1.29,0.7552190137025399,0.0222997590441547,0.7440691341804625,V0.10,8,-0.0073582917295994575,0.7255609629287857
2024_25_20240824_SOU_NFO,2024_25,2024-08-24,SOU,NFO,0,0.4869791666666667,1.97,0.477520856869412,-0.0094583097972547,0.4822500117680393,V0.10,3,3.6418317722625604e-06,0.48698280849843895
2024_25_20240824_TOT_EVE,2024_25,2024-08-24,TOT,EVE,1,0.6280788177339901,1.51,0.6472885540680509,0.0192097363340607,0.6376836859010204,V0.10,6,0.004405005163275144,0.6324838228972652
2024_25_20240825_BOU_NEW,2024_25,2024-08-25,BOU,NEW,0,0.61,1.56,0.6315180290398178,0.0215180290398178,0.6207590145199089,V0.10,6,0.004405005163275144,0.6144050051632751
2024_25_20240825_LIV_BRE,2024_25,2024-08-25,LIV,BRE,0,0.7032967032967032,1.35,0.7123340835433918,0.0090373802466885,0.7078153934200475,V0.10,8,-0.0073582917295994575,0.6959384115671038
2024_25_20240825_WOL_CHE,2024_25,2024-08-25,WOL,CHE,1,0.5826972010178116,1.64,0.5938628229791628,0.0111656219613511,0.5882800119984872,V0.10,5,-0.003328887307869349,0.5793683137099422
2024_25_20240831_ARS_BRI,2024_25,2024-08-31,ARS,BRI,0,0.6222222222222222,1.53,0.6350393012224133,0.012817079000191,0.6286307617223177,V0.10,6,0.004405005163275144,0.6266272273854974
2024_25_20240831_BRE_SOU,2024_25,2024-08-31,BRE,SOU,1,0.5541237113402062,1.73,0.5557098247700376,0.0015861134298313,0.5549167680551219,V0.10,5,-0.003328887307869349,0.5507948240323368
2024_25_20240831_EVE_BOU,2024_25,2024-08-31,EVE,BOU,1,0.5104712041884817,1.87,0.5164781239282021,0.0060069197397204,0.5134746640583419,V0.10,4,0.011491570537022251,0.5219627747255039
2024_25_20240831_IPS_FUL,2024_25,2024-08-31,IPS,FUL,0,0.5272727272727271,1.82,0.5472453047559492,0.0199725774832221,0.5372590160143382,V0.10,4,0.011491570537022251,0.5387642978097493
2024_25_20240831_LEI_AVL,2024_25,2024-08-31,LEI,AVL,1,0.5666666666666667,1.69,0.5655719215959507,-0.0010947450707159,0.5661192941313087,V0.10,5,-0.003328887307869349,0.5633377793587973
2024_25_20240831_NFO_WOL,2024_25,2024-08-31,NFO,WOL,0,0.5246753246753246,1.83,0.5344415055139249,0.0097661808386002,0.5295584150946248,V0.10,4,0.011491570537022251,0.5361668952123468
2024_25_20240831_WHU_MCI,2024_25,2024-08-31,WHU,MCI,1,0.6515513126491647,1.46,0.6462394685294053,-0.0053118441197593,0.6488953905892849,V0.10,7,0.004908160312244054,0.6564594729614087
2024_25_20240901_CHE_CRY,2024_25,2024-09-01,CHE,CRY,0,0.6274509803921569,1.52,0.6272707641021926,-0.0001802162899642,0.6273608722471747,V0.10,6,0.004405005163275144,0.631855985555432
2024_25_20240901_MUN_LIV,2024_25,2024-09-01,MUN,LIV,1,0.6651053864168619,1.43,0.6714059907671569,0.006300604350295,0.6682556885920095,V0.10,7,0.004908160312244054,0.670013546729106
2024_25_20240901_NEW_TOT,2024_25,2024-09-01,NEW,TOT,1,0.6898876404494382,1.38,0.6944739441211647,0.0045863036717265,0.6921807922853014,V0.10,7,0.004908160312244054,0.6947958007616822
2024_25_20240914_AVL_EVE,2024_25,2024-09-14,AVL,EVE,1,0.5717948717948719,1.67,0.5835376729996447,0.0117428012047727,0.5776662723972583,V0.10,5,-0.003328887307869349,0.5684659844870025
2024_25_20240914_BOU_CHE,2024_25,2024-09-14,BOU,CHE,0,0.6555819477434679,1.45,0.6683871379395834,0.0128051901961154,0.6619845428415256,V0.10,7,0.004908160312244054,0.660490108055712
2024_25_20240914_BRI_IPS,2024_25,2024-09-14,BRI,IPS,0,0.6119402985074627,1.56,0.6468595160567362,0.0349192175492735,0.6293999072820995,V0.10,6,0.004405005163275144,0.6163453036707378
2024_25_20240914_CRY_LEI,2024_25,2024-09-14,CRY,LEI,1,0.5440414507772021,1.76,0.5385548686472603,-0.0054865821299417,0.5412981597122313,V0.10,4,0.011491570537022251,0.5555330213142243
2024_25_20240914_FUL_WHU,2024_25,2024-09-14,FUL,WHU,0,0.5567010309278351,1.72,0.5640161406741601,0.0073151097463249,0.5603585858009976,V0.10,5,-0.003328887307869349,0.5533721436199657
2024_25_20240914_LIV_NFO,2024_25,2024-09-14,LIV,NFO,0,0.6736111111111112,1.41,0.6839935147451636,0.0103824036340524,0.6788023129281373,V0.10,7,0.004908160312244054,0.6785192714233552
2024_25_20240914_MCI_BRE,2024_25,2024-09-14,MCI,BRE,1,0.7045951859956237,1.35,0.6971101263213114,-0.0074850596743122,0.7008526561584676,V0.10,8,-0.0073582917295994575,0.6972368942660242
2024_25_20240914_SOU_MUN,2024_25,2024-09-14,SOU,MUN,1,0.5944584382871536,1.61,0.6070735912773816,0.0126151529902279,0.6007660147822675,V0.10,5,-0.003328887307869349,0.5911295509792842
2024_25_20240915_TOT_ARS,2024_25,2024-09-15,TOT,ARS,0,0.6040100250626567,1.58,0.6045722812655455,0.0005622562028888,0.6042911531641011,V0.10,6,0.004405005163275144,0.6084150302259318
2024_25_20240915_WOL_NEW,2024_25,2024-09-15,WOL,NEW,1,0.6129032258064515,1.56,0.6360331997285721,0.0231299739221205,0.6244682127675119,V0.10,6,0.004405005163275144,0.6173082309697266
2024_25_20240921_AVL_WOL,2024_25,2024-09-21,AVL,WOL,1,0.6040100250626567,1.58,0.6216410538876493,0.0176310288249926,0.612825539475153,V0.10,6,0.004405005163275144,0.6084150302259318
2024_25_20240921_CRY_MUN,2024_25,2024-09-21,CRY,MUN,0,0.5989974937343359,1.6,0.6062312103782735,0.0072337166439376,0.6026143520563048,V0.10,5,-0.003328887307869349,0.5956686064264665
2024_25_20240921_FUL_NEW,2024_25,2024-09-21,FUL,NEW,1,0.5692307692307692,1.68,0.5856575354833174,0.0164267662525482,0.5774441523570433,V0.10,5,-0.003328887307869349,0.5659018819228998
2024_25_20240921_LEI_EVE,2024_25,2024-09-21,LEI,EVE,0,0.5156249999999999,1.86,0.5205524386877963,0.0049274386877964,0.5180887193438981,V0.10,4,0.011491570537022251,0.5271165705370221
2024_25_20240921_LIV_BOU,2024_25,2024-09-21,LIV,BOU,1,0.6964285714285715,1.36,0.7071555949390645,0.010727023510493,0.701792083183818,V0.10,7,0.004908160312244054,0.7013367317408156
2024_25_20240921_SOU_IPS,2024_25,2024-09-21,SOU,IPS,0,0.5378590078328982,1.77,0.569168817059689,0.0313098092267908,0.5535139124462936,V0.10,4,0.011491570537022251,0.5493505783699204
2024_25_20240921_TOT_BRE,2024_25,2024-09-21,TOT,BRE,1,0.6643026004728132,1.42,0.6815951063536089,0.0172925058807956,0.6729488534132111,V0.10,7,0.004908160312244054,0.6692107607850573
2024_25_20240921_WHU_CHE,2024_25,2024-09-21,WHU,CHE,1,0.625615763546798,1.52,0.6341485707083117,0.0085328071615136,0.6298821671275548,V0.10,6,0.004405005163275144,0.6300207687100732
2024_25_20240922_BRI_NFO,2024_25,2024-09-22,BRI,NFO,1,0.5246753246753246,1.83,0.5420737900774647,0.01739846540214,0.5333745573763946,V0.10,4,0.011491570537022251,0.5361668952123468
2024_25_20240922_MCI_ARS,2024_25,2024-09-22,MCI,ARS,1,0.4739583333333334,2.02,0.4221847033334153,-0.0517736299999181,0.4480715183333743,V0.10,3,3.6418317722625604e-06,0.4739619751651057
2024_25_20240928_ARS_LEI,2024_25,2024-09-28,ARS,LEI,1,0.6311881188118812,1.49,0.6311887458596098,6.270477286296483e-07,0.6311884323357455,V0.10,6,0.004405005163275144,0.6355931239751563
2024_25_20240928_BRE_WHU,2024_25,2024-09-28,BRE,WHU,0,0.5776081424936387,1.66,0.5740748611022782,-0.0035332813913604,0.5758415017979585,V0.10,5,-0.003328887307869349,0.5742792551857693
2024_25_20240928_CHE_BRI,2024_25,2024-09-28,CHE,BRI,1,0.6323529411764707,1.5,0.6482783923708768,0.0159254511944061,0.6403156667736738,V0.10,6,0.004405005163275144,0.6367579463397458
2024_25_20240928_EVE_CRY,2024_25,2024-09-28,EVE,CRY,1,0.5130208333333333,1.87,0.5232508926269704,0.0102300592936371,0.5181358629801518,V0.10,4,0.011491570537022251,0.5245124038703555
2024_25_20240928_NEW_MCI,2024_25,2024-09-28,NEW,MCI,0,0.639225181598063,1.49,0.6317447701870109,-0.007480411411052,0.6354849758925369,V0.10,6,0.004405005163275144,0.6436301867613381
2024_25_20240928_NFO_FUL,2024_25,2024-09-28,NFO,FUL,0,0.4805194805194806,2.0,0.4802423954826697,-0.0002770850368108,0.4803809380010752,V0.10,3,3.6418317722625604e-06,0.4805231223512529
2024_25_20240928_WOL_LIV,2024_25,2024-09-28,WOL,LIV,1,0.6563981042654028,1.45,0.6724608271188633,0.0160627228534605,0.664429465692133,V0.10,7,0.004908160312244054,0.6613062645776469
2024_25_20240929_IPS_AVL,2024_25,2024-09-29,IPS,AVL,1,0.5529715762273902,1.73,0.5797742331014933,0.0268026568741031,0.5663729046644418,V0.10,5,-0.003328887307869349,0.5496426889195208
2024_25_20240929_MUN_TOT,2024_25,2024-09-29,MUN,TOT,1,0.6689976689976691,1.42,0.6873431885617144,0.0183455195640452,0.6781704287796917,V0.10,7,0.004908160312244054,0.6739058293099132
2024_25_20240930_BOU_SOU,2024_25,2024-09-30,BOU,SOU,1,0.6356968215158926,1.49,0.656331808050105,0.0206349865342124,0.6460143147829989,V0.10,6,0.004405005163275144,0.6401018266791677
2024_25_20241005_ARS_SOU,2024_25,2024-10-05,ARS,SOU,1,0.6971046770601336,1.36,0.707859541397883,0.0107548643377494,0.7024821092290083,V0.10,7,0.004908160312244054,0.7020128373723776
2024_25_20241005_BRE_WOL,2024_25,2024-10-05,BRE,WOL,1,0.538860103626943,1.78,0.5454621277232826,0.0066020240963395,0.5421611156751128,V0.10,4,0.011491570537022251,0.5503516741639652
2024_25_20241005_CRY_LIV,2024_25,2024-10-05,CRY,LIV,0,0.6015037593984962,1.59,0.6032595106136894,0.0017557512151932,0.6023816350060929,V0.10,6,0.004405005163275144,0.6059087645617713
2024_25_20241005_EVE_NEW,2024_25,2024-10-05,EVE,NEW,0,0.5666666666666667,1.69,0.5806197307057366,0.0139530640390699,0.5736431986862016,V0.10,5,-0.003328887307869349,0.5633377793587973
2024_25_20241005_LEI_BOU,2024_25,2024-10-05,LEI,BOU,0,0.5666666666666667,1.69,0.5727249625981923,0.0060582959315256,0.5696958146324295,V0.10,5,-0.003328887307869349,0.5633377793587973
2024_25_20241005_MCI_FUL,2024_25,2024-10-05,MCI,FUL,1,0.6539379474940334,1.45,0.6546545991239494,0.0007166516299159,0.6542962733089914,V0.10,7,0.004908160312244054,0.6588461078062775
2024_25_20241005_WHU_IPS,2024_25,2024-10-05,WHU,IPS,1,0.5666666666666667,1.69,0.5908724438250428,0.0242057771583761,0.5787695552458547,V0.10,5,-0.003328887307869349,0.5633377793587973
2024_25_20241006_AVL_MUN,2024_25,2024-10-06,AVL,MUN,0,0.6222222222222222,1.53,0.6416318616882044,0.0194096394659821,0.6319270419552133,V0.10,6,0.004405005163275144,0.6266272273854974
2024_25_20241006_BRI_TOT,2024_25,2024-10-06,BRI,TOT,1,0.683371298405467,1.39,0.7065911941462933,0.0232198957408263,0.6949812462758802,V0.10,7,0.004908160312244054,0.688279458717711
2024_25_20241006_CHE_NFO,2024_25,2024-10-06,CHE,NFO,0,0.6134663341645885,1.55,0.6199436692103962,0.0064773350458077,0.6167050016874924,V0.10,6,0.004405005163275144,0.6178713393278636
2024_25_20241019_BOU_ARS,2024_25,2024-10-19,BOU,ARS,0,0.5555555555555556,1.72,0.5649876553569926,0.009432099801437,0.5602716054562741,V0.10,5,-0.003328887307869349,0.5522266682476862
2024_25_20241019_FUL_AVL,2024_25,2024-10-19,FUL,AVL,1,0.5529715762273902,1.73,0.5629345963699016,0.0099630201425113,0.5579530862986459,V0.10,5,-0.003328887307869349,0.5496426889195208
2024_25_20241019_IPS_EVE,2024_25,2024-10-19,IPS,EVE,0,0.5234374999999999,1.83,0.5416381219835127,0.0182006219835128,0.5325378109917562,V0.10,4,0.011491570537022251,0.5349290705370221
2024_25_20241019_MUN_BRE,2024_25,2024-10-19,MUN,BRE,1,0.6339066339066339,1.49,0.6537631156291598,0.0198564817225258,0.6438348747678968,V0.10,6,0.004405005163275144,0.6383116390699091
2024_25_20241019_NEW_BRI,2024_25,2024-10-19,NEW,BRI,0,0.628992628992629,1.51,0.656206583542084,0.027213954549455,0.6425996062673565,V0.10,6,0.004405005163275144,0.6333976341559041
2024_25_20241019_SOU_LEI,2024_25,2024-10-19,SOU,LEI,1,0.5416666666666667,1.76,0.5514464512371331,0.0097797845704663,0.5465565589518999,V0.10,4,0.011491570537022251,0.553158237203689
2024_25_20241019_TOT_WHU,2024_25,2024-10-19,TOT,WHU,1,0.6921348314606741,1.37,0.7013987806966805,0.0092639492360063,0.6967668060786774,V0.10,7,0.004908160312244054,0.6970429917729182
2024_25_20241020_LIV_CHE,2024_25,2024-10-20,LIV,CHE,1,0.676674364896074,1.4,0.6757375605583428,-0.0009368043377312,0.6762059627272083,V0.10,7,0.004908160312244054,0.6815825252083181
2024_25_20241020_WOL_MCI,2024_25,2024-10-20,WOL,MCI,1,0.6547619047619047,1.45,0.6629312208151493,0.0081693160532446,0.6588465627885269,V0.10,7,0.004908160312244054,0.6596700650741487
2024_25_20241021_NFO_CRY,2024_25,2024-10-21,NFO,CRY,0,0.4470284237726098,2.14,0.439559189913155,-0.0074692338594548,0.4432938068428824,V0.10,2,-0.0054715973361226175,0.4415568264364872
2024_25_20241025_LEI_NFO,2024_25,2024-10-25,LEI,NFO,1,0.464935064935065,2.06,0.4570950956956591,-0.0078399692394058,0.4610150803153621,V0.10,3,3.6418317722625604e-06,0.46493870676683724
2024_25_20241026_AVL_BOU,2024_25,2024-10-26,AVL,BOU,0,0.5989974937343359,1.6,0.6150573773626038,0.0160598836282679,0.6070274355484698,V0.10,5,-0.003328887307869349,0.5956686064264665
2024_25_20241026_BRE_IPS,2024_25,2024-10-26,BRE,IPS,1,0.5801526717557253,1.65,0.5945909455611894,0.0144382738054641,0.5873718086584574,V0.10,5,-0.003328887307869349,0.5768237844478559
2024_25_20241026_BRI_WOL,2024_25,2024-10-26,BRI,WOL,1,0.6090225563909775,1.56,0.6305747500238646,0.0215521936328871,0.6197986532074211,V0.10,6,0.004405005163275144,0.6134275615542526
2024_25_20241026_EVE_FUL,2024_25,2024-10-26,EVE,FUL,0,0.5078125,1.89,0.5138814870633569,0.0060689870633569,0.5108469935316784,V0.10,4,0.011491570537022251,0.5193040705370222
2024_25_20241026_MCI_SOU,2024_25,2024-10-26,MCI,SOU,0,0.746,1.27,0.7456130078886098,-0.0003869921113901,0.7458065039443049,V0.10,8,-0.0073582917295994575,0.7386417082704005
2024_25_20241027_ARS_LIV,2024_25,2024-10-27,ARS,LIV,1,0.5065274151436031,1.89,0.482391364560635,-0.024136050582968,0.494459389852119,V0.10,4,0.011491570537022251,0.5180189856806253
2024_25_20241027_CHE_NEW,2024_25,2024-10-27,CHE,NEW,1,0.6587677725118484,1.44,0.6744930924608277,0.0157253199489793,0.666630432486338,V0.10,7,0.004908160312244054,0.6636759328240924
2024_25_20241027_CRY_TOT,2024_25,2024-10-27,CRY,TOT,0,0.6015037593984962,1.59,0.6165393121036665,0.0150355527051703,0.6090215357510813,V0.10,6,0.004405005163275144,0.6059087645617713
2024_25_20241027_WHU_MUN,2024_25,2024-10-27,WHU,MUN,1,0.6262376237623761,1.51,0.6455162881672905,0.0192786644049143,0.6358769559648333,V0.10,6,0.004405005163275144,0.6306426289256513
2024_25_20241102_BOU_MCI,2024_25,2024-11-02,BOU,MCI,1,0.606516290726817,1.57,0.6098854821168859,0.0033691913900688,0.6082008864218514,V0.10,6,0.004405005163275144,0.6109212958900921
2024_25_20241102_IPS_LEI,2024_25,2024-11-02,IPS,LEI,0,0.5604113110539846,1.71,0.5698170974178363,0.0094057863638516,0.5651142042359104,V0.10,5,-0.003328887307869349,0.5570824237461152
2024_25_20241102_LIV_BRI,2024_25,2024-11-02,LIV,BRI,1,0.682648401826484,1.39,0.7030499510097968,0.0204015491833128,0.6928491764181404,V0.10,7,0.004908160312244054,0.6875565621387281
2024_25_20241102_NEW_ARS,2024_25,2024-11-02,NEW,ARS,0,0.5260416666666667,1.82,0.5239836784537044,-0.0020579882129623,0.5250126725601856,V0.10,4,0.011491570537022251,0.537533237203689
2024_25_20241102_NFO_WHU,2024_25,2024-11-02,NFO,WHU,1,0.5156249999999999,1.86,0.5187239060579598,0.0030989060579599,0.5171744530289799,V0.10,4,0.011491570537022251,0.5271165705370221
2024_25_20241102_SOU_EVE,2024_25,2024-11-02,SOU,EVE,0,0.5246753246753246,1.83,0.5303313516976677,0.005656027022343,0.5275033381864962,V0.10,4,0.011491570537022251,0.5361668952123468
2024_25_20241102_WOL_CRY,2024_25,2024-11-02,WOL,CRY,1,0.5078125,1.89,0.5183604705826841,0.010547970582684,0.513086485291342,V0.10,4,0.011491570537022251,0.5193040705370222
2024_25_20241103_MUN_CHE,2024_25,2024-11-03,MUN,CHE,0,0.6595744680851063,1.44,0.680641205771919,0.0210667376868126,0.6701078369285127,V0.10,7,0.004908160312244054,0.6644826283973504
2024_25_20241103_TOT_AVL,2024_25,2024-11-03,TOT,AVL,1,0.6587677725118484,1.44,0.6672474552135164,0.0084796827016679,0.6630076138626824,V0.10,7,0.004908160312244054,0.6636759328240924
2024_25_20241104_FUL_BRE,2024_25,2024-11-04,FUL,BRE,1,0.5717948717948719,1.67,0.5750074372083465,0.0032125654134745,0.5734011545016091,V0.10,5,-0.003328887307869349,0.5684659844870025
2024_25_20241109_BRE_BOU,2024_25,2024-11-09,BRE,BOU,1,0.5989974937343359,1.6,0.6101176646443168,0.0111201709099809,0.6045575791893263,V0.10,5,-0.003328887307869349,0.5956686064264665
2024_25_20241109_BRI_MCI,2024_25,2024-11-09,BRI,MCI,1,0.6203473945409429,1.53,0.622927054985645,0.0025796604447021,0.621637224763294,V0.10,6,0.004405005163275144,0.624752399704218
2024_25_20241109_CRY_FUL,2024_25,2024-11-09,CRY,FUL,0,0.4973958333333334,1.93,0.5135580598796443,0.0161622265463108,0.5054769466064889,V0.10,3,3.6418317722625604e-06,0.4973994751651057
2024_25_20241109_LIV_AVL,2024_25,2024-11-09,LIV,AVL,0,0.664319248826291,1.43,0.6743400370231791,0.0100207881968881,0.6693296429247351,V0.10,7,0.004908160312244054,0.6692274091385351
2024_25_20241109_WHU_EVE,2024_25,2024-11-09,WHU,EVE,0,0.5286458333333333,1.81,0.530675146505604,0.0020293131722707,0.5296604899194686,V0.10,4,0.011491570537022251,0.5401374038703555
2024_25_20241109_WOL_SOU,2024_25,2024-11-09,WOL,SOU,0,0.5765306122448979,1.66,0.598088709525268,0.0215580972803701,0.587309660885083,V0.10,5,-0.003328887307869349,0.5732017249370285
2024_25_20241110_CHE_ARS,2024_25,2024-11-10,CHE,ARS,0,0.5592783505154639,1.71,0.551852481369253,-0.0074258691462109,0.5555654159423584,V0.10,5,-0.003328887307869349,0.5559494632075945
2024_25_20241110_MUN_LEI,2024_25,2024-11-10,MUN,LEI,1,0.6507177033492824,1.46,0.674882584047494,0.0241648806982116,0.6628001436983881,V0.10,7,0.004908160312244054,0.6556258636615264
2024_25_20241110_NFO_NEW,2024_25,2024-11-10,NFO,NEW,1,0.4947916666666667,1.94,0.505130105873351,0.0103384392066843,0.4999608862700089,V0.10,3,3.6418317722625604e-06,0.49479530849843895
2024_25_20241110_TOT_IPS,2024_25,2024-11-10,TOT,IPS,1,0.7286012526096034,1.3,0.7437645655402042,0.0151633129306008,0.7361829090749038,V0.10,8,-0.0073582917295994575,0.721242960880004
2024_25_20241123_ARS_NFO,2024_25,2024-11-23,ARS,NFO,1,0.5286458333333333,1.81,0.5285975548365359,-4.82784967973382e-05,0.5286216940849346,V0.10,4,0.011491570537022251,0.5401374038703555
2024_25_20241123_AVL_CRY,2024_25,2024-11-23,AVL,CRY,1,0.5466321243523315,1.75,0.5643349032123607,0.0177027788600291,0.5554835137823462,V0.10,4,0.011491570537022251,0.5581236948893538
2024_25_20241123_BOU_BRI,2024_25,2024-11-23,BOU,BRI,1,0.6055276381909548,1.57,0.6287746313629775,0.0232469931720227,0.6171511347769661,V0.10,6,0.004405005163275144,0.6099326433542299
2024_25_20241123_EVE_BRE,2024_25,2024-11-23,EVE,BRE,0,0.522077922077922,1.84,0.5209433521412744,-0.0011345699366476,0.5215106371095982,V0.10,4,0.011491570537022251,0.5335694926149442
2024_25_20241123_FUL_WOL,2024_25,2024-11-23,FUL,WOL,1,0.5681233933161953,1.68,0.579364899315739,0.0112415059995436,0.5737441463159672,V0.10,5,-0.003328887307869349,0.5647945060083259
2024_25_20241123_LEI_CHE,2024_25,2024-11-23,LEI,CHE,1,0.6407766990291263,1.48,0.6522162198420025,0.0114395208128762,0.6464964594355644,V0.10,6,0.004405005163275144,0.6451817041924014
2024_25_20241123_MCI_TOT,2024_25,2024-11-23,MCI,TOT,1,0.7253668763102725,1.31,0.7224730243617297,-0.0028938519485428,0.7239199503360011,V0.10,8,-0.0073582917295994575,0.7180085845806731
2024_25_20241124_IPS_MUN,2024_25,2024-11-24,IPS,MUN,0,0.61,1.56,0.6348656142548006,0.0248656142548006,0.6224328071274003,V0.10,6,0.004405005163275144,0.6144050051632751
2024_25_20241124_SOU_LIV,2024_25,2024-11-24,SOU,LIV,1,0.660377358490566,1.44,0.6883982029926817,0.0280208445021157,0.6743877807416239,V0.10,7,0.004908160312244054,0.6652855188028101
2024_25_20241125_NEW_WHU,2024_25,2024-11-25,NEW,WHU,0,0.6125,1.55,0.6361289476010508,0.0236289476010507,0.6243144738005254,V0.10,6,0.004405005163275144,0.6169050051632752
2024_25_20241129_BRI_SOU,2024_25,2024-11-29,BRI,SOU,0,0.6651053864168619,1.43,0.6932213956235177,0.0281160092066558,0.6791633910201897,V0.10,7,0.004908160312244054,0.670013546729106
2024_25_20241130_BRE_LEI,2024_25,2024-11-30,BRE,LEI,1,0.6040100250626567,1.58,0.6051919773943525,0.0011819523316958,0.6046010012285046,V0.10,6,0.004405005163275144,0.6084150302259318
2024_25_20241130_CRY_NEW,2024_25,2024-11-30,CRY,NEW,0,0.537467700258398,1.79,0.5620437328960776,0.0245760326376796,0.5497557165772378,V0.10,4,0.011491570537022251,0.5489592707954202
2024_25_20241130_NFO_IPS,2024_25,2024-11-30,NFO,IPS,0,0.5065274151436031,1.89,0.5127827899603914,0.0062553748167882,0.5096551025519973,V0.10,4,0.011491570537022251,0.5180189856806253
2024_25_20241130_WHU_ARS,2024_25,2024-11-30,WHU,ARS,1,0.5629820051413882,1.7,0.5649847482387187,0.0020027430973305,0.5639833766900535,V0.10,5,-0.003328887307869349,0.5596531178335188
2024_25_20241130_WOL_BOU,2024_25,2024-11-30,WOL,BOU,1,0.5790816326530612,1.65,0.5932401432583665,0.0141585106053052,0.5861608879557139,V0.10,5,-0.003328887307869349,0.5757527453451918
2024_25_20241201_CHE_AVL,2024_25,2024-12-01,CHE,AVL,1,0.6212871287128713,1.53,0.6334557849194298,0.0121686562065584,0.6273714568161506,V0.10,6,0.004405005163275144,0.6256921338761464
2024_25_20241201_LIV_MCI,2024_25,2024-12-01,LIV,MCI,0,0.6111111111111112,1.54,0.5938847183075766,-0.0172263928035345,0.6024979147093439,V0.10,6,0.004405005163275144,0.6155161162743863
2024_25_20241201_MUN_EVE,2024_25,2024-12-01,MUN,EVE,1,0.5466321243523315,1.75,0.5668807268342448,0.0202486024819132,0.5567564255932882,V0.10,4,0.011491570537022251,0.5581236948893538
2024_25_20241201_TOT_FUL,2024_25,2024-12-01,TOT,FUL,0,0.6666666666666666,1.42,0.6818359386736135,0.0151692720069468,0.67425130267014,V0.10,7,0.004908160312244054,0.6715748269789107
2024_25_20241203_IPS_CRY,2024_25,2024-12-03,IPS,CRY,0,0.484375,1.98,0.4982690133966697,0.0138940133966697,0.4913220066983348,V0.10,3,3.6418317722625604e-06,0.48437864183177226
2024_25_20241203_LEI_WHU,2024_25,2024-12-03,LEI,WHU,1,0.5350649350649351,1.79,0.5263708043541512,-0.0086941307107839,0.5307178697095432,V0.10,4,0.011491570537022251,0.5465565056019573
2024_25_20241204_ARS_MUN,2024_25,2024-12-04,ARS,MUN,0,0.5862944162436549,1.63,0.5904111432831864,0.0041167270395315,0.5883527797634207,V0.10,5,-0.003328887307869349,0.5829655289357855
2024_25_20241204_AVL_BRE,2024_25,2024-12-04,AVL,BRE,1,0.606516290726817,1.57,0.6091838762178191,0.0026675854910021,0.6078500834723181,V0.10,6,0.004405005163275144,0.6109212958900921
2024_25_20241204_EVE_WOL,2024_25,2024-12-04,EVE,WOL,1,0.484375,1.98,0.4812229444688818,-0.0031520555311181,0.4827989722344409,V0.10,3,3.6418317722625604e-06,0.48437864183177226
2024_25_20241204_MCI_NFO,2024_25,2024-12-04,MCI,NFO,1,0.6015037593984962,1.59,0.6083841585733628,0.0068803991748666,0.6049439589859296,V0.10,6,0.004405005163275144,0.6059087645617713
2024_25_20241204_NEW_LIV,2024_25,2024-12-04,NEW,LIV,1,0.5994962216624685,1.59,0.6164168722693883,0.0169206506069198,0.6079565469659285,V0.10,5,-0.003328887307869349,0.5961673343545991
2024_25_20241204_SOU_CHE,2024_25,2024-12-04,SOU,CHE,1,0.664319248826291,1.43,0.6934609396691073,0.0291416908428162,0.6788900942476992,V0.10,7,0.004908160312244054,0.6692274091385351
2024_25_20241205_BOU_TOT,2024_25,2024-12-05,BOU,TOT,0,0.6728538283062646,1.41,0.6891071504888958,0.0162533221826312,0.6809804893975802,V0.10,7,0.004908160312244054,0.6777619886185087
2024_25_20241205_FUL_BRI,2024_25,2024-12-05,FUL,BRI,1,0.589873417721519,1.62,0.6127442073225985,0.0228707896010794,0.6013088125220587,V0.10,5,-0.003328887307869349,0.5865445304136496
2024_25_20241207_AVL_SOU,2024_25,2024-12-07,AVL,SOU,0,0.6611764705882353,1.44,0.6853596059396594,0.0241831353514241,0.6732680382639473,V0.10,7,0.004908160312244054,0.6660846309004793
2024_25_20241207_BRE_NEW,2024_25,2024-12-07,BRE,NEW,1,0.609452736318408,1.57,0.6213324219121094,0.0118796855937013,0.6153925791152587,V0.10,6,0.004405005163275144,0.6138577414816832
2024_25_20241207_CRY_MCI,2024_25,2024-12-07,CRY,MCI,1,0.5848101265822784,1.64,0.5980433086472313,0.0132331820649529,0.5914267176147548,V0.10,5,-0.003328887307869349,0.581481239274409
2024_25_20241207_MUN_NFO,2024_25,2024-12-07,MUN,NFO,1,0.5338541666666666,1.79,0.5485135067045545,0.0146593400378878,0.5411838366856105,V0.10,4,0.011491570537022251,0.5453457372036888
2024_25_20241208_FUL_ARS,2024_25,2024-12-08,FUL,ARS,0,0.5364583333333334,1.78,0.5270497439733963,-0.009408589359937,0.5317540386533648,V0.10,4,0.011491570537022251,0.5479499038703556
2024_25_20241208_IPS_BOU,2024_25,2024-12-08,IPS,BOU,1,0.5567010309278351,1.72,0.5767699228633272,0.0200688919354921,0.5667354768955811,V0.10,5,-0.003328887307869349,0.5533721436199657
2024_25_20241208_LEI_BRI,2024_25,2024-12-08,LEI,BRI,1,0.6005025125628142,1.59,0.6100109054011414,0.0095083928383272,0.6052567089819778,V0.10,6,0.004405005163275144,0.6049075177260893
2024_25_20241208_TOT_CHE,2024_25,2024-12-08,TOT,CHE,1,0.7071583514099783,1.35,0.7134929385354861,0.0063345871255078,0.7103256449727322,V0.10,8,-0.0073582917295994575,0.6998000596803788
2024_25_20241209_WHU_WOL,2024_25,2024-12-09,WHU,WOL,1,0.595959595959596,1.6,0.6031640022062273,0.0072044062466313,0.5995617990829116,V0.10,5,-0.003328887307869349,0.5926307086517266
2024_25_20241214_ARS_EVE,2024_25,2024-12-14,ARS,EVE,0,0.5732647814910026,1.66,0.5845532289506303,0.0112884474596277,0.5789090052208165,V0.10,5,-0.003328887307869349,0.5699358941831332
2024_25_20241214_LIV_FUL,2024_25,2024-12-14,LIV,FUL,1,0.6440677966101696,1.47,0.6516938194760494,0.0076260228658798,0.6478808080431095,V0.10,6,0.004405005163275144,0.6484728017734447
2024_25_20241214_NEW_LEI,2024_25,2024-12-14,NEW,LEI,1,0.6547619047619047,1.45,0.6746252032708316,0.0198632985089269,0.6646935540163681,V0.10,7,0.004908160312244054,0.6596700650741487
2024_25_20241214_NFO_AVL,2024_25,2024-12-14,NFO,AVL,1,0.5117493472584856,1.87,0.5132163005461566,0.0014669532876709,0.5124828239023211,V0.10,4,0.011491570537022251,0.5232409177955079
2024_25_20241214_WOL_IPS,2024_25,2024-12-14,WOL,IPS,1,0.5555555555555556,1.72,0.5639909081080111,0.0084353525524555,0.5597732318317834,V0.10,5,-0.003328887307869349,0.5522266682476862
2024_25_20241215_BRI_CRY,2024_25,2024-12-15,BRI,CRY,1,0.5532467532467532,1.72,0.5717114233521449,0.0184646701053916,0.562479088299449,V0.10,5,-0.003328887307869349,0.5499178659388838
2024_25_20241215_CHE_BRE,2024_25,2024-12-15,CHE,BRE,1,0.7155172413793104,1.32,0.7162392769722002,0.0007220355928898,0.7158782591757553,V0.10,8,-0.0073582917295994575,0.7081589496497109
2024_25_20241215_MCI_MUN,2024_25,2024-12-15,MCI,MUN,1,0.660332541567696,1.43,0.6680957635213106,0.0077632219536145,0.6642141525445033,V0.10,7,0.004908160312244054,0.6652407018799401
2024_25_20241215_SOU_TOT,2024_25,2024-12-15,SOU,TOT,1,0.726890756302521,1.3,0.746043053729385,0.0191522974268639,0.7364669050159529,V0.10,8,-0.0073582917295994575,0.7195324645729215
2024_25_20241216_BOU_WHU,2024_25,2024-12-16,BOU,WHU,0,0.6271604938271605,1.51,0.6407161174940478,0.0135556236668872,0.6339383056606042,V0.10,6,0.004405005163275144,0.6315654989904357
2024_25_20241221_AVL_MCI,2024_25,2024-12-21,AVL,MCI,1,0.6005025125628142,1.59,0.6040740651144423,0.0035715525516281,0.6022882888386283,V0.10,6,0.004405005163275144,0.6049075177260893
2024_25_20241221_BRE_NFO,2024_25,2024-12-21,BRE,NFO,0,0.5532467532467532,1.72,0.5462351073485953,-0.0070116458981579,0.5497409302976742,V0.10,5,-0.003328887307869349,0.5499178659388838
2024_25_20241221_CRY_ARS,2024_25,2024-12-21,CRY,ARS,1,0.5234374999999999,1.83,0.5285531460160804,0.0051156460160804,0.5259953230080401,V0.10,4,0.011491570537022251,0.5349290705370221
2024_25_20241221_IPS_NEW,2024_25,2024-12-21,IPS,NEW,1,0.5852417302798981,1.63,0.6138406263224945,0.0285988960425963,0.5995411783011964,V0.10,5,-0.003328887307869349,0.5819128429720287
2024_25_20241221_WHU_BRI,2024_25,2024-12-21,WHU,BRI,0,0.628992628992629,1.51,0.6495733807155207,0.0205807517228917,0.6392830048540749,V0.10,6,0.004405005163275144,0.6333976341559041
2024_25_20241222_EVE_CHE,2024_25,2024-12-22,EVE,CHE,0,0.5754475703324808,1.66,0.5946701625552021,0.0192225922227212,0.5850588664438414,V0.10,5,-0.003328887307869349,0.5721186830246114
2024_25_20241222_FUL_SOU,2024_25,2024-12-22,FUL,SOU,0,0.615,1.54,0.6391677955005912,0.0241677955005912,0.6270838977502956,V0.10,6,0.004405005163275144,0.6194050051632751
2024_25_20241222_LEI_WOL,2024_25,2024-12-22,LEI,WOL,1,0.5743589743589743,1.66,0.576688514336103,0.0023295399771287,0.5755237443475387,V0.10,5,-0.003328887307869349,0.5710300870511049
2024_25_20241222_MUN_BOU,2024_25,2024-12-22,MUN,BOU,1,0.595959595959596,1.6,0.6117102470543978,0.0157506510948017,0.6038349215069969,V0.10,5,-0.003328887307869349,0.5926307086517266
2024_25_20241222_TOT_LIV,2024_25,2024-12-22,TOT,LIV,1,0.7318087318087318,1.29,0.7303277815982329,-0.0014809502104989,0.7310682567034823,V0.10,8,-0.0073582917295994575,0.7244504400791324
2024_25_20241226_BOU_CRY,2024_25,2024-12-26,BOU,CRY,0,0.5532467532467532,1.72,0.5659118038612602,0.0126650506145069,0.5595792785540067,V0.10,5,-0.003328887307869349,0.5499178659388838
2024_25_20241226_CHE_FUL,2024_25,2024-12-26,CHE,FUL,1,0.6522781774580336,1.45,0.6706144451108307,0.018336267652797,0.6614463112844322,V0.10,7,0.004908160312244054,0.6571863377702777
2024_25_20241226_LIV_LEI,2024_25,2024-12-26,LIV,LEI,1,0.7875,1.19,0.7802477335552837,-0.0072522664447163,0.7838738667776418,V0.10,9,0.0013556518733781012,0.788855651873378
2024_25_20241226_MCI_EVE,2024_25,2024-12-26,MCI,EVE,0,0.6115288220551378,1.55,0.6328449240807006,0.0213161020255627,0.6221868730679192,V0.10,6,0.004405005163275144,0.6159338272184129
2024_25_20241226_NEW_AVL,2024_25,2024-12-26,NEW,AVL,1,0.5924050632911392,1.61,0.6036469566605367,0.0112418933693975,0.5980260099758379,V0.10,5,-0.003328887307869349,0.5890761759832698
2024_25_20241226_NFO_TOT,2024_25,2024-12-26,NFO,TOT,0,0.6407766990291263,1.48,0.6499354081818569,0.0091587091527306,0.6453560536054916,V0.10,6,0.004405005163275144,0.6451817041924014
2024_25_20241226_SOU_WHU,2024_25,2024-12-26,SOU,WHU,0,0.5732647814910026,1.66,0.5926432044488564,0.0193784229578538,0.5829539929699294,V0.10,5,-0.003328887307869349,0.5699358941831332
2024_25_20241226_WOL_MUN,2024_25,2024-12-26,WOL,MUN,0,0.570694087403599,1.67,0.5800835486374741,0.0093894612338751,0.5753888180205365,V0.10,5,-0.003328887307869349,0.5673652000957295
2024_25_20241227_ARS_IPS,2024_25,2024-12-27,ARS,IPS,0,0.682648401826484,1.39,0.7058695108194261,0.023221108992942,0.6942589563229551,V0.10,7,0.004908160312244054,0.6875565621387281
2024_25_20241227_BRI_BRE,2024_25,2024-12-27,BRI,BRE,0,0.6587677725118484,1.44,0.677642403374235,0.0188746308623866,0.6682050879430417,V0.10,7,0.004908160312244054,0.6636759328240924
2024_25_20241229_CRY_SOU,2024_25,2024-12-29,CRY,SOU,1,0.5442708333333333,1.75,0.5663985720552143,0.022127738721881,0.5553347026942738,V0.10,4,0.011491570537022251,0.5557624038703555
2024_25_20241229_EVE_NFO,2024_25,2024-12-29,EVE,NFO,0,0.4267352185089973,2.23,0.4216509184089438,-0.0050843001000534,0.4241930684589706,V0.10,2,-0.0054715973361226175,0.4212636211728747
2024_25_20241229_FUL_BOU,2024_25,2024-12-29,FUL,BOU,1,0.5695876288659795,1.67,0.5849390080257858,0.0153513791598063,0.5772633184458826,V0.10,5,-0.003328887307869349,0.5662587415581101
2024_25_20241229_LEI_MCI,2024_25,2024-12-29,LEI,MCI,0,0.6930022573363431,1.36,0.7009544608256306,0.0079522034892874,0.6969783590809868,V0.10,7,0.004908160312244054,0.6979104176485872
2024_25_20241229_TOT_WOL,2024_25,2024-12-29,TOT,WOL,1,0.7176724137931035,1.31,0.7272819601623326,0.009609546369229,0.722477186977718,V0.10,8,-0.0073582917295994575,0.7103141220635041
2024_25_20241229_WHU_LIV,2024_25,2024-12-29,WHU,LIV,1,0.6774941995359629,1.39,0.6863028999148647,0.0088087003789018,0.6818985497254137,V0.10,7,0.004908160312244054,0.682402359848207
2024_25_20241230_AVL_BRI,2024_25,2024-12-30,AVL,BRI,1,0.5974683544303797,1.59,0.6231622630303734,0.0256939085999936,0.6103153087303765,V0.10,5,-0.003328887307869349,0.5941394671225103
2024_25_20241230_IPS_CHE,2024_25,2024-12-30,IPS,CHE,0,0.6578947368421053,1.43,0.6887714380644373,0.0308767012223319,0.6733330874532713,V0.10,7,0.004908160312244054,0.6628028971543494
2024_25_20241230_MUN_NEW,2024_25,2024-12-30,MUN,NEW,0,0.5831202046035805,1.63,0.5908102026210672,0.0076899980174867,0.5869652036123238,V0.10,5,-0.003328887307869349,0.5797913172957111
2024_25_20250101_BRE_ARS,2024_25,2025-01-01,BRE,ARS,1,0.615,1.54,0.617224920347518,0.0022249203475179,0.616112460173759,V0.10,6,0.004405005163275144,0.6194050051632751
2024_25_20250104_AVL_LEI,2024_25,2025-01-04,AVL,LEI,1,0.6323529411764707,1.5,0.6489030680195348,0.0165501268430641,0.6406280045980027,V0.10,6,0.004405005163275144,0.6367579463397458
2024_25_20250104_BOU_EVE,2024_25,2025-01-04,BOU,EVE,0,0.5130890052356021,1.86,0.5252042776672335,0.0121152724316314,0.5191466414514179,V0.10,4,0.011491570537022251,0.5245805757726243
2024_25_20250104_BRI_ARS,2024_25,2025-01-04,BRI,ARS,0,0.5506493506493506,1.73,0.5555205787668527,0.004871228117502,0.5530849647081016,V0.10,5,-0.003328887307869349,0.5473204633414812
2024_25_20250104_CRY_CHE,2024_25,2025-01-04,CRY,CHE,0,0.602015113350126,1.58,0.6193827863141071,0.0173676729639811,0.6106989498321166,V0.10,6,0.004405005163275144,0.6064201185134012
2024_25_20250104_MCI_WHU,2024_25,2025-01-04,MCI,WHU,1,0.7067833698030634,1.34,0.7173206621827687,0.0105372923797052,0.712052015992916,V0.10,8,-0.0073582917295994575,0.699425078073464
2024_25_20250104_SOU_BRE,2024_25,2025-01-04,SOU,BRE,1,0.5743589743589743,1.66,0.5928430579145442,0.0184840835555698,0.5836010161367593,V0.10,5,-0.003328887307869349,0.5710300870511049
2024_25_20250104_TOT_NEW,2024_25,2025-01-04,TOT,NEW,1,0.7149028077753781,1.32,0.7211207459117183,0.0062179381363401,0.7180117768435481,V0.10,8,-0.0073582917295994575,0.7075445160457786
2024_25_20250105_FUL_IPS,2024_25,2025-01-05,FUL,IPS,1,0.5584415584415584,1.7,0.5856846381400193,0.0272430796984608,0.5720630982907888,V0.10,5,-0.003328887307869349,0.555112671133689
2024_25_20250105_LIV_MUN,2024_25,2025-01-05,LIV,MUN,1,0.6697892271662763,1.41,0.6694697121127442,-0.0003195150535321,0.6696294696395102,V0.10,7,0.004908160312244054,0.6746973874785204
2024_25_20250106_WOL_NFO,2024_25,2025-01-06,WOL,NFO,1,0.4659685863874345,2.04,0.4539803432494927,-0.0119882431379417,0.4599744648184636,V0.10,3,3.6418317722625604e-06,0.46597222821920675
2024_25_20250114_BRE_MCI,2024_25,2025-01-14,BRE,MCI,1,0.6877828054298643,1.38,0.6890119393741123,0.001229133944248,0.6883973724019883,V0.10,7,0.004908160312244054,0.6926909657421083
2024_25_20250114_CHE_BOU,2024_25,2025-01-14,CHE,BOU,1,0.6689976689976691,1.42,0.6826394810858188,0.0136418120881497,0.675818575041744,V0.10,7,0.004908160312244054,0.6739058293099132
2024_25_20250114_NFO_LIV,2024_25,2025-01-14,NFO,LIV,0,0.5852417302798981,1.63,0.5822377646763944,-0.0030039656035036,0.5837397474781463,V0.10,5,-0.003328887307869349,0.5819128429720287
2024_25_20250114_WHU_FUL,2024_25,2025-01-14,WHU,FUL,1,0.5234374999999999,1.83,0.5273238473768819,0.0038863473768819,0.5253806736884409,V0.10,4,0.011491570537022251,0.5349290705370221
2024_25_20250115_ARS_TOT,2024_25,2025-01-15,ARS,TOT,1,0.6619385342789598,1.43,0.6602537725452358,-0.001684761733724,0.6610961534120978,V0.10,7,0.004908160312244054,0.6668466945912038
2024_25_20250115_EVE_AVL,2024_25,2025-01-15,EVE,AVL,0,0.4635416666666666,2.06,0.4668097549464813,0.0032680882798147,0.4651757108065739,V0.10,3,3.6418317722625604e-06,0.46354530849843883
2024_25_20250115_LEI_CRY,2024_25,2025-01-15,LEI,CRY,0,0.548051948051948,1.74,0.5571243197922202,0.0090723717402722,0.5525881339220842,V0.10,4,0.011491570537022251,0.5595435185889702
2024_25_20250115_NEW_WOL,2024_25,2025-01-15,NEW,WOL,1,0.6650943396226415,1.42,0.6834565583152166,0.018362218692575,0.6742754489689291,V0.10,7,0.004908160312244054,0.6700024999348856
2024_25_20250116_IPS_BRI,2024_25,2025-01-16,IPS,BRI,0,0.5569948186528497,1.71,0.584388965518484,0.0273941468656342,0.5706918920856668,V0.10,5,-0.003328887307869349,0.5536659313449803
2024_25_20250116_MUN_SOU,2024_25,2025-01-16,MUN,SOU,1,0.6237623762376239,1.52,0.6426981101366442,0.0189357338990203,0.6332302431871341,V0.10,6,0.004405005163275144,0.628167381400899
2024_25_20250118_ARS_AVL,2024_25,2025-01-18,ARS,AVL,1,0.5248041775456919,1.82,0.5101110748441962,-0.0146931027014957,0.517457626194944,V0.10,4,0.011491570537022251,0.5362957480827141
2024_25_20250118_BRE_LIV,2024_25,2025-01-18,BRE,LIV,0,0.7006651884700665,1.35,0.701456328492921,0.0007911400228545,0.7010607584814939,V0.10,8,-0.0073582917295994575,0.6933068967404671
2024_25_20250118_LEI_FUL,2024_25,2025-01-18,LEI,FUL,0,0.5558441558441558,1.71,0.5601904319724728,0.0043462761283169,0.5580172939083143,V0.10,5,-0.003328887307869349,0.5525152685362864
2024_25_20250118_NEW_BOU,2024_25,2025-01-18,NEW,BOU,1,0.6159600997506234,1.54,0.6298672121943799,0.0139071124437565,0.6229136559725017,V0.10,6,0.004405005163275144,0.6203651049138985
2024_25_20250118_WHU_CRY,2024_25,2025-01-18,WHU,CRY,0,0.5326370757180157,1.79,0.5369303388696854,0.0042932631516697,0.5347837072938506,V0.10,4,0.011491570537022251,0.5441286462550379
2024_25_20250119_EVE_TOT,2024_25,2025-01-19,EVE,TOT,1,0.5644329896907216,1.69,0.5769231038130597,0.012490114122338,0.5706780467518906,V0.10,5,-0.003328887307869349,0.5611041023828522
2024_25_20250119_IPS_MCI,2024_25,2025-01-19,IPS,MCI,1,0.6555023923444976,1.44,0.6749646204652449,0.0194622281207472,0.6652335064048712,V0.10,7,0.004908160312244054,0.6604105526567416
2024_25_20250119_MUN_BRI,2024_25,2025-01-19,MUN,BRI,1,0.5732647814910026,1.66,0.5847242047827679,0.0114594232917653,0.5789944931368852,V0.10,5,-0.003328887307869349,0.5699358941831332
2024_25_20250119_NFO_SOU,2024_25,2025-01-19,NFO,SOU,1,0.5442708333333333,1.75,0.5547509042925707,0.0104800709592374,0.549510868812952,V0.10,4,0.011491570537022251,0.5557624038703555
2024_25_20250120_CHE_WOL,2024_25,2025-01-20,CHE,WOL,1,0.690744920993228,1.37,0.7029907442495905,0.0122458232563624,0.6968678326214093,V0.10,7,0.004908160312244054,0.6956530813054721
2024_25_20250125_BOU_NFO,2024_25,2025-01-25,BOU,NFO,1,0.5260416666666667,1.82,0.5278447017709147,0.0018030351042479,0.5269431842187907,V0.10,4,0.011491570537022251,0.537533237203689
2024_25_20250125_BRI_EVE,2024_25,2025-01-25,BRI,EVE,0,0.5039164490861618,1.9,0.5211535201132256,0.0172370710270637,0.5125349845996937,V0.10,4,0.011491570537022251,0.515408019623184
2024_25_20250125_LIV_IPS,2024_25,2025-01-25,LIV,IPS,1,0.7534516765285997,1.25,0.7593183725177651,0.0058666959891654,0.7563850245231825,V0.10,9,0.0013556518733781012,0.7548073284019777
2024_25_20250125_MCI_CHE,2024_25,2025-01-25,MCI,CHE,1,0.6713286713286714,1.41,0.6683568550753483,-0.0029718162533231,0.6698427632020099,V0.10,7,0.004908160312244054,0.6762368316409154
2024_25_20250125_SOU_NEW,2024_25,2025-01-25,SOU,NEW,1,0.6563245823389022,1.44,0.6818673566043002,0.0255427742653979,0.6690959694716012,V0.10,7,0.004908160312244054,0.6612327426511463
2024_25_20250125_WOL_ARS,2024_25,2025-01-25,WOL,ARS,0,0.5544041450777203,1.72,0.5569336080371962,0.0025294629594758,0.5556688765574582,V0.10,5,-0.003328887307869349,0.5510752577698509
2024_25_20250126_AVL_WHU,2024_25,2025-01-26,AVL,WHU,0,0.5695876288659795,1.67,0.5746526164961906,0.0050649876302111,0.572120122681085,V0.10,5,-0.003328887307869349,0.5662587415581101
2024_25_20250126_CRY_BRE,2024_25,2025-01-26,CRY,BRE,1,0.5492227979274612,1.74,0.5536896162487852,0.004466818321324,0.5514562070881233,V0.10,4,0.011491570537022251,0.5607143684644834
2024_25_20250126_FUL_MUN,2024_25,2025-01-26,FUL,MUN,0,0.5169712793733681,1.85,0.5144624466005527,-0.0025088327728153,0.5157168629869604,V0.10,4,0.011491570537022251,0.5284628499103903
2024_25_20250126_TOT_LEI,2024_25,2025-01-26,TOT,LEI,1,0.7108695652173914,1.33,0.7143490875568128,0.0034795223394213,0.7126093263871021,V0.10,8,-0.0073582917295994575,0.703511273487792
2024_25_20250201_BOU_LIV,2024_25,2025-02-01,BOU,LIV,0,0.6481927710843374,1.46,0.6466490084796469,-0.0015437626046904,0.6474208897819922,V0.10,6,0.004405005163275144,0.6525977762476125
2024_25_20250201_EVE_LEI,2024_25,2025-02-01,EVE,LEI,1,0.4765625,2.01,0.4705708827167458,-0.0059916172832542,0.4735666913583729,V0.10,3,3.6418317722625604e-06,0.47656614183177226
2024_25_20250201_IPS_SOU,2024_25,2025-02-01,IPS,SOU,1,0.5428571428571429,1.76,0.5620017982882751,0.0191446554311321,0.5524294705727091,V0.10,4,0.011491570537022251,0.5543487133941651
2024_25_20250201_NEW_FUL,2024_25,2025-02-01,NEW,FUL,1,0.5816326530612244,1.64,0.5861976219316363,0.0045649688704119,0.5839151374964303,V0.10,5,-0.003328887307869349,0.578303765753355
2024_25_20250201_NFO_BRI,2024_25,2025-02-01,NFO,BRI,1,0.4986945169712793,1.92,0.4984431915446622,-0.000251325426617,0.4985688542579708,V0.10,3,3.6418317722625604e-06,0.49869815880305157
2024_25_20250201_WOL_AVL,2024_25,2025-02-01,WOL,AVL,0,0.5607235142118864,1.7,0.5788128297920877,0.0180893155802013,0.569768172001987,V0.10,5,-0.003328887307869349,0.557394626904017
2024_25_20250202_ARS_MCI,2024_25,2025-02-02,ARS,MCI,1,0.5454545454545455,1.75,0.5191192478313628,-0.0263352976231827,0.5322868966429541,V0.10,4,0.011491570537022251,0.5569461159915677
2024_25_20250202_BRE_TOT,2024_25,2025-02-02,BRE,TOT,0,0.7096069868995633,1.33,0.7157052763389399,0.0060982894393766,0.7126561316192516,V0.10,8,-0.0073582917295994575,0.7022486951699638
2024_25_20250202_MUN_CRY,2024_25,2025-02-02,MUN,CRY,0,0.5209424083769634,1.83,0.5271156508292468,0.0061732424522834,0.5240290296031052,V0.10,4,0.011491570537022251,0.5324339789139856
2024_25_20250203_CHE_WHU,2024_25,2025-02-03,CHE,WHU,1,0.6842105263157895,1.38,0.698319519510019,0.0141089931942295,0.6912650229129043,V0.10,7,0.004908160312244054,0.6891186866280335
2024_25_20250212_EVE_LIV,2024_25,2025-02-12,EVE,LIV,1,0.5604113110539846,1.71,0.5533340181534733,-0.0070772929005112,0.556872664603729,V0.10,5,-0.003328887307869349,0.5570824237461152
2024_25_20250214_BRI_CHE,2024_25,2025-02-14,BRI,CHE,1,0.605,1.58,0.6221500859725089,0.0171500859725088,0.6135750429862544,V0.10,6,0.004405005163275144,0.6094050051632751
2024_25_20250215_AVL_IPS,2024_25,2025-02-15,AVL,IPS,0,0.6040100250626567,1.58,0.6316124535652771,0.0276024285026204,0.6178112393139669,V0.10,6,0.004405005163275144,0.6084150302259318
2024_25_20250215_CRY_EVE,2024_25,2025-02-15,CRY,EVE,1,0.4282051282051282,2.23,0.4251984832259698,-0.0030066449791583,0.426701805715549,V0.10,2,-0.0054715973361226175,0.42273353086900556
2024_25_20250215_FUL_NFO,2024_25,2025-02-15,FUL,NFO,1,0.4559585492227979,2.1,0.4441300718639518,-0.011828477358846,0.4500443105433748,V0.10,3,3.6418317722625604e-06,0.45596219105457014
2024_25_20250215_LEI_ARS,2024_25,2025-02-15,LEI,ARS,0,0.5592783505154639,1.71,0.5638296517230764,0.0045513012076124,0.5615540011192701,V0.10,5,-0.003328887307869349,0.5559494632075945
2024_25_20250215_MCI_NEW,2024_25,2025-02-15,MCI,NEW,1,0.6563981042654028,1.45,0.6524767997321422,-0.0039213045332605,0.6544374519987726,V0.10,7,0.004908160312244054,0.6613062645776469
2024_25_20250215_SOU_BOU,2024_25,2025-02-15,SOU,BOU,1,0.637469586374696,1.49,0.6704455354634383,0.0329759490887423,0.6539575609190671,V0.10,6,0.004405005163275144,0.6418745915379711
2024_25_20250215_WHU_BRE,2024_25,2025-02-15,WHU,BRE,0,0.5969773299748111,1.6,0.6109374171349031,0.013960087160092,0.6039573735548571,V0.10,5,-0.003328887307869349,0.5936484426669417
2024_25_20250216_LIV_WOL,2024_25,2025-02-16,LIV,WOL,1,0.6948775055679287,1.37,0.7020943992237604,0.0072168936558316,0.6984859523958445,V0.10,7,0.004908160312244054,0.6997856658801728
2024_25_20250216_TOT_MUN,2024_25,2025-02-16,TOT,MUN,0,0.6433734939759036,1.48,0.645485847036455,0.0021123530605513,0.6444296705061793,V0.10,6,0.004405005163275144,0.6477784991391787
2024_25_20250219_AVL_LIV,2024_25,2025-02-19,AVL,LIV,1,0.6109725685785536,1.56,0.6116988794114908,0.0007263108329371,0.6113357239950222,V0.10,6,0.004405005163275144,0.6153775737418288
2024_25_20250221_LEI_BRE,2024_25,2025-02-21,LEI,BRE,1,0.605,1.58,0.6278075736256113,0.0228075736256113,0.6164037868128056,V0.10,6,0.004405005163275144,0.6094050051632751
2024_25_20250222_ARS_WHU,2024_25,2025-02-22,ARS,WHU,0,0.5692307692307692,1.68,0.5653395714459998,-0.0038911977847694,0.5672851703383845,V0.10,5,-0.003328887307869349,0.5659018819228998
2024_25_20250222_AVL_CHE,2024_25,2025-02-22,AVL,CHE,1,0.6109725685785536,1.56,0.6309602552671262,0.0199876866885725,0.62096641192284,V0.10,6,0.004405005163275144,0.6153775737418288
2024_25_20250222_BOU_WOL,2024_25,2025-02-22,BOU,WOL,0,0.6005025125628142,1.59,0.6232503308194898,0.0227478182566756,0.611876421691152,V0.10,6,0.004405005163275144,0.6049075177260893
2024_25_20250222_EVE_MUN,2024_25,2025-02-22,EVE,MUN,1,0.4370179948586118,2.19,0.4278159500283976,-0.0092020448302141,0.4324169724435047,V0.10,2,-0.0054715973361226175,0.4315463975224892
2024_25_20250222_FUL_CRY,2024_25,2025-02-22,FUL,CRY,0,0.4857142857142857,1.98,0.4877980287697168,0.0020837430554311,0.4867561572420013,V0.10,3,3.6418317722625604e-06,0.48571792754605797
2024_25_20250222_IPS_TOT,2024_25,2025-02-22,IPS,TOT,1,0.6274509803921569,1.52,0.6429751293886465,0.0155241489964896,0.6352130548904017,V0.10,6,0.004405005163275144,0.631855985555432
2024_25_20250222_SOU_BRI,2024_25,2025-02-22,SOU,BRI,1,0.605,1.58,0.6372731412488125,0.0322731412488125,0.6211365706244063,V0.10,6,0.004405005163275144,0.6094050051632751
2024_25_20250223_MCI_LIV,2024_25,2025-02-23,MCI,LIV,0,0.6720930232558139,1.41,0.6579706685718264,-0.0141223546839874,0.6650318459138201,V0.10,7,0.004908160312244054,0.6770011835680579
2024_25_20250223_NEW_NFO,2024_25,2025-02-23,NEW,NFO,1,0.5754475703324808,1.66,0.5791764927343495,0.0037289224018686,0.5773120315334151,V0.10,5,-0.003328887307869349,0.5721186830246114
2024_25_20250225_BRI_BOU,2024_25,2025-02-25,BRI,BOU,1,0.5919395465994962,1.62,0.6138918041358074,0.0219522575363111,0.6029156753676518,V0.10,5,-0.003328887307869349,0.5886106592916268
2024_25_20250225_CHE_SOU,2024_25,2025-02-25,CHE,SOU,1,0.744,1.28,0.767517180200262,0.023517180200262,0.755758590100131,V0.10,8,-0.0073582917295994575,0.7366417082704005
2024_25_20250225_CRY_AVL,2024_25,2025-02-25,CRY,AVL,1,0.5064935064935064,1.9,0.5134676848541088,0.0069741783606023,0.5099805956738076,V0.10,4,0.011491570537022251,0.5179850770305287
2024_25_20250225_WOL_FUL,2024_25,2025-02-25,WOL,FUL,1,0.4779220779220779,2.01,0.4817842107463194,0.0038621328242415,0.4798531443341987,V0.10,3,3.6418317722625604e-06,0.4779257197538502
2024_25_20250226_BRE_EVE,2024_25,2025-02-26,BRE,EVE,0,0.5182291666666667,1.85,0.5232487748372194,0.0050196081705526,0.5207389707519431,V0.10,4,0.011491570537022251,0.529720737203689
2024_25_20250226_LIV_NEW,2024_25,2025-02-26,LIV,NEW,0,0.6595744680851063,1.44,0.6616237302401129,0.0020492621550065,0.6605990991626096,V0.10,7,0.004908160312244054,0.6644826283973504
2024_25_20250226_MUN_IPS,2024_25,2025-02-26,MUN,IPS,1,0.5826972010178116,1.64,0.6029317572734568,0.0202345562556451,0.5928144791456342,V0.10,5,-0.003328887307869349,0.5793683137099422
2024_25_20250226_NFO_ARS,2024_25,2025-02-26,NFO,ARS,0,0.440721649484536,2.17,0.4032752897867294,-0.0374463596978066,0.4219984696356327,V0.10,2,-0.0054715973361226175,0.4352500521484134
2024_25_20250226_TOT_MCI,2024_25,2025-02-26,TOT,MCI,0,0.7105831533477323,1.34,0.7076038632827025,-0.0029792900650297,0.7090935083152174,V0.10,8,-0.0073582917295994575,0.7032248616181328
2024_25_20250227_WHU_LEI,2024_25,2025-02-27,WHU,LEI,0,0.5592783505154639,1.71,0.5698967946199581,0.0106184441044941,0.564587572567711,V0.10,5,-0.003328887307869349,0.5559494632075945
2024_25_20250308_BRE_AVL,2024_25,2025-03-08,BRE,AVL,0,0.625615763546798,1.52,0.6465228381128277,0.0209070745660296,0.6360693008298128,V0.10,6,0.004405005163275144,0.6300207687100732
2024_25_20250308_BRI_FUL,2024_25,2025-03-08,BRI,FUL,1,0.5466321243523315,1.75,0.5569400922761072,0.0103079679237756,0.5517861083142194,V0.10,4,0.011491570537022251,0.5581236948893538
2024_25_20250308_CRY_IPS,2024_25,2025-03-08,CRY,IPS,0,0.5418848167539266,1.75,0.5527098107587652,0.0108249940048386,0.5472973137563459,V0.10,4,0.011491570537022251,0.5533763872909488
2024_25_20250308_LIV_SOU,2024_25,2025-03-08,LIV,SOU,1,0.748015873015873,1.27,0.7547553660576366,0.0067394930417635,0.7513856195367548,V0.10,8,-0.0073582917295994575,0.7406575812862736
2024_25_20250308_NFO_MCI,2024_25,2025-03-08,NFO,MCI,0,0.606516290726817,1.57,0.5967763253775258,-0.0097399653492912,0.6016463080521715,V0.10,6,0.004405005163275144,0.6109212958900921
2024_25_20250308_WOL_EVE,2024_25,2025-03-08,WOL,EVE,0,0.4194373401534527,2.27,0.413428537411727,-0.0060088027417256,0.4164329387825898,V0.10,2,-0.0054715973361226175,0.41396574281733006
2024_25_20250309_CHE_LEI,2024_25,2025-03-09,CHE,LEI,0,0.7045951859956237,1.35,0.7234234993118398,0.0188283133162161,0.7140093426537317,V0.10,8,-0.0073582917295994575,0.6972368942660242
2024_25_20250309_MUN_ARS,2024_25,2025-03-09,MUN,ARS,0,0.4381443298969071,2.18,0.4127214981378048,-0.0254228317591023,0.4254329140173559,V0.10,2,-0.0054715973361226175,0.4326727325607845
2024_25_20250309_TOT_BOU,2024_25,2025-03-09,TOT,BOU,1,0.6848072562358277,1.39,0.705823898942445,0.0210166427066172,0.6953155775891364,V0.10,7,0.004908160312244054,0.6897154165480718
2024_25_20250310_WHU_NEW,2024_25,2025-03-10,WHU,NEW,0,0.5633074935400517,1.69,0.5747787757586904,0.0114712822186386,0.5690431346493711,V0.10,5,-0.003328887307869349,0.5599786062321823
2024_25_20250315_BOU_BRE,2024_25,2025-03-15,BOU,BRE,1,0.6425120772946861,1.48,0.6562006347655139,0.0136885574708278,0.6493563560301,V0.10,6,0.004405005163275144,0.6469170824579612
2024_25_20250315_EVE_WHU,2024_25,2025-03-15,EVE,WHU,0,0.416243654822335,2.3,0.3912674317175027,-0.0249762231048322,0.4037555432699188,V0.10,2,-0.0054715973361226175,0.41077205748621237
2024_25_20250315_IPS_NFO,2024_25,2025-03-15,IPS,NFO,1,0.5182291666666667,1.85,0.5227795833088195,0.0045504166421527,0.5205043749877432,V0.10,4,0.011491570537022251,0.529720737203689
2024_25_20250315_MCI_BRI,2024_25,2025-03-15,MCI,BRI,1,0.6457831325301205,1.47,0.6448598264550693,-0.0009233060750512,0.645321479492595,V0.10,6,0.004405005163275144,0.6501881376933957
2024_25_20250315_SOU_WOL,2024_25,2025-03-15,SOU,WOL,1,0.5286458333333333,1.81,0.5402230404739204,0.0115772071405871,0.5344344369036269,V0.10,4,0.011491570537022251,0.5401374038703555
2024_25_20250316_ARS_CHE,2024_25,2025-03-16,ARS,CHE,0,0.5078534031413613,1.88,0.4887168562101473,-0.0191365469312139,0.4982851296757543,V0.10,4,0.011491570537022251,0.5193449736783835
2024_25_20250316_FUL_TOT,2024_25,2025-03-16,FUL,TOT,0,0.606516290726817,1.57,0.6167279673549116,0.0102116766280946,0.6116221290408643,V0.10,6,0.004405005163275144,0.6109212958900921
2024_25_20250316_LEI_MUN,2024_25,2025-03-16,LEI,MUN,1,0.5326370757180157,1.79,0.5403978869734163,0.0077608112554006,0.536517481345716,V0.10,4,0.011491570537022251,0.5441286462550379
2024_25_20250401_ARS_FUL,2024_25,2025-04-01,ARS,FUL,1,0.4507772020725388,2.12,0.4306575598854312,-0.0201196421871075,0.440717380978985,V0.10,3,3.6418317722625604e-06,0.45078084390431106
2024_25_20250401_NFO_MUN,2024_25,2025-04-01,NFO,MUN,0,0.4934725848563968,1.94,0.4720155141975941,-0.0214570706588026,0.4827440495269954,V0.10,3,3.6418317722625604e-06,0.49347622668816904
2024_25_20250401_WOL_WHU,2024_25,2025-04-01,WOL,WHU,0,0.4381443298969071,2.18,0.4307152495106494,-0.0074290803862577,0.4344297897037782,V0.10,2,-0.0054715973361226175,0.4326727325607845
2024_25_20250402_BOU_IPS,2024_25,2025-04-02,BOU,IPS,1,0.6253101736972705,1.51,0.634668507126008,0.0093583334287374,0.6299893404116392,V0.10,6,0.004405005163275144,0.6297151788605456
2024_25_20250402_BRI_AVL,2024_25,2025-04-02,BRI,AVL,1,0.6,1.58,0.6212764074979671,0.0212764074979671,0.6106382037489835,V0.10,6,0.004405005163275144,0.6044050051632751
2024_25_20250402_LIV_EVE,2024_25,2025-04-02,LIV,EVE,0,0.5392670157068064,1.76,0.5281877782810962,-0.0110792374257101,0.5337273969939513,V0.10,4,0.011491570537022251,0.5507585862438286
2024_25_20250402_MCI_LEI,2024_25,2025-04-02,MCI,LEI,0,0.6842105263157895,1.38,0.6837105680924721,-0.0004999582233173,0.6839605472041308,V0.10,7,0.004908160312244054,0.6891186866280335
2024_25_20250402_NEW_BRE,2024_25,2025-04-02,NEW,BRE,1,0.6473429951690821,1.46,0.6637332927682653,0.0163902975991832,0.6555381439686737,V0.10,6,0.004405005163275144,0.6517480003323572
2024_25_20250402_SOU_CRY,2024_25,2025-04-02,SOU,CRY,0,0.5328083989501312,1.78,0.5461896649454336,0.0133812659953024,0.5394990319477824,V0.10,4,0.011491570537022251,0.5442999694871534
2024_25_20250403_CHE_TOT,2024_25,2025-04-03,CHE,TOT,0,0.6774941995359629,1.39,0.6887636867767596,0.0112694872407966,0.6831289431563612,V0.10,7,0.004908160312244054,0.682402359848207
2024_25_20250405_AVL_NFO,2024_25,2025-04-05,AVL,NFO,1,0.5352480417754569,1.78,0.5334412741769751,-0.0018067675984818,0.534344657976216,V0.10,4,0.011491570537022251,0.5467396123124791
2024_25_20250405_CRY_BRI,2024_25,2025-04-05,CRY,BRI,1,0.5340314136125655,1.78,0.5429221868169566,0.0088907732043911,0.5384768002147611,V0.10,4,0.011491570537022251,0.5455229841495877
2024_25_20250405_EVE_ARS,2024_25,2025-04-05,EVE,ARS,0,0.4025316455696203,2.36,0.3715330738227527,-0.0309985717468675,0.3870323596961865,V0.10,2,-0.0054715973361226175,0.39706004823349766
2024_25_20250405_IPS_WOL,2024_25,2025-04-05,IPS,WOL,1,0.4581151832460733,2.07,0.4588917898489138,0.0007766066028405,0.4585034865474935,V0.10,3,3.6418317722625604e-06,0.45811882507784557
2024_25_20250405_WHU_BOU,2024_25,2025-04-05,WHU,BOU,1,0.5287958115183247,1.8,0.5344273830970766,0.0056315715787519,0.5316115973077007,V0.10,4,0.011491570537022251,0.5402873820553469
2024_25_20250406_BRE_CHE,2024_25,2025-04-06,BRE,CHE,0,0.6165413533834586,1.53,0.6315871065773576,0.015045753193899,0.6240642299804081,V0.10,6,0.004405005163275144,0.6209463585467337
2024_25_20250406_FUL_LIV,2024_25,2025-04-06,FUL,LIV,1,0.5287958115183247,1.8,0.5228663210777487,-0.005929490440576,0.5258310662980367,V0.10,4,0.011491570537022251,0.5402873820553469
2024_25_20250406_MUN_MCI,2024_25,2025-04-06,MUN,MCI,0,0.5732647814910026,1.66,0.5615156858844436,-0.011749095606559,0.567390233687723,V0.10,5,-0.003328887307869349,0.5699358941831332
2024_25_20250406_TOT_SOU,2024_25,2025-04-06,TOT,SOU,1,0.6827586206896552,1.38,0.6990359996542145,0.0162773789645592,0.6908973101719349,V0.10,7,0.004908160312244054,0.6876667810018993
2024_25_20250407_LEI_NEW,2024_25,2025-04-07,LEI,NEW,1,0.5928753180661578,1.6,0.6117649760096773,0.0188896579435194,0.6023201470379176,V0.10,5,-0.003328887307869349,0.5895464307582884
2024_25_20250412_ARS_BRE,2024_25,2025-04-12,ARS,BRE,0,0.5378590078328982,1.77,0.5394486737086093,0.001589665875711,0.5386538407707537,V0.10,4,0.011491570537022251,0.5493505783699204
2024_25_20250412_BRI_LEI,2024_25,2025-04-12,BRI,LEI,1,0.5913705583756345,1.61,0.6039848168969179,0.0126142585212833,0.5976776876362762,V0.10,5,-0.003328887307869349,0.5880416710677651
2024_25_20250412_MCI_CRY,2024_25,2025-04-12,MCI,CRY,1,0.6184538653366584,1.53,0.6245118717784005,0.0060580064417421,0.6214828685575294,V0.10,6,0.004405005163275144,0.6228588704999335
2024_25_20250412_NFO_EVE,2024_25,2025-04-12,NFO,EVE,0,0.4293059125964009,2.22,0.4038735567501322,-0.0254323558462686,0.4165897346732665,V0.10,2,-0.0054715973361226175,0.42383431526027826
2024_25_20250412_SOU_AVL,2024_25,2025-04-12,SOU,AVL,1,0.5984848484848484,1.59,0.6188103387419824,0.020325490257134,0.6086475936134155,V0.10,5,-0.003328887307869349,0.595155961176979
2024_25_20250413_CHE_IPS,2024_25,2025-04-13,CHE,IPS,1,0.6595238095238095,1.43,0.6755893351834028,0.0160655256595932,0.6675565723536061,V0.10,7,0.004908160312244054,0.6644319698360536
2024_25_20250413_LIV_WHU,2024_25,2025-04-13,LIV,WHU,1,0.6228287841191067,1.52,0.6304399548409546,0.0076111707218479,0.6266343694800307,V0.10,6,0.004405005163275144,0.6272337892823818
2024_25_20250413_NEW_MUN,2024_25,2025-04-13,NEW,MUN,1,0.5805626598465473,1.64,0.5930753878850171,0.0125127280384698,0.5868190238657822,V0.10,5,-0.003328887307869349,0.5772337725386779
2024_25_20250413_WOL_TOT,2024_25,2025-04-13,WOL,TOT,1,0.5732647814910026,1.66,0.5893923571332031,0.0161275756422005,0.5813285693121029,V0.10,5,-0.003328887307869349,0.5699358941831332
2024_25_20250414_BOU_FUL,2024_25,2025-04-14,BOU,FUL,0,0.5468749999999999,1.74,0.5529302974401519,0.0060552974401519,0.5499026487200759,V0.10,4,0.011491570537022251,0.5583665705370221
2024_25_20250416_NEW_CRY,2024_25,2025-04-16,NEW,CRY,1,0.5633074935400517,1.69,0.5735441882515246,0.0102366947114729,0.5684258408957882,V0.10,5,-0.003328887307869349,0.5599786062321823
2024_25_20250419_AVL_NEW,2024_25,2025-04-19,AVL,NEW,1,0.5831202046035805,1.63,0.589827373772583,0.0067071691690024,0.5864737891880818,V0.10,5,-0.003328887307869349,0.5797913172957111
2024_25_20250419_BRE_BRI,2024_25,2025-04-19,BRE,BRI,1,0.5984848484848484,1.59,0.6183290477927039,0.0198441993078555,0.6084069481387762,V0.10,5,-0.003328887307869349,0.595155961176979
2024_25_20250419_CRY_BOU,2024_25,2025-04-19,CRY,BOU,0,0.5340314136125655,1.78,0.5363315121773944,0.0023000985648289,0.5351814628949799,V0.10,4,0.011491570537022251,0.5455229841495877
2024_25_20250419_EVE_MCI,2024_25,2025-04-19,EVE,MCI,0,0.5221932114882506,1.83,0.506390502859407,-0.0158027086288435,0.5142918571738289,V0.10,4,0.011491570537022251,0.5336847820252728
2024_25_20250419_WHU_SOU,2024_25,2025-04-19,WHU,SOU,0,0.5658914728682171,1.68,0.5811742354440501,0.015282762575833,0.5735328541561335,V0.10,5,-0.003328887307869349,0.5625625855603477
2024_25_20250420_FUL_CHE,2024_25,2025-04-20,FUL,CHE,1,0.5261780104712042,1.81,0.5314368484762221,0.0052588380050179,0.5288074294737131,V0.10,4,0.011491570537022251,0.5376695810082264
2024_25_20250420_IPS_ARS,2024_25,2025-04-20,IPS,ARS,1,0.5532467532467532,1.72,0.5661505733226158,0.0129038200758625,0.5596986632846845,V0.10,5,-0.003328887307869349,0.5499178659388838
2024_25_20250420_LEI_LIV,2024_25,2025-04-20,LEI,LIV,0,0.6555023923444976,1.44,0.6725786390057232,0.0170762466612256,0.6640405156751104,V0.10,7,0.004908160312244054,0.6604105526567416
2024_25_20250420_MUN_WOL,2024_25,2025-04-20,MUN,WOL,0,0.4947643979057591,1.93,0.5018795585963127,0.0071151606905536,0.4983219782510359,V0.10,3,3.6418317722625604e-06,0.49476803973753136
2024_25_20250421_TOT_NFO,2024_25,2025-04-21,TOT,NFO,1,0.601010101010101,1.58,0.6022265578866574,0.0012164568765563,0.6016183294483792,V0.10,6,0.004405005163275144,0.6054151061733761
2024_25_20250422_MCI_AVL,2024_25,2025-04-22,MCI,AVL,1,0.628992628992629,1.51,0.6302378677893153,0.0012452387966863,0.6296152483909722,V0.10,6,0.004405005163275144,0.6333976341559041
2024_25_20250423_ARS_CRY,2024_25,2025-04-23,ARS,CRY,1,0.5104712041884817,1.87,0.5078774891269847,-0.0025937150614969,0.5091743466577332,V0.10,4,0.011491570537022251,0.5219627747255039
2024_25_20250426_BRI_WHU,2024_25,2025-04-26,BRI,WHU,1,0.5695876288659795,1.67,0.5832348549096241,0.0136472260436446,0.5764112418878018,V0.10,5,-0.003328887307869349,0.5662587415581101
2024_25_20250426_CHE_EVE,2024_25,2025-04-26,CHE,EVE,0,0.5157068062827225,1.85,0.5206182199658393,0.0049114136831168,0.5181625131242809,V0.10,4,0.011491570537022251,0.5271983768197447
2024_25_20250426_NEW_IPS,2024_25,2025-04-26,NEW,IPS,1,0.7035398230088495,1.34,0.7219623038767295,0.01842248086788,0.7127510634427896,V0.10,8,-0.0073582917295994575,0.6961815312792501
2024_25_20250426_SOU_FUL,2024_25,2025-04-26,SOU,FUL,1,0.5546875,1.71,0.5746586849515755,0.0199711849515754,0.5646730924757877,V0.10,5,-0.003328887307869349,0.5513586126921306
2024_25_20250426_WOL_LEI,2024_25,2025-04-26,WOL,LEI,1,0.5442708333333333,1.75,0.5572671107190312,0.0129962773856979,0.5507689720261822,V0.10,4,0.011491570537022251,0.5557624038703555
2024_25_20250427_BOU_MUN,2024_25,2025-04-27,BOU,MUN,0,0.5670103092783505,1.68,0.585514592174465,0.0185042828961145,0.5762624507264078,V0.10,5,-0.003328887307869349,0.5636814219704811
2024_25_20250427_LIV_TOT,2024_25,2025-04-27,LIV,TOT,1,0.7206823027718551,1.31,0.7274060125227296,0.0067237097508745,0.7240441576472924,V0.10,8,-0.0073582917295994575,0.7133240110422556
2024_25_20250501_NFO_BRE,2024_25,2025-05-01,NFO,BRE,0,0.5326370757180157,1.79,0.5328201070912206,0.0001830313732049,0.5327285914046181,V0.10,4,0.011491570537022251,0.5441286462550379
2024_25_20250502_MCI_WOL,2024_25,2025-05-02,MCI,WOL,0,0.6228287841191067,1.52,0.6348352121650923,0.0120064280459856,0.6288319981420996,V0.10,6,0.004405005163275144,0.6272337892823818
2024_25_20250503_ARS_BOU,2024_25,2025-05-03,ARS,BOU,1,0.5195822454308094,1.84,0.5181166447000792,-0.0014656007307302,0.5188494450654444,V0.10,4,0.011491570537022251,0.5310738159678317
2024_25_20250503_AVL_FUL,2024_25,2025-05-03,AVL,FUL,0,0.5520833333333334,1.72,0.5618790778664626,0.0097957445331292,0.5569812055998979,V0.10,5,-0.003328887307869349,0.548754446025464
2024_25_20250503_EVE_IPS,2024_25,2025-05-03,EVE,IPS,1,0.5052356020942408,1.89,0.5086892455847866,0.0034536434905457,0.5069624238395136,V0.10,4,0.011491570537022251,0.516727172631263
2024_25_20250503_LEI_SOU,2024_25,2025-05-03,LEI,SOU,0,0.5456919060052219,1.74,0.5578244492121202,0.0121325432068982,0.5517581776086711,V0.10,4,0.011491570537022251,0.5571834765422441
2024_25_20250504_BRE_MUN,2024_25,2025-05-04,BRE,MUN,1,0.5695876288659795,1.67,0.5836037896143159,0.0140161607483364,0.5765957092401477,V0.10,5,-0.003328887307869349,0.5662587415581101
2024_25_20250504_BRI_NEW,2024_25,2025-05-04,BRI,NEW,0,0.6144278606965174,1.55,0.6199533810868298,0.0055255203903123,0.6171906208916736,V0.10,6,0.004405005163275144,0.6188328658597926
2024_25_20250504_CHE_LIV,2024_25,2025-05-04,CHE,LIV,1,0.6140350877192983,1.54,0.6208224854123349,0.0067873976930366,0.6174287865658166,V0.10,6,0.004405005163275144,0.6184400928825734
2024_25_20250504_WHU_TOT,2024_25,2025-05-04,WHU,TOT,0,0.606060606060606,1.56,0.6212985873440419,0.0152379812834358,0.6136795967023239,V0.10,6,0.004405005163275144,0.6104656112238811
2024_25_20250505_CRY_NFO,2024_25,2025-05-05,CRY,NFO,0,0.486910994764398,1.96,0.480764538257351,-0.0061464565070469,0.4838377665108745,V0.10,3,3.6418317722625604e-06,0.48691463659617024
2024_25_20250510_BOU_AVL,2024_25,2025-05-10,BOU,AVL,0,0.5913705583756345,1.61,0.6117704568266885,0.020399898451054,0.6015705076011615,V0.10,5,-0.003328887307869349,0.5880416710677651
2024_25_20250510_FUL_EVE,2024_25,2025-05-10,FUL,EVE,1,0.4673629242819843,2.04,0.4733929996841038,0.0060300754021195,0.470377961983044,V0.10,3,3.6418317722625604e-06,0.46736656611375654
2024_25_20250510_IPS_BRE,2024_25,2025-05-10,IPS,BRE,0,0.6253101736972705,1.51,0.647306123031363,0.0219959493340925,0.6363081483643167,V0.10,6,0.004405005163275144,0.6297151788605456
2024_25_20250510_SOU_MCI,2024_25,2025-05-10,SOU,MCI,0,0.7076923076923077,1.33,0.7313833396947255,0.0236910320024177,0.7195378236935166,V0.10,8,-0.0073582917295994575,0.7003340159627083
2024_25_20250510_WOL_BRI,2024_25,2025-05-10,WOL,BRI,0,0.5506493506493506,1.73,0.5651494370858207,0.01450008643647,0.5578993938675856,V0.10,5,-0.003328887307869349,0.5473204633414812
2024_25_20250511_LIV_ARS,2024_25,2025-05-11,LIV,ARS,1,0.5558441558441558,1.71,0.5434185620103602,-0.0124255938337956,0.549631358927258,V0.10,5,-0.003328887307869349,0.5525152685362864
2024_25_20250511_MUN_WHU,2024_25,2025-05-11,MUN,WHU,0,0.5404699738903395,1.76,0.5479957496727056,0.0075257757823661,0.5442328617815225,V0.10,4,0.011491570537022251,0.5519615444273617
2024_25_20250511_NEW_CHE,2024_25,2025-05-11,NEW,CHE,0,0.6105527638190955,1.55,0.6224479427557024,0.0118951789366068,0.6165003532873989,V0.10,6,0.004405005163275144,0.6149577689823706
2024_25_20250511_NFO_LEI,2024_25,2025-05-11,NFO,LEI,1,0.5721649484536083,1.66,0.5858554701675122,0.0136905217139038,0.5790102093105602,V0.10,5,-0.003328887307869349,0.5688360611457389
2024_25_20250511_TOT_CRY,2024_25,2025-05-11,TOT,CRY,0,0.6165413533834586,1.53,0.6311263130980591,0.0145849597146004,0.6238338332407589,V0.10,6,0.004405005163275144,0.6209463585467337
2024_25_20250516_AVL_TOT,2024_25,2025-05-16,AVL,TOT,0,0.690744920993228,1.37,0.7098024451843272,0.0190575241910991,0.7002736830887777,V0.10,7,0.004908160312244054,0.6956530813054721
2024_25_20250516_CHE_MUN,2024_25,2025-05-16,CHE,MUN,0,0.6356968215158926,1.49,0.6600279717094444,0.0243311501935518,0.6478623966126684,V0.10,6,0.004405005163275144,0.6401018266791677
2024_25_20250518_ARS_NEW,2024_25,2025-05-18,ARS,NEW,0,0.5378590078328982,1.77,0.5348631959183106,-0.0029958119145876,0.5363611018756044,V0.10,4,0.011491570537022251,0.5493505783699204
2024_25_20250518_BRE_FUL,2024_25,2025-05-18,BRE,FUL,1,0.5903307888040712,1.61,0.6100105064775523,0.019679717673481,0.6001706476408117,V0.10,5,-0.003328887307869349,0.5870019014962018
2024_25_20250518_EVE_SOU,2024_25,2025-05-18,EVE,SOU,0,0.5326370757180157,1.79,0.5503917439313153,0.0177546682132996,0.5415144098246655,V0.10,4,0.011491570537022251,0.5441286462550379
2024_25_20250518_LEI_IPS,2024_25,2025-05-18,LEI,IPS,0,0.548051948051948,1.74,0.5606121273934666,0.0125601793415185,0.5543320377227072,V0.10,4,0.011491570537022251,0.5595435185889702
2024_25_20250518_WHU_NFO,2024_25,2025-05-18,WHU,NFO,1,0.4934725848563968,1.94,0.4986979275791086,0.0052253427227118,0.4960852562177527,V0.10,3,3.6418317722625604e-06,0.49347622668816904
2024_25_20250519_BRI_LIV,2024_25,2025-05-19,BRI,LIV,1,0.6506024096385543,1.45,0.661544562881379,0.0109421532428246,0.6560734862599666,V0.10,7,0.004908160312244054,0.6555105699507984
2024_25_20250520_CRY_WOL,2024_25,2025-05-20,CRY,WOL,1,0.4790575916230366,1.99,0.481115977030307,0.0020583854072704,0.4800867843266718,V0.10,3,3.6418317722625604e-06,0.4790612334548089
2024_25_20250520_MCI_BOU,2024_25,2025-05-20,MCI,BOU,1,0.6253101736972705,1.51,0.6347897602999145,0.009479586602644,0.6300499669985925,V0.10,6,0.004405005163275144,0.6297151788605456
2024_25_20250525_BOU_LEI,2024_25,2025-05-25,BOU,LEI,0,0.6464891041162226,1.46,0.6737116824145444,0.0272225782983217,0.6601003932653835,V0.10,6,0.004405005163275144,0.6508941092794978
2024_25_20250525_FUL_MCI,2024_25,2025-05-25,FUL,MCI,0,0.6253101736972705,1.51,0.6369735922660142,0.0116634185687437,0.6311418829816424,V0.10,6,0.004405005163275144,0.6297151788605456
2024_25_20250525_IPS_WHU,2024_25,2025-05-25,IPS,WHU,1,0.6314496314496314,1.5,0.6650275239794241,0.0335778925297927,0.6482385777145278,V0.10,6,0.004405005163275144,0.6358546366129065
2024_25_20250525_LIV_CRY,2024_25,2025-05-25,LIV,CRY,0,0.7251585623678646,1.3,0.7330223480740068,0.0078637857061422,0.7290904552209356,V0.10,8,-0.0073582917295994575,0.7178002706382651
2024_25_20250525_MUN_AVL,2024_25,2025-05-25,MUN,AVL,0,0.5949367088607596,1.6,0.6165763979787848,0.0216396891180252,0.6057565534197722,V0.10,5,-0.003328887307869349,0.5916078215528902
2024_25_20250525_NEW_EVE,2024_25,2025-05-25,NEW,EVE,0,0.6296296296296295,1.5,0.6553856201041717,0.0257559904745421,0.6425076248669006,V0.10,6,0.004405005163275144,0.6340346347929047
2024_25_20250525_NFO_CHE,2024_25,2025-05-25,NFO,CHE,0,0.5695876288659795,1.67,0.5892509405488511,0.0196633116828716,0.5794192847074153,V0.10,5,-0.003328887307869349,0.5662587415581101
2024_25_20250525_SOU_ARS,2024_25,2025-05-25,SOU,ARS,1,0.6423357664233577,1.47,0.673938252402838,0.0316024859794803,0.6581370094130978,V0.10,6,0.004405005163275144,0.6467407715866328
2024_25_20250525_TOT_BRI,2024_25,2025-05-25,TOT,BRI,1,0.7167381974248926,1.32,0.7330677997805108,0.0163296023556182,0.7249029986027018,V0.10,8,-0.0073582917295994575,0.7093799056952932
2024_25_20250525_WOL_BRE,2024_25,2025-05-25,WOL,BRE,0,0.6296296296296295,1.5,0.6542100969558526,0.0245804673262231,0.6419198632927411,V0.10,6,0.004405005163275144,0.6340346347929047
2025_26_20250815_LIV_BOU,2025_26,2025-08-15,LIV,BOU,1,0.6986607142857143,1.35,0.6962655298293131,-0.0023951844564011,0.6974631220575137,V0.10,7,0.003236140161063225,0.7018968544467775
2025_26_20250816_AVL_NEW,2025_26,2025-08-16,AVL,NEW,0,0.582901554404145,1.61,0.5812255102546415,-0.0016760441495035,0.5820635323293932,V0.10,5,-0.0029870584490725,0.5799144959550725
2025_26_20250816_BRI_FUL,2025_26,2025-08-16,BRI,FUL,0,0.5488126649076518,1.71,0.5398690035792056,-0.0089436613284461,0.5443408342434287,V0.10,4,0.01017439456609037,0.5589870594737422
2025_26_20250816_SUN_WHU,2025_26,2025-08-16,SUN,WHU,1,0.5,1.88,0.4999839033917863,-1.6096608213722607e-05,0.4999919516958931,V0.10,4,0.01017439456609037,0.5101743945660904
2025_26_20250816_TOT_BUR,2025_26,2025-08-16,TOT,BUR,1,0.5654450261780105,1.66,0.556453607875344,-0.0089914183026664,0.5609493170266773,V0.10,5,-0.0029870584490725,0.562457967728938
2025_26_20250816_WOL_MCI,2025_26,2025-08-16,WOL,MCI,1,0.582901554404145,1.61,0.5770433992185757,-0.0058581551855693,0.5799724768113603,V0.10,5,-0.0029870584490725,0.5799144959550725
2025_26_20250817_CHE_CRY,2025_26,2025-08-17,CHE,CRY,0,0.5766233766233767,1.63,0.5760036770306726,-0.0006196995927041,0.5763135268270246,V0.10,5,-0.0029870584490725,0.5736363181743042
2025_26_20250817_MUN_ARS,2025_26,2025-08-17,MUN,ARS,0,0.5225464190981433,1.8,0.5088331489476161,-0.0137132701505271,0.5156897840228797,V0.10,4,0.01017439456609037,0.5327208136642336
2025_26_20250817_NFO_BRE,2025_26,2025-08-17,NFO,BRE,1,0.4880000000000001,1.92,0.4661246997740972,-0.0218753002259028,0.4770623498870486,V0.10,3,0.0023350537722353955,0.4903350537722355
2025_26_20250818_LEE_EVE,2025_26,2025-08-18,LEE,EVE,0,0.4538258575197889,2.07,0.4302330336259495,-0.0235928238938393,0.4420294455728691,V0.10,3,0.0023350537722353955,0.4561609112920243
2025_26_20250822_WHU_CHE,2025_26,2025-08-22,WHU,CHE,1,0.5485564304461943,1.72,0.5526887821540177,0.0041323517078234,0.5506226063001061,V0.10,4,0.01017439456609037,0.5587308250122847
2025_26_20250823_ARS_LEE,2025_26,2025-08-23,ARS,LEE,1,0.6055979643765903,1.55,0.5778601223967513,-0.0277378419798389,0.5917290433866709,V0.10,6,-0.00408216005107035,0.60151580432552
2025_26_20250823_BOU_WOL,2025_26,2025-08-23,BOU,WOL,0,0.544973544973545,1.72,0.5516032271074695,0.0066296821339244,0.5482883860405072,V0.10,4,0.01017439456609037,0.5551479395396354
2025_26_20250823_BRE_AVL,2025_26,2025-08-23,BRE,AVL,0,0.5305039787798408,1.77,0.5160824402349481,-0.0144215385448926,0.5232932095073944,V0.10,4,0.01017439456609037,0.5406783733459312
2025_26_20250823_BUR_SUN,2025_26,2025-08-23,BUR,SUN,0,0.4145077720207254,2.26,0.3944657089771411,-0.0200420630435842,0.4044867404989333,V0.10,2,-0.008541338475710822,0.4059664335450146
2025_26_20250823_MCI_TOT,2025_26,2025-08-23,MCI,TOT,0,0.642156862745098,1.46,0.6126103644159148,-0.0295464983291832,0.6273836135805064,V0.10,6,-0.00408216005107035,0.6380747026940277
2025_26_20250824_CRY_NFO,2025_26,2025-08-24,CRY,NFO,0,0.4576719576719577,2.05,0.4406681219727642,-0.0170038356991934,0.4491700398223609,V0.10,3,0.0023350537722353955,0.4600070114441931
2025_26_20250824_EVE_BRI,2025_26,2025-08-24,EVE,BRI,0,0.4668435013262599,2.01,0.4461615984376287,-0.0206819028886312,0.4565025498819443,V0.10,3,0.0023350537722353955,0.4691785550984953
2025_26_20250824_FUL_MUN,2025_26,2025-08-24,FUL,MUN,0,0.5292553191489361,1.77,0.531326167321923,0.0020708481729868,0.5302907432354296,V0.10,4,0.01017439456609037,0.5394297137150265
2025_26_20250825_NEW_LIV,2025_26,2025-08-25,NEW,LIV,1,0.6136363636363636,1.53,0.6004516248049522,-0.0131847388314114,0.6070439942206579,V0.10,6,-0.00408216005107035,0.6095542035852933
2025_26_20250830_CHE_FUL,2025_26,2025-08-30,CHE,FUL,0,0.5639686684073107,1.67,0.5630818399443324,-0.0008868284629783,0.5635252541758216,V0.10,5,-0.0029870584490725,0.5609816099582382
2025_26_20250830_LEE_NEW,2025_26,2025-08-30,LEE,NEW,0,0.53315649867374,1.76,0.5144103542464087,-0.0187461444273313,0.5237834264600744,V0.10,4,0.01017439456609037,0.5433308932398304
2025_26_20250830_MUN_BUR,2025_26,2025-08-30,MUN,BUR,1,0.5680628272251308,1.65,0.5799861049843115,0.0119232777591806,0.5740244661047211,V0.10,5,-0.0029870584490725,0.5650757687760583
2025_26_20250830_SUN_BRE,2025_26,2025-08-30,SUN,BRE,1,0.4588859416445623,2.04,0.4391909524515281,-0.0196949891930341,0.4490384470480452,V0.10,3,0.0023350537722353955,0.46122099541679773
2025_26_20250830_TOT_BOU,2025_26,2025-08-30,TOT,BOU,0,0.6071428571428571,1.54,0.5997811838331032,-0.0073616733097539,0.6034620204879801,V0.10,6,-0.00408216005107035,0.6030606970917868
2025_26_20250830_WOL_EVE,2025_26,2025-08-30,WOL,EVE,1,0.431937172774869,2.17,0.4163905760616289,-0.0155465967132401,0.4241638744182489,V0.10,2,-0.008541338475710822,0.42339583429915817
2025_26_20250831_AVL_CRY,2025_26,2025-08-31,AVL,CRY,1,0.4813829787234043,1.95,0.4629519263435334,-0.0184310523798708,0.4721674525334688,V0.10,3,0.0023350537722353955,0.4837180324956397
2025_26_20250831_BRI_MCI,2025_26,2025-08-31,BRI,MCI,1,0.596401028277635,1.57,0.5849220896584231,-0.0114789386192118,0.5906615589680291,V0.10,5,-0.0029870584490725,0.5934139698285624
2025_26_20250831_LIV_ARS,2025_26,2025-08-31,LIV,ARS,0,0.5435356200527705,1.73,0.4938768900626,-0.0496587299901704,0.5187062550576853,V0.10,4,0.01017439456609037,0.5537100146188608
2025_26_20250831_NFO_WHU,2025_26,2025-08-31,NFO,WHU,1,0.4840425531914894,1.94,0.4620805818547117,-0.0219619713367776,0.4730615675231006,V0.10,3,0.0023350537722353955,0.48637760696372484
2025_26_20250913_ARS_NFO,2025_26,2025-09-13,ARS,NFO,1,0.5552631578947369,1.69,0.5399732299934025,-0.0152899279013344,0.5476181939440696,V0.10,5,-0.0029870584490725,0.5522760994456644
2025_26_20250913_BOU_BRI,2025_26,2025-09-13,BOU,BRI,1,0.5616797900262467,1.67,0.5624794368752395,0.0007996468489928,0.5620796134507431,V0.10,5,-0.0029870584490725,0.5586927315771741
2025_26_20250913_BRE_CHE,2025_26,2025-09-13,BRE,CHE,1,0.5538057742782152,1.7,0.538447777664862,-0.0153579966133532,0.5461267759715386,V0.10,5,-0.0029870584490725,0.5508187158291427
2025_26_20250913_CRY_SUN,2025_26,2025-09-13,CRY,SUN,0,0.4511873350923483,2.08,0.4410567581740588,-0.0101305769182895,0.4461220466332035,V0.10,3,0.0023350537722353955,0.45352238886458374
2025_26_20250913_EVE_AVL,2025_26,2025-09-13,EVE,AVL,0,0.4656084656084655,2.02,0.45878915610153,-0.0068193095069355,0.4621988108549977,V0.10,3,0.0023350537722353955,0.46794351938070095
2025_26_20250913_FUL_LEE,2025_26,2025-09-13,FUL,LEE,0,0.4734042553191488,1.98,0.4504803422033097,-0.0229239131158391,0.4619422987612293,V0.10,3,0.0023350537722353955,0.47573930909138423
2025_26_20250913_NEW_WOL,2025_26,2025-09-13,NEW,WOL,0,0.5396825396825397,1.74,0.5402599340100934,0.0005773943275537,0.5399712368463165,V0.10,4,0.01017439456609037,0.54985693424863
2025_26_20250913_WHU_TOT,2025_26,2025-09-13,WHU,TOT,1,0.5343915343915343,1.76,0.5046417741001532,-0.0297497602913811,0.5195166542458438,V0.10,4,0.01017439456609037,0.5445659289576247
2025_26_20250914_BUR_LIV,2025_26,2025-09-14,BUR,LIV,0,0.6161616161616161,1.52,0.6116587771227346,-0.0045028390388814,0.6139101966421754,V0.10,6,-0.00408216005107035,0.6120794561105458
2025_26_20250914_MCI_MUN,2025_26,2025-09-14,MCI,MUN,1,0.6055979643765903,1.55,0.5800939639288909,-0.0255040004476994,0.5928459641527406,V0.10,6,-0.00408216005107035,0.60151580432552
2025_26_20250920_BRI_TOT,2025_26,2025-09-20,BRI,TOT,1,0.5729166666666667,1.64,0.5575136233173084,-0.0154030433493583,0.5652151449919876,V0.10,5,-0.0029870584490725,0.5699296082175942
2025_26_20250920_BUR_NFO,2025_26,2025-09-20,BUR,NFO,0,0.4840425531914894,1.94,0.4735086671943108,-0.0105338859971786,0.4787756101929001,V0.10,3,0.0023350537722353955,0.48637760696372484
2025_26_20250920_FUL_BRE,2025_26,2025-09-20,FUL,BRE,1,0.493368700265252,1.91,0.4730526897075033,-0.0203160105577486,0.4832106949863776,V0.10,3,0.0023350537722353955,0.4957037540374874
2025_26_20250920_LIV_EVE,2025_26,2025-09-20,LIV,EVE,1,0.5891472868217055,1.59,0.5729646511401595,-0.0161826356815459,0.5810559689809325,V0.10,5,-0.0029870584490725,0.5861602283726329
2025_26_20250920_MUN_CHE,2025_26,2025-09-20,MUN,CHE,1,0.596401028277635,1.57,0.6010666589877198,0.0046656307100848,0.5987338436326775,V0.10,5,-0.0029870584490725,0.5934139698285624
2025_26_20250920_WHU_CRY,2025_26,2025-09-20,WHU,CRY,1,0.4748010610079576,1.98,0.4573930132027772,-0.0174080478051803,0.4660970371053674,V0.10,3,0.0023350537722353955,0.477136114780193
2025_26_20250920_WOL_LEE,2025_26,2025-09-20,WOL,LEE,1,0.421875,2.22,0.3883773418220215,-0.0334976581779784,0.4051261709110108,V0.10,2,-0.008541338475710822,0.4133336615242892
2025_26_20250921_ARS_MCI,2025_26,2025-09-21,ARS,MCI,0,0.5305039787798408,1.77,0.4947615655345074,-0.0357424132453333,0.5126327721571741,V0.10,4,0.01017439456609037,0.5406783733459312
2025_26_20250921_BOU_NEW,2025_26,2025-09-21,BOU,NEW,0,0.5225464190981433,1.8,0.5278964984039467,0.0053500793058034,0.525221458751045,V0.10,4,0.01017439456609037,0.5327208136642336
2025_26_20250921_SUN_AVL,2025_26,2025-09-21,SUN,AVL,0,0.4485488126649077,2.09,0.448846789854855,0.0002979771899473,0.4486978012598813,V0.10,2,-0.008541338475710822,0.4400074741891969
2025_26_20250927_BRE_MUN,2025_26,2025-09-27,BRE,MUN,1,0.5751295336787565,1.64,0.5681700750130524,-0.0069594586657041,0.5716498043459044,V0.10,5,-0.0029870584490725,0.572142475229684
2025_26_20250927_CHE_BRI,2025_26,2025-09-27,CHE,BRI,1,0.5902061855670103,1.59,0.5860606099791515,-0.0041455755878587,0.5881333977730809,V0.10,5,-0.0029870584490725,0.5872191271179378
2025_26_20250927_CRY_LIV,2025_26,2025-09-27,CRY,LIV,1,0.5461741424802111,1.72,0.5239175946871866,-0.0222565477930245,0.5350458685836988,V0.10,4,0.01017439456609037,0.5563485370463015
2025_26_20250927_LEE_BOU,2025_26,2025-09-27,LEE,BOU,1,0.4801061007957559,1.96,0.4626619819136749,-0.0174441188820809,0.4713840413547154,V0.10,3,0.0023350537722353955,0.4824411545679913
2025_26_20250927_MCI_BUR,2025_26,2025-09-27,MCI,BUR,1,0.657074340527578,1.43,0.6515703904895193,-0.0055039500380587,0.6543223655085486,V0.10,7,0.003236140161063225,0.6603104806886412
2025_26_20250927_NFO_SUN,2025_26,2025-09-27,NFO,SUN,0,0.4774535809018567,1.97,0.4702241730633997,-0.0072294078384569,0.4738388769826281,V0.10,3,0.0023350537722353955,0.4797886346740921
2025_26_20250927_TOT_WOL,2025_26,2025-09-27,TOT,WOL,0,0.5602094240837696,1.68,0.5526550685944733,-0.0075543554892962,0.5564322463391215,V0.10,5,-0.0029870584490725,0.5572223656346971
2025_26_20250928_AVL_FUL,2025_26,2025-09-28,AVL,FUL,1,0.4447368421052632,2.11,0.4320992200272978,-0.0126376220779653,0.4384180310662805,V0.10,2,-0.008541338475710822,0.4361955036295524
2025_26_20250928_NEW_ARS,2025_26,2025-09-28,NEW,ARS,1,0.4511873350923483,2.08,0.4271548683591186,-0.0240324667332297,0.4391711017257335,V0.10,3,0.0023350537722353955,0.45352238886458374
2025_26_20250929_EVE_WHU,2025_26,2025-09-29,EVE,WHU,0,0.4920212765957447,1.91,0.4751938130518164,-0.0168274635439282,0.4836075448237805,V0.10,3,0.0023350537722353955,0.4943563303679801
2025_26_20251003_BOU_FUL,2025_26,2025-10-03,BOU,FUL,1,0.4894179894179895,1.93,0.4805541686672189,-0.0088638207507705,0.4849860790426042,V0.10,3,0.0023350537722353955,0.4917530431902249
2025_26_20251004_ARS_WHU,2025_26,2025-10-04,ARS,WHU,0,0.6190476190476191,1.52,0.6140885325173857,-0.0049590865302333,0.6165680757825024,V0.10,6,-0.00408216005107035,0.6149654589965488
2025_26_20251004_CHE_LIV,2025_26,2025-10-04,CHE,LIV,1,0.6136363636363636,1.53,0.5933976540629304,-0.0202387095734332,0.6035170088496471,V0.10,6,-0.00408216005107035,0.6095542035852933
2025_26_20251004_LEE_TOT,2025_26,2025-10-04,LEE,TOT,1,0.5,1.89,0.4769320804027325,-0.0230679195972675,0.4884660402013662,V0.10,4,0.01017439456609037,0.5101743945660904
2025_26_20251004_MUN_SUN,2025_26,2025-10-04,MUN,SUN,0,0.574025974025974,1.64,0.5790872312720812,0.0050612572461071,0.5765566026490276,V0.10,5,-0.0029870584490725,0.5710389155769015
2025_26_20251005_AVL_BUR,2025_26,2025-10-05,AVL,BUR,1,0.4960212201591513,1.9,0.4951729128340711,-0.0008483073250801,0.4955970664966112,V0.10,3,0.0023350537722353955,0.4983562739313867
2025_26_20251005_BRE_MCI,2025_26,2025-10-05,BRE,MCI,0,0.6010230179028133,1.56,0.5851712243731668,-0.0158517935296464,0.5930971211379901,V0.10,6,-0.00408216005107035,0.596940857851743
2025_26_20251005_EVE_CRY,2025_26,2025-10-05,EVE,CRY,1,0.4285714285714286,2.2,0.4142828998355733,-0.0142885287358552,0.421427164203501,V0.10,2,-0.008541338475710822,0.4200300900957178
2025_26_20251005_NEW_NFO,2025_26,2025-10-05,NEW,NFO,0,0.5564304461942258,1.69,0.5723155349816066,0.0158850887873808,0.5643729905879162,V0.10,5,-0.0029870584490725,0.5534433877451532
2025_26_20251005_WOL_BRI,2025_26,2025-10-05,WOL,BRI,0,0.5145888594164455,1.83,0.5125134989282316,-0.0020753604882138,0.5135511791723386,V0.10,4,0.01017439456609037,0.5247632539825359
2025_26_20251018_BRI_NEW,2025_26,2025-10-18,BRI,NEW,1,0.5106382978723405,1.84,0.5087913098183889,-0.0018469880539515,0.5097148038453647,V0.10,4,0.01017439456609037,0.5208126924384309
2025_26_20251018_BUR_LEE,2025_26,2025-10-18,BUR,LEE,0,0.4270833333333333,2.2,0.390157844479775,-0.0369254888535582,0.4086205889065541,V0.10,2,-0.008541338475710822,0.4185419948576225
2025_26_20251018_CRY_BOU,2025_26,2025-10-18,CRY,BOU,1,0.4907161803713528,1.92,0.48050671482819,-0.0102094655431627,0.4856114475997714,V0.10,3,0.0023350537722353955,0.4930512341435882
2025_26_20251018_FUL_ARS,2025_26,2025-10-18,FUL,ARS,0,0.4973404255319149,1.89,0.4808641518440388,-0.016476273687876,0.4891022886879769,V0.10,3,0.0023350537722353955,0.4996754793041503
2025_26_20251018_MCI_EVE,2025_26,2025-10-18,MCI,EVE,0,0.5564304461942258,1.69,0.5374239608024189,-0.0190064853918068,0.5469272034983224,V0.10,5,-0.0029870584490725,0.5534433877451532
2025_26_20251018_NFO_CHE,2025_26,2025-10-18,NFO,CHE,1,0.5590551181102362,1.68,0.5640334707248872,0.0049783526146509,0.5615442944175617,V0.10,5,-0.0029870584490725,0.5560680596611637
2025_26_20251018_SUN_WOL,2025_26,2025-10-18,SUN,WOL,0,0.3863636363636363,2.43,0.3669841611938,-0.0193794751698362,0.3766738987787181,V0.10,1,-0.007897314190553326,0.37846632217308296
2025_26_20251019_LIV_MUN,2025_26,2025-10-19,LIV,MUN,1,0.6545893719806762,1.43,0.6487056813198337,-0.0058836906608424,0.651647526650255,V0.10,7,0.003236140161063225,0.6578255121417395
2025_26_20251019_TOT_AVL,2025_26,2025-10-19,TOT,AVL,1,0.5278514588859416,1.78,0.5206103489986801,-0.0072411098872615,0.5242309039423109,V0.10,4,0.01017439456609037,0.538025853452032
2025_26_20251020_WHU_BRE,2025_26,2025-10-20,WHU,BRE,0,0.5079787234042553,1.85,0.4877434601837779,-0.0202352632204774,0.4978610917940166,V0.10,4,0.01017439456609037,0.5181531179703457
2025_26_20251024_LEE_WHU,2025_26,2025-10-24,LEE,WHU,1,0.4631578947368421,2.04,0.4357770860694904,-0.0273808086673517,0.4494674904031662,V0.10,3,0.0023350537722353955,0.4654929485090775
2025_26_20251025_BRE_LIV,2025_26,2025-10-25,BRE,LIV,1,0.610126582278481,1.54,0.5966392197679549,-0.0134873625105261,0.6033829010232179,V0.10,6,-0.00408216005107035,0.6060444222274107
2025_26_20251025_CHE_SUN,2025_26,2025-10-25,CHE,SUN,1,0.5564304461942258,1.69,0.5509152816377287,-0.005515164556497,0.5536728639159773,V0.10,5,-0.0029870584490725,0.5534433877451532
2025_26_20251025_MUN_BRI,2025_26,2025-10-25,MUN,BRI,1,0.6136363636363636,1.53,0.6178221604633289,0.0041857968269652,0.6157292620498462,V0.10,6,-0.00408216005107035,0.6095542035852933
2025_26_20251025_NEW_FUL,2025_26,2025-10-25,NEW,FUL,1,0.5092838196286471,1.85,0.5139961278540859,0.0047123082254387,0.5116399737413665,V0.10,4,0.01017439456609037,0.5194582141947375
2025_26_20251026_ARS_CRY,2025_26,2025-10-26,ARS,CRY,0,0.5408970976253298,1.74,0.5308815905538737,-0.010015507071456,0.5358893440896018,V0.10,4,0.01017439456609037,0.5510714921914202
2025_26_20251026_AVL_MCI,2025_26,2025-10-26,AVL,MCI,0,0.5447368421052632,1.73,0.5330303610011139,-0.0117064811041492,0.5388836015531886,V0.10,4,0.01017439456609037,0.5549112366713536
2025_26_20251026_BOU_NFO,2025_26,2025-10-26,BOU,NFO,0,0.5106382978723405,1.84,0.501543785391692,-0.0090945124806485,0.5060910416320162,V0.10,4,0.01017439456609037,0.5208126924384309
2025_26_20251026_EVE_TOT,2025_26,2025-10-26,EVE,TOT,1,0.4920212765957447,1.91,0.4755728524207642,-0.0164484241749804,0.4837970645082544,V0.10,3,0.0023350537722353955,0.4943563303679801
2025_26_20251026_WOL_BUR,2025_26,2025-10-26,WOL,BUR,1,0.4233766233766234,2.22,0.4029878789708722,-0.0203887444057512,0.4131822511737478,V0.10,2,-0.008541338475710822,0.4148352849009126
2025_26_20251101_BRI_LEE,2025_26,2025-11-01,BRI,LEE,1,0.5239361702127661,1.79,0.5053325683671989,-0.0186036018455671,0.5146343692899824,V0.10,4,0.01017439456609037,0.5341105647788564
2025_26_20251101_BUR_ARS,2025_26,2025-11-01,BUR,ARS,0,0.5423280423280423,1.73,0.5430772365669146,0.0007491942388723,0.5427026394474785,V0.10,4,0.01017439456609037,0.5525024368941327
2025_26_20251101_CRY_BRE,2025_26,2025-11-01,CRY,BRE,0,0.5396825396825397,1.74,0.5377390982276928,-0.0019434414548468,0.5387108189551162,V0.10,4,0.01017439456609037,0.54985693424863
2025_26_20251101_FUL_WOL,2025_26,2025-11-01,FUL,WOL,1,0.433420365535248,2.17,0.4190314307819114,-0.0143889347533365,0.4262258981585797,V0.10,2,-0.008541338475710822,0.4248790270595372
2025_26_20251101_LIV_AVL,2025_26,2025-11-01,LIV,AVL,0,0.6161616161616161,1.52,0.610483403837614,-0.0056782123240021,0.6133225099996151,V0.10,6,-0.00408216005107035,0.6120794561105458
2025_26_20251101_NFO_MUN,2025_26,2025-11-01,NFO,MUN,1,0.5499999999999999,1.71,0.5547258526634129,0.0047258526634129,0.5523629263317065,V0.10,4,0.01017439456609037,0.5601743945660903
2025_26_20251101_TOT_CHE,2025_26,2025-11-01,TOT,CHE,0,0.5526315789473685,1.7,0.5302326205720661,-0.0223989583753023,0.5414320997597173,V0.10,5,-0.0029870584490725,0.5496445204982959
2025_26_20251102_MCI_BOU,2025_26,2025-11-02,MCI,BOU,1,0.6171284634760705,1.52,0.5981777272580509,-0.0189507362180196,0.6076530953670607,V0.10,6,-0.00408216005107035,0.6130463034250002
2025_26_20251102_WHU_NEW,2025_26,2025-11-02,WHU,NEW,1,0.5396825396825397,1.74,0.5440472603083466,0.0043647206258069,0.5418648999954432,V0.10,4,0.01017439456609037,0.54985693424863
2025_26_20251103_SUN_EVE,2025_26,2025-11-03,SUN,EVE,0,0.4097938144329897,2.29,0.4018727545626668,-0.0079210598703228,0.4058332844978283,V0.10,2,-0.008541338475710822,0.40125247595727886
2025_26_20251108_CHE_WOL,2025_26,2025-11-08,CHE,WOL,1,0.5792207792207792,1.62,0.5730022463225707,-0.0062185328982085,0.5761115127716749,V0.10,5,-0.0029870584490725,0.5762337207717066
2025_26_20251108_EVE_FUL,2025_26,2025-11-08,EVE,FUL,0,0.433420365535248,2.17,0.4192411838892896,-0.0141791816459583,0.4263307747122687,V0.10,2,-0.008541338475710822,0.4248790270595372
2025_26_20251108_SUN_ARS,2025_26,2025-11-08,SUN,ARS,1,0.4708994708994709,2.0,0.466142239842258,-0.0047572310572128,0.4685208553708644,V0.10,3,0.0023350537722353955,0.4732345246717063
2025_26_20251108_TOT_MUN,2025_26,2025-11-08,TOT,MUN,1,0.5762273901808785,1.64,0.5629826068818152,-0.0132447832990633,0.5696049985313469,V0.10,5,-0.0029870584490725,0.573240331731806
2025_26_20251108_WHU_BUR,2025_26,2025-11-08,WHU,BUR,1,0.4787234042553191,1.96,0.4615299140078904,-0.0171934902474286,0.4701266591316048,V0.10,3,0.0023350537722353955,0.48105845802755454
2025_26_20251109_AVL_BOU,2025_26,2025-11-09,AVL,BOU,1,0.5172413793103448,1.82,0.5161745972704612,-0.0010667820398835,0.516707988290403,V0.10,4,0.01017439456609037,0.5274157738764351
2025_26_20251109_BRE_NEW,2025_26,2025-11-09,BRE,NEW,1,0.5186170212765957,1.81,0.5140451963034406,-0.0045718249731551,0.5163311087900182,V0.10,4,0.01017439456609037,0.5287914158426861
2025_26_20251109_CRY_BRI,2025_26,2025-11-09,CRY,BRI,0,0.5488126649076518,1.71,0.5526289231734404,0.0038162582657885,0.5507207940405461,V0.10,4,0.01017439456609037,0.5589870594737422
2025_26_20251109_MCI_LIV,2025_26,2025-11-09,MCI,LIV,1,0.6354679802955665,1.48,0.6069123327081806,-0.0285556475873859,0.6211901565018736,V0.10,6,-0.00408216005107035,0.6313858202444962
2025_26_20251109_NFO_LEE,2025_26,2025-11-09,NFO,LEE,1,0.4603174603174603,2.04,0.441708226833284,-0.0186092334841762,0.4510128435753722,V0.10,3,0.0023350537722353955,0.4626525140896957
2025_26_20251122_BOU_WHU,2025_26,2025-11-22,BOU,WHU,1,0.5703125,1.65,0.563439666430195,-0.0068728335698049,0.5668760832150975,V0.10,5,-0.0029870584490725,0.5673254415509275
2025_26_20251122_BRI_BRE,2025_26,2025-11-22,BRI,BRE,1,0.5590551181102362,1.68,0.5512728847130318,-0.0077822333972044,0.555164001411634,V0.10,5,-0.0029870584490725,0.5560680596611637
2025_26_20251122_BUR_CHE,2025_26,2025-11-22,BUR,CHE,0,0.53315649867374,1.76,0.5194197767694116,-0.0137367219043283,0.5262881377215758,V0.10,4,0.01017439456609037,0.5433308932398304
2025_26_20251122_FUL_SUN,2025_26,2025-11-22,FUL,SUN,0,0.4296875,2.19,0.4213502555901545,-0.0083372444098454,0.4255188777950772,V0.10,2,-0.008541338475710822,0.4211461615242892
2025_26_20251122_LIV_NFO,2025_26,2025-11-22,LIV,NFO,1,0.6136363636363636,1.53,0.6051530605671258,-0.0084833030692378,0.6093947121017447,V0.10,6,-0.00408216005107035,0.6095542035852933
2025_26_20251122_NEW_MCI,2025_26,2025-11-22,NEW,MCI,1,0.5590551181102362,1.68,0.5443377571462622,-0.014717360963974,0.5516964376282492,V0.10,5,-0.0029870584490725,0.5560680596611637
2025_26_20251122_WOL_CRY,2025_26,2025-11-22,WOL,CRY,0,0.4721485411140583,1.99,0.4704275866737149,-0.0017209544403433,0.4712880638938866,V0.10,3,0.0023350537722353955,0.4744835948862937
2025_26_20251123_ARS_TOT,2025_26,2025-11-23,ARS,TOT,1,0.5305039787798408,1.77,0.5036663436614749,-0.0268376351183659,0.5170851612206578,V0.10,4,0.01017439456609037,0.5406783733459312
2025_26_20251123_LEE_AVL,2025_26,2025-11-23,LEE,AVL,1,0.4435695538057742,2.12,0.4229799660180652,-0.0205895877877089,0.4332747599119196,V0.10,2,-0.008541338475710822,0.43502821533006336
2025_26_20251124_MUN_EVE,2025_26,2025-11-24,MUN,EVE,0,0.5396825396825397,1.74,0.53051183456686,-0.0091707051156796,0.5350971871246999,V0.10,4,0.01017439456609037,0.54985693424863
2025_26_20251129_BRE_BUR,2025_26,2025-11-29,BRE,BUR,1,0.5278514588859416,1.78,0.5108966258026784,-0.0169548330832632,0.5193740423443101,V0.10,4,0.01017439456609037,0.538025853452032
2025_26_20251129_EVE_NEW,2025_26,2025-11-29,EVE,NEW,1,0.4787234042553191,1.96,0.4776524440778512,-0.0010709601774679,0.4781879241665852,V0.10,3,0.0023350537722353955,0.48105845802755454
2025_26_20251129_MCI_LEE,2025_26,2025-11-29,MCI,LEE,1,0.6180904522613065,1.52,0.5981009664327233,-0.0199894858285832,0.608095709347015,V0.10,6,-0.00408216005107035,0.6140082922102362
2025_26_20251129_SUN_BOU,2025_26,2025-11-29,SUN,BOU,1,0.4801061007957559,1.96,0.4762355055783088,-0.003870595217447,0.4781708031870323,V0.10,3,0.0023350537722353955,0.4824411545679913
2025_26_20251129_TOT_FUL,2025_26,2025-11-29,TOT,FUL,1,0.5039787798408488,1.87,0.4788295824223602,-0.0251491974184886,0.4914041811316045,V0.10,4,0.01017439456609037,0.5141531744069392
2025_26_20251130_AVL_WOL,2025_26,2025-11-30,AVL,WOL,0,0.526595744680851,1.78,0.5254944328774417,-0.0011013118034093,0.5260450887791464,V0.10,4,0.01017439456609037,0.5367701392469414
2025_26_20251130_CHE_ARS,2025_26,2025-11-30,CHE,ARS,0,0.4893617021276596,1.92,0.4585167891025634,-0.0308449130250962,0.4739392456151114,V0.10,3,0.0023350537722353955,0.49169675589989503
2025_26_20251130_CRY_MUN,2025_26,2025-11-30,CRY,MUN,1,0.5488126649076518,1.71,0.5446760131951128,-0.0041366517125389,0.5467443390513823,V0.10,4,0.01017439456609037,0.5589870594737422
2025_26_20251130_NFO_BRI,2025_26,2025-11-30,NFO,BRI,0,0.5,1.88,0.49030171877465,-0.0096982812253499,0.495150859387325,V0.10,4,0.01017439456609037,0.5101743945660904
2025_26_20251130_WHU_LIV,2025_26,2025-11-30,WHU,LIV,0,0.6206030150753769,1.51,0.619819395971515,-0.0007836191038618,0.6202112055234459,V0.10,6,-0.00408216005107035,0.6165208550243065
2025_26_20251202_BOU_EVE,2025_26,2025-12-02,BOU,EVE,0,0.492063492063492,1.92,0.4801795293052474,-0.0118839627582446,0.4861215106843697,V0.10,3,0.0023350537722353955,0.4943985458357274
2025_26_20251202_FUL_MCI,2025_26,2025-12-02,FUL,MCI,1,0.5714285714285715,1.65,0.5657845579282076,-0.0056440135003639,0.5686065646783895,V0.10,5,-0.0029870584490725,0.568441512979499
2025_26_20251202_NEW_TOT,2025_26,2025-12-02,NEW,TOT,1,0.5485564304461943,1.72,0.535015547408574,-0.0135408830376202,0.5417859889273842,V0.10,4,0.01017439456609037,0.5587308250122847
2025_26_20251203_ARS_BRE,2025_26,2025-12-03,ARS,BRE,0,0.5435356200527705,1.73,0.5169142450927482,-0.0266213749600222,0.5302249325727593,V0.10,4,0.01017439456609037,0.5537100146188608
2025_26_20251203_BRI_AVL,2025_26,2025-12-03,BRI,AVL,1,0.5159574468085106,1.82,0.5094806604115042,-0.0064767863970064,0.5127190536100075,V0.10,4,0.01017439456609037,0.526131841374601
2025_26_20251203_BUR_CRY,2025_26,2025-12-03,BUR,CRY,0,0.4774535809018567,1.97,0.4717896534569579,-0.0056639274448987,0.4746216171794073,V0.10,3,0.0023350537722353955,0.4797886346740921
2025_26_20251203_LEE_CHE,2025_26,2025-12-03,LEE,CHE,1,0.519893899204244,1.81,0.5002636606565478,-0.0196302385476961,0.5100787799303959,V0.10,4,0.01017439456609037,0.5300682937703344
2025_26_20251203_LIV_SUN,2025_26,2025-12-03,LIV,SUN,0,0.6055979643765903,1.55,0.608518968772525,0.0029210043959346,0.6070584665745576,V0.10,6,-0.00408216005107035,0.60151580432552
2025_26_20251203_WOL_NFO,2025_26,2025-12-03,WOL,NFO,0,0.4538258575197889,2.07,0.4425674329342918,-0.011258424585497,0.4481966452270403,V0.10,3,0.0023350537722353955,0.4561609112920243
2025_26_20251204_MUN_WHU,2025_26,2025-12-04,MUN,WHU,0,0.6293532338308457,1.49,0.6282036654750505,-0.0011495683557952,0.628778449652948,V0.10,6,-0.00408216005107035,0.6252710737797754
2025_26_20251206_AVL_ARS,2025_26,2025-12-06,AVL,ARS,1,0.4578947368421053,2.06,0.4296724593237548,-0.0282222775183504,0.44378359808293,V0.10,3,0.0023350537722353955,0.4602297906143407
2025_26_20251206_BOU_CHE,2025_26,2025-12-06,BOU,CHE,0,0.5744125326370757,1.63,0.5632358391897688,-0.0111766934473068,0.5688241859134222,V0.10,5,-0.0029870584490725,0.5714254741880032
2025_26_20251206_EVE_NFO,2025_26,2025-12-06,EVE,NFO,1,0.4485488126649077,2.09,0.4347472885581895,-0.0138015241067182,0.4416480506115486,V0.10,2,-0.008541338475710822,0.4400074741891969
2025_26_20251206_LEE_LIV,2025_26,2025-12-06,LEE,LIV,1,0.5729166666666667,1.64,0.5531839411715318,-0.0197327254951349,0.5630503039190993,V0.10,5,-0.0029870584490725,0.5699296082175942
2025_26_20251206_MCI_SUN,2025_26,2025-12-06,MCI,SUN,1,0.634567901234568,1.48,0.6226896654606844,-0.0118782357738835,0.6286287833476262,V0.10,6,-0.00408216005107035,0.6304857411834976
2025_26_20251206_NEW_BUR,2025_26,2025-12-06,NEW,BUR,1,0.5917312661498708,1.58,0.5939161999012798,0.0021849337514089,0.5928237330255752,V0.10,5,-0.0029870584490725,0.5887442077007983
2025_26_20251206_TOT_BRE,2025_26,2025-12-06,TOT,BRE,0,0.5225464190981433,1.8,0.4880092597392699,-0.0345371593588733,0.5052778394187065,V0.10,4,0.01017439456609037,0.5327208136642336
2025_26_20251207_BRI_WHU,2025_26,2025-12-07,BRI,WHU,0,0.5865633074935401,1.6,0.5835857998539677,-0.0029775076395723,0.5850745536737539,V0.10,5,-0.0029870584490725,0.5835762490444676
2025_26_20251207_FUL_CRY,2025_26,2025-12-07,FUL,CRY,1,0.4656084656084655,2.02,0.4469491396220947,-0.0186593259863707,0.4562788026152801,V0.10,3,0.0023350537722353955,0.46794351938070095
2025_26_20251208_WOL_MUN,2025_26,2025-12-08,WOL,MUN,1,0.5616797900262467,1.67,0.5665760997691597,0.0048963097429129,0.5641279448977032,V0.10,5,-0.0029870584490725,0.5586927315771741
2025_26_20251213_ARS_WOL,2025_26,2025-12-13,ARS,WOL,1,0.6215538847117794,1.51,0.6273043359108869,0.0057504511991074,0.6244291103113331,V0.10,6,-0.00408216005107035,0.6174717246607091
2025_26_20251213_BUR_FUL,2025_26,2025-12-13,BUR,FUL,1,0.4603174603174603,2.04,0.4389868236981819,-0.0213306366192783,0.4496521420078211,V0.10,3,0.0023350537722353955,0.4626525140896957
2025_26_20251213_CHE_EVE,2025_26,2025-12-13,CHE,EVE,0,0.5093333333333333,1.84,0.4952986356143575,-0.0140346977189757,0.5023159844738454,V0.10,4,0.01017439456609037,0.5195077278994237
2025_26_20251213_LIV_BRI,2025_26,2025-12-13,LIV,BRI,0,0.6231155778894473,1.5,0.6069945138507855,-0.0161210640386617,0.6150550458701164,V0.10,6,-0.00408216005107035,0.619033417838377
2025_26_20251214_BRE_LEE,2025_26,2025-12-14,BRE,LEE,0,0.5039999999999999,1.86,0.4692479825753083,-0.0347520174246915,0.4866239912876541,V0.10,4,0.01017439456609037,0.5141743945660903
2025_26_20251214_CRY_MCI,2025_26,2025-12-14,CRY,MCI,1,0.5654450261780105,1.66,0.5514116820774222,-0.0140333441005883,0.5584283541277164,V0.10,5,-0.0029870584490725,0.562457967728938
2025_26_20251214_NFO_TOT,2025_26,2025-12-14,NFO,TOT,1,0.48,1.95,0.4594278673888042,-0.0205721326111957,0.469713933694402,V0.10,3,0.0023350537722353955,0.4823350537722354
2025_26_20251214_SUN_NEW,2025_26,2025-12-14,SUN,NEW,0,0.4906666666666666,1.91,0.4781773281320457,-0.0124893385346208,0.4844219973993561,V0.10,3,0.0023350537722353955,0.493001720438902
2025_26_20251214_WHU_AVL,2025_26,2025-12-14,WHU,AVL,1,0.5253333333333333,1.78,0.5123361146827076,-0.0129972186506257,0.5188347240080204,V0.10,4,0.01017439456609037,0.5355077278994237
2025_26_20251215_MUN_BOU,2025_26,2025-12-15,MUN,BOU,1,0.6035805626598465,1.55,0.5885523185587352,-0.0150282441011112,0.5960664406092908,V0.10,6,-0.00408216005107035,0.5994984026087762
2025_26_20251220_BOU_BUR,2025_26,2025-12-20,BOU,BUR,0,0.5590551181102362,1.68,0.5515331622102589,-0.0075219558999772,0.5552941401602476,V0.10,5,-0.0029870584490725,0.5560680596611637
2025_26_20251220_BRI_SUN,2025_26,2025-12-20,BRI,SUN,0,0.5212765957446808,1.8,0.5197226115352684,-0.0015539842094123,0.5204996036399746,V0.10,4,0.01017439456609037,0.5314509903107711
2025_26_20251220_EVE_ARS,2025_26,2025-12-20,EVE,ARS,0,0.4576719576719577,2.05,0.4390568632123202,-0.0186150944596374,0.4483644104421389,V0.10,3,0.0023350537722353955,0.4600070114441931
2025_26_20251220_LEE_CRY,2025_26,2025-12-20,LEE,CRY,1,0.4576719576719577,2.05,0.4360718150124442,-0.0216001426595134,0.446871886342201,V0.10,3,0.0023350537722353955,0.4600070114441931
2025_26_20251220_MCI_WHU,2025_26,2025-12-20,MCI,WHU,1,0.7002237136465325,1.34,0.6822354330721051,-0.0179882805744273,0.6912295733593188,V0.10,8,-0.008917834936077782,0.6913058787104547
2025_26_20251220_NEW_CHE,2025_26,2025-12-20,NEW,CHE,1,0.5677083333333334,1.66,0.5658927999586765,-0.0018155333746568,0.566800566646005,V0.10,5,-0.0029870584490725,0.5647212748842608
2025_26_20251220_TOT_LIV,2025_26,2025-12-20,TOT,LIV,1,0.5744125326370757,1.63,0.5424704134202571,-0.0319421192168185,0.5584414730286664,V0.10,5,-0.0029870584490725,0.5714254741880032
2025_26_20251220_WOL_BRE,2025_26,2025-12-20,WOL,BRE,0,0.4867021276595745,1.93,0.4774597512858249,-0.0092423763737495,0.4820809394726997,V0.10,3,0.0023350537722353955,0.4890371814318099
2025_26_20251221_AVL_MUN,2025_26,2025-12-21,AVL,MUN,1,0.5755208333333334,1.63,0.5595802104553717,-0.0159406228779617,0.5675505218943525,V0.10,5,-0.0029870584490725,0.5725337748842608
2025_26_20251222_FUL_NFO,2025_26,2025-12-22,FUL,NFO,0,0.4693333333333332,1.99,0.4435565263416921,-0.025776806991641,0.4564449298375126,V0.10,3,0.0023350537722353955,0.47166838710556863
2025_26_20251226_MUN_NEW,2025_26,2025-12-26,MUN,NEW,0,0.578125,1.62,0.555491542275241,-0.022633457724759,0.5668082711376206,V0.10,5,-0.0029870584490725,0.5751379415509275
2025_26_20251227_ARS_BRI,2025_26,2025-12-27,ARS,BRI,1,0.5729166666666667,1.64,0.56480066584024,-0.0081160008264267,0.5688586662534534,V0.10,5,-0.0029870584490725,0.5699296082175942
2025_26_20251227_BRE_BOU,2025_26,2025-12-27,BRE,BOU,1,0.5552631578947369,1.69,0.5345079042567102,-0.0207552536380266,0.5448855310757236,V0.10,5,-0.0029870584490725,0.5522760994456644
2025_26_20251227_BUR_EVE,2025_26,2025-12-27,BUR,EVE,0,0.4345549738219895,2.16,0.4235077838816483,-0.0110471899403411,0.4290313788518189,V0.10,2,-0.008541338475710822,0.4260136353462787
2025_26_20251227_CHE_AVL,2025_26,2025-12-27,CHE,AVL,1,0.5578947368421052,1.68,0.5454286120961623,-0.0124661247459428,0.5516616744691338,V0.10,5,-0.0029870584490725,0.5549076783930327
2025_26_20251227_LIV_WOL,2025_26,2025-12-27,LIV,WOL,1,0.642156862745098,1.46,0.6393186348390791,-0.0028382279060188,0.6407377487920886,V0.10,6,-0.00408216005107035,0.6380747026940277
2025_26_20251227_NFO_MCI,2025_26,2025-12-27,NFO,MCI,1,0.5792207792207792,1.62,0.5652657258006812,-0.0139550534200979,0.5722432525107302,V0.10,5,-0.0029870584490725,0.5762337207717066
2025_26_20251227_WHU_FUL,2025_26,2025-12-27,WHU,FUL,0,0.526595744680851,1.78,0.514232319328531,-0.01236342535232,0.520414032004691,V0.10,4,0.01017439456609037,0.5367701392469414
2025_26_20251228_CRY_TOT,2025_26,2025-12-28,CRY,TOT,0,0.4787234042553191,1.96,0.4520174389277887,-0.0267059653275304,0.4653704215915539,V0.10,3,0.0023350537722353955,0.48105845802755454
2025_26_20251228_SUN_LEE,2025_26,2025-12-28,SUN,LEE,0,0.4281984334203655,2.19,0.3952332968018436,-0.0329651366185219,0.4117158651111046,V0.10,2,-0.008541338475710822,0.4196570949446547
2025_26_20251230_ARS_AVL,2025_26,2025-12-30,ARS,AVL,1,0.5651041666666667,1.67,0.5518530510688303,-0.0132511155978364,0.5584786088677485,V0.10,5,-0.0029870584490725,0.5621171082175942
2025_26_20251230_BUR_NEW,2025_26,2025-12-30,BUR,NEW,1,0.5305039787798408,1.77,0.5269110797840924,-0.0035928989957484,0.5287075292819665,V0.10,4,0.01017439456609037,0.5406783733459312
2025_26_20251230_CHE_BOU,2025_26,2025-12-30,CHE,BOU,1,0.6339066339066339,1.49,0.6316649828513375,-0.0022416510552963,0.6327858083789857,V0.10,6,-0.00408216005107035,0.6298244738555636
2025_26_20251230_MUN_WOL,2025_26,2025-12-30,MUN,WOL,0,0.5948717948717949,1.58,0.5914504194753046,-0.0034213753964902,0.5931611071735498,V0.10,5,-0.0029870584490725,0.5918847364227223
2025_26_20251230_NFO_EVE,2025_26,2025-12-30,NFO,EVE,0,0.4123711340206186,2.28,0.3931903858999149,-0.0191807481207036,0.4027807599602667,V0.10,2,-0.008541338475710822,0.4038297955449078
2025_26_20251230_WHU_BRI,2025_26,2025-12-30,WHU,BRI,1,0.5703125,1.65,0.571950010869627,0.001637510869627,0.5711312554348136,V0.10,5,-0.0029870584490725,0.5673254415509275
2025_26_20260101_BRE_TOT,2025_26,2026-01-01,BRE,TOT,0,0.5013333333333333,1.87,0.4653432246239331,-0.0359901087094001,0.4833382789786332,V0.10,4,0.01017439456609037,0.5115077278994237
2025_26_20260101_CRY_FUL,2025_26,2026-01-01,CRY,FUL,0,0.4640000000000001,2.01,0.451784118964725,-0.012215881035275,0.4578920594823625,V0.10,3,0.0023350537722353955,0.4663350537722355
2025_26_20260101_LIV_LEE,2025_26,2026-01-01,LIV,LEE,0,0.5902061855670103,1.59,0.5564939336204928,-0.0337122519465175,0.5733500595937515,V0.10,5,-0.0029870584490725,0.5872191271179378
2025_26_20260101_SUN_MCI,2025_26,2026-01-01,SUN,MCI,0,0.578125,1.62,0.5688458601768167,-0.0092791398231832,0.5734854300884084,V0.10,5,-0.0029870584490725,0.5751379415509275
2025_26_20260103_AVL_NFO,2025_26,2026-01-03,AVL,NFO,1,0.5225464190981433,1.8,0.5065246237746546,-0.0160217953234886,0.5145355214363989,V0.10,4,0.01017439456609037,0.5327208136642336
2025_26_20260103_BOU_ARS,2025_26,2026-01-03,BOU,ARS,1,0.578125,1.62,0.5660455581140694,-0.0120794418859305,0.5720852790570348,V0.10,5,-0.0029870584490725,0.5751379415509275
2025_26_20260103_BRI_BUR,2025_26,2026-01-03,BRI,BUR,0,0.5526315789473685,1.7,0.5590784424219852,0.0064468634746167,0.5558550106846769,V0.10,5,-0.0029870584490725,0.5496445204982959
2025_26_20260103_WOL_WHU,2025_26,2026-01-03,WOL,WHU,1,0.4920212765957447,1.91,0.4824163655137843,-0.0096049110819603,0.4872188210547645,V0.10,3,0.0023350537722353955,0.4943563303679801
2025_26_20260104_EVE_BRE,2025_26,2026-01-04,EVE,BRE,1,0.4281984334203655,2.19,0.4054018522705067,-0.0227965811498587,0.4168001428454361,V0.10,2,-0.008541338475710822,0.4196570949446547
2025_26_20260104_FUL_LIV,2025_26,2026-01-04,FUL,LIV,1,0.5305039787798408,1.77,0.5128834728736127,-0.0176205059062281,0.5216937258267267,V0.10,4,0.01017439456609037,0.5406783733459312
2025_26_20260104_LEE_MUN,2025_26,2026-01-04,LEE,MUN,0,0.5212765957446808,1.8,0.4997993249163069,-0.0214772708283738,0.5105379603304938,V0.10,4,0.01017439456609037,0.5314509903107711
2025_26_20260104_MCI_CHE,2025_26,2026-01-04,MCI,CHE,0,0.6311881188118812,1.49,0.6065364864332038,-0.0246516323786774,0.6188623026225425,V0.10,6,-0.00408216005107035,0.6271059587608109
2025_26_20260104_NEW_CRY,2025_26,2026-01-04,NEW,CRY,0,0.5358090185676393,1.75,0.5365428903791676,0.0007338718115282,0.5361759544734035,V0.10,4,0.01017439456609037,0.5459834131337297
2025_26_20260104_TOT_SUN,2025_26,2026-01-04,TOT,SUN,0,0.4694960212201591,2.0,0.4493394166584318,-0.0201566045617272,0.4594177189392955,V0.10,3,0.0023350537722353955,0.4718310749923945
2025_26_20260106_WHU_NFO,2025_26,2026-01-06,WHU,NFO,1,0.493368700265252,1.91,0.4782182405990303,-0.0151504596662216,0.4857934704321411,V0.10,3,0.0023350537722353955,0.4957037540374874
2025_26_20260107_BOU_TOT,2025_26,2026-01-07,BOU,TOT,1,0.5552631578947369,1.69,0.5357760315410445,-0.0194871263536924,0.5455195947178907,V0.10,5,-0.0029870584490725,0.5522760994456644
2025_26_20260107_BRE_SUN,2025_26,2026-01-07,BRE,SUN,1,0.4748010610079576,1.98,0.4576395169135017,-0.0171615440944559,0.4662202889607296,V0.10,3,0.0023350537722353955,0.477136114780193
2025_26_20260107_BUR_MUN,2025_26,2026-01-07,BUR,MUN,1,0.5488126649076518,1.71,0.5539427254237917,0.0051300605161399,0.5513776951657218,V0.10,4,0.01017439456609037,0.5589870594737422
2025_26_20260107_CRY_AVL,2025_26,2026-01-07,CRY,AVL,0,0.4946808510638298,1.9,0.4798738847924764,-0.0148069662713534,0.4872773679281531,V0.10,3,0.0023350537722353955,0.4970159048360652
2025_26_20260107_EVE_WOL,2025_26,2026-01-07,EVE,WOL,0,0.4576719576719577,2.05,0.4475761693932322,-0.0100957882787254,0.452624063532595,V0.10,3,0.0023350537722353955,0.4600070114441931
2025_26_20260107_FUL_CHE,2025_26,2026-01-07,FUL,CHE,1,0.5305039787798408,1.77,0.5230452020812814,-0.0074587766985594,0.5267745904305611,V0.10,4,0.01017439456609037,0.5406783733459312
2025_26_20260107_MCI_BRI,2025_26,2026-01-07,MCI,BRI,0,0.6602870813397128,1.42,0.6462411217167889,-0.0140459596229238,0.6532641015282509,V0.10,7,0.003236140161063225,0.663523221500776
2025_26_20260107_NEW_LEE,2025_26,2026-01-07,NEW,LEE,1,0.5251989389920424,1.79,0.4950921028136103,-0.030106836178432,0.5101455209028264,V0.10,4,0.01017439456609037,0.5353733335581328
2025_26_20260108_ARS_LIV,2025_26,2026-01-08,ARS,LIV,0,0.5476190476190476,1.71,0.5062494128048292,-0.0413696348142184,0.5269342302119384,V0.10,4,0.01017439456609037,0.5577934421851379
2025_26_20260117_CHE_BRE,2025_26,2026-01-17,CHE,BRE,0,0.5755208333333334,1.63,0.5644854946788399,-0.0110353386544934,0.5700031640060866,V0.10,5,-0.0029870584490725,0.5725337748842608
2025_26_20260117_LEE_FUL,2025_26,2026-01-17,LEE,FUL,0,0.4591029023746703,2.05,0.4191442213122117,-0.0399586810624585,0.439123561843441,V0.10,3,0.0023350537722353955,0.4614379561469057
2025_26_20260117_LIV_BUR,2025_26,2026-01-17,LIV,BUR,0,0.6081424936386769,1.54,0.604210974710476,-0.0039315189282008,0.6061767341745765,V0.10,6,-0.00408216005107035,0.6040603335876066
2025_26_20260117_MUN_MCI,2025_26,2026-01-17,MUN,MCI,0,0.6336633663366337,1.48,0.6135401040251894,-0.0201232623114442,0.6236017351809116,V0.10,6,-0.00408216005107035,0.6295812062855634
2025_26_20260117_NFO_ARS,2025_26,2026-01-17,NFO,ARS,0,0.5039999999999999,1.86,0.4860752708373632,-0.0179247291626366,0.4950376354186815,V0.10,4,0.01017439456609037,0.5141743945660903
2025_26_20260117_SUN_CRY,2025_26,2026-01-17,SUN,CRY,1,0.4270833333333333,2.2,0.4258069006985251,-0.0012764326348081,0.4264451170159292,V0.10,2,-0.008541338475710822,0.4185419948576225
2025_26_20260117_TOT_WHU,2025_26,2026-01-17,TOT,WHU,1,0.5488126649076518,1.71,0.5296025386960379,-0.0192101262116138,0.5392076018018448,V0.10,4,0.01017439456609037,0.5589870594737422
2025_26_20260118_AVL_EVE,2025_26,2026-01-18,AVL,EVE,0,0.4986666666666667,1.88,0.4831046861403166,-0.0155619805263501,0.4908856764034917,V0.10,3,0.0023350537722353955,0.5010017204389021
2025_26_20260118_WOL_NEW,2025_26,2026-01-18,WOL,NEW,0,0.5654450261780105,1.66,0.5735634372963925,0.0081184111183819,0.5695042317372014,V0.10,5,-0.0029870584490725,0.562457967728938
2025_26_20260119_BRI_BOU,2025_26,2026-01-19,BRI,BOU,0,0.6277915632754342,1.5,0.631159365160876,0.0033678018854418,0.629475464218155,V0.10,6,-0.00408216005107035,0.6237094032243639
2025_26_20260124_BOU_LIV,2025_26,2026-01-24,BOU,LIV,1,0.596401028277635,1.57,0.5861625374357772,-0.0102384908418577,0.5912817828567061,V0.10,5,-0.0029870584490725,0.5934139698285624
2025_26_20260124_BUR_TOT,2025_26,2026-01-24,BUR,TOT,1,0.4707446808510637,1.99,0.4517222668349164,-0.0190224140161472,0.46123347384299,V0.10,3,0.0023350537722353955,0.4730797346232991
2025_26_20260124_FUL_BRI,2025_26,2026-01-24,FUL,BRI,1,0.53315649867374,1.76,0.5287227924993206,-0.0044337061744194,0.5309396455865303,V0.10,4,0.01017439456609037,0.5433308932398304
2025_26_20260124_MCI_WOL,2025_26,2026-01-24,MCI,WOL,0,0.6737089201877935,1.39,0.6665841389147211,-0.0071247812730723,0.6701465295512573,V0.10,7,0.003236140161063225,0.6769450603488567
2025_26_20260124_WHU_SUN,2025_26,2026-01-24,WHU,SUN,1,0.4511873350923483,2.08,0.4394234774730203,-0.011763857619328,0.4453054062826843,V0.10,3,0.0023350537722353955,0.45352238886458374
2025_26_20260125_ARS_MUN,2025_26,2026-01-25,ARS,MUN,1,0.554089709762533,1.69,0.530164765912877,-0.023924943849656,0.542127237837705,V0.10,5,-0.0029870584490725,0.5511026513134605
2025_26_20260125_BRE_NFO,2025_26,2026-01-25,BRE,NFO,0,0.4907161803713528,1.92,0.4783574633070667,-0.012358717064286,0.4845368218392097,V0.10,3,0.0023350537722353955,0.4930512341435882
2025_26_20260125_CRY_CHE,2025_26,2026-01-25,CRY,CHE,1,0.5396825396825397,1.74,0.544206171478666,0.0045236317961263,0.5419443555806028,V0.10,4,0.01017439456609037,0.54985693424863
2025_26_20260125_NEW_AVL,2025_26,2026-01-25,NEW,AVL,0,0.5718015665796344,1.64,0.5613993349300697,-0.0104022316495647,0.5666004507548521,V0.10,5,-0.0029870584490725,0.5688145081305619
2025_26_20260126_EVE_LEE,2025_26,2026-01-26,EVE,LEE,0,0.4281984334203655,2.19,0.3911358781306332,-0.0370625552897322,0.4096671557754994,V0.10,2,-0.008541338475710822,0.4196570949446547
2025_26_20260131_BRI_EVE,2025_26,2026-01-31,BRI,EVE,0,0.5132978723404255,1.83,0.5222860906883188,0.0089882183478933,0.5177919815143721,V0.10,4,0.01017439456609037,0.5234722669065158
2025_26_20260131_CHE_WHU,2025_26,2026-01-31,CHE,WHU,1,0.6136363636363636,1.53,0.6107451374070985,-0.0028912262292651,0.612190750521731,V0.10,6,-0.00408216005107035,0.6095542035852933
2025_26_20260131_LEE_ARS,2025_26,2026-01-31,LEE,ARS,1,0.4907161803713528,1.92,0.4637884149367115,-0.0269277654346412,0.4772522976540321,V0.10,3,0.0023350537722353955,0.4930512341435882
2025_26_20260131_LIV_NEW,2025_26,2026-01-31,LIV,NEW,1,0.5818181818181818,1.61,0.564207030194982,-0.0176111516231998,0.5730126060065819,V0.10,5,-0.0029870584490725,0.5788311233691092
2025_26_20260131_WOL_BOU,2025_26,2026-01-31,WOL,BOU,0,0.5435356200527705,1.73,0.5420015621884147,-0.0015340578643557,0.5427685911205926,V0.10,4,0.01017439456609037,0.5537100146188608
2025_26_20260201_AVL_BRE,2025_26,2026-02-01,AVL,BRE,0,0.526595744680851,1.78,0.5073821028179661,-0.0192136418628848,0.5169889237494085,V0.10,4,0.01017439456609037,0.5367701392469414
2025_26_20260201_MUN_FUL,2025_26,2026-02-01,MUN,FUL,1,0.5680628272251308,1.65,0.5506473354526382,-0.0174154917724925,0.5593550813388846,V0.10,5,-0.0029870584490725,0.5650757687760583
2025_26_20260201_NFO_CRY,2025_26,2026-02-01,NFO,CRY,0,0.4746666666666666,1.97,0.4694284793993349,-0.0052381872673317,0.4720475730330007,V0.10,3,0.0023350537722353955,0.47700172043890204
2025_26_20260201_TOT_MCI,2025_26,2026-02-01,TOT,MCI,1,0.5839793281653746,1.61,0.5585175402018547,-0.0254617879635198,0.5712484341836146,V0.10,5,-0.0029870584490725,0.580992269716302
2025_26_20260202_SUN_BUR,2025_26,2026-02-02,SUN,BUR,1,0.4244791666666667,2.21,0.4204950621359736,-0.003984104530693,0.4224871144013201,V0.10,2,-0.008541338475710822,0.41593782819095587
2025_26_20260206_LEE_NFO,2025_26,2026-02-06,LEE,NFO,1,0.4526315789473684,2.08,0.4289286601137134,-0.0237029188336549,0.4407801195305408,V0.10,3,0.0023350537722353955,0.4549666327196038
2025_26_20260207_ARS_SUN,2025_26,2026-02-07,ARS,SUN,1,0.5552631578947369,1.69,0.5526624555931339,-0.002600702301603,0.5539628067439354,V0.10,5,-0.0029870584490725,0.5522760994456644
2025_26_20260207_BOU_AVL,2025_26,2026-02-07,BOU,AVL,0,0.5654450261780105,1.66,0.5533570502443577,-0.0120879759336528,0.559401038211184,V0.10,5,-0.0029870584490725,0.562457967728938
2025_26_20260207_BUR_WHU,2025_26,2026-02-07,BUR,WHU,0,0.5039999999999999,1.86,0.491639537087605,-0.0123604629123948,0.4978197685438024,V0.10,4,0.01017439456609037,0.5141743945660903
2025_26_20260207_FUL_EVE,2025_26,2026-02-07,FUL,EVE,1,0.4308093994778067,2.18,0.4186369976829457,-0.012172401794861,0.4247231985803762,V0.10,2,-0.008541338475710822,0.4222680610020959
2025_26_20260207_MUN_TOT,2025_26,2026-02-07,MUN,TOT,0,0.6447688564476886,1.46,0.6416022528942317,-0.0031666035534568,0.6431855546709602,V0.10,6,-0.00408216005107035,0.6406866963966182
2025_26_20260207_NEW_BRE,2025_26,2026-02-07,NEW,BRE,1,0.5616797900262467,1.67,0.5599978381848841,-0.0016819518413625,0.5608388141055654,V0.10,5,-0.0029870584490725,0.5586927315771741
2025_26_20260207_WOL_CHE,2025_26,2026-02-07,WOL,CHE,1,0.5578947368421052,1.68,0.5639860951595923,0.006091358317487,0.5609404160008488,V0.10,5,-0.0029870584490725,0.5549076783930327
2025_26_20260208_BRI_CRY,2025_26,2026-02-08,BRI,CRY,0,0.5226666666666666,1.79,0.5274303433813279,0.0047636767146612,0.5250485050239972,V0.10,4,0.01017439456609037,0.532841061232757
2025_26_20260208_LIV_MCI,2025_26,2026-02-08,LIV,MCI,1,0.6020408163265306,1.56,0.5775399855158978,-0.0245008308106328,0.5897904009212143,V0.10,6,-0.00408216005107035,0.5979586562754603
2025_26_20260210_CHE_LEE,2025_26,2026-02-10,CHE,LEE,1,0.5818181818181818,1.61,0.566580274513637,-0.0152379073045447,0.5741992281659094,V0.10,5,-0.0029870584490725,0.5788311233691092
2025_26_20260210_EVE_BOU,2025_26,2026-02-10,EVE,BOU,1,0.5146666666666666,1.82,0.4932209404711416,-0.0214457261955249,0.5039438035689041,V0.10,4,0.01017439456609037,0.524841061232757
2025_26_20260210_TOT_NEW,2025_26,2026-02-10,TOT,NEW,1,0.5538057742782152,1.7,0.542561270112025,-0.0112445041661901,0.5481835221951201,V0.10,5,-0.0029870584490725,0.5508187158291427
2025_26_20260210_WHU_MUN,2025_26,2026-02-10,WHU,MUN,0,0.6388206388206389,1.47,0.6412996099753812,0.0024789711547422,0.64006012439801,V0.10,6,-0.00408216005107035,0.6347384787695686
2025_26_20260211_AVL_BRI,2025_26,2026-02-11,AVL,BRI,0,0.5358090185676393,1.75,0.538611913987924,0.0028028954202846,0.5372104662777817,V0.10,4,0.01017439456609037,0.5459834131337297
2025_26_20260211_CRY_BUR,2025_26,2026-02-11,CRY,BUR,1,0.4893048128342245,1.91,0.4904555669206488,0.0011507540864243,0.4898801898774366,V0.10,3,0.0023350537722353955,0.4916398666064599
2025_26_20260211_MCI_FUL,2025_26,2026-02-11,MCI,FUL,1,0.6171284634760705,1.52,0.6057172798728139,-0.0114111836032566,0.6114228716744422,V0.10,6,-0.00408216005107035,0.6130463034250002
2025_26_20260211_NFO_WOL,2025_26,2026-02-11,NFO,WOL,0,0.4826666666666667,1.94,0.4817779178600833,-0.0008887488065833,0.482222292263375,V0.10,3,0.0023350537722353955,0.4850017204389021
2025_26_20260211_SUN_LIV,2025_26,2026-02-11,SUN,LIV,0,0.5226666666666666,1.79,0.5190482577259895,-0.0036184089406771,0.520857462196328,V0.10,4,0.01017439456609037,0.532841061232757
2025_26_20260212_BRE_ARS,2025_26,2026-02-12,BRE,ARS,0,0.512,1.83,0.4813953475164387,-0.0306046524835613,0.4966976737582194,V0.10,4,0.01017439456609037,0.5221743945660904
2025_26_20260218_WOL_ARS,2025_26,2026-02-18,WOL,ARS,1,0.5552631578947369,1.69,0.5618905818877779,0.0066274239930409,0.5585768698912574,V0.10,5,-0.0029870584490725,0.5522760994456644
2025_26_20260221_AVL_LEE,2025_26,2026-02-21,AVL,LEE,0,0.5186170212765957,1.81,0.5037599489720799,-0.0148570723045158,0.5111884851243378,V0.10,4,0.01017439456609037,0.5287914158426861
2025_26_20260221_BRE_BRI,2025_26,2026-02-21,BRE,BRI,0,0.5372340425531915,1.74,0.5325587801501249,-0.0046752624030665,0.5348964113516582,V0.10,4,0.01017439456609037,0.5474084371192819
2025_26_20260221_CHE_BUR,2025_26,2026-02-21,CHE,BUR,0,0.6578313253012049,1.42,0.6641793278357816,0.0063480025345766,0.6610053265684932,V0.10,7,0.003236140161063225,0.6610674654622681
2025_26_20260221_MCI_NEW,2025_26,2026-02-21,MCI,NEW,1,0.6626794258373206,1.41,0.6501999595379979,-0.0124794662993227,0.6564396926876592,V0.10,7,0.003236140161063225,0.6659155659983839
2025_26_20260221_WHU_BOU,2025_26,2026-02-21,WHU,BOU,0,0.6071428571428571,1.54,0.5999590941794858,-0.0071837629633713,0.6035509756611714,V0.10,6,-0.00408216005107035,0.6030606970917868
2025_26_20260222_CRY_WOL,2025_26,2026-02-22,CRY,WOL,0,0.496,1.89,0.5050609223734738,0.0090609223734737,0.5005304611867369,V0.10,3,0.0023350537722353955,0.4983350537722354
2025_26_20260222_NFO_LIV,2025_26,2026-02-22,NFO,LIV,0,0.5590551181102362,1.68,0.5626252687356742,0.0035701506254379,0.5608401934229552,V0.10,5,-0.0029870584490725,0.5560680596611637
2025_26_20260222_SUN_FUL,2025_26,2026-02-22,SUN,FUL,1,0.4421052631578946,2.12,0.4381057476957101,-0.0039995154621845,0.4401055054268024,V0.10,2,-0.008541338475710822,0.4335639246821838
2025_26_20260222_TOT_ARS,2025_26,2026-02-22,TOT,ARS,1,0.528,1.77,0.497806806412042,-0.0301931935879579,0.512903403206021,V0.10,4,0.01017439456609037,0.5381743945660904
2025_26_20260223_EVE_MUN,2025_26,2026-02-23,EVE,MUN,0,0.5578947368421052,1.68,0.5653888939552673,0.007494157113162,0.5616418153986862,V0.10,5,-0.0029870584490725,0.5549076783930327
2025_26_20260227_WOL_AVL,2025_26,2026-02-27,WOL,AVL,0,0.5119363395225464,1.84,0.5222199975476575,0.0102836580251111,0.5170781685351019,V0.10,4,0.01017439456609037,0.5221107340886367
2025_26_20260228_BOU_SUN,2025_26,2026-02-28,BOU,SUN,0,0.5329815303430079,1.77,0.5348175726789197,0.0018360423359118,0.5338995515109638,V0.10,4,0.01017439456609037,0.5431559249090983
2025_26_20260228_BUR_BRE,2025_26,2026-02-28,BUR,BRE,1,0.5173333333333333,1.81,0.5132717969040694,-0.0040615364292638,0.5153025651187013,V0.10,4,0.01017439456609037,0.5275077278994237
2025_26_20260228_LEE_MCI,2025_26,2026-02-28,LEE,MCI,0,0.5818181818181818,1.61,0.5745750658197765,-0.0072431159984053,0.5781966238189791,V0.10,5,-0.0029870584490725,0.5788311233691092
2025_26_20260228_LIV_WHU,2025_26,2026-02-28,LIV,WHU,1,0.6578313253012049,1.42,0.6545697542314228,-0.003261571069782,0.6562005397663139,V0.10,7,0.003236140161063225,0.6610674654622681
2025_26_20260228_NEW_EVE,2025_26,2026-02-28,NEW,EVE,1,0.5423280423280423,1.73,0.542674637248717,0.0003465949206746,0.5425013397883797,V0.10,4,0.01017439456609037,0.5525024368941327
2025_26_20260301_ARS_CHE,2025_26,2026-03-01,ARS,CHE,1,0.5514511873350924,1.7,0.5173634839486487,-0.0340877033864436,0.5344073356418706,V0.10,5,-0.0029870584490725,0.5484641288860198
2025_26_20260301_BRI_NFO,2025_26,2026-03-01,BRI,NFO,1,0.5239361702127661,1.79,0.5306438431311149,0.0067076729183488,0.5272900066719405,V0.10,4,0.01017439456609037,0.5341105647788564
2025_26_20260301_FUL_TOT,2025_26,2026-03-01,FUL,TOT,1,0.5461741424802111,1.72,0.5389205562821457,-0.0072535861980653,0.5425473493811784,V0.10,4,0.01017439456609037,0.5563485370463015
2025_26_20260301_MUN_CRY,2025_26,2026-03-01,MUN,CRY,1,0.5792207792207792,1.62,0.5910535611605464,0.0118327819397672,0.5851371701906628,V0.10,5,-0.0029870584490725,0.5762337207717066
2025_26_20260303_BOU_BRE,2025_26,2026-03-03,BOU,BRE,0,0.5948717948717949,1.58,0.5946497682451869,-0.0002220266266079,0.5947607815584909,V0.10,5,-0.0029870584490725,0.5918847364227223
2025_26_20260303_EVE_BUR,2025_26,2026-03-03,EVE,BUR,0,0.4907161803713528,1.92,0.4785395726962265,-0.0121766076751262,0.4846278765337896,V0.10,3,0.0023350537722353955,0.4930512341435882
2025_26_20260303_LEE_SUN,2025_26,2026-03-03,LEE,SUN,0,0.4526315789473684,2.08,0.4381315134378266,-0.0145000655095418,0.4453815461925975,V0.10,3,0.0023350537722353955,0.4549666327196038
2025_26_20260303_WOL_LIV,2025_26,2026-03-03,WOL,LIV,1,0.5984654731457799,1.57,0.6108116651760119,0.012346192030232,0.604638569160896,V0.10,5,-0.0029870584490725,0.5954784146967074
2025_26_20260304_AVL_CHE,2025_26,2026-03-04,AVL,CHE,1,0.5628272251308901,1.67,0.5617991514953932,-0.0010280736354969,0.5623131883131416,V0.10,5,-0.0029870584490725,0.5598401666818176
2025_26_20260304_BRI_ARS,2025_26,2026-03-04,BRI,ARS,0,0.4946524064171124,1.89,0.4746539643845302,-0.0199984420325821,0.4846531854008213,V0.10,3,0.0023350537722353955,0.4969874601893478
2025_26_20260304_FUL_WHU,2025_26,2026-03-04,FUL,WHU,0,0.544973544973545,1.72,0.5321220616216502,-0.0128514833518947,0.5385478032975977,V0.10,4,0.01017439456609037,0.5551479395396354
2025_26_20260304_MCI_NFO,2025_26,2026-03-04,MCI,NFO,1,0.596401028277635,1.57,0.590449594148459,-0.0059514341291759,0.593425311213047,V0.10,5,-0.0029870584490725,0.5934139698285624
2025_26_20260304_NEW_MUN,2025_26,2026-03-04,NEW,MUN,1,0.6161616161616161,1.52,0.6142396233106621,-0.001921992850954,0.615200619736139,V0.10,6,-0.00408216005107035,0.6120794561105458
2025_26_20260305_TOT_CRY,2025_26,2026-03-05,TOT,CRY,1,0.5253333333333333,1.78,0.5090134348218068,-0.0163198985115264,0.5171733840775701,V0.10,4,0.01017439456609037,0.5355077278994237
2025_26_20260314_ARS_EVE,2025_26,2026-03-14,ARS,EVE,0,0.4919786096256684,1.9,0.4629276745840006,-0.0290509350416677,0.4774531421048345,V0.10,3,0.0023350537722353955,0.49431366339790384
2025_26_20260314_BUR_BOU,2025_26,2026-03-14,BUR,BOU,0,0.5555555555555556,1.68,0.5537270252275471,-0.0018285303280084,0.5546412903915514,V0.10,5,-0.0029870584490725,0.552568497106483
2025_26_20260314_CHE_NEW,2025_26,2026-03-14,CHE,NEW,0,0.6370370370370371,1.47,0.6268119828766123,-0.0102250541604247,0.6319245099568247,V0.10,6,-0.00408216005107035,0.6329548769859668
2025_26_20260314_SUN_BRI,2025_26,2026-03-14,SUN,BRI,0,0.4588859416445623,2.04,0.456326121971823,-0.0025598196727393,0.4576060318081926,V0.10,3,0.0023350537722353955,0.46122099541679773
2025_26_20260314_WHU_MCI,2025_26,2026-03-14,WHU,MCI,0,0.6171284634760705,1.52,0.6115231940475302,-0.0056052694285403,0.6143258287618003,V0.10,6,-0.00408216005107035,0.6130463034250002
2025_26_20260315_CRY_LEE,2025_26,2026-03-15,CRY,LEE,0,0.4601063829787233,2.03,0.4363084252944726,-0.0237979576842506,0.448207404136598,V0.10,3,0.0023350537722353955,0.4624414367509587
2025_26_20260315_LIV_TOT,2025_26,2026-03-15,LIV,TOT,0,0.6570048309178744,1.42,0.634250894474274,-0.0227539364436004,0.6456278626960742,V0.10,7,0.003236140161063225,0.6602409710789376
2025_26_20260315_MUN_AVL,2025_26,2026-03-15,MUN,AVL,1,0.5718015665796344,1.64,0.5757917342928983,0.0039901677132638,0.5737966504362664,V0.10,5,-0.0029870584490725,0.5688145081305619
2025_26_20260315_NFO_FUL,2025_26,2026-03-15,NFO,FUL,0,0.5026737967914439,1.86,0.4945779323036108,-0.008095864487833,0.4986258645475273,V0.10,4,0.01017439456609037,0.5128481913575342
2025_26_20260316_BRE_WOL,2025_26,2026-03-16,BRE,WOL,1,0.5567282321899736,1.68,0.560252619833892,0.0035243876439183,0.5584904260119328,V0.10,5,-0.0029870584490725,0.553741173740901
2025_26_20260320_BOU_MUN,2025_26,2026-03-20,BOU,MUN,1,0.614609571788413,1.53,0.625449229721237,0.0108396579328239,0.620029400754825,V0.10,6,-0.00408216005107035,0.6105274117373427
2025_26_20260321_BRI_LIV,2025_26,2026-03-21,BRI,LIV,1,0.5578947368421052,1.68,0.5554669646610513,-0.0024277721810539,0.5566808507515782,V0.10,5,-0.0029870584490725,0.5549076783930327
2025_26_20260321_EVE_CHE,2025_26,2026-03-21,EVE,CHE,1,0.526595744680851,1.78,0.5149653213283646,-0.0116304233524864,0.5207805330046078,V0.10,4,0.01017439456609037,0.5367701392469414
2025_26_20260321_FUL_BUR,2025_26,2026-03-21,FUL,BUR,1,0.5294117647058824,1.76,0.5276777260875147,-0.0017340386183676,0.5285447453966985,V0.10,4,0.01017439456609037,0.5395861592719727
2025_26_20260321_LEE_BRE,2025_26,2026-03-21,LEE,BRE,0,0.5080213903743315,1.84,0.4926723686597968,-0.0153490217145346,0.5003468795170641,V0.10,4,0.01017439456609037,0.5181957849404218
2025_26_20260322_AVL_WHU,2025_26,2026-03-22,AVL,WHU,0,0.5372340425531915,1.74,0.5337330505984988,-0.0035009919546926,0.5354835465758452,V0.10,4,0.01017439456609037,0.5474084371192819
2025_26_20260322_NEW_SUN,2025_26,2026-03-22,NEW,SUN,1,0.5106951871657753,1.83,0.4969712161480579,-0.0137239710177174,0.5038332016569166,V0.10,4,0.01017439456609037,0.5208695817318657
2025_26_20260322_TOT_NFO,2025_26,2026-03-22,TOT,NFO,1,0.5026737967914439,1.86,0.4791525720340884,-0.0235212247573554,0.4909131844127661,V0.10,4,0.01017439456609037,0.5128481913575342
2025_26_20260410_WHU_WOL,2025_26,2026-04-10,WHU,WOL,1,0.5251989389920424,1.79,0.5278592270999649,0.0026602881079225,0.5265290830460037,V0.10,4,0.01017439456609037,0.5353733335581328
2025_26_20260411_ARS_BOU,2025_26,2026-04-11,ARS,BOU,1,0.5803108808290156,1.62,0.5710572516431721,-0.0092536291858434,0.5756840662360938,V0.10,5,-0.0029870584490725,0.5773238223799431
2025_26_20260411_BRE_EVE,2025_26,2026-04-11,BRE,EVE,1,0.48,1.95,0.4677899997479015,-0.0122100002520985,0.4738949998739507,V0.10,3,0.0023350537722353955,0.4823350537722354
2025_26_20260411_BUR_BRI,2025_26,2026-04-11,BUR,BRI,0,0.5488126649076518,1.71,0.5653494541468396,0.0165367892391877,0.5570810595272457,V0.10,4,0.01017439456609037,0.5589870594737422
2025_26_20260411_LIV_FUL,2025_26,2026-04-11,LIV,FUL,0,0.6126582278481012,1.53,0.5978786498447881,-0.014779578003313,0.6052684388464447,V0.10,6,-0.00408216005107035,0.6085760677970309
2025_26_20260412_CHE_MCI,2025_26,2026-04-12,CHE,MCI,1,0.6091370558375634,1.54,0.5882349045878456,-0.0209021512497178,0.5986859802127045,V0.10,6,-0.00408216005107035,0.6050548957864931
2025_26_20260412_CRY_NEW,2025_26,2026-04-12,CRY,NEW,1,0.5476190476190476,1.71,0.5509145800323937,0.0032955324133461,0.5492668138257206,V0.10,4,0.01017439456609037,0.5577934421851379
2025_26_20260412_NFO_AVL,2025_26,2026-04-12,NFO,AVL,0,0.4906666666666666,1.91,0.4966538220595766,0.00598715539291,0.4936602443631216,V0.10,3,0.0023350537722353955,0.493001720438902
2025_26_20260412_SUN_TOT,2025_26,2026-04-12,SUN,TOT,0,0.4880000000000001,1.92,0.4687737488754041,-0.019226251124596,0.4783868744377021,V0.10,3,0.0023350537722353955,0.4903350537722355
2025_26_20260413_MUN_LEE,2025_26,2026-04-13,MUN,LEE,1,0.5567282321899736,1.68,0.5445026153361937,-0.0122256168537798,0.5506154237630836,V0.10,5,-0.0029870584490725,0.553741173740901
2025_26_20260418_BRE_FUL,2025_26,2026-04-18,BRE,FUL,0,0.5411140583554377,1.73,0.5305117609512319,-0.0106022974042058,0.5358129096533348,V0.10,4,0.01017439456609037,0.5512884529215281
2025_26_20260418_CHE_MUN,2025_26,2026-04-18,CHE,MUN,0,0.6106870229007634,1.53,0.597638977123257,-0.0130480457775064,0.6041630000120102,V0.10,6,-0.00408216005107035,0.6066048628496931
2025_26_20260418_LEE_WOL,2025_26,2026-04-18,LEE,WOL,1,0.5039999999999999,1.86,0.5051960398055688,0.0011960398055689,0.5045980199027844,V0.10,4,0.01017439456609037,0.5141743945660903
2025_26_20260418_NEW_BOU,2025_26,2026-04-18,NEW,BOU,1,0.6370370370370371,1.47,0.6501306234116281,0.013093586374591,0.6435838302243326,V0.10,6,-0.00408216005107035,0.6329548769859668
2025_26_20260418_TOT_BRI,2025_26,2026-04-18,TOT,BRI,1,0.5654450261780105,1.66,0.5644340193227245,-0.0010110068552859,0.5649395227503675,V0.10,5,-0.0029870584490725,0.562457967728938
2025_26_20260419_AVL_SUN,2025_26,2026-04-19,AVL,SUN,1,0.496,1.89,0.4928040450535469,-0.003195954946453,0.4944020225267734,V0.10,3,0.0023350537722353955,0.4983350537722354
2025_26_20260419_EVE_LIV,2025_26,2026-04-19,EVE,LIV,1,0.5053191489361702,1.86,0.4807577426690622,-0.024561406267108,0.4930384458026162,V0.10,4,0.01017439456609037,0.5154935435022606
2025_26_20260419_MCI_ARS,2025_26,2026-04-19,MCI,ARS,1,0.4866310160427808,1.92,0.425582364276211,-0.0610486517665698,0.4561066901594959,V0.10,3,0.0023350537722353955,0.4889660698150162
2025_26_20260419_NFO_BUR,2025_26,2026-04-19,NFO,BUR,1,0.5384615384615384,1.74,0.5464949389981467,0.0080334005366082,0.5424782387298426,V0.10,4,0.01017439456609037,0.5486359330276288
2025_26_20260420_CRY_WHU,2025_26,2026-04-20,CRY,WHU,0,0.4986666666666667,1.88,0.4882703810801377,-0.0103962855865289,0.4934685238734022,V0.10,3,0.0023350537722353955,0.5010017204389021
2025_26_20260421_BRI_CHE,2025_26,2026-04-21,BRI,CHE,1,0.5766233766233767,1.63,0.5815143549995186,0.0048909783761419,0.5790688658114477,V0.10,5,-0.0029870584490725,0.5736363181743042
2025_26_20260422_BOU_LEE,2025_26,2026-04-22,BOU,LEE,1,0.5464190981432361,1.71,0.5483440344799996,0.0019249363367634,0.5473815663116178,V0.10,4,0.01017439456609037,0.5565934927093265
2025_26_20260422_BUR_MCI,2025_26,2026-04-22,BUR,MCI,0,0.709251101321586,1.32,0.7185602507449315,0.0093091494233454,0.7139056760332587,V0.10,8,-0.008917834936077782,0.7003332663855082
2025_26_20260424_SUN_NFO,2025_26,2026-04-24,SUN,NFO,1,0.4424083769633508,2.13,0.433011377786525,-0.0093969991768257,0.4377098773749379,V0.10,2,-0.008541338475710822,0.43386703848763997
2025_26_20260425_ARS_NEW,2025_26,2026-04-25,ARS,NEW,0,0.5917312661498708,1.58,0.5662772548794366,-0.0254540112704342,0.5790042605146537,V0.10,5,-0.0029870584490725,0.5887442077007983
2025_26_20260425_FUL_AVL,2025_26,2026-04-25,FUL,AVL,0,0.5461741424802111,1.72,0.5536886982405581,0.0075145557603469,0.5499314203603847,V0.10,4,0.01017439456609037,0.5563485370463015
2025_26_20260425_LIV_CRY,2025_26,2026-04-25,LIV,CRY,1,0.6035805626598465,1.55,0.5940983272054108,-0.0094822354544357,0.5988394449326286,V0.10,6,-0.00408216005107035,0.5994984026087762
2025_26_20260425_WHU_EVE,2025_26,2026-04-25,WHU,EVE,1,0.512,1.83,0.5048378447209318,-0.0071621552790681,0.5084189223604659,V0.10,4,0.01017439456609037,0.5221743945660904
2025_26_20260425_WOL_TOT,2025_26,2026-04-25,WOL,TOT,0,0.5643044619422573,1.66,0.5607277952478242,-0.003576666694433,0.5625161285950407,V0.10,5,-0.0029870584490725,0.5613174034931847
2025_26_20260427_MUN_BRE,2025_26,2026-04-27,MUN,BRE,1,0.6025641025641025,1.55,0.5987915000831364,-0.0037726024809661,0.6006778013236195,V0.10,6,-0.00408216005107035,0.5984819425130322
2025_26_20260501_LEE_BUR,2025_26,2026-05-01,LEE,BUR,1,0.5691906005221932,1.65,0.5787746237529537,0.0095840232307605,0.5739826121375735,V0.10,5,-0.0029870584490725,0.5662035420731206
2025_26_20260502_ARS_FUL,2025_26,2026-05-02,ARS,FUL,1,0.5267379679144386,1.77,0.5058715272678218,-0.0208664406466168,0.5163047475911302,V0.10,4,0.01017439456609037,0.536912362480529
2025_26_20260502_BRE_WHU,2025_26,2026-05-02,BRE,WHU,1,0.5891472868217055,1.59,0.592830266483721,0.0036829796620154,0.5909887766527132,V0.10,5,-0.0029870584490725,0.5861602283726329
2025_26_20260502_NEW_BRI,2025_26,2026-05-02,NEW,BRI,1,0.5590551181102362,1.68,0.5661450513760313,0.0070899332657951,0.5626000847431338,V0.10,5,-0.0029870584490725,0.5560680596611637
2025_26_20260502_WOL_SUN,2025_26,2026-05-02,WOL,SUN,0,0.4615384615384615,2.03,0.4548258960382935,-0.006712565500168,0.4581821787883775,V0.10,3,0.0023350537722353955,0.4638735153106969
2025_26_20260503_AVL_TOT,2025_26,2026-05-03,AVL,TOT,1,0.5567282321899736,1.68,0.5428800858089536,-0.0138481463810199,0.5498041589994636,V0.10,5,-0.0029870584490725,0.553741173740901
2025_26_20260503_BOU_CRY,2025_26,2026-05-03,BOU,CRY,1,0.5680628272251308,1.65,0.5857438243098371,0.0176809970847062,0.5769033257674839,V0.10,5,-0.0029870584490725,0.5650757687760583
2025_26_20260503_MUN_LIV,2025_26,2026-05-03,MUN,LIV,1,0.6370370370370371,1.47,0.6328940229505322,-0.0041430140865048,0.6349655299937846,V0.10,6,-0.00408216005107035,0.6329548769859668
2025_26_20260504_CHE_NFO,2025_26,2026-05-04,CHE,NFO,1,0.5616797900262467,1.67,0.5503992101455594,-0.0112805798806873,0.5560395000859031,V0.10,5,-0.0029870584490725,0.5586927315771741
2025_26_20260504_EVE_MCI,2025_26,2026-05-04,EVE,MCI,1,0.5906735751295337,1.58,0.582233027652653,-0.0084405474768807,0.5864533013910933,V0.10,5,-0.0029870584490725,0.5876865166804611
2025_26_20260509_BRI_WOL,2025_26,2026-05-09,BRI,WOL,1,0.625,1.5,0.6552185815104554,0.0302185815104554,0.6401092907552277,V0.10,6,-0.00408216005107035,0.6209178399489297
2025_26_20260509_FUL_BOU,2025_26,2026-05-09,FUL,BOU,0,0.6081424936386769,1.54,0.6358220831614027,0.0276795895227257,0.6219822884000398,V0.10,6,-0.00408216005107035,0.6040603335876066
2025_26_20260509_LIV_CHE,2025_26,2026-05-09,LIV,CHE,0,0.665083135391924,1.41,0.6548866545814086,-0.0101964808105153,0.6599848949866662,V0.10,7,0.003236140161063225,0.6683192755529872
2025_26_20260509_MCI_BRE,2025_26,2026-05-09,MCI,BRE,1,0.684331797235023,1.37,0.6728579891393437,-0.0114738080956793,0.6785948931871834,V0.10,7,0.003236140161063225,0.6875679373960862
2025_26_20260509_SUN_MUN,2025_26,2026-05-09,SUN,MUN,0,0.5437665782493368,1.72,0.5485960941762735,0.0048295159269367,0.5461813362128052,V0.10,4,0.01017439456609037,0.5539409728154272
2025_26_20260510_BUR_AVL,2025_26,2026-05-10,BUR,AVL,1,0.5514511873350924,1.7,0.5529347103723761,0.0014835230372837,0.5521929488537343,V0.10,5,-0.0029870584490725,0.5484641288860198
2025_26_20260510_CRY_EVE,2025_26,2026-05-10,CRY,EVE,1,0.4693333333333332,1.99,0.4553769524805603,-0.0139563808527728,0.4623551429069468,V0.10,3,0.0023350537722353955,0.47166838710556863
2025_26_20260510_NFO_NEW,2025_26,2026-05-10,NFO,NEW,0,0.5476190476190476,1.71,0.5457713978297182,-0.0018476497893293,0.5466952227243829,V0.10,4,0.01017439456609037,0.5577934421851379
2025_26_20260510_WHU_ARS,2025_26,2026-05-10,WHU,ARS,0,0.5680628272251308,1.65,0.5650744088547337,-0.002988418370397,0.5665686180399323,V0.10,5,-0.0029870584490725,0.5650757687760583
2025_26_20260511_TOT_LEE,2025_26,2026-05-11,TOT,LEE,0,0.5514511873350924,1.7,0.5397498840915307,-0.0117013032435616,0.5456005357133116,V0.10,5,-0.0029870584490725,0.5484641288860198
2025_26_20260513_MCI_CRY,2025_26,2026-05-13,MCI,CRY,1,0.6698113207547169,1.4,0.6648512847621896,-0.0049600359925273,0.6673313027584533,V0.10,7,0.003236140161063225,0.6730474609157802
2025_26_20260515_AVL_LIV,2025_26,2026-05-15,AVL,LIV,1,0.5590551181102362,1.68,0.5383971949324182,-0.020657923177818,0.5487261565213273,V0.10,5,-0.0029870584490725,0.5560680596611637
2025_26_20260517_BRE_CRY,2025_26,2026-05-17,BRE,CRY,1,0.5691906005221932,1.65,0.5791361639709847,0.0099455634487914,0.5741633822465889,V0.10,5,-0.0029870584490725,0.5662035420731206
2025_26_20260517_EVE_SUN,2025_26,2026-05-17,EVE,SUN,1,0.4973262032085561,1.88,0.4883710899750599,-0.0089551132334961,0.492848646591808,V0.10,3,0.0023350537722353955,0.4996612569807915
2025_26_20260517_LEE_BRI,2025_26,2026-05-17,LEE,BRI,0,0.5669291338582677,1.65,0.5824545559565324,0.0155254220982646,0.5746918449074001,V0.10,5,-0.0029870584490725,0.5639420754091952
2025_26_20260517_MUN_NFO,2025_26,2026-05-17,MUN,NFO,1,0.596401028277635,1.57,0.5977060933524349,0.0013050650747998,0.5970535608150349,V0.10,5,-0.0029870584490725,0.5934139698285624
2025_26_20260517_NEW_WHU,2025_26,2026-05-17,NEW,WHU,1,0.6370370370370371,1.47,0.6506956126026241,0.013658575565587,0.6438663248198306,V0.10,6,-0.00408216005107035,0.6329548769859668
2025_26_20260517_WOL_FUL,2025_26,2026-05-17,WOL,FUL,0,0.5567282321899736,1.68,0.5744206829206303,0.0176924507306567,0.5655744575553019,V0.10,5,-0.0029870584490725,0.553741173740901
2025_26_20260518_ARS_BUR,2025_26,2026-05-18,ARS,BUR,0,0.7057522123893805,1.33,0.714096304043296,0.0083440916539155,0.7099242582163383,V0.10,8,-0.008917834936077782,0.6968343774533027
2025_26_20260519_BOU_MCI,2025_26,2026-05-19,BOU,MCI,0,0.6635071090047394,1.42,0.6750393653560034,0.0115322563512639,0.6692732371803713,V0.10,7,0.003236140161063225,0.6667432491658026
2025_26_20260519_CHE_TOT,2025_26,2026-05-19,CHE,TOT,1,0.5564304461942258,1.69,0.5360772870522741,-0.0203531591419516,0.5462538666232499,V0.10,5,-0.0029870584490725,0.5534433877451532
2025_26_20260524_BRI_MUN,2025_26,2026-05-24,BRI,MUN,1,0.6403940886699507,1.46,0.6513597550818819,0.0109656664119311,0.6458769218759164,V0.10,6,-0.00408216005107035,0.6363119286188804
2025_26_20260524_BUR_WOL,2025_26,2026-05-24,BUR,WOL,0,0.5476190476190476,1.71,0.5625715907577421,0.0149525431386945,0.5550953191883948,V0.10,4,0.01017439456609037,0.5577934421851379
2025_26_20260524_CRY_ARS,2025_26,2026-05-24,CRY,ARS,1,0.5755208333333334,1.63,0.5804804946559137,0.0049596613225803,0.5780006639946236,V0.10,5,-0.0029870584490725,0.5725337748842608
2025_26_20260524_FUL_NEW,2025_26,2026-05-24,FUL,NEW,0,0.5844155844155844,1.6,0.6011011778444543,0.0166855934288698,0.5927583811300193,V0.10,5,-0.0029870584490725,0.5814285259665118
2025_26_20260524_LIV_BRE,2025_26,2026-05-24,LIV,BRE,0,0.6336633663366337,1.48,0.6144101433669171,-0.0192532229697165,0.6240367548517753,V0.10,6,-0.00408216005107035,0.6295812062855634
2025_26_20260524_MCI_AVL,2025_26,2026-05-24,MCI,AVL,1,0.7237687366167023,1.29,0.7095606165497582,-0.014208120066944,0.7166646765832303,V0.10,8,-0.008917834936077782,0.7148509016806245
2025_26_20260524_NFO_BOU,2025_26,2026-05-24,NFO,BOU,0,0.6,1.56,0.608473989698842,0.008473989698842,0.6042369948494211,V0.10,6,-0.00408216005107035,0.5959178399489297
2025_26_20260524_SUN_CHE,2025_26,2026-05-24,SUN,CHE,1,0.5411140583554377,1.73,0.5403335230851651,-0.0007805352702725,0.5407237907203014,V0.10,4,0.01017439456609037,0.5512884529215281
2025_26_20260524_TOT_EVE,2025_26,2026-05-24,TOT,EVE,0,0.5398936170212765,1.73,0.5221253124850723,-0.0177683045362041,0.5310094647531745,V0.10,4,0.01017439456609037,0.5500680115873668
2025_26_20260524_WHU_LEE,2025_26,2026-05-24,WHU,LEE,1,0.5718015665796344,1.64,0.5814732707243724,0.0096717041447379,0.5766374186520034,V0.10,5,-0.0029870584490725,0.5688145081305619
