match_id,season,date,kickoff_time,home_team_id,away_team_id,home_team,away_team,home_goals,away_goals,total_goals,over25_result
2015_16_20150808_BOU_AVL,2015_16,2015-08-08,,BOU,AVL,AFC Bournemouth,Aston Villa,0,1,1,UNDER
2015_16_20150808_CHE_SWA,2015_16,2015-08-08,,CHE,SWA,Chelsea,Swansea City,2,2,4,OVER
2015_16_20150808_EVE_WAT,2015_16,2015-08-08,,EVE,WAT,Everton,Watford,2,2,4,OVER
2015_16_20150808_LEI_SUN,2015_16,2015-08-08,,LEI,SUN,Leicester City,Sunderland,4,2,6,OVER
2015_16_20150808_MUN_TOT,2015_16,2015-08-08,,MUN,TOT,Manchester United,Tottenham Hotspur,1,0,1,UNDER
2015_16_20150808_NOR_CRY,2015_16,2015-08-08,,NOR,CRY,Norwich City,Crystal Palace,1,3,4,OVER
2015_16_20150809_ARS_WHU,2015_16,2015-08-09,,ARS,WHU,Arsenal,West Ham United,0,2,2,UNDER
2015_16_20150809_NEW_SOU,2015_16,2015-08-09,,NEW,SOU,Newcastle United,Southampton,2,2,4,OVER
2015_16_20150809_STK_LIV,2015_16,2015-08-09,,STK,LIV,Stoke City,Liverpool,0,1,1,UNDER
2015_16_20150810_WBA_MCI,2015_16,2015-08-10,,WBA,MCI,West Bromwich Albion,Manchester City,0,3,3,OVER
2015_16_20150814_AVL_MUN,2015_16,2015-08-14,,AVL,MUN,Aston Villa,Manchester United,0,1,1,UNDER
2015_16_20150815_SOU_EVE,2015_16,2015-08-15,,SOU,EVE,Southampton,Everton,0,3,3,OVER
2015_16_20150815_SUN_NOR,2015_16,2015-08-15,,SUN,NOR,Sunderland,Norwich City,1,3,4,OVER
2015_16_20150815_SWA_NEW,2015_16,2015-08-15,,SWA,NEW,Swansea City,Newcastle United,2,0,2,UNDER
2015_16_20150815_TOT_STK,2015_16,2015-08-15,,TOT,STK,Tottenham Hotspur,Stoke City,2,2,4,OVER
2015_16_20150815_WAT_WBA,2015_16,2015-08-15,,WAT,WBA,Watford,West Bromwich Albion,0,0,0,UNDER
2015_16_20150815_WHU_LEI,2015_16,2015-08-15,,WHU,LEI,West Ham United,Leicester City,1,2,3,OVER
2015_16_20150816_CRY_ARS,2015_16,2015-08-16,,CRY,ARS,Crystal Palace,Arsenal,1,2,3,OVER
2015_16_20150816_MCI_CHE,2015_16,2015-08-16,,MCI,CHE,Manchester City,Chelsea,3,0,3,OVER
2015_16_20150817_LIV_BOU,2015_16,2015-08-17,,LIV,BOU,Liverpool,AFC Bournemouth,1,0,1,UNDER
2015_16_20150822_CRY_AVL,2015_16,2015-08-22,,CRY,AVL,Crystal Palace,Aston Villa,2,1,3,OVER
2015_16_20150822_LEI_TOT,2015_16,2015-08-22,,LEI,TOT,Leicester City,Tottenham Hotspur,1,1,2,UNDER
2015_16_20150822_MUN_NEW,2015_16,2015-08-22,,MUN,NEW,Manchester United,Newcastle United,0,0,0,UNDER
2015_16_20150822_NOR_STK,2015_16,2015-08-22,,NOR,STK,Norwich City,Stoke City,1,1,2,UNDER
2015_16_20150822_SUN_SWA,2015_16,2015-08-22,,SUN,SWA,Sunderland,Swansea City,1,1,2,UNDER
2015_16_20150822_WHU_BOU,2015_16,2015-08-22,,WHU,BOU,West Ham United,AFC Bournemouth,3,4,7,OVER
2015_16_20150823_EVE_MCI,2015_16,2015-08-23,,EVE,MCI,Everton,Manchester City,0,2,2,UNDER
2015_16_20150823_WAT_SOU,2015_16,2015-08-23,,WAT,SOU,Watford,Southampton,0,0,0,UNDER
2015_16_20150823_WBA_CHE,2015_16,2015-08-23,,WBA,CHE,West Bromwich Albion,Chelsea,2,3,5,OVER
2015_16_20150824_ARS_LIV,2015_16,2015-08-24,,ARS,LIV,Arsenal,Liverpool,0,0,0,UNDER
2015_16_20150829_AVL_SUN,2015_16,2015-08-29,,AVL,SUN,Aston Villa,Sunderland,2,2,4,OVER
2015_16_20150829_BOU_LEI,2015_16,2015-08-29,,BOU,LEI,AFC Bournemouth,Leicester City,1,1,2,UNDER
2015_16_20150829_CHE_CRY,2015_16,2015-08-29,,CHE,CRY,Chelsea,Crystal Palace,1,2,3,OVER
2015_16_20150829_LIV_WHU,2015_16,2015-08-29,,LIV,WHU,Liverpool,West Ham United,0,3,3,OVER
2015_16_20150829_MCI_WAT,2015_16,2015-08-29,,MCI,WAT,Manchester City,Watford,2,0,2,UNDER
2015_16_20150829_NEW_ARS,2015_16,2015-08-29,,NEW,ARS,Newcastle United,Arsenal,0,1,1,UNDER
2015_16_20150829_STK_WBA,2015_16,2015-08-29,,STK,WBA,Stoke City,West Bromwich Albion,0,1,1,UNDER
2015_16_20150829_TOT_EVE,2015_16,2015-08-29,,TOT,EVE,Tottenham Hotspur,Everton,0,0,0,UNDER
2015_16_20150830_SOU_NOR,2015_16,2015-08-30,,SOU,NOR,Southampton,Norwich City,3,0,3,OVER
2015_16_20150830_SWA_MUN,2015_16,2015-08-30,,SWA,MUN,Swansea City,Manchester United,2,1,3,OVER
2015_16_20150912_ARS_STK,2015_16,2015-09-12,,ARS,STK,Arsenal,Stoke City,2,0,2,UNDER
2015_16_20150912_CRY_MCI,2015_16,2015-09-12,,CRY,MCI,Crystal Palace,Manchester City,0,1,1,UNDER
2015_16_20150912_EVE_CHE,2015_16,2015-09-12,,EVE,CHE,Everton,Chelsea,3,1,4,OVER
2015_16_20150912_MUN_LIV,2015_16,2015-09-12,,MUN,LIV,Manchester United,Liverpool,3,1,4,OVER
2015_16_20150912_NOR_BOU,2015_16,2015-09-12,,NOR,BOU,Norwich City,AFC Bournemouth,3,1,4,OVER
2015_16_20150912_WAT_SWA,2015_16,2015-09-12,,WAT,SWA,Watford,Swansea City,1,0,1,UNDER
2015_16_20150912_WBA_SOU,2015_16,2015-09-12,,WBA,SOU,West Bromwich Albion,Southampton,0,0,0,UNDER
2015_16_20150913_LEI_AVL,2015_16,2015-09-13,,LEI,AVL,Leicester City,Aston Villa,3,2,5,OVER
2015_16_20150913_SUN_TOT,2015_16,2015-09-13,,SUN,TOT,Sunderland,Tottenham Hotspur,0,1,1,UNDER
2015_16_20150914_WHU_NEW,2015_16,2015-09-14,,WHU,NEW,West Ham United,Newcastle United,2,0,2,UNDER
2015_16_20150919_AVL_WBA,2015_16,2015-09-19,,AVL,WBA,Aston Villa,West Bromwich Albion,0,1,1,UNDER
2015_16_20150919_BOU_SUN,2015_16,2015-09-19,,BOU,SUN,AFC Bournemouth,Sunderland,2,0,2,UNDER
2015_16_20150919_CHE_ARS,2015_16,2015-09-19,,CHE,ARS,Chelsea,Arsenal,2,0,2,UNDER
2015_16_20150919_MCI_WHU,2015_16,2015-09-19,,MCI,WHU,Manchester City,West Ham United,1,2,3,OVER
2015_16_20150919_NEW_WAT,2015_16,2015-09-19,,NEW,WAT,Newcastle United,Watford,1,2,3,OVER
2015_16_20150919_STK_LEI,2015_16,2015-09-19,,STK,LEI,Stoke City,Leicester City,2,2,4,OVER
2015_16_20150919_SWA_EVE,2015_16,2015-09-19,,SWA,EVE,Swansea City,Everton,0,0,0,UNDER
2015_16_20150920_LIV_NOR,2015_16,2015-09-20,,LIV,NOR,Liverpool,Norwich City,1,1,2,UNDER
2015_16_20150920_SOU_MUN,2015_16,2015-09-20,,SOU,MUN,Southampton,Manchester United,2,3,5,OVER
2015_16_20150920_TOT_CRY,2015_16,2015-09-20,,TOT,CRY,Tottenham Hotspur,Crystal Palace,1,0,1,UNDER
2015_16_20150926_LEI_ARS,2015_16,2015-09-26,,LEI,ARS,Leicester City,Arsenal,2,5,7,OVER
2015_16_20150926_LIV_AVL,2015_16,2015-09-26,,LIV,AVL,Liverpool,Aston Villa,3,2,5,OVER
2015_16_20150926_MUN_SUN,2015_16,2015-09-26,,MUN,SUN,Manchester United,Sunderland,3,0,3,OVER
2015_16_20150926_NEW_CHE,2015_16,2015-09-26,,NEW,CHE,Newcastle United,Chelsea,2,2,4,OVER
2015_16_20150926_SOU_SWA,2015_16,2015-09-26,,SOU,SWA,Southampton,Swansea City,3,1,4,OVER
2015_16_20150926_STK_BOU,2015_16,2015-09-26,,STK,BOU,Stoke City,AFC Bournemouth,2,1,3,OVER
2015_16_20150926_TOT_MCI,2015_16,2015-09-26,,TOT,MCI,Tottenham Hotspur,Manchester City,4,1,5,OVER
2015_16_20150926_WHU_NOR,2015_16,2015-09-26,,WHU,NOR,West Ham United,Norwich City,2,2,4,OVER
2015_16_20150927_WAT_CRY,2015_16,2015-09-27,,WAT,CRY,Watford,Crystal Palace,0,1,1,UNDER
2015_16_20150928_WBA_EVE,2015_16,2015-09-28,,WBA,EVE,West Bromwich Albion,Everton,2,3,5,OVER
2015_16_20151003_AVL_STK,2015_16,2015-10-03,,AVL,STK,Aston Villa,Stoke City,0,1,1,UNDER
2015_16_20151003_BOU_WAT,2015_16,2015-10-03,,BOU,WAT,AFC Bournemouth,Watford,1,1,2,UNDER
2015_16_20151003_CHE_SOU,2015_16,2015-10-03,,CHE,SOU,Chelsea,Southampton,1,3,4,OVER
2015_16_20151003_CRY_WBA,2015_16,2015-10-03,,CRY,WBA,Crystal Palace,West Bromwich Albion,2,0,2,UNDER
2015_16_20151003_MCI_NEW,2015_16,2015-10-03,,MCI,NEW,Manchester City,Newcastle United,6,1,7,OVER
2015_16_20151003_NOR_LEI,2015_16,2015-10-03,,NOR,LEI,Norwich City,Leicester City,1,2,3,OVER
2015_16_20151003_SUN_WHU,2015_16,2015-10-03,,SUN,WHU,Sunderland,West Ham United,2,2,4,OVER
2015_16_20151004_ARS_MUN,2015_16,2015-10-04,,ARS,MUN,Arsenal,Manchester United,3,0,3,OVER
2015_16_20151004_EVE_LIV,2015_16,2015-10-04,,EVE,LIV,Everton,Liverpool,1,1,2,UNDER
2015_16_20151004_SWA_TOT,2015_16,2015-10-04,,SWA,TOT,Swansea City,Tottenham Hotspur,2,2,4,OVER
2015_16_20151017_CHE_AVL,2015_16,2015-10-17,,CHE,AVL,Chelsea,Aston Villa,2,0,2,UNDER
2015_16_20151017_CRY_WHU,2015_16,2015-10-17,,CRY,WHU,Crystal Palace,West Ham United,1,3,4,OVER
2015_16_20151017_EVE_MUN,2015_16,2015-10-17,,EVE,MUN,Everton,Manchester United,0,3,3,OVER
2015_16_20151017_MCI_BOU,2015_16,2015-10-17,,MCI,BOU,Manchester City,AFC Bournemouth,5,1,6,OVER
2015_16_20151017_SOU_LEI,2015_16,2015-10-17,,SOU,LEI,Southampton,Leicester City,2,2,4,OVER
2015_16_20151017_TOT_LIV,2015_16,2015-10-17,,TOT,LIV,Tottenham Hotspur,Liverpool,0,0,0,UNDER
2015_16_20151017_WAT_ARS,2015_16,2015-10-17,,WAT,ARS,Watford,Arsenal,0,3,3,OVER
2015_16_20151017_WBA_SUN,2015_16,2015-10-17,,WBA,SUN,West Bromwich Albion,Sunderland,1,0,1,UNDER
2015_16_20151018_NEW_NOR,2015_16,2015-10-18,,NEW,NOR,Newcastle United,Norwich City,6,2,8,OVER
2015_16_20151019_SWA_STK,2015_16,2015-10-19,,SWA,STK,Swansea City,Stoke City,0,1,1,UNDER
2015_16_20151024_ARS_EVE,2015_16,2015-10-24,,ARS,EVE,Arsenal,Everton,2,1,3,OVER
2015_16_20151024_AVL_SWA,2015_16,2015-10-24,,AVL,SWA,Aston Villa,Swansea City,1,2,3,OVER
2015_16_20151024_LEI_CRY,2015_16,2015-10-24,,LEI,CRY,Leicester City,Crystal Palace,1,0,1,UNDER
2015_16_20151024_NOR_WBA,2015_16,2015-10-24,,NOR,WBA,Norwich City,West Bromwich Albion,0,1,1,UNDER
2015_16_20151024_STK_WAT,2015_16,2015-10-24,,STK,WAT,Stoke City,Watford,0,2,2,UNDER
2015_16_20151024_WHU_CHE,2015_16,2015-10-24,,WHU,CHE,West Ham United,Chelsea,2,1,3,OVER
2015_16_20151025_BOU_TOT,2015_16,2015-10-25,,BOU,TOT,AFC Bournemouth,Tottenham Hotspur,1,5,6,OVER
2015_16_20151025_LIV_SOU,2015_16,2015-10-25,,LIV,SOU,Liverpool,Southampton,1,1,2,UNDER
2015_16_20151025_MUN_MCI,2015_16,2015-10-25,,MUN,MCI,Manchester United,Manchester City,0,0,0,UNDER
2015_16_20151025_SUN_NEW,2015_16,2015-10-25,,SUN,NEW,Sunderland,Newcastle United,3,0,3,OVER
2015_16_20151031_CHE_LIV,2015_16,2015-10-31,,CHE,LIV,Chelsea,Liverpool,1,3,4,OVER
2015_16_20151031_CRY_MUN,2015_16,2015-10-31,,CRY,MUN,Crystal Palace,Manchester United,0,0,0,UNDER
2015_16_20151031_MCI_NOR,2015_16,2015-10-31,,MCI,NOR,Manchester City,Norwich City,2,1,3,OVER
2015_16_20151031_NEW_STK,2015_16,2015-10-31,,NEW,STK,Newcastle United,Stoke City,0,0,0,UNDER
2015_16_20151031_SWA_ARS,2015_16,2015-10-31,,SWA,ARS,Swansea City,Arsenal,0,3,3,OVER
2015_16_20151031_WAT_WHU,2015_16,2015-10-31,,WAT,WHU,Watford,West Ham United,2,0,2,UNDER
2015_16_20151031_WBA_LEI,2015_16,2015-10-31,,WBA,LEI,West Bromwich Albion,Leicester City,2,3,5,OVER
2015_16_20151101_EVE_SUN,2015_16,2015-11-01,,EVE,SUN,Everton,Sunderland,6,2,8,OVER
2015_16_20151101_SOU_BOU,2015_16,2015-11-01,,SOU,BOU,Southampton,AFC Bournemouth,2,0,2,UNDER
2015_16_20151102_TOT_AVL,2015_16,2015-11-02,,TOT,AVL,Tottenham Hotspur,Aston Villa,3,1,4,OVER
2015_16_20151107_BOU_NEW,2015_16,2015-11-07,,BOU,NEW,AFC Bournemouth,Newcastle United,0,1,1,UNDER
2015_16_20151107_LEI_WAT,2015_16,2015-11-07,,LEI,WAT,Leicester City,Watford,2,1,3,OVER
2015_16_20151107_MUN_WBA,2015_16,2015-11-07,,MUN,WBA,Manchester United,West Bromwich Albion,2,0,2,UNDER
2015_16_20151107_NOR_SWA,2015_16,2015-11-07,,NOR,SWA,Norwich City,Swansea City,1,0,1,UNDER
2015_16_20151107_STK_CHE,2015_16,2015-11-07,,STK,CHE,Stoke City,Chelsea,1,0,1,UNDER
2015_16_20151107_SUN_SOU,2015_16,2015-11-07,,SUN,SOU,Sunderland,Southampton,0,1,1,UNDER
2015_16_20151107_WHU_EVE,2015_16,2015-11-07,,WHU,EVE,West Ham United,Everton,1,1,2,UNDER
2015_16_20151108_ARS_TOT,2015_16,2015-11-08,,ARS,TOT,Arsenal,Tottenham Hotspur,1,1,2,UNDER
2015_16_20151108_AVL_MCI,2015_16,2015-11-08,,AVL,MCI,Aston Villa,Manchester City,0,0,0,UNDER
2015_16_20151108_LIV_CRY,2015_16,2015-11-08,,LIV,CRY,Liverpool,Crystal Palace,1,2,3,OVER
2015_16_20151121_CHE_NOR,2015_16,2015-11-21,,CHE,NOR,Chelsea,Norwich City,1,0,1,UNDER
2015_16_20151121_EVE_AVL,2015_16,2015-11-21,,EVE,AVL,Everton,Aston Villa,4,0,4,OVER
2015_16_20151121_MCI_LIV,2015_16,2015-11-21,,MCI,LIV,Manchester City,Liverpool,1,4,5,OVER
2015_16_20151121_NEW_LEI,2015_16,2015-11-21,,NEW,LEI,Newcastle United,Leicester City,0,3,3,OVER
2015_16_20151121_SOU_STK,2015_16,2015-11-21,,SOU,STK,Southampton,Stoke City,0,1,1,UNDER
2015_16_20151121_SWA_BOU,2015_16,2015-11-21,,SWA,BOU,Swansea City,AFC Bournemouth,2,2,4,OVER
2015_16_20151121_WAT_MUN,2015_16,2015-11-21,,WAT,MUN,Watford,Manchester United,1,2,3,OVER
2015_16_20151121_WBA_ARS,2015_16,2015-11-21,,WBA,ARS,West Bromwich Albion,Arsenal,2,1,3,OVER
2015_16_20151122_TOT_WHU,2015_16,2015-11-22,,TOT,WHU,Tottenham Hotspur,West Ham United,4,1,5,OVER
2015_16_20151123_CRY_SUN,2015_16,2015-11-23,,CRY,SUN,Crystal Palace,Sunderland,0,1,1,UNDER
2015_16_20151128_AVL_WAT,2015_16,2015-11-28,,AVL,WAT,Aston Villa,Watford,2,3,5,OVER
2015_16_20151128_BOU_EVE,2015_16,2015-11-28,,BOU,EVE,AFC Bournemouth,Everton,3,3,6,OVER
2015_16_20151128_CRY_NEW,2015_16,2015-11-28,,CRY,NEW,Crystal Palace,Newcastle United,5,1,6,OVER
2015_16_20151128_LEI_MUN,2015_16,2015-11-28,,LEI,MUN,Leicester City,Manchester United,1,1,2,UNDER
2015_16_20151128_MCI_SOU,2015_16,2015-11-28,,MCI,SOU,Manchester City,Southampton,3,1,4,OVER
2015_16_20151128_SUN_STK,2015_16,2015-11-28,,SUN,STK,Sunderland,Stoke City,2,0,2,UNDER
2015_16_20151129_LIV_SWA,2015_16,2015-11-29,,LIV,SWA,Liverpool,Swansea City,1,0,1,UNDER
2015_16_20151129_NOR_ARS,2015_16,2015-11-29,,NOR,ARS,Norwich City,Arsenal,1,1,2,UNDER
2015_16_20151129_TOT_CHE,2015_16,2015-11-29,,TOT,CHE,Tottenham Hotspur,Chelsea,0,0,0,UNDER
2015_16_20151129_WHU_WBA,2015_16,2015-11-29,,WHU,WBA,West Ham United,West Bromwich Albion,1,1,2,UNDER
2015_16_20151205_ARS_SUN,2015_16,2015-12-05,,ARS,SUN,Arsenal,Sunderland,3,1,4,OVER
2015_16_20151205_CHE_BOU,2015_16,2015-12-05,,CHE,BOU,Chelsea,AFC Bournemouth,0,1,1,UNDER
2015_16_20151205_MUN_WHU,2015_16,2015-12-05,,MUN,WHU,Manchester United,West Ham United,0,0,0,UNDER
2015_16_20151205_SOU_AVL,2015_16,2015-12-05,,SOU,AVL,Southampton,Aston Villa,1,1,2,UNDER
2015_16_20151205_STK_MCI,2015_16,2015-12-05,,STK,MCI,Stoke City,Manchester City,2,0,2,UNDER
2015_16_20151205_SWA_LEI,2015_16,2015-12-05,,SWA,LEI,Swansea City,Leicester City,0,3,3,OVER
2015_16_20151205_WAT_NOR,2015_16,2015-12-05,,WAT,NOR,Watford,Norwich City,2,0,2,UNDER
2015_16_20151205_WBA_TOT,2015_16,2015-12-05,,WBA,TOT,West Bromwich Albion,Tottenham Hotspur,1,1,2,UNDER
2015_16_20151206_NEW_LIV,2015_16,2015-12-06,,NEW,LIV,Newcastle United,Liverpool,2,0,2,UNDER
2015_16_20151207_EVE_CRY,2015_16,2015-12-07,,EVE,CRY,Everton,Crystal Palace,1,1,2,UNDER
2015_16_20151212_BOU_MUN,2015_16,2015-12-12,,BOU,MUN,AFC Bournemouth,Manchester United,2,1,3,OVER
2015_16_20151212_CRY_SOU,2015_16,2015-12-12,,CRY,SOU,Crystal Palace,Southampton,1,0,1,UNDER
2015_16_20151212_MCI_SWA,2015_16,2015-12-12,,MCI,SWA,Manchester City,Swansea City,2,1,3,OVER
2015_16_20151212_NOR_EVE,2015_16,2015-12-12,,NOR,EVE,Norwich City,Everton,1,1,2,UNDER
2015_16_20151212_SUN_WAT,2015_16,2015-12-12,,SUN,WAT,Sunderland,Watford,0,1,1,UNDER
2015_16_20151212_WHU_STK,2015_16,2015-12-12,,WHU,STK,West Ham United,Stoke City,0,0,0,UNDER
2015_16_20151213_AVL_ARS,2015_16,2015-12-13,,AVL,ARS,Aston Villa,Arsenal,0,2,2,UNDER
2015_16_20151213_LIV_WBA,2015_16,2015-12-13,,LIV,WBA,Liverpool,West Bromwich Albion,2,2,4,OVER
2015_16_20151213_TOT_NEW,2015_16,2015-12-13,,TOT,NEW,Tottenham Hotspur,Newcastle United,1,2,3,OVER
2015_16_20151214_LEI_CHE,2015_16,2015-12-14,,LEI,CHE,Leicester City,Chelsea,2,1,3,OVER
2015_16_20151219_CHE_SUN,2015_16,2015-12-19,,CHE,SUN,Chelsea,Sunderland,3,1,4,OVER
2015_16_20151219_EVE_LEI,2015_16,2015-12-19,,EVE,LEI,Everton,Leicester City,2,3,5,OVER
2015_16_20151219_MUN_NOR,2015_16,2015-12-19,,MUN,NOR,Manchester United,Norwich City,1,2,3,OVER
2015_16_20151219_NEW_AVL,2015_16,2015-12-19,,NEW,AVL,Newcastle United,Aston Villa,1,1,2,UNDER
2015_16_20151219_SOU_TOT,2015_16,2015-12-19,,SOU,TOT,Southampton,Tottenham Hotspur,0,2,2,UNDER
2015_16_20151219_STK_CRY,2015_16,2015-12-19,,STK,CRY,Stoke City,Crystal Palace,1,2,3,OVER
2015_16_20151219_WBA_BOU,2015_16,2015-12-19,,WBA,BOU,West Bromwich Albion,AFC Bournemouth,1,2,3,OVER
2015_16_20151220_SWA_WHU,2015_16,2015-12-20,,SWA,WHU,Swansea City,West Ham United,0,0,0,UNDER
2015_16_20151220_WAT_LIV,2015_16,2015-12-20,,WAT,LIV,Watford,Liverpool,3,0,3,OVER
2015_16_20151221_ARS_MCI,2015_16,2015-12-21,,ARS,MCI,Arsenal,Manchester City,2,1,3,OVER
2015_16_20151226_AVL_WHU,2015_16,2015-12-26,,AVL,WHU,Aston Villa,West Ham United,1,1,2,UNDER
2015_16_20151226_BOU_CRY,2015_16,2015-12-26,,BOU,CRY,AFC Bournemouth,Crystal Palace,0,0,0,UNDER
2015_16_20151226_CHE_WAT,2015_16,2015-12-26,,CHE,WAT,Chelsea,Watford,2,2,4,OVER
2015_16_20151226_LIV_LEI,2015_16,2015-12-26,,LIV,LEI,Liverpool,Leicester City,1,0,1,UNDER
2015_16_20151226_MCI_SUN,2015_16,2015-12-26,,MCI,SUN,Manchester City,Sunderland,4,1,5,OVER
2015_16_20151226_NEW_EVE,2015_16,2015-12-26,,NEW,EVE,Newcastle United,Everton,0,1,1,UNDER
2015_16_20151226_SOU_ARS,2015_16,2015-12-26,,SOU,ARS,Southampton,Arsenal,4,0,4,OVER
2015_16_20151226_STK_MUN,2015_16,2015-12-26,,STK,MUN,Stoke City,Manchester United,2,0,2,UNDER
2015_16_20151226_SWA_WBA,2015_16,2015-12-26,,SWA,WBA,Swansea City,West Bromwich Albion,1,0,1,UNDER
2015_16_20151226_TOT_NOR,2015_16,2015-12-26,,TOT,NOR,Tottenham Hotspur,Norwich City,3,0,3,OVER
2015_16_20151228_ARS_BOU,2015_16,2015-12-28,,ARS,BOU,Arsenal,AFC Bournemouth,2,0,2,UNDER
2015_16_20151228_CRY_SWA,2015_16,2015-12-28,,CRY,SWA,Crystal Palace,Swansea City,0,0,0,UNDER
2015_16_20151228_EVE_STK,2015_16,2015-12-28,,EVE,STK,Everton,Stoke City,3,4,7,OVER
2015_16_20151228_MUN_CHE,2015_16,2015-12-28,,MUN,CHE,Manchester United,Chelsea,0,0,0,UNDER
2015_16_20151228_NOR_AVL,2015_16,2015-12-28,,NOR,AVL,Norwich City,Aston Villa,2,0,2,UNDER
2015_16_20151228_WAT_TOT,2015_16,2015-12-28,,WAT,TOT,Watford,Tottenham Hotspur,1,2,3,OVER
2015_16_20151228_WBA_NEW,2015_16,2015-12-28,,WBA,NEW,West Bromwich Albion,Newcastle United,1,0,1,UNDER
2015_16_20151228_WHU_SOU,2015_16,2015-12-28,,WHU,SOU,West Ham United,Southampton,2,1,3,OVER
2015_16_20151229_LEI_MCI,2015_16,2015-12-29,,LEI,MCI,Leicester City,Manchester City,0,0,0,UNDER
2015_16_20151230_SUN_LIV,2015_16,2015-12-30,,SUN,LIV,Sunderland,Liverpool,0,1,1,UNDER
2015_16_20160102_ARS_NEW,2015_16,2016-01-02,,ARS,NEW,Arsenal,Newcastle United,1,0,1,UNDER
2015_16_20160102_LEI_BOU,2015_16,2016-01-02,,LEI,BOU,Leicester City,AFC Bournemouth,0,0,0,UNDER
2015_16_20160102_MUN_SWA,2015_16,2016-01-02,,MUN,SWA,Manchester United,Swansea City,2,1,3,OVER
2015_16_20160102_NOR_SOU,2015_16,2016-01-02,,NOR,SOU,Norwich City,Southampton,1,0,1,UNDER
2015_16_20160102_SUN_AVL,2015_16,2016-01-02,,SUN,AVL,Sunderland,Aston Villa,3,1,4,OVER
2015_16_20160102_WAT_MCI,2015_16,2016-01-02,,WAT,MCI,Watford,Manchester City,1,2,3,OVER
2015_16_20160102_WBA_STK,2015_16,2016-01-02,,WBA,STK,West Bromwich Albion,Stoke City,2,1,3,OVER
2015_16_20160102_WHU_LIV,2015_16,2016-01-02,,WHU,LIV,West Ham United,Liverpool,2,0,2,UNDER
2015_16_20160103_CRY_CHE,2015_16,2016-01-03,,CRY,CHE,Crystal Palace,Chelsea,0,3,3,OVER
2015_16_20160103_EVE_TOT,2015_16,2016-01-03,,EVE,TOT,Everton,Tottenham Hotspur,1,1,2,UNDER
2015_16_20160112_AVL_CRY,2015_16,2016-01-12,,AVL,CRY,Aston Villa,Crystal Palace,1,0,1,UNDER
2015_16_20160112_BOU_WHU,2015_16,2016-01-12,,BOU,WHU,AFC Bournemouth,West Ham United,1,3,4,OVER
2015_16_20160112_NEW_MUN,2015_16,2016-01-12,,NEW,MUN,Newcastle United,Manchester United,3,3,6,OVER
2015_16_20160113_CHE_WBA,2015_16,2016-01-13,,CHE,WBA,Chelsea,West Bromwich Albion,2,2,4,OVER
2015_16_20160113_LIV_ARS,2015_16,2016-01-13,,LIV,ARS,Liverpool,Arsenal,3,3,6,OVER
2015_16_20160113_MCI_EVE,2015_16,2016-01-13,,MCI,EVE,Manchester City,Everton,0,0,0,UNDER
2015_16_20160113_SOU_WAT,2015_16,2016-01-13,,SOU,WAT,Southampton,Watford,2,0,2,UNDER
2015_16_20160113_STK_NOR,2015_16,2016-01-13,,STK,NOR,Stoke City,Norwich City,3,1,4,OVER
2015_16_20160113_SWA_SUN,2015_16,2016-01-13,,SWA,SUN,Swansea City,Sunderland,2,4,6,OVER
2015_16_20160113_TOT_LEI,2015_16,2016-01-13,,TOT,LEI,Tottenham Hotspur,Leicester City,0,1,1,UNDER
2015_16_20160116_AVL_LEI,2015_16,2016-01-16,,AVL,LEI,Aston Villa,Leicester City,1,1,2,UNDER
2015_16_20160116_BOU_NOR,2015_16,2016-01-16,,BOU,NOR,AFC Bournemouth,Norwich City,3,0,3,OVER
2015_16_20160116_CHE_EVE,2015_16,2016-01-16,,CHE,EVE,Chelsea,Everton,3,3,6,OVER
2015_16_20160116_MCI_CRY,2015_16,2016-01-16,,MCI,CRY,Manchester City,Crystal Palace,4,0,4,OVER
2015_16_20160116_NEW_WHU,2015_16,2016-01-16,,NEW,WHU,Newcastle United,West Ham United,2,1,3,OVER
2015_16_20160116_SOU_WBA,2015_16,2016-01-16,,SOU,WBA,Southampton,West Bromwich Albion,3,0,3,OVER
2015_16_20160116_TOT_SUN,2015_16,2016-01-16,,TOT,SUN,Tottenham Hotspur,Sunderland,4,1,5,OVER
2015_16_20160117_LIV_MUN,2015_16,2016-01-17,,LIV,MUN,Liverpool,Manchester United,0,1,1,UNDER
2015_16_20160117_STK_ARS,2015_16,2016-01-17,,STK,ARS,Stoke City,Arsenal,0,0,0,UNDER
2015_16_20160118_SWA_WAT,2015_16,2016-01-18,,SWA,WAT,Swansea City,Watford,1,0,1,UNDER
2015_16_20160123_CRY_TOT,2015_16,2016-01-23,,CRY,TOT,Crystal Palace,Tottenham Hotspur,1,3,4,OVER
2015_16_20160123_LEI_STK,2015_16,2016-01-23,,LEI,STK,Leicester City,Stoke City,3,0,3,OVER
2015_16_20160123_MUN_SOU,2015_16,2016-01-23,,MUN,SOU,Manchester United,Southampton,0,1,1,UNDER
2015_16_20160123_NOR_LIV,2015_16,2016-01-23,,NOR,LIV,Norwich City,Liverpool,4,5,9,OVER
2015_16_20160123_SUN_BOU,2015_16,2016-01-23,,SUN,BOU,Sunderland,AFC Bournemouth,1,1,2,UNDER
2015_16_20160123_WAT_NEW,2015_16,2016-01-23,,WAT,NEW,Watford,Newcastle United,2,1,3,OVER
2015_16_20160123_WBA_AVL,2015_16,2016-01-23,,WBA,AVL,West Bromwich Albion,Aston Villa,0,0,0,UNDER
2015_16_20160123_WHU_MCI,2015_16,2016-01-23,,WHU,MCI,West Ham United,Manchester City,2,2,4,OVER
2015_16_20160124_ARS_CHE,2015_16,2016-01-24,,ARS,CHE,Arsenal,Chelsea,0,1,1,UNDER
2015_16_20160124_EVE_SWA,2015_16,2016-01-24,,EVE,SWA,Everton,Swansea City,1,2,3,OVER
2015_16_20160202_ARS_SOU,2015_16,2016-02-02,,ARS,SOU,Arsenal,Southampton,0,0,0,UNDER
2015_16_20160202_CRY_BOU,2015_16,2016-02-02,,CRY,BOU,Crystal Palace,AFC Bournemouth,1,2,3,OVER
2015_16_20160202_LEI_LIV,2015_16,2016-02-02,,LEI,LIV,Leicester City,Liverpool,2,0,2,UNDER
2015_16_20160202_MUN_STK,2015_16,2016-02-02,,MUN,STK,Manchester United,Stoke City,3,0,3,OVER
2015_16_20160202_NOR_TOT,2015_16,2016-02-02,,NOR,TOT,Norwich City,Tottenham Hotspur,0,3,3,OVER
2015_16_20160202_SUN_MCI,2015_16,2016-02-02,,SUN,MCI,Sunderland,Manchester City,0,1,1,UNDER
2015_16_20160202_WBA_SWA,2015_16,2016-02-02,,WBA,SWA,West Bromwich Albion,Swansea City,1,1,2,UNDER
2015_16_20160202_WHU_AVL,2015_16,2016-02-02,,WHU,AVL,West Ham United,Aston Villa,2,0,2,UNDER
2015_16_20160203_EVE_NEW,2015_16,2016-02-03,,EVE,NEW,Everton,Newcastle United,3,0,3,OVER
2015_16_20160203_WAT_CHE,2015_16,2016-02-03,,WAT,CHE,Watford,Chelsea,0,0,0,UNDER
2015_16_20160206_AVL_NOR,2015_16,2016-02-06,,AVL,NOR,Aston Villa,Norwich City,2,0,2,UNDER
2015_16_20160206_LIV_SUN,2015_16,2016-02-06,,LIV,SUN,Liverpool,Sunderland,2,2,4,OVER
2015_16_20160206_MCI_LEI,2015_16,2016-02-06,,MCI,LEI,Manchester City,Leicester City,1,3,4,OVER
2015_16_20160206_NEW_WBA,2015_16,2016-02-06,,NEW,WBA,Newcastle United,West Bromwich Albion,1,0,1,UNDER
2015_16_20160206_SOU_WHU,2015_16,2016-02-06,,SOU,WHU,Southampton,West Ham United,1,0,1,UNDER
2015_16_20160206_STK_EVE,2015_16,2016-02-06,,STK,EVE,Stoke City,Everton,0,3,3,OVER
2015_16_20160206_SWA_CRY,2015_16,2016-02-06,,SWA,CRY,Swansea City,Crystal Palace,1,1,2,UNDER
2015_16_20160206_TOT_WAT,2015_16,2016-02-06,,TOT,WAT,Tottenham Hotspur,Watford,1,0,1,UNDER
2015_16_20160207_BOU_ARS,2015_16,2016-02-07,,BOU,ARS,AFC Bournemouth,Arsenal,0,2,2,UNDER
2015_16_20160207_CHE_MUN,2015_16,2016-02-07,,CHE,MUN,Chelsea,Manchester United,1,1,2,UNDER
2015_16_20160213_BOU_STK,2015_16,2016-02-13,,BOU,STK,AFC Bournemouth,Stoke City,1,3,4,OVER
2015_16_20160213_CHE_NEW,2015_16,2016-02-13,,CHE,NEW,Chelsea,Newcastle United,5,1,6,OVER
2015_16_20160213_CRY_WAT,2015_16,2016-02-13,,CRY,WAT,Crystal Palace,Watford,1,2,3,OVER
2015_16_20160213_EVE_WBA,2015_16,2016-02-13,,EVE,WBA,Everton,West Bromwich Albion,0,1,1,UNDER
2015_16_20160213_NOR_WHU,2015_16,2016-02-13,,NOR,WHU,Norwich City,West Ham United,2,2,4,OVER
2015_16_20160213_SUN_MUN,2015_16,2016-02-13,,SUN,MUN,Sunderland,Manchester United,2,1,3,OVER
2015_16_20160213_SWA_SOU,2015_16,2016-02-13,,SWA,SOU,Swansea City,Southampton,0,1,1,UNDER
2015_16_20160214_ARS_LEI,2015_16,2016-02-14,,ARS,LEI,Arsenal,Leicester City,2,1,3,OVER
2015_16_20160214_AVL_LIV,2015_16,2016-02-14,,AVL,LIV,Aston Villa,Liverpool,0,6,6,OVER
2015_16_20160214_MCI_TOT,2015_16,2016-02-14,,MCI,TOT,Manchester City,Tottenham Hotspur,1,2,3,OVER
2015_16_20160227_LEI_NOR,2015_16,2016-02-27,,LEI,NOR,Leicester City,Norwich City,1,0,1,UNDER
2015_16_20160227_SOU_CHE,2015_16,2016-02-27,,SOU,CHE,Southampton,Chelsea,1,2,3,OVER
2015_16_20160227_STK_AVL,2015_16,2016-02-27,,STK,AVL,Stoke City,Aston Villa,2,1,3,OVER
2015_16_20160227_WAT_BOU,2015_16,2016-02-27,,WAT,BOU,Watford,AFC Bournemouth,0,0,0,UNDER
2015_16_20160227_WBA_CRY,2015_16,2016-02-27,,WBA,CRY,West Bromwich Albion,Crystal Palace,3,2,5,OVER
2015_16_20160227_WHU_SUN,2015_16,2016-02-27,,WHU,SUN,West Ham United,Sunderland,1,0,1,UNDER
2015_16_20160228_TOT_SWA,2015_16,2016-02-28,,TOT,SWA,Tottenham Hotspur,Swansea City,2,1,3,OVER
2015_16_20160228_MUN_ARS,2015_16,2016-02-28,,MUN,ARS,Manchester United,Arsenal,3,2,5,OVER
2015_16_20160301_AVL_EVE,2015_16,2016-03-01,,AVL,EVE,Aston Villa,Everton,1,3,4,OVER
2015_16_20160301_BOU_SOU,2015_16,2016-03-01,,BOU,SOU,AFC Bournemouth,Southampton,2,0,2,UNDER
2015_16_20160301_LEI_WBA,2015_16,2016-03-01,,LEI,WBA,Leicester City,West Bromwich Albion,2,2,4,OVER
2015_16_20160301_NOR_CHE,2015_16,2016-03-01,,NOR,CHE,Norwich City,Chelsea,1,2,3,OVER
2015_16_20160301_SUN_CRY,2015_16,2016-03-01,,SUN,CRY,Sunderland,Crystal Palace,2,2,4,OVER
2015_16_20160302_ARS_SWA,2015_16,2016-03-02,,ARS,SWA,Arsenal,Swansea City,1,2,3,OVER
2015_16_20160302_LIV_MCI,2015_16,2016-03-02,,LIV,MCI,Liverpool,Manchester City,3,0,3,OVER
2015_16_20160302_MUN_WAT,2015_16,2016-03-02,,MUN,WAT,Manchester United,Watford,1,0,1,UNDER
2015_16_20160302_STK_NEW,2015_16,2016-03-02,,STK,NEW,Stoke City,Newcastle United,1,0,1,UNDER
2015_16_20160302_WHU_TOT,2015_16,2016-03-02,,WHU,TOT,West Ham United,Tottenham Hotspur,1,0,1,UNDER
2015_16_20160305_CHE_STK,2015_16,2016-03-05,,CHE,STK,Chelsea,Stoke City,1,1,2,UNDER
2015_16_20160305_EVE_WHU,2015_16,2016-03-05,,EVE,WHU,Everton,West Ham United,2,3,5,OVER
2015_16_20160305_MCI_AVL,2015_16,2016-03-05,,MCI,AVL,Manchester City,Aston Villa,4,0,4,OVER
2015_16_20160305_NEW_BOU,2015_16,2016-03-05,,NEW,BOU,Newcastle United,AFC Bournemouth,1,3,4,OVER
2015_16_20160305_SOU_SUN,2015_16,2016-03-05,,SOU,SUN,Southampton,Sunderland,1,1,2,UNDER
2015_16_20160305_SWA_NOR,2015_16,2016-03-05,,SWA,NOR,Swansea City,Norwich City,1,0,1,UNDER
2015_16_20160305_TOT_ARS,2015_16,2016-03-05,,TOT,ARS,Tottenham Hotspur,Arsenal,2,2,4,OVER
2015_16_20160305_WAT_LEI,2015_16,2016-03-05,,WAT,LEI,Watford,Leicester City,0,1,1,UNDER
2015_16_20160306_CRY_LIV,2015_16,2016-03-06,,CRY,LIV,Crystal Palace,Liverpool,1,2,3,OVER
2015_16_20160306_WBA_MUN,2015_16,2016-03-06,,WBA,MUN,West Bromwich Albion,Manchester United,1,0,1,UNDER
2015_16_20160312_BOU_SWA,2015_16,2016-03-12,,BOU,SWA,AFC Bournemouth,Swansea City,3,2,5,OVER
2015_16_20160312_NOR_MCI,2015_16,2016-03-12,,NOR,MCI,Norwich City,Manchester City,0,0,0,UNDER
2015_16_20160312_STK_SOU,2015_16,2016-03-12,,STK,SOU,Stoke City,Southampton,1,2,3,OVER
2015_16_20160313_AVL_TOT,2015_16,2016-03-13,,AVL,TOT,Aston Villa,Tottenham Hotspur,0,2,2,UNDER
2015_16_20160314_LEI_NEW,2015_16,2016-03-14,,LEI,NEW,Leicester City,Newcastle United,1,0,1,UNDER
2015_16_20160319_CHE_WHU,2015_16,2016-03-19,,CHE,WHU,Chelsea,West Ham United,2,2,4,OVER
2015_16_20160319_CRY_LEI,2015_16,2016-03-19,,CRY,LEI,Crystal Palace,Leicester City,0,1,1,UNDER
2015_16_20160319_EVE_ARS,2015_16,2016-03-19,,EVE,ARS,Everton,Arsenal,0,2,2,UNDER
2015_16_20160319_SWA_AVL,2015_16,2016-03-19,,SWA,AVL,Swansea City,Aston Villa,1,0,1,UNDER
2015_16_20160319_WAT_STK,2015_16,2016-03-19,,WAT,STK,Watford,Stoke City,1,2,3,OVER
2015_16_20160319_WBA_NOR,2015_16,2016-03-19,,WBA,NOR,West Bromwich Albion,Norwich City,0,1,1,UNDER
2015_16_20160320_MCI_MUN,2015_16,2016-03-20,,MCI,MUN,Manchester City,Manchester United,0,1,1,UNDER
2015_16_20160320_NEW_SUN,2015_16,2016-03-20,,NEW,SUN,Newcastle United,Sunderland,1,1,2,UNDER
2015_16_20160320_SOU_LIV,2015_16,2016-03-20,,SOU,LIV,Southampton,Liverpool,3,2,5,OVER
2015_16_20160320_TOT_BOU,2015_16,2016-03-20,,TOT,BOU,Tottenham Hotspur,AFC Bournemouth,3,0,3,OVER
2015_16_20160402_ARS_WAT,2015_16,2016-04-02,,ARS,WAT,Arsenal,Watford,4,0,4,OVER
2015_16_20160402_AVL_CHE,2015_16,2016-04-02,,AVL,CHE,Aston Villa,Chelsea,0,4,4,OVER
2015_16_20160402_BOU_MCI,2015_16,2016-04-02,,BOU,MCI,AFC Bournemouth,Manchester City,0,4,4,OVER
2015_16_20160402_LIV_TOT,2015_16,2016-04-02,,LIV,TOT,Liverpool,Tottenham Hotspur,1,1,2,UNDER
2015_16_20160402_NOR_NEW,2015_16,2016-04-02,,NOR,NEW,Norwich City,Newcastle United,3,2,5,OVER
2015_16_20160402_STK_SWA,2015_16,2016-04-02,,STK,SWA,Stoke City,Swansea City,2,2,4,OVER
2015_16_20160402_SUN_WBA,2015_16,2016-04-02,,SUN,WBA,Sunderland,West Bromwich Albion,0,0,0,UNDER
2015_16_20160402_WHU_CRY,2015_16,2016-04-02,,WHU,CRY,West Ham United,Crystal Palace,2,2,4,OVER
2015_16_20160403_LEI_SOU,2015_16,2016-04-03,,LEI,SOU,Leicester City,Southampton,1,0,1,UNDER
2015_16_20160403_MUN_EVE,2015_16,2016-04-03,,MUN,EVE,Manchester United,Everton,1,0,1,UNDER
2015_16_20160409_AVL_BOU,2015_16,2016-04-09,,AVL,BOU,Aston Villa,AFC Bournemouth,1,2,3,OVER
2015_16_20160409_CRY_NOR,2015_16,2016-04-09,,CRY,NOR,Crystal Palace,Norwich City,1,0,1,UNDER
2015_16_20160409_MCI_WBA,2015_16,2016-04-09,,MCI,WBA,Manchester City,West Bromwich Albion,2,1,3,OVER
2015_16_20160409_SOU_NEW,2015_16,2016-04-09,,SOU,NEW,Southampton,Newcastle United,3,1,4,OVER
2015_16_20160409_SWA_CHE,2015_16,2016-04-09,,SWA,CHE,Swansea City,Chelsea,1,0,1,UNDER
2015_16_20160409_WAT_EVE,2015_16,2016-04-09,,WAT,EVE,Watford,Everton,1,1,2,UNDER
2015_16_20160409_WHU_ARS,2015_16,2016-04-09,,WHU,ARS,West Ham United,Arsenal,3,3,6,OVER
2015_16_20160410_LIV_STK,2015_16,2016-04-10,,LIV,STK,Liverpool,Stoke City,4,1,5,OVER
2015_16_20160410_SUN_LEI,2015_16,2016-04-10,,SUN,LEI,Sunderland,Leicester City,0,2,2,UNDER
2015_16_20160410_TOT_MUN,2015_16,2016-04-10,,TOT,MUN,Tottenham Hotspur,Manchester United,3,0,3,OVER
2015_16_20160413_CRY_EVE,2015_16,2016-04-13,,CRY,EVE,Crystal Palace,Everton,0,0,0,UNDER
2015_16_20160416_CHE_MCI,2015_16,2016-04-16,,CHE,MCI,Chelsea,Manchester City,0,3,3,OVER
2015_16_20160416_EVE_SOU,2015_16,2016-04-16,,EVE,SOU,Everton,Southampton,1,1,2,UNDER
2015_16_20160416_MUN_AVL,2015_16,2016-04-16,,MUN,AVL,Manchester United,Aston Villa,1,0,1,UNDER
2015_16_20160416_NEW_SWA,2015_16,2016-04-16,,NEW,SWA,Newcastle United,Swansea City,3,0,3,OVER
2015_16_20160416_NOR_SUN,2015_16,2016-04-16,,NOR,SUN,Norwich City,Sunderland,0,3,3,OVER
2015_16_20160416_WBA_WAT,2015_16,2016-04-16,,WBA,WAT,West Bromwich Albion,Watford,0,1,1,UNDER
2015_16_20160417_ARS_CRY,2015_16,2016-04-17,,ARS,CRY,Arsenal,Crystal Palace,1,1,2,UNDER
2015_16_20160417_BOU_LIV,2015_16,2016-04-17,,BOU,LIV,AFC Bournemouth,Liverpool,1,2,3,OVER
2015_16_20160417_LEI_WHU,2015_16,2016-04-17,,LEI,WHU,Leicester City,West Ham United,2,2,4,OVER
2015_16_20160418_STK_TOT,2015_16,2016-04-18,,STK,TOT,Stoke City,Tottenham Hotspur,0,4,4,OVER
2015_16_20160419_NEW_MCI,2015_16,2016-04-19,,NEW,MCI,Newcastle United,Manchester City,1,1,2,UNDER
2015_16_20160420_LIV_EVE,2015_16,2016-04-20,,LIV,EVE,Liverpool,Everton,4,0,4,OVER
2015_16_20160420_MUN_CRY,2015_16,2016-04-20,,MUN,CRY,Manchester United,Crystal Palace,2,0,2,UNDER
2015_16_20160420_WHU_WAT,2015_16,2016-04-20,,WHU,WAT,West Ham United,Watford,3,1,4,OVER
2015_16_20160421_ARS_WBA,2015_16,2016-04-21,,ARS,WBA,Arsenal,West Bromwich Albion,2,0,2,UNDER
2015_16_20160423_AVL_SOU,2015_16,2016-04-23,,AVL,SOU,Aston Villa,Southampton,2,4,6,OVER
2015_16_20160423_BOU_CHE,2015_16,2016-04-23,,BOU,CHE,AFC Bournemouth,Chelsea,1,4,5,OVER
2015_16_20160423_LIV_NEW,2015_16,2016-04-23,,LIV,NEW,Liverpool,Newcastle United,2,2,4,OVER
2015_16_20160423_MCI_STK,2015_16,2016-04-23,,MCI,STK,Manchester City,Stoke City,4,0,4,OVER
2015_16_20160424_LEI_SWA,2015_16,2016-04-24,,LEI,SWA,Leicester City,Swansea City,4,0,4,OVER
2015_16_20160424_SUN_ARS,2015_16,2016-04-24,,SUN,ARS,Sunderland,Arsenal,0,0,0,UNDER
2015_16_20160425_TOT_WBA,2015_16,2016-04-25,,TOT,WBA,Tottenham Hotspur,West Bromwich Albion,1,1,2,UNDER
2015_16_20160430_ARS_NOR,2015_16,2016-04-30,,ARS,NOR,Arsenal,Norwich City,1,0,1,UNDER
2015_16_20160430_EVE_BOU,2015_16,2016-04-30,,EVE,BOU,Everton,AFC Bournemouth,2,1,3,OVER
2015_16_20160430_NEW_CRY,2015_16,2016-04-30,,NEW,CRY,Newcastle United,Crystal Palace,1,0,1,UNDER
2015_16_20160430_STK_SUN,2015_16,2016-04-30,,STK,SUN,Stoke City,Sunderland,1,1,2,UNDER
2015_16_20160430_WAT_AVL,2015_16,2016-04-30,,WAT,AVL,Watford,Aston Villa,3,2,5,OVER
2015_16_20160430_WBA_WHU,2015_16,2016-04-30,,WBA,WHU,West Bromwich Albion,West Ham United,0,3,3,OVER
2015_16_20160501_MUN_LEI,2015_16,2016-05-01,,MUN,LEI,Manchester United,Leicester City,1,1,2,UNDER
2015_16_20160501_SOU_MCI,2015_16,2016-05-01,,SOU,MCI,Southampton,Manchester City,4,2,6,OVER
2015_16_20160501_SWA_LIV,2015_16,2016-05-01,,SWA,LIV,Swansea City,Liverpool,3,1,4,OVER
2015_16_20160502_CHE_TOT,2015_16,2016-05-02,,CHE,TOT,Chelsea,Tottenham Hotspur,2,2,4,OVER
2015_16_20160507_AVL_NEW,2015_16,2016-05-07,,AVL,NEW,Aston Villa,Newcastle United,0,0,0,UNDER
2015_16_20160507_BOU_WBA,2015_16,2016-05-07,,BOU,WBA,AFC Bournemouth,West Bromwich Albion,1,1,2,UNDER
2015_16_20160507_CRY_STK,2015_16,2016-05-07,,CRY,STK,Crystal Palace,Stoke City,2,1,3,OVER
2015_16_20160507_LEI_EVE,2015_16,2016-05-07,,LEI,EVE,Leicester City,Everton,3,1,4,OVER
2015_16_20160507_NOR_MUN,2015_16,2016-05-07,,NOR,MUN,Norwich City,Manchester United,0,1,1,UNDER
2015_16_20160507_SUN_CHE,2015_16,2016-05-07,,SUN,CHE,Sunderland,Chelsea,3,2,5,OVER
2015_16_20160507_WHU_SWA,2015_16,2016-05-07,,WHU,SWA,West Ham United,Swansea City,1,4,5,OVER
2015_16_20160508_LIV_WAT,2015_16,2016-05-08,,LIV,WAT,Liverpool,Watford,2,0,2,UNDER
2015_16_20160508_MCI_ARS,2015_16,2016-05-08,,MCI,ARS,Manchester City,Arsenal,2,2,4,OVER
2015_16_20160508_TOT_SOU,2015_16,2016-05-08,,TOT,SOU,Tottenham Hotspur,Southampton,1,2,3,OVER
2015_16_20160510_WHU_MUN,2015_16,2016-05-10,,WHU,MUN,West Ham United,Manchester United,3,2,5,OVER
2015_16_20160511_LIV_CHE,2015_16,2016-05-11,,LIV,CHE,Liverpool,Chelsea,1,1,2,UNDER
2015_16_20160511_NOR_WAT,2015_16,2016-05-11,,NOR,WAT,Norwich City,Watford,4,2,6,OVER
2015_16_20160511_SUN_EVE,2015_16,2016-05-11,,SUN,EVE,Sunderland,Everton,3,0,3,OVER
2015_16_20160515_ARS_AVL,2015_16,2016-05-15,,ARS,AVL,Arsenal,Aston Villa,4,0,4,OVER
2015_16_20160515_CHE_LEI,2015_16,2016-05-15,,CHE,LEI,Chelsea,Leicester City,1,1,2,UNDER
2015_16_20160515_EVE_NOR,2015_16,2016-05-15,,EVE,NOR,Everton,Norwich City,3,0,3,OVER
2015_16_20160515_NEW_TOT,2015_16,2016-05-15,,NEW,TOT,Newcastle United,Tottenham Hotspur,5,1,6,OVER
2015_16_20160515_SOU_CRY,2015_16,2016-05-15,,SOU,CRY,Southampton,Crystal Palace,4,1,5,OVER
2015_16_20160515_STK_WHU,2015_16,2016-05-15,,STK,WHU,Stoke City,West Ham United,2,1,3,OVER
2015_16_20160515_SWA_MCI,2015_16,2016-05-15,,SWA,MCI,Swansea City,Manchester City,1,1,2,UNDER
2015_16_20160515_WAT_SUN,2015_16,2016-05-15,,WAT,SUN,Watford,Sunderland,2,2,4,OVER
2015_16_20160515_WBA_LIV,2015_16,2016-05-15,,WBA,LIV,West Bromwich Albion,Liverpool,1,1,2,UNDER
2015_16_20160517_MUN_BOU,2015_16,2016-05-17,,MUN,BOU,Manchester United,AFC Bournemouth,3,1,4,OVER
2016_17_20160813_BUR_SWA,2016_17,2016-08-13,,BUR,SWA,Burnley,Swansea City,0,1,1,UNDER
2016_17_20160813_CRY_WBA,2016_17,2016-08-13,,CRY,WBA,Crystal Palace,West Bromwich Albion,0,1,1,UNDER
2016_17_20160813_EVE_TOT,2016_17,2016-08-13,,EVE,TOT,Everton,Tottenham Hotspur,1,1,2,UNDER
2016_17_20160813_HUL_LEI,2016_17,2016-08-13,,HUL,LEI,Hull City,Leicester City,2,1,3,OVER
2016_17_20160813_MCI_SUN,2016_17,2016-08-13,,MCI,SUN,Manchester City,Sunderland,2,1,3,OVER
2016_17_20160813_MID_STK,2016_17,2016-08-13,,MID,STK,Middlesbrough,Stoke City,1,1,2,UNDER
2016_17_20160813_SOU_WAT,2016_17,2016-08-13,,SOU,WAT,Southampton,Watford,1,1,2,UNDER
2016_17_20160814_ARS_LIV,2016_17,2016-08-14,,ARS,LIV,Arsenal,Liverpool,3,4,7,OVER
2016_17_20160814_BOU_MUN,2016_17,2016-08-14,,BOU,MUN,AFC Bournemouth,Manchester United,1,3,4,OVER
2016_17_20160815_CHE_WHU,2016_17,2016-08-15,,CHE,WHU,Chelsea,West Ham United,2,1,3,OVER
2016_17_20160819_MUN_SOU,2016_17,2016-08-19,,MUN,SOU,Manchester United,Southampton,2,0,2,UNDER
2016_17_20160820_BUR_LIV,2016_17,2016-08-20,,BUR,LIV,Burnley,Liverpool,2,0,2,UNDER
2016_17_20160820_LEI_ARS,2016_17,2016-08-20,,LEI,ARS,Leicester City,Arsenal,0,0,0,UNDER
2016_17_20160820_STK_MCI,2016_17,2016-08-20,,STK,MCI,Stoke City,Manchester City,1,4,5,OVER
2016_17_20160820_SWA_HUL,2016_17,2016-08-20,,SWA,HUL,Swansea City,Hull City,0,2,2,UNDER
2016_17_20160820_TOT_CRY,2016_17,2016-08-20,,TOT,CRY,Tottenham Hotspur,Crystal Palace,1,0,1,UNDER
2016_17_20160820_WAT_CHE,2016_17,2016-08-20,,WAT,CHE,Watford,Chelsea,1,2,3,OVER
2016_17_20160820_WBA_EVE,2016_17,2016-08-20,,WBA,EVE,West Bromwich Albion,Everton,1,2,3,OVER
2016_17_20160821_SUN_MID,2016_17,2016-08-21,,SUN,MID,Sunderland,Middlesbrough,1,2,3,OVER
2016_17_20160821_WHU_BOU,2016_17,2016-08-21,,WHU,BOU,West Ham United,AFC Bournemouth,1,0,1,UNDER
2016_17_20160827_CHE_BUR,2016_17,2016-08-27,,CHE,BUR,Chelsea,Burnley,3,0,3,OVER
2016_17_20160827_CRY_BOU,2016_17,2016-08-27,,CRY,BOU,Crystal Palace,AFC Bournemouth,1,1,2,UNDER
2016_17_20160827_EVE_STK,2016_17,2016-08-27,,EVE,STK,Everton,Stoke City,1,0,1,UNDER
2016_17_20160827_HUL_MUN,2016_17,2016-08-27,,HUL,MUN,Hull City,Manchester United,0,1,1,UNDER
2016_17_20160827_LEI_SWA,2016_17,2016-08-27,,LEI,SWA,Leicester City,Swansea City,2,1,3,OVER
2016_17_20160827_SOU_SUN,2016_17,2016-08-27,,SOU,SUN,Southampton,Sunderland,1,1,2,UNDER
2016_17_20160827_TOT_LIV,2016_17,2016-08-27,,TOT,LIV,Tottenham Hotspur,Liverpool,1,1,2,UNDER
2016_17_20160827_WAT_ARS,2016_17,2016-08-27,,WAT,ARS,Watford,Arsenal,1,3,4,OVER
2016_17_20160828_MCI_WHU,2016_17,2016-08-28,,MCI,WHU,Manchester City,West Ham United,3,1,4,OVER
2016_17_20160828_WBA_MID,2016_17,2016-08-28,,WBA,MID,West Bromwich Albion,Middlesbrough,0,0,0,UNDER
2016_17_20160910_ARS_SOU,2016_17,2016-09-10,,ARS,SOU,Arsenal,Southampton,2,1,3,OVER
2016_17_20160910_BOU_WBA,2016_17,2016-09-10,,BOU,WBA,AFC Bournemouth,West Bromwich Albion,1,0,1,UNDER
2016_17_20160910_BUR_HUL,2016_17,2016-09-10,,BUR,HUL,Burnley,Hull City,1,1,2,UNDER
2016_17_20160910_LIV_LEI,2016_17,2016-09-10,,LIV,LEI,Liverpool,Leicester City,4,1,5,OVER
2016_17_20160910_MUN_MCI,2016_17,2016-09-10,,MUN,MCI,Manchester United,Manchester City,1,2,3,OVER
2016_17_20160910_MID_CRY,2016_17,2016-09-10,,MID,CRY,Middlesbrough,Crystal Palace,1,2,3,OVER
2016_17_20160910_STK_TOT,2016_17,2016-09-10,,STK,TOT,Stoke City,Tottenham Hotspur,0,4,4,OVER
2016_17_20160910_WHU_WAT,2016_17,2016-09-10,,WHU,WAT,West Ham United,Watford,2,4,6,OVER
2016_17_20160911_SWA_CHE,2016_17,2016-09-11,,SWA,CHE,Swansea City,Chelsea,2,2,4,OVER
2016_17_20160912_SUN_EVE,2016_17,2016-09-12,,SUN,EVE,Sunderland,Everton,0,3,3,OVER
2016_17_20160916_CHE_LIV,2016_17,2016-09-16,,CHE,LIV,Chelsea,Liverpool,1,2,3,OVER
2016_17_20160917_EVE_MID,2016_17,2016-09-17,,EVE,MID,Everton,Middlesbrough,3,1,4,OVER
2016_17_20160917_HUL_ARS,2016_17,2016-09-17,,HUL,ARS,Hull City,Arsenal,1,4,5,OVER
2016_17_20160917_LEI_BUR,2016_17,2016-09-17,,LEI,BUR,Leicester City,Burnley,3,0,3,OVER
2016_17_20160917_MCI_BOU,2016_17,2016-09-17,,MCI,BOU,Manchester City,AFC Bournemouth,4,0,4,OVER
2016_17_20160917_WBA_WHU,2016_17,2016-09-17,,WBA,WHU,West Bromwich Albion,West Ham United,4,2,6,OVER
2016_17_20160918_CRY_STK,2016_17,2016-09-18,,CRY,STK,Crystal Palace,Stoke City,4,1,5,OVER
2016_17_20160918_SOU_SWA,2016_17,2016-09-18,,SOU,SWA,Southampton,Swansea City,1,0,1,UNDER
2016_17_20160918_TOT_SUN,2016_17,2016-09-18,,TOT,SUN,Tottenham Hotspur,Sunderland,1,0,1,UNDER
2016_17_20160918_WAT_MUN,2016_17,2016-09-18,,WAT,MUN,Watford,Manchester United,3,1,4,OVER
2016_17_20160924_ARS_CHE,2016_17,2016-09-24,,ARS,CHE,Arsenal,Chelsea,3,0,3,OVER
2016_17_20160924_BOU_EVE,2016_17,2016-09-24,,BOU,EVE,AFC Bournemouth,Everton,1,0,1,UNDER
2016_17_20160924_LIV_HUL,2016_17,2016-09-24,,LIV,HUL,Liverpool,Hull City,5,1,6,OVER
2016_17_20160924_MUN_LEI,2016_17,2016-09-24,,MUN,LEI,Manchester United,Leicester City,4,1,5,OVER
2016_17_20160924_MID_TOT,2016_17,2016-09-24,,MID,TOT,Middlesbrough,Tottenham Hotspur,1,2,3,OVER
2016_17_20160924_STK_WBA,2016_17,2016-09-24,,STK,WBA,Stoke City,West Bromwich Albion,1,1,2,UNDER
2016_17_20160924_SUN_CRY,2016_17,2016-09-24,,SUN,CRY,Sunderland,Crystal Palace,2,3,5,OVER
2016_17_20160924_SWA_MCI,2016_17,2016-09-24,,SWA,MCI,Swansea City,Manchester City,1,3,4,OVER
2016_17_20160925_WHU_SOU,2016_17,2016-09-25,,WHU,SOU,West Ham United,Southampton,0,3,3,OVER
2016_17_20160926_BUR_WAT,2016_17,2016-09-26,,BUR,WAT,Burnley,Watford,2,0,2,UNDER
2016_17_20160930_EVE_CRY,2016_17,2016-09-30,,EVE,CRY,Everton,Crystal Palace,1,1,2,UNDER
2016_17_20161001_HUL_CHE,2016_17,2016-10-01,,HUL,CHE,Hull City,Chelsea,0,2,2,UNDER
2016_17_20161001_SUN_WBA,2016_17,2016-10-01,,SUN,WBA,Sunderland,West Bromwich Albion,1,1,2,UNDER
2016_17_20161001_SWA_LIV,2016_17,2016-10-01,,SWA,LIV,Swansea City,Liverpool,1,2,3,OVER
2016_17_20161001_WAT_BOU,2016_17,2016-10-01,,WAT,BOU,Watford,AFC Bournemouth,2,2,4,OVER
2016_17_20161001_WHU_MID,2016_17,2016-10-01,,WHU,MID,West Ham United,Middlesbrough,1,1,2,UNDER
2016_17_20161002_BUR_ARS,2016_17,2016-10-02,,BUR,ARS,Burnley,Arsenal,0,1,1,UNDER
2016_17_20161002_LEI_SOU,2016_17,2016-10-02,,LEI,SOU,Leicester City,Southampton,0,0,0,UNDER
2016_17_20161002_MUN_STK,2016_17,2016-10-02,,MUN,STK,Manchester United,Stoke City,1,1,2,UNDER
2016_17_20161002_TOT_MCI,2016_17,2016-10-02,,TOT,MCI,Tottenham Hotspur,Manchester City,2,0,2,UNDER
2016_17_20161015_ARS_SWA,2016_17,2016-10-15,,ARS,SWA,Arsenal,Swansea City,3,2,5,OVER
2016_17_20161015_BOU_HUL,2016_17,2016-10-15,,BOU,HUL,AFC Bournemouth,Hull City,6,1,7,OVER
2016_17_20161015_CHE_LEI,2016_17,2016-10-15,,CHE,LEI,Chelsea,Leicester City,3,0,3,OVER
2016_17_20161015_CRY_WHU,2016_17,2016-10-15,,CRY,WHU,Crystal Palace,West Ham United,0,1,1,UNDER
2016_17_20161015_MCI_EVE,2016_17,2016-10-15,,MCI,EVE,Manchester City,Everton,1,1,2,UNDER
2016_17_20161015_STK_SUN,2016_17,2016-10-15,,STK,SUN,Stoke City,Sunderland,2,0,2,UNDER
2016_17_20161015_WBA_TOT,2016_17,2016-10-15,,WBA,TOT,West Bromwich Albion,Tottenham Hotspur,1,1,2,UNDER
2016_17_20161016_MID_WAT,2016_17,2016-10-16,,MID,WAT,Middlesbrough,Watford,0,1,1,UNDER
2016_17_20161016_SOU_BUR,2016_17,2016-10-16,,SOU,BUR,Southampton,Burnley,3,1,4,OVER
2016_17_20161017_LIV_MUN,2016_17,2016-10-17,,LIV,MUN,Liverpool,Manchester United,0,0,0,UNDER
2016_17_20161022_ARS_MID,2016_17,2016-10-22,,ARS,MID,Arsenal,Middlesbrough,0,0,0,UNDER
2016_17_20161022_BOU_TOT,2016_17,2016-10-22,,BOU,TOT,AFC Bournemouth,Tottenham Hotspur,0,0,0,UNDER
2016_17_20161022_BUR_EVE,2016_17,2016-10-22,,BUR,EVE,Burnley,Everton,2,1,3,OVER
2016_17_20161022_HUL_STK,2016_17,2016-10-22,,HUL,STK,Hull City,Stoke City,0,2,2,UNDER
2016_17_20161022_LEI_CRY,2016_17,2016-10-22,,LEI,CRY,Leicester City,Crystal Palace,3,1,4,OVER
2016_17_20161022_LIV_WBA,2016_17,2016-10-22,,LIV,WBA,Liverpool,West Bromwich Albion,2,1,3,OVER
2016_17_20161022_SWA_WAT,2016_17,2016-10-22,,SWA,WAT,Swansea City,Watford,0,0,0,UNDER
2016_17_20161022_WHU_SUN,2016_17,2016-10-22,,WHU,SUN,West Ham United,Sunderland,1,0,1,UNDER
2016_17_20161023_CHE_MUN,2016_17,2016-10-23,,CHE,MUN,Chelsea,Manchester United,4,0,4,OVER
2016_17_20161023_MCI_SOU,2016_17,2016-10-23,,MCI,SOU,Manchester City,Southampton,1,1,2,UNDER
2016_17_20161029_CRY_LIV,2016_17,2016-10-29,,CRY,LIV,Crystal Palace,Liverpool,2,4,6,OVER
2016_17_20161029_MUN_BUR,2016_17,2016-10-29,,MUN,BUR,Manchester United,Burnley,0,0,0,UNDER
2016_17_20161029_MID_BOU,2016_17,2016-10-29,,MID,BOU,Middlesbrough,AFC Bournemouth,2,0,2,UNDER
2016_17_20161029_SUN_ARS,2016_17,2016-10-29,,SUN,ARS,Sunderland,Arsenal,1,4,5,OVER
2016_17_20161029_TOT_LEI,2016_17,2016-10-29,,TOT,LEI,Tottenham Hotspur,Leicester City,1,1,2,UNDER
2016_17_20161029_WAT_HUL,2016_17,2016-10-29,,WAT,HUL,Watford,Hull City,1,0,1,UNDER
2016_17_20161029_WBA_MCI,2016_17,2016-10-29,,WBA,MCI,West Bromwich Albion,Manchester City,0,4,4,OVER
2016_17_20161030_EVE_WHU,2016_17,2016-10-30,,EVE,WHU,Everton,West Ham United,2,0,2,UNDER
2016_17_20161030_SOU_CHE,2016_17,2016-10-30,,SOU,CHE,Southampton,Chelsea,0,2,2,UNDER
2016_17_20161031_STK_SWA,2016_17,2016-10-31,,STK,SWA,Stoke City,Swansea City,3,1,4,OVER
2016_17_20161105_BOU_SUN,2016_17,2016-11-05,,BOU,SUN,AFC Bournemouth,Sunderland,1,2,3,OVER
2016_17_20161105_BUR_CRY,2016_17,2016-11-05,,BUR,CRY,Burnley,Crystal Palace,3,2,5,OVER
2016_17_20161105_CHE_EVE,2016_17,2016-11-05,,CHE,EVE,Chelsea,Everton,5,0,5,OVER
2016_17_20161105_MCI_MID,2016_17,2016-11-05,,MCI,MID,Manchester City,Middlesbrough,1,1,2,UNDER
2016_17_20161105_WHU_STK,2016_17,2016-11-05,,WHU,STK,West Ham United,Stoke City,1,1,2,UNDER
2016_17_20161106_ARS_TOT,2016_17,2016-11-06,,ARS,TOT,Arsenal,Tottenham Hotspur,1,1,2,UNDER
2016_17_20161106_HUL_SOU,2016_17,2016-11-06,,HUL,SOU,Hull City,Southampton,2,1,3,OVER
2016_17_20161106_LEI_WBA,2016_17,2016-11-06,,LEI,WBA,Leicester City,West Bromwich Albion,1,2,3,OVER
2016_17_20161106_LIV_WAT,2016_17,2016-11-06,,LIV,WAT,Liverpool,Watford,6,1,7,OVER
2016_17_20161106_SWA_MUN,2016_17,2016-11-06,,SWA,MUN,Swansea City,Manchester United,1,3,4,OVER
2016_17_20161119_CRY_MCI,2016_17,2016-11-19,,CRY,MCI,Crystal Palace,Manchester City,1,2,3,OVER
2016_17_20161119_EVE_SWA,2016_17,2016-11-19,,EVE,SWA,Everton,Swansea City,1,1,2,UNDER
2016_17_20161119_MUN_ARS,2016_17,2016-11-19,,MUN,ARS,Manchester United,Arsenal,1,1,2,UNDER
2016_17_20161119_SOU_LIV,2016_17,2016-11-19,,SOU,LIV,Southampton,Liverpool,0,0,0,UNDER
2016_17_20161119_STK_BOU,2016_17,2016-11-19,,STK,BOU,Stoke City,AFC Bournemouth,0,1,1,UNDER
2016_17_20161119_SUN_HUL,2016_17,2016-11-19,,SUN,HUL,Sunderland,Hull City,3,0,3,OVER
2016_17_20161119_TOT_WHU,2016_17,2016-11-19,,TOT,WHU,Tottenham Hotspur,West Ham United,3,2,5,OVER
2016_17_20161119_WAT_LEI,2016_17,2016-11-19,,WAT,LEI,Watford,Leicester City,2,1,3,OVER
2016_17_20161120_MID_CHE,2016_17,2016-11-20,,MID,CHE,Middlesbrough,Chelsea,0,1,1,UNDER
2016_17_20161121_WBA_BUR,2016_17,2016-11-21,,WBA,BUR,West Bromwich Albion,Burnley,4,0,4,OVER
2016_17_20161126_BUR_MCI,2016_17,2016-11-26,,BUR,MCI,Burnley,Manchester City,1,2,3,OVER
2016_17_20161126_CHE_TOT,2016_17,2016-11-26,,CHE,TOT,Chelsea,Tottenham Hotspur,2,1,3,OVER
2016_17_20161126_HUL_WBA,2016_17,2016-11-26,,HUL,WBA,Hull City,West Bromwich Albion,1,1,2,UNDER
2016_17_20161126_LEI_MID,2016_17,2016-11-26,,LEI,MID,Leicester City,Middlesbrough,2,2,4,OVER
2016_17_20161126_LIV_SUN,2016_17,2016-11-26,,LIV,SUN,Liverpool,Sunderland,2,0,2,UNDER
2016_17_20161126_SWA_CRY,2016_17,2016-11-26,,SWA,CRY,Swansea City,Crystal Palace,5,4,9,OVER
2016_17_20161127_ARS_BOU,2016_17,2016-11-27,,ARS,BOU,Arsenal,AFC Bournemouth,3,1,4,OVER
2016_17_20161127_MUN_WHU,2016_17,2016-11-27,,MUN,WHU,Manchester United,West Ham United,1,1,2,UNDER
2016_17_20161127_SOU_EVE,2016_17,2016-11-27,,SOU,EVE,Southampton,Everton,1,0,1,UNDER
2016_17_20161127_WAT_STK,2016_17,2016-11-27,,WAT,STK,Watford,Stoke City,0,1,1,UNDER
2016_17_20161203_CRY_SOU,2016_17,2016-12-03,,CRY,SOU,Crystal Palace,Southampton,3,0,3,OVER
2016_17_20161203_MCI_CHE,2016_17,2016-12-03,,MCI,CHE,Manchester City,Chelsea,1,3,4,OVER
2016_17_20161203_STK_BUR,2016_17,2016-12-03,,STK,BUR,Stoke City,Burnley,2,0,2,UNDER
2016_17_20161203_SUN_LEI,2016_17,2016-12-03,,SUN,LEI,Sunderland,Leicester City,2,1,3,OVER
2016_17_20161203_TOT_SWA,2016_17,2016-12-03,,TOT,SWA,Tottenham Hotspur,Swansea City,5,0,5,OVER
2016_17_20161203_WBA_WAT,2016_17,2016-12-03,,WBA,WAT,West Bromwich Albion,Watford,3,1,4,OVER
2016_17_20161203_WHU_ARS,2016_17,2016-12-03,,WHU,ARS,West Ham United,Arsenal,1,5,6,OVER
2016_17_20161204_BOU_LIV,2016_17,2016-12-04,,BOU,LIV,AFC Bournemouth,Liverpool,4,3,7,OVER
2016_17_20161204_EVE_MUN,2016_17,2016-12-04,,EVE,MUN,Everton,Manchester United,1,1,2,UNDER
2016_17_20161205_MID_HUL,2016_17,2016-12-05,,MID,HUL,Middlesbrough,Hull City,1,0,1,UNDER
2016_17_20161210_ARS_STK,2016_17,2016-12-10,,ARS,STK,Arsenal,Stoke City,3,1,4,OVER
2016_17_20161210_BUR_BOU,2016_17,2016-12-10,,BUR,BOU,Burnley,AFC Bournemouth,3,2,5,OVER
2016_17_20161210_HUL_CRY,2016_17,2016-12-10,,HUL,CRY,Hull City,Crystal Palace,3,3,6,OVER
2016_17_20161210_LEI_MCI,2016_17,2016-12-10,,LEI,MCI,Leicester City,Manchester City,4,2,6,OVER
2016_17_20161210_SWA_SUN,2016_17,2016-12-10,,SWA,SUN,Swansea City,Sunderland,3,0,3,OVER
2016_17_20161210_WAT_EVE,2016_17,2016-12-10,,WAT,EVE,Watford,Everton,3,2,5,OVER
2016_17_20161211_CHE_WBA,2016_17,2016-12-11,,CHE,WBA,Chelsea,West Bromwich Albion,1,0,1,UNDER
2016_17_20161211_LIV_WHU,2016_17,2016-12-11,,LIV,WHU,Liverpool,West Ham United,2,2,4,OVER
2016_17_20161211_MUN_TOT,2016_17,2016-12-11,,MUN,TOT,Manchester United,Tottenham Hotspur,1,0,1,UNDER
2016_17_20161211_SOU_MID,2016_17,2016-12-11,,SOU,MID,Southampton,Middlesbrough,1,0,1,UNDER
2016_17_20161213_BOU_LEI,2016_17,2016-12-13,,BOU,LEI,AFC Bournemouth,Leicester City,1,0,1,UNDER
2016_17_20161213_EVE_ARS,2016_17,2016-12-13,,EVE,ARS,Everton,Arsenal,2,1,3,OVER
2016_17_20161214_CRY_MUN,2016_17,2016-12-14,,CRY,MUN,Crystal Palace,Manchester United,1,2,3,OVER
2016_17_20161214_MCI_WAT,2016_17,2016-12-14,,MCI,WAT,Manchester City,Watford,2,0,2,UNDER
2016_17_20161214_MID_LIV,2016_17,2016-12-14,,MID,LIV,Middlesbrough,Liverpool,0,3,3,OVER
2016_17_20161214_STK_SOU,2016_17,2016-12-14,,STK,SOU,Stoke City,Southampton,0,0,0,UNDER
2016_17_20161214_SUN_CHE,2016_17,2016-12-14,,SUN,CHE,Sunderland,Chelsea,0,1,1,UNDER
2016_17_20161214_TOT_HUL,2016_17,2016-12-14,,TOT,HUL,Tottenham Hotspur,Hull City,3,0,3,OVER
2016_17_20161214_WBA_SWA,2016_17,2016-12-14,,WBA,SWA,West Bromwich Albion,Swansea City,3,1,4,OVER
2016_17_20161214_WHU_BUR,2016_17,2016-12-14,,WHU,BUR,West Ham United,Burnley,1,0,1,UNDER
2016_17_20161217_CRY_CHE,2016_17,2016-12-17,,CRY,CHE,Crystal Palace,Chelsea,0,1,1,UNDER
2016_17_20161217_MID_SWA,2016_17,2016-12-17,,MID,SWA,Middlesbrough,Swansea City,3,0,3,OVER
2016_17_20161217_STK_LEI,2016_17,2016-12-17,,STK,LEI,Stoke City,Leicester City,2,2,4,OVER
2016_17_20161217_SUN_WAT,2016_17,2016-12-17,,SUN,WAT,Sunderland,Watford,1,0,1,UNDER
2016_17_20161217_WBA_MUN,2016_17,2016-12-17,,WBA,MUN,West Bromwich Albion,Manchester United,0,2,2,UNDER
2016_17_20161217_WHU_HUL,2016_17,2016-12-17,,WHU,HUL,West Ham United,Hull City,1,0,1,UNDER
2016_17_20161218_BOU_SOU,2016_17,2016-12-18,,BOU,SOU,AFC Bournemouth,Southampton,1,3,4,OVER
2016_17_20161218_MCI_ARS,2016_17,2016-12-18,,MCI,ARS,Manchester City,Arsenal,2,1,3,OVER
2016_17_20161218_TOT_BUR,2016_17,2016-12-18,,TOT,BUR,Tottenham Hotspur,Burnley,2,1,3,OVER
2016_17_20161219_EVE_LIV,2016_17,2016-12-19,,EVE,LIV,Everton,Liverpool,0,1,1,UNDER
2016_17_20161226_ARS_WBA,2016_17,2016-12-26,,ARS,WBA,Arsenal,West Bromwich Albion,1,0,1,UNDER
2016_17_20161226_BUR_MID,2016_17,2016-12-26,,BUR,MID,Burnley,Middlesbrough,1,0,1,UNDER
2016_17_20161226_CHE_BOU,2016_17,2016-12-26,,CHE,BOU,Chelsea,AFC Bournemouth,3,0,3,OVER
2016_17_20161226_HUL_MCI,2016_17,2016-12-26,,HUL,MCI,Hull City,Manchester City,0,3,3,OVER
2016_17_20161226_LEI_EVE,2016_17,2016-12-26,,LEI,EVE,Leicester City,Everton,0,2,2,UNDER
2016_17_20161226_MUN_SUN,2016_17,2016-12-26,,MUN,SUN,Manchester United,Sunderland,3,1,4,OVER
2016_17_20161226_SWA_WHU,2016_17,2016-12-26,,SWA,WHU,Swansea City,West Ham United,1,4,5,OVER
2016_17_20161226_WAT_CRY,2016_17,2016-12-26,,WAT,CRY,Watford,Crystal Palace,1,1,2,UNDER
2016_17_20161227_LIV_STK,2016_17,2016-12-27,,LIV,STK,Liverpool,Stoke City,4,1,5,OVER
2016_17_20161228_SOU_TOT,2016_17,2016-12-28,,SOU,TOT,Southampton,Tottenham Hotspur,1,4,5,OVER
2016_17_20161230_HUL_EVE,2016_17,2016-12-30,,HUL,EVE,Hull City,Everton,2,2,4,OVER
2016_17_20161231_BUR_SUN,2016_17,2016-12-31,,BUR,SUN,Burnley,Sunderland,4,1,5,OVER
2016_17_20161231_CHE_STK,2016_17,2016-12-31,,CHE,STK,Chelsea,Stoke City,4,2,6,OVER
2016_17_20161231_LEI_WHU,2016_17,2016-12-31,,LEI,WHU,Leicester City,West Ham United,1,0,1,UNDER
2016_17_20161231_LIV_MCI,2016_17,2016-12-31,,LIV,MCI,Liverpool,Manchester City,1,0,1,UNDER
2016_17_20161231_MUN_MID,2016_17,2016-12-31,,MUN,MID,Manchester United,Middlesbrough,2,1,3,OVER
2016_17_20161231_SOU_WBA,2016_17,2016-12-31,,SOU,WBA,Southampton,West Bromwich Albion,1,2,3,OVER
2016_17_20161231_SWA_BOU,2016_17,2016-12-31,,SWA,BOU,Swansea City,AFC Bournemouth,0,3,3,OVER
2016_17_20170101_ARS_CRY,2016_17,2017-01-01,,ARS,CRY,Arsenal,Crystal Palace,2,0,2,UNDER
2016_17_20170101_WAT_TOT,2016_17,2017-01-01,,WAT,TOT,Watford,Tottenham Hotspur,1,4,5,OVER
2016_17_20170102_EVE_SOU,2016_17,2017-01-02,,EVE,SOU,Everton,Southampton,3,0,3,OVER
2016_17_20170102_MCI_BUR,2016_17,2017-01-02,,MCI,BUR,Manchester City,Burnley,2,1,3,OVER
2016_17_20170102_MID_LEI,2016_17,2017-01-02,,MID,LEI,Middlesbrough,Leicester City,0,0,0,UNDER
2016_17_20170102_SUN_LIV,2016_17,2017-01-02,,SUN,LIV,Sunderland,Liverpool,2,2,4,OVER
2016_17_20170102_WBA_HUL,2016_17,2017-01-02,,WBA,HUL,West Bromwich Albion,Hull City,3,1,4,OVER
2016_17_20170102_WHU_MUN,2016_17,2017-01-02,,WHU,MUN,West Ham United,Manchester United,0,2,2,UNDER
2016_17_20170103_BOU_ARS,2016_17,2017-01-03,,BOU,ARS,AFC Bournemouth,Arsenal,3,3,6,OVER
2016_17_20170103_CRY_SWA,2016_17,2017-01-03,,CRY,SWA,Crystal Palace,Swansea City,1,2,3,OVER
2016_17_20170103_STK_WAT,2016_17,2017-01-03,,STK,WAT,Stoke City,Watford,2,0,2,UNDER
2016_17_20170104_TOT_CHE,2016_17,2017-01-04,,TOT,CHE,Tottenham Hotspur,Chelsea,2,0,2,UNDER
2016_17_20170114_BUR_SOU,2016_17,2017-01-14,,BUR,SOU,Burnley,Southampton,1,0,1,UNDER
2016_17_20170114_HUL_BOU,2016_17,2017-01-14,,HUL,BOU,Hull City,AFC Bournemouth,3,1,4,OVER
2016_17_20170114_LEI_CHE,2016_17,2017-01-14,,LEI,CHE,Leicester City,Chelsea,0,3,3,OVER
2016_17_20170114_SUN_STK,2016_17,2017-01-14,,SUN,STK,Sunderland,Stoke City,1,3,4,OVER
2016_17_20170114_SWA_ARS,2016_17,2017-01-14,,SWA,ARS,Swansea City,Arsenal,0,4,4,OVER
2016_17_20170114_TOT_WBA,2016_17,2017-01-14,,TOT,WBA,Tottenham Hotspur,West Bromwich Albion,4,0,4,OVER
2016_17_20170114_WAT_MID,2016_17,2017-01-14,,WAT,MID,Watford,Middlesbrough,0,0,0,UNDER
2016_17_20170114_WHU_CRY,2016_17,2017-01-14,,WHU,CRY,West Ham United,Crystal Palace,3,0,3,OVER
2016_17_20170115_EVE_MCI,2016_17,2017-01-15,,EVE,MCI,Everton,Manchester City,4,0,4,OVER
2016_17_20170115_MUN_LIV,2016_17,2017-01-15,,MUN,LIV,Manchester United,Liverpool,1,1,2,UNDER
2016_17_20170121_BOU_WAT,2016_17,2017-01-21,,BOU,WAT,AFC Bournemouth,Watford,2,2,4,OVER
2016_17_20170121_CRY_EVE,2016_17,2017-01-21,,CRY,EVE,Crystal Palace,Everton,0,1,1,UNDER
2016_17_20170121_LIV_SWA,2016_17,2017-01-21,,LIV,SWA,Liverpool,Swansea City,2,3,5,OVER
2016_17_20170121_MCI_TOT,2016_17,2017-01-21,,MCI,TOT,Manchester City,Tottenham Hotspur,2,2,4,OVER
2016_17_20170121_MID_WHU,2016_17,2017-01-21,,MID,WHU,Middlesbrough,West Ham United,1,3,4,OVER
2016_17_20170121_STK_MUN,2016_17,2017-01-21,,STK,MUN,Stoke City,Manchester United,1,1,2,UNDER
2016_17_20170121_WBA_SUN,2016_17,2017-01-21,,WBA,SUN,West Bromwich Albion,Sunderland,2,0,2,UNDER
2016_17_20170122_ARS_BUR,2016_17,2017-01-22,,ARS,BUR,Arsenal,Burnley,2,1,3,OVER
2016_17_20170122_CHE_HUL,2016_17,2017-01-22,,CHE,HUL,Chelsea,Hull City,2,0,2,UNDER
2016_17_20170122_SOU_LEI,2016_17,2017-01-22,,SOU,LEI,Southampton,Leicester City,3,0,3,OVER
2016_17_20170131_ARS_WAT,2016_17,2017-01-31,,ARS,WAT,Arsenal,Watford,1,2,3,OVER
2016_17_20170131_BOU_CRY,2016_17,2017-01-31,,BOU,CRY,AFC Bournemouth,Crystal Palace,0,2,2,UNDER
2016_17_20170131_BUR_LEI,2016_17,2017-01-31,,BUR,LEI,Burnley,Leicester City,1,0,1,UNDER
2016_17_20170131_LIV_CHE,2016_17,2017-01-31,,LIV,CHE,Liverpool,Chelsea,1,1,2,UNDER
2016_17_20170131_MID_WBA,2016_17,2017-01-31,,MID,WBA,Middlesbrough,West Bromwich Albion,1,1,2,UNDER
2016_17_20170131_SUN_TOT,2016_17,2017-01-31,,SUN,TOT,Sunderland,Tottenham Hotspur,0,0,0,UNDER
2016_17_20170131_SWA_SOU,2016_17,2017-01-31,,SWA,SOU,Swansea City,Southampton,2,1,3,OVER
2016_17_20170201_MUN_HUL,2016_17,2017-02-01,,MUN,HUL,Manchester United,Hull City,0,0,0,UNDER
2016_17_20170201_STK_EVE,2016_17,2017-02-01,,STK,EVE,Stoke City,Everton,1,1,2,UNDER
2016_17_20170201_WHU_MCI,2016_17,2017-02-01,,WHU,MCI,West Ham United,Manchester City,0,4,4,OVER
2016_17_20170204_CHE_ARS,2016_17,2017-02-04,,CHE,ARS,Chelsea,Arsenal,3,1,4,OVER
2016_17_20170204_CRY_SUN,2016_17,2017-02-04,,CRY,SUN,Crystal Palace,Sunderland,0,4,4,OVER
2016_17_20170204_EVE_BOU,2016_17,2017-02-04,,EVE,BOU,Everton,AFC Bournemouth,6,3,9,OVER
2016_17_20170204_HUL_LIV,2016_17,2017-02-04,,HUL,LIV,Hull City,Liverpool,2,0,2,UNDER
2016_17_20170204_SOU_WHU,2016_17,2017-02-04,,SOU,WHU,Southampton,West Ham United,1,3,4,OVER
2016_17_20170204_TOT_MID,2016_17,2017-02-04,,TOT,MID,Tottenham Hotspur,Middlesbrough,1,0,1,UNDER
2016_17_20170204_WAT_BUR,2016_17,2017-02-04,,WAT,BUR,Watford,Burnley,2,1,3,OVER
2016_17_20170204_WBA_STK,2016_17,2017-02-04,,WBA,STK,West Bromwich Albion,Stoke City,1,0,1,UNDER
2016_17_20170205_LEI_MUN,2016_17,2017-02-05,,LEI,MUN,Leicester City,Manchester United,0,3,3,OVER
2016_17_20170205_MCI_SWA,2016_17,2017-02-05,,MCI,SWA,Manchester City,Swansea City,2,1,3,OVER
2016_17_20170211_ARS_HUL,2016_17,2017-02-11,,ARS,HUL,Arsenal,Hull City,2,0,2,UNDER
2016_17_20170211_LIV_TOT,2016_17,2017-02-11,,LIV,TOT,Liverpool,Tottenham Hotspur,2,0,2,UNDER
2016_17_20170211_MUN_WAT,2016_17,2017-02-11,,MUN,WAT,Manchester United,Watford,2,0,2,UNDER
2016_17_20170211_MID_EVE,2016_17,2017-02-11,,MID,EVE,Middlesbrough,Everton,0,0,0,UNDER
2016_17_20170211_STK_CRY,2016_17,2017-02-11,,STK,CRY,Stoke City,Crystal Palace,1,0,1,UNDER
2016_17_20170211_SUN_SOU,2016_17,2017-02-11,,SUN,SOU,Sunderland,Southampton,0,4,4,OVER
2016_17_20170211_WHU_WBA,2016_17,2017-02-11,,WHU,WBA,West Ham United,West Bromwich Albion,2,2,4,OVER
2016_17_20170212_BUR_CHE,2016_17,2017-02-12,,BUR,CHE,Burnley,Chelsea,1,1,2,UNDER
2016_17_20170212_SWA_LEI,2016_17,2017-02-12,,SWA,LEI,Swansea City,Leicester City,2,0,2,UNDER
2016_17_20170213_BOU_MCI,2016_17,2017-02-13,,BOU,MCI,AFC Bournemouth,Manchester City,0,2,2,UNDER
2016_17_20170225_CHE_SWA,2016_17,2017-02-25,,CHE,SWA,Chelsea,Swansea City,3,1,4,OVER
2016_17_20170225_CRY_MID,2016_17,2017-02-25,,CRY,MID,Crystal Palace,Middlesbrough,1,0,1,UNDER
2016_17_20170225_EVE_SUN,2016_17,2017-02-25,,EVE,SUN,Everton,Sunderland,2,0,2,UNDER
2016_17_20170225_HUL_BUR,2016_17,2017-02-25,,HUL,BUR,Hull City,Burnley,1,1,2,UNDER
2016_17_20170225_WAT_WHU,2016_17,2017-02-25,,WAT,WHU,Watford,West Ham United,1,1,2,UNDER
2016_17_20170225_WBA_BOU,2016_17,2017-02-25,,WBA,BOU,West Bromwich Albion,AFC Bournemouth,2,1,3,OVER
2016_17_20170226_TOT_STK,2016_17,2017-02-26,,TOT,STK,Tottenham Hotspur,Stoke City,4,0,4,OVER
2016_17_20170227_LEI_LIV,2016_17,2017-02-27,,LEI,LIV,Leicester City,Liverpool,3,1,4,OVER
2016_17_20170304_LEI_HUL,2016_17,2017-03-04,,LEI,HUL,Leicester City,Hull City,3,1,4,OVER
2016_17_20170304_LIV_ARS,2016_17,2017-03-04,,LIV,ARS,Liverpool,Arsenal,3,1,4,OVER
2016_17_20170304_MUN_BOU,2016_17,2017-03-04,,MUN,BOU,Manchester United,AFC Bournemouth,1,1,2,UNDER
2016_17_20170304_STK_MID,2016_17,2017-03-04,,STK,MID,Stoke City,Middlesbrough,2,0,2,UNDER
2016_17_20170304_SWA_BUR,2016_17,2017-03-04,,SWA,BUR,Swansea City,Burnley,3,2,5,OVER
2016_17_20170304_WAT_SOU,2016_17,2017-03-04,,WAT,SOU,Watford,Southampton,3,4,7,OVER
2016_17_20170304_WBA_CRY,2016_17,2017-03-04,,WBA,CRY,West Bromwich Albion,Crystal Palace,0,2,2,UNDER
2016_17_20170305_SUN_MCI,2016_17,2017-03-05,,SUN,MCI,Sunderland,Manchester City,0,2,2,UNDER
2016_17_20170305_TOT_EVE,2016_17,2017-03-05,,TOT,EVE,Tottenham Hotspur,Everton,3,2,5,OVER
2016_17_20170306_WHU_CHE,2016_17,2017-03-06,,WHU,CHE,West Ham United,Chelsea,1,2,3,OVER
2016_17_20170308_MCI_STK,2016_17,2017-03-08,,MCI,STK,Manchester City,Stoke City,0,0,0,UNDER
2016_17_20170311_BOU_WHU,2016_17,2017-03-11,,BOU,WHU,AFC Bournemouth,West Ham United,3,2,5,OVER
2016_17_20170311_EVE_WBA,2016_17,2017-03-11,,EVE,WBA,Everton,West Bromwich Albion,3,0,3,OVER
2016_17_20170311_HUL_SWA,2016_17,2017-03-11,,HUL,SWA,Hull City,Swansea City,2,1,3,OVER
2016_17_20170312_LIV_BUR,2016_17,2017-03-12,,LIV,BUR,Liverpool,Burnley,2,1,3,OVER
2016_17_20170318_BOU_SWA,2016_17,2017-03-18,,BOU,SWA,AFC Bournemouth,Swansea City,2,0,2,UNDER
2016_17_20170318_CRY_WAT,2016_17,2017-03-18,,CRY,WAT,Crystal Palace,Watford,1,0,1,UNDER
2016_17_20170318_EVE_HUL,2016_17,2017-03-18,,EVE,HUL,Everton,Hull City,4,0,4,OVER
2016_17_20170318_STK_CHE,2016_17,2017-03-18,,STK,CHE,Stoke City,Chelsea,1,2,3,OVER
2016_17_20170318_SUN_BUR,2016_17,2017-03-18,,SUN,BUR,Sunderland,Burnley,0,0,0,UNDER
2016_17_20170318_WBA_ARS,2016_17,2017-03-18,,WBA,ARS,West Bromwich Albion,Arsenal,3,1,4,OVER
2016_17_20170318_WHU_LEI,2016_17,2017-03-18,,WHU,LEI,West Ham United,Leicester City,2,3,5,OVER
2016_17_20170319_MCI_LIV,2016_17,2017-03-19,,MCI,LIV,Manchester City,Liverpool,1,1,2,UNDER
2016_17_20170319_MID_MUN,2016_17,2017-03-19,,MID,MUN,Middlesbrough,Manchester United,1,3,4,OVER
2016_17_20170319_TOT_SOU,2016_17,2017-03-19,,TOT,SOU,Tottenham Hotspur,Southampton,2,1,3,OVER
2016_17_20170401_BUR_TOT,2016_17,2017-04-01,,BUR,TOT,Burnley,Tottenham Hotspur,0,2,2,UNDER
2016_17_20170401_CHE_CRY,2016_17,2017-04-01,,CHE,CRY,Chelsea,Crystal Palace,1,2,3,OVER
2016_17_20170401_HUL_WHU,2016_17,2017-04-01,,HUL,WHU,Hull City,West Ham United,2,1,3,OVER
2016_17_20170401_LEI_STK,2016_17,2017-04-01,,LEI,STK,Leicester City,Stoke City,2,0,2,UNDER
2016_17_20170401_LIV_EVE,2016_17,2017-04-01,,LIV,EVE,Liverpool,Everton,3,1,4,OVER
2016_17_20170401_MUN_WBA,2016_17,2017-04-01,,MUN,WBA,Manchester United,West Bromwich Albion,0,0,0,UNDER
2016_17_20170401_SOU_BOU,2016_17,2017-04-01,,SOU,BOU,Southampton,AFC Bournemouth,0,0,0,UNDER
2016_17_20170401_WAT_SUN,2016_17,2017-04-01,,WAT,SUN,Watford,Sunderland,1,0,1,UNDER
2016_17_20170402_ARS_MCI,2016_17,2017-04-02,,ARS,MCI,Arsenal,Manchester City,2,2,4,OVER
2016_17_20170402_SWA_MID,2016_17,2017-04-02,,SWA,MID,Swansea City,Middlesbrough,0,0,0,UNDER
2016_17_20170404_BUR_STK,2016_17,2017-04-04,,BUR,STK,Burnley,Stoke City,1,0,1,UNDER
2016_17_20170404_LEI_SUN,2016_17,2017-04-04,,LEI,SUN,Leicester City,Sunderland,2,0,2,UNDER
2016_17_20170404_MUN_EVE,2016_17,2017-04-04,,MUN,EVE,Manchester United,Everton,1,1,2,UNDER
2016_17_20170404_WAT_WBA,2016_17,2017-04-04,,WAT,WBA,Watford,West Bromwich Albion,2,0,2,UNDER
2016_17_20170405_ARS_WHU,2016_17,2017-04-05,,ARS,WHU,Arsenal,West Ham United,3,0,3,OVER
2016_17_20170405_CHE_MCI,2016_17,2017-04-05,,CHE,MCI,Chelsea,Manchester City,2,1,3,OVER
2016_17_20170405_HUL_MID,2016_17,2017-04-05,,HUL,MID,Hull City,Middlesbrough,4,2,6,OVER
2016_17_20170405_LIV_BOU,2016_17,2017-04-05,,LIV,BOU,Liverpool,AFC Bournemouth,2,2,4,OVER
2016_17_20170405_SOU_CRY,2016_17,2017-04-05,,SOU,CRY,Southampton,Crystal Palace,3,1,4,OVER
2016_17_20170405_SWA_TOT,2016_17,2017-04-05,,SWA,TOT,Swansea City,Tottenham Hotspur,1,3,4,OVER
2016_17_20170408_BOU_CHE,2016_17,2017-04-08,,BOU,CHE,AFC Bournemouth,Chelsea,1,3,4,OVER
2016_17_20170408_MCI_HUL,2016_17,2017-04-08,,MCI,HUL,Manchester City,Hull City,3,1,4,OVER
2016_17_20170408_MID_BUR,2016_17,2017-04-08,,MID,BUR,Middlesbrough,Burnley,0,0,0,UNDER
2016_17_20170408_STK_LIV,2016_17,2017-04-08,,STK,LIV,Stoke City,Liverpool,1,2,3,OVER
2016_17_20170408_TOT_WAT,2016_17,2017-04-08,,TOT,WAT,Tottenham Hotspur,Watford,4,0,4,OVER
2016_17_20170408_WBA_SOU,2016_17,2017-04-08,,WBA,SOU,West Bromwich Albion,Southampton,0,1,1,UNDER
2016_17_20170408_WHU_SWA,2016_17,2017-04-08,,WHU,SWA,West Ham United,Swansea City,1,0,1,UNDER
2016_17_20170409_EVE_LEI,2016_17,2017-04-09,,EVE,LEI,Everton,Leicester City,4,2,6,OVER
2016_17_20170409_SUN_MUN,2016_17,2017-04-09,,SUN,MUN,Sunderland,Manchester United,0,3,3,OVER
2016_17_20170410_CRY_ARS,2016_17,2017-04-10,,CRY,ARS,Crystal Palace,Arsenal,3,0,3,OVER
2016_17_20170415_CRY_LEI,2016_17,2017-04-15,,CRY,LEI,Crystal Palace,Leicester City,2,2,4,OVER
2016_17_20170415_EVE_BUR,2016_17,2017-04-15,,EVE,BUR,Everton,Burnley,3,1,4,OVER
2016_17_20170415_SOU_MCI,2016_17,2017-04-15,,SOU,MCI,Southampton,Manchester City,0,3,3,OVER
2016_17_20170415_STK_HUL,2016_17,2017-04-15,,STK,HUL,Stoke City,Hull City,3,1,4,OVER
2016_17_20170415_SUN_WHU,2016_17,2017-04-15,,SUN,WHU,Sunderland,West Ham United,2,2,4,OVER
2016_17_20170415_TOT_BOU,2016_17,2017-04-15,,TOT,BOU,Tottenham Hotspur,AFC Bournemouth,4,0,4,OVER
2016_17_20170415_WAT_SWA,2016_17,2017-04-15,,WAT,SWA,Watford,Swansea City,1,0,1,UNDER
2016_17_20170416_MUN_CHE,2016_17,2017-04-16,,MUN,CHE,Manchester United,Chelsea,2,0,2,UNDER
2016_17_20170416_WBA_LIV,2016_17,2017-04-16,,WBA,LIV,West Bromwich Albion,Liverpool,0,1,1,UNDER
2016_17_20170417_MID_ARS,2016_17,2017-04-17,,MID,ARS,Middlesbrough,Arsenal,1,2,3,OVER
2016_17_20170422_BOU_MID,2016_17,2017-04-22,,BOU,MID,AFC Bournemouth,Middlesbrough,4,0,4,OVER
2016_17_20170422_HUL_WAT,2016_17,2017-04-22,,HUL,WAT,Hull City,Watford,2,0,2,UNDER
2016_17_20170422_SWA_STK,2016_17,2017-04-22,,SWA,STK,Swansea City,Stoke City,2,0,2,UNDER
2016_17_20170422_WHU_EVE,2016_17,2017-04-22,,WHU,EVE,West Ham United,Everton,0,0,0,UNDER
2016_17_20170423_BUR_MUN,2016_17,2017-04-23,,BUR,MUN,Burnley,Manchester United,0,2,2,UNDER
2016_17_20170423_LIV_CRY,2016_17,2017-04-23,,LIV,CRY,Liverpool,Crystal Palace,1,2,3,OVER
2016_17_20170425_CHE_SOU,2016_17,2017-04-25,,CHE,SOU,Chelsea,Southampton,4,2,6,OVER
2016_17_20170426_ARS_LEI,2016_17,2017-04-26,,ARS,LEI,Arsenal,Leicester City,1,0,1,UNDER
2016_17_20170426_CRY_TOT,2016_17,2017-04-26,,CRY,TOT,Crystal Palace,Tottenham Hotspur,0,1,1,UNDER
2016_17_20170426_MID_SUN,2016_17,2017-04-26,,MID,SUN,Middlesbrough,Sunderland,1,0,1,UNDER
2016_17_20170427_MCI_MUN,2016_17,2017-04-27,,MCI,MUN,Manchester City,Manchester United,0,0,0,UNDER
2016_17_20170429_CRY_BUR,2016_17,2017-04-29,,CRY,BUR,Crystal Palace,Burnley,0,2,2,UNDER
2016_17_20170429_SOU_HUL,2016_17,2017-04-29,,SOU,HUL,Southampton,Hull City,0,0,0,UNDER
2016_17_20170429_STK_WHU,2016_17,2017-04-29,,STK,WHU,Stoke City,West Ham United,0,0,0,UNDER
2016_17_20170429_SUN_BOU,2016_17,2017-04-29,,SUN,BOU,Sunderland,AFC Bournemouth,0,1,1,UNDER
2016_17_20170429_WBA_LEI,2016_17,2017-04-29,,WBA,LEI,West Bromwich Albion,Leicester City,0,1,1,UNDER
2016_17_20170430_EVE_CHE,2016_17,2017-04-30,,EVE,CHE,Everton,Chelsea,0,3,3,OVER
2016_17_20170430_MUN_SWA,2016_17,2017-04-30,,MUN,SWA,Manchester United,Swansea City,1,1,2,UNDER
2016_17_20170430_MID_MCI,2016_17,2017-04-30,,MID,MCI,Middlesbrough,Manchester City,2,2,4,OVER
2016_17_20170430_TOT_ARS,2016_17,2017-04-30,,TOT,ARS,Tottenham Hotspur,Arsenal,2,0,2,UNDER
2016_17_20170501_WAT_LIV,2016_17,2017-05-01,,WAT,LIV,Watford,Liverpool,0,1,1,UNDER
2016_17_20170505_WHU_TOT,2016_17,2017-05-05,,WHU,TOT,West Ham United,Tottenham Hotspur,1,0,1,UNDER
2016_17_20170506_BOU_STK,2016_17,2017-05-06,,BOU,STK,AFC Bournemouth,Stoke City,2,2,4,OVER
2016_17_20170506_BUR_WBA,2016_17,2017-05-06,,BUR,WBA,Burnley,West Bromwich Albion,2,2,4,OVER
2016_17_20170506_HUL_SUN,2016_17,2017-05-06,,HUL,SUN,Hull City,Sunderland,0,2,2,UNDER
2016_17_20170506_LEI_WAT,2016_17,2017-05-06,,LEI,WAT,Leicester City,Watford,3,0,3,OVER
2016_17_20170506_MCI_CRY,2016_17,2017-05-06,,MCI,CRY,Manchester City,Crystal Palace,5,0,5,OVER
2016_17_20170506_SWA_EVE,2016_17,2017-05-06,,SWA,EVE,Swansea City,Everton,1,0,1,UNDER
2016_17_20170507_ARS_MUN,2016_17,2017-05-07,,ARS,MUN,Arsenal,Manchester United,2,0,2,UNDER
2016_17_20170507_LIV_SOU,2016_17,2017-05-07,,LIV,SOU,Liverpool,Southampton,0,0,0,UNDER
2016_17_20170508_CHE_MID,2016_17,2017-05-08,,CHE,MID,Chelsea,Middlesbrough,3,0,3,OVER
2016_17_20170510_SOU_ARS,2016_17,2017-05-10,,SOU,ARS,Southampton,Arsenal,0,2,2,UNDER
2016_17_20170512_EVE_WAT,2016_17,2017-05-12,,EVE,WAT,Everton,Watford,1,0,1,UNDER
2016_17_20170512_WBA_CHE,2016_17,2017-05-12,,WBA,CHE,West Bromwich Albion,Chelsea,0,1,1,UNDER
2016_17_20170513_BOU_BUR,2016_17,2017-05-13,,BOU,BUR,AFC Bournemouth,Burnley,2,1,3,OVER
2016_17_20170513_MCI_LEI,2016_17,2017-05-13,,MCI,LEI,Manchester City,Leicester City,2,1,3,OVER
2016_17_20170513_MID_SOU,2016_17,2017-05-13,,MID,SOU,Middlesbrough,Southampton,1,2,3,OVER
2016_17_20170513_STK_ARS,2016_17,2017-05-13,,STK,ARS,Stoke City,Arsenal,1,4,5,OVER
2016_17_20170513_SUN_SWA,2016_17,2017-05-13,,SUN,SWA,Sunderland,Swansea City,0,2,2,UNDER
2016_17_20170514_CRY_HUL,2016_17,2017-05-14,,CRY,HUL,Crystal Palace,Hull City,4,0,4,OVER
2016_17_20170514_TOT_MUN,2016_17,2017-05-14,,TOT,MUN,Tottenham Hotspur,Manchester United,2,1,3,OVER
2016_17_20170514_WHU_LIV,2016_17,2017-05-14,,WHU,LIV,West Ham United,Liverpool,0,4,4,OVER
2016_17_20170515_CHE_WAT,2016_17,2017-05-15,,CHE,WAT,Chelsea,Watford,4,3,7,OVER
2016_17_20170516_ARS_SUN,2016_17,2017-05-16,,ARS,SUN,Arsenal,Sunderland,2,0,2,UNDER
2016_17_20170516_MCI_WBA,2016_17,2017-05-16,,MCI,WBA,Manchester City,West Bromwich Albion,3,1,4,OVER
2016_17_20170517_SOU_MUN,2016_17,2017-05-17,,SOU,MUN,Southampton,Manchester United,0,0,0,UNDER
2016_17_20170518_LEI_TOT,2016_17,2017-05-18,,LEI,TOT,Leicester City,Tottenham Hotspur,1,6,7,OVER
2016_17_20170521_ARS_EVE,2016_17,2017-05-21,,ARS,EVE,Arsenal,Everton,3,1,4,OVER
2016_17_20170521_BUR_WHU,2016_17,2017-05-21,,BUR,WHU,Burnley,West Ham United,1,2,3,OVER
2016_17_20170521_CHE_SUN,2016_17,2017-05-21,,CHE,SUN,Chelsea,Sunderland,5,1,6,OVER
2016_17_20170521_HUL_TOT,2016_17,2017-05-21,,HUL,TOT,Hull City,Tottenham Hotspur,1,7,8,OVER
2016_17_20170521_LEI_BOU,2016_17,2017-05-21,,LEI,BOU,Leicester City,AFC Bournemouth,1,1,2,UNDER
2016_17_20170521_LIV_MID,2016_17,2017-05-21,,LIV,MID,Liverpool,Middlesbrough,3,0,3,OVER
2016_17_20170521_MUN_CRY,2016_17,2017-05-21,,MUN,CRY,Manchester United,Crystal Palace,2,0,2,UNDER
2016_17_20170521_SOU_STK,2016_17,2017-05-21,,SOU,STK,Southampton,Stoke City,0,1,1,UNDER
2016_17_20170521_SWA_WBA,2016_17,2017-05-21,,SWA,WBA,Swansea City,West Bromwich Albion,2,1,3,OVER
2016_17_20170521_WAT_MCI,2016_17,2017-05-21,,WAT,MCI,Watford,Manchester City,0,5,5,OVER
2017_18_20170811_ARS_LEI,2017_18,2017-08-11,,ARS,LEI,Arsenal,Leicester City,4,3,7,OVER
2017_18_20170812_BRI_MCI,2017_18,2017-08-12,,BRI,MCI,Brighton & Hove Albion,Manchester City,0,2,2,UNDER
2017_18_20170812_CHE_BUR,2017_18,2017-08-12,,CHE,BUR,Chelsea,Burnley,2,3,5,OVER
2017_18_20170812_CRY_HUD,2017_18,2017-08-12,,CRY,HUD,Crystal Palace,Huddersfield Town,0,3,3,OVER
2017_18_20170812_EVE_STK,2017_18,2017-08-12,,EVE,STK,Everton,Stoke City,1,0,1,UNDER
2017_18_20170812_SOU_SWA,2017_18,2017-08-12,,SOU,SWA,Southampton,Swansea City,0,0,0,UNDER
2017_18_20170812_WAT_LIV,2017_18,2017-08-12,,WAT,LIV,Watford,Liverpool,3,3,6,OVER
2017_18_20170812_WBA_BOU,2017_18,2017-08-12,,WBA,BOU,West Bromwich Albion,AFC Bournemouth,1,0,1,UNDER
2017_18_20170813_MUN_WHU,2017_18,2017-08-13,,MUN,WHU,Manchester United,West Ham United,4,0,4,OVER
2017_18_20170813_NEW_TOT,2017_18,2017-08-13,,NEW,TOT,Newcastle United,Tottenham Hotspur,0,2,2,UNDER
2017_18_20170819_BOU_WAT,2017_18,2017-08-19,,BOU,WAT,AFC Bournemouth,Watford,0,2,2,UNDER
2017_18_20170819_BUR_WBA,2017_18,2017-08-19,,BUR,WBA,Burnley,West Bromwich Albion,0,1,1,UNDER
2017_18_20170819_LEI_BRI,2017_18,2017-08-19,,LEI,BRI,Leicester City,Brighton & Hove Albion,2,0,2,UNDER
2017_18_20170819_LIV_CRY,2017_18,2017-08-19,,LIV,CRY,Liverpool,Crystal Palace,1,0,1,UNDER
2017_18_20170819_SOU_WHU,2017_18,2017-08-19,,SOU,WHU,Southampton,West Ham United,3,2,5,OVER
2017_18_20170819_STK_ARS,2017_18,2017-08-19,,STK,ARS,Stoke City,Arsenal,1,0,1,UNDER
2017_18_20170819_SWA_MUN,2017_18,2017-08-19,,SWA,MUN,Swansea City,Manchester United,0,4,4,OVER
2017_18_20170820_HUD_NEW,2017_18,2017-08-20,,HUD,NEW,Huddersfield Town,Newcastle United,1,0,1,UNDER
2017_18_20170820_TOT_CHE,2017_18,2017-08-20,,TOT,CHE,Tottenham Hotspur,Chelsea,1,2,3,OVER
2017_18_20170821_MCI_EVE,2017_18,2017-08-21,,MCI,EVE,Manchester City,Everton,1,1,2,UNDER
2017_18_20170826_BOU_MCI,2017_18,2017-08-26,,BOU,MCI,AFC Bournemouth,Manchester City,1,2,3,OVER
2017_18_20170826_CRY_SWA,2017_18,2017-08-26,,CRY,SWA,Crystal Palace,Swansea City,0,2,2,UNDER
2017_18_20170826_HUD_SOU,2017_18,2017-08-26,,HUD,SOU,Huddersfield Town,Southampton,0,0,0,UNDER
2017_18_20170826_MUN_LEI,2017_18,2017-08-26,,MUN,LEI,Manchester United,Leicester City,2,0,2,UNDER
2017_18_20170826_NEW_WHU,2017_18,2017-08-26,,NEW,WHU,Newcastle United,West Ham United,3,0,3,OVER
2017_18_20170826_WAT_BRI,2017_18,2017-08-26,,WAT,BRI,Watford,Brighton & Hove Albion,0,0,0,UNDER
2017_18_20170827_CHE_EVE,2017_18,2017-08-27,,CHE,EVE,Chelsea,Everton,2,0,2,UNDER
2017_18_20170827_LIV_ARS,2017_18,2017-08-27,,LIV,ARS,Liverpool,Arsenal,4,0,4,OVER
2017_18_20170827_TOT_BUR,2017_18,2017-08-27,,TOT,BUR,Tottenham Hotspur,Burnley,1,1,2,UNDER
2017_18_20170827_WBA_STK,2017_18,2017-08-27,,WBA,STK,West Bromwich Albion,Stoke City,1,1,2,UNDER
2017_18_20170909_ARS_BOU,2017_18,2017-09-09,,ARS,BOU,Arsenal,AFC Bournemouth,3,0,3,OVER
2017_18_20170909_BRI_WBA,2017_18,2017-09-09,,BRI,WBA,Brighton & Hove Albion,West Bromwich Albion,3,1,4,OVER
2017_18_20170909_EVE_TOT,2017_18,2017-09-09,,EVE,TOT,Everton,Tottenham Hotspur,0,3,3,OVER
2017_18_20170909_LEI_CHE,2017_18,2017-09-09,,LEI,CHE,Leicester City,Chelsea,1,2,3,OVER
2017_18_20170909_MCI_LIV,2017_18,2017-09-09,,MCI,LIV,Manchester City,Liverpool,5,0,5,OVER
2017_18_20170909_SOU_WAT,2017_18,2017-09-09,,SOU,WAT,Southampton,Watford,0,2,2,UNDER
2017_18_20170909_STK_MUN,2017_18,2017-09-09,,STK,MUN,Stoke City,Manchester United,2,2,4,OVER
2017_18_20170910_BUR_CRY,2017_18,2017-09-10,,BUR,CRY,Burnley,Crystal Palace,1,0,1,UNDER
2017_18_20170910_SWA_NEW,2017_18,2017-09-10,,SWA,NEW,Swansea City,Newcastle United,0,1,1,UNDER
2017_18_20170911_WHU_HUD,2017_18,2017-09-11,,WHU,HUD,West Ham United,Huddersfield Town,2,0,2,UNDER
2017_18_20170915_BOU_BRI,2017_18,2017-09-15,,BOU,BRI,AFC Bournemouth,Brighton & Hove Albion,2,1,3,OVER
2017_18_20170916_CRY_SOU,2017_18,2017-09-16,,CRY,SOU,Crystal Palace,Southampton,0,1,1,UNDER
2017_18_20170916_HUD_LEI,2017_18,2017-09-16,,HUD,LEI,Huddersfield Town,Leicester City,1,1,2,UNDER
2017_18_20170916_LIV_BUR,2017_18,2017-09-16,,LIV,BUR,Liverpool,Burnley,1,1,2,UNDER
2017_18_20170916_NEW_STK,2017_18,2017-09-16,,NEW,STK,Newcastle United,Stoke City,2,1,3,OVER
2017_18_20170916_TOT_SWA,2017_18,2017-09-16,,TOT,SWA,Tottenham Hotspur,Swansea City,0,0,0,UNDER
2017_18_20170916_WAT_MCI,2017_18,2017-09-16,,WAT,MCI,Watford,Manchester City,0,6,6,OVER
2017_18_20170916_WBA_WHU,2017_18,2017-09-16,,WBA,WHU,West Bromwich Albion,West Ham United,0,0,0,UNDER
2017_18_20170917_CHE_ARS,2017_18,2017-09-17,,CHE,ARS,Chelsea,Arsenal,0,0,0,UNDER
2017_18_20170917_MUN_EVE,2017_18,2017-09-17,,MUN,EVE,Manchester United,Everton,4,0,4,OVER
2017_18_20170923_BUR_HUD,2017_18,2017-09-23,,BUR,HUD,Burnley,Huddersfield Town,0,0,0,UNDER
2017_18_20170923_EVE_BOU,2017_18,2017-09-23,,EVE,BOU,Everton,AFC Bournemouth,2,1,3,OVER
2017_18_20170923_LEI_LIV,2017_18,2017-09-23,,LEI,LIV,Leicester City,Liverpool,2,3,5,OVER
2017_18_20170923_MCI_CRY,2017_18,2017-09-23,,MCI,CRY,Manchester City,Crystal Palace,5,0,5,OVER
2017_18_20170923_SOU_MUN,2017_18,2017-09-23,,SOU,MUN,Southampton,Manchester United,0,1,1,UNDER
2017_18_20170923_STK_CHE,2017_18,2017-09-23,,STK,CHE,Stoke City,Chelsea,0,4,4,OVER
2017_18_20170923_SWA_WAT,2017_18,2017-09-23,,SWA,WAT,Swansea City,Watford,1,2,3,OVER
2017_18_20170923_WHU_TOT,2017_18,2017-09-23,,WHU,TOT,West Ham United,Tottenham Hotspur,2,3,5,OVER
2017_18_20170924_BRI_NEW,2017_18,2017-09-24,,BRI,NEW,Brighton & Hove Albion,Newcastle United,1,0,1,UNDER
2017_18_20170925_ARS_WBA,2017_18,2017-09-25,,ARS,WBA,Arsenal,West Bromwich Albion,2,0,2,UNDER
2017_18_20170930_BOU_LEI,2017_18,2017-09-30,,BOU,LEI,AFC Bournemouth,Leicester City,0,0,0,UNDER
2017_18_20170930_CHE_MCI,2017_18,2017-09-30,,CHE,MCI,Chelsea,Manchester City,0,1,1,UNDER
2017_18_20170930_HUD_TOT,2017_18,2017-09-30,,HUD,TOT,Huddersfield Town,Tottenham Hotspur,0,4,4,OVER
2017_18_20170930_MUN_CRY,2017_18,2017-09-30,,MUN,CRY,Manchester United,Crystal Palace,4,0,4,OVER
2017_18_20170930_STK_SOU,2017_18,2017-09-30,,STK,SOU,Stoke City,Southampton,2,1,3,OVER
2017_18_20170930_WBA_WAT,2017_18,2017-09-30,,WBA,WAT,West Bromwich Albion,Watford,2,2,4,OVER
2017_18_20170930_WHU_SWA,2017_18,2017-09-30,,WHU,SWA,West Ham United,Swansea City,1,0,1,UNDER
2017_18_20171001_ARS_BRI,2017_18,2017-10-01,,ARS,BRI,Arsenal,Brighton & Hove Albion,2,0,2,UNDER
2017_18_20171001_EVE_BUR,2017_18,2017-10-01,,EVE,BUR,Everton,Burnley,0,1,1,UNDER
2017_18_20171001_NEW_LIV,2017_18,2017-10-01,,NEW,LIV,Newcastle United,Liverpool,1,1,2,UNDER
2017_18_20171014_BUR_WHU,2017_18,2017-10-14,,BUR,WHU,Burnley,West Ham United,1,1,2,UNDER
2017_18_20171014_CRY_CHE,2017_18,2017-10-14,,CRY,CHE,Crystal Palace,Chelsea,2,1,3,OVER
2017_18_20171014_LIV_MUN,2017_18,2017-10-14,,LIV,MUN,Liverpool,Manchester United,0,0,0,UNDER
2017_18_20171014_MCI_STK,2017_18,2017-10-14,,MCI,STK,Manchester City,Stoke City,7,2,9,OVER
2017_18_20171014_SWA_HUD,2017_18,2017-10-14,,SWA,HUD,Swansea City,Huddersfield Town,2,0,2,UNDER
2017_18_20171014_TOT_BOU,2017_18,2017-10-14,,TOT,BOU,Tottenham Hotspur,AFC Bournemouth,1,0,1,UNDER
2017_18_20171014_WAT_ARS,2017_18,2017-10-14,,WAT,ARS,Watford,Arsenal,2,1,3,OVER
2017_18_20171015_BRI_EVE,2017_18,2017-10-15,,BRI,EVE,Brighton & Hove Albion,Everton,1,1,2,UNDER
2017_18_20171015_SOU_NEW,2017_18,2017-10-15,,SOU,NEW,Southampton,Newcastle United,2,2,4,OVER
2017_18_20171016_LEI_WBA,2017_18,2017-10-16,,LEI,WBA,Leicester City,West Bromwich Albion,1,1,2,UNDER
2017_18_20171020_WHU_BRI,2017_18,2017-10-20,,WHU,BRI,West Ham United,Brighton & Hove Albion,0,3,3,OVER
2017_18_20171021_CHE_WAT,2017_18,2017-10-21,,CHE,WAT,Chelsea,Watford,4,2,6,OVER
2017_18_20171021_HUD_MUN,2017_18,2017-10-21,,HUD,MUN,Huddersfield Town,Manchester United,2,1,3,OVER
2017_18_20171021_MCI_BUR,2017_18,2017-10-21,,MCI,BUR,Manchester City,Burnley,3,0,3,OVER
2017_18_20171021_NEW_CRY,2017_18,2017-10-21,,NEW,CRY,Newcastle United,Crystal Palace,1,0,1,UNDER
2017_18_20171021_SOU_WBA,2017_18,2017-10-21,,SOU,WBA,Southampton,West Bromwich Albion,1,0,1,UNDER
2017_18_20171021_STK_BOU,2017_18,2017-10-21,,STK,BOU,Stoke City,AFC Bournemouth,1,2,3,OVER
2017_18_20171021_SWA_LEI,2017_18,2017-10-21,,SWA,LEI,Swansea City,Leicester City,1,2,3,OVER
2017_18_20171022_EVE_ARS,2017_18,2017-10-22,,EVE,ARS,Everton,Arsenal,2,5,7,OVER
2017_18_20171022_TOT_LIV,2017_18,2017-10-22,,TOT,LIV,Tottenham Hotspur,Liverpool,4,1,5,OVER
2017_18_20171028_ARS_SWA,2017_18,2017-10-28,,ARS,SWA,Arsenal,Swansea City,2,1,3,OVER
2017_18_20171028_BOU_CHE,2017_18,2017-10-28,,BOU,CHE,AFC Bournemouth,Chelsea,0,1,1,UNDER
2017_18_20171028_CRY_WHU,2017_18,2017-10-28,,CRY,WHU,Crystal Palace,West Ham United,2,2,4,OVER
2017_18_20171028_LIV_HUD,2017_18,2017-10-28,,LIV,HUD,Liverpool,Huddersfield Town,3,0,3,OVER
2017_18_20171028_MUN_TOT,2017_18,2017-10-28,,MUN,TOT,Manchester United,Tottenham Hotspur,1,0,1,UNDER
2017_18_20171028_WAT_STK,2017_18,2017-10-28,,WAT,STK,Watford,Stoke City,0,1,1,UNDER
2017_18_20171028_WBA_MCI,2017_18,2017-10-28,,WBA,MCI,West Bromwich Albion,Manchester City,2,3,5,OVER
2017_18_20171029_BRI_SOU,2017_18,2017-10-29,,BRI,SOU,Brighton & Hove Albion,Southampton,1,1,2,UNDER
2017_18_20171029_LEI_EVE,2017_18,2017-10-29,,LEI,EVE,Leicester City,Everton,2,0,2,UNDER
2017_18_20171030_BUR_NEW,2017_18,2017-10-30,,BUR,NEW,Burnley,Newcastle United,1,0,1,UNDER
2017_18_20171104_HUD_WBA,2017_18,2017-11-04,,HUD,WBA,Huddersfield Town,West Bromwich Albion,1,0,1,UNDER
2017_18_20171104_NEW_BOU,2017_18,2017-11-04,,NEW,BOU,Newcastle United,AFC Bournemouth,0,1,1,UNDER
2017_18_20171104_SOU_BUR,2017_18,2017-11-04,,SOU,BUR,Southampton,Burnley,0,1,1,UNDER
2017_18_20171104_STK_LEI,2017_18,2017-11-04,,STK,LEI,Stoke City,Leicester City,2,2,4,OVER
2017_18_20171104_SWA_BRI,2017_18,2017-11-04,,SWA,BRI,Swansea City,Brighton & Hove Albion,0,1,1,UNDER
2017_18_20171104_WHU_LIV,2017_18,2017-11-04,,WHU,LIV,West Ham United,Liverpool,1,4,5,OVER
2017_18_20171105_CHE_MUN,2017_18,2017-11-05,,CHE,MUN,Chelsea,Manchester United,1,0,1,UNDER
2017_18_20171105_EVE_WAT,2017_18,2017-11-05,,EVE,WAT,Everton,Watford,3,2,5,OVER
2017_18_20171105_MCI_ARS,2017_18,2017-11-05,,MCI,ARS,Manchester City,Arsenal,3,1,4,OVER
2017_18_20171105_TOT_CRY,2017_18,2017-11-05,,TOT,CRY,Tottenham Hotspur,Crystal Palace,1,0,1,UNDER
2017_18_20171118_ARS_TOT,2017_18,2017-11-18,,ARS,TOT,Arsenal,Tottenham Hotspur,2,0,2,UNDER
2017_18_20171118_BOU_HUD,2017_18,2017-11-18,,BOU,HUD,AFC Bournemouth,Huddersfield Town,4,0,4,OVER
2017_18_20171118_BUR_SWA,2017_18,2017-11-18,,BUR,SWA,Burnley,Swansea City,2,0,2,UNDER
2017_18_20171118_CRY_EVE,2017_18,2017-11-18,,CRY,EVE,Crystal Palace,Everton,2,2,4,OVER
2017_18_20171118_LEI_MCI,2017_18,2017-11-18,,LEI,MCI,Leicester City,Manchester City,0,2,2,UNDER
2017_18_20171118_LIV_SOU,2017_18,2017-11-18,,LIV,SOU,Liverpool,Southampton,3,0,3,OVER
2017_18_20171118_MUN_NEW,2017_18,2017-11-18,,MUN,NEW,Manchester United,Newcastle United,4,1,5,OVER
2017_18_20171118_WBA_CHE,2017_18,2017-11-18,,WBA,CHE,West Bromwich Albion,Chelsea,0,4,4,OVER
2017_18_20171119_WAT_WHU,2017_18,2017-11-19,,WAT,WHU,Watford,West Ham United,2,0,2,UNDER
2017_18_20171120_BRI_STK,2017_18,2017-11-20,,BRI,STK,Brighton & Hove Albion,Stoke City,2,2,4,OVER
2017_18_20171124_WHU_LEI,2017_18,2017-11-24,,WHU,LEI,West Ham United,Leicester City,1,1,2,UNDER
2017_18_20171125_CRY_STK,2017_18,2017-11-25,,CRY,STK,Crystal Palace,Stoke City,2,1,3,OVER
2017_18_20171125_LIV_CHE,2017_18,2017-11-25,,LIV,CHE,Liverpool,Chelsea,1,1,2,UNDER
2017_18_20171125_MUN_BRI,2017_18,2017-11-25,,MUN,BRI,Manchester United,Brighton & Hove Albion,1,0,1,UNDER
2017_18_20171125_NEW_WAT,2017_18,2017-11-25,,NEW,WAT,Newcastle United,Watford,0,3,3,OVER
2017_18_20171125_SWA_BOU,2017_18,2017-11-25,,SWA,BOU,Swansea City,AFC Bournemouth,0,0,0,UNDER
2017_18_20171125_TOT_WBA,2017_18,2017-11-25,,TOT,WBA,Tottenham Hotspur,West Bromwich Albion,1,1,2,UNDER
2017_18_20171126_BUR_ARS,2017_18,2017-11-26,,BUR,ARS,Burnley,Arsenal,0,1,1,UNDER
2017_18_20171126_HUD_MCI,2017_18,2017-11-26,,HUD,MCI,Huddersfield Town,Manchester City,1,2,3,OVER
2017_18_20171126_SOU_EVE,2017_18,2017-11-26,,SOU,EVE,Southampton,Everton,4,1,5,OVER
2017_18_20171128_BRI_CRY,2017_18,2017-11-28,,BRI,CRY,Brighton & Hove Albion,Crystal Palace,0,0,0,UNDER
2017_18_20171128_LEI_TOT,2017_18,2017-11-28,,LEI,TOT,Leicester City,Tottenham Hotspur,2,1,3,OVER
2017_18_20171128_WAT_MUN,2017_18,2017-11-28,,WAT,MUN,Watford,Manchester United,2,4,6,OVER
2017_18_20171128_WBA_NEW,2017_18,2017-11-28,,WBA,NEW,West Bromwich Albion,Newcastle United,2,2,4,OVER
2017_18_20171129_ARS_HUD,2017_18,2017-11-29,,ARS,HUD,Arsenal,Huddersfield Town,5,0,5,OVER
2017_18_20171129_BOU_BUR,2017_18,2017-11-29,,BOU,BUR,AFC Bournemouth,Burnley,1,2,3,OVER
2017_18_20171129_CHE_SWA,2017_18,2017-11-29,,CHE,SWA,Chelsea,Swansea City,1,0,1,UNDER
2017_18_20171129_EVE_WHU,2017_18,2017-11-29,,EVE,WHU,Everton,West Ham United,4,0,4,OVER
2017_18_20171129_MCI_SOU,2017_18,2017-11-29,,MCI,SOU,Manchester City,Southampton,2,1,3,OVER
2017_18_20171129_STK_LIV,2017_18,2017-11-29,,STK,LIV,Stoke City,Liverpool,0,3,3,OVER
2017_18_20171202_ARS_MUN,2017_18,2017-12-02,,ARS,MUN,Arsenal,Manchester United,1,3,4,OVER
2017_18_20171202_BRI_LIV,2017_18,2017-12-02,,BRI,LIV,Brighton & Hove Albion,Liverpool,1,5,6,OVER
2017_18_20171202_CHE_NEW,2017_18,2017-12-02,,CHE,NEW,Chelsea,Newcastle United,3,1,4,OVER
2017_18_20171202_EVE_HUD,2017_18,2017-12-02,,EVE,HUD,Everton,Huddersfield Town,2,0,2,UNDER
2017_18_20171202_LEI_BUR,2017_18,2017-12-02,,LEI,BUR,Leicester City,Burnley,1,0,1,UNDER
2017_18_20171202_STK_SWA,2017_18,2017-12-02,,STK,SWA,Stoke City,Swansea City,2,1,3,OVER
2017_18_20171202_WAT_TOT,2017_18,2017-12-02,,WAT,TOT,Watford,Tottenham Hotspur,1,1,2,UNDER
2017_18_20171202_WBA_CRY,2017_18,2017-12-02,,WBA,CRY,West Bromwich Albion,Crystal Palace,0,0,0,UNDER
2017_18_20171203_BOU_SOU,2017_18,2017-12-03,,BOU,SOU,AFC Bournemouth,Southampton,1,1,2,UNDER
2017_18_20171203_MCI_WHU,2017_18,2017-12-03,,MCI,WHU,Manchester City,West Ham United,2,1,3,OVER
2017_18_20171209_BUR_WAT,2017_18,2017-12-09,,BUR,WAT,Burnley,Watford,1,0,1,UNDER
2017_18_20171209_CRY_BOU,2017_18,2017-12-09,,CRY,BOU,Crystal Palace,AFC Bournemouth,2,2,4,OVER
2017_18_20171209_HUD_BRI,2017_18,2017-12-09,,HUD,BRI,Huddersfield Town,Brighton & Hove Albion,2,0,2,UNDER
2017_18_20171209_NEW_LEI,2017_18,2017-12-09,,NEW,LEI,Newcastle United,Leicester City,2,3,5,OVER
2017_18_20171209_SWA_WBA,2017_18,2017-12-09,,SWA,WBA,Swansea City,West Bromwich Albion,1,0,1,UNDER
2017_18_20171209_TOT_STK,2017_18,2017-12-09,,TOT,STK,Tottenham Hotspur,Stoke City,5,1,6,OVER
2017_18_20171209_WHU_CHE,2017_18,2017-12-09,,WHU,CHE,West Ham United,Chelsea,1,0,1,UNDER
2017_18_20171210_LIV_EVE,2017_18,2017-12-10,,LIV,EVE,Liverpool,Everton,1,1,2,UNDER
2017_18_20171210_MUN_MCI,2017_18,2017-12-10,,MUN,MCI,Manchester United,Manchester City,1,2,3,OVER
2017_18_20171210_SOU_ARS,2017_18,2017-12-10,,SOU,ARS,Southampton,Arsenal,1,1,2,UNDER
2017_18_20171212_BUR_STK,2017_18,2017-12-12,,BUR,STK,Burnley,Stoke City,1,0,1,UNDER
2017_18_20171212_CRY_WAT,2017_18,2017-12-12,,CRY,WAT,Crystal Palace,Watford,2,1,3,OVER
2017_18_20171212_HUD_CHE,2017_18,2017-12-12,,HUD,CHE,Huddersfield Town,Chelsea,1,3,4,OVER
2017_18_20171213_LIV_WBA,2017_18,2017-12-13,,LIV,WBA,Liverpool,West Bromwich Albion,0,0,0,UNDER
2017_18_20171213_MUN_BOU,2017_18,2017-12-13,,MUN,BOU,Manchester United,AFC Bournemouth,1,0,1,UNDER
2017_18_20171213_NEW_EVE,2017_18,2017-12-13,,NEW,EVE,Newcastle United,Everton,0,1,1,UNDER
2017_18_20171213_SOU_LEI,2017_18,2017-12-13,,SOU,LEI,Southampton,Leicester City,1,4,5,OVER
2017_18_20171213_SWA_MCI,2017_18,2017-12-13,,SWA,MCI,Swansea City,Manchester City,0,4,4,OVER
2017_18_20171213_TOT_BRI,2017_18,2017-12-13,,TOT,BRI,Tottenham Hotspur,Brighton & Hove Albion,2,0,2,UNDER
2017_18_20171213_WHU_ARS,2017_18,2017-12-13,,WHU,ARS,West Ham United,Arsenal,0,0,0,UNDER
2017_18_20171216_ARS_NEW,2017_18,2017-12-16,,ARS,NEW,Arsenal,Newcastle United,1,0,1,UNDER
2017_18_20171216_BRI_BUR,2017_18,2017-12-16,,BRI,BUR,Brighton & Hove Albion,Burnley,0,0,0,UNDER
2017_18_20171216_CHE_SOU,2017_18,2017-12-16,,CHE,SOU,Chelsea,Southampton,1,0,1,UNDER
2017_18_20171216_LEI_CRY,2017_18,2017-12-16,,LEI,CRY,Leicester City,Crystal Palace,0,3,3,OVER
2017_18_20171216_MCI_TOT,2017_18,2017-12-16,,MCI,TOT,Manchester City,Tottenham Hotspur,4,1,5,OVER
2017_18_20171216_STK_WHU,2017_18,2017-12-16,,STK,WHU,Stoke City,West Ham United,0,3,3,OVER
2017_18_20171216_WAT_HUD,2017_18,2017-12-16,,WAT,HUD,Watford,Huddersfield Town,1,4,5,OVER
2017_18_20171217_BOU_LIV,2017_18,2017-12-17,,BOU,LIV,AFC Bournemouth,Liverpool,0,4,4,OVER
2017_18_20171217_WBA_MUN,2017_18,2017-12-17,,WBA,MUN,West Bromwich Albion,Manchester United,1,2,3,OVER
2017_18_20171218_EVE_SWA,2017_18,2017-12-18,,EVE,SWA,Everton,Swansea City,3,1,4,OVER
2017_18_20171222_ARS_LIV,2017_18,2017-12-22,,ARS,LIV,Arsenal,Liverpool,3,3,6,OVER
2017_18_20171223_BRI_WAT,2017_18,2017-12-23,,BRI,WAT,Brighton & Hove Albion,Watford,1,0,1,UNDER
2017_18_20171223_BUR_TOT,2017_18,2017-12-23,,BUR,TOT,Burnley,Tottenham Hotspur,0,3,3,OVER
2017_18_20171223_EVE_CHE,2017_18,2017-12-23,,EVE,CHE,Everton,Chelsea,0,0,0,UNDER
2017_18_20171223_LEI_MUN,2017_18,2017-12-23,,LEI,MUN,Leicester City,Manchester United,2,2,4,OVER
2017_18_20171223_MCI_BOU,2017_18,2017-12-23,,MCI,BOU,Manchester City,AFC Bournemouth,4,0,4,OVER
2017_18_20171223_SOU_HUD,2017_18,2017-12-23,,SOU,HUD,Southampton,Huddersfield Town,1,1,2,UNDER
2017_18_20171223_STK_WBA,2017_18,2017-12-23,,STK,WBA,Stoke City,West Bromwich Albion,3,1,4,OVER
2017_18_20171223_SWA_CRY,2017_18,2017-12-23,,SWA,CRY,Swansea City,Crystal Palace,1,1,2,UNDER
2017_18_20171223_WHU_NEW,2017_18,2017-12-23,,WHU,NEW,West Ham United,Newcastle United,2,3,5,OVER
2017_18_20171226_BOU_WHU,2017_18,2017-12-26,,BOU,WHU,AFC Bournemouth,West Ham United,3,3,6,OVER
2017_18_20171226_CHE_BRI,2017_18,2017-12-26,,CHE,BRI,Chelsea,Brighton & Hove Albion,2,0,2,UNDER
2017_18_20171226_HUD_STK,2017_18,2017-12-26,,HUD,STK,Huddersfield Town,Stoke City,1,1,2,UNDER
2017_18_20171226_LIV_SWA,2017_18,2017-12-26,,LIV,SWA,Liverpool,Swansea City,5,0,5,OVER
2017_18_20171226_MUN_BUR,2017_18,2017-12-26,,MUN,BUR,Manchester United,Burnley,2,2,4,OVER
2017_18_20171226_TOT_SOU,2017_18,2017-12-26,,TOT,SOU,Tottenham Hotspur,Southampton,5,2,7,OVER
2017_18_20171226_WAT_LEI,2017_18,2017-12-26,,WAT,LEI,Watford,Leicester City,2,1,3,OVER
2017_18_20171226_WBA_EVE,2017_18,2017-12-26,,WBA,EVE,West Bromwich Albion,Everton,0,0,0,UNDER
2017_18_20171227_NEW_MCI,2017_18,2017-12-27,,NEW,MCI,Newcastle United,Manchester City,0,1,1,UNDER
2017_18_20171228_CRY_ARS,2017_18,2017-12-28,,CRY,ARS,Crystal Palace,Arsenal,2,3,5,OVER
2017_18_20171230_BOU_EVE,2017_18,2017-12-30,,BOU,EVE,AFC Bournemouth,Everton,2,1,3,OVER
2017_18_20171230_CHE_STK,2017_18,2017-12-30,,CHE,STK,Chelsea,Stoke City,5,0,5,OVER
2017_18_20171230_HUD_BUR,2017_18,2017-12-30,,HUD,BUR,Huddersfield Town,Burnley,0,0,0,UNDER
2017_18_20171230_LIV_LEI,2017_18,2017-12-30,,LIV,LEI,Liverpool,Leicester City,2,1,3,OVER
2017_18_20171230_MUN_SOU,2017_18,2017-12-30,,MUN,SOU,Manchester United,Southampton,0,0,0,UNDER
2017_18_20171230_NEW_BRI,2017_18,2017-12-30,,NEW,BRI,Newcastle United,Brighton & Hove Albion,0,0,0,UNDER
2017_18_20171230_WAT_SWA,2017_18,2017-12-30,,WAT,SWA,Watford,Swansea City,1,2,3,OVER
2017_18_20171231_CRY_MCI,2017_18,2017-12-31,,CRY,MCI,Crystal Palace,Manchester City,0,0,0,UNDER
2017_18_20171231_WBA_ARS,2017_18,2017-12-31,,WBA,ARS,West Bromwich Albion,Arsenal,1,1,2,UNDER
2017_18_20180101_BRI_BOU,2017_18,2018-01-01,,BRI,BOU,Brighton & Hove Albion,AFC Bournemouth,2,2,4,OVER
2017_18_20180101_BUR_LIV,2017_18,2018-01-01,,BUR,LIV,Burnley,Liverpool,1,2,3,OVER
2017_18_20180101_EVE_MUN,2017_18,2018-01-01,,EVE,MUN,Everton,Manchester United,0,2,2,UNDER
2017_18_20180101_LEI_HUD,2017_18,2018-01-01,,LEI,HUD,Leicester City,Huddersfield Town,3,0,3,OVER
2017_18_20180101_STK_NEW,2017_18,2018-01-01,,STK,NEW,Stoke City,Newcastle United,0,1,1,UNDER
2017_18_20180102_MCI_WAT,2017_18,2018-01-02,,MCI,WAT,Manchester City,Watford,3,1,4,OVER
2017_18_20180102_SOU_CRY,2017_18,2018-01-02,,SOU,CRY,Southampton,Crystal Palace,1,2,3,OVER
2017_18_20180102_SWA_TOT,2017_18,2018-01-02,,SWA,TOT,Swansea City,Tottenham Hotspur,0,2,2,UNDER
2017_18_20180102_WHU_WBA,2017_18,2018-01-02,,WHU,WBA,West Ham United,West Bromwich Albion,2,1,3,OVER
2017_18_20180103_ARS_CHE,2017_18,2018-01-03,,ARS,CHE,Arsenal,Chelsea,2,2,4,OVER
2017_18_20180104_TOT_WHU,2017_18,2018-01-04,,TOT,WHU,Tottenham Hotspur,West Ham United,1,1,2,UNDER
2017_18_20180113_CHE_LEI,2017_18,2018-01-13,,CHE,LEI,Chelsea,Leicester City,0,0,0,UNDER
2017_18_20180113_CRY_BUR,2017_18,2018-01-13,,CRY,BUR,Crystal Palace,Burnley,1,0,1,UNDER
2017_18_20180113_HUD_WHU,2017_18,2018-01-13,,HUD,WHU,Huddersfield Town,West Ham United,1,4,5,OVER
2017_18_20180113_NEW_SWA,2017_18,2018-01-13,,NEW,SWA,Newcastle United,Swansea City,1,1,2,UNDER
2017_18_20180113_TOT_EVE,2017_18,2018-01-13,,TOT,EVE,Tottenham Hotspur,Everton,4,0,4,OVER
2017_18_20180113_WAT_SOU,2017_18,2018-01-13,,WAT,SOU,Watford,Southampton,2,2,4,OVER
2017_18_20180113_WBA_BRI,2017_18,2018-01-13,,WBA,BRI,West Bromwich Albion,Brighton & Hove Albion,2,0,2,UNDER
2017_18_20180114_BOU_ARS,2017_18,2018-01-14,,BOU,ARS,AFC Bournemouth,Arsenal,2,1,3,OVER
2017_18_20180114_LIV_MCI,2017_18,2018-01-14,,LIV,MCI,Liverpool,Manchester City,4,3,7,OVER
2017_18_20180115_MUN_STK,2017_18,2018-01-15,,MUN,STK,Manchester United,Stoke City,3,0,3,OVER
2017_18_20180120_ARS_CRY,2017_18,2018-01-20,,ARS,CRY,Arsenal,Crystal Palace,4,1,5,OVER
2017_18_20180120_BRI_CHE,2017_18,2018-01-20,,BRI,CHE,Brighton & Hove Albion,Chelsea,0,4,4,OVER
2017_18_20180120_BUR_MUN,2017_18,2018-01-20,,BUR,MUN,Burnley,Manchester United,0,1,1,UNDER
2017_18_20180120_EVE_WBA,2017_18,2018-01-20,,EVE,WBA,Everton,West Bromwich Albion,1,1,2,UNDER
2017_18_20180120_LEI_WAT,2017_18,2018-01-20,,LEI,WAT,Leicester City,Watford,2,0,2,UNDER
2017_18_20180120_MCI_NEW,2017_18,2018-01-20,,MCI,NEW,Manchester City,Newcastle United,3,1,4,OVER
2017_18_20180120_STK_HUD,2017_18,2018-01-20,,STK,HUD,Stoke City,Huddersfield Town,2,0,2,UNDER
2017_18_20180120_WHU_BOU,2017_18,2018-01-20,,WHU,BOU,West Ham United,AFC Bournemouth,1,1,2,UNDER
2017_18_20180121_SOU_TOT,2017_18,2018-01-21,,SOU,TOT,Southampton,Tottenham Hotspur,1,1,2,UNDER
2017_18_20180122_SWA_LIV,2017_18,2018-01-22,,SWA,LIV,Swansea City,Liverpool,1,0,1,UNDER
2017_18_20180130_HUD_LIV,2017_18,2018-01-30,,HUD,LIV,Huddersfield Town,Liverpool,0,3,3,OVER
2017_18_20180130_SWA_ARS,2017_18,2018-01-30,,SWA,ARS,Swansea City,Arsenal,3,1,4,OVER
2017_18_20180130_WHU_CRY,2017_18,2018-01-30,,WHU,CRY,West Ham United,Crystal Palace,1,1,2,UNDER
2017_18_20180131_CHE_BOU,2017_18,2018-01-31,,CHE,BOU,Chelsea,AFC Bournemouth,0,3,3,OVER
2017_18_20180131_EVE_LEI,2017_18,2018-01-31,,EVE,LEI,Everton,Leicester City,2,1,3,OVER
2017_18_20180131_MCI_WBA,2017_18,2018-01-31,,MCI,WBA,Manchester City,West Bromwich Albion,3,0,3,OVER
2017_18_20180131_NEW_BUR,2017_18,2018-01-31,,NEW,BUR,Newcastle United,Burnley,1,1,2,UNDER
2017_18_20180131_SOU_BRI,2017_18,2018-01-31,,SOU,BRI,Southampton,Brighton & Hove Albion,1,1,2,UNDER
2017_18_20180131_STK_WAT,2017_18,2018-01-31,,STK,WAT,Stoke City,Watford,0,0,0,UNDER
2017_18_20180131_TOT_MUN,2017_18,2018-01-31,,TOT,MUN,Tottenham Hotspur,Manchester United,2,0,2,UNDER
2017_18_20180203_ARS_EVE,2017_18,2018-02-03,,ARS,EVE,Arsenal,Everton,5,1,6,OVER
2017_18_20180203_BOU_STK,2017_18,2018-02-03,,BOU,STK,AFC Bournemouth,Stoke City,2,1,3,OVER
2017_18_20180203_BRI_WHU,2017_18,2018-02-03,,BRI,WHU,Brighton & Hove Albion,West Ham United,3,1,4,OVER
2017_18_20180203_BUR_MCI,2017_18,2018-02-03,,BUR,MCI,Burnley,Manchester City,1,1,2,UNDER
2017_18_20180203_LEI_SWA,2017_18,2018-02-03,,LEI,SWA,Leicester City,Swansea City,1,1,2,UNDER
2017_18_20180203_MUN_HUD,2017_18,2018-02-03,,MUN,HUD,Manchester United,Huddersfield Town,2,0,2,UNDER
2017_18_20180203_WBA_SOU,2017_18,2018-02-03,,WBA,SOU,West Bromwich Albion,Southampton,2,3,5,OVER
2017_18_20180204_CRY_NEW,2017_18,2018-02-04,,CRY,NEW,Crystal Palace,Newcastle United,1,1,2,UNDER
2017_18_20180204_LIV_TOT,2017_18,2018-02-04,,LIV,TOT,Liverpool,Tottenham Hotspur,2,2,4,OVER
2017_18_20180205_WAT_CHE,2017_18,2018-02-05,,WAT,CHE,Watford,Chelsea,4,1,5,OVER
2017_18_20180210_EVE_CRY,2017_18,2018-02-10,,EVE,CRY,Everton,Crystal Palace,3,1,4,OVER
2017_18_20180210_MCI_LEI,2017_18,2018-02-10,,MCI,LEI,Manchester City,Leicester City,5,1,6,OVER
2017_18_20180210_STK_BRI,2017_18,2018-02-10,,STK,BRI,Stoke City,Brighton & Hove Albion,1,1,2,UNDER
2017_18_20180210_SWA_BUR,2017_18,2018-02-10,,SWA,BUR,Swansea City,Burnley,1,0,1,UNDER
2017_18_20180210_TOT_ARS,2017_18,2018-02-10,,TOT,ARS,Tottenham Hotspur,Arsenal,1,0,1,UNDER
2017_18_20180210_WHU_WAT,2017_18,2018-02-10,,WHU,WAT,West Ham United,Watford,2,0,2,UNDER
2017_18_20180211_HUD_BOU,2017_18,2018-02-11,,HUD,BOU,Huddersfield Town,AFC Bournemouth,4,1,5,OVER
2017_18_20180211_NEW_MUN,2017_18,2018-02-11,,NEW,MUN,Newcastle United,Manchester United,1,0,1,UNDER
2017_18_20180211_SOU_LIV,2017_18,2018-02-11,,SOU,LIV,Southampton,Liverpool,0,2,2,UNDER
2017_18_20180212_CHE_WBA,2017_18,2018-02-12,,CHE,WBA,Chelsea,West Bromwich Albion,3,0,3,OVER
2017_18_20180224_BOU_NEW,2017_18,2018-02-24,,BOU,NEW,AFC Bournemouth,Newcastle United,2,2,4,OVER
2017_18_20180224_BRI_SWA,2017_18,2018-02-24,,BRI,SWA,Brighton & Hove Albion,Swansea City,4,1,5,OVER
2017_18_20180224_BUR_SOU,2017_18,2018-02-24,,BUR,SOU,Burnley,Southampton,1,1,2,UNDER
2017_18_20180224_LEI_STK,2017_18,2018-02-24,,LEI,STK,Leicester City,Stoke City,1,1,2,UNDER
2017_18_20180224_LIV_WHU,2017_18,2018-02-24,,LIV,WHU,Liverpool,West Ham United,4,1,5,OVER
2017_18_20180224_WAT_EVE,2017_18,2018-02-24,,WAT,EVE,Watford,Everton,1,0,1,UNDER
2017_18_20180224_WBA_HUD,2017_18,2018-02-24,,WBA,HUD,West Bromwich Albion,Huddersfield Town,1,2,3,OVER
2017_18_20180225_CRY_TOT,2017_18,2018-02-25,,CRY,TOT,Crystal Palace,Tottenham Hotspur,0,1,1,UNDER
2017_18_20180225_MUN_CHE,2017_18,2018-02-25,,MUN,CHE,Manchester United,Chelsea,2,1,3,OVER
2017_18_20180301_ARS_MCI,2017_18,2018-03-01,,ARS,MCI,Arsenal,Manchester City,0,3,3,OVER
2017_18_20180303_BUR_EVE,2017_18,2018-03-03,,BUR,EVE,Burnley,Everton,2,1,3,OVER
2017_18_20180303_LEI_BOU,2017_18,2018-03-03,,LEI,BOU,Leicester City,AFC Bournemouth,1,1,2,UNDER
2017_18_20180303_LIV_NEW,2017_18,2018-03-03,,LIV,NEW,Liverpool,Newcastle United,2,0,2,UNDER
2017_18_20180303_SOU_STK,2017_18,2018-03-03,,SOU,STK,Southampton,Stoke City,0,0,0,UNDER
2017_18_20180303_SWA_WHU,2017_18,2018-03-03,,SWA,WHU,Swansea City,West Ham United,4,1,5,OVER
2017_18_20180303_TOT_HUD,2017_18,2018-03-03,,TOT,HUD,Tottenham Hotspur,Huddersfield Town,2,0,2,UNDER
2017_18_20180303_WAT_WBA,2017_18,2018-03-03,,WAT,WBA,Watford,West Bromwich Albion,1,0,1,UNDER
2017_18_20180304_BRI_ARS,2017_18,2018-03-04,,BRI,ARS,Brighton & Hove Albion,Arsenal,2,1,3,OVER
2017_18_20180304_MCI_CHE,2017_18,2018-03-04,,MCI,CHE,Manchester City,Chelsea,1,0,1,UNDER
2017_18_20180305_CRY_MUN,2017_18,2018-03-05,,CRY,MUN,Crystal Palace,Manchester United,2,3,5,OVER
2017_18_20180310_CHE_CRY,2017_18,2018-03-10,,CHE,CRY,Chelsea,Crystal Palace,2,1,3,OVER
2017_18_20180310_EVE_BRI,2017_18,2018-03-10,,EVE,BRI,Everton,Brighton & Hove Albion,2,0,2,UNDER
2017_18_20180310_HUD_SWA,2017_18,2018-03-10,,HUD,SWA,Huddersfield Town,Swansea City,0,0,0,UNDER
2017_18_20180310_MUN_LIV,2017_18,2018-03-10,,MUN,LIV,Manchester United,Liverpool,2,1,3,OVER
2017_18_20180310_NEW_SOU,2017_18,2018-03-10,,NEW,SOU,Newcastle United,Southampton,3,0,3,OVER
2017_18_20180310_WBA_LEI,2017_18,2018-03-10,,WBA,LEI,West Bromwich Albion,Leicester City,1,4,5,OVER
2017_18_20180310_WHU_BUR,2017_18,2018-03-10,,WHU,BUR,West Ham United,Burnley,0,3,3,OVER
2017_18_20180311_ARS_WAT,2017_18,2018-03-11,,ARS,WAT,Arsenal,Watford,3,0,3,OVER
2017_18_20180311_BOU_TOT,2017_18,2018-03-11,,BOU,TOT,AFC Bournemouth,Tottenham Hotspur,1,4,5,OVER
2017_18_20180312_STK_MCI,2017_18,2018-03-12,,STK,MCI,Stoke City,Manchester City,0,2,2,UNDER
2017_18_20180317_BOU_WBA,2017_18,2018-03-17,,BOU,WBA,AFC Bournemouth,West Bromwich Albion,2,1,3,OVER
2017_18_20180317_HUD_CRY,2017_18,2018-03-17,,HUD,CRY,Huddersfield Town,Crystal Palace,0,2,2,UNDER
2017_18_20180317_LIV_WAT,2017_18,2018-03-17,,LIV,WAT,Liverpool,Watford,5,0,5,OVER
2017_18_20180317_STK_EVE,2017_18,2018-03-17,,STK,EVE,Stoke City,Everton,1,2,3,OVER
2017_18_20180331_BRI_LEI,2017_18,2018-03-31,,BRI,LEI,Brighton & Hove Albion,Leicester City,0,2,2,UNDER
2017_18_20180331_CRY_LIV,2017_18,2018-03-31,,CRY,LIV,Crystal Palace,Liverpool,1,2,3,OVER
2017_18_20180331_EVE_MCI,2017_18,2018-03-31,,EVE,MCI,Everton,Manchester City,1,3,4,OVER
2017_18_20180331_MUN_SWA,2017_18,2018-03-31,,MUN,SWA,Manchester United,Swansea City,2,0,2,UNDER
2017_18_20180331_NEW_HUD,2017_18,2018-03-31,,NEW,HUD,Newcastle United,Huddersfield Town,1,0,1,UNDER
2017_18_20180331_WAT_BOU,2017_18,2018-03-31,,WAT,BOU,Watford,AFC Bournemouth,2,2,4,OVER
2017_18_20180331_WBA_BUR,2017_18,2018-03-31,,WBA,BUR,West Bromwich Albion,Burnley,1,2,3,OVER
2017_18_20180331_WHU_SOU,2017_18,2018-03-31,,WHU,SOU,West Ham United,Southampton,3,0,3,OVER
2017_18_20180401_ARS_STK,2017_18,2018-04-01,,ARS,STK,Arsenal,Stoke City,3,0,3,OVER
2017_18_20180401_CHE_TOT,2017_18,2018-04-01,,CHE,TOT,Chelsea,Tottenham Hotspur,1,3,4,OVER
2017_18_20180407_BOU_CRY,2017_18,2018-04-07,,BOU,CRY,AFC Bournemouth,Crystal Palace,2,2,4,OVER
2017_18_20180407_BRI_HUD,2017_18,2018-04-07,,BRI,HUD,Brighton & Hove Albion,Huddersfield Town,1,1,2,UNDER
2017_18_20180407_EVE_LIV,2017_18,2018-04-07,,EVE,LIV,Everton,Liverpool,0,0,0,UNDER
2017_18_20180407_LEI_NEW,2017_18,2018-04-07,,LEI,NEW,Leicester City,Newcastle United,1,2,3,OVER
2017_18_20180407_MCI_MUN,2017_18,2018-04-07,,MCI,MUN,Manchester City,Manchester United,2,3,5,OVER
2017_18_20180407_STK_TOT,2017_18,2018-04-07,,STK,TOT,Stoke City,Tottenham Hotspur,1,2,3,OVER
2017_18_20180407_WAT_BUR,2017_18,2018-04-07,,WAT,BUR,Watford,Burnley,1,2,3,OVER
2017_18_20180407_WBA_SWA,2017_18,2018-04-07,,WBA,SWA,West Bromwich Albion,Swansea City,1,1,2,UNDER
2017_18_20180408_ARS_SOU,2017_18,2018-04-08,,ARS,SOU,Arsenal,Southampton,3,2,5,OVER
2017_18_20180408_CHE_WHU,2017_18,2018-04-08,,CHE,WHU,Chelsea,West Ham United,1,1,2,UNDER
2017_18_20180414_BUR_LEI,2017_18,2018-04-14,,BUR,LEI,Burnley,Leicester City,2,1,3,OVER
2017_18_20180414_CRY_BRI,2017_18,2018-04-14,,CRY,BRI,Crystal Palace,Brighton & Hove Albion,3,2,5,OVER
2017_18_20180414_HUD_WAT,2017_18,2018-04-14,,HUD,WAT,Huddersfield Town,Watford,1,0,1,UNDER
2017_18_20180414_LIV_BOU,2017_18,2018-04-14,,LIV,BOU,Liverpool,AFC Bournemouth,3,0,3,OVER
2017_18_20180414_SOU_CHE,2017_18,2018-04-14,,SOU,CHE,Southampton,Chelsea,2,3,5,OVER
2017_18_20180414_SWA_EVE,2017_18,2018-04-14,,SWA,EVE,Swansea City,Everton,1,1,2,UNDER
2017_18_20180414_TOT_MCI,2017_18,2018-04-14,,TOT,MCI,Tottenham Hotspur,Manchester City,1,3,4,OVER
2017_18_20180415_MUN_WBA,2017_18,2018-04-15,,MUN,WBA,Manchester United,West Bromwich Albion,0,1,1,UNDER
2017_18_20180415_NEW_ARS,2017_18,2018-04-15,,NEW,ARS,Newcastle United,Arsenal,2,1,3,OVER
2017_18_20180416_WHU_STK,2017_18,2018-04-16,,WHU,STK,West Ham United,Stoke City,1,1,2,UNDER
2017_18_20180417_BRI_TOT,2017_18,2018-04-17,,BRI,TOT,Brighton & Hove Albion,Tottenham Hotspur,1,1,2,UNDER
2017_18_20180418_BOU_MUN,2017_18,2018-04-18,,BOU,MUN,AFC Bournemouth,Manchester United,0,2,2,UNDER
2017_18_20180419_BUR_CHE,2017_18,2018-04-19,,BUR,CHE,Burnley,Chelsea,1,2,3,OVER
2017_18_20180419_LEI_SOU,2017_18,2018-04-19,,LEI,SOU,Leicester City,Southampton,0,0,0,UNDER
2017_18_20180421_WAT_CRY,2017_18,2018-04-21,,WAT,CRY,Watford,Crystal Palace,0,0,0,UNDER
2017_18_20180421_WBA_LIV,2017_18,2018-04-21,,WBA,LIV,West Bromwich Albion,Liverpool,2,2,4,OVER
2017_18_20180422_ARS_WHU,2017_18,2018-04-22,,ARS,WHU,Arsenal,West Ham United,4,1,5,OVER
2017_18_20180422_MCI_SWA,2017_18,2018-04-22,,MCI,SWA,Manchester City,Swansea City,5,0,5,OVER
2017_18_20180422_STK_BUR,2017_18,2018-04-22,,STK,BUR,Stoke City,Burnley,1,1,2,UNDER
2017_18_20180423_EVE_NEW,2017_18,2018-04-23,,EVE,NEW,Everton,Newcastle United,1,0,1,UNDER
2017_18_20180428_BUR_BRI,2017_18,2018-04-28,,BUR,BRI,Burnley,Brighton & Hove Albion,0,0,0,UNDER
2017_18_20180428_CRY_LEI,2017_18,2018-04-28,,CRY,LEI,Crystal Palace,Leicester City,5,0,5,OVER
2017_18_20180428_HUD_EVE,2017_18,2018-04-28,,HUD,EVE,Huddersfield Town,Everton,0,2,2,UNDER
2017_18_20180428_LIV_STK,2017_18,2018-04-28,,LIV,STK,Liverpool,Stoke City,0,0,0,UNDER
2017_18_20180428_NEW_WBA,2017_18,2018-04-28,,NEW,WBA,Newcastle United,West Bromwich Albion,0,1,1,UNDER
2017_18_20180428_SOU_BOU,2017_18,2018-04-28,,SOU,BOU,Southampton,AFC Bournemouth,2,1,3,OVER
2017_18_20180428_SWA_CHE,2017_18,2018-04-28,,SWA,CHE,Swansea City,Chelsea,0,1,1,UNDER
2017_18_20180429_MUN_ARS,2017_18,2018-04-29,,MUN,ARS,Manchester United,Arsenal,2,1,3,OVER
2017_18_20180429_WHU_MCI,2017_18,2018-04-29,,WHU,MCI,West Ham United,Manchester City,1,4,5,OVER
2017_18_20180430_TOT_WAT,2017_18,2018-04-30,,TOT,WAT,Tottenham Hotspur,Watford,2,0,2,UNDER
2017_18_20180504_BRI_MUN,2017_18,2018-05-04,,BRI,MUN,Brighton & Hove Albion,Manchester United,1,0,1,UNDER
2017_18_20180505_BOU_SWA,2017_18,2018-05-05,,BOU,SWA,AFC Bournemouth,Swansea City,1,0,1,UNDER
2017_18_20180505_EVE_SOU,2017_18,2018-05-05,,EVE,SOU,Everton,Southampton,1,1,2,UNDER
2017_18_20180505_LEI_WHU,2017_18,2018-05-05,,LEI,WHU,Leicester City,West Ham United,0,2,2,UNDER
2017_18_20180505_STK_CRY,2017_18,2018-05-05,,STK,CRY,Stoke City,Crystal Palace,1,2,3,OVER
2017_18_20180505_WAT_NEW,2017_18,2018-05-05,,WAT,NEW,Watford,Newcastle United,2,1,3,OVER
2017_18_20180505_WBA_TOT,2017_18,2018-05-05,,WBA,TOT,West Bromwich Albion,Tottenham Hotspur,1,0,1,UNDER
2017_18_20180506_ARS_BUR,2017_18,2018-05-06,,ARS,BUR,Arsenal,Burnley,5,0,5,OVER
2017_18_20180506_CHE_LIV,2017_18,2018-05-06,,CHE,LIV,Chelsea,Liverpool,1,0,1,UNDER
2017_18_20180506_MCI_HUD,2017_18,2018-05-06,,MCI,HUD,Manchester City,Huddersfield Town,0,0,0,UNDER
2017_18_20180508_SWA_SOU,2017_18,2018-05-08,,SWA,SOU,Swansea City,Southampton,0,1,1,UNDER
2017_18_20180509_CHE_HUD,2017_18,2018-05-09,,CHE,HUD,Chelsea,Huddersfield Town,1,1,2,UNDER
2017_18_20180509_LEI_ARS,2017_18,2018-05-09,,LEI,ARS,Leicester City,Arsenal,3,1,4,OVER
2017_18_20180509_MCI_BRI,2017_18,2018-05-09,,MCI,BRI,Manchester City,Brighton & Hove Albion,3,1,4,OVER
2017_18_20180509_TOT_NEW,2017_18,2018-05-09,,TOT,NEW,Tottenham Hotspur,Newcastle United,1,0,1,UNDER
2017_18_20180510_WHU_MUN,2017_18,2018-05-10,,WHU,MUN,West Ham United,Manchester United,0,0,0,UNDER
2017_18_20180513_BUR_BOU,2017_18,2018-05-13,,BUR,BOU,Burnley,AFC Bournemouth,1,2,3,OVER
2017_18_20180513_CRY_WBA,2017_18,2018-05-13,,CRY,WBA,Crystal Palace,West Bromwich Albion,2,0,2,UNDER
2017_18_20180513_HUD_ARS,2017_18,2018-05-13,,HUD,ARS,Huddersfield Town,Arsenal,0,1,1,UNDER
2017_18_20180513_LIV_BRI,2017_18,2018-05-13,,LIV,BRI,Liverpool,Brighton & Hove Albion,4,0,4,OVER
2017_18_20180513_MUN_WAT,2017_18,2018-05-13,,MUN,WAT,Manchester United,Watford,1,0,1,UNDER
2017_18_20180513_NEW_CHE,2017_18,2018-05-13,,NEW,CHE,Newcastle United,Chelsea,3,0,3,OVER
2017_18_20180513_SOU_MCI,2017_18,2018-05-13,,SOU,MCI,Southampton,Manchester City,0,1,1,UNDER
2017_18_20180513_SWA_STK,2017_18,2018-05-13,,SWA,STK,Swansea City,Stoke City,1,2,3,OVER
2017_18_20180513_TOT_LEI,2017_18,2018-05-13,,TOT,LEI,Tottenham Hotspur,Leicester City,5,4,9,OVER
2017_18_20180513_WHU_EVE,2017_18,2018-05-13,,WHU,EVE,West Ham United,Everton,3,1,4,OVER
2018_19_20180810_MUN_LEI,2018_19,2018-08-10,,MUN,LEI,Manchester United,Leicester City,2,1,3,OVER
2018_19_20180811_BOU_CAR,2018_19,2018-08-11,,BOU,CAR,AFC Bournemouth,Cardiff City,2,0,2,UNDER
2018_19_20180811_FUL_CRY,2018_19,2018-08-11,,FUL,CRY,Fulham,Crystal Palace,0,2,2,UNDER
2018_19_20180811_HUD_CHE,2018_19,2018-08-11,,HUD,CHE,Huddersfield Town,Chelsea,0,3,3,OVER
2018_19_20180811_NEW_TOT,2018_19,2018-08-11,,NEW,TOT,Newcastle United,Tottenham Hotspur,1,2,3,OVER
2018_19_20180811_WAT_BRI,2018_19,2018-08-11,,WAT,BRI,Watford,Brighton & Hove Albion,2,0,2,UNDER
2018_19_20180811_WOL_EVE,2018_19,2018-08-11,,WOL,EVE,Wolverhampton Wanderers,Everton,2,2,4,OVER
2018_19_20180812_ARS_MCI,2018_19,2018-08-12,,ARS,MCI,Arsenal,Manchester City,0,2,2,UNDER
2018_19_20180812_LIV_WHU,2018_19,2018-08-12,,LIV,WHU,Liverpool,West Ham United,4,0,4,OVER
2018_19_20180812_SOU_BUR,2018_19,2018-08-12,,SOU,BUR,Southampton,Burnley,0,0,0,UNDER
2018_19_20180818_CAR_NEW,2018_19,2018-08-18,,CAR,NEW,Cardiff City,Newcastle United,0,0,0,UNDER
2018_19_20180818_CHE_ARS,2018_19,2018-08-18,,CHE,ARS,Chelsea,Arsenal,3,2,5,OVER
2018_19_20180818_EVE_SOU,2018_19,2018-08-18,,EVE,SOU,Everton,Southampton,2,1,3,OVER
2018_19_20180818_LEI_WOL,2018_19,2018-08-18,,LEI,WOL,Leicester City,Wolverhampton Wanderers,2,0,2,UNDER
2018_19_20180818_TOT_FUL,2018_19,2018-08-18,,TOT,FUL,Tottenham Hotspur,Fulham,3,1,4,OVER
2018_19_20180818_WHU_BOU,2018_19,2018-08-18,,WHU,BOU,West Ham United,AFC Bournemouth,1,2,3,OVER
2018_19_20180819_BRI_MUN,2018_19,2018-08-19,,BRI,MUN,Brighton & Hove Albion,Manchester United,3,2,5,OVER
2018_19_20180819_BUR_WAT,2018_19,2018-08-19,,BUR,WAT,Burnley,Watford,1,3,4,OVER
2018_19_20180819_MCI_HUD,2018_19,2018-08-19,,MCI,HUD,Manchester City,Huddersfield Town,6,1,7,OVER
2018_19_20180820_CRY_LIV,2018_19,2018-08-20,,CRY,LIV,Crystal Palace,Liverpool,0,2,2,UNDER
2018_19_20180825_ARS_WHU,2018_19,2018-08-25,,ARS,WHU,Arsenal,West Ham United,3,1,4,OVER
2018_19_20180825_BOU_EVE,2018_19,2018-08-25,,BOU,EVE,AFC Bournemouth,Everton,2,2,4,OVER
2018_19_20180825_HUD_CAR,2018_19,2018-08-25,,HUD,CAR,Huddersfield Town,Cardiff City,0,0,0,UNDER
2018_19_20180825_LIV_BRI,2018_19,2018-08-25,,LIV,BRI,Liverpool,Brighton & Hove Albion,1,0,1,UNDER
2018_19_20180825_SOU_LEI,2018_19,2018-08-25,,SOU,LEI,Southampton,Leicester City,1,2,3,OVER
2018_19_20180825_WOL_MCI,2018_19,2018-08-25,,WOL,MCI,Wolverhampton Wanderers,Manchester City,1,1,2,UNDER
2018_19_20180826_FUL_BUR,2018_19,2018-08-26,,FUL,BUR,Fulham,Burnley,4,2,6,OVER
2018_19_20180826_NEW_CHE,2018_19,2018-08-26,,NEW,CHE,Newcastle United,Chelsea,1,2,3,OVER
2018_19_20180826_WAT_CRY,2018_19,2018-08-26,,WAT,CRY,Watford,Crystal Palace,2,1,3,OVER
2018_19_20180827_MUN_TOT,2018_19,2018-08-27,,MUN,TOT,Manchester United,Tottenham Hotspur,0,3,3,OVER
2018_19_20180901_BRI_FUL,2018_19,2018-09-01,,BRI,FUL,Brighton & Hove Albion,Fulham,2,2,4,OVER
2018_19_20180901_CHE_BOU,2018_19,2018-09-01,,CHE,BOU,Chelsea,AFC Bournemouth,2,0,2,UNDER
2018_19_20180901_CRY_SOU,2018_19,2018-09-01,,CRY,SOU,Crystal Palace,Southampton,0,2,2,UNDER
2018_19_20180901_EVE_HUD,2018_19,2018-09-01,,EVE,HUD,Everton,Huddersfield Town,1,1,2,UNDER
2018_19_20180901_LEI_LIV,2018_19,2018-09-01,,LEI,LIV,Leicester City,Liverpool,1,2,3,OVER
2018_19_20180901_MCI_NEW,2018_19,2018-09-01,,MCI,NEW,Manchester City,Newcastle United,2,1,3,OVER
2018_19_20180901_WHU_WOL,2018_19,2018-09-01,,WHU,WOL,West Ham United,Wolverhampton Wanderers,0,1,1,UNDER
2018_19_20180902_BUR_MUN,2018_19,2018-09-02,,BUR,MUN,Burnley,Manchester United,0,2,2,UNDER
2018_19_20180902_CAR_ARS,2018_19,2018-09-02,,CAR,ARS,Cardiff City,Arsenal,2,3,5,OVER
2018_19_20180902_WAT_TOT,2018_19,2018-09-02,,WAT,TOT,Watford,Tottenham Hotspur,2,1,3,OVER
2018_19_20180915_BOU_LEI,2018_19,2018-09-15,,BOU,LEI,AFC Bournemouth,Leicester City,4,2,6,OVER
2018_19_20180915_CHE_CAR,2018_19,2018-09-15,,CHE,CAR,Chelsea,Cardiff City,4,1,5,OVER
2018_19_20180915_HUD_CRY,2018_19,2018-09-15,,HUD,CRY,Huddersfield Town,Crystal Palace,0,1,1,UNDER
2018_19_20180915_MCI_FUL,2018_19,2018-09-15,,MCI,FUL,Manchester City,Fulham,3,0,3,OVER
2018_19_20180915_NEW_ARS,2018_19,2018-09-15,,NEW,ARS,Newcastle United,Arsenal,1,2,3,OVER
2018_19_20180915_TOT_LIV,2018_19,2018-09-15,,TOT,LIV,Tottenham Hotspur,Liverpool,1,2,3,OVER
2018_19_20180915_WAT_MUN,2018_19,2018-09-15,,WAT,MUN,Watford,Manchester United,1,2,3,OVER
2018_19_20180916_EVE_WHU,2018_19,2018-09-16,,EVE,WHU,Everton,West Ham United,1,3,4,OVER
2018_19_20180916_WOL_BUR,2018_19,2018-09-16,,WOL,BUR,Wolverhampton Wanderers,Burnley,1,0,1,UNDER
2018_19_20180917_SOU_BRI,2018_19,2018-09-17,,SOU,BRI,Southampton,Brighton & Hove Albion,2,2,4,OVER
2018_19_20180922_BRI_TOT,2018_19,2018-09-22,,BRI,TOT,Brighton & Hove Albion,Tottenham Hotspur,1,2,3,OVER
2018_19_20180922_BUR_BOU,2018_19,2018-09-22,,BUR,BOU,Burnley,AFC Bournemouth,4,0,4,OVER
2018_19_20180922_CAR_MCI,2018_19,2018-09-22,,CAR,MCI,Cardiff City,Manchester City,0,5,5,OVER
2018_19_20180922_CRY_NEW,2018_19,2018-09-22,,CRY,NEW,Crystal Palace,Newcastle United,0,0,0,UNDER
2018_19_20180922_FUL_WAT,2018_19,2018-09-22,,FUL,WAT,Fulham,Watford,1,1,2,UNDER
2018_19_20180922_LEI_HUD,2018_19,2018-09-22,,LEI,HUD,Leicester City,Huddersfield Town,3,1,4,OVER
2018_19_20180922_LIV_SOU,2018_19,2018-09-22,,LIV,SOU,Liverpool,Southampton,3,0,3,OVER
2018_19_20180922_MUN_WOL,2018_19,2018-09-22,,MUN,WOL,Manchester United,Wolverhampton Wanderers,1,1,2,UNDER
2018_19_20180923_ARS_EVE,2018_19,2018-09-23,,ARS,EVE,Arsenal,Everton,2,0,2,UNDER
2018_19_20180923_WHU_CHE,2018_19,2018-09-23,,WHU,CHE,West Ham United,Chelsea,0,0,0,UNDER
2018_19_20180929_ARS_WAT,2018_19,2018-09-29,,ARS,WAT,Arsenal,Watford,2,0,2,UNDER
2018_19_20180929_CHE_LIV,2018_19,2018-09-29,,CHE,LIV,Chelsea,Liverpool,1,1,2,UNDER
2018_19_20180929_EVE_FUL,2018_19,2018-09-29,,EVE,FUL,Everton,Fulham,3,0,3,OVER
2018_19_20180929_HUD_TOT,2018_19,2018-09-29,,HUD,TOT,Huddersfield Town,Tottenham Hotspur,0,2,2,UNDER
2018_19_20180929_MCI_BRI,2018_19,2018-09-29,,MCI,BRI,Manchester City,Brighton & Hove Albion,2,0,2,UNDER
2018_19_20180929_NEW_LEI,2018_19,2018-09-29,,NEW,LEI,Newcastle United,Leicester City,0,2,2,UNDER
2018_19_20180929_WHU_MUN,2018_19,2018-09-29,,WHU,MUN,West Ham United,Manchester United,3,1,4,OVER
2018_19_20180929_WOL_SOU,2018_19,2018-09-29,,WOL,SOU,Wolverhampton Wanderers,Southampton,2,0,2,UNDER
2018_19_20180930_CAR_BUR,2018_19,2018-09-30,,CAR,BUR,Cardiff City,Burnley,1,2,3,OVER
2018_19_20181001_BOU_CRY,2018_19,2018-10-01,,BOU,CRY,AFC Bournemouth,Crystal Palace,2,1,3,OVER
2018_19_20181005_BRI_WHU,2018_19,2018-10-05,,BRI,WHU,Brighton & Hove Albion,West Ham United,1,0,1,UNDER
2018_19_20181006_BUR_HUD,2018_19,2018-10-06,,BUR,HUD,Burnley,Huddersfield Town,1,1,2,UNDER
2018_19_20181006_CRY_WOL,2018_19,2018-10-06,,CRY,WOL,Crystal Palace,Wolverhampton Wanderers,0,1,1,UNDER
2018_19_20181006_LEI_EVE,2018_19,2018-10-06,,LEI,EVE,Leicester City,Everton,1,2,3,OVER
2018_19_20181006_MUN_NEW,2018_19,2018-10-06,,MUN,NEW,Manchester United,Newcastle United,3,2,5,OVER
2018_19_20181006_TOT_CAR,2018_19,2018-10-06,,TOT,CAR,Tottenham Hotspur,Cardiff City,1,0,1,UNDER
2018_19_20181006_WAT_BOU,2018_19,2018-10-06,,WAT,BOU,Watford,AFC Bournemouth,0,4,4,OVER
2018_19_20181007_FUL_ARS,2018_19,2018-10-07,,FUL,ARS,Fulham,Arsenal,1,5,6,OVER
2018_19_20181007_LIV_MCI,2018_19,2018-10-07,,LIV,MCI,Liverpool,Manchester City,0,0,0,UNDER
2018_19_20181007_SOU_CHE,2018_19,2018-10-07,,SOU,CHE,Southampton,Chelsea,0,3,3,OVER
2018_19_20181020_BOU_SOU,2018_19,2018-10-20,,BOU,SOU,AFC Bournemouth,Southampton,0,0,0,UNDER
2018_19_20181020_CAR_FUL,2018_19,2018-10-20,,CAR,FUL,Cardiff City,Fulham,4,2,6,OVER
2018_19_20181020_CHE_MUN,2018_19,2018-10-20,,CHE,MUN,Chelsea,Manchester United,2,2,4,OVER
2018_19_20181020_HUD_LIV,2018_19,2018-10-20,,HUD,LIV,Huddersfield Town,Liverpool,0,1,1,UNDER
2018_19_20181020_MCI_BUR,2018_19,2018-10-20,,MCI,BUR,Manchester City,Burnley,5,0,5,OVER
2018_19_20181020_NEW_BRI,2018_19,2018-10-20,,NEW,BRI,Newcastle United,Brighton & Hove Albion,0,1,1,UNDER
2018_19_20181020_WHU_TOT,2018_19,2018-10-20,,WHU,TOT,West Ham United,Tottenham Hotspur,0,1,1,UNDER
2018_19_20181020_WOL_WAT,2018_19,2018-10-20,,WOL,WAT,Wolverhampton Wanderers,Watford,0,2,2,UNDER
2018_19_20181021_EVE_CRY,2018_19,2018-10-21,,EVE,CRY,Everton,Crystal Palace,2,0,2,UNDER
2018_19_20181022_ARS_LEI,2018_19,2018-10-22,,ARS,LEI,Arsenal,Leicester City,3,1,4,OVER
2018_19_20181027_BRI_WOL,2018_19,2018-10-27,,BRI,WOL,Brighton & Hove Albion,Wolverhampton Wanderers,1,0,1,UNDER
2018_19_20181027_FUL_BOU,2018_19,2018-10-27,,FUL,BOU,Fulham,AFC Bournemouth,0,3,3,OVER
2018_19_20181027_LEI_WHU,2018_19,2018-10-27,,LEI,WHU,Leicester City,West Ham United,1,1,2,UNDER
2018_19_20181027_LIV_CAR,2018_19,2018-10-27,,LIV,CAR,Liverpool,Cardiff City,4,1,5,OVER
2018_19_20181027_SOU_NEW,2018_19,2018-10-27,,SOU,NEW,Southampton,Newcastle United,0,0,0,UNDER
2018_19_20181027_WAT_HUD,2018_19,2018-10-27,,WAT,HUD,Watford,Huddersfield Town,3,0,3,OVER
2018_19_20181028_BUR_CHE,2018_19,2018-10-28,,BUR,CHE,Burnley,Chelsea,0,4,4,OVER
2018_19_20181028_CRY_ARS,2018_19,2018-10-28,,CRY,ARS,Crystal Palace,Arsenal,2,2,4,OVER
2018_19_20181028_MUN_EVE,2018_19,2018-10-28,,MUN,EVE,Manchester United,Everton,2,1,3,OVER
2018_19_20181029_TOT_MCI,2018_19,2018-10-29,,TOT,MCI,Tottenham Hotspur,Manchester City,0,1,1,UNDER
2018_19_20181103_ARS_LIV,2018_19,2018-11-03,,ARS,LIV,Arsenal,Liverpool,1,1,2,UNDER
2018_19_20181103_BOU_MUN,2018_19,2018-11-03,,BOU,MUN,AFC Bournemouth,Manchester United,1,2,3,OVER
2018_19_20181103_CAR_LEI,2018_19,2018-11-03,,CAR,LEI,Cardiff City,Leicester City,0,1,1,UNDER
2018_19_20181103_EVE_BRI,2018_19,2018-11-03,,EVE,BRI,Everton,Brighton & Hove Albion,3,1,4,OVER
2018_19_20181103_NEW_WAT,2018_19,2018-11-03,,NEW,WAT,Newcastle United,Watford,1,0,1,UNDER
2018_19_20181103_WHU_BUR,2018_19,2018-11-03,,WHU,BUR,West Ham United,Burnley,4,2,6,OVER
2018_19_20181103_WOL_TOT,2018_19,2018-11-03,,WOL,TOT,Wolverhampton Wanderers,Tottenham Hotspur,2,3,5,OVER
2018_19_20181104_CHE_CRY,2018_19,2018-11-04,,CHE,CRY,Chelsea,Crystal Palace,3,1,4,OVER
2018_19_20181104_MCI_SOU,2018_19,2018-11-04,,MCI,SOU,Manchester City,Southampton,6,1,7,OVER
2018_19_20181105_HUD_FUL,2018_19,2018-11-05,,HUD,FUL,Huddersfield Town,Fulham,1,0,1,UNDER
2018_19_20181110_CAR_BRI,2018_19,2018-11-10,,CAR,BRI,Cardiff City,Brighton & Hove Albion,2,1,3,OVER
2018_19_20181110_CRY_TOT,2018_19,2018-11-10,,CRY,TOT,Crystal Palace,Tottenham Hotspur,0,1,1,UNDER
2018_19_20181110_HUD_WHU,2018_19,2018-11-10,,HUD,WHU,Huddersfield Town,West Ham United,1,1,2,UNDER
2018_19_20181110_LEI_BUR,2018_19,2018-11-10,,LEI,BUR,Leicester City,Burnley,0,0,0,UNDER
2018_19_20181110_NEW_BOU,2018_19,2018-11-10,,NEW,BOU,Newcastle United,AFC Bournemouth,2,1,3,OVER
2018_19_20181110_SOU_WAT,2018_19,2018-11-10,,SOU,WAT,Southampton,Watford,1,1,2,UNDER
2018_19_20181111_ARS_WOL,2018_19,2018-11-11,,ARS,WOL,Arsenal,Wolverhampton Wanderers,1,1,2,UNDER
2018_19_20181111_CHE_EVE,2018_19,2018-11-11,,CHE,EVE,Chelsea,Everton,0,0,0,UNDER
2018_19_20181111_LIV_FUL,2018_19,2018-11-11,,LIV,FUL,Liverpool,Fulham,2,0,2,UNDER
2018_19_20181111_MCI_MUN,2018_19,2018-11-11,,MCI,MUN,Manchester City,Manchester United,3,1,4,OVER
2018_19_20181124_BRI_LEI,2018_19,2018-11-24,,BRI,LEI,Brighton & Hove Albion,Leicester City,1,1,2,UNDER
2018_19_20181124_EVE_CAR,2018_19,2018-11-24,,EVE,CAR,Everton,Cardiff City,1,0,1,UNDER
2018_19_20181124_FUL_SOU,2018_19,2018-11-24,,FUL,SOU,Fulham,Southampton,3,2,5,OVER
2018_19_20181124_MUN_CRY,2018_19,2018-11-24,,MUN,CRY,Manchester United,Crystal Palace,0,0,0,UNDER
2018_19_20181124_TOT_CHE,2018_19,2018-11-24,,TOT,CHE,Tottenham Hotspur,Chelsea,3,1,4,OVER
2018_19_20181124_WAT_LIV,2018_19,2018-11-24,,WAT,LIV,Watford,Liverpool,0,3,3,OVER
2018_19_20181124_WHU_MCI,2018_19,2018-11-24,,WHU,MCI,West Ham United,Manchester City,0,4,4,OVER
2018_19_20181125_BOU_ARS,2018_19,2018-11-25,,BOU,ARS,AFC Bournemouth,Arsenal,1,2,3,OVER
2018_19_20181125_WOL_HUD,2018_19,2018-11-25,,WOL,HUD,Wolverhampton Wanderers,Huddersfield Town,0,2,2,UNDER
2018_19_20181126_BUR_NEW,2018_19,2018-11-26,,BUR,NEW,Burnley,Newcastle United,1,2,3,OVER
2018_19_20181130_CAR_WOL,2018_19,2018-11-30,,CAR,WOL,Cardiff City,Wolverhampton Wanderers,2,1,3,OVER
2018_19_20181201_CRY_BUR,2018_19,2018-12-01,,CRY,BUR,Crystal Palace,Burnley,2,0,2,UNDER
2018_19_20181201_HUD_BRI,2018_19,2018-12-01,,HUD,BRI,Huddersfield Town,Brighton & Hove Albion,1,2,3,OVER
2018_19_20181201_LEI_WAT,2018_19,2018-12-01,,LEI,WAT,Leicester City,Watford,2,0,2,UNDER
2018_19_20181201_MCI_BOU,2018_19,2018-12-01,,MCI,BOU,Manchester City,AFC Bournemouth,3,1,4,OVER
2018_19_20181201_NEW_WHU,2018_19,2018-12-01,,NEW,WHU,Newcastle United,West Ham United,0,3,3,OVER
2018_19_20181201_SOU_MUN,2018_19,2018-12-01,,SOU,MUN,Southampton,Manchester United,2,2,4,OVER
2018_19_20181202_ARS_TOT,2018_19,2018-12-02,,ARS,TOT,Arsenal,Tottenham Hotspur,4,2,6,OVER
2018_19_20181202_CHE_FUL,2018_19,2018-12-02,,CHE,FUL,Chelsea,Fulham,2,0,2,UNDER
2018_19_20181202_LIV_EVE,2018_19,2018-12-02,,LIV,EVE,Liverpool,Everton,1,0,1,UNDER
2018_19_20181204_BOU_HUD,2018_19,2018-12-04,,BOU,HUD,AFC Bournemouth,Huddersfield Town,2,1,3,OVER
2018_19_20181204_BRI_CRY,2018_19,2018-12-04,,BRI,CRY,Brighton & Hove Albion,Crystal Palace,3,1,4,OVER
2018_19_20181204_WAT_MCI,2018_19,2018-12-04,,WAT,MCI,Watford,Manchester City,1,2,3,OVER
2018_19_20181204_WHU_CAR,2018_19,2018-12-04,,WHU,CAR,West Ham United,Cardiff City,3,1,4,OVER
2018_19_20181205_BUR_LIV,2018_19,2018-12-05,,BUR,LIV,Burnley,Liverpool,1,3,4,OVER
2018_19_20181205_EVE_NEW,2018_19,2018-12-05,,EVE,NEW,Everton,Newcastle United,1,1,2,UNDER
2018_19_20181205_FUL_LEI,2018_19,2018-12-05,,FUL,LEI,Fulham,Leicester City,1,1,2,UNDER
2018_19_20181205_MUN_ARS,2018_19,2018-12-05,,MUN,ARS,Manchester United,Arsenal,2,2,4,OVER
2018_19_20181205_TOT_SOU,2018_19,2018-12-05,,TOT,SOU,Tottenham Hotspur,Southampton,3,1,4,OVER
2018_19_20181205_WOL_CHE,2018_19,2018-12-05,,WOL,CHE,Wolverhampton Wanderers,Chelsea,2,1,3,OVER
2018_19_20181208_ARS_HUD,2018_19,2018-12-08,,ARS,HUD,Arsenal,Huddersfield Town,1,0,1,UNDER
2018_19_20181208_BOU_LIV,2018_19,2018-12-08,,BOU,LIV,AFC Bournemouth,Liverpool,0,4,4,OVER
2018_19_20181208_BUR_BRI,2018_19,2018-12-08,,BUR,BRI,Burnley,Brighton & Hove Albion,1,0,1,UNDER
2018_19_20181208_CAR_SOU,2018_19,2018-12-08,,CAR,SOU,Cardiff City,Southampton,1,0,1,UNDER
2018_19_20181208_CHE_MCI,2018_19,2018-12-08,,CHE,MCI,Chelsea,Manchester City,2,0,2,UNDER
2018_19_20181208_LEI_TOT,2018_19,2018-12-08,,LEI,TOT,Leicester City,Tottenham Hotspur,0,2,2,UNDER
2018_19_20181208_MUN_FUL,2018_19,2018-12-08,,MUN,FUL,Manchester United,Fulham,4,1,5,OVER
2018_19_20181208_WHU_CRY,2018_19,2018-12-08,,WHU,CRY,West Ham United,Crystal Palace,3,2,5,OVER
2018_19_20181209_NEW_WOL,2018_19,2018-12-09,,NEW,WOL,Newcastle United,Wolverhampton Wanderers,1,2,3,OVER
2018_19_20181210_EVE_WAT,2018_19,2018-12-10,,EVE,WAT,Everton,Watford,2,2,4,OVER
2018_19_20181215_CRY_LEI,2018_19,2018-12-15,,CRY,LEI,Crystal Palace,Leicester City,1,0,1,UNDER
2018_19_20181215_FUL_WHU,2018_19,2018-12-15,,FUL,WHU,Fulham,West Ham United,0,2,2,UNDER
2018_19_20181215_HUD_NEW,2018_19,2018-12-15,,HUD,NEW,Huddersfield Town,Newcastle United,0,1,1,UNDER
2018_19_20181215_MCI_EVE,2018_19,2018-12-15,,MCI,EVE,Manchester City,Everton,3,1,4,OVER
2018_19_20181215_TOT_BUR,2018_19,2018-12-15,,TOT,BUR,Tottenham Hotspur,Burnley,1,0,1,UNDER
2018_19_20181215_WAT_CAR,2018_19,2018-12-15,,WAT,CAR,Watford,Cardiff City,3,2,5,OVER
2018_19_20181215_WOL_BOU,2018_19,2018-12-15,,WOL,BOU,Wolverhampton Wanderers,AFC Bournemouth,2,0,2,UNDER
2018_19_20181216_BRI_CHE,2018_19,2018-12-16,,BRI,CHE,Brighton & Hove Albion,Chelsea,1,2,3,OVER
2018_19_20181216_LIV_MUN,2018_19,2018-12-16,,LIV,MUN,Liverpool,Manchester United,3,1,4,OVER
2018_19_20181216_SOU_ARS,2018_19,2018-12-16,,SOU,ARS,Southampton,Arsenal,3,2,5,OVER
2018_19_20181221_WOL_LIV,2018_19,2018-12-21,,WOL,LIV,Wolverhampton Wanderers,Liverpool,0,2,2,UNDER
2018_19_20181222_ARS_BUR,2018_19,2018-12-22,,ARS,BUR,Arsenal,Burnley,3,1,4,OVER
2018_19_20181222_BOU_BRI,2018_19,2018-12-22,,BOU,BRI,AFC Bournemouth,Brighton & Hove Albion,2,0,2,UNDER
2018_19_20181222_CAR_MUN,2018_19,2018-12-22,,CAR,MUN,Cardiff City,Manchester United,1,5,6,OVER
2018_19_20181222_CHE_LEI,2018_19,2018-12-22,,CHE,LEI,Chelsea,Leicester City,0,1,1,UNDER
2018_19_20181222_HUD_SOU,2018_19,2018-12-22,,HUD,SOU,Huddersfield Town,Southampton,1,3,4,OVER
2018_19_20181222_MCI_CRY,2018_19,2018-12-22,,MCI,CRY,Manchester City,Crystal Palace,2,3,5,OVER
2018_19_20181222_NEW_FUL,2018_19,2018-12-22,,NEW,FUL,Newcastle United,Fulham,0,0,0,UNDER
2018_19_20181222_WHU_WAT,2018_19,2018-12-22,,WHU,WAT,West Ham United,Watford,0,2,2,UNDER
2018_19_20181223_EVE_TOT,2018_19,2018-12-23,,EVE,TOT,Everton,Tottenham Hotspur,2,6,8,OVER
2018_19_20181226_BRI_ARS,2018_19,2018-12-26,,BRI,ARS,Brighton & Hove Albion,Arsenal,1,1,2,UNDER
2018_19_20181226_BUR_EVE,2018_19,2018-12-26,,BUR,EVE,Burnley,Everton,1,5,6,OVER
2018_19_20181226_CRY_CAR,2018_19,2018-12-26,,CRY,CAR,Crystal Palace,Cardiff City,0,0,0,UNDER
2018_19_20181226_FUL_WOL,2018_19,2018-12-26,,FUL,WOL,Fulham,Wolverhampton Wanderers,1,1,2,UNDER
2018_19_20181226_LEI_MCI,2018_19,2018-12-26,,LEI,MCI,Leicester City,Manchester City,2,1,3,OVER
2018_19_20181226_LIV_NEW,2018_19,2018-12-26,,LIV,NEW,Liverpool,Newcastle United,4,0,4,OVER
2018_19_20181226_MUN_HUD,2018_19,2018-12-26,,MUN,HUD,Manchester United,Huddersfield Town,3,1,4,OVER
2018_19_20181226_TOT_BOU,2018_19,2018-12-26,,TOT,BOU,Tottenham Hotspur,AFC Bournemouth,5,0,5,OVER
2018_19_20181226_WAT_CHE,2018_19,2018-12-26,,WAT,CHE,Watford,Chelsea,1,2,3,OVER
2018_19_20181227_SOU_WHU,2018_19,2018-12-27,,SOU,WHU,Southampton,West Ham United,1,2,3,OVER
2018_19_20181229_BRI_EVE,2018_19,2018-12-29,,BRI,EVE,Brighton & Hove Albion,Everton,1,0,1,UNDER
2018_19_20181229_FUL_HUD,2018_19,2018-12-29,,FUL,HUD,Fulham,Huddersfield Town,1,0,1,UNDER
2018_19_20181229_LEI_CAR,2018_19,2018-12-29,,LEI,CAR,Leicester City,Cardiff City,0,1,1,UNDER
2018_19_20181229_LIV_ARS,2018_19,2018-12-29,,LIV,ARS,Liverpool,Arsenal,5,1,6,OVER
2018_19_20181229_TOT_WOL,2018_19,2018-12-29,,TOT,WOL,Tottenham Hotspur,Wolverhampton Wanderers,1,3,4,OVER
2018_19_20181229_WAT_NEW,2018_19,2018-12-29,,WAT,NEW,Watford,Newcastle United,1,1,2,UNDER
2018_19_20181230_BUR_WHU,2018_19,2018-12-30,,BUR,WHU,Burnley,West Ham United,2,0,2,UNDER
2018_19_20181230_CRY_CHE,2018_19,2018-12-30,,CRY,CHE,Crystal Palace,Chelsea,0,1,1,UNDER
2018_19_20181230_MUN_BOU,2018_19,2018-12-30,,MUN,BOU,Manchester United,AFC Bournemouth,4,1,5,OVER
2018_19_20181230_SOU_MCI,2018_19,2018-12-30,,SOU,MCI,Southampton,Manchester City,1,3,4,OVER
2018_19_20190101_ARS_FUL,2018_19,2019-01-01,,ARS,FUL,Arsenal,Fulham,4,1,5,OVER
2018_19_20190101_CAR_TOT,2018_19,2019-01-01,,CAR,TOT,Cardiff City,Tottenham Hotspur,0,3,3,OVER
2018_19_20190101_EVE_LEI,2018_19,2019-01-01,,EVE,LEI,Everton,Leicester City,0,1,1,UNDER
2018_19_20190102_BOU_WAT,2018_19,2019-01-02,,BOU,WAT,AFC Bournemouth,Watford,3,3,6,OVER
2018_19_20190102_CHE_SOU,2018_19,2019-01-02,,CHE,SOU,Chelsea,Southampton,0,0,0,UNDER
2018_19_20190102_HUD_BUR,2018_19,2019-01-02,,HUD,BUR,Huddersfield Town,Burnley,1,2,3,OVER
2018_19_20190102_NEW_MUN,2018_19,2019-01-02,,NEW,MUN,Newcastle United,Manchester United,0,2,2,UNDER
2018_19_20190102_WHU_BRI,2018_19,2019-01-02,,WHU,BRI,West Ham United,Brighton & Hove Albion,2,2,4,OVER
2018_19_20190102_WOL_CRY,2018_19,2019-01-02,,WOL,CRY,Wolverhampton Wanderers,Crystal Palace,0,2,2,UNDER
2018_19_20190103_MCI_LIV,2018_19,2019-01-03,,MCI,LIV,Manchester City,Liverpool,2,1,3,OVER
2018_19_20190112_BRI_LIV,2018_19,2019-01-12,,BRI,LIV,Brighton & Hove Albion,Liverpool,0,1,1,UNDER
2018_19_20190112_BUR_FUL,2018_19,2019-01-12,,BUR,FUL,Burnley,Fulham,2,1,3,OVER
2018_19_20190112_CAR_HUD,2018_19,2019-01-12,,CAR,HUD,Cardiff City,Huddersfield Town,0,0,0,UNDER
2018_19_20190112_CHE_NEW,2018_19,2019-01-12,,CHE,NEW,Chelsea,Newcastle United,2,1,3,OVER
2018_19_20190112_CRY_WAT,2018_19,2019-01-12,,CRY,WAT,Crystal Palace,Watford,1,2,3,OVER
2018_19_20190112_LEI_SOU,2018_19,2019-01-12,,LEI,SOU,Leicester City,Southampton,1,2,3,OVER
2018_19_20190112_WHU_ARS,2018_19,2019-01-12,,WHU,ARS,West Ham United,Arsenal,1,0,1,UNDER
2018_19_20190113_EVE_BOU,2018_19,2019-01-13,,EVE,BOU,Everton,AFC Bournemouth,2,0,2,UNDER
2018_19_20190113_TOT_MUN,2018_19,2019-01-13,,TOT,MUN,Tottenham Hotspur,Manchester United,0,1,1,UNDER
2018_19_20190114_MCI_WOL,2018_19,2019-01-14,,MCI,WOL,Manchester City,Wolverhampton Wanderers,3,0,3,OVER
2018_19_20190119_ARS_CHE,2018_19,2019-01-19,,ARS,CHE,Arsenal,Chelsea,2,0,2,UNDER
2018_19_20190119_BOU_WHU,2018_19,2019-01-19,,BOU,WHU,AFC Bournemouth,West Ham United,2,0,2,UNDER
2018_19_20190119_LIV_CRY,2018_19,2019-01-19,,LIV,CRY,Liverpool,Crystal Palace,4,3,7,OVER
2018_19_20190119_MUN_BRI,2018_19,2019-01-19,,MUN,BRI,Manchester United,Brighton & Hove Albion,2,1,3,OVER
2018_19_20190119_NEW_CAR,2018_19,2019-01-19,,NEW,CAR,Newcastle United,Cardiff City,3,0,3,OVER
2018_19_20190119_SOU_EVE,2018_19,2019-01-19,,SOU,EVE,Southampton,Everton,2,1,3,OVER
2018_19_20190119_WAT_BUR,2018_19,2019-01-19,,WAT,BUR,Watford,Burnley,0,0,0,UNDER
2018_19_20190119_WOL_LEI,2018_19,2019-01-19,,WOL,LEI,Wolverhampton Wanderers,Leicester City,4,3,7,OVER
2018_19_20190120_FUL_TOT,2018_19,2019-01-20,,FUL,TOT,Fulham,Tottenham Hotspur,1,2,3,OVER
2018_19_20190120_HUD_MCI,2018_19,2019-01-20,,HUD,MCI,Huddersfield Town,Manchester City,0,3,3,OVER
2018_19_20190129_ARS_CAR,2018_19,2019-01-29,,ARS,CAR,Arsenal,Cardiff City,2,1,3,OVER
2018_19_20190129_FUL_BRI,2018_19,2019-01-29,,FUL,BRI,Fulham,Brighton & Hove Albion,4,2,6,OVER
2018_19_20190129_HUD_EVE,2018_19,2019-01-29,,HUD,EVE,Huddersfield Town,Everton,0,1,1,UNDER
2018_19_20190129_MUN_BUR,2018_19,2019-01-29,,MUN,BUR,Manchester United,Burnley,2,2,4,OVER
2018_19_20190129_NEW_MCI,2018_19,2019-01-29,,NEW,MCI,Newcastle United,Manchester City,2,1,3,OVER
2018_19_20190129_WOL_WHU,2018_19,2019-01-29,,WOL,WHU,Wolverhampton Wanderers,West Ham United,3,0,3,OVER
2018_19_20190130_BOU_CHE,2018_19,2019-01-30,,BOU,CHE,AFC Bournemouth,Chelsea,4,0,4,OVER
2018_19_20190130_LIV_LEI,2018_19,2019-01-30,,LIV,LEI,Liverpool,Leicester City,1,1,2,UNDER
2018_19_20190130_SOU_CRY,2018_19,2019-01-30,,SOU,CRY,Southampton,Crystal Palace,1,1,2,UNDER
2018_19_20190130_TOT_WAT,2018_19,2019-01-30,,TOT,WAT,Tottenham Hotspur,Watford,2,1,3,OVER
2018_19_20190202_BRI_WAT,2018_19,2019-02-02,,BRI,WAT,Brighton & Hove Albion,Watford,0,0,0,UNDER
2018_19_20190202_BUR_SOU,2018_19,2019-02-02,,BUR,SOU,Burnley,Southampton,1,1,2,UNDER
2018_19_20190202_CAR_BOU,2018_19,2019-02-02,,CAR,BOU,Cardiff City,AFC Bournemouth,2,0,2,UNDER
2018_19_20190202_CHE_HUD,2018_19,2019-02-02,,CHE,HUD,Chelsea,Huddersfield Town,5,0,5,OVER
2018_19_20190202_CRY_FUL,2018_19,2019-02-02,,CRY,FUL,Crystal Palace,Fulham,2,0,2,UNDER
2018_19_20190202_EVE_WOL,2018_19,2019-02-02,,EVE,WOL,Everton,Wolverhampton Wanderers,1,3,4,OVER
2018_19_20190202_TOT_NEW,2018_19,2019-02-02,,TOT,NEW,Tottenham Hotspur,Newcastle United,1,0,1,UNDER
2018_19_20190203_LEI_MUN,2018_19,2019-02-03,,LEI,MUN,Leicester City,Manchester United,0,1,1,UNDER
2018_19_20190203_MCI_ARS,2018_19,2019-02-03,,MCI,ARS,Manchester City,Arsenal,3,1,4,OVER
2018_19_20190204_WHU_LIV,2018_19,2019-02-04,,WHU,LIV,West Ham United,Liverpool,1,1,2,UNDER
2018_19_20190206_EVE_MCI,2018_19,2019-02-06,,EVE,MCI,Everton,Manchester City,0,2,2,UNDER
2018_19_20190209_BRI_BUR,2018_19,2019-02-09,,BRI,BUR,Brighton & Hove Albion,Burnley,1,3,4,OVER
2018_19_20190209_CRY_WHU,2018_19,2019-02-09,,CRY,WHU,Crystal Palace,West Ham United,1,1,2,UNDER
2018_19_20190209_FUL_MUN,2018_19,2019-02-09,,FUL,MUN,Fulham,Manchester United,0,3,3,OVER
2018_19_20190209_HUD_ARS,2018_19,2019-02-09,,HUD,ARS,Huddersfield Town,Arsenal,1,2,3,OVER
2018_19_20190209_LIV_BOU,2018_19,2019-02-09,,LIV,BOU,Liverpool,AFC Bournemouth,3,0,3,OVER
2018_19_20190209_SOU_CAR,2018_19,2019-02-09,,SOU,CAR,Southampton,Cardiff City,1,2,3,OVER
2018_19_20190209_WAT_EVE,2018_19,2019-02-09,,WAT,EVE,Watford,Everton,1,0,1,UNDER
2018_19_20190210_MCI_CHE,2018_19,2019-02-10,,MCI,CHE,Manchester City,Chelsea,6,0,6,OVER
2018_19_20190210_TOT_LEI,2018_19,2019-02-10,,TOT,LEI,Tottenham Hotspur,Leicester City,3,1,4,OVER
2018_19_20190211_WOL_NEW,2018_19,2019-02-11,,WOL,NEW,Wolverhampton Wanderers,Newcastle United,1,1,2,UNDER
2018_19_20190222_CAR_WAT,2018_19,2019-02-22,,CAR,WAT,Cardiff City,Watford,1,5,6,OVER
2018_19_20190222_WHU_FUL,2018_19,2019-02-22,,WHU,FUL,West Ham United,Fulham,3,1,4,OVER
2018_19_20190223_BOU_WOL,2018_19,2019-02-23,,BOU,WOL,AFC Bournemouth,Wolverhampton Wanderers,1,1,2,UNDER
2018_19_20190223_BUR_TOT,2018_19,2019-02-23,,BUR,TOT,Burnley,Tottenham Hotspur,2,1,3,OVER
2018_19_20190223_LEI_CRY,2018_19,2019-02-23,,LEI,CRY,Leicester City,Crystal Palace,1,4,5,OVER
2018_19_20190223_NEW_HUD,2018_19,2019-02-23,,NEW,HUD,Newcastle United,Huddersfield Town,2,0,2,UNDER
2018_19_20190224_ARS_SOU,2018_19,2019-02-24,,ARS,SOU,Arsenal,Southampton,2,0,2,UNDER
2018_19_20190224_MUN_LIV,2018_19,2019-02-24,,MUN,LIV,Manchester United,Liverpool,0,0,0,UNDER
2018_19_20190226_CAR_EVE,2018_19,2019-02-26,,CAR,EVE,Cardiff City,Everton,0,3,3,OVER
2018_19_20190226_HUD_WOL,2018_19,2019-02-26,,HUD,WOL,Huddersfield Town,Wolverhampton Wanderers,1,0,1,UNDER
2018_19_20190226_LEI_BRI,2018_19,2019-02-26,,LEI,BRI,Leicester City,Brighton & Hove Albion,2,1,3,OVER
2018_19_20190226_NEW_BUR,2018_19,2019-02-26,,NEW,BUR,Newcastle United,Burnley,2,0,2,UNDER
2018_19_20190227_ARS_BOU,2018_19,2019-02-27,,ARS,BOU,Arsenal,AFC Bournemouth,5,1,6,OVER
2018_19_20190227_CHE_TOT,2018_19,2019-02-27,,CHE,TOT,Chelsea,Tottenham Hotspur,2,0,2,UNDER
2018_19_20190227_CRY_MUN,2018_19,2019-02-27,,CRY,MUN,Crystal Palace,Manchester United,1,3,4,OVER
2018_19_20190227_LIV_WAT,2018_19,2019-02-27,,LIV,WAT,Liverpool,Watford,5,0,5,OVER
2018_19_20190227_MCI_WHU,2018_19,2019-02-27,,MCI,WHU,Manchester City,West Ham United,1,0,1,UNDER
2018_19_20190227_SOU_FUL,2018_19,2019-02-27,,SOU,FUL,Southampton,Fulham,2,0,2,UNDER
2018_19_20190302_BOU_MCI,2018_19,2019-03-02,,BOU,MCI,AFC Bournemouth,Manchester City,0,1,1,UNDER
2018_19_20190302_BRI_HUD,2018_19,2019-03-02,,BRI,HUD,Brighton & Hove Albion,Huddersfield Town,1,0,1,UNDER
2018_19_20190302_BUR_CRY,2018_19,2019-03-02,,BUR,CRY,Burnley,Crystal Palace,1,3,4,OVER
2018_19_20190302_MUN_SOU,2018_19,2019-03-02,,MUN,SOU,Manchester United,Southampton,3,2,5,OVER
2018_19_20190302_TOT_ARS,2018_19,2019-03-02,,TOT,ARS,Tottenham Hotspur,Arsenal,1,1,2,UNDER
2018_19_20190302_WHU_NEW,2018_19,2019-03-02,,WHU,NEW,West Ham United,Newcastle United,2,0,2,UNDER
2018_19_20190302_WOL_CAR,2018_19,2019-03-02,,WOL,CAR,Wolverhampton Wanderers,Cardiff City,2,0,2,UNDER
2018_19_20190303_EVE_LIV,2018_19,2019-03-03,,EVE,LIV,Everton,Liverpool,0,0,0,UNDER
2018_19_20190303_FUL_CHE,2018_19,2019-03-03,,FUL,CHE,Fulham,Chelsea,1,2,3,OVER
2018_19_20190303_WAT_LEI,2018_19,2019-03-03,,WAT,LEI,Watford,Leicester City,2,1,3,OVER
2018_19_20190309_CAR_WHU,2018_19,2019-03-09,,CAR,WHU,Cardiff City,West Ham United,2,0,2,UNDER
2018_19_20190309_CRY_BRI,2018_19,2019-03-09,,CRY,BRI,Crystal Palace,Brighton & Hove Albion,1,2,3,OVER
2018_19_20190309_HUD_BOU,2018_19,2019-03-09,,HUD,BOU,Huddersfield Town,AFC Bournemouth,0,2,2,UNDER
2018_19_20190309_LEI_FUL,2018_19,2019-03-09,,LEI,FUL,Leicester City,Fulham,3,1,4,OVER
2018_19_20190309_MCI_WAT,2018_19,2019-03-09,,MCI,WAT,Manchester City,Watford,3,1,4,OVER
2018_19_20190309_NEW_EVE,2018_19,2019-03-09,,NEW,EVE,Newcastle United,Everton,3,2,5,OVER
2018_19_20190309_SOU_TOT,2018_19,2019-03-09,,SOU,TOT,Southampton,Tottenham Hotspur,2,1,3,OVER
2018_19_20190310_ARS_MUN,2018_19,2019-03-10,,ARS,MUN,Arsenal,Manchester United,2,0,2,UNDER
2018_19_20190310_CHE_WOL,2018_19,2019-03-10,,CHE,WOL,Chelsea,Wolverhampton Wanderers,1,1,2,UNDER
2018_19_20190310_LIV_BUR,2018_19,2019-03-10,,LIV,BUR,Liverpool,Burnley,4,2,6,OVER
2018_19_20190316_BOU_NEW,2018_19,2019-03-16,,BOU,NEW,AFC Bournemouth,Newcastle United,2,2,4,OVER
2018_19_20190316_BUR_LEI,2018_19,2019-03-16,,BUR,LEI,Burnley,Leicester City,1,2,3,OVER
2018_19_20190316_WHU_HUD,2018_19,2019-03-16,,WHU,HUD,West Ham United,Huddersfield Town,4,3,7,OVER
2018_19_20190317_EVE_CHE,2018_19,2019-03-17,,EVE,CHE,Everton,Chelsea,2,0,2,UNDER
2018_19_20190317_FUL_LIV,2018_19,2019-03-17,,FUL,LIV,Fulham,Liverpool,1,2,3,OVER
2018_19_20190330_BRI_SOU,2018_19,2019-03-30,,BRI,SOU,Brighton & Hove Albion,Southampton,0,1,1,UNDER
2018_19_20190330_BUR_WOL,2018_19,2019-03-30,,BUR,WOL,Burnley,Wolverhampton Wanderers,2,0,2,UNDER
2018_19_20190330_CRY_HUD,2018_19,2019-03-30,,CRY,HUD,Crystal Palace,Huddersfield Town,2,0,2,UNDER
2018_19_20190330_FUL_MCI,2018_19,2019-03-30,,FUL,MCI,Fulham,Manchester City,0,2,2,UNDER
2018_19_20190330_LEI_BOU,2018_19,2019-03-30,,LEI,BOU,Leicester City,AFC Bournemouth,2,0,2,UNDER
2018_19_20190330_MUN_WAT,2018_19,2019-03-30,,MUN,WAT,Manchester United,Watford,2,1,3,OVER
2018_19_20190330_WHU_EVE,2018_19,2019-03-30,,WHU,EVE,West Ham United,Everton,0,2,2,UNDER
2018_19_20190331_CAR_CHE,2018_19,2019-03-31,,CAR,CHE,Cardiff City,Chelsea,1,2,3,OVER
2018_19_20190331_LIV_TOT,2018_19,2019-03-31,,LIV,TOT,Liverpool,Tottenham Hotspur,2,1,3,OVER
2018_19_20190401_ARS_NEW,2018_19,2019-04-01,,ARS,NEW,Arsenal,Newcastle United,2,0,2,UNDER
2018_19_20190402_WAT_FUL,2018_19,2019-04-02,,WAT,FUL,Watford,Fulham,4,1,5,OVER
2018_19_20190402_WOL_MUN,2018_19,2019-04-02,,WOL,MUN,Wolverhampton Wanderers,Manchester United,2,1,3,OVER
2018_19_20190403_CHE_BRI,2018_19,2019-04-03,,CHE,BRI,Chelsea,Brighton & Hove Albion,3,0,3,OVER
2018_19_20190403_MCI_CAR,2018_19,2019-04-03,,MCI,CAR,Manchester City,Cardiff City,2,0,2,UNDER
2018_19_20190403_TOT_CRY,2018_19,2019-04-03,,TOT,CRY,Tottenham Hotspur,Crystal Palace,2,0,2,UNDER
2018_19_20190405_SOU_LIV,2018_19,2019-04-05,,SOU,LIV,Southampton,Liverpool,1,3,4,OVER
2018_19_20190406_BOU_BUR,2018_19,2019-04-06,,BOU,BUR,AFC Bournemouth,Burnley,1,3,4,OVER
2018_19_20190406_HUD_LEI,2018_19,2019-04-06,,HUD,LEI,Huddersfield Town,Leicester City,1,4,5,OVER
2018_19_20190406_NEW_CRY,2018_19,2019-04-06,,NEW,CRY,Newcastle United,Crystal Palace,0,1,1,UNDER
2018_19_20190407_EVE_ARS,2018_19,2019-04-07,,EVE,ARS,Everton,Arsenal,1,0,1,UNDER
2018_19_20190408_CHE_WHU,2018_19,2019-04-08,,CHE,WHU,Chelsea,West Ham United,2,0,2,UNDER
2018_19_20190412_LEI_NEW,2018_19,2019-04-12,,LEI,NEW,Leicester City,Newcastle United,0,1,1,UNDER
2018_19_20190413_BRI_BOU,2018_19,2019-04-13,,BRI,BOU,Brighton & Hove Albion,AFC Bournemouth,0,5,5,OVER
2018_19_20190413_BUR_CAR,2018_19,2019-04-13,,BUR,CAR,Burnley,Cardiff City,2,0,2,UNDER
2018_19_20190413_FUL_EVE,2018_19,2019-04-13,,FUL,EVE,Fulham,Everton,2,0,2,UNDER
2018_19_20190413_MUN_WHU,2018_19,2019-04-13,,MUN,WHU,Manchester United,West Ham United,2,1,3,OVER
2018_19_20190413_SOU_WOL,2018_19,2019-04-13,,SOU,WOL,Southampton,Wolverhampton Wanderers,3,1,4,OVER
2018_19_20190413_TOT_HUD,2018_19,2019-04-13,,TOT,HUD,Tottenham Hotspur,Huddersfield Town,4,0,4,OVER
2018_19_20190414_CRY_MCI,2018_19,2019-04-14,,CRY,MCI,Crystal Palace,Manchester City,1,3,4,OVER
2018_19_20190414_LIV_CHE,2018_19,2019-04-14,,LIV,CHE,Liverpool,Chelsea,2,0,2,UNDER
2018_19_20190415_WAT_ARS,2018_19,2019-04-15,,WAT,ARS,Watford,Arsenal,0,1,1,UNDER
2018_19_20190416_BRI_CAR,2018_19,2019-04-16,,BRI,CAR,Brighton & Hove Albion,Cardiff City,0,2,2,UNDER
2018_19_20190420_BOU_FUL,2018_19,2019-04-20,,BOU,FUL,AFC Bournemouth,Fulham,0,1,1,UNDER
2018_19_20190420_HUD_WAT,2018_19,2019-04-20,,HUD,WAT,Huddersfield Town,Watford,1,2,3,OVER
2018_19_20190420_MCI_TOT,2018_19,2019-04-20,,MCI,TOT,Manchester City,Tottenham Hotspur,1,0,1,UNDER
2018_19_20190420_NEW_SOU,2018_19,2019-04-20,,NEW,SOU,Newcastle United,Southampton,3,1,4,OVER
2018_19_20190420_WHU_LEI,2018_19,2019-04-20,,WHU,LEI,West Ham United,Leicester City,2,2,4,OVER
2018_19_20190420_WOL_BRI,2018_19,2019-04-20,,WOL,BRI,Wolverhampton Wanderers,Brighton & Hove Albion,0,0,0,UNDER
2018_19_20190421_ARS_CRY,2018_19,2019-04-21,,ARS,CRY,Arsenal,Crystal Palace,2,3,5,OVER
2018_19_20190421_CAR_LIV,2018_19,2019-04-21,,CAR,LIV,Cardiff City,Liverpool,0,2,2,UNDER
2018_19_20190421_EVE_MUN,2018_19,2019-04-21,,EVE,MUN,Everton,Manchester United,4,0,4,OVER
2018_19_20190422_CHE_BUR,2018_19,2019-04-22,,CHE,BUR,Chelsea,Burnley,2,2,4,OVER
2018_19_20190423_TOT_BRI,2018_19,2019-04-23,,TOT,BRI,Tottenham Hotspur,Brighton & Hove Albion,1,0,1,UNDER
2018_19_20190423_WAT_SOU,2018_19,2019-04-23,,WAT,SOU,Watford,Southampton,1,1,2,UNDER
2018_19_20190424_MUN_MCI,2018_19,2019-04-24,,MUN,MCI,Manchester United,Manchester City,0,2,2,UNDER
2018_19_20190424_WOL_ARS,2018_19,2019-04-24,,WOL,ARS,Wolverhampton Wanderers,Arsenal,3,1,4,OVER
2018_19_20190426_LIV_HUD,2018_19,2019-04-26,,LIV,HUD,Liverpool,Huddersfield Town,5,0,5,OVER
2018_19_20190427_BRI_NEW,2018_19,2019-04-27,,BRI,NEW,Brighton & Hove Albion,Newcastle United,1,1,2,UNDER
2018_19_20190427_CRY_EVE,2018_19,2019-04-27,,CRY,EVE,Crystal Palace,Everton,0,0,0,UNDER
2018_19_20190427_FUL_CAR,2018_19,2019-04-27,,FUL,CAR,Fulham,Cardiff City,1,0,1,UNDER
2018_19_20190427_SOU_BOU,2018_19,2019-04-27,,SOU,BOU,Southampton,AFC Bournemouth,3,3,6,OVER
2018_19_20190427_TOT_WHU,2018_19,2019-04-27,,TOT,WHU,Tottenham Hotspur,West Ham United,0,1,1,UNDER
2018_19_20190427_WAT_WOL,2018_19,2019-04-27,,WAT,WOL,Watford,Wolverhampton Wanderers,1,2,3,OVER
2018_19_20190428_BUR_MCI,2018_19,2019-04-28,,BUR,MCI,Burnley,Manchester City,0,1,1,UNDER
2018_19_20190428_LEI_ARS,2018_19,2019-04-28,,LEI,ARS,Leicester City,Arsenal,3,0,3,OVER
2018_19_20190428_MUN_CHE,2018_19,2019-04-28,,MUN,CHE,Manchester United,Chelsea,1,1,2,UNDER
2018_19_20190503_EVE_BUR,2018_19,2019-05-03,,EVE,BUR,Everton,Burnley,2,0,2,UNDER
2018_19_20190504_BOU_TOT,2018_19,2019-05-04,,BOU,TOT,AFC Bournemouth,Tottenham Hotspur,1,0,1,UNDER
2018_19_20190504_CAR_CRY,2018_19,2019-05-04,,CAR,CRY,Cardiff City,Crystal Palace,2,3,5,OVER
2018_19_20190504_NEW_LIV,2018_19,2019-05-04,,NEW,LIV,Newcastle United,Liverpool,2,3,5,OVER
2018_19_20190504_WHU_SOU,2018_19,2019-05-04,,WHU,SOU,West Ham United,Southampton,3,0,3,OVER
2018_19_20190504_WOL_FUL,2018_19,2019-05-04,,WOL,FUL,Wolverhampton Wanderers,Fulham,1,0,1,UNDER
2018_19_20190505_ARS_BRI,2018_19,2019-05-05,,ARS,BRI,Arsenal,Brighton & Hove Albion,1,1,2,UNDER
2018_19_20190505_CHE_WAT,2018_19,2019-05-05,,CHE,WAT,Chelsea,Watford,3,0,3,OVER
2018_19_20190505_HUD_MUN,2018_19,2019-05-05,,HUD,MUN,Huddersfield Town,Manchester United,1,1,2,UNDER
2018_19_20190506_MCI_LEI,2018_19,2019-05-06,,MCI,LEI,Manchester City,Leicester City,1,0,1,UNDER
2018_19_20190512_BRI_MCI,2018_19,2019-05-12,,BRI,MCI,Brighton & Hove Albion,Manchester City,1,4,5,OVER
2018_19_20190512_BUR_ARS,2018_19,2019-05-12,,BUR,ARS,Burnley,Arsenal,1,3,4,OVER
2018_19_20190512_CRY_BOU,2018_19,2019-05-12,,CRY,BOU,Crystal Palace,AFC Bournemouth,5,3,8,OVER
2018_19_20190512_FUL_NEW,2018_19,2019-05-12,,FUL,NEW,Fulham,Newcastle United,0,4,4,OVER
2018_19_20190512_LEI_CHE,2018_19,2019-05-12,,LEI,CHE,Leicester City,Chelsea,0,0,0,UNDER
2018_19_20190512_LIV_WOL,2018_19,2019-05-12,,LIV,WOL,Liverpool,Wolverhampton Wanderers,2,0,2,UNDER
2018_19_20190512_MUN_CAR,2018_19,2019-05-12,,MUN,CAR,Manchester United,Cardiff City,0,2,2,UNDER
2018_19_20190512_SOU_HUD,2018_19,2019-05-12,,SOU,HUD,Southampton,Huddersfield Town,1,1,2,UNDER
2018_19_20190512_TOT_EVE,2018_19,2019-05-12,,TOT,EVE,Tottenham Hotspur,Everton,2,2,4,OVER
2018_19_20190512_WAT_WHU,2018_19,2019-05-12,,WAT,WHU,Watford,West Ham United,1,4,5,OVER
2019_20_20190809_LIV_NOR,2019_20,2019-08-09,20:00,LIV,NOR,Liverpool,Norwich City,4,1,5,OVER
2019_20_20190810_WHU_MCI,2019_20,2019-08-10,12:30,WHU,MCI,West Ham United,Manchester City,0,5,5,OVER
2019_20_20190810_BOU_SHU,2019_20,2019-08-10,15:00,BOU,SHU,AFC Bournemouth,Sheffield United,1,1,2,UNDER
2019_20_20190810_BUR_SOU,2019_20,2019-08-10,15:00,BUR,SOU,Burnley,Southampton,3,0,3,OVER
2019_20_20190810_CRY_EVE,2019_20,2019-08-10,15:00,CRY,EVE,Crystal Palace,Everton,0,0,0,UNDER
2019_20_20190810_WAT_BRI,2019_20,2019-08-10,15:00,WAT,BRI,Watford,Brighton & Hove Albion,0,3,3,OVER
2019_20_20190810_TOT_AVL,2019_20,2019-08-10,17:30,TOT,AVL,Tottenham Hotspur,Aston Villa,3,1,4,OVER
2019_20_20190811_LEI_WOL,2019_20,2019-08-11,14:00,LEI,WOL,Leicester City,Wolverhampton Wanderers,0,0,0,UNDER
2019_20_20190811_NEW_ARS,2019_20,2019-08-11,14:00,NEW,ARS,Newcastle United,Arsenal,0,1,1,UNDER
2019_20_20190811_MUN_CHE,2019_20,2019-08-11,16:30,MUN,CHE,Manchester United,Chelsea,4,0,4,OVER
2019_20_20190817_ARS_BUR,2019_20,2019-08-17,12:30,ARS,BUR,Arsenal,Burnley,2,1,3,OVER
2019_20_20190817_AVL_BOU,2019_20,2019-08-17,15:00,AVL,BOU,Aston Villa,AFC Bournemouth,1,2,3,OVER
2019_20_20190817_BRI_WHU,2019_20,2019-08-17,15:00,BRI,WHU,Brighton & Hove Albion,West Ham United,1,1,2,UNDER
2019_20_20190817_EVE_WAT,2019_20,2019-08-17,15:00,EVE,WAT,Everton,Watford,1,0,1,UNDER
2019_20_20190817_NOR_NEW,2019_20,2019-08-17,15:00,NOR,NEW,Norwich City,Newcastle United,3,1,4,OVER
2019_20_20190817_SOU_LIV,2019_20,2019-08-17,15:00,SOU,LIV,Southampton,Liverpool,1,2,3,OVER
2019_20_20190817_MCI_TOT,2019_20,2019-08-17,17:30,MCI,TOT,Manchester City,Tottenham Hotspur,2,2,4,OVER
2019_20_20190818_SHU_CRY,2019_20,2019-08-18,14:00,SHU,CRY,Sheffield United,Crystal Palace,1,0,1,UNDER
2019_20_20190818_CHE_LEI,2019_20,2019-08-18,16:30,CHE,LEI,Chelsea,Leicester City,1,1,2,UNDER
2019_20_20190819_WOL_MUN,2019_20,2019-08-19,20:00,WOL,MUN,Wolverhampton Wanderers,Manchester United,1,1,2,UNDER
2019_20_20190823_AVL_EVE,2019_20,2019-08-23,20:00,AVL,EVE,Aston Villa,Everton,2,0,2,UNDER
2019_20_20190824_NOR_CHE,2019_20,2019-08-24,12:30,NOR,CHE,Norwich City,Chelsea,2,3,5,OVER
2019_20_20190824_BRI_SOU,2019_20,2019-08-24,15:00,BRI,SOU,Brighton & Hove Albion,Southampton,0,2,2,UNDER
2019_20_20190824_MUN_CRY,2019_20,2019-08-24,15:00,MUN,CRY,Manchester United,Crystal Palace,1,2,3,OVER
2019_20_20190824_SHU_LEI,2019_20,2019-08-24,15:00,SHU,LEI,Sheffield United,Leicester City,1,2,3,OVER
2019_20_20190824_WAT_WHU,2019_20,2019-08-24,15:00,WAT,WHU,Watford,West Ham United,1,3,4,OVER
2019_20_20190824_LIV_ARS,2019_20,2019-08-24,17:30,LIV,ARS,Liverpool,Arsenal,3,1,4,OVER
2019_20_20190825_BOU_MCI,2019_20,2019-08-25,14:00,BOU,MCI,AFC Bournemouth,Manchester City,1,3,4,OVER
2019_20_20190825_TOT_NEW,2019_20,2019-08-25,16:30,TOT,NEW,Tottenham Hotspur,Newcastle United,0,1,1,UNDER
2019_20_20190825_WOL_BUR,2019_20,2019-08-25,16:30,WOL,BUR,Wolverhampton Wanderers,Burnley,1,1,2,UNDER
2019_20_20190831_SOU_MUN,2019_20,2019-08-31,12:30,SOU,MUN,Southampton,Manchester United,1,1,2,UNDER
2019_20_20190831_CHE_SHU,2019_20,2019-08-31,15:00,CHE,SHU,Chelsea,Sheffield United,2,2,4,OVER
2019_20_20190831_CRY_AVL,2019_20,2019-08-31,15:00,CRY,AVL,Crystal Palace,Aston Villa,1,0,1,UNDER
2019_20_20190831_LEI_BOU,2019_20,2019-08-31,15:00,LEI,BOU,Leicester City,AFC Bournemouth,3,1,4,OVER
2019_20_20190831_MCI_BRI,2019_20,2019-08-31,15:00,MCI,BRI,Manchester City,Brighton & Hove Albion,4,0,4,OVER
2019_20_20190831_NEW_WAT,2019_20,2019-08-31,15:00,NEW,WAT,Newcastle United,Watford,1,1,2,UNDER
2019_20_20190831_WHU_NOR,2019_20,2019-08-31,15:00,WHU,NOR,West Ham United,Norwich City,2,0,2,UNDER
2019_20_20190831_BUR_LIV,2019_20,2019-08-31,17:30,BUR,LIV,Burnley,Liverpool,0,3,3,OVER
2019_20_20190901_EVE_WOL,2019_20,2019-09-01,14:00,EVE,WOL,Everton,Wolverhampton Wanderers,3,2,5,OVER
2019_20_20190901_ARS_TOT,2019_20,2019-09-01,16:30,ARS,TOT,Arsenal,Tottenham Hotspur,2,2,4,OVER
2019_20_20190914_LIV_NEW,2019_20,2019-09-14,12:30,LIV,NEW,Liverpool,Newcastle United,3,1,4,OVER
2019_20_20190914_BRI_BUR,2019_20,2019-09-14,15:00,BRI,BUR,Brighton & Hove Albion,Burnley,1,1,2,UNDER
2019_20_20190914_MUN_LEI,2019_20,2019-09-14,15:00,MUN,LEI,Manchester United,Leicester City,1,0,1,UNDER
2019_20_20190914_SHU_SOU,2019_20,2019-09-14,15:00,SHU,SOU,Sheffield United,Southampton,0,1,1,UNDER
2019_20_20190914_TOT_CRY,2019_20,2019-09-14,15:00,TOT,CRY,Tottenham Hotspur,Crystal Palace,4,0,4,OVER
2019_20_20190914_WOL_CHE,2019_20,2019-09-14,15:00,WOL,CHE,Wolverhampton Wanderers,Chelsea,2,5,7,OVER
2019_20_20190914_NOR_MCI,2019_20,2019-09-14,17:30,NOR,MCI,Norwich City,Manchester City,3,2,5,OVER
2019_20_20190915_BOU_EVE,2019_20,2019-09-15,14:00,BOU,EVE,AFC Bournemouth,Everton,3,1,4,OVER
2019_20_20190915_WAT_ARS,2019_20,2019-09-15,16:30,WAT,ARS,Watford,Arsenal,2,2,4,OVER
2019_20_20190916_AVL_WHU,2019_20,2019-09-16,20:00,AVL,WHU,Aston Villa,West Ham United,0,0,0,UNDER
2019_20_20190920_SOU_BOU,2019_20,2019-09-20,20:00,SOU,BOU,Southampton,AFC Bournemouth,1,3,4,OVER
2019_20_20190921_LEI_TOT,2019_20,2019-09-21,12:30,LEI,TOT,Leicester City,Tottenham Hotspur,2,1,3,OVER
2019_20_20190921_BUR_NOR,2019_20,2019-09-21,15:00,BUR,NOR,Burnley,Norwich City,2,0,2,UNDER
2019_20_20190921_EVE_SHU,2019_20,2019-09-21,15:00,EVE,SHU,Everton,Sheffield United,0,2,2,UNDER
2019_20_20190921_MCI_WAT,2019_20,2019-09-21,15:00,MCI,WAT,Manchester City,Watford,8,0,8,OVER
2019_20_20190921_NEW_BRI,2019_20,2019-09-21,17:30,NEW,BRI,Newcastle United,Brighton & Hove Albion,0,0,0,UNDER
2019_20_20190922_CRY_WOL,2019_20,2019-09-22,14:00,CRY,WOL,Crystal Palace,Wolverhampton Wanderers,1,1,2,UNDER
2019_20_20190922_WHU_MUN,2019_20,2019-09-22,14:00,WHU,MUN,West Ham United,Manchester United,2,0,2,UNDER
2019_20_20190922_ARS_AVL,2019_20,2019-09-22,16:30,ARS,AVL,Arsenal,Aston Villa,3,2,5,OVER
2019_20_20190922_CHE_LIV,2019_20,2019-09-22,16:30,CHE,LIV,Chelsea,Liverpool,1,2,3,OVER
2019_20_20190928_SHU_LIV,2019_20,2019-09-28,12:30,SHU,LIV,Sheffield United,Liverpool,0,1,1,UNDER
2019_20_20190928_AVL_BUR,2019_20,2019-09-28,15:00,AVL,BUR,Aston Villa,Burnley,2,2,4,OVER
2019_20_20190928_BOU_WHU,2019_20,2019-09-28,15:00,BOU,WHU,AFC Bournemouth,West Ham United,2,2,4,OVER
2019_20_20190928_CHE_BRI,2019_20,2019-09-28,15:00,CHE,BRI,Chelsea,Brighton & Hove Albion,2,0,2,UNDER
2019_20_20190928_CRY_NOR,2019_20,2019-09-28,15:00,CRY,NOR,Crystal Palace,Norwich City,2,0,2,UNDER
2019_20_20190928_TOT_SOU,2019_20,2019-09-28,15:00,TOT,SOU,Tottenham Hotspur,Southampton,2,1,3,OVER
2019_20_20190928_WOL_WAT,2019_20,2019-09-28,15:00,WOL,WAT,Wolverhampton Wanderers,Watford,2,0,2,UNDER
2019_20_20190928_EVE_MCI,2019_20,2019-09-28,17:30,EVE,MCI,Everton,Manchester City,1,3,4,OVER
2019_20_20190929_LEI_NEW,2019_20,2019-09-29,16:30,LEI,NEW,Leicester City,Newcastle United,5,0,5,OVER
2019_20_20190930_MUN_ARS,2019_20,2019-09-30,20:00,MUN,ARS,Manchester United,Arsenal,1,1,2,UNDER
2019_20_20191005_BRI_TOT,2019_20,2019-10-05,12:30,BRI,TOT,Brighton & Hove Albion,Tottenham Hotspur,3,0,3,OVER
2019_20_20191005_BUR_EVE,2019_20,2019-10-05,15:00,BUR,EVE,Burnley,Everton,1,0,1,UNDER
2019_20_20191005_LIV_LEI,2019_20,2019-10-05,15:00,LIV,LEI,Liverpool,Leicester City,2,1,3,OVER
2019_20_20191005_NOR_AVL,2019_20,2019-10-05,15:00,NOR,AVL,Norwich City,Aston Villa,1,5,6,OVER
2019_20_20191005_WAT_SHU,2019_20,2019-10-05,15:00,WAT,SHU,Watford,Sheffield United,0,0,0,UNDER
2019_20_20191005_WHU_CRY,2019_20,2019-10-05,17:30,WHU,CRY,West Ham United,Crystal Palace,1,2,3,OVER
2019_20_20191006_ARS_BOU,2019_20,2019-10-06,14:00,ARS,BOU,Arsenal,AFC Bournemouth,1,0,1,UNDER
2019_20_20191006_MCI_WOL,2019_20,2019-10-06,14:00,MCI,WOL,Manchester City,Wolverhampton Wanderers,0,2,2,UNDER
2019_20_20191006_SOU_CHE,2019_20,2019-10-06,14:00,SOU,CHE,Southampton,Chelsea,1,4,5,OVER
2019_20_20191006_NEW_MUN,2019_20,2019-10-06,16:30,NEW,MUN,Newcastle United,Manchester United,1,0,1,UNDER
2019_20_20191019_EVE_WHU,2019_20,2019-10-19,12:30,EVE,WHU,Everton,West Ham United,2,0,2,UNDER
2019_20_20191019_AVL_BRI,2019_20,2019-10-19,15:00,AVL,BRI,Aston Villa,Brighton & Hove Albion,2,1,3,OVER
2019_20_20191019_BOU_NOR,2019_20,2019-10-19,15:00,BOU,NOR,AFC Bournemouth,Norwich City,0,0,0,UNDER
2019_20_20191019_CHE_NEW,2019_20,2019-10-19,15:00,CHE,NEW,Chelsea,Newcastle United,1,0,1,UNDER
2019_20_20191019_LEI_BUR,2019_20,2019-10-19,15:00,LEI,BUR,Leicester City,Burnley,2,1,3,OVER
2019_20_20191019_TOT_WAT,2019_20,2019-10-19,15:00,TOT,WAT,Tottenham Hotspur,Watford,1,1,2,UNDER
2019_20_20191019_WOL_SOU,2019_20,2019-10-19,15:00,WOL,SOU,Wolverhampton Wanderers,Southampton,1,1,2,UNDER
2019_20_20191019_CRY_MCI,2019_20,2019-10-19,17:30,CRY,MCI,Crystal Palace,Manchester City,0,2,2,UNDER
2019_20_20191020_MUN_LIV,2019_20,2019-10-20,16:30,MUN,LIV,Manchester United,Liverpool,1,1,2,UNDER
2019_20_20191021_SHU_ARS,2019_20,2019-10-21,20:00,SHU,ARS,Sheffield United,Arsenal,1,0,1,UNDER
2019_20_20191025_SOU_LEI,2019_20,2019-10-25,20:00,SOU,LEI,Southampton,Leicester City,0,9,9,OVER
2019_20_20191026_MCI_AVL,2019_20,2019-10-26,12:30,MCI,AVL,Manchester City,Aston Villa,3,0,3,OVER
2019_20_20191026_BRI_EVE,2019_20,2019-10-26,15:00,BRI,EVE,Brighton & Hove Albion,Everton,3,2,5,OVER
2019_20_20191026_WAT_BOU,2019_20,2019-10-26,15:00,WAT,BOU,Watford,AFC Bournemouth,0,0,0,UNDER
2019_20_20191026_WHU_SHU,2019_20,2019-10-26,15:00,WHU,SHU,West Ham United,Sheffield United,1,1,2,UNDER
2019_20_20191026_BUR_CHE,2019_20,2019-10-26,17:30,BUR,CHE,Burnley,Chelsea,2,4,6,OVER
2019_20_20191027_NEW_WOL,2019_20,2019-10-27,14:00,NEW,WOL,Newcastle United,Wolverhampton Wanderers,1,1,2,UNDER
2019_20_20191027_ARS_CRY,2019_20,2019-10-27,16:30,ARS,CRY,Arsenal,Crystal Palace,2,2,4,OVER
2019_20_20191027_LIV_TOT,2019_20,2019-10-27,16:30,LIV,TOT,Liverpool,Tottenham Hotspur,2,1,3,OVER
2019_20_20191027_NOR_MUN,2019_20,2019-10-27,16:30,NOR,MUN,Norwich City,Manchester United,1,3,4,OVER
2019_20_20191102_BOU_MUN,2019_20,2019-11-02,12:30,BOU,MUN,AFC Bournemouth,Manchester United,1,0,1,UNDER
2019_20_20191102_ARS_WOL,2019_20,2019-11-02,15:00,ARS,WOL,Arsenal,Wolverhampton Wanderers,1,1,2,UNDER
2019_20_20191102_AVL_LIV,2019_20,2019-11-02,15:00,AVL,LIV,Aston Villa,Liverpool,1,2,3,OVER
2019_20_20191102_BRI_NOR,2019_20,2019-11-02,15:00,BRI,NOR,Brighton & Hove Albion,Norwich City,2,0,2,UNDER
2019_20_20191102_MCI_SOU,2019_20,2019-11-02,15:00,MCI,SOU,Manchester City,Southampton,2,1,3,OVER
2019_20_20191102_SHU_BUR,2019_20,2019-11-02,15:00,SHU,BUR,Sheffield United,Burnley,3,0,3,OVER
2019_20_20191102_WHU_NEW,2019_20,2019-11-02,15:00,WHU,NEW,West Ham United,Newcastle United,2,3,5,OVER
2019_20_20191102_WAT_CHE,2019_20,2019-11-02,17:30,WAT,CHE,Watford,Chelsea,1,2,3,OVER
2019_20_20191103_CRY_LEI,2019_20,2019-11-03,14:00,CRY,LEI,Crystal Palace,Leicester City,0,2,2,UNDER
2019_20_20191103_EVE_TOT,2019_20,2019-11-03,16:30,EVE,TOT,Everton,Tottenham Hotspur,1,1,2,UNDER
2019_20_20191108_NOR_WAT,2019_20,2019-11-08,20:00,NOR,WAT,Norwich City,Watford,0,2,2,UNDER
2019_20_20191109_CHE_CRY,2019_20,2019-11-09,12:30,CHE,CRY,Chelsea,Crystal Palace,2,0,2,UNDER
2019_20_20191109_BUR_WHU,2019_20,2019-11-09,15:00,BUR,WHU,Burnley,West Ham United,3,0,3,OVER
2019_20_20191109_NEW_BOU,2019_20,2019-11-09,15:00,NEW,BOU,Newcastle United,AFC Bournemouth,2,1,3,OVER
2019_20_20191109_SOU_EVE,2019_20,2019-11-09,15:00,SOU,EVE,Southampton,Everton,1,2,3,OVER
2019_20_20191109_TOT_SHU,2019_20,2019-11-09,15:00,TOT,SHU,Tottenham Hotspur,Sheffield United,1,1,2,UNDER
2019_20_20191109_LEI_ARS,2019_20,2019-11-09,17:30,LEI,ARS,Leicester City,Arsenal,2,0,2,UNDER
2019_20_20191110_MUN_BRI,2019_20,2019-11-10,14:00,MUN,BRI,Manchester United,Brighton & Hove Albion,3,1,4,OVER
2019_20_20191110_WOL_AVL,2019_20,2019-11-10,14:00,WOL,AVL,Wolverhampton Wanderers,Aston Villa,2,1,3,OVER
2019_20_20191110_LIV_MCI,2019_20,2019-11-10,16:30,LIV,MCI,Liverpool,Manchester City,3,1,4,OVER
2019_20_20191123_WHU_TOT,2019_20,2019-11-23,12:30,WHU,TOT,West Ham United,Tottenham Hotspur,2,3,5,OVER
2019_20_20191123_ARS_SOU,2019_20,2019-11-23,15:00,ARS,SOU,Arsenal,Southampton,2,2,4,OVER
2019_20_20191123_BOU_WOL,2019_20,2019-11-23,15:00,BOU,WOL,AFC Bournemouth,Wolverhampton Wanderers,1,2,3,OVER
2019_20_20191123_BRI_LEI,2019_20,2019-11-23,15:00,BRI,LEI,Brighton & Hove Albion,Leicester City,0,2,2,UNDER
2019_20_20191123_CRY_LIV,2019_20,2019-11-23,15:00,CRY,LIV,Crystal Palace,Liverpool,1,2,3,OVER
2019_20_20191123_EVE_NOR,2019_20,2019-11-23,15:00,EVE,NOR,Everton,Norwich City,0,2,2,UNDER
2019_20_20191123_WAT_BUR,2019_20,2019-11-23,15:00,WAT,BUR,Watford,Burnley,0,3,3,OVER
2019_20_20191123_MCI_CHE,2019_20,2019-11-23,17:30,MCI,CHE,Manchester City,Chelsea,2,1,3,OVER
2019_20_20191124_SHU_MUN,2019_20,2019-11-24,16:30,SHU,MUN,Sheffield United,Manchester United,3,3,6,OVER
2019_20_20191125_AVL_NEW,2019_20,2019-11-25,20:00,AVL,NEW,Aston Villa,Newcastle United,2,0,2,UNDER
2019_20_20191130_NEW_MCI,2019_20,2019-11-30,12:30,NEW,MCI,Newcastle United,Manchester City,2,2,4,OVER
2019_20_20191130_BUR_CRY,2019_20,2019-11-30,15:00,BUR,CRY,Burnley,Crystal Palace,0,2,2,UNDER
2019_20_20191130_CHE_WHU,2019_20,2019-11-30,15:00,CHE,WHU,Chelsea,West Ham United,0,1,1,UNDER
2019_20_20191130_LIV_BRI,2019_20,2019-11-30,15:00,LIV,BRI,Liverpool,Brighton & Hove Albion,2,1,3,OVER
2019_20_20191130_TOT_BOU,2019_20,2019-11-30,15:00,TOT,BOU,Tottenham Hotspur,AFC Bournemouth,3,2,5,OVER
2019_20_20191130_SOU_WAT,2019_20,2019-11-30,17:30,SOU,WAT,Southampton,Watford,2,1,3,OVER
2019_20_20191201_NOR_ARS,2019_20,2019-12-01,14:00,NOR,ARS,Norwich City,Arsenal,2,2,4,OVER
2019_20_20191201_WOL_SHU,2019_20,2019-12-01,14:00,WOL,SHU,Wolverhampton Wanderers,Sheffield United,1,1,2,UNDER
2019_20_20191201_LEI_EVE,2019_20,2019-12-01,16:30,LEI,EVE,Leicester City,Everton,2,1,3,OVER
2019_20_20191201_MUN_AVL,2019_20,2019-12-01,16:30,MUN,AVL,Manchester United,Aston Villa,2,2,4,OVER
2019_20_20191203_CRY_BOU,2019_20,2019-12-03,19:30,CRY,BOU,Crystal Palace,AFC Bournemouth,1,0,1,UNDER
2019_20_20191203_BUR_MCI,2019_20,2019-12-03,20:15,BUR,MCI,Burnley,Manchester City,1,4,5,OVER
2019_20_20191204_CHE_AVL,2019_20,2019-12-04,19:30,CHE,AVL,Chelsea,Aston Villa,2,1,3,OVER
2019_20_20191204_LEI_WAT,2019_20,2019-12-04,19:30,LEI,WAT,Leicester City,Watford,2,0,2,UNDER
2019_20_20191204_MUN_TOT,2019_20,2019-12-04,19:30,MUN,TOT,Manchester United,Tottenham Hotspur,2,1,3,OVER
2019_20_20191204_SOU_NOR,2019_20,2019-12-04,19:30,SOU,NOR,Southampton,Norwich City,2,1,3,OVER
2019_20_20191204_WOL_WHU,2019_20,2019-12-04,19:30,WOL,WHU,Wolverhampton Wanderers,West Ham United,2,0,2,UNDER
2019_20_20191204_LIV_EVE,2019_20,2019-12-04,20:15,LIV,EVE,Liverpool,Everton,5,2,7,OVER
2019_20_20191205_SHU_NEW,2019_20,2019-12-05,19:30,SHU,NEW,Sheffield United,Newcastle United,0,2,2,UNDER
2019_20_20191205_ARS_BRI,2019_20,2019-12-05,20:15,ARS,BRI,Arsenal,Brighton & Hove Albion,1,2,3,OVER
2019_20_20191207_EVE_CHE,2019_20,2019-12-07,12:30,EVE,CHE,Everton,Chelsea,3,1,4,OVER
2019_20_20191207_BOU_LIV,2019_20,2019-12-07,15:00,BOU,LIV,AFC Bournemouth,Liverpool,0,3,3,OVER
2019_20_20191207_TOT_BUR,2019_20,2019-12-07,15:00,TOT,BUR,Tottenham Hotspur,Burnley,5,0,5,OVER
2019_20_20191207_WAT_CRY,2019_20,2019-12-07,15:00,WAT,CRY,Watford,Crystal Palace,0,0,0,UNDER
2019_20_20191207_MCI_MUN,2019_20,2019-12-07,17:30,MCI,MUN,Manchester City,Manchester United,1,2,3,OVER
2019_20_20191208_AVL_LEI,2019_20,2019-12-08,14:00,AVL,LEI,Aston Villa,Leicester City,1,4,5,OVER
2019_20_20191208_NEW_SOU,2019_20,2019-12-08,14:00,NEW,SOU,Newcastle United,Southampton,2,1,3,OVER
2019_20_20191208_NOR_SHU,2019_20,2019-12-08,14:00,NOR,SHU,Norwich City,Sheffield United,1,2,3,OVER
2019_20_20191208_BRI_WOL,2019_20,2019-12-08,16:30,BRI,WOL,Brighton & Hove Albion,Wolverhampton Wanderers,2,2,4,OVER
2019_20_20191209_WHU_ARS,2019_20,2019-12-09,20:00,WHU,ARS,West Ham United,Arsenal,1,3,4,OVER
2019_20_20191214_LIV_WAT,2019_20,2019-12-14,12:30,LIV,WAT,Liverpool,Watford,2,0,2,UNDER
2019_20_20191214_BUR_NEW,2019_20,2019-12-14,15:00,BUR,NEW,Burnley,Newcastle United,1,0,1,UNDER
2019_20_20191214_CHE_BOU,2019_20,2019-12-14,15:00,CHE,BOU,Chelsea,AFC Bournemouth,0,1,1,UNDER
2019_20_20191214_LEI_NOR,2019_20,2019-12-14,15:00,LEI,NOR,Leicester City,Norwich City,1,1,2,UNDER
2019_20_20191214_SHU_AVL,2019_20,2019-12-14,15:00,SHU,AVL,Sheffield United,Aston Villa,2,0,2,UNDER
2019_20_20191214_SOU_WHU,2019_20,2019-12-14,17:30,SOU,WHU,Southampton,West Ham United,0,1,1,UNDER
2019_20_20191215_MUN_EVE,2019_20,2019-12-15,14:00,MUN,EVE,Manchester United,Everton,1,1,2,UNDER
2019_20_20191215_WOL_TOT,2019_20,2019-12-15,14:00,WOL,TOT,Wolverhampton Wanderers,Tottenham Hotspur,1,2,3,OVER
2019_20_20191215_ARS_MCI,2019_20,2019-12-15,16:30,ARS,MCI,Arsenal,Manchester City,0,3,3,OVER
2019_20_20191216_CRY_BRI,2019_20,2019-12-16,19:45,CRY,BRI,Crystal Palace,Brighton & Hove Albion,1,1,2,UNDER
2019_20_20191221_EVE_ARS,2019_20,2019-12-21,12:30,EVE,ARS,Everton,Arsenal,0,0,0,UNDER
2019_20_20191221_AVL_SOU,2019_20,2019-12-21,15:00,AVL,SOU,Aston Villa,Southampton,1,3,4,OVER
2019_20_20191221_BOU_BUR,2019_20,2019-12-21,15:00,BOU,BUR,AFC Bournemouth,Burnley,0,1,1,UNDER
2019_20_20191221_BRI_SHU,2019_20,2019-12-21,15:00,BRI,SHU,Brighton & Hove Albion,Sheffield United,0,1,1,UNDER
2019_20_20191221_NEW_CRY,2019_20,2019-12-21,15:00,NEW,CRY,Newcastle United,Crystal Palace,1,0,1,UNDER
2019_20_20191221_NOR_WOL,2019_20,2019-12-21,15:00,NOR,WOL,Norwich City,Wolverhampton Wanderers,1,2,3,OVER
2019_20_20191221_MCI_LEI,2019_20,2019-12-21,17:30,MCI,LEI,Manchester City,Leicester City,3,1,4,OVER
2019_20_20191222_WAT_MUN,2019_20,2019-12-22,14:00,WAT,MUN,Watford,Manchester United,2,0,2,UNDER
2019_20_20191222_TOT_CHE,2019_20,2019-12-22,16:30,TOT,CHE,Tottenham Hotspur,Chelsea,0,2,2,UNDER
2019_20_20191226_TOT_BRI,2019_20,2019-12-26,12:30,TOT,BRI,Tottenham Hotspur,Brighton & Hove Albion,2,1,3,OVER
2019_20_20191226_AVL_NOR,2019_20,2019-12-26,15:00,AVL,NOR,Aston Villa,Norwich City,1,0,1,UNDER
2019_20_20191226_BOU_ARS,2019_20,2019-12-26,15:00,BOU,ARS,AFC Bournemouth,Arsenal,1,1,2,UNDER
2019_20_20191226_CHE_SOU,2019_20,2019-12-26,15:00,CHE,SOU,Chelsea,Southampton,0,2,2,UNDER
2019_20_20191226_CRY_WHU,2019_20,2019-12-26,15:00,CRY,WHU,Crystal Palace,West Ham United,2,1,3,OVER
2019_20_20191226_EVE_BUR,2019_20,2019-12-26,15:00,EVE,BUR,Everton,Burnley,1,0,1,UNDER
2019_20_20191226_SHU_WAT,2019_20,2019-12-26,15:00,SHU,WAT,Sheffield United,Watford,1,1,2,UNDER
2019_20_20191226_MUN_NEW,2019_20,2019-12-26,17:30,MUN,NEW,Manchester United,Newcastle United,4,1,5,OVER
2019_20_20191226_LEI_LIV,2019_20,2019-12-26,20:00,LEI,LIV,Leicester City,Liverpool,0,4,4,OVER
2019_20_20191227_WOL_MCI,2019_20,2019-12-27,19:45,WOL,MCI,Wolverhampton Wanderers,Manchester City,3,2,5,OVER
2019_20_20191228_BRI_BOU,2019_20,2019-12-28,12:30,BRI,BOU,Brighton & Hove Albion,AFC Bournemouth,2,0,2,UNDER
2019_20_20191228_NEW_EVE,2019_20,2019-12-28,15:00,NEW,EVE,Newcastle United,Everton,1,2,3,OVER
2019_20_20191228_SOU_CRY,2019_20,2019-12-28,15:00,SOU,CRY,Southampton,Crystal Palace,1,1,2,UNDER
2019_20_20191228_WAT_AVL,2019_20,2019-12-28,15:00,WAT,AVL,Watford,Aston Villa,3,0,3,OVER
2019_20_20191228_NOR_TOT,2019_20,2019-12-28,17:30,NOR,TOT,Norwich City,Tottenham Hotspur,2,2,4,OVER
2019_20_20191228_WHU_LEI,2019_20,2019-12-28,17:30,WHU,LEI,West Ham United,Leicester City,1,2,3,OVER
2019_20_20191228_BUR_MUN,2019_20,2019-12-28,19:45,BUR,MUN,Burnley,Manchester United,0,2,2,UNDER
2019_20_20191229_ARS_CHE,2019_20,2019-12-29,14:00,ARS,CHE,Arsenal,Chelsea,1,2,3,OVER
2019_20_20191229_LIV_WOL,2019_20,2019-12-29,16:30,LIV,WOL,Liverpool,Wolverhampton Wanderers,1,0,1,UNDER
2019_20_20191229_MCI_SHU,2019_20,2019-12-29,18:00,MCI,SHU,Manchester City,Sheffield United,2,0,2,UNDER
2019_20_20200101_BRI_CHE,2019_20,2020-01-01,12:30,BRI,CHE,Brighton & Hove Albion,Chelsea,1,1,2,UNDER
2019_20_20200101_BUR_AVL,2019_20,2020-01-01,12:30,BUR,AVL,Burnley,Aston Villa,1,2,3,OVER
2019_20_20200101_NEW_LEI,2019_20,2020-01-01,15:00,NEW,LEI,Newcastle United,Leicester City,0,3,3,OVER
2019_20_20200101_SOU_TOT,2019_20,2020-01-01,15:00,SOU,TOT,Southampton,Tottenham Hotspur,1,0,1,UNDER
2019_20_20200101_WAT_WOL,2019_20,2020-01-01,15:00,WAT,WOL,Watford,Wolverhampton Wanderers,2,1,3,OVER
2019_20_20200101_MCI_EVE,2019_20,2020-01-01,17:30,MCI,EVE,Manchester City,Everton,2,1,3,OVER
2019_20_20200101_NOR_CRY,2019_20,2020-01-01,17:30,NOR,CRY,Norwich City,Crystal Palace,1,1,2,UNDER
2019_20_20200101_WHU_BOU,2019_20,2020-01-01,17:30,WHU,BOU,West Ham United,AFC Bournemouth,4,0,4,OVER
2019_20_20200101_ARS_MUN,2019_20,2020-01-01,20:00,ARS,MUN,Arsenal,Manchester United,2,0,2,UNDER
2019_20_20200102_LIV_SHU,2019_20,2020-01-02,20:00,LIV,SHU,Liverpool,Sheffield United,2,0,2,UNDER
2019_20_20200110_SHU_WHU,2019_20,2020-01-10,20:00,SHU,WHU,Sheffield United,West Ham United,1,0,1,UNDER
2019_20_20200111_CRY_ARS,2019_20,2020-01-11,12:30,CRY,ARS,Crystal Palace,Arsenal,1,1,2,UNDER
2019_20_20200111_CHE_BUR,2019_20,2020-01-11,15:00,CHE,BUR,Chelsea,Burnley,3,0,3,OVER
2019_20_20200111_EVE_BRI,2019_20,2020-01-11,15:00,EVE,BRI,Everton,Brighton & Hove Albion,1,0,1,UNDER
2019_20_20200111_LEI_SOU,2019_20,2020-01-11,15:00,LEI,SOU,Leicester City,Southampton,1,2,3,OVER
2019_20_20200111_MUN_NOR,2019_20,2020-01-11,15:00,MUN,NOR,Manchester United,Norwich City,4,0,4,OVER
2019_20_20200111_WOL_NEW,2019_20,2020-01-11,15:00,WOL,NEW,Wolverhampton Wanderers,Newcastle United,1,1,2,UNDER
2019_20_20200111_TOT_LIV,2019_20,2020-01-11,17:30,TOT,LIV,Tottenham Hotspur,Liverpool,0,1,1,UNDER
2019_20_20200112_BOU_WAT,2019_20,2020-01-12,14:00,BOU,WAT,AFC Bournemouth,Watford,0,3,3,OVER
2019_20_20200112_AVL_MCI,2019_20,2020-01-12,16:30,AVL,MCI,Aston Villa,Manchester City,1,6,7,OVER
2019_20_20200118_WAT_TOT,2019_20,2020-01-18,12:30,WAT,TOT,Watford,Tottenham Hotspur,0,0,0,UNDER
2019_20_20200118_ARS_SHU,2019_20,2020-01-18,15:00,ARS,SHU,Arsenal,Sheffield United,1,1,2,UNDER
2019_20_20200118_BRI_AVL,2019_20,2020-01-18,15:00,BRI,AVL,Brighton & Hove Albion,Aston Villa,1,1,2,UNDER
2019_20_20200118_MCI_CRY,2019_20,2020-01-18,15:00,MCI,CRY,Manchester City,Crystal Palace,2,2,4,OVER
2019_20_20200118_NOR_BOU,2019_20,2020-01-18,15:00,NOR,BOU,Norwich City,AFC Bournemouth,1,0,1,UNDER
2019_20_20200118_SOU_WOL,2019_20,2020-01-18,15:00,SOU,WOL,Southampton,Wolverhampton Wanderers,2,3,5,OVER
2019_20_20200118_WHU_EVE,2019_20,2020-01-18,15:00,WHU,EVE,West Ham United,Everton,1,1,2,UNDER
2019_20_20200118_NEW_CHE,2019_20,2020-01-18,17:30,NEW,CHE,Newcastle United,Chelsea,1,0,1,UNDER
2019_20_20200119_BUR_LEI,2019_20,2020-01-19,14:00,BUR,LEI,Burnley,Leicester City,2,1,3,OVER
2019_20_20200119_LIV_MUN,2019_20,2020-01-19,16:30,LIV,MUN,Liverpool,Manchester United,2,0,2,UNDER
2019_20_20200121_AVL_WAT,2019_20,2020-01-21,19:30,AVL,WAT,Aston Villa,Watford,2,1,3,OVER
2019_20_20200121_BOU_BRI,2019_20,2020-01-21,19:30,BOU,BRI,AFC Bournemouth,Brighton & Hove Albion,3,1,4,OVER
2019_20_20200121_CRY_SOU,2019_20,2020-01-21,19:30,CRY,SOU,Crystal Palace,Southampton,0,2,2,UNDER
2019_20_20200121_EVE_NEW,2019_20,2020-01-21,19:30,EVE,NEW,Everton,Newcastle United,2,2,4,OVER
2019_20_20200121_SHU_MCI,2019_20,2020-01-21,19:30,SHU,MCI,Sheffield United,Manchester City,0,1,1,UNDER
2019_20_20200121_CHE_ARS,2019_20,2020-01-21,20:15,CHE,ARS,Chelsea,Arsenal,2,2,4,OVER
2019_20_20200122_LEI_WHU,2019_20,2020-01-22,19:30,LEI,WHU,Leicester City,West Ham United,4,1,5,OVER
2019_20_20200122_TOT_NOR,2019_20,2020-01-22,19:30,TOT,NOR,Tottenham Hotspur,Norwich City,2,1,3,OVER
2019_20_20200122_MUN_BUR,2019_20,2020-01-22,20:15,MUN,BUR,Manchester United,Burnley,0,2,2,UNDER
2019_20_20200123_WOL_LIV,2019_20,2020-01-23,20:00,WOL,LIV,Wolverhampton Wanderers,Liverpool,1,2,3,OVER
2019_20_20200129_WHU_LIV,2019_20,2020-01-29,19:45,WHU,LIV,West Ham United,Liverpool,0,2,2,UNDER
2019_20_20200201_LEI_CHE,2019_20,2020-02-01,12:30,LEI,CHE,Leicester City,Chelsea,2,2,4,OVER
2019_20_20200201_BOU_AVL,2019_20,2020-02-01,15:00,BOU,AVL,AFC Bournemouth,Aston Villa,2,1,3,OVER
2019_20_20200201_CRY_SHU,2019_20,2020-02-01,15:00,CRY,SHU,Crystal Palace,Sheffield United,0,1,1,UNDER
2019_20_20200201_LIV_SOU,2019_20,2020-02-01,15:00,LIV,SOU,Liverpool,Southampton,4,0,4,OVER
2019_20_20200201_NEW_NOR,2019_20,2020-02-01,15:00,NEW,NOR,Newcastle United,Norwich City,0,0,0,UNDER
2019_20_20200201_WAT_EVE,2019_20,2020-02-01,15:00,WAT,EVE,Watford,Everton,2,3,5,OVER
2019_20_20200201_WHU_BRI,2019_20,2020-02-01,15:00,WHU,BRI,West Ham United,Brighton & Hove Albion,3,3,6,OVER
2019_20_20200201_MUN_WOL,2019_20,2020-02-01,17:30,MUN,WOL,Manchester United,Wolverhampton Wanderers,0,0,0,UNDER
2019_20_20200202_BUR_ARS,2019_20,2020-02-02,14:00,BUR,ARS,Burnley,Arsenal,0,0,0,UNDER
2019_20_20200202_TOT_MCI,2019_20,2020-02-02,16:30,TOT,MCI,Tottenham Hotspur,Manchester City,2,0,2,UNDER
2019_20_20200208_EVE_CRY,2019_20,2020-02-08,12:30,EVE,CRY,Everton,Crystal Palace,3,1,4,OVER
2019_20_20200208_BRI_WAT,2019_20,2020-02-08,17:30,BRI,WAT,Brighton & Hove Albion,Watford,1,1,2,UNDER
2019_20_20200209_SHU_BOU,2019_20,2020-02-09,14:00,SHU,BOU,Sheffield United,AFC Bournemouth,2,1,3,OVER
2019_20_20200214_WOL_LEI,2019_20,2020-02-14,20:00,WOL,LEI,Wolverhampton Wanderers,Leicester City,0,0,0,UNDER
2019_20_20200215_SOU_BUR,2019_20,2020-02-15,12:30,SOU,BUR,Southampton,Burnley,1,2,3,OVER
2019_20_20200215_NOR_LIV,2019_20,2020-02-15,17:30,NOR,LIV,Norwich City,Liverpool,0,1,1,UNDER
2019_20_20200216_AVL_TOT,2019_20,2020-02-16,14:00,AVL,TOT,Aston Villa,Tottenham Hotspur,2,3,5,OVER
2019_20_20200216_ARS_NEW,2019_20,2020-02-16,16:30,ARS,NEW,Arsenal,Newcastle United,4,0,4,OVER
2019_20_20200217_CHE_MUN,2019_20,2020-02-17,20:00,CHE,MUN,Chelsea,Manchester United,0,2,2,UNDER
2019_20_20200219_MCI_WHU,2019_20,2020-02-19,19:30,MCI,WHU,Manchester City,West Ham United,2,0,2,UNDER
2019_20_20200222_CHE_TOT,2019_20,2020-02-22,12:30,CHE,TOT,Chelsea,Tottenham Hotspur,2,1,3,OVER
2019_20_20200222_BUR_BOU,2019_20,2020-02-22,15:00,BUR,BOU,Burnley,AFC Bournemouth,3,0,3,OVER
2019_20_20200222_CRY_NEW,2019_20,2020-02-22,15:00,CRY,NEW,Crystal Palace,Newcastle United,1,0,1,UNDER
2019_20_20200222_SHU_BRI,2019_20,2020-02-22,15:00,SHU,BRI,Sheffield United,Brighton & Hove Albion,1,1,2,UNDER
2019_20_20200222_SOU_AVL,2019_20,2020-02-22,15:00,SOU,AVL,Southampton,Aston Villa,2,0,2,UNDER
2019_20_20200222_LEI_MCI,2019_20,2020-02-22,17:30,LEI,MCI,Leicester City,Manchester City,0,1,1,UNDER
2019_20_20200223_MUN_WAT,2019_20,2020-02-23,14:00,MUN,WAT,Manchester United,Watford,3,0,3,OVER
2019_20_20200223_WOL_NOR,2019_20,2020-02-23,14:00,WOL,NOR,Wolverhampton Wanderers,Norwich City,3,0,3,OVER
2019_20_20200223_ARS_EVE,2019_20,2020-02-23,16:30,ARS,EVE,Arsenal,Everton,3,2,5,OVER
2019_20_20200224_LIV_WHU,2019_20,2020-02-24,20:00,LIV,WHU,Liverpool,West Ham United,3,2,5,OVER
2019_20_20200228_NOR_LEI,2019_20,2020-02-28,20:00,NOR,LEI,Norwich City,Leicester City,1,0,1,UNDER
2019_20_20200229_BRI_CRY,2019_20,2020-02-29,12:30,BRI,CRY,Brighton & Hove Albion,Crystal Palace,0,1,1,UNDER
2019_20_20200229_BOU_CHE,2019_20,2020-02-29,15:00,BOU,CHE,AFC Bournemouth,Chelsea,2,2,4,OVER
2019_20_20200229_NEW_BUR,2019_20,2020-02-29,15:00,NEW,BUR,Newcastle United,Burnley,0,0,0,UNDER
2019_20_20200229_WHU_SOU,2019_20,2020-02-29,15:00,WHU,SOU,West Ham United,Southampton,3,1,4,OVER
2019_20_20200229_WAT_LIV,2019_20,2020-02-29,17:30,WAT,LIV,Watford,Liverpool,3,0,3,OVER
2019_20_20200301_EVE_MUN,2019_20,2020-03-01,14:00,EVE,MUN,Everton,Manchester United,1,1,2,UNDER
2019_20_20200301_TOT_WOL,2019_20,2020-03-01,14:00,TOT,WOL,Tottenham Hotspur,Wolverhampton Wanderers,2,3,5,OVER
2019_20_20200307_LIV_BOU,2019_20,2020-03-07,12:30,LIV,BOU,Liverpool,AFC Bournemouth,2,1,3,OVER
2019_20_20200307_ARS_WHU,2019_20,2020-03-07,15:00,ARS,WHU,Arsenal,West Ham United,1,0,1,UNDER
2019_20_20200307_CRY_WAT,2019_20,2020-03-07,15:00,CRY,WAT,Crystal Palace,Watford,1,0,1,UNDER
2019_20_20200307_SHU_NOR,2019_20,2020-03-07,15:00,SHU,NOR,Sheffield United,Norwich City,1,0,1,UNDER
2019_20_20200307_SOU_NEW,2019_20,2020-03-07,15:00,SOU,NEW,Southampton,Newcastle United,0,1,1,UNDER
2019_20_20200307_WOL_BRI,2019_20,2020-03-07,15:00,WOL,BRI,Wolverhampton Wanderers,Brighton & Hove Albion,0,0,0,UNDER
2019_20_20200307_BUR_TOT,2019_20,2020-03-07,17:30,BUR,TOT,Burnley,Tottenham Hotspur,1,1,2,UNDER
2019_20_20200308_CHE_EVE,2019_20,2020-03-08,14:00,CHE,EVE,Chelsea,Everton,4,0,4,OVER
2019_20_20200308_MUN_MCI,2019_20,2020-03-08,16:30,MUN,MCI,Manchester United,Manchester City,2,0,2,UNDER
2019_20_20200309_LEI_AVL,2019_20,2020-03-09,20:00,LEI,AVL,Leicester City,Aston Villa,4,0,4,OVER
2019_20_20200617_AVL_SHU,2019_20,2020-06-17,18:00,AVL,SHU,Aston Villa,Sheffield United,0,0,0,UNDER
2019_20_20200617_MCI_ARS,2019_20,2020-06-17,20:15,MCI,ARS,Manchester City,Arsenal,3,0,3,OVER
2019_20_20200619_NOR_SOU,2019_20,2020-06-19,18:00,NOR,SOU,Norwich City,Southampton,0,3,3,OVER
2019_20_20200619_TOT_MUN,2019_20,2020-06-19,20:15,TOT,MUN,Tottenham Hotspur,Manchester United,1,1,2,UNDER
2019_20_20200620_WAT_LEI,2019_20,2020-06-20,12:30,WAT,LEI,Watford,Leicester City,1,1,2,UNDER
2019_20_20200620_BRI_ARS,2019_20,2020-06-20,15:00,BRI,ARS,Brighton & Hove Albion,Arsenal,2,1,3,OVER
2019_20_20200620_WHU_WOL,2019_20,2020-06-20,17:30,WHU,WOL,West Ham United,Wolverhampton Wanderers,0,2,2,UNDER
2019_20_20200620_BOU_CRY,2019_20,2020-06-20,19:45,BOU,CRY,AFC Bournemouth,Crystal Palace,0,2,2,UNDER
2019_20_20200621_NEW_SHU,2019_20,2020-06-21,14:00,NEW,SHU,Newcastle United,Sheffield United,3,0,3,OVER
2019_20_20200621_AVL_CHE,2019_20,2020-06-21,16:15,AVL,CHE,Aston Villa,Chelsea,1,2,3,OVER
2019_20_20200621_EVE_LIV,2019_20,2020-06-21,19:00,EVE,LIV,Everton,Liverpool,0,0,0,UNDER
2019_20_20200622_MCI_BUR,2019_20,2020-06-22,20:00,MCI,BUR,Manchester City,Burnley,5,0,5,OVER
2019_20_20200623_LEI_BRI,2019_20,2020-06-23,18:00,LEI,BRI,Leicester City,Brighton & Hove Albion,0,0,0,UNDER
2019_20_20200623_TOT_WHU,2019_20,2020-06-23,20:15,TOT,WHU,Tottenham Hotspur,West Ham United,2,0,2,UNDER
2019_20_20200624_MUN_SHU,2019_20,2020-06-24,18:00,MUN,SHU,Manchester United,Sheffield United,3,0,3,OVER
2019_20_20200624_NEW_AVL,2019_20,2020-06-24,18:00,NEW,AVL,Newcastle United,Aston Villa,1,1,2,UNDER
2019_20_20200624_NOR_EVE,2019_20,2020-06-24,18:00,NOR,EVE,Norwich City,Everton,0,1,1,UNDER
2019_20_20200624_WOL_BOU,2019_20,2020-06-24,18:00,WOL,BOU,Wolverhampton Wanderers,AFC Bournemouth,1,0,1,UNDER
2019_20_20200624_LIV_CRY,2019_20,2020-06-24,20:15,LIV,CRY,Liverpool,Crystal Palace,4,0,4,OVER
2019_20_20200625_BUR_WAT,2019_20,2020-06-25,18:00,BUR,WAT,Burnley,Watford,1,0,1,UNDER
2019_20_20200625_SOU_ARS,2019_20,2020-06-25,18:00,SOU,ARS,Southampton,Arsenal,0,2,2,UNDER
2019_20_20200625_CHE_MCI,2019_20,2020-06-25,20:15,CHE,MCI,Chelsea,Manchester City,2,1,3,OVER
2019_20_20200627_AVL_WOL,2019_20,2020-06-27,12:30,AVL,WOL,Aston Villa,Wolverhampton Wanderers,0,1,1,UNDER
2019_20_20200628_WAT_SOU,2019_20,2020-06-28,16:30,WAT,SOU,Watford,Southampton,1,3,4,OVER
2019_20_20200629_CRY_BUR,2019_20,2020-06-29,20:00,CRY,BUR,Crystal Palace,Burnley,0,1,1,UNDER
2019_20_20200630_BRI_MUN,2019_20,2020-06-30,20:15,BRI,MUN,Brighton & Hove Albion,Manchester United,0,3,3,OVER
2019_20_20200701_ARS_NOR,2019_20,2020-07-01,18:00,ARS,NOR,Arsenal,Norwich City,4,0,4,OVER
2019_20_20200701_BOU_NEW,2019_20,2020-07-01,18:00,BOU,NEW,AFC Bournemouth,Newcastle United,1,4,5,OVER
2019_20_20200701_EVE_LEI,2019_20,2020-07-01,18:00,EVE,LEI,Everton,Leicester City,2,1,3,OVER
2019_20_20200701_WHU_CHE,2019_20,2020-07-01,20:15,WHU,CHE,West Ham United,Chelsea,3,2,5,OVER
2019_20_20200702_SHU_TOT,2019_20,2020-07-02,18:00,SHU,TOT,Sheffield United,Tottenham Hotspur,3,1,4,OVER
2019_20_20200702_MCI_LIV,2019_20,2020-07-02,20:15,MCI,LIV,Manchester City,Liverpool,4,0,4,OVER
2019_20_20200704_NOR_BRI,2019_20,2020-07-04,12:30,NOR,BRI,Norwich City,Brighton & Hove Albion,0,1,1,UNDER
2019_20_20200704_LEI_CRY,2019_20,2020-07-04,15:00,LEI,CRY,Leicester City,Crystal Palace,3,0,3,OVER
2019_20_20200704_MUN_BOU,2019_20,2020-07-04,15:00,MUN,BOU,Manchester United,AFC Bournemouth,5,2,7,OVER
2019_20_20200704_WOL_ARS,2019_20,2020-07-04,17:30,WOL,ARS,Wolverhampton Wanderers,Arsenal,0,2,2,UNDER
2019_20_20200704_CHE_WAT,2019_20,2020-07-04,20:00,CHE,WAT,Chelsea,Watford,3,0,3,OVER
2019_20_20200705_BUR_SHU,2019_20,2020-07-05,12:00,BUR,SHU,Burnley,Sheffield United,1,1,2,UNDER
2019_20_20200705_NEW_WHU,2019_20,2020-07-05,14:15,NEW,WHU,Newcastle United,West Ham United,2,2,4,OVER
2019_20_20200705_LIV_AVL,2019_20,2020-07-05,16:30,LIV,AVL,Liverpool,Aston Villa,2,0,2,UNDER
2019_20_20200705_SOU_MCI,2019_20,2020-07-05,19:00,SOU,MCI,Southampton,Manchester City,1,0,1,UNDER
2019_20_20200706_TOT_EVE,2019_20,2020-07-06,20:00,TOT,EVE,Tottenham Hotspur,Everton,1,0,1,UNDER
2019_20_20200707_CRY_CHE,2019_20,2020-07-07,18:00,CRY,CHE,Crystal Palace,Chelsea,2,3,5,OVER
2019_20_20200707_WAT_NOR,2019_20,2020-07-07,18:00,WAT,NOR,Watford,Norwich City,2,1,3,OVER
2019_20_20200707_ARS_LEI,2019_20,2020-07-07,20:15,ARS,LEI,Arsenal,Leicester City,1,1,2,UNDER
2019_20_20200708_MCI_NEW,2019_20,2020-07-08,18:00,MCI,NEW,Manchester City,Newcastle United,5,0,5,OVER
2019_20_20200708_SHU_WOL,2019_20,2020-07-08,18:00,SHU,WOL,Sheffield United,Wolverhampton Wanderers,1,0,1,UNDER
2019_20_20200708_WHU_BUR,2019_20,2020-07-08,18:00,WHU,BUR,West Ham United,Burnley,0,1,1,UNDER
2019_20_20200708_BRI_LIV,2019_20,2020-07-08,20:15,BRI,LIV,Brighton & Hove Albion,Liverpool,1,3,4,OVER
2019_20_20200709_BOU_TOT,2019_20,2020-07-09,18:00,BOU,TOT,AFC Bournemouth,Tottenham Hotspur,0,0,0,UNDER
2019_20_20200709_EVE_SOU,2019_20,2020-07-09,18:00,EVE,SOU,Everton,Southampton,1,1,2,UNDER
2019_20_20200709_AVL_MUN,2019_20,2020-07-09,20:15,AVL,MUN,Aston Villa,Manchester United,0,3,3,OVER
2019_20_20200711_NOR_WHU,2019_20,2020-07-11,12:30,NOR,WHU,Norwich City,West Ham United,0,4,4,OVER
2019_20_20200711_WAT_NEW,2019_20,2020-07-11,12:30,WAT,NEW,Watford,Newcastle United,2,1,3,OVER
2019_20_20200711_LIV_BUR,2019_20,2020-07-11,15:00,LIV,BUR,Liverpool,Burnley,1,1,2,UNDER
2019_20_20200711_SHU_CHE,2019_20,2020-07-11,17:30,SHU,CHE,Sheffield United,Chelsea,3,0,3,OVER
2019_20_20200711_BRI_MCI,2019_20,2020-07-11,20:00,BRI,MCI,Brighton & Hove Albion,Manchester City,0,5,5,OVER
2019_20_20200712_WOL_EVE,2019_20,2020-07-12,12:00,WOL,EVE,Wolverhampton Wanderers,Everton,3,0,3,OVER
2019_20_20200712_AVL_CRY,2019_20,2020-07-12,14:15,AVL,CRY,Aston Villa,Crystal Palace,2,0,2,UNDER
2019_20_20200712_TOT_ARS,2019_20,2020-07-12,16:30,TOT,ARS,Tottenham Hotspur,Arsenal,2,1,3,OVER
2019_20_20200712_BOU_LEI,2019_20,2020-07-12,19:00,BOU,LEI,AFC Bournemouth,Leicester City,4,1,5,OVER
2019_20_20200713_MUN_SOU,2019_20,2020-07-13,20:00,MUN,SOU,Manchester United,Southampton,2,2,4,OVER
2019_20_20200714_CHE_NOR,2019_20,2020-07-14,20:15,CHE,NOR,Chelsea,Norwich City,1,0,1,UNDER
2019_20_20200715_BUR_WOL,2019_20,2020-07-15,18:00,BUR,WOL,Burnley,Wolverhampton Wanderers,1,1,2,UNDER
2019_20_20200715_MCI_BOU,2019_20,2020-07-15,18:00,MCI,BOU,Manchester City,AFC Bournemouth,2,1,3,OVER
2019_20_20200715_NEW_TOT,2019_20,2020-07-15,18:00,NEW,TOT,Newcastle United,Tottenham Hotspur,1,3,4,OVER
2019_20_20200715_ARS_LIV,2019_20,2020-07-15,20:15,ARS,LIV,Arsenal,Liverpool,2,1,3,OVER
2019_20_20200716_EVE_AVL,2019_20,2020-07-16,18:00,EVE,AVL,Everton,Aston Villa,1,1,2,UNDER
2019_20_20200716_LEI_SHU,2019_20,2020-07-16,18:00,LEI,SHU,Leicester City,Sheffield United,2,0,2,UNDER
2019_20_20200716_CRY_MUN,2019_20,2020-07-16,20:15,CRY,MUN,Crystal Palace,Manchester United,0,2,2,UNDER
2019_20_20200716_SOU_BRI,2019_20,2020-07-16,20:15,SOU,BRI,Southampton,Brighton & Hove Albion,1,1,2,UNDER
2019_20_20200717_WHU_WAT,2019_20,2020-07-17,20:00,WHU,WAT,West Ham United,Watford,3,1,4,OVER
2019_20_20200718_NOR_BUR,2019_20,2020-07-18,17:30,NOR,BUR,Norwich City,Burnley,0,2,2,UNDER
2019_20_20200719_BOU_SOU,2019_20,2020-07-19,14:00,BOU,SOU,AFC Bournemouth,Southampton,0,2,2,UNDER
2019_20_20200719_TOT_LEI,2019_20,2020-07-19,16:00,TOT,LEI,Tottenham Hotspur,Leicester City,3,0,3,OVER
2019_20_20200720_BRI_NEW,2019_20,2020-07-20,18:00,BRI,NEW,Brighton & Hove Albion,Newcastle United,0,0,0,UNDER
2019_20_20200720_SHU_EVE,2019_20,2020-07-20,18:00,SHU,EVE,Sheffield United,Everton,0,1,1,UNDER
2019_20_20200720_WOL_CRY,2019_20,2020-07-20,20:15,WOL,CRY,Wolverhampton Wanderers,Crystal Palace,2,0,2,UNDER
2019_20_20200721_WAT_MCI,2019_20,2020-07-21,18:00,WAT,MCI,Watford,Manchester City,0,4,4,OVER
2019_20_20200721_AVL_ARS,2019_20,2020-07-21,20:15,AVL,ARS,Aston Villa,Arsenal,1,0,1,UNDER
2019_20_20200722_MUN_WHU,2019_20,2020-07-22,18:00,MUN,WHU,Manchester United,West Ham United,1,1,2,UNDER
2019_20_20200722_LIV_CHE,2019_20,2020-07-22,20:15,LIV,CHE,Liverpool,Chelsea,5,3,8,OVER
2019_20_20200726_ARS_WAT,2019_20,2020-07-26,16:00,ARS,WAT,Arsenal,Watford,3,2,5,OVER
2019_20_20200726_BUR_BRI,2019_20,2020-07-26,16:00,BUR,BRI,Burnley,Brighton & Hove Albion,1,2,3,OVER
2019_20_20200726_CHE_WOL,2019_20,2020-07-26,16:00,CHE,WOL,Chelsea,Wolverhampton Wanderers,2,0,2,UNDER
2019_20_20200726_CRY_TOT,2019_20,2020-07-26,16:00,CRY,TOT,Crystal Palace,Tottenham Hotspur,1,1,2,UNDER
2019_20_20200726_EVE_BOU,2019_20,2020-07-26,16:00,EVE,BOU,Everton,AFC Bournemouth,1,3,4,OVER
2019_20_20200726_LEI_MUN,2019_20,2020-07-26,16:00,LEI,MUN,Leicester City,Manchester United,0,2,2,UNDER
2019_20_20200726_MCI_NOR,2019_20,2020-07-26,16:00,MCI,NOR,Manchester City,Norwich City,5,0,5,OVER
2019_20_20200726_NEW_LIV,2019_20,2020-07-26,16:00,NEW,LIV,Newcastle United,Liverpool,1,3,4,OVER
2019_20_20200726_SOU_SHU,2019_20,2020-07-26,16:00,SOU,SHU,Southampton,Sheffield United,3,1,4,OVER
2019_20_20200726_WHU_AVL,2019_20,2020-07-26,16:00,WHU,AVL,West Ham United,Aston Villa,1,1,2,UNDER
2020_21_20200912_FUL_ARS,2020_21,2020-09-12,12:30,FUL,ARS,Fulham,Arsenal,0,3,3,OVER
2020_21_20200912_CRY_SOU,2020_21,2020-09-12,15:00,CRY,SOU,Crystal Palace,Southampton,1,0,1,UNDER
2020_21_20200912_LIV_LEE,2020_21,2020-09-12,17:30,LIV,LEE,Liverpool,Leeds United,4,3,7,OVER
2020_21_20200912_WHU_NEW,2020_21,2020-09-12,20:00,WHU,NEW,West Ham United,Newcastle United,0,2,2,UNDER
2020_21_20200913_WBA_LEI,2020_21,2020-09-13,14:00,WBA,LEI,West Bromwich Albion,Leicester City,0,3,3,OVER
2020_21_20200913_TOT_EVE,2020_21,2020-09-13,16:30,TOT,EVE,Tottenham Hotspur,Everton,0,1,1,UNDER
2020_21_20200914_BRI_CHE,2020_21,2020-09-14,20:15,BRI,CHE,Brighton & Hove Albion,Chelsea,1,3,4,OVER
2020_21_20200914_SHU_WOL,2020_21,2020-09-14,18:00,SHU,WOL,Sheffield United,Wolverhampton Wanderers,0,2,2,UNDER
2020_21_20200919_EVE_WBA,2020_21,2020-09-19,12:30,EVE,WBA,Everton,West Bromwich Albion,5,2,7,OVER
2020_21_20200919_LEE_FUL,2020_21,2020-09-19,15:00,LEE,FUL,Leeds United,Fulham,4,3,7,OVER
2020_21_20200919_MUN_CRY,2020_21,2020-09-19,17:30,MUN,CRY,Manchester United,Crystal Palace,1,3,4,OVER
2020_21_20200919_ARS_WHU,2020_21,2020-09-19,20:00,ARS,WHU,Arsenal,West Ham United,2,1,3,OVER
2020_21_20200920_SOU_TOT,2020_21,2020-09-20,12:00,SOU,TOT,Southampton,Tottenham Hotspur,2,5,7,OVER
2020_21_20200920_NEW_BRI,2020_21,2020-09-20,14:00,NEW,BRI,Newcastle United,Brighton & Hove Albion,0,3,3,OVER
2020_21_20200920_CHE_LIV,2020_21,2020-09-20,16:30,CHE,LIV,Chelsea,Liverpool,0,2,2,UNDER
2020_21_20200920_LEI_BUR,2020_21,2020-09-20,19:00,LEI,BUR,Leicester City,Burnley,4,2,6,OVER
2020_21_20200921_AVL_SHU,2020_21,2020-09-21,18:00,AVL,SHU,Aston Villa,Sheffield United,1,0,1,UNDER
2020_21_20200921_WOL_MCI,2020_21,2020-09-21,20:15,WOL,MCI,Wolverhampton Wanderers,Manchester City,1,3,4,OVER
2020_21_20200926_BRI_MUN,2020_21,2020-09-26,12:30,BRI,MUN,Brighton & Hove Albion,Manchester United,2,3,5,OVER
2020_21_20200926_CRY_EVE,2020_21,2020-09-26,15:00,CRY,EVE,Crystal Palace,Everton,1,2,3,OVER
2020_21_20200926_WBA_CHE,2020_21,2020-09-26,17:30,WBA,CHE,West Bromwich Albion,Chelsea,3,3,6,OVER
2020_21_20200926_BUR_SOU,2020_21,2020-09-26,20:00,BUR,SOU,Burnley,Southampton,0,1,1,UNDER
2020_21_20200927_SHU_LEE,2020_21,2020-09-27,12:00,SHU,LEE,Sheffield United,Leeds United,0,1,1,UNDER
2020_21_20200927_TOT_NEW,2020_21,2020-09-27,14:00,TOT,NEW,Tottenham Hotspur,Newcastle United,1,1,2,UNDER
2020_21_20200927_MCI_LEI,2020_21,2020-09-27,16:30,MCI,LEI,Manchester City,Leicester City,2,5,7,OVER
2020_21_20200927_WHU_WOL,2020_21,2020-09-27,19:00,WHU,WOL,West Ham United,Wolverhampton Wanderers,4,0,4,OVER
2020_21_20200928_FUL_AVL,2020_21,2020-09-28,17:45,FUL,AVL,Fulham,Aston Villa,0,3,3,OVER
2020_21_20200928_LIV_ARS,2020_21,2020-09-28,20:00,LIV,ARS,Liverpool,Arsenal,3,1,4,OVER
2020_21_20201003_CHE_CRY,2020_21,2020-10-03,12:30,CHE,CRY,Chelsea,Crystal Palace,4,0,4,OVER
2020_21_20201003_EVE_BRI,2020_21,2020-10-03,15:00,EVE,BRI,Everton,Brighton & Hove Albion,4,2,6,OVER
2020_21_20201003_LEE_MCI,2020_21,2020-10-03,17:30,LEE,MCI,Leeds United,Manchester City,1,1,2,UNDER
2020_21_20201003_NEW_BUR,2020_21,2020-10-03,20:00,NEW,BUR,Newcastle United,Burnley,3,1,4,OVER
2020_21_20201004_LEI_WHU,2020_21,2020-10-04,12:00,LEI,WHU,Leicester City,West Ham United,0,3,3,OVER
2020_21_20201004_SOU_WBA,2020_21,2020-10-04,12:00,SOU,WBA,Southampton,West Bromwich Albion,2,0,2,UNDER
2020_21_20201004_ARS_SHU,2020_21,2020-10-04,14:00,ARS,SHU,Arsenal,Sheffield United,2,1,3,OVER
2020_21_20201004_WOL_FUL,2020_21,2020-10-04,14:00,WOL,FUL,Wolverhampton Wanderers,Fulham,1,0,1,UNDER
2020_21_20201004_MUN_TOT,2020_21,2020-10-04,16:30,MUN,TOT,Manchester United,Tottenham Hotspur,1,6,7,OVER
2020_21_20201004_AVL_LIV,2020_21,2020-10-04,19:15,AVL,LIV,Aston Villa,Liverpool,7,2,9,OVER
2020_21_20201017_EVE_LIV,2020_21,2020-10-17,12:30,EVE,LIV,Everton,Liverpool,2,2,4,OVER
2020_21_20201017_CHE_SOU,2020_21,2020-10-17,15:00,CHE,SOU,Chelsea,Southampton,3,3,6,OVER
2020_21_20201017_MCI_ARS,2020_21,2020-10-17,17:30,MCI,ARS,Manchester City,Arsenal,1,0,1,UNDER
2020_21_20201017_NEW_MUN,2020_21,2020-10-17,20:00,NEW,MUN,Newcastle United,Manchester United,1,4,5,OVER
2020_21_20201018_SHU_FUL,2020_21,2020-10-18,12:00,SHU,FUL,Sheffield United,Fulham,1,1,2,UNDER
2020_21_20201018_CRY_BRI,2020_21,2020-10-18,14:00,CRY,BRI,Crystal Palace,Brighton & Hove Albion,1,1,2,UNDER
2020_21_20201018_TOT_WHU,2020_21,2020-10-18,16:30,TOT,WHU,Tottenham Hotspur,West Ham United,3,3,6,OVER
2020_21_20201018_LEI_AVL,2020_21,2020-10-18,19:15,LEI,AVL,Leicester City,Aston Villa,0,1,1,UNDER
2020_21_20201019_WBA_BUR,2020_21,2020-10-19,17:30,WBA,BUR,West Bromwich Albion,Burnley,0,0,0,UNDER
2020_21_20201019_LEE_WOL,2020_21,2020-10-19,20:00,LEE,WOL,Leeds United,Wolverhampton Wanderers,0,1,1,UNDER
2020_21_20201023_AVL_LEE,2020_21,2020-10-23,20:00,AVL,LEE,Aston Villa,Leeds United,0,3,3,OVER
2020_21_20201024_WHU_MCI,2020_21,2020-10-24,12:30,WHU,MCI,West Ham United,Manchester City,1,1,2,UNDER
2020_21_20201024_FUL_CRY,2020_21,2020-10-24,15:00,FUL,CRY,Fulham,Crystal Palace,1,2,3,OVER
2020_21_20201024_MUN_CHE,2020_21,2020-10-24,17:30,MUN,CHE,Manchester United,Chelsea,0,0,0,UNDER
2020_21_20201024_LIV_SHU,2020_21,2020-10-24,20:00,LIV,SHU,Liverpool,Sheffield United,2,1,3,OVER
2020_21_20201025_SOU_EVE,2020_21,2020-10-25,14:00,SOU,EVE,Southampton,Everton,2,0,2,UNDER
2020_21_20201025_WOL_NEW,2020_21,2020-10-25,16:30,WOL,NEW,Wolverhampton Wanderers,Newcastle United,1,1,2,UNDER
2020_21_20201025_ARS_LEI,2020_21,2020-10-25,19:15,ARS,LEI,Arsenal,Leicester City,0,1,1,UNDER
2020_21_20201026_BRI_WBA,2020_21,2020-10-26,17:30,BRI,WBA,Brighton & Hove Albion,West Bromwich Albion,1,1,2,UNDER
2020_21_20201026_BUR_TOT,2020_21,2020-10-26,20:00,BUR,TOT,Burnley,Tottenham Hotspur,0,1,1,UNDER
2020_21_20201030_WOL_CRY,2020_21,2020-10-30,20:00,WOL,CRY,Wolverhampton Wanderers,Crystal Palace,2,0,2,UNDER
2020_21_20201031_SHU_MCI,2020_21,2020-10-31,12:30,SHU,MCI,Sheffield United,Manchester City,0,1,1,UNDER
2020_21_20201031_BUR_CHE,2020_21,2020-10-31,15:00,BUR,CHE,Burnley,Chelsea,0,3,3,OVER
2020_21_20201031_LIV_WHU,2020_21,2020-10-31,17:30,LIV,WHU,Liverpool,West Ham United,2,1,3,OVER
2020_21_20201101_AVL_SOU,2020_21,2020-11-01,12:00,AVL,SOU,Aston Villa,Southampton,3,4,7,OVER
2020_21_20201101_NEW_EVE,2020_21,2020-11-01,14:00,NEW,EVE,Newcastle United,Everton,2,1,3,OVER
2020_21_20201101_MUN_ARS,2020_21,2020-11-01,16:30,MUN,ARS,Manchester United,Arsenal,0,1,1,UNDER
2020_21_20201101_TOT_BRI,2020_21,2020-11-01,19:15,TOT,BRI,Tottenham Hotspur,Brighton & Hove Albion,2,1,3,OVER
2020_21_20201102_FUL_WBA,2020_21,2020-11-02,17:30,FUL,WBA,Fulham,West Bromwich Albion,2,0,2,UNDER
2020_21_20201102_LEE_LEI,2020_21,2020-11-02,20:00,LEE,LEI,Leeds United,Leicester City,1,4,5,OVER
2020_21_20201106_BRI_BUR,2020_21,2020-11-06,17:30,BRI,BUR,Brighton & Hove Albion,Burnley,0,0,0,UNDER
2020_21_20201106_SOU_NEW,2020_21,2020-11-06,20:00,SOU,NEW,Southampton,Newcastle United,2,0,2,UNDER
2020_21_20201107_EVE_MUN,2020_21,2020-11-07,12:30,EVE,MUN,Everton,Manchester United,1,3,4,OVER
2020_21_20201107_CRY_LEE,2020_21,2020-11-07,15:00,CRY,LEE,Crystal Palace,Leeds United,4,1,5,OVER
2020_21_20201107_CHE_SHU,2020_21,2020-11-07,17:30,CHE,SHU,Chelsea,Sheffield United,4,1,5,OVER
2020_21_20201107_WHU_FUL,2020_21,2020-11-07,20:00,WHU,FUL,West Ham United,Fulham,1,0,1,UNDER
2020_21_20201108_WBA_TOT,2020_21,2020-11-08,12:00,WBA,TOT,West Bromwich Albion,Tottenham Hotspur,0,1,1,UNDER
2020_21_20201108_LEI_WOL,2020_21,2020-11-08,14:00,LEI,WOL,Leicester City,Wolverhampton Wanderers,1,0,1,UNDER
2020_21_20201108_MCI_LIV,2020_21,2020-11-08,16:30,MCI,LIV,Manchester City,Liverpool,1,1,2,UNDER
2020_21_20201108_ARS_AVL,2020_21,2020-11-08,19:15,ARS,AVL,Arsenal,Aston Villa,0,3,3,OVER
2020_21_20201121_NEW_CHE,2020_21,2020-11-21,12:30,NEW,CHE,Newcastle United,Chelsea,0,2,2,UNDER
2020_21_20201121_AVL_BRI,2020_21,2020-11-21,15:00,AVL,BRI,Aston Villa,Brighton & Hove Albion,1,2,3,OVER
2020_21_20201121_TOT_MCI,2020_21,2020-11-21,17:30,TOT,MCI,Tottenham Hotspur,Manchester City,2,0,2,UNDER
2020_21_20201121_MUN_WBA,2020_21,2020-11-21,20:00,MUN,WBA,Manchester United,West Bromwich Albion,1,0,1,UNDER
2020_21_20201122_FUL_EVE,2020_21,2020-11-22,12:00,FUL,EVE,Fulham,Everton,2,3,5,OVER
2020_21_20201122_SHU_WHU,2020_21,2020-11-22,14:00,SHU,WHU,Sheffield United,West Ham United,0,1,1,UNDER
2020_21_20201122_LEE_ARS,2020_21,2020-11-22,16:30,LEE,ARS,Leeds United,Arsenal,0,0,0,UNDER
2020_21_20201122_LIV_LEI,2020_21,2020-11-22,19:15,LIV,LEI,Liverpool,Leicester City,3,0,3,OVER
2020_21_20201123_BUR_CRY,2020_21,2020-11-23,17:30,BUR,CRY,Burnley,Crystal Palace,1,0,1,UNDER
2020_21_20201123_WOL_SOU,2020_21,2020-11-23,20:00,WOL,SOU,Wolverhampton Wanderers,Southampton,1,1,2,UNDER
2020_21_20201127_CRY_NEW,2020_21,2020-11-27,20:00,CRY,NEW,Crystal Palace,Newcastle United,0,2,2,UNDER
2020_21_20201128_BRI_LIV,2020_21,2020-11-28,12:30,BRI,LIV,Brighton & Hove Albion,Liverpool,1,1,2,UNDER
2020_21_20201128_MCI_BUR,2020_21,2020-11-28,15:00,MCI,BUR,Manchester City,Burnley,5,0,5,OVER
2020_21_20201128_EVE_LEE,2020_21,2020-11-28,17:30,EVE,LEE,Everton,Leeds United,0,1,1,UNDER
2020_21_20201128_WBA_SHU,2020_21,2020-11-28,20:00,WBA,SHU,West Bromwich Albion,Sheffield United,1,0,1,UNDER
2020_21_20201129_SOU_MUN,2020_21,2020-11-29,14:00,SOU,MUN,Southampton,Manchester United,2,3,5,OVER
2020_21_20201129_CHE_TOT,2020_21,2020-11-29,16:30,CHE,TOT,Chelsea,Tottenham Hotspur,0,0,0,UNDER
2020_21_20201129_ARS_WOL,2020_21,2020-11-29,19:15,ARS,WOL,Arsenal,Wolverhampton Wanderers,1,2,3,OVER
2020_21_20201130_LEI_FUL,2020_21,2020-11-30,17:30,LEI,FUL,Leicester City,Fulham,1,2,3,OVER
2020_21_20201130_WHU_AVL,2020_21,2020-11-30,20:00,WHU,AVL,West Ham United,Aston Villa,2,1,3,OVER
2020_21_20201205_BUR_EVE,2020_21,2020-12-05,12:30,BUR,EVE,Burnley,Everton,1,1,2,UNDER
2020_21_20201205_MCI_FUL,2020_21,2020-12-05,15:00,MCI,FUL,Manchester City,Fulham,2,0,2,UNDER
2020_21_20201205_WHU_MUN,2020_21,2020-12-05,17:30,WHU,MUN,West Ham United,Manchester United,1,3,4,OVER
2020_21_20201205_CHE_LEE,2020_21,2020-12-05,20:00,CHE,LEE,Chelsea,Leeds United,3,1,4,OVER
2020_21_20201206_WBA_CRY,2020_21,2020-12-06,12:00,WBA,CRY,West Bromwich Albion,Crystal Palace,1,5,6,OVER
2020_21_20201206_SHU_LEI,2020_21,2020-12-06,14:15,SHU,LEI,Sheffield United,Leicester City,1,2,3,OVER
2020_21_20201206_TOT_ARS,2020_21,2020-12-06,16:30,TOT,ARS,Tottenham Hotspur,Arsenal,2,0,2,UNDER
2020_21_20201206_LIV_WOL,2020_21,2020-12-06,19:15,LIV,WOL,Liverpool,Wolverhampton Wanderers,4,0,4,OVER
2020_21_20201207_BRI_SOU,2020_21,2020-12-07,20:00,BRI,SOU,Brighton & Hove Albion,Southampton,1,2,3,OVER
2020_21_20201211_LEE_WHU,2020_21,2020-12-11,20:00,LEE,WHU,Leeds United,West Ham United,1,2,3,OVER
2020_21_20201212_WOL_AVL,2020_21,2020-12-12,12:30,WOL,AVL,Wolverhampton Wanderers,Aston Villa,0,1,1,UNDER
2020_21_20201212_NEW_WBA,2020_21,2020-12-12,15:00,NEW,WBA,Newcastle United,West Bromwich Albion,2,1,3,OVER
2020_21_20201212_MUN_MCI,2020_21,2020-12-12,17:30,MUN,MCI,Manchester United,Manchester City,0,0,0,UNDER
2020_21_20201212_EVE_CHE,2020_21,2020-12-12,20:00,EVE,CHE,Everton,Chelsea,1,0,1,UNDER
2020_21_20201213_SOU_SHU,2020_21,2020-12-13,12:00,SOU,SHU,Southampton,Sheffield United,3,0,3,OVER
2020_21_20201213_CRY_TOT,2020_21,2020-12-13,14:15,CRY,TOT,Crystal Palace,Tottenham Hotspur,1,1,2,UNDER
2020_21_20201213_FUL_LIV,2020_21,2020-12-13,16:30,FUL,LIV,Fulham,Liverpool,1,1,2,UNDER
2020_21_20201213_ARS_BUR,2020_21,2020-12-13,19:15,ARS,BUR,Arsenal,Burnley,0,1,1,UNDER
2020_21_20201213_LEI_BRI,2020_21,2020-12-13,19:15,LEI,BRI,Leicester City,Brighton & Hove Albion,3,0,3,OVER
2020_21_20201215_WOL_CHE,2020_21,2020-12-15,18:00,WOL,CHE,Wolverhampton Wanderers,Chelsea,2,1,3,OVER
2020_21_20201215_MCI_WBA,2020_21,2020-12-15,20:00,MCI,WBA,Manchester City,West Bromwich Albion,1,1,2,UNDER
2020_21_20201216_ARS_SOU,2020_21,2020-12-16,18:00,ARS,SOU,Arsenal,Southampton,1,1,2,UNDER
2020_21_20201216_LEE_NEW,2020_21,2020-12-16,18:00,LEE,NEW,Leeds United,Newcastle United,5,2,7,OVER
2020_21_20201216_LEI_EVE,2020_21,2020-12-16,18:00,LEI,EVE,Leicester City,Everton,0,2,2,UNDER
2020_21_20201216_FUL_BRI,2020_21,2020-12-16,20:00,FUL,BRI,Fulham,Brighton & Hove Albion,0,0,0,UNDER
2020_21_20201216_LIV_TOT,2020_21,2020-12-16,20:00,LIV,TOT,Liverpool,Tottenham Hotspur,2,1,3,OVER
2020_21_20201216_WHU_CRY,2020_21,2020-12-16,20:00,WHU,CRY,West Ham United,Crystal Palace,1,1,2,UNDER
2020_21_20201217_AVL_BUR,2020_21,2020-12-17,18:00,AVL,BUR,Aston Villa,Burnley,0,0,0,UNDER
2020_21_20201217_SHU_MUN,2020_21,2020-12-17,20:00,SHU,MUN,Sheffield United,Manchester United,2,3,5,OVER
2020_21_20201219_CRY_LIV,2020_21,2020-12-19,12:30,CRY,LIV,Crystal Palace,Liverpool,0,7,7,OVER
2020_21_20201219_SOU_MCI,2020_21,2020-12-19,15:00,SOU,MCI,Southampton,Manchester City,0,1,1,UNDER
2020_21_20201219_EVE_ARS,2020_21,2020-12-19,17:30,EVE,ARS,Everton,Arsenal,2,1,3,OVER
2020_21_20201219_NEW_FUL,2020_21,2020-12-19,20:00,NEW,FUL,Newcastle United,Fulham,1,1,2,UNDER
2020_21_20201220_BRI_SHU,2020_21,2020-12-20,12:00,BRI,SHU,Brighton & Hove Albion,Sheffield United,1,1,2,UNDER
2020_21_20201220_TOT_LEI,2020_21,2020-12-20,14:15,TOT,LEI,Tottenham Hotspur,Leicester City,0,2,2,UNDER
2020_21_20201220_MUN_LEE,2020_21,2020-12-20,16:30,MUN,LEE,Manchester United,Leeds United,6,2,8,OVER
2020_21_20201220_WBA_AVL,2020_21,2020-12-20,19:15,WBA,AVL,West Bromwich Albion,Aston Villa,0,3,3,OVER
2020_21_20201221_BUR_WOL,2020_21,2020-12-21,17:30,BUR,WOL,Burnley,Wolverhampton Wanderers,2,1,3,OVER
2020_21_20201221_CHE_WHU,2020_21,2020-12-21,20:00,CHE,WHU,Chelsea,West Ham United,3,0,3,OVER
2020_21_20201226_LEI_MUN,2020_21,2020-12-26,12:30,LEI,MUN,Leicester City,Manchester United,2,2,4,OVER
2020_21_20201226_AVL_CRY,2020_21,2020-12-26,15:00,AVL,CRY,Aston Villa,Crystal Palace,3,0,3,OVER
2020_21_20201226_FUL_SOU,2020_21,2020-12-26,15:00,FUL,SOU,Fulham,Southampton,0,0,0,UNDER
2020_21_20201226_ARS_CHE,2020_21,2020-12-26,17:30,ARS,CHE,Arsenal,Chelsea,3,1,4,OVER
2020_21_20201226_MCI_NEW,2020_21,2020-12-26,20:00,MCI,NEW,Manchester City,Newcastle United,2,0,2,UNDER
2020_21_20201226_SHU_EVE,2020_21,2020-12-26,20:00,SHU,EVE,Sheffield United,Everton,0,1,1,UNDER
2020_21_20201227_LEE_BUR,2020_21,2020-12-27,12:00,LEE,BUR,Leeds United,Burnley,1,0,1,UNDER
2020_21_20201227_WHU_BRI,2020_21,2020-12-27,14:15,WHU,BRI,West Ham United,Brighton & Hove Albion,2,2,4,OVER
2020_21_20201227_LIV_WBA,2020_21,2020-12-27,16:30,LIV,WBA,Liverpool,West Bromwich Albion,1,1,2,UNDER
2020_21_20201227_WOL_TOT,2020_21,2020-12-27,19:15,WOL,TOT,Wolverhampton Wanderers,Tottenham Hotspur,1,1,2,UNDER
2020_21_20201228_CRY_LEI,2020_21,2020-12-28,15:00,CRY,LEI,Crystal Palace,Leicester City,1,1,2,UNDER
2020_21_20201228_CHE_AVL,2020_21,2020-12-28,17:30,CHE,AVL,Chelsea,Aston Villa,1,1,2,UNDER
2020_21_20201229_BRI_ARS,2020_21,2020-12-29,18:00,BRI,ARS,Brighton & Hove Albion,Arsenal,0,1,1,UNDER
2020_21_20201229_BUR_SHU,2020_21,2020-12-29,18:00,BUR,SHU,Burnley,Sheffield United,1,0,1,UNDER
2020_21_20201229_SOU_WHU,2020_21,2020-12-29,18:00,SOU,WHU,Southampton,West Ham United,0,0,0,UNDER
2020_21_20201229_WBA_LEE,2020_21,2020-12-29,18:00,WBA,LEE,West Bromwich Albion,Leeds United,0,5,5,OVER
2020_21_20201229_MUN_WOL,2020_21,2020-12-29,20:00,MUN,WOL,Manchester United,Wolverhampton Wanderers,1,0,1,UNDER
2020_21_20201230_NEW_LIV,2020_21,2020-12-30,20:00,NEW,LIV,Newcastle United,Liverpool,0,0,0,UNDER
2020_21_20210101_EVE_WHU,2020_21,2021-01-01,17:30,EVE,WHU,Everton,West Ham United,0,1,1,UNDER
2020_21_20210101_MUN_AVL,2020_21,2021-01-01,20:00,MUN,AVL,Manchester United,Aston Villa,2,1,3,OVER
2020_21_20210102_TOT_LEE,2020_21,2021-01-02,12:30,TOT,LEE,Tottenham Hotspur,Leeds United,3,0,3,OVER
2020_21_20210102_CRY_SHU,2020_21,2021-01-02,15:00,CRY,SHU,Crystal Palace,Sheffield United,2,0,2,UNDER
2020_21_20210102_BRI_WOL,2020_21,2021-01-02,17:30,BRI,WOL,Brighton & Hove Albion,Wolverhampton Wanderers,3,3,6,OVER
2020_21_20210102_WBA_ARS,2020_21,2021-01-02,20:00,WBA,ARS,West Bromwich Albion,Arsenal,0,4,4,OVER
2020_21_20210103_NEW_LEI,2020_21,2021-01-03,14:15,NEW,LEI,Newcastle United,Leicester City,1,2,3,OVER
2020_21_20210103_CHE_MCI,2020_21,2021-01-03,16:30,CHE,MCI,Chelsea,Manchester City,1,3,4,OVER
2020_21_20210104_SOU_LIV,2020_21,2021-01-04,20:00,SOU,LIV,Southampton,Liverpool,1,0,1,UNDER
2020_21_20210112_SHU_NEW,2020_21,2021-01-12,18:00,SHU,NEW,Sheffield United,Newcastle United,1,0,1,UNDER
2020_21_20210112_BUR_MUN,2020_21,2021-01-12,20:15,BUR,MUN,Burnley,Manchester United,0,1,1,UNDER
2020_21_20210112_WOL_EVE,2020_21,2021-01-12,20:15,WOL,EVE,Wolverhampton Wanderers,Everton,1,2,3,OVER
2020_21_20210113_MCI_BRI,2020_21,2021-01-13,18:00,MCI,BRI,Manchester City,Brighton & Hove Albion,1,0,1,UNDER
2020_21_20210113_TOT_FUL,2020_21,2021-01-13,20:15,TOT,FUL,Tottenham Hotspur,Fulham,1,1,2,UNDER
2020_21_20210114_ARS_CRY,2020_21,2021-01-14,20:00,ARS,CRY,Arsenal,Crystal Palace,0,0,0,UNDER
2020_21_20210116_WOL_WBA,2020_21,2021-01-16,12:30,WOL,WBA,Wolverhampton Wanderers,West Bromwich Albion,2,3,5,OVER
2020_21_20210116_LEE_BRI,2020_21,2021-01-16,15:00,LEE,BRI,Leeds United,Brighton & Hove Albion,0,1,1,UNDER
2020_21_20210116_WHU_BUR,2020_21,2021-01-16,15:00,WHU,BUR,West Ham United,Burnley,1,0,1,UNDER
2020_21_20210116_FUL_CHE,2020_21,2021-01-16,17:30,FUL,CHE,Fulham,Chelsea,0,1,1,UNDER
2020_21_20210116_LEI_SOU,2020_21,2021-01-16,20:00,LEI,SOU,Leicester City,Southampton,2,0,2,UNDER
2020_21_20210117_SHU_TOT,2020_21,2021-01-17,14:00,SHU,TOT,Sheffield United,Tottenham Hotspur,1,3,4,OVER
2020_21_20210117_LIV_MUN,2020_21,2021-01-17,16:30,LIV,MUN,Liverpool,Manchester United,0,0,0,UNDER
2020_21_20210117_MCI_CRY,2020_21,2021-01-17,19:15,MCI,CRY,Manchester City,Crystal Palace,4,0,4,OVER
2020_21_20210118_ARS_NEW,2020_21,2021-01-18,20:00,ARS,NEW,Arsenal,Newcastle United,3,0,3,OVER
2020_21_20210119_WHU_WBA,2020_21,2021-01-19,18:00,WHU,WBA,West Ham United,West Bromwich Albion,2,1,3,OVER
2020_21_20210119_LEI_CHE,2020_21,2021-01-19,20:15,LEI,CHE,Leicester City,Chelsea,2,0,2,UNDER
2020_21_20210120_MCI_AVL,2020_21,2021-01-20,18:00,MCI,AVL,Manchester City,Aston Villa,2,0,2,UNDER
2020_21_20210120_FUL_MUN,2020_21,2021-01-20,20:15,FUL,MUN,Fulham,Manchester United,1,2,3,OVER
2020_21_20210121_LIV_BUR,2020_21,2021-01-21,20:00,LIV,BUR,Liverpool,Burnley,0,1,1,UNDER
2020_21_20210123_AVL_NEW,2020_21,2021-01-23,20:00,AVL,NEW,Aston Villa,Newcastle United,2,0,2,UNDER
2020_21_20210126_CRY_WHU,2020_21,2021-01-26,18:00,CRY,WHU,Crystal Palace,West Ham United,2,3,5,OVER
2020_21_20210126_NEW_LEE,2020_21,2021-01-26,18:00,NEW,LEE,Newcastle United,Leeds United,1,2,3,OVER
2020_21_20210126_SOU_ARS,2020_21,2021-01-26,20:15,SOU,ARS,Southampton,Arsenal,1,3,4,OVER
2020_21_20210126_WBA_MCI,2020_21,2021-01-26,20:15,WBA,MCI,West Bromwich Albion,Manchester City,0,5,5,OVER
2020_21_20210127_BUR_AVL,2020_21,2021-01-27,18:00,BUR,AVL,Burnley,Aston Villa,3,2,5,OVER
2020_21_20210127_CHE_WOL,2020_21,2021-01-27,18:00,CHE,WOL,Chelsea,Wolverhampton Wanderers,0,0,0,UNDER
2020_21_20210127_BRI_FUL,2020_21,2021-01-27,19:30,BRI,FUL,Brighton & Hove Albion,Fulham,0,0,0,UNDER
2020_21_20210127_EVE_LEI,2020_21,2021-01-27,20:15,EVE,LEI,Everton,Leicester City,1,1,2,UNDER
2020_21_20210127_MUN_SHU,2020_21,2021-01-27,20:15,MUN,SHU,Manchester United,Sheffield United,1,2,3,OVER
2020_21_20210128_TOT_LIV,2020_21,2021-01-28,20:00,TOT,LIV,Tottenham Hotspur,Liverpool,1,3,4,OVER
2020_21_20210130_EVE_NEW,2020_21,2021-01-30,12:30,EVE,NEW,Everton,Newcastle United,0,2,2,UNDER
2020_21_20210130_CRY_WOL,2020_21,2021-01-30,15:00,CRY,WOL,Crystal Palace,Wolverhampton Wanderers,1,0,1,UNDER
2020_21_20210130_MCI_SHU,2020_21,2021-01-30,15:00,MCI,SHU,Manchester City,Sheffield United,1,0,1,UNDER
2020_21_20210130_WBA_FUL,2020_21,2021-01-30,15:00,WBA,FUL,West Bromwich Albion,Fulham,2,2,4,OVER
2020_21_20210130_ARS_MUN,2020_21,2021-01-30,17:30,ARS,MUN,Arsenal,Manchester United,0,0,0,UNDER
2020_21_20210130_SOU_AVL,2020_21,2021-01-30,20:00,SOU,AVL,Southampton,Aston Villa,0,1,1,UNDER
2020_21_20210131_CHE_BUR,2020_21,2021-01-31,12:00,CHE,BUR,Chelsea,Burnley,2,0,2,UNDER
2020_21_20210131_LEI_LEE,2020_21,2021-01-31,14:00,LEI,LEE,Leicester City,Leeds United,1,3,4,OVER
2020_21_20210131_WHU_LIV,2020_21,2021-01-31,16:30,WHU,LIV,West Ham United,Liverpool,1,3,4,OVER
2020_21_20210131_BRI_TOT,2020_21,2021-01-31,19:15,BRI,TOT,Brighton & Hove Albion,Tottenham Hotspur,1,0,1,UNDER
2020_21_20210202_SHU_WBA,2020_21,2021-02-02,18:00,SHU,WBA,Sheffield United,West Bromwich Albion,2,1,3,OVER
2020_21_20210202_WOL_ARS,2020_21,2021-02-02,18:00,WOL,ARS,Wolverhampton Wanderers,Arsenal,2,1,3,OVER
2020_21_20210202_MUN_SOU,2020_21,2021-02-02,20:15,MUN,SOU,Manchester United,Southampton,9,0,9,OVER
2020_21_20210202_NEW_CRY,2020_21,2021-02-02,20:15,NEW,CRY,Newcastle United,Crystal Palace,1,2,3,OVER
2020_21_20210203_BUR_MCI,2020_21,2021-02-03,18:00,BUR,MCI,Burnley,Manchester City,0,2,2,UNDER
2020_21_20210203_FUL_LEI,2020_21,2021-02-03,18:00,FUL,LEI,Fulham,Leicester City,0,2,2,UNDER
2020_21_20210203_LEE_EVE,2020_21,2021-02-03,19:30,LEE,EVE,Leeds United,Everton,1,2,3,OVER
2020_21_20210203_AVL_WHU,2020_21,2021-02-03,20:15,AVL,WHU,Aston Villa,West Ham United,1,3,4,OVER
2020_21_20210203_LIV_BRI,2020_21,2021-02-03,20:15,LIV,BRI,Liverpool,Brighton & Hove Albion,0,1,1,UNDER
2020_21_20210204_TOT_CHE,2020_21,2021-02-04,20:00,TOT,CHE,Tottenham Hotspur,Chelsea,0,1,1,UNDER
2020_21_20210206_AVL_ARS,2020_21,2021-02-06,12:30,AVL,ARS,Aston Villa,Arsenal,1,0,1,UNDER
2020_21_20210206_BUR_BRI,2020_21,2021-02-06,15:00,BUR,BRI,Burnley,Brighton & Hove Albion,1,1,2,UNDER
2020_21_20210206_NEW_SOU,2020_21,2021-02-06,15:00,NEW,SOU,Newcastle United,Southampton,3,2,5,OVER
2020_21_20210206_FUL_WHU,2020_21,2021-02-06,17:30,FUL,WHU,Fulham,West Ham United,0,0,0,UNDER
2020_21_20210206_MUN_EVE,2020_21,2021-02-06,20:00,MUN,EVE,Manchester United,Everton,3,3,6,OVER
2020_21_20210207_TOT_WBA,2020_21,2021-02-07,12:00,TOT,WBA,Tottenham Hotspur,West Bromwich Albion,2,0,2,UNDER
2020_21_20210207_WOL_LEI,2020_21,2021-02-07,14:00,WOL,LEI,Wolverhampton Wanderers,Leicester City,0,0,0,UNDER
2020_21_20210207_LIV_MCI,2020_21,2021-02-07,16:30,LIV,MCI,Liverpool,Manchester City,1,4,5,OVER
2020_21_20210207_SHU_CHE,2020_21,2021-02-07,19:15,SHU,CHE,Sheffield United,Chelsea,1,2,3,OVER
2020_21_20210208_LEE_CRY,2020_21,2021-02-08,20:00,LEE,CRY,Leeds United,Crystal Palace,2,0,2,UNDER
2020_21_20210213_LEI_LIV,2020_21,2021-02-13,12:30,LEI,LIV,Leicester City,Liverpool,3,1,4,OVER
2020_21_20210213_CRY_BUR,2020_21,2021-02-13,15:00,CRY,BUR,Crystal Palace,Burnley,0,3,3,OVER
2020_21_20210213_MCI_TOT,2020_21,2021-02-13,17:30,MCI,TOT,Manchester City,Tottenham Hotspur,3,0,3,OVER
2020_21_20210213_BRI_AVL,2020_21,2021-02-13,20:00,BRI,AVL,Brighton & Hove Albion,Aston Villa,0,0,0,UNDER
2020_21_20210214_SOU_WOL,2020_21,2021-02-14,12:00,SOU,WOL,Southampton,Wolverhampton Wanderers,1,2,3,OVER
2020_21_20210214_WBA_MUN,2020_21,2021-02-14,14:00,WBA,MUN,West Bromwich Albion,Manchester United,1,1,2,UNDER
2020_21_20210214_ARS_LEE,2020_21,2021-02-14,16:30,ARS,LEE,Arsenal,Leeds United,4,2,6,OVER
2020_21_20210214_EVE_FUL,2020_21,2021-02-14,19:00,EVE,FUL,Everton,Fulham,0,2,2,UNDER
2020_21_20210215_WHU_SHU,2020_21,2021-02-15,18:00,WHU,SHU,West Ham United,Sheffield United,3,0,3,OVER
2020_21_20210215_CHE_NEW,2020_21,2021-02-15,20:00,CHE,NEW,Chelsea,Newcastle United,2,0,2,UNDER
2020_21_20210217_BUR_FUL,2020_21,2021-02-17,18:00,BUR,FUL,Burnley,Fulham,1,1,2,UNDER
2020_21_20210217_EVE_MCI,2020_21,2021-02-17,20:15,EVE,MCI,Everton,Manchester City,1,3,4,OVER
2020_21_20210219_WOL_LEE,2020_21,2021-02-19,20:00,WOL,LEE,Wolverhampton Wanderers,Leeds United,1,0,1,UNDER
2020_21_20210220_SOU_CHE,2020_21,2021-02-20,12:30,SOU,CHE,Southampton,Chelsea,1,1,2,UNDER
2020_21_20210220_BUR_WBA,2020_21,2021-02-20,15:00,BUR,WBA,Burnley,West Bromwich Albion,0,0,0,UNDER
2020_21_20210220_LIV_EVE,2020_21,2021-02-20,17:30,LIV,EVE,Liverpool,Everton,0,2,2,UNDER
2020_21_20210220_FUL_SHU,2020_21,2021-02-20,20:00,FUL,SHU,Fulham,Sheffield United,1,0,1,UNDER
2020_21_20210221_WHU_TOT,2020_21,2021-02-21,12:00,WHU,TOT,West Ham United,Tottenham Hotspur,2,1,3,OVER
2020_21_20210221_AVL_LEI,2020_21,2021-02-21,14:05,AVL,LEI,Aston Villa,Leicester City,1,2,3,OVER
2020_21_20210221_ARS_MCI,2020_21,2021-02-21,16:30,ARS,MCI,Arsenal,Manchester City,0,1,1,UNDER
2020_21_20210221_MUN_NEW,2020_21,2021-02-21,19:00,MUN,NEW,Manchester United,Newcastle United,3,1,4,OVER
2020_21_20210222_BRI_CRY,2020_21,2021-02-22,20:00,BRI,CRY,Brighton & Hove Albion,Crystal Palace,1,2,3,OVER
2020_21_20210223_LEE_SOU,2020_21,2021-02-23,18:00,LEE,SOU,Leeds United,Southampton,3,0,3,OVER
2020_21_20210227_MCI_WHU,2020_21,2021-02-27,12:30,MCI,WHU,Manchester City,West Ham United,2,1,3,OVER
2020_21_20210227_WBA_BRI,2020_21,2021-02-27,15:00,WBA,BRI,West Bromwich Albion,Brighton & Hove Albion,1,0,1,UNDER
2020_21_20210227_LEE_AVL,2020_21,2021-02-27,17:30,LEE,AVL,Leeds United,Aston Villa,0,1,1,UNDER
2020_21_20210227_NEW_WOL,2020_21,2021-02-27,20:00,NEW,WOL,Newcastle United,Wolverhampton Wanderers,1,1,2,UNDER
2020_21_20210228_CRY_FUL,2020_21,2021-02-28,12:00,CRY,FUL,Crystal Palace,Fulham,0,0,0,UNDER
2020_21_20210228_LEI_ARS,2020_21,2021-02-28,12:00,LEI,ARS,Leicester City,Arsenal,1,3,4,OVER
2020_21_20210228_TOT_BUR,2020_21,2021-02-28,14:00,TOT,BUR,Tottenham Hotspur,Burnley,4,0,4,OVER
2020_21_20210228_CHE_MUN,2020_21,2021-02-28,16:30,CHE,MUN,Chelsea,Manchester United,0,0,0,UNDER
2020_21_20210228_SHU_LIV,2020_21,2021-02-28,19:15,SHU,LIV,Sheffield United,Liverpool,0,2,2,UNDER
2020_21_20210301_EVE_SOU,2020_21,2021-03-01,20:00,EVE,SOU,Everton,Southampton,1,0,1,UNDER
2020_21_20210302_MCI_WOL,2020_21,2021-03-02,20:00,MCI,WOL,Manchester City,Wolverhampton Wanderers,4,1,5,OVER
2020_21_20210303_BUR_LEI,2020_21,2021-03-03,18:00,BUR,LEI,Burnley,Leicester City,1,1,2,UNDER
2020_21_20210303_SHU_AVL,2020_21,2021-03-03,18:00,SHU,AVL,Sheffield United,Aston Villa,1,0,1,UNDER
2020_21_20210303_CRY_MUN,2020_21,2021-03-03,20:15,CRY,MUN,Crystal Palace,Manchester United,0,0,0,UNDER
2020_21_20210304_FUL_TOT,2020_21,2021-03-04,18:00,FUL,TOT,Fulham,Tottenham Hotspur,0,1,1,UNDER
2020_21_20210304_WBA_EVE,2020_21,2021-03-04,18:00,WBA,EVE,West Bromwich Albion,Everton,0,1,1,UNDER
2020_21_20210304_LIV_CHE,2020_21,2021-03-04,20:15,LIV,CHE,Liverpool,Chelsea,0,1,1,UNDER
2020_21_20210306_BUR_ARS,2020_21,2021-03-06,12:30,BUR,ARS,Burnley,Arsenal,1,1,2,UNDER
2020_21_20210306_SHU_SOU,2020_21,2021-03-06,15:00,SHU,SOU,Sheffield United,Southampton,0,2,2,UNDER
2020_21_20210306_AVL_WOL,2020_21,2021-03-06,17:30,AVL,WOL,Aston Villa,Wolverhampton Wanderers,0,0,0,UNDER
2020_21_20210306_BRI_LEI,2020_21,2021-03-06,20:00,BRI,LEI,Brighton & Hove Albion,Leicester City,1,2,3,OVER
2020_21_20210307_WBA_NEW,2020_21,2021-03-07,12:00,WBA,NEW,West Bromwich Albion,Newcastle United,0,0,0,UNDER
2020_21_20210307_LIV_FUL,2020_21,2021-03-07,14:00,LIV,FUL,Liverpool,Fulham,0,1,1,UNDER
2020_21_20210307_MCI_MUN,2020_21,2021-03-07,16:30,MCI,MUN,Manchester City,Manchester United,0,2,2,UNDER
2020_21_20210307_TOT_CRY,2020_21,2021-03-07,19:15,TOT,CRY,Tottenham Hotspur,Crystal Palace,4,1,5,OVER
2020_21_20210308_CHE_EVE,2020_21,2021-03-08,18:00,CHE,EVE,Chelsea,Everton,2,0,2,UNDER
2020_21_20210308_WHU_LEE,2020_21,2021-03-08,20:00,WHU,LEE,West Ham United,Leeds United,2,0,2,UNDER
2020_21_20210310_MCI_SOU,2020_21,2021-03-10,18:00,MCI,SOU,Manchester City,Southampton,5,2,7,OVER
2020_21_20210312_NEW_AVL,2020_21,2021-03-12,20:00,NEW,AVL,Newcastle United,Aston Villa,1,1,2,UNDER
2020_21_20210313_LEE_CHE,2020_21,2021-03-13,12:30,LEE,CHE,Leeds United,Chelsea,0,0,0,UNDER
2020_21_20210313_CRY_WBA,2020_21,2021-03-13,15:00,CRY,WBA,Crystal Palace,West Bromwich Albion,1,0,1,UNDER
2020_21_20210313_EVE_BUR,2020_21,2021-03-13,17:30,EVE,BUR,Everton,Burnley,1,2,3,OVER
2020_21_20210313_FUL_MCI,2020_21,2021-03-13,20:00,FUL,MCI,Fulham,Manchester City,0,3,3,OVER
2020_21_20210314_SOU_BRI,2020_21,2021-03-14,12:00,SOU,BRI,Southampton,Brighton & Hove Albion,1,2,3,OVER
2020_21_20210314_LEI_SHU,2020_21,2021-03-14,14:00,LEI,SHU,Leicester City,Sheffield United,5,0,5,OVER
2020_21_20210314_ARS_TOT,2020_21,2021-03-14,16:30,ARS,TOT,Arsenal,Tottenham Hotspur,2,1,3,OVER
2020_21_20210314_MUN_WHU,2020_21,2021-03-14,19:15,MUN,WHU,Manchester United,West Ham United,1,0,1,UNDER
2020_21_20210315_WOL_LIV,2020_21,2021-03-15,20:00,WOL,LIV,Wolverhampton Wanderers,Liverpool,0,1,1,UNDER
2020_21_20210319_FUL_LEE,2020_21,2021-03-19,20:00,FUL,LEE,Fulham,Leeds United,1,2,3,OVER
2020_21_20210320_BRI_NEW,2020_21,2021-03-20,20:00,BRI,NEW,Brighton & Hove Albion,Newcastle United,3,0,3,OVER
2020_21_20210321_WHU_ARS,2020_21,2021-03-21,15:00,WHU,ARS,West Ham United,Arsenal,3,3,6,OVER
2020_21_20210321_AVL_TOT,2020_21,2021-03-21,19:30,AVL,TOT,Aston Villa,Tottenham Hotspur,0,2,2,UNDER
2020_21_20210403_CHE_WBA,2020_21,2021-04-03,12:30,CHE,WBA,Chelsea,West Bromwich Albion,2,5,7,OVER
2020_21_20210403_LEE_SHU,2020_21,2021-04-03,15:00,LEE,SHU,Leeds United,Sheffield United,2,1,3,OVER
2020_21_20210403_LEI_MCI,2020_21,2021-04-03,17:30,LEI,MCI,Leicester City,Manchester City,0,2,2,UNDER
2020_21_20210403_ARS_LIV,2020_21,2021-04-03,20:00,ARS,LIV,Arsenal,Liverpool,0,3,3,OVER
2020_21_20210404_SOU_BUR,2020_21,2021-04-04,12:00,SOU,BUR,Southampton,Burnley,3,2,5,OVER
2020_21_20210404_NEW_TOT,2020_21,2021-04-04,14:05,NEW,TOT,Newcastle United,Tottenham Hotspur,2,2,4,OVER
2020_21_20210404_AVL_FUL,2020_21,2021-04-04,16:30,AVL,FUL,Aston Villa,Fulham,3,1,4,OVER
2020_21_20210404_MUN_BRI,2020_21,2021-04-04,19:30,MUN,BRI,Manchester United,Brighton & Hove Albion,2,1,3,OVER
2020_21_20210405_EVE_CRY,2020_21,2021-04-05,18:00,EVE,CRY,Everton,Crystal Palace,1,1,2,UNDER
2020_21_20210405_WOL_WHU,2020_21,2021-04-05,20:15,WOL,WHU,Wolverhampton Wanderers,West Ham United,2,3,5,OVER
2020_21_20210409_FUL_WOL,2020_21,2021-04-09,20:00,FUL,WOL,Fulham,Wolverhampton Wanderers,0,1,1,UNDER
2020_21_20210410_MCI_LEE,2020_21,2021-04-10,12:30,MCI,LEE,Manchester City,Leeds United,1,2,3,OVER
2020_21_20210410_LIV_AVL,2020_21,2021-04-10,15:00,LIV,AVL,Liverpool,Aston Villa,2,1,3,OVER
2020_21_20210410_CRY_CHE,2020_21,2021-04-10,17:30,CRY,CHE,Crystal Palace,Chelsea,1,4,5,OVER
2020_21_20210411_BUR_NEW,2020_21,2021-04-11,12:00,BUR,NEW,Burnley,Newcastle United,1,2,3,OVER
2020_21_20210411_WHU_LEI,2020_21,2021-04-11,14:05,WHU,LEI,West Ham United,Leicester City,3,2,5,OVER
2020_21_20210411_TOT_MUN,2020_21,2021-04-11,16:30,TOT,MUN,Tottenham Hotspur,Manchester United,1,3,4,OVER
2020_21_20210411_SHU_ARS,2020_21,2021-04-11,19:00,SHU,ARS,Sheffield United,Arsenal,0,3,3,OVER
2020_21_20210412_WBA_SOU,2020_21,2021-04-12,18:00,WBA,SOU,West Bromwich Albion,Southampton,3,0,3,OVER
2020_21_20210412_BRI_EVE,2020_21,2021-04-12,20:15,BRI,EVE,Brighton & Hove Albion,Everton,0,0,0,UNDER
2020_21_20210416_EVE_TOT,2020_21,2021-04-16,20:00,EVE,TOT,Everton,Tottenham Hotspur,2,2,4,OVER
2020_21_20210417_NEW_WHU,2020_21,2021-04-17,12:30,NEW,WHU,Newcastle United,West Ham United,3,2,5,OVER
2020_21_20210417_WOL_SHU,2020_21,2021-04-17,20:15,WOL,SHU,Wolverhampton Wanderers,Sheffield United,1,0,1,UNDER
2020_21_20210418_ARS_FUL,2020_21,2021-04-18,13:30,ARS,FUL,Arsenal,Fulham,1,1,2,UNDER
2020_21_20210418_MUN_BUR,2020_21,2021-04-18,16:00,MUN,BUR,Manchester United,Burnley,3,1,4,OVER
2020_21_20210419_LEE_LIV,2020_21,2021-04-19,20:00,LEE,LIV,Leeds United,Liverpool,1,1,2,UNDER
2020_21_20210420_CHE_BRI,2020_21,2021-04-20,20:00,CHE,BRI,Chelsea,Brighton & Hove Albion,0,0,0,UNDER
2020_21_20210421_TOT_SOU,2020_21,2021-04-21,18:00,TOT,SOU,Tottenham Hotspur,Southampton,2,1,3,OVER
2020_21_20210421_AVL_MCI,2020_21,2021-04-21,20:15,AVL,MCI,Aston Villa,Manchester City,1,2,3,OVER
2020_21_20210422_LEI_WBA,2020_21,2021-04-22,20:00,LEI,WBA,Leicester City,West Bromwich Albion,3,0,3,OVER
2020_21_20210423_ARS_EVE,2020_21,2021-04-23,20:00,ARS,EVE,Arsenal,Everton,0,1,1,UNDER
2020_21_20210424_LIV_NEW,2020_21,2021-04-24,12:30,LIV,NEW,Liverpool,Newcastle United,1,1,2,UNDER
2020_21_20210424_WHU_CHE,2020_21,2021-04-24,17:30,WHU,CHE,West Ham United,Chelsea,0,1,1,UNDER
2020_21_20210424_SHU_BRI,2020_21,2021-04-24,20:00,SHU,BRI,Sheffield United,Brighton & Hove Albion,1,0,1,UNDER
2020_21_20210425_WOL_BUR,2020_21,2021-04-25,12:00,WOL,BUR,Wolverhampton Wanderers,Burnley,0,4,4,OVER
2020_21_20210425_LEE_MUN,2020_21,2021-04-25,14:00,LEE,MUN,Leeds United,Manchester United,0,0,0,UNDER
2020_21_20210425_AVL_WBA,2020_21,2021-04-25,19:00,AVL,WBA,Aston Villa,West Bromwich Albion,2,2,4,OVER
2020_21_20210426_LEI_CRY,2020_21,2021-04-26,20:00,LEI,CRY,Leicester City,Crystal Palace,2,1,3,OVER
2020_21_20210430_SOU_LEI,2020_21,2021-04-30,20:00,SOU,LEI,Southampton,Leicester City,1,1,2,UNDER
2020_21_20210501_CRY_MCI,2020_21,2021-05-01,12:30,CRY,MCI,Crystal Palace,Manchester City,0,2,2,UNDER
2020_21_20210501_BRI_LEE,2020_21,2021-05-01,15:00,BRI,LEE,Brighton & Hove Albion,Leeds United,2,0,2,UNDER
2020_21_20210501_CHE_FUL,2020_21,2021-05-01,17:30,CHE,FUL,Chelsea,Fulham,2,0,2,UNDER
2020_21_20210501_EVE_AVL,2020_21,2021-05-01,20:00,EVE,AVL,Everton,Aston Villa,1,2,3,OVER
2020_21_20210502_NEW_ARS,2020_21,2021-05-02,14:00,NEW,ARS,Newcastle United,Arsenal,0,2,2,UNDER
2020_21_20210502_TOT_SHU,2020_21,2021-05-02,19:15,TOT,SHU,Tottenham Hotspur,Sheffield United,4,0,4,OVER
2020_21_20210503_WBA_WOL,2020_21,2021-05-03,18:00,WBA,WOL,West Bromwich Albion,Wolverhampton Wanderers,1,1,2,UNDER
2020_21_20210503_BUR_WHU,2020_21,2021-05-03,20:15,BUR,WHU,Burnley,West Ham United,1,2,3,OVER
2020_21_20210507_LEI_NEW,2020_21,2021-05-07,20:00,LEI,NEW,Leicester City,Newcastle United,2,4,6,OVER
2020_21_20210508_LEE_TOT,2020_21,2021-05-08,12:30,LEE,TOT,Leeds United,Tottenham Hotspur,3,1,4,OVER
2020_21_20210508_SHU_CRY,2020_21,2021-05-08,15:00,SHU,CRY,Sheffield United,Crystal Palace,0,2,2,UNDER
2020_21_20210508_MCI_CHE,2020_21,2021-05-08,17:30,MCI,CHE,Manchester City,Chelsea,1,2,3,OVER
2020_21_20210508_LIV_SOU,2020_21,2021-05-08,20:15,LIV,SOU,Liverpool,Southampton,2,0,2,UNDER
2020_21_20210509_WOL_BRI,2020_21,2021-05-09,12:00,WOL,BRI,Wolverhampton Wanderers,Brighton & Hove Albion,2,1,3,OVER
2020_21_20210509_AVL_MUN,2020_21,2021-05-09,14:05,AVL,MUN,Aston Villa,Manchester United,1,3,4,OVER
2020_21_20210509_WHU_EVE,2020_21,2021-05-09,16:30,WHU,EVE,West Ham United,Everton,0,1,1,UNDER
2020_21_20210509_ARS_WBA,2020_21,2021-05-09,19:00,ARS,WBA,Arsenal,West Bromwich Albion,3,1,4,OVER
2020_21_20210510_FUL_BUR,2020_21,2021-05-10,20:00,FUL,BUR,Fulham,Burnley,0,2,2,UNDER
2020_21_20210511_MUN_LEI,2020_21,2021-05-11,18:00,MUN,LEI,Manchester United,Leicester City,1,2,3,OVER
2020_21_20210511_SOU_CRY,2020_21,2021-05-11,20:15,SOU,CRY,Southampton,Crystal Palace,3,1,4,OVER
2020_21_20210512_CHE_ARS,2020_21,2021-05-12,20:15,CHE,ARS,Chelsea,Arsenal,0,1,1,UNDER
2020_21_20210513_AVL_EVE,2020_21,2021-05-13,18:00,AVL,EVE,Aston Villa,Everton,0,0,0,UNDER
2020_21_20210513_MUN_LIV,2020_21,2021-05-13,20:15,MUN,LIV,Manchester United,Liverpool,2,4,6,OVER
2020_21_20210514_NEW_MCI,2020_21,2021-05-14,20:00,NEW,MCI,Newcastle United,Manchester City,3,4,7,OVER
2020_21_20210515_BUR_LEE,2020_21,2021-05-15,12:30,BUR,LEE,Burnley,Leeds United,0,4,4,OVER
2020_21_20210515_SOU_FUL,2020_21,2021-05-15,15:00,SOU,FUL,Southampton,Fulham,3,1,4,OVER
2020_21_20210515_BRI_WHU,2020_21,2021-05-15,20:00,BRI,WHU,Brighton & Hove Albion,West Ham United,1,1,2,UNDER
2020_21_20210516_CRY_AVL,2020_21,2021-05-16,12:00,CRY,AVL,Crystal Palace,Aston Villa,3,2,5,OVER
2020_21_20210516_TOT_WOL,2020_21,2021-05-16,14:05,TOT,WOL,Tottenham Hotspur,Wolverhampton Wanderers,2,0,2,UNDER
2020_21_20210516_WBA_LIV,2020_21,2021-05-16,16:30,WBA,LIV,West Bromwich Albion,Liverpool,1,2,3,OVER
2020_21_20210516_EVE_SHU,2020_21,2021-05-16,19:00,EVE,SHU,Everton,Sheffield United,0,1,1,UNDER
2020_21_20210518_MUN_FUL,2020_21,2021-05-18,18:00,MUN,FUL,Manchester United,Fulham,1,1,2,UNDER
2020_21_20210518_SOU_LEE,2020_21,2021-05-18,18:00,SOU,LEE,Southampton,Leeds United,0,2,2,UNDER
2020_21_20210518_BRI_MCI,2020_21,2021-05-18,19:00,BRI,MCI,Brighton & Hove Albion,Manchester City,3,2,5,OVER
2020_21_20210518_CHE_LEI,2020_21,2021-05-18,20:15,CHE,LEI,Chelsea,Leicester City,2,1,3,OVER
2020_21_20210519_EVE_WOL,2020_21,2021-05-19,18:00,EVE,WOL,Everton,Wolverhampton Wanderers,1,0,1,UNDER
2020_21_20210519_NEW_SHU,2020_21,2021-05-19,18:00,NEW,SHU,Newcastle United,Sheffield United,1,0,1,UNDER
2020_21_20210519_TOT_AVL,2020_21,2021-05-19,18:00,TOT,AVL,Tottenham Hotspur,Aston Villa,1,2,3,OVER
2020_21_20210519_CRY_ARS,2020_21,2021-05-19,19:00,CRY,ARS,Crystal Palace,Arsenal,1,3,4,OVER
2020_21_20210519_BUR_LIV,2020_21,2021-05-19,20:15,BUR,LIV,Burnley,Liverpool,0,3,3,OVER
2020_21_20210519_WBA_WHU,2020_21,2021-05-19,20:15,WBA,WHU,West Bromwich Albion,West Ham United,1,3,4,OVER
2020_21_20210523_ARS_BRI,2020_21,2021-05-23,16:00,ARS,BRI,Arsenal,Brighton & Hove Albion,2,0,2,UNDER
2020_21_20210523_AVL_CHE,2020_21,2021-05-23,16:00,AVL,CHE,Aston Villa,Chelsea,2,1,3,OVER
2020_21_20210523_FUL_NEW,2020_21,2021-05-23,16:00,FUL,NEW,Fulham,Newcastle United,0,2,2,UNDER
2020_21_20210523_LEE_WBA,2020_21,2021-05-23,16:00,LEE,WBA,Leeds United,West Bromwich Albion,3,1,4,OVER
2020_21_20210523_LEI_TOT,2020_21,2021-05-23,16:00,LEI,TOT,Leicester City,Tottenham Hotspur,2,4,6,OVER
2020_21_20210523_LIV_CRY,2020_21,2021-05-23,16:00,LIV,CRY,Liverpool,Crystal Palace,2,0,2,UNDER
2020_21_20210523_MCI_EVE,2020_21,2021-05-23,16:00,MCI,EVE,Manchester City,Everton,5,0,5,OVER
2020_21_20210523_SHU_BUR,2020_21,2021-05-23,16:00,SHU,BUR,Sheffield United,Burnley,1,0,1,UNDER
2020_21_20210523_WHU_SOU,2020_21,2021-05-23,16:00,WHU,SOU,West Ham United,Southampton,3,0,3,OVER
2020_21_20210523_WOL_MUN,2020_21,2021-05-23,16:00,WOL,MUN,Wolverhampton Wanderers,Manchester United,1,2,3,OVER
2021_22_20210813_BRE_ARS,2021_22,2021-08-13,20:00,BRE,ARS,Brentford,Arsenal,2,0,2,UNDER
2021_22_20210814_MUN_LEE,2021_22,2021-08-14,12:30,MUN,LEE,Manchester United,Leeds United,5,1,6,OVER
2021_22_20210814_BUR_BRI,2021_22,2021-08-14,15:00,BUR,BRI,Burnley,Brighton & Hove Albion,1,2,3,OVER
2021_22_20210814_CHE_CRY,2021_22,2021-08-14,15:00,CHE,CRY,Chelsea,Crystal Palace,3,0,3,OVER
2021_22_20210814_EVE_SOU,2021_22,2021-08-14,15:00,EVE,SOU,Everton,Southampton,3,1,4,OVER
2021_22_20210814_LEI_WOL,2021_22,2021-08-14,15:00,LEI,WOL,Leicester City,Wolverhampton Wanderers,1,0,1,UNDER
2021_22_20210814_WAT_AVL,2021_22,2021-08-14,15:00,WAT,AVL,Watford,Aston Villa,3,2,5,OVER
2021_22_20210814_NOR_LIV,2021_22,2021-08-14,17:30,NOR,LIV,Norwich City,Liverpool,0,3,3,OVER
2021_22_20210815_NEW_WHU,2021_22,2021-08-15,14:00,NEW,WHU,Newcastle United,West Ham United,2,4,6,OVER
2021_22_20210815_TOT_MCI,2021_22,2021-08-15,16:30,TOT,MCI,Tottenham Hotspur,Manchester City,1,0,1,UNDER
2021_22_20210821_LIV_BUR,2021_22,2021-08-21,12:30,LIV,BUR,Liverpool,Burnley,2,0,2,UNDER
2021_22_20210821_AVL_NEW,2021_22,2021-08-21,15:00,AVL,NEW,Aston Villa,Newcastle United,2,0,2,UNDER
2021_22_20210821_CRY_BRE,2021_22,2021-08-21,15:00,CRY,BRE,Crystal Palace,Brentford,0,0,0,UNDER
2021_22_20210821_LEE_EVE,2021_22,2021-08-21,15:00,LEE,EVE,Leeds United,Everton,2,2,4,OVER
2021_22_20210821_MCI_NOR,2021_22,2021-08-21,15:00,MCI,NOR,Manchester City,Norwich City,5,0,5,OVER
2021_22_20210821_BRI_WAT,2021_22,2021-08-21,17:30,BRI,WAT,Brighton & Hove Albion,Watford,2,0,2,UNDER
2021_22_20210822_SOU_MUN,2021_22,2021-08-22,14:00,SOU,MUN,Southampton,Manchester United,1,1,2,UNDER
2021_22_20210822_WOL_TOT,2021_22,2021-08-22,14:00,WOL,TOT,Wolverhampton Wanderers,Tottenham Hotspur,0,1,1,UNDER
2021_22_20210822_ARS_CHE,2021_22,2021-08-22,16:30,ARS,CHE,Arsenal,Chelsea,0,2,2,UNDER
2021_22_20210823_WHU_LEI,2021_22,2021-08-23,20:00,WHU,LEI,West Ham United,Leicester City,4,1,5,OVER
2021_22_20210828_MCI_ARS,2021_22,2021-08-28,12:30,MCI,ARS,Manchester City,Arsenal,5,0,5,OVER
2021_22_20210828_AVL_BRE,2021_22,2021-08-28,15:00,AVL,BRE,Aston Villa,Brentford,1,1,2,UNDER
2021_22_20210828_BRI_EVE,2021_22,2021-08-28,15:00,BRI,EVE,Brighton & Hove Albion,Everton,0,2,2,UNDER
2021_22_20210828_NEW_SOU,2021_22,2021-08-28,15:00,NEW,SOU,Newcastle United,Southampton,2,2,4,OVER
2021_22_20210828_NOR_LEI,2021_22,2021-08-28,15:00,NOR,LEI,Norwich City,Leicester City,1,2,3,OVER
2021_22_20210828_WHU_CRY,2021_22,2021-08-28,15:00,WHU,CRY,West Ham United,Crystal Palace,2,2,4,OVER
2021_22_20210828_LIV_CHE,2021_22,2021-08-28,17:30,LIV,CHE,Liverpool,Chelsea,1,1,2,UNDER
2021_22_20210829_BUR_LEE,2021_22,2021-08-29,14:00,BUR,LEE,Burnley,Leeds United,1,1,2,UNDER
2021_22_20210829_TOT_WAT,2021_22,2021-08-29,14:00,TOT,WAT,Tottenham Hotspur,Watford,1,0,1,UNDER
2021_22_20210829_WOL_MUN,2021_22,2021-08-29,16:30,WOL,MUN,Wolverhampton Wanderers,Manchester United,0,1,1,UNDER
2021_22_20210911_CRY_TOT,2021_22,2021-09-11,12:30,CRY,TOT,Crystal Palace,Tottenham Hotspur,3,0,3,OVER
2021_22_20210911_ARS_NOR,2021_22,2021-09-11,15:00,ARS,NOR,Arsenal,Norwich City,1,0,1,UNDER
2021_22_20210911_BRE_BRI,2021_22,2021-09-11,15:00,BRE,BRI,Brentford,Brighton & Hove Albion,0,1,1,UNDER
2021_22_20210911_LEI_MCI,2021_22,2021-09-11,15:00,LEI,MCI,Leicester City,Manchester City,0,1,1,UNDER
2021_22_20210911_MUN_NEW,2021_22,2021-09-11,15:00,MUN,NEW,Manchester United,Newcastle United,4,1,5,OVER
2021_22_20210911_SOU_WHU,2021_22,2021-09-11,15:00,SOU,WHU,Southampton,West Ham United,0,0,0,UNDER
2021_22_20210911_WAT_WOL,2021_22,2021-09-11,15:00,WAT,WOL,Watford,Wolverhampton Wanderers,0,2,2,UNDER
2021_22_20210911_CHE_AVL,2021_22,2021-09-11,17:30,CHE,AVL,Chelsea,Aston Villa,3,0,3,OVER
2021_22_20210912_LEE_LIV,2021_22,2021-09-12,16:30,LEE,LIV,Leeds United,Liverpool,0,3,3,OVER
2021_22_20210913_EVE_BUR,2021_22,2021-09-13,20:00,EVE,BUR,Everton,Burnley,3,1,4,OVER
2021_22_20210917_NEW_LEE,2021_22,2021-09-17,20:00,NEW,LEE,Newcastle United,Leeds United,1,1,2,UNDER
2021_22_20210918_WOL_BRE,2021_22,2021-09-18,12:30,WOL,BRE,Wolverhampton Wanderers,Brentford,0,2,2,UNDER
2021_22_20210918_BUR_ARS,2021_22,2021-09-18,15:00,BUR,ARS,Burnley,Arsenal,0,1,1,UNDER
2021_22_20210918_LIV_CRY,2021_22,2021-09-18,15:00,LIV,CRY,Liverpool,Crystal Palace,3,0,3,OVER
2021_22_20210918_MCI_SOU,2021_22,2021-09-18,15:00,MCI,SOU,Manchester City,Southampton,0,0,0,UNDER
2021_22_20210918_NOR_WAT,2021_22,2021-09-18,15:00,NOR,WAT,Norwich City,Watford,1,3,4,OVER
2021_22_20210918_AVL_EVE,2021_22,2021-09-18,17:30,AVL,EVE,Aston Villa,Everton,3,0,3,OVER
2021_22_20210919_BRI_LEI,2021_22,2021-09-19,14:00,BRI,LEI,Brighton & Hove Albion,Leicester City,2,1,3,OVER
2021_22_20210919_WHU_MUN,2021_22,2021-09-19,14:00,WHU,MUN,West Ham United,Manchester United,1,2,3,OVER
2021_22_20210919_TOT_CHE,2021_22,2021-09-19,16:30,TOT,CHE,Tottenham Hotspur,Chelsea,0,3,3,OVER
2021_22_20210925_CHE_MCI,2021_22,2021-09-25,12:30,CHE,MCI,Chelsea,Manchester City,0,1,1,UNDER
2021_22_20210925_MUN_AVL,2021_22,2021-09-25,12:30,MUN,AVL,Manchester United,Aston Villa,0,1,1,UNDER
2021_22_20210925_EVE_NOR,2021_22,2021-09-25,15:00,EVE,NOR,Everton,Norwich City,2,0,2,UNDER
2021_22_20210925_LEE_WHU,2021_22,2021-09-25,15:00,LEE,WHU,Leeds United,West Ham United,1,2,3,OVER
2021_22_20210925_LEI_BUR,2021_22,2021-09-25,15:00,LEI,BUR,Leicester City,Burnley,2,2,4,OVER
2021_22_20210925_WAT_NEW,2021_22,2021-09-25,15:00,WAT,NEW,Watford,Newcastle United,1,1,2,UNDER
2021_22_20210925_BRE_LIV,2021_22,2021-09-25,17:30,BRE,LIV,Brentford,Liverpool,3,3,6,OVER
2021_22_20210926_SOU_WOL,2021_22,2021-09-26,14:00,SOU,WOL,Southampton,Wolverhampton Wanderers,0,1,1,UNDER
2021_22_20210926_ARS_TOT,2021_22,2021-09-26,16:30,ARS,TOT,Arsenal,Tottenham Hotspur,3,1,4,OVER
2021_22_20210927_CRY_BRI,2021_22,2021-09-27,20:00,CRY,BRI,Crystal Palace,Brighton & Hove Albion,1,1,2,UNDER
2021_22_20211002_MUN_EVE,2021_22,2021-10-02,12:30,MUN,EVE,Manchester United,Everton,1,1,2,UNDER
2021_22_20211002_BUR_NOR,2021_22,2021-10-02,15:00,BUR,NOR,Burnley,Norwich City,0,0,0,UNDER
2021_22_20211002_CHE_SOU,2021_22,2021-10-02,15:00,CHE,SOU,Chelsea,Southampton,3,1,4,OVER
2021_22_20211002_LEE_WAT,2021_22,2021-10-02,15:00,LEE,WAT,Leeds United,Watford,1,0,1,UNDER
2021_22_20211002_WOL_NEW,2021_22,2021-10-02,15:00,WOL,NEW,Wolverhampton Wanderers,Newcastle United,2,1,3,OVER
2021_22_20211002_BRI_ARS,2021_22,2021-10-02,17:30,BRI,ARS,Brighton & Hove Albion,Arsenal,0,0,0,UNDER
2021_22_20211003_CRY_LEI,2021_22,2021-10-03,14:00,CRY,LEI,Crystal Palace,Leicester City,2,2,4,OVER
2021_22_20211003_TOT_AVL,2021_22,2021-10-03,14:00,TOT,AVL,Tottenham Hotspur,Aston Villa,2,1,3,OVER
2021_22_20211003_WHU_BRE,2021_22,2021-10-03,14:00,WHU,BRE,West Ham United,Brentford,1,2,3,OVER
2021_22_20211003_LIV_MCI,2021_22,2021-10-03,16:30,LIV,MCI,Liverpool,Manchester City,2,2,4,OVER
2021_22_20211016_WAT_LIV,2021_22,2021-10-16,12:30,WAT,LIV,Watford,Liverpool,0,5,5,OVER
2021_22_20211016_AVL_WOL,2021_22,2021-10-16,15:00,AVL,WOL,Aston Villa,Wolverhampton Wanderers,2,3,5,OVER
2021_22_20211016_LEI_MUN,2021_22,2021-10-16,15:00,LEI,MUN,Leicester City,Manchester United,4,2,6,OVER
2021_22_20211016_MCI_BUR,2021_22,2021-10-16,15:00,MCI,BUR,Manchester City,Burnley,2,0,2,UNDER
2021_22_20211016_NOR_BRI,2021_22,2021-10-16,15:00,NOR,BRI,Norwich City,Brighton & Hove Albion,0,0,0,UNDER
2021_22_20211016_SOU_LEE,2021_22,2021-10-16,15:00,SOU,LEE,Southampton,Leeds United,1,0,1,UNDER
2021_22_20211016_BRE_CHE,2021_22,2021-10-16,17:30,BRE,CHE,Brentford,Chelsea,0,1,1,UNDER
2021_22_20211017_EVE_WHU,2021_22,2021-10-17,14:00,EVE,WHU,Everton,West Ham United,0,1,1,UNDER
2021_22_20211017_NEW_TOT,2021_22,2021-10-17,16:30,NEW,TOT,Newcastle United,Tottenham Hotspur,2,3,5,OVER
2021_22_20211018_ARS_CRY,2021_22,2021-10-18,20:00,ARS,CRY,Arsenal,Crystal Palace,2,2,4,OVER
2021_22_20211022_ARS_AVL,2021_22,2021-10-22,20:00,ARS,AVL,Arsenal,Aston Villa,3,1,4,OVER
2021_22_20211023_CHE_NOR,2021_22,2021-10-23,12:30,CHE,NOR,Chelsea,Norwich City,7,0,7,OVER
2021_22_20211023_CRY_NEW,2021_22,2021-10-23,15:00,CRY,NEW,Crystal Palace,Newcastle United,1,1,2,UNDER
2021_22_20211023_EVE_WAT,2021_22,2021-10-23,15:00,EVE,WAT,Everton,Watford,2,5,7,OVER
2021_22_20211023_LEE_WOL,2021_22,2021-10-23,15:00,LEE,WOL,Leeds United,Wolverhampton Wanderers,1,1,2,UNDER
2021_22_20211023_SOU_BUR,2021_22,2021-10-23,15:00,SOU,BUR,Southampton,Burnley,2,2,4,OVER
2021_22_20211023_BRI_MCI,2021_22,2021-10-23,17:30,BRI,MCI,Brighton & Hove Albion,Manchester City,1,4,5,OVER
2021_22_20211024_BRE_LEI,2021_22,2021-10-24,14:00,BRE,LEI,Brentford,Leicester City,1,2,3,OVER
2021_22_20211024_WHU_TOT,2021_22,2021-10-24,14:00,WHU,TOT,West Ham United,Tottenham Hotspur,1,0,1,UNDER
2021_22_20211024_MUN_LIV,2021_22,2021-10-24,16:30,MUN,LIV,Manchester United,Liverpool,0,5,5,OVER
2021_22_20211030_LEI_ARS,2021_22,2021-10-30,12:30,LEI,ARS,Leicester City,Arsenal,0,2,2,UNDER
2021_22_20211030_BUR_BRE,2021_22,2021-10-30,15:00,BUR,BRE,Burnley,Brentford,3,1,4,OVER
2021_22_20211030_LIV_BRI,2021_22,2021-10-30,15:00,LIV,BRI,Liverpool,Brighton & Hove Albion,2,2,4,OVER
2021_22_20211030_MCI_CRY,2021_22,2021-10-30,15:00,MCI,CRY,Manchester City,Crystal Palace,0,2,2,UNDER
2021_22_20211030_NEW_CHE,2021_22,2021-10-30,15:00,NEW,CHE,Newcastle United,Chelsea,0,3,3,OVER
2021_22_20211030_WAT_SOU,2021_22,2021-10-30,15:00,WAT,SOU,Watford,Southampton,0,1,1,UNDER
2021_22_20211030_TOT_MUN,2021_22,2021-10-30,17:30,TOT,MUN,Tottenham Hotspur,Manchester United,0,3,3,OVER
2021_22_20211031_NOR_LEE,2021_22,2021-10-31,14:00,NOR,LEE,Norwich City,Leeds United,1,2,3,OVER
2021_22_20211031_AVL_WHU,2021_22,2021-10-31,16:30,AVL,WHU,Aston Villa,West Ham United,1,4,5,OVER
2021_22_20211101_WOL_EVE,2021_22,2021-11-01,20:00,WOL,EVE,Wolverhampton Wanderers,Everton,2,1,3,OVER
2021_22_20211105_SOU_AVL,2021_22,2021-11-05,20:00,SOU,AVL,Southampton,Aston Villa,1,0,1,UNDER
2021_22_20211106_MUN_MCI,2021_22,2021-11-06,12:30,MUN,MCI,Manchester United,Manchester City,0,2,2,UNDER
2021_22_20211106_BRE_NOR,2021_22,2021-11-06,15:00,BRE,NOR,Brentford,Norwich City,1,2,3,OVER
2021_22_20211106_CHE_BUR,2021_22,2021-11-06,15:00,CHE,BUR,Chelsea,Burnley,1,1,2,UNDER
2021_22_20211106_CRY_WOL,2021_22,2021-11-06,15:00,CRY,WOL,Crystal Palace,Wolverhampton Wanderers,2,0,2,UNDER
2021_22_20211106_BRI_NEW,2021_22,2021-11-06,17:30,BRI,NEW,Brighton & Hove Albion,Newcastle United,1,1,2,UNDER
2021_22_20211107_ARS_WAT,2021_22,2021-11-07,14:00,ARS,WAT,Arsenal,Watford,1,0,1,UNDER
2021_22_20211107_EVE_TOT,2021_22,2021-11-07,14:00,EVE,TOT,Everton,Tottenham Hotspur,0,0,0,UNDER
2021_22_20211107_LEE_LEI,2021_22,2021-11-07,14:00,LEE,LEI,Leeds United,Leicester City,1,1,2,UNDER
2021_22_20211107_WHU_LIV,2021_22,2021-11-07,16:30,WHU,LIV,West Ham United,Liverpool,3,2,5,OVER
2021_22_20211120_LEI_CHE,2021_22,2021-11-20,12:30,LEI,CHE,Leicester City,Chelsea,0,3,3,OVER
2021_22_20211120_AVL_BRI,2021_22,2021-11-20,15:00,AVL,BRI,Aston Villa,Brighton & Hove Albion,2,0,2,UNDER
2021_22_20211120_BUR_CRY,2021_22,2021-11-20,15:00,BUR,CRY,Burnley,Crystal Palace,3,3,6,OVER
2021_22_20211120_NEW_BRE,2021_22,2021-11-20,15:00,NEW,BRE,Newcastle United,Brentford,3,3,6,OVER
2021_22_20211120_NOR_SOU,2021_22,2021-11-20,15:00,NOR,SOU,Norwich City,Southampton,2,1,3,OVER
2021_22_20211120_WAT_MUN,2021_22,2021-11-20,15:00,WAT,MUN,Watford,Manchester United,4,1,5,OVER
2021_22_20211120_WOL_WHU,2021_22,2021-11-20,15:00,WOL,WHU,Wolverhampton Wanderers,West Ham United,1,0,1,UNDER
2021_22_20211120_LIV_ARS,2021_22,2021-11-20,17:30,LIV,ARS,Liverpool,Arsenal,4,0,4,OVER
2021_22_20211121_MCI_EVE,2021_22,2021-11-21,14:00,MCI,EVE,Manchester City,Everton,3,0,3,OVER
2021_22_20211121_TOT_LEE,2021_22,2021-11-21,16:30,TOT,LEE,Tottenham Hotspur,Leeds United,2,1,3,OVER
2021_22_20211127_ARS_NEW,2021_22,2021-11-27,12:30,ARS,NEW,Arsenal,Newcastle United,2,0,2,UNDER
2021_22_20211127_CRY_AVL,2021_22,2021-11-27,15:00,CRY,AVL,Crystal Palace,Aston Villa,1,2,3,OVER
2021_22_20211127_LIV_SOU,2021_22,2021-11-27,15:00,LIV,SOU,Liverpool,Southampton,4,0,4,OVER
2021_22_20211127_NOR_WOL,2021_22,2021-11-27,15:00,NOR,WOL,Norwich City,Wolverhampton Wanderers,0,0,0,UNDER
2021_22_20211127_BRI_LEE,2021_22,2021-11-27,17:30,BRI,LEE,Brighton & Hove Albion,Leeds United,0,0,0,UNDER
2021_22_20211128_BRE_EVE,2021_22,2021-11-28,14:00,BRE,EVE,Brentford,Everton,1,0,1,UNDER
2021_22_20211128_LEI_WAT,2021_22,2021-11-28,14:00,LEI,WAT,Leicester City,Watford,4,2,6,OVER
2021_22_20211128_MCI_WHU,2021_22,2021-11-28,14:00,MCI,WHU,Manchester City,West Ham United,2,1,3,OVER
2021_22_20211128_CHE_MUN,2021_22,2021-11-28,16:30,CHE,MUN,Chelsea,Manchester United,1,1,2,UNDER
2021_22_20211130_NEW_NOR,2021_22,2021-11-30,19:30,NEW,NOR,Newcastle United,Norwich City,1,1,2,UNDER
2021_22_20211130_LEE_CRY,2021_22,2021-11-30,20:15,LEE,CRY,Leeds United,Crystal Palace,1,0,1,UNDER
2021_22_20211201_SOU_LEI,2021_22,2021-12-01,19:30,SOU,LEI,Southampton,Leicester City,2,2,4,OVER
2021_22_20211201_WAT_CHE,2021_22,2021-12-01,19:30,WAT,CHE,Watford,Chelsea,1,2,3,OVER
2021_22_20211201_WHU_BRI,2021_22,2021-12-01,19:30,WHU,BRI,West Ham United,Brighton & Hove Albion,1,1,2,UNDER
2021_22_20211201_WOL_BUR,2021_22,2021-12-01,19:30,WOL,BUR,Wolverhampton Wanderers,Burnley,0,0,0,UNDER
2021_22_20211201_AVL_MCI,2021_22,2021-12-01,20:15,AVL,MCI,Aston Villa,Manchester City,1,2,3,OVER
2021_22_20211201_EVE_LIV,2021_22,2021-12-01,20:15,EVE,LIV,Everton,Liverpool,1,4,5,OVER
2021_22_20211202_TOT_BRE,2021_22,2021-12-02,19:30,TOT,BRE,Tottenham Hotspur,Brentford,2,0,2,UNDER
2021_22_20211202_MUN_ARS,2021_22,2021-12-02,20:15,MUN,ARS,Manchester United,Arsenal,3,2,5,OVER
2021_22_20211204_WHU_CHE,2021_22,2021-12-04,12:30,WHU,CHE,West Ham United,Chelsea,3,2,5,OVER
2021_22_20211204_NEW_BUR,2021_22,2021-12-04,15:00,NEW,BUR,Newcastle United,Burnley,1,0,1,UNDER
2021_22_20211204_SOU_BRI,2021_22,2021-12-04,15:00,SOU,BRI,Southampton,Brighton & Hove Albion,1,1,2,UNDER
2021_22_20211204_WOL_LIV,2021_22,2021-12-04,15:00,WOL,LIV,Wolverhampton Wanderers,Liverpool,0,1,1,UNDER
2021_22_20211204_WAT_MCI,2021_22,2021-12-04,17:30,WAT,MCI,Watford,Manchester City,1,3,4,OVER
2021_22_20211205_LEE_BRE,2021_22,2021-12-05,14:00,LEE,BRE,Leeds United,Brentford,2,2,4,OVER
2021_22_20211205_MUN_CRY,2021_22,2021-12-05,14:00,MUN,CRY,Manchester United,Crystal Palace,1,0,1,UNDER
2021_22_20211205_TOT_NOR,2021_22,2021-12-05,14:00,TOT,NOR,Tottenham Hotspur,Norwich City,3,0,3,OVER
2021_22_20211205_AVL_LEI,2021_22,2021-12-05,16:30,AVL,LEI,Aston Villa,Leicester City,2,1,3,OVER
2021_22_20211206_EVE_ARS,2021_22,2021-12-06,20:00,EVE,ARS,Everton,Arsenal,2,1,3,OVER
2021_22_20211210_BRE_WAT,2021_22,2021-12-10,20:00,BRE,WAT,Brentford,Watford,2,1,3,OVER
2021_22_20211211_MCI_WOL,2021_22,2021-12-11,12:30,MCI,WOL,Manchester City,Wolverhampton Wanderers,1,0,1,UNDER
2021_22_20211211_ARS_SOU,2021_22,2021-12-11,15:00,ARS,SOU,Arsenal,Southampton,3,0,3,OVER
2021_22_20211211_CHE_LEE,2021_22,2021-12-11,15:00,CHE,LEE,Chelsea,Leeds United,3,2,5,OVER
2021_22_20211211_LIV_AVL,2021_22,2021-12-11,15:00,LIV,AVL,Liverpool,Aston Villa,1,0,1,UNDER
2021_22_20211211_NOR_MUN,2021_22,2021-12-11,17:30,NOR,MUN,Norwich City,Manchester United,0,1,1,UNDER
2021_22_20211212_BUR_WHU,2021_22,2021-12-12,14:00,BUR,WHU,Burnley,West Ham United,0,0,0,UNDER
2021_22_20211212_LEI_NEW,2021_22,2021-12-12,14:00,LEI,NEW,Leicester City,Newcastle United,4,0,4,OVER
2021_22_20211212_CRY_EVE,2021_22,2021-12-12,16:30,CRY,EVE,Crystal Palace,Everton,3,1,4,OVER
2021_22_20211214_NOR_AVL,2021_22,2021-12-14,19:45,NOR,AVL,Norwich City,Aston Villa,0,2,2,UNDER
2021_22_20211214_MCI_LEE,2021_22,2021-12-14,20:00,MCI,LEE,Manchester City,Leeds United,7,0,7,OVER
2021_22_20211215_BRI_WOL,2021_22,2021-12-15,19:30,BRI,WOL,Brighton & Hove Albion,Wolverhampton Wanderers,0,1,1,UNDER
2021_22_20211215_CRY_SOU,2021_22,2021-12-15,19:30,CRY,SOU,Crystal Palace,Southampton,2,2,4,OVER
2021_22_20211215_ARS_WHU,2021_22,2021-12-15,20:00,ARS,WHU,Arsenal,West Ham United,2,0,2,UNDER
2021_22_20211216_CHE_EVE,2021_22,2021-12-16,19:45,CHE,EVE,Chelsea,Everton,1,1,2,UNDER
2021_22_20211216_LIV_NEW,2021_22,2021-12-16,20:00,LIV,NEW,Liverpool,Newcastle United,3,1,4,OVER
2021_22_20211218_LEE_ARS,2021_22,2021-12-18,17:30,LEE,ARS,Leeds United,Arsenal,1,4,5,OVER
2021_22_20211219_NEW_MCI,2021_22,2021-12-19,14:00,NEW,MCI,Newcastle United,Manchester City,0,4,4,OVER
2021_22_20211219_WOL_CHE,2021_22,2021-12-19,14:00,WOL,CHE,Wolverhampton Wanderers,Chelsea,0,0,0,UNDER
2021_22_20211219_TOT_LIV,2021_22,2021-12-19,16:30,TOT,LIV,Tottenham Hotspur,Liverpool,2,2,4,OVER
2021_22_20211226_MCI_LEI,2021_22,2021-12-26,15:00,MCI,LEI,Manchester City,Leicester City,6,3,9,OVER
2021_22_20211226_NOR_ARS,2021_22,2021-12-26,15:00,NOR,ARS,Norwich City,Arsenal,0,5,5,OVER
2021_22_20211226_TOT_CRY,2021_22,2021-12-26,15:00,TOT,CRY,Tottenham Hotspur,Crystal Palace,3,0,3,OVER
2021_22_20211226_WHU_SOU,2021_22,2021-12-26,15:00,WHU,SOU,West Ham United,Southampton,2,3,5,OVER
2021_22_20211226_AVL_CHE,2021_22,2021-12-26,17:30,AVL,CHE,Aston Villa,Chelsea,1,3,4,OVER
2021_22_20211226_BRI_BRE,2021_22,2021-12-26,20:00,BRI,BRE,Brighton & Hove Albion,Brentford,2,0,2,UNDER
2021_22_20211227_NEW_MUN,2021_22,2021-12-27,20:00,NEW,MUN,Newcastle United,Manchester United,1,1,2,UNDER
2021_22_20211228_CRY_NOR,2021_22,2021-12-28,15:00,CRY,NOR,Crystal Palace,Norwich City,3,0,3,OVER
2021_22_20211228_SOU_TOT,2021_22,2021-12-28,15:00,SOU,TOT,Southampton,Tottenham Hotspur,1,1,2,UNDER
2021_22_20211228_WAT_WHU,2021_22,2021-12-28,15:00,WAT,WHU,Watford,West Ham United,1,4,5,OVER
2021_22_20211228_LEI_LIV,2021_22,2021-12-28,20:00,LEI,LIV,Leicester City,Liverpool,1,0,1,UNDER
2021_22_20211229_CHE_BRI,2021_22,2021-12-29,19:30,CHE,BRI,Chelsea,Brighton & Hove Albion,1,1,2,UNDER
2021_22_20211229_BRE_MCI,2021_22,2021-12-29,20:15,BRE,MCI,Brentford,Manchester City,0,1,1,UNDER
2021_22_20211230_MUN_BUR,2021_22,2021-12-30,20:15,MUN,BUR,Manchester United,Burnley,3,1,4,OVER
2021_22_20220101_ARS_MCI,2021_22,2022-01-01,12:30,ARS,MCI,Arsenal,Manchester City,1,2,3,OVER
2021_22_20220101_WAT_TOT,2021_22,2022-01-01,15:00,WAT,TOT,Watford,Tottenham Hotspur,0,1,1,UNDER
2021_22_20220101_CRY_WHU,2021_22,2022-01-01,17:30,CRY,WHU,Crystal Palace,West Ham United,2,3,5,OVER
2021_22_20220102_BRE_AVL,2021_22,2022-01-02,14:00,BRE,AVL,Brentford,Aston Villa,2,1,3,OVER
2021_22_20220102_EVE_BRI,2021_22,2022-01-02,14:00,EVE,BRI,Everton,Brighton & Hove Albion,2,3,5,OVER
2021_22_20220102_LEE_BUR,2021_22,2022-01-02,14:00,LEE,BUR,Leeds United,Burnley,3,1,4,OVER
2021_22_20220102_CHE_LIV,2021_22,2022-01-02,16:30,CHE,LIV,Chelsea,Liverpool,2,2,4,OVER
2021_22_20220103_MUN_WOL,2021_22,2022-01-03,17:30,MUN,WOL,Manchester United,Wolverhampton Wanderers,0,1,1,UNDER
2021_22_20220111_SOU_BRE,2021_22,2022-01-11,19:45,SOU,BRE,Southampton,Brentford,4,1,5,OVER
2021_22_20220112_WHU_NOR,2021_22,2022-01-12,19:45,WHU,NOR,West Ham United,Norwich City,2,0,2,UNDER
2021_22_20220114_BRI_CRY,2021_22,2022-01-14,20:00,BRI,CRY,Brighton & Hove Albion,Crystal Palace,1,1,2,UNDER
2021_22_20220115_MCI_CHE,2021_22,2022-01-15,12:30,MCI,CHE,Manchester City,Chelsea,1,0,1,UNDER
2021_22_20220115_NEW_WAT,2021_22,2022-01-15,15:00,NEW,WAT,Newcastle United,Watford,1,1,2,UNDER
2021_22_20220115_NOR_EVE,2021_22,2022-01-15,15:00,NOR,EVE,Norwich City,Everton,2,1,3,OVER
2021_22_20220115_WOL_SOU,2021_22,2022-01-15,15:00,WOL,SOU,Wolverhampton Wanderers,Southampton,3,1,4,OVER
2021_22_20220115_AVL_MUN,2021_22,2022-01-15,17:30,AVL,MUN,Aston Villa,Manchester United,2,2,4,OVER
2021_22_20220116_LIV_BRE,2021_22,2022-01-16,14:00,LIV,BRE,Liverpool,Brentford,3,0,3,OVER
2021_22_20220116_WHU_LEE,2021_22,2022-01-16,14:00,WHU,LEE,West Ham United,Leeds United,2,3,5,OVER
2021_22_20220118_BRI_CHE,2021_22,2022-01-18,20:00,BRI,CHE,Brighton & Hove Albion,Chelsea,1,1,2,UNDER
2021_22_20220119_LEI_TOT,2021_22,2022-01-19,19:30,LEI,TOT,Leicester City,Tottenham Hotspur,2,3,5,OVER
2021_22_20220119_BRE_MUN,2021_22,2022-01-19,20:00,BRE,MUN,Brentford,Manchester United,1,3,4,OVER
2021_22_20220121_WAT_NOR,2021_22,2022-01-21,20:00,WAT,NOR,Watford,Norwich City,0,3,3,OVER
2021_22_20220122_EVE_AVL,2021_22,2022-01-22,12:30,EVE,AVL,Everton,Aston Villa,0,1,1,UNDER
2021_22_20220122_BRE_WOL,2021_22,2022-01-22,15:00,BRE,WOL,Brentford,Wolverhampton Wanderers,1,2,3,OVER
2021_22_20220122_LEE_NEW,2021_22,2022-01-22,15:00,LEE,NEW,Leeds United,Newcastle United,0,1,1,UNDER
2021_22_20220122_MUN_WHU,2021_22,2022-01-22,15:00,MUN,WHU,Manchester United,West Ham United,1,0,1,UNDER
2021_22_20220122_SOU_MCI,2021_22,2022-01-22,17:30,SOU,MCI,Southampton,Manchester City,1,1,2,UNDER
2021_22_20220123_ARS_BUR,2021_22,2022-01-23,14:00,ARS,BUR,Arsenal,Burnley,0,0,0,UNDER
2021_22_20220123_CRY_LIV,2021_22,2022-01-23,14:00,CRY,LIV,Crystal Palace,Liverpool,1,3,4,OVER
2021_22_20220123_LEI_BRI,2021_22,2022-01-23,14:00,LEI,BRI,Leicester City,Brighton & Hove Albion,1,1,2,UNDER
2021_22_20220123_CHE_TOT,2021_22,2022-01-23,16:30,CHE,TOT,Chelsea,Tottenham Hotspur,2,0,2,UNDER
2021_22_20220205_BUR_WAT,2021_22,2022-02-05,18:00,BUR,WAT,Burnley,Watford,0,0,0,UNDER
2021_22_20220208_NEW_EVE,2021_22,2022-02-08,19:45,NEW,EVE,Newcastle United,Everton,3,1,4,OVER
2021_22_20220208_WHU_WAT,2021_22,2022-02-08,19:45,WHU,WAT,West Ham United,Watford,1,0,1,UNDER
2021_22_20220208_BUR_MUN,2021_22,2022-02-08,20:00,BUR,MUN,Burnley,Manchester United,1,1,2,UNDER
2021_22_20220209_MCI_BRE,2021_22,2022-02-09,19:45,MCI,BRE,Manchester City,Brentford,2,0,2,UNDER
2021_22_20220209_NOR_CRY,2021_22,2022-02-09,19:45,NOR,CRY,Norwich City,Crystal Palace,1,1,2,UNDER
2021_22_20220209_TOT_SOU,2021_22,2022-02-09,19:45,TOT,SOU,Tottenham Hotspur,Southampton,2,3,5,OVER
2021_22_20220209_AVL_LEE,2021_22,2022-02-09,20:00,AVL,LEE,Aston Villa,Leeds United,3,3,6,OVER
2021_22_20220210_LIV_LEI,2021_22,2022-02-10,19:45,LIV,LEI,Liverpool,Leicester City,2,0,2,UNDER
2021_22_20220210_WOL_ARS,2021_22,2022-02-10,19:45,WOL,ARS,Wolverhampton Wanderers,Arsenal,0,1,1,UNDER
2021_22_20220212_MUN_SOU,2021_22,2022-02-12,12:30,MUN,SOU,Manchester United,Southampton,1,1,2,UNDER
2021_22_20220212_BRE_CRY,2021_22,2022-02-12,15:00,BRE,CRY,Brentford,Crystal Palace,0,0,0,UNDER
2021_22_20220212_EVE_LEE,2021_22,2022-02-12,15:00,EVE,LEE,Everton,Leeds United,3,0,3,OVER
2021_22_20220212_WAT_BRI,2021_22,2022-02-12,15:00,WAT,BRI,Watford,Brighton & Hove Albion,0,2,2,UNDER
2021_22_20220212_NOR_MCI,2021_22,2022-02-12,17:30,NOR,MCI,Norwich City,Manchester City,0,4,4,OVER
2021_22_20220213_BUR_LIV,2021_22,2022-02-13,14:00,BUR,LIV,Burnley,Liverpool,0,1,1,UNDER
2021_22_20220213_NEW_AVL,2021_22,2022-02-13,14:00,NEW,AVL,Newcastle United,Aston Villa,1,0,1,UNDER
2021_22_20220213_TOT_WOL,2021_22,2022-02-13,14:00,TOT,WOL,Tottenham Hotspur,Wolverhampton Wanderers,0,2,2,UNDER
2021_22_20220213_LEI_WHU,2021_22,2022-02-13,16:30,LEI,WHU,Leicester City,West Ham United,2,2,4,OVER
2021_22_20220215_MUN_BRI,2021_22,2022-02-15,20:15,MUN,BRI,Manchester United,Brighton & Hove Albion,2,0,2,UNDER
2021_22_20220219_WHU_NEW,2021_22,2022-02-19,12:30,WHU,NEW,West Ham United,Newcastle United,1,1,2,UNDER
2021_22_20220219_ARS_BRE,2021_22,2022-02-19,15:00,ARS,BRE,Arsenal,Brentford,2,1,3,OVER
2021_22_20220219_AVL_WAT,2021_22,2022-02-19,15:00,AVL,WAT,Aston Villa,Watford,0,1,1,UNDER
2021_22_20220219_BRI_BUR,2021_22,2022-02-19,15:00,BRI,BUR,Brighton & Hove Albion,Burnley,0,3,3,OVER
2021_22_20220219_CRY_CHE,2021_22,2022-02-19,15:00,CRY,CHE,Crystal Palace,Chelsea,0,1,1,UNDER
2021_22_20220219_LIV_NOR,2021_22,2022-02-19,15:00,LIV,NOR,Liverpool,Norwich City,3,1,4,OVER
2021_22_20220219_SOU_EVE,2021_22,2022-02-19,15:00,SOU,EVE,Southampton,Everton,2,0,2,UNDER
2021_22_20220219_MCI_TOT,2021_22,2022-02-19,17:30,MCI,TOT,Manchester City,Tottenham Hotspur,2,3,5,OVER
2021_22_20220220_LEE_MUN,2021_22,2022-02-20,14:00,LEE,MUN,Leeds United,Manchester United,2,4,6,OVER
2021_22_20220220_WOL_LEI,2021_22,2022-02-20,16:30,WOL,LEI,Wolverhampton Wanderers,Leicester City,2,1,3,OVER
2021_22_20220223_BUR_TOT,2021_22,2022-02-23,19:30,BUR,TOT,Burnley,Tottenham Hotspur,1,0,1,UNDER
2021_22_20220223_WAT_CRY,2021_22,2022-02-23,19:30,WAT,CRY,Watford,Crystal Palace,1,4,5,OVER
2021_22_20220223_LIV_LEE,2021_22,2022-02-23,19:45,LIV,LEE,Liverpool,Leeds United,6,0,6,OVER
2021_22_20220224_ARS_WOL,2021_22,2022-02-24,19:45,ARS,WOL,Arsenal,Wolverhampton Wanderers,2,1,3,OVER
2021_22_20220225_SOU_NOR,2021_22,2022-02-25,20:00,SOU,NOR,Southampton,Norwich City,2,0,2,UNDER
2021_22_20220226_LEE_TOT,2021_22,2022-02-26,12:30,LEE,TOT,Leeds United,Tottenham Hotspur,0,4,4,OVER
2021_22_20220226_BRE_NEW,2021_22,2022-02-26,15:00,BRE,NEW,Brentford,Newcastle United,0,2,2,UNDER
2021_22_20220226_CRY_BUR,2021_22,2022-02-26,15:00,CRY,BUR,Crystal Palace,Burnley,1,1,2,UNDER
2021_22_20220226_MUN_WAT,2021_22,2022-02-26,15:00,MUN,WAT,Manchester United,Watford,0,0,0,UNDER
2021_22_20220226_BRI_AVL,2021_22,2022-02-26,15:30,BRI,AVL,Brighton & Hove Albion,Aston Villa,0,2,2,UNDER
2021_22_20220226_EVE_MCI,2021_22,2022-02-26,17:30,EVE,MCI,Everton,Manchester City,0,1,1,UNDER
2021_22_20220227_WHU_WOL,2021_22,2022-02-27,14:00,WHU,WOL,West Ham United,Wolverhampton Wanderers,1,0,1,UNDER
2021_22_20220301_BUR_LEI,2021_22,2022-03-01,19:45,BUR,LEI,Burnley,Leicester City,0,2,2,UNDER
2021_22_20220305_LEI_LEE,2021_22,2022-03-05,12:30,LEI,LEE,Leicester City,Leeds United,1,0,1,UNDER
2021_22_20220305_AVL_SOU,2021_22,2022-03-05,15:00,AVL,SOU,Aston Villa,Southampton,4,0,4,OVER
2021_22_20220305_BUR_CHE,2021_22,2022-03-05,15:00,BUR,CHE,Burnley,Chelsea,0,4,4,OVER
2021_22_20220305_NEW_BRI,2021_22,2022-03-05,15:00,NEW,BRI,Newcastle United,Brighton & Hove Albion,2,1,3,OVER
2021_22_20220305_NOR_BRE,2021_22,2022-03-05,15:00,NOR,BRE,Norwich City,Brentford,1,3,4,OVER
2021_22_20220305_WOL_CRY,2021_22,2022-03-05,15:00,WOL,CRY,Wolverhampton Wanderers,Crystal Palace,0,2,2,UNDER
2021_22_20220305_LIV_WHU,2021_22,2022-03-05,17:30,LIV,WHU,Liverpool,West Ham United,1,0,1,UNDER
2021_22_20220306_WAT_ARS,2021_22,2022-03-06,14:00,WAT,ARS,Watford,Arsenal,2,3,5,OVER
2021_22_20220306_MCI_MUN,2021_22,2022-03-06,16:30,MCI,MUN,Manchester City,Manchester United,4,1,5,OVER
2021_22_20220307_TOT_EVE,2021_22,2022-03-07,20:00,TOT,EVE,Tottenham Hotspur,Everton,5,0,5,OVER
2021_22_20220310_NOR_CHE,2021_22,2022-03-10,19:30,NOR,CHE,Norwich City,Chelsea,1,3,4,OVER
2021_22_20220310_SOU_NEW,2021_22,2022-03-10,19:30,SOU,NEW,Southampton,Newcastle United,1,2,3,OVER
2021_22_20220310_WOL_WAT,2021_22,2022-03-10,19:30,WOL,WAT,Wolverhampton Wanderers,Watford,4,0,4,OVER
2021_22_20220310_LEE_AVL,2021_22,2022-03-10,19:45,LEE,AVL,Leeds United,Aston Villa,0,3,3,OVER
2021_22_20220312_BRI_LIV,2021_22,2022-03-12,12:30,BRI,LIV,Brighton & Hove Albion,Liverpool,0,2,2,UNDER
2021_22_20220312_BRE_BUR,2021_22,2022-03-12,15:00,BRE,BUR,Brentford,Burnley,2,0,2,UNDER
2021_22_20220312_MUN_TOT,2021_22,2022-03-12,17:30,MUN,TOT,Manchester United,Tottenham Hotspur,3,2,5,OVER
2021_22_20220313_CHE_NEW,2021_22,2022-03-13,14:00,CHE,NEW,Chelsea,Newcastle United,1,0,1,UNDER
2021_22_20220313_EVE_WOL,2021_22,2022-03-13,14:00,EVE,WOL,Everton,Wolverhampton Wanderers,0,1,1,UNDER
2021_22_20220313_LEE_NOR,2021_22,2022-03-13,14:00,LEE,NOR,Leeds United,Norwich City,2,1,3,OVER
2021_22_20220313_SOU_WAT,2021_22,2022-03-13,14:00,SOU,WAT,Southampton,Watford,1,2,3,OVER
2021_22_20220313_WHU_AVL,2021_22,2022-03-13,14:00,WHU,AVL,West Ham United,Aston Villa,2,1,3,OVER
2021_22_20220313_ARS_LEI,2021_22,2022-03-13,16:30,ARS,LEI,Arsenal,Leicester City,2,0,2,UNDER
2021_22_20220314_CRY_MCI,2021_22,2022-03-14,20:00,CRY,MCI,Crystal Palace,Manchester City,0,0,0,UNDER
2021_22_20220316_BRI_TOT,2021_22,2022-03-16,19:30,BRI,TOT,Brighton & Hove Albion,Tottenham Hotspur,0,2,2,UNDER
2021_22_20220316_ARS_LIV,2021_22,2022-03-16,20:15,ARS,LIV,Arsenal,Liverpool,0,2,2,UNDER
2021_22_20220317_EVE_NEW,2021_22,2022-03-17,19:45,EVE,NEW,Everton,Newcastle United,1,0,1,UNDER
2021_22_20220318_WOL_LEE,2021_22,2022-03-18,20:00,WOL,LEE,Wolverhampton Wanderers,Leeds United,2,3,5,OVER
2021_22_20220319_AVL_ARS,2021_22,2022-03-19,12:30,AVL,ARS,Aston Villa,Arsenal,0,1,1,UNDER
2021_22_20220320_LEI_BRE,2021_22,2022-03-20,14:00,LEI,BRE,Leicester City,Brentford,2,1,3,OVER
2021_22_20220320_TOT_WHU,2021_22,2022-03-20,16:30,TOT,WHU,Tottenham Hotspur,West Ham United,3,1,4,OVER
2021_22_20220402_LIV_WAT,2021_22,2022-04-02,12:30,LIV,WAT,Liverpool,Watford,2,0,2,UNDER
2021_22_20220402_BRI_NOR,2021_22,2022-04-02,15:00,BRI,NOR,Brighton & Hove Albion,Norwich City,0,0,0,UNDER
2021_22_20220402_BUR_MCI,2021_22,2022-04-02,15:00,BUR,MCI,Burnley,Manchester City,0,2,2,UNDER
2021_22_20220402_CHE_BRE,2021_22,2022-04-02,15:00,CHE,BRE,Chelsea,Brentford,1,4,5,OVER
2021_22_20220402_LEE_SOU,2021_22,2022-04-02,15:00,LEE,SOU,Leeds United,Southampton,1,1,2,UNDER
2021_22_20220402_WOL_AVL,2021_22,2022-04-02,15:00,WOL,AVL,Wolverhampton Wanderers,Aston Villa,2,1,3,OVER
2021_22_20220402_MUN_LEI,2021_22,2022-04-02,17:30,MUN,LEI,Manchester United,Leicester City,1,1,2,UNDER
2021_22_20220403_WHU_EVE,2021_22,2022-04-03,14:00,WHU,EVE,West Ham United,Everton,2,1,3,OVER
2021_22_20220403_TOT_NEW,2021_22,2022-04-03,16:30,TOT,NEW,Tottenham Hotspur,Newcastle United,5,1,6,OVER
2021_22_20220404_CRY_ARS,2021_22,2022-04-04,20:00,CRY,ARS,Crystal Palace,Arsenal,3,0,3,OVER
2021_22_20220406_BUR_EVE,2021_22,2022-04-06,19:30,BUR,EVE,Burnley,Everton,3,2,5,OVER
2021_22_20220408_NEW_WOL,2021_22,2022-04-08,20:00,NEW,WOL,Newcastle United,Wolverhampton Wanderers,1,0,1,UNDER
2021_22_20220409_EVE_MUN,2021_22,2022-04-09,12:30,EVE,MUN,Everton,Manchester United,1,0,1,UNDER
2021_22_20220409_ARS_BRI,2021_22,2022-04-09,15:00,ARS,BRI,Arsenal,Brighton & Hove Albion,1,2,3,OVER
2021_22_20220409_SOU_CHE,2021_22,2022-04-09,15:00,SOU,CHE,Southampton,Chelsea,0,6,6,OVER
2021_22_20220409_WAT_LEE,2021_22,2022-04-09,15:00,WAT,LEE,Watford,Leeds United,0,3,3,OVER
2021_22_20220409_AVL_TOT,2021_22,2022-04-09,17:30,AVL,TOT,Aston Villa,Tottenham Hotspur,0,4,4,OVER
2021_22_20220410_BRE_WHU,2021_22,2022-04-10,14:00,BRE,WHU,Brentford,West Ham United,2,0,2,UNDER
2021_22_20220410_LEI_CRY,2021_22,2022-04-10,14:00,LEI,CRY,Leicester City,Crystal Palace,2,1,3,OVER
2021_22_20220410_NOR_BUR,2021_22,2022-04-10,14:00,NOR,BUR,Norwich City,Burnley,2,0,2,UNDER
2021_22_20220410_MCI_LIV,2021_22,2022-04-10,16:30,MCI,LIV,Manchester City,Liverpool,2,2,4,OVER
2021_22_20220416_TOT_BRI,2021_22,2022-04-16,12:30,TOT,BRI,Tottenham Hotspur,Brighton & Hove Albion,0,1,1,UNDER
2021_22_20220416_MUN_NOR,2021_22,2022-04-16,15:00,MUN,NOR,Manchester United,Norwich City,3,2,5,OVER
2021_22_20220416_SOU_ARS,2021_22,2022-04-16,15:00,SOU,ARS,Southampton,Arsenal,1,0,1,UNDER
2021_22_20220416_WAT_BRE,2021_22,2022-04-16,15:00,WAT,BRE,Watford,Brentford,1,2,3,OVER
2021_22_20220417_NEW_LEI,2021_22,2022-04-17,14:15,NEW,LEI,Newcastle United,Leicester City,2,1,3,OVER
2021_22_20220417_WHU_BUR,2021_22,2022-04-17,14:15,WHU,BUR,West Ham United,Burnley,1,1,2,UNDER
2021_22_20220419_LIV_MUN,2021_22,2022-04-19,20:00,LIV,MUN,Liverpool,Manchester United,4,0,4,OVER
2021_22_20220420_CHE_ARS,2021_22,2022-04-20,19:45,CHE,ARS,Chelsea,Arsenal,2,4,6,OVER
2021_22_20220420_EVE_LEI,2021_22,2022-04-20,19:45,EVE,LEI,Everton,Leicester City,1,1,2,UNDER
2021_22_20220420_NEW_CRY,2021_22,2022-04-20,19:45,NEW,CRY,Newcastle United,Crystal Palace,1,0,1,UNDER
2021_22_20220420_MCI_BRI,2021_22,2022-04-20,20:00,MCI,BRI,Manchester City,Brighton & Hove Albion,3,0,3,OVER
2021_22_20220421_BUR_SOU,2021_22,2022-04-21,19:45,BUR,SOU,Burnley,Southampton,2,0,2,UNDER
2021_22_20220423_ARS_MUN,2021_22,2022-04-23,12:30,ARS,MUN,Arsenal,Manchester United,3,1,4,OVER
2021_22_20220423_LEI_AVL,2021_22,2022-04-23,15:00,LEI,AVL,Leicester City,Aston Villa,0,0,0,UNDER
2021_22_20220423_MCI_WAT,2021_22,2022-04-23,15:00,MCI,WAT,Manchester City,Watford,5,1,6,OVER
2021_22_20220423_NOR_NEW,2021_22,2022-04-23,15:00,NOR,NEW,Norwich City,Newcastle United,0,3,3,OVER
2021_22_20220423_BRE_TOT,2021_22,2022-04-23,17:30,BRE,TOT,Brentford,Tottenham Hotspur,0,0,0,UNDER
2021_22_20220424_BRI_SOU,2021_22,2022-04-24,14:00,BRI,SOU,Brighton & Hove Albion,Southampton,2,2,4,OVER
2021_22_20220424_BUR_WOL,2021_22,2022-04-24,14:00,BUR,WOL,Burnley,Wolverhampton Wanderers,1,0,1,UNDER
2021_22_20220424_CHE_WHU,2021_22,2022-04-24,14:00,CHE,WHU,Chelsea,West Ham United,1,0,1,UNDER
2021_22_20220424_LIV_EVE,2021_22,2022-04-24,16:30,LIV,EVE,Liverpool,Everton,2,0,2,UNDER
2021_22_20220425_CRY_LEE,2021_22,2022-04-25,20:00,CRY,LEE,Crystal Palace,Leeds United,0,0,0,UNDER
2021_22_20220428_MUN_CHE,2021_22,2022-04-28,19:45,MUN,CHE,Manchester United,Chelsea,1,1,2,UNDER
2021_22_20220430_NEW_LIV,2021_22,2022-04-30,12:30,NEW,LIV,Newcastle United,Liverpool,0,1,1,UNDER
2021_22_20220430_AVL_NOR,2021_22,2022-04-30,15:00,AVL,NOR,Aston Villa,Norwich City,2,0,2,UNDER
2021_22_20220430_SOU_CRY,2021_22,2022-04-30,15:00,SOU,CRY,Southampton,Crystal Palace,1,2,3,OVER
2021_22_20220430_WAT_BUR,2021_22,2022-04-30,15:00,WAT,BUR,Watford,Burnley,1,2,3,OVER
2021_22_20220430_WOL_BRI,2021_22,2022-04-30,15:00,WOL,BRI,Wolverhampton Wanderers,Brighton & Hove Albion,0,3,3,OVER
2021_22_20220430_LEE_MCI,2021_22,2022-04-30,17:30,LEE,MCI,Leeds United,Manchester City,0,4,4,OVER
2021_22_20220501_EVE_CHE,2021_22,2022-05-01,14:00,EVE,CHE,Everton,Chelsea,1,0,1,UNDER
2021_22_20220501_TOT_LEI,2021_22,2022-05-01,14:00,TOT,LEI,Tottenham Hotspur,Leicester City,3,1,4,OVER
2021_22_20220501_WHU_ARS,2021_22,2022-05-01,16:30,WHU,ARS,West Ham United,Arsenal,1,2,3,OVER
2021_22_20220502_MUN_BRE,2021_22,2022-05-02,20:00,MUN,BRE,Manchester United,Brentford,3,0,3,OVER
2021_22_20220507_BRE_SOU,2021_22,2022-05-07,15:00,BRE,SOU,Brentford,Southampton,3,0,3,OVER
2021_22_20220507_BUR_AVL,2021_22,2022-05-07,15:00,BUR,AVL,Burnley,Aston Villa,1,3,4,OVER
2021_22_20220507_CHE_WOL,2021_22,2022-05-07,15:00,CHE,WOL,Chelsea,Wolverhampton Wanderers,2,2,4,OVER
2021_22_20220507_CRY_WAT,2021_22,2022-05-07,15:00,CRY,WAT,Crystal Palace,Watford,1,0,1,UNDER
2021_22_20220507_BRI_MUN,2021_22,2022-05-07,17:30,BRI,MUN,Brighton & Hove Albion,Manchester United,4,0,4,OVER
2021_22_20220507_LIV_TOT,2021_22,2022-05-07,19:45,LIV,TOT,Liverpool,Tottenham Hotspur,1,1,2,UNDER
2021_22_20220508_ARS_LEE,2021_22,2022-05-08,14:00,ARS,LEE,Arsenal,Leeds United,2,1,3,OVER
2021_22_20220508_LEI_EVE,2021_22,2022-05-08,14:00,LEI,EVE,Leicester City,Everton,1,2,3,OVER
2021_22_20220508_NOR_WHU,2021_22,2022-05-08,14:00,NOR,WHU,Norwich City,West Ham United,0,4,4,OVER
2021_22_20220508_MCI_NEW,2021_22,2022-05-08,16:30,MCI,NEW,Manchester City,Newcastle United,5,0,5,OVER
2021_22_20220510_AVL_LIV,2021_22,2022-05-10,20:00,AVL,LIV,Aston Villa,Liverpool,1,2,3,OVER
2021_22_20220511_LEE_CHE,2021_22,2022-05-11,19:30,LEE,CHE,Leeds United,Chelsea,0,3,3,OVER
2021_22_20220511_LEI_NOR,2021_22,2022-05-11,19:45,LEI,NOR,Leicester City,Norwich City,3,0,3,OVER
2021_22_20220511_WAT_EVE,2021_22,2022-05-11,19:45,WAT,EVE,Watford,Everton,0,0,0,UNDER
2021_22_20220511_WOL_MCI,2021_22,2022-05-11,20:15,WOL,MCI,Wolverhampton Wanderers,Manchester City,1,5,6,OVER
2021_22_20220512_TOT_ARS,2021_22,2022-05-12,19:45,TOT,ARS,Tottenham Hotspur,Arsenal,3,0,3,OVER
2021_22_20220515_TOT_BUR,2021_22,2022-05-15,12:00,TOT,BUR,Tottenham Hotspur,Burnley,1,0,1,UNDER
2021_22_20220515_AVL_CRY,2021_22,2022-05-15,14:00,AVL,CRY,Aston Villa,Crystal Palace,1,1,2,UNDER
2021_22_20220515_LEE_BRI,2021_22,2022-05-15,14:00,LEE,BRI,Leeds United,Brighton & Hove Albion,1,1,2,UNDER
2021_22_20220515_WAT_LEI,2021_22,2022-05-15,14:00,WAT,LEI,Watford,Leicester City,1,5,6,OVER
2021_22_20220515_WHU_MCI,2021_22,2022-05-15,14:00,WHU,MCI,West Ham United,Manchester City,2,2,4,OVER
2021_22_20220515_WOL_NOR,2021_22,2022-05-15,14:00,WOL,NOR,Wolverhampton Wanderers,Norwich City,1,1,2,UNDER
2021_22_20220515_EVE_BRE,2021_22,2022-05-15,16:30,EVE,BRE,Everton,Brentford,2,3,5,OVER
2021_22_20220516_NEW_ARS,2021_22,2022-05-16,20:00,NEW,ARS,Newcastle United,Arsenal,2,0,2,UNDER
2021_22_20220517_SOU_LIV,2021_22,2022-05-17,19:45,SOU,LIV,Southampton,Liverpool,1,2,3,OVER
2021_22_20220519_EVE_CRY,2021_22,2022-05-19,19:45,EVE,CRY,Everton,Crystal Palace,3,2,5,OVER
2021_22_20220519_AVL_BUR,2021_22,2022-05-19,20:00,AVL,BUR,Aston Villa,Burnley,1,1,2,UNDER
2021_22_20220519_CHE_LEI,2021_22,2022-05-19,20:00,CHE,LEI,Chelsea,Leicester City,1,1,2,UNDER
2021_22_20220522_ARS_EVE,2021_22,2022-05-22,16:00,ARS,EVE,Arsenal,Everton,5,1,6,OVER
2021_22_20220522_BRE_LEE,2021_22,2022-05-22,16:00,BRE,LEE,Brentford,Leeds United,1,2,3,OVER
2021_22_20220522_BRI_WHU,2021_22,2022-05-22,16:00,BRI,WHU,Brighton & Hove Albion,West Ham United,3,1,4,OVER
2021_22_20220522_BUR_NEW,2021_22,2022-05-22,16:00,BUR,NEW,Burnley,Newcastle United,1,2,3,OVER
2021_22_20220522_CHE_WAT,2021_22,2022-05-22,16:00,CHE,WAT,Chelsea,Watford,2,1,3,OVER
2021_22_20220522_CRY_MUN,2021_22,2022-05-22,16:00,CRY,MUN,Crystal Palace,Manchester United,1,0,1,UNDER
2021_22_20220522_LEI_SOU,2021_22,2022-05-22,16:00,LEI,SOU,Leicester City,Southampton,4,1,5,OVER
2021_22_20220522_LIV_WOL,2021_22,2022-05-22,16:00,LIV,WOL,Liverpool,Wolverhampton Wanderers,3,1,4,OVER
2021_22_20220522_MCI_AVL,2021_22,2022-05-22,16:00,MCI,AVL,Manchester City,Aston Villa,3,2,5,OVER
2021_22_20220522_NOR_TOT,2021_22,2022-05-22,16:00,NOR,TOT,Norwich City,Tottenham Hotspur,0,5,5,OVER
2022_23_20220805_CRY_ARS,2022_23,2022-08-05,20:00,CRY,ARS,Crystal Palace,Arsenal,0,2,2,UNDER
2022_23_20220806_FUL_LIV,2022_23,2022-08-06,12:30,FUL,LIV,Fulham,Liverpool,2,2,4,OVER
2022_23_20220806_BOU_AVL,2022_23,2022-08-06,15:00,BOU,AVL,AFC Bournemouth,Aston Villa,2,0,2,UNDER
2022_23_20220806_LEE_WOL,2022_23,2022-08-06,15:00,LEE,WOL,Leeds United,Wolverhampton Wanderers,2,1,3,OVER
2022_23_20220806_NEW_NFO,2022_23,2022-08-06,15:00,NEW,NFO,Newcastle United,Nottingham Forest,2,0,2,UNDER
2022_23_20220806_TOT_SOU,2022_23,2022-08-06,15:00,TOT,SOU,Tottenham Hotspur,Southampton,4,1,5,OVER
2022_23_20220806_EVE_CHE,2022_23,2022-08-06,17:30,EVE,CHE,Everton,Chelsea,0,1,1,UNDER
2022_23_20220807_LEI_BRE,2022_23,2022-08-07,14:00,LEI,BRE,Leicester City,Brentford,2,2,4,OVER
2022_23_20220807_MUN_BRI,2022_23,2022-08-07,14:00,MUN,BRI,Manchester United,Brighton & Hove Albion,1,2,3,OVER
2022_23_20220807_WHU_MCI,2022_23,2022-08-07,16:30,WHU,MCI,West Ham United,Manchester City,0,2,2,UNDER
2022_23_20220813_AVL_EVE,2022_23,2022-08-13,12:30,AVL,EVE,Aston Villa,Everton,2,1,3,OVER
2022_23_20220813_ARS_LEI,2022_23,2022-08-13,15:00,ARS,LEI,Arsenal,Leicester City,4,2,6,OVER
2022_23_20220813_BRI_NEW,2022_23,2022-08-13,15:00,BRI,NEW,Brighton & Hove Albion,Newcastle United,0,0,0,UNDER
2022_23_20220813_MCI_BOU,2022_23,2022-08-13,15:00,MCI,BOU,Manchester City,AFC Bournemouth,4,0,4,OVER
2022_23_20220813_SOU_LEE,2022_23,2022-08-13,15:00,SOU,LEE,Southampton,Leeds United,2,2,4,OVER
2022_23_20220813_WOL_FUL,2022_23,2022-08-13,15:00,WOL,FUL,Wolverhampton Wanderers,Fulham,0,0,0,UNDER
2022_23_20220813_BRE_MUN,2022_23,2022-08-13,17:30,BRE,MUN,Brentford,Manchester United,4,0,4,OVER
2022_23_20220814_NFO_WHU,2022_23,2022-08-14,14:00,NFO,WHU,Nottingham Forest,West Ham United,1,0,1,UNDER
2022_23_20220814_CHE_TOT,2022_23,2022-08-14,16:30,CHE,TOT,Chelsea,Tottenham Hotspur,2,2,4,OVER
2022_23_20220815_LIV_CRY,2022_23,2022-08-15,20:00,LIV,CRY,Liverpool,Crystal Palace,1,1,2,UNDER
2022_23_20220820_TOT_WOL,2022_23,2022-08-20,12:30,TOT,WOL,Tottenham Hotspur,Wolverhampton Wanderers,1,0,1,UNDER
2022_23_20220820_CRY_AVL,2022_23,2022-08-20,15:00,CRY,AVL,Crystal Palace,Aston Villa,3,1,4,OVER
2022_23_20220820_EVE_NFO,2022_23,2022-08-20,15:00,EVE,NFO,Everton,Nottingham Forest,1,1,2,UNDER
2022_23_20220820_FUL_BRE,2022_23,2022-08-20,15:00,FUL,BRE,Fulham,Brentford,3,2,5,OVER
2022_23_20220820_LEI_SOU,2022_23,2022-08-20,15:00,LEI,SOU,Leicester City,Southampton,1,2,3,OVER
2022_23_20220820_BOU_ARS,2022_23,2022-08-20,17:30,BOU,ARS,AFC Bournemouth,Arsenal,0,3,3,OVER
2022_23_20220821_LEE_CHE,2022_23,2022-08-21,14:00,LEE,CHE,Leeds United,Chelsea,3,0,3,OVER
2022_23_20220821_WHU_BRI,2022_23,2022-08-21,14:00,WHU,BRI,West Ham United,Brighton & Hove Albion,0,2,2,UNDER
2022_23_20220821_NEW_MCI,2022_23,2022-08-21,16:30,NEW,MCI,Newcastle United,Manchester City,3,3,6,OVER
2022_23_20220822_MUN_LIV,2022_23,2022-08-22,20:00,MUN,LIV,Manchester United,Liverpool,2,1,3,OVER
2022_23_20220827_SOU_MUN,2022_23,2022-08-27,12:30,SOU,MUN,Southampton,Manchester United,0,1,1,UNDER
2022_23_20220827_BRE_EVE,2022_23,2022-08-27,15:00,BRE,EVE,Brentford,Everton,1,1,2,UNDER
2022_23_20220827_BRI_LEE,2022_23,2022-08-27,15:00,BRI,LEE,Brighton & Hove Albion,Leeds United,1,0,1,UNDER
2022_23_20220827_CHE_LEI,2022_23,2022-08-27,15:00,CHE,LEI,Chelsea,Leicester City,2,1,3,OVER
2022_23_20220827_LIV_BOU,2022_23,2022-08-27,15:00,LIV,BOU,Liverpool,AFC Bournemouth,9,0,9,OVER
2022_23_20220827_MCI_CRY,2022_23,2022-08-27,15:00,MCI,CRY,Manchester City,Crystal Palace,4,2,6,OVER
2022_23_20220827_ARS_FUL,2022_23,2022-08-27,17:30,ARS,FUL,Arsenal,Fulham,2,1,3,OVER
2022_23_20220828_AVL_WHU,2022_23,2022-08-28,14:00,AVL,WHU,Aston Villa,West Ham United,0,1,1,UNDER
2022_23_20220828_WOL_NEW,2022_23,2022-08-28,14:00,WOL,NEW,Wolverhampton Wanderers,Newcastle United,1,1,2,UNDER
2022_23_20220828_NFO_TOT,2022_23,2022-08-28,16:30,NFO,TOT,Nottingham Forest,Tottenham Hotspur,0,2,2,UNDER
2022_23_20220830_CRY_BRE,2022_23,2022-08-30,19:30,CRY,BRE,Crystal Palace,Brentford,1,1,2,UNDER
2022_23_20220830_FUL_BRI,2022_23,2022-08-30,19:30,FUL,BRI,Fulham,Brighton & Hove Albion,2,1,3,OVER
2022_23_20220830_SOU_CHE,2022_23,2022-08-30,19:45,SOU,CHE,Southampton,Chelsea,2,1,3,OVER
2022_23_20220830_LEE_EVE,2022_23,2022-08-30,20:00,LEE,EVE,Leeds United,Everton,1,1,2,UNDER
2022_23_20220831_ARS_AVL,2022_23,2022-08-31,19:30,ARS,AVL,Arsenal,Aston Villa,2,1,3,OVER
2022_23_20220831_BOU_WOL,2022_23,2022-08-31,19:30,BOU,WOL,AFC Bournemouth,Wolverhampton Wanderers,0,0,0,UNDER
2022_23_20220831_MCI_NFO,2022_23,2022-08-31,19:30,MCI,NFO,Manchester City,Nottingham Forest,6,0,6,OVER
2022_23_20220831_WHU_TOT,2022_23,2022-08-31,19:45,WHU,TOT,West Ham United,Tottenham Hotspur,1,1,2,UNDER
2022_23_20220831_LIV_NEW,2022_23,2022-08-31,20:00,LIV,NEW,Liverpool,Newcastle United,2,1,3,OVER
2022_23_20220901_LEI_MUN,2022_23,2022-09-01,20:00,LEI,MUN,Leicester City,Manchester United,0,1,1,UNDER
2022_23_20220903_EVE_LIV,2022_23,2022-09-03,12:30,EVE,LIV,Everton,Liverpool,0,0,0,UNDER
2022_23_20220903_BRE_LEE,2022_23,2022-09-03,15:00,BRE,LEE,Brentford,Leeds United,5,2,7,OVER
2022_23_20220903_CHE_WHU,2022_23,2022-09-03,15:00,CHE,WHU,Chelsea,West Ham United,2,1,3,OVER
2022_23_20220903_NEW_CRY,2022_23,2022-09-03,15:00,NEW,CRY,Newcastle United,Crystal Palace,0,0,0,UNDER
2022_23_20220903_NFO_BOU,2022_23,2022-09-03,15:00,NFO,BOU,Nottingham Forest,AFC Bournemouth,2,3,5,OVER
2022_23_20220903_TOT_FUL,2022_23,2022-09-03,15:00,TOT,FUL,Tottenham Hotspur,Fulham,2,1,3,OVER
2022_23_20220903_WOL_SOU,2022_23,2022-09-03,15:00,WOL,SOU,Wolverhampton Wanderers,Southampton,1,0,1,UNDER
2022_23_20220903_AVL_MCI,2022_23,2022-09-03,17:30,AVL,MCI,Aston Villa,Manchester City,1,1,2,UNDER
2022_23_20220904_BRI_LEI,2022_23,2022-09-04,14:00,BRI,LEI,Brighton & Hove Albion,Leicester City,5,2,7,OVER
2022_23_20220904_MUN_ARS,2022_23,2022-09-04,16:30,MUN,ARS,Manchester United,Arsenal,3,1,4,OVER
2022_23_20220916_AVL_SOU,2022_23,2022-09-16,20:00,AVL,SOU,Aston Villa,Southampton,1,0,1,UNDER
2022_23_20220916_NFO_FUL,2022_23,2022-09-16,20:00,NFO,FUL,Nottingham Forest,Fulham,2,3,5,OVER
2022_23_20220917_WOL_MCI,2022_23,2022-09-17,12:30,WOL,MCI,Wolverhampton Wanderers,Manchester City,0,3,3,OVER
2022_23_20220917_NEW_BOU,2022_23,2022-09-17,15:00,NEW,BOU,Newcastle United,AFC Bournemouth,1,1,2,UNDER
2022_23_20220917_TOT_LEI,2022_23,2022-09-17,17:30,TOT,LEI,Tottenham Hotspur,Leicester City,6,2,8,OVER
2022_23_20220918_BRE_ARS,2022_23,2022-09-18,12:00,BRE,ARS,Brentford,Arsenal,0,3,3,OVER
2022_23_20220918_EVE_WHU,2022_23,2022-09-18,14:15,EVE,WHU,Everton,West Ham United,1,0,1,UNDER
2022_23_20221001_ARS_TOT,2022_23,2022-10-01,12:30,ARS,TOT,Arsenal,Tottenham Hotspur,3,1,4,OVER
2022_23_20221001_BOU_BRE,2022_23,2022-10-01,15:00,BOU,BRE,AFC Bournemouth,Brentford,0,0,0,UNDER
2022_23_20221001_CRY_CHE,2022_23,2022-10-01,15:00,CRY,CHE,Crystal Palace,Chelsea,1,2,3,OVER
2022_23_20221001_FUL_NEW,2022_23,2022-10-01,15:00,FUL,NEW,Fulham,Newcastle United,1,4,5,OVER
2022_23_20221001_LIV_BRI,2022_23,2022-10-01,15:00,LIV,BRI,Liverpool,Brighton & Hove Albion,3,3,6,OVER
2022_23_20221001_SOU_EVE,2022_23,2022-10-01,15:00,SOU,EVE,Southampton,Everton,1,2,3,OVER
2022_23_20221001_WHU_WOL,2022_23,2022-10-01,17:30,WHU,WOL,West Ham United,Wolverhampton Wanderers,2,0,2,UNDER
2022_23_20221002_MCI_MUN,2022_23,2022-10-02,14:00,MCI,MUN,Manchester City,Manchester United,6,3,9,OVER
2022_23_20221002_LEE_AVL,2022_23,2022-10-02,16:30,LEE,AVL,Leeds United,Aston Villa,0,0,0,UNDER
2022_23_20221003_LEI_NFO,2022_23,2022-10-03,20:00,LEI,NFO,Leicester City,Nottingham Forest,4,0,4,OVER
2022_23_20221008_BOU_LEI,2022_23,2022-10-08,15:00,BOU,LEI,AFC Bournemouth,Leicester City,2,1,3,OVER
2022_23_20221008_CHE_WOL,2022_23,2022-10-08,15:00,CHE,WOL,Chelsea,Wolverhampton Wanderers,3,0,3,OVER
2022_23_20221008_MCI_SOU,2022_23,2022-10-08,15:00,MCI,SOU,Manchester City,Southampton,4,0,4,OVER
2022_23_20221008_NEW_BRE,2022_23,2022-10-08,15:00,NEW,BRE,Newcastle United,Brentford,5,1,6,OVER
2022_23_20221008_BRI_TOT,2022_23,2022-10-08,17:30,BRI,TOT,Brighton & Hove Albion,Tottenham Hotspur,0,1,1,UNDER
2022_23_20221009_CRY_LEE,2022_23,2022-10-09,14:00,CRY,LEE,Crystal Palace,Leeds United,2,1,3,OVER
2022_23_20221009_WHU_FUL,2022_23,2022-10-09,14:00,WHU,FUL,West Ham United,Fulham,3,1,4,OVER
2022_23_20221009_ARS_LIV,2022_23,2022-10-09,16:30,ARS,LIV,Arsenal,Liverpool,3,2,5,OVER
2022_23_20221009_EVE_MUN,2022_23,2022-10-09,19:00,EVE,MUN,Everton,Manchester United,1,2,3,OVER
2022_23_20221010_NFO_AVL,2022_23,2022-10-10,20:00,NFO,AVL,Nottingham Forest,Aston Villa,1,1,2,UNDER
2022_23_20221014_BRE_BRI,2022_23,2022-10-14,20:00,BRE,BRI,Brentford,Brighton & Hove Albion,2,0,2,UNDER
2022_23_20221015_LEI_CRY,2022_23,2022-10-15,12:30,LEI,CRY,Leicester City,Crystal Palace,0,0,0,UNDER
2022_23_20221015_FUL_BOU,2022_23,2022-10-15,15:00,FUL,BOU,Fulham,AFC Bournemouth,2,2,4,OVER
2022_23_20221015_WOL_NFO,2022_23,2022-10-15,15:00,WOL,NFO,Wolverhampton Wanderers,Nottingham Forest,1,0,1,UNDER
2022_23_20221015_TOT_EVE,2022_23,2022-10-15,17:30,TOT,EVE,Tottenham Hotspur,Everton,2,0,2,UNDER
2022_23_20221016_AVL_CHE,2022_23,2022-10-16,14:00,AVL,CHE,Aston Villa,Chelsea,0,2,2,UNDER
2022_23_20221016_LEE_ARS,2022_23,2022-10-16,14:00,LEE,ARS,Leeds United,Arsenal,0,1,1,UNDER
2022_23_20221016_MUN_NEW,2022_23,2022-10-16,14:00,MUN,NEW,Manchester United,Newcastle United,0,0,0,UNDER
2022_23_20221016_SOU_WHU,2022_23,2022-10-16,14:00,SOU,WHU,Southampton,West Ham United,1,1,2,UNDER
2022_23_20221016_LIV_MCI,2022_23,2022-10-16,16:30,LIV,MCI,Liverpool,Manchester City,1,0,1,UNDER
2022_23_20221018_BRI_NFO,2022_23,2022-10-18,19:30,BRI,NFO,Brighton & Hove Albion,Nottingham Forest,0,0,0,UNDER
2022_23_20221018_CRY_WOL,2022_23,2022-10-18,20:15,CRY,WOL,Crystal Palace,Wolverhampton Wanderers,2,1,3,OVER
2022_23_20221019_BOU_SOU,2022_23,2022-10-19,19:30,BOU,SOU,AFC Bournemouth,Southampton,0,1,1,UNDER
2022_23_20221019_BRE_CHE,2022_23,2022-10-19,19:30,BRE,CHE,Brentford,Chelsea,0,0,0,UNDER
2022_23_20221019_LIV_WHU,2022_23,2022-10-19,19:30,LIV,WHU,Liverpool,West Ham United,1,0,1,UNDER
2022_23_20221019_NEW_EVE,2022_23,2022-10-19,19:30,NEW,EVE,Newcastle United,Everton,1,0,1,UNDER
2022_23_20221019_MUN_TOT,2022_23,2022-10-19,20:15,MUN,TOT,Manchester United,Tottenham Hotspur,2,0,2,UNDER
2022_23_20221020_FUL_AVL,2022_23,2022-10-20,19:30,FUL,AVL,Fulham,Aston Villa,3,0,3,OVER
2022_23_20221020_LEI_LEE,2022_23,2022-10-20,20:15,LEI,LEE,Leicester City,Leeds United,2,0,2,UNDER
2022_23_20221022_NFO_LIV,2022_23,2022-10-22,12:30,NFO,LIV,Nottingham Forest,Liverpool,1,0,1,UNDER
2022_23_20221022_EVE_CRY,2022_23,2022-10-22,15:00,EVE,CRY,Everton,Crystal Palace,3,0,3,OVER
2022_23_20221022_MCI_BRI,2022_23,2022-10-22,15:00,MCI,BRI,Manchester City,Brighton & Hove Albion,3,1,4,OVER
2022_23_20221022_CHE_MUN,2022_23,2022-10-22,17:30,CHE,MUN,Chelsea,Manchester United,1,1,2,UNDER
2022_23_20221023_AVL_BRE,2022_23,2022-10-23,14:00,AVL,BRE,Aston Villa,Brentford,4,0,4,OVER
2022_23_20221023_LEE_FUL,2022_23,2022-10-23,14:00,LEE,FUL,Leeds United,Fulham,2,3,5,OVER
2022_23_20221023_SOU_ARS,2022_23,2022-10-23,14:00,SOU,ARS,Southampton,Arsenal,1,1,2,UNDER
2022_23_20221023_WOL_LEI,2022_23,2022-10-23,14:00,WOL,LEI,Wolverhampton Wanderers,Leicester City,0,4,4,OVER
2022_23_20221023_TOT_NEW,2022_23,2022-10-23,16:30,TOT,NEW,Tottenham Hotspur,Newcastle United,1,2,3,OVER
2022_23_20221024_WHU_BOU,2022_23,2022-10-24,20:00,WHU,BOU,West Ham United,AFC Bournemouth,2,0,2,UNDER
2022_23_20221029_LEI_MCI,2022_23,2022-10-29,12:30,LEI,MCI,Leicester City,Manchester City,0,1,1,UNDER
2022_23_20221029_BOU_TOT,2022_23,2022-10-29,15:00,BOU,TOT,AFC Bournemouth,Tottenham Hotspur,2,3,5,OVER
2022_23_20221029_BRE_WOL,2022_23,2022-10-29,15:00,BRE,WOL,Brentford,Wolverhampton Wanderers,1,1,2,UNDER
2022_23_20221029_BRI_CHE,2022_23,2022-10-29,15:00,BRI,CHE,Brighton & Hove Albion,Chelsea,4,1,5,OVER
2022_23_20221029_CRY_SOU,2022_23,2022-10-29,15:00,CRY,SOU,Crystal Palace,Southampton,1,0,1,UNDER
2022_23_20221029_NEW_AVL,2022_23,2022-10-29,15:00,NEW,AVL,Newcastle United,Aston Villa,4,0,4,OVER
2022_23_20221029_FUL_EVE,2022_23,2022-10-29,17:30,FUL,EVE,Fulham,Everton,0,0,0,UNDER
2022_23_20221029_LIV_LEE,2022_23,2022-10-29,19:45,LIV,LEE,Liverpool,Leeds United,1,2,3,OVER
2022_23_20221030_ARS_NFO,2022_23,2022-10-30,14:00,ARS,NFO,Arsenal,Nottingham Forest,5,0,5,OVER
2022_23_20221030_MUN_WHU,2022_23,2022-10-30,16:15,MUN,WHU,Manchester United,West Ham United,1,0,1,UNDER
2022_23_20221105_LEE_BOU,2022_23,2022-11-05,15:00,LEE,BOU,Leeds United,AFC Bournemouth,4,3,7,OVER
2022_23_20221105_MCI_FUL,2022_23,2022-11-05,15:00,MCI,FUL,Manchester City,Fulham,2,1,3,OVER
2022_23_20221105_NFO_BRE,2022_23,2022-11-05,15:00,NFO,BRE,Nottingham Forest,Brentford,2,2,4,OVER
2022_23_20221105_WOL_BRI,2022_23,2022-11-05,15:00,WOL,BRI,Wolverhampton Wanderers,Brighton & Hove Albion,2,3,5,OVER
2022_23_20221105_EVE_LEI,2022_23,2022-11-05,17:30,EVE,LEI,Everton,Leicester City,0,2,2,UNDER
2022_23_20221106_CHE_ARS,2022_23,2022-11-06,12:00,CHE,ARS,Chelsea,Arsenal,0,1,1,UNDER
2022_23_20221106_AVL_MUN,2022_23,2022-11-06,14:00,AVL,MUN,Aston Villa,Manchester United,3,1,4,OVER
2022_23_20221106_SOU_NEW,2022_23,2022-11-06,14:00,SOU,NEW,Southampton,Newcastle United,1,4,5,OVER
2022_23_20221106_WHU_CRY,2022_23,2022-11-06,14:00,WHU,CRY,West Ham United,Crystal Palace,1,2,3,OVER
2022_23_20221106_TOT_LIV,2022_23,2022-11-06,16:30,TOT,LIV,Tottenham Hotspur,Liverpool,1,2,3,OVER
2022_23_20221112_MCI_BRE,2022_23,2022-11-12,12:30,MCI,BRE,Manchester City,Brentford,1,2,3,OVER
2022_23_20221112_BOU_EVE,2022_23,2022-11-12,15:00,BOU,EVE,AFC Bournemouth,Everton,3,0,3,OVER
2022_23_20221112_LIV_SOU,2022_23,2022-11-12,15:00,LIV,SOU,Liverpool,Southampton,3,1,4,OVER
2022_23_20221112_NFO_CRY,2022_23,2022-11-12,15:00,NFO,CRY,Nottingham Forest,Crystal Palace,1,0,1,UNDER
2022_23_20221112_TOT_LEE,2022_23,2022-11-12,15:00,TOT,LEE,Tottenham Hotspur,Leeds United,4,3,7,OVER
2022_23_20221112_WHU_LEI,2022_23,2022-11-12,15:00,WHU,LEI,West Ham United,Leicester City,0,2,2,UNDER
2022_23_20221112_NEW_CHE,2022_23,2022-11-12,17:30,NEW,CHE,Newcastle United,Chelsea,1,0,1,UNDER
2022_23_20221112_WOL_ARS,2022_23,2022-11-12,19:45,WOL,ARS,Wolverhampton Wanderers,Arsenal,0,2,2,UNDER
2022_23_20221113_BRI_AVL,2022_23,2022-11-13,14:00,BRI,AVL,Brighton & Hove Albion,Aston Villa,1,2,3,OVER
2022_23_20221113_FUL_MUN,2022_23,2022-11-13,16:30,FUL,MUN,Fulham,Manchester United,1,2,3,OVER
2022_23_20221226_BRE_TOT,2022_23,2022-12-26,12:30,BRE,TOT,Brentford,Tottenham Hotspur,2,2,4,OVER
2022_23_20221226_CRY_FUL,2022_23,2022-12-26,15:00,CRY,FUL,Crystal Palace,Fulham,0,3,3,OVER
2022_23_20221226_EVE_WOL,2022_23,2022-12-26,15:00,EVE,WOL,Everton,Wolverhampton Wanderers,1,2,3,OVER
2022_23_20221226_LEI_NEW,2022_23,2022-12-26,15:00,LEI,NEW,Leicester City,Newcastle United,0,3,3,OVER
2022_23_20221226_SOU_BRI,2022_23,2022-12-26,15:00,SOU,BRI,Southampton,Brighton & Hove Albion,1,3,4,OVER
2022_23_20221226_AVL_LIV,2022_23,2022-12-26,17:30,AVL,LIV,Aston Villa,Liverpool,1,3,4,OVER
2022_23_20221226_ARS_WHU,2022_23,2022-12-26,20:00,ARS,WHU,Arsenal,West Ham United,3,1,4,OVER
2022_23_20221227_CHE_BOU,2022_23,2022-12-27,17:30,CHE,BOU,Chelsea,AFC Bournemouth,2,0,2,UNDER
2022_23_20221227_MUN_NFO,2022_23,2022-12-27,20:00,MUN,NFO,Manchester United,Nottingham Forest,3,0,3,OVER
2022_23_20221228_LEE_MCI,2022_23,2022-12-28,20:00,LEE,MCI,Leeds United,Manchester City,1,3,4,OVER
2022_23_20221230_WHU_BRE,2022_23,2022-12-30,19:45,WHU,BRE,West Ham United,Brentford,0,2,2,UNDER
2022_23_20221230_LIV_LEI,2022_23,2022-12-30,20:00,LIV,LEI,Liverpool,Leicester City,2,1,3,OVER
2022_23_20221231_WOL_MUN,2022_23,2022-12-31,12:30,WOL,MUN,Wolverhampton Wanderers,Manchester United,0,1,1,UNDER
2022_23_20221231_BOU_CRY,2022_23,2022-12-31,15:00,BOU,CRY,AFC Bournemouth,Crystal Palace,0,2,2,UNDER
2022_23_20221231_FUL_SOU,2022_23,2022-12-31,15:00,FUL,SOU,Fulham,Southampton,2,1,3,OVER
2022_23_20221231_MCI_EVE,2022_23,2022-12-31,15:00,MCI,EVE,Manchester City,Everton,1,1,2,UNDER
2022_23_20221231_NEW_LEE,2022_23,2022-12-31,15:00,NEW,LEE,Newcastle United,Leeds United,0,0,0,UNDER
2022_23_20221231_BRI_ARS,2022_23,2022-12-31,17:30,BRI,ARS,Brighton & Hove Albion,Arsenal,2,4,6,OVER
2022_23_20230101_TOT_AVL,2022_23,2023-01-01,14:00,TOT,AVL,Tottenham Hotspur,Aston Villa,0,2,2,UNDER
2022_23_20230101_NFO_CHE,2022_23,2023-01-01,16:30,NFO,CHE,Nottingham Forest,Chelsea,1,1,2,UNDER
2022_23_20230102_BRE_LIV,2022_23,2023-01-02,17:30,BRE,LIV,Brentford,Liverpool,3,1,4,OVER
2022_23_20230103_ARS_NEW,2022_23,2023-01-03,19:45,ARS,NEW,Arsenal,Newcastle United,0,0,0,UNDER
2022_23_20230103_EVE_BRI,2022_23,2023-01-03,19:45,EVE,BRI,Everton,Brighton & Hove Albion,1,4,5,OVER
2022_23_20230103_LEI_FUL,2022_23,2023-01-03,19:45,LEI,FUL,Leicester City,Fulham,0,1,1,UNDER
2022_23_20230103_MUN_BOU,2022_23,2023-01-03,20:00,MUN,BOU,Manchester United,AFC Bournemouth,3,0,3,OVER
2022_23_20230104_SOU_NFO,2022_23,2023-01-04,19:30,SOU,NFO,Southampton,Nottingham Forest,0,1,1,UNDER
2022_23_20230104_LEE_WHU,2022_23,2023-01-04,19:45,LEE,WHU,Leeds United,West Ham United,2,2,4,OVER
2022_23_20230104_AVL_WOL,2022_23,2023-01-04,20:00,AVL,WOL,Aston Villa,Wolverhampton Wanderers,1,1,2,UNDER
2022_23_20230104_CRY_TOT,2022_23,2023-01-04,20:00,CRY,TOT,Crystal Palace,Tottenham Hotspur,0,4,4,OVER
2022_23_20230105_CHE_MCI,2022_23,2023-01-05,20:00,CHE,MCI,Chelsea,Manchester City,0,1,1,UNDER
2022_23_20230112_FUL_CHE,2022_23,2023-01-12,20:00,FUL,CHE,Fulham,Chelsea,2,1,3,OVER
2022_23_20230113_AVL_LEE,2022_23,2023-01-13,20:00,AVL,LEE,Aston Villa,Leeds United,2,1,3,OVER
2022_23_20230114_MUN_MCI,2022_23,2023-01-14,12:30,MUN,MCI,Manchester United,Manchester City,2,1,3,OVER
2022_23_20230114_BRI_LIV,2022_23,2023-01-14,15:00,BRI,LIV,Brighton & Hove Albion,Liverpool,3,0,3,OVER
2022_23_20230114_EVE_SOU,2022_23,2023-01-14,15:00,EVE,SOU,Everton,Southampton,1,2,3,OVER
2022_23_20230114_NFO_LEI,2022_23,2023-01-14,15:00,NFO,LEI,Nottingham Forest,Leicester City,2,0,2,UNDER
2022_23_20230114_WOL_WHU,2022_23,2023-01-14,15:00,WOL,WHU,Wolverhampton Wanderers,West Ham United,1,0,1,UNDER
2022_23_20230114_BRE_BOU,2022_23,2023-01-14,17:30,BRE,BOU,Brentford,AFC Bournemouth,2,0,2,UNDER
2022_23_20230115_CHE_CRY,2022_23,2023-01-15,14:00,CHE,CRY,Chelsea,Crystal Palace,1,0,1,UNDER
2022_23_20230115_NEW_FUL,2022_23,2023-01-15,14:00,NEW,FUL,Newcastle United,Fulham,1,0,1,UNDER
2022_23_20230115_TOT_ARS,2022_23,2023-01-15,16:30,TOT,ARS,Tottenham Hotspur,Arsenal,0,2,2,UNDER
2022_23_20230118_CRY_MUN,2022_23,2023-01-18,20:00,CRY,MUN,Crystal Palace,Manchester United,1,1,2,UNDER
2022_23_20230119_MCI_TOT,2022_23,2023-01-19,20:00,MCI,TOT,Manchester City,Tottenham Hotspur,4,2,6,OVER
2022_23_20230121_LIV_CHE,2022_23,2023-01-21,12:30,LIV,CHE,Liverpool,Chelsea,0,0,0,UNDER
2022_23_20230121_BOU_NFO,2022_23,2023-01-21,15:00,BOU,NFO,AFC Bournemouth,Nottingham Forest,1,1,2,UNDER
2022_23_20230121_LEI_BRI,2022_23,2023-01-21,15:00,LEI,BRI,Leicester City,Brighton & Hove Albion,2,2,4,OVER
2022_23_20230121_SOU_AVL,2022_23,2023-01-21,15:00,SOU,AVL,Southampton,Aston Villa,0,1,1,UNDER
2022_23_20230121_WHU_EVE,2022_23,2023-01-21,15:00,WHU,EVE,West Ham United,Everton,2,0,2,UNDER
2022_23_20230121_CRY_NEW,2022_23,2023-01-21,17:30,CRY,NEW,Crystal Palace,Newcastle United,0,0,0,UNDER
2022_23_20230122_LEE_BRE,2022_23,2023-01-22,14:00,LEE,BRE,Leeds United,Brentford,0,0,0,UNDER
2022_23_20230122_MCI_WOL,2022_23,2023-01-22,14:00,MCI,WOL,Manchester City,Wolverhampton Wanderers,3,0,3,OVER
2022_23_20230122_ARS_MUN,2022_23,2023-01-22,16:30,ARS,MUN,Arsenal,Manchester United,3,2,5,OVER
2022_23_20230123_FUL_TOT,2022_23,2023-01-23,20:00,FUL,TOT,Fulham,Tottenham Hotspur,0,1,1,UNDER
2022_23_20230203_CHE_FUL,2022_23,2023-02-03,20:00,CHE,FUL,Chelsea,Fulham,0,0,0,UNDER
2022_23_20230204_EVE_ARS,2022_23,2023-02-04,12:30,EVE,ARS,Everton,Arsenal,1,0,1,UNDER
2022_23_20230204_AVL_LEI,2022_23,2023-02-04,15:00,AVL,LEI,Aston Villa,Leicester City,2,4,6,OVER
2022_23_20230204_BRE_SOU,2022_23,2023-02-04,15:00,BRE,SOU,Brentford,Southampton,3,0,3,OVER
2022_23_20230204_BRI_BOU,2022_23,2023-02-04,15:00,BRI,BOU,Brighton & Hove Albion,AFC Bournemouth,1,0,1,UNDER
2022_23_20230204_MUN_CRY,2022_23,2023-02-04,15:00,MUN,CRY,Manchester United,Crystal Palace,2,1,3,OVER
2022_23_20230204_WOL_LIV,2022_23,2023-02-04,15:00,WOL,LIV,Wolverhampton Wanderers,Liverpool,3,0,3,OVER
2022_23_20230204_NEW_WHU,2022_23,2023-02-04,17:30,NEW,WHU,Newcastle United,West Ham United,1,1,2,UNDER
2022_23_20230205_NFO_LEE,2022_23,2023-02-05,14:00,NFO,LEE,Nottingham Forest,Leeds United,1,0,1,UNDER
2022_23_20230205_TOT_MCI,2022_23,2023-02-05,16:30,TOT,MCI,Tottenham Hotspur,Manchester City,1,0,1,UNDER
2022_23_20230208_MUN_LEE,2022_23,2023-02-08,20:00,MUN,LEE,Manchester United,Leeds United,2,2,4,OVER
2022_23_20230211_WHU_CHE,2022_23,2023-02-11,12:30,WHU,CHE,West Ham United,Chelsea,1,1,2,UNDER
2022_23_20230211_ARS_BRE,2022_23,2023-02-11,15:00,ARS,BRE,Arsenal,Brentford,1,1,2,UNDER
2022_23_20230211_CRY_BRI,2022_23,2023-02-11,15:00,CRY,BRI,Crystal Palace,Brighton & Hove Albion,1,1,2,UNDER
2022_23_20230211_FUL_NFO,2022_23,2023-02-11,15:00,FUL,NFO,Fulham,Nottingham Forest,2,0,2,UNDER
2022_23_20230211_LEI_TOT,2022_23,2023-02-11,15:00,LEI,TOT,Leicester City,Tottenham Hotspur,4,1,5,OVER
2022_23_20230211_SOU_WOL,2022_23,2023-02-11,15:00,SOU,WOL,Southampton,Wolverhampton Wanderers,1,2,3,OVER
2022_23_20230211_BOU_NEW,2022_23,2023-02-11,17:30,BOU,NEW,AFC Bournemouth,Newcastle United,1,1,2,UNDER
2022_23_20230212_LEE_MUN,2022_23,2023-02-12,14:00,LEE,MUN,Leeds United,Manchester United,0,2,2,UNDER
2022_23_20230212_MCI_AVL,2022_23,2023-02-12,16:30,MCI,AVL,Manchester City,Aston Villa,3,1,4,OVER
2022_23_20230213_LIV_EVE,2022_23,2023-02-13,20:00,LIV,EVE,Liverpool,Everton,2,0,2,UNDER
2022_23_20230215_ARS_MCI,2022_23,2023-02-15,19:30,ARS,MCI,Arsenal,Manchester City,1,3,4,OVER
2022_23_20230218_AVL_ARS,2022_23,2023-02-18,12:30,AVL,ARS,Aston Villa,Arsenal,2,4,6,OVER
2022_23_20230218_BRE_CRY,2022_23,2023-02-18,15:00,BRE,CRY,Brentford,Crystal Palace,1,1,2,UNDER
2022_23_20230218_BRI_FUL,2022_23,2023-02-18,15:00,BRI,FUL,Brighton & Hove Albion,Fulham,0,1,1,UNDER
2022_23_20230218_CHE_SOU,2022_23,2023-02-18,15:00,CHE,SOU,Chelsea,Southampton,0,1,1,UNDER
2022_23_20230218_EVE_LEE,2022_23,2023-02-18,15:00,EVE,LEE,Everton,Leeds United,1,0,1,UNDER
2022_23_20230218_NFO_MCI,2022_23,2023-02-18,15:00,NFO,MCI,Nottingham Forest,Manchester City,1,1,2,UNDER
2022_23_20230218_WOL_BOU,2022_23,2023-02-18,15:00,WOL,BOU,Wolverhampton Wanderers,AFC Bournemouth,0,1,1,UNDER
2022_23_20230218_NEW_LIV,2022_23,2023-02-18,17:30,NEW,LIV,Newcastle United,Liverpool,0,2,2,UNDER
2022_23_20230219_MUN_LEI,2022_23,2023-02-19,14:00,MUN,LEI,Manchester United,Leicester City,3,0,3,OVER
2022_23_20230219_TOT_WHU,2022_23,2023-02-19,16:30,TOT,WHU,Tottenham Hotspur,West Ham United,2,0,2,UNDER
2022_23_20230224_FUL_WOL,2022_23,2023-02-24,20:00,FUL,WOL,Fulham,Wolverhampton Wanderers,1,1,2,UNDER
2022_23_20230225_EVE_AVL,2022_23,2023-02-25,15:00,EVE,AVL,Everton,Aston Villa,0,2,2,UNDER
2022_23_20230225_LEE_SOU,2022_23,2023-02-25,15:00,LEE,SOU,Leeds United,Southampton,1,0,1,UNDER
2022_23_20230225_LEI_ARS,2022_23,2023-02-25,15:00,LEI,ARS,Leicester City,Arsenal,0,1,1,UNDER
2022_23_20230225_WHU_NFO,2022_23,2023-02-25,15:00,WHU,NFO,West Ham United,Nottingham Forest,4,0,4,OVER
2022_23_20230225_BOU_MCI,2022_23,2023-02-25,17:30,BOU,MCI,AFC Bournemouth,Manchester City,1,4,5,OVER
2022_23_20230225_CRY_LIV,2022_23,2023-02-25,19:45,CRY,LIV,Crystal Palace,Liverpool,0,0,0,UNDER
2022_23_20230226_TOT_CHE,2022_23,2023-02-26,13:30,TOT,CHE,Tottenham Hotspur,Chelsea,2,0,2,UNDER
2022_23_20230301_ARS_EVE,2022_23,2023-03-01,19:45,ARS,EVE,Arsenal,Everton,4,0,4,OVER
2022_23_20230301_LIV_WOL,2022_23,2023-03-01,20:00,LIV,WOL,Liverpool,Wolverhampton Wanderers,2,0,2,UNDER
2022_23_20230304_MCI_NEW,2022_23,2023-03-04,12:30,MCI,NEW,Manchester City,Newcastle United,2,0,2,UNDER
2022_23_20230304_ARS_BOU,2022_23,2023-03-04,15:00,ARS,BOU,Arsenal,AFC Bournemouth,3,2,5,OVER
2022_23_20230304_AVL_CRY,2022_23,2023-03-04,15:00,AVL,CRY,Aston Villa,Crystal Palace,1,0,1,UNDER
2022_23_20230304_BRI_WHU,2022_23,2023-03-04,15:00,BRI,WHU,Brighton & Hove Albion,West Ham United,4,0,4,OVER
2022_23_20230304_CHE_LEE,2022_23,2023-03-04,15:00,CHE,LEE,Chelsea,Leeds United,1,0,1,UNDER
2022_23_20230304_WOL_TOT,2022_23,2023-03-04,15:00,WOL,TOT,Wolverhampton Wanderers,Tottenham Hotspur,1,0,1,UNDER
2022_23_20230304_SOU_LEI,2022_23,2023-03-04,17:30,SOU,LEI,Southampton,Leicester City,1,0,1,UNDER
2022_23_20230305_NFO_EVE,2022_23,2023-03-05,14:00,NFO,EVE,Nottingham Forest,Everton,2,2,4,OVER
2022_23_20230305_LIV_MUN,2022_23,2023-03-05,16:30,LIV,MUN,Liverpool,Manchester United,7,0,7,OVER
2022_23_20230306_BRE_FUL,2022_23,2023-03-06,20:00,BRE,FUL,Brentford,Fulham,3,2,5,OVER
2022_23_20230311_BOU_LIV,2022_23,2023-03-11,12:30,BOU,LIV,AFC Bournemouth,Liverpool,1,0,1,UNDER
2022_23_20230311_EVE_BRE,2022_23,2023-03-11,15:00,EVE,BRE,Everton,Brentford,1,0,1,UNDER
2022_23_20230311_LEE_BRI,2022_23,2023-03-11,15:00,LEE,BRI,Leeds United,Brighton & Hove Albion,2,2,4,OVER
2022_23_20230311_LEI_CHE,2022_23,2023-03-11,15:00,LEI,CHE,Leicester City,Chelsea,1,3,4,OVER
2022_23_20230311_TOT_NFO,2022_23,2023-03-11,15:00,TOT,NFO,Tottenham Hotspur,Nottingham Forest,3,1,4,OVER
2022_23_20230311_CRY_MCI,2022_23,2023-03-11,17:30,CRY,MCI,Crystal Palace,Manchester City,0,1,1,UNDER
2022_23_20230312_FUL_ARS,2022_23,2023-03-12,14:00,FUL,ARS,Fulham,Arsenal,0,3,3,OVER
2022_23_20230312_MUN_SOU,2022_23,2023-03-12,14:00,MUN,SOU,Manchester United,Southampton,0,0,0,UNDER
2022_23_20230312_WHU_AVL,2022_23,2023-03-12,14:00,WHU,AVL,West Ham United,Aston Villa,1,1,2,UNDER
2022_23_20230312_NEW_WOL,2022_23,2023-03-12,16:30,NEW,WOL,Newcastle United,Wolverhampton Wanderers,2,1,3,OVER
2022_23_20230315_BRI_CRY,2022_23,2023-03-15,19:30,BRI,CRY,Brighton & Hove Albion,Crystal Palace,1,0,1,UNDER
2022_23_20230315_SOU_BRE,2022_23,2023-03-15,19:30,SOU,BRE,Southampton,Brentford,0,2,2,UNDER
2022_23_20230317_NFO_NEW,2022_23,2023-03-17,20:00,NFO,NEW,Nottingham Forest,Newcastle United,1,2,3,OVER
2022_23_20230318_AVL_BOU,2022_23,2023-03-18,15:00,AVL,BOU,Aston Villa,AFC Bournemouth,3,0,3,OVER
2022_23_20230318_BRE_LEI,2022_23,2023-03-18,15:00,BRE,LEI,Brentford,Leicester City,1,1,2,UNDER
2022_23_20230318_SOU_TOT,2022_23,2023-03-18,15:00,SOU,TOT,Southampton,Tottenham Hotspur,3,3,6,OVER
2022_23_20230318_WOL_LEE,2022_23,2023-03-18,15:00,WOL,LEE,Wolverhampton Wanderers,Leeds United,2,4,6,OVER
2022_23_20230318_CHE_EVE,2022_23,2023-03-18,17:30,CHE,EVE,Chelsea,Everton,2,2,4,OVER
2022_23_20230319_ARS_CRY,2022_23,2023-03-19,14:00,ARS,CRY,Arsenal,Crystal Palace,4,1,5,OVER
2022_23_20230401_MCI_LIV,2022_23,2023-04-01,12:30,MCI,LIV,Manchester City,Liverpool,4,1,5,OVER
2022_23_20230401_ARS_LEE,2022_23,2023-04-01,15:00,ARS,LEE,Arsenal,Leeds United,4,1,5,OVER
2022_23_20230401_BOU_FUL,2022_23,2023-04-01,15:00,BOU,FUL,AFC Bournemouth,Fulham,2,1,3,OVER
2022_23_20230401_BRI_BRE,2022_23,2023-04-01,15:00,BRI,BRE,Brighton & Hove Albion,Brentford,3,3,6,OVER
2022_23_20230401_CRY_LEI,2022_23,2023-04-01,15:00,CRY,LEI,Crystal Palace,Leicester City,2,1,3,OVER
2022_23_20230401_NFO_WOL,2022_23,2023-04-01,15:00,NFO,WOL,Nottingham Forest,Wolverhampton Wanderers,1,1,2,UNDER
2022_23_20230401_CHE_AVL,2022_23,2023-04-01,17:30,CHE,AVL,Chelsea,Aston Villa,0,2,2,UNDER
2022_23_20230402_WHU_SOU,2022_23,2023-04-02,14:00,WHU,SOU,West Ham United,Southampton,1,0,1,UNDER
2022_23_20230402_NEW_MUN,2022_23,2023-04-02,16:30,NEW,MUN,Newcastle United,Manchester United,2,0,2,UNDER
2022_23_20230403_EVE_TOT,2022_23,2023-04-03,20:00,EVE,TOT,Everton,Tottenham Hotspur,1,1,2,UNDER
2022_23_20230404_BOU_BRI,2022_23,2023-04-04,19:45,BOU,BRI,AFC Bournemouth,Brighton & Hove Albion,0,2,2,UNDER
2022_23_20230404_LEE_NFO,2022_23,2023-04-04,19:45,LEE,NFO,Leeds United,Nottingham Forest,2,1,3,OVER
2022_23_20230404_LEI_AVL,2022_23,2023-04-04,19:45,LEI,AVL,Leicester City,Aston Villa,1,2,3,OVER
2022_23_20230404_CHE_LIV,2022_23,2023-04-04,20:00,CHE,LIV,Chelsea,Liverpool,0,0,0,UNDER
2022_23_20230405_MUN_BRE,2022_23,2023-04-05,20:00,MUN,BRE,Manchester United,Brentford,1,0,1,UNDER
2022_23_20230405_WHU_NEW,2022_23,2023-04-05,20:00,WHU,NEW,West Ham United,Newcastle United,1,5,6,OVER
2022_23_20230408_MUN_EVE,2022_23,2023-04-08,12:30,MUN,EVE,Manchester United,Everton,2,0,2,UNDER
2022_23_20230408_AVL_NFO,2022_23,2023-04-08,15:00,AVL,NFO,Aston Villa,Nottingham Forest,2,0,2,UNDER
2022_23_20230408_BRE_NEW,2022_23,2023-04-08,15:00,BRE,NEW,Brentford,Newcastle United,1,2,3,OVER
2022_23_20230408_FUL_WHU,2022_23,2023-04-08,15:00,FUL,WHU,Fulham,West Ham United,0,1,1,UNDER
2022_23_20230408_LEI_BOU,2022_23,2023-04-08,15:00,LEI,BOU,Leicester City,AFC Bournemouth,0,1,1,UNDER
2022_23_20230408_TOT_BRI,2022_23,2023-04-08,15:00,TOT,BRI,Tottenham Hotspur,Brighton & Hove Albion,2,1,3,OVER
2022_23_20230408_WOL_CHE,2022_23,2023-04-08,15:00,WOL,CHE,Wolverhampton Wanderers,Chelsea,1,0,1,UNDER
2022_23_20230408_SOU_MCI,2022_23,2023-04-08,17:30,SOU,MCI,Southampton,Manchester City,1,4,5,OVER
2022_23_20230409_LEE_CRY,2022_23,2023-04-09,14:00,LEE,CRY,Leeds United,Crystal Palace,1,5,6,OVER
2022_23_20230409_LIV_ARS,2022_23,2023-04-09,16:30,LIV,ARS,Liverpool,Arsenal,2,2,4,OVER
2022_23_20230415_AVL_NEW,2022_23,2023-04-15,12:30,AVL,NEW,Aston Villa,Newcastle United,3,0,3,OVER
2022_23_20230415_CHE_BRI,2022_23,2023-04-15,15:00,CHE,BRI,Chelsea,Brighton & Hove Albion,1,2,3,OVER
2022_23_20230415_EVE_FUL,2022_23,2023-04-15,15:00,EVE,FUL,Everton,Fulham,1,3,4,OVER
2022_23_20230415_SOU_CRY,2022_23,2023-04-15,15:00,SOU,CRY,Southampton,Crystal Palace,0,2,2,UNDER
2022_23_20230415_TOT_BOU,2022_23,2023-04-15,15:00,TOT,BOU,Tottenham Hotspur,AFC Bournemouth,2,3,5,OVER
2022_23_20230415_WOL_BRE,2022_23,2023-04-15,15:00,WOL,BRE,Wolverhampton Wanderers,Brentford,2,0,2,UNDER
2022_23_20230415_MCI_LEI,2022_23,2023-04-15,17:30,MCI,LEI,Manchester City,Leicester City,3,1,4,OVER
2022_23_20230416_WHU_ARS,2022_23,2023-04-16,14:00,WHU,ARS,West Ham United,Arsenal,2,2,4,OVER
2022_23_20230416_NFO_MUN,2022_23,2023-04-16,16:30,NFO,MUN,Nottingham Forest,Manchester United,0,2,2,UNDER
2022_23_20230417_LEE_LIV,2022_23,2023-04-17,20:00,LEE,LIV,Leeds United,Liverpool,1,6,7,OVER
2022_23_20230421_ARS_SOU,2022_23,2023-04-21,20:00,ARS,SOU,Arsenal,Southampton,3,3,6,OVER
2022_23_20230422_FUL_LEE,2022_23,2023-04-22,12:30,FUL,LEE,Fulham,Leeds United,2,1,3,OVER
2022_23_20230422_BRE_AVL,2022_23,2023-04-22,15:00,BRE,AVL,Brentford,Aston Villa,1,1,2,UNDER
2022_23_20230422_CRY_EVE,2022_23,2023-04-22,15:00,CRY,EVE,Crystal Palace,Everton,0,0,0,UNDER
2022_23_20230422_LEI_WOL,2022_23,2023-04-22,15:00,LEI,WOL,Leicester City,Wolverhampton Wanderers,2,1,3,OVER
2022_23_20230422_LIV_NFO,2022_23,2023-04-22,15:00,LIV,NFO,Liverpool,Nottingham Forest,3,2,5,OVER
2022_23_20230423_BOU_WHU,2022_23,2023-04-23,14:00,BOU,WHU,AFC Bournemouth,West Ham United,0,4,4,OVER
2022_23_20230423_NEW_TOT,2022_23,2023-04-23,14:00,NEW,TOT,Newcastle United,Tottenham Hotspur,6,1,7,OVER
2022_23_20230425_WOL_CRY,2022_23,2023-04-25,19:30,WOL,CRY,Wolverhampton Wanderers,Crystal Palace,2,0,2,UNDER
2022_23_20230425_AVL_FUL,2022_23,2023-04-25,19:45,AVL,FUL,Aston Villa,Fulham,1,0,1,UNDER
2022_23_20230425_LEE_LEI,2022_23,2023-04-25,20:00,LEE,LEI,Leeds United,Leicester City,1,1,2,UNDER
2022_23_20230426_NFO_BRI,2022_23,2023-04-26,19:30,NFO,BRI,Nottingham Forest,Brighton & Hove Albion,3,1,4,OVER
2022_23_20230426_CHE_BRE,2022_23,2023-04-26,19:45,CHE,BRE,Chelsea,Brentford,0,2,2,UNDER
2022_23_20230426_WHU_LIV,2022_23,2023-04-26,19:45,WHU,LIV,West Ham United,Liverpool,1,2,3,OVER
2022_23_20230426_MCI_ARS,2022_23,2023-04-26,20:00,MCI,ARS,Manchester City,Arsenal,4,1,5,OVER
2022_23_20230427_EVE_NEW,2022_23,2023-04-27,19:45,EVE,NEW,Everton,Newcastle United,1,4,5,OVER
2022_23_20230427_SOU_BOU,2022_23,2023-04-27,19:45,SOU,BOU,Southampton,AFC Bournemouth,0,1,1,UNDER
2022_23_20230427_TOT_MUN,2022_23,2023-04-27,20:15,TOT,MUN,Tottenham Hotspur,Manchester United,2,2,4,OVER
2022_23_20230429_CRY_WHU,2022_23,2023-04-29,12:30,CRY,WHU,Crystal Palace,West Ham United,4,3,7,OVER
2022_23_20230429_BRE_NFO,2022_23,2023-04-29,15:00,BRE,NFO,Brentford,Nottingham Forest,2,1,3,OVER
2022_23_20230429_BRI_WOL,2022_23,2023-04-29,15:00,BRI,WOL,Brighton & Hove Albion,Wolverhampton Wanderers,6,0,6,OVER
2022_23_20230430_BOU_LEE,2022_23,2023-04-30,14:00,BOU,LEE,AFC Bournemouth,Leeds United,4,1,5,OVER
2022_23_20230430_FUL_MCI,2022_23,2023-04-30,14:00,FUL,MCI,Fulham,Manchester City,1,2,3,OVER
2022_23_20230430_MUN_AVL,2022_23,2023-04-30,14:00,MUN,AVL,Manchester United,Aston Villa,1,0,1,UNDER
2022_23_20230430_NEW_SOU,2022_23,2023-04-30,14:00,NEW,SOU,Newcastle United,Southampton,3,1,4,OVER
2022_23_20230430_LIV_TOT,2022_23,2023-04-30,16:30,LIV,TOT,Liverpool,Tottenham Hotspur,4,3,7,OVER
2022_23_20230501_LEI_EVE,2022_23,2023-05-01,20:00,LEI,EVE,Leicester City,Everton,2,2,4,OVER
2022_23_20230502_ARS_CHE,2022_23,2023-05-02,20:00,ARS,CHE,Arsenal,Chelsea,3,1,4,OVER
2022_23_20230503_LIV_FUL,2022_23,2023-05-03,20:00,LIV,FUL,Liverpool,Fulham,1,0,1,UNDER
2022_23_20230503_MCI_WHU,2022_23,2023-05-03,20:00,MCI,WHU,Manchester City,West Ham United,3,0,3,OVER
2022_23_20230504_BRI_MUN,2022_23,2023-05-04,20:00,BRI,MUN,Brighton & Hove Albion,Manchester United,1,0,1,UNDER
2022_23_20230506_BOU_CHE,2022_23,2023-05-06,15:00,BOU,CHE,AFC Bournemouth,Chelsea,1,3,4,OVER
2022_23_20230506_MCI_LEE,2022_23,2023-05-06,15:00,MCI,LEE,Manchester City,Leeds United,2,1,3,OVER
2022_23_20230506_TOT_CRY,2022_23,2023-05-06,15:00,TOT,CRY,Tottenham Hotspur,Crystal Palace,1,0,1,UNDER
2022_23_20230506_WOL_AVL,2022_23,2023-05-06,15:00,WOL,AVL,Wolverhampton Wanderers,Aston Villa,1,0,1,UNDER
2022_23_20230506_LIV_BRE,2022_23,2023-05-06,17:30,LIV,BRE,Liverpool,Brentford,1,0,1,UNDER
2022_23_20230507_NEW_ARS,2022_23,2023-05-07,16:30,NEW,ARS,Newcastle United,Arsenal,0,2,2,UNDER
2022_23_20230507_WHU_MUN,2022_23,2023-05-07,19:00,WHU,MUN,West Ham United,Manchester United,1,0,1,UNDER
2022_23_20230508_FUL_LEI,2022_23,2023-05-08,15:00,FUL,LEI,Fulham,Leicester City,5,3,8,OVER
2022_23_20230508_BRI_EVE,2022_23,2023-05-08,17:30,BRI,EVE,Brighton & Hove Albion,Everton,1,5,6,OVER
2022_23_20230508_NFO_SOU,2022_23,2023-05-08,20:00,NFO,SOU,Nottingham Forest,Southampton,4,3,7,OVER
2022_23_20230513_LEE_NEW,2022_23,2023-05-13,12:30,LEE,NEW,Leeds United,Newcastle United,2,2,4,OVER
2022_23_20230513_AVL_TOT,2022_23,2023-05-13,15:00,AVL,TOT,Aston Villa,Tottenham Hotspur,2,1,3,OVER
2022_23_20230513_CHE_NFO,2022_23,2023-05-13,15:00,CHE,NFO,Chelsea,Nottingham Forest,2,2,4,OVER
2022_23_20230513_CRY_BOU,2022_23,2023-05-13,15:00,CRY,BOU,Crystal Palace,AFC Bournemouth,2,0,2,UNDER
2022_23_20230513_MUN_WOL,2022_23,2023-05-13,15:00,MUN,WOL,Manchester United,Wolverhampton Wanderers,2,0,2,UNDER
2022_23_20230513_SOU_FUL,2022_23,2023-05-13,15:00,SOU,FUL,Southampton,Fulham,0,2,2,UNDER
2022_23_20230514_BRE_WHU,2022_23,2023-05-14,14:00,BRE,WHU,Brentford,West Ham United,2,0,2,UNDER
2022_23_20230514_EVE_MCI,2022_23,2023-05-14,14:00,EVE,MCI,Everton,Manchester City,0,3,3,OVER
2022_23_20230514_ARS_BRI,2022_23,2023-05-14,16:30,ARS,BRI,Arsenal,Brighton & Hove Albion,0,3,3,OVER
2022_23_20230515_LEI_LIV,2022_23,2023-05-15,20:00,LEI,LIV,Leicester City,Liverpool,0,3,3,OVER
2022_23_20230518_NEW_BRI,2022_23,2023-05-18,19:30,NEW,BRI,Newcastle United,Brighton & Hove Albion,4,1,5,OVER
2022_23_20230520_TOT_BRE,2022_23,2023-05-20,12:30,TOT,BRE,Tottenham Hotspur,Brentford,1,3,4,OVER
2022_23_20230520_BOU_MUN,2022_23,2023-05-20,15:00,BOU,MUN,AFC Bournemouth,Manchester United,0,1,1,UNDER
2022_23_20230520_FUL_CRY,2022_23,2023-05-20,15:00,FUL,CRY,Fulham,Crystal Palace,2,2,4,OVER
2022_23_20230520_LIV_AVL,2022_23,2023-05-20,15:00,LIV,AVL,Liverpool,Aston Villa,1,1,2,UNDER
2022_23_20230520_WOL_EVE,2022_23,2023-05-20,15:00,WOL,EVE,Wolverhampton Wanderers,Everton,1,1,2,UNDER
2022_23_20230520_NFO_ARS,2022_23,2023-05-20,17:30,NFO,ARS,Nottingham Forest,Arsenal,1,0,1,UNDER
2022_23_20230521_WHU_LEE,2022_23,2023-05-21,13:30,WHU,LEE,West Ham United,Leeds United,3,1,4,OVER
2022_23_20230521_BRI_SOU,2022_23,2023-05-21,14:00,BRI,SOU,Brighton & Hove Albion,Southampton,3,1,4,OVER
2022_23_20230521_MCI_CHE,2022_23,2023-05-21,16:00,MCI,CHE,Manchester City,Chelsea,1,0,1,UNDER
2022_23_20230522_NEW_LEI,2022_23,2023-05-22,20:00,NEW,LEI,Newcastle United,Leicester City,0,0,0,UNDER
2022_23_20230524_BRI_MCI,2022_23,2023-05-24,20:00,BRI,MCI,Brighton & Hove Albion,Manchester City,1,1,2,UNDER
2022_23_20230525_MUN_CHE,2022_23,2023-05-25,20:00,MUN,CHE,Manchester United,Chelsea,4,1,5,OVER
2022_23_20230528_ARS_WOL,2022_23,2023-05-28,16:30,ARS,WOL,Arsenal,Wolverhampton Wanderers,5,0,5,OVER
2022_23_20230528_AVL_BRI,2022_23,2023-05-28,16:30,AVL,BRI,Aston Villa,Brighton & Hove Albion,2,1,3,OVER
2022_23_20230528_BRE_MCI,2022_23,2023-05-28,16:30,BRE,MCI,Brentford,Manchester City,1,0,1,UNDER
2022_23_20230528_CHE_NEW,2022_23,2023-05-28,16:30,CHE,NEW,Chelsea,Newcastle United,1,1,2,UNDER
2022_23_20230528_CRY_NFO,2022_23,2023-05-28,16:30,CRY,NFO,Crystal Palace,Nottingham Forest,1,1,2,UNDER
2022_23_20230528_EVE_BOU,2022_23,2023-05-28,16:30,EVE,BOU,Everton,AFC Bournemouth,1,0,1,UNDER
2022_23_20230528_LEE_TOT,2022_23,2023-05-28,16:30,LEE,TOT,Leeds United,Tottenham Hotspur,1,4,5,OVER
2022_23_20230528_LEI_WHU,2022_23,2023-05-28,16:30,LEI,WHU,Leicester City,West Ham United,2,1,3,OVER
2022_23_20230528_MUN_FUL,2022_23,2023-05-28,16:30,MUN,FUL,Manchester United,Fulham,2,1,3,OVER
2022_23_20230528_SOU_LIV,2022_23,2023-05-28,16:30,SOU,LIV,Southampton,Liverpool,4,4,8,OVER
2023_24_20230811_BUR_MCI,2023_24,2023-08-11,20:00,BUR,MCI,Burnley,Manchester City,0,3,3,OVER
2023_24_20230812_ARS_NFO,2023_24,2023-08-12,12:30,ARS,NFO,Arsenal,Nottingham Forest,2,1,3,OVER
2023_24_20230812_BOU_WHU,2023_24,2023-08-12,15:00,BOU,WHU,AFC Bournemouth,West Ham United,1,1,2,UNDER
2023_24_20230812_BRI_LUT,2023_24,2023-08-12,15:00,BRI,LUT,Brighton & Hove Albion,Luton Town,4,1,5,OVER
2023_24_20230812_EVE_FUL,2023_24,2023-08-12,15:00,EVE,FUL,Everton,Fulham,0,1,1,UNDER
2023_24_20230812_SHU_CRY,2023_24,2023-08-12,15:00,SHU,CRY,Sheffield United,Crystal Palace,0,1,1,UNDER
2023_24_20230812_NEW_AVL,2023_24,2023-08-12,17:30,NEW,AVL,Newcastle United,Aston Villa,5,1,6,OVER
2023_24_20230813_BRE_TOT,2023_24,2023-08-13,14:00,BRE,TOT,Brentford,Tottenham Hotspur,2,2,4,OVER
2023_24_20230813_CHE_LIV,2023_24,2023-08-13,16:30,CHE,LIV,Chelsea,Liverpool,1,1,2,UNDER
2023_24_20230814_MUN_WOL,2023_24,2023-08-14,20:00,MUN,WOL,Manchester United,Wolverhampton Wanderers,1,0,1,UNDER
2023_24_20230818_NFO_SHU,2023_24,2023-08-18,19:45,NFO,SHU,Nottingham Forest,Sheffield United,2,1,3,OVER
2023_24_20230819_FUL_BRE,2023_24,2023-08-19,15:00,FUL,BRE,Fulham,Brentford,0,3,3,OVER
2023_24_20230819_LIV_BOU,2023_24,2023-08-19,15:00,LIV,BOU,Liverpool,AFC Bournemouth,3,1,4,OVER
2023_24_20230819_WOL_BRI,2023_24,2023-08-19,15:00,WOL,BRI,Wolverhampton Wanderers,Brighton & Hove Albion,1,4,5,OVER
2023_24_20230819_TOT_MUN,2023_24,2023-08-19,17:30,TOT,MUN,Tottenham Hotspur,Manchester United,2,0,2,UNDER
2023_24_20230819_MCI_NEW,2023_24,2023-08-19,20:00,MCI,NEW,Manchester City,Newcastle United,1,0,1,UNDER
2023_24_20230820_AVL_EVE,2023_24,2023-08-20,14:00,AVL,EVE,Aston Villa,Everton,4,0,4,OVER
2023_24_20230820_WHU_CHE,2023_24,2023-08-20,16:30,WHU,CHE,West Ham United,Chelsea,3,1,4,OVER
2023_24_20230821_CRY_ARS,2023_24,2023-08-21,20:00,CRY,ARS,Crystal Palace,Arsenal,0,1,1,UNDER
2023_24_20230825_CHE_LUT,2023_24,2023-08-25,20:00,CHE,LUT,Chelsea,Luton Town,3,0,3,OVER
2023_24_20230826_BOU_TOT,2023_24,2023-08-26,12:30,BOU,TOT,AFC Bournemouth,Tottenham Hotspur,0,2,2,UNDER
2023_24_20230826_ARS_FUL,2023_24,2023-08-26,15:00,ARS,FUL,Arsenal,Fulham,2,2,4,OVER
2023_24_20230826_BRE_CRY,2023_24,2023-08-26,15:00,BRE,CRY,Brentford,Crystal Palace,1,1,2,UNDER
2023_24_20230826_EVE_WOL,2023_24,2023-08-26,15:00,EVE,WOL,Everton,Wolverhampton Wanderers,0,1,1,UNDER
2023_24_20230826_MUN_NFO,2023_24,2023-08-26,15:00,MUN,NFO,Manchester United,Nottingham Forest,3,2,5,OVER
2023_24_20230826_BRI_WHU,2023_24,2023-08-26,17:30,BRI,WHU,Brighton & Hove Albion,West Ham United,1,3,4,OVER
2023_24_20230827_BUR_AVL,2023_24,2023-08-27,14:00,BUR,AVL,Burnley,Aston Villa,1,3,4,OVER
2023_24_20230827_SHU_MCI,2023_24,2023-08-27,14:00,SHU,MCI,Sheffield United,Manchester City,1,2,3,OVER
2023_24_20230827_NEW_LIV,2023_24,2023-08-27,16:30,NEW,LIV,Newcastle United,Liverpool,1,2,3,OVER
2023_24_20230901_LUT_WHU,2023_24,2023-09-01,20:00,LUT,WHU,Luton Town,West Ham United,1,2,3,OVER
2023_24_20230902_SHU_EVE,2023_24,2023-09-02,12:30,SHU,EVE,Sheffield United,Everton,2,2,4,OVER
2023_24_20230902_BRE_BOU,2023_24,2023-09-02,15:00,BRE,BOU,Brentford,AFC Bournemouth,2,2,4,OVER
2023_24_20230902_BUR_TOT,2023_24,2023-09-02,15:00,BUR,TOT,Burnley,Tottenham Hotspur,2,5,7,OVER
2023_24_20230902_CHE_NFO,2023_24,2023-09-02,15:00,CHE,NFO,Chelsea,Nottingham Forest,0,1,1,UNDER
2023_24_20230902_MCI_FUL,2023_24,2023-09-02,15:00,MCI,FUL,Manchester City,Fulham,5,1,6,OVER
2023_24_20230902_BRI_NEW,2023_24,2023-09-02,17:30,BRI,NEW,Brighton & Hove Albion,Newcastle United,3,1,4,OVER
2023_24_20230903_CRY_WOL,2023_24,2023-09-03,14:00,CRY,WOL,Crystal Palace,Wolverhampton Wanderers,3,2,5,OVER
2023_24_20230903_LIV_AVL,2023_24,2023-09-03,14:00,LIV,AVL,Liverpool,Aston Villa,3,0,3,OVER
2023_24_20230903_ARS_MUN,2023_24,2023-09-03,16:30,ARS,MUN,Arsenal,Manchester United,3,1,4,OVER
2023_24_20230916_WOL_LIV,2023_24,2023-09-16,12:30,WOL,LIV,Wolverhampton Wanderers,Liverpool,1,3,4,OVER
2023_24_20230916_AVL_CRY,2023_24,2023-09-16,15:00,AVL,CRY,Aston Villa,Crystal Palace,3,1,4,OVER
2023_24_20230916_FUL_LUT,2023_24,2023-09-16,15:00,FUL,LUT,Fulham,Luton Town,1,0,1,UNDER
2023_24_20230916_MUN_BRI,2023_24,2023-09-16,15:00,MUN,BRI,Manchester United,Brighton & Hove Albion,1,3,4,OVER
2023_24_20230916_TOT_SHU,2023_24,2023-09-16,15:00,TOT,SHU,Tottenham Hotspur,Sheffield United,2,1,3,OVER
2023_24_20230916_WHU_MCI,2023_24,2023-09-16,15:00,WHU,MCI,West Ham United,Manchester City,1,3,4,OVER
2023_24_20230916_NEW_BRE,2023_24,2023-09-16,17:30,NEW,BRE,Newcastle United,Brentford,1,0,1,UNDER
2023_24_20230917_BOU_CHE,2023_24,2023-09-17,14:00,BOU,CHE,AFC Bournemouth,Chelsea,0,0,0,UNDER
2023_24_20230917_EVE_ARS,2023_24,2023-09-17,16:30,EVE,ARS,Everton,Arsenal,0,1,1,UNDER
2023_24_20230918_NFO_BUR,2023_24,2023-09-18,19:45,NFO,BUR,Nottingham Forest,Burnley,1,1,2,UNDER
2023_24_20230923_CRY_FUL,2023_24,2023-09-23,15:00,CRY,FUL,Crystal Palace,Fulham,0,0,0,UNDER
2023_24_20230923_LUT_WOL,2023_24,2023-09-23,15:00,LUT,WOL,Luton Town,Wolverhampton Wanderers,1,1,2,UNDER
2023_24_20230923_MCI_NFO,2023_24,2023-09-23,15:00,MCI,NFO,Manchester City,Nottingham Forest,2,0,2,UNDER
2023_24_20230923_BRE_EVE,2023_24,2023-09-23,17:30,BRE,EVE,Brentford,Everton,1,3,4,OVER
2023_24_20230923_BUR_MUN,2023_24,2023-09-23,20:00,BUR,MUN,Burnley,Manchester United,0,1,1,UNDER
2023_24_20230924_ARS_TOT,2023_24,2023-09-24,14:00,ARS,TOT,Arsenal,Tottenham Hotspur,2,2,4,OVER
2023_24_20230924_BRI_BOU,2023_24,2023-09-24,14:00,BRI,BOU,Brighton & Hove Albion,AFC Bournemouth,3,1,4,OVER
2023_24_20230924_CHE_AVL,2023_24,2023-09-24,14:00,CHE,AVL,Chelsea,Aston Villa,0,1,1,UNDER
2023_24_20230924_LIV_WHU,2023_24,2023-09-24,14:00,LIV,WHU,Liverpool,West Ham United,3,1,4,OVER
2023_24_20230924_SHU_NEW,2023_24,2023-09-24,16:30,SHU,NEW,Sheffield United,Newcastle United,0,8,8,OVER
2023_24_20230930_AVL_BRI,2023_24,2023-09-30,12:30,AVL,BRI,Aston Villa,Brighton & Hove Albion,6,1,7,OVER
2023_24_20230930_BOU_ARS,2023_24,2023-09-30,15:00,BOU,ARS,AFC Bournemouth,Arsenal,0,4,4,OVER
2023_24_20230930_EVE_LUT,2023_24,2023-09-30,15:00,EVE,LUT,Everton,Luton Town,1,2,3,OVER
2023_24_20230930_MUN_CRY,2023_24,2023-09-30,15:00,MUN,CRY,Manchester United,Crystal Palace,0,1,1,UNDER
2023_24_20230930_NEW_BUR,2023_24,2023-09-30,15:00,NEW,BUR,Newcastle United,Burnley,2,0,2,UNDER
2023_24_20230930_WHU_SHU,2023_24,2023-09-30,15:00,WHU,SHU,West Ham United,Sheffield United,2,0,2,UNDER
2023_24_20230930_WOL_MCI,2023_24,2023-09-30,15:00,WOL,MCI,Wolverhampton Wanderers,Manchester City,2,1,3,OVER
2023_24_20230930_TOT_LIV,2023_24,2023-09-30,17:30,TOT,LIV,Tottenham Hotspur,Liverpool,2,1,3,OVER
2023_24_20231001_NFO_BRE,2023_24,2023-10-01,14:00,NFO,BRE,Nottingham Forest,Brentford,1,1,2,UNDER
2023_24_20231002_FUL_CHE,2023_24,2023-10-02,20:00,FUL,CHE,Fulham,Chelsea,0,2,2,UNDER
2023_24_20231003_LUT_BUR,2023_24,2023-10-03,19:30,LUT,BUR,Luton Town,Burnley,1,2,3,OVER
2023_24_20231007_LUT_TOT,2023_24,2023-10-07,12:30,LUT,TOT,Luton Town,Tottenham Hotspur,0,1,1,UNDER
2023_24_20231007_BUR_CHE,2023_24,2023-10-07,15:00,BUR,CHE,Burnley,Chelsea,1,4,5,OVER
2023_24_20231007_EVE_BOU,2023_24,2023-10-07,15:00,EVE,BOU,Everton,AFC Bournemouth,3,0,3,OVER
2023_24_20231007_FUL_SHU,2023_24,2023-10-07,15:00,FUL,SHU,Fulham,Sheffield United,3,1,4,OVER
2023_24_20231007_MUN_BRE,2023_24,2023-10-07,15:00,MUN,BRE,Manchester United,Brentford,2,1,3,OVER
2023_24_20231007_CRY_NFO,2023_24,2023-10-07,17:30,CRY,NFO,Crystal Palace,Nottingham Forest,0,0,0,UNDER
2023_24_20231008_BRI_LIV,2023_24,2023-10-08,14:00,BRI,LIV,Brighton & Hove Albion,Liverpool,2,2,4,OVER
2023_24_20231008_WHU_NEW,2023_24,2023-10-08,14:00,WHU,NEW,West Ham United,Newcastle United,2,2,4,OVER
2023_24_20231008_WOL_AVL,2023_24,2023-10-08,14:00,WOL,AVL,Wolverhampton Wanderers,Aston Villa,1,1,2,UNDER
2023_24_20231008_ARS_MCI,2023_24,2023-10-08,16:30,ARS,MCI,Arsenal,Manchester City,1,0,1,UNDER
2023_24_20231021_LIV_EVE,2023_24,2023-10-21,12:30,LIV,EVE,Liverpool,Everton,2,0,2,UNDER
2023_24_20231021_BOU_WOL,2023_24,2023-10-21,15:00,BOU,WOL,AFC Bournemouth,Wolverhampton Wanderers,1,2,3,OVER
2023_24_20231021_BRE_BUR,2023_24,2023-10-21,15:00,BRE,BUR,Brentford,Burnley,3,0,3,OVER
2023_24_20231021_MCI_BRI,2023_24,2023-10-21,15:00,MCI,BRI,Manchester City,Brighton & Hove Albion,2,1,3,OVER
2023_24_20231021_NEW_CRY,2023_24,2023-10-21,15:00,NEW,CRY,Newcastle United,Crystal Palace,4,0,4,OVER
2023_24_20231021_NFO_LUT,2023_24,2023-10-21,15:00,NFO,LUT,Nottingham Forest,Luton Town,2,2,4,OVER
2023_24_20231021_CHE_ARS,2023_24,2023-10-21,17:30,CHE,ARS,Chelsea,Arsenal,2,2,4,OVER
2023_24_20231021_SHU_MUN,2023_24,2023-10-21,20:00,SHU,MUN,Sheffield United,Manchester United,1,2,3,OVER
2023_24_20231022_AVL_WHU,2023_24,2023-10-22,16:30,AVL,WHU,Aston Villa,West Ham United,4,1,5,OVER
2023_24_20231023_TOT_FUL,2023_24,2023-10-23,20:00,TOT,FUL,Tottenham Hotspur,Fulham,2,0,2,UNDER
2023_24_20231027_CRY_TOT,2023_24,2023-10-27,20:00,CRY,TOT,Crystal Palace,Tottenham Hotspur,1,2,3,OVER
2023_24_20231028_CHE_BRE,2023_24,2023-10-28,12:30,CHE,BRE,Chelsea,Brentford,0,2,2,UNDER
2023_24_20231028_ARS_SHU,2023_24,2023-10-28,15:00,ARS,SHU,Arsenal,Sheffield United,5,0,5,OVER
2023_24_20231028_BOU_BUR,2023_24,2023-10-28,15:00,BOU,BUR,AFC Bournemouth,Burnley,2,1,3,OVER
2023_24_20231028_WOL_NEW,2023_24,2023-10-28,17:30,WOL,NEW,Wolverhampton Wanderers,Newcastle United,2,2,4,OVER
2023_24_20231029_WHU_EVE,2023_24,2023-10-29,13:00,WHU,EVE,West Ham United,Everton,0,1,1,UNDER
2023_24_20231029_AVL_LUT,2023_24,2023-10-29,14:00,AVL,LUT,Aston Villa,Luton Town,3,1,4,OVER
2023_24_20231029_BRI_FUL,2023_24,2023-10-29,14:00,BRI,FUL,Brighton & Hove Albion,Fulham,1,1,2,UNDER
2023_24_20231029_LIV_NFO,2023_24,2023-10-29,14:00,LIV,NFO,Liverpool,Nottingham Forest,3,0,3,OVER
2023_24_20231029_MUN_MCI,2023_24,2023-10-29,15:30,MUN,MCI,Manchester United,Manchester City,0,3,3,OVER
2023_24_20231104_FUL_MUN,2023_24,2023-11-04,12:30,FUL,MUN,Fulham,Manchester United,0,1,1,UNDER
2023_24_20231104_BRE_WHU,2023_24,2023-11-04,15:00,BRE,WHU,Brentford,West Ham United,3,2,5,OVER
2023_24_20231104_BUR_CRY,2023_24,2023-11-04,15:00,BUR,CRY,Burnley,Crystal Palace,0,2,2,UNDER
2023_24_20231104_EVE_BRI,2023_24,2023-11-04,15:00,EVE,BRI,Everton,Brighton & Hove Albion,1,1,2,UNDER
2023_24_20231104_MCI_BOU,2023_24,2023-11-04,15:00,MCI,BOU,Manchester City,AFC Bournemouth,6,1,7,OVER
2023_24_20231104_SHU_WOL,2023_24,2023-11-04,15:00,SHU,WOL,Sheffield United,Wolverhampton Wanderers,2,1,3,OVER
2023_24_20231104_NEW_ARS,2023_24,2023-11-04,17:30,NEW,ARS,Newcastle United,Arsenal,1,0,1,UNDER
2023_24_20231105_NFO_AVL,2023_24,2023-11-05,14:00,NFO,AVL,Nottingham Forest,Aston Villa,2,0,2,UNDER
2023_24_20231105_LUT_LIV,2023_24,2023-11-05,16:30,LUT,LIV,Luton Town,Liverpool,1,1,2,UNDER
2023_24_20231106_TOT_CHE,2023_24,2023-11-06,20:00,TOT,CHE,Tottenham Hotspur,Chelsea,1,4,5,OVER
2023_24_20231111_WOL_TOT,2023_24,2023-11-11,12:30,WOL,TOT,Wolverhampton Wanderers,Tottenham Hotspur,2,1,3,OVER
2023_24_20231111_ARS_BUR,2023_24,2023-11-11,15:00,ARS,BUR,Arsenal,Burnley,3,1,4,OVER
2023_24_20231111_CRY_EVE,2023_24,2023-11-11,15:00,CRY,EVE,Crystal Palace,Everton,2,3,5,OVER
2023_24_20231111_MUN_LUT,2023_24,2023-11-11,15:00,MUN,LUT,Manchester United,Luton Town,1,0,1,UNDER
2023_24_20231111_BOU_NEW,2023_24,2023-11-11,17:30,BOU,NEW,AFC Bournemouth,Newcastle United,2,0,2,UNDER
2023_24_20231112_AVL_FUL,2023_24,2023-11-12,14:00,AVL,FUL,Aston Villa,Fulham,3,1,4,OVER
2023_24_20231112_BRI_SHU,2023_24,2023-11-12,14:00,BRI,SHU,Brighton & Hove Albion,Sheffield United,1,1,2,UNDER
2023_24_20231112_LIV_BRE,2023_24,2023-11-12,14:00,LIV,BRE,Liverpool,Brentford,3,0,3,OVER
2023_24_20231112_WHU_NFO,2023_24,2023-11-12,14:00,WHU,NFO,West Ham United,Nottingham Forest,3,2,5,OVER
2023_24_20231112_CHE_MCI,2023_24,2023-11-12,16:30,CHE,MCI,Chelsea,Manchester City,4,4,8,OVER
2023_24_20231125_MCI_LIV,2023_24,2023-11-25,12:30,MCI,LIV,Manchester City,Liverpool,1,1,2,UNDER
2023_24_20231125_BUR_WHU,2023_24,2023-11-25,15:00,BUR,WHU,Burnley,West Ham United,1,2,3,OVER
2023_24_20231125_LUT_CRY,2023_24,2023-11-25,15:00,LUT,CRY,Luton Town,Crystal Palace,2,1,3,OVER
2023_24_20231125_NEW_CHE,2023_24,2023-11-25,15:00,NEW,CHE,Newcastle United,Chelsea,4,1,5,OVER
2023_24_20231125_NFO_BRI,2023_24,2023-11-25,15:00,NFO,BRI,Nottingham Forest,Brighton & Hove Albion,2,3,5,OVER
2023_24_20231125_SHU_BOU,2023_24,2023-11-25,15:00,SHU,BOU,Sheffield United,AFC Bournemouth,1,3,4,OVER
2023_24_20231125_BRE_ARS,2023_24,2023-11-25,17:30,BRE,ARS,Brentford,Arsenal,0,1,1,UNDER
2023_24_20231126_TOT_AVL,2023_24,2023-11-26,14:00,TOT,AVL,Tottenham Hotspur,Aston Villa,1,2,3,OVER
2023_24_20231126_EVE_MUN,2023_24,2023-11-26,16:30,EVE,MUN,Everton,Manchester United,0,3,3,OVER
2023_24_20231127_FUL_WOL,2023_24,2023-11-27,20:00,FUL,WOL,Fulham,Wolverhampton Wanderers,3,2,5,OVER
2023_24_20231202_ARS_WOL,2023_24,2023-12-02,15:00,ARS,WOL,Arsenal,Wolverhampton Wanderers,2,1,3,OVER
2023_24_20231202_BRE_LUT,2023_24,2023-12-02,15:00,BRE,LUT,Brentford,Luton Town,3,1,4,OVER
2023_24_20231202_BUR_SHU,2023_24,2023-12-02,15:00,BUR,SHU,Burnley,Sheffield United,5,0,5,OVER
2023_24_20231202_NFO_EVE,2023_24,2023-12-02,17:30,NFO,EVE,Nottingham Forest,Everton,0,1,1,UNDER
2023_24_20231202_NEW_MUN,2023_24,2023-12-02,20:00,NEW,MUN,Newcastle United,Manchester United,1,0,1,UNDER
2023_24_20231203_BOU_AVL,2023_24,2023-12-03,14:00,BOU,AVL,AFC Bournemouth,Aston Villa,2,2,4,OVER
2023_24_20231203_CHE_BRI,2023_24,2023-12-03,14:00,CHE,BRI,Chelsea,Brighton & Hove Albion,3,2,5,OVER
2023_24_20231203_LIV_FUL,2023_24,2023-12-03,14:00,LIV,FUL,Liverpool,Fulham,4,3,7,OVER
2023_24_20231203_WHU_CRY,2023_24,2023-12-03,14:00,WHU,CRY,West Ham United,Crystal Palace,1,1,2,UNDER
2023_24_20231203_MCI_TOT,2023_24,2023-12-03,16:30,MCI,TOT,Manchester City,Tottenham Hotspur,3,3,6,OVER
2023_24_20231205_WOL_BUR,2023_24,2023-12-05,19:30,WOL,BUR,Wolverhampton Wanderers,Burnley,1,0,1,UNDER
2023_24_20231205_LUT_ARS,2023_24,2023-12-05,20:15,LUT,ARS,Luton Town,Arsenal,3,4,7,OVER
2023_24_20231206_BRI_BRE,2023_24,2023-12-06,19:30,BRI,BRE,Brighton & Hove Albion,Brentford,2,1,3,OVER
2023_24_20231206_CRY_BOU,2023_24,2023-12-06,19:30,CRY,BOU,Crystal Palace,AFC Bournemouth,0,2,2,UNDER
2023_24_20231206_FUL_NFO,2023_24,2023-12-06,19:30,FUL,NFO,Fulham,Nottingham Forest,5,0,5,OVER
2023_24_20231206_SHU_LIV,2023_24,2023-12-06,19:30,SHU,LIV,Sheffield United,Liverpool,0,2,2,UNDER
2023_24_20231206_AVL_MCI,2023_24,2023-12-06,20:15,AVL,MCI,Aston Villa,Manchester City,1,0,1,UNDER
2023_24_20231206_MUN_CHE,2023_24,2023-12-06,20:15,MUN,CHE,Manchester United,Chelsea,2,1,3,OVER
2023_24_20231207_EVE_NEW,2023_24,2023-12-07,19:30,EVE,NEW,Everton,Newcastle United,3,0,3,OVER
2023_24_20231207_TOT_WHU,2023_24,2023-12-07,20:15,TOT,WHU,Tottenham Hotspur,West Ham United,1,2,3,OVER
2023_24_20231209_CRY_LIV,2023_24,2023-12-09,12:30,CRY,LIV,Crystal Palace,Liverpool,1,2,3,OVER
2023_24_20231209_BRI_BUR,2023_24,2023-12-09,15:00,BRI,BUR,Brighton & Hove Albion,Burnley,1,1,2,UNDER
2023_24_20231209_MUN_BOU,2023_24,2023-12-09,15:00,MUN,BOU,Manchester United,AFC Bournemouth,0,3,3,OVER
2023_24_20231209_SHU_BRE,2023_24,2023-12-09,15:00,SHU,BRE,Sheffield United,Brentford,1,0,1,UNDER
2023_24_20231209_WOL_NFO,2023_24,2023-12-09,15:00,WOL,NFO,Wolverhampton Wanderers,Nottingham Forest,1,1,2,UNDER
2023_24_20231209_AVL_ARS,2023_24,2023-12-09,17:30,AVL,ARS,Aston Villa,Arsenal,1,0,1,UNDER
2023_24_20231210_EVE_CHE,2023_24,2023-12-10,14:00,EVE,CHE,Everton,Chelsea,2,0,2,UNDER
2023_24_20231210_FUL_WHU,2023_24,2023-12-10,14:00,FUL,WHU,Fulham,West Ham United,5,0,5,OVER
2023_24_20231210_LUT_MCI,2023_24,2023-12-10,14:00,LUT,MCI,Luton Town,Manchester City,1,2,3,OVER
2023_24_20231210_TOT_NEW,2023_24,2023-12-10,16:30,TOT,NEW,Tottenham Hotspur,Newcastle United,4,1,5,OVER
2023_24_20231215_NFO_TOT,2023_24,2023-12-15,20:00,NFO,TOT,Nottingham Forest,Tottenham Hotspur,0,2,2,UNDER
2023_24_20231216_CHE_SHU,2023_24,2023-12-16,15:00,CHE,SHU,Chelsea,Sheffield United,2,0,2,UNDER
2023_24_20231216_MCI_CRY,2023_24,2023-12-16,15:00,MCI,CRY,Manchester City,Crystal Palace,2,2,4,OVER
2023_24_20231216_NEW_FUL,2023_24,2023-12-16,15:00,NEW,FUL,Newcastle United,Fulham,3,0,3,OVER
2023_24_20231216_BUR_EVE,2023_24,2023-12-16,17:30,BUR,EVE,Burnley,Everton,0,2,2,UNDER
2023_24_20231217_ARS_BRI,2023_24,2023-12-17,14:00,ARS,BRI,Arsenal,Brighton & Hove Albion,2,0,2,UNDER
2023_24_20231217_BRE_AVL,2023_24,2023-12-17,14:00,BRE,AVL,Brentford,Aston Villa,1,2,3,OVER
2023_24_20231217_WHU_WOL,2023_24,2023-12-17,14:00,WHU,WOL,West Ham United,Wolverhampton Wanderers,3,0,3,OVER
2023_24_20231217_LIV_MUN,2023_24,2023-12-17,16:30,LIV,MUN,Liverpool,Manchester United,0,0,0,UNDER
2023_24_20231221_CRY_BRI,2023_24,2023-12-21,20:00,CRY,BRI,Crystal Palace,Brighton & Hove Albion,1,1,2,UNDER
2023_24_20231222_AVL_SHU,2023_24,2023-12-22,20:00,AVL,SHU,Aston Villa,Sheffield United,1,1,2,UNDER
2023_24_20231223_WHU_MUN,2023_24,2023-12-23,12:30,WHU,MUN,West Ham United,Manchester United,2,0,2,UNDER
2023_24_20231223_FUL_BUR,2023_24,2023-12-23,15:00,FUL,BUR,Fulham,Burnley,0,2,2,UNDER
2023_24_20231223_LUT_NEW,2023_24,2023-12-23,15:00,LUT,NEW,Luton Town,Newcastle United,1,0,1,UNDER
2023_24_20231223_NFO_BOU,2023_24,2023-12-23,15:00,NFO,BOU,Nottingham Forest,AFC Bournemouth,2,3,5,OVER
2023_24_20231223_TOT_EVE,2023_24,2023-12-23,15:00,TOT,EVE,Tottenham Hotspur,Everton,2,1,3,OVER
2023_24_20231223_LIV_ARS,2023_24,2023-12-23,17:30,LIV,ARS,Liverpool,Arsenal,1,1,2,UNDER
2023_24_20231224_WOL_CHE,2023_24,2023-12-24,13:00,WOL,CHE,Wolverhampton Wanderers,Chelsea,2,1,3,OVER
2023_24_20231226_NEW_NFO,2023_24,2023-12-26,12:30,NEW,NFO,Newcastle United,Nottingham Forest,1,3,4,OVER
2023_24_20231226_BOU_FUL,2023_24,2023-12-26,15:00,BOU,FUL,AFC Bournemouth,Fulham,3,0,3,OVER
2023_24_20231226_SHU_LUT,2023_24,2023-12-26,15:00,SHU,LUT,Sheffield United,Luton Town,2,3,5,OVER
2023_24_20231226_BUR_LIV,2023_24,2023-12-26,17:30,BUR,LIV,Burnley,Liverpool,0,2,2,UNDER
2023_24_20231226_MUN_AVL,2023_24,2023-12-26,20:00,MUN,AVL,Manchester United,Aston Villa,3,2,5,OVER
2023_24_20231227_BRE_WOL,2023_24,2023-12-27,19:30,BRE,WOL,Brentford,Wolverhampton Wanderers,1,4,5,OVER
2023_24_20231227_CHE_CRY,2023_24,2023-12-27,19:30,CHE,CRY,Chelsea,Crystal Palace,2,1,3,OVER
2023_24_20231227_EVE_MCI,2023_24,2023-12-27,20:15,EVE,MCI,Everton,Manchester City,1,3,4,OVER
2023_24_20231228_BRI_TOT,2023_24,2023-12-28,19:30,BRI,TOT,Brighton & Hove Albion,Tottenham Hotspur,4,2,6,OVER
2023_24_20231228_ARS_WHU,2023_24,2023-12-28,20:15,ARS,WHU,Arsenal,West Ham United,0,2,2,UNDER
2023_24_20231230_LUT_CHE,2023_24,2023-12-30,12:30,LUT,CHE,Luton Town,Chelsea,2,3,5,OVER
2023_24_20231230_AVL_BUR,2023_24,2023-12-30,15:00,AVL,BUR,Aston Villa,Burnley,3,2,5,OVER
2023_24_20231230_CRY_BRE,2023_24,2023-12-30,15:00,CRY,BRE,Crystal Palace,Brentford,3,1,4,OVER
2023_24_20231230_MCI_SHU,2023_24,2023-12-30,15:00,MCI,SHU,Manchester City,Sheffield United,2,0,2,UNDER
2023_24_20231230_WOL_EVE,2023_24,2023-12-30,15:00,WOL,EVE,Wolverhampton Wanderers,Everton,3,0,3,OVER
2023_24_20231230_NFO_MUN,2023_24,2023-12-30,17:30,NFO,MUN,Nottingham Forest,Manchester United,2,1,3,OVER
2023_24_20231231_FUL_ARS,2023_24,2023-12-31,14:00,FUL,ARS,Fulham,Arsenal,2,1,3,OVER
2023_24_20231231_TOT_BOU,2023_24,2023-12-31,14:00,TOT,BOU,Tottenham Hotspur,AFC Bournemouth,3,1,4,OVER
2023_24_20240101_LIV_NEW,2023_24,2024-01-01,20:00,LIV,NEW,Liverpool,Newcastle United,4,2,6,OVER
2023_24_20240102_WHU_BRI,2023_24,2024-01-02,19:30,WHU,BRI,West Ham United,Brighton & Hove Albion,0,0,0,UNDER
2023_24_20240112_BUR_LUT,2023_24,2024-01-12,19:45,BUR,LUT,Burnley,Luton Town,1,1,2,UNDER
2023_24_20240113_CHE_FUL,2023_24,2024-01-13,12:30,CHE,FUL,Chelsea,Fulham,1,0,1,UNDER
2023_24_20240113_NEW_MCI,2023_24,2024-01-13,17:30,NEW,MCI,Newcastle United,Manchester City,2,3,5,OVER
2023_24_20240114_EVE_AVL,2023_24,2024-01-14,14:00,EVE,AVL,Everton,Aston Villa,0,0,0,UNDER
2023_24_20240114_MUN_TOT,2023_24,2024-01-14,16:30,MUN,TOT,Manchester United,Tottenham Hotspur,2,2,4,OVER
2023_24_20240120_ARS_CRY,2023_24,2024-01-20,12:30,ARS,CRY,Arsenal,Crystal Palace,5,0,5,OVER
2023_24_20240120_BRE_NFO,2023_24,2024-01-20,17:30,BRE,NFO,Brentford,Nottingham Forest,3,2,5,OVER
2023_24_20240121_SHU_WHU,2023_24,2024-01-21,14:00,SHU,WHU,Sheffield United,West Ham United,2,2,4,OVER
2023_24_20240121_BOU_LIV,2023_24,2024-01-21,16:30,BOU,LIV,AFC Bournemouth,Liverpool,0,4,4,OVER
2023_24_20240122_BRI_WOL,2023_24,2024-01-22,19:45,BRI,WOL,Brighton & Hove Albion,Wolverhampton Wanderers,0,0,0,UNDER
2023_24_20240130_NFO_ARS,2023_24,2024-01-30,19:30,NFO,ARS,Nottingham Forest,Arsenal,1,2,3,OVER
2023_24_20240130_FUL_EVE,2023_24,2024-01-30,19:45,FUL,EVE,Fulham,Everton,0,0,0,UNDER
2023_24_20240130_LUT_BRI,2023_24,2024-01-30,19:45,LUT,BRI,Luton Town,Brighton & Hove Albion,4,0,4,OVER
2023_24_20240130_CRY_SHU,2023_24,2024-01-30,20:00,CRY,SHU,Crystal Palace,Sheffield United,3,2,5,OVER
2023_24_20240130_AVL_NEW,2023_24,2024-01-30,20:15,AVL,NEW,Aston Villa,Newcastle United,1,3,4,OVER
2023_24_20240131_MCI_BUR,2023_24,2024-01-31,19:30,MCI,BUR,Manchester City,Burnley,3,1,4,OVER
2023_24_20240131_TOT_BRE,2023_24,2024-01-31,19:30,TOT,BRE,Tottenham Hotspur,Brentford,3,2,5,OVER
2023_24_20240131_LIV_CHE,2023_24,2024-01-31,20:15,LIV,CHE,Liverpool,Chelsea,4,1,5,OVER
2023_24_20240201_WHU_BOU,2023_24,2024-02-01,19:30,WHU,BOU,West Ham United,AFC Bournemouth,1,1,2,UNDER
2023_24_20240201_WOL_MUN,2023_24,2024-02-01,20:15,WOL,MUN,Wolverhampton Wanderers,Manchester United,3,4,7,OVER
2023_24_20240203_EVE_TOT,2023_24,2024-02-03,12:30,EVE,TOT,Everton,Tottenham Hotspur,2,2,4,OVER
2023_24_20240203_BRI_CRY,2023_24,2024-02-03,15:00,BRI,CRY,Brighton & Hove Albion,Crystal Palace,4,1,5,OVER
2023_24_20240203_BUR_FUL,2023_24,2024-02-03,15:00,BUR,FUL,Burnley,Fulham,2,2,4,OVER
2023_24_20240203_NEW_LUT,2023_24,2024-02-03,15:00,NEW,LUT,Newcastle United,Luton Town,4,4,8,OVER
2023_24_20240203_SHU_AVL,2023_24,2024-02-03,17:30,SHU,AVL,Sheffield United,Aston Villa,0,5,5,OVER
2023_24_20240204_BOU_NFO,2023_24,2024-02-04,14:00,BOU,NFO,AFC Bournemouth,Nottingham Forest,1,1,2,UNDER
2023_24_20240204_CHE_WOL,2023_24,2024-02-04,14:00,CHE,WOL,Chelsea,Wolverhampton Wanderers,2,4,6,OVER
2023_24_20240204_MUN_WHU,2023_24,2024-02-04,14:00,MUN,WHU,Manchester United,West Ham United,3,0,3,OVER
2023_24_20240204_ARS_LIV,2023_24,2024-02-04,16:30,ARS,LIV,Arsenal,Liverpool,3,1,4,OVER
2023_24_20240205_BRE_MCI,2023_24,2024-02-05,20:00,BRE,MCI,Brentford,Manchester City,1,3,4,OVER
2023_24_20240210_MCI_EVE,2023_24,2024-02-10,12:30,MCI,EVE,Manchester City,Everton,2,0,2,UNDER
2023_24_20240210_FUL_BOU,2023_24,2024-02-10,15:00,FUL,BOU,Fulham,AFC Bournemouth,3,1,4,OVER
2023_24_20240210_LIV_BUR,2023_24,2024-02-10,15:00,LIV,BUR,Liverpool,Burnley,3,1,4,OVER
2023_24_20240210_LUT_SHU,2023_24,2024-02-10,15:00,LUT,SHU,Luton Town,Sheffield United,1,3,4,OVER
2023_24_20240210_TOT_BRI,2023_24,2024-02-10,15:00,TOT,BRI,Tottenham Hotspur,Brighton & Hove Albion,2,1,3,OVER
2023_24_20240210_WOL_BRE,2023_24,2024-02-10,15:00,WOL,BRE,Wolverhampton Wanderers,Brentford,0,2,2,UNDER
2023_24_20240210_NFO_NEW,2023_24,2024-02-10,17:30,NFO,NEW,Nottingham Forest,Newcastle United,2,3,5,OVER
2023_24_20240211_WHU_ARS,2023_24,2024-02-11,14:00,WHU,ARS,West Ham United,Arsenal,0,6,6,OVER
2023_24_20240211_AVL_MUN,2023_24,2024-02-11,16:30,AVL,MUN,Aston Villa,Manchester United,1,2,3,OVER
2023_24_20240212_CRY_CHE,2023_24,2024-02-12,20:00,CRY,CHE,Crystal Palace,Chelsea,1,3,4,OVER
2023_24_20240217_BRE_LIV,2023_24,2024-02-17,12:30,BRE,LIV,Brentford,Liverpool,1,4,5,OVER
2023_24_20240217_BUR_ARS,2023_24,2024-02-17,15:00,BUR,ARS,Burnley,Arsenal,0,5,5,OVER
2023_24_20240217_FUL_AVL,2023_24,2024-02-17,15:00,FUL,AVL,Fulham,Aston Villa,1,2,3,OVER
2023_24_20240217_NEW_BOU,2023_24,2024-02-17,15:00,NEW,BOU,Newcastle United,AFC Bournemouth,2,2,4,OVER
2023_24_20240217_NFO_WHU,2023_24,2024-02-17,15:00,NFO,WHU,Nottingham Forest,West Ham United,2,0,2,UNDER
2023_24_20240217_TOT_WOL,2023_24,2024-02-17,15:00,TOT,WOL,Tottenham Hotspur,Wolverhampton Wanderers,1,2,3,OVER
2023_24_20240217_MCI_CHE,2023_24,2024-02-17,17:30,MCI,CHE,Manchester City,Chelsea,1,1,2,UNDER
2023_24_20240218_SHU_BRI,2023_24,2024-02-18,14:00,SHU,BRI,Sheffield United,Brighton & Hove Albion,0,5,5,OVER
2023_24_20240218_LUT_MUN,2023_24,2024-02-18,16:30,LUT,MUN,Luton Town,Manchester United,1,2,3,OVER
2023_24_20240219_EVE_CRY,2023_24,2024-02-19,20:00,EVE,CRY,Everton,Crystal Palace,1,1,2,UNDER
2023_24_20240220_MCI_BRE,2023_24,2024-02-20,19:30,MCI,BRE,Manchester City,Brentford,1,0,1,UNDER
2023_24_20240221_LIV_LUT,2023_24,2024-02-21,19:30,LIV,LUT,Liverpool,Luton Town,4,1,5,OVER
2023_24_20240224_AVL_NFO,2023_24,2024-02-24,15:00,AVL,NFO,Aston Villa,Nottingham Forest,4,2,6,OVER
2023_24_20240224_BRI_EVE,2023_24,2024-02-24,15:00,BRI,EVE,Brighton & Hove Albion,Everton,1,1,2,UNDER
2023_24_20240224_CRY_BUR,2023_24,2024-02-24,15:00,CRY,BUR,Crystal Palace,Burnley,3,0,3,OVER
2023_24_20240224_MUN_FUL,2023_24,2024-02-24,15:00,MUN,FUL,Manchester United,Fulham,1,2,3,OVER
2023_24_20240224_BOU_MCI,2023_24,2024-02-24,17:30,BOU,MCI,AFC Bournemouth,Manchester City,0,1,1,UNDER
2023_24_20240224_ARS_NEW,2023_24,2024-02-24,20:00,ARS,NEW,Arsenal,Newcastle United,4,1,5,OVER
2023_24_20240225_WOL_SHU,2023_24,2024-02-25,13:30,WOL,SHU,Wolverhampton Wanderers,Sheffield United,1,0,1,UNDER
2023_24_20240226_WHU_BRE,2023_24,2024-02-26,20:00,WHU,BRE,West Ham United,Brentford,4,2,6,OVER
2023_24_20240302_BRE_CHE,2023_24,2024-03-02,15:00,BRE,CHE,Brentford,Chelsea,2,2,4,OVER
2023_24_20240302_EVE_WHU,2023_24,2024-03-02,15:00,EVE,WHU,Everton,West Ham United,1,3,4,OVER
2023_24_20240302_FUL_BRI,2023_24,2024-03-02,15:00,FUL,BRI,Fulham,Brighton & Hove Albion,3,0,3,OVER
2023_24_20240302_NEW_WOL,2023_24,2024-03-02,15:00,NEW,WOL,Newcastle United,Wolverhampton Wanderers,3,0,3,OVER
2023_24_20240302_NFO_LIV,2023_24,2024-03-02,15:00,NFO,LIV,Nottingham Forest,Liverpool,0,1,1,UNDER
2023_24_20240302_TOT_CRY,2023_24,2024-03-02,15:00,TOT,CRY,Tottenham Hotspur,Crystal Palace,3,1,4,OVER
2023_24_20240302_LUT_AVL,2023_24,2024-03-02,17:30,LUT,AVL,Luton Town,Aston Villa,2,3,5,OVER
2023_24_20240303_BUR_BOU,2023_24,2024-03-03,13:00,BUR,BOU,Burnley,AFC Bournemouth,0,2,2,UNDER
2023_24_20240303_MCI_MUN,2023_24,2024-03-03,15:30,MCI,MUN,Manchester City,Manchester United,3,1,4,OVER
2023_24_20240304_SHU_ARS,2023_24,2024-03-04,20:00,SHU,ARS,Sheffield United,Arsenal,0,6,6,OVER
2023_24_20240309_MUN_EVE,2023_24,2024-03-09,12:30,MUN,EVE,Manchester United,Everton,2,0,2,UNDER
2023_24_20240309_BOU_SHU,2023_24,2024-03-09,15:00,BOU,SHU,AFC Bournemouth,Sheffield United,2,2,4,OVER
2023_24_20240309_CRY_LUT,2023_24,2024-03-09,15:00,CRY,LUT,Crystal Palace,Luton Town,1,1,2,UNDER
2023_24_20240309_WOL_FUL,2023_24,2024-03-09,15:00,WOL,FUL,Wolverhampton Wanderers,Fulham,2,1,3,OVER
2023_24_20240309_ARS_BRE,2023_24,2024-03-09,17:30,ARS,BRE,Arsenal,Brentford,2,1,3,OVER
2023_24_20240310_AVL_TOT,2023_24,2024-03-10,13:00,AVL,TOT,Aston Villa,Tottenham Hotspur,0,4,4,OVER
2023_24_20240310_BRI_NFO,2023_24,2024-03-10,14:00,BRI,NFO,Brighton & Hove Albion,Nottingham Forest,1,0,1,UNDER
2023_24_20240310_WHU_BUR,2023_24,2024-03-10,14:00,WHU,BUR,West Ham United,Burnley,2,2,4,OVER
2023_24_20240310_LIV_MCI,2023_24,2024-03-10,15:45,LIV,MCI,Liverpool,Manchester City,1,1,2,UNDER
2023_24_20240311_CHE_NEW,2023_24,2024-03-11,20:00,CHE,NEW,Chelsea,Newcastle United,3,2,5,OVER
2023_24_20240313_BOU_LUT,2023_24,2024-03-13,19:30,BOU,LUT,AFC Bournemouth,Luton Town,4,3,7,OVER
2023_24_20240316_BUR_BRE,2023_24,2024-03-16,15:00,BUR,BRE,Burnley,Brentford,2,1,3,OVER
2023_24_20240316_LUT_NFO,2023_24,2024-03-16,15:00,LUT,NFO,Luton Town,Nottingham Forest,1,1,2,UNDER
2023_24_20240316_FUL_TOT,2023_24,2024-03-16,17:30,FUL,TOT,Fulham,Tottenham Hotspur,3,0,3,OVER
2023_24_20240317_WHU_AVL,2023_24,2024-03-17,14:00,WHU,AVL,West Ham United,Aston Villa,1,1,2,UNDER
2023_24_20240330_NEW_WHU,2023_24,2024-03-30,12:30,NEW,WHU,Newcastle United,West Ham United,4,3,7,OVER
2023_24_20240330_BOU_EVE,2023_24,2024-03-30,15:00,BOU,EVE,AFC Bournemouth,Everton,2,1,3,OVER
2023_24_20240330_CHE_BUR,2023_24,2024-03-30,15:00,CHE,BUR,Chelsea,Burnley,2,2,4,OVER
2023_24_20240330_NFO_CRY,2023_24,2024-03-30,15:00,NFO,CRY,Nottingham Forest,Crystal Palace,1,1,2,UNDER
2023_24_20240330_SHU_FUL,2023_24,2024-03-30,15:00,SHU,FUL,Sheffield United,Fulham,3,3,6,OVER
2023_24_20240330_TOT_LUT,2023_24,2024-03-30,15:00,TOT,LUT,Tottenham Hotspur,Luton Town,2,1,3,OVER
2023_24_20240330_AVL_WOL,2023_24,2024-03-30,17:30,AVL,WOL,Aston Villa,Wolverhampton Wanderers,2,0,2,UNDER
2023_24_20240330_BRE_MUN,2023_24,2024-03-30,20:00,BRE,MUN,Brentford,Manchester United,1,1,2,UNDER
2023_24_20240331_LIV_BRI,2023_24,2024-03-31,14:00,LIV,BRI,Liverpool,Brighton & Hove Albion,2,1,3,OVER
2023_24_20240331_MCI_ARS,2023_24,2024-03-31,16:30,MCI,ARS,Manchester City,Arsenal,0,0,0,UNDER
2023_24_20240402_NEW_EVE,2023_24,2024-04-02,19:30,NEW,EVE,Newcastle United,Everton,1,1,2,UNDER
2023_24_20240402_NFO_FUL,2023_24,2024-04-02,19:30,NFO,FUL,Nottingham Forest,Fulham,3,1,4,OVER
2023_24_20240402_BOU_CRY,2023_24,2024-04-02,19:45,BOU,CRY,AFC Bournemouth,Crystal Palace,1,0,1,UNDER
2023_24_20240402_BUR_WOL,2023_24,2024-04-02,19:45,BUR,WOL,Burnley,Wolverhampton Wanderers,1,1,2,UNDER
2023_24_20240402_WHU_TOT,2023_24,2024-04-02,20:15,WHU,TOT,West Ham United,Tottenham Hotspur,1,1,2,UNDER
2023_24_20240403_ARS_LUT,2023_24,2024-04-03,19:30,ARS,LUT,Arsenal,Luton Town,2,0,2,UNDER
2023_24_20240403_BRE_BRI,2023_24,2024-04-03,19:30,BRE,BRI,Brentford,Brighton & Hove Albion,0,0,0,UNDER
2023_24_20240403_MCI_AVL,2023_24,2024-04-03,20:15,MCI,AVL,Manchester City,Aston Villa,4,1,5,OVER
2023_24_20240404_LIV_SHU,2023_24,2024-04-04,19:30,LIV,SHU,Liverpool,Sheffield United,3,1,4,OVER
2023_24_20240404_CHE_MUN,2023_24,2024-04-04,20:15,CHE,MUN,Chelsea,Manchester United,4,3,7,OVER
2023_24_20240406_CRY_MCI,2023_24,2024-04-06,12:30,CRY,MCI,Crystal Palace,Manchester City,2,4,6,OVER
2023_24_20240406_AVL_BRE,2023_24,2024-04-06,15:00,AVL,BRE,Aston Villa,Brentford,3,3,6,OVER
2023_24_20240406_EVE_BUR,2023_24,2024-04-06,15:00,EVE,BUR,Everton,Burnley,1,0,1,UNDER
2023_24_20240406_FUL_NEW,2023_24,2024-04-06,15:00,FUL,NEW,Fulham,Newcastle United,0,1,1,UNDER
2023_24_20240406_LUT_BOU,2023_24,2024-04-06,15:00,LUT,BOU,Luton Town,AFC Bournemouth,2,1,3,OVER
2023_24_20240406_WOL_WHU,2023_24,2024-04-06,15:00,WOL,WHU,Wolverhampton Wanderers,West Ham United,1,2,3,OVER
2023_24_20240406_BRI_ARS,2023_24,2024-04-06,17:30,BRI,ARS,Brighton & Hove Albion,Arsenal,0,3,3,OVER
2023_24_20240407_MUN_LIV,2023_24,2024-04-07,15:30,MUN,LIV,Manchester United,Liverpool,2,2,4,OVER
2023_24_20240407_SHU_CHE,2023_24,2024-04-07,17:30,SHU,CHE,Sheffield United,Chelsea,2,2,4,OVER
2023_24_20240407_TOT_NFO,2023_24,2024-04-07,18:00,TOT,NFO,Tottenham Hotspur,Nottingham Forest,3,1,4,OVER
2023_24_20240413_NEW_TOT,2023_24,2024-04-13,12:30,NEW,TOT,Newcastle United,Tottenham Hotspur,4,0,4,OVER
2023_24_20240413_BRE_SHU,2023_24,2024-04-13,15:00,BRE,SHU,Brentford,Sheffield United,2,0,2,UNDER
2023_24_20240413_BUR_BRI,2023_24,2024-04-13,15:00,BUR,BRI,Burnley,Brighton & Hove Albion,1,1,2,UNDER
2023_24_20240413_MCI_LUT,2023_24,2024-04-13,15:00,MCI,LUT,Manchester City,Luton Town,5,1,6,OVER
2023_24_20240413_NFO_WOL,2023_24,2024-04-13,15:00,NFO,WOL,Nottingham Forest,Wolverhampton Wanderers,2,2,4,OVER
2023_24_20240413_BOU_MUN,2023_24,2024-04-13,17:30,BOU,MUN,AFC Bournemouth,Manchester United,2,2,4,OVER
2023_24_20240414_LIV_CRY,2023_24,2024-04-14,14:00,LIV,CRY,Liverpool,Crystal Palace,0,1,1,UNDER
2023_24_20240414_WHU_FUL,2023_24,2024-04-14,14:00,WHU,FUL,West Ham United,Fulham,0,2,2,UNDER
2023_24_20240414_ARS_AVL,2023_24,2024-04-14,16:30,ARS,AVL,Arsenal,Aston Villa,0,2,2,UNDER
2023_24_20240415_CHE_EVE,2023_24,2024-04-15,20:00,CHE,EVE,Chelsea,Everton,6,0,6,OVER
2023_24_20240420_LUT_BRE,2023_24,2024-04-20,15:00,LUT,BRE,Luton Town,Brentford,1,5,6,OVER
2023_24_20240420_SHU_BUR,2023_24,2024-04-20,15:00,SHU,BUR,Sheffield United,Burnley,1,4,5,OVER
2023_24_20240420_WOL_ARS,2023_24,2024-04-20,19:30,WOL,ARS,Wolverhampton Wanderers,Arsenal,0,2,2,UNDER
2023_24_20240421_EVE_NFO,2023_24,2024-04-21,13:30,EVE,NFO,Everton,Nottingham Forest,2,0,2,UNDER
2023_24_20240421_AVL_BOU,2023_24,2024-04-21,15:00,AVL,BOU,Aston Villa,AFC Bournemouth,3,1,4,OVER
2023_24_20240421_CRY_WHU,2023_24,2024-04-21,15:00,CRY,WHU,Crystal Palace,West Ham United,5,2,7,OVER
2023_24_20240421_FUL_LIV,2023_24,2024-04-21,16:30,FUL,LIV,Fulham,Liverpool,1,3,4,OVER
2023_24_20240423_ARS_CHE,2023_24,2024-04-23,20:00,ARS,CHE,Arsenal,Chelsea,5,0,5,OVER
2023_24_20240424_WOL_BOU,2023_24,2024-04-24,19:45,WOL,BOU,Wolverhampton Wanderers,AFC Bournemouth,0,1,1,UNDER
2023_24_20240424_CRY_NEW,2023_24,2024-04-24,20:00,CRY,NEW,Crystal Palace,Newcastle United,2,0,2,UNDER
2023_24_20240424_EVE_LIV,2023_24,2024-04-24,20:00,EVE,LIV,Everton,Liverpool,2,0,2,UNDER
2023_24_20240424_MUN_SHU,2023_24,2024-04-24,20:00,MUN,SHU,Manchester United,Sheffield United,4,2,6,OVER
2023_24_20240425_BRI_MCI,2023_24,2024-04-25,20:00,BRI,MCI,Brighton & Hove Albion,Manchester City,0,4,4,OVER
2023_24_20240427_WHU_LIV,2023_24,2024-04-27,12:30,WHU,LIV,West Ham United,Liverpool,2,2,4,OVER
2023_24_20240427_FUL_CRY,2023_24,2024-04-27,15:00,FUL,CRY,Fulham,Crystal Palace,1,1,2,UNDER
2023_24_20240427_MUN_BUR,2023_24,2024-04-27,15:00,MUN,BUR,Manchester United,Burnley,1,1,2,UNDER
2023_24_20240427_NEW_SHU,2023_24,2024-04-27,15:00,NEW,SHU,Newcastle United,Sheffield United,5,1,6,OVER
2023_24_20240427_WOL_LUT,2023_24,2024-04-27,15:00,WOL,LUT,Wolverhampton Wanderers,Luton Town,2,1,3,OVER
2023_24_20240427_EVE_BRE,2023_24,2024-04-27,17:30,EVE,BRE,Everton,Brentford,1,0,1,UNDER
2023_24_20240427_AVL_CHE,2023_24,2024-04-27,20:00,AVL,CHE,Aston Villa,Chelsea,2,2,4,OVER
2023_24_20240428_BOU_BRI,2023_24,2024-04-28,14:00,BOU,BRI,AFC Bournemouth,Brighton & Hove Albion,3,0,3,OVER
2023_24_20240428_TOT_ARS,2023_24,2024-04-28,14:00,TOT,ARS,Tottenham Hotspur,Arsenal,2,3,5,OVER
2023_24_20240428_NFO_MCI,2023_24,2024-04-28,16:30,NFO,MCI,Nottingham Forest,Manchester City,0,2,2,UNDER
2023_24_20240502_CHE_TOT,2023_24,2024-05-02,19:30,CHE,TOT,Chelsea,Tottenham Hotspur,2,0,2,UNDER
2023_24_20240503_LUT_EVE,2023_24,2024-05-03,20:00,LUT,EVE,Luton Town,Everton,1,1,2,UNDER
2023_24_20240504_ARS_BOU,2023_24,2024-05-04,12:30,ARS,BOU,Arsenal,AFC Bournemouth,3,0,3,OVER
2023_24_20240504_BRE_FUL,2023_24,2024-05-04,15:00,BRE,FUL,Brentford,Fulham,0,0,0,UNDER
2023_24_20240504_BUR_NEW,2023_24,2024-05-04,15:00,BUR,NEW,Burnley,Newcastle United,1,4,5,OVER
2023_24_20240504_SHU_NFO,2023_24,2024-05-04,15:00,SHU,NFO,Sheffield United,Nottingham Forest,1,3,4,OVER
2023_24_20240504_MCI_WOL,2023_24,2024-05-04,17:30,MCI,WOL,Manchester City,Wolverhampton Wanderers,5,1,6,OVER
2023_24_20240505_BRI_AVL,2023_24,2024-05-05,14:00,BRI,AVL,Brighton & Hove Albion,Aston Villa,1,0,1,UNDER
2023_24_20240505_CHE_WHU,2023_24,2024-05-05,14:00,CHE,WHU,Chelsea,West Ham United,5,0,5,OVER
2023_24_20240505_LIV_TOT,2023_24,2024-05-05,16:30,LIV,TOT,Liverpool,Tottenham Hotspur,4,2,6,OVER
2023_24_20240506_CRY_MUN,2023_24,2024-05-06,20:00,CRY,MUN,Crystal Palace,Manchester United,4,0,4,OVER
2023_24_20240511_FUL_MCI,2023_24,2024-05-11,12:30,FUL,MCI,Fulham,Manchester City,0,4,4,OVER
2023_24_20240511_BOU_BRE,2023_24,2024-05-11,15:00,BOU,BRE,AFC Bournemouth,Brentford,1,2,3,OVER
2023_24_20240511_EVE_SHU,2023_24,2024-05-11,15:00,EVE,SHU,Everton,Sheffield United,1,0,1,UNDER
2023_24_20240511_NEW_BRI,2023_24,2024-05-11,15:00,NEW,BRI,Newcastle United,Brighton & Hove Albion,1,1,2,UNDER
2023_24_20240511_TOT_BUR,2023_24,2024-05-11,15:00,TOT,BUR,Tottenham Hotspur,Burnley,2,1,3,OVER
2023_24_20240511_WHU_LUT,2023_24,2024-05-11,15:00,WHU,LUT,West Ham United,Luton Town,3,1,4,OVER
2023_24_20240511_WOL_CRY,2023_24,2024-05-11,15:00,WOL,CRY,Wolverhampton Wanderers,Crystal Palace,1,3,4,OVER
2023_24_20240511_NFO_CHE,2023_24,2024-05-11,17:30,NFO,CHE,Nottingham Forest,Chelsea,2,3,5,OVER
2023_24_20240512_MUN_ARS,2023_24,2024-05-12,16:30,MUN,ARS,Manchester United,Arsenal,0,1,1,UNDER
2023_24_20240513_AVL_LIV,2023_24,2024-05-13,20:00,AVL,LIV,Aston Villa,Liverpool,3,3,6,OVER
2023_24_20240514_TOT_MCI,2023_24,2024-05-14,20:00,TOT,MCI,Tottenham Hotspur,Manchester City,0,2,2,UNDER
2023_24_20240515_BRI_CHE,2023_24,2024-05-15,19:45,BRI,CHE,Brighton & Hove Albion,Chelsea,1,2,3,OVER
2023_24_20240515_MUN_NEW,2023_24,2024-05-15,20:00,MUN,NEW,Manchester United,Newcastle United,3,2,5,OVER
2023_24_20240519_ARS_EVE,2023_24,2024-05-19,16:00,ARS,EVE,Arsenal,Everton,2,1,3,OVER
2023_24_20240519_BRE_NEW,2023_24,2024-05-19,16:00,BRE,NEW,Brentford,Newcastle United,2,4,6,OVER
2023_24_20240519_BRI_MUN,2023_24,2024-05-19,16:00,BRI,MUN,Brighton & Hove Albion,Manchester United,0,2,2,UNDER
2023_24_20240519_BUR_NFO,2023_24,2024-05-19,16:00,BUR,NFO,Burnley,Nottingham Forest,1,2,3,OVER
2023_24_20240519_CHE_BOU,2023_24,2024-05-19,16:00,CHE,BOU,Chelsea,AFC Bournemouth,2,1,3,OVER
2023_24_20240519_CRY_AVL,2023_24,2024-05-19,16:00,CRY,AVL,Crystal Palace,Aston Villa,5,0,5,OVER
2023_24_20240519_LIV_WOL,2023_24,2024-05-19,16:00,LIV,WOL,Liverpool,Wolverhampton Wanderers,2,0,2,UNDER
2023_24_20240519_LUT_FUL,2023_24,2024-05-19,16:00,LUT,FUL,Luton Town,Fulham,2,4,6,OVER
2023_24_20240519_MCI_WHU,2023_24,2024-05-19,16:00,MCI,WHU,Manchester City,West Ham United,3,1,4,OVER
2023_24_20240519_SHU_TOT,2023_24,2024-05-19,16:00,SHU,TOT,Sheffield United,Tottenham Hotspur,0,3,3,OVER
2024_25_20240816_MUN_FUL,2024_25,2024-08-16,20:00,MUN,FUL,Manchester United,Fulham,1,0,1,UNDER
2024_25_20240817_IPS_LIV,2024_25,2024-08-17,12:30,IPS,LIV,Ipswich Town,Liverpool,0,2,2,UNDER
2024_25_20240817_ARS_WOL,2024_25,2024-08-17,15:00,ARS,WOL,Arsenal,Wolverhampton Wanderers,2,0,2,UNDER
2024_25_20240817_EVE_BRI,2024_25,2024-08-17,15:00,EVE,BRI,Everton,Brighton & Hove Albion,0,3,3,OVER
2024_25_20240817_NEW_SOU,2024_25,2024-08-17,15:00,NEW,SOU,Newcastle United,Southampton,1,0,1,UNDER
2024_25_20240817_NFO_BOU,2024_25,2024-08-17,15:00,NFO,BOU,Nottingham Forest,AFC Bournemouth,1,1,2,UNDER
2024_25_20240817_WHU_AVL,2024_25,2024-08-17,17:30,WHU,AVL,West Ham United,Aston Villa,1,2,3,OVER
2024_25_20240818_BRE_CRY,2024_25,2024-08-18,14:00,BRE,CRY,Brentford,Crystal Palace,2,1,3,OVER
2024_25_20240818_CHE_MCI,2024_25,2024-08-18,16:30,CHE,MCI,Chelsea,Manchester City,0,2,2,UNDER
2024_25_20240819_LEI_TOT,2024_25,2024-08-19,20:00,LEI,TOT,Leicester City,Tottenham Hotspur,1,1,2,UNDER
2024_25_20240824_BRI_MUN,2024_25,2024-08-24,12:30,BRI,MUN,Brighton & Hove Albion,Manchester United,2,1,3,OVER
2024_25_20240824_CRY_WHU,2024_25,2024-08-24,15:00,CRY,WHU,Crystal Palace,West Ham United,0,2,2,UNDER
2024_25_20240824_FUL_LEI,2024_25,2024-08-24,15:00,FUL,LEI,Fulham,Leicester City,2,1,3,OVER
2024_25_20240824_MCI_IPS,2024_25,2024-08-24,15:00,MCI,IPS,Manchester City,Ipswich Town,4,1,5,OVER
2024_25_20240824_SOU_NFO,2024_25,2024-08-24,15:00,SOU,NFO,Southampton,Nottingham Forest,0,1,1,UNDER
2024_25_20240824_TOT_EVE,2024_25,2024-08-24,15:00,TOT,EVE,Tottenham Hotspur,Everton,4,0,4,OVER
2024_25_20240824_AVL_ARS,2024_25,2024-08-24,17:30,AVL,ARS,Aston Villa,Arsenal,0,2,2,UNDER
2024_25_20240825_BOU_NEW,2024_25,2024-08-25,14:00,BOU,NEW,AFC Bournemouth,Newcastle United,1,1,2,UNDER
2024_25_20240825_WOL_CHE,2024_25,2024-08-25,14:00,WOL,CHE,Wolverhampton Wanderers,Chelsea,2,6,8,OVER
2024_25_20240825_LIV_BRE,2024_25,2024-08-25,16:30,LIV,BRE,Liverpool,Brentford,2,0,2,UNDER
2024_25_20240831_ARS_BRI,2024_25,2024-08-31,12:30,ARS,BRI,Arsenal,Brighton & Hove Albion,1,1,2,UNDER
2024_25_20240831_BRE_SOU,2024_25,2024-08-31,15:00,BRE,SOU,Brentford,Southampton,3,1,4,OVER
2024_25_20240831_EVE_BOU,2024_25,2024-08-31,15:00,EVE,BOU,Everton,AFC Bournemouth,2,3,5,OVER
2024_25_20240831_IPS_FUL,2024_25,2024-08-31,15:00,IPS,FUL,Ipswich Town,Fulham,1,1,2,UNDER
2024_25_20240831_LEI_AVL,2024_25,2024-08-31,15:00,LEI,AVL,Leicester City,Aston Villa,1,2,3,OVER
2024_25_20240831_NFO_WOL,2024_25,2024-08-31,15:00,NFO,WOL,Nottingham Forest,Wolverhampton Wanderers,1,1,2,UNDER
2024_25_20240831_WHU_MCI,2024_25,2024-08-31,17:30,WHU,MCI,West Ham United,Manchester City,1,3,4,OVER
2024_25_20240901_CHE_CRY,2024_25,2024-09-01,13:30,CHE,CRY,Chelsea,Crystal Palace,1,1,2,UNDER
2024_25_20240901_NEW_TOT,2024_25,2024-09-01,13:30,NEW,TOT,Newcastle United,Tottenham Hotspur,2,1,3,OVER
2024_25_20240901_MUN_LIV,2024_25,2024-09-01,16:00,MUN,LIV,Manchester United,Liverpool,0,3,3,OVER
2024_25_20240914_SOU_MUN,2024_25,2024-09-14,12:30,SOU,MUN,Southampton,Manchester United,0,3,3,OVER
2024_25_20240914_BRI_IPS,2024_25,2024-09-14,15:00,BRI,IPS,Brighton & Hove Albion,Ipswich Town,0,0,0,UNDER
2024_25_20240914_CRY_LEI,2024_25,2024-09-14,15:00,CRY,LEI,Crystal Palace,Leicester City,2,2,4,OVER
2024_25_20240914_FUL_WHU,2024_25,2024-09-14,15:00,FUL,WHU,Fulham,West Ham United,1,1,2,UNDER
2024_25_20240914_LIV_NFO,2024_25,2024-09-14,15:00,LIV,NFO,Liverpool,Nottingham Forest,0,1,1,UNDER
2024_25_20240914_MCI_BRE,2024_25,2024-09-14,15:00,MCI,BRE,Manchester City,Brentford,2,1,3,OVER
2024_25_20240914_AVL_EVE,2024_25,2024-09-14,17:30,AVL,EVE,Aston Villa,Everton,3,2,5,OVER
2024_25_20240914_BOU_CHE,2024_25,2024-09-14,20:00,BOU,CHE,AFC Bournemouth,Chelsea,0,1,1,UNDER
2024_25_20240915_TOT_ARS,2024_25,2024-09-15,14:00,TOT,ARS,Tottenham Hotspur,Arsenal,0,1,1,UNDER
2024_25_20240915_WOL_NEW,2024_25,2024-09-15,16:30,WOL,NEW,Wolverhampton Wanderers,Newcastle United,1,2,3,OVER
2024_25_20240921_WHU_CHE,2024_25,2024-09-21,12:30,WHU,CHE,West Ham United,Chelsea,0,3,3,OVER
2024_25_20240921_AVL_WOL,2024_25,2024-09-21,15:00,AVL,WOL,Aston Villa,Wolverhampton Wanderers,3,1,4,OVER
2024_25_20240921_FUL_NEW,2024_25,2024-09-21,15:00,FUL,NEW,Fulham,Newcastle United,3,1,4,OVER
2024_25_20240921_LEI_EVE,2024_25,2024-09-21,15:00,LEI,EVE,Leicester City,Everton,1,1,2,UNDER
2024_25_20240921_LIV_BOU,2024_25,2024-09-21,15:00,LIV,BOU,Liverpool,AFC Bournemouth,3,0,3,OVER
2024_25_20240921_SOU_IPS,2024_25,2024-09-21,15:00,SOU,IPS,Southampton,Ipswich Town,1,1,2,UNDER
2024_25_20240921_TOT_BRE,2024_25,2024-09-21,15:00,TOT,BRE,Tottenham Hotspur,Brentford,3,1,4,OVER
2024_25_20240921_CRY_MUN,2024_25,2024-09-21,17:30,CRY,MUN,Crystal Palace,Manchester United,0,0,0,UNDER
2024_25_20240922_BRI_NFO,2024_25,2024-09-22,14:00,BRI,NFO,Brighton & Hove Albion,Nottingham Forest,2,2,4,OVER
2024_25_20240922_MCI_ARS,2024_25,2024-09-22,16:30,MCI,ARS,Manchester City,Arsenal,2,2,4,OVER
2024_25_20240928_NEW_MCI,2024_25,2024-09-28,12:30,NEW,MCI,Newcastle United,Manchester City,1,1,2,UNDER
2024_25_20240928_ARS_LEI,2024_25,2024-09-28,15:00,ARS,LEI,Arsenal,Leicester City,4,2,6,OVER
2024_25_20240928_BRE_WHU,2024_25,2024-09-28,15:00,BRE,WHU,Brentford,West Ham United,1,1,2,UNDER
2024_25_20240928_CHE_BRI,2024_25,2024-09-28,15:00,CHE,BRI,Chelsea,Brighton & Hove Albion,4,2,6,OVER
2024_25_20240928_EVE_CRY,2024_25,2024-09-28,15:00,EVE,CRY,Everton,Crystal Palace,2,1,3,OVER
2024_25_20240928_NFO_FUL,2024_25,2024-09-28,15:00,NFO,FUL,Nottingham Forest,Fulham,0,1,1,UNDER
2024_25_20240928_WOL_LIV,2024_25,2024-09-28,17:30,WOL,LIV,Wolverhampton Wanderers,Liverpool,1,2,3,OVER
2024_25_20240929_IPS_AVL,2024_25,2024-09-29,14:00,IPS,AVL,Ipswich Town,Aston Villa,2,2,4,OVER
2024_25_20240929_MUN_TOT,2024_25,2024-09-29,16:30,MUN,TOT,Manchester United,Tottenham Hotspur,0,3,3,OVER
2024_25_20240930_BOU_SOU,2024_25,2024-09-30,20:00,BOU,SOU,AFC Bournemouth,Southampton,3,1,4,OVER
2024_25_20241005_CRY_LIV,2024_25,2024-10-05,12:30,CRY,LIV,Crystal Palace,Liverpool,0,1,1,UNDER
2024_25_20241005_ARS_SOU,2024_25,2024-10-05,15:00,ARS,SOU,Arsenal,Southampton,3,1,4,OVER
2024_25_20241005_BRE_WOL,2024_25,2024-10-05,15:00,BRE,WOL,Brentford,Wolverhampton Wanderers,5,3,8,OVER
2024_25_20241005_LEI_BOU,2024_25,2024-10-05,15:00,LEI,BOU,Leicester City,AFC Bournemouth,1,0,1,UNDER
2024_25_20241005_MCI_FUL,2024_25,2024-10-05,15:00,MCI,FUL,Manchester City,Fulham,3,2,5,OVER
2024_25_20241005_WHU_IPS,2024_25,2024-10-05,15:00,WHU,IPS,West Ham United,Ipswich Town,4,1,5,OVER
2024_25_20241005_EVE_NEW,2024_25,2024-10-05,17:30,EVE,NEW,Everton,Newcastle United,0,0,0,UNDER
2024_25_20241006_AVL_MUN,2024_25,2024-10-06,14:00,AVL,MUN,Aston Villa,Manchester United,0,0,0,UNDER
2024_25_20241006_CHE_NFO,2024_25,2024-10-06,14:00,CHE,NFO,Chelsea,Nottingham Forest,1,1,2,UNDER
2024_25_20241006_BRI_TOT,2024_25,2024-10-06,16:30,BRI,TOT,Brighton & Hove Albion,Tottenham Hotspur,3,2,5,OVER
2024_25_20241019_TOT_WHU,2024_25,2024-10-19,12:30,TOT,WHU,Tottenham Hotspur,West Ham United,4,1,5,OVER
2024_25_20241019_FUL_AVL,2024_25,2024-10-19,15:00,FUL,AVL,Fulham,Aston Villa,1,3,4,OVER
2024_25_20241019_IPS_EVE,2024_25,2024-10-19,15:00,IPS,EVE,Ipswich Town,Everton,0,2,2,UNDER
2024_25_20241019_MUN_BRE,2024_25,2024-10-19,15:00,MUN,BRE,Manchester United,Brentford,2,1,3,OVER
2024_25_20241019_NEW_BRI,2024_25,2024-10-19,15:00,NEW,BRI,Newcastle United,Brighton & Hove Albion,0,1,1,UNDER
2024_25_20241019_SOU_LEI,2024_25,2024-10-19,15:00,SOU,LEI,Southampton,Leicester City,2,3,5,OVER
2024_25_20241019_BOU_ARS,2024_25,2024-10-19,17:30,BOU,ARS,AFC Bournemouth,Arsenal,2,0,2,UNDER
2024_25_20241020_WOL_MCI,2024_25,2024-10-20,14:00,WOL,MCI,Wolverhampton Wanderers,Manchester City,1,2,3,OVER
2024_25_20241020_LIV_CHE,2024_25,2024-10-20,16:30,LIV,CHE,Liverpool,Chelsea,2,1,3,OVER
2024_25_20241021_NFO_CRY,2024_25,2024-10-21,20:00,NFO,CRY,Nottingham Forest,Crystal Palace,1,0,1,UNDER
2024_25_20241025_LEI_NFO,2024_25,2024-10-25,20:00,LEI,NFO,Leicester City,Nottingham Forest,1,3,4,OVER
2024_25_20241026_AVL_BOU,2024_25,2024-10-26,15:00,AVL,BOU,Aston Villa,AFC Bournemouth,1,1,2,UNDER
2024_25_20241026_BRE_IPS,2024_25,2024-10-26,15:00,BRE,IPS,Brentford,Ipswich Town,4,3,7,OVER
2024_25_20241026_BRI_WOL,2024_25,2024-10-26,15:00,BRI,WOL,Brighton & Hove Albion,Wolverhampton Wanderers,2,2,4,OVER
2024_25_20241026_MCI_SOU,2024_25,2024-10-26,15:00,MCI,SOU,Manchester City,Southampton,1,0,1,UNDER
2024_25_20241026_EVE_FUL,2024_25,2024-10-26,17:30,EVE,FUL,Everton,Fulham,1,1,2,UNDER
2024_25_20241027_CHE_NEW,2024_25,2024-10-27,14:00,CHE,NEW,Chelsea,Newcastle United,2,1,3,OVER
2024_25_20241027_CRY_TOT,2024_25,2024-10-27,14:00,CRY,TOT,Crystal Palace,Tottenham Hotspur,1,0,1,UNDER
2024_25_20241027_WHU_MUN,2024_25,2024-10-27,14:00,WHU,MUN,West Ham United,Manchester United,2,1,3,OVER
2024_25_20241027_ARS_LIV,2024_25,2024-10-27,16:30,ARS,LIV,Arsenal,Liverpool,2,2,4,OVER
2024_25_20241102_NEW_ARS,2024_25,2024-11-02,12:30,NEW,ARS,Newcastle United,Arsenal,1,0,1,UNDER
2024_25_20241102_BOU_MCI,2024_25,2024-11-02,15:00,BOU,MCI,AFC Bournemouth,Manchester City,2,1,3,OVER
2024_25_20241102_IPS_LEI,2024_25,2024-11-02,15:00,IPS,LEI,Ipswich Town,Leicester City,1,1,2,UNDER
2024_25_20241102_LIV_BRI,2024_25,2024-11-02,15:00,LIV,BRI,Liverpool,Brighton & Hove Albion,2,1,3,OVER
2024_25_20241102_NFO_WHU,2024_25,2024-11-02,15:00,NFO,WHU,Nottingham Forest,West Ham United,3,0,3,OVER
2024_25_20241102_SOU_EVE,2024_25,2024-11-02,15:00,SOU,EVE,Southampton,Everton,1,0,1,UNDER
2024_25_20241102_WOL_CRY,2024_25,2024-11-02,17:30,WOL,CRY,Wolverhampton Wanderers,Crystal Palace,2,2,4,OVER
2024_25_20241103_TOT_AVL,2024_25,2024-11-03,14:00,TOT,AVL,Tottenham Hotspur,Aston Villa,4,1,5,OVER
2024_25_20241103_MUN_CHE,2024_25,2024-11-03,16:30,MUN,CHE,Manchester United,Chelsea,1,1,2,UNDER
2024_25_20241104_FUL_BRE,2024_25,2024-11-04,20:00,FUL,BRE,Fulham,Brentford,2,1,3,OVER
2024_25_20241109_BRE_BOU,2024_25,2024-11-09,15:00,BRE,BOU,Brentford,AFC Bournemouth,3,2,5,OVER
2024_25_20241109_CRY_FUL,2024_25,2024-11-09,15:00,CRY,FUL,Crystal Palace,Fulham,0,2,2,UNDER
2024_25_20241109_WHU_EVE,2024_25,2024-11-09,15:00,WHU,EVE,West Ham United,Everton,0,0,0,UNDER
2024_25_20241109_WOL_SOU,2024_25,2024-11-09,15:00,WOL,SOU,Wolverhampton Wanderers,Southampton,2,0,2,UNDER
2024_25_20241109_BRI_MCI,2024_25,2024-11-09,17:30,BRI,MCI,Brighton & Hove Albion,Manchester City,2,1,3,OVER
2024_25_20241109_LIV_AVL,2024_25,2024-11-09,20:00,LIV,AVL,Liverpool,Aston Villa,2,0,2,UNDER
2024_25_20241110_MUN_LEI,2024_25,2024-11-10,14:00,MUN,LEI,Manchester United,Leicester City,3,0,3,OVER
2024_25_20241110_NFO_NEW,2024_25,2024-11-10,14:00,NFO,NEW,Nottingham Forest,Newcastle United,1,3,4,OVER
2024_25_20241110_TOT_IPS,2024_25,2024-11-10,14:00,TOT,IPS,Tottenham Hotspur,Ipswich Town,1,2,3,OVER
2024_25_20241110_CHE_ARS,2024_25,2024-11-10,16:30,CHE,ARS,Chelsea,Arsenal,1,1,2,UNDER
2024_25_20241123_LEI_CHE,2024_25,2024-11-23,12:30,LEI,CHE,Leicester City,Chelsea,1,2,3,OVER
2024_25_20241123_ARS_NFO,2024_25,2024-11-23,15:00,ARS,NFO,Arsenal,Nottingham Forest,3,0,3,OVER
2024_25_20241123_AVL_CRY,2024_25,2024-11-23,15:00,AVL,CRY,Aston Villa,Crystal Palace,2,2,4,OVER
2024_25_20241123_BOU_BRI,2024_25,2024-11-23,15:00,BOU,BRI,AFC Bournemouth,Brighton & Hove Albion,1,2,3,OVER
2024_25_20241123_EVE_BRE,2024_25,2024-11-23,15:00,EVE,BRE,Everton,Brentford,0,0,0,UNDER
2024_25_20241123_FUL_WOL,2024_25,2024-11-23,15:00,FUL,WOL,Fulham,Wolverhampton Wanderers,1,4,5,OVER
2024_25_20241123_MCI_TOT,2024_25,2024-11-23,17:30,MCI,TOT,Manchester City,Tottenham Hotspur,0,4,4,OVER
2024_25_20241124_SOU_LIV,2024_25,2024-11-24,14:00,SOU,LIV,Southampton,Liverpool,2,3,5,OVER
2024_25_20241124_IPS_MUN,2024_25,2024-11-24,16:30,IPS,MUN,Ipswich Town,Manchester United,1,1,2,UNDER
2024_25_20241125_NEW_WHU,2024_25,2024-11-25,20:00,NEW,WHU,Newcastle United,West Ham United,0,2,2,UNDER
2024_25_20241129_BRI_SOU,2024_25,2024-11-29,20:00,BRI,SOU,Brighton & Hove Albion,Southampton,1,1,2,UNDER
2024_25_20241130_BRE_LEI,2024_25,2024-11-30,15:00,BRE,LEI,Brentford,Leicester City,4,1,5,OVER
2024_25_20241130_CRY_NEW,2024_25,2024-11-30,15:00,CRY,NEW,Crystal Palace,Newcastle United,1,1,2,UNDER
2024_25_20241130_NFO_IPS,2024_25,2024-11-30,15:00,NFO,IPS,Nottingham Forest,Ipswich Town,1,0,1,UNDER
2024_25_20241130_WOL_BOU,2024_25,2024-11-30,15:00,WOL,BOU,Wolverhampton Wanderers,AFC Bournemouth,2,4,6,OVER
2024_25_20241130_WHU_ARS,2024_25,2024-11-30,17:30,WHU,ARS,West Ham United,Arsenal,2,5,7,OVER
2024_25_20241201_CHE_AVL,2024_25,2024-12-01,13:30,CHE,AVL,Chelsea,Aston Villa,3,0,3,OVER
2024_25_20241201_MUN_EVE,2024_25,2024-12-01,13:30,MUN,EVE,Manchester United,Everton,4,0,4,OVER
2024_25_20241201_TOT_FUL,2024_25,2024-12-01,13:30,TOT,FUL,Tottenham Hotspur,Fulham,1,1,2,UNDER
2024_25_20241201_LIV_MCI,2024_25,2024-12-01,16:00,LIV,MCI,Liverpool,Manchester City,2,0,2,UNDER
2024_25_20241203_IPS_CRY,2024_25,2024-12-03,19:30,IPS,CRY,Ipswich Town,Crystal Palace,0,1,1,UNDER
2024_25_20241203_LEI_WHU,2024_25,2024-12-03,20:15,LEI,WHU,Leicester City,West Ham United,3,1,4,OVER
2024_25_20241204_EVE_WOL,2024_25,2024-12-04,19:30,EVE,WOL,Everton,Wolverhampton Wanderers,4,0,4,OVER
2024_25_20241204_MCI_NFO,2024_25,2024-12-04,19:30,MCI,NFO,Manchester City,Nottingham Forest,3,0,3,OVER
2024_25_20241204_NEW_LIV,2024_25,2024-12-04,19:30,NEW,LIV,Newcastle United,Liverpool,3,3,6,OVER
2024_25_20241204_SOU_CHE,2024_25,2024-12-04,19:30,SOU,CHE,Southampton,Chelsea,1,5,6,OVER
2024_25_20241204_ARS_MUN,2024_25,2024-12-04,20:15,ARS,MUN,Arsenal,Manchester United,2,0,2,UNDER
2024_25_20241204_AVL_BRE,2024_25,2024-12-04,20:15,AVL,BRE,Aston Villa,Brentford,3,1,4,OVER
2024_25_20241205_FUL_BRI,2024_25,2024-12-05,19:30,FUL,BRI,Fulham,Brighton & Hove Albion,3,1,4,OVER
2024_25_20241205_BOU_TOT,2024_25,2024-12-05,20:15,BOU,TOT,AFC Bournemouth,Tottenham Hotspur,1,0,1,UNDER
2024_25_20241207_AVL_SOU,2024_25,2024-12-07,15:00,AVL,SOU,Aston Villa,Southampton,1,0,1,UNDER
2024_25_20241207_BRE_NEW,2024_25,2024-12-07,15:00,BRE,NEW,Brentford,Newcastle United,4,2,6,OVER
2024_25_20241207_CRY_MCI,2024_25,2024-12-07,15:00,CRY,MCI,Crystal Palace,Manchester City,2,2,4,OVER
2024_25_20241207_MUN_NFO,2024_25,2024-12-07,17:30,MUN,NFO,Manchester United,Nottingham Forest,2,3,5,OVER
2024_25_20241208_FUL_ARS,2024_25,2024-12-08,14:00,FUL,ARS,Fulham,Arsenal,1,1,2,UNDER
2024_25_20241208_IPS_BOU,2024_25,2024-12-08,14:00,IPS,BOU,Ipswich Town,AFC Bournemouth,1,2,3,OVER
2024_25_20241208_LEI_BRI,2024_25,2024-12-08,14:00,LEI,BRI,Leicester City,Brighton & Hove Albion,2,2,4,OVER
2024_25_20241208_TOT_CHE,2024_25,2024-12-08,16:30,TOT,CHE,Tottenham Hotspur,Chelsea,3,4,7,OVER
2024_25_20241209_WHU_WOL,2024_25,2024-12-09,20:00,WHU,WOL,West Ham United,Wolverhampton Wanderers,2,1,3,OVER
2024_25_20241214_ARS_EVE,2024_25,2024-12-14,15:00,ARS,EVE,Arsenal,Everton,0,0,0,UNDER
2024_25_20241214_LIV_FUL,2024_25,2024-12-14,15:00,LIV,FUL,Liverpool,Fulham,2,2,4,OVER
2024_25_20241214_NEW_LEI,2024_25,2024-12-14,15:00,NEW,LEI,Newcastle United,Leicester City,4,0,4,OVER
2024_25_20241214_WOL_IPS,2024_25,2024-12-14,15:00,WOL,IPS,Wolverhampton Wanderers,Ipswich Town,1,2,3,OVER
2024_25_20241214_NFO_AVL,2024_25,2024-12-14,17:30,NFO,AVL,Nottingham Forest,Aston Villa,2,1,3,OVER
2024_25_20241215_BRI_CRY,2024_25,2024-12-15,14:00,BRI,CRY,Brighton & Hove Albion,Crystal Palace,1,3,4,OVER
2024_25_20241215_MCI_MUN,2024_25,2024-12-15,16:30,MCI,MUN,Manchester City,Manchester United,1,2,3,OVER
2024_25_20241215_CHE_BRE,2024_25,2024-12-15,19:00,CHE,BRE,Chelsea,Brentford,2,1,3,OVER
2024_25_20241215_SOU_TOT,2024_25,2024-12-15,19:00,SOU,TOT,Southampton,Tottenham Hotspur,0,5,5,OVER
2024_25_20241216_BOU_WHU,2024_25,2024-12-16,20:00,BOU,WHU,AFC Bournemouth,West Ham United,1,1,2,UNDER
2024_25_20241221_AVL_MCI,2024_25,2024-12-21,12:30,AVL,MCI,Aston Villa,Manchester City,2,1,3,OVER
2024_25_20241221_BRE_NFO,2024_25,2024-12-21,15:00,BRE,NFO,Brentford,Nottingham Forest,0,2,2,UNDER
2024_25_20241221_IPS_NEW,2024_25,2024-12-21,15:00,IPS,NEW,Ipswich Town,Newcastle United,0,4,4,OVER
2024_25_20241221_WHU_BRI,2024_25,2024-12-21,15:00,WHU,BRI,West Ham United,Brighton & Hove Albion,1,1,2,UNDER
2024_25_20241221_CRY_ARS,2024_25,2024-12-21,17:30,CRY,ARS,Crystal Palace,Arsenal,1,5,6,OVER
2024_25_20241222_EVE_CHE,2024_25,2024-12-22,14:00,EVE,CHE,Everton,Chelsea,0,0,0,UNDER
2024_25_20241222_FUL_SOU,2024_25,2024-12-22,14:00,FUL,SOU,Fulham,Southampton,0,0,0,UNDER
2024_25_20241222_LEI_WOL,2024_25,2024-12-22,14:00,LEI,WOL,Leicester City,Wolverhampton Wanderers,0,3,3,OVER
2024_25_20241222_MUN_BOU,2024_25,2024-12-22,14:00,MUN,BOU,Manchester United,AFC Bournemouth,0,3,3,OVER
2024_25_20241222_TOT_LIV,2024_25,2024-12-22,16:30,TOT,LIV,Tottenham Hotspur,Liverpool,3,6,9,OVER
2024_25_20241226_MCI_EVE,2024_25,2024-12-26,12:30,MCI,EVE,Manchester City,Everton,1,1,2,UNDER
2024_25_20241226_BOU_CRY,2024_25,2024-12-26,15:00,BOU,CRY,AFC Bournemouth,Crystal Palace,0,0,0,UNDER
2024_25_20241226_CHE_FUL,2024_25,2024-12-26,15:00,CHE,FUL,Chelsea,Fulham,1,2,3,OVER
2024_25_20241226_NEW_AVL,2024_25,2024-12-26,15:00,NEW,AVL,Newcastle United,Aston Villa,3,0,3,OVER
2024_25_20241226_NFO_TOT,2024_25,2024-12-26,15:00,NFO,TOT,Nottingham Forest,Tottenham Hotspur,1,0,1,UNDER
2024_25_20241226_SOU_WHU,2024_25,2024-12-26,15:00,SOU,WHU,Southampton,West Ham United,0,1,1,UNDER
2024_25_20241226_WOL_MUN,2024_25,2024-12-26,17:30,WOL,MUN,Wolverhampton Wanderers,Manchester United,2,0,2,UNDER
2024_25_20241226_LIV_LEI,2024_25,2024-12-26,20:00,LIV,LEI,Liverpool,Leicester City,3,1,4,OVER
2024_25_20241227_BRI_BRE,2024_25,2024-12-27,19:30,BRI,BRE,Brighton & Hove Albion,Brentford,0,0,0,UNDER
2024_25_20241227_ARS_IPS,2024_25,2024-12-27,20:15,ARS,IPS,Arsenal,Ipswich Town,1,0,1,UNDER
2024_25_20241229_LEI_MCI,2024_25,2024-12-29,14:30,LEI,MCI,Leicester City,Manchester City,0,2,2,UNDER
2024_25_20241229_CRY_SOU,2024_25,2024-12-29,15:00,CRY,SOU,Crystal Palace,Southampton,2,1,3,OVER
2024_25_20241229_EVE_NFO,2024_25,2024-12-29,15:00,EVE,NFO,Everton,Nottingham Forest,0,2,2,UNDER
2024_25_20241229_FUL_BOU,2024_25,2024-12-29,15:00,FUL,BOU,Fulham,AFC Bournemouth,2,2,4,OVER
2024_25_20241229_TOT_WOL,2024_25,2024-12-29,15:00,TOT,WOL,Tottenham Hotspur,Wolverhampton Wanderers,2,2,4,OVER
2024_25_20241229_WHU_LIV,2024_25,2024-12-29,17:15,WHU,LIV,West Ham United,Liverpool,0,5,5,OVER
2024_25_20241230_AVL_BRI,2024_25,2024-12-30,19:45,AVL,BRI,Aston Villa,Brighton & Hove Albion,2,2,4,OVER
2024_25_20241230_IPS_CHE,2024_25,2024-12-30,19:45,IPS,CHE,Ipswich Town,Chelsea,2,0,2,UNDER
2024_25_20241230_MUN_NEW,2024_25,2024-12-30,20:00,MUN,NEW,Manchester United,Newcastle United,0,2,2,UNDER
2024_25_20250101_BRE_ARS,2024_25,2025-01-01,17:30,BRE,ARS,Brentford,Arsenal,1,3,4,OVER
2024_25_20250104_TOT_NEW,2024_25,2025-01-04,12:30,TOT,NEW,Tottenham Hotspur,Newcastle United,1,2,3,OVER
2024_25_20250104_AVL_LEI,2024_25,2025-01-04,15:00,AVL,LEI,Aston Villa,Leicester City,2,1,3,OVER
2024_25_20250104_BOU_EVE,2024_25,2025-01-04,15:00,BOU,EVE,AFC Bournemouth,Everton,1,0,1,UNDER
2024_25_20250104_CRY_CHE,2024_25,2025-01-04,15:00,CRY,CHE,Crystal Palace,Chelsea,1,1,2,UNDER
2024_25_20250104_MCI_WHU,2024_25,2025-01-04,15:00,MCI,WHU,Manchester City,West Ham United,4,1,5,OVER
2024_25_20250104_SOU_BRE,2024_25,2025-01-04,15:00,SOU,BRE,Southampton,Brentford,0,5,5,OVER
2024_25_20250104_BRI_ARS,2024_25,2025-01-04,17:30,BRI,ARS,Brighton & Hove Albion,Arsenal,1,1,2,UNDER
2024_25_20250105_FUL_IPS,2024_25,2025-01-05,14:00,FUL,IPS,Fulham,Ipswich Town,2,2,4,OVER
2024_25_20250105_LIV_MUN,2024_25,2025-01-05,16:30,LIV,MUN,Liverpool,Manchester United,2,2,4,OVER
2024_25_20250106_WOL_NFO,2024_25,2025-01-06,20:00,WOL,NFO,Wolverhampton Wanderers,Nottingham Forest,0,3,3,OVER
2024_25_20250114_BRE_MCI,2024_25,2025-01-14,19:30,BRE,MCI,Brentford,Manchester City,2,2,4,OVER
2024_25_20250114_CHE_BOU,2024_25,2025-01-14,19:30,CHE,BOU,Chelsea,AFC Bournemouth,2,2,4,OVER
2024_25_20250114_WHU_FUL,2024_25,2025-01-14,19:30,WHU,FUL,West Ham United,Fulham,3,2,5,OVER
2024_25_20250114_NFO_LIV,2024_25,2025-01-14,20:00,NFO,LIV,Nottingham Forest,Liverpool,1,1,2,UNDER
2024_25_20250115_EVE_AVL,2024_25,2025-01-15,19:30,EVE,AVL,Everton,Aston Villa,0,1,1,UNDER
2024_25_20250115_LEI_CRY,2024_25,2025-01-15,19:30,LEI,CRY,Leicester City,Crystal Palace,0,2,2,UNDER
2024_25_20250115_NEW_WOL,2024_25,2025-01-15,19:30,NEW,WOL,Newcastle United,Wolverhampton Wanderers,3,0,3,OVER
2024_25_20250115_ARS_TOT,2024_25,2025-01-15,20:00,ARS,TOT,Arsenal,Tottenham Hotspur,2,1,3,OVER
2024_25_20250116_IPS_BRI,2024_25,2025-01-16,19:30,IPS,BRI,Ipswich Town,Brighton & Hove Albion,0,2,2,UNDER
2024_25_20250116_MUN_SOU,2024_25,2025-01-16,20:00,MUN,SOU,Manchester United,Southampton,3,1,4,OVER
2024_25_20250118_NEW_BOU,2024_25,2025-01-18,12:30,NEW,BOU,Newcastle United,AFC Bournemouth,1,4,5,OVER
2024_25_20250118_BRE_LIV,2024_25,2025-01-18,15:00,BRE,LIV,Brentford,Liverpool,0,2,2,UNDER
2024_25_20250118_LEI_FUL,2024_25,2025-01-18,15:00,LEI,FUL,Leicester City,Fulham,0,2,2,UNDER
2024_25_20250118_WHU_CRY,2024_25,2025-01-18,15:00,WHU,CRY,West Ham United,Crystal Palace,0,2,2,UNDER
2024_25_20250118_ARS_AVL,2024_25,2025-01-18,17:30,ARS,AVL,Arsenal,Aston Villa,2,2,4,OVER
2024_25_20250119_EVE_TOT,2024_25,2025-01-19,14:00,EVE,TOT,Everton,Tottenham Hotspur,3,2,5,OVER
2024_25_20250119_MUN_BRI,2024_25,2025-01-19,14:00,MUN,BRI,Manchester United,Brighton & Hove Albion,1,3,4,OVER
2024_25_20250119_NFO_SOU,2024_25,2025-01-19,14:00,NFO,SOU,Nottingham Forest,Southampton,3,2,5,OVER
2024_25_20250119_IPS_MCI,2024_25,2025-01-19,16:30,IPS,MCI,Ipswich Town,Manchester City,0,6,6,OVER
2024_25_20250120_CHE_WOL,2024_25,2025-01-20,20:00,CHE,WOL,Chelsea,Wolverhampton Wanderers,3,1,4,OVER
2024_25_20250125_BOU_NFO,2024_25,2025-01-25,15:00,BOU,NFO,AFC Bournemouth,Nottingham Forest,5,0,5,OVER
2024_25_20250125_BRI_EVE,2024_25,2025-01-25,15:00,BRI,EVE,Brighton & Hove Albion,Everton,0,1,1,UNDER
2024_25_20250125_LIV_IPS,2024_25,2025-01-25,15:00,LIV,IPS,Liverpool,Ipswich Town,4,1,5,OVER
2024_25_20250125_SOU_NEW,2024_25,2025-01-25,15:00,SOU,NEW,Southampton,Newcastle United,1,3,4,OVER
2024_25_20250125_WOL_ARS,2024_25,2025-01-25,15:00,WOL,ARS,Wolverhampton Wanderers,Arsenal,0,1,1,UNDER
2024_25_20250125_MCI_CHE,2024_25,2025-01-25,17:30,MCI,CHE,Manchester City,Chelsea,3,1,4,OVER
2024_25_20250126_CRY_BRE,2024_25,2025-01-26,14:00,CRY,BRE,Crystal Palace,Brentford,1,2,3,OVER
2024_25_20250126_TOT_LEI,2024_25,2025-01-26,14:00,TOT,LEI,Tottenham Hotspur,Leicester City,1,2,3,OVER
2024_25_20250126_AVL_WHU,2024_25,2025-01-26,16:30,AVL,WHU,Aston Villa,West Ham United,1,1,2,UNDER
2024_25_20250126_FUL_MUN,2024_25,2025-01-26,19:00,FUL,MUN,Fulham,Manchester United,0,1,1,UNDER
2024_25_20250201_NFO_BRI,2024_25,2025-02-01,12:30,NFO,BRI,Nottingham Forest,Brighton & Hove Albion,7,0,7,OVER
2024_25_20250201_BOU_LIV,2024_25,2025-02-01,15:00,BOU,LIV,AFC Bournemouth,Liverpool,0,2,2,UNDER
2024_25_20250201_EVE_LEI,2024_25,2025-02-01,15:00,EVE,LEI,Everton,Leicester City,4,0,4,OVER
2024_25_20250201_IPS_SOU,2024_25,2025-02-01,15:00,IPS,SOU,Ipswich Town,Southampton,1,2,3,OVER
2024_25_20250201_NEW_FUL,2024_25,2025-02-01,15:00,NEW,FUL,Newcastle United,Fulham,1,2,3,OVER
2024_25_20250201_WOL_AVL,2024_25,2025-02-01,17:30,WOL,AVL,Wolverhampton Wanderers,Aston Villa,2,0,2,UNDER
2024_25_20250202_BRE_TOT,2024_25,2025-02-02,14:00,BRE,TOT,Brentford,Tottenham Hotspur,0,2,2,UNDER
2024_25_20250202_MUN_CRY,2024_25,2025-02-02,14:00,MUN,CRY,Manchester United,Crystal Palace,0,2,2,UNDER
2024_25_20250202_ARS_MCI,2024_25,2025-02-02,16:30,ARS,MCI,Arsenal,Manchester City,5,1,6,OVER
2024_25_20250203_CHE_WHU,2024_25,2025-02-03,20:00,CHE,WHU,Chelsea,West Ham United,2,1,3,OVER
2024_25_20250212_EVE_LIV,2024_25,2025-02-12,19:30,EVE,LIV,Everton,Liverpool,2,2,4,OVER
2024_25_20250214_BRI_CHE,2024_25,2025-02-14,20:00,BRI,CHE,Brighton & Hove Albion,Chelsea,3,0,3,OVER
2024_25_20250215_LEI_ARS,2024_25,2025-02-15,12:30,LEI,ARS,Leicester City,Arsenal,0,2,2,UNDER
2024_25_20250215_AVL_IPS,2024_25,2025-02-15,15:00,AVL,IPS,Aston Villa,Ipswich Town,1,1,2,UNDER
2024_25_20250215_FUL_NFO,2024_25,2025-02-15,15:00,FUL,NFO,Fulham,Nottingham Forest,2,1,3,OVER
2024_25_20250215_MCI_NEW,2024_25,2025-02-15,15:00,MCI,NEW,Manchester City,Newcastle United,4,0,4,OVER
2024_25_20250215_SOU_BOU,2024_25,2025-02-15,15:00,SOU,BOU,Southampton,AFC Bournemouth,1,3,4,OVER
2024_25_20250215_WHU_BRE,2024_25,2025-02-15,15:00,WHU,BRE,West Ham United,Brentford,0,1,1,UNDER
2024_25_20250215_CRY_EVE,2024_25,2025-02-15,17:30,CRY,EVE,Crystal Palace,Everton,1,2,3,OVER
2024_25_20250216_LIV_WOL,2024_25,2025-02-16,14:00,LIV,WOL,Liverpool,Wolverhampton Wanderers,2,1,3,OVER
2024_25_20250216_TOT_MUN,2024_25,2025-02-16,16:30,TOT,MUN,Tottenham Hotspur,Manchester United,1,0,1,UNDER
2024_25_20250219_AVL_LIV,2024_25,2025-02-19,19:30,AVL,LIV,Aston Villa,Liverpool,2,2,4,OVER
2024_25_20250221_LEI_BRE,2024_25,2025-02-21,20:00,LEI,BRE,Leicester City,Brentford,0,4,4,OVER
2024_25_20250222_EVE_MUN,2024_25,2025-02-22,12:30,EVE,MUN,Everton,Manchester United,2,2,4,OVER
2024_25_20250222_ARS_WHU,2024_25,2025-02-22,15:00,ARS,WHU,Arsenal,West Ham United,0,1,1,UNDER
2024_25_20250222_BOU_WOL,2024_25,2025-02-22,15:00,BOU,WOL,AFC Bournemouth,Wolverhampton Wanderers,0,1,1,UNDER
2024_25_20250222_FUL_CRY,2024_25,2025-02-22,15:00,FUL,CRY,Fulham,Crystal Palace,0,2,2,UNDER
2024_25_20250222_IPS_TOT,2024_25,2025-02-22,15:00,IPS,TOT,Ipswich Town,Tottenham Hotspur,1,4,5,OVER
2024_25_20250222_SOU_BRI,2024_25,2025-02-22,15:00,SOU,BRI,Southampton,Brighton & Hove Albion,0,4,4,OVER
2024_25_20250222_AVL_CHE,2024_25,2025-02-22,17:30,AVL,CHE,Aston Villa,Chelsea,2,1,3,OVER
2024_25_20250223_NEW_NFO,2024_25,2025-02-23,14:00,NEW,NFO,Newcastle United,Nottingham Forest,4,3,7,OVER
2024_25_20250223_MCI_LIV,2024_25,2025-02-23,16:30,MCI,LIV,Manchester City,Liverpool,0,2,2,UNDER
2024_25_20250225_BRI_BOU,2024_25,2025-02-25,19:30,BRI,BOU,Brighton & Hove Albion,AFC Bournemouth,2,1,3,OVER
2024_25_20250225_CRY_AVL,2024_25,2025-02-25,19:30,CRY,AVL,Crystal Palace,Aston Villa,4,1,5,OVER
2024_25_20250225_WOL_FUL,2024_25,2025-02-25,19:30,WOL,FUL,Wolverhampton Wanderers,Fulham,1,2,3,OVER
2024_25_20250225_CHE_SOU,2024_25,2025-02-25,20:15,CHE,SOU,Chelsea,Southampton,4,0,4,OVER
2024_25_20250226_BRE_EVE,2024_25,2025-02-26,19:30,BRE,EVE,Brentford,Everton,1,1,2,UNDER
2024_25_20250226_MUN_IPS,2024_25,2025-02-26,19:30,MUN,IPS,Manchester United,Ipswich Town,3,2,5,OVER
2024_25_20250226_NFO_ARS,2024_25,2025-02-26,19:30,NFO,ARS,Nottingham Forest,Arsenal,0,0,0,UNDER
2024_25_20250226_TOT_MCI,2024_25,2025-02-26,19:30,TOT,MCI,Tottenham Hotspur,Manchester City,0,1,1,UNDER
2024_25_20250226_LIV_NEW,2024_25,2025-02-26,20:15,LIV,NEW,Liverpool,Newcastle United,2,0,2,UNDER
2024_25_20250227_WHU_LEI,2024_25,2025-02-27,20:00,WHU,LEI,West Ham United,Leicester City,2,0,2,UNDER
2024_25_20250308_NFO_MCI,2024_25,2025-03-08,12:30,NFO,MCI,Nottingham Forest,Manchester City,1,0,1,UNDER
2024_25_20250308_BRI_FUL,2024_25,2025-03-08,15:00,BRI,FUL,Brighton & Hove Albion,Fulham,2,1,3,OVER
2024_25_20250308_CRY_IPS,2024_25,2025-03-08,15:00,CRY,IPS,Crystal Palace,Ipswich Town,1,0,1,UNDER
2024_25_20250308_LIV_SOU,2024_25,2025-03-08,15:00,LIV,SOU,Liverpool,Southampton,3,1,4,OVER
2024_25_20250308_BRE_AVL,2024_25,2025-03-08,17:30,BRE,AVL,Brentford,Aston Villa,0,1,1,UNDER
2024_25_20250308_WOL_EVE,2024_25,2025-03-08,20:00,WOL,EVE,Wolverhampton Wanderers,Everton,1,1,2,UNDER
2024_25_20250309_CHE_LEI,2024_25,2025-03-09,14:00,CHE,LEI,Chelsea,Leicester City,1,0,1,UNDER
2024_25_20250309_TOT_BOU,2024_25,2025-03-09,14:00,TOT,BOU,Tottenham Hotspur,AFC Bournemouth,2,2,4,OVER
2024_25_20250309_MUN_ARS,2024_25,2025-03-09,16:30,MUN,ARS,Manchester United,Arsenal,1,1,2,UNDER
2024_25_20250310_WHU_NEW,2024_25,2025-03-10,20:00,WHU,NEW,West Ham United,Newcastle United,0,1,1,UNDER
2024_25_20250315_EVE_WHU,2024_25,2025-03-15,15:00,EVE,WHU,Everton,West Ham United,1,1,2,UNDER
2024_25_20250315_IPS_NFO,2024_25,2025-03-15,15:00,IPS,NFO,Ipswich Town,Nottingham Forest,2,4,6,OVER
2024_25_20250315_MCI_BRI,2024_25,2025-03-15,15:00,MCI,BRI,Manchester City,Brighton & Hove Albion,2,2,4,OVER
2024_25_20250315_SOU_WOL,2024_25,2025-03-15,15:00,SOU,WOL,Southampton,Wolverhampton Wanderers,1,2,3,OVER
2024_25_20250315_BOU_BRE,2024_25,2025-03-15,17:30,BOU,BRE,AFC Bournemouth,Brentford,1,2,3,OVER
2024_25_20250316_ARS_CHE,2024_25,2025-03-16,13:30,ARS,CHE,Arsenal,Chelsea,1,0,1,UNDER
2024_25_20250316_FUL_TOT,2024_25,2025-03-16,13:30,FUL,TOT,Fulham,Tottenham Hotspur,2,0,2,UNDER
2024_25_20250316_LEI_MUN,2024_25,2025-03-16,19:00,LEI,MUN,Leicester City,Manchester United,0,3,3,OVER
2024_25_20250401_ARS_FUL,2024_25,2025-04-01,19:45,ARS,FUL,Arsenal,Fulham,2,1,3,OVER
2024_25_20250401_WOL_WHU,2024_25,2025-04-01,19:45,WOL,WHU,Wolverhampton Wanderers,West Ham United,1,0,1,UNDER
2024_25_20250401_NFO_MUN,2024_25,2025-04-01,20:00,NFO,MUN,Nottingham Forest,Manchester United,1,0,1,UNDER
2024_25_20250402_BOU_IPS,2024_25,2025-04-02,19:45,BOU,IPS,AFC Bournemouth,Ipswich Town,1,2,3,OVER
2024_25_20250402_BRI_AVL,2024_25,2025-04-02,19:45,BRI,AVL,Brighton & Hove Albion,Aston Villa,0,3,3,OVER
2024_25_20250402_MCI_LEI,2024_25,2025-04-02,19:45,MCI,LEI,Manchester City,Leicester City,2,0,2,UNDER
2024_25_20250402_NEW_BRE,2024_25,2025-04-02,19:45,NEW,BRE,Newcastle United,Brentford,2,1,3,OVER
2024_25_20250402_SOU_CRY,2024_25,2025-04-02,19:45,SOU,CRY,Southampton,Crystal Palace,1,1,2,UNDER
2024_25_20250402_LIV_EVE,2024_25,2025-04-02,20:00,LIV,EVE,Liverpool,Everton,1,0,1,UNDER
2024_25_20250403_CHE_TOT,2024_25,2025-04-03,20:00,CHE,TOT,Chelsea,Tottenham Hotspur,1,0,1,UNDER
2024_25_20250405_EVE_ARS,2024_25,2025-04-05,12:30,EVE,ARS,Everton,Arsenal,1,1,2,UNDER
2024_25_20250405_CRY_BRI,2024_25,2025-04-05,15:00,CRY,BRI,Crystal Palace,Brighton & Hove Albion,2,1,3,OVER
2024_25_20250405_IPS_WOL,2024_25,2025-04-05,15:00,IPS,WOL,Ipswich Town,Wolverhampton Wanderers,1,2,3,OVER
2024_25_20250405_WHU_BOU,2024_25,2025-04-05,15:00,WHU,BOU,West Ham United,AFC Bournemouth,2,2,4,OVER
2024_25_20250405_AVL_NFO,2024_25,2025-04-05,17:30,AVL,NFO,Aston Villa,Nottingham Forest,2,1,3,OVER
2024_25_20250406_BRE_CHE,2024_25,2025-04-06,14:00,BRE,CHE,Brentford,Chelsea,0,0,0,UNDER
2024_25_20250406_FUL_LIV,2024_25,2025-04-06,14:00,FUL,LIV,Fulham,Liverpool,3,2,5,OVER
2024_25_20250406_TOT_SOU,2024_25,2025-04-06,14:00,TOT,SOU,Tottenham Hotspur,Southampton,3,1,4,OVER
2024_25_20250406_MUN_MCI,2024_25,2025-04-06,16:30,MUN,MCI,Manchester United,Manchester City,0,0,0,UNDER
2024_25_20250407_LEI_NEW,2024_25,2025-04-07,20:00,LEI,NEW,Leicester City,Newcastle United,0,3,3,OVER
2024_25_20250412_MCI_CRY,2024_25,2025-04-12,12:30,MCI,CRY,Manchester City,Crystal Palace,5,2,7,OVER
2024_25_20250412_BRI_LEI,2024_25,2025-04-12,15:00,BRI,LEI,Brighton & Hove Albion,Leicester City,2,2,4,OVER
2024_25_20250412_NFO_EVE,2024_25,2025-04-12,15:00,NFO,EVE,Nottingham Forest,Everton,0,1,1,UNDER
2024_25_20250412_SOU_AVL,2024_25,2025-04-12,15:00,SOU,AVL,Southampton,Aston Villa,0,3,3,OVER
2024_25_20250412_ARS_BRE,2024_25,2025-04-12,17:30,ARS,BRE,Arsenal,Brentford,1,1,2,UNDER
2024_25_20250413_CHE_IPS,2024_25,2025-04-13,14:00,CHE,IPS,Chelsea,Ipswich Town,2,2,4,OVER
2024_25_20250413_LIV_WHU,2024_25,2025-04-13,14:00,LIV,WHU,Liverpool,West Ham United,2,1,3,OVER
2024_25_20250413_WOL_TOT,2024_25,2025-04-13,14:00,WOL,TOT,Wolverhampton Wanderers,Tottenham Hotspur,4,2,6,OVER
2024_25_20250413_NEW_MUN,2024_25,2025-04-13,16:30,NEW,MUN,Newcastle United,Manchester United,4,1,5,OVER
2024_25_20250414_BOU_FUL,2024_25,2025-04-14,20:00,BOU,FUL,AFC Bournemouth,Fulham,1,0,1,UNDER
2024_25_20250416_NEW_CRY,2024_25,2025-04-16,19:30,NEW,CRY,Newcastle United,Crystal Palace,5,0,5,OVER
2024_25_20250419_BRE_BRI,2024_25,2025-04-19,15:00,BRE,BRI,Brentford,Brighton & Hove Albion,4,2,6,OVER
2024_25_20250419_CRY_BOU,2024_25,2025-04-19,15:00,CRY,BOU,Crystal Palace,AFC Bournemouth,0,0,0,UNDER
2024_25_20250419_EVE_MCI,2024_25,2025-04-19,15:00,EVE,MCI,Everton,Manchester City,0,2,2,UNDER
2024_25_20250419_WHU_SOU,2024_25,2025-04-19,15:00,WHU,SOU,West Ham United,Southampton,1,1,2,UNDER
2024_25_20250419_AVL_NEW,2024_25,2025-04-19,17:30,AVL,NEW,Aston Villa,Newcastle United,4,1,5,OVER
2024_25_20250420_FUL_CHE,2024_25,2025-04-20,14:00,FUL,CHE,Fulham,Chelsea,1,2,3,OVER
2024_25_20250420_IPS_ARS,2024_25,2025-04-20,14:00,IPS,ARS,Ipswich Town,Arsenal,0,4,4,OVER
2024_25_20250420_MUN_WOL,2024_25,2025-04-20,14:00,MUN,WOL,Manchester United,Wolverhampton Wanderers,0,1,1,UNDER
2024_25_20250420_LEI_LIV,2024_25,2025-04-20,16:30,LEI,LIV,Leicester City,Liverpool,0,1,1,UNDER
2024_25_20250421_TOT_NFO,2024_25,2025-04-21,20:00,TOT,NFO,Tottenham Hotspur,Nottingham Forest,1,2,3,OVER
2024_25_20250422_MCI_AVL,2024_25,2025-04-22,20:00,MCI,AVL,Manchester City,Aston Villa,2,1,3,OVER
2024_25_20250423_ARS_CRY,2024_25,2025-04-23,20:00,ARS,CRY,Arsenal,Crystal Palace,2,2,4,OVER
2024_25_20250426_CHE_EVE,2024_25,2025-04-26,12:30,CHE,EVE,Chelsea,Everton,1,0,1,UNDER
2024_25_20250426_BRI_WHU,2024_25,2025-04-26,15:00,BRI,WHU,Brighton & Hove Albion,West Ham United,3,2,5,OVER
2024_25_20250426_NEW_IPS,2024_25,2025-04-26,15:00,NEW,IPS,Newcastle United,Ipswich Town,3,0,3,OVER
2024_25_20250426_SOU_FUL,2024_25,2025-04-26,15:00,SOU,FUL,Southampton,Fulham,1,2,3,OVER
2024_25_20250426_WOL_LEI,2024_25,2025-04-26,15:00,WOL,LEI,Wolverhampton Wanderers,Leicester City,3,0,3,OVER
2024_25_20250427_BOU_MUN,2024_25,2025-04-27,14:00,BOU,MUN,AFC Bournemouth,Manchester United,1,1,2,UNDER
2024_25_20250427_LIV_TOT,2024_25,2025-04-27,16:30,LIV,TOT,Liverpool,Tottenham Hotspur,5,1,6,OVER
2024_25_20250501_NFO_BRE,2024_25,2025-05-01,19:30,NFO,BRE,Nottingham Forest,Brentford,0,2,2,UNDER
2024_25_20250502_MCI_WOL,2024_25,2025-05-02,20:00,MCI,WOL,Manchester City,Wolverhampton Wanderers,1,0,1,UNDER
2024_25_20250503_AVL_FUL,2024_25,2025-05-03,12:30,AVL,FUL,Aston Villa,Fulham,1,0,1,UNDER
2024_25_20250503_EVE_IPS,2024_25,2025-05-03,15:00,EVE,IPS,Everton,Ipswich Town,2,2,4,OVER
2024_25_20250503_LEI_SOU,2024_25,2025-05-03,15:00,LEI,SOU,Leicester City,Southampton,2,0,2,UNDER
2024_25_20250503_ARS_BOU,2024_25,2025-05-03,17:30,ARS,BOU,Arsenal,AFC Bournemouth,1,2,3,OVER
2024_25_20250504_BRE_MUN,2024_25,2025-05-04,14:00,BRE,MUN,Brentford,Manchester United,4,3,7,OVER
2024_25_20250504_BRI_NEW,2024_25,2025-05-04,14:00,BRI,NEW,Brighton & Hove Albion,Newcastle United,1,1,2,UNDER
2024_25_20250504_WHU_TOT,2024_25,2025-05-04,14:00,WHU,TOT,West Ham United,Tottenham Hotspur,1,1,2,UNDER
2024_25_20250504_CHE_LIV,2024_25,2025-05-04,16:30,CHE,LIV,Chelsea,Liverpool,3,1,4,OVER
2024_25_20250505_CRY_NFO,2024_25,2025-05-05,20:00,CRY,NFO,Crystal Palace,Nottingham Forest,1,1,2,UNDER
2024_25_20250510_FUL_EVE,2024_25,2025-05-10,15:00,FUL,EVE,Fulham,Everton,1,3,4,OVER
2024_25_20250510_IPS_BRE,2024_25,2025-05-10,15:00,IPS,BRE,Ipswich Town,Brentford,0,1,1,UNDER
2024_25_20250510_SOU_MCI,2024_25,2025-05-10,15:00,SOU,MCI,Southampton,Manchester City,0,0,0,UNDER
2024_25_20250510_WOL_BRI,2024_25,2025-05-10,15:00,WOL,BRI,Wolverhampton Wanderers,Brighton & Hove Albion,0,2,2,UNDER
2024_25_20250510_BOU_AVL,2024_25,2025-05-10,17:30,BOU,AVL,AFC Bournemouth,Aston Villa,0,1,1,UNDER
2024_25_20250511_NEW_CHE,2024_25,2025-05-11,12:00,NEW,CHE,Newcastle United,Chelsea,2,0,2,UNDER
2024_25_20250511_MUN_WHU,2024_25,2025-05-11,14:15,MUN,WHU,Manchester United,West Ham United,0,2,2,UNDER
2024_25_20250511_NFO_LEI,2024_25,2025-05-11,14:15,NFO,LEI,Nottingham Forest,Leicester City,2,2,4,OVER
2024_25_20250511_TOT_CRY,2024_25,2025-05-11,14:15,TOT,CRY,Tottenham Hotspur,Crystal Palace,0,2,2,UNDER
2024_25_20250511_LIV_ARS,2024_25,2025-05-11,16:30,LIV,ARS,Liverpool,Arsenal,2,2,4,OVER
2024_25_20250516_AVL_TOT,2024_25,2025-05-16,19:30,AVL,TOT,Aston Villa,Tottenham Hotspur,2,0,2,UNDER
2024_25_20250516_CHE_MUN,2024_25,2025-05-16,20:15,CHE,MUN,Chelsea,Manchester United,1,0,1,UNDER
2024_25_20250518_EVE_SOU,2024_25,2025-05-18,12:00,EVE,SOU,Everton,Southampton,2,0,2,UNDER
2024_25_20250518_WHU_NFO,2024_25,2025-05-18,14:15,WHU,NFO,West Ham United,Nottingham Forest,1,2,3,OVER
2024_25_20250518_BRE_FUL,2024_25,2025-05-18,15:00,BRE,FUL,Brentford,Fulham,2,3,5,OVER
2024_25_20250518_LEI_IPS,2024_25,2025-05-18,15:00,LEI,IPS,Leicester City,Ipswich Town,2,0,2,UNDER
2024_25_20250518_ARS_NEW,2024_25,2025-05-18,16:30,ARS,NEW,Arsenal,Newcastle United,1,0,1,UNDER
2024_25_20250519_BRI_LIV,2024_25,2025-05-19,20:00,BRI,LIV,Brighton & Hove Albion,Liverpool,3,2,5,OVER
2024_25_20250520_CRY_WOL,2024_25,2025-05-20,20:00,CRY,WOL,Crystal Palace,Wolverhampton Wanderers,4,2,6,OVER
2024_25_20250520_MCI_BOU,2024_25,2025-05-20,20:00,MCI,BOU,Manchester City,AFC Bournemouth,3,1,4,OVER
2024_25_20250525_BOU_LEI,2024_25,2025-05-25,16:00,BOU,LEI,AFC Bournemouth,Leicester City,2,0,2,UNDER
2024_25_20250525_FUL_MCI,2024_25,2025-05-25,16:00,FUL,MCI,Fulham,Manchester City,0,2,2,UNDER
2024_25_20250525_IPS_WHU,2024_25,2025-05-25,16:00,IPS,WHU,Ipswich Town,West Ham United,1,3,4,OVER
2024_25_20250525_LIV_CRY,2024_25,2025-05-25,16:00,LIV,CRY,Liverpool,Crystal Palace,1,1,2,UNDER
2024_25_20250525_MUN_AVL,2024_25,2025-05-25,16:00,MUN,AVL,Manchester United,Aston Villa,2,0,2,UNDER
2024_25_20250525_NEW_EVE,2024_25,2025-05-25,16:00,NEW,EVE,Newcastle United,Everton,0,1,1,UNDER
2024_25_20250525_NFO_CHE,2024_25,2025-05-25,16:00,NFO,CHE,Nottingham Forest,Chelsea,0,1,1,UNDER
2024_25_20250525_SOU_ARS,2024_25,2025-05-25,16:00,SOU,ARS,Southampton,Arsenal,1,2,3,OVER
2024_25_20250525_TOT_BRI,2024_25,2025-05-25,16:00,TOT,BRI,Tottenham Hotspur,Brighton & Hove Albion,1,4,5,OVER
2024_25_20250525_WOL_BRE,2024_25,2025-05-25,16:00,WOL,BRE,Wolverhampton Wanderers,Brentford,1,1,2,UNDER
2025_26_20250815_LIV_BOU,2025_26,2025-08-15,20:00,LIV,BOU,Liverpool,AFC Bournemouth,4,2,6,OVER
2025_26_20250816_AVL_NEW,2025_26,2025-08-16,12:30,AVL,NEW,Aston Villa,Newcastle United,0,0,0,UNDER
2025_26_20250816_BRI_FUL,2025_26,2025-08-16,15:00,BRI,FUL,Brighton & Hove Albion,Fulham,1,1,2,UNDER
2025_26_20250816_SUN_WHU,2025_26,2025-08-16,15:00,SUN,WHU,Sunderland,West Ham United,3,0,3,OVER
2025_26_20250816_TOT_BUR,2025_26,2025-08-16,15:00,TOT,BUR,Tottenham Hotspur,Burnley,3,0,3,OVER
2025_26_20250816_WOL_MCI,2025_26,2025-08-16,17:30,WOL,MCI,Wolverhampton Wanderers,Manchester City,0,4,4,OVER
2025_26_20250817_CHE_CRY,2025_26,2025-08-17,14:00,CHE,CRY,Chelsea,Crystal Palace,0,0,0,UNDER
2025_26_20250817_NFO_BRE,2025_26,2025-08-17,14:00,NFO,BRE,Nottingham Forest,Brentford,3,1,4,OVER
2025_26_20250817_MUN_ARS,2025_26,2025-08-17,16:30,MUN,ARS,Manchester United,Arsenal,0,1,1,UNDER
2025_26_20250818_LEE_EVE,2025_26,2025-08-18,20:00,LEE,EVE,Leeds United,Everton,1,0,1,UNDER
2025_26_20250822_WHU_CHE,2025_26,2025-08-22,20:00,WHU,CHE,West Ham United,Chelsea,1,5,6,OVER
2025_26_20250823_MCI_TOT,2025_26,2025-08-23,12:30,MCI,TOT,Manchester City,Tottenham Hotspur,0,2,2,UNDER
2025_26_20250823_BOU_WOL,2025_26,2025-08-23,15:00,BOU,WOL,AFC Bournemouth,Wolverhampton Wanderers,1,0,1,UNDER
2025_26_20250823_BRE_AVL,2025_26,2025-08-23,15:00,BRE,AVL,Brentford,Aston Villa,1,0,1,UNDER
2025_26_20250823_BUR_SUN,2025_26,2025-08-23,15:00,BUR,SUN,Burnley,Sunderland,2,0,2,UNDER
2025_26_20250823_ARS_LEE,2025_26,2025-08-23,17:30,ARS,LEE,Arsenal,Leeds United,5,0,5,OVER
2025_26_20250824_CRY_NFO,2025_26,2025-08-24,14:00,CRY,NFO,Crystal Palace,Nottingham Forest,1,1,2,UNDER
2025_26_20250824_EVE_BRI,2025_26,2025-08-24,14:00,EVE,BRI,Everton,Brighton & Hove Albion,2,0,2,UNDER
2025_26_20250824_FUL_MUN,2025_26,2025-08-24,16:30,FUL,MUN,Fulham,Manchester United,1,1,2,UNDER
2025_26_20250825_NEW_LIV,2025_26,2025-08-25,20:00,NEW,LIV,Newcastle United,Liverpool,2,3,5,OVER
2025_26_20250830_CHE_FUL,2025_26,2025-08-30,12:30,CHE,FUL,Chelsea,Fulham,2,0,2,UNDER
2025_26_20250830_MUN_BUR,2025_26,2025-08-30,15:00,MUN,BUR,Manchester United,Burnley,3,2,5,OVER
2025_26_20250830_SUN_BRE,2025_26,2025-08-30,15:00,SUN,BRE,Sunderland,Brentford,2,1,3,OVER
2025_26_20250830_TOT_BOU,2025_26,2025-08-30,15:00,TOT,BOU,Tottenham Hotspur,AFC Bournemouth,0,1,1,UNDER
2025_26_20250830_WOL_EVE,2025_26,2025-08-30,15:00,WOL,EVE,Wolverhampton Wanderers,Everton,2,3,5,OVER
2025_26_20250830_LEE_NEW,2025_26,2025-08-30,17:30,LEE,NEW,Leeds United,Newcastle United,0,0,0,UNDER
2025_26_20250831_BRI_MCI,2025_26,2025-08-31,14:00,BRI,MCI,Brighton & Hove Albion,Manchester City,2,1,3,OVER
2025_26_20250831_NFO_WHU,2025_26,2025-08-31,14:00,NFO,WHU,Nottingham Forest,West Ham United,0,3,3,OVER
2025_26_20250831_LIV_ARS,2025_26,2025-08-31,16:30,LIV,ARS,Liverpool,Arsenal,1,0,1,UNDER
2025_26_20250831_AVL_CRY,2025_26,2025-08-31,19:00,AVL,CRY,Aston Villa,Crystal Palace,0,3,3,OVER
2025_26_20250913_ARS_NFO,2025_26,2025-09-13,12:30,ARS,NFO,Arsenal,Nottingham Forest,3,0,3,OVER
2025_26_20250913_BOU_BRI,2025_26,2025-09-13,15:00,BOU,BRI,AFC Bournemouth,Brighton & Hove Albion,2,1,3,OVER
2025_26_20250913_CRY_SUN,2025_26,2025-09-13,15:00,CRY,SUN,Crystal Palace,Sunderland,0,0,0,UNDER
2025_26_20250913_EVE_AVL,2025_26,2025-09-13,15:00,EVE,AVL,Everton,Aston Villa,0,0,0,UNDER
2025_26_20250913_FUL_LEE,2025_26,2025-09-13,15:00,FUL,LEE,Fulham,Leeds United,1,0,1,UNDER
2025_26_20250913_NEW_WOL,2025_26,2025-09-13,15:00,NEW,WOL,Newcastle United,Wolverhampton Wanderers,1,0,1,UNDER
2025_26_20250913_WHU_TOT,2025_26,2025-09-13,17:30,WHU,TOT,West Ham United,Tottenham Hotspur,0,3,3,OVER
2025_26_20250913_BRE_CHE,2025_26,2025-09-13,20:00,BRE,CHE,Brentford,Chelsea,2,2,4,OVER
2025_26_20250914_BUR_LIV,2025_26,2025-09-14,14:00,BUR,LIV,Burnley,Liverpool,0,1,1,UNDER
2025_26_20250914_MCI_MUN,2025_26,2025-09-14,16:30,MCI,MUN,Manchester City,Manchester United,3,0,3,OVER
2025_26_20250920_LIV_EVE,2025_26,2025-09-20,12:30,LIV,EVE,Liverpool,Everton,2,1,3,OVER
2025_26_20250920_BRI_TOT,2025_26,2025-09-20,15:00,BRI,TOT,Brighton & Hove Albion,Tottenham Hotspur,2,2,4,OVER
2025_26_20250920_BUR_NFO,2025_26,2025-09-20,15:00,BUR,NFO,Burnley,Nottingham Forest,1,1,2,UNDER
2025_26_20250920_WHU_CRY,2025_26,2025-09-20,15:00,WHU,CRY,West Ham United,Crystal Palace,1,2,3,OVER
2025_26_20250920_WOL_LEE,2025_26,2025-09-20,15:00,WOL,LEE,Wolverhampton Wanderers,Leeds United,1,3,4,OVER
2025_26_20250920_MUN_CHE,2025_26,2025-09-20,17:30,MUN,CHE,Manchester United,Chelsea,2,1,3,OVER
2025_26_20250920_FUL_BRE,2025_26,2025-09-20,20:00,FUL,BRE,Fulham,Brentford,3,1,4,OVER
2025_26_20250921_BOU_NEW,2025_26,2025-09-21,14:00,BOU,NEW,AFC Bournemouth,Newcastle United,0,0,0,UNDER
2025_26_20250921_SUN_AVL,2025_26,2025-09-21,14:00,SUN,AVL,Sunderland,Aston Villa,1,1,2,UNDER
2025_26_20250921_ARS_MCI,2025_26,2025-09-21,16:30,ARS,MCI,Arsenal,Manchester City,1,1,2,UNDER
2025_26_20250927_BRE_MUN,2025_26,2025-09-27,12:30,BRE,MUN,Brentford,Manchester United,3,1,4,OVER
2025_26_20250927_CHE_BRI,2025_26,2025-09-27,15:00,CHE,BRI,Chelsea,Brighton & Hove Albion,1,3,4,OVER
2025_26_20250927_CRY_LIV,2025_26,2025-09-27,15:00,CRY,LIV,Crystal Palace,Liverpool,2,1,3,OVER
2025_26_20250927_LEE_BOU,2025_26,2025-09-27,15:00,LEE,BOU,Leeds United,AFC Bournemouth,2,2,4,OVER
2025_26_20250927_MCI_BUR,2025_26,2025-09-27,15:00,MCI,BUR,Manchester City,Burnley,5,1,6,OVER
2025_26_20250927_NFO_SUN,2025_26,2025-09-27,17:30,NFO,SUN,Nottingham Forest,Sunderland,0,1,1,UNDER
2025_26_20250927_TOT_WOL,2025_26,2025-09-27,20:00,TOT,WOL,Tottenham Hotspur,Wolverhampton Wanderers,1,1,2,UNDER
2025_26_20250928_AVL_FUL,2025_26,2025-09-28,14:00,AVL,FUL,Aston Villa,Fulham,3,1,4,OVER
2025_26_20250928_NEW_ARS,2025_26,2025-09-28,16:30,NEW,ARS,Newcastle United,Arsenal,1,2,3,OVER
2025_26_20250929_EVE_WHU,2025_26,2025-09-29,20:00,EVE,WHU,Everton,West Ham United,1,1,2,UNDER
2025_26_20251003_BOU_FUL,2025_26,2025-10-03,20:00,BOU,FUL,AFC Bournemouth,Fulham,3,1,4,OVER
2025_26_20251004_LEE_TOT,2025_26,2025-10-04,12:30,LEE,TOT,Leeds United,Tottenham Hotspur,1,2,3,OVER
2025_26_20251004_ARS_WHU,2025_26,2025-10-04,15:00,ARS,WHU,Arsenal,West Ham United,2,0,2,UNDER
2025_26_20251004_MUN_SUN,2025_26,2025-10-04,15:00,MUN,SUN,Manchester United,Sunderland,2,0,2,UNDER
2025_26_20251004_CHE_LIV,2025_26,2025-10-04,17:30,CHE,LIV,Chelsea,Liverpool,2,1,3,OVER
2025_26_20251005_AVL_BUR,2025_26,2025-10-05,14:00,AVL,BUR,Aston Villa,Burnley,2,1,3,OVER
2025_26_20251005_EVE_CRY,2025_26,2025-10-05,14:00,EVE,CRY,Everton,Crystal Palace,2,1,3,OVER
2025_26_20251005_NEW_NFO,2025_26,2025-10-05,14:00,NEW,NFO,Newcastle United,Nottingham Forest,2,0,2,UNDER
2025_26_20251005_WOL_BRI,2025_26,2025-10-05,14:00,WOL,BRI,Wolverhampton Wanderers,Brighton & Hove Albion,1,1,2,UNDER
2025_26_20251005_BRE_MCI,2025_26,2025-10-05,16:30,BRE,MCI,Brentford,Manchester City,0,1,1,UNDER
2025_26_20251018_NFO_CHE,2025_26,2025-10-18,12:30,NFO,CHE,Nottingham Forest,Chelsea,0,3,3,OVER
2025_26_20251018_BRI_NEW,2025_26,2025-10-18,15:00,BRI,NEW,Brighton & Hove Albion,Newcastle United,2,1,3,OVER
2025_26_20251018_BUR_LEE,2025_26,2025-10-18,15:00,BUR,LEE,Burnley,Leeds United,2,0,2,UNDER
2025_26_20251018_CRY_BOU,2025_26,2025-10-18,15:00,CRY,BOU,Crystal Palace,AFC Bournemouth,3,3,6,OVER
2025_26_20251018_MCI_EVE,2025_26,2025-10-18,15:00,MCI,EVE,Manchester City,Everton,2,0,2,UNDER
2025_26_20251018_SUN_WOL,2025_26,2025-10-18,15:00,SUN,WOL,Sunderland,Wolverhampton Wanderers,2,0,2,UNDER
2025_26_20251018_FUL_ARS,2025_26,2025-10-18,17:30,FUL,ARS,Fulham,Arsenal,0,1,1,UNDER
2025_26_20251019_TOT_AVL,2025_26,2025-10-19,14:00,TOT,AVL,Tottenham Hotspur,Aston Villa,1,2,3,OVER
2025_26_20251019_LIV_MUN,2025_26,2025-10-19,16:30,LIV,MUN,Liverpool,Manchester United,1,2,3,OVER
2025_26_20251020_WHU_BRE,2025_26,2025-10-20,20:00,WHU,BRE,West Ham United,Brentford,0,2,2,UNDER
2025_26_20251024_LEE_WHU,2025_26,2025-10-24,20:00,LEE,WHU,Leeds United,West Ham United,2,1,3,OVER
2025_26_20251025_CHE_SUN,2025_26,2025-10-25,15:00,CHE,SUN,Chelsea,Sunderland,1,2,3,OVER
2025_26_20251025_NEW_FUL,2025_26,2025-10-25,15:00,NEW,FUL,Newcastle United,Fulham,2,1,3,OVER
2025_26_20251025_MUN_BRI,2025_26,2025-10-25,17:30,MUN,BRI,Manchester United,Brighton & Hove Albion,4,2,6,OVER
2025_26_20251025_BRE_LIV,2025_26,2025-10-25,20:00,BRE,LIV,Brentford,Liverpool,3,2,5,OVER
2025_26_20251026_ARS_CRY,2025_26,2025-10-26,14:00,ARS,CRY,Arsenal,Crystal Palace,1,0,1,UNDER
2025_26_20251026_AVL_MCI,2025_26,2025-10-26,14:00,AVL,MCI,Aston Villa,Manchester City,1,0,1,UNDER
2025_26_20251026_BOU_NFO,2025_26,2025-10-26,14:00,BOU,NFO,AFC Bournemouth,Nottingham Forest,2,0,2,UNDER
2025_26_20251026_WOL_BUR,2025_26,2025-10-26,14:00,WOL,BUR,Wolverhampton Wanderers,Burnley,2,3,5,OVER
2025_26_20251026_EVE_TOT,2025_26,2025-10-26,16:30,EVE,TOT,Everton,Tottenham Hotspur,0,3,3,OVER
2025_26_20251101_BRI_LEE,2025_26,2025-11-01,15:00,BRI,LEE,Brighton & Hove Albion,Leeds United,3,0,3,OVER
2025_26_20251101_BUR_ARS,2025_26,2025-11-01,15:00,BUR,ARS,Burnley,Arsenal,0,2,2,UNDER
2025_26_20251101_CRY_BRE,2025_26,2025-11-01,15:00,CRY,BRE,Crystal Palace,Brentford,2,0,2,UNDER
2025_26_20251101_FUL_WOL,2025_26,2025-11-01,15:00,FUL,WOL,Fulham,Wolverhampton Wanderers,3,0,3,OVER
2025_26_20251101_NFO_MUN,2025_26,2025-11-01,15:00,NFO,MUN,Nottingham Forest,Manchester United,2,2,4,OVER
2025_26_20251101_TOT_CHE,2025_26,2025-11-01,17:30,TOT,CHE,Tottenham Hotspur,Chelsea,0,1,1,UNDER
2025_26_20251101_LIV_AVL,2025_26,2025-11-01,20:00,LIV,AVL,Liverpool,Aston Villa,2,0,2,UNDER
2025_26_20251102_WHU_NEW,2025_26,2025-11-02,14:00,WHU,NEW,West Ham United,Newcastle United,3,1,4,OVER
2025_26_20251102_MCI_BOU,2025_26,2025-11-02,16:30,MCI,BOU,Manchester City,AFC Bournemouth,3,1,4,OVER
2025_26_20251103_SUN_EVE,2025_26,2025-11-03,20:00,SUN,EVE,Sunderland,Everton,1,1,2,UNDER
2025_26_20251108_TOT_MUN,2025_26,2025-11-08,12:30,TOT,MUN,Tottenham Hotspur,Manchester United,2,2,4,OVER
2025_26_20251108_EVE_FUL,2025_26,2025-11-08,15:00,EVE,FUL,Everton,Fulham,2,0,2,UNDER
2025_26_20251108_WHU_BUR,2025_26,2025-11-08,15:00,WHU,BUR,West Ham United,Burnley,3,2,5,OVER
2025_26_20251108_SUN_ARS,2025_26,2025-11-08,17:30,SUN,ARS,Sunderland,Arsenal,2,2,4,OVER
2025_26_20251108_CHE_WOL,2025_26,2025-11-08,20:00,CHE,WOL,Chelsea,Wolverhampton Wanderers,3,0,3,OVER
2025_26_20251109_AVL_BOU,2025_26,2025-11-09,14:00,AVL,BOU,Aston Villa,AFC Bournemouth,4,0,4,OVER
2025_26_20251109_BRE_NEW,2025_26,2025-11-09,14:00,BRE,NEW,Brentford,Newcastle United,3,1,4,OVER
2025_26_20251109_CRY_BRI,2025_26,2025-11-09,14:00,CRY,BRI,Crystal Palace,Brighton & Hove Albion,0,0,0,UNDER
2025_26_20251109_NFO_LEE,2025_26,2025-11-09,14:00,NFO,LEE,Nottingham Forest,Leeds United,3,1,4,OVER
2025_26_20251109_MCI_LIV,2025_26,2025-11-09,16:30,MCI,LIV,Manchester City,Liverpool,3,0,3,OVER
2025_26_20251122_BUR_CHE,2025_26,2025-11-22,12:30,BUR,CHE,Burnley,Chelsea,0,2,2,UNDER
2025_26_20251122_BOU_WHU,2025_26,2025-11-22,15:00,BOU,WHU,AFC Bournemouth,West Ham United,2,2,4,OVER
2025_26_20251122_BRI_BRE,2025_26,2025-11-22,15:00,BRI,BRE,Brighton & Hove Albion,Brentford,2,1,3,OVER
2025_26_20251122_FUL_SUN,2025_26,2025-11-22,15:00,FUL,SUN,Fulham,Sunderland,1,0,1,UNDER
2025_26_20251122_LIV_NFO,2025_26,2025-11-22,15:00,LIV,NFO,Liverpool,Nottingham Forest,0,3,3,OVER
2025_26_20251122_WOL_CRY,2025_26,2025-11-22,15:00,WOL,CRY,Wolverhampton Wanderers,Crystal Palace,0,2,2,UNDER
2025_26_20251122_NEW_MCI,2025_26,2025-11-22,17:30,NEW,MCI,Newcastle United,Manchester City,2,1,3,OVER
2025_26_20251123_LEE_AVL,2025_26,2025-11-23,14:00,LEE,AVL,Leeds United,Aston Villa,1,2,3,OVER
2025_26_20251123_ARS_TOT,2025_26,2025-11-23,16:30,ARS,TOT,Arsenal,Tottenham Hotspur,4,1,5,OVER
2025_26_20251124_MUN_EVE,2025_26,2025-11-24,20:00,MUN,EVE,Manchester United,Everton,0,1,1,UNDER
2025_26_20251129_BRE_BUR,2025_26,2025-11-29,15:00,BRE,BUR,Brentford,Burnley,3,1,4,OVER
2025_26_20251129_MCI_LEE,2025_26,2025-11-29,15:00,MCI,LEE,Manchester City,Leeds United,3,2,5,OVER
2025_26_20251129_SUN_BOU,2025_26,2025-11-29,15:00,SUN,BOU,Sunderland,AFC Bournemouth,3,2,5,OVER
2025_26_20251129_EVE_NEW,2025_26,2025-11-29,17:30,EVE,NEW,Everton,Newcastle United,1,4,5,OVER
2025_26_20251129_TOT_FUL,2025_26,2025-11-29,20:00,TOT,FUL,Tottenham Hotspur,Fulham,1,2,3,OVER
2025_26_20251130_CRY_MUN,2025_26,2025-11-30,12:00,CRY,MUN,Crystal Palace,Manchester United,1,2,3,OVER
2025_26_20251130_AVL_WOL,2025_26,2025-11-30,14:05,AVL,WOL,Aston Villa,Wolverhampton Wanderers,1,0,1,UNDER
2025_26_20251130_NFO_BRI,2025_26,2025-11-30,14:05,NFO,BRI,Nottingham Forest,Brighton & Hove Albion,0,2,2,UNDER
2025_26_20251130_WHU_LIV,2025_26,2025-11-30,14:05,WHU,LIV,West Ham United,Liverpool,0,2,2,UNDER
2025_26_20251130_CHE_ARS,2025_26,2025-11-30,16:30,CHE,ARS,Chelsea,Arsenal,1,1,2,UNDER
2025_26_20251202_BOU_EVE,2025_26,2025-12-02,19:30,BOU,EVE,AFC Bournemouth,Everton,0,1,1,UNDER
2025_26_20251202_FUL_MCI,2025_26,2025-12-02,19:30,FUL,MCI,Fulham,Manchester City,4,5,9,OVER
2025_26_20251202_NEW_TOT,2025_26,2025-12-02,20:15,NEW,TOT,Newcastle United,Tottenham Hotspur,2,2,4,OVER
2025_26_20251203_ARS_BRE,2025_26,2025-12-03,19:30,ARS,BRE,Arsenal,Brentford,2,0,2,UNDER
2025_26_20251203_BRI_AVL,2025_26,2025-12-03,19:30,BRI,AVL,Brighton & Hove Albion,Aston Villa,3,4,7,OVER
2025_26_20251203_BUR_CRY,2025_26,2025-12-03,19:30,BUR,CRY,Burnley,Crystal Palace,0,1,1,UNDER
2025_26_20251203_WOL_NFO,2025_26,2025-12-03,19:30,WOL,NFO,Wolverhampton Wanderers,Nottingham Forest,0,1,1,UNDER
2025_26_20251203_LEE_CHE,2025_26,2025-12-03,20:15,LEE,CHE,Leeds United,Chelsea,3,1,4,OVER
2025_26_20251203_LIV_SUN,2025_26,2025-12-03,20:15,LIV,SUN,Liverpool,Sunderland,1,1,2,UNDER
2025_26_20251204_MUN_WHU,2025_26,2025-12-04,20:00,MUN,WHU,Manchester United,West Ham United,1,1,2,UNDER
2025_26_20251206_AVL_ARS,2025_26,2025-12-06,12:30,AVL,ARS,Aston Villa,Arsenal,2,1,3,OVER
2025_26_20251206_BOU_CHE,2025_26,2025-12-06,15:00,BOU,CHE,AFC Bournemouth,Chelsea,0,0,0,UNDER
2025_26_20251206_EVE_NFO,2025_26,2025-12-06,15:00,EVE,NFO,Everton,Nottingham Forest,3,0,3,OVER
2025_26_20251206_MCI_SUN,2025_26,2025-12-06,15:00,MCI,SUN,Manchester City,Sunderland,3,0,3,OVER
2025_26_20251206_NEW_BUR,2025_26,2025-12-06,15:00,NEW,BUR,Newcastle United,Burnley,2,1,3,OVER
2025_26_20251206_TOT_BRE,2025_26,2025-12-06,15:00,TOT,BRE,Tottenham Hotspur,Brentford,2,0,2,UNDER
2025_26_20251206_LEE_LIV,2025_26,2025-12-06,17:30,LEE,LIV,Leeds United,Liverpool,3,3,6,OVER
2025_26_20251207_BRI_WHU,2025_26,2025-12-07,14:00,BRI,WHU,Brighton & Hove Albion,West Ham United,1,1,2,UNDER
2025_26_20251207_FUL_CRY,2025_26,2025-12-07,16:30,FUL,CRY,Fulham,Crystal Palace,1,2,3,OVER
2025_26_20251208_WOL_MUN,2025_26,2025-12-08,20:00,WOL,MUN,Wolverhampton Wanderers,Manchester United,1,4,5,OVER
2025_26_20251213_CHE_EVE,2025_26,2025-12-13,15:00,CHE,EVE,Chelsea,Everton,2,0,2,UNDER
2025_26_20251213_LIV_BRI,2025_26,2025-12-13,15:00,LIV,BRI,Liverpool,Brighton & Hove Albion,2,0,2,UNDER
2025_26_20251213_BUR_FUL,2025_26,2025-12-13,17:30,BUR,FUL,Burnley,Fulham,2,3,5,OVER
2025_26_20251213_ARS_WOL,2025_26,2025-12-13,20:00,ARS,WOL,Arsenal,Wolverhampton Wanderers,2,1,3,OVER
2025_26_20251214_CRY_MCI,2025_26,2025-12-14,14:00,CRY,MCI,Crystal Palace,Manchester City,0,3,3,OVER
2025_26_20251214_NFO_TOT,2025_26,2025-12-14,14:00,NFO,TOT,Nottingham Forest,Tottenham Hotspur,3,0,3,OVER
2025_26_20251214_SUN_NEW,2025_26,2025-12-14,14:00,SUN,NEW,Sunderland,Newcastle United,1,0,1,UNDER
2025_26_20251214_WHU_AVL,2025_26,2025-12-14,14:00,WHU,AVL,West Ham United,Aston Villa,2,3,5,OVER
2025_26_20251214_BRE_LEE,2025_26,2025-12-14,16:30,BRE,LEE,Brentford,Leeds United,1,1,2,UNDER
2025_26_20251215_MUN_BOU,2025_26,2025-12-15,20:00,MUN,BOU,Manchester United,AFC Bournemouth,4,4,8,OVER
2025_26_20251220_NEW_CHE,2025_26,2025-12-20,12:30,NEW,CHE,Newcastle United,Chelsea,2,2,4,OVER
2025_26_20251220_BOU_BUR,2025_26,2025-12-20,15:00,BOU,BUR,AFC Bournemouth,Burnley,1,1,2,UNDER
2025_26_20251220_BRI_SUN,2025_26,2025-12-20,15:00,BRI,SUN,Brighton & Hove Albion,Sunderland,0,0,0,UNDER
2025_26_20251220_MCI_WHU,2025_26,2025-12-20,15:00,MCI,WHU,Manchester City,West Ham United,3,0,3,OVER
2025_26_20251220_WOL_BRE,2025_26,2025-12-20,15:00,WOL,BRE,Wolverhampton Wanderers,Brentford,0,2,2,UNDER
2025_26_20251220_TOT_LIV,2025_26,2025-12-20,17:30,TOT,LIV,Tottenham Hotspur,Liverpool,1,2,3,OVER
2025_26_20251220_EVE_ARS,2025_26,2025-12-20,20:00,EVE,ARS,Everton,Arsenal,0,1,1,UNDER
2025_26_20251220_LEE_CRY,2025_26,2025-12-20,20:00,LEE,CRY,Leeds United,Crystal Palace,4,1,5,OVER
2025_26_20251221_AVL_MUN,2025_26,2025-12-21,16:30,AVL,MUN,Aston Villa,Manchester United,2,1,3,OVER
2025_26_20251222_FUL_NFO,2025_26,2025-12-22,20:00,FUL,NFO,Fulham,Nottingham Forest,1,0,1,UNDER
2025_26_20251226_MUN_NEW,2025_26,2025-12-26,20:00,MUN,NEW,Manchester United,Newcastle United,1,0,1,UNDER
2025_26_20251227_NFO_MCI,2025_26,2025-12-27,12:30,NFO,MCI,Nottingham Forest,Manchester City,1,2,3,OVER
2025_26_20251227_ARS_BRI,2025_26,2025-12-27,15:00,ARS,BRI,Arsenal,Brighton & Hove Albion,2,1,3,OVER
2025_26_20251227_BRE_BOU,2025_26,2025-12-27,15:00,BRE,BOU,Brentford,AFC Bournemouth,4,1,5,OVER
2025_26_20251227_BUR_EVE,2025_26,2025-12-27,15:00,BUR,EVE,Burnley,Everton,0,0,0,UNDER
2025_26_20251227_LIV_WOL,2025_26,2025-12-27,15:00,LIV,WOL,Liverpool,Wolverhampton Wanderers,2,1,3,OVER
2025_26_20251227_WHU_FUL,2025_26,2025-12-27,15:00,WHU,FUL,West Ham United,Fulham,0,1,1,UNDER
2025_26_20251227_CHE_AVL,2025_26,2025-12-27,17:30,CHE,AVL,Chelsea,Aston Villa,1,2,3,OVER
2025_26_20251228_SUN_LEE,2025_26,2025-12-28,14:00,SUN,LEE,Sunderland,Leeds United,1,1,2,UNDER
2025_26_20251228_CRY_TOT,2025_26,2025-12-28,16:30,CRY,TOT,Crystal Palace,Tottenham Hotspur,0,1,1,UNDER
2025_26_20251230_BUR_NEW,2025_26,2025-12-30,19:30,BUR,NEW,Burnley,Newcastle United,1,3,4,OVER
2025_26_20251230_CHE_BOU,2025_26,2025-12-30,19:30,CHE,BOU,Chelsea,AFC Bournemouth,2,2,4,OVER
2025_26_20251230_NFO_EVE,2025_26,2025-12-30,19:30,NFO,EVE,Nottingham Forest,Everton,0,2,2,UNDER
2025_26_20251230_WHU_BRI,2025_26,2025-12-30,19:30,WHU,BRI,West Ham United,Brighton & Hove Albion,2,2,4,OVER
2025_26_20251230_ARS_AVL,2025_26,2025-12-30,20:15,ARS,AVL,Arsenal,Aston Villa,4,1,5,OVER
2025_26_20251230_MUN_WOL,2025_26,2025-12-30,20:15,MUN,WOL,Manchester United,Wolverhampton Wanderers,1,1,2,UNDER
2025_26_20260101_CRY_FUL,2025_26,2026-01-01,17:30,CRY,FUL,Crystal Palace,Fulham,1,1,2,UNDER
2025_26_20260101_LIV_LEE,2025_26,2026-01-01,17:30,LIV,LEE,Liverpool,Leeds United,0,0,0,UNDER
2025_26_20260101_BRE_TOT,2025_26,2026-01-01,20:00,BRE,TOT,Brentford,Tottenham Hotspur,0,0,0,UNDER
2025_26_20260101_SUN_MCI,2025_26,2026-01-01,20:00,SUN,MCI,Sunderland,Manchester City,0,0,0,UNDER
2025_26_20260103_AVL_NFO,2025_26,2026-01-03,12:30,AVL,NFO,Aston Villa,Nottingham Forest,3,1,4,OVER
2025_26_20260103_BRI_BUR,2025_26,2026-01-03,15:00,BRI,BUR,Brighton & Hove Albion,Burnley,2,0,2,UNDER
2025_26_20260103_WOL_WHU,2025_26,2026-01-03,15:00,WOL,WHU,Wolverhampton Wanderers,West Ham United,3,0,3,OVER
2025_26_20260103_BOU_ARS,2025_26,2026-01-03,17:30,BOU,ARS,AFC Bournemouth,Arsenal,2,3,5,OVER
2025_26_20260104_LEE_MUN,2025_26,2026-01-04,12:30,LEE,MUN,Leeds United,Manchester United,1,1,2,UNDER
2025_26_20260104_EVE_BRE,2025_26,2026-01-04,15:00,EVE,BRE,Everton,Brentford,2,4,6,OVER
2025_26_20260104_NEW_CRY,2025_26,2026-01-04,15:00,NEW,CRY,Newcastle United,Crystal Palace,2,0,2,UNDER
2025_26_20260104_TOT_SUN,2025_26,2026-01-04,15:00,TOT,SUN,Tottenham Hotspur,Sunderland,1,1,2,UNDER
2025_26_20260104_FUL_LIV,2025_26,2026-01-04,15:15,FUL,LIV,Fulham,Liverpool,2,2,4,OVER
2025_26_20260104_MCI_CHE,2025_26,2026-01-04,17:30,MCI,CHE,Manchester City,Chelsea,1,1,2,UNDER
2025_26_20260106_WHU_NFO,2025_26,2026-01-06,20:00,WHU,NFO,West Ham United,Nottingham Forest,1,2,3,OVER
2025_26_20260107_BOU_TOT,2025_26,2026-01-07,19:30,BOU,TOT,AFC Bournemouth,Tottenham Hotspur,3,2,5,OVER
2025_26_20260107_BRE_SUN,2025_26,2026-01-07,19:30,BRE,SUN,Brentford,Sunderland,3,0,3,OVER
2025_26_20260107_CRY_AVL,2025_26,2026-01-07,19:30,CRY,AVL,Crystal Palace,Aston Villa,0,0,0,UNDER
2025_26_20260107_EVE_WOL,2025_26,2026-01-07,19:30,EVE,WOL,Everton,Wolverhampton Wanderers,1,1,2,UNDER
2025_26_20260107_FUL_CHE,2025_26,2026-01-07,19:30,FUL,CHE,Fulham,Chelsea,2,1,3,OVER
2025_26_20260107_MCI_BRI,2025_26,2026-01-07,19:30,MCI,BRI,Manchester City,Brighton & Hove Albion,1,1,2,UNDER
2025_26_20260107_BUR_MUN,2025_26,2026-01-07,20:15,BUR,MUN,Burnley,Manchester United,2,2,4,OVER
2025_26_20260107_NEW_LEE,2025_26,2026-01-07,20:15,NEW,LEE,Newcastle United,Leeds United,4,3,7,OVER
2025_26_20260108_ARS_LIV,2025_26,2026-01-08,20:00,ARS,LIV,Arsenal,Liverpool,0,0,0,UNDER
2025_26_20260117_MUN_MCI,2025_26,2026-01-17,12:30,MUN,MCI,Manchester United,Manchester City,2,0,2,UNDER
2025_26_20260117_CHE_BRE,2025_26,2026-01-17,15:00,CHE,BRE,Chelsea,Brentford,2,0,2,UNDER
2025_26_20260117_LEE_FUL,2025_26,2026-01-17,15:00,LEE,FUL,Leeds United,Fulham,1,0,1,UNDER
2025_26_20260117_LIV_BUR,2025_26,2026-01-17,15:00,LIV,BUR,Liverpool,Burnley,1,1,2,UNDER
2025_26_20260117_SUN_CRY,2025_26,2026-01-17,15:00,SUN,CRY,Sunderland,Crystal Palace,2,1,3,OVER
2025_26_20260117_TOT_WHU,2025_26,2026-01-17,15:00,TOT,WHU,Tottenham Hotspur,West Ham United,1,2,3,OVER
2025_26_20260117_NFO_ARS,2025_26,2026-01-17,17:30,NFO,ARS,Nottingham Forest,Arsenal,0,0,0,UNDER
2025_26_20260118_WOL_NEW,2025_26,2026-01-18,14:00,WOL,NEW,Wolverhampton Wanderers,Newcastle United,0,0,0,UNDER
2025_26_20260118_AVL_EVE,2025_26,2026-01-18,16:30,AVL,EVE,Aston Villa,Everton,0,1,1,UNDER
2025_26_20260119_BRI_BOU,2025_26,2026-01-19,20:00,BRI,BOU,Brighton & Hove Albion,AFC Bournemouth,1,1,2,UNDER
2025_26_20260124_WHU_SUN,2025_26,2026-01-24,12:30,WHU,SUN,West Ham United,Sunderland,3,1,4,OVER
2025_26_20260124_BUR_TOT,2025_26,2026-01-24,15:00,BUR,TOT,Burnley,Tottenham Hotspur,2,2,4,OVER
2025_26_20260124_FUL_BRI,2025_26,2026-01-24,15:00,FUL,BRI,Fulham,Brighton & Hove Albion,2,1,3,OVER
2025_26_20260124_MCI_WOL,2025_26,2026-01-24,15:00,MCI,WOL,Manchester City,Wolverhampton Wanderers,2,0,2,UNDER
2025_26_20260124_BOU_LIV,2025_26,2026-01-24,17:30,BOU,LIV,AFC Bournemouth,Liverpool,3,2,5,OVER
2025_26_20260125_BRE_NFO,2025_26,2026-01-25,14:00,BRE,NFO,Brentford,Nottingham Forest,0,2,2,UNDER
2025_26_20260125_CRY_CHE,2025_26,2026-01-25,14:00,CRY,CHE,Crystal Palace,Chelsea,1,3,4,OVER
2025_26_20260125_NEW_AVL,2025_26,2026-01-25,14:00,NEW,AVL,Newcastle United,Aston Villa,0,2,2,UNDER
2025_26_20260125_ARS_MUN,2025_26,2026-01-25,16:30,ARS,MUN,Arsenal,Manchester United,2,3,5,OVER
2025_26_20260126_EVE_LEE,2025_26,2026-01-26,20:00,EVE,LEE,Everton,Leeds United,1,1,2,UNDER
2025_26_20260131_BRI_EVE,2025_26,2026-01-31,15:00,BRI,EVE,Brighton & Hove Albion,Everton,1,1,2,UNDER
2025_26_20260131_LEE_ARS,2025_26,2026-01-31,15:00,LEE,ARS,Leeds United,Arsenal,0,4,4,OVER
2025_26_20260131_WOL_BOU,2025_26,2026-01-31,15:00,WOL,BOU,Wolverhampton Wanderers,AFC Bournemouth,0,2,2,UNDER
2025_26_20260131_CHE_WHU,2025_26,2026-01-31,17:30,CHE,WHU,Chelsea,West Ham United,3,2,5,OVER
2025_26_20260131_LIV_NEW,2025_26,2026-01-31,20:00,LIV,NEW,Liverpool,Newcastle United,4,1,5,OVER
2025_26_20260201_AVL_BRE,2025_26,2026-02-01,14:00,AVL,BRE,Aston Villa,Brentford,0,1,1,UNDER
2025_26_20260201_MUN_FUL,2025_26,2026-02-01,14:00,MUN,FUL,Manchester United,Fulham,3,2,5,OVER
2025_26_20260201_NFO_CRY,2025_26,2026-02-01,14:00,NFO,CRY,Nottingham Forest,Crystal Palace,1,1,2,UNDER
2025_26_20260201_TOT_MCI,2025_26,2026-02-01,16:30,TOT,MCI,Tottenham Hotspur,Manchester City,2,2,4,OVER
2025_26_20260202_SUN_BUR,2025_26,2026-02-02,20:00,SUN,BUR,Sunderland,Burnley,3,0,3,OVER
2025_26_20260206_LEE_NFO,2025_26,2026-02-06,20:00,LEE,NFO,Leeds United,Nottingham Forest,3,1,4,OVER
2025_26_20260207_MUN_TOT,2025_26,2026-02-07,12:30,MUN,TOT,Manchester United,Tottenham Hotspur,2,0,2,UNDER
2025_26_20260207_ARS_SUN,2025_26,2026-02-07,15:00,ARS,SUN,Arsenal,Sunderland,3,0,3,OVER
2025_26_20260207_BOU_AVL,2025_26,2026-02-07,15:00,BOU,AVL,AFC Bournemouth,Aston Villa,1,1,2,UNDER
2025_26_20260207_BUR_WHU,2025_26,2026-02-07,15:00,BUR,WHU,Burnley,West Ham United,0,2,2,UNDER
2025_26_20260207_FUL_EVE,2025_26,2026-02-07,15:00,FUL,EVE,Fulham,Everton,1,2,3,OVER
2025_26_20260207_WOL_CHE,2025_26,2026-02-07,15:00,WOL,CHE,Wolverhampton Wanderers,Chelsea,1,3,4,OVER
2025_26_20260207_NEW_BRE,2025_26,2026-02-07,17:30,NEW,BRE,Newcastle United,Brentford,2,3,5,OVER
2025_26_20260208_BRI_CRY,2025_26,2026-02-08,14:00,BRI,CRY,Brighton & Hove Albion,Crystal Palace,0,1,1,UNDER
2025_26_20260208_LIV_MCI,2025_26,2026-02-08,16:30,LIV,MCI,Liverpool,Manchester City,1,2,3,OVER
2025_26_20260210_CHE_LEE,2025_26,2026-02-10,19:30,CHE,LEE,Chelsea,Leeds United,2,2,4,OVER
2025_26_20260210_EVE_BOU,2025_26,2026-02-10,19:30,EVE,BOU,Everton,AFC Bournemouth,1,2,3,OVER
2025_26_20260210_TOT_NEW,2025_26,2026-02-10,19:30,TOT,NEW,Tottenham Hotspur,Newcastle United,1,2,3,OVER
2025_26_20260210_WHU_MUN,2025_26,2026-02-10,20:15,WHU,MUN,West Ham United,Manchester United,1,1,2,UNDER
2025_26_20260211_AVL_BRI,2025_26,2026-02-11,19:30,AVL,BRI,Aston Villa,Brighton & Hove Albion,1,0,1,UNDER
2025_26_20260211_CRY_BUR,2025_26,2026-02-11,19:30,CRY,BUR,Crystal Palace,Burnley,2,3,5,OVER
2025_26_20260211_MCI_FUL,2025_26,2026-02-11,19:30,MCI,FUL,Manchester City,Fulham,3,0,3,OVER
2025_26_20260211_NFO_WOL,2025_26,2026-02-11,19:30,NFO,WOL,Nottingham Forest,Wolverhampton Wanderers,0,0,0,UNDER
2025_26_20260211_SUN_LIV,2025_26,2026-02-11,20:15,SUN,LIV,Sunderland,Liverpool,0,1,1,UNDER
2025_26_20260212_BRE_ARS,2025_26,2026-02-12,20:00,BRE,ARS,Brentford,Arsenal,1,1,2,UNDER
2025_26_20260218_WOL_ARS,2025_26,2026-02-18,20:00,WOL,ARS,Wolverhampton Wanderers,Arsenal,2,2,4,OVER
2025_26_20260221_AVL_LEE,2025_26,2026-02-21,15:00,AVL,LEE,Aston Villa,Leeds United,1,1,2,UNDER
2025_26_20260221_BRE_BRI,2025_26,2026-02-21,15:00,BRE,BRI,Brentford,Brighton & Hove Albion,0,2,2,UNDER
2025_26_20260221_CHE_BUR,2025_26,2026-02-21,15:00,CHE,BUR,Chelsea,Burnley,1,1,2,UNDER
2025_26_20260221_WHU_BOU,2025_26,2026-02-21,17:30,WHU,BOU,West Ham United,AFC Bournemouth,0,0,0,UNDER
2025_26_20260221_MCI_NEW,2025_26,2026-02-21,20:00,MCI,NEW,Manchester City,Newcastle United,2,1,3,OVER
2025_26_20260222_CRY_WOL,2025_26,2026-02-22,14:00,CRY,WOL,Crystal Palace,Wolverhampton Wanderers,1,0,1,UNDER
2025_26_20260222_NFO_LIV,2025_26,2026-02-22,14:00,NFO,LIV,Nottingham Forest,Liverpool,0,1,1,UNDER
2025_26_20260222_SUN_FUL,2025_26,2026-02-22,14:00,SUN,FUL,Sunderland,Fulham,1,3,4,OVER
2025_26_20260222_TOT_ARS,2025_26,2026-02-22,16:30,TOT,ARS,Tottenham Hotspur,Arsenal,1,4,5,OVER
2025_26_20260223_EVE_MUN,2025_26,2026-02-23,20:00,EVE,MUN,Everton,Manchester United,0,1,1,UNDER
2025_26_20260227_WOL_AVL,2025_26,2026-02-27,20:00,WOL,AVL,Wolverhampton Wanderers,Aston Villa,2,0,2,UNDER
2025_26_20260228_BOU_SUN,2025_26,2026-02-28,12:30,BOU,SUN,AFC Bournemouth,Sunderland,1,1,2,UNDER
2025_26_20260228_BUR_BRE,2025_26,2026-02-28,15:00,BUR,BRE,Burnley,Brentford,3,4,7,OVER
2025_26_20260228_LIV_WHU,2025_26,2026-02-28,15:00,LIV,WHU,Liverpool,West Ham United,5,2,7,OVER
2025_26_20260228_NEW_EVE,2025_26,2026-02-28,15:00,NEW,EVE,Newcastle United,Everton,2,3,5,OVER
2025_26_20260228_LEE_MCI,2025_26,2026-02-28,17:30,LEE,MCI,Leeds United,Manchester City,0,1,1,UNDER
2025_26_20260301_BRI_NFO,2025_26,2026-03-01,14:00,BRI,NFO,Brighton & Hove Albion,Nottingham Forest,2,1,3,OVER
2025_26_20260301_FUL_TOT,2025_26,2026-03-01,14:00,FUL,TOT,Fulham,Tottenham Hotspur,2,1,3,OVER
2025_26_20260301_MUN_CRY,2025_26,2026-03-01,14:00,MUN,CRY,Manchester United,Crystal Palace,2,1,3,OVER
2025_26_20260301_ARS_CHE,2025_26,2026-03-01,16:30,ARS,CHE,Arsenal,Chelsea,2,1,3,OVER
2025_26_20260303_BOU_BRE,2025_26,2026-03-03,19:30,BOU,BRE,AFC Bournemouth,Brentford,0,0,0,UNDER
2025_26_20260303_EVE_BUR,2025_26,2026-03-03,19:30,EVE,BUR,Everton,Burnley,2,0,2,UNDER
2025_26_20260303_LEE_SUN,2025_26,2026-03-03,19:30,LEE,SUN,Leeds United,Sunderland,0,1,1,UNDER
2025_26_20260303_WOL_LIV,2025_26,2026-03-03,20:15,WOL,LIV,Wolverhampton Wanderers,Liverpool,2,1,3,OVER
2025_26_20260304_AVL_CHE,2025_26,2026-03-04,19:30,AVL,CHE,Aston Villa,Chelsea,1,4,5,OVER
2025_26_20260304_BRI_ARS,2025_26,2026-03-04,19:30,BRI,ARS,Brighton & Hove Albion,Arsenal,0,1,1,UNDER
2025_26_20260304_FUL_WHU,2025_26,2026-03-04,19:30,FUL,WHU,Fulham,West Ham United,0,1,1,UNDER
2025_26_20260304_MCI_NFO,2025_26,2026-03-04,19:30,MCI,NFO,Manchester City,Nottingham Forest,2,2,4,OVER
2025_26_20260304_NEW_MUN,2025_26,2026-03-04,20:15,NEW,MUN,Newcastle United,Manchester United,2,1,3,OVER
2025_26_20260305_TOT_CRY,2025_26,2026-03-05,20:00,TOT,CRY,Tottenham Hotspur,Crystal Palace,1,3,4,OVER
2025_26_20260314_BUR_BOU,2025_26,2026-03-14,15:00,BUR,BOU,Burnley,AFC Bournemouth,0,0,0,UNDER
2025_26_20260314_SUN_BRI,2025_26,2026-03-14,15:00,SUN,BRI,Sunderland,Brighton & Hove Albion,0,1,1,UNDER
2025_26_20260314_ARS_EVE,2025_26,2026-03-14,17:30,ARS,EVE,Arsenal,Everton,2,0,2,UNDER
2025_26_20260314_CHE_NEW,2025_26,2026-03-14,17:30,CHE,NEW,Chelsea,Newcastle United,0,1,1,UNDER
2025_26_20260314_WHU_MCI,2025_26,2026-03-14,20:00,WHU,MCI,West Ham United,Manchester City,1,1,2,UNDER
2025_26_20260315_CRY_LEE,2025_26,2026-03-15,14:00,CRY,LEE,Crystal Palace,Leeds United,0,0,0,UNDER
2025_26_20260315_MUN_AVL,2025_26,2026-03-15,14:00,MUN,AVL,Manchester United,Aston Villa,3,1,4,OVER
2025_26_20260315_NFO_FUL,2025_26,2026-03-15,14:00,NFO,FUL,Nottingham Forest,Fulham,0,0,0,UNDER
2025_26_20260315_LIV_TOT,2025_26,2026-03-15,16:30,LIV,TOT,Liverpool,Tottenham Hotspur,1,1,2,UNDER
2025_26_20260316_BRE_WOL,2025_26,2026-03-16,20:00,BRE,WOL,Brentford,Wolverhampton Wanderers,2,2,4,OVER
2025_26_20260320_BOU_MUN,2025_26,2026-03-20,20:00,BOU,MUN,AFC Bournemouth,Manchester United,2,2,4,OVER
2025_26_20260321_BRI_LIV,2025_26,2026-03-21,12:30,BRI,LIV,Brighton & Hove Albion,Liverpool,2,1,3,OVER
2025_26_20260321_FUL_BUR,2025_26,2026-03-21,15:00,FUL,BUR,Fulham,Burnley,3,1,4,OVER
2025_26_20260321_EVE_CHE,2025_26,2026-03-21,17:30,EVE,CHE,Everton,Chelsea,3,0,3,OVER
2025_26_20260321_LEE_BRE,2025_26,2026-03-21,20:00,LEE,BRE,Leeds United,Brentford,0,0,0,UNDER
2025_26_20260322_NEW_SUN,2025_26,2026-03-22,12:00,NEW,SUN,Newcastle United,Sunderland,1,2,3,OVER
2025_26_20260322_AVL_WHU,2025_26,2026-03-22,14:15,AVL,WHU,Aston Villa,West Ham United,2,0,2,UNDER
2025_26_20260322_TOT_NFO,2025_26,2026-03-22,14:15,TOT,NFO,Tottenham Hotspur,Nottingham Forest,0,3,3,OVER
2025_26_20260410_WHU_WOL,2025_26,2026-04-10,20:00,WHU,WOL,West Ham United,Wolverhampton Wanderers,4,0,4,OVER
2025_26_20260411_ARS_BOU,2025_26,2026-04-11,12:30,ARS,BOU,Arsenal,AFC Bournemouth,1,2,3,OVER
2025_26_20260411_BRE_EVE,2025_26,2026-04-11,15:00,BRE,EVE,Brentford,Everton,2,2,4,OVER
2025_26_20260411_BUR_BRI,2025_26,2026-04-11,15:00,BUR,BRI,Burnley,Brighton & Hove Albion,0,2,2,UNDER
2025_26_20260411_LIV_FUL,2025_26,2026-04-11,17:30,LIV,FUL,Liverpool,Fulham,2,0,2,UNDER
2025_26_20260412_CRY_NEW,2025_26,2026-04-12,14:00,CRY,NEW,Crystal Palace,Newcastle United,2,1,3,OVER
2025_26_20260412_NFO_AVL,2025_26,2026-04-12,14:00,NFO,AVL,Nottingham Forest,Aston Villa,1,1,2,UNDER
2025_26_20260412_SUN_TOT,2025_26,2026-04-12,14:00,SUN,TOT,Sunderland,Tottenham Hotspur,1,0,1,UNDER
2025_26_20260412_CHE_MCI,2025_26,2026-04-12,16:30,CHE,MCI,Chelsea,Manchester City,0,3,3,OVER
2025_26_20260413_MUN_LEE,2025_26,2026-04-13,20:00,MUN,LEE,Manchester United,Leeds United,1,2,3,OVER
2025_26_20260418_BRE_FUL,2025_26,2026-04-18,12:30,BRE,FUL,Brentford,Fulham,0,0,0,UNDER
2025_26_20260418_LEE_WOL,2025_26,2026-04-18,15:00,LEE,WOL,Leeds United,Wolverhampton Wanderers,3,0,3,OVER
2025_26_20260418_NEW_BOU,2025_26,2026-04-18,15:00,NEW,BOU,Newcastle United,AFC Bournemouth,1,2,3,OVER
2025_26_20260418_TOT_BRI,2025_26,2026-04-18,17:30,TOT,BRI,Tottenham Hotspur,Brighton & Hove Albion,2,2,4,OVER
2025_26_20260418_CHE_MUN,2025_26,2026-04-18,20:00,CHE,MUN,Chelsea,Manchester United,0,1,1,UNDER
2025_26_20260419_AVL_SUN,2025_26,2026-04-19,14:00,AVL,SUN,Aston Villa,Sunderland,4,3,7,OVER
2025_26_20260419_EVE_LIV,2025_26,2026-04-19,14:00,EVE,LIV,Everton,Liverpool,1,2,3,OVER
2025_26_20260419_NFO_BUR,2025_26,2026-04-19,14:00,NFO,BUR,Nottingham Forest,Burnley,4,1,5,OVER
2025_26_20260419_MCI_ARS,2025_26,2026-04-19,16:30,MCI,ARS,Manchester City,Arsenal,2,1,3,OVER
2025_26_20260420_CRY_WHU,2025_26,2026-04-20,20:00,CRY,WHU,Crystal Palace,West Ham United,0,0,0,UNDER
2025_26_20260421_BRI_CHE,2025_26,2026-04-21,20:00,BRI,CHE,Brighton & Hove Albion,Chelsea,3,0,3,OVER
2025_26_20260422_BOU_LEE,2025_26,2026-04-22,20:00,BOU,LEE,AFC Bournemouth,Leeds United,2,2,4,OVER
2025_26_20260422_BUR_MCI,2025_26,2026-04-22,20:00,BUR,MCI,Burnley,Manchester City,0,1,1,UNDER
2025_26_20260424_SUN_NFO,2025_26,2026-04-24,20:00,SUN,NFO,Sunderland,Nottingham Forest,0,5,5,OVER
2025_26_20260425_FUL_AVL,2025_26,2026-04-25,12:30,FUL,AVL,Fulham,Aston Villa,1,0,1,UNDER
2025_26_20260425_LIV_CRY,2025_26,2026-04-25,15:00,LIV,CRY,Liverpool,Crystal Palace,3,1,4,OVER
2025_26_20260425_WHU_EVE,2025_26,2026-04-25,15:00,WHU,EVE,West Ham United,Everton,2,1,3,OVER
2025_26_20260425_WOL_TOT,2025_26,2026-04-25,15:00,WOL,TOT,Wolverhampton Wanderers,Tottenham Hotspur,0,1,1,UNDER
2025_26_20260425_ARS_NEW,2025_26,2026-04-25,17:30,ARS,NEW,Arsenal,Newcastle United,1,0,1,UNDER
2025_26_20260427_MUN_BRE,2025_26,2026-04-27,20:00,MUN,BRE,Manchester United,Brentford,2,1,3,OVER
2025_26_20260501_LEE_BUR,2025_26,2026-05-01,20:00,LEE,BUR,Leeds United,Burnley,3,1,4,OVER
2025_26_20260502_BRE_WHU,2025_26,2026-05-02,15:00,BRE,WHU,Brentford,West Ham United,3,0,3,OVER
2025_26_20260502_NEW_BRI,2025_26,2026-05-02,15:00,NEW,BRI,Newcastle United,Brighton & Hove Albion,3,1,4,OVER
2025_26_20260502_WOL_SUN,2025_26,2026-05-02,15:00,WOL,SUN,Wolverhampton Wanderers,Sunderland,1,1,2,UNDER
2025_26_20260502_ARS_FUL,2025_26,2026-05-02,17:30,ARS,FUL,Arsenal,Fulham,3,0,3,OVER
2025_26_20260503_BOU_CRY,2025_26,2026-05-03,14:00,BOU,CRY,AFC Bournemouth,Crystal Palace,3,0,3,OVER
2025_26_20260503_MUN_LIV,2025_26,2026-05-03,15:30,MUN,LIV,Manchester United,Liverpool,3,2,5,OVER
2025_26_20260503_AVL_TOT,2025_26,2026-05-03,19:00,AVL,TOT,Aston Villa,Tottenham Hotspur,1,2,3,OVER
2025_26_20260504_CHE_NFO,2025_26,2026-05-04,15:00,CHE,NFO,Chelsea,Nottingham Forest,1,3,4,OVER
2025_26_20260504_EVE_MCI,2025_26,2026-05-04,20:00,EVE,MCI,Everton,Manchester City,3,3,6,OVER
2025_26_20260509_LIV_CHE,2025_26,2026-05-09,12:30,LIV,CHE,Liverpool,Chelsea,1,1,2,UNDER
2025_26_20260509_BRI_WOL,2025_26,2026-05-09,15:00,BRI,WOL,Brighton & Hove Albion,Wolverhampton Wanderers,3,0,3,OVER
2025_26_20260509_FUL_BOU,2025_26,2026-05-09,15:00,FUL,BOU,Fulham,AFC Bournemouth,0,1,1,UNDER
2025_26_20260509_SUN_MUN,2025_26,2026-05-09,15:00,SUN,MUN,Sunderland,Manchester United,0,0,0,UNDER
2025_26_20260509_MCI_BRE,2025_26,2026-05-09,17:30,MCI,BRE,Manchester City,Brentford,3,0,3,OVER
2025_26_20260510_BUR_AVL,2025_26,2026-05-10,14:00,BUR,AVL,Burnley,Aston Villa,2,2,4,OVER
2025_26_20260510_CRY_EVE,2025_26,2026-05-10,14:00,CRY,EVE,Crystal Palace,Everton,2,2,4,OVER
2025_26_20260510_NFO_NEW,2025_26,2026-05-10,14:00,NFO,NEW,Nottingham Forest,Newcastle United,1,1,2,UNDER
2025_26_20260510_WHU_ARS,2025_26,2026-05-10,16:30,WHU,ARS,West Ham United,Arsenal,0,1,1,UNDER
2025_26_20260511_TOT_LEE,2025_26,2026-05-11,20:00,TOT,LEE,Tottenham Hotspur,Leeds United,1,1,2,UNDER
2025_26_20260513_MCI_CRY,2025_26,2026-05-13,20:00,MCI,CRY,Manchester City,Crystal Palace,3,0,3,OVER
2025_26_20260515_AVL_LIV,2025_26,2026-05-15,20:00,AVL,LIV,Aston Villa,Liverpool,4,2,6,OVER
2025_26_20260517_MUN_NFO,2025_26,2026-05-17,12:30,MUN,NFO,Manchester United,Nottingham Forest,3,2,5,OVER
2025_26_20260517_BRE_CRY,2025_26,2026-05-17,15:00,BRE,CRY,Brentford,Crystal Palace,2,2,4,OVER
2025_26_20260517_EVE_SUN,2025_26,2026-05-17,15:00,EVE,SUN,Everton,Sunderland,1,3,4,OVER
2025_26_20260517_LEE_BRI,2025_26,2026-05-17,15:00,LEE,BRI,Leeds United,Brighton & Hove Albion,1,0,1,UNDER
2025_26_20260517_WOL_FUL,2025_26,2026-05-17,15:00,WOL,FUL,Wolverhampton Wanderers,Fulham,1,1,2,UNDER
2025_26_20260517_NEW_WHU,2025_26,2026-05-17,17:30,NEW,WHU,Newcastle United,West Ham United,3,1,4,OVER
2025_26_20260518_ARS_BUR,2025_26,2026-05-18,20:00,ARS,BUR,Arsenal,Burnley,1,0,1,UNDER
2025_26_20260519_BOU_MCI,2025_26,2026-05-19,19:30,BOU,MCI,AFC Bournemouth,Manchester City,1,1,2,UNDER
2025_26_20260519_CHE_TOT,2025_26,2026-05-19,20:15,CHE,TOT,Chelsea,Tottenham Hotspur,2,1,3,OVER
2025_26_20260524_BRI_MUN,2025_26,2026-05-24,16:00,BRI,MUN,Brighton & Hove Albion,Manchester United,0,3,3,OVER
2025_26_20260524_BUR_WOL,2025_26,2026-05-24,16:00,BUR,WOL,Burnley,Wolverhampton Wanderers,1,1,2,UNDER
2025_26_20260524_CRY_ARS,2025_26,2026-05-24,16:00,CRY,ARS,Crystal Palace,Arsenal,1,2,3,OVER
2025_26_20260524_FUL_NEW,2025_26,2026-05-24,16:00,FUL,NEW,Fulham,Newcastle United,2,0,2,UNDER
2025_26_20260524_LIV_BRE,2025_26,2026-05-24,16:00,LIV,BRE,Liverpool,Brentford,1,1,2,UNDER
2025_26_20260524_MCI_AVL,2025_26,2026-05-24,16:00,MCI,AVL,Manchester City,Aston Villa,1,2,3,OVER
2025_26_20260524_NFO_BOU,2025_26,2026-05-24,16:00,NFO,BOU,Nottingham Forest,AFC Bournemouth,1,1,2,UNDER
2025_26_20260524_SUN_CHE,2025_26,2026-05-24,16:00,SUN,CHE,Sunderland,Chelsea,2,1,3,OVER
2025_26_20260524_TOT_EVE,2025_26,2026-05-24,16:00,TOT,EVE,Tottenham Hotspur,Everton,1,0,1,UNDER
2025_26_20260524_WHU_LEE,2025_26,2026-05-24,16:00,WHU,LEE,West Ham United,Leeds United,3,0,3,OVER
