match_id,season,date,target_over25,market_over_probability,v06_over_probability,v07_over_probability_0.00,v07_over_probability_0.10,v07_over_probability_0.25,v07_over_probability_0.50,v07_over_probability_0.75,v07_over_probability_1.00
2016_17_20160813_BUR_SWA,2016_17,2016-08-13,0,0.411764705882353,0.4378222432262214,0.411764705882353,0.4143704596167398,0.41827909021832005,0.4247934745542872,0.4313078588902543,0.4378222432262214
2016_17_20160813_CRY_WBA,2016_17,2016-08-13,0,0.3781094527363184,0.3855045899370324,0.3781094527363184,0.3788489664563898,0.3799582370364969,0.38180702133667543,0.3836558056368539,0.3855045899370324
2016_17_20160813_EVE_TOT,2016_17,2016-08-13,0,0.4633507853403141,0.5438952289238574,0.4633507853403141,0.47140522969866844,0.48348689623619995,0.5036230071320857,0.5237591180279716,0.5438952289238574
2016_17_20160813_HUL_LEI,2016_17,2016-08-13,1,0.4326424870466321,0.4254064143522078,0.4326424870466321,0.4319188797771897,0.43083346887302604,0.42902445069941997,0.42721543252581384,0.4254064143522078
2016_17_20160813_MCI_SUN,2016_17,2016-08-13,1,0.6184538653366584,0.6672769861725324,0.6184538653366584,0.6233361774202458,0.6306596455456268,0.6428654257545954,0.6550712059635639,0.6672769861725324
2016_17_20160813_MID_STK,2016_17,2016-08-13,0,0.3834586466165413,0.4094468833211515,0.3834586466165413,0.3860574702870023,0.38995570579269384,0.3964527649688464,0.4029498241449989,0.4094468833211515
2016_17_20160813_SOU_WAT,2016_17,2016-08-13,0,0.4593175853018373,0.5302311830814065,0.4593175853018373,0.46640894507979425,0.47704598474672966,0.4947743841916219,0.5125027836365141,0.5302311830814065
2016_17_20160814_ARS_LIV,2016_17,2016-08-14,1,0.5236842105263159,0.4270150849969496,0.5236842105263159,0.5140172979733793,0.49951692914397433,0.47534964776163274,0.4511823663792912,0.4270150849969496
2016_17_20160814_BOU_MUN,2016_17,2016-08-14,1,0.4619422572178477,0.5209761099722586,0.4619422572178477,0.4678456424932888,0.4767007204064504,0.49145918359505314,0.5062176467836559,0.5209761099722586
2016_17_20160815_CHE_WHU,2016_17,2016-08-15,1,0.5275590551181102,0.6472515421532992,0.5275590551181102,0.5395283038216291,0.5574821768769074,0.5874052986357047,0.617328420394502,0.6472515421532992
2016_17_20160819_MUN_SOU,2016_17,2016-08-19,0,0.4894736842105264,0.6974504650520198,0.4894736842105264,0.5102713622946757,0.5414678794208998,0.5934620746312731,0.6454562698416464,0.6974504650520198
2016_17_20160820_BUR_LIV,2016_17,2016-08-20,0,0.5092348284960422,0.4759041431420414,0.5092348284960422,0.5059017599606421,0.5009021571575419,0.4925694858190418,0.48423681448054157,0.4759041431420414
2016_17_20160820_LEI_ARS,2016_17,2016-08-20,0,0.5610389610389611,0.5491500496767052,0.5610389610389611,0.5598500699027356,0.5580667331983971,0.5550945053578331,0.5521222775172692,0.5491500496767052
2016_17_20160820_STK_MCI,2016_17,2016-08-20,1,0.5380577427821522,0.5728017321928394,0.5380577427821522,0.541532141723221,0.5467437401348241,0.5554297374874958,0.5641157348401675,0.5728017321928394
2016_17_20160820_SWA_HUL,2016_17,2016-08-20,0,0.4237726098191214,0.3864300452383669,0.4237726098191214,0.42003835336104595,0.41443696867393276,0.40510132752874417,0.3957656863835555,0.3864300452383669
2016_17_20160820_TOT_CRY,2016_17,2016-08-20,0,0.5354330708661418,0.5621722458506068,0.5354330708661418,0.5381069883645884,0.5421178646122581,0.5488026583583743,0.5554874521044905,0.5621722458506068
2016_17_20160820_WAT_CHE,2016_17,2016-08-20,1,0.4554973821989528,0.4792076551202856,0.4554973821989528,0.4578684094910861,0.461424950429286,0.46735251865961924,0.4732800868899524,0.4792076551202856
2016_17_20160820_WBA_EVE,2016_17,2016-08-20,1,0.3974683544303797,0.5468223931563228,0.3974683544303797,0.412403758302974,0.4348068641118655,0.4721453737933512,0.509483883474837,0.5468223931563228
2016_17_20160821_SUN_MID,2016_17,2016-08-21,1,0.3974683544303797,0.2922161354061373,0.3974683544303797,0.3869431325279554,0.3711552996743191,0.3448422449182585,0.3185291901621979,0.2922161354061373
2016_17_20160821_WHU_BOU,2016_17,2016-08-21,0,0.531578947368421,0.6110274821167871,0.531578947368421,0.5395238008432577,0.5514410810555126,0.571303214742604,0.5911653484296956,0.6110274821167871
2016_17_20160827_CHE_BUR,2016_17,2016-08-27,1,0.5485564304461943,0.4299307201605252,0.5485564304461943,0.5366938594176274,0.518900002874777,0.4892435753033597,0.4595871477319425,0.4299307201605252
2016_17_20160827_CRY_BOU,2016_17,2016-08-27,0,0.4375,0.6122766124065375,0.4375,0.45497766124065375,0.4811941531016344,0.5248883062032688,0.5685824593049031,0.6122766124065375
2016_17_20160827_EVE_STK,2016_17,2016-08-27,0,0.4814814814814815,0.706250215274298,0.4814814814814815,0.5039583548607631,0.5376736649296856,0.5938658483778898,0.6500580318260939,0.706250215274298
2016_17_20160827_HUL_MUN,2016_17,2016-08-27,0,0.4775725593667546,0.6312681316926132,0.4775725593667546,0.49294211659934045,0.5159964524482192,0.5544203455296839,0.5928442386111485,0.6312681316926132
2016_17_20160827_LEI_SWA,2016_17,2016-08-27,1,0.4566929133858268,0.6549427125588817,0.4566929133858268,0.4765178933031323,0.5062553631790905,0.5558178129723542,0.605380262765618,0.6549427125588817
2016_17_20160827_SOU_SUN,2016_17,2016-08-27,0,0.4540682414698162,0.4344486239294714,0.4540682414698162,0.45210627971578177,0.44916333708473,0.4442584326996438,0.43935352831455765,0.4344486239294714
2016_17_20160827_TOT_LIV,2016_17,2016-08-27,0,0.5394736842105263,0.5652404119954951,0.5394736842105263,0.5420503569890232,0.5459153661567685,0.5523570481030107,0.558798730049253,0.5652404119954951
2016_17_20160827_WAT_ARS,2016_17,2016-08-27,1,0.4947089947089948,0.4821475185647164,0.4947089947089948,0.49345284709456694,0.4915686256729252,0.48842825663685563,0.485287887600786,0.4821475185647164
2016_17_20160828_MCI_WHU,2016_17,2016-08-28,1,0.6330049261083743,0.5701881044645992,0.6330049261083743,0.6267232439439969,0.6173007206974306,0.6015965152864868,0.5858923098755431,0.5701881044645992
2016_17_20160828_WBA_MID,2016_17,2016-08-28,0,0.3669950738916256,0.3565192022965525,0.3669950738916256,0.3659474867321183,0.3643761059928573,0.36175713809408905,0.3591381701953208,0.3565192022965525
2016_17_20160910_ARS_SOU,2016_17,2016-09-10,1,0.5301837270341206,0.571873305866411,0.5301837270341206,0.5343526849173497,0.5406061217421932,0.5510285164502658,0.5614509111583385,0.571873305866411
2016_17_20160910_BOU_WBA,2016_17,2016-09-10,0,0.3959390862944162,0.4615010243357842,0.3959390862944162,0.402495280098553,0.4123295708047582,0.4287200553151002,0.44511053982544224,0.4615010243357842
2016_17_20160910_BUR_HUL,2016_17,2016-09-10,0,0.3914141414141414,0.3298120838798397,0.3914141414141414,0.3852539356607112,0.37601362703056596,0.36061311264699053,0.3452125982634151,0.3298120838798397
2016_17_20160910_LIV_LEI,2016_17,2016-09-10,1,0.5418848167539266,0.4651401231547125,0.5418848167539266,0.5342103473940052,0.5226986433541231,0.5035124699543195,0.484326296554516,0.4651401231547125
2016_17_20160910_MID_CRY,2016_17,2016-09-10,1,0.38,0.3883686705558473,0.38,0.3808368670555847,0.38209216763896187,0.3841843352779236,0.3862765029168854,0.3883686705558473
2016_17_20160910_MUN_MCI,2016_17,2016-09-10,1,0.4528795811518324,0.5194030021399995,0.4528795811518324,0.4595319232506492,0.46951043639887413,0.4861412916459159,0.5027721468929577,0.5194030021399995
2016_17_20160910_STK_TOT,2016_17,2016-09-10,1,0.4881266490765172,0.3994127664947218,0.4881266490765172,0.47925526081833764,0.46594817843106834,0.4437697077856195,0.42159123714017066,0.3994127664947218
2016_17_20160910_WHU_WAT,2016_17,2016-09-10,1,0.4763157894736842,0.5787810566545307,0.4763157894736842,0.4865623161917689,0.5019321062688958,0.5275484230641074,0.5531647398593191,0.5787810566545307
2016_17_20160911_SWA_CHE,2016_17,2016-09-11,1,0.5210526315789473,0.6028437147270623,0.5210526315789473,0.5292317398937588,0.5415004023659761,0.5619481731530048,0.5823959439400336,0.6028437147270623
2016_17_20160912_SUN_EVE,2016_17,2016-09-12,1,0.4788359788359788,0.4668153209122383,0.4788359788359788,0.47763391304360475,0.47583081435504365,0.4728256498741086,0.46982048539317345,0.4668153209122383
2016_17_20160916_CHE_LIV,2016_17,2016-09-16,1,0.5483028720626633,0.5383049070421901,0.5483028720626633,0.547303075560616,0.545803380807545,0.5433038895524267,0.5408043982973084,0.5383049070421901
2016_17_20160917_EVE_MID,2016_17,2016-09-17,1,0.4763157894736842,0.4628616123518912,0.4763157894736842,0.4749703717615049,0.4729522451932359,0.4695887009127877,0.4662251566323395,0.4628616123518912
2016_17_20160917_HUL_ARS,2016_17,2016-09-17,1,0.5065963060686015,0.5992175900654969,0.5065963060686015,0.515858434468291,0.5297516270678253,0.5529069480670492,0.5760622690662731,0.5992175900654969
2016_17_20160917_LEI_BUR,2016_17,2016-09-17,1,0.5118733509234827,0.6203189714641382,0.5118733509234827,0.5227179129775483,0.5389847560586466,0.5660961611938105,0.5932075663289743,0.6203189714641382
2016_17_20160917_MCI_BOU,2016_17,2016-09-17,1,0.6363636363636365,0.6004954254281173,0.6363636363636365,0.6327768152700846,0.6273965836297567,0.6184295308958769,0.6094624781619971,0.6004954254281173
2016_17_20160917_WBA_WHU,2016_17,2016-09-17,1,0.4289405684754521,0.4668750422855016,0.4289405684754521,0.43273401585645704,0.4384241869279645,0.4479078053804768,0.4573914238329892,0.4668750422855016
2016_17_20160918_CRY_STK,2016_17,2016-09-18,1,0.4412532637075718,0.6458498779795173,0.4412532637075718,0.46171292513476636,0.4924024172755581,0.5435515708435446,0.594700724411531,0.6458498779795173
2016_17_20160918_SOU_SWA,2016_17,2016-09-18,0,0.4710526315789474,0.4805745483402316,0.4710526315789474,0.47200482325507587,0.4734331107692684,0.4758135899595895,0.47819406914991053,0.4805745483402316
2016_17_20160918_TOT_SUN,2016_17,2016-09-18,0,0.5699481865284974,0.4540360213544727,0.5699481865284974,0.558356970011095,0.5409701452349912,0.5119921039414851,0.48301406264797886,0.4540360213544727
2016_17_20160918_WAT_MUN,2016_17,2016-09-18,1,0.503957783641161,0.4930438050085897,0.503957783641161,0.5028663857779039,0.5012292889830181,0.4985007943248753,0.49577229966673253,0.4930438050085897
2016_17_20160924_ARS_CHE,2016_17,2016-09-24,1,0.5392670157068064,0.5988899113594602,0.5392670157068064,0.5452293052720717,0.5541727396199698,0.5690784635331333,0.5839841874462968,0.5988899113594602
2016_17_20160924_BOU_EVE,2016_17,2016-09-24,0,0.4960422163588391,0.6811607316126411,0.4960422163588391,0.5145540678842193,0.5423218451722895,0.5886014739857401,0.6348811027991906,0.6811607316126411
2016_17_20160924_LIV_HUL,2016_17,2016-09-24,1,0.6130653266331658,0.5697107522411369,0.6130653266331658,0.608729869193963,0.6022266830351586,0.5913880394371513,0.5805493958391441,0.5697107522411369
2016_17_20160924_MID_TOT,2016_17,2016-09-24,1,0.4464751958224543,0.4978546759849099,0.4464751958224543,0.4516131438386999,0.4593200658630682,0.47216493590368214,0.485009805944296,0.4978546759849099
2016_17_20160924_MUN_LEI,2016_17,2016-09-24,1,0.5105263157894737,0.466005615012361,0.5105263157894737,0.5060742457117625,0.49939614059519555,0.4882659654009174,0.47713579020663915,0.466005615012361
2016_17_20160924_STK_WBA,2016_17,2016-09-24,0,0.4415584415584415,0.6348275430726068,0.4415584415584415,0.46088535170985806,0.48987571693698284,0.5381929923155242,0.5865102676940654,0.6348275430726068
2016_17_20160924_SUN_CRY,2016_17,2016-09-24,1,0.4528795811518324,0.5416909185675921,0.4528795811518324,0.4617607148934084,0.47508241550577235,0.49728524985971223,0.5194880842136521,0.5416909185675921
2016_17_20160924_SWA_MCI,2016_17,2016-09-24,1,0.5979643765903307,0.7311774684542477,0.5979643765903307,0.6112856857767224,0.63126764955631,0.6645709225222892,0.6978741954882685,0.7311774684542477
2016_17_20160925_WHU_SOU,2016_17,2016-09-25,1,0.4921052631578948,0.4281028795844965,0.4921052631578948,0.485705024800555,0.47610466726454526,0.4601040713711957,0.44410347547784607,0.4281028795844965
2016_17_20160926_BUR_WAT,2016_17,2016-09-26,0,0.4263565891472868,0.6189702100420157,0.4263565891472868,0.44561795123675974,0.4745099943709691,0.5226633995946512,0.5708168048183334,0.6189702100420157
2016_17_20160930_EVE_CRY,2016_17,2016-09-30,0,0.5366492146596858,0.7008650971617947,0.5366492146596858,0.5530708029098967,0.577703185285213,0.6187571559107403,0.6598111265362675,0.7008650971617947
2016_17_20161001_HUL_CHE,2016_17,2016-10-01,0,0.5509138381201044,0.5331439790256182,0.5509138381201044,0.5491368522106558,0.5464713733464829,0.5420289085728613,0.5375864437992397,0.5331439790256182
2016_17_20161001_SUN_WBA,2016_17,2016-10-01,0,0.4215938303341903,0.456420865266871,0.4215938303341903,0.42507653382745836,0.43030058906736046,0.43900734780053063,0.4477141065337008,0.456420865266871
2016_17_20161001_SWA_LIV,2016_17,2016-10-01,1,0.6095717884130982,0.6787886527618097,0.6095717884130982,0.6164934748479693,0.6268760045002761,0.6441802205874539,0.6614844366746317,0.6787886527618097
2016_17_20161001_WAT_BOU,2016_17,2016-10-01,1,0.4750656167979003,0.5264300086257327,0.4750656167979003,0.4802020559806836,0.4879067147548584,0.5007478127118166,0.5135889106687747,0.5264300086257327
2016_17_20161001_WHU_MID,2016_17,2016-10-01,0,0.4543080939947781,0.5488064587799212,0.4543080939947781,0.46375793047329245,0.4779326851910639,0.5015572763873497,0.5251818675836355,0.5488064587799212
2016_17_20161002_BUR_ARS,2016_17,2016-10-02,0,0.5546875,0.6269544127725706,0.5546875,0.5619141912772571,0.5727542281931426,0.5908209563862853,0.608887684579428,0.6269544127725706
2016_17_20161002_LEI_SOU,2016_17,2016-10-02,0,0.4554973821989528,0.4497118791962245,0.4554973821989528,0.45491883189868,0.45405100644827073,0.45260463069758866,0.4511582549469066,0.4497118791962245
2016_17_20161002_MUN_STK,2016_17,2016-10-02,0,0.5721649484536083,0.6075735062263926,0.5721649484536083,0.5757058042308867,0.5810170878968044,0.5898692273400005,0.5987213667831965,0.6075735062263926
2016_17_20161002_TOT_MCI,2016_17,2016-10-02,0,0.5456919060052219,0.7810990121212131,0.5456919060052219,0.569232616616821,0.6045436825342196,0.6633954590632175,0.7222472355922154,0.7810990121212131
2016_17_20161015_ARS_SWA,2016_17,2016-10-15,1,0.628992628992629,0.5140541067478062,0.628992628992629,0.6174987767681468,0.6002579984314234,0.5715233678702176,0.5427887373090119,0.5140541067478062
2016_17_20161015_BOU_HUL,2016_17,2016-10-15,1,0.4712041884816754,0.4088255518294611,0.4712041884816754,0.46496632481645395,0.45560952931862186,0.4400148701555683,0.4244202109925147,0.4088255518294611
2016_17_20161015_CHE_LEI,2016_17,2016-10-15,1,0.5621761658031088,0.5758109075149155,0.5621761658031088,0.5635396399742895,0.5655848512310605,0.5689935366590122,0.5724022220869638,0.5758109075149155
2016_17_20161015_CRY_WHU,2016_17,2016-10-15,0,0.5209424083769634,0.5669001469786504,0.5209424083769634,0.5255381822371321,0.5324318430273851,0.5439212776778068,0.5554107123282286,0.5669001469786504
2016_17_20161015_MCI_EVE,2016_17,2016-10-15,0,0.6169154228855721,0.6965639770391945,0.6169154228855721,0.6248802783009343,0.6368275614239778,0.6567396999623833,0.6766518385007888,0.6965639770391945
2016_17_20161015_STK_SUN,2016_17,2016-10-15,0,0.4698162729658792,0.4451815485732771,0.4698162729658792,0.467352800526619,0.46365759186772865,0.45749891076957816,0.4513402296714276,0.4451815485732771
2016_17_20161015_WBA_TOT,2016_17,2016-10-15,0,0.4659685863874345,0.6390427963839133,0.4659685863874345,0.4832760073870824,0.5092371388865542,0.5525056913856738,0.5957742438847935,0.6390427963839133
2016_17_20161016_MID_WAT,2016_17,2016-10-16,0,0.4158163265306122,0.6565193706850203,0.4158163265306122,0.439886630946053,0.4759920875692142,0.5361678486078163,0.5963436096464183,0.6565193706850203
2016_17_20161016_SOU_BUR,2016_17,2016-10-16,1,0.5039370078740157,0.5648903800318672,0.5039370078740157,0.5100323450898009,0.5191753509134787,0.5344136939529415,0.5496520369924043,0.5648903800318672
2016_17_20161017_LIV_MUN,2016_17,2016-10-17,0,0.5354330708661418,0.4297416104266188,0.5354330708661418,0.5248639248221896,0.5090102057562611,0.4825873406463803,0.4561644755364995,0.4297416104266188
2016_17_20161022_ARS_MID,2016_17,2016-10-22,0,0.5798969072164949,0.4470525631689676,0.5798969072164949,0.5666124728117421,0.5466858212046131,0.5134747351927312,0.4802636491808494,0.4470525631689676
2016_17_20161022_BOU_TOT,2016_17,2016-10-22,0,0.5275590551181102,0.6064485636972808,0.5275590551181102,0.5354480059760273,0.5472814322629028,0.5670038094076955,0.5867261865524882,0.6064485636972808
2016_17_20161022_BUR_EVE,2016_17,2016-10-22,1,0.4566929133858268,0.4460134832834009,0.4566929133858268,0.45562497037558425,0.4540230558602203,0.45135319833461385,0.4486833408090074,0.4460134832834009
2016_17_20161022_HUL_STK,2016_17,2016-10-22,0,0.4645669291338583,0.4477061944067169,0.4645669291338583,0.4628808556611441,0.4603517454520729,0.4561365617702876,0.45192137808850225,0.4477061944067169
2016_17_20161022_LEI_CRY,2016_17,2016-10-22,1,0.4763157894736842,0.7474254647682917,0.4763157894736842,0.503426757003145,0.5440932082973361,0.6118706271209879,0.6796480459446399,0.7474254647682917
2016_17_20161022_LIV_WBA,2016_17,2016-10-22,1,0.5824742268041238,0.5147015970019608,0.5824742268041238,0.5756969638239074,0.565531069353583,0.5485879119030423,0.5316447544525016,0.5147015970019608
2016_17_20161022_SWA_WAT,2016_17,2016-10-22,0,0.4907651715039578,0.6696119634556778,0.4907651715039578,0.5086498506991298,0.5354768694918878,0.5801885674798177,0.6249002654677478,0.6696119634556778
2016_17_20161022_WHU_SUN,2016_17,2016-10-22,0,0.5275590551181102,0.5373545333763535,0.5275590551181102,0.5285386029439345,0.530007924682671,0.5324567942472318,0.5349056638117927,0.5373545333763535
2016_17_20161023_CHE_MUN,2016_17,2016-10-23,1,0.4581151832460733,0.4269411807018625,0.4581151832460733,0.4549977829916522,0.4503216826100206,0.4425281819739679,0.43473468133791515,0.4269411807018625
2016_17_20161023_MCI_SOU,2016_17,2016-10-23,0,0.5699481865284974,0.620631118149383,0.5699481865284974,0.575016479690586,0.5826189194337188,0.5952896523389402,0.6079603852441615,0.620631118149383
2016_17_20161029_CRY_LIV,2016_17,2016-10-29,1,0.5418848167539266,0.5886980844361801,0.5418848167539266,0.546566143522152,0.55358813367449,0.5652914505950534,0.5769947675156167,0.5886980844361801
2016_17_20161029_MID_BOU,2016_17,2016-10-29,0,0.4215938303341903,0.5808736184797522,0.4215938303341903,0.4375218091487465,0.46141377737058076,0.5012337244069712,0.5410536714433617,0.5808736184797522
2016_17_20161029_MUN_BUR,2016_17,2016-10-29,0,0.5535248041775457,0.6343234074069531,0.5535248041775457,0.5616046645004864,0.5737244549848975,0.5939241057922494,0.6141237565996013,0.6343234074069531
2016_17_20161029_SUN_ARS,2016_17,2016-10-29,1,0.5943877551020408,0.6020154216822102,0.5943877551020408,0.5951505217600578,0.5962946717470832,0.5982015883921254,0.6001085050371678,0.6020154216822102
2016_17_20161029_TOT_LEI,2016_17,2016-10-29,0,0.5224274406332454,0.6614119617177407,0.5224274406332454,0.536325892741695,0.5571735709043693,0.5919197011754931,0.6266658314466169,0.6614119617177407
2016_17_20161029_WAT_HUL,2016_17,2016-10-29,0,0.4607329842931937,0.3340616829800991,0.4607329842931937,0.44806585416188427,0.42906515896492003,0.3973973336366464,0.36572950830837275,0.3340616829800991
2016_17_20161029_WBA_MCI,2016_17,2016-10-29,1,0.5289473684210526,0.4826880750091618,0.5289473684210526,0.5243214390798635,0.5173825450680799,0.5058177217151072,0.4942528983621345,0.4826880750091618
2016_17_20161030_EVE_WHU,2016_17,2016-10-30,0,0.5572916666666667,0.6262493435080394,0.5572916666666667,0.5641874343508041,0.5745310858770099,0.5917705050873531,0.6090099242976963,0.6262493435080394
2016_17_20161030_SOU_CHE,2016_17,2016-10-30,0,0.4776902887139108,0.5468947045492992,0.4776902887139108,0.48461073029744967,0.49499139267275793,0.512292496631605,0.5295936005904521,0.5468947045492992
2016_17_20161031_STK_SWA,2016_17,2016-10-31,1,0.5092348284960422,0.4669426366957143,0.5092348284960422,0.5050056093160095,0.4986617805459602,0.48808873259587826,0.47751568464579625,0.4669426366957143
2016_17_20161105_BOU_SUN,2016_17,2016-11-05,1,0.5354330708661418,0.5166124273173248,0.5354330708661418,0.5335510065112601,0.5307279099789376,0.5260227490917333,0.521317588204529,0.5166124273173248
2016_17_20161105_BUR_CRY,2016_17,2016-11-05,1,0.4363636363636364,0.4444464805927458,0.4363636363636364,0.4371719207865473,0.4383843474209137,0.4404050584781911,0.4424257695354684,0.4444464805927458
2016_17_20161105_CHE_EVE,2016_17,2016-11-05,1,0.5647668393782384,0.3700709642141543,0.5647668393782384,0.54529725186183,0.5160928705872173,0.46741890179619633,0.4187449330051753,0.3700709642141543
2016_17_20161105_MCI_MID,2016_17,2016-11-05,0,0.6320987654320989,0.5984411130288599,0.6320987654320989,0.628733000191775,0.6236843523312892,0.6152699392304795,0.6068555261296698,0.5984411130288599
2016_17_20161105_WHU_STK,2016_17,2016-11-05,0,0.5483028720626633,0.8320616422823518,0.5483028720626633,0.5766787490846321,0.6192425646175854,0.6901822571725076,0.7611219497274297,0.8320616422823518
2016_17_20161106_ARS_TOT,2016_17,2016-11-06,0,0.5392670157068064,0.3979346164326877,0.5392670157068064,0.5251337757793945,0.5039339158882767,0.468600816069747,0.4332677162512173,0.3979346164326877
2016_17_20161106_HUL_SOU,2016_17,2016-11-06,1,0.4516971279373368,0.4721706544791569,0.4516971279373368,0.45374448059151884,0.4568155095727918,0.46193389120824685,0.4670522728437019,0.4721706544791569
2016_17_20161106_LEI_WBA,2016_17,2016-11-06,1,0.4427083333333333,0.5404929846686827,0.4427083333333333,0.4524867984668683,0.46715449616717064,0.491600659001008,0.5160468218348454,0.5404929846686827
2016_17_20161106_LIV_WAT,2016_17,2016-11-06,1,0.6130653266331658,0.4562165688447572,0.6130653266331658,0.597380450854325,0.5738531371860637,0.5346409477389615,0.49542875829185934,0.4562165688447572
2016_17_20161106_SWA_MUN,2016_17,2016-11-06,1,0.5301837270341206,0.5396887639239701,0.5301837270341206,0.5311342307231056,0.5325599862565831,0.5349362454790454,0.5373125047015077,0.5396887639239701
2016_17_20161119_CRY_MCI,2016_17,2016-11-19,1,0.598984771573604,0.4102920805236921,0.598984771573604,0.5801155024686128,0.5518115988111261,0.5046384260486481,0.45746525328617005,0.4102920805236921
2016_17_20161119_EVE_SWA,2016_17,2016-11-19,0,0.5621761658031088,0.7067569074508321,0.5621761658031088,0.5766342399678811,0.5983213512150396,0.6344665366269704,0.6706117220389012,0.7067569074508321
2016_17_20161119_MUN_ARS,2016_17,2016-11-19,0,0.4750656167979003,0.4738141784209795,0.4750656167979003,0.47494047296020825,0.4747527572036701,0.47443989760943994,0.4741270380152097,0.4738141784209795
2016_17_20161119_SOU_LIV,2016_17,2016-11-19,0,0.5170603674540682,0.7097380567568783,0.5170603674540682,0.5363281363843493,0.5652297897797707,0.6133992121054732,0.6615686344311759,0.7097380567568783
2016_17_20161119_STK_BOU,2016_17,2016-11-19,0,0.5052631578947367,0.5570187633379418,0.5052631578947367,0.5104387184390573,0.5182020592555381,0.5311409606163393,0.5440798619771405,0.5570187633379418
2016_17_20161119_SUN_HUL,2016_17,2016-11-19,1,0.4378238341968911,0.5162447128256913,0.4378238341968911,0.4456659220597711,0.45742905385409116,0.4770342735112912,0.4966394931684912,0.5162447128256913
2016_17_20161119_TOT_WHU,2016_17,2016-11-19,1,0.5546875,0.7340965647876605,0.5546875,0.572628406478766,0.5995397661969151,0.6443920323938302,0.6892442985907454,0.7340965647876605
2016_17_20161119_WAT_LEI,2016_17,2016-11-19,1,0.4581151832460733,0.4795990667163995,0.4581151832460733,0.46026357159310594,0.4634861541136549,0.46885712498123644,0.474228095848818,0.4795990667163995
2016_17_20161120_MID_CHE,2016_17,2016-11-20,0,0.4934383202099738,0.7491544545388291,0.4934383202099738,0.5190099336428594,0.5573673537921876,0.6212963873744015,0.6852254209566153,0.7491544545388291
2016_17_20161121_WBA_BUR,2016_17,2016-11-21,1,0.4030612244897959,0.4578730282000108,0.4030612244897959,0.40854240486081744,0.4167641754173496,0.43046712634490336,0.4441700772724571,0.4578730282000108
2016_17_20161126_BUR_MCI,2016_17,2016-11-26,1,0.6354679802955665,0.5366472578988197,0.6354679802955665,0.6255859080558919,0.6107627996963798,0.5860576190971931,0.5613524384980064,0.5366472578988197
2016_17_20161126_CHE_TOT,2016_17,2016-11-26,1,0.5275590551181102,0.2958671459083434,0.5275590551181102,0.5043898641971335,0.4696360778156685,0.4117131005132268,0.35379012321078507,0.2958671459083434
2016_17_20161126_HUL_WBA,2016_17,2016-11-26,0,0.4081632653061224,0.4171301104742483,0.4081632653061224,0.40905994982293503,0.4104049765981539,0.4126466878901853,0.41488839918221687,0.4171301104742483
2016_17_20161126_LEI_MID,2016_17,2016-11-26,1,0.4581151832460733,0.5939422228341967,0.4581151832460733,0.47169788720488565,0.4920719431431042,0.526028703040135,0.5599854629371659,0.5939422228341967
2016_17_20161126_LIV_SUN,2016_17,2016-11-26,0,0.7035398230088495,0.6244949005951739,0.7035398230088495,0.695635330767482,0.6837785924054306,0.6640173618020118,0.6442561311985928,0.6244949005951739
2016_17_20161126_SWA_CRY,2016_17,2016-11-26,1,0.5026315789473684,0.4856079858358367,0.5026315789473684,0.5009292196362153,0.4983756806694855,0.4941197823916026,0.4898638841137196,0.4856079858358367
2016_17_20161127_ARS_BOU,2016_17,2016-11-27,1,0.6035353535353536,0.6458270116379188,0.6035353535353536,0.60776451934561,0.6141082680609948,0.6246811825866362,0.6352540971122775,0.6458270116379188
2016_17_20161127_MUN_WHU,2016_17,2016-11-27,0,0.5535248041775457,0.7414342896464086,0.5535248041775457,0.572315752724432,0.6005021755447614,0.6474795469119772,0.6944569182791929,0.7414342896464086
2016_17_20161127_SOU_EVE,2016_17,2016-11-27,0,0.4516971279373368,0.4481748319225982,0.4516971279373368,0.45134489833586294,0.45081655393365216,0.4499359799299675,0.44905540592628285,0.4481748319225982
2016_17_20161127_WAT_STK,2016_17,2016-11-27,0,0.4750656167979003,0.6478646955508622,0.4750656167979003,0.49234552467319653,0.5182653864861408,0.5614651561743813,0.6046649258626218,0.6478646955508622
2016_17_20161203_CRY_SOU,2016_17,2016-12-03,1,0.468586387434555,0.3190137196664149,0.468586387434555,0.453629120657741,0.43119322049251996,0.393800053550485,0.35640688660844994,0.3190137196664149
2016_17_20161203_MCI_CHE,2016_17,2016-12-03,1,0.5404699738903395,0.739032250601018,0.5404699738903395,0.5603262015614073,0.5901105430680091,0.6397511122456787,0.6893916814233483,0.739032250601018
2016_17_20161203_STK_BUR,2016_17,2016-12-03,0,0.5065616797900262,0.5984300715718989,0.5065616797900262,0.5157485189682135,0.5295287777354944,0.5524958756809626,0.5754629736264307,0.5984300715718989
2016_17_20161203_SUN_LEI,2016_17,2016-12-03,1,0.4934383202099738,0.6846761407340511,0.4934383202099738,0.5125621022623815,0.5412477753409931,0.5890572304720125,0.6368666856030318,0.6846761407340511
2016_17_20161203_TOT_SWA,2016_17,2016-12-03,1,0.6165413533834586,0.7673530043900447,0.6165413533834586,0.6316225184841172,0.6542442661351051,0.6919471788867517,0.7296500916383982,0.7673530043900447
2016_17_20161203_WBA_WAT,2016_17,2016-12-03,1,0.4252577319587629,0.3308432218376017,0.4252577319587629,0.41581628094664674,0.40165410442847255,0.3780504768981823,0.354446849367892,0.3308432218376017
2016_17_20161203_WHU_ARS,2016_17,2016-12-03,1,0.577319587628866,0.5260631621026142,0.577319587628866,0.5721939450762409,0.564505481247303,0.5516913748657402,0.5388772684841772,0.5260631621026142
2016_17_20161204_BOU_LIV,2016_17,2016-12-04,1,0.5820512820512821,0.5715900748369488,0.5820512820512821,0.5810051613298487,0.5794359802476987,0.5768206784441154,0.5742053766405322,0.5715900748369488
2016_17_20161204_EVE_MUN,2016_17,2016-12-04,0,0.4738219895287958,0.5849083003143474,0.4738219895287958,0.4849306206073509,0.5015935672251837,0.5293651449215716,0.5571367226179594,0.5849083003143474
2016_17_20161205_MID_HUL,2016_17,2016-12-05,0,0.411764705882353,0.5925519950278662,0.411764705882353,0.4298434347969043,0.45696152816873126,0.5021583504551096,0.5473551727414878,0.5925519950278662
2016_17_20161210_ARS_STK,2016_17,2016-12-10,1,0.6262376237623761,0.5294758738415837,0.6262376237623761,0.616561448770297,0.602047186282178,0.5778567488019799,0.5536663113217818,0.5294758738415837
2016_17_20161210_BUR_BOU,2016_17,2016-12-10,1,0.4776902887139108,0.5151892836806189,0.4776902887139108,0.4814401882105816,0.4870650374555878,0.4964397861972648,0.5058145349389419,0.5151892836806189
2016_17_20161210_HUL_CRY,2016_17,2016-12-10,1,0.4581151832460733,0.5403702002644568,0.4581151832460733,0.46634068494791164,0.4786789375006692,0.49924269175526503,0.5198064460098609,0.5403702002644568
2016_17_20161210_LEI_MCI,2016_17,2016-12-10,1,0.5710594315245477,0.6741953543527597,0.5710594315245477,0.581373023807369,0.5968434122316008,0.6226273929386537,0.6484113736457067,0.6741953543527597
2016_17_20161210_SWA_SUN,2016_17,2016-12-10,1,0.5170603674540682,0.6545445123088971,0.5170603674540682,0.5308087819395512,0.5514314036677754,0.5858024398814827,0.6201734760951899,0.6545445123088971
2016_17_20161210_WAT_EVE,2016_17,2016-12-10,1,0.468586387434555,0.4769719366350745,0.468586387434555,0.46942494235460697,0.47068277473468484,0.47277916203481474,0.47487554933494464,0.4769719366350745
2016_17_20161211_CHE_WBA,2016_17,2016-12-11,0,0.5736434108527132,0.5563718395680398,0.5736434108527132,0.5719162537242458,0.5693255180315449,0.5650076252103765,0.5606897323892082,0.5563718395680398
2016_17_20161211_LIV_WHU,2016_17,2016-12-11,1,0.6635071090047394,0.5101601762287333,0.6635071090047394,0.6481724157271388,0.6251703758107379,0.5868336426167364,0.5484969094227349,0.5101601762287333
2016_17_20161211_MUN_TOT,2016_17,2016-12-11,0,0.4581151832460733,0.5250747334158989,0.4581151832460733,0.46481113826305587,0.47485507078852973,0.4915949583309861,0.5083348458734426,0.5250747334158989
2016_17_20161211_SOU_MID,2016_17,2016-12-11,0,0.411764705882353,0.5891663985316419,0.411764705882353,0.42950487514728186,0.4561151290446752,0.5004655522069974,0.5448159753693196,0.5891663985316419
2016_17_20161213_BOU_LEI,2016_17,2016-12-13,0,0.5301837270341206,0.5800673178265019,0.5301837270341206,0.5351720861133588,0.5426546247322159,0.5551255224303113,0.5675964201284066,0.5800673178265019
2016_17_20161213_EVE_ARS,2016_17,2016-12-13,1,0.5494791666666667,0.6647553011531165,0.5494791666666667,0.5610067801153118,0.5782982002882792,0.6071172339098916,0.6359362675315041,0.6647553011531165
2016_17_20161214_CRY_MUN,2016_17,2016-12-14,1,0.5196850393700787,0.482738535971471,0.5196850393700787,0.515990389030218,0.5104484135204268,0.5012117876707749,0.4919751618211229,0.482738535971471
2016_17_20161214_MCI_WAT,2016_17,2016-12-14,0,0.6705607476635514,0.7289965486995841,0.6705607476635514,0.6764043277671548,0.6851696979225596,0.6997786481815678,0.714387598440576,0.7289965486995841
2016_17_20161214_MID_LIV,2016_17,2016-12-14,1,0.5275590551181102,0.5803451335068124,0.5275590551181102,0.5328376629569804,0.5407555747152857,0.5539520943124613,0.5671486139096369,0.5803451335068124
2016_17_20161214_STK_SOU,2016_17,2016-12-14,0,0.4215938303341903,0.2864684369930272,0.4215938303341903,0.40808129100007395,0.3878124819988995,0.3540311336636087,0.32024978532831794,0.2864684369930272
2016_17_20161214_SUN_CHE,2016_17,2016-12-14,0,0.5954198473282442,0.521726175763204,0.5954198473282442,0.5880504801717402,0.5769964294369841,0.5585730115457241,0.540149593654464,0.521726175763204
2016_17_20161214_TOT_HUL,2016_17,2016-12-14,1,0.6140350877192983,0.8285707148120692,0.6140350877192983,0.6354886504285754,0.667668994492491,0.7213029012656837,0.7749368080388765,0.8285707148120692
2016_17_20161214_WBA_SWA,2016_17,2016-12-14,1,0.4776902887139108,0.6439539726959604,0.4776902887139108,0.49431665711211575,0.5192562097094232,0.5608221307049356,0.6023880517004481,0.6439539726959604
2016_17_20161214_WHU_BUR,2016_17,2016-12-14,0,0.5249343832020998,0.6560752050117467,0.5249343832020998,0.5380484653830645,0.5577195886545115,0.5905047941069232,0.623289999559335,0.6560752050117467
2016_17_20161217_CRY_CHE,2016_17,2016-12-17,0,0.5658914728682171,0.2930103639049616,0.5658914728682171,0.5386033619718915,0.49767119562740314,0.42945091838658933,0.36123064114577547,0.2930103639049616
2016_17_20161217_MID_SWA,2016_17,2016-12-17,1,0.4479166666666666,0.6926268077883176,0.4479166666666666,0.47238768077883164,0.5090942019470793,0.5702717372274921,0.6314492725079048,0.6926268077883176
2016_17_20161217_STK_LEI,2016_17,2016-12-17,1,0.4776902887139108,0.5349660607775188,0.4776902887139108,0.4834178659202716,0.4920092317298128,0.5063281747457148,0.5206471177616169,0.5349660607775188
2016_17_20161217_SUN_WAT,2016_17,2016-12-17,0,0.4554973821989528,0.4983052134413281,0.4554973821989528,0.4597781653231903,0.46619934000954666,0.47690129782014046,0.48760325563073426,0.4983052134413281
2016_17_20161217_WBA_MUN,2016_17,2016-12-17,0,0.4490861618798955,0.395553175623867,0.4490861618798955,0.4437328632542926,0.43570291531588834,0.4223196687518812,0.40893642218787407,0.395553175623867
2016_17_20161217_WHU_HUL,2016_17,2016-12-17,0,0.5223097112860893,0.6949386603484995,0.5223097112860893,0.5395726061923303,0.5654669485516919,0.6086241858172944,0.6517814230828969,0.6949386603484995
2016_17_20161218_BOU_SOU,2016_17,2016-12-18,1,0.4252577319587629,0.2928076854006966,0.4252577319587629,0.41201272730295624,0.3921452203192463,0.35903270867972975,0.3259201970402132,0.2928076854006966
2016_17_20161218_MCI_ARS,2016_17,2016-12-18,1,0.5784061696658098,0.7092278189049805,0.5784061696658098,0.5914883345897269,0.6111115819756026,0.6438169942853952,0.6765224065951878,0.7092278189049805
2016_17_20161218_TOT_BUR,2016_17,2016-12-18,1,0.6271604938271605,0.6671613080325907,0.6271604938271605,0.6311605752477036,0.6371606973785181,0.6471609009298755,0.6571611044812331,0.6671613080325907
2016_17_20161219_EVE_LIV,2016_17,2016-12-19,0,0.5483028720626633,0.5434271434627971,0.5483028720626633,0.5478152992026767,0.5470839399126968,0.5458650077627302,0.5446460756127636,0.5434271434627971
2016_17_20161226_ARS_WBA,2016_17,2016-12-26,0,0.5918367346938775,0.618538835465607,0.5918367346938775,0.5945069447710506,0.5985122598868099,0.6051877850797422,0.6118633102726746,0.618538835465607
2016_17_20161226_BUR_MID,2016_17,2016-12-26,0,0.3815461346633417,0.367127921877284,0.3815461346633417,0.38010431338473594,0.37794158146682727,0.37433702827031284,0.3707324750737984,0.367127921877284
2016_17_20161226_CHE_BOU,2016_17,2016-12-26,1,0.5721649484536083,0.5452105734442192,0.5721649484536083,0.5694695109526694,0.565426354701261,0.5586877609489138,0.5519491671965665,0.5452105734442192
2016_17_20161226_HUL_MCI,2016_17,2016-12-26,1,0.6271604938271605,0.5452668901363891,0.6271604938271605,0.6189711334580834,0.6066870929044677,0.5862136919817749,0.565740291059082,0.5452668901363891
2016_17_20161226_LEI_EVE,2016_17,2016-12-26,0,0.4934383202099738,0.6464857732676961,0.4934383202099738,0.5087430655157461,0.5317001834744044,0.5699620467388349,0.6082239100032655,0.6464857732676961
2016_17_20161226_MUN_SUN,2016_17,2016-12-26,1,0.5918367346938775,0.5898091900183154,0.5918367346938775,0.5916339802263214,0.591329848524987,0.5908229623560965,0.5903160761872059,0.5898091900183154
2016_17_20161226_SWA_WHU,2016_17,2016-12-26,1,0.5366492146596858,0.5251972715685195,0.5366492146596858,0.5355040203505692,0.5337862288868943,0.5309232431141027,0.528060257341311,0.5251972715685195
2016_17_20161226_WAT_CRY,2016_17,2016-12-26,0,0.468586387434555,0.7579976133146152,0.468586387434555,0.49752751002256107,0.54093919390457,0.6132920003745851,0.6856448068446002,0.7579976133146152
2016_17_20161227_LIV_STK,2016_17,2016-12-27,1,0.6287128712871286,0.4393705819367511,0.6287128712871286,0.6097786423520909,0.5813772989495343,0.5340417266119398,0.4867061542743455,0.4393705819367511
2016_17_20161228_SOU_TOT,2016_17,2016-12-28,1,0.443864229765013,0.5901854136568933,0.443864229765013,0.45849634815420104,0.480444525737983,0.5170248217109531,0.5536051176839232,0.5901854136568933
2016_17_20161230_HUL_EVE,2016_17,2016-12-30,1,0.4712041884816754,0.5658028641394566,0.4712041884816754,0.48066405604745355,0.4948538573961207,0.518503526310566,0.5421531952250113,0.5658028641394566
2016_17_20161231_BUR_SUN,2016_17,2016-12-31,1,0.4215938303341903,0.406647372532827,0.4215938303341903,0.42009918455405393,0.41785721588384944,0.41412060143350865,0.4103839869831678,0.406647372532827
2016_17_20161231_CHE_STK,2016_17,2016-12-31,1,0.5820512820512821,0.4423203345614489,0.5820512820512821,0.5680781873022988,0.5471185451788237,0.5121858083063655,0.47725307143390727,0.4423203345614489
2016_17_20161231_LEI_WHU,2016_17,2016-12-31,0,0.5196850393700787,0.671385163456154,0.5196850393700787,0.5348550517786862,0.5576100703915975,0.5955351014131163,0.6334601324346352,0.671385163456154
2016_17_20161231_LIV_MCI,2016_17,2016-12-31,0,0.5831202046035805,0.5085734879214321,0.5831202046035805,0.5756655329353657,0.5644835254330434,0.5458468462625063,0.5272101670919692,0.5085734879214321
2016_17_20161231_MUN_MID,2016_17,2016-12-31,1,0.5026315789473684,0.4809304577116814,0.5026315789473684,0.5004614668237998,0.4972062986384467,0.4917810183295249,0.48635573802060317,0.4809304577116814
2016_17_20161231_SOU_WBA,2016_17,2016-12-31,1,0.4071246819338422,0.5800503931754141,0.4071246819338422,0.42441725305799943,0.4503561097442351,0.49358753755462814,0.5368189653650212,0.5800503931754141
2016_17_20161231_SWA_BOU,2016_17,2016-12-31,1,0.5392670157068064,0.6535486884733567,0.5392670157068064,0.5506951829834614,0.567837433898444,0.5964078520900815,0.624978270281719,0.6535486884733567
2016_17_20170101_ARS_CRY,2016_17,2017-01-01,0,0.6184538653366584,0.7692285895633952,0.6184538653366584,0.6335313377593321,0.6561475463933426,0.6938412274500267,0.731534908506711,0.7692285895633952
2016_17_20170101_WAT_TOT,2016_17,2017-01-01,1,0.4868421052631579,0.6814902983184459,0.4868421052631579,0.5063069245686868,0.5355041535269799,0.5841662017908019,0.632828250054624,0.6814902983184459
2016_17_20170102_EVE_SOU,2016_17,2017-01-02,1,0.4389610389610389,0.5606585199611611,0.4389610389610389,0.45113078706105114,0.46938540921106947,0.4998097794611,0.5302341497111306,0.5606585199611611
2016_17_20170102_MCI_BUR,2016_17,2017-01-02,1,0.6658823529411765,0.8263318519401716,0.6658823529411765,0.681927302841076,0.7059947276909252,0.746107102440674,0.7862194771904228,0.8263318519401716
2016_17_20170102_MID_LEI,2016_17,2017-01-02,0,0.3865336658354114,0.5149263318107672,0.3865336658354114,0.39937293243294697,0.4186318323292504,0.4507299988230893,0.4828281653169282,0.5149263318107672
2016_17_20170102_SUN_LIV,2016_17,2017-01-02,1,0.5856777493606138,0.5780415834270649,0.5856777493606138,0.5849141327672589,0.5837687078772266,0.5818596663938393,0.5799506249104521,0.5780415834270649
2016_17_20170102_WBA_HUL,2016_17,2017-01-02,1,0.4289405684754521,0.4464474795054309,0.4289405684754521,0.43069125957844995,0.4333172962329468,0.4376940239904415,0.4420707517479362,0.4464474795054309
2016_17_20170102_WHU_MUN,2016_17,2017-01-02,0,0.5261780104712042,0.5934185353696695,0.5261780104712042,0.5329020629610507,0.5429881416958204,0.5597982729204368,0.5766084041450532,0.5934185353696695
2016_17_20170103_BOU_ARS,2016_17,2017-01-03,1,0.5418848167539266,0.3881056401701935,0.5418848167539266,0.5265068990955534,0.5034400226079934,0.4649952284620601,0.4265504343161268,0.3881056401701935
2016_17_20170103_CRY_SWA,2016_17,2017-01-03,1,0.4842105263157894,0.6107424330352529,0.4842105263157894,0.4968637169877358,0.5158435029956553,0.5474764796755212,0.579109456355387,0.6107424330352529
2016_17_20170103_STK_WAT,2016_17,2017-01-03,0,0.4516971279373368,0.5490127964663502,0.4516971279373368,0.4614286947902382,0.4760260450695901,0.5003549622018435,0.5246838793340969,0.5490127964663502
2016_17_20170104_TOT_CHE,2016_17,2017-01-04,0,0.4960629921259842,0.4041656434990613,0.4960629921259842,0.48687325726329195,0.47308865496925345,0.45011431781252276,0.42713998065579206,0.4041656434990613
2016_17_20170114_BUR_SOU,2016_17,2017-01-14,0,0.4071246819338422,0.4071564566241359,0.4071246819338422,0.4071278594028716,0.4071326256064156,0.40714056927898906,0.4071485129515625,0.4071564566241359
2016_17_20170114_HUL_BOU,2016_17,2017-01-14,1,0.513157894736842,0.559744895734081,0.513157894736842,0.517816594836566,0.5248046449861518,0.5364513952354615,0.5480981454847713,0.559744895734081
2016_17_20170114_LEI_CHE,2016_17,2017-01-14,1,0.5065616797900262,0.5401126895904763,0.5065616797900262,0.5099167807700712,0.5149494322401388,0.5233371846902513,0.5317249371403637,0.5401126895904763
2016_17_20170114_SUN_STK,2016_17,2017-01-14,1,0.4855643044619423,0.5104910193863116,0.4855643044619423,0.48805697595437925,0.49179598319303464,0.49802766192412695,0.5042593406552193,0.5104910193863116
2016_17_20170114_SWA_ARS,2016_17,2017-01-14,1,0.6070528967254408,0.4959210468644011,0.6070528967254408,0.5959397117393369,0.5792699342601808,0.5514869717949209,0.523704009329661,0.4959210468644011
2016_17_20170114_TOT_WBA,2016_17,2017-01-14,1,0.5236842105263159,0.4266835458496281,0.5236842105263159,0.5139841440586471,0.49943404435714395,0.475183878187972,0.45093371201880006,0.4266835458496281
2016_17_20170114_WAT_MID,2016_17,2017-01-14,0,0.3719211822660098,0.421349727747713,0.3719211822660098,0.3768640368141801,0.3842783186364356,0.39663545500686137,0.4089925913772872,0.421349727747713
2016_17_20170114_WHU_CRY,2016_17,2017-01-14,1,0.4829396325459317,0.4846617140034196,0.4829396325459317,0.4831118406916805,0.4833701529103037,0.4838006732746757,0.48423119363904765,0.4846617140034196
2016_17_20170115_EVE_MCI,2016_17,2017-01-15,1,0.544502617801047,0.6411098531279006,0.544502617801047,0.5541633413337324,0.5686544266327604,0.5928062354644739,0.6169580442961873,0.6411098531279006
2016_17_20170115_MUN_LIV,2016_17,2017-01-15,0,0.4881889763779528,0.4884645161500521,0.4881889763779528,0.4882165303551627,0.4882578613209776,0.4883267462640024,0.4883956312070273,0.4884645161500521
2016_17_20170121_BOU_WAT,2016_17,2017-01-21,1,0.4868421052631579,0.4134289780434583,0.4868421052631579,0.47950079254118794,0.468488823458233,0.4501355416533081,0.4317822598483832,0.4134289780434583
2016_17_20170121_CRY_EVE,2016_17,2017-01-21,0,0.4776902887139108,0.6108474227642835,0.4776902887139108,0.49100600211894807,0.510979572226504,0.5442688557390971,0.5775581392516903,0.6108474227642835
2016_17_20170121_LIV_SWA,2016_17,2017-01-21,1,0.6690140845070424,0.641174228523759,0.6690140845070424,0.666230098908714,0.6620541205112215,0.6550941565154007,0.6481341925195799,0.641174228523759
2016_17_20170121_MCI_TOT,2016_17,2017-01-21,1,0.5275590551181102,0.7187924848368329,0.5275590551181102,0.5466823980899824,0.5753674125477909,0.6231757699774716,0.6709841274071522,0.7187924848368329
2016_17_20170121_MID_WHU,2016_17,2017-01-21,1,0.4081632653061224,0.525512064226014,0.4081632653061224,0.4198981451981116,0.4375004650360953,0.46683766476606825,0.49617486449604115,0.525512064226014
2016_17_20170121_STK_MUN,2016_17,2017-01-21,0,0.4986876640419947,0.5293089759041762,0.4986876640419947,0.5017497952282128,0.5063429920075402,0.5139983199730855,0.5216536479386309,0.5293089759041762
2016_17_20170121_WBA_SUN,2016_17,2017-01-21,0,0.4750656167979003,0.5005131090232442,0.4750656167979003,0.4776103660204347,0.4814274898542363,0.4877893629105723,0.49415123596690824,0.5005131090232442
2016_17_20170122_ARS_BUR,2016_17,2017-01-22,1,0.6414634146341464,0.729949057565519,0.6414634146341464,0.6503119789272837,0.6635848253669895,0.6857062360998327,0.7078276468326758,0.729949057565519
2016_17_20170122_CHE_HUL,2016_17,2017-01-22,0,0.6237623762376239,0.7065204396870836,0.6237623762376239,0.6320381825825699,0.6444518920999888,0.6651414079623537,0.6858309238247187,0.7065204396870836
2016_17_20170122_SOU_LEI,2016_17,2017-01-22,1,0.4179487179487179,0.5313150331502527,0.4179487179487179,0.4292853494688714,0.44629029674910164,0.4746318755494853,0.5029734543498691,0.5313150331502527
2016_17_20170131_ARS_WAT,2016_17,2017-01-31,1,0.6271604938271605,0.5976894572795236,0.6271604938271605,0.6242133901723969,0.6197927346902513,0.6124249755533421,0.6050572164164328,0.5976894572795236
2016_17_20170131_BOU_CRY,2016_17,2017-01-31,0,0.5065616797900262,0.4053460290300338,0.5065616797900262,0.49644011471402694,0.4812577671000281,0.45595385441003,0.4306499417200319,0.4053460290300338
2016_17_20170131_BUR_LEI,2016_17,2017-01-31,0,0.4304123711340206,0.3424671068612916,0.4304123711340206,0.4216178447067477,0.40842605506583834,0.3864397389976561,0.36445342292947386,0.3424671068612916
2016_17_20170131_LIV_CHE,2016_17,2017-01-31,0,0.4712041884816754,0.510346075955698,0.4712041884816754,0.4751183772290777,0.4809896603501811,0.49077513221868674,0.5005606040871924,0.510346075955698
2016_17_20170131_MID_WBA,2016_17,2017-01-31,0,0.355072463768116,0.4339956927440221,0.355072463768116,0.36296478666570664,0.37480327101209254,0.39453407825606907,0.4142648855000456,0.4339956927440221
2016_17_20170131_SUN_TOT,2016_17,2017-01-31,0,0.598984771573604,0.6934523741070109,0.598984771573604,0.6084315318269446,0.6226016722069557,0.6462185728403074,0.6698354734736591,0.6934523741070109
2016_17_20170131_SWA_SOU,2016_17,2017-01-31,1,0.4647519582245431,0.4646168183215592,0.4647519582245431,0.46473844423424476,0.46471817324879716,0.46468438827305114,0.4646506032973052,0.4646168183215592
2016_17_20170201_MUN_HUL,2016_17,2017-02-01,0,0.4128205128205128,0.4734711440435249,0.4128205128205128,0.41888557594281406,0.42798317062626584,0.4431458284320189,0.4583084862377719,0.4734711440435249
2016_17_20170201_STK_EVE,2016_17,2017-02-01,0,0.4750656167979003,0.5887992696421582,0.4750656167979003,0.48643898208232617,0.5034990300089648,0.5319324432200293,0.5603658564310937,0.5887992696421582
2016_17_20170201_WHU_MCI,2016_17,2017-02-01,1,0.6035353535353536,0.5860460221697644,0.6035353535353536,0.6017864203987946,0.5991630206939563,0.5947906878525591,0.5904183550111617,0.5860460221697644
2016_17_20170204_CHE_ARS,2016_17,2017-02-04,1,0.5078947368421052,0.5540850701995389,0.5078947368421052,0.5125137701778486,0.5194423201814636,0.5309899035208221,0.5425374868601804,0.5540850701995389
2016_17_20170204_CRY_SUN,2016_17,2017-02-04,1,0.481578947368421,0.5090502137492975,0.481578947368421,0.4843260740065087,0.4884467639636402,0.49531458055885924,0.5021823971540783,0.5090502137492975
2016_17_20170204_EVE_BOU,2016_17,2017-02-04,1,0.5275590551181102,0.6300715440665897,0.5275590551181102,0.5378103040129582,0.55318717735523,0.5788152995923499,0.6044434218294699,0.6300715440665897
2016_17_20170204_HUL_LIV,2016_17,2017-02-04,0,0.5520833333333334,0.4136502693684088,0.5520833333333334,0.5382400269368409,0.5174750673421022,0.4828668013508711,0.44825853535964,0.4136502693684088
2016_17_20170204_SOU_WHU,2016_17,2017-02-04,1,0.4776902887139108,0.5778746177394324,0.4776902887139108,0.48770872161646295,0.5027363709702912,0.5277824532266716,0.552828535483052,0.5778746177394324
2016_17_20170204_TOT_MID,2016_17,2017-02-04,0,0.5392670157068064,0.4602099883624265,0.5392670157068064,0.5313613129723683,0.5195027588707114,0.49973850203461645,0.4799742451985215,0.4602099883624265
2016_17_20170204_WAT_BUR,2016_17,2017-02-04,1,0.4025316455696203,0.5414383622382674,0.4025316455696203,0.416422317236485,0.43725832473678206,0.4719850039039438,0.5067116830711056,0.5414383622382674
2016_17_20170204_WBA_STK,2016_17,2017-02-04,0,0.4241645244215937,0.5376649909809574,0.4241645244215937,0.4355145710775301,0.4525396410614346,0.48091475770127556,0.5092898743411165,0.5376649909809574
2016_17_20170205_LEI_MUN,2016_17,2017-02-05,1,0.4633507853403141,0.5232484431993599,0.4633507853403141,0.4693405511262187,0.4783251998050756,0.49329961426983704,0.5082740287345985,0.5232484431993599
2016_17_20170205_MCI_SWA,2016_17,2017-02-05,1,0.6789838337182448,0.8405994419845206,0.6789838337182448,0.6951453945448725,0.7193877357848137,0.7597916378513827,0.8001955399179517,0.8405994419845206
2016_17_20170211_ARS_HUL,2016_17,2017-02-11,0,0.628992628992629,0.773218380927277,0.628992628992629,0.6434152041860939,0.665049066976291,0.701105504959953,0.7371619429436149,0.773218380927277
2016_17_20170211_LIV_TOT,2016_17,2017-02-11,0,0.5,0.5456393916082044,0.5,0.5045639391608204,0.5114098479020511,0.5228196958041023,0.5342295437061533,0.5456393916082044
2016_17_20170211_MID_EVE,2016_17,2017-02-11,0,0.4122137404580152,0.6820447631844109,0.4122137404580152,0.43919684273065474,0.4796714961396141,0.547129251821213,0.6145870075028119,0.6820447631844109
2016_17_20170211_MUN_WAT,2016_17,2017-02-11,0,0.5721649484536083,0.6582487430290584,0.5721649484536083,0.5807733279111533,0.5936858970974708,0.6152068457413333,0.6367277943851959,0.6582487430290584
2016_17_20170211_STK_CRY,2016_17,2017-02-11,0,0.4609375,0.4672351495972242,0.4609375,0.46156726495972245,0.46251191239930606,0.4640863247986121,0.4656607371979181,0.4672351495972242
2016_17_20170211_SUN_SOU,2016_17,2017-02-11,1,0.4607329842931937,0.464886253290687,0.4607329842931937,0.4611483111929431,0.461771301542567,0.4628096187919404,0.4638479360413137,0.464886253290687
2016_17_20170211_WHU_WBA,2016_17,2017-02-11,1,0.4647519582245431,0.5220874835996995,0.4647519582245431,0.4704855107620588,0.4790858395683322,0.4934197209121213,0.5077536022559104,0.5220874835996995
2016_17_20170212_BUR_CHE,2016_17,2017-02-12,0,0.4986876640419947,0.4437258832074973,0.4986876640419947,0.493191485958545,0.4849472188333704,0.471206773624746,0.45746632841612167,0.4437258832074973
2016_17_20170212_SWA_LEI,2016_17,2017-02-12,0,0.4738219895287958,0.35252262184142,0.4738219895287958,0.4616920527600582,0.4434971476069518,0.4131723056851079,0.38284746376326395,0.35252262184142
2016_17_20170213_BOU_MCI,2016_17,2017-02-13,0,0.6237623762376239,0.6148095277333756,0.6237623762376239,0.6228670913871991,0.6215241641115619,0.6192859519854997,0.6170477398594376,0.6148095277333756
2016_17_20170225_CHE_SWA,2016_17,2017-02-25,1,0.5892857142857143,0.7720874932140424,0.5892857142857143,0.6075658921785471,0.6349861590177963,0.6806866037498783,0.7263870484819603,0.7720874932140424
2016_17_20170225_CRY_MID,2016_17,2017-02-25,0,0.3526570048309178,0.3675044220165792,0.3526570048309178,0.35414174654948394,0.3563688591273332,0.3600807134237485,0.3637925677201638,0.3675044220165792
2016_17_20170225_EVE_SUN,2016_17,2017-02-25,0,0.5820512820512821,0.5597527512844478,0.5820512820512821,0.5798214289745987,0.5764766493595734,0.5709020166678649,0.5653273839761563,0.5597527512844478
2016_17_20170225_HUL_BUR,2016_17,2017-02-25,0,0.413265306122449,0.369623674727368,0.413265306122449,0.4089011429829409,0.40235489827367876,0.3914444904249085,0.38053408257613824,0.369623674727368
2016_17_20170225_WAT_WHU,2016_17,2017-02-25,0,0.4764397905759163,0.5694562683652938,0.4764397905759163,0.48574143835485406,0.4996939100232607,0.522948029470605,0.5462021489179495,0.5694562683652938
2016_17_20170225_WBA_BOU,2016_17,2017-02-25,1,0.4738219895287958,0.5416422877978889,0.4738219895287958,0.48060401935570507,0.490777064096069,0.5077321386633423,0.5246872132306156,0.5416422877978889
2016_17_20170226_TOT_STK,2016_17,2017-02-26,1,0.5747422680412371,0.6579702736057172,0.5747422680412371,0.583065068597685,0.5955492694323571,0.6163562708234771,0.6371632722145972,0.6579702736057172
2016_17_20170227_LEI_LIV,2016_17,2017-02-27,1,0.5392670157068064,0.6150263078398485,0.5392670157068064,0.5468429449201105,0.5582068387400669,0.5771466617733274,0.5960864848065879,0.6150263078398485
2016_17_20170304_LEI_HUL,2016_17,2017-03-04,1,0.4633507853403141,0.6573933729704553,0.4633507853403141,0.48275504410332826,0.5118614322478494,0.5603720791553847,0.60888272606292,0.6573933729704553
2016_17_20170304_LIV_ARS,2016_17,2017-03-04,1,0.5558441558441558,0.696398022482705,0.5558441558441558,0.5698995425080108,0.5909826225037931,0.6261210891634303,0.6612595558230677,0.696398022482705
2016_17_20170304_MUN_BOU,2016_17,2017-03-04,0,0.6045340050377834,0.6757692714355864,0.6045340050377834,0.6116575316775638,0.6223428216372342,0.640151638236685,0.6579604548361357,0.6757692714355864
2016_17_20170304_STK_MID,2016_17,2017-03-04,0,0.398989898989899,0.3270136965967361,0.398989898989899,0.39179227875058276,0.38099584839160827,0.36300179779331754,0.34500774719502686,0.3270136965967361
2016_17_20170304_SWA_BUR,2016_17,2017-03-04,1,0.4389610389610389,0.3448872261464266,0.4389610389610389,0.42955365767957765,0.41544258575738585,0.3919241325537327,0.3684056793500796,0.3448872261464266
2016_17_20170304_WAT_SOU,2016_17,2017-03-04,1,0.423076923076923,0.6327380111344277,0.423076923076923,0.4440430318826735,0.47549219509129925,0.5279074671056754,0.5803227391200515,0.6327380111344277
2016_17_20170304_WBA_CRY,2016_17,2017-03-04,0,0.3999999999999999,0.4024058640441071,0.3999999999999999,0.4002405864044106,0.4006014660110267,0.4012029320220535,0.4018043980330803,0.4024058640441071
2016_17_20170305_SUN_MCI,2016_17,2017-03-05,0,0.6498800959232613,0.6084713241812314,0.6498800959232613,0.6457392187490584,0.6395279029877539,0.6291757100522464,0.6188235171167389,0.6084713241812314
2016_17_20170305_TOT_EVE,2016_17,2017-03-05,1,0.5404699738903395,0.5489719005859531,0.5404699738903395,0.5413201665599008,0.5425954555642429,0.5447209372381463,0.5468464189120497,0.5489719005859531
2016_17_20170306_WHU_CHE,2016_17,2017-03-06,1,0.5196850393700787,0.4795254489696776,0.5196850393700787,0.5156690803300386,0.5096451417699784,0.49960524416987817,0.48956534656977785,0.4795254489696776
2016_17_20170308_MCI_STK,2016_17,2017-03-08,0,0.6555023923444976,0.6027988817838511,0.6555023923444976,0.650232041288433,0.642326514704336,0.6291506370641744,0.6159747594240127,0.6027988817838511
2016_17_20170311_BOU_WHU,2016_17,2017-03-11,1,0.5520833333333334,0.4694942743290843,0.5520833333333334,0.5438244274329085,0.5314360685822711,0.5107888038312088,0.49014153908014657,0.4694942743290843
2016_17_20170311_EVE_WBA,2016_17,2017-03-11,1,0.4698162729658792,0.4294987991209058,0.4698162729658792,0.4657845255813819,0.45973690450463583,0.44965753604339254,0.4395781675821492,0.4294987991209058
2016_17_20170311_HUL_SWA,2016_17,2017-03-11,1,0.4659685863874345,0.6301627517515279,0.4659685863874345,0.4823880029238438,0.5070171277284579,0.5480656690694812,0.5891142104105045,0.6301627517515279
2016_17_20170312_LIV_BUR,2016_17,2017-03-12,1,0.6140350877192983,0.596841607094343,0.6140350877192983,0.6123157396568027,0.6097367175630595,0.6054383474068206,0.6011399772505818,0.596841607094343
2016_17_20170318_BOU_SWA,2016_17,2017-03-18,0,0.5509138381201044,0.5937646706300043,0.5509138381201044,0.5551989213710944,0.5616265462475794,0.5723392543750543,0.5830519625025293,0.5937646706300043
2016_17_20170318_CRY_WAT,2016_17,2017-03-18,0,0.4389610389610389,0.5765425150628766,0.4389610389610389,0.4527191865712227,0.47335640798649836,0.5077517770119577,0.5421471460374171,0.5765425150628766
2016_17_20170318_EVE_HUL,2016_17,2017-03-18,1,0.5275590551181102,0.4846937303872037,0.5275590551181102,0.5232725226450196,0.5168427239353836,0.5061263927526569,0.49541006156993034,0.4846937303872037
2016_17_20170318_STK_CHE,2016_17,2017-03-18,1,0.4738219895287958,0.4649050648979329,0.4738219895287958,0.4729302970657095,0.47159275837108006,0.46936352721336433,0.4671342960556486,0.4649050648979329
2016_17_20170318_SUN_BUR,2016_17,2017-03-18,0,0.4415584415584415,0.421569469203829,0.4415584415584415,0.4395595443229803,0.43656119846978836,0.43156395538113523,0.4265667122924821,0.421569469203829
2016_17_20170318_WBA_ARS,2016_17,2017-03-18,1,0.5328083989501312,0.4530953455898004,0.5328083989501312,0.5248370936140981,0.5128801356100485,0.49295187226996584,0.47302360892988315,0.4530953455898004
2016_17_20170318_WHU_LEI,2016_17,2017-03-18,1,0.5275590551181102,0.623103952879617,0.5275590551181102,0.5371135448942609,0.5514452795584869,0.5753315039988636,0.5992177284392403,0.623103952879617
2016_17_20170319_MCI_LIV,2016_17,2017-03-19,0,0.5736434108527132,0.6031945313048978,0.5736434108527132,0.5765985228979317,0.5810311909657593,0.5884189710788055,0.5958067511918517,0.6031945313048978
2016_17_20170319_MID_MUN,2016_17,2017-03-19,1,0.4352331606217616,0.425892050149586,0.4352331606217616,0.43429904957454407,0.4328978830037177,0.4305626053856738,0.4282273277676299,0.425892050149586
2016_17_20170319_TOT_SOU,2016_17,2017-03-19,1,0.5052631578947367,0.777079802979962,0.5052631578947367,0.5324448224032593,0.5732173191660431,0.6411714804373494,0.7091256417086557,0.777079802979962
2016_17_20170401_BUR_TOT,2016_17,2017-04-01,0,0.4724409448818897,0.4453969471464509,0.4724409448818897,0.46973654510834584,0.46567994544803,0.45891894601417027,0.4521579465803106,0.4453969471464509
2016_17_20170401_CHE_CRY,2016_17,2017-04-01,1,0.5249343832020998,0.5402693222019254,0.5249343832020998,0.5264678771020824,0.5287681179520562,0.5326018527020127,0.536435587451969,0.5402693222019254
2016_17_20170401_HUL_WHU,2016_17,2017-04-01,1,0.5184210526315789,0.4967307854431175,0.5184210526315789,0.5162520259127328,0.5129984858344635,0.5075759190373482,0.5021533522402328,0.4967307854431175
2016_17_20170401_LEI_STK,2016_17,2017-04-01,0,0.4842105263157894,0.4612539744140649,0.4842105263157894,0.481914871125617,0.4784713883403583,0.47273225036492716,0.46699311238949603,0.4612539744140649
2016_17_20170401_LIV_EVE,2016_17,2017-04-01,1,0.5483028720626633,0.5394138961452194,0.5483028720626633,0.5474139744709189,0.5460806280833023,0.5438583841039413,0.5416361401245804,0.5394138961452194
2016_17_20170401_MUN_WBA,2016_17,2017-04-01,0,0.513157894736842,0.5246555299949848,0.513157894736842,0.5143076582626563,0.5160323035513777,0.5189067123659135,0.5217811211804491,0.5246555299949848
2016_17_20170401_SOU_BOU,2016_17,2017-04-01,0,0.5483028720626633,0.7191135249810365,0.5483028720626633,0.5653839373545007,0.5910055352922565,0.6337081985218499,0.6764108617514433,0.7191135249810365
2016_17_20170401_WAT_SUN,2016_17,2017-04-01,0,0.4645669291338583,0.5316752210235461,0.4645669291338583,0.47127775832282703,0.48134400210628026,0.4981210750787022,0.5148981480511242,0.5316752210235461
2016_17_20170402_ARS_MCI,2016_17,2017-04-02,1,0.598984771573604,0.6725195213912032,0.598984771573604,0.6063382465553638,0.6173684590280037,0.6357521464824036,0.6541358339368033,0.6725195213912032
2016_17_20170402_SWA_MID,2016_17,2017-04-02,0,0.4363636363636364,0.3280447732165775,0.4363636363636364,0.4255317500489305,0.40928392057687163,0.38220420479010697,0.35512448900334226,0.3280447732165775
2016_17_20170404_BUR_STK,2016_17,2017-04-04,0,0.4025316455696203,0.3575342074306814,0.4025316455696203,0.3980319017557264,0.3912822860348856,0.38003292650015086,0.36878356696541614,0.3575342074306814
2016_17_20170404_LEI_SUN,2016_17,2017-04-04,0,0.5392670157068064,0.450451166079342,0.5392670157068064,0.5303854307440599,0.5170630532999403,0.49485909089307417,0.47265512848620805,0.450451166079342
2016_17_20170404_MUN_EVE,2016_17,2017-04-04,0,0.5065616797900262,0.552705280439042,0.5065616797900262,0.5111760398549278,0.5180975799522802,0.5296334801145341,0.5411693802767881,0.552705280439042
2016_17_20170404_WAT_WBA,2016_17,2017-04-04,0,0.4107142857142857,0.446871687747953,0.4107142857142857,0.41433002591765244,0.41975363622270256,0.4287929867311193,0.4378323372395362,0.446871687747953
2016_17_20170405_ARS_WHU,2016_17,2017-04-05,1,0.6635071090047394,0.63952025666778,0.6635071090047394,0.6611084237710435,0.6575103959204995,0.6515136828362598,0.6455169697520199,0.63952025666778
2016_17_20170405_CHE_MCI,2016_17,2017-04-05,1,0.5456919060052219,0.5823354851137712,0.5456919060052219,0.5493562639160768,0.5548528007823592,0.5640136955594965,0.5731745903366339,0.5823354851137712
2016_17_20170405_HUL_MID,2016_17,2017-04-05,1,0.4025316455696203,0.3254209782626803,0.4025316455696203,0.3948205788389263,0.3832539787428853,0.3639763119161503,0.3446986450894153,0.3254209782626803
2016_17_20170405_LIV_BOU,2016_17,2017-04-05,1,0.6399026763990268,0.8014794006076505,0.6399026763990268,0.6560603488198892,0.6802968574511827,0.7206910385033387,0.7610852195554946,0.8014794006076505
2016_17_20170405_SOU_CRY,2016_17,2017-04-05,1,0.4619422572178477,0.5589379328486754,0.4619422572178477,0.4716418247809305,0.4861911761255546,0.5104400950332616,0.5346890139409685,0.5589379328486754
2016_17_20170405_SWA_TOT,2016_17,2017-04-05,1,0.5210526315789473,0.4619948288047435,0.5210526315789473,0.5151468513015269,0.5062881808853963,0.4915237301918454,0.47675927949829444,0.4619948288047435
2016_17_20170408_BOU_CHE,2016_17,2017-04-08,1,0.5275590551181102,0.4286906493655299,0.5275590551181102,0.5176722145428522,0.5028419536799651,0.47812485224182005,0.453407750803675,0.4286906493655299
2016_17_20170408_MCI_HUL,2016_17,2017-04-08,1,0.6751740139211136,0.777567763501543,0.6751740139211136,0.6854133888791566,0.700772451316221,0.7263708887113283,0.7519693261064356,0.777567763501543
2016_17_20170408_MID_BUR,2016_17,2017-04-08,0,0.3904282115869018,0.4169118207432663,0.3904282115869018,0.39307657250253825,0.3970491138759929,0.403670016165084,0.4102909184541752,0.4169118207432663
2016_17_20170408_STK_LIV,2016_17,2017-04-08,1,0.5157068062827225,0.7391522267933229,0.5157068062827225,0.5380513483337825,0.5715681614103726,0.6274295165380227,0.6832908716656728,0.7391522267933229
2016_17_20170408_TOT_WAT,2016_17,2017-04-08,1,0.601010101010101,0.6226595476357702,0.601010101010101,0.6031750456726679,0.6064224626665183,0.6118348243229357,0.6172471859793529,0.6226595476357702
2016_17_20170408_WBA_SOU,2016_17,2017-04-08,0,0.4252577319587629,0.6761728463028958,0.4252577319587629,0.45034924339317617,0.4879865105447961,0.5507152891308293,0.6134440677168626,0.6761728463028958
2016_17_20170408_WHU_SWA,2016_17,2017-04-08,0,0.5301837270341206,0.5316595053397626,0.5301837270341206,0.5303313048646848,0.5305526716105311,0.5309216161869417,0.5312905607633521,0.5316595053397626
2016_17_20170409_EVE_LEI,2016_17,2017-04-09,1,0.5301837270341206,0.7941533142746563,0.5301837270341206,0.5565806857581742,0.5961761238442546,0.6621685206543885,0.7281609174645224,0.7941533142746563
2016_17_20170409_SUN_MUN,2016_17,2017-04-09,1,0.5430809399477807,0.5277684808691808,0.5430809399477807,0.5415496940399208,0.5392528251781308,0.5354247104084808,0.5315965956388308,0.5277684808691808
2016_17_20170410_CRY_ARS,2016_17,2017-04-10,1,0.5784061696658098,0.5796271724359123,0.5784061696658098,0.5785282699428201,0.5787114203583354,0.5790166710508611,0.5793219217433867,0.5796271724359123
2016_17_20170415_CRY_LEI,2016_17,2017-04-15,1,0.4855643044619423,0.6822323527873809,0.4855643044619423,0.5052311092944862,0.534731316543302,0.5838983286246616,0.6330653407060213,0.6822323527873809
2016_17_20170415_EVE_BUR,2016_17,2017-04-15,1,0.5196850393700787,0.4142518598375873,0.5196850393700787,0.5091417214168296,0.49332674448695585,0.466968449603833,0.44061015472071013,0.4142518598375873
2016_17_20170415_SOU_MCI,2016_17,2017-04-15,1,0.5784061696658098,0.429350258561044,0.5784061696658098,0.5635005785553333,0.5411421918896183,0.5038782141134269,0.4666142363372354,0.429350258561044
2016_17_20170415_STK_HUL,2016_17,2017-04-15,1,0.4569190600522194,0.6315912561498883,0.4569190600522194,0.47438627966198627,0.5005871090766366,0.5442551581010538,0.5879232071254711,0.6315912561498883
2016_17_20170415_SUN_WHU,2016_17,2017-04-15,1,0.5275590551181102,0.6378708915474615,0.5275590551181102,0.5385902387610453,0.555137014225448,0.5827149733327859,0.6102929324401236,0.6378708915474615
2016_17_20170415_TOT_BOU,2016_17,2017-04-15,1,0.6635071090047394,0.7506210745198151,0.6635071090047394,0.672218505556247,0.6852856003835083,0.7070640917622772,0.7288425831410462,0.7506210745198151
2016_17_20170415_WAT_SWA,2016_17,2017-04-15,0,0.4581151832460733,0.3468729608871039,0.4581151832460733,0.4469909610101764,0.430304627656331,0.4024940720665886,0.3746835164768462,0.3468729608871039
2016_17_20170416_MUN_CHE,2016_17,2017-04-16,0,0.4241645244215937,0.4397638270444901,0.4241645244215937,0.4257244546838833,0.4280643500773178,0.4319641757330419,0.43586400138876596,0.4397638270444901
2016_17_20170416_WBA_LIV,2016_17,2017-04-16,0,0.4960629921259842,0.6561593024970921,0.4960629921259842,0.512072623163095,0.5360870697187612,0.5761111473115381,0.6161352249043152,0.6561593024970921
2016_17_20170417_MID_ARS,2016_17,2017-04-17,1,0.5535248041775457,0.545066087435439,0.5535248041775457,0.552678932503335,0.551410124992019,0.5492954458064924,0.5471807666209657,0.545066087435439
2016_17_20170422_BOU_MID,2016_17,2017-04-22,1,0.5105263157894737,0.5226852443996651,0.5105263157894737,0.5117422086504929,0.5135660479420215,0.5166057800945694,0.5196455122471173,0.5226852443996651
2016_17_20170422_HUL_WAT,2016_17,2017-04-22,0,0.4790575916230366,0.439928577362202,0.4790575916230366,0.47514469019695316,0.46927533805782795,0.4594930844926193,0.44971083092741065,0.439928577362202
2016_17_20170422_SWA_STK,2016_17,2017-04-22,0,0.4593175853018373,0.4500879772793569,0.4593175853018373,0.4583946244995893,0.45701018329621723,0.4547027812905971,0.452395379284977,0.4500879772793569
2016_17_20170422_WHU_EVE,2016_17,2017-04-22,0,0.5598958333333334,0.6034315540947406,0.5598958333333334,0.5642494054094741,0.5707797635236851,0.5816636937140369,0.5925476239043888,0.6034315540947406
2016_17_20170423_BUR_MUN,2016_17,2017-04-23,0,0.4415584415584415,0.4577102922694417,0.4415584415584415,0.4431736266295415,0.4455964042361915,0.4496343669139416,0.4536723295916917,0.4577102922694417
2016_17_20170423_LIV_CRY,2016_17,2017-04-23,1,0.5794871794871795,0.651700583148191,0.5794871794871795,0.5867085198532808,0.5975405304024324,0.6155938813176853,0.6336472322329382,0.651700583148191
2016_17_20170425_CHE_SOU,2016_17,2017-04-25,1,0.5340314136125655,0.5377127280546913,0.5340314136125655,0.5343995450567781,0.5349517422230969,0.5358720708336284,0.5367923994441599,0.5377127280546913
2016_17_20170426_ARS_LEI,2016_17,2017-04-26,0,0.6514423076923078,0.7939424051915202,0.6514423076923078,0.665692317442229,0.6870673320671109,0.722692356441914,0.7583173808167171,0.7939424051915202
2016_17_20170426_CRY_TOT,2016_17,2017-04-26,0,0.5846153846153845,0.6016722137596614,0.5846153846153845,0.5863210675298123,0.5888795919014538,0.593143799187523,0.5974080064735923,0.6016722137596614
2016_17_20170426_MID_SUN,2016_17,2017-04-26,0,0.4659685863874345,0.520858123137474,0.4659685863874345,0.47145754006243845,0.47969097057494436,0.4934133547624543,0.5071357389499641,0.520858123137474
2016_17_20170427_MCI_MUN,2016_17,2017-04-27,0,0.5275590551181102,0.4693829197065904,0.5275590551181102,0.5217414415769582,0.5130150212652302,0.4984709874123503,0.48392695355947035,0.4693829197065904
2016_17_20170429_CRY_BUR,2016_17,2017-04-29,0,0.4543080939947781,0.3731003608960526,0.4543080939947781,0.4461873206849056,0.43400616072009673,0.41370422744541535,0.39340229417073397,0.3731003608960526
2016_17_20170429_SOU_HUL,2016_17,2017-04-29,0,0.5301837270341206,0.755799586771752,0.5301837270341206,0.5527453130078839,0.5865876919685284,0.6429916569029364,0.6993956218373442,0.755799586771752
2016_17_20170429_STK_WHU,2016_17,2017-04-29,0,0.5091863517060368,0.5898651322910596,0.5091863517060368,0.517254229764539,0.5293560468522924,0.5495257419985482,0.569695437144804,0.5898651322910596
2016_17_20170429_SUN_BOU,2016_17,2017-04-29,0,0.5509138381201044,0.5911667376489359,0.5509138381201044,0.5549391280729875,0.5609770630023123,0.5710402878845202,0.581103512766728,0.5911667376489359
2016_17_20170429_WBA_LEI,2016_17,2017-04-29,0,0.4736842105263157,0.5832809680903859,0.4736842105263157,0.48464388628272276,0.5010833999173332,0.5284825893083508,0.5558817786993684,0.5832809680903859
2016_17_20170430_EVE_CHE,2016_17,2017-04-30,1,0.5196850393700787,0.5442217201465278,0.5196850393700787,0.5221387074477236,0.5258192095641909,0.5319533797583033,0.5380875499524156,0.5442217201465278
2016_17_20170430_MID_MCI,2016_17,2017-04-30,1,0.6296296296296295,0.5963995117102057,0.6296296296296295,0.6263066178376873,0.6213221001497735,0.6130145706699176,0.6047070411900617,0.5963995117102057
2016_17_20170430_MUN_SWA,2016_17,2017-04-30,0,0.5328083989501312,0.489373989379369,0.5328083989501312,0.528464957993055,0.5219497965574407,0.5110911941647501,0.5002325917720596,0.489373989379369
2016_17_20170430_TOT_ARS,2016_17,2017-04-30,0,0.6130653266331658,0.6506193651633742,0.6130653266331658,0.6168207304861867,0.6224538362657179,0.63184234589827,0.6412308555308222,0.6506193651633742
2016_17_20170501_WAT_LIV,2016_17,2017-05-01,0,0.5651041666666667,0.5359408072748919,0.5651041666666667,0.5621878307274892,0.5578133268187231,0.5505224869707793,0.5432316471228356,0.5359408072748919
2016_17_20170505_WHU_TOT,2016_17,2017-05-05,0,0.5913705583756345,0.7302679379098744,0.5913705583756345,0.6052602963290584,0.6260949032591945,0.6608192481427544,0.6955435930263144,0.7302679379098744
2016_17_20170506_BOU_STK,2016_17,2017-05-06,1,0.5494791666666667,0.5466155971718755,0.5494791666666667,0.5491928097171876,0.5487632742929689,0.548047381919271,0.5473314895455732,0.5466155971718755
2016_17_20170506_BUR_WBA,2016_17,2017-05-06,1,0.3884711779448621,0.3680533738154292,0.3884711779448621,0.3864293975319188,0.3833667269125039,0.3782622758801456,0.37315782484778737,0.3680533738154292
2016_17_20170506_HUL_SUN,2016_17,2017-05-06,0,0.5366492146596858,0.5092172377814013,0.5366492146596858,0.5339060169718574,0.5297912204401147,0.5229332262205435,0.5160752320009724,0.5092172377814013
2016_17_20170506_LEI_WAT,2016_17,2017-05-06,1,0.5249343832020998,0.5436454237809178,0.5249343832020998,0.5268054872599817,0.5296121433468044,0.5342899034915088,0.5389676636362133,0.5436454237809178
2016_17_20170506_MCI_CRY,2016_17,2017-05-06,1,0.7,0.6594072741856372,0.7,0.6959407274185637,0.6898518185464092,0.6797036370928186,0.6695554556392278,0.6594072741856372
2016_17_20170506_SWA_EVE,2016_17,2017-05-06,0,0.5118110236220472,0.5149740138220688,0.5118110236220472,0.5121273226420494,0.5126017711720526,0.513392518722058,0.5141832662720633,0.5149740138220688
2016_17_20170507_ARS_MUN,2016_17,2017-05-07,0,0.513157894736842,0.5898374197575927,0.513157894736842,0.5208258472389171,0.5323277759920297,0.5514976572472174,0.570667538502405,0.5898374197575927
2016_17_20170507_LIV_SOU,2016_17,2017-05-07,0,0.5710594315245477,0.6083468035166644,0.5710594315245477,0.5747881687237594,0.5803812745225769,0.589703117520606,0.5990249605186352,0.6083468035166644
2016_17_20170508_CHE_MID,2016_17,2017-05-08,1,0.6348039215686274,0.6969971512574634,0.6348039215686274,0.641023244537511,0.6503522289908364,0.6659005364130455,0.6814488438352544,0.6969971512574634
2016_17_20170510_SOU_ARS,2016_17,2017-05-10,0,0.5636363636363637,0.5603201171642678,0.5636363636363637,0.5633047389891541,0.5628073020183397,0.5619782404003157,0.5611491787822918,0.5603201171642678
2016_17_20170512_EVE_WAT,2016_17,2017-05-12,0,0.5520833333333334,0.4806937273846969,0.5520833333333334,0.5449443727384697,0.5342359318461742,0.5163885303590151,0.498541128871856,0.4806937273846969
2016_17_20170512_WBA_CHE,2016_17,2017-05-12,0,0.5209424083769634,0.7305935945761103,0.5209424083769634,0.541907526996878,0.5733552049267501,0.6257680014765368,0.6781807980263235,0.7305935945761103
2016_17_20170513_BOU_BUR,2016_17,2017-05-13,1,0.5392670157068064,0.5208054207240375,0.5392670157068064,0.5374208562085294,0.5346516169611142,0.5300362182154219,0.5254208194697296,0.5208054207240375
2016_17_20170513_MCI_LEI,2016_17,2017-05-13,1,0.7013274336283185,0.5898050236531512,0.7013274336283185,0.6901751926308018,0.6734468311345266,0.6455662286407349,0.6176856261469431,0.5898050236531512
2016_17_20170513_MID_SOU,2016_17,2017-05-13,1,0.4855643044619423,0.4628275792091735,0.4855643044619423,0.48329063193666544,0.47988012314875006,0.4741959418355579,0.46851176052236576,0.4628275792091735
2016_17_20170513_STK_ARS,2016_17,2017-05-13,1,0.5928753180661578,0.6764281487625986,0.5928753180661578,0.601230601135802,0.613763525740268,0.6346517334143782,0.6555399410884883,0.6764281487625986
2016_17_20170513_SUN_SWA,2016_17,2017-05-13,0,0.5144356955380577,0.5901377934032314,0.5144356955380577,0.522005905324575,0.5333612200043512,0.5522867444706445,0.5712122689369379,0.5901377934032314
2016_17_20170514_CRY_HUL,2016_17,2017-05-14,1,0.4881889763779528,0.559084797529841,0.4881889763779528,0.4952785584931416,0.5059129316659248,0.5236368869538969,0.541360842241869,0.559084797529841
2016_17_20170514_TOT_MUN,2016_17,2017-05-14,1,0.4921052631578948,0.3827599283686581,0.4921052631578948,0.4811707296789711,0.4647689294605856,0.4374325957632764,0.4100962620659673,0.3827599283686581
2016_17_20170514_WHU_LIV,2016_17,2017-05-14,1,0.5249343832020998,0.4603543917046721,0.5249343832020998,0.5184763840523571,0.5087893853277429,0.49264438745338596,0.47649938957902904,0.4603543917046721
2016_17_20170515_CHE_WAT,2016_17,2017-05-15,1,0.6481927710843374,0.5753934134742755,0.6481927710843374,0.6409128353233312,0.6299929316818219,0.6117930922793064,0.593593252876791,0.5753934134742755
2016_17_20170516_ARS_SUN,2016_17,2017-05-16,0,0.755859375,0.7648552437764259,0.755859375,0.7567589618776426,0.7581083421941065,0.760357309388213,0.7626062765823194,0.7648552437764259
2016_17_20170516_MCI_WBA,2016_17,2017-05-16,1,0.7185501066098081,0.7183080390415761,0.7185501066098081,0.718525899852985,0.7184895897177501,0.7184290728256921,0.7183685559336341,0.7183080390415761
2016_17_20170517_SOU_MUN,2016_17,2017-05-17,0,0.4607329842931937,0.4078225129135769,0.4607329842931937,0.45544193715523207,0.4475053664482895,0.4342777486033853,0.42105013075848113,0.4078225129135769
2016_17_20170518_LEI_TOT,2016_17,2017-05-18,1,0.5494791666666667,0.472745400721796,0.5494791666666667,0.5418057900721797,0.5302957251804491,0.5111122836942313,0.4919288422080137,0.472745400721796
2016_17_20170521_ARS_EVE,2016_17,2017-05-21,1,0.6514423076923078,0.4867141359818337,0.6514423076923078,0.6349694905212604,0.6102602647646893,0.5690782218370708,0.5278961789094523,0.4867141359818337
2016_17_20170521_BUR_WHU,2016_17,2017-05-21,1,0.5249343832020998,0.5866549631872059,0.5249343832020998,0.5311064412006105,0.5403645281983763,0.5557946731946528,0.5712248181909294,0.5866549631872059
2016_17_20170521_CHE_SUN,2016_17,2017-05-21,1,0.6674528301886793,0.5292426275911754,0.6674528301886793,0.6536318099289289,0.6329002795393033,0.5983477288899273,0.5637951782405513,0.5292426275911754
2016_17_20170521_HUL_TOT,2016_17,2017-05-21,1,0.5918367346938775,0.429025821831013,0.5918367346938775,0.5755556434075911,0.5511340064781614,0.5104312782624453,0.46972855004672914,0.429025821831013
2016_17_20170521_LEI_BOU,2016_17,2017-05-21,0,0.5762273901808785,0.6088785231123671,0.5762273901808785,0.5794925034740275,0.5843901734137507,0.5925529566466228,0.600715739879495,0.6088785231123671
2016_17_20170521_LIV_MID,2016_17,2017-05-21,1,0.6546762589928057,0.6792592453560986,0.6546762589928057,0.657134557629135,0.6608220055836289,0.6669677521744521,0.6731134987652754,0.6792592453560986
2016_17_20170521_MUN_CRY,2016_17,2017-05-21,0,0.4763157894736842,0.5353000558596,0.4763157894736842,0.4822142161122758,0.49106185607016317,0.5058079226666421,0.5205539892631211,0.5353000558596
2016_17_20170521_SOU_STK,2016_17,2017-05-21,0,0.5275590551181102,0.69505387540253,0.5275590551181102,0.5443085371465521,0.5694327601892152,0.6113064652603202,0.6531801703314251,0.69505387540253
2016_17_20170521_SWA_WBA,2016_17,2017-05-21,1,0.5196850393700787,0.5236154378217175,0.5196850393700787,0.5200780792152426,0.5206676389829884,0.5216502385958981,0.5226328382088078,0.5236154378217175
2016_17_20170521_WAT_MCI,2016_17,2017-05-21,1,0.6635071090047394,0.7066413622705988,0.6635071090047394,0.6678205343313254,0.6742906723212042,0.6850742356376691,0.695857798954134,0.7066413622705988
2017_18_20170811_ARS_LEI,2017_18,2017-08-11,1,0.5903307888040712,0.605021640207478,0.5903307888040712,0.5917998739444119,0.5940035016549229,0.5976762145057746,0.6013489273566263,0.605021640207478
2017_18_20170812_BRI_MCI,2017_18,2017-08-12,0,0.5820512820512821,0.6247121165311078,0.5820512820512821,0.5863173654992646,0.5927164906712385,0.6033816992911949,0.6140469079111514,0.6247121165311078
2017_18_20170812_CHE_BUR,2017_18,2017-08-12,1,0.5732647814910026,0.5581977325367384,0.5732647814910026,0.5717580765955762,0.5694980192524366,0.5657312570138705,0.5619644947753044,0.5581977325367384
2017_18_20170812_CRY_HUD,2017_18,2017-08-12,1,0.4490861618798955,0.4420876320897756,0.4490861618798955,0.4483863089008835,0.44733652943236546,0.44558689698483556,0.44383726453730554,0.4420876320897756
2017_18_20170812_EVE_STK,2017_18,2017-08-12,0,0.4583333333333333,0.4779814048380688,0.4583333333333333,0.46029814048380685,0.4632453512095172,0.46815736908570105,0.4730693869618849,0.4779814048380688
2017_18_20170812_SOU_SWA,2017_18,2017-08-12,0,0.4569190600522194,0.4459470913279926,0.4569190600522194,0.4558218631797967,0.4541760678711627,0.451433075690106,0.44869008350904926,0.4459470913279926
2017_18_20170812_WAT_LIV,2017_18,2017-08-12,1,0.5223097112860893,0.5676121161703307,0.5223097112860893,0.5268399517745135,0.5336353125071496,0.54496091372821,0.5562865149492704,0.5676121161703307
2017_18_20170812_WBA_BOU,2017_18,2017-08-12,0,0.4404145077720207,0.4647387421734805,0.4404145077720207,0.4428469312121667,0.44649556637238563,0.4525766249727506,0.45865768357311554,0.4647387421734805
2017_18_20170813_MUN_WHU,2017_18,2017-08-13,1,0.5595854922279793,0.6106039356138098,0.5595854922279793,0.5646873365665623,0.5723401030744368,0.5850947139208945,0.5978493247673522,0.6106039356138098
2017_18_20170813_NEW_TOT,2017_18,2017-08-13,0,0.5261780104712042,0.4763562869468428,0.5261780104712042,0.521195838118768,0.5137225795901138,0.5012671487090234,0.48881171782793315,0.4763562869468428
2017_18_20170819_BOU_WAT,2017_18,2017-08-19,0,0.5248041775456919,0.5544167419296969,0.5248041775456919,0.5277654339840924,0.5322073186416931,0.5396104597376944,0.5470136008336957,0.5544167419296969
2017_18_20170819_BUR_WBA,2017_18,2017-08-19,0,0.385,0.378678956310488,0.385,0.38436789563104884,0.383419739077622,0.381839478155244,0.380259217232866,0.378678956310488
2017_18_20170819_LEI_BRI,2017_18,2017-08-19,0,0.486910994764398,0.3788456533529896,0.486910994764398,0.4761044606232572,0.4598946594115459,0.43287832405869375,0.40586198870584167,0.3788456533529896
2017_18_20170819_LIV_CRY,2017_18,2017-08-19,0,0.6045340050377834,0.5950860244211564,0.6045340050377834,0.6035892069761207,0.6021720098836267,0.5998100147294699,0.5974480195753131,0.5950860244211564
2017_18_20170819_SOU_WHU,2017_18,2017-08-19,1,0.518324607329843,0.5599134282446268,0.518324607329843,0.5224834894213214,0.5287218125585389,0.5391190177872349,0.5495162230159308,0.5599134282446268
2017_18_20170819_STK_ARS,2017_18,2017-08-19,0,0.5300261096605744,0.5676385608820131,0.5300261096605744,0.5337873547827183,0.539429222465934,0.5488323352712938,0.5582354480766535,0.5676385608820131
2017_18_20170819_SWA_MUN,2017_18,2017-08-19,1,0.5039164490861618,0.4799830620255373,0.5039164490861618,0.5015231103800993,0.49793310232100574,0.4919497555558496,0.4859664087906934,0.4799830620255373
2017_18_20170820_HUD_NEW,2017_18,2017-08-20,0,0.4293059125964009,0.3847601121370343,0.4293059125964009,0.4248513325504642,0.41816946248155923,0.40703301236671763,0.39589656225187597,0.3847601121370343
2017_18_20170820_TOT_CHE,2017_18,2017-08-20,1,0.5026178010471204,0.4999120284904703,0.5026178010471204,0.5023472237914554,0.5019413579079578,0.5012649147687953,0.5005884716296328,0.4999120284904703
2017_18_20170821_MCI_EVE,2017_18,2017-08-21,0,0.5913705583756345,0.607652428632118,0.5913705583756345,0.5929987454012828,0.5954410259397553,0.5995114935038762,0.6035819610679971,0.607652428632118
2017_18_20170826_BOU_MCI,2017_18,2017-08-26,1,0.6348039215686274,0.6430104422448982,0.6348039215686274,0.6356245736362545,0.6368555517376951,0.6389071819067629,0.6409588120758305,0.6430104422448982
2017_18_20170826_CRY_SWA,2017_18,2017-08-26,0,0.4430051813471503,0.427885316465697,0.4430051813471503,0.44149319485900496,0.43922521512678697,0.43544524890642367,0.4316652826860603,0.427885316465697
2017_18_20170826_HUD_SOU,2017_18,2017-08-26,0,0.4341085271317829,0.4508698014989015,0.4341085271317829,0.43578465456849474,0.43829884572356254,0.4424891643153422,0.44667948290712184,0.4508698014989015
2017_18_20170826_MUN_LEI,2017_18,2017-08-26,0,0.5769230769230769,0.6310302477212462,0.5769230769230769,0.5823337940028938,0.5904498696226193,0.6039766623221615,0.6175034550217038,0.6310302477212462
2017_18_20170826_NEW_WHU,2017_18,2017-08-26,1,0.4921465968586388,0.468265581233472,0.4921465968586388,0.48975849529612214,0.4861763429523471,0.48020608904605544,0.47423583513976375,0.468265581233472
2017_18_20170826_WAT_BRI,2017_18,2017-08-26,0,0.4304123711340206,0.4148617775411177,0.4304123711340206,0.4288573117747303,0.42652472273579484,0.42263707433756914,0.41874942593934344,0.4148617775411177
2017_18_20170827_CHE_EVE,2017_18,2017-08-27,0,0.4973821989528796,0.5158951859238589,0.4973821989528796,0.4992334976499776,0.5020104456956245,0.5066386924383692,0.511266939181114,0.5158951859238589
2017_18_20170827_LIV_ARS,2017_18,2017-08-27,1,0.601010101010101,0.5995821599537821,0.601010101010101,0.6008673069044691,0.6006531157460213,0.6002961304819415,0.5999391452178617,0.5995821599537821
2017_18_20170827_TOT_BUR,2017_18,2017-08-27,0,0.5732647814910026,0.5647213433374761,0.5732647814910026,0.57241043767565,0.571128921952621,0.5689930624142394,0.5668572028758577,0.5647213433374761
2017_18_20170827_WBA_STK,2017_18,2017-08-27,0,0.3667481662591687,0.3659905918201131,0.3667481662591687,0.3666724088152631,0.3665587726494048,0.3663693790396409,0.366179985429877,0.3659905918201131
2017_18_20170909_ARS_BOU,2017_18,2017-09-09,1,0.6736596736596736,0.7177574835209652,0.6736596736596736,0.6780694546458028,0.6846841261249965,0.6957085785903194,0.7067330310556423,0.7177574835209652
2017_18_20170909_BRI_WBA,2017_18,2017-09-09,1,0.3643031784841076,0.4077933468320912,0.3643031784841076,0.3686521953189059,0.3751757205711035,0.3860482626580994,0.3969208047450953,0.4077933468320912
2017_18_20170909_EVE_TOT,2017_18,2017-09-09,1,0.4673629242819843,0.484348825804911,0.4673629242819843,0.46906151443427696,0.471609399662716,0.4758558750434476,0.48010235042417937,0.484348825804911
2017_18_20170909_LEI_CHE,2017_18,2017-09-09,1,0.5130890052356021,0.5798238225281516,0.5130890052356021,0.519762486964857,0.5297727095587395,0.5464564138818768,0.5631401182050142,0.5798238225281516
2017_18_20170909_MCI_LIV,2017_18,2017-09-09,1,0.6212871287128713,0.6172460645777058,0.6212871287128713,0.6208830222993548,0.62027686267908,0.6192665966452886,0.6182563306114972,0.6172460645777058
2017_18_20170909_SOU_WAT,2017_18,2017-09-09,0,0.4842931937172774,0.5348056699375022,0.4842931937172774,0.4893444413392999,0.49692131277233365,0.5095494318273899,0.522177550882446,0.5348056699375022
2017_18_20170909_STK_MUN,2017_18,2017-09-09,1,0.5078534031413613,0.5241013448167802,0.5078534031413613,0.5094781973089032,0.511915388560216,0.5159773739790707,0.5200393593979254,0.5241013448167802
2017_18_20170910_BUR_CRY,2017_18,2017-09-10,0,0.4035532994923858,0.4087573480034474,0.4035532994923858,0.40407370434349194,0.4048543116201512,0.4061553237479166,0.407456335875682,0.4087573480034474
2017_18_20170910_SWA_NEW,2017_18,2017-09-10,0,0.4392764857881137,0.4370713687006499,0.4392764857881137,0.4390559740793673,0.4387252065162477,0.43817392724438176,0.4376226479725158,0.4370713687006499
2017_18_20170911_WHU_HUD,2017_18,2017-09-11,0,0.4790575916230366,0.3824556971336292,0.4790575916230366,0.46939740217409587,0.4549071180006848,0.43075664437833294,0.40660617075598104,0.3824556971336292
2017_18_20170915_BOU_BRI,2017_18,2017-09-15,1,0.4621409921671018,0.5413908204179263,0.4621409921671018,0.4700659749921843,0.48195344922980793,0.501765906292514,0.5215783633552202,0.5413908204179263
2017_18_20170916_CRY_SOU,2017_18,2017-09-16,0,0.413265306122449,0.4221800706908749,0.413265306122449,0.41415678257929156,0.4154939972645555,0.41772268840666194,0.4199513795487684,0.4221800706908749
2017_18_20170916_HUD_LEI,2017_18,2017-09-16,0,0.4633507853403141,0.5189152250156908,0.4633507853403141,0.4689072293078518,0.4772418952591583,0.4911330051780024,0.5050241150968466,0.5189152250156908
2017_18_20170916_LIV_BUR,2017_18,2017-09-16,0,0.6115288220551378,0.6665418798421311,0.6115288220551378,0.6170301278338371,0.6252820865018861,0.6390353509486344,0.6527886153953828,0.6665418798421311
2017_18_20170916_NEW_STK,2017_18,2017-09-16,1,0.4378238341968911,0.4224634023790327,0.4378238341968911,0.4362877910151053,0.43398372624242654,0.4301436182879619,0.4263035103334972,0.4224634023790327
2017_18_20170916_TOT_SWA,2017_18,2017-09-16,0,0.615,0.5646948938219438,0.615,0.6099694893821944,0.6024237234554859,0.5898474469109719,0.5772711703664579,0.5646948938219438
2017_18_20170916_WAT_MCI,2017_18,2017-09-16,1,0.6314496314496314,0.6569550801522493,0.6314496314496314,0.6340001763198932,0.6378259936252859,0.6442023558009404,0.650578717976595,0.6569550801522493
2017_18_20170916_WBA_WHU,2017_18,2017-09-16,0,0.4329896907216495,0.4417848705683925,0.4329896907216495,0.4338692087063238,0.43518848568333524,0.43738728064502097,0.43958607560670676,0.4417848705683925
2017_18_20170917_CHE_ARS,2017_18,2017-09-17,0,0.586734693877551,0.5784167310534801,0.586734693877551,0.5859028975951439,0.5846552031715333,0.5825757124655155,0.5804962217594978,0.5784167310534801
2017_18_20170917_MUN_EVE,2017_18,2017-09-17,1,0.5404699738903395,0.5822999641748622,0.5404699738903395,0.5446529729187917,0.5509274714614701,0.5613849690326008,0.5718424666037315,0.5822999641748622
2017_18_20170923_BUR_HUD,2017_18,2017-09-23,0,0.3954659949622167,0.3181613938549089,0.3954659949622167,0.38773553485148593,0.3761398446853897,0.3568136944085628,0.3374875441317359,0.3181613938549089
2017_18_20170923_EVE_BOU,2017_18,2017-09-23,1,0.5144356955380577,0.5536439753223115,0.5144356955380577,0.5183565235164831,0.5242377654841212,0.5340398354301845,0.543841905376248,0.5536439753223115
2017_18_20170923_LEI_LIV,2017_18,2017-09-23,1,0.5633074935400517,0.5860232470388504,0.5633074935400517,0.5655790688899316,0.5689864319147514,0.5746653702894511,0.5803443086641508,0.5860232470388504
2017_18_20170923_MCI_CRY,2017_18,2017-09-23,1,0.6971046770601336,0.6950971502786191,0.6971046770601336,0.6969039243819821,0.6966027953647549,0.6961009136693763,0.6955990319739978,0.6950971502786191
2017_18_20170923_SOU_MUN,2017_18,2017-09-23,0,0.4671916010498688,0.5087993756532961,0.4671916010498688,0.4713523785102115,0.4775935447007257,0.48799548835158246,0.49839743200243924,0.5087993756532961
2017_18_20170923_STK_CHE,2017_18,2017-09-23,1,0.5352480417754569,0.56209985832073,0.5352480417754569,0.5379332234299843,0.5419609959117752,0.5486739500480935,0.5553869041844117,0.56209985832073
2017_18_20170923_SWA_WAT,2017_18,2017-09-23,1,0.4557291666666667,0.5378873517062185,0.4557291666666667,0.4639449851706219,0.4762687129265546,0.49680825918644256,0.5173478054463305,0.5378873517062185
2017_18_20170923_WHU_TOT,2017_18,2017-09-23,1,0.5633074935400517,0.6069287165549768,0.5633074935400517,0.5676696158415442,0.574212799293783,0.5851181050475143,0.5960234108012455,0.6069287165549768
2017_18_20170924_BRI_NEW,2017_18,2017-09-24,0,0.3954659949622167,0.3922284199992629,0.3954659949622167,0.39514223746592136,0.3946566012214782,0.39384720748073976,0.39303781374000135,0.3922284199992629
2017_18_20170925_ARS_WBA,2017_18,2017-09-25,0,0.5784061696658098,0.6368506842530935,0.5784061696658098,0.5842506211245382,0.5930172983126307,0.6076284269594516,0.6222395556062725,0.6368506842530935
2017_18_20170930_BOU_LEI,2017_18,2017-09-30,0,0.5261780104712042,0.6317911553721501,0.5261780104712042,0.5367393249612988,0.5525812966964406,0.5789845829216771,0.6053878691469137,0.6317911553721501
2017_18_20170930_CHE_MCI,2017_18,2017-09-30,0,0.5584415584415584,0.5091667116422712,0.5584415584415584,0.5535140737616298,0.5461228467417366,0.5338041350419148,0.521485423342093,0.5091667116422712
2017_18_20170930_HUD_TOT,2017_18,2017-09-30,1,0.5468749999999999,0.597413232132966,0.5468749999999999,0.5519288232132965,0.5595095580332414,0.572144116066483,0.5847786740997245,0.597413232132966
2017_18_20170930_MUN_CRY,2017_18,2017-09-30,1,0.598984771573604,0.6380681038328625,0.598984771573604,0.6028931047995298,0.6087556046384186,0.6185264377032332,0.6282972707680479,0.6380681038328625
2017_18_20170930_STK_SOU,2017_18,2017-09-30,1,0.4378238341968911,0.4550120214706969,0.4378238341968911,0.4395426529242717,0.4421208810153426,0.44641792783379397,0.4507149746522454,0.4550120214706969
2017_18_20170930_WBA_WAT,2017_18,2017-09-30,1,0.3884711779448621,0.44655297490227,0.3884711779448621,0.3942793576406029,0.4029916271842141,0.417512076423566,0.43203252566291794,0.44655297490227
2017_18_20170930_WHU_SWA,2017_18,2017-09-30,0,0.4738219895287958,0.4336895807124445,0.4738219895287958,0.46980874864716066,0.46378888732470797,0.45375578512062015,0.44372268291653233,0.4336895807124445
2017_18_20171001_ARS_BRI,2017_18,2017-10-01,0,0.6105527638190955,0.6752281646224567,0.6105527638190955,0.6170203038994316,0.6267216140199359,0.6428904642207761,0.6590593144216164,0.6752281646224567
2017_18_20171001_EVE_BUR,2017_18,2017-10-01,0,0.4569190600522194,0.4997526374432323,0.4569190600522194,0.46120241779132065,0.46762745439997266,0.47833584874772583,0.489044243095479,0.4997526374432323
2017_18_20171001_NEW_LIV,2017_18,2017-10-01,0,0.5647668393782384,0.5735030157861449,0.5647668393782384,0.5656404570190291,0.566950883480215,0.5691349275821916,0.5713189716841682,0.5735030157861449
2017_18_20171014_BUR_WHU,2017_18,2017-10-14,0,0.4263565891472868,0.429381562885518,0.4263565891472868,0.42665908652110995,0.4271128325818446,0.4278690760164024,0.42862531945096016,0.429381562885518
2017_18_20171014_CRY_CHE,2017_18,2017-10-14,1,0.5236842105263159,0.5987868448029134,0.5236842105263159,0.5311944739539757,0.5424598690954653,0.5612355276646146,0.580011186233764,0.5987868448029134
2017_18_20171014_LIV_MUN,2017_18,2017-10-14,0,0.5013123359580053,0.4848562000486591,0.5013123359580053,0.49966672236707066,0.4971983019806687,0.49308426800333216,0.4889702340259956,0.4848562000486591
2017_18_20171014_MCI_STK,2017_18,2017-10-14,1,0.7212765957446808,0.7199885747425597,0.7212765957446808,0.7211477936444687,0.7209545904941506,0.7206325852436203,0.72031057999309,0.7199885747425597
2017_18_20171014_SWA_HUD,2017_18,2017-10-14,0,0.3746898263027295,0.322316241460537,0.3746898263027295,0.36945246781851027,0.3615964300921814,0.3485030338816333,0.3354096376710851,0.322316241460537
2017_18_20171014_TOT_BOU,2017_18,2017-10-14,0,0.6820276497695854,0.6817683209382968,0.6820276497695854,0.6820017168864565,0.6819628175617632,0.6818979853539411,0.6818331531461189,0.6817683209382968
2017_18_20171014_WAT_ARS,2017_18,2017-10-14,1,0.6085858585858586,0.6159488037377561,0.6085858585858586,0.6093221531010483,0.610426594873833,0.6122673311618073,0.6141080674497816,0.6159488037377561
2017_18_20171015_BRI_EVE,2017_18,2017-10-15,0,0.3894472361809045,0.4368366326772863,0.3894472361809045,0.3941861758305427,0.40129458530499995,0.4131419344290954,0.4249892835531908,0.4368366326772863
2017_18_20171015_SOU_NEW,2017_18,2017-10-15,1,0.4490861618798955,0.4724242685790005,0.4490861618798955,0.451419972549806,0.4549206885546717,0.46075521522944796,0.4665897419042242,0.4724242685790005
2017_18_20171016_LEI_WBA,2017_18,2017-10-16,0,0.4516971279373368,0.4647956191238733,0.4516971279373368,0.45300697705599047,0.45497175073397095,0.45824637353060504,0.46152099632723914,0.4647956191238733
2017_18_20171020_WHU_BRI,2017_18,2017-10-20,1,0.4241645244215937,0.4273299174530309,0.4241645244215937,0.42448106372473743,0.424955872679453,0.4257472209373123,0.4265385691951716,0.4273299174530309
2017_18_20171021_CHE_WAT,2017_18,2017-10-21,1,0.5918367346938775,0.6351296162442457,0.5918367346938775,0.5961660228489144,0.6026599550814695,0.6134831754690616,0.6243063958566537,0.6351296162442457
2017_18_20171021_HUD_MUN,2017_18,2017-10-21,1,0.4881889763779528,0.5030622262895738,0.4881889763779528,0.4896763013691149,0.491907288855858,0.49562560133376327,0.49934391381166854,0.5030622262895738
2017_18_20171021_MCI_BUR,2017_18,2017-10-21,1,0.7423935091277891,0.7079355401022538,0.7423935091277891,0.7389477122252356,0.7337790168714053,0.7251645246150215,0.7165500323586377,0.7079355401022538
2017_18_20171021_NEW_CRY,2017_18,2017-10-21,0,0.4633507853403141,0.4746241658992257,0.4633507853403141,0.46447812339620526,0.466169130480042,0.4689874756197699,0.4718058207594978,0.4746241658992257
2017_18_20171021_SOU_WBA,2017_18,2017-10-21,0,0.3999999999999999,0.4427126844525051,0.3999999999999999,0.40427126844525046,0.4106781711131262,0.4213563422262525,0.4320345133393788,0.4427126844525051
2017_18_20171021_STK_BOU,2017_18,2017-10-21,1,0.4908136482939633,0.5329332388155126,0.4908136482939633,0.4950256073461182,0.5013435459243506,0.511873443554738,0.5224033411851252,0.5329332388155126
2017_18_20171021_SWA_LEI,2017_18,2017-10-21,1,0.4490861618798955,0.5254597118077168,0.4490861618798955,0.45672351687267765,0.4681795493618508,0.4872729368438061,0.5063663243257615,0.5254597118077168
2017_18_20171022_EVE_ARS,2017_18,2017-10-22,1,0.5261780104712042,0.6143848020095192,0.5261780104712042,0.5349986896250357,0.5482297083557829,0.5702814062403616,0.5923331041249404,0.6143848020095192
2017_18_20171022_TOT_LIV,2017_18,2017-10-22,1,0.5732647814910026,0.5379214463657158,0.5732647814910026,0.5697304479784739,0.5644289477096809,0.5555931139283592,0.5467572801470375,0.5379214463657158
2017_18_20171028_ARS_SWA,2017_18,2017-10-28,1,0.6674528301886793,0.6533889800802434,0.6674528301886793,0.6660464451778356,0.6639368676615702,0.6604209051344614,0.6569049426073523,0.6533889800802434
2017_18_20171028_BOU_CHE,2017_18,2017-10-28,0,0.5809768637532133,0.6303075825741266,0.5809768637532133,0.5859099356353047,0.5933095434584417,0.60564222316367,0.6179749028688983,0.6303075825741266
2017_18_20171028_CRY_WHU,2017_18,2017-10-28,1,0.4569190600522194,0.5155759276705733,0.4569190600522194,0.4627847468140548,0.4715832769568079,0.4862474938613963,0.5009117107659847,0.5155759276705733
2017_18_20171028_LIV_HUD,2017_18,2017-10-28,1,0.6381418092909535,0.6547491923000168,0.6381418092909535,0.63980254759186,0.6422936550432194,0.6464455007954852,0.650597346547751,0.6547491923000168
2017_18_20171028_MUN_TOT,2017_18,2017-10-28,0,0.4415584415584415,0.3949500202684287,0.4415584415584415,0.43689759942944023,0.42990633623593827,0.41825423091343505,0.4066021255909319,0.3949500202684287
2017_18_20171028_WAT_STK,2017_18,2017-10-28,0,0.5,0.5216770250312528,0.5,0.5021677025031253,0.5054192562578133,0.5108385125156264,0.5162577687734395,0.5216770250312528
2017_18_20171028_WBA_MCI,2017_18,2017-10-28,1,0.6184538653366584,0.65847236327692,0.6184538653366584,0.6224557151306845,0.6284584898217238,0.6384631143067891,0.6484677387918546,0.65847236327692
2017_18_20171029_BRI_SOU,2017_18,2017-10-29,0,0.3869346733668342,0.3876292723810309,0.3869346733668342,0.3870041332682539,0.38710832312038335,0.3872819728739325,0.38745562262748173,0.3876292723810309
2017_18_20171029_LEI_EVE,2017_18,2017-10-29,0,0.4894736842105264,0.5769858852566275,0.4894736842105264,0.49822490431513655,0.5113517344720517,0.533229784733577,0.5551078349951022,0.5769858852566275
2017_18_20171030_BUR_NEW,2017_18,2017-10-30,0,0.4102564102564102,0.3897113534058704,0.4102564102564102,0.40820190457135624,0.4051201460437752,0.3999838818311403,0.3948476176185053,0.3897113534058704
2017_18_20171104_HUD_WBA,2017_18,2017-11-04,0,0.3436754176610979,0.3672371285545097,0.3436754176610979,0.34603158875043905,0.34956584538445085,0.3554562731078038,0.3613467008311567,0.3672371285545097
2017_18_20171104_NEW_BOU,2017_18,2017-11-04,0,0.4724409448818897,0.5016719267356676,0.4724409448818897,0.47536404306726754,0.4797486903453342,0.48705643580877866,0.49436418127222315,0.5016719267356676
2017_18_20171104_SOU_BUR,2017_18,2017-11-04,0,0.4168797953964194,0.4180270095812673,0.4168797953964194,0.4169945168149042,0.41716659894263136,0.41745340248884333,0.41774020603505535,0.4180270095812673
2017_18_20171104_STK_LEI,2017_18,2017-11-04,1,0.4750656167979003,0.5390545068369054,0.4750656167979003,0.4814645058018009,0.4910628393076516,0.5070600618174028,0.523057284327154,0.5390545068369054
2017_18_20171104_SWA_BRI,2017_18,2017-11-04,0,0.3919597989949749,0.4164971870842662,0.3919597989949749,0.3944135378039041,0.3980941460172977,0.40422849303962055,0.41036284006194335,0.4164971870842662
2017_18_20171104_WHU_LIV,2017_18,2017-11-04,1,0.5831202046035805,0.6546769088406976,0.5831202046035805,0.5902758750272923,0.6010093806628598,0.618898556722139,0.6367877327814183,0.6546769088406976
2017_18_20171105_CHE_MUN,2017_18,2017-11-05,0,0.4153846153846153,0.3596416034619447,0.4153846153846153,0.40981031419234826,0.40144886240394767,0.38751310942328,0.3735773564426123,0.3596416034619447
2017_18_20171105_EVE_WAT,2017_18,2017-11-05,1,0.4712041884816754,0.5121190336371821,0.4712041884816754,0.4752956729972261,0.4814328997705521,0.49166161105942874,0.5018903223483054,0.5121190336371821
2017_18_20171105_MCI_ARS,2017_18,2017-11-05,1,0.695067264573991,0.7063074225826883,0.695067264573991,0.6961912803748608,0.6978773040761653,0.7006873435783396,0.703497383080514,0.7063074225826883
2017_18_20171105_TOT_CRY,2017_18,2017-11-05,0,0.6414634146341464,0.6971866506098011,0.6414634146341464,0.6470357382317119,0.65539422362806,0.6693250326219737,0.6832558416158875,0.6971866506098011
2017_18_20171118_ARS_TOT,2017_18,2017-11-18,0,0.583547557840617,0.6212547035079372,0.583547557840617,0.587318272407349,0.592974344257447,0.6024011306742771,0.6118279170911072,0.6212547035079372
2017_18_20171118_BOU_HUD,2017_18,2017-11-18,1,0.4389610389610389,0.4282663437289672,0.4389610389610389,0.43789156943783175,0.436287365153021,0.43361369134500305,0.4309400175369851,0.4282663437289672
2017_18_20171118_BUR_SWA,2017_18,2017-11-18,0,0.3703703703703704,0.3638734774579912,0.3703703703703704,0.3697206810791325,0.3687461471422756,0.3671219239141808,0.365497700686086,0.3638734774579912
2017_18_20171118_CRY_EVE,2017_18,2017-11-18,1,0.4352331606217616,0.5474936561059873,0.4352331606217616,0.4464592101701842,0.463298284492818,0.4913634083638745,0.5194285322349309,0.5474936561059873
2017_18_20171118_LEI_MCI,2017_18,2017-11-18,0,0.6666666666666667,0.6792178996653917,0.6666666666666667,0.6679217899665393,0.6698044749163479,0.6729422831660292,0.6760800914157106,0.6792178996653917
2017_18_20171118_LIV_SOU,2017_18,2017-11-18,1,0.5758354755784061,0.596015950054719,0.5758354755784061,0.5778535230260374,0.5808805941974843,0.5859257128165625,0.5909708314356408,0.596015950054719
2017_18_20171118_MUN_NEW,2017_18,2017-11-18,1,0.518324607329843,0.5212117959227709,0.518324607329843,0.5186133261891358,0.5190464044780749,0.519768201626307,0.5204899987745389,0.5212117959227709
2017_18_20171118_WBA_CHE,2017_18,2017-11-18,1,0.4633507853403141,0.4925731623510431,0.4633507853403141,0.466273023041387,0.47065637959299633,0.4779619738456786,0.48526756809836086,0.4925731623510431
2017_18_20171119_WAT_WHU,2017_18,2017-11-19,0,0.5026315789473684,0.5227430976554494,0.5026315789473684,0.5046427308181766,0.5076594586243887,0.5126873383014089,0.5177152179784291,0.5227430976554494
2017_18_20171120_BRI_STK,2017_18,2017-11-20,1,0.3964646464646465,0.4252964639747087,0.3964646464646465,0.39934782821565273,0.40367260084216205,0.4108805552196776,0.4180885095971931,0.4252964639747087
2017_18_20171124_WHU_LEI,2017_18,2017-11-24,0,0.4803149606299213,0.547415472967613,0.4803149606299213,0.48702501186369046,0.49709008871434424,0.5138652167987672,0.53064034488319,0.547415472967613
2017_18_20171125_CRY_STK,2017_18,2017-11-25,1,0.468586387434555,0.5041497328002268,0.468586387434555,0.4721427219711222,0.4774772237759729,0.48636806011739087,0.4952588964588089,0.5041497328002268
2017_18_20171125_LIV_CHE,2017_18,2017-11-25,0,0.5621761658031088,0.5501680783276024,0.5621761658031088,0.5609753570555581,0.5591741439342321,0.5561721220653556,0.553170100196479,0.5501680783276024
2017_18_20171125_MUN_BRI,2017_18,2017-11-25,0,0.5684754521963824,0.609915500299242,0.5684754521963824,0.5726194570066684,0.5788354642220973,0.5891954762478122,0.5995554882735271,0.609915500299242
2017_18_20171125_NEW_WAT,2017_18,2017-11-25,1,0.4738219895287958,0.5110571252415708,0.4738219895287958,0.47754550310007327,0.4831307734569895,0.4924395573851833,0.501748341313377,0.5110571252415708
2017_18_20171125_SWA_BOU,2017_18,2017-11-25,0,0.4352331606217616,0.4495536495003065,0.4352331606217616,0.4366652095096161,0.4388132828413978,0.4423934050610341,0.4459735272806703,0.4495536495003065
2017_18_20171125_TOT_WBA,2017_18,2017-11-25,0,0.5610389610389611,0.6375211762954152,0.5610389610389611,0.5686871825646065,0.5801595148530746,0.5992800686671882,0.6184006224813017,0.6375211762954152
2017_18_20171126_BUR_ARS,2017_18,2017-11-26,0,0.5520833333333334,0.6036916415697279,0.5520833333333334,0.5572441641569729,0.564985410392432,0.5778874874515306,0.5907895645106293,0.6036916415697279
2017_18_20171126_HUD_MCI,2017_18,2017-11-26,1,0.6447688564476886,0.6901274219403012,0.6447688564476886,0.6493047129969498,0.6561084978208417,0.6674481391939948,0.6787877805671481,0.6901274219403012
2017_18_20171126_SOU_EVE,2017_18,2017-11-26,1,0.4215938303341903,0.556300382030893,0.4215938303341903,0.43506448550386057,0.4552704682583659,0.48894710618254167,0.5226237441067174,0.556300382030893
2017_18_20171128_BRI_CRY,2017_18,2017-11-28,0,0.3884711779448621,0.4107601165003413,0.3884711779448621,0.39070007180041,0.3940434125837319,0.3996156472226017,0.4051878818614715,0.4107601165003413
2017_18_20171128_LEI_TOT,2017_18,2017-11-28,1,0.5366492146596858,0.5523532296135024,0.5366492146596858,0.5382196161550675,0.54057521839814,0.5445012221365941,0.5484272258750482,0.5523532296135024
2017_18_20171128_WAT_MUN,2017_18,2017-11-28,1,0.5261780104712042,0.4983465767810346,0.5261780104712042,0.5233948671021873,0.5192201520486618,0.5122622936261194,0.5053044352035769,0.4983465767810346
2017_18_20171128_WBA_NEW,2017_18,2017-11-28,1,0.3929471032745592,0.4184173376915357,0.3929471032745592,0.39549412671625683,0.3993146618788033,0.4056822204830475,0.41204977908729157,0.4184173376915357
2017_18_20171129_ARS_HUD,2017_18,2017-11-29,1,0.6320987654320989,0.6925980854432269,0.6320987654320989,0.6381486974332117,0.6472235954348808,0.6623484254376628,0.6774732554404448,0.6925980854432269
2017_18_20171129_BOU_BUR,2017_18,2017-11-29,1,0.4326424870466321,0.3775679545196356,0.4326424870466321,0.4271350337939325,0.41887385391488297,0.4051052207831338,0.39133658765138474,0.3775679545196356
2017_18_20171129_CHE_SWA,2017_18,2017-11-29,0,0.6155778894472362,0.6161362775291519,0.6155778894472362,0.6156337282554278,0.6157174864677151,0.615857083488194,0.615996680508673,0.6161362775291519
2017_18_20171129_EVE_WHU,2017_18,2017-11-29,1,0.4698162729658792,0.4800910212950179,0.4698162729658792,0.4708437477987931,0.4723849600481639,0.4749536471304485,0.4775223342127332,0.4800910212950179
2017_18_20171129_MCI_SOU,2017_18,2017-11-29,1,0.6705607476635514,0.6869699775819743,0.6705607476635514,0.6722016706553937,0.6746630551431572,0.6787653626227629,0.6828676701023686,0.6869699775819743
2017_18_20171129_STK_LIV,2017_18,2017-11-29,1,0.6025316455696202,0.6432111134024392,0.6025316455696202,0.6065995923529021,0.612701512527825,0.6228713794860297,0.6330412464442344,0.6432111134024392
2017_18_20171202_ARS_MUN,2017_18,2017-12-02,1,0.4947643979057591,0.4621333170805522,0.4947643979057591,0.4915012898232384,0.4866066276994574,0.4784488574931557,0.470291087286854,0.4621333170805522
2017_18_20171202_BRI_LIV,2017_18,2017-12-02,1,0.5366492146596858,0.5946343844429703,0.5366492146596858,0.5424477316380143,0.551145507105507,0.5656417995513281,0.5801380919971492,0.5946343844429703
2017_18_20171202_CHE_NEW,2017_18,2017-12-02,1,0.5903307888040712,0.6243210746812932,0.5903307888040712,0.5937298173917934,0.5988283602733767,0.6073259317426822,0.6158235032119876,0.6243210746812932
2017_18_20171202_EVE_HUD,2017_18,2017-12-02,0,0.4673629242819843,0.4777771204945314,0.4673629242819843,0.468404343903239,0.46996647333512104,0.47257002238825785,0.47517357144139466,0.4777771204945314
2017_18_20171202_LEI_BUR,2017_18,2017-12-02,0,0.4404145077720207,0.4188516807397124,0.4404145077720207,0.43825822506878986,0.4350238010139436,0.42963309425586654,0.4242423874977895,0.4188516807397124
2017_18_20171202_STK_SWA,2017_18,2017-12-02,1,0.4341085271317829,0.3783251795767252,0.4341085271317829,0.4285301923762771,0.42016269024301844,0.40621685335425406,0.39227101646548956,0.3783251795767252
2017_18_20171202_WAT_TOT,2017_18,2017-12-02,0,0.5633074935400517,0.5443696203696307,0.5633074935400517,0.5614137062230096,0.5585730252474465,0.5538385569548412,0.5491040886622359,0.5443696203696307
2017_18_20171202_WBA_CRY,2017_18,2017-12-02,0,0.3964646464646465,0.4476040345195387,0.3964646464646465,0.40157858527013574,0.40924949347836953,0.4220343404920926,0.4348191875058156,0.4476040345195387
2017_18_20171203_BOU_SOU,2017_18,2017-12-03,0,0.4389610389610389,0.4437236908539729,0.4389610389610389,0.43943730415033233,0.44015170193427244,0.4413423649075059,0.44253302788073934,0.4437236908539729
2017_18_20171203_MCI_WHU,2017_18,2017-12-03,1,0.7578125,0.7710663011453542,0.7578125,0.7591378801145354,0.7611259502863386,0.7644394005726771,0.7677528508590157,0.7710663011453542
2017_18_20171209_BUR_WAT,2017_18,2017-12-09,0,0.4194373401534527,0.4187286229959792,0.4194373401534527,0.41936646843770536,0.4192601608640843,0.4190829815747159,0.4189058022853476,0.4187286229959792
2017_18_20171209_CRY_BOU,2017_18,2017-12-09,1,0.4569190600522194,0.414756215236045,0.4569190600522194,0.45270277557060196,0.44637834884817584,0.4358376376441322,0.42529692644008854,0.414756215236045
2017_18_20171209_HUD_BRI,2017_18,2017-12-09,0,0.339667458432304,0.3380159784951821,0.339667458432304,0.3395023104385918,0.33925458844802353,0.33884171846374306,0.3384288484794626,0.3380159784951821
2017_18_20171209_NEW_LEI,2017_18,2017-12-09,1,0.4764397905759163,0.5229066764906594,0.4764397905759163,0.4810864791673906,0.48805651205460204,0.49967323353328785,0.5112899550119736,0.5229066764906594
2017_18_20171209_SWA_WBA,2017_18,2017-12-09,0,0.3600973236009733,0.393594607980927,0.3600973236009733,0.3634470520389687,0.3684716446959617,0.37684596579095014,0.38522028688593857,0.393594607980927
2017_18_20171209_TOT_STK,2017_18,2017-12-09,1,0.6271604938271605,0.7324050740541665,0.6271604938271605,0.6376849518498612,0.6534716388839121,0.6797827839406636,0.7060939289974151,0.7324050740541665
2017_18_20171209_WHU_CHE,2017_18,2017-12-09,0,0.5287958115183247,0.5830744897275192,0.5287958115183247,0.5342236793392441,0.5423654810706233,0.555935150622922,0.5695048201752205,0.5830744897275192
2017_18_20171210_LIV_EVE,2017_18,2017-12-10,0,0.6390243902439025,0.6872550203649389,0.6390243902439025,0.6438474532560061,0.6510820477741616,0.6631397053044207,0.6751973628346798,0.6872550203649389
2017_18_20171210_MUN_MCI,2017_18,2017-12-10,1,0.5196850393700787,0.521577668713914,0.5196850393700787,0.5198743023044623,0.5201581967060376,0.5206313540419963,0.5211045113779551,0.521577668713914
2017_18_20171210_SOU_ARS,2017_18,2017-12-10,0,0.5287958115183247,0.5653216887310447,0.5287958115183247,0.5324483992395967,0.5379272808215046,0.5470587501246846,0.5561902194278647,0.5653216887310447
2017_18_20171212_BUR_STK,2017_18,2017-12-12,0,0.398989898989899,0.4390792578941337,0.398989898989899,0.4029988348803225,0.4090122387159577,0.41903457844201636,0.42905691816807506,0.4390792578941337
2017_18_20171212_CRY_WAT,2017_18,2017-12-12,1,0.518324607329843,0.5329004993853554,0.518324607329843,0.5197821965353943,0.5219685803437211,0.5256125533575993,0.5292565263714774,0.5329004993853554
2017_18_20171212_HUD_CHE,2017_18,2017-12-12,1,0.4908616187989557,0.5527618316293629,0.4908616187989557,0.4970516400819964,0.5063366720065575,0.5218117252141593,0.5372867784217611,0.5527618316293629
2017_18_20171213_LIV_WBA,2017_18,2017-12-13,0,0.6246913580246914,0.6508301768819552,0.6246913580246914,0.6273052399104178,0.6312260627390074,0.6377607674533233,0.6442954721676393,0.6508301768819552
2017_18_20171213_MUN_BOU,2017_18,2017-12-13,0,0.5820512820512821,0.5707450813146046,0.5820512820512821,0.5809206619776143,0.5792247318671127,0.5763981816829433,0.573571631498774,0.5707450813146046
2017_18_20171213_NEW_EVE,2017_18,2017-12-13,0,0.4505208333333333,0.5619995317471408,0.4505208333333333,0.4616687031747141,0.47839050793678517,0.5062601825402371,0.534129857143689,0.5619995317471408
2017_18_20171213_SOU_LEI,2017_18,2017-12-13,1,0.4673629242819843,0.4783120840432573,0.4673629242819843,0.4684578402581116,0.4701002142223025,0.4728375041626208,0.47557479410293907,0.4783120840432573
2017_18_20171213_SWA_MCI,2017_18,2017-12-13,1,0.6356968215158926,0.699972134360025,0.6356968215158926,0.6421243528003059,0.6517656497269257,0.6678344779379588,0.6839033061489919,0.699972134360025
2017_18_20171213_TOT_BRI,2017_18,2017-12-13,0,0.5856777493606138,0.6401505632369333,0.5856777493606138,0.5911250307482457,0.5992959528296937,0.6129141562987735,0.6265323597678534,0.6401505632369333
2017_18_20171213_WHU_ARS,2017_18,2017-12-13,0,0.5710594315245477,0.6271521416212567,0.5710594315245477,0.5766687025342186,0.585082609048725,0.5991057865729021,0.6131289640970794,0.6271521416212567
2017_18_20171216_ARS_NEW,2017_18,2017-12-16,0,0.6498800959232613,0.7067245392914916,0.6498800959232613,0.6555645402600844,0.6640912067653189,0.6783023176073765,0.692513428449434,0.7067245392914916
2017_18_20171216_BRI_BUR,2017_18,2017-12-16,0,0.3396226415094339,0.3421859851582619,0.3396226415094339,0.3398789758743167,0.34026347742164087,0.34090431333384785,0.3415451492460549,0.3421859851582619
2017_18_20171216_CHE_SOU,2017_18,2017-12-16,0,0.5532467532467532,0.6173787150841336,0.5532467532467532,0.5596599494304912,0.5692797437060984,0.5853127341654434,0.6013457246247884,0.6173787150841336
2017_18_20171216_LEI_CRY,2017_18,2017-12-16,1,0.4986945169712793,0.4709638826298472,0.4986945169712793,0.4959214535371361,0.4917618583859213,0.48482919980056327,0.4778965412152052,0.4709638826298472
2017_18_20171216_MCI_TOT,2017_18,2017-12-16,1,0.6169154228855721,0.6403649202834135,0.6169154228855721,0.6192603726253563,0.6227777972350325,0.6286401715844928,0.6345025459339532,0.6403649202834135
2017_18_20171216_STK_WHU,2017_18,2017-12-16,1,0.4569190600522194,0.4878288508395983,0.4569190600522194,0.4600100391309573,0.46464650774906413,0.4723739554459089,0.4801014031427536,0.4878288508395983
2017_18_20171216_WAT_HUD,2017_18,2017-12-16,1,0.4699738903394256,0.5017571565891579,0.4699738903394256,0.4731522169643988,0.47791970690185864,0.48586552346429174,0.4938113400267248,0.5017571565891579
2017_18_20171217_BOU_LIV,2017_18,2017-12-17,1,0.6055276381909548,0.640208128538244,0.6055276381909548,0.6089956872256838,0.6141977607777771,0.6228678833645994,0.6315380059514217,0.640208128538244
2017_18_20171217_WBA_MUN,2017_18,2017-12-17,1,0.4595300261096606,0.4857788600094455,0.4595300261096606,0.46215490949963905,0.4660922345846068,0.47265444305955306,0.47921665153449927,0.4857788600094455
2017_18_20171218_EVE_SWA,2017_18,2017-12-18,1,0.4215938303341903,0.3775791452905646,0.4215938303341903,0.4171923618298277,0.41059015907328383,0.39958648781237743,0.388582816551471,0.3775791452905646
2017_18_20171222_ARS_LIV,2017_18,2017-12-22,1,0.6314496314496314,0.6335204762876663,0.6314496314496314,0.631656715933435,0.6319673426591401,0.6324850538686488,0.6330027650781576,0.6335204762876663
2017_18_20171223_BRI_WAT,2017_18,2017-12-23,0,0.4267352185089973,0.4689230087624941,0.4267352185089973,0.430953997534347,0.43728216607237147,0.44782911363574573,0.4583760611991199,0.4689230087624941
2017_18_20171223_BUR_TOT,2017_18,2017-12-23,1,0.468586387434555,0.5278632572505989,0.468586387434555,0.47451407441615945,0.483405604888566,0.4982248223425769,0.5130440397965879,0.5278632572505989
2017_18_20171223_EVE_CHE,2017_18,2017-12-23,0,0.4647519582245431,0.4035492279578012,0.4647519582245431,0.45863168519786895,0.44945127565785764,0.43415059309117215,0.41884991052448667,0.4035492279578012
2017_18_20171223_LEI_MUN,2017_18,2017-12-23,1,0.4947643979057591,0.5060078103123495,0.4947643979057591,0.4958887391464181,0.49757525100740674,0.5003861041090543,0.5031969572107019,0.5060078103123495
2017_18_20171223_MCI_BOU,2017_18,2017-12-23,1,0.7679245283018867,0.7536875956899641,0.7679245283018867,0.7665008350406946,0.7643652951489062,0.7608060619959254,0.7572468288429448,0.7536875956899641
2017_18_20171223_SOU_HUD,2017_18,2017-12-23,0,0.4595300261096606,0.5137648756166309,0.4595300261096606,0.4649535110603576,0.47308873848640315,0.48664745086314576,0.5002061632398883,0.5137648756166309
2017_18_20171223_STK_WBA,2017_18,2017-12-23,1,0.4060913705583756,0.4607833931785502,0.4060913705583756,0.41156057282039304,0.4197643762134192,0.4334373818684629,0.4471103875235065,0.4607833931785502
2017_18_20171223_SWA_CRY,2017_18,2017-12-23,0,0.3999999999999999,0.3915564357433964,0.3999999999999999,0.3991556435743396,0.39788910893584906,0.39577821787169815,0.39366732680754724,0.3915564357433964
2017_18_20171223_WHU_NEW,2017_18,2017-12-23,1,0.4430051813471503,0.4779542532393363,0.4430051813471503,0.4465000885363689,0.4517424493201968,0.46047971729324333,0.4692169852662898,0.4779542532393363
2017_18_20171226_BOU_WHU,2017_18,2017-12-26,1,0.451948051948052,0.5244784205952747,0.451948051948052,0.45920108881277427,0.4700806441098577,0.48821323627166335,0.506345828433469,0.5244784205952747
2017_18_20171226_CHE_BRI,2017_18,2017-12-26,0,0.5721649484536083,0.6277163222613207,0.5721649484536083,0.5777200858343795,0.5860527919055364,0.5999406353574646,0.6138284788093926,0.6277163222613207
2017_18_20171226_HUD_STK,2017_18,2017-12-26,0,0.413265306122449,0.3922514309054378,0.413265306122449,0.41116391860074786,0.40801183731819624,0.4027583685139434,0.39750489970969055,0.3922514309054378
2017_18_20171226_LIV_SWA,2017_18,2017-12-26,1,0.6759259259259259,0.6863239826546957,0.6759259259259259,0.6769657315988029,0.6785254401081183,0.6811249542903108,0.6837244684725033,0.6863239826546957
2017_18_20171226_MUN_BUR,2017_18,2017-12-26,1,0.5442708333333333,0.5233380405237126,0.5442708333333333,0.5421775540523712,0.5390376351309281,0.5338044369285229,0.5285712387261177,0.5233380405237126
2017_18_20171226_TOT_SOU,2017_18,2017-12-26,1,0.5633074935400517,0.6247726179672625,0.5633074935400517,0.5694540059827728,0.5786737746468544,0.5940400557536571,0.6094063368604599,0.6247726179672625
2017_18_20171226_WAT_LEI,2017_18,2017-12-26,1,0.5416666666666667,0.5747393753218952,0.5416666666666667,0.5449739375321896,0.5499348438304739,0.558203020994281,0.5664711981580881,0.5747393753218952
2017_18_20171226_WBA_EVE,2017_18,2017-12-26,0,0.3821339950372208,0.4101311886999514,0.3821339950372208,0.3849337144034939,0.3891332934529035,0.39613259186858607,0.40313189028426877,0.4101311886999514
2017_18_20171227_NEW_MCI,2017_18,2017-12-27,0,0.6571428571428571,0.7147005705356699,0.6571428571428571,0.6628986284821384,0.6715322854910604,0.6859217138392635,0.7003111421874667,0.7147005705356699
2017_18_20171228_CRY_ARS,2017_18,2017-12-28,1,0.5856777493606138,0.5957732507383707,0.5856777493606138,0.5866872994983895,0.588201624705053,0.5907255000494922,0.5932493753939314,0.5957732507383707
2017_18_20171230_BOU_EVE,2017_18,2017-12-30,1,0.4505208333333333,0.4998574004209009,0.4505208333333333,0.4554544900420901,0.4628549751052252,0.47518911687711707,0.487523258649009,0.4998574004209009
2017_18_20171230_CHE_STK,2017_18,2017-12-30,1,0.6564705882352941,0.7333034177764142,0.6564705882352941,0.6641538711894062,0.6756787956205741,0.6948870030058542,0.7140952103911342,0.7333034177764142
2017_18_20171230_HUD_BUR,2017_18,2017-12-30,0,0.3477218225419664,0.266275402289946,0.3477218225419664,0.33957718051676433,0.32736021747896127,0.30699861241595616,0.28663700735295106,0.266275402289946
2017_18_20171230_LIV_LEI,2017_18,2017-12-30,1,0.676674364896074,0.6869299978412559,0.676674364896074,0.6776999281905922,0.6792382731323695,0.681802181368665,0.6843660896049604,0.6869299978412559
2017_18_20171230_MUN_SOU,2017_18,2017-12-30,0,0.5442708333333333,0.607386997650457,0.5442708333333333,0.5505824497650457,0.5600498744126142,0.5758289154918952,0.591607956571176,0.607386997650457
2017_18_20171230_NEW_BRI,2017_18,2017-12-30,0,0.3875,0.3865019284355845,0.3875,0.3874001928435585,0.3872504821088961,0.3870009642177923,0.3867514463266884,0.3865019284355845
2017_18_20171230_WAT_SWA,2017_18,2017-12-30,1,0.4621409921671018,0.476017089218304,0.4621409921671018,0.46352860187222206,0.46561001642990235,0.4690790406927029,0.47254806495550344,0.476017089218304
2017_18_20171231_CRY_MCI,2017_18,2017-12-31,0,0.6721311475409837,0.7144473119108035,0.6721311475409837,0.6763627639779657,0.6827101886334386,0.6932892297258936,0.7038682708183485,0.7144473119108035
2017_18_20171231_WBA_ARS,2017_18,2017-12-31,0,0.5235602094240838,0.5841082707941052,0.5235602094240838,0.5296150155610859,0.5386972247665891,0.5538342401090945,0.5689712554515999,0.5841082707941052
2017_18_20180101_BRI_BOU,2017_18,2018-01-01,1,0.3865336658354114,0.393276390701228,0.3865336658354114,0.3872079383219931,0.38821934705186556,0.3899050282683197,0.3915907094847738,0.393276390701228
2017_18_20180101_BUR_LIV,2017_18,2018-01-01,1,0.5287958115183247,0.5377383728557398,0.5287958115183247,0.5296900676520662,0.5310314518526784,0.5332670921870322,0.535502732521386,0.5377383728557398
2017_18_20180101_EVE_MUN,2017_18,2018-01-01,0,0.4158163265306122,0.4031995028165345,0.4158163265306122,0.41455464415920446,0.41266212060209273,0.40950791467357334,0.40635370874505394,0.4031995028165345
2017_18_20180101_LEI_HUD,2017_18,2018-01-01,1,0.4764397905759163,0.5201019920415525,0.4764397905759163,0.48080601072247997,0.48735534094232535,0.49827089130873436,0.5091864416751435,0.5201019920415525
2017_18_20180101_STK_NEW,2017_18,2018-01-01,0,0.4609375,0.5234801581409381,0.4609375,0.46719176581409383,0.4765731645352345,0.49220882907046903,0.5078444936057036,0.5234801581409381
2017_18_20180102_MCI_WAT,2017_18,2018-01-02,1,0.7121212121212122,0.7181270884011136,0.7121212121212122,0.7127217997492024,0.7136226811911875,0.7151241502611629,0.7166256193311382,0.7181270884011136
2017_18_20180102_SOU_CRY,2017_18,2018-01-02,1,0.4712041884816754,0.4676287514334114,0.4712041884816754,0.470846644776849,0.4703103292196094,0.4694164699575434,0.4685226106954774,0.4676287514334114
2017_18_20180102_SWA_TOT,2017_18,2018-01-02,0,0.5430809399477807,0.6616790969129092,0.5430809399477807,0.5549407556442936,0.5727304791890628,0.6023800184303449,0.632029557671627,0.6616790969129092
2017_18_20180102_WHU_WBA,2017_18,2018-01-02,1,0.4025316455696203,0.3839903524155382,0.4025316455696203,0.40067751625421205,0.3978963222810998,0.39326099899257927,0.3886256757040587,0.3839903524155382
2017_18_20180103_ARS_CHE,2017_18,2018-01-03,1,0.5758354755784061,0.6018554715840089,0.5758354755784061,0.5784374751789664,0.5823404745798068,0.5888454735812074,0.5953504725826082,0.6018554715840089
2017_18_20180104_TOT_WHU,2017_18,2018-01-04,0,0.6105527638190955,0.6292182256072031,0.6105527638190955,0.6124193099979063,0.6152191292661224,0.6198854947131494,0.6245518601601763,0.6292182256072031
2017_18_20180113_CHE_LEI,2017_18,2018-01-13,0,0.6115288220551378,0.6341570836841848,0.6115288220551378,0.6137916482180426,0.6171858874623996,0.6228429528696613,0.628500018276923,0.6341570836841848
2017_18_20180113_CRY_BUR,2017_18,2018-01-13,0,0.4005037783375315,0.3665910892472135,0.4005037783375315,0.3971125094284997,0.392025606064952,0.3835474337923725,0.37506926151979303,0.3665910892472135
2017_18_20180113_HUD_WHU,2017_18,2018-01-13,1,0.3830845771144278,0.337699190713794,0.3830845771144278,0.3785460384743644,0.37173823051426935,0.3603918839141109,0.34904553731395244,0.337699190713794
2017_18_20180113_NEW_SWA,2017_18,2018-01-13,0,0.4050632911392405,0.3920997295788209,0.4050632911392405,0.40376693498319854,0.4018224007491356,0.39858151035903067,0.3953406199689258,0.3920997295788209
2017_18_20180113_TOT_EVE,2017_18,2018-01-13,1,0.5607235142118864,0.5874467159217,0.5607235142118864,0.5633958343828678,0.5674043146393398,0.5740851150667932,0.5807659154942465,0.5874467159217
2017_18_20180113_WAT_SOU,2017_18,2018-01-13,1,0.4921465968586388,0.5526122329672747,0.4921465968586388,0.49819316046950246,0.5072630058857978,0.5223794149129568,0.5374958239401157,0.5526122329672747
2017_18_20180113_WBA_BRI,2017_18,2018-01-13,0,0.3248259860788863,0.3803555430884471,0.3248259860788863,0.3303789417798424,0.3387083753312765,0.35259076458366667,0.3664731538360569,0.3803555430884471
2017_18_20180114_BOU_ARS,2017_18,2018-01-14,1,0.6271604938271605,0.696505073171545,0.6271604938271605,0.634094951761599,0.6444966386632567,0.6618327834993527,0.6791689283354488,0.696505073171545
2017_18_20180114_LIV_MCI,2017_18,2018-01-14,1,0.6228287841191067,0.6281912852691149,0.6228287841191067,0.6233650342341076,0.6241694094066088,0.6255100346941108,0.6268506599816128,0.6281912852691149
2017_18_20180115_MUN_STK,2017_18,2018-01-15,1,0.6305418719211823,0.7051120131960756,0.6305418719211823,0.6379988860486716,0.6491844072399056,0.667826942558629,0.6864694778773524,0.7051120131960756
2017_18_20180120_ARS_CRY,2017_18,2018-01-20,1,0.5974683544303797,0.5848550745668817,0.5974683544303797,0.5962070264440299,0.5943150344645052,0.5911617144986308,0.5880083945327562,0.5848550745668817
2017_18_20180120_BRI_CHE,2017_18,2018-01-20,1,0.4341085271317829,0.4591609460778769,0.4341085271317829,0.43661376902639226,0.4403716318683064,0.4466347366048299,0.45289784134135336,0.4591609460778769
2017_18_20180120_BUR_MUN,2017_18,2018-01-20,0,0.4366925064599483,0.4811232101384168,0.4366925064599483,0.44113557682779514,0.4478001823795654,0.45890785829918257,0.47001553421879966,0.4811232101384168
2017_18_20180120_EVE_WBA,2017_18,2018-01-20,0,0.3762376237623762,0.3987207593622347,0.3762376237623762,0.3784859373223621,0.3818584076623408,0.3874791915623055,0.39309997546227005,0.3987207593622347
2017_18_20180120_LEI_WAT,2017_18,2018-01-20,0,0.5468749999999999,0.5921495362485548,0.5468749999999999,0.5514024536248554,0.5581936340621386,0.5695122681242774,0.5808309021864161,0.5921495362485548
2017_18_20180120_MCI_NEW,2017_18,2018-01-20,1,0.7291666666666667,0.7689441715274653,0.7291666666666667,0.7331444171527466,0.7391110428818664,0.749055419097066,0.7589997953122656,0.7689441715274653
2017_18_20180120_STK_HUD,2017_18,2018-01-20,0,0.4304123711340206,0.4388090179124944,0.4304123711340206,0.43125203581186794,0.432511532828639,0.4346106945232575,0.43670985621787595,0.4388090179124944
2017_18_20180120_WHU_BOU,2017_18,2018-01-20,0,0.5104712041884817,0.5462925475362221,0.5104712041884817,0.5140533385232557,0.5194265400254168,0.528381875862352,0.537337211699287,0.5462925475362221
2017_18_20180121_SOU_TOT,2017_18,2018-01-21,0,0.5274151436031332,0.6029385526494745,0.5274151436031332,0.5349674845077673,0.5462959958647186,0.5651768481263039,0.5840577003878892,0.6029385526494745
2017_18_20180122_SWA_LIV,2017_18,2018-01-22,0,0.5710594315245477,0.5831064656083023,0.5710594315245477,0.5722641349329232,0.5740711900454865,0.5770829485664251,0.5800947070873637,0.5831064656083023
2017_18_20180130_HUD_LIV,2017_18,2018-01-30,1,0.5670103092783505,0.5974725847590935,0.5670103092783505,0.5700565368264248,0.5746258781485363,0.582241447018722,0.5898570158889078,0.5974725847590935
2017_18_20180130_SWA_ARS,2017_18,2018-01-30,1,0.5416666666666667,0.6136161071148822,0.5416666666666667,0.5488616107114883,0.5596540267787207,0.5776413868907745,0.5956287470028283,0.6136161071148822
2017_18_20180130_WHU_CRY,2017_18,2018-01-30,0,0.4441558441558441,0.3772198634011767,0.4441558441558441,0.4374622460803773,0.4274218489671772,0.41068785377851036,0.39395385858984355,0.3772198634011767
2017_18_20180131_CHE_BOU,2017_18,2018-01-31,1,0.6246913580246914,0.6898588953410044,0.6246913580246914,0.6312081117563227,0.6409832423537697,0.6572751266828479,0.6735670110119262,0.6898588953410044
2017_18_20180131_EVE_LEI,2017_18,2018-01-31,1,0.4278350515463917,0.4756151953615457,0.4278350515463917,0.4326130659279071,0.4397800875001802,0.45172512345396865,0.46367015940775713,0.4756151953615457
2017_18_20180131_MCI_WBA,2017_18,2018-01-31,1,0.6563245823389022,0.689940401877765,0.6563245823389022,0.6596861642927885,0.6647285372236179,0.6731324921083336,0.6815364469930493,0.689940401877765
2017_18_20180131_NEW_BUR,2017_18,2018-01-31,0,0.3676470588235294,0.336781585263961,0.3676470588235294,0.36456051146757257,0.3599306904336373,0.3522143220437452,0.3444979536538531,0.336781585263961
2017_18_20180131_SOU_BRI,2017_18,2018-01-31,0,0.4025316455696203,0.4627394774577744,0.4025316455696203,0.40855242875843567,0.41758360354165885,0.4326355615136973,0.4476875194857358,0.4627394774577744
2017_18_20180131_STK_WAT,2017_18,2018-01-31,0,0.518324607329843,0.5657466692363087,0.518324607329843,0.5230668135204896,0.5301801228064593,0.5420356382830758,0.5538911537596922,0.5657466692363087
2017_18_20180131_TOT_MUN,2017_18,2018-01-31,0,0.4973821989528796,0.4795327240687327,0.4973821989528796,0.495597251464465,0.49291983023184294,0.48845746151080616,0.4839950927897694,0.4795327240687327
2017_18_20180203_ARS_EVE,2017_18,2018-02-03,1,0.6045340050377834,0.6569045929086831,0.6045340050377834,0.6097710638248734,0.6176266520055084,0.6307192989732333,0.6438119459409581,0.6569045929086831
2017_18_20180203_BOU_STK,2017_18,2018-02-03,1,0.5209424083769634,0.5245011145061154,0.5209424083769634,0.5212982789898786,0.5218320849092514,0.5227217614415394,0.5236114379738274,0.5245011145061154
2017_18_20180203_BRI_WHU,2017_18,2018-02-03,1,0.3710073710073709,0.3539627017193237,0.3710073710073709,0.3693029040785662,0.3667462036853591,0.3624850363633473,0.3582238690413355,0.3539627017193237
2017_18_20180203_BUR_MCI,2017_18,2018-02-03,0,0.5670103092783505,0.6265613886935726,0.5670103092783505,0.5729654172198727,0.581898079132156,0.5967858489859615,0.6116736188397671,0.6265613886935726
2017_18_20180203_LEI_SWA,2017_18,2018-02-03,0,0.4569190600522194,0.4605767347242689,0.4569190600522194,0.45728482751942434,0.4578334787202318,0.4587478973882442,0.4596623160562565,0.4605767347242689
2017_18_20180203_MUN_HUD,2017_18,2018-02-03,0,0.6035353535353536,0.6040471884695393,0.6035353535353536,0.6035865370287722,0.6036633122689,0.6037912710024465,0.6039192297359929,0.6040471884695393
2017_18_20180203_WBA_SOU,2017_18,2018-02-03,1,0.4071246819338422,0.4780555531242214,0.4071246819338422,0.41421776905288016,0.424857399731437,0.44259011752903177,0.46032283532662654,0.4780555531242214
2017_18_20180204_CRY_NEW,2017_18,2018-02-04,0,0.4441558441558441,0.4317118871324285,0.4441558441558441,0.4429114484535025,0.4410448548999901,0.4379338656441363,0.43482287638828243,0.4317118871324285
2017_18_20180204_LIV_TOT,2017_18,2018-02-04,1,0.5974683544303797,0.6139342032597517,0.5974683544303797,0.5991149393133169,0.6015848166377227,0.6057012788450657,0.6098177410524087,0.6139342032597517
2017_18_20180205_WAT_CHE,2017_18,2018-02-05,1,0.5144356955380577,0.5495772651038978,0.5144356955380577,0.5179498524946418,0.5232210879295177,0.5320064803209777,0.5407918727124378,0.5495772651038978
2017_18_20180210_EVE_CRY,2017_18,2018-02-10,1,0.423076923076923,0.4359172477849604,0.423076923076923,0.4243609555477268,0.4262870042539324,0.42949708543094167,0.43270716660795105,0.4359172477849604
2017_18_20180210_MCI_LEI,2017_18,2018-02-10,1,0.6842105263157895,0.7325121696174084,0.6842105263157895,0.6890406906459514,0.6962859371411942,0.7083613479665989,0.7204367587920036,0.7325121696174084
2017_18_20180210_STK_BRI,2017_18,2018-02-10,0,0.4035532994923858,0.4088791503596772,0.4035532994923858,0.40408588457911493,0.4048847622092086,0.4062162249260315,0.4075476876428544,0.4088791503596772
2017_18_20180210_SWA_BUR,2017_18,2018-02-10,0,0.3428571428571429,0.2909927688192012,0.3428571428571429,0.3376707054533487,0.32989104934765745,0.31692495583817204,0.30395886232868663,0.2909927688192012
2017_18_20180210_TOT_ARS,2017_18,2018-02-10,0,0.6314496314496314,0.6740706602778845,0.6314496314496314,0.6357117343324568,0.6421048886566947,0.652760145863758,0.6634154030708213,0.6740706602778845
2017_18_20180210_WHU_WAT,2017_18,2018-02-10,0,0.4816753926701571,0.4829382290128233,0.4816753926701571,0.48180167630442366,0.4819911017558236,0.4823068108414902,0.48262251992715677,0.4829382290128233
2017_18_20180211_HUD_BOU,2017_18,2018-02-11,1,0.4179487179487179,0.4808014809974876,0.4179487179487179,0.42423399425359487,0.43366190871091037,0.4493750994731027,0.4650882902352952,0.4808014809974876
2017_18_20180211_NEW_MUN,2017_18,2018-02-11,0,0.4750656167979003,0.4960976403681875,0.4750656167979003,0.4771688191549291,0.48032362269047213,0.4855816285830439,0.4908396344756157,0.4960976403681875
2017_18_20180211_SOU_LIV,2017_18,2018-02-11,0,0.5633074935400517,0.56644716969788,0.5633074935400517,0.5636214611558346,0.5640924125795088,0.5648773316189659,0.565662250658423,0.56644716969788
2017_18_20180212_CHE_WBA,2017_18,2018-02-12,1,0.5483028720626633,0.6196115339427334,0.5483028720626633,0.5554337382506703,0.5661300375326808,0.5839572030026983,0.6017843684727158,0.6196115339427334
2017_18_20180224_BOU_NEW,2017_18,2018-02-24,1,0.4855643044619423,0.4302813127164203,0.4855643044619423,0.4800360052873901,0.47174355652556177,0.45792280858918133,0.4441020606528008,0.4302813127164203
2017_18_20180224_BRI_SWA,2017_18,2018-02-24,1,0.3676470588235294,0.3987256998895536,0.3676470588235294,0.3707549229301318,0.37541671909003543,0.3831863793565415,0.39095603962304754,0.3987256998895536
2017_18_20180224_BUR_SOU,2017_18,2018-02-24,0,0.3719211822660098,0.4122990820362544,0.3719211822660098,0.37595897224303426,0.38201565720857095,0.3921101321511321,0.40220460709369327,0.4122990820362544
2017_18_20180224_LEI_STK,2017_18,2018-02-24,0,0.5052356020942408,0.5455594087191683,0.5052356020942408,0.5092679827567336,0.5153165537504727,0.5253975054067046,0.5354784570629365,0.5455594087191683
2017_18_20180224_LIV_WHU,2017_18,2018-02-24,1,0.6611374407582938,0.6366832767693421,0.6611374407582938,0.6586920243593987,0.6550238997610559,0.648910358763818,0.64279681776658,0.6366832767693421
2017_18_20180224_WAT_EVE,2017_18,2018-02-24,0,0.4633507853403141,0.4976098521626792,0.4633507853403141,0.4667766920225506,0.4719155520459054,0.48048031875149666,0.4890450854570879,0.4976098521626792
2017_18_20180224_WBA_HUD,2017_18,2018-02-24,1,0.380597014925373,0.3762363540066196,0.380597014925373,0.3801609488334977,0.37950684969568466,0.3784166844659963,0.37732651923630794,0.3762363540066196
2017_18_20180225_CRY_TOT,2017_18,2018-02-25,0,0.5494791666666667,0.6035090056181134,0.5494791666666667,0.5548821505618114,0.5629866264045285,0.5764940861423901,0.5900015458802517,0.6035090056181134
2017_18_20180225_MUN_CHE,2017_18,2018-02-25,1,0.4543080939947781,0.458460463112497,0.4543080939947781,0.45472333090655004,0.45534618627420786,0.45638427855363756,0.4574223708330673,0.458460463112497
2017_18_20180301_ARS_MCI,2017_18,2018-03-01,1,0.6356968215158926,0.6667471952665709,0.6356968215158926,0.6388018588909604,0.6434594149535622,0.6512220083912317,0.6589846018289013,0.6667471952665709
2017_18_20180303_BUR_EVE,2017_18,2018-03-03,1,0.3658536585365854,0.4283652877831359,0.3658536585365854,0.37210482146124046,0.381481565848223,0.39710947315986067,0.41273738047149827,0.4283652877831359
2017_18_20180303_LEI_BOU,2017_18,2018-03-03,0,0.5416666666666667,0.5987339730981789,0.5416666666666667,0.547373397309818,0.5559334932745448,0.5702003198824228,0.5844671464903008,0.5987339730981789
2017_18_20180303_LIV_NEW,2017_18,2018-03-03,0,0.6697892271662763,0.6405374451502711,0.6697892271662763,0.6668640489646758,0.662476281662275,0.6551633361582737,0.6478503906542724,0.6405374451502711
2017_18_20180303_SOU_STK,2017_18,2018-03-03,0,0.4764397905759163,0.494150669838154,0.4764397905759163,0.47821087850214006,0.4808675103914757,0.48529523020703513,0.4897229500225946,0.494150669838154
2017_18_20180303_SWA_WHU,2017_18,2018-03-03,1,0.4183673469387755,0.3802682398672732,0.4183673469387755,0.4145574362316252,0.4088425701708999,0.3993177934030243,0.38979301663514876,0.3802682398672732
2017_18_20180303_TOT_HUD,2017_18,2018-03-03,0,0.6055276381909548,0.6438715878669563,0.6055276381909548,0.609362033158555,0.6151136256099552,0.6246996130289555,0.6342856004479559,0.6438715878669563
2017_18_20180303_WAT_WBA,2017_18,2018-03-03,0,0.4366925064599483,0.4479363753042522,0.4366925064599483,0.4378168933443787,0.43950347367102427,0.44231444088210026,0.4451254080931762,0.4479363753042522
2017_18_20180304_BRI_ARS,2017_18,2018-03-04,1,0.5340314136125655,0.6242117487440492,0.5340314136125655,0.5430494471257139,0.5565764973954364,0.5791215811783073,0.6016666649611782,0.6242117487440492
2017_18_20180304_MCI_CHE,2017_18,2018-03-04,0,0.5644329896907216,0.5682681702243126,0.5644329896907216,0.5648165077440808,0.5653917848241194,0.5663505799575171,0.5673093750909148,0.5682681702243126
2017_18_20180305_CRY_MUN,2017_18,2018-03-05,1,0.4776902887139108,0.5070919587098001,0.4776902887139108,0.4806304557134997,0.4850407062128831,0.49239112371185545,0.49974154121082776,0.5070919587098001
2017_18_20180310_CHE_CRY,2017_18,2018-03-10,1,0.5618556701030928,0.6250976168396792,0.5618556701030928,0.5681798647767514,0.5776661567872394,0.5934766434713861,0.6092871301555327,0.6250976168396792
2017_18_20180310_EVE_BRI,2017_18,2018-03-10,0,0.4096692111959288,0.4827573030903074,0.4096692111959288,0.4169780203853667,0.42794123416952345,0.4462132571431181,0.46448528011671275,0.4827573030903074
2017_18_20180310_HUD_SWA,2017_18,2018-03-10,0,0.3777777777777777,0.367850070110818,0.3777777777777777,0.37678500701108175,0.3752958508610378,0.37281392394429785,0.3703319970275579,0.367850070110818
2017_18_20180310_MUN_LIV,2017_18,2018-03-10,1,0.5013054830287206,0.5229334003931452,0.5013054830287206,0.5034682747651631,0.5067124623698267,0.5121194417109329,0.517526421052039,0.5229334003931452
2017_18_20180310_NEW_SOU,2017_18,2018-03-10,1,0.4194373401534527,0.4589940054382364,0.4194373401534527,0.4233930066819311,0.4293265064746486,0.4392156727958445,0.44910483911704047,0.4589940054382364
2017_18_20180310_WBA_LEI,2017_18,2018-03-10,1,0.4329896907216495,0.4798526854193315,0.4329896907216495,0.4376759901914177,0.44470543939607,0.4564211880704905,0.468136936744911,0.4798526854193315
2017_18_20180310_WHU_BUR,2017_18,2018-03-10,1,0.3865336658354114,0.3720215643829599,0.3865336658354114,0.38508245569016625,0.3829056404722985,0.3792776151091857,0.37564958974607277,0.3720215643829599
2017_18_20180311_ARS_WAT,2017_18,2018-03-11,1,0.6271604938271605,0.6639226610066437,0.6271604938271605,0.6308367105451089,0.6363510356220313,0.6455415774169021,0.6547321192117729,0.6639226610066437
2017_18_20180311_BOU_TOT,2017_18,2018-03-11,1,0.5913705583756345,0.5937294027563993,0.5913705583756345,0.5916064428137109,0.5919602694708257,0.5925499805660168,0.5931396916612081,0.5937294027563993
2017_18_20180312_STK_MCI,2017_18,2018-03-12,0,0.6339066339066339,0.7001229886679817,0.6339066339066339,0.6405282693827687,0.6504607225969709,0.6670148112873078,0.6835688999776448,0.7001229886679817
2017_18_20180317_BOU_WBA,2017_18,2018-03-17,1,0.4895287958115184,0.5439335214943015,0.4895287958115184,0.4949692683797967,0.5031299772322142,0.51673115865291,0.5303323400736057,0.5439335214943015
2017_18_20180317_HUD_CRY,2017_18,2018-03-17,0,0.4096692111959288,0.3757761151497353,0.4096692111959288,0.40627990159130944,0.4011959371843804,0.39272266317283205,0.3842493891612837,0.3757761151497353
2017_18_20180317_LIV_WAT,2017_18,2018-03-17,1,0.6720930232558139,0.6944311735462944,0.6720930232558139,0.674326838284862,0.677677560828434,0.6832620984010541,0.6888466359736742,0.6944311735462944
2017_18_20180317_STK_EVE,2017_18,2018-03-17,1,0.4404145077720207,0.5256271463345583,0.4404145077720207,0.44893577162827447,0.4617176674126551,0.4830208270532895,0.5043239866939239,0.5256271463345583
2017_18_20180331_BRI_LEI,2017_18,2018-03-31,0,0.4205128205128206,0.3954999640418381,0.4205128205128206,0.41801153486572235,0.414259606395075,0.4080063922773294,0.4017531781595837,0.3954999640418381
2017_18_20180331_CRY_LIV,2017_18,2018-03-31,1,0.6045340050377834,0.6458848088281204,0.6045340050377834,0.6086690854168171,0.6148717059853677,0.6252094069329519,0.6355471078805361,0.6458848088281204
2017_18_20180331_EVE_MCI,2017_18,2018-03-31,1,0.5856777493606138,0.6249897197612553,0.5856777493606138,0.589608946400678,0.5955057419607741,0.6053337345609345,0.615161727161095,0.6249897197612553
2017_18_20180331_MUN_SWA,2017_18,2018-03-31,0,0.5366492146596858,0.5322742585575818,0.5366492146596858,0.5362117190494755,0.5355554756341598,0.5344617366086338,0.5333679975831078,0.5322742585575818
2017_18_20180331_NEW_HUD,2017_18,2018-03-31,0,0.4267352185089973,0.4583835150568199,0.4267352185089973,0.4299000481637796,0.4346472926459529,0.44255936678290864,0.45047144091986424,0.4583835150568199
2017_18_20180331_WAT_BOU,2017_18,2018-03-31,1,0.5196850393700787,0.5437673991428306,0.5196850393700787,0.522093275347354,0.5257056293132667,0.5317262192564547,0.5377468091996426,0.5437673991428306
2017_18_20180331_WBA_BUR,2017_18,2018-03-31,1,0.3658536585365854,0.3689719264519448,0.3658536585365854,0.3661654853281214,0.36663322551542527,0.3674127924942651,0.36819235947310497,0.3689719264519448
2017_18_20180331_WHU_SOU,2017_18,2018-03-31,1,0.4366925064599483,0.4632106982443894,0.4366925064599483,0.43934432563839243,0.44332205440605854,0.4499516023521688,0.4565811502982791,0.4632106982443894
2017_18_20180401_ARS_STK,2017_18,2018-04-01,1,0.6390243902439025,0.6469940846752645,0.6390243902439025,0.6398213596870387,0.6410168138517429,0.6430092374595835,0.6450016610674241,0.6469940846752645
2017_18_20180401_CHE_TOT,2017_18,2018-04-01,1,0.4724409448818897,0.474567900180991,0.4724409448818897,0.47265364041179986,0.472972683706665,0.4735044225314403,0.4740361613562156,0.474567900180991
2017_18_20180407_BOU_CRY,2017_18,2018-04-07,1,0.5196850393700787,0.5323878605603247,0.5196850393700787,0.5209553214891033,0.5228607446676402,0.5260364499652017,0.5292121552627632,0.5323878605603247
2017_18_20180407_BRI_HUD,2017_18,2018-04-07,0,0.3969849246231156,0.3960494651203218,0.3969849246231156,0.3968913786728362,0.3967510597474171,0.39651719487171866,0.39628332999602023,0.3960494651203218
2017_18_20180407_EVE_LIV,2017_18,2018-04-07,0,0.5170603674540682,0.5228511044106486,0.5170603674540682,0.5176394411497263,0.5185080516932133,0.5199557359323584,0.5214034201715035,0.5228511044106486
2017_18_20180407_LEI_NEW,2017_18,2018-04-07,1,0.4659685863874345,0.4585188757952907,0.4659685863874345,0.4652236153282201,0.46410615873939853,0.46224373109136263,0.4603813034433267,0.4585188757952907
2017_18_20180407_MCI_MUN,2017_18,2018-04-07,1,0.518324607329843,0.4729352346647297,0.518324607329843,0.5137856700633316,0.5069772641635646,0.4956299209972863,0.48428257783100803,0.4729352346647297
2017_18_20180407_STK_TOT,2017_18,2018-04-07,1,0.5831202046035805,0.6394940359274436,0.5831202046035805,0.5887575877359669,0.5972136624345463,0.611307120265512,0.6254005780964778,0.6394940359274436
2017_18_20180407_WAT_BUR,2017_18,2018-04-07,1,0.4025316455696203,0.4008526368625945,0.4025316455696203,0.40236374469891767,0.40211189339286385,0.4016921412161074,0.4012723890393509,0.4008526368625945
2017_18_20180407_WBA_SWA,2017_18,2018-04-07,0,0.4035532994923858,0.3825283651267944,0.4035532994923858,0.4014508060558266,0.3982970659009879,0.3930408323095901,0.38778459871819226,0.3825283651267944
2017_18_20180408_ARS_SOU,2017_18,2018-04-08,1,0.5794871794871795,0.6103472140024404,0.5794871794871795,0.5825731829387056,0.5872021881159948,0.5949171967448099,0.6026322053736252,0.6103472140024404
2017_18_20180408_CHE_WHU,2017_18,2018-04-08,0,0.602015113350126,0.6309479601932877,0.602015113350126,0.6049083980344422,0.6092483250609164,0.6164815367717069,0.6237147484824973,0.6309479601932877
2017_18_20180414_BUR_LEI,2017_18,2018-04-14,1,0.4035532994923858,0.3933395462319876,0.4035532994923858,0.402531924166346,0.4009998611772862,0.3984464228621867,0.39589298454708716,0.3933395462319876
2017_18_20180414_CRY_BRI,2017_18,2018-04-14,1,0.4168797953964194,0.4428428537057511,0.4168797953964194,0.41947610122735257,0.42337055997375234,0.4298613245510853,0.43635208912841816,0.4428428537057511
2017_18_20180414_HUD_WAT,2017_18,2018-04-14,0,0.4205128205128206,0.4116276902805404,0.4205128205128206,0.41962430748959256,0.41829153795475055,0.4160702553966805,0.41384897283861044,0.4116276902805404
2017_18_20180414_LIV_BOU,2017_18,2018-04-14,1,0.6863636363636364,0.7108258167375129,0.6863636363636364,0.688809854401024,0.6924791814571055,0.6985947265505746,0.7047102716440438,0.7108258167375129
2017_18_20180414_SOU_CHE,2017_18,2018-04-14,1,0.4764397905759163,0.5572113097284944,0.4764397905759163,0.48451694249117416,0.4966326703640608,0.5168255501522053,0.5370184299403499,0.5572113097284944
2017_18_20180414_SWA_EVE,2017_18,2018-04-14,0,0.4060913705583756,0.4451054506410717,0.4060913705583756,0.4099927785666452,0.4158448905790496,0.42559841059972364,0.4353519306203977,0.4451054506410717
2017_18_20180414_TOT_MCI,2017_18,2018-04-14,1,0.570694087403599,0.6102929576512746,0.570694087403599,0.5746539744283665,0.5805938049655178,0.5904935225274368,0.6003932400893557,0.6102929576512746
2017_18_20180415_MUN_WBA,2017_18,2018-04-15,0,0.5732647814910026,0.660354811473666,0.5732647814910026,0.581973784489269,0.5950372889866684,0.6168097964823342,0.6385823039780002,0.660354811473666
2017_18_20180415_NEW_ARS,2017_18,2018-04-15,1,0.5595854922279793,0.604930157986943,0.5595854922279793,0.5641199588038757,0.5709216586677202,0.5822578251074612,0.5935939915472022,0.604930157986943
2017_18_20180416_WHU_STK,2017_18,2018-04-16,0,0.4607329842931937,0.4380468174215544,0.4607329842931937,0.4584643676060298,0.45506144257528386,0.44938990085737407,0.4437183591394642,0.4380468174215544
2017_18_20180417_BRI_TOT,2017_18,2018-04-17,0,0.5468749999999999,0.5896133532620133,0.5468749999999999,0.5511488353262012,0.5575595883155032,0.5682441766310066,0.5789287649465099,0.5896133532620133
2017_18_20180418_BOU_MUN,2017_18,2018-04-18,0,0.5468749999999999,0.5804007876137236,0.5468749999999999,0.5502275787613723,0.5552564469034308,0.5636378938068618,0.5720193407102927,0.5804007876137236
2017_18_20180419_BUR_CHE,2017_18,2018-04-19,1,0.4415584415584415,0.4811806158972022,0.4415584415584415,0.4455206589923176,0.4514639851431317,0.46136952872782183,0.471275072312512,0.4811806158972022
2017_18_20180419_LEI_SOU,2017_18,2018-04-19,0,0.4960629921259842,0.515996241906382,0.4960629921259842,0.498056317104024,0.5010463045710837,0.5060296170161831,0.5110129294612826,0.515996241906382
2017_18_20180421_WAT_CRY,2017_18,2018-04-21,0,0.4829396325459317,0.5416542365714884,0.4829396325459317,0.48881109294848735,0.49761828355232085,0.5122969345587101,0.5269755855650992,0.5416542365714884
2017_18_20180421_WBA_LIV,2017_18,2018-04-21,1,0.5261780104712042,0.5258621769279012,0.5261780104712042,0.5261464271168739,0.5260990520853784,0.5260200936995527,0.5259411353137269,0.5258621769279012
2017_18_20180422_ARS_WHU,2017_18,2018-04-22,1,0.6314496314496314,0.6405222561131683,0.6314496314496314,0.6323568939159852,0.6337177876155156,0.6359859437813998,0.6382540999472841,0.6405222561131683
2017_18_20180422_MCI_SWA,2017_18,2018-04-22,1,0.6736596736596736,0.6710726386033576,0.6736596736596736,0.673400970154042,0.6730129148955946,0.6723661561315156,0.6717193973674367,0.6710726386033576
2017_18_20180422_STK_BUR,2017_18,2018-04-22,0,0.3929471032745592,0.3992667349628754,0.3929471032745592,0.3935790664433908,0.39452701119663824,0.3961069191187173,0.3976868270407964,0.3992667349628754
2017_18_20180423_EVE_NEW,2017_18,2018-04-23,0,0.4252577319587629,0.3982193052338753,0.4252577319587629,0.42255388928627413,0.41849812527754093,0.41173851859631905,0.4049789119150972,0.3982193052338753
2017_18_20180428_BUR_BRI,2017_18,2018-04-28,0,0.3875,0.3684583886153815,0.3875,0.38559583886153814,0.3827395971538454,0.3779791943076908,0.3732187914615361,0.3684583886153815
2017_18_20180428_CRY_LEI,2017_18,2018-04-28,1,0.5157068062827225,0.539668401439894,0.5157068062827225,0.5181029657984396,0.5216972050720153,0.5276876038613083,0.5336780026506012,0.539668401439894
2017_18_20180428_HUD_EVE,2017_18,2018-04-28,0,0.3762376237623762,0.391335617205556,0.3762376237623762,0.3777474231066942,0.38001212212317115,0.38378662048396606,0.387561118844761,0.391335617205556
2017_18_20180428_LIV_STK,2017_18,2018-04-28,0,0.6262376237623761,0.6228546726727608,0.6262376237623761,0.6258993286534147,0.6253918859899723,0.6245461482175685,0.6237004104451647,0.6228546726727608
2017_18_20180428_NEW_WBA,2017_18,2018-04-28,0,0.4415584415584415,0.4833539988320909,0.4415584415584415,0.44573799728580643,0.45200733087685385,0.4624562201952662,0.47290510951367853,0.4833539988320909
2017_18_20180428_SOU_BOU,2017_18,2018-04-28,1,0.5506493506493506,0.6555761597109941,0.5506493506493506,0.561142031555515,0.5768810529147614,0.6031127551801724,0.6293444574455833,0.6555761597109941
2017_18_20180428_SWA_CHE,2017_18,2018-04-28,0,0.4934383202099738,0.5962269251377066,0.4934383202099738,0.5037171807027471,0.519135471441907,0.5448326226738403,0.5705297739057734,0.5962269251377066
2017_18_20180429_MUN_ARS,2017_18,2018-04-29,1,0.577319587628866,0.6497647487387249,0.577319587628866,0.5845641037398519,0.5954308779063308,0.6135421681837955,0.6316534584612602,0.6497647487387249
2017_18_20180429_WHU_MCI,2017_18,2018-04-29,1,0.6262376237623761,0.6537540854575997,0.6262376237623761,0.6289892699318985,0.633116739186182,0.639995854609988,0.6468749700337938,0.6537540854575997
2017_18_20180430_TOT_WAT,2017_18,2018-04-30,0,0.660332541567696,0.7010846209438426,0.660332541567696,0.6644077495053107,0.6705205614117327,0.6807085812557694,0.6908966010998059,0.7010846209438426
2017_18_20180504_BRI_MUN,2017_18,2018-05-04,0,0.4842931937172774,0.5089596184127549,0.4842931937172774,0.48675983618682517,0.4904597998911468,0.4966264060650162,0.5027930122388855,0.5089596184127549
2017_18_20180505_BOU_SWA,2017_18,2018-05-05,0,0.5130890052356021,0.5173595358342231,0.5130890052356021,0.5135160582954642,0.5141566378852573,0.5152242705349126,0.5162919031845679,0.5173595358342231
2017_18_20180505_EVE_SOU,2017_18,2018-05-05,0,0.4415584415584415,0.4831123759497413,0.4415584415584415,0.4457138349975715,0.45194692515626644,0.4623354087540914,0.47272389235191636,0.4831123759497413
2017_18_20180505_LEI_WHU,2017_18,2018-05-05,0,0.5039370078740157,0.5740736988700306,0.5039370078740157,0.5109506769736172,0.5214711806230194,0.5390053533720232,0.5565395261210269,0.5740736988700306
2017_18_20180505_STK_CRY,2017_18,2018-05-05,1,0.5013123359580053,0.5427008907301961,0.5013123359580053,0.5054511914352244,0.511659474651053,0.5220066133441007,0.5323537520371484,0.5427008907301961
2017_18_20180505_WAT_NEW,2017_18,2018-05-05,1,0.4581151832460733,0.4470455680185022,0.4581151832460733,0.4570082217233162,0.45534777943918053,0.45258037563228776,0.449812971825395,0.4470455680185022
2017_18_20180505_WBA_TOT,2017_18,2018-05-05,0,0.5584415584415584,0.5849466202530202,0.5584415584415584,0.5610920646227047,0.5650678238944238,0.5716940893472893,0.5783203548001548,0.5849466202530202
2017_18_20180506_ARS_BUR,2017_18,2018-05-06,1,0.5572916666666667,0.5303135316218393,0.5572916666666667,0.554593853162184,0.5505471329054599,0.543802599144253,0.5370580653830461,0.5303135316218393
2017_18_20180506_CHE_LIV,2017_18,2018-05-06,0,0.5546875,0.5518811082760844,0.5546875,0.5544068608276085,0.5539859020690211,0.5532843041380422,0.5525827062070633,0.5518811082760844
2017_18_20180506_MCI_HUD,2017_18,2018-05-06,0,0.7155172413793104,0.7059460265252111,0.7155172413793104,0.7145601198939006,0.7131244376657855,0.7107316339522607,0.7083388302387359,0.7059460265252111
2017_18_20180508_SWA_SOU,2017_18,2018-05-08,0,0.413265306122449,0.474990119321761,0.413265306122449,0.4194377874423802,0.428696509422277,0.444127712722105,0.459558916021933,0.474990119321761
2017_18_20180509_CHE_HUD,2017_18,2018-05-09,0,0.6090225563909775,0.6137341792531196,0.6090225563909775,0.6094937186771917,0.610200462106513,0.6113783678220486,0.612556273537584,0.6137341792531196
2017_18_20180509_LEI_ARS,2017_18,2018-05-09,1,0.6140350877192983,0.7049894259119531,0.6140350877192983,0.6231305215385637,0.636773672267462,0.6595122568156258,0.6822508413637894,0.7049894259119531
2017_18_20180509_MCI_BRI,2017_18,2018-05-09,1,0.6936936936936937,0.729601248106529,0.6936936936936937,0.6972844491349773,0.7026705822969026,0.7116474709001114,0.7206243595033203,0.729601248106529
2017_18_20180509_TOT_NEW,2017_18,2018-05-09,0,0.6774941995359629,0.7147281747317934,0.6774941995359629,0.681217597055546,0.6868026933349205,0.6961111871338781,0.7054196809328357,0.7147281747317934
2017_18_20180510_WHU_MUN,2017_18,2018-05-10,0,0.5261780104712042,0.546457564996148,0.5261780104712042,0.5282059659236986,0.5312478991024401,0.536317787733676,0.541387676364912,0.546457564996148
2017_18_20180513_BUR_BOU,2017_18,2018-05-13,1,0.5118110236220472,0.5698977039603463,0.5118110236220472,0.5176196916558772,0.526332693706622,0.5408543637911968,0.5553760338757716,0.5698977039603463
2017_18_20180513_CRY_WBA,2017_18,2018-05-13,0,0.5418848167539266,0.5607375175090008,0.5418848167539266,0.5437700868294341,0.5465979919426951,0.5513111671314637,0.5560243423202322,0.5607375175090008
2017_18_20180513_HUD_ARS,2017_18,2018-05-13,0,0.6296296296296295,0.7156881366750346,0.6296296296296295,0.6382354803341701,0.6511442563909808,0.6726588831523321,0.6941735099136834,0.7156881366750346
2017_18_20180513_LIV_BRI,2017_18,2018-05-13,1,0.6697892271662763,0.7245318940863794,0.6697892271662763,0.6752634938582867,0.6834748938963021,0.6971605606263278,0.7108462273563536,0.7245318940863794
2017_18_20180513_MUN_WAT,2017_18,2018-05-13,0,0.606060606060606,0.6597670120121704,0.606060606060606,0.6114312466557624,0.6194872075484971,0.6329138090363882,0.6463404105242793,0.6597670120121704
2017_18_20180513_NEW_CHE,2017_18,2018-05-13,1,0.5275590551181102,0.6105333932252448,0.5275590551181102,0.5358564889288236,0.5483026396448938,0.5690462241716775,0.5897898086984612,0.6105333932252448
2017_18_20180513_SOU_MCI,2017_18,2018-05-13,0,0.6209476309226933,0.6748880214147397,0.6209476309226933,0.626341669971898,0.634432728545705,0.6479178261687165,0.6614029237917282,0.6748880214147397
2017_18_20180513_SWA_STK,2017_18,2018-05-13,1,0.5392670157068064,0.5957218650784197,0.5392670157068064,0.5449125006439677,0.5533807280497097,0.567494440392613,0.5816081527355164,0.5957218650784197
2017_18_20180513_TOT_LEI,2017_18,2018-05-13,1,0.668235294117647,0.7230416946781685,0.668235294117647,0.6737159341736991,0.6819368942577775,0.6956384943979077,0.7093400945380381,0.7230416946781685
2017_18_20180513_WHU_EVE,2017_18,2018-05-13,1,0.5170603674540682,0.5440174483793268,0.5170603674540682,0.5197560755465941,0.5237996376853828,0.5305389079166976,0.5372781781480122,0.5440174483793268
2018_19_20180810_MUN_LEI,2018_19,2018-08-10,1,0.468586387434555,0.4191156483379428,0.468586387434555,0.4636393135248938,0.45621870266040193,0.4438510178862489,0.43148333311209586,0.4191156483379428
2018_19_20180811_BOU_CAR,2018_19,2018-08-11,0,0.4803149606299213,0.5029219909933542,0.4803149606299213,0.4825756636662646,0.4859667182207795,0.49161847581163776,0.497270233402496,0.5029219909933542
2018_19_20180811_FUL_CRY,2018_19,2018-08-11,0,0.4895287958115184,0.5166190025683937,0.4895287958115184,0.49223781648720594,0.49630134750073723,0.503073899189956,0.5098464508791749,0.5166190025683937
2018_19_20180811_HUD_CHE,2018_19,2018-08-11,1,0.4816753926701571,0.5961477870093618,0.4816753926701571,0.49312263210407753,0.5102934912549583,0.5389115898397594,0.5675296884245605,0.5961477870093618
2018_19_20180811_NEW_TOT,2018_19,2018-08-11,1,0.4738219895287958,0.5255507602765414,0.4738219895287958,0.4789948666035703,0.4867541822157322,0.49968637490266854,0.512618567589605,0.5255507602765414
2018_19_20180811_WAT_BRI,2018_19,2018-08-11,0,0.4035532994923858,0.3822645726112658,0.4035532994923858,0.4014244268042738,0.39823111777210574,0.39290893605182575,0.3875867543315458,0.3822645726112658
2018_19_20180811_WOL_EVE,2018_19,2018-08-11,1,0.4557291666666667,0.5257156913727257,0.4557291666666667,0.46272781913727257,0.4732257978431814,0.4907224290196962,0.5082190601962109,0.5257156913727257
2018_19_20180812_ARS_MCI,2018_19,2018-08-12,0,0.6095717884130982,0.6515610576058782,0.6095717884130982,0.6137707153323763,0.6200691057112933,0.6305664230094883,0.6410637403076832,0.6515610576058782
2018_19_20180812_LIV_WHU,2018_19,2018-08-12,1,0.6538461538461539,0.6134547992868267,0.6538461538461539,0.6498070183902211,0.6437483152063221,0.6336504765664903,0.6235526379266585,0.6134547992868267
2018_19_20180812_SOU_BUR,2018_19,2018-08-12,0,0.4060913705583756,0.3162663330156181,0.4060913705583756,0.3971088668040998,0.3836351111726862,0.3611788517869968,0.3387225924013074,0.3162663330156181
2018_19_20180818_CAR_NEW,2018_19,2018-08-18,0,0.3815461346633417,0.3859899267716038,0.3815461346633417,0.38199051387416794,0.3826570826904072,0.3837680307174728,0.3848789787445383,0.3859899267716038
2018_19_20180818_CHE_ARS,2018_19,2018-08-18,1,0.5636363636363637,0.5826957275692938,0.5636363636363637,0.5655423000296567,0.5684012046195962,0.5731660456028287,0.5779308865860613,0.5826957275692938
2018_19_20180818_EVE_SOU,2018_19,2018-08-18,1,0.4415584415584415,0.484564580823537,0.4415584415584415,0.4458590554849511,0.4523099763747154,0.46306151119098926,0.4738130460072631,0.484564580823537
2018_19_20180818_LEI_WOL,2018_19,2018-08-18,0,0.4671916010498688,0.6328395861380169,0.4671916010498688,0.4837563995586836,0.5086035973219059,0.5500155935939428,0.5914275898659799,0.6328395861380169
2018_19_20180818_TOT_FUL,2018_19,2018-08-18,1,0.6271604938271605,0.477041745570519,0.6271604938271605,0.6121486190014964,0.5896308067630002,0.5521011196988398,0.5145714326346794,0.477041745570519
2018_19_20180818_WHU_BOU,2018_19,2018-08-18,1,0.5340314136125655,0.6125889693497489,0.5340314136125655,0.5418871691862839,0.5536708025468613,0.5733101914811571,0.592949580415453,0.6125889693497489
2018_19_20180819_BRI_MUN,2018_19,2018-08-19,1,0.4205128205128206,0.4800526356401435,0.4205128205128206,0.42646680202555287,0.4353977742946513,0.45028272807648206,0.46516768185831275,0.4800526356401435
2018_19_20180819_BUR_WAT,2018_19,2018-08-19,1,0.3651960784313725,0.418339550669698,0.3651960784313725,0.37051042565520503,0.37848194649095385,0.3917678145505352,0.40505368261011665,0.418339550669698
2018_19_20180819_MCI_HUD,2018_19,2018-08-19,1,0.7155172413793104,0.680279037756079,0.7155172413793104,0.7119934210169873,0.7067076904735026,0.6978981395676946,0.6890885886618869,0.680279037756079
2018_19_20180820_CRY_LIV,2018_19,2018-08-20,0,0.6105527638190955,0.6010423325427514,0.6105527638190955,0.6096017206914611,0.6081751560000095,0.6057975481809235,0.6034199403618374,0.6010423325427514
2018_19_20180825_ARS_WHU,2018_19,2018-08-25,1,0.6546762589928057,0.6727266227590954,0.6546762589928057,0.6564812953694347,0.6591888499343781,0.6637014408759505,0.668214031817523,0.6727266227590954
2018_19_20180825_BOU_EVE,2018_19,2018-08-25,1,0.5520833333333334,0.5539831689063196,0.5520833333333334,0.552273316890632,0.5525582922265799,0.5530332511198265,0.553508210013073,0.5539831689063196
2018_19_20180825_HUD_CAR,2018_19,2018-08-25,0,0.3676470588235294,0.3125853072773404,0.3676470588235294,0.3621408836689105,0.3538816209369821,0.3401161830504349,0.3263507451638877,0.3125853072773404
2018_19_20180825_LIV_BRI,2018_19,2018-08-25,0,0.6690140845070424,0.6222046083573628,0.6690140845070424,0.6643331368920744,0.6573117154696224,0.6456093464322026,0.6339069773947827,0.6222046083573628
2018_19_20180825_SOU_LEI,2018_19,2018-08-25,1,0.4179487179487179,0.379507474219213,0.4179487179487179,0.4141045935757674,0.4083384070163417,0.3987280960839654,0.38911778515158923,0.379507474219213
2018_19_20180825_WOL_MCI,2018_19,2018-08-25,0,0.615,0.7383498850980701,0.615,0.627334988509807,0.6458374712745175,0.676674942549035,0.7075124138235527,0.7383498850980701
2018_19_20180826_FUL_BUR,2018_19,2018-08-26,1,0.4263565891472868,0.3928981931842104,0.4263565891472868,0.42301074955097917,0.4179919901565177,0.4096273911657486,0.4012627921749795,0.3928981931842104
2018_19_20180826_NEW_CHE,2018_19,2018-08-26,1,0.5052631578947367,0.5661870184322116,0.5052631578947367,0.5113555439484843,0.5204941230291055,0.5357250881634742,0.5509560532978429,0.5661870184322116
2018_19_20180826_WAT_CRY,2018_19,2018-08-26,1,0.4453125,0.3665484366866222,0.4453125,0.43743609366866226,0.4256214841716556,0.4059304683433111,0.3862394525149666,0.3665484366866222
2018_19_20180827_MUN_TOT,2018_19,2018-08-27,1,0.468586387434555,0.50260913217489,0.468586387434555,0.4719886619085885,0.47709207361963873,0.48559775980472253,0.49410344598980627,0.50260913217489
2018_19_20180901_BRI_FUL,2018_19,2018-09-01,1,0.4947368421052631,0.6456669615218752,0.4947368421052631,0.5098298540469244,0.5324693719594161,0.5702019018135691,0.6079344316677221,0.6456669615218752
2018_19_20180901_CHE_BOU,2018_19,2018-09-01,0,0.6650943396226415,0.7224553530195978,0.6650943396226415,0.6708304409623371,0.6794345929718806,0.6937748463211197,0.7081150996703588,0.7224553530195978
2018_19_20180901_CRY_SOU,2018_19,2018-09-01,0,0.4479166666666666,0.4521361667890357,0.4479166666666666,0.44833861667890346,0.44897154169725884,0.45002641672785115,0.45108129175844336,0.4521361667890357
2018_19_20180901_EVE_HUD,2018_19,2018-09-01,0,0.4581151832460733,0.4002054155321627,0.4581151832460733,0.45232420647468224,0.4436377413175957,0.42916029938911804,0.4146828574606404,0.4002054155321627
2018_19_20180901_LEI_LIV,2018_19,2018-09-01,1,0.5769230769230769,0.6372874840135921,0.5769230769230769,0.5829595176321284,0.5920141786957057,0.6071052804683346,0.6221963822409633,0.6372874840135921
2018_19_20180901_MCI_NEW,2018_19,2018-09-01,1,0.6886363636363636,0.6734281082060911,0.6886363636363636,0.6871155380933364,0.6848342997787955,0.6810322359212273,0.6772301720636592,0.6734281082060911
2018_19_20180901_WHU_WOL,2018_19,2018-09-01,0,0.513157894736842,0.6064191431571543,0.513157894736842,0.5224840195788732,0.5364732068419201,0.5597885189469982,0.5831038310520762,0.6064191431571543
2018_19_20180902_BUR_MUN,2018_19,2018-09-02,0,0.4427083333333333,0.5215286899476151,0.4427083333333333,0.4505903689947615,0.46241342248690376,0.48211851164047426,0.5018236007940448,0.5215286899476151
2018_19_20180902_CAR_ARS,2018_19,2018-09-02,1,0.5404699738903395,0.6592293989695089,0.5404699738903395,0.5523459163982564,0.5701598301601318,0.5998496864299242,0.6295395426997166,0.6592293989695089
2018_19_20180902_WAT_TOT,2018_19,2018-09-02,1,0.5572916666666667,0.553521188112898,0.5572916666666667,0.5569146188112899,0.5563490470282245,0.5554064273897823,0.5544638077513402,0.553521188112898
2018_19_20180915_BOU_LEI,2018_19,2018-09-15,1,0.5078534031413613,0.5198355843904615,0.5078534031413613,0.5090516212662713,0.5108489484536364,0.5138444937659115,0.5168400390781864,0.5198355843904615
2018_19_20180915_CHE_CAR,2018_19,2018-09-15,1,0.6262376237623761,0.6468077709872814,0.6262376237623761,0.6282946384848667,0.6313801605686025,0.6365226973748288,0.641665234181055,0.6468077709872814
2018_19_20180915_HUD_CRY,2018_19,2018-09-15,0,0.4025316455696203,0.4171019956612827,0.4025316455696203,0.4039886805787865,0.4061742330925359,0.4098168206154515,0.4134594081383671,0.4171019956612827
2018_19_20180915_MCI_FUL,2018_19,2018-09-15,1,0.7534246575342466,0.7892442893637891,0.7534246575342466,0.7570066207172008,0.7623795654916322,0.7713344734490178,0.7802893814064035,0.7892442893637891
2018_19_20180915_NEW_ARS,2018_19,2018-09-15,1,0.5558441558441558,0.6179833692044171,0.5558441558441558,0.562058077180182,0.5713789591842211,0.5869137625242864,0.6024485658643518,0.6179833692044171
2018_19_20180915_TOT_LIV,2018_19,2018-09-15,1,0.5732647814910026,0.6234347911208948,0.5732647814910026,0.5782817824539919,0.5858072838984756,0.5983497863059487,0.6108922887134218,0.6234347911208948
2018_19_20180915_WAT_MUN,2018_19,2018-09-15,1,0.4790575916230366,0.4513630321313996,0.4790575916230366,0.47628813567387296,0.4721339517501274,0.4652103118772181,0.4582866720043089,0.4513630321313996
2018_19_20180916_EVE_WHU,2018_19,2018-09-16,1,0.5314136125654451,0.5718099393820792,0.5314136125654451,0.5354532452471085,0.5415126942696036,0.5516117759737622,0.5617108576779207,0.5718099393820792
2018_19_20180916_WOL_BUR,2018_19,2018-09-16,0,0.4168797953964194,0.4175086174679093,0.4168797953964194,0.4169426776035684,0.41703700091429186,0.4171942064321643,0.41735141195003683,0.4175086174679093
2018_19_20180917_SOU_BRI,2018_19,2018-09-17,1,0.4179487179487179,0.3930774224815003,0.4179487179487179,0.41546158840199615,0.41173089408191355,0.4055130702151091,0.3992952463483047,0.3930774224815003
2018_19_20180922_BRI_TOT,2018_19,2018-09-22,1,0.5287958115183247,0.6218105873948331,0.5287958115183247,0.5380972891059755,0.5520495054874518,0.5753031994565789,0.598556893425706,0.6218105873948331
2018_19_20180922_BUR_BOU,2018_19,2018-09-22,1,0.4712041884816754,0.52702771338885,0.4712041884816754,0.47678654097239287,0.48516006970846903,0.49911595093526273,0.5130718321620563,0.52702771338885
2018_19_20180922_CAR_MCI,2018_19,2018-09-22,1,0.6506024096385543,0.734845706557065,0.6506024096385543,0.6590267393304053,0.671663233868182,0.6927240580978097,0.7137848823274373,0.734845706557065
2018_19_20180922_CRY_NEW,2018_19,2018-09-22,0,0.4505208333333333,0.4586713867243653,0.4505208333333333,0.4513358886724365,0.4525584716810913,0.4545961100288493,0.4566337483766073,0.4586713867243653
2018_19_20180922_FUL_WAT,2018_19,2018-09-22,0,0.5392670157068064,0.5235772098423109,0.5392670157068064,0.5376980351203569,0.5353445642406826,0.5314221127745586,0.5274996613084347,0.5235772098423109
2018_19_20180922_LEI_HUD,2018_19,2018-09-22,1,0.4352331606217616,0.3396280723865811,0.4352331606217616,0.4256726517982436,0.41133188856296643,0.3874306165041713,0.36352934444537627,0.3396280723865811
2018_19_20180922_LIV_SOU,2018_19,2018-09-22,1,0.6348039215686274,0.5797181922050564,0.6348039215686274,0.6292953486322703,0.6210324892277347,0.607261056886842,0.5934896245459491,0.5797181922050564
2018_19_20180922_MUN_WOL,2018_19,2018-09-22,0,0.513157894736842,0.5691854048039492,0.513157894736842,0.5187606457435527,0.5271647722536188,0.5411716497703956,0.5551785272871724,0.5691854048039492
2018_19_20180923_ARS_EVE,2018_19,2018-09-23,0,0.6563245823389022,0.685470080642835,0.6563245823389022,0.6592391321692955,0.6636109569148855,0.6708973314908686,0.6781837060668517,0.685470080642835
2018_19_20180923_WHU_CHE,2018_19,2018-09-23,0,0.6,0.6748851362651613,0.6,0.6074885136265161,0.6187212840662903,0.6374425681325806,0.656163852198871,0.6748851362651613
2018_19_20180929_ARS_WAT,2018_19,2018-09-29,0,0.6546762589928057,0.6064049436315536,0.6546762589928057,0.6498491274566804,0.6426084301524927,0.6305406013121797,0.6184727724718666,0.6064049436315536
2018_19_20180929_CHE_LIV,2018_19,2018-09-29,0,0.5784061696658098,0.6058171769598699,0.5784061696658098,0.5811472703952159,0.5852589214893249,0.5921116733128399,0.5989644251363548,0.6058171769598699
2018_19_20180929_EVE_FUL,2018_19,2018-09-29,1,0.5892857142857143,0.6540028156059168,0.5892857142857143,0.5957574244177345,0.6054649896157649,0.6216442649458156,0.6378235402758662,0.6540028156059168
2018_19_20180929_HUD_TOT,2018_19,2018-09-29,0,0.5314136125654451,0.6447308430977886,0.5314136125654451,0.5427453356186794,0.5597429201985309,0.5880722278316168,0.6164015354647028,0.6447308430977886
2018_19_20180929_MCI_BRI,2018_19,2018-09-29,0,0.7257383966244725,0.6974383602767652,0.7257383966244725,0.7229083929897018,0.7186633875375457,0.7115883784506188,0.704513369363692,0.6974383602767652
2018_19_20180929_NEW_LEI,2018_19,2018-09-29,0,0.4329896907216495,0.475518807138703,0.4329896907216495,0.4372426023633548,0.44362196982591284,0.45425424893017624,0.4648865280344396,0.475518807138703
2018_19_20180929_WHU_MUN,2018_19,2018-09-29,1,0.5235602094240838,0.5286090361699204,0.5235602094240838,0.5240650920986675,0.5248224161105429,0.5260846227970021,0.5273468294834612,0.5286090361699204
2018_19_20180929_WOL_SOU,2018_19,2018-09-29,0,0.4467532467532467,0.4326537380638072,0.4467532467532467,0.44534329588430277,0.4432283695808868,0.4397034924085269,0.4361786152361671,0.4326537380638072
2018_19_20180930_CAR_BUR,2018_19,2018-09-30,1,0.3894472361809045,0.3792295087011827,0.3894472361809045,0.3884254634329323,0.38689280431097406,0.38433837244104363,0.38178394057111315,0.3792295087011827
2018_19_20181001_BOU_CRY,2018_19,2018-10-01,1,0.5354330708661418,0.5429122842557726,0.5354330708661418,0.5361809922051048,0.5373028742135495,0.5391726775609572,0.5410424809083649,0.5429122842557726
2018_19_20181005_BRI_WHU,2018_19,2018-10-05,0,0.4647519582245431,0.501516199988815,0.4647519582245431,0.46842838240097034,0.47394301866561106,0.48313407910667905,0.4923251395477471,0.501516199988815
2018_19_20181006_BUR_HUD,2018_19,2018-10-06,0,0.3719211822660098,0.3347687502143803,0.3719211822660098,0.36820593906084687,0.3626330742531024,0.35334496624019507,0.34405685822728765,0.3347687502143803
2018_19_20181006_CRY_WOL,2018_19,2018-10-06,0,0.4252577319587629,0.4711700687378016,0.4252577319587629,0.42984896563666675,0.4367358161535225,0.44821390034828223,0.45969198454304194,0.4711700687378016
2018_19_20181006_LEI_EVE,2018_19,2018-10-06,1,0.5039370078740157,0.5356985660004403,0.5039370078740157,0.5071131636866582,0.5118773974056219,0.519817786937228,0.5277581764688342,0.5356985660004403
2018_19_20181006_MUN_NEW,2018_19,2018-10-06,1,0.5039370078740157,0.553201391292778,0.5039370078740157,0.508863446215892,0.5162531037287064,0.5285691995833969,0.5408852954380874,0.553201391292778
2018_19_20181006_TOT_CAR,2018_19,2018-10-06,0,0.6497584541062802,0.5945067376401155,0.6497584541062802,0.6442332824596638,0.635945524989739,0.6221325958731978,0.6083196667566566,0.5945067376401155
2018_19_20181006_WAT_BOU,2018_19,2018-10-06,1,0.5378590078328982,0.5438389035969099,0.5378590078328982,0.5384569974092994,0.5393539817739011,0.5408489557149041,0.5423439296559069,0.5438389035969099
2018_19_20181007_FUL_ARS,2018_19,2018-10-07,1,0.6635071090047394,0.7105690371760242,0.6635071090047394,0.6682133018218679,0.6752725910475605,0.6870380730903818,0.698803555133203,0.7105690371760242
2018_19_20181007_LIV_MCI,2018_19,2018-10-07,0,0.5856777493606138,0.6171598773984823,0.5856777493606138,0.5888259621644006,0.593548281370081,0.6014188133795481,0.6092893453890151,0.6171598773984823
2018_19_20181007_SOU_CHE,2018_19,2018-10-07,1,0.5314136125654451,0.6549395003888919,0.5314136125654451,0.5437662013477897,0.5622950845213067,0.5931765564771685,0.6240580284330303,0.6549395003888919
2018_19_20181020_BOU_SOU,2018_19,2018-10-20,0,0.5314136125654451,0.5545261325840407,0.5314136125654451,0.5337248645673046,0.5371917425700939,0.5429698725747429,0.5487480025793918,0.5545261325840407
2018_19_20181020_CAR_FUL,2018_19,2018-10-20,1,0.5235602094240838,0.6797095645104339,0.5235602094240838,0.5391751449327188,0.5625975481956713,0.6016348869672588,0.6406722257388463,0.6797095645104339
2018_19_20181020_CHE_MUN,2018_19,2018-10-20,1,0.5340314136125655,0.5037655275082035,0.5340314136125655,0.5310048250021293,0.526464942086475,0.5188984705603845,0.5113319990342939,0.5037655275082035
2018_19_20181020_HUD_LIV,2018_19,2018-10-20,0,0.5235602094240838,0.6047209407153192,0.5235602094240838,0.5316762825532073,0.5438503922468927,0.5641405750697015,0.5844307578925103,0.6047209407153192
2018_19_20181020_MCI_BUR,2018_19,2018-10-20,1,0.7408906882591094,0.7599419423928284,0.7408906882591094,0.7427958136724814,0.7456535017925392,0.7504163153259689,0.7551791288593988,0.7599419423928284
2018_19_20181020_NEW_BRI,2018_19,2018-10-20,0,0.3875,0.4189242025730085,0.3875,0.39064242025730084,0.39535605064325213,0.40321210128650425,0.4110681519297564,0.4189242025730085
2018_19_20181020_WHU_TOT,2018_19,2018-10-20,0,0.5794871794871795,0.6179415953909152,0.5794871794871795,0.5833326210775531,0.5891007834631135,0.5987143874390474,0.6083279914149813,0.6179415953909152
2018_19_20181020_WOL_WAT,2018_19,2018-10-20,0,0.4659685863874345,0.4192795143787459,0.4659685863874345,0.4612996791865656,0.4542963183852623,0.44262405038309016,0.4309517823809181,0.4192795143787459
2018_19_20181021_EVE_CRY,2018_19,2018-10-21,0,0.4803149606299213,0.4842274810762053,0.4803149606299213,0.4807062126745497,0.4812930907414923,0.4822712208530633,0.4832493509646343,0.4842274810762053
2018_19_20181022_ARS_LEI,2018_19,2018-10-22,1,0.6405867970660147,0.5650627212936102,0.6405867970660147,0.6330343894887742,0.6217057781229136,0.6028247591798125,0.5839437402367114,0.5650627212936102
2018_19_20181027_BRI_WOL,2018_19,2018-10-27,0,0.398989898989899,0.3970972398207881,0.398989898989899,0.39880063307298796,0.3985167341976213,0.3980435694053436,0.3975704046130658,0.3970972398207881
2018_19_20181027_FUL_BOU,2018_19,2018-10-27,1,0.6184538653366584,0.6626957738147153,0.6184538653366584,0.6228780561844641,0.6295143424561725,0.6405748195756868,0.6516352966952011,0.6626957738147153
2018_19_20181027_LEI_WHU,2018_19,2018-10-27,0,0.4829396325459317,0.5279618953164472,0.4829396325459317,0.48744185882298324,0.4941951982385606,0.5054507639311895,0.5167063296238184,0.5279618953164472
2018_19_20181027_LIV_CAR,2018_19,2018-10-27,1,0.69438202247191,0.6891606441498774,0.69438202247191,0.6938598846397068,0.6930766778914019,0.6917713333108937,0.6904659887303856,0.6891606441498774
2018_19_20181027_SOU_NEW,2018_19,2018-10-27,0,0.4107142857142857,0.4454706787542842,0.4107142857142857,0.41418992501828555,0.41940338397428534,0.428092482234285,0.4367815804942846,0.4454706787542842
2018_19_20181027_WAT_HUD,2018_19,2018-10-27,1,0.4366925064599483,0.4634012095682027,0.4366925064599483,0.43936337677077375,0.4433696822370119,0.4500468580140755,0.4567240337911391,0.4634012095682027
2018_19_20181028_BUR_CHE,2018_19,2018-10-28,1,0.5301837270341206,0.5972985115814938,0.5301837270341206,0.536895205488858,0.546962423170964,0.5637411193078072,0.5805198154446505,0.5972985115814938
2018_19_20181028_CRY_ARS,2018_19,2018-10-28,1,0.5928753180661578,0.6678651193254028,0.5928753180661578,0.6003742981920823,0.6116227683809691,0.6303702186957802,0.6491176690105915,0.6678651193254028
2018_19_20181028_MUN_EVE,2018_19,2018-10-28,1,0.5261780104712042,0.616761501427845,0.5261780104712042,0.5352363595668683,0.5488238832103643,0.5714697559495245,0.5941156286886848,0.616761501427845
2018_19_20181029_TOT_MCI,2018_19,2018-10-29,0,0.598984771573604,0.636734696376305,0.598984771573604,0.6027597640538741,0.6084222527742793,0.6178597339749545,0.6272972151756298,0.636734696376305
2018_19_20181103_ARS_LIV,2018_19,2018-11-03,0,0.6222222222222222,0.6403141980290821,0.6222222222222222,0.6240314198029082,0.6267452161739372,0.6312682101256522,0.6357912040773671,0.6403141980290821
2018_19_20181103_BOU_MUN,2018_19,2018-11-03,1,0.5558441558441558,0.5515368715433264,0.5558441558441558,0.555413427414073,0.5547673347689485,0.5536905136937411,0.5526136926185338,0.5515368715433264
2018_19_20181103_CAR_LEI,2018_19,2018-11-03,0,0.4531249999999999,0.52750665397001,0.4531249999999999,0.46056316539700093,0.4717204134925024,0.4903158269850049,0.5089112404775075,0.52750665397001
2018_19_20181103_EVE_BRI,2018_19,2018-11-03,1,0.486910994764398,0.5248280449662776,0.486910994764398,0.4907026997845859,0.49639025731486786,0.5058695198653378,0.5153487824158076,0.5248280449662776
2018_19_20181103_NEW_WAT,2018_19,2018-11-03,0,0.4267352185089973,0.4042101776658236,0.4267352185089973,0.42448271442467994,0.42110395829820385,0.4154726980874105,0.4098414378766171,0.4042101776658236
2018_19_20181103_WHU_BUR,2018_19,2018-11-03,1,0.4738219895287958,0.4245605071369748,0.4738219895287958,0.4688958412896137,0.46150661893084055,0.44919124833288526,0.4368758777349301,0.4245605071369748
2018_19_20181103_WOL_TOT,2018_19,2018-11-03,1,0.4881889763779528,0.6096261280380723,0.4881889763779528,0.5003326915439648,0.5185482642929826,0.5489075522080125,0.5792668401230424,0.6096261280380723
2018_19_20181104_CHE_CRY,2018_19,2018-11-04,1,0.6262376237623761,0.6204862789164537,0.6262376237623761,0.6256624892777839,0.6247997875508955,0.6233619513394149,0.6219241151279343,0.6204862789164537
2018_19_20181104_MCI_SOU,2018_19,2018-11-04,1,0.7263157894736842,0.708144725693967,0.7263157894736842,0.7244986830957125,0.7217730235287549,0.7172302575838256,0.7126874916388963,0.708144725693967
2018_19_20181105_HUD_FUL,2018_19,2018-11-05,0,0.4881889763779528,0.5213086359502477,0.4881889763779528,0.49150094233518227,0.4964688912710265,0.5047488061641002,0.513028721057174,0.5213086359502477
2018_19_20181110_CAR_BRI,2018_19,2018-11-10,1,0.3875,0.396637484734362,0.3875,0.38841374847343624,0.38978437118359055,0.39206874236718103,0.39435311355077146,0.396637484734362
2018_19_20181110_CRY_TOT,2018_19,2018-11-10,0,0.5442708333333333,0.6773122301511036,0.5442708333333333,0.5575749730151103,0.5775311825377758,0.6107915317422185,0.6440518809466611,0.6773122301511036
2018_19_20181110_HUD_WHU,2018_19,2018-11-10,0,0.4215938303341903,0.4009869182875152,0.4215938303341903,0.4195331391295228,0.4164421023225215,0.41129037431085275,0.40613864629918395,0.4009869182875152
2018_19_20181110_LEI_BUR,2018_19,2018-11-10,0,0.5118110236220472,0.4763384038120406,0.5118110236220472,0.5082637616410466,0.5029428686695456,0.4940747137170439,0.4852065587645423,0.4763384038120406
2018_19_20181110_NEW_BOU,2018_19,2018-11-10,1,0.4764397905759163,0.5321546882280589,0.4764397905759163,0.4820112803411306,0.49036851498895195,0.5042972394019876,0.5182259638150233,0.5321546882280589
2018_19_20181110_SOU_WAT,2018_19,2018-11-10,0,0.4621409921671018,0.5230135383290897,0.4621409921671018,0.4682282467833006,0.4773591287075988,0.49257726524809575,0.5077954017885927,0.5230135383290897
2018_19_20181111_ARS_WOL,2018_19,2018-11-11,0,0.5846153846153845,0.5601317677723494,0.5846153846153845,0.582167022931081,0.5784944804046257,0.572373576193867,0.5662526719831082,0.5601317677723494
2018_19_20181111_CHE_EVE,2018_19,2018-11-11,0,0.6105527638190955,0.6374187386466437,0.6105527638190955,0.6132393613018503,0.6172692575259826,0.6239857512328696,0.6307022449397566,0.6374187386466437
2018_19_20181111_LIV_FUL,2018_19,2018-11-11,0,0.7615384615384616,0.7499020460711987,0.7615384615384616,0.7603748199917354,0.7586293576716459,0.7557202538048302,0.7528111499380143,0.7499020460711987
2018_19_20181111_MCI_MUN,2018_19,2018-11-11,1,0.6407766990291263,0.6022671051692462,0.6407766990291263,0.6369257396431383,0.6311493005641562,0.6215219020991862,0.6118945036342163,0.6022671051692462
2018_19_20181124_BRI_LEI,2018_19,2018-11-24,0,0.4168797953964194,0.4299732539083996,0.4168797953964194,0.4181891412476174,0.42015316002441444,0.4234265246524095,0.42669988928040453,0.4299732539083996
2018_19_20181124_EVE_CAR,2018_19,2018-11-24,0,0.5287958115183247,0.5629884891401983,0.5287958115183247,0.532215079280512,0.5373439809237931,0.5458921503292615,0.5544403197347298,0.5629884891401983
2018_19_20181124_FUL_SOU,2018_19,2018-11-24,1,0.5026315789473684,0.594080546378022,0.5026315789473684,0.5117764756904338,0.5254938208050318,0.5483560626626952,0.5712183045203586,0.594080546378022
2018_19_20181124_MUN_CRY,2018_19,2018-11-24,0,0.5404699738903395,0.5726541844807578,0.5404699738903395,0.5436883949493813,0.5485160265379441,0.5565620791855486,0.5646081318331532,0.5726541844807578
2018_19_20181124_TOT_CHE,2018_19,2018-11-24,1,0.5456919060052219,0.5545538078708707,0.5456919060052219,0.5465780961917868,0.5479073814716341,0.5501228569380463,0.5523383324044585,0.5545538078708707
2018_19_20181124_WAT_LIV,2018_19,2018-11-24,1,0.5747422680412371,0.6487649060003626,0.5747422680412371,0.5821445318371496,0.5932479275310185,0.6117535870207998,0.6302592465105812,0.6487649060003626
2018_19_20181124_WHU_MCI,2018_19,2018-11-24,1,0.660332541567696,0.7148893009535467,0.660332541567696,0.665788217506281,0.6739717314141588,0.6876109212606214,0.701250111107084,0.7148893009535467
2018_19_20181125_BOU_ARS,2018_19,2018-11-25,1,0.6348039215686274,0.6216729627440276,0.6348039215686274,0.6334908256861674,0.6315211818624775,0.6282384421563275,0.6249557024501775,0.6216729627440276
2018_19_20181125_WOL_HUD,2018_19,2018-11-25,0,0.4179487179487179,0.4261706971760174,0.4179487179487179,0.4187709158714479,0.4200042127555428,0.42205970756236766,0.42411520236919253,0.4261706971760174
2018_19_20181126_BUR_NEW,2018_19,2018-11-26,1,0.4107142857142857,0.4961750086268657,0.4107142857142857,0.41926035800554373,0.4320794664424307,0.4534446471705757,0.4748098278987207,0.4961750086268657
2018_19_20181130_CAR_WOL,2018_19,2018-11-30,1,0.4005037783375315,0.3641730129545078,0.4005037783375315,0.3968707017992291,0.3914210869917756,0.3823383956460197,0.3732557043002638,0.3641730129545078
2018_19_20181201_CRY_BUR,2018_19,2018-12-01,0,0.4569190600522194,0.426559565345398,0.4569190600522194,0.45388311058153724,0.44932918637551406,0.44173931269880873,0.43414943902210335,0.426559565345398
2018_19_20181201_HUD_BRI,2018_19,2018-12-01,1,0.3460620525059665,0.3124043604897255,0.3460620525059665,0.3426962833043424,0.33764762950190624,0.329233206497846,0.32081878349378573,0.3124043604897255
2018_19_20181201_LEI_WAT,2018_19,2018-12-01,0,0.4803149606299213,0.4925269062811129,0.4803149606299213,0.48153615519504045,0.4833679470427192,0.48642093345551707,0.489473919868315,0.4925269062811129
2018_19_20181201_MCI_BOU,2018_19,2018-12-01,1,0.7553816046966731,0.7407270537345476,0.7553816046966731,0.7539161496004606,0.7517179669561418,0.7480543292156103,0.744390691475079,0.7407270537345476
2018_19_20181201_NEW_WHU,2018_19,2018-12-01,1,0.4415584415584415,0.3644010779935079,0.4415584415584415,0.4338427052019482,0.4222691006672081,0.40297975977597467,0.3836904188847413,0.3644010779935079
2018_19_20181201_SOU_MUN,2018_19,2018-12-01,1,0.5039370078740157,0.5737482977125312,0.5039370078740157,0.5109181368578672,0.5213898303336446,0.5388426527932735,0.5562954752529023,0.5737482977125312
2018_19_20181202_ARS_TOT,2018_19,2018-12-02,1,0.6070528967254408,0.6613549707395602,0.6070528967254408,0.6124831041268528,0.6206284152289706,0.6342039337325005,0.6477794522360304,0.6613549707395602
2018_19_20181202_CHE_FUL,2018_19,2018-12-02,0,0.7019867549668874,0.7697230370753197,0.7019867549668874,0.7087603831777307,0.7189208254939955,0.7358548960211035,0.7527889665482117,0.7697230370753197
2018_19_20181202_LIV_EVE,2018_19,2018-12-02,0,0.5856777493606138,0.6048635343315725,0.5856777493606138,0.5875963278577097,0.5904741956033535,0.5952706418460931,0.6000670880888328,0.6048635343315725
2018_19_20181204_BOU_HUD,2018_19,2018-12-04,1,0.4960629921259842,0.4962177728667163,0.4960629921259842,0.49607847020005746,0.4961016873111672,0.4961403824963503,0.4961790776815333,0.4962177728667163
2018_19_20181204_BRI_CRY,2018_19,2018-12-04,1,0.3875,0.3675902342912154,0.3875,0.3855090234291215,0.3825225585728039,0.3775451171456077,0.37256767571841154,0.3675902342912154
2018_19_20181204_WAT_MCI,2018_19,2018-12-04,1,0.6323529411764707,0.6919248987436655,0.6323529411764707,0.6383101369331902,0.6472459305682694,0.662138919960068,0.6770319093518667,0.6919248987436655
2018_19_20181204_WHU_CAR,2018_19,2018-12-04,1,0.5326370757180157,0.6278570642473574,0.5326370757180157,0.5421590745709499,0.5564420728503511,0.5802470699826865,0.604052067115022,0.6278570642473574
2018_19_20181205_BUR_LIV,2018_19,2018-12-05,1,0.5846153846153845,0.699214677792614,0.5846153846153845,0.5960753139331075,0.6132652079096919,0.6419150312039993,0.6705648544983067,0.699214677792614
2018_19_20181205_EVE_NEW,2018_19,2018-12-05,0,0.4881889763779528,0.5059991816842679,0.4881889763779528,0.4899699969085843,0.49264152770453157,0.49709407903111036,0.5015466303576892,0.5059991816842679
2018_19_20181205_FUL_LEI,2018_19,2018-12-05,0,0.5314136125654451,0.6191512645338121,0.5314136125654451,0.5401873777622818,0.5533480255575368,0.5752824385496286,0.5972168515417203,0.6191512645338121
2018_19_20181205_MUN_ARS,2018_19,2018-12-05,1,0.586734693877551,0.6300064184897942,0.586734693877551,0.5910618663387753,0.5975526250306118,0.6083705561836725,0.6191884873367334,0.6300064184897942
2018_19_20181205_TOT_SOU,2018_19,2018-12-05,1,0.5732647814910026,0.6138570626126091,0.5732647814910026,0.5773240096031633,0.5834128517714042,0.5935609220518059,0.6037089923322074,0.6138570626126091
2018_19_20181205_WOL_CHE,2018_19,2018-12-05,1,0.4986876640419947,0.6207753660942436,0.4986876640419947,0.5108964342472196,0.5292095895550569,0.5597315150681191,0.5902534405811813,0.6207753660942436
2018_19_20181208_ARS_HUD,2018_19,2018-12-08,0,0.6115288220551378,0.6026507840849565,0.6115288220551378,0.6106410182581197,0.6093093125625925,0.6070898030700471,0.6048702935775019,0.6026507840849565
2018_19_20181208_BOU_LIV,2018_19,2018-12-08,1,0.5903307888040712,0.6875505464297375,0.5903307888040712,0.6000527645666378,0.6146357282104877,0.6389406676169043,0.6632456070233209,0.6875505464297375
2018_19_20181208_BUR_BRI,2018_19,2018-12-08,0,0.3944723618090452,0.3908010486082648,0.3944723618090452,0.3941052304889672,0.39355453350885006,0.392636705208655,0.39171887690845997,0.3908010486082648
2018_19_20181208_CAR_SOU,2018_19,2018-12-08,0,0.4430051813471503,0.4003910930717766,0.4430051813471503,0.43874377251961294,0.4323516592783069,0.4216981372094635,0.41104461514062,0.4003910930717766
2018_19_20181208_CHE_MCI,2018_19,2018-12-08,0,0.5621761658031088,0.5972028924638388,0.5621761658031088,0.5656788384691818,0.5709328474682913,0.5796895291334738,0.5884462107986563,0.5972028924638388
2018_19_20181208_LEI_TOT,2018_19,2018-12-08,0,0.5274151436031332,0.5150809291988724,0.5274151436031332,0.5261817221627072,0.524331590002068,0.5212480364010028,0.5181644827999377,0.5150809291988724
2018_19_20181208_MUN_FUL,2018_19,2018-12-08,1,0.606516290726817,0.7284429157835678,0.606516290726817,0.6187089532324921,0.6369979469910048,0.6674796032551924,0.69796125951938,0.7284429157835678
2018_19_20181208_WHU_CRY,2018_19,2018-12-08,1,0.4855643044619423,0.4866235147222558,0.4855643044619423,0.4856702254879737,0.48582910702702065,0.4860939095920991,0.4863587121571774,0.4866235147222558
2018_19_20181209_NEW_WOL,2018_19,2018-12-09,1,0.3999999999999999,0.3406903031832181,0.3999999999999999,0.39406903031832174,0.38517257579580444,0.37034515159160897,0.35551772738741355,0.3406903031832181
2018_19_20181210_EVE_WAT,2018_19,2018-12-10,1,0.5039370078740157,0.5086249720525237,0.5039370078740157,0.5044058042918665,0.5051089989186427,0.5062809899632696,0.5074529810078967,0.5086249720525237
2018_19_20181215_CRY_LEI,2018_19,2018-12-15,0,0.4060913705583756,0.4159725691861061,0.4060913705583756,0.4070794904211486,0.4085616702153082,0.41103196987224083,0.41350226952917346,0.4159725691861061
2018_19_20181215_FUL_WHU,2018_19,2018-12-15,0,0.5820512820512821,0.5684644666201842,0.5820512820512821,0.5806926005081723,0.5786545781935076,0.5752578743357332,0.5718611704779587,0.5684644666201842
2018_19_20181215_HUD_NEW,2018_19,2018-12-15,0,0.3685503685503685,0.3157868087958348,0.3685503685503685,0.36327401257491515,0.3553594786117351,0.3421685886731016,0.32897769873446825,0.3157868087958348
2018_19_20181215_MCI_EVE,2018_19,2018-12-15,1,0.6834862385321101,0.718131727178433,0.6834862385321101,0.6869507873967424,0.6921476106936909,0.7008089828552715,0.7094703550168522,0.718131727178433
2018_19_20181215_TOT_BUR,2018_19,2018-12-15,0,0.6595238095238095,0.7016990487170262,0.6595238095238095,0.6637413334431311,0.6700676193221137,0.6806114291204178,0.691155238918722,0.7016990487170262
2018_19_20181215_WAT_CAR,2018_19,2018-12-15,1,0.4908136482939633,0.5799465945845304,0.4908136482939633,0.49972694292302,0.5130968848666051,0.5353801214392468,0.5576633580118886,0.5799465945845304
2018_19_20181215_WOL_BOU,2018_19,2018-12-15,0,0.5026315789473684,0.5073945291932859,0.5026315789473684,0.5031078739719602,0.5038223165088478,0.5050130540703271,0.5062037916318065,0.5073945291932859
2018_19_20181216_BRI_CHE,2018_19,2018-12-16,1,0.518324607329843,0.6048165194749815,0.518324607329843,0.5269737985443568,0.5399475853661275,0.5615705634024122,0.5831935414386968,0.6048165194749815
2018_19_20181216_LIV_MUN,2018_19,2018-12-16,1,0.5647668393782384,0.5035087798288932,0.5647668393782384,0.5586410334233038,0.5494523244909021,0.5341378096035658,0.5188232947162295,0.5035087798288932
2018_19_20181216_SOU_ARS,2018_19,2018-12-16,1,0.5928753180661578,0.668538977091992,0.5928753180661578,0.6004416839687412,0.6117912328226164,0.6307071475790749,0.6496230623355334,0.668538977091992
2018_19_20181221_WOL_LIV,2018_19,2018-12-21,0,0.486910994764398,0.5391100746170913,0.486910994764398,0.4921309027496673,0.49996076472757134,0.5130105346907446,0.526060304653918,0.5391100746170913
2018_19_20181222_ARS_BUR,2018_19,2018-12-22,1,0.6464891041162226,0.68363989067916,0.6464891041162226,0.6502041827725163,0.655776800756957,0.6650644973976914,0.6743521940384256,0.68363989067916
2018_19_20181222_BOU_BRI,2018_19,2018-12-22,0,0.4895287958115184,0.5685534888141839,0.4895287958115184,0.497431265111785,0.5092849690621848,0.5290411423128512,0.5487973155635175,0.5685534888141839
2018_19_20181222_CAR_MUN,2018_19,2018-12-22,1,0.5300261096605744,0.5710637205338406,0.5300261096605744,0.5341298707479011,0.540285512378891,0.5505449150972075,0.560804317815524,0.5710637205338406
2018_19_20181222_CHE_LEI,2018_19,2018-12-22,0,0.5695876288659795,0.6376678918558325,0.5695876288659795,0.5763956551649647,0.5866076946134426,0.6036277603609059,0.6206478261083692,0.6376678918558325
2018_19_20181222_HUD_SOU,2018_19,2018-12-22,1,0.3954659949622167,0.366009740522121,0.3954659949622167,0.3925203695182071,0.38810193135219273,0.38073786774216883,0.37337380413214494,0.366009740522121
2018_19_20181222_MCI_CRY,2018_19,2018-12-22,1,0.7019867549668874,0.7259651028020797,0.7019867549668874,0.7043845897504067,0.7079813419256855,0.7139759288844836,0.7199705158432816,0.7259651028020797
2018_19_20181222_NEW_FUL,2018_19,2018-12-22,0,0.4947643979057591,0.5688911960989166,0.4947643979057591,0.5021770777250748,0.5132960974540485,0.5318277970023378,0.5503594965506272,0.5688911960989166
2018_19_20181222_WHU_WAT,2018_19,2018-12-22,0,0.5456919060052219,0.5094282365854423,0.5456919060052219,0.542065539063244,0.536625988650277,0.5275600712953321,0.5184941539403872,0.5094282365854423
2018_19_20181223_EVE_TOT,2018_19,2018-12-23,1,0.5366492146596858,0.5824936680610351,0.5366492146596858,0.5412336599998208,0.5481103280100232,0.5595714413603605,0.5710325547106978,0.5824936680610351
2018_19_20181226_BRI_ARS,2018_19,2018-12-26,0,0.5430809399477807,0.5998633060378302,0.5430809399477807,0.5487591765567857,0.5572765314702931,0.5714721229928055,0.5856677145153178,0.5998633060378302
2018_19_20181226_BUR_EVE,2018_19,2018-12-26,1,0.4699738903394256,0.4969988525612556,0.4699738903394256,0.4726763865616086,0.4767301308948831,0.48348637145034057,0.4902426120057981,0.4969988525612556
2018_19_20181226_CRY_CAR,2018_19,2018-12-26,0,0.5013123359580053,0.4970461051629262,0.5013123359580053,0.5008857128784974,0.5002457782592354,0.4991792205604657,0.498112662861696,0.4970461051629262
2018_19_20181226_FUL_WOL,2018_19,2018-12-26,0,0.4647519582245431,0.4973432184477093,0.4647519582245431,0.4680110842468598,0.47289977328033467,0.4810475883361262,0.48919540339191775,0.4973432184477093
2018_19_20181226_LEI_MCI,2018_19,2018-12-26,1,0.5928753180661578,0.6316744462732773,0.5928753180661578,0.5967552308868698,0.6025751001179377,0.6122748821697175,0.6219746642214974,0.6316744462732773
2018_19_20181226_LIV_NEW,2018_19,2018-12-26,1,0.6658823529411765,0.6259395295198269,0.6658823529411765,0.6618880705990415,0.6558966470858391,0.6459109412305017,0.6359252353751643,0.6259395295198269
2018_19_20181226_MUN_HUD,2018_19,2018-12-26,1,0.5769230769230769,0.5528681308801837,0.5769230769230769,0.5745175823187876,0.5709093404123535,0.5648956039016303,0.5588818673909071,0.5528681308801837
2018_19_20181226_TOT_BOU,2018_19,2018-12-26,1,0.6390243902439025,0.6360677385206486,0.6390243902439025,0.6387287250715771,0.638285227313089,0.6375460643822755,0.636806901451462,0.6360677385206486
2018_19_20181226_WAT_CHE,2018_19,2018-12-26,1,0.5468749999999999,0.640040766296001,0.5468749999999999,0.5561915766296,0.5701664415740002,0.5934578831480004,0.6167493247220007,0.640040766296001
2018_19_20181227_SOU_WHU,2018_19,2018-12-27,1,0.5326370757180157,0.5645926056676606,0.5326370757180157,0.5358326287129802,0.5406259582054269,0.5486148406928382,0.5566037231802493,0.5645926056676606
2018_19_20181229_BRI_EVE,2018_19,2018-12-29,0,0.4738219895287958,0.4711845340972336,0.4738219895287958,0.47355824398563956,0.4731626256709052,0.4725032618130147,0.47184389795512416,0.4711845340972336
2018_19_20181229_FUL_HUD,2018_19,2018-12-29,0,0.4143222506393862,0.3274423144560544,0.4143222506393862,0.40563425702105305,0.39260226659355324,0.37088228254772027,0.34916229850188735,0.3274423144560544
2018_19_20181229_LEI_CAR,2018_19,2018-12-29,0,0.5013123359580053,0.5092244848833711,0.5013123359580053,0.5021035508505419,0.5032903731893468,0.5052684104206882,0.5072464476520296,0.5092244848833711
2018_19_20181229_LIV_ARS,2018_19,2018-12-29,1,0.6280788177339901,0.6241766670951296,0.6280788177339901,0.6276886026701041,0.627103280074275,0.6261277424145599,0.6251522047548448,0.6241766670951296
2018_19_20181229_TOT_WOL,2018_19,2018-12-29,1,0.5670103092783505,0.5340266143337192,0.5670103092783505,0.5637119397838873,0.5587643855421927,0.5505184618060348,0.542272538069877,0.5340266143337192
2018_19_20181229_WAT_NEW,2018_19,2018-12-29,0,0.4790575916230366,0.4925555510459184,0.4790575916230366,0.4804073875653248,0.48243208147875705,0.4858065713344775,0.48918106119019794,0.4925555510459184
2018_19_20181230_BUR_WHU,2018_19,2018-12-30,0,0.4986876640419947,0.5468076593952621,0.4986876640419947,0.5034996635773215,0.5107176628803116,0.5227476617186284,0.5347776605569452,0.5468076593952621
2018_19_20181230_CRY_CHE,2018_19,2018-12-30,0,0.5130890052356021,0.5945373495037509,0.5130890052356021,0.521233839662417,0.5334510913026393,0.5538131773696765,0.5741752634367137,0.5945373495037509
2018_19_20181230_MUN_BOU,2018_19,2018-12-30,1,0.6178660049627792,0.6578317738123809,0.6178660049627792,0.6218625818477393,0.6278574471751797,0.63784888938758,0.6478403315999804,0.6578317738123809
2018_19_20181230_SOU_MCI,2018_19,2018-12-30,1,0.6159600997506234,0.7040870853086336,0.6159600997506234,0.6247727983064244,0.6379918461401259,0.6600235925296285,0.6820553389191311,0.7040870853086336
2018_19_20190101_ARS_FUL,2018_19,2019-01-01,1,0.6538461538461539,0.6761814817069718,0.6538461538461539,0.6560796866322357,0.6594299858113584,0.6650138177765628,0.6705976497417673,0.6761814817069718
2018_19_20190101_CAR_TOT,2018_19,2019-01-01,1,0.5695876288659795,0.6391311681976024,0.5695876288659795,0.5765419827991417,0.5869735136988852,0.604359398531791,0.6217452833646967,0.6391311681976024
2018_19_20190101_EVE_LEI,2018_19,2019-01-01,0,0.4842931937172774,0.5650067515866803,0.4842931937172774,0.4923645495042177,0.5044715831846281,0.5246499726519789,0.5448283621193296,0.5650067515866803
2018_19_20190102_BOU_WAT,2018_19,2019-01-02,1,0.5468749999999999,0.6417866530000511,0.5468749999999999,0.556366165300005,0.5706029132500127,0.5943308265000256,0.6180587397500383,0.6417866530000511
2018_19_20190102_CHE_SOU,2018_19,2019-01-02,0,0.6253101736972705,0.6236256008732572,0.6253101736972705,0.6251417164148693,0.6248890304912671,0.6244678872852638,0.6240467440792605,0.6236256008732572
2018_19_20190102_HUD_BUR,2018_19,2019-01-02,1,0.3875,0.4035526565276701,0.3875,0.38910526565276704,0.39151316413191756,0.39552632826383505,0.39953949239575254,0.4035526565276701
2018_19_20190102_NEW_MUN,2018_19,2019-01-02,0,0.5805626598465473,0.6093527086498962,0.5805626598465473,0.5834416647268822,0.5877601720473846,0.5949576842482218,0.602155196449059,0.6093527086498962
2018_19_20190102_WHU_BRI,2018_19,2019-01-02,1,0.5013123359580053,0.533905668198081,0.5013123359580053,0.5045716691820129,0.5094606690180242,0.5176090020780432,0.5257573351380621,0.533905668198081
2018_19_20190102_WOL_CRY,2018_19,2019-01-02,0,0.4252577319587629,0.3782055214147395,0.4252577319587629,0.4205525109043605,0.413494679322757,0.4017316266867512,0.38996857405074536,0.3782055214147395
2018_19_20190103_MCI_LIV,2018_19,2019-01-03,1,0.6159600997506234,0.6475012863114333,0.6159600997506234,0.6191142184067044,0.6238453963908259,0.6317306930310284,0.6396159896712308,0.6475012863114333
2018_19_20190112_BRI_LIV,2018_19,2019-01-12,0,0.5532467532467532,0.5928598132080405,0.5532467532467532,0.557208059242882,0.563150018237075,0.5730532832273969,0.5829565482177187,0.5928598132080405
2018_19_20190112_BUR_FUL,2018_19,2019-01-12,1,0.4583333333333333,0.5290304973230826,0.4583333333333333,0.4654030497323082,0.47600762433077065,0.49368191532820793,0.5113562063256453,0.5290304973230826
2018_19_20190112_CAR_HUD,2018_19,2019-01-12,0,0.3811881188118812,0.3584773520277451,0.3811881188118812,0.3789170421334676,0.3755104271158472,0.36983273541981315,0.36415504372377916,0.3584773520277451
2018_19_20190112_CHE_NEW,2018_19,2019-01-12,1,0.5681233933161953,0.6127304047028809,0.5681233933161953,0.5725840944548639,0.5792751461628667,0.590426899009538,0.6015786518562094,0.6127304047028809
2018_19_20190112_CRY_WAT,2018_19,2019-01-12,1,0.4557291666666667,0.4111765326877739,0.4557291666666667,0.45127390326877737,0.44459100817194347,0.4334528496772203,0.4223146911824971,0.4111765326877739
2018_19_20190112_LEI_SOU,2018_19,2019-01-12,1,0.4647519582245431,0.4377254990481455,0.4647519582245431,0.4620493123069034,0.4579953434304437,0.4512387286363443,0.44448211384224495,0.4377254990481455
2018_19_20190112_WHU_ARS,2018_19,2019-01-12,0,0.6280788177339901,0.6614854982115671,0.6280788177339901,0.6314194857817478,0.6364304878533843,0.6447821579727786,0.6531338280921729,0.6614854982115671
2018_19_20190113_EVE_BOU,2018_19,2019-01-13,0,0.5670103092783505,0.6613035415510036,0.5670103092783505,0.5764396325056158,0.5905836173465138,0.614156925414677,0.6377302334828403,0.6613035415510036
2018_19_20190113_TOT_MUN,2018_19,2019-01-13,0,0.5831202046035805,0.5364582650701952,0.5831202046035805,0.578454010650242,0.5714547197202342,0.5597892348368878,0.5481237499535415,0.5364582650701952
2018_19_20190114_MCI_WOL,2018_19,2019-01-14,1,0.6449275362318841,0.6605423619206482,0.6449275362318841,0.6464890188007606,0.6488312426540751,0.6527349490762662,0.6566386554984572,0.6605423619206482
2018_19_20190119_ARS_CHE,2018_19,2019-01-19,0,0.5695876288659795,0.6636059680767696,0.5695876288659795,0.5789894627870584,0.5930922136686769,0.6165967984713745,0.6401013832740721,0.6636059680767696
2018_19_20190119_BOU_WHU,2018_19,2019-01-19,0,0.5841836734693877,0.6659902780649724,0.5841836734693877,0.5923643339289462,0.6046353246182838,0.62508697576718,0.6455386269160762,0.6659902780649724
2018_19_20190119_LIV_CRY,2018_19,2019-01-19,1,0.6348039215686274,0.5899531294524158,0.6348039215686274,0.6303188423570063,0.6235912235395745,0.6123785255105216,0.6011658274814687,0.5899531294524158
2018_19_20190119_MUN_BRI,2018_19,2019-01-19,1,0.5670103092783505,0.548655913830438,0.5670103092783505,0.5651748697335592,0.5624217104163723,0.5578331115543942,0.5532445126924161,0.548655913830438
2018_19_20190119_NEW_CAR,2018_19,2019-01-19,1,0.413265306122449,0.4395692155415396,0.413265306122449,0.4158956970643581,0.41984128347722166,0.42641726083199427,0.43299323818676694,0.4395692155415396
2018_19_20190119_SOU_EVE,2018_19,2019-01-19,1,0.5026178010471204,0.551030847728379,0.5026178010471204,0.5074591057152462,0.514721062717435,0.5268243243877497,0.5389275860580643,0.551030847728379
2018_19_20190119_WAT_BUR,2018_19,2019-01-19,0,0.5209424083769634,0.4993341089207354,0.5209424083769634,0.5187815784313405,0.5155403335129064,0.5101382586488494,0.5047361837847923,0.4993341089207354
2018_19_20190119_WOL_LEI,2018_19,2019-01-19,1,0.4005037783375315,0.4666599596207527,0.4005037783375315,0.4071193964658536,0.4170428236583368,0.4335818689791421,0.4501209142999474,0.4666599596207527
2018_19_20190120_FUL_TOT,2018_19,2019-01-20,1,0.5091863517060368,0.506309351385114,0.5091863517060368,0.5088986516739444,0.508467101625806,0.5077478515455753,0.5070286014653447,0.506309351385114
2018_19_20190120_HUD_MCI,2018_19,2019-01-20,1,0.6365853658536585,0.7670324627334617,0.6365853658536585,0.6496300755416389,0.6691971400736093,0.7018089142935602,0.7344206885135109,0.7670324627334617
2018_19_20190129_ARS_CAR,2018_19,2019-01-29,1,0.6728538283062646,0.7407294184800655,0.6728538283062646,0.6796413873236447,0.6898227258497149,0.706791623393165,0.7237605209366151,0.7407294184800655
2018_19_20190129_FUL_BRI,2018_19,2019-01-29,1,0.4267352185089973,0.419319818103554,0.4267352185089973,0.425993678468453,0.42488136840763646,0.42302751830627566,0.42117366820491486,0.419319818103554
2018_19_20190129_HUD_EVE,2018_19,2019-01-29,0,0.4219948849104858,0.5358208506402887,0.4219948849104858,0.4333774814834661,0.4504513763429365,0.4789078677753873,0.5073643592078381,0.5358208506402887
2018_19_20190129_MUN_BUR,2018_19,2019-01-29,1,0.6125,0.5917473683256933,0.6125,0.6104247368325694,0.6073118420814234,0.6021236841628467,0.5969355262442699,0.5917473683256933
2018_19_20190129_NEW_MCI,2018_19,2019-01-29,1,0.6481927710843374,0.7785750454800943,0.6481927710843374,0.6612309985239131,0.6807883396832766,0.7133839082822158,0.745979476881155,0.7785750454800943
2018_19_20190129_WOL_WHU,2018_19,2019-01-29,1,0.486910994764398,0.5335733865476722,0.486910994764398,0.4915772339427254,0.49857659271021654,0.510242190656035,0.5219077886018536,0.5335733865476722
2018_19_20190130_BOU_CHE,2018_19,2019-01-30,1,0.5670103092783505,0.7061975457065104,0.5670103092783505,0.5809290329211665,0.6018071183853905,0.6366039274924304,0.6714007365994703,0.7061975457065104
2018_19_20190130_LIV_LEI,2018_19,2019-01-30,0,0.6280788177339901,0.6121131538911009,0.6280788177339901,0.6264822513497011,0.6240874017732678,0.6200959858125454,0.6161045698518232,0.6121131538911009
2018_19_20190130_SOU_CRY,2018_19,2019-01-30,0,0.4830287206266319,0.5018585199278809,0.4830287206266319,0.48491170055675675,0.4877361704519441,0.4924436202772564,0.49715107010256865,0.5018585199278809
2018_19_20190130_TOT_WAT,2018_19,2019-01-30,1,0.5532467532467532,0.5314888354479844,0.5532467532467532,0.5510709614668763,0.5478072737970611,0.5423677943473688,0.5369283148976766,0.5314888354479844
2018_19_20190202_BRI_WAT,2018_19,2019-02-02,0,0.4392764857881137,0.4537042368185739,0.4392764857881137,0.4407192608911597,0.44288342354572874,0.4464903613033438,0.45009729906095886,0.4537042368185739
2018_19_20190202_BUR_SOU,2018_19,2019-02-02,0,0.4621409921671018,0.4358096314410779,0.4621409921671018,0.45950785609449946,0.45555815198559585,0.4489753118040899,0.4423924716225839,0.4358096314410779
2018_19_20190202_CAR_BOU,2018_19,2019-02-02,0,0.4960629921259842,0.5541804516483937,0.4960629921259842,0.5018747380782251,0.5105923570065866,0.525121721887189,0.5396510867677913,0.5541804516483937
2018_19_20190202_CHE_HUD,2018_19,2019-02-02,1,0.5820512820512821,0.6190703424266367,0.5820512820512821,0.5857531880888175,0.5913060471451207,0.6005608122389594,0.6098155773327981,0.6190703424266367
2018_19_20190202_CRY_FUL,2018_19,2019-02-02,0,0.4816753926701571,0.4931474777782305,0.4816753926701571,0.48282260118096443,0.4845434139471754,0.4874114352241938,0.49027945650121213,0.4931474777782305
2018_19_20190202_EVE_WOL,2018_19,2019-02-02,1,0.4621409921671018,0.4006604947986041,0.4621409921671018,0.45599294243025207,0.4467708678249774,0.43140074348285296,0.41603061914072853,0.4006604947986041
2018_19_20190202_TOT_NEW,2018_19,2019-02-02,0,0.518324607329843,0.5384915211321494,0.518324607329843,0.5203412987100736,0.5233663357804196,0.5284080642309962,0.5334497926815728,0.5384915211321494
2018_19_20190203_LEI_MUN,2018_19,2019-02-03,0,0.5274151436031332,0.569297260830495,0.5274151436031332,0.5316033553258694,0.5378856729099737,0.5483562022168141,0.5588267315236546,0.569297260830495
2018_19_20190203_MCI_ARS,2018_19,2019-02-03,1,0.7026431718061673,0.7287496435293882,0.7026431718061673,0.7052538189784894,0.7091697897369725,0.7156964076677778,0.722223025598583,0.7287496435293882
2018_19_20190204_WHU_LIV,2018_19,2019-02-04,0,0.5974683544303797,0.648429629279349,0.5974683544303797,0.6025644819152767,0.610208673142622,0.6229489918548643,0.6356893105671066,0.648429629279349
2018_19_20190206_EVE_MCI,2018_19,2019-02-06,0,0.6365853658536585,0.7478959200565375,0.6365853658536585,0.6477164212739465,0.6644130044043782,0.692240642955098,0.7200682815058178,0.7478959200565375
2018_19_20190209_BRI_BUR,2018_19,2019-02-09,1,0.4158163265306122,0.4363080905862948,0.4158163265306122,0.41786550293618047,0.4209392675445328,0.42606220855845345,0.4311851495723741,0.4363080905862948
2018_19_20190209_CRY_WHU,2018_19,2019-02-09,0,0.4751958224543081,0.4937726867853071,0.4751958224543081,0.477053508887408,0.47984003853705787,0.4844842546198076,0.4891284707025573,0.4937726867853071
2018_19_20190209_FUL_MUN,2018_19,2019-02-09,1,0.5939086294416244,0.6661444153746114,0.5939086294416244,0.6011322080349231,0.611967575924871,0.6300265224081179,0.6480854688913646,0.6661444153746114
2018_19_20190209_HUD_ARS,2018_19,2019-02-09,1,0.5326370757180157,0.6913869209371097,0.5326370757180157,0.548512060239925,0.5723245370227892,0.6120119983275627,0.6516994596323362,0.6913869209371097
2018_19_20190209_LIV_BOU,2018_19,2019-02-09,1,0.6705607476635514,0.7439796712355535,0.6705607476635514,0.6779026400207517,0.6889154785565519,0.7072702094495524,0.725624940342553,0.7439796712355535
2018_19_20190209_SOU_CAR,2018_19,2019-02-09,1,0.4621409921671018,0.4513782534989556,0.4621409921671018,0.4610647183002872,0.45945030750006527,0.45675962283302873,0.45406893816599214,0.4513782534989556
2018_19_20190209_WAT_EVE,2018_19,2019-02-09,0,0.4960629921259842,0.5795592955460405,0.4960629921259842,0.5044126224679899,0.5169370679809983,0.5378111438360124,0.5586852196910264,0.5795592955460405
2018_19_20190210_MCI_CHE,2018_19,2019-02-10,1,0.5856777493606138,0.5726324914013382,0.5856777493606138,0.5843732235646862,0.5824164348707949,0.5791551203809759,0.5758938058911571,0.5726324914013382
2018_19_20190210_TOT_LEI,2018_19,2019-02-10,1,0.5274151436031332,0.5238861609330426,0.5274151436031332,0.5270622453361242,0.5265328979356105,0.5256506522680879,0.5247684066005653,0.5238861609330426
2018_19_20190211_WOL_NEW,2018_19,2019-02-11,0,0.4278350515463917,0.4312594765256455,0.4278350515463917,0.4281774940443171,0.42869115779120515,0.4295472640360186,0.4304033702808321,0.4312594765256455
2018_19_20190222_CAR_WAT,2018_19,2019-02-22,1,0.4659685863874345,0.4734611736548305,0.4659685863874345,0.4667178451141741,0.46784173320428346,0.4697148800211325,0.4715880268379815,0.4734611736548305
2018_19_20190222_WHU_FUL,2018_19,2019-02-22,1,0.5618556701030928,0.5982350545899733,0.5618556701030928,0.5654936085517808,0.570950516224813,0.580045362346533,0.5891402084682531,0.5982350545899733
2018_19_20190223_BOU_WOL,2018_19,2019-02-23,0,0.4635416666666666,0.4228500472126524,0.4635416666666666,0.45947250472126516,0.45336876180316305,0.44319585693965946,0.43302295207615593,0.4228500472126524
2018_19_20190223_BUR_TOT,2018_19,2019-02-23,1,0.548051948051948,0.5976670685892295,0.548051948051948,0.5530134601056762,0.5604557281862683,0.5728595083205887,0.5852632884549092,0.5976670685892295
2018_19_20190223_LEI_CRY,2018_19,2019-02-23,1,0.4341085271317829,0.3923544915007281,0.4341085271317829,0.4299331235686774,0.4236700182240192,0.4132315093162555,0.40279300040849175,0.3923544915007281
2018_19_20190223_NEW_HUD,2018_19,2019-02-23,0,0.3855721393034826,0.3210454344160524,0.3855721393034826,0.37911946881473957,0.36944046308162504,0.3533087868597675,0.33717711063790995,0.3210454344160524
2018_19_20190224_ARS_SOU,2018_19,2019-02-24,0,0.5918367346938775,0.566073932013125,0.5918367346938775,0.5892604544258023,0.5853960340236894,0.5789553333535012,0.572514632683313,0.566073932013125
2018_19_20190224_MUN_LIV,2018_19,2019-02-24,0,0.5314136125654451,0.5409992279186109,0.5314136125654451,0.5323721741007617,0.5338100164037365,0.536206420242028,0.5386028240803195,0.5409992279186109
2018_19_20190226_CAR_EVE,2018_19,2019-02-26,1,0.4557291666666667,0.5530185560210124,0.4557291666666667,0.4654581056021012,0.4800515140052531,0.5043738613438395,0.528696208682426,0.5530185560210124
2018_19_20190226_HUD_WOL,2018_19,2019-02-26,0,0.39,0.4383101045738639,0.39,0.39483101045738644,0.4020775261434659,0.41415505228693195,0.42623257843039797,0.4383101045738639
2018_19_20190226_LEI_BRI,2018_19,2019-02-26,1,0.4318766066838046,0.4792770014779438,0.4318766066838046,0.4366166461632185,0.4437267053823394,0.4555768040808742,0.467426902779409,0.4792770014779438
2018_19_20190226_NEW_BUR,2018_19,2019-02-26,0,0.4075949367088607,0.3500862209144954,0.4075949367088607,0.4018440651294242,0.3932177577602694,0.3788405788116781,0.36446339986308673,0.3500862209144954
2018_19_20190227_ARS_BOU,2018_19,2019-02-27,1,0.625615763546798,0.6766761476266485,0.625615763546798,0.6307218019547831,0.6383808595667606,0.6511459555867233,0.663911051606686,0.6766761476266485
2018_19_20190227_CHE_TOT,2018_19,2019-02-27,0,0.518324607329843,0.6320250820697647,0.518324607329843,0.5296946548038352,0.5467497260148234,0.5751748446998038,0.6035999633847843,0.6320250820697647
2018_19_20190227_CRY_MUN,2018_19,2019-02-27,1,0.5078534031413613,0.5151393348178522,0.5078534031413613,0.5085819963090104,0.5096748860604841,0.5114963689796068,0.5133178518987296,0.5151393348178522
2018_19_20190227_LIV_WAT,2018_19,2019-02-27,1,0.6169154228855721,0.6294029364187597,0.6169154228855721,0.6181641742388908,0.620037301268869,0.6231591796521658,0.6262810580354627,0.6294029364187597
2018_19_20190227_MCI_WHU,2018_19,2019-02-27,0,0.7148936170212765,0.7396006200654469,0.7148936170212765,0.7173643173256936,0.721070367782319,0.7272471185433618,0.7334238693044044,0.7396006200654469
2018_19_20190227_SOU_FUL,2018_19,2019-02-27,0,0.5026178010471204,0.5202904459703183,0.5026178010471204,0.5043850655394402,0.5070359622779198,0.5114541235087193,0.5158722847395188,0.5202904459703183
2018_19_20190302_BOU_MCI,2018_19,2019-03-02,0,0.6811926605504588,0.7787892653297966,0.6811926605504588,0.6909523210283927,0.7055918117452932,0.7299909629401278,0.7543901141349623,0.7787892653297966
2018_19_20190302_BRI_HUD,2018_19,2019-03-02,0,0.3846153846153846,0.3907241727981858,0.3846153846153846,0.38522626343366473,0.3861425816610849,0.3876697787067852,0.38919697575248546,0.3907241727981858
2018_19_20190302_BUR_CRY,2018_19,2019-03-02,1,0.4583333333333333,0.4358788723159146,0.4583333333333333,0.45608788723159144,0.45271971807897865,0.44710610282462393,0.44149248757026927,0.4358788723159146
2018_19_20190302_MUN_SOU,2018_19,2019-03-02,1,0.5644329896907216,0.589128166494394,0.5644329896907216,0.5669025073710888,0.5706067838916398,0.5767805780925579,0.582954372293476,0.589128166494394
2018_19_20190302_TOT_ARS,2018_19,2019-03-02,0,0.5877862595419847,0.6582521000302567,0.5877862595419847,0.5948328435908119,0.6054027196640527,0.6230191797861206,0.6406356399081887,0.6582521000302567
2018_19_20190302_WHU_NEW,2018_19,2019-03-02,0,0.486910994764398,0.5264258217326698,0.486910994764398,0.4908624774612252,0.49678970150646595,0.5066684082485339,0.5165471149906019,0.5264258217326698
2018_19_20190302_WOL_CAR,2018_19,2019-03-02,0,0.4830287206266319,0.4565496751342649,0.4830287206266319,0.4803808160773952,0.4764089592535401,0.4697891978804484,0.4631694365073567,0.4565496751342649
2018_19_20190303_EVE_LIV,2018_19,2019-03-03,0,0.5052356020942408,0.5938025705123072,0.5052356020942408,0.5140922989360475,0.5273773441987574,0.549519086303274,0.5716608284077906,0.5938025705123072
2018_19_20190303_FUL_CHE,2018_19,2019-03-03,1,0.5681233933161953,0.657845815788117,0.5681233933161953,0.5770956355633875,0.5905539989341757,0.6129846045521561,0.6354152101701365,0.657845815788117
2018_19_20190303_WAT_LEI,2018_19,2019-03-03,1,0.4895287958115184,0.5277053122191067,0.4895287958115184,0.49334644745227724,0.4990729249134155,0.5086170540153125,0.5181611831172096,0.5277053122191067
2018_19_20190309_CAR_WHU,2018_19,2019-03-09,0,0.4934725848563968,0.6068780573018221,0.4934725848563968,0.5048131321009394,0.5218239529677531,0.5501753210791094,0.5785266891904658,0.6068780573018221
2018_19_20190309_CRY_BRI,2018_19,2019-03-09,1,0.4392764857881137,0.3930542091473034,0.4392764857881137,0.43465425812403263,0.4277209166279111,0.4161653474677085,0.404609778307506,0.3930542091473034
2018_19_20190309_HUD_BOU,2018_19,2019-03-09,0,0.4293059125964009,0.4971963068656085,0.4293059125964009,0.4360949520233216,0.44627851116370276,0.4632511097310047,0.48022370829830663,0.4971963068656085
2018_19_20190309_LEI_FUL,2018_19,2019-03-09,1,0.5644329896907216,0.6453211206357578,0.5644329896907216,0.5725218027852252,0.5846550224269806,0.6048770551632396,0.6250990878994986,0.6453211206357578
2018_19_20190309_MCI_WAT,2018_19,2019-03-09,1,0.7155172413793104,0.6582324331851673,0.7155172413793104,0.7097887605598961,0.7011960393307746,0.6868748372822389,0.6725536352337032,0.6582324331851673
2018_19_20190309_NEW_EVE,2018_19,2019-03-09,1,0.4040404040404041,0.4188100013766135,0.4040404040404041,0.40551736377402503,0.4077328033744565,0.4114252027085088,0.4151176020425611,0.4188100013766135
2018_19_20190309_SOU_TOT,2018_19,2019-03-09,1,0.5300261096605744,0.641212176381584,0.5300261096605744,0.5411447163326754,0.5578226263408268,0.5856191430210792,0.6134156597013316,0.641212176381584
2018_19_20190310_ARS_MUN,2018_19,2019-03-10,0,0.5732647814910026,0.5534496211513388,0.5732647814910026,0.5712832654570362,0.5683109914060867,0.5633572013211707,0.5584034112362547,0.5534496211513388
2018_19_20190310_CHE_WOL,2018_19,2019-03-10,0,0.5026178010471204,0.5887973352114599,0.5026178010471204,0.5112357544635543,0.5241626845882053,0.5457075681292902,0.5672524516703751,0.5887973352114599
2018_19_20190310_LIV_BUR,2018_19,2019-03-10,1,0.6563245823389022,0.5627782338161026,0.6563245823389022,0.6469699474866223,0.6329379952082024,0.6095514080775024,0.5861648209468024,0.5627782338161026
2018_19_20190316_BOU_NEW,2018_19,2019-03-16,1,0.4751958224543081,0.5148627825755357,0.4751958224543081,0.4791625184664309,0.485112562484615,0.49502930251492194,0.5049460425452288,0.5148627825755357
2018_19_20190316_BUR_LEI,2018_19,2019-03-16,1,0.4751958224543081,0.5265475691622119,0.4751958224543081,0.48033099712509847,0.48803375913128405,0.50087169580826,0.5137096324852359,0.5265475691622119
2018_19_20190316_WHU_HUD,2018_19,2019-03-16,1,0.4830287206266319,0.4787422157384358,0.4830287206266319,0.48260007013781225,0.48195709440458284,0.48088546818253386,0.4798138419604848,0.4787422157384358
2018_19_20190317_EVE_CHE,2018_19,2019-03-17,0,0.4960629921259842,0.5414837520971955,0.4960629921259842,0.5006050681231053,0.507418182118787,0.5187733721115898,0.5301285621043926,0.5414837520971955
2018_19_20190317_FUL_LIV,2018_19,2019-03-17,1,0.6390243902439025,0.7531256552025636,0.6390243902439025,0.6504345167397686,0.6675497064835677,0.6960750227232331,0.7246003389628983,0.7531256552025636
2018_19_20190330_BRI_SOU,2018_19,2019-03-30,0,0.39,0.3342092678746272,0.39,0.38442092678746276,0.37605231696865676,0.3621046339373136,0.34815695090597043,0.3342092678746272
2018_19_20190330_BUR_WOL,2018_19,2019-03-30,0,0.4147582697201017,0.5056634869968591,0.4147582697201017,0.42384879144777743,0.4374845740392911,0.4602108783584804,0.48293718267766983,0.5056634869968591
2018_19_20190330_CRY_HUD,2018_19,2019-03-30,0,0.4444444444444444,0.4254799919711628,0.4444444444444444,0.44254799919711624,0.43970333132612405,0.4349622182078036,0.43022110508948325,0.4254799919711628
2018_19_20190330_FUL_MCI,2018_19,2019-03-30,0,0.7334710743801653,0.8386995724598991,0.7334710743801653,0.7439939241881387,0.7597781989000988,0.7860853234200322,0.8123924479399657,0.8386995724598991
2018_19_20190330_LEI_BOU,2018_19,2019-03-30,0,0.5681233933161953,0.6122553702748198,0.5681233933161953,0.5725365910120578,0.5791563875558514,0.5901893817955075,0.6012223760351636,0.6122553702748198
2018_19_20190330_MUN_WAT,2018_19,2019-03-30,1,0.5790816326530612,0.5767263013708871,0.5790816326530612,0.5788460995248438,0.5784927998325177,0.5779039670119741,0.5773151341914307,0.5767263013708871
2018_19_20190330_WHU_EVE,2018_19,2019-03-30,0,0.5326370757180157,0.5892166188734584,0.5326370757180157,0.5382950300335599,0.5467819615068763,0.560926847295737,0.5750717330845978,0.5892166188734584
2018_19_20190331_CAR_CHE,2018_19,2019-03-31,1,0.5378590078328982,0.6552873711460073,0.5378590078328982,0.5496018441642091,0.5672160986611755,0.5965731894894528,0.62593028031773,0.6552873711460073
2018_19_20190331_LIV_TOT,2018_19,2019-03-31,1,0.5681233933161953,0.5837140493024084,0.5681233933161953,0.5696824589148166,0.5720210573127487,0.5759187213093019,0.5798163853058551,0.5837140493024084
2018_19_20190401_ARS_NEW,2018_19,2019-04-01,0,0.5974683544303797,0.5274396596912327,0.5974683544303797,0.590465484956465,0.5799611807455929,0.5624540070608062,0.5449468333760195,0.5274396596912327
2018_19_20190402_WAT_FUL,2018_19,2019-04-02,1,0.5607235142118864,0.6539865011072606,0.5607235142118864,0.5700498129014239,0.58403926093573,0.6073550076595735,0.630670754383417,0.6539865011072606
2018_19_20190402_WOL_MUN,2018_19,2019-04-02,1,0.4699738903394256,0.4812231872136716,0.4699738903394256,0.4710988200268502,0.4727862145579871,0.47559853877654856,0.47841086299511004,0.4812231872136716
2018_19_20190403_CHE_BRI,2018_19,2019-04-03,1,0.5595854922279793,0.5596088030338562,0.5595854922279793,0.559587823308567,0.5595913199294484,0.5595971476309177,0.559602975332387,0.5596088030338562
2018_19_20190403_MCI_CAR,2018_19,2019-04-03,0,0.7728119180633148,0.7115542788170336,0.7728119180633148,0.7666861541386868,0.7574975082517444,0.7421830984401743,0.726868688628604,0.7115542788170336
2018_19_20190403_TOT_CRY,2018_19,2019-04-03,0,0.5758354755784061,0.5835898440472587,0.5758354755784061,0.5766109124252914,0.5777740676956192,0.5797126598128324,0.5816512519300455,0.5835898440472587
2018_19_20190405_SOU_LIV,2018_19,2019-04-05,1,0.5569948186528497,0.6289579697176882,0.5569948186528497,0.5641911337593336,0.5749856064190594,0.592976394185269,0.6109671819514786,0.6289579697176882
2018_19_20190406_BOU_BUR,2018_19,2019-04-06,1,0.5195822454308094,0.5336542149408218,0.5195822454308094,0.5209894423818107,0.5231002378083125,0.5266182301858156,0.5301362225633186,0.5336542149408218
2018_19_20190406_HUD_LEI,2018_19,2019-04-06,1,0.4778067885117493,0.5560949015976887,0.4778067885117493,0.4856355998203432,0.49737881678323415,0.516950845054719,0.5365228733262039,0.5560949015976887
2018_19_20190406_NEW_CRY,2018_19,2019-04-06,0,0.4219948849104858,0.3969219323009259,0.4219948849104858,0.4194875896495298,0.41572664675809584,0.4094584086057058,0.40319017045331584,0.3969219323009259
2018_19_20190407_EVE_ARS,2018_19,2019-04-07,0,0.5658914728682171,0.5928494774822293,0.5658914728682171,0.5685872733296182,0.5726309740217201,0.5793704751752231,0.5861099763287262,0.5928494774822293
2018_19_20190408_CHE_WHU,2018_19,2019-04-08,0,0.6228287841191067,0.6162673914771315,0.6228287841191067,0.6221726448549092,0.6211884359586128,0.6195480877981191,0.6179077396376254,0.6162673914771315
2018_19_20190412_LEI_NEW,2018_19,2019-04-12,0,0.4973821989528796,0.4315813805742398,0.4973821989528796,0.49080211711501565,0.48093199435821965,0.4644817897635597,0.44803158516889974,0.4315813805742398
2018_19_20190413_BRI_BOU,2018_19,2019-04-13,1,0.4597402597402597,0.5324094663137572,0.4597402597402597,0.4670071803976095,0.4779075613836341,0.49607486302700843,0.5142421646703828,0.5324094663137572
2018_19_20190413_BUR_CAR,2018_19,2019-04-13,0,0.4621409921671018,0.5045260720118043,0.4621409921671018,0.4663795001515721,0.47273726212827744,0.48333353208945307,0.4939298020506287,0.5045260720118043
2018_19_20190413_FUL_EVE,2018_19,2019-04-13,0,0.5544041450777203,0.6682602606090512,0.5544041450777203,0.5657897566308534,0.582868173960553,0.6113322028433857,0.6397962317262185,0.6682602606090512
2018_19_20190413_MUN_WHU,2018_19,2019-04-13,1,0.6265356265356266,0.6867346935330636,0.6265356265356266,0.6325555332353703,0.6415853932849858,0.6566351600343451,0.6716849267837044,0.6867346935330636
2018_19_20190413_SOU_WOL,2018_19,2019-04-13,1,0.4111675126903554,0.4170420231740934,0.4111675126903554,0.4117549637387292,0.4126361403112899,0.4141047679322244,0.41557339555315886,0.4170420231740934
2018_19_20190413_TOT_HUD,2018_19,2019-04-13,1,0.6440677966101696,0.62861516930516,0.6440677966101696,0.6425225338796686,0.6402046397839172,0.6363414829576648,0.6324783261314124,0.62861516930516
2018_19_20190414_CRY_MCI,2018_19,2019-04-14,1,0.5939086294416244,0.6953670690306837,0.5939086294416244,0.6040544734005303,0.6192732393388891,0.644637849236154,0.6700024591334189,0.6953670690306837
2018_19_20190414_LIV_CHE,2018_19,2019-04-14,0,0.5378590078328982,0.6059669381283297,0.5378590078328982,0.5446698008624413,0.554885990406756,0.5719129729806139,0.5889399555544719,0.6059669381283297
2018_19_20190415_WAT_ARS,2018_19,2019-04-15,0,0.6045340050377834,0.7219389532803192,0.6045340050377834,0.616274499862037,0.6338852420984173,0.6632364791590513,0.6925877162196852,0.7219389532803192
2018_19_20190416_BRI_CAR,2018_19,2019-04-16,0,0.4096692111959288,0.4430903668970914,0.4096692111959288,0.4130113267660451,0.41802450012121944,0.4263797890465101,0.4347350779718008,0.4430903668970914
2018_19_20190420_BOU_FUL,2018_19,2019-04-20,0,0.615,0.6142183469755156,0.615,0.6149218346975516,0.614804586743879,0.6146091734877578,0.6144137602316366,0.6142183469755156
2018_19_20190420_HUD_WAT,2018_19,2019-04-20,1,0.5209424083769634,0.6201398051988638,0.5209424083769634,0.5308621480591534,0.5457417575824385,0.5705411067879136,0.5953404559933887,0.6201398051988638
2018_19_20190420_MCI_TOT,2018_19,2019-04-20,0,0.6619385342789598,0.6805623980441966,0.6619385342789598,0.6638009206554835,0.6665945002202689,0.6712504661615781,0.6759064321028874,0.6805623980441966
2018_19_20190420_NEW_SOU,2018_19,2019-04-20,1,0.4060913705583756,0.3654417279690618,0.4060913705583756,0.4020264062994442,0.39592895991104715,0.38576654926371867,0.37560413861639025,0.3654417279690618
2018_19_20190420_WHU_LEI,2018_19,2019-04-20,1,0.5558441558441558,0.6408742478790069,0.5558441558441558,0.564347165047641,0.5771016788528686,0.5983592018615813,0.6196167248702942,0.6408742478790069
2018_19_20190420_WOL_BRI,2018_19,2019-04-20,0,0.4005037783375315,0.4031271180843606,0.4005037783375315,0.4007661123122144,0.40115961327423877,0.40181544821094606,0.40247128314765335,0.4031271180843606
2018_19_20190421_ARS_CRY,2018_19,2019-04-21,1,0.601010101010101,0.5495897317301837,0.601010101010101,0.5958680640821092,0.5881550086901217,0.5752999163701423,0.5624448240501629,0.5495897317301837
2018_19_20190421_CAR_LIV,2018_19,2019-04-21,0,0.6184538653366584,0.645579043911013,0.6184538653366584,0.6211663831940939,0.625235159980247,0.6320164546238356,0.6387977492674243,0.645579043911013
2018_19_20190421_EVE_MUN,2018_19,2019-04-21,1,0.5118110236220472,0.487875458109675,0.5118110236220472,0.50941746707081,0.5058271322439541,0.49984324086586107,0.49385934948776805,0.487875458109675
2018_19_20190422_CHE_BUR,2018_19,2019-04-22,1,0.5856777493606138,0.5519929932110589,0.5856777493606138,0.5823092737456583,0.577256560323225,0.5688353712858363,0.5604141822484476,0.5519929932110589
2018_19_20190423_TOT_BRI,2018_19,2019-04-23,0,0.5569948186528497,0.5560404941238695,0.5569948186528497,0.5568993861999517,0.5567562375206047,0.5565176563883596,0.5562790752561145,0.5560404941238695
2018_19_20190423_WAT_SOU,2018_19,2019-04-23,0,0.5248041775456919,0.5551371238334214,0.5248041775456919,0.5278374721744649,0.5323874141176242,0.5399706506895566,0.547553887261489,0.5551371238334214
2018_19_20190424_MUN_MCI,2018_19,2019-04-24,0,0.625615763546798,0.7615604329701328,0.625615763546798,0.6392102304891316,0.6596019309026318,0.6935880982584655,0.727574265614299,0.7615604329701328
2018_19_20190424_WOL_ARS,2018_19,2019-04-24,1,0.5078534031413613,0.6322792582095621,0.5078534031413613,0.5202959886481814,0.5389598669084115,0.5700663306754616,0.6011727944425118,0.6322792582095621
2018_19_20190426_LIV_HUD,2018_19,2019-04-26,1,0.7736549165120593,0.6901152191593678,0.7736549165120593,0.7653009467767902,0.7527699921738864,0.7318850678357136,0.7110001434975407,0.6901152191593678
2018_19_20190427_BRI_NEW,2018_19,2019-04-27,0,0.3979848866498741,0.4318353952495561,0.3979848866498741,0.4013699375098423,0.4064475137997946,0.4149101409497151,0.4233727680996356,0.4318353952495561
2018_19_20190427_CRY_EVE,2018_19,2019-04-27,0,0.4921465968586388,0.555044025043294,0.4921465968586388,0.4984363396771044,0.5078709539048025,0.5235953109509663,0.5393196679971302,0.555044025043294
2018_19_20190427_FUL_CAR,2018_19,2019-04-27,0,0.5494791666666667,0.5743956673873173,0.5494791666666667,0.5519708167387318,0.5557082918468293,0.561937417026992,0.5681665422071547,0.5743956673873173
2018_19_20190427_SOU_BOU,2018_19,2019-04-27,1,0.5430809399477807,0.5956550087085156,0.5430809399477807,0.5483383468238543,0.5562244571379644,0.5693679743281481,0.5825114915183319,0.5956550087085156
2018_19_20190427_TOT_WHU,2018_19,2019-04-27,0,0.6203473945409429,0.5720001644637274,0.6203473945409429,0.6155126715332213,0.6082605870216391,0.5961737795023352,0.5840869719830313,0.5720001644637274
2018_19_20190427_WAT_WOL,2018_19,2019-04-27,1,0.4341085271317829,0.3952664653280007,0.4341085271317829,0.43022432095140467,0.42439801168083735,0.41468749622989176,0.4049769807789462,0.3952664653280007
2018_19_20190428_BUR_MCI,2018_19,2019-04-28,0,0.6713286713286714,0.7387874747737104,0.6713286713286714,0.6780745516731752,0.6881933721899312,0.7050580730511908,0.7219227739124506,0.7387874747737104
2018_19_20190428_LEI_ARS,2018_19,2019-04-28,1,0.5913705583756345,0.6214850411291019,0.5913705583756345,0.5943820066509812,0.5988991790640013,0.6064277997523682,0.6139564204407351,0.6214850411291019
2018_19_20190428_MUN_CHE,2018_19,2019-04-28,0,0.5157068062827225,0.6566890366594101,0.5157068062827225,0.5298050293203912,0.5509523638768944,0.5861979214710663,0.6214434790652382,0.6566890366594101
2018_19_20190503_EVE_BUR,2018_19,2019-05-03,0,0.5195822454308094,0.5300527018314243,0.5195822454308094,0.520629291070871,0.5221998595309632,0.5248174736311169,0.5274350877312706,0.5300527018314243
2018_19_20190504_BOU_TOT,2018_19,2019-05-04,0,0.586734693877551,0.7018089882159634,0.586734693877551,0.5982421233113921,0.6155032674621541,0.6442718410467572,0.6730404146313602,0.7018089882159634
2018_19_20190504_CAR_CRY,2018_19,2019-05-04,1,0.4934383202099738,0.5011438247523503,0.4934383202099738,0.4942088706642115,0.4953646963455679,0.49729107248116206,0.4992174486167562,0.5011438247523503
2018_19_20190504_NEW_LIV,2018_19,2019-05-04,1,0.5558441558441558,0.6077600786478565,0.5558441558441558,0.561035748124526,0.568823136545081,0.5818021172460062,0.5947810979469313,0.6077600786478565
2018_19_20190504_WHU_SOU,2018_19,2019-05-04,1,0.5903307888040712,0.595694674874049,0.5903307888040712,0.590867177411069,0.5916717603215657,0.5930127318390601,0.5943537033565546,0.595694674874049
2018_19_20190504_WOL_FUL,2018_19,2019-05-04,0,0.5300261096605744,0.5961357427640803,0.5300261096605744,0.536637072970925,0.5465535179364509,0.5630809262123273,0.5796083344882038,0.5961357427640803
2018_19_20190505_ARS_BRI,2018_19,2019-05-05,0,0.5684754521963824,0.6296207097542572,0.5684754521963824,0.5745899779521699,0.5837617665858511,0.5990480809753198,0.6143343953647885,0.6296207097542572
2018_19_20190505_CHE_WAT,2018_19,2019-05-05,1,0.5939086294416244,0.6188415434387775,0.5939086294416244,0.5964019208413397,0.6001418579409126,0.6063750864402009,0.6126083149394892,0.6188415434387775
2018_19_20190505_HUD_MUN,2018_19,2019-05-05,0,0.570694087403599,0.7241960867216773,0.570694087403599,0.5860442873354068,0.6090695872331185,0.6474450870626381,0.6858205868921577,0.7241960867216773
2018_19_20190506_MCI_LEI,2018_19,2019-05-06,0,0.7230443974630022,0.7219566516043134,0.7230443974630022,0.7229356228771333,0.7227724609983299,0.7225005245336578,0.7222285880689857,0.7219566516043134
2018_19_20190512_BRI_MCI,2018_19,2019-05-12,1,0.6697892271662763,0.7729310230157068,0.6697892271662763,0.6801034067512194,0.695574676128634,0.7213601250909916,0.7471455740533491,0.7729310230157068
2018_19_20190512_BUR_ARS,2018_19,2019-05-12,1,0.6035353535353536,0.6439859629387414,0.6035353535353536,0.6075804144756923,0.6136480058862006,0.6237606582370475,0.6338733105878944,0.6439859629387414
2018_19_20190512_CRY_BOU,2018_19,2019-05-12,1,0.6140350877192983,0.631992314553533,0.6140350877192983,0.6158308104027218,0.6185243944278569,0.6230137011364156,0.6275030078449744,0.631992314553533
2018_19_20190512_FUL_NEW,2018_19,2019-05-12,1,0.5430809399477807,0.5292680971679862,0.5430809399477807,0.5416996556698013,0.5396277292528321,0.5361745185578835,0.5327213078629348,0.5292680971679862
2018_19_20190512_LEI_CHE,2018_19,2019-05-12,0,0.5595854922279793,0.6016310309937006,0.5595854922279793,0.5637900461045515,0.5700968769194096,0.5806082616108399,0.5911196463022703,0.6016310309937006
2018_19_20190512_LIV_WOL,2018_19,2019-05-12,0,0.5892857142857143,0.5493135923446822,0.5892857142857143,0.5852885020916111,0.5792926838004563,0.5692996533151983,0.5593066228299403,0.5493135923446822
2018_19_20190512_MUN_CAR,2018_19,2019-05-12,0,0.6797235023041476,0.7398072315934461,0.6797235023041476,0.6857318752330774,0.6947444346264722,0.7097653669487969,0.7247862992711215,0.7398072315934461
2018_19_20190512_SOU_HUD,2018_19,2019-05-12,0,0.5856777493606138,0.5826375467700508,0.5856777493606138,0.5853737291015575,0.584917698712973,0.5841576480653323,0.5833975974176915,0.5826375467700508
2018_19_20190512_TOT_EVE,2018_19,2019-05-12,1,0.5404699738903395,0.549793313795304,0.5404699738903395,0.5414023078808359,0.5428008088665807,0.5451316438428218,0.5474624788190628,0.549793313795304
2018_19_20190512_WAT_WHU,2018_19,2019-05-12,1,0.6115288220551378,0.6562996226649213,0.6115288220551378,0.6160059021161162,0.6227215222075837,0.6339142223600296,0.6451069225124755,0.6562996226649213
2019_20_20190809_LIV_NOR,2019_20,2019-08-09,1,0.674364896073903,0.6251791507627771,0.674364896073903,0.6694463215427905,0.6620684597461216,0.6497720234183401,0.6374755870905586,0.6251791507627771
2019_20_20190810_BOU_SHU,2019_20,2019-08-10,0,0.5039164490861618,0.5114593010769137,0.5039164490861618,0.504670734285237,0.5058021620838498,0.5076878750815378,0.5095735880792258,0.5114593010769137
2019_20_20190810_BUR_SOU,2019_20,2019-08-10,1,0.4493506493506493,0.4634060604023023,0.4493506493506493,0.45075619045581455,0.45286450211356255,0.4563783548764758,0.4598922076393891,0.4634060604023023
2019_20_20190810_CRY_EVE,2019_20,2019-08-10,0,0.4381443298969071,0.4434346808284565,0.4381443298969071,0.4386733649900621,0.4394669176297945,0.4407895053626818,0.4421120930955691,0.4434346808284565
2019_20_20190810_TOT_AVL,2019_20,2019-08-10,1,0.578005115089514,0.5672579764227186,0.578005115089514,0.5769304012228345,0.5753183304228151,0.5726315457561163,0.5699447610894175,0.5672579764227186
2019_20_20190810_WAT_BRI,2019_20,2019-08-10,1,0.441860465116279,0.5025472572242023,0.441860465116279,0.44792914432707137,0.4570321631432599,0.4722038611702407,0.48737555919722153,0.5025472572242023
2019_20_20190810_WHU_MCI,2019_20,2019-08-10,1,0.6416464891041161,0.7020229466015161,0.6416464891041161,0.6476841348538561,0.6567406034784662,0.6718347178528161,0.686928832227166,0.7020229466015161
2019_20_20190811_LEI_WOL,2019_20,2019-08-11,0,0.4392764857881137,0.4514319374647469,0.4392764857881137,0.440492030955777,0.44231534870727196,0.4453542116264303,0.44839307454558863,0.4514319374647469
2019_20_20190811_MUN_CHE,2019_20,2019-08-11,1,0.4765625,0.5583127608096206,0.4765625,0.48473752608096204,0.49700006520240514,0.5174376304048103,0.5378751956072154,0.5583127608096206
2019_20_20190811_NEW_ARS,2019_20,2019-08-11,0,0.5390625,0.5693184971692918,0.5390625,0.5420880997169292,0.546626499292323,0.554190498584646,0.5617544978769689,0.5693184971692918
2019_20_20190817_ARS_BUR,2019_20,2019-08-17,1,0.5939086294416244,0.5757336385926257,0.5939086294416244,0.5920911303567246,0.5893648817293746,0.584821134017125,0.5802773863048754,0.5757336385926257
2019_20_20190817_AVL_BOU,2019_20,2019-08-17,1,0.5286458333333333,0.5782640657327216,0.5286458333333333,0.5336076565732721,0.5410503914331803,0.5534549495330274,0.5658595076328745,0.5782640657327216
2019_20_20190817_BRI_WHU,2019_20,2019-08-17,0,0.4895287958115184,0.4898677527061254,0.4895287958115184,0.4895626915009791,0.4896135350351702,0.48969827425882195,0.48978301348247366,0.4898677527061254
2019_20_20190817_EVE_WAT,2019_20,2019-08-17,0,0.5338541666666666,0.5495643944673042,0.5338541666666666,0.5354251894467305,0.5377817236168261,0.5417092805669854,0.5456368375171448,0.5495643944673042
2019_20_20190817_MCI_TOT,2019_20,2019-08-17,1,0.6265356265356266,0.6540476094975717,0.6265356265356266,0.6292868248318211,0.6334136222761129,0.6402916180165992,0.6471696137570854,0.6540476094975717
2019_20_20190817_NOR_NEW,2019_20,2019-08-17,1,0.4908616187989557,0.5056613689357916,0.4908616187989557,0.4923415938126393,0.4945615563331647,0.4982614938673736,0.5019614314015827,0.5056613689357916
2019_20_20190817_SOU_LIV,2019_20,2019-08-17,1,0.5816326530612244,0.6375296476009237,0.5816326530612244,0.5872223525151944,0.5956069016961492,0.609581150331074,0.6235553989659988,0.6375296476009237
2019_20_20190818_CHE_LEI,2019_20,2019-08-18,0,0.486910994764398,0.4810838836188092,0.486910994764398,0.4863282836498391,0.4854542169780008,0.4839974391916036,0.4825406614052064,0.4810838836188092
2019_20_20190818_SHU_CRY,2019_20,2019-08-18,0,0.4030226700251889,0.3683804542070168,0.4030226700251889,0.3995584484433717,0.39436211607064586,0.38570156211610285,0.37704100816155983,0.3683804542070168
2019_20_20190819_WOL_MUN,2019_20,2019-08-19,0,0.4507772020725388,0.5190799243392371,0.4507772020725388,0.45760747429920867,0.46785288263921343,0.48492856320588795,0.5020042437725625,0.5190799243392371
2019_20_20190823_AVL_EVE,2019_20,2019-08-23,0,0.5338541666666666,0.6109277590227556,0.5338541666666666,0.5415615259022756,0.5531225647556889,0.5723909628447111,0.5916593609337334,0.6109277590227556
2019_20_20190824_BRI_SOU,2019_20,2019-08-24,0,0.4545454545454546,0.4705885883479581,0.4545454545454546,0.45614976792570494,0.4585562379960805,0.46256702144670636,0.4665778048973322,0.4705885883479581
2019_20_20190824_LIV_ARS,2019_20,2019-08-24,1,0.6595744680851063,0.6878206690324979,0.6595744680851063,0.6623990881798456,0.6666360183219542,0.6736975685588021,0.68075911879565,0.6878206690324979
2019_20_20190824_MUN_CRY,2019_20,2019-08-24,1,0.5428571428571429,0.5077283495071848,0.5428571428571429,0.5393442635221471,0.5340749445196534,0.5252927461821639,0.5165105478446743,0.5077283495071848
2019_20_20190824_NOR_CHE,2019_20,2019-08-24,1,0.61,0.7034350187293144,0.61,0.6193435018729315,0.6333587546823286,0.6567175093646571,0.6800762640469857,0.7034350187293144
2019_20_20190824_SHU_LEI,2019_20,2019-08-24,1,0.4147582697201017,0.4456825932851249,0.4147582697201017,0.417850702076604,0.4224893506113575,0.4302204315026133,0.4379515123938691,0.4456825932851249
2019_20_20190824_WAT_WHU,2019_20,2019-08-24,1,0.5518134715025906,0.6217189463632838,0.5518134715025906,0.55880401898866,0.569289840217764,0.5867662089329373,0.6042425776481106,0.6217189463632838
2019_20_20190825_BOU_MCI,2019_20,2019-08-25,1,0.6921348314606741,0.734410257008405,0.6921348314606741,0.6963623740154473,0.702703687847607,0.7132725442345396,0.7238414006214722,0.734410257008405
2019_20_20190825_TOT_NEW,2019_20,2019-08-25,0,0.6144278606965174,0.6039980284332379,0.6144278606965174,0.6133848774701895,0.6118204026306976,0.6092129445648777,0.6066054864990578,0.6039980284332379
2019_20_20190825_WOL_BUR,2019_20,2019-08-25,0,0.4158163265306122,0.386651838861938,0.4158163265306122,0.4128998777637448,0.4085252046134436,0.4012340826962751,0.3939429607791065,0.386651838861938
2019_20_20190831_BUR_LIV,2019_20,2019-08-31,1,0.5913705583756345,0.6457250835885697,0.5913705583756345,0.596806010896928,0.6049591896788682,0.618547820982102,0.6321364522853359,0.6457250835885697
2019_20_20190831_CHE_SHU,2019_20,2019-08-31,1,0.5518134715025906,0.5536241618604452,0.5518134715025906,0.551994540538376,0.5522661440920542,0.5527188166815179,0.5531714892709816,0.5536241618604452
2019_20_20190831_CRY_AVL,2019_20,2019-08-31,0,0.4856396866840731,0.4947908854770285,0.4856396866840731,0.48655480656336864,0.4879274863823119,0.49021528608055076,0.49250308577878965,0.4947908854770285
2019_20_20190831_LEI_BOU,2019_20,2019-08-31,1,0.578005115089514,0.6001958855196153,0.578005115089514,0.5802241921325242,0.5835528076970393,0.5891005003045646,0.59464819291209,0.6001958855196153
2019_20_20190831_MCI_BRI,2019_20,2019-08-31,1,0.7308488612836438,0.7021546648380309,0.7308488612836438,0.7279794416390825,0.7236753121722406,0.7165017630608373,0.7093282139494341,0.7021546648380309
2019_20_20190831_NEW_WAT,2019_20,2019-08-31,0,0.4597402597402597,0.4866583436541825,0.4597402597402597,0.46243206813165205,0.4664697807187404,0.47319930169722113,0.4799288226757018,0.4866583436541825
2019_20_20190831_SOU_MUN,2019_20,2019-08-31,0,0.5052083333333333,0.6103391493543416,0.5052083333333333,0.5157214149354341,0.5314910373385854,0.5577737413438375,0.5840564453490895,0.6103391493543416
2019_20_20190831_WHU_NOR,2019_20,2019-08-31,0,0.6407766990291263,0.6089608536442507,0.6407766990291263,0.6375951144906387,0.6328227376829073,0.6248687763366885,0.6169148149904696,0.6089608536442507
2019_20_20190901_ARS_TOT,2019_20,2019-09-01,1,0.6045340050377834,0.5931147196259215,0.6045340050377834,0.6033920764965972,0.601679183684818,0.5988243623318525,0.595969540978887,0.5931147196259215
2019_20_20190901_EVE_WOL,2019_20,2019-09-01,1,0.4245524296675191,0.462343530897037,0.4245524296675191,0.4283315397904709,0.43400020497489855,0.44344798028227805,0.45289575558965756,0.462343530897037
2019_20_20190914_BRI_BUR,2019_20,2019-09-14,0,0.4571428571428572,0.4840188371797354,0.4571428571428572,0.459830455146545,0.4638618521520767,0.4705808471612963,0.4772998421705158,0.4840188371797354
2019_20_20190914_LIV_NEW,2019_20,2019-09-14,1,0.6705336426914155,0.6433240570457018,0.6705336426914155,0.6678126841268441,0.663731246279987,0.6569288498685586,0.6501264534571303,0.6433240570457018
2019_20_20190914_MUN_LEI,2019_20,2019-09-14,0,0.5169712793733681,0.5175045252026106,0.5169712793733681,0.5170246039562924,0.5171045908306787,0.5172379022879894,0.5173712137452999,0.5175045252026106
2019_20_20190914_NOR_MCI,2019_20,2019-09-14,1,0.771375464684015,0.7966369099066671,0.771375464684015,0.7739016092062803,0.7776908259896781,0.784006187295341,0.790321548601004,0.7966369099066671
2019_20_20190914_SHU_SOU,2019_20,2019-09-14,0,0.4381443298969071,0.4851705717828464,0.4381443298969071,0.44284695408550107,0.449900890368392,0.46165745083987675,0.4734140113113615,0.4851705717828464
2019_20_20190914_TOT_CRY,2019_20,2019-09-14,1,0.5816326530612244,0.5581555085957782,0.5816326530612244,0.5792849386146798,0.5757633669448629,0.5698940808285013,0.5640247947121397,0.5581555085957782
2019_20_20190914_WOL_CHE,2019_20,2019-09-14,1,0.4856396866840731,0.5776738567458899,0.4856396866840731,0.4948431036902548,0.5086482291995273,0.5316567717149815,0.5546653142304356,0.5776738567458899
2019_20_20190915_BOU_EVE,2019_20,2019-09-15,1,0.5454545454545455,0.5894938693842909,0.5454545454545455,0.5498584778475201,0.5564643764369819,0.5674742074194182,0.5784840384018546,0.5894938693842909
2019_20_20190915_WAT_ARS,2019_20,2019-09-15,1,0.6055276381909548,0.7115402766729164,0.6055276381909548,0.6161289020391509,0.6320307978114452,0.6585339574319355,0.685037117052426,0.7115402766729164
2019_20_20190916_AVL_WHU,2019_20,2019-09-16,0,0.5877862595419847,0.6032560451330017,0.5877862595419847,0.5893332381010864,0.591653705939739,0.5955211523374933,0.5993885987352474,0.6032560451330017
2019_20_20190920_SOU_BOU,2019_20,2019-09-20,1,0.5666666666666667,0.5931813874869872,0.5666666666666667,0.5693181387486987,0.5732953468717468,0.5799240270768269,0.586552707281907,0.5931813874869872
2019_20_20190921_BUR_NOR,2019_20,2019-09-21,0,0.570694087403599,0.5930662376927366,0.570694087403599,0.5729313024325127,0.5762871249758833,0.5818801625481678,0.5874732001204522,0.5930662376927366
2019_20_20190921_EVE_SHU,2019_20,2019-09-21,0,0.4713541666666666,0.4361422653881228,0.4713541666666666,0.4678329765388122,0.46255119134703065,0.4537482160273947,0.4449452407077587,0.4361422653881228
2019_20_20190921_LEI_TOT,2019_20,2019-09-21,1,0.5326370757180157,0.5626885620728234,0.5326370757180157,0.5356422243534964,0.5401499473067176,0.5476628188954196,0.5551756904841214,0.5626885620728234
2019_20_20190921_MCI_WAT,2019_20,2019-09-21,1,0.7577519379844961,0.7474456162461609,0.7577519379844961,0.7567213058106627,0.7551753575499123,0.7525987771153285,0.7500221966807448,0.7474456162461609
2019_20_20190921_NEW_BRI,2019_20,2019-09-21,0,0.4065656565656566,0.4135993031318825,0.4065656565656566,0.40726902122227915,0.40832406820721306,0.41008247984876955,0.411840891490326,0.4135993031318825
2019_20_20190922_ARS_AVL,2019_20,2019-09-22,1,0.6563981042654028,0.6203953690910239,0.6563981042654028,0.6527978307479649,0.647397420471808,0.6383967366782133,0.6293960528846186,0.6203953690910239
2019_20_20190922_CHE_LIV,2019_20,2019-09-22,1,0.5984848484848484,0.5916095900177729,0.5984848484848484,0.5977973226381409,0.5967660338680796,0.5950472192513107,0.5933284046345417,0.5916095900177729
2019_20_20190922_CRY_WOL,2019_20,2019-09-22,0,0.4015151515151514,0.3810772026868855,0.4015151515151514,0.3994713566323248,0.3964056643080849,0.39129617710101844,0.386186689893952,0.3810772026868855
2019_20_20190922_WHU_MUN,2019_20,2019-09-22,0,0.5655526992287918,0.6564319040028447,0.5655526992287918,0.5746406197061971,0.5882725004223051,0.6109923016158183,0.6337121028093315,0.6564319040028447
2019_20_20190928_AVL_BUR,2019_20,2019-09-28,1,0.5013054830287206,0.5320424690884168,0.5013054830287206,0.5043791816346902,0.5089897295436446,0.5166739760585687,0.5243582225734927,0.5320424690884168
2019_20_20190928_BOU_WHU,2019_20,2019-09-28,1,0.6055276381909548,0.599269490294714,0.6055276381909548,0.6049018234013307,0.6039631012168947,0.6023985642428344,0.6008340272687742,0.599269490294714
2019_20_20190928_CHE_BRI,2019_20,2019-09-28,0,0.5790816326530612,0.588835327748035,0.5790816326530612,0.5800570021625586,0.5815200564268047,0.5839584802005482,0.5863969039742916,0.588835327748035
2019_20_20190928_CRY_NOR,2019_20,2019-09-28,0,0.5544041450777203,0.5987390842558681,0.5544041450777203,0.5588376389955351,0.5654878798722572,0.5765716146667942,0.5876553494613311,0.5987390842558681
2019_20_20190928_EVE_MCI,2019_20,2019-09-28,1,0.6466346153846154,0.6745401604131075,0.6466346153846154,0.6494251698874647,0.6536110016417385,0.6605873878988615,0.6675637741559844,0.6745401604131075
2019_20_20190928_SHU_LIV,2019_20,2019-09-28,0,0.5888324873096447,0.6612299783770887,0.5888324873096447,0.5960722364163892,0.6069318600765057,0.6250312328433667,0.6431306056102277,0.6612299783770887
2019_20_20190928_TOT_SOU,2019_20,2019-09-28,1,0.5934343434343434,0.6230887291392977,0.5934343434343434,0.5963997820048388,0.6008479398605819,0.6082615362868206,0.6156751327130592,0.6230887291392977
2019_20_20190928_WOL_WAT,2019_20,2019-09-28,0,0.4804177545691906,0.5567015895252527,0.4804177545691906,0.4880461380647968,0.49948871330820616,0.5185596720472216,0.5376306307862372,0.5567015895252527
2019_20_20190929_LEI_NEW,2019_20,2019-09-29,1,0.4597402597402597,0.4659735799238054,0.4597402597402597,0.4603635917586143,0.46129858978614613,0.4628569198320326,0.464415249877919,0.4659735799238054
2019_20_20190930_MUN_ARS,2019_20,2019-09-30,0,0.5831202046035805,0.6333605862458209,0.5831202046035805,0.5881442427678046,0.5956803000141406,0.6082403954247007,0.6208004908352608,0.6333605862458209
2019_20_20191005_BRI_TOT,2019_20,2019-10-05,1,0.5428571428571429,0.6635097961175971,0.5428571428571429,0.5549224081831884,0.5730203061722565,0.60318346948737,0.6333466328024835,0.6635097961175971
2019_20_20191005_BUR_EVE,2019_20,2019-10-05,0,0.4507772020725388,0.4686969140619315,0.4507772020725388,0.45256917327147805,0.455257130069887,0.45973705806723514,0.4642169860645833,0.4686969140619315
2019_20_20191005_LIV_LEI,2019_20,2019-10-05,1,0.5924050632911392,0.506560052596621,0.5924050632911392,0.5838205622216873,0.5709438106175095,0.54948255794388,0.5280213052702505,0.506560052596621
2019_20_20191005_NOR_AVL,2019_20,2019-10-05,1,0.6074999999999999,0.6172727420147984,0.6074999999999999,0.6084772742014798,0.6099431855036995,0.6123863710073991,0.6148295565110988,0.6172727420147984
2019_20_20191005_WAT_SHU,2019_20,2019-10-05,0,0.4791666666666667,0.4492284274379776,0.4791666666666667,0.4761728427437978,0.4716821068594944,0.46419754705232213,0.45671298724514986,0.4492284274379776
2019_20_20191005_WHU_CRY,2019_20,2019-10-05,1,0.5221932114882506,0.5024838311550399,0.5221932114882506,0.5202222734549296,0.5172658664049479,0.5123385213216453,0.5074111762383426,0.5024838311550399
2019_20_20191006_ARS_BOU,2019_20,2019-10-06,0,0.7032967032967032,0.6818046802958001,0.7032967032967032,0.7011475009966129,0.6979236975464774,0.6925506917962516,0.6871776860460259,0.6818046802958001
2019_20_20191006_MCI_WOL,2019_20,2019-10-06,0,0.6905829596412556,0.6391645318805168,0.6905829596412556,0.6854411168651818,0.6777283527010709,0.6648737457608862,0.6520191388207015,0.6391645318805168
2019_20_20191006_NEW_MUN,2019_20,2019-10-06,0,0.441860465116279,0.5086615361482241,0.441860465116279,0.4485405722194735,0.4585607328742653,0.4752610006322515,0.4919612683902378,0.5086615361482241
2019_20_20191006_SOU_CHE,2019_20,2019-10-06,1,0.5618556701030928,0.581017997882025,0.5618556701030928,0.563771902880986,0.5666462520478258,0.5714368339925588,0.576227415937292,0.581017997882025
2019_20_20191019_AVL_BRI,2019_20,2019-10-19,1,0.5248041775456919,0.5595689399844855,0.5248041775456919,0.5282806537895712,0.5334953681553902,0.5421865587650887,0.5508777493747872,0.5595689399844855
2019_20_20191019_BOU_NOR,2019_20,2019-10-19,0,0.6758620689655173,0.7327144514557946,0.6758620689655173,0.681547307214545,0.6900751645880866,0.7042882602106559,0.7185013558332253,0.7327144514557946
2019_20_20191019_CHE_NEW,2019_20,2019-10-19,0,0.5994962216624685,0.6034831015480819,0.5994962216624685,0.5998949096510299,0.6004929416338718,0.6014896616052752,0.6024863815766786,0.6034831015480819
2019_20_20191019_CRY_MCI,2019_20,2019-10-19,0,0.6611764705882353,0.718601496172497,0.6611764705882353,0.6669189731466615,0.6755327269843007,0.6898889833803661,0.7042452397764316,0.718601496172497
2019_20_20191019_EVE_WHU,2019_20,2019-10-19,0,0.5544041450777203,0.5897127323590275,0.5544041450777203,0.557935003805851,0.5632312918980471,0.5720584387183739,0.5808855855387007,0.5897127323590275
2019_20_20191019_LEI_BUR,2019_20,2019-10-19,1,0.4934725848563968,0.4898443219671785,0.4934725848563968,0.49310975856747497,0.4925655191340922,0.4916584534117876,0.49075138768948307,0.4898443219671785
2019_20_20191019_TOT_WAT,2019_20,2019-10-19,0,0.6222222222222222,0.6641846879797149,0.6222222222222222,0.6264184687979716,0.6327128386615954,0.6432034551009685,0.6536940715403416,0.6641846879797149
2019_20_20191019_WOL_SOU,2019_20,2019-10-19,0,0.4571428571428572,0.4945567706759183,0.4571428571428572,0.46088424849616333,0.46649633552612246,0.47584981390938774,0.485203292292653,0.4945567706759183
2019_20_20191020_MUN_LIV,2019_20,2019-10-20,0,0.5416666666666667,0.5995056507435854,0.5416666666666667,0.5474505650743586,0.5561264126858965,0.5705861587051261,0.5850459047243557,0.5995056507435854
2019_20_20191021_SHU_ARS,2019_20,2019-10-21,0,0.5644329896907216,0.6792722540833451,0.5644329896907216,0.575916916129984,0.5931428057888775,0.6218526218870334,0.6505624379851893,0.6792722540833451
2019_20_20191025_SOU_LEI,2019_20,2019-10-25,1,0.4765625,0.4814168704172192,0.4765625,0.4770479370417219,0.4777760926043048,0.47898968520860963,0.4802032778129144,0.4814168704172192
2019_20_20191026_BRI_EVE,2019_20,2019-10-26,1,0.4635416666666666,0.5151683380038875,0.4635416666666666,0.4687043338003887,0.4764483345009718,0.48935500233527707,0.5022616701695822,0.5151683380038875
2019_20_20191026_BUR_CHE,2019_20,2019-10-26,1,0.5754475703324808,0.6258078064994727,0.5754475703324808,0.5804835939491801,0.5880376293742288,0.6006276884159767,0.6132177474577247,0.6258078064994727
2019_20_20191026_MCI_AVL,2019_20,2019-10-26,1,0.7862190812720848,0.7029315702367837,0.7862190812720848,0.7778903301685547,0.7653972035132595,0.7445753257544343,0.7237534479956089,0.7029315702367837
2019_20_20191026_WAT_BOU,2019_20,2019-10-26,0,0.5633074935400517,0.613017310475757,0.5633074935400517,0.5682784752336223,0.575734947773978,0.5881624020079044,0.6005898562418307,0.613017310475757
2019_20_20191026_WHU_SHU,2019_20,2019-10-26,0,0.5091383812010444,0.5247134115098253,0.5091383812010444,0.5106958842319225,0.5130321387782396,0.5169258963554348,0.5208196539326301,0.5247134115098253
2019_20_20191027_ARS_CRY,2019_20,2019-10-27,1,0.6246913580246914,0.5831046714203811,0.6246913580246914,0.6205326893642604,0.6142946863736138,0.6038980147225363,0.5935013430714587,0.5831046714203811
2019_20_20191027_LIV_TOT,2019_20,2019-10-27,1,0.6212871287128713,0.6656929408585809,0.6212871287128713,0.6257277099274423,0.6323885817492987,0.6434900347857261,0.6545914878221535,0.6656929408585809
2019_20_20191027_NEW_WOL,2019_20,2019-10-27,0,0.3821339950372208,0.3886965841818608,0.3821339950372208,0.3827902539516848,0.3837746423233808,0.3854152896095408,0.38705593689570084,0.3886965841818608
2019_20_20191027_NOR_MUN,2019_20,2019-10-27,1,0.570694087403599,0.6582263571100366,0.570694087403599,0.5794473143742427,0.5925771548302083,0.6144602222568178,0.6363432896834272,0.6582263571100366
2019_20_20191102_ARS_WOL,2019_20,2019-11-02,0,0.5492227979274612,0.5604491596369295,0.5492227979274612,0.5503454340984081,0.5520293883548283,0.5548359787821954,0.5576425692095625,0.5604491596369295
2019_20_20191102_AVL_LIV,2019_20,2019-11-02,1,0.6483253588516746,0.7514694558511749,0.6483253588516746,0.6586397685516246,0.6741113831015497,0.6998974073514248,0.7256834316012999,0.7514694558511749
2019_20_20191102_BOU_MUN,2019_20,2019-11-02,0,0.5195822454308094,0.5584054234118307,0.5195822454308094,0.5234645632289117,0.5292880399260648,0.5389938344213201,0.5486996289165754,0.5584054234118307
2019_20_20191102_BRI_NOR,2019_20,2019-11-02,0,0.5754475703324808,0.6666804865723761,0.5754475703324808,0.5845708619564705,0.5982557993924547,0.6210640284524285,0.6438722575124023,0.6666804865723761
2019_20_20191102_MCI_SOU,2019_20,2019-11-02,1,0.7777777777777778,0.7362287281916329,0.7777777777777778,0.7736228728191633,0.7673905153812416,0.7570032529847053,0.7466159905881691,0.7362287281916329
2019_20_20191102_SHU_BUR,2019_20,2019-11-02,1,0.4101265822784811,0.4108032254575782,0.4101265822784811,0.4101942465963908,0.4102957430732554,0.41046490386802964,0.41063406466280394,0.4108032254575782
2019_20_20191102_WAT_CHE,2019_20,2019-11-02,1,0.5841836734693877,0.6683035899412871,0.5841836734693877,0.5925956651165777,0.6052136525873626,0.6262436317053375,0.6472736108233123,0.6683035899412871
2019_20_20191102_WHU_NEW,2019_20,2019-11-02,1,0.5221932114882506,0.5797276821991525,0.5221932114882506,0.5279466585593408,0.536576829165976,0.5509604468437015,0.565344064521427,0.5797276821991525
2019_20_20191103_CRY_LEI,2019_20,2019-11-03,0,0.4647519582245431,0.3571580196900269,0.4647519582245431,0.45399256437109153,0.4378534735909141,0.410954988957285,0.38405650432365596,0.3571580196900269
2019_20_20191103_EVE_TOT,2019_20,2019-11-03,0,0.548051948051948,0.6386704476361889,0.548051948051948,0.5571137980103721,0.5707065729480082,0.5933611978440685,0.6160158227401287,0.6386704476361889
2019_20_20191108_NOR_WAT,2019_20,2019-11-08,0,0.5666666666666667,0.6962920992577923,0.5666666666666667,0.5796292099257793,0.599073024814448,0.6314793829622295,0.663885741110011,0.6962920992577923
2019_20_20191109_BUR_WHU,2019_20,2019-11-09,1,0.5592783505154639,0.5825279443721311,0.5592783505154639,0.5616033099011306,0.5650907489796307,0.5709031474437976,0.5767155459079643,0.5825279443721311
2019_20_20191109_CHE_CRY,2019_20,2019-11-09,0,0.6030150753768844,0.5608684419160425,0.6030150753768844,0.5988004120308003,0.5924784170116739,0.5819417586464635,0.5714051002812529,0.5608684419160425
2019_20_20191109_LEI_ARS,2019_20,2019-11-09,0,0.606516290726817,0.6760359475040633,0.606516290726817,0.6134682564045416,0.6238962049211286,0.6412761191154401,0.6586560333097516,0.6760359475040633
2019_20_20191109_NEW_BOU,2019_20,2019-11-09,1,0.4609375,0.5117088807620143,0.4609375,0.46601463807620147,0.47363034519050357,0.48632319038100713,0.4990160355715107,0.5117088807620143
2019_20_20191109_SOU_EVE,2019_20,2019-11-09,1,0.4934725848563968,0.6192318043818658,0.4934725848563968,0.5060485068089438,0.524912389737764,0.5563521946191312,0.5877919995004985,0.6192318043818658
2019_20_20191109_TOT_SHU,2019_20,2019-11-09,0,0.5326370757180157,0.5314902370841444,0.5326370757180157,0.5325223918546286,0.5323503660595479,0.5320636564010801,0.5317769467426122,0.5314902370841444
2019_20_20191110_LIV_MCI,2019_20,2019-11-10,1,0.5852417302798981,0.656734149645134,0.5852417302798981,0.5923909722164217,0.603114835121207,0.620987939962516,0.638861044803825,0.656734149645134
2019_20_20191110_MUN_BRI,2019_20,2019-11-10,1,0.4739583333333334,0.4473804615719355,0.4739583333333334,0.47130054615719363,0.4673138653929839,0.46066939745263447,0.454024929512285,0.4473804615719355
2019_20_20191110_WOL_AVL,2019_20,2019-11-10,1,0.5117493472584856,0.4131340688474929,0.5117493472584856,0.5018878194173864,0.4870955276557375,0.46244170805298923,0.4377878884502411,0.4131340688474929
2019_20_20191123_ARS_SOU,2019_20,2019-11-23,1,0.6449275362318841,0.6212329899036624,0.6449275362318841,0.642558081599062,0.6390038996498286,0.6330802630677732,0.6271566264857178,0.6212329899036624
2019_20_20191123_BOU_WOL,2019_20,2019-11-23,1,0.4725848563968668,0.4978642018040414,0.4725848563968668,0.4751127909375843,0.47890469274866043,0.4852245291004541,0.4915443654522478,0.4978642018040414
2019_20_20191123_BRI_LEI,2019_20,2019-11-23,0,0.5052356020942408,0.4319617661140774,0.5052356020942408,0.49790821849622446,0.4869171430991999,0.46859868410415906,0.45028022510911825,0.4319617661140774
2019_20_20191123_CRY_LIV,2019_20,2019-11-23,1,0.570694087403599,0.6550139607599795,0.570694087403599,0.5791260747392369,0.591774055742694,0.6128540240817892,0.6339339924208844,0.6550139607599795
2019_20_20191123_EVE_NOR,2019_20,2019-11-23,0,0.6125,0.6354160050019131,0.6125,0.6147916005001913,0.6182290012504783,0.6239580025009566,0.6296870037514348,0.6354160050019131
2019_20_20191123_MCI_CHE,2019_20,2019-11-23,1,0.6759259259259259,0.6637378333658023,0.6759259259259259,0.6747071166699137,0.672878902785895,0.6698318796458641,0.6667848565058332,0.6637378333658023
2019_20_20191123_WAT_BUR,2019_20,2019-11-23,1,0.4725848563968668,0.4251889702952031,0.4725848563968668,0.4678452677867005,0.4607358848714509,0.4488869133460349,0.437037941820619,0.4251889702952031
2019_20_20191123_WHU_TOT,2019_20,2019-11-23,1,0.6144278606965174,0.7454133239015125,0.6144278606965174,0.627526407017017,0.6471742264977662,0.679920592299015,0.7126669581002638,0.7454133239015125
2019_20_20191124_SHU_MUN,2019_20,2019-11-24,1,0.4366925064599483,0.4637504061432903,0.4366925064599483,0.4393982964282825,0.44345698138078377,0.45022145630161925,0.4569859312224548,0.4637504061432903
2019_20_20191125_AVL_NEW,2019_20,2019-11-25,0,0.4973821989528796,0.536681691074447,0.4973821989528796,0.5013121481650363,0.5072070719832715,0.5170319450136633,0.5268568180440552,0.536681691074447
2019_20_20191130_BUR_CRY,2019_20,2019-11-30,0,0.4293059125964009,0.4274994885742554,0.4293059125964009,0.42912527019418634,0.4288543065908645,0.42840270058532814,0.4279510945797918,0.4274994885742554
2019_20_20191130_CHE_WHU,2019_20,2019-11-30,0,0.6774193548387096,0.6523100875160524,0.6774193548387096,0.6749084281064439,0.6711420380080453,0.664864721177381,0.6585874043467167,0.6523100875160524
2019_20_20191130_LIV_BRI,2019_20,2019-11-30,1,0.6474820143884892,0.6147824931444998,0.6474820143884892,0.6442120622640903,0.6393071340774918,0.6311322537664945,0.6229573734554972,0.6147824931444998
2019_20_20191130_NEW_MCI,2019_20,2019-11-30,1,0.6595744680851063,0.7532499712008578,0.6595744680851063,0.6689420183966815,0.6829933438640442,0.7064122196429821,0.7298310954219199,0.7532499712008578
2019_20_20191130_SOU_WAT,2019_20,2019-11-30,1,0.5,0.5832379824534041,0.5,0.5083237982453405,0.520809495613351,0.541618991226702,0.5624284868400531,0.5832379824534041
2019_20_20191130_TOT_BOU,2019_20,2019-11-30,1,0.6299019607843138,0.6481205073600678,0.6299019607843138,0.6317238154418893,0.6344565974282523,0.6390112340721907,0.6435658707161293,0.6481205073600678
2019_20_20191201_LEI_EVE,2019_20,2019-12-01,1,0.5274151436031332,0.5436900810410453,0.5274151436031332,0.5290426373469245,0.5314838779626112,0.5355526123220893,0.5396213466815674,0.5436900810410453
2019_20_20191201_MUN_AVL,2019_20,2019-12-01,1,0.5633074935400517,0.501964144072683,0.5633074935400517,0.5571731585933148,0.5479716561732095,0.5326358188063673,0.5172999814395252,0.501964144072683
2019_20_20191201_NOR_ARS,2019_20,2019-12-01,1,0.6720930232558139,0.749152925844427,0.6720930232558139,0.6797990135146752,0.6913579989029671,0.7106229745501205,0.7298879501972738,0.749152925844427
2019_20_20191201_WOL_SHU,2019_20,2019-12-01,0,0.4147582697201017,0.3726433978501957,0.4147582697201017,0.4105467825331111,0.4042295517526252,0.3937008337851487,0.3831721158176722,0.3726433978501957
2019_20_20191203_BUR_MCI,2019_20,2019-12-03,1,0.6442307692307693,0.765901235191521,0.6442307692307693,0.6563978158268444,0.6746483857209572,0.7050660022111451,0.735483618701333,0.765901235191521
2019_20_20191203_CRY_BOU,2019_20,2019-12-03,0,0.4699738903394256,0.4687740100467725,0.4699738903394256,0.4698539023101603,0.4696739202662623,0.469373950193099,0.46907398011993573,0.4687740100467725
2019_20_20191204_CHE_AVL,2019_20,2019-12-04,1,0.6682242990654206,0.6161679889326624,0.6682242990654206,0.6630186680521447,0.655210221532231,0.6421961439990416,0.6291820664658521,0.6161679889326624
2019_20_20191204_LEI_WAT,2019_20,2019-12-04,0,0.5852417302798981,0.5980337042257197,0.5852417302798981,0.5865209276744803,0.5884397237663535,0.5916377172528089,0.5948357107392643,0.5980337042257197
2019_20_20191204_LIV_EVE,2019_20,2019-12-04,1,0.601010101010101,0.6044655074363137,0.601010101010101,0.6013556416527223,0.6018739526166541,0.6027378042232073,0.6036016558297606,0.6044655074363137
2019_20_20191204_MUN_TOT,2019_20,2019-12-04,1,0.5300261096605744,0.5723750812978817,0.5300261096605744,0.5342610068243052,0.5406133525699013,0.5512005954792281,0.5617878383885548,0.5723750812978817
2019_20_20191204_SOU_NOR,2019_20,2019-12-04,1,0.5984848484848484,0.6665930002684799,0.5984848484848484,0.6052956636632115,0.6155118864307563,0.6325389243766641,0.649565962322572,0.6665930002684799
2019_20_20191204_WOL_WHU,2019_20,2019-12-04,0,0.5052356020942408,0.5047312082723601,0.5052356020942408,0.5051851627120527,0.5051095036387706,0.5049834051833004,0.5048573067278302,0.5047312082723601
2019_20_20191205_ARS_BRI,2019_20,2019-12-05,1,0.6188118811881189,0.5809450419474191,0.6188118811881189,0.615025197264049,0.609345171377944,0.599878461567769,0.5904117517575941,0.5809450419474191
2019_20_20191205_SHU_NEW,2019_20,2019-12-05,0,0.4086294416243655,0.3971008443618369,0.4086294416243655,0.40747658189811264,0.40574729230873335,0.40286514299310117,0.39998299367746903,0.3971008443618369
2019_20_20191207_BOU_LIV,2019_20,2019-12-07,1,0.6332518337408313,0.6753449525878026,0.6332518337408313,0.6374611456255285,0.6437751134525741,0.6542983931643169,0.6648216728760599,0.6753449525878026
2019_20_20191207_EVE_CHE,2019_20,2019-12-07,1,0.5633074935400517,0.6129743897501416,0.5633074935400517,0.5682741831610607,0.5757242175925742,0.5881409416450967,0.6005576656976191,0.6129743897501416
2019_20_20191207_MCI_MUN,2019_20,2019-12-07,1,0.6383495145631067,0.6255696208189178,0.6383495145631067,0.6370715251886878,0.6351545411270595,0.6319595676910122,0.628764594254965,0.6255696208189178
2019_20_20191207_TOT_BUR,2019_20,2019-12-07,1,0.5964467005076142,0.541442023455632,0.5964467005076142,0.590946232802416,0.5826955312446186,0.568944361981623,0.5551931927186275,0.541442023455632
2019_20_20191207_WAT_CRY,2019_20,2019-12-07,0,0.4647519582245431,0.4511036788695448,0.4647519582245431,0.4633871302890433,0.46133988838579354,0.45792781854704395,0.45451574870829436,0.4511036788695448
2019_20_20191208_AVL_LEI,2019_20,2019-12-08,1,0.5877862595419847,0.59612708758404,0.5877862595419847,0.5886203423461902,0.5898714665524986,0.5919566735630124,0.5940418805735261,0.59612708758404
2019_20_20191208_BRI_WOL,2019_20,2019-12-08,1,0.4158163265306122,0.400935788002678,0.4158163265306122,0.4143282726778188,0.4120961918986286,0.40837605726664505,0.40465592263466155,0.400935788002678
2019_20_20191208_NEW_SOU,2019_20,2019-12-08,1,0.4493506493506493,0.4874499674251487,0.4493506493506493,0.4531605811580992,0.45887547886927416,0.468400308387899,0.4779251379065238,0.4874499674251487
2019_20_20191208_NOR_SHU,2019_20,2019-12-08,1,0.5195822454308094,0.4869628043257717,0.5195822454308094,0.5163203013203057,0.51142738515455,0.5032725248782906,0.49511766460203116,0.4869628043257717
2019_20_20191209_WHU_ARS,2019_20,2019-12-09,1,0.6587677725118484,0.7392450582415414,0.6587677725118484,0.6668155010848177,0.6788870939442716,0.6990064153766948,0.7191257368091182,0.7392450582415414
2019_20_20191214_BUR_NEW,2019_20,2019-12-14,0,0.451948051948052,0.4466475892944292,0.451948051948052,0.45141800568268975,0.45062293628464634,0.4492978206212406,0.4479727049578349,0.4466475892944292
2019_20_20191214_CHE_BOU,2019_20,2019-12-14,0,0.6774193548387096,0.6729178523324596,0.6774193548387096,0.6769692045880846,0.6762939792121472,0.6751686035855846,0.674043227959022,0.6729178523324596
2019_20_20191214_LEI_NOR,2019_20,2019-12-14,0,0.664319248826291,0.6892958300227617,0.664319248826291,0.6668169069459381,0.6705633941254087,0.6768075394245263,0.6830516847236441,0.6892958300227617
2019_20_20191214_LIV_WAT,2019_20,2019-12-14,0,0.6840909090909091,0.645781051505417,0.6840909090909091,0.68025992333236,0.674513444694536,0.664935980298163,0.6553585159017901,0.645781051505417
2019_20_20191214_SHU_AVL,2019_20,2019-12-14,0,0.5274151436031332,0.5285580196820728,0.5274151436031332,0.5275294312110272,0.5277008626228681,0.527986581642603,0.528272300662338,0.5285580196820728
2019_20_20191214_SOU_WHU,2019_20,2019-12-14,0,0.5913705583756345,0.6108770697579873,0.5913705583756345,0.5933212095138697,0.5962471862212226,0.6011238140668109,0.6060004419123991,0.6108770697579873
2019_20_20191215_ARS_MCI,2019_20,2019-12-15,1,0.7155172413793104,0.7515023594326443,0.7155172413793104,0.7191157531846438,0.7245135208926439,0.7335098004059774,0.7425060799193108,0.7515023594326443
2019_20_20191215_MUN_EVE,2019_20,2019-12-15,0,0.5300261096605744,0.5433060293982366,0.5300261096605744,0.5313541016343406,0.53334608959499,0.5366660695294054,0.539986049463821,0.5433060293982366
2019_20_20191215_WOL_TOT,2019_20,2019-12-15,1,0.5026178010471204,0.5432429081837298,0.5026178010471204,0.5066803117607813,0.5127740778312727,0.5229303546154251,0.5330866313995775,0.5432429081837298
2019_20_20191216_CRY_BRI,2019_20,2019-12-16,0,0.4366925064599483,0.4021765155604382,0.4366925064599483,0.4332409073699973,0.42806350873507076,0.41943451101019325,0.4108055132853157,0.4021765155604382
2019_20_20191221_AVL_SOU,2019_20,2019-12-21,1,0.5877862595419847,0.6898997777773971,0.5877862595419847,0.597997611365526,0.6133146391008378,0.638843018659691,0.664371398218544,0.6898997777773971
2019_20_20191221_BOU_BUR,2019_20,2019-12-21,0,0.4973821989528796,0.5314353742798577,0.4973821989528796,0.5007875164855774,0.5058954927846242,0.5144087866163687,0.5229220804481132,0.5314353742798577
2019_20_20191221_BRI_SHU,2019_20,2019-12-21,0,0.4505208333333333,0.423672062444413,0.4505208333333333,0.4478359562444413,0.44380864061110326,0.43709644788887314,0.4303842551666431,0.423672062444413
2019_20_20191221_EVE_ARS,2019_20,2019-12-21,0,0.6045340050377834,0.6595759791693316,0.6045340050377834,0.6100382024509382,0.6182944985706704,0.6320549921035575,0.6458154856364446,0.6595759791693316
2019_20_20191221_MCI_LEI,2019_20,2019-12-21,1,0.6682242990654206,0.5800083873837463,0.6682242990654206,0.6594027078972531,0.646170321145002,0.6241163432245834,0.6020623653041648,0.5800083873837463
2019_20_20191221_NEW_CRY,2019_20,2019-12-21,0,0.39,0.380282098630284,0.39,0.38902820986302844,0.38757052465757097,0.38514104931514204,0.38271157397271305,0.380282098630284
2019_20_20191221_NOR_WOL,2019_20,2019-12-21,1,0.5326370757180157,0.5165751550648062,0.5326370757180157,0.5310308836526947,0.5286215955547133,0.524606115391411,0.5205906352281086,0.5165751550648062
2019_20_20191222_TOT_CHE,2019_20,2019-12-22,0,0.5984848484848484,0.6134476908117972,0.5984848484848484,0.5999811327175433,0.6022255590665856,0.6059662696483228,0.60970698023006,0.6134476908117972
2019_20_20191222_WAT_MUN,2019_20,2019-12-22,0,0.5157068062827225,0.5685522744834524,0.5157068062827225,0.5209913531027954,0.5289181733329049,0.5421295403830875,0.5553409074332699,0.5685522744834524
2019_20_20191226_AVL_NOR,2019_20,2019-12-26,0,0.6228287841191067,0.6557767364555455,0.6228287841191067,0.6261235793527506,0.6310657722032164,0.639302760287326,0.6475397483714358,0.6557767364555455
2019_20_20191226_BOU_ARS,2019_20,2019-12-26,0,0.6105527638190955,0.6958761836005226,0.6105527638190955,0.6190851057972382,0.6318836187644523,0.6532144737098091,0.6745453286551659,0.6958761836005226
2019_20_20191226_CHE_SOU,2019_20,2019-12-26,0,0.637469586374696,0.6826016331484729,0.637469586374696,0.6419827910520737,0.6487525980681402,0.6600356097615845,0.6713186214550286,0.6826016331484729
2019_20_20191226_CRY_WHU,2019_20,2019-12-26,1,0.5026178010471204,0.5334486127611473,0.5026178010471204,0.505700882218523,0.5103255039756271,0.5180332069041338,0.5257409098326405,0.5334486127611473
2019_20_20191226_EVE_BUR,2019_20,2019-12-26,0,0.4947643979057591,0.5241726264422245,0.4947643979057591,0.49770522075940565,0.5021164550398755,0.5094685121739918,0.5168205693081082,0.5241726264422245
2019_20_20191226_LEI_LIV,2019_20,2019-12-26,1,0.5805626598465473,0.6293614029306753,0.5805626598465473,0.5854425341549601,0.5927623456175793,0.6049620313886113,0.6171617171596433,0.6293614029306753
2019_20_20191226_MUN_NEW,2019_20,2019-12-26,1,0.5532467532467532,0.5505040876895521,0.5532467532467532,0.552972486691033,0.552561086857453,0.5518754204681526,0.5511897540788523,0.5505040876895521
2019_20_20191226_SHU_WAT,2019_20,2019-12-26,0,0.451948051948052,0.4683685319840313,0.451948051948052,0.45359009995164995,0.45605317195704687,0.46015829196604163,0.4642634119750364,0.4683685319840313
2019_20_20191226_TOT_BRI,2019_20,2019-12-26,1,0.5949367088607596,0.5703140313666561,0.5949367088607596,0.5924744411113493,0.5887810394872337,0.5826253701137079,0.576469700740182,0.5703140313666561
2019_20_20191227_WOL_MCI,2019_20,2019-12-27,1,0.6070528967254408,0.6672990075371551,0.6070528967254408,0.6130775078066123,0.6221144244283694,0.637175952131298,0.6522374798342265,0.6672990075371551
2019_20_20191228_BRI_BOU,2019_20,2019-12-28,0,0.4986945169712793,0.5609907729913018,0.4986945169712793,0.5049241425732816,0.5142685809762849,0.5298426449812905,0.5454167089862962,0.5609907729913018
2019_20_20191228_BUR_MUN,2019_20,2019-12-28,0,0.4895287958115184,0.5524926715116109,0.4895287958115184,0.49582518338152765,0.5052697647365415,0.5210107336615646,0.5367517025865878,0.5524926715116109
2019_20_20191228_NEW_EVE,2019_20,2019-12-28,1,0.4621409921671018,0.4906719472190513,0.4621409921671018,0.4649940876722968,0.4692737309300892,0.47640646969307654,0.4835392084560639,0.4906719472190513
2019_20_20191228_NOR_TOT,2019_20,2019-12-28,1,0.5949367088607596,0.6754541298473385,0.5949367088607596,0.6029884509594174,0.6150660641074043,0.635195419354049,0.6553247746006938,0.6754541298473385
2019_20_20191228_SOU_CRY,2019_20,2019-12-28,0,0.4659685863874345,0.4292616972668879,0.4659685863874345,0.4622978974753798,0.45679186410729783,0.4476151418271612,0.43843841954702456,0.4292616972668879
2019_20_20191228_WAT_AVL,2019_20,2019-12-28,1,0.5618556701030928,0.5720299809916187,0.5618556701030928,0.5628731011919453,0.5643992478252242,0.5669428255473558,0.5694864032694873,0.5720299809916187
2019_20_20191228_WHU_LEI,2019_20,2019-12-28,1,0.5903307888040712,0.5559440474667638,0.5903307888040712,0.5868921146703405,0.5817341034697443,0.5731374181354175,0.5645407328010907,0.5559440474667638
2019_20_20191229_ARS_CHE,2019_20,2019-12-29,1,0.6184538653366584,0.6421509174410769,0.6184538653366584,0.6208235705471002,0.624378128362763,0.6303023913888677,0.6362266544149723,0.6421509174410769
2019_20_20191229_LIV_WOL,2019_20,2019-12-29,0,0.6105527638190955,0.5141189487596141,0.6105527638190955,0.6009093823131474,0.5864443100542251,0.5623358562893548,0.5382274025244844,0.5141189487596141
2019_20_20191229_MCI_SHU,2019_20,2019-12-29,0,0.6849315068493151,0.6396468460581458,0.6849315068493151,0.6804030407701983,0.6736103416515228,0.6622891764537304,0.6509680112559382,0.6396468460581458
2019_20_20200101_ARS_MUN,2019_20,2020-01-01,0,0.5794871794871795,0.5801663216536513,0.5794871794871795,0.5795550937038267,0.5796569650287975,0.5798267505704154,0.5799965361120334,0.5801663216536513
2019_20_20200101_BRI_CHE,2019_20,2020-01-01,0,0.5584415584415584,0.6282755195729252,0.5584415584415584,0.5654249545546951,0.5759000487244,0.5933585390072418,0.6108170292900835,0.6282755195729252
2019_20_20200101_BUR_AVL,2019_20,2020-01-01,1,0.5091863517060368,0.5078337224917396,0.5091863517060368,0.509051088784607,0.5088481944024624,0.5085100370988882,0.508171879795314,0.5078337224917396
2019_20_20200101_MCI_EVE,2019_20,2020-01-01,1,0.6928251121076232,0.6985127630031205,0.6928251121076232,0.6933938771971729,0.6942470248314976,0.6956689375553718,0.6970908502792462,0.6985127630031205
2019_20_20200101_NEW_LEI,2019_20,2020-01-01,1,0.4908136482939633,0.4688544200460511,0.4908136482939633,0.48861772546917204,0.48532384123198524,0.4798340341700072,0.47434422710802915,0.4688544200460511
2019_20_20200101_NOR_CRY,2019_20,2020-01-01,0,0.5078534031413613,0.5327361168860058,0.5078534031413613,0.5103416745158258,0.5140740815775224,0.5202947600136836,0.5265154384498447,0.5327361168860058
2019_20_20200101_SOU_TOT,2019_20,2020-01-01,0,0.5732647814910026,0.6309763481094403,0.5732647814910026,0.5790359381528464,0.587692673145612,0.6021205648002215,0.6165484564548308,0.6309763481094403
2019_20_20200101_WAT_WOL,2019_20,2020-01-01,1,0.4764397905759163,0.4479559012878776,0.4764397905759163,0.47359140164711244,0.4693188182539066,0.46219784593189694,0.4550768736098873,0.4479559012878776
2019_20_20200101_WHU_BOU,2019_20,2020-01-01,1,0.570694087403599,0.6272312693923855,0.570694087403599,0.5763478056024776,0.5848283829007955,0.5989626783979922,0.6130969738951889,0.6272312693923855
2019_20_20200102_LIV_SHU,2019_20,2020-01-02,0,0.6159600997506234,0.5714224941924193,0.6159600997506234,0.611506339194803,0.6048256983610724,0.5936912969715213,0.5825568955819703,0.5714224941924193
2019_20_20200110_SHU_WHU,2019_20,2020-01-10,0,0.4699738903394256,0.4992608322199864,0.4699738903394256,0.4729025845274817,0.47729562580956575,0.484617361279706,0.49193909674984626,0.4992608322199864
2019_20_20200111_CHE_BUR,2019_20,2020-01-11,1,0.5743589743589743,0.6098948850353657,0.5743589743589743,0.5779125654266135,0.5832429520280722,0.5921269296971701,0.6010109073662679,0.6098948850353657
2019_20_20200111_CRY_ARS,2019_20,2020-01-11,0,0.5300261096605744,0.6547223803360959,0.5300261096605744,0.5424957367281266,0.5612001773294548,0.5923742449983351,0.6235483126672154,0.6547223803360959
2019_20_20200111_EVE_BRI,2019_20,2020-01-11,0,0.5221932114882506,0.5312552346402876,0.5221932114882506,0.5230994138034543,0.5244587172762598,0.526724223064269,0.5289897288522784,0.5312552346402876
2019_20_20200111_LEI_SOU,2019_20,2020-01-11,1,0.5816326530612244,0.6255322539903726,0.5816326530612244,0.5860226131541393,0.5926075532935114,0.6035824535257985,0.6145573537580855,0.6255322539903726
2019_20_20200111_MUN_NOR,2019_20,2020-01-11,1,0.602015113350126,0.6153763686424675,0.602015113350126,0.6033512388793602,0.6053554271732114,0.6086957409962968,0.6120360548193821,0.6153763686424675
2019_20_20200111_TOT_LIV,2019_20,2020-01-11,0,0.586734693877551,0.6235542023275348,0.586734693877551,0.5904166447225494,0.5959395709900469,0.6051444481025429,0.6143493252150388,0.6235542023275348
2019_20_20200111_WOL_NEW,2019_20,2020-01-11,0,0.4751958224543081,0.5126262672003007,0.4751958224543081,0.47893886692890736,0.4845534336408063,0.4939110448273044,0.5032686560138026,0.5126262672003007
2019_20_20200112_AVL_MCI,2019_20,2020-01-12,1,0.7465069860279441,0.8389186529995132,0.7465069860279441,0.755748152725101,0.7696099027708364,0.7927128195137286,0.815815736256621,0.8389186529995132
2019_20_20200112_BOU_WAT,2019_20,2020-01-12,1,0.5052356020942408,0.4852918522786873,0.5052356020942408,0.5032412271126855,0.5002496646403525,0.49526372718646405,0.4902777897325757,0.4852918522786873
2019_20_20200118_ARS_SHU,2019_20,2020-01-18,0,0.4790575916230366,0.4655474144209915,0.4790575916230366,0.4777065739028321,0.47568004732252533,0.47230250302201404,0.4689249587215028,0.4655474144209915
2019_20_20200118_BRI_AVL,2019_20,2020-01-18,0,0.578005115089514,0.586622659214439,0.578005115089514,0.5788668695020065,0.5801595011207452,0.5823138871519765,0.5844682731832078,0.586622659214439
2019_20_20200118_MCI_CRY,2019_20,2020-01-18,1,0.7323651452282157,0.6525696766848839,0.7323651452282157,0.7243855983738826,0.7124162780923827,0.6924674109565498,0.6725185438207169,0.6525696766848839
2019_20_20200118_NEW_CHE,2019_20,2020-01-18,0,0.5670103092783505,0.6639684656407114,0.5670103092783505,0.5767061249145866,0.5912498483689408,0.615489387459531,0.6397289265501211,0.6639684656407114
2019_20_20200118_NOR_BOU,2019_20,2020-01-18,0,0.5326370757180157,0.6183399568419824,0.5326370757180157,0.5412073638304123,0.5540627959990073,0.575488516279999,0.5969142365609907,0.6183399568419824
2019_20_20200118_SOU_WOL,2019_20,2020-01-18,1,0.4712041884816754,0.4626505120867349,0.4712041884816754,0.4703488208421813,0.4690657693829403,0.4669273502842052,0.46478893118547004,0.4626505120867349
2019_20_20200118_WAT_TOT,2019_20,2020-01-18,0,0.5274151436031332,0.6003224934482869,0.5274151436031332,0.5347058785876486,0.5456419810644216,0.5638688185257101,0.5820956559869985,0.6003224934482869
2019_20_20200118_WHU_EVE,2019_20,2020-01-18,0,0.5170603674540682,0.5612829546658067,0.5170603674540682,0.5214826261752421,0.5281160142570028,0.5391716610599375,0.5502273078628721,0.5612829546658067
2019_20_20200119_BUR_LEI,2019_20,2020-01-19,1,0.5144356955380577,0.5162330559691397,0.5144356955380577,0.514615431581166,0.5148850356458282,0.5153343757535986,0.5157837158613692,0.5162330559691397
2019_20_20200119_LIV_MUN,2019_20,2020-01-19,0,0.5732647814910026,0.5507869078020025,0.5732647814910026,0.5710169941221026,0.5676453130687525,0.5620258446465025,0.5564063762242525,0.5507869078020025
2019_20_20200121_AVL_WAT,2019_20,2020-01-21,1,0.5052356020942408,0.4938755813002932,0.5052356020942408,0.5040996000148461,0.5023955968957539,0.499555591697267,0.49671558649878006,0.4938755813002932
2019_20_20200121_BOU_BRI,2019_20,2020-01-21,1,0.4830287206266319,0.5155648983896834,0.4830287206266319,0.486282338402937,0.49116276506739476,0.4992968095081577,0.5074308539489205,0.5155648983896834
2019_20_20200121_CHE_ARS,2019_20,2020-01-21,1,0.5670103092783505,0.6295326523077683,0.5670103092783505,0.5732625435812922,0.5826408950357049,0.5982714807930594,0.6139020665504138,0.6295326523077683
2019_20_20200121_CRY_SOU,2019_20,2020-01-21,0,0.4318766066838046,0.4207590649685094,0.4318766066838046,0.4307648525122751,0.4290972212549808,0.426317835826157,0.42353845039733323,0.4207590649685094
2019_20_20200121_EVE_NEW,2019_20,2020-01-21,1,0.4895287958115184,0.4657346366941768,0.4895287958115184,0.48714937989978424,0.483580256032183,0.4776317162528476,0.4716831764735122,0.4657346366941768
2019_20_20200121_SHU_MCI,2019_20,2020-01-21,0,0.595959595959596,0.7043306713463358,0.595959595959596,0.6067967034982701,0.6230523648062809,0.6501451336529659,0.6772379024996509,0.7043306713463358
2019_20_20200122_LEI_WHU,2019_20,2020-01-22,1,0.5888324873096447,0.619919340628695,0.5888324873096447,0.5919411726415498,0.5966042006394072,0.6043759139691698,0.6121476272989325,0.619919340628695
2019_20_20200122_MUN_BUR,2019_20,2020-01-22,0,0.5274151436031332,0.5537598361422478,0.5274151436031332,0.5300496128570447,0.5340013167379118,0.5405874898726906,0.5471736630074692,0.5537598361422478
2019_20_20200122_TOT_NOR,2019_20,2020-01-22,1,0.6178660049627792,0.6355005629004883,0.6178660049627792,0.6196294607565501,0.6222746444472065,0.6266832839316338,0.631091923416061,0.6355005629004883
2019_20_20200123_WOL_LIV,2019_20,2020-01-23,1,0.5287958115183247,0.5933953756321514,0.5287958115183247,0.5352557679297074,0.5449457025467813,0.561095593575238,0.5772454846036947,0.5933953756321514
2019_20_20200129_WHU_LIV,2019_20,2020-01-29,0,0.61,0.686905290892034,0.61,0.6176905290892034,0.6292263227230085,0.648452645446017,0.6676789681690255,0.686905290892034
2019_20_20200201_BOU_AVL,2019_20,2020-02-01,1,0.5340314136125655,0.526141942026448,0.5340314136125655,0.5332424664539538,0.5320590457160361,0.5300866778195068,0.5281143099229775,0.526141942026448
2019_20_20200201_CRY_SHU,2019_20,2020-02-01,0,0.3600973236009733,0.3537893246270739,0.3600973236009733,0.3594665237035834,0.35852032385749844,0.35694332411402363,0.3553663243705487,0.3537893246270739
2019_20_20200201_LEI_CHE,2019_20,2020-02-01,1,0.5633074935400517,0.591710048751308,0.5633074935400517,0.5661477490611774,0.5704081323428658,0.5775087711456799,0.584609409948494,0.591710048751308
2019_20_20200201_LIV_SOU,2019_20,2020-02-01,1,0.6194029850746269,0.5564079313317268,0.6194029850746269,0.613103479700337,0.6036542216389019,0.5879054582031769,0.5721566947674518,0.5564079313317268
2019_20_20200201_MUN_WOL,2019_20,2020-02-01,0,0.4366925064599483,0.4304995733548154,0.4366925064599483,0.43607321314943503,0.43514427318366505,0.4335960399073818,0.43204780663109865,0.4304995733548154
2019_20_20200201_NEW_NOR,2019_20,2020-02-01,0,0.4790575916230366,0.4996113343047466,0.4790575916230366,0.4811129658912076,0.4841960272934641,0.4893344629638916,0.4944728986343191,0.4996113343047466
2019_20_20200201_WAT_EVE,2019_20,2020-02-01,1,0.4738219895287958,0.48498902249239,0.4738219895287958,0.4749386928251552,0.47661374776969434,0.4794055060105929,0.48219726425149145,0.48498902249239
2019_20_20200201_WHU_BRI,2019_20,2020-02-01,1,0.4973821989528796,0.4996173240184045,0.4973821989528796,0.4976057114594321,0.49794098021926086,0.498499761485642,0.4990585427520232,0.4996173240184045
2019_20_20200202_BUR_ARS,2019_20,2020-02-02,0,0.5013123359580053,0.5676001069010078,0.5013123359580053,0.5079411130523055,0.5178842786937559,0.5344562214295066,0.5510281641652572,0.5676001069010078
2019_20_20200202_TOT_MCI,2019_20,2020-02-02,0,0.6365853658536585,0.6913287911620263,0.6365853658536585,0.6420597083844953,0.6502712221807505,0.6639570785078424,0.6776429348349344,0.6913287911620263
2019_20_20200208_BRI_WAT,2019_20,2020-02-08,0,0.4842931937172774,0.4612080566075835,0.4842931937172774,0.481984680006308,0.47852190943985395,0.4727506251624305,0.466979340885007,0.4612080566075835
2019_20_20200208_EVE_CRY,2019_20,2020-02-08,1,0.4557291666666667,0.4285813024568216,0.4557291666666667,0.4530143802456822,0.4489422006142054,0.4421552345617441,0.43536826850928284,0.4285813024568216
2019_20_20200209_SHU_BOU,2019_20,2020-02-09,1,0.4168797953964194,0.4273692390389712,0.4168797953964194,0.4179287397606746,0.41950215630705734,0.4221245172176953,0.4247468781283333,0.4273692390389712
2019_20_20200214_WOL_LEI,2019_20,2020-02-14,0,0.4699738903394256,0.4757327166114211,0.4699738903394256,0.47054977296662515,0.47141359690742446,0.4728533034754233,0.47429301004342217,0.4757327166114211
2019_20_20200215_NOR_LIV,2019_20,2020-02-15,0,0.628992628992629,0.682644880293635,0.628992628992629,0.6343578541227296,0.6424056918178805,0.655818754643132,0.6692318174683834,0.682644880293635
2019_20_20200215_SOU_BUR,2019_20,2020-02-15,1,0.486910994764398,0.5195305537518662,0.486910994764398,0.4901729506631448,0.49506588451126504,0.503220774258132,0.5113756640049991,0.5195305537518662
2019_20_20200216_ARS_NEW,2019_20,2020-02-16,1,0.5532467532467532,0.5409523473474461,0.5532467532467532,0.5520173126568225,0.5501731517719265,0.5470995502970997,0.5440259488222728,0.5409523473474461
2019_20_20200216_AVL_TOT,2019_20,2020-02-16,1,0.5633074935400517,0.6737822376350135,0.5633074935400517,0.5743549679495479,0.5909261795637921,0.6185448655875326,0.6461635516112731,0.6737822376350135
2019_20_20200217_CHE_MUN,2019_20,2020-02-17,0,0.5052356020942408,0.5346151374873834,0.5052356020942408,0.508173555633555,0.5125804859425265,0.5199253697908122,0.5272702536390979,0.5346151374873834
2019_20_20200219_MCI_WHU,2019_20,2020-02-19,0,0.7666034155597723,0.7243568224422008,0.7666034155597723,0.7623787562480151,0.7560417672803794,0.7454801190009865,0.7349184707215937,0.7243568224422008
2019_20_20200222_BUR_BOU,2019_20,2020-02-22,1,0.4267352185089973,0.4182123876043508,0.4267352185089973,0.42588293541853267,0.4246045107828357,0.42247380305667404,0.4203430953305124,0.4182123876043508
2019_20_20200222_CHE_TOT,2019_20,2020-02-22,1,0.5274151436031332,0.5929195307021344,0.5274151436031332,0.5339655823130334,0.5437912403778835,0.5601673371526339,0.5765434339273842,0.5929195307021344
2019_20_20200222_CRY_NEW,2019_20,2020-02-22,0,0.3787128712871287,0.4055613171524464,0.3787128712871287,0.3813977158736605,0.3854249827534581,0.3921370942197876,0.39884920568611704,0.4055613171524464
2019_20_20200222_LEI_MCI,2019_20,2020-02-22,0,0.6159600997506234,0.6731295944724482,0.6159600997506234,0.6216770492228059,0.6302524734310796,0.6445448471115358,0.6588372207919919,0.6731295944724482
2019_20_20200222_SHU_BRI,2019_20,2020-02-22,0,0.4267352185089973,0.3998454216189948,0.4267352185089973,0.42404623881999703,0.42001276928649667,0.413290320063996,0.40656787084149537,0.3998454216189948
2019_20_20200222_SOU_AVL,2019_20,2020-02-22,0,0.5984848484848484,0.6081744174410026,0.5984848484848484,0.5994538053804639,0.6009072407238869,0.6033296329629255,0.6057520252019641,0.6081744174410026
2019_20_20200223_ARS_EVE,2019_20,2020-02-23,1,0.5494791666666667,0.4873101607719335,0.5494791666666667,0.5432622660771934,0.5339369151929835,0.5183946637193001,0.5028524122456168,0.4873101607719335
2019_20_20200223_MUN_WAT,2019_20,2020-02-23,1,0.5,0.4552203944970734,0.5,0.49552203944970735,0.48880509862426835,0.4776101972485367,0.46641529587280506,0.4552203944970734
2019_20_20200223_WOL_NOR,2019_20,2020-02-23,1,0.5104712041884817,0.5468100189819538,0.5104712041884817,0.5141050856678289,0.5195559078868497,0.5286406115852178,0.5377253152835858,0.5468100189819538
2019_20_20200224_LIV_WHU,2019_20,2020-02-24,1,0.6870748299319728,0.6576787955237423,0.6870748299319728,0.6841352264911498,0.6797258213299151,0.6723768127278575,0.6650278041258,0.6576787955237423
2019_20_20200228_NOR_LEI,2019_20,2020-02-28,0,0.5532467532467532,0.6085022723484972,0.5532467532467532,0.5587723051569276,0.5670606330221892,0.5808745127976251,0.5946883925730612,0.6085022723484972
2019_20_20200229_BOU_CHE,2019_20,2020-02-29,1,0.5300261096605744,0.5691338742591622,0.5300261096605744,0.5339368861204332,0.5398030508102214,0.5495799919598683,0.5593569331095152,0.5691338742591622
2019_20_20200229_BRI_CRY,2019_20,2020-02-29,0,0.4122137404580152,0.4062466307925821,0.4122137404580152,0.4116170294914719,0.41072196304165687,0.40923018562529867,0.40773840820894036,0.4062466307925821
2019_20_20200229_NEW_BUR,2019_20,2020-02-29,0,0.4060913705583756,0.358423143084116,0.4060913705583756,0.4013245478109496,0.3941743136898107,0.3822572568212458,0.37034019995268086,0.358423143084116
2019_20_20200229_WAT_LIV,2019_20,2020-02-29,1,0.5794871794871795,0.6485315754339329,0.5794871794871795,0.5863916190818549,0.5967482784738678,0.6140093774605562,0.6312704764472445,0.6485315754339329
2019_20_20200229_WHU_SOU,2019_20,2020-02-29,1,0.5418848167539266,0.5314027384517083,0.5418848167539266,0.5408366089237048,0.539264297178372,0.5366437776028175,0.5340232580272629,0.5314027384517083
2019_20_20200301_EVE_MUN,2019_20,2020-03-01,0,0.4803149606299213,0.5122934825060801,0.4803149606299213,0.4835128128175372,0.488309591098961,0.4963042215680007,0.5042988520370404,0.5122934825060801
2019_20_20200301_TOT_WOL,2019_20,2020-03-01,1,0.4278350515463917,0.3728368748310554,0.4278350515463917,0.42233523387485805,0.4140855073675576,0.40033596318872355,0.38658641900988944,0.3728368748310554
2019_20_20200307_ARS_WHU,2019_20,2020-03-07,0,0.5949367088607596,0.5630859602450216,0.5949367088607596,0.5917516339991857,0.5869740217068251,0.5790113345528906,0.571048647398956,0.5630859602450216
2019_20_20200307_BUR_TOT,2019_20,2020-03-07,0,0.4621409921671018,0.4611728220945164,0.4621409921671018,0.4620441751598433,0.46189894964895545,0.4616569071308091,0.46141486461266273,0.4611728220945164
2019_20_20200307_CRY_WAT,2019_20,2020-03-07,0,0.4168797953964194,0.3614844702678356,0.4168797953964194,0.411340262883561,0.4030309641142734,0.3891821328321275,0.3753333015499815,0.3614844702678356
2019_20_20200307_LIV_BOU,2019_20,2020-03-07,1,0.6457831325301205,0.633509044465175,0.6457831325301205,0.644555723723626,0.6427146105138841,0.6396460884976478,0.6365775664814114,0.633509044465175
2019_20_20200307_SHU_NOR,2019_20,2020-03-07,0,0.4621409921671018,0.5032582872364131,0.4621409921671018,0.466252721674033,0.4724203159344296,0.48269963970175744,0.49297896346908526,0.5032582872364131
2019_20_20200307_SOU_NEW,2019_20,2020-03-07,0,0.5261780104712042,0.6133733915589181,0.5261780104712042,0.5348975485799756,0.5479768557431326,0.5697757010150611,0.5915745462869897,0.6133733915589181
2019_20_20200307_WOL_BRI,2019_20,2020-03-07,0,0.4776902887139108,0.430183534188378,0.4776902887139108,0.4729396132613575,0.4658136000825276,0.4539369114511444,0.4420602228197612,0.430183534188378
2019_20_20200308_CHE_EVE,2019_20,2020-03-08,1,0.5558441558441558,0.5223253418344904,0.5558441558441558,0.5524922744431894,0.5474644523417395,0.5390847488393231,0.5307050453369068,0.5223253418344904
2019_20_20200308_MUN_MCI,2019_20,2020-03-08,0,0.5721649484536083,0.6826506127397824,0.5721649484536083,0.5832135148822257,0.5997863645251518,0.6274077805966953,0.655029196668239,0.6826506127397824
2019_20_20200309_LEI_AVL,2019_20,2020-03-09,1,0.62,0.5782800091916217,0.62,0.6158280009191622,0.6095700022979054,0.5991400045958108,0.5887100068937163,0.5782800091916217
2019_20_20200617_AVL_SHU,2019_20,2020-06-17,0,0.4583333333333333,0.5009888772430565,0.4583333333333333,0.46259888772430563,0.4689972193107641,0.47966110528819494,0.49032499126562573,0.5009888772430565
2019_20_20200617_MCI_ARS,2019_20,2020-06-17,1,0.6877828054298643,0.6920724219720269,0.6877828054298643,0.6882117670840805,0.6888552095654048,0.6899276137009456,0.6910000178364863,0.6920724219720269
2019_20_20200619_NOR_SOU,2019_20,2020-06-19,1,0.4986945169712793,0.5390039202587947,0.4986945169712793,0.5027254573000308,0.5087718677931582,0.5188492186150371,0.5289265694369158,0.5390039202587947
2019_20_20200619_TOT_MUN,2019_20,2020-06-19,0,0.4934725848563968,0.5138320765868805,0.4934725848563968,0.49550853402944517,0.4985624577890177,0.5036523307216386,0.5087422036542595,0.5138320765868805
2019_20_20200620_BOU_CRY,2019_20,2020-06-20,0,0.4493506493506493,0.4376195290492476,0.4493506493506493,0.44817753732050913,0.4464178692752989,0.44348508919994845,0.440552309124598,0.4376195290492476
2019_20_20200620_BRI_ARS,2019_20,2020-06-20,1,0.4947643979057591,0.5773088846059183,0.4947643979057591,0.503018846575775,0.5154005195807989,0.5360366412558387,0.5566727629308785,0.5773088846059183
2019_20_20200620_WAT_LEI,2019_20,2020-06-20,0,0.5013054830287206,0.5787751581953907,0.5013054830287206,0.5090524505453876,0.5206729018203882,0.5400403206120556,0.5594077394037231,0.5787751581953907
2019_20_20200620_WHU_WOL,2019_20,2020-06-20,0,0.4635416666666666,0.5003290013678071,0.4635416666666666,0.4672204001367807,0.47273850034195175,0.48193533401723687,0.491132167692522,0.5003290013678071
2019_20_20200621_AVL_CHE,2019_20,2020-06-21,1,0.5994962216624685,0.6713227547117631,0.5994962216624685,0.6066788749673979,0.6174528549247922,0.6354094881871157,0.6533661214494394,0.6713227547117631
2019_20_20200621_EVE_LIV,2019_20,2020-06-21,0,0.5732647814910026,0.6233685498607967,0.5732647814910026,0.578275158327982,0.5857907235834511,0.5983166656758996,0.6108426077683482,0.6233685498607967
2019_20_20200621_NEW_SHU,2019_20,2020-06-21,1,0.3865336658354114,0.3933629981015464,0.3865336658354114,0.3872165990620249,0.3882409989019452,0.3899483319684789,0.3916556650350126,0.3933629981015464
2019_20_20200622_MCI_BUR,2019_20,2020-06-22,1,0.7173447537473233,0.7004810233240847,0.7173447537473233,0.7156583807049994,0.7131288211415137,0.708912888535704,0.7046969559298943,0.7004810233240847
2019_20_20200623_LEI_BRI,2019_20,2020-06-23,0,0.4908616187989557,0.517223923510843,0.4908616187989557,0.4934978492701444,0.4974521949769275,0.5040427711548994,0.5106333473328712,0.517223923510843
2019_20_20200623_TOT_WHU,2019_20,2020-06-23,0,0.5338541666666666,0.5771761487257917,0.5338541666666666,0.5381863648725792,0.544684662181448,0.5555151576962292,0.5663456532110104,0.5771761487257917
2019_20_20200624_LIV_CRY,2019_20,2020-06-24,1,0.5644329896907216,0.5603989321250109,0.5644329896907216,0.5640295839341506,0.563424475299294,0.5624159609078663,0.5614074465164386,0.5603989321250109
2019_20_20200624_MUN_SHU,2019_20,2020-06-24,1,0.4778067885117493,0.4666025339243931,0.4778067885117493,0.4766863630530137,0.4750057248649102,0.4722046612180712,0.4694035975712322,0.4666025339243931
2019_20_20200624_NEW_AVL,2019_20,2020-06-24,0,0.4571428571428572,0.4686574081968667,0.4571428571428572,0.4582943122482581,0.4600214949063595,0.46290013266986196,0.46577877043336435,0.4686574081968667
2019_20_20200624_NOR_EVE,2019_20,2020-06-24,0,0.5248041775456919,0.6088334214762356,0.5248041775456919,0.5332071019387462,0.5458114885283278,0.5668187995109637,0.5878261104935997,0.6088334214762356
2019_20_20200624_WOL_BOU,2019_20,2020-06-24,0,0.4609375,0.4746378197407641,0.4609375,0.4623075319740764,0.46436257993519103,0.46778765987038207,0.47121273980557304,0.4746378197407641
2019_20_20200625_BUR_WAT,2019_20,2020-06-25,0,0.4381443298969071,0.447228539350237,0.4381443298969071,0.43905275084224016,0.4404153822602396,0.44268643462357204,0.4449574869869045,0.447228539350237
2019_20_20200625_CHE_MCI,2019_20,2020-06-25,1,0.5841836734693877,0.656153187909169,0.5841836734693877,0.5913806249133658,0.602176052079333,0.6201684306892783,0.6381608092992237,0.656153187909169
2019_20_20200625_SOU_ARS,2019_20,2020-06-25,0,0.5300261096605744,0.5794694369483323,0.5300261096605744,0.5349704423893502,0.5423869414825139,0.5547477733044534,0.5671086051263928,0.5794694369483323
2019_20_20200627_AVL_WOL,2019_20,2020-06-27,0,0.4583333333333333,0.4663883263659248,0.4583333333333333,0.45913883263659244,0.4603470815914812,0.46236082984962906,0.46437457810777694,0.4663883263659248
2019_20_20200628_WAT_SOU,2019_20,2020-06-28,1,0.4778067885117493,0.5284224403933683,0.4778067885117493,0.4828683536999112,0.49046070148215404,0.5031146144525588,0.5157685274229635,0.5284224403933683
2019_20_20200629_CRY_BUR,2019_20,2020-06-29,0,0.3934837092731829,0.3583317045472812,0.3934837092731829,0.3899685088005927,0.38469570809170744,0.375907706910232,0.36711970572875663,0.3583317045472812
2019_20_20200630_BRI_MUN,2019_20,2020-06-30,1,0.4559585492227979,0.4828313926110406,0.4559585492227979,0.45864583356162214,0.4626767600698586,0.46939497091691923,0.4761131817639799,0.4828313926110406
2019_20_20200701_ARS_NOR,2019_20,2020-07-01,1,0.5618556701030928,0.5949083130675245,0.5618556701030928,0.565160934399536,0.5701188308442007,0.5783819915853086,0.5866451523264165,0.5949083130675245
2019_20_20200701_BOU_NEW,2019_20,2020-07-01,1,0.4005037783375315,0.4112186604075729,0.4005037783375315,0.4015752665445356,0.40318249885504187,0.40586121937255215,0.40853993989006254,0.4112186604075729
2019_20_20200701_EVE_LEI,2019_20,2020-07-01,1,0.4583333333333333,0.5011926973334806,0.4583333333333333,0.46261926973334805,0.46904817433337015,0.47976301533340693,0.49047785633344376,0.5011926973334806
2019_20_20200701_WHU_CHE,2019_20,2020-07-01,1,0.5544041450777203,0.585050691356474,0.5544041450777203,0.5574687997055956,0.5620657816474087,0.5697274182170972,0.5773890547867856,0.585050691356474
2019_20_20200702_MCI_LIV,2019_20,2020-07-02,1,0.606516290726817,0.6127257087425159,0.606516290726817,0.6071372325283868,0.6080686452307418,0.6096209997346664,0.6111733542385911,0.6127257087425159
2019_20_20200702_SHU_TOT,2019_20,2020-07-02,1,0.4430051813471503,0.5309719452359491,0.4430051813471503,0.45180185773603015,0.46499687231935,0.4869885632915497,0.5089802542637494,0.5309719452359491
2019_20_20200704_CHE_WAT,2019_20,2020-07-04,1,0.5518134715025906,0.5453487437630258,0.5518134715025906,0.5511669987286342,0.5501972895676994,0.5485811076328082,0.546964925697917,0.5453487437630258
2019_20_20200704_LEI_CRY,2019_20,2020-07-04,1,0.4333333333333333,0.4361071833903211,0.4333333333333333,0.4336107183390321,0.43402679584758025,0.4347202583618272,0.43541372087607416,0.4361071833903211
2019_20_20200704_MUN_BOU,2019_20,2020-07-04,1,0.624078624078624,0.6514136733572222,0.624078624078624,0.6268121290064839,0.6309123863982735,0.6377461487179231,0.6445799110375727,0.6514136733572222
2019_20_20200704_NOR_BRI,2019_20,2020-07-04,0,0.4597402597402597,0.5413285578847198,0.4597402597402597,0.46789908955470577,0.4801373342763747,0.5005344088124898,0.5209314833486047,0.5413285578847198
2019_20_20200704_WOL_ARS,2019_20,2020-07-04,0,0.4545454545454546,0.4962044091414835,0.4545454545454546,0.45871135000505747,0.4649601931944618,0.475374931843469,0.4857896704924763,0.4962044091414835
2019_20_20200705_BUR_SHU,2019_20,2020-07-05,0,0.359903381642512,0.391657853149684,0.359903381642512,0.3630788287932292,0.367841999519305,0.375780617396098,0.383719235272891,0.391657853149684
2019_20_20200705_LIV_AVL,2019_20,2020-07-05,0,0.637469586374696,0.6349817623209035,0.637469586374696,0.6372208039693167,0.6368476303612478,0.6362256743477998,0.6356037183343517,0.6349817623209035
2019_20_20200705_NEW_WHU,2019_20,2020-07-05,1,0.4764397905759163,0.504872557828432,0.4764397905759163,0.4792830673011679,0.4835479823890452,0.4906561742021741,0.49776436601530305,0.504872557828432
2019_20_20200705_SOU_MCI,2019_20,2020-07-05,0,0.6159600997506234,0.6842733723104191,0.6159600997506234,0.622791427006603,0.6330384178905724,0.6501167360305212,0.6671950541704701,0.6842733723104191
2019_20_20200706_TOT_EVE,2019_20,2020-07-06,0,0.5143603133159269,0.5815754211931723,0.5143603133159269,0.5210818241036514,0.5311640902852383,0.5479678672545496,0.564771644223861,0.5815754211931723
2019_20_20200707_ARS_LEI,2019_20,2020-07-07,0,0.5091383812010444,0.4901016640622597,0.5091383812010444,0.507234709487166,0.5043792019163482,0.49962002263165206,0.49486084334695585,0.4901016640622597
2019_20_20200707_CRY_CHE,2019_20,2020-07-07,1,0.5221932114882506,0.5912948968778915,0.5221932114882506,0.5291033800272147,0.5394686328356608,0.556744054183071,0.5740194755304813,0.5912948968778915
2019_20_20200707_WAT_NOR,2019_20,2020-07-07,1,0.4675324675324676,0.5333511341533425,0.4675324675324676,0.47411433419455506,0.48398713418768624,0.500441800842905,0.5168964674981238,0.5333511341533425
2019_20_20200708_BRI_LIV,2019_20,2020-07-08,1,0.5506493506493506,0.655919765304563,0.5506493506493506,0.5611763921148719,0.5769669543131537,0.6032845579769568,0.6296021616407599,0.655919765304563
2019_20_20200708_MCI_NEW,2019_20,2020-07-08,1,0.6840909090909091,0.6061126421058531,0.6840909090909091,0.6762930823924035,0.664596342344645,0.6451017755983811,0.6256072088521172,0.6061126421058531
2019_20_20200708_SHU_WOL,2019_20,2020-07-08,0,0.3533653846153846,0.375624569941095,0.3533653846153846,0.3555913031479556,0.35893018094681217,0.36449497727823976,0.3700597736096674,0.375624569941095
2019_20_20200708_WHU_BUR,2019_20,2020-07-08,0,0.4635416666666666,0.4356750173915462,0.4635416666666666,0.46075500173915457,0.4565750043478865,0.4496083420291064,0.44264167971032625,0.4356750173915462
2019_20_20200709_AVL_MUN,2019_20,2020-07-09,1,0.5769230769230769,0.5774660672630282,0.5769230769230769,0.576977375957072,0.5770588245080647,0.5771945720930525,0.5773303196780404,0.5774660672630282
2019_20_20200709_BOU_TOT,2019_20,2020-07-09,0,0.5506493506493506,0.6703034279792668,0.5506493506493506,0.5626147583823422,0.5805628699818297,0.6104763893143087,0.6403899086467877,0.6703034279792668
2019_20_20200709_EVE_SOU,2019_20,2020-07-09,0,0.4973821989528796,0.5126691656624347,0.4973821989528796,0.49891089562383517,0.5012039406302684,0.5050256823076571,0.5088474239850459,0.5126691656624347
2019_20_20200711_BRI_MCI,2019_20,2020-07-11,1,0.6265356265356266,0.720405289864367,0.6265356265356266,0.6359225928685006,0.6500030423678117,0.6734704581999968,0.6969378740321819,0.720405289864367
2019_20_20200711_LIV_BUR,2019_20,2020-07-11,0,0.625615763546798,0.5807994768552714,0.625615763546798,0.6211341348776455,0.6144116918739164,0.6032076202010348,0.5920035485281531,0.5807994768552714
2019_20_20200711_NOR_WHU,2019_20,2020-07-11,1,0.5234374999999999,0.6307403629355787,0.5234374999999999,0.5341677862935578,0.5502632157338946,0.5770889314677893,0.603914647201684,0.6307403629355787
2019_20_20200711_SHU_CHE,2019_20,2020-07-11,1,0.4830287206266319,0.5567003826504462,0.4830287206266319,0.4903958868290133,0.5014466361325854,0.5198645516385391,0.5382824671444926,0.5567003826504462
2019_20_20200711_WAT_NEW,2019_20,2020-07-11,1,0.4635416666666666,0.4401629687010334,0.4635416666666666,0.46120379687010327,0.4576969921752583,0.45185231768385,0.4460076431924417,0.4401629687010334
2019_20_20200712_AVL_CRY,2019_20,2020-07-12,0,0.4751958224543081,0.4918209476586145,0.4751958224543081,0.47685833497473873,0.47935210375538473,0.4835083850564613,0.4876646663575379,0.4918209476586145
2019_20_20200712_BOU_LEI,2019_20,2020-07-12,1,0.5039370078740157,0.5345998409722392,0.5039370078740157,0.5070032911838381,0.5116027161485717,0.5192684244231275,0.5269341326976833,0.5345998409722392
2019_20_20200712_TOT_ARS,2019_20,2020-07-12,1,0.5402597402597403,0.559605656807141,0.5402597402597403,0.5421943319144804,0.5450962193965905,0.5499326985334407,0.5547691776702909,0.559605656807141
2019_20_20200712_WOL_EVE,2019_20,2020-07-12,1,0.3836633663366336,0.4649327257975367,0.3836633663366336,0.39179030228272393,0.4039807062018594,0.42429804606708516,0.4446153859323109,0.4649327257975367
2019_20_20200713_MUN_SOU,2019_20,2020-07-13,1,0.5913705583756345,0.5925984107679572,0.5913705583756345,0.5914933436148667,0.5916775214737151,0.5919844845717959,0.5922914476698765,0.5925984107679572
2019_20_20200714_CHE_NOR,2019_20,2020-07-14,0,0.6997792494481236,0.7349891227363405,0.6997792494481236,0.7033002367769453,0.7085817177701779,0.7173841860922321,0.7261866544142863,0.7349891227363405
2019_20_20200715_ARS_LIV,2019_20,2020-07-15,1,0.6040100250626567,0.647311745723284,0.6040100250626567,0.6083401971287193,0.6148354552278135,0.6256608853929704,0.6364863155581272,0.647311745723284
2019_20_20200715_BUR_WOL,2019_20,2020-07-15,0,0.3777777777777777,0.3550084790126112,0.3777777777777777,0.3755008479012611,0.37208545308648605,0.36639312839519445,0.36070080370390284,0.3550084790126112
2019_20_20200715_MCI_BOU,2019_20,2020-07-15,1,0.7388663967611336,0.727273180726237,0.7388663967611336,0.737707075157644,0.7359680927524095,0.7330697887436853,0.7301714847349612,0.727273180726237
2019_20_20200715_NEW_TOT,2019_20,2020-07-15,1,0.5104712041884817,0.6344249659700755,0.5104712041884817,0.522866580366641,0.5414596446338802,0.5724480850792786,0.603436525524677,0.6344249659700755
2019_20_20200716_CRY_MUN,2019_20,2020-07-16,0,0.5402597402597403,0.5706058977771719,0.5402597402597403,0.5432943560114835,0.5478462796390982,0.5554328190184561,0.563019358397814,0.5706058977771719
2019_20_20200716_EVE_AVL,2019_20,2020-07-16,0,0.5104712041884817,0.5112542655296252,0.5104712041884817,0.510549510322596,0.5106669695237676,0.5108627348590534,0.5110585001943393,0.5112542655296252
2019_20_20200716_LEI_SHU,2019_20,2020-07-16,0,0.4455958549222798,0.442639730613341,0.4455958549222798,0.44530024249138594,0.4448568238450451,0.4441177927678104,0.4433787616905757,0.442639730613341
2019_20_20200716_SOU_BRI,2019_20,2020-07-16,0,0.4481865284974093,0.4558537602500851,0.4481865284974093,0.4489532516726769,0.45010333643557826,0.4520201443737472,0.45393695231191616,0.4558537602500851
2019_20_20200717_WHU_WAT,2019_20,2020-07-17,1,0.4699738903394256,0.447628730806475,0.4699738903394256,0.46773937438613056,0.46438760045618793,0.45880131057295026,0.45321502068971264,0.447628730806475
2019_20_20200718_NOR_BUR,2019_20,2020-07-18,0,0.4647519582245431,0.5016036747895707,0.4647519582245431,0.4684371298810459,0.4739648873658,0.48317781650705693,0.4923907456483138,0.5016036747895707
2019_20_20200719_BOU_SOU,2019_20,2020-07-19,0,0.5581395348837209,0.5591520498632936,0.5581395348837209,0.5582407863816783,0.5583926636286141,0.5586457923735073,0.5588989211184004,0.5591520498632936
2019_20_20200719_TOT_LEI,2019_20,2020-07-19,1,0.4895287958115184,0.4452049502491461,0.4895287958115184,0.4850964112552812,0.4784478344209253,0.46736687303033225,0.4562859116397392,0.4452049502491461
2019_20_20200720_BRI_NEW,2019_20,2020-07-20,0,0.4493506493506493,0.4478306175126034,0.4493506493506493,0.4491986461668447,0.44897064139113785,0.4485906334316263,0.4482106254721149,0.4478306175126034
2019_20_20200720_SHU_EVE,2019_20,2020-07-20,0,0.4111675126903554,0.449439480260126,0.4111675126903554,0.41499470944733247,0.42073550458279807,0.4303034964752407,0.4398714883676833,0.449439480260126
2019_20_20200720_WOL_CRY,2019_20,2020-07-20,0,0.4173027989821883,0.4327935394976293,0.4173027989821883,0.4188518730337324,0.42117548411104855,0.4250481692399088,0.42892085436876903,0.4327935394976293
2019_20_20200721_AVL_ARS,2019_20,2020-07-21,0,0.5754475703324808,0.6673636709120365,0.5754475703324808,0.5846391803904365,0.5984265954773698,0.6214056206222587,0.6443846457671476,0.6673636709120365
2019_20_20200721_WAT_MCI,2019_20,2020-07-21,1,0.6433734939759036,0.7255812251476591,0.6433734939759036,0.6515942670930791,0.6639254267688425,0.6844773595617814,0.7050292923547202,0.7255812251476591
2019_20_20200722_LIV_CHE,2019_20,2020-07-22,1,0.5939086294416244,0.5997446306158625,0.5939086294416244,0.5944922295590482,0.5953676297351839,0.5968266300287435,0.598285630322303,0.5997446306158625
2019_20_20200722_MUN_WHU,2019_20,2020-07-22,0,0.6457831325301205,0.6156103382785465,0.6457831325301205,0.6427658531049631,0.6382399339672271,0.6306967354043336,0.62315353684144,0.6156103382785465
2019_20_20200726_ARS_WAT,2019_20,2020-07-26,1,0.5924050632911392,0.5818578066866048,0.5924050632911392,0.5913503376306857,0.5897682491400056,0.587131434988872,0.5844946208377384,0.5818578066866048
2019_20_20200726_BUR_BRI,2019_20,2020-07-26,1,0.5,0.5125478056768932,0.5,0.5012547805676894,0.5031369514192233,0.5062739028384466,0.5094108542576699,0.5125478056768932
2019_20_20200726_CHE_WOL,2019_20,2020-07-26,0,0.5026178010471204,0.4937589581696923,0.5026178010471204,0.5017319167593776,0.5004030903277633,0.49818837960840634,0.49597366888904937,0.4937589581696923
2019_20_20200726_CRY_TOT,2019_20,2020-07-26,0,0.5416666666666667,0.6633332785801538,0.5416666666666667,0.5538333278580154,0.5720833196450386,0.6024999726234103,0.632916625601782,0.6633332785801538
2019_20_20200726_EVE_BOU,2019_20,2020-07-26,1,0.602015113350126,0.6335779931134877,0.602015113350126,0.6051714013264622,0.6099058332909665,0.6177965532318068,0.6256872731726473,0.6335779931134877
2019_20_20200726_LEI_MUN,2019_20,2020-07-26,0,0.5182291666666667,0.5165701341676906,0.5182291666666667,0.5180632634167691,0.5178144085419227,0.5173996504171787,0.5169848922924347,0.5165701341676906
2019_20_20200726_MCI_NOR,2019_20,2020-07-26,1,0.7827648114901257,0.7563290511211671,0.7827648114901257,0.7801212354532299,0.776155871397886,0.7695469313056464,0.7629379912134068,0.7563290511211671
2019_20_20200726_NEW_LIV,2019_20,2020-07-26,1,0.6178660049627792,0.7445478886125991,0.6178660049627792,0.6305341933277612,0.6495364758752342,0.6812069467876891,0.7128774177001441,0.7445478886125991
2019_20_20200726_SOU_SHU,2019_20,2020-07-26,1,0.5104712041884817,0.560836377581857,0.5104712041884817,0.5155077215278192,0.5230624975368255,0.5356537908851693,0.5482450842335131,0.560836377581857
2019_20_20200726_WHU_AVL,2019_20,2020-07-26,0,0.5743589743589743,0.553307214586983,0.5743589743589743,0.5722537983817753,0.5690960344159764,0.5638330944729786,0.5585701545299808,0.553307214586983
2020_21_20200912_CRY_SOU,2020_21,2020-09-12,0,0.4271099744245524,0.4258368686074333,0.4271099744245524,0.4269826638428405,0.4267916979702726,0.4264734215159929,0.42615514506171304,0.4258368686074333
2020_21_20200912_FUL_ARS,2020_21,2020-09-12,1,0.5440414507772021,0.5989884311327561,0.5440414507772021,0.5495361488127576,0.5577781958660906,0.5715149409549791,0.5852516860438677,0.5989884311327561
2020_21_20200912_LIV_LEE,2020_21,2020-09-12,1,0.6246913580246914,0.6034731685855467,0.6246913580246914,0.622569539080777,0.6193868106649052,0.6140822633051191,0.6087777159453329,0.6034731685855467
2020_21_20200912_WHU_NEW,2020_21,2020-09-12,0,0.4856396866840731,0.4269984003897847,0.4856396866840731,0.4797755580546443,0.470979365110501,0.45631904353692887,0.4416587219633568,0.4269984003897847
2020_21_20200913_TOT_EVE,2020_21,2020-09-13,0,0.4921465968586388,0.4965602698675642,0.4921465968586388,0.4925879641595314,0.49325001511087013,0.4943534333631015,0.4954568516153328,0.4965602698675642
2020_21_20200913_WBA_LEI,2020_21,2020-09-13,1,0.4973821989528796,0.486401871157784,0.4973821989528796,0.49628416617337007,0.49463711700410573,0.4918920350553318,0.48914695310655787,0.486401871157784
2020_21_20200914_BRI_CHE,2020_21,2020-09-14,1,0.5416666666666667,0.5862070365524711,0.5416666666666667,0.5461207036552472,0.5528017591381178,0.5639368516095689,0.5750719440810199,0.5862070365524711
2020_21_20200914_SHU_WOL,2020_21,2020-09-14,0,0.3557692307692308,0.3333038141852655,0.3557692307692308,0.3535226891108343,0.35015287662323946,0.34453652247724814,0.3389201683312568,0.3333038141852655
2020_21_20200919_ARS_WHU,2020_21,2020-09-19,1,0.583756345177665,0.6010586749693679,0.583756345177665,0.5854865781568352,0.5880819276255908,0.5924075100735164,0.5967330925214421,0.6010586749693679
2020_21_20200919_EVE_WBA,2020_21,2020-09-19,1,0.5286458333333333,0.5818021522609326,0.5286458333333333,0.5339614652260932,0.5419349130652331,0.555223992797133,0.5685130725290328,0.5818021522609326
2020_21_20200919_LEE_FUL,2020_21,2020-09-19,1,0.4973958333333334,0.4130681987121917,0.4973958333333334,0.4889630698712193,0.476313924678048,0.45523201602276253,0.43415010736747717,0.4130681987121917
2020_21_20200919_MUN_CRY,2020_21,2020-09-19,1,0.5743589743589743,0.5659308016401992,0.5743589743589743,0.5735161570870968,0.5722519311792805,0.5701448879995867,0.568037844819893,0.5659308016401992
2020_21_20200920_CHE_LIV,2020_21,2020-09-20,0,0.5934343434343434,0.6154584381992269,0.5934343434343434,0.5956367529108317,0.5989403671255643,0.6044463908167852,0.609952414508006,0.6154584381992269
2020_21_20200920_LEI_BUR,2020_21,2020-09-20,1,0.4908616187989557,0.508998237944524,0.4908616187989557,0.4926752807135125,0.4953957735853478,0.4999299283717399,0.504464083158132,0.508998237944524
2020_21_20200920_NEW_BRI,2020_21,2020-09-20,1,0.4005037783375315,0.3529988617983279,0.4005037783375315,0.3957532866836111,0.3886275492027306,0.37675132006792966,0.36487509093312875,0.3529988617983279
2020_21_20200920_SOU_TOT,2020_21,2020-09-20,1,0.4869791666666667,0.5156340520487672,0.4869791666666667,0.48984465520487674,0.4941428880121918,0.501306609357717,0.5084703307032421,0.5156340520487672
2020_21_20200921_AVL_SHU,2020_21,2020-09-21,0,0.4245524296675191,0.425522391095448,0.4245524296675191,0.424649425810312,0.4247949200245013,0.42503741038148357,0.4252799007384658,0.425522391095448
2020_21_20200921_WOL_MCI,2020_21,2020-09-21,1,0.5618556701030928,0.6133569035837766,0.5618556701030928,0.5670057934511612,0.5747309784732637,0.5876062868434346,0.6004815952136056,0.6133569035837766
2020_21_20200926_BRI_MUN,2020_21,2020-09-26,1,0.5143603133159269,0.5037453625045007,0.5143603133159269,0.5132988182347843,0.5117065756130703,0.5090528379102138,0.5063991002073573,0.5037453625045007
2020_21_20200926_BUR_SOU,2020_21,2020-09-26,0,0.4557291666666667,0.4157283073811124,0.4557291666666667,0.45172908073811124,0.4457289518452781,0.43572873702388953,0.42572852220250096,0.4157283073811124
2020_21_20200926_CRY_EVE,2020_21,2020-09-26,1,0.441860465116279,0.4373564585147938,0.441860465116279,0.4414100644561305,0.4407344634659077,0.4396084618155364,0.4384824601651651,0.4373564585147938
2020_21_20200926_WBA_CHE,2020_21,2020-09-26,1,0.5816326530612244,0.6395738690821381,0.5816326530612244,0.5874267746633158,0.5961179570664528,0.6106032610716812,0.6250885650769096,0.6395738690821381
2020_21_20200927_MCI_LEI,2020_21,2020-09-27,1,0.6728538283062646,0.596765913198622,0.6728538283062646,0.6652450367955004,0.653831849529354,0.6348098707524433,0.6157878919755326,0.596765913198622
2020_21_20200927_SHU_LEE,2020_21,2020-09-27,0,0.4778067885117493,0.5730646800390439,0.4778067885117493,0.48733257766447874,0.5016212613935729,0.5254357342753966,0.5492502071572203,0.5730646800390439
2020_21_20200927_TOT_NEW,2020_21,2020-09-27,0,0.5454545454545455,0.5192172768991066,0.5454545454545455,0.5428308185990016,0.5388952283156858,0.532335911176826,0.5257765940379663,0.5192172768991066
2020_21_20200927_WHU_WOL,2020_21,2020-09-27,1,0.4481865284974093,0.4274837273884952,0.4481865284974093,0.4461162483865179,0.4430108282201808,0.43783512794295226,0.43265942766572374,0.4274837273884952
2020_21_20200928_FUL_AVL,2020_21,2020-09-28,1,0.4595300261096606,0.4516303371488128,0.4595300261096606,0.4587400572135758,0.45755510386944864,0.4555801816292367,0.45360525938902474,0.4516303371488128
2020_21_20200928_LIV_ARS,2020_21,2020-09-28,1,0.6169154228855721,0.5873615516047561,0.6169154228855721,0.6139600357574905,0.6095269550653681,0.6021384872451641,0.5947500194249601,0.5873615516047561
2020_21_20201003_CHE_CRY,2020_21,2020-10-03,1,0.589873417721519,0.5723718833377474,0.589873417721519,0.5881232642831419,0.5854980341255761,0.5811226505296332,0.5767472669336903,0.5723718833377474
2020_21_20201003_EVE_BRI,2020_21,2020-10-03,1,0.5221932114882506,0.4950492152997829,0.5221932114882506,0.5194788118694038,0.5154072124411336,0.5086212133940168,0.5018352143468998,0.4950492152997829
2020_21_20201003_LEE_MCI,2020_21,2020-10-03,0,0.6941964285714286,0.6790996242389187,0.6941964285714286,0.6926867481381777,0.6904222274883011,0.6866480264051736,0.6828738253220461,0.6790996242389187
2020_21_20201003_NEW_BUR,2020_21,2020-10-03,1,0.4122137404580152,0.3451876686825615,0.4122137404580152,0.40551113328046984,0.3954572225141517,0.37870070457028837,0.3619441866264249,0.3451876686825615
2020_21_20201004_ARS_SHU,2020_21,2020-10-04,1,0.4947643979057591,0.4631162599064459,0.4947643979057591,0.49159958410582777,0.48685236340593085,0.4789403289061025,0.47102829440627414,0.4631162599064459
2020_21_20201004_AVL_LIV,2020_21,2020-10-04,1,0.6203473945409429,0.6578435307626993,0.6203473945409429,0.6240970081631185,0.629721428596382,0.639095462651821,0.6484694967072602,0.6578435307626993
2020_21_20201004_LEI_WHU,2020_21,2020-10-04,1,0.5732647814910026,0.5222128808200713,0.5732647814910026,0.5681595914239095,0.5605018063232697,0.5477388311555369,0.5349758559878042,0.5222128808200713
2020_21_20201004_MUN_TOT,2020_21,2020-10-04,1,0.5326370757180157,0.5280548710799257,0.5326370757180157,0.5321788552542067,0.5314915245584931,0.5303459733989706,0.5292004222394482,0.5280548710799257
2020_21_20201004_SOU_WBA,2020_21,2020-10-04,0,0.5287958115183247,0.476240764021092,0.5287958115183247,0.5235403067686014,0.5156570496440165,0.5025182877697083,0.4893795258954002,0.476240764021092
2020_21_20201004_WOL_FUL,2020_21,2020-10-04,0,0.4493506493506493,0.3909747806270405,0.4493506493506493,0.44351306247828837,0.4347566821697471,0.4201627149888449,0.4055687478079427,0.3909747806270405
2020_21_20201017_CHE_SOU,2020_21,2020-10-17,1,0.6030150753768844,0.5349214368027483,0.6030150753768844,0.5962057115194708,0.5859916657333504,0.5689682560898164,0.5519448464462823,0.5349214368027483
2020_21_20201017_EVE_LIV,2020_21,2020-10-17,1,0.6231527093596059,0.6153013260029638,0.6231527093596059,0.6223675710239417,0.6211898635204454,0.6192270176812849,0.6172641718421243,0.6153013260029638
2020_21_20201017_MCI_ARS,2020_21,2020-10-17,0,0.6619385342789598,0.6326610714073142,0.6619385342789598,0.6590107879917952,0.6546191685610483,0.6472998028431369,0.6399804371252256,0.6326610714073142
2020_21_20201017_NEW_MUN,2020_21,2020-10-17,1,0.548051948051948,0.5097980456889085,0.548051948051948,0.5442265578156441,0.5384884724611881,0.5289249968704283,0.5193615212796684,0.5097980456889085
2020_21_20201018_CRY_BRI,2020_21,2020-10-18,0,0.4355670103092783,0.370939061609549,0.4355670103092783,0.4291042154393053,0.41941002313434594,0.40325303595941364,0.38709604878448134,0.370939061609549
2020_21_20201018_LEI_AVL,2020_21,2020-10-18,0,0.5852417302798981,0.5224785155588537,0.5852417302798981,0.5789654088077937,0.569550926599637,0.5538601229193759,0.5381693192391148,0.5224785155588537
2020_21_20201018_SHU_FUL,2020_21,2020-10-18,0,0.423076923076923,0.3762281547090709,0.423076923076923,0.4183920462401378,0.41136473098496,0.39965253889299696,0.38794034680103395,0.3762281547090709
2020_21_20201018_TOT_WHU,2020_21,2020-10-18,1,0.5984848484848484,0.5520467531345081,0.5984848484848484,0.5938410389498144,0.5868753246472633,0.5752658008096783,0.5636562769720932,0.5520467531345081
2020_21_20201019_LEE_WOL,2020_21,2020-10-19,0,0.4467532467532467,0.3629635285857462,0.4467532467532467,0.43837427493649667,0.42580581721137156,0.40485838766949644,0.3839109581276213,0.3629635285857462
2020_21_20201019_WBA_BUR,2020_21,2020-10-19,0,0.4493506493506493,0.4136178202799447,0.4493506493506493,0.4457773664435788,0.4404174420829732,0.43148423481529696,0.42255102754762086,0.4136178202799447
2020_21_20201023_AVL_LEE,2020_21,2020-10-23,1,0.5944584382871536,0.5429876311763241,0.5944584382871536,0.5893113575760707,0.5815907365094463,0.5687230347317389,0.5558553329540314,0.5429876311763241
2020_21_20201024_FUL_CRY,2020_21,2020-10-24,1,0.4209183673469387,0.4126640603504622,0.4209183673469387,0.4200929366472911,0.4188547905978196,0.41679121384870044,0.4147276370995813,0.4126640603504622
2020_21_20201024_LIV_SHU,2020_21,2020-10-24,1,0.6365853658536585,0.5948873367338843,0.6365853658536585,0.6324155629416812,0.626160858573715,0.6157363512937715,0.6053118440138279,0.5948873367338843
2020_21_20201024_MUN_CHE,2020_21,2020-10-24,0,0.5888324873096447,0.580028637934658,0.5888324873096447,0.587952102372146,0.586631524965898,0.5844305626221513,0.5822296002784046,0.580028637934658
2020_21_20201024_WHU_MCI,2020_21,2020-10-24,0,0.6705336426914155,0.6977659205375685,0.6705336426914155,0.6732568704760308,0.6773417121529537,0.6841497816144919,0.6909578510760302,0.6977659205375685
2020_21_20201025_ARS_LEI,2020_21,2020-10-25,0,0.5492227979274612,0.5379138352353873,0.5492227979274612,0.5480919016582538,0.5463955572544427,0.5435683165814242,0.5407410759084058,0.5379138352353873
2020_21_20201025_SOU_EVE,2020_21,2020-10-25,0,0.5338541666666666,0.5349887939348528,0.5338541666666666,0.5339676293934853,0.5341378234837132,0.5344214803007596,0.5347051371178062,0.5349887939348528
2020_21_20201025_WOL_NEW,2020_21,2020-10-25,0,0.4245524296675191,0.4255907836292887,0.4245524296675191,0.4246562650636961,0.4248120181579615,0.42507160664840393,0.4253311951388463,0.4255907836292887
2020_21_20201026_BRI_WBA,2020_21,2020-10-26,0,0.5221932114882506,0.4646078110349484,0.5221932114882506,0.5164346714429204,0.5077968613749251,0.4934005112615995,0.47900416114827393,0.4646078110349484
2020_21_20201026_BUR_TOT,2020_21,2020-10-26,0,0.518324607329843,0.5367934555170891,0.518324607329843,0.5201714921485676,0.5229418193766545,0.527559031423466,0.5321762434702776,0.5367934555170891
2020_21_20201030_WOL_CRY,2020_21,2020-10-30,0,0.3566265060240964,0.3149707100348796,0.3566265060240964,0.35246092642517474,0.3462125570267922,0.335798608029488,0.32538465903218383,0.3149707100348796
2020_21_20201031_BUR_CHE,2020_21,2020-10-31,1,0.5732647814910026,0.6370907176522,0.5732647814910026,0.5796473751071224,0.5892212655313019,0.6051777495716013,0.6211342336119007,0.6370907176522
2020_21_20201031_LIV_WHU,2020_21,2020-10-31,1,0.6781609195402298,0.627293625974594,0.6781609195402298,0.6730741901836663,0.6654440961488208,0.6527272727574119,0.640010449366003,0.627293625974594
2020_21_20201031_SHU_MCI,2020_21,2020-10-31,0,0.6308068459657702,0.7041120032500884,0.6308068459657702,0.638137361694202,0.6491331352868498,0.6674594246079293,0.6857857139290088,0.7041120032500884
2020_21_20201101_AVL_SOU,2020_21,2020-11-01,1,0.5790816326530612,0.525984400588732,0.5790816326530612,0.5737719094466283,0.5658073246369789,0.5525330166208966,0.5392587086048143,0.525984400588732
2020_21_20201101_MUN_ARS,2020_21,2020-11-01,0,0.5492227979274612,0.5891488195523897,0.5492227979274612,0.5532154000899541,0.5592043033336933,0.5691858087399255,0.5791673141461576,0.5891488195523897
2020_21_20201101_NEW_EVE,2020_21,2020-11-01,1,0.5248041775456919,0.5278335231627497,0.5248041775456919,0.5251071121073977,0.5255615139499563,0.5263188503542208,0.5270761867584852,0.5278335231627497
2020_21_20201101_TOT_BRI,2020_21,2020-11-01,1,0.578005115089514,0.4989398425277453,0.578005115089514,0.5700985878333372,0.5582387969490719,0.5384724788086297,0.5187061606681875,0.4989398425277453
2020_21_20201102_FUL_WBA,2020_21,2020-11-02,0,0.4635416666666666,0.4442264591624472,0.4635416666666666,0.46161014591624466,0.45871286479061174,0.45388406291455685,0.449055261038502,0.4442264591624472
2020_21_20201102_LEE_LEI,2020_21,2020-11-02,1,0.5454545454545455,0.5161945494666007,0.5454545454545455,0.542528545855751,0.5381395464575593,0.5308245474605731,0.5235095484635869,0.5161945494666007
2020_21_20201106_BRI_BUR,2020_21,2020-11-06,0,0.451948051948052,0.4297011704608808,0.451948051948052,0.44972336379933486,0.44638633157625923,0.44082461120446637,0.43526289083267355,0.4297011704608808
2020_21_20201106_SOU_NEW,2020_21,2020-11-06,0,0.5221932114882506,0.4678046105790656,0.5221932114882506,0.5167543513973321,0.5085960612609544,0.4949989110336581,0.4814017608063618,0.4678046105790656
2020_21_20201107_CHE_SHU,2020_21,2020-11-07,1,0.5644329896907216,0.5257795665319324,0.5644329896907216,0.5605676473748427,0.5547696339010243,0.545106278111327,0.5354429223216297,0.5257795665319324
2020_21_20201107_CRY_LEE,2020_21,2020-11-07,1,0.4921465968586388,0.4941265275182767,0.4921465968586388,0.4923445899246026,0.49264157952354826,0.49313656218845775,0.49363154485336724,0.4941265275182767
2020_21_20201107_EVE_MUN,2020_21,2020-11-07,1,0.5416666666666667,0.5187197456997291,0.5416666666666667,0.539371974569973,0.5359299364249324,0.530193206183198,0.5244564759414636,0.5187197456997291
2020_21_20201107_WHU_FUL,2020_21,2020-11-07,0,0.5235602094240838,0.4702549837882427,0.5235602094240838,0.5182296868604996,0.5102339030151235,0.49690759660616324,0.483581290197203,0.4702549837882427
2020_21_20201108_ARS_AVL,2020_21,2020-11-08,1,0.5692307692307692,0.5307618537000413,0.5692307692307692,0.5653838776776965,0.5596135403480872,0.5499963114654052,0.5403790825827233,0.5307618537000413
2020_21_20201108_LEI_WOL,2020_21,2020-11-08,0,0.4060913705583756,0.3486881702834226,0.4060913705583756,0.40035105053088027,0.39174057048963734,0.37738977042089905,0.3630389703521608,0.3486881702834226
2020_21_20201108_MCI_LIV,2020_21,2020-11-08,0,0.6595744680851063,0.7046921388838143,0.6595744680851063,0.6640862351649772,0.6708538857847833,0.6821333034844603,0.6934127211841373,0.7046921388838143
2020_21_20201108_WBA_TOT,2020_21,2020-11-08,0,0.5607235142118864,0.58538523563847,0.5607235142118864,0.5631896863545448,0.5668889445685323,0.5730543749251782,0.579219805281824,0.58538523563847
2020_21_20201121_AVL_BRI,2020_21,2020-11-21,1,0.5442708333333333,0.4783805633380546,0.5442708333333333,0.5376818063338055,0.5277982658345136,0.511325698335694,0.49485313083687427,0.4783805633380546
2020_21_20201121_MUN_WBA,2020_21,2020-11-21,0,0.5816326530612244,0.6122132622802268,0.5816326530612244,0.5846907139831247,0.589277805365975,0.5969229576707256,0.6045681099754762,0.6122132622802268
2020_21_20201121_NEW_CHE,2020_21,2020-11-21,0,0.5743589743589743,0.6135808001395288,0.5743589743589743,0.5782811569370299,0.584164430804113,0.5939698872492516,0.6037753436943902,0.6135808001395288
2020_21_20201121_TOT_MCI,2020_21,2020-11-21,0,0.5969773299748111,0.6491429443046353,0.5969773299748111,0.6021938914077936,0.6100187335572671,0.6230601371397232,0.6361015407221793,0.6491429443046353
2020_21_20201122_FUL_EVE,2020_21,2020-11-22,1,0.5454545454545455,0.5441320661505149,0.5454545454545455,0.5453222975241424,0.5451239256285378,0.5447933058025303,0.5444626859765226,0.5441320661505149
2020_21_20201122_LEE_ARS,2020_21,2020-11-22,0,0.5743589743589743,0.6278181785203194,0.5743589743589743,0.5797048947751089,0.5877237753993105,0.6010885764396469,0.6144533774799832,0.6278181785203194
2020_21_20201122_LIV_LEI,2020_21,2020-11-22,1,0.6005025125628142,0.6005622829142272,0.6005025125628142,0.6005084895979556,0.6005174551506675,0.6005323977385206,0.6005473403263739,0.6005622829142272
2020_21_20201122_SHU_WHU,2020_21,2020-11-22,0,0.451948051948052,0.4431836998780189,0.451948051948052,0.4510716167410487,0.44975696393054376,0.4475658759130354,0.4453747878955272,0.4431836998780189
2020_21_20201123_BUR_CRY,2020_21,2020-11-23,0,0.39,0.3578332777180386,0.39,0.3867833277718039,0.38195831942950964,0.37391663885901927,0.3658749582885289,0.3578332777180386
2020_21_20201123_WOL_SOU,2020_21,2020-11-23,0,0.4282051282051282,0.3813992029382698,0.4282051282051282,0.4235245356784424,0.41650364688841357,0.404802165571699,0.3931006842549844,0.3813992029382698
2020_21_20201127_CRY_NEW,2020_21,2020-11-27,0,0.4075949367088607,0.3623708488421214,0.4075949367088607,0.4030725279221868,0.39628891474217587,0.384982892775491,0.37367687080880624,0.3623708488421214
2020_21_20201128_BRI_LIV,2020_21,2020-11-28,0,0.6030150753768844,0.6773338201615916,0.6030150753768844,0.6104469498553552,0.6215947615730611,0.6401744477692379,0.6587541339654148,0.6773338201615916
2020_21_20201128_EVE_LEE,2020_21,2020-11-28,0,0.5877862595419847,0.5435660886886656,0.5877862595419847,0.5833642424566527,0.5767312168286549,0.5656761741153251,0.5546211314019954,0.5435660886886656
2020_21_20201128_MCI_BUR,2020_21,2020-11-28,1,0.6539379474940334,0.6933118201229457,0.6539379474940334,0.6578753347569247,0.6637814156512615,0.6736248838084895,0.6834683519657176,0.6933118201229457
2020_21_20201128_WBA_SHU,2020_21,2020-11-28,0,0.4168797953964194,0.3984039643007776,0.4168797953964194,0.4150322122868552,0.412260837622509,0.4076418798485985,0.4030229220746881,0.3984039643007776
2020_21_20201129_ARS_WOL,2020_21,2020-11-29,1,0.4122137404580152,0.4458771826647531,0.4122137404580152,0.415580084678689,0.42062960100969965,0.4290454615613841,0.43746132211306865,0.4458771826647531
2020_21_20201129_CHE_TOT,2020_21,2020-11-29,0,0.5416666666666667,0.5214164030469899,0.5416666666666667,0.5396416403046991,0.5366041007617475,0.5315415348568283,0.5264789689519092,0.5214164030469899
2020_21_20201129_SOU_MUN,2020_21,2020-11-29,1,0.5261780104712042,0.5203919983912751,0.5261780104712042,0.5255994092632112,0.5247315074512219,0.5232850044312396,0.5218385014112574,0.5203919983912751
2020_21_20201130_LEI_FUL,2020_21,2020-11-30,1,0.5506493506493506,0.5510747516206859,0.5506493506493506,0.5506918907464842,0.5507557008921844,0.5508620511350182,0.550968401377852,0.5510747516206859
2020_21_20201130_WHU_AVL,2020_21,2020-11-30,1,0.5569948186528497,0.5012521039485337,0.5569948186528497,0.5514205471824182,0.5430591399767707,0.5291234613006917,0.5151877826246127,0.5012521039485337
2020_21_20201205_BUR_EVE,2020_21,2020-12-05,0,0.4738219895287958,0.5008733048007258,0.4738219895287958,0.47652712105598877,0.48058481834677824,0.48734764716476076,0.49411047598274327,0.5008733048007258
2020_21_20201205_CHE_LEE,2020_21,2020-12-05,1,0.6332518337408313,0.5819124834000319,0.6332518337408313,0.6281178987067514,0.6204169961556314,0.6075821585704315,0.5947473209852316,0.5819124834000319
2020_21_20201205_MCI_FUL,2020_21,2020-12-05,0,0.7280334728033473,0.720687450037689,0.7280334728033473,0.7272988705267815,0.7261969671119326,0.7243604614205181,0.7225239557291037,0.720687450037689
2020_21_20201205_WHU_MUN,2020_21,2020-12-05,1,0.548051948051948,0.5862141076113265,0.548051948051948,0.5518681640078859,0.5575924879417926,0.5671330278316373,0.5766735677214819,0.5862141076113265
2020_21_20201206_LIV_WOL,2020_21,2020-12-06,1,0.5454545454545455,0.5211960961615656,0.5454545454545455,0.5430287005252475,0.5393899331313006,0.5333253208080555,0.5272607084848105,0.5211960961615656
2020_21_20201206_SHU_LEI,2020_21,2020-12-06,1,0.4751958224543081,0.5080602887952737,0.4751958224543081,0.47848226908840463,0.4834119390395495,0.49162805562479084,0.49984417221003224,0.5080602887952737
2020_21_20201206_TOT_ARS,2020_21,2020-12-06,0,0.4973821989528796,0.5293179928711724,0.4973821989528796,0.5005757783447089,0.5053661474324529,0.5133500959120261,0.5213340443915992,0.5293179928711724
2020_21_20201206_WBA_CRY,2020_21,2020-12-06,1,0.4304123711340206,0.3990583358761222,0.4304123711340206,0.42727696760823075,0.42257386231954597,0.4147353535050714,0.40689684469059684,0.3990583358761222
2020_21_20201207_BRI_SOU,2020_21,2020-12-07,1,0.4921465968586388,0.461644041943461,0.4921465968586388,0.48909634136712105,0.4845209581298443,0.4768953194010499,0.4692696806722555,0.461644041943461
2020_21_20201211_LEE_WHU,2020_21,2020-12-11,1,0.6030150753768844,0.6387306121865317,0.6030150753768844,0.6065866290578492,0.6119439595792961,0.620872843781708,0.6298017279841199,0.6387306121865317
2020_21_20201212_EVE_CHE,2020_21,2020-12-12,0,0.5939086294416244,0.6254417002167499,0.5939086294416244,0.597061936519137,0.6017918971354057,0.6096751648291872,0.6175584325229686,0.6254417002167499
2020_21_20201212_MUN_MCI,2020_21,2020-12-12,0,0.5790816326530612,0.6368692943063123,0.5790816326530612,0.5848603988183864,0.593528548066374,0.6079754634796868,0.6224223788929996,0.6368692943063123
2020_21_20201212_NEW_WBA,2020_21,2020-12-12,1,0.4355670103092783,0.4230755658305534,0.4355670103092783,0.4343178658614058,0.43244414918959706,0.4293212880699159,0.42619842695023463,0.4230755658305534
2020_21_20201212_WOL_AVL,2020_21,2020-12-12,0,0.4661458333333333,0.3995674515081245,0.4661458333333333,0.4594879951508124,0.4495012378770311,0.4328566424207289,0.4162120469644267,0.3995674515081245
2020_21_20201213_ARS_BUR,2020_21,2020-12-13,0,0.5026178010471204,0.5361800163150144,0.5026178010471204,0.5059740225739098,0.5110083548640939,0.5193989086810674,0.5277894624980409,0.5361800163150144
2020_21_20201213_CRY_TOT,2020_21,2020-12-13,0,0.5013123359580053,0.5106103647123952,0.5013123359580053,0.5022421388334443,0.5036368431466027,0.5059613503352003,0.5082858575237977,0.5106103647123952
2020_21_20201213_FUL_LIV,2020_21,2020-12-13,0,0.6666666666666666,0.7391541500014042,0.6666666666666666,0.6739154150001404,0.6847885375003511,0.7029104083340354,0.7210322791677197,0.7391541500014042
2020_21_20201213_LEI_BRI,2020_21,2020-12-13,1,0.5,0.4693128326273157,0.5,0.4969312832627316,0.49232820815682893,0.48465641631365786,0.4769846244704868,0.4693128326273157
2020_21_20201213_SOU_SHU,2020_21,2020-12-13,1,0.4790575916230366,0.4189852742178583,0.4790575916230366,0.4730503598825188,0.46403951227174206,0.4490214329204475,0.43400335356915287,0.4189852742178583
2020_21_20201215_MCI_WBA,2020_21,2020-12-15,0,0.7045951859956237,0.7176153978187221,0.7045951859956237,0.7058972071779335,0.7078502389513983,0.7111052919071729,0.7143603448629474,0.7176153978187221
2020_21_20201215_WOL_CHE,2020_21,2020-12-15,1,0.4635416666666666,0.5162681773054323,0.4635416666666666,0.46881431773054316,0.476723294326358,0.4899049219860494,0.5030865496457408,0.5162681773054323
2020_21_20201216_ARS_SOU,2020_21,2020-12-16,0,0.5300261096605744,0.5634620510849297,0.5300261096605744,0.53336970380301,0.5383850950166633,0.5467440803727521,0.5551030657288409,0.5634620510849297
2020_21_20201216_FUL_BRI,2020_21,2020-12-16,0,0.4633507853403141,0.4536590335753283,0.4633507853403141,0.4623816101638155,0.46092784739906767,0.4585049094578212,0.4560819715165747,0.4536590335753283
2020_21_20201216_LEE_NEW,2020_21,2020-12-16,1,0.5468749999999999,0.587225410172814,0.5468749999999999,0.5509100410172812,0.5569626025432034,0.567050205086407,0.5771378076296105,0.587225410172814
2020_21_20201216_LEI_EVE,2020_21,2020-12-16,0,0.5621761658031088,0.5801858012297183,0.5621761658031088,0.5639771293457697,0.5666785746597611,0.5711809835164136,0.575683392373066,0.5801858012297183
2020_21_20201216_LIV_TOT,2020_21,2020-12-16,1,0.5743589743589743,0.5823659737833636,0.5743589743589743,0.5751596743014133,0.5763607242150717,0.578362474071169,0.5803642239272664,0.5823659737833636
2020_21_20201216_WHU_CRY,2020_21,2020-12-16,0,0.4829396325459317,0.44025776643254,0.4829396325459317,0.47867144593459254,0.4722691660175838,0.4615986994892358,0.4509282329608879,0.44025776643254
2020_21_20201217_AVL_BUR,2020_21,2020-12-17,0,0.5144356955380577,0.4936138436264669,0.5144356955380577,0.5123535103468986,0.50923023256016,0.5040247695822623,0.4988193066043646,0.4936138436264669
2020_21_20201217_SHU_MUN,2020_21,2020-12-17,1,0.5209424083769634,0.5869619337373982,0.5209424083769634,0.5275443609130068,0.5374472897170721,0.5539521710571809,0.5704570523972896,0.5869619337373982
2020_21_20201219_CRY_LIV,2020_21,2020-12-19,1,0.5888324873096447,0.6718872643774169,0.5888324873096447,0.5971379650164219,0.6095961815765877,0.6303598758435307,0.6511235701104738,0.6718872643774169
2020_21_20201219_EVE_ARS,2020_21,2020-12-19,1,0.518324607329843,0.5521235191709452,0.518324607329843,0.5217044985139532,0.5267743352901185,0.5352240632503941,0.5436737912106696,0.5521235191709452
2020_21_20201219_NEW_FUL,2020_21,2020-12-19,0,0.4455958549222798,0.3971741448317896,0.4455958549222798,0.4407536839132308,0.43349042739965726,0.4213849998770347,0.40927957235441215,0.3971741448317896
2020_21_20201219_SOU_MCI,2020_21,2020-12-19,0,0.6074999999999999,0.6764090562447032,0.6074999999999999,0.6143909056244703,0.6247272640611757,0.6419545281223515,0.6591817921835273,0.6764090562447032
2020_21_20201220_BRI_SHU,2020_21,2020-12-20,0,0.4293059125964009,0.4195311404633407,0.4293059125964009,0.42832843538309484,0.42686221956313586,0.4244185265298708,0.4219748334966058,0.4195311404633407
2020_21_20201220_MUN_LEE,2020_21,2020-12-20,1,0.6341463414634148,0.6282821418961552,0.6341463414634148,0.6335599215066888,0.6326802915715999,0.631214241679785,0.62974819178797,0.6282821418961552
2020_21_20201220_TOT_LEI,2020_21,2020-12-20,0,0.5352480417754569,0.5280720135436952,0.5352480417754569,0.5345304389522808,0.5334540347175165,0.531660027659576,0.5298660206016356,0.5280720135436952
2020_21_20201220_WBA_AVL,2020_21,2020-12-20,1,0.5454545454545455,0.5651356064296434,0.5454545454545455,0.5474226515520553,0.5503748106983201,0.5552950759420945,0.5602153411858689,0.5651356064296434
2020_21_20201221_BUR_WOL,2020_21,2020-12-21,1,0.3710073710073709,0.346276388818473,0.3710073710073709,0.3685342727884811,0.36482462546014643,0.35864187991292196,0.3524591343656975,0.346276388818473
2020_21_20201221_CHE_WHU,2020_21,2020-12-21,1,0.6115288220551378,0.6110948393570464,0.6115288220551378,0.6114854237853287,0.6114203263806149,0.6113118307060921,0.6112033350315693,0.6110948393570464
2020_21_20201226_ARS_CHE,2020_21,2020-12-26,1,0.5,0.5644311694806085,0.5,0.5064431169480609,0.5161077923701521,0.5322155847403043,0.5483233771104563,0.5644311694806085
2020_21_20201226_AVL_CRY,2020_21,2020-12-26,1,0.5378590078328982,0.4743473876756786,0.5378590078328982,0.5315078458171762,0.5219811027935933,0.5061031977542884,0.4902252927149835,0.4743473876756786
2020_21_20201226_FUL_SOU,2020_21,2020-12-26,0,0.4855643044619423,0.4713277529147043,0.4855643044619423,0.4841406493072185,0.4820051665751328,0.4784460286883233,0.4748868908015138,0.4713277529147043
2020_21_20201226_LEI_MUN,2020_21,2020-12-26,1,0.5670103092783505,0.5466732386123777,0.5670103092783505,0.5649766022117532,0.5619260416118573,0.5568417739453642,0.5517575062788709,0.5466732386123777
2020_21_20201226_MCI_NEW,2020_21,2020-12-26,0,0.6977777777777777,0.6992936306375398,0.6977777777777777,0.697929363063754,0.6981567409927183,0.6985357042076588,0.6989146674225992,0.6992936306375398
2020_21_20201226_SHU_EVE,2020_21,2020-12-26,0,0.4895287958115184,0.5496024334226784,0.4895287958115184,0.4955361595726344,0.5045472052143084,0.5195656146170984,0.5345840240198885,0.5496024334226784
2020_21_20201227_LEE_BUR,2020_21,2020-12-27,0,0.5969773299748111,0.5836122683384175,0.5969773299748111,0.5956408238111718,0.5936360645657127,0.5902947991566143,0.5869535337475159,0.5836122683384175
2020_21_20201227_LIV_WBA,2020_21,2020-12-27,0,0.6971046770601336,0.6379595407581835,0.6971046770601336,0.6911901634299387,0.682318392984646,0.6675321089091586,0.652745824833671,0.6379595407581835
2020_21_20201227_WHU_BRI,2020_21,2020-12-27,1,0.4921465968586388,0.4805999858982867,0.4921465968586388,0.49099193576260364,0.4892599441185508,0.48637329137846275,0.4834866386383747,0.4805999858982867
2020_21_20201227_WOL_TOT,2020_21,2020-12-27,0,0.4329896907216495,0.4686704171358685,0.4329896907216495,0.4365577633630714,0.44190987232520423,0.45083005392875897,0.45975023553231376,0.4686704171358685
2020_21_20201228_CHE_AVL,2020_21,2020-12-28,0,0.6125,0.6207142853613039,0.6125,0.6133214285361304,0.6145535713403261,0.616607142680652,0.6186607140209779,0.6207142853613039
2020_21_20201228_CRY_LEI,2020_21,2020-12-28,0,0.5078534031413613,0.5088510748548464,0.5078534031413613,0.5079531703127098,0.5081028210697326,0.5083522389981039,0.5086016569264751,0.5088510748548464
2020_21_20201229_BRI_ARS,2020_21,2020-12-29,0,0.4673629242819843,0.5272615850643398,0.4673629242819843,0.4733527903602198,0.48233758947757316,0.4973122546731621,0.512286919868751,0.5272615850643398
2020_21_20201229_BUR_SHU,2020_21,2020-12-29,0,0.3924999999999999,0.3688809766062962,0.3924999999999999,0.3901380976606295,0.386595244151574,0.38069048830314806,0.37478573245472213,0.3688809766062962
2020_21_20201229_MUN_WOL,2020_21,2020-12-29,0,0.4973821989528796,0.4366396274385619,0.4973821989528796,0.4913079418014479,0.48219655607430023,0.46701091319572074,0.45182527031714126,0.4366396274385619
2020_21_20201229_SOU_WHU,2020_21,2020-12-29,0,0.5026178010471204,0.4735961223160543,0.5026178010471204,0.4997156331740138,0.49536238136435384,0.48810696168158735,0.48085154199882085,0.4735961223160543
2020_21_20201229_WBA_LEE,2020_21,2020-12-29,1,0.5903307888040712,0.6022879753852182,0.5903307888040712,0.5915265074621859,0.5933200854493579,0.5963093820946447,0.5992986787399315,0.6022879753852182
2020_21_20201230_NEW_LIV,2020_21,2020-12-30,0,0.6341463414634148,0.6848808535707944,0.6341463414634148,0.6392197926741527,0.6468299694902597,0.6595135975171046,0.6721972255439496,0.6848808535707944
2020_21_20210101_EVE_WHU,2020_21,2021-01-01,0,0.486910994764398,0.4624898756513891,0.486910994764398,0.4844688828530971,0.48080571498614577,0.4747004352078935,0.4685951554296413,0.4624898756513891
2020_21_20210101_MUN_AVL,2020_21,2021-01-01,1,0.6169154228855721,0.5969102866047235,0.6169154228855721,0.6149149092574873,0.6119141388153599,0.6069128547451478,0.6019115706749356,0.5969102866047235
2020_21_20210102_BRI_WOL,2020_21,2021-01-02,1,0.3909774436090226,0.3983529750235556,0.3909774436090226,0.39171499675047594,0.3928213264626559,0.3946652093162891,0.3965090921699223,0.3983529750235556
2020_21_20210102_CRY_SHU,2020_21,2021-01-02,0,0.423076923076923,0.4239866584642185,0.423076923076923,0.4231678966156526,0.4233043569237469,0.4235317907705708,0.4237592246173947,0.4239866584642185
2020_21_20210102_TOT_LEE,2020_21,2021-01-02,1,0.6595744680851063,0.6831864286617992,0.6595744680851063,0.6619356641427757,0.6654774582292795,0.6713804483734528,0.677283438517626,0.6831864286617992
2020_21_20210102_WBA_ARS,2020_21,2021-01-02,1,0.518324607329843,0.6051843118785468,0.518324607329843,0.5270105777847134,0.5400395334670189,0.5617544596041949,0.5834693857413709,0.6051843118785468
2020_21_20210103_CHE_MCI,2020_21,2021-01-03,1,0.5520833333333334,0.6520961482836815,0.5520833333333334,0.5620846148283682,0.5770865370709204,0.6020897408085074,0.6270929445460944,0.6520961482836815
2020_21_20210103_NEW_LEI,2020_21,2021-01-03,1,0.5130890052356021,0.5355968418325558,0.5130890052356021,0.5153397888952975,0.5187159643848405,0.524342923534079,0.5299698826833175,0.5355968418325558
2020_21_20210104_SOU_LIV,2020_21,2021-01-04,0,0.5841836734693877,0.6488033700623651,0.5841836734693877,0.5906456431286855,0.6003385976176321,0.6164935217658765,0.6326484459141207,0.6488033700623651
2020_21_20210112_BUR_MUN,2020_21,2021-01-12,0,0.5592783505154639,0.5726008104130315,0.5592783505154639,0.5606105965052206,0.5626089654898558,0.5659395804642477,0.5692701954386397,0.5726008104130315
2020_21_20210112_SHU_NEW,2020_21,2021-01-12,0,0.3811881188118812,0.3536208692365336,0.3811881188118812,0.37843139385434643,0.37429630641804434,0.3674044940242074,0.3605126816303704,0.3536208692365336
2020_21_20210112_WOL_EVE,2020_21,2021-01-12,1,0.399497487437186,0.4152018353801353,0.399497487437186,0.4010679222314809,0.4034235744229233,0.40734966140866063,0.41127574839439796,0.4152018353801353
2020_21_20210113_MCI_BRI,2020_21,2021-01-13,0,0.6407766990291263,0.6451332300294668,0.6407766990291263,0.6412123521291603,0.6418658317792114,0.6429549645292965,0.6440440972793816,0.6451332300294668
2020_21_20210113_TOT_FUL,2020_21,2021-01-13,0,0.5681233933161953,0.5983489393570209,0.5681233933161953,0.5711459479202778,0.5756797798264017,0.5832361663366081,0.5907925528468145,0.5983489393570209
2020_21_20210114_ARS_CRY,2020_21,2021-01-14,0,0.5104712041884817,0.4445349922222145,0.5104712041884817,0.5038775829918549,0.49398715119691494,0.4775030982053481,0.46101904521378123,0.4445349922222145
2020_21_20210116_FUL_CHE,2020_21,2021-01-16,0,0.5390625,0.5809893018752433,0.5390625,0.5432551801875244,0.5495442004688108,0.5600259009376216,0.5705076014064325,0.5809893018752433
2020_21_20210116_LEE_BRI,2020_21,2021-01-16,0,0.5888324873096447,0.5467149468177216,0.5888324873096447,0.5846207332604524,0.5783031021866639,0.5677737170636832,0.5572443319407023,0.5467149468177216
2020_21_20210116_LEI_SOU,2020_21,2021-01-16,0,0.5078534031413613,0.5221093381706776,0.5078534031413613,0.509278996644293,0.5114173868986904,0.5149813706560195,0.5185453544133485,0.5221093381706776
2020_21_20210116_WHU_BUR,2020_21,2021-01-16,0,0.4531249999999999,0.4677467018848677,0.4531249999999999,0.4545871701884867,0.45678042547121683,0.4604358509424338,0.4640912764136508,0.4677467018848677
2020_21_20210116_WOL_WBA,2020_21,2021-01-16,1,0.4183673469387755,0.3857465022805657,0.4183673469387755,0.4151052624729545,0.41021213577422305,0.4020569246096706,0.3939017134451181,0.3857465022805657
2020_21_20210117_LIV_MUN,2020_21,2021-01-17,0,0.5681233933161953,0.5600735102720614,0.5681233933161953,0.5673184050117819,0.5661109225551618,0.5640984517941283,0.5620859810330949,0.5600735102720614
2020_21_20210117_MCI_CRY,2020_21,2021-01-17,1,0.637469586374696,0.6268000950813026,0.637469586374696,0.6364026372453566,0.6348022135513476,0.6321348407279993,0.629467467904651,0.6268000950813026
2020_21_20210117_SHU_TOT,2020_21,2021-01-17,1,0.4673629242819843,0.5059596064793743,0.4673629242819843,0.47122259250172327,0.4770120948313318,0.48666126538067933,0.4963104359300268,0.5059596064793743
2020_21_20210118_ARS_NEW,2020_21,2021-01-18,1,0.5338541666666666,0.5501584473179753,0.5338541666666666,0.5354845947317975,0.5379302368294938,0.5420063069923209,0.5460823771551481,0.5501584473179753
2020_21_20210119_LEI_CHE,2020_21,2021-01-19,0,0.5065274151436031,0.5145746632072745,0.5065274151436031,0.5073321399499703,0.5085392271595209,0.5105510391754389,0.5125628511913567,0.5145746632072745
2020_21_20210119_WHU_WBA,2020_21,2021-01-19,1,0.5052356020942408,0.5013780151130454,0.5052356020942408,0.5048498433961213,0.504271205348942,0.5033068086036431,0.5023424118583442,0.5013780151130454
2020_21_20210120_FUL_MUN,2020_21,2021-01-20,1,0.5518134715025906,0.6193158393351006,0.5518134715025906,0.5585637082858417,0.5686890634607181,0.5855646554188456,0.6024402473769731,0.6193158393351006
2020_21_20210120_MCI_AVL,2020_21,2021-01-20,0,0.6416464891041161,0.6217492860963959,0.6416464891041161,0.6396567688033441,0.6366721883521861,0.631697887600256,0.626723586848326,0.6217492860963959
2020_21_20210121_LIV_BUR,2020_21,2021-01-21,0,0.6246913580246914,0.6391393276325488,0.6246913580246914,0.6261361549854771,0.6283033504266557,0.6319153428286202,0.6355273352305845,0.6391393276325488
2020_21_20210123_AVL_NEW,2020_21,2021-01-23,0,0.5655526992287918,0.5931209042346193,0.5655526992287918,0.5683095197293746,0.5724447504802487,0.5793368017317055,0.5862288529831624,0.5931209042346193
2020_21_20210126_CRY_WHU,2020_21,2021-01-26,1,0.4344473007712082,0.4554656814541785,0.4344473007712082,0.43654913883950525,0.43970189594195075,0.4449564911126933,0.4502110862834359,0.4554656814541785
2020_21_20210126_NEW_LEE,2020_21,2021-01-26,1,0.5717948717948719,0.5913347693400417,0.5717948717948719,0.5737488615493889,0.5766798461811643,0.5815648205674568,0.5864497949537493,0.5913347693400417
2020_21_20210126_SOU_ARS,2020_21,2021-01-26,1,0.5352480417754569,0.6343712676060734,0.5352480417754569,0.5451603643585186,0.560028848233111,0.5848096546907652,0.6095904611484193,0.6343712676060734
2020_21_20210126_WBA_MCI,2020_21,2021-01-26,1,0.606516290726817,0.6945638798976947,0.606516290726817,0.6153210496439048,0.6285281880195365,0.6505400853122558,0.6725519826049753,0.6945638798976947
2020_21_20210127_BRI_FUL,2020_21,2021-01-27,0,0.440721649484536,0.4242175349251714,0.440721649484536,0.43907123802859954,0.43659562084469483,0.4324695922048537,0.4283435635650126,0.4242175349251714
2020_21_20210127_BUR_AVL,2020_21,2021-01-27,1,0.5026178010471204,0.5129656547118158,0.5026178010471204,0.5036525864135899,0.5052047644632942,0.5077917278794681,0.510378691295642,0.5129656547118158
2020_21_20210127_CHE_WOL,2020_21,2021-01-27,0,0.4934725848563968,0.5270237835760221,0.4934725848563968,0.49682770472835935,0.5018603845363031,0.5102481842162094,0.5186359838961158,0.5270237835760221
2020_21_20210127_EVE_LEI,2020_21,2021-01-27,0,0.4699738903394256,0.4522579590617396,0.4699738903394256,0.468202297211657,0.4655449075200041,0.4611159247005826,0.4566869418811611,0.4522579590617396
2020_21_20210127_MUN_SHU,2020_21,2021-01-27,1,0.5743589743589743,0.5921858003088324,0.5743589743589743,0.5761416569539601,0.5788156808464389,0.5832723873339034,0.587729093821368,0.5921858003088324
2020_21_20210128_TOT_LIV,2020_21,2021-01-28,1,0.53125,0.612553154810651,0.53125,0.5393803154810651,0.5515757887026628,0.5719015774053255,0.5922273661079882,0.612553154810651
2020_21_20210130_ARS_MUN,2020_21,2021-01-30,0,0.5248041775456919,0.5131954970094816,0.5248041775456919,0.5236433094920708,0.5219020074116393,0.5189998372775868,0.5160976671435342,0.5131954970094816
2020_21_20210130_CRY_WOL,2020_21,2021-01-30,0,0.3880597014925373,0.363722609852538,0.3880597014925373,0.3856259923285374,0.3819754285825375,0.37589115567253767,0.36980688276253787,0.363722609852538
2020_21_20210130_EVE_NEW,2020_21,2021-01-30,0,0.4804177545691906,0.4909241753289429,0.4804177545691906,0.48146839664516583,0.4830443597591287,0.48567096494906675,0.4882975701390048,0.4909241753289429
2020_21_20210130_MCI_SHU,2020_21,2021-01-30,0,0.6383495145631067,0.6171316456372578,0.6383495145631067,0.6362277276705218,0.6330450473316445,0.6277405801001823,0.62243611286872,0.6171316456372578
2020_21_20210130_SOU_AVL,2020_21,2021-01-30,0,0.5618556701030928,0.5737826268262197,0.5618556701030928,0.5630483657754055,0.5648374092838745,0.5678191484646562,0.570800887645438,0.5737826268262197
2020_21_20210130_WBA_FUL,2020_21,2021-01-30,1,0.4381443298969071,0.4342237299377391,0.4381443298969071,0.43775226990099037,0.43716417990711515,0.4361840299173231,0.43520387992753107,0.4342237299377391
2020_21_20210131_BRI_TOT,2020_21,2021-01-31,0,0.4687499999999999,0.5116390689356178,0.4687499999999999,0.47303890689356165,0.47947226723390435,0.49019453446780886,0.5009168017017134,0.5116390689356178
2020_21_20210131_CHE_BUR,2020_21,2021-01-31,0,0.548051948051948,0.5770221869396222,0.548051948051948,0.5509489719407155,0.5552945077738665,0.562537067495785,0.5697796272177036,0.5770221869396222
2020_21_20210131_LEI_LEE,2020_21,2021-01-31,1,0.5924050632911392,0.6050992960841184,0.5924050632911392,0.5936744865704371,0.5955786214893839,0.5987521796876287,0.6019257378858736,0.6050992960841184
2020_21_20210131_WHU_LIV,2020_21,2021-01-31,1,0.5790816326530612,0.6501120209956538,0.5790816326530612,0.5861846714873205,0.5968392297387094,0.6145968268243576,0.6323544239100056,0.6501120209956538
2020_21_20210202_MUN_SOU,2020_21,2021-02-02,1,0.605,0.6384484968278136,0.605,0.6083448496827814,0.6133621242069534,0.6217242484139067,0.6300863726208602,0.6384484968278136
2020_21_20210202_NEW_CRY,2020_21,2021-02-02,1,0.4219948849104858,0.4288510176048903,0.4219948849104858,0.42268049817992626,0.42370891808408695,0.42542295125768803,0.42713698443128917,0.4288510176048903
2020_21_20210202_SHU_WBA,2020_21,2021-02-02,1,0.4183673469387755,0.3904956582497426,0.4183673469387755,0.4155801780698722,0.41139942476651725,0.40443150259425903,0.3974635804220008,0.3904956582497426
2020_21_20210202_WOL_ARS,2020_21,2021-02-02,1,0.4194373401534527,0.4475972816368809,0.4194373401534527,0.42225333430179557,0.4264773255243097,0.43351731089516676,0.4405572962660238,0.4475972816368809
2020_21_20210203_AVL_WHU,2020_21,2021-02-03,1,0.5607235142118864,0.5916872806132986,0.5607235142118864,0.5638198908520277,0.5684644558122395,0.5762053974125925,0.5839463390129455,0.5916872806132986
2020_21_20210203_BUR_MCI,2020_21,2021-02-03,0,0.5841836734693877,0.696321723098704,0.5841836734693877,0.5953974784323194,0.6122181858767168,0.6402526982840459,0.668287210691375,0.696321723098704
2020_21_20210203_FUL_LEI,2020_21,2021-02-03,0,0.4778067885117493,0.5063758487522844,0.4778067885117493,0.4806636945358028,0.484949053571883,0.4920913186320168,0.49923358369215065,0.5063758487522844
2020_21_20210203_LEE_EVE,2020_21,2021-02-03,1,0.578005115089514,0.570606127158395,0.578005115089514,0.5772652162964022,0.5761553681067343,0.5743056211239546,0.5724558741411747,0.570606127158395
2020_21_20210203_LIV_BRI,2020_21,2021-02-03,0,0.5852417302798981,0.6130183937030765,0.5852417302798981,0.5880193966222159,0.5921858961356927,0.5991300619914873,0.6060742278472819,0.6130183937030765
2020_21_20210204_TOT_CHE,2020_21,2021-02-04,0,0.486910994764398,0.5258682997170717,0.486910994764398,0.49080672525966534,0.49665032100256645,0.5063896472407349,0.5161289734789033,0.5258682997170717
2020_21_20210206_AVL_ARS,2020_21,2021-02-06,0,0.5644329896907216,0.6313438999071858,0.5644329896907216,0.5711240807123681,0.5811607172448376,0.5978884447989536,0.6146161723530696,0.6313438999071858
2020_21_20210206_BUR_BRI,2020_21,2021-02-06,0,0.3924999999999999,0.412095015780058,0.3924999999999999,0.3944595015780057,0.39739875394501445,0.40229750789002894,0.4071962618350435,0.412095015780058
2020_21_20210206_FUL_WHU,2020_21,2021-02-06,0,0.4790575916230366,0.5024581602887459,0.4790575916230366,0.48139764848960753,0.48490773378946395,0.49075787595589127,0.4966080181223186,0.5024581602887459
2020_21_20210206_MUN_EVE,2020_21,2021-02-06,1,0.5655526992287918,0.5481887032796556,0.5655526992287918,0.5638162996338782,0.5612117002415078,0.5568707012542238,0.5525297022669398,0.5481887032796556
2020_21_20210206_NEW_SOU,2020_21,2021-02-06,1,0.4790575916230366,0.4648067932395502,0.4790575916230366,0.477632511784688,0.475494892027165,0.4719321924312934,0.4683694928354218,0.4648067932395502
2020_21_20210207_LIV_MCI,2020_21,2021-02-07,1,0.5607235142118864,0.6443811988637529,0.5607235142118864,0.569089282677073,0.5816379353748531,0.6025523565378197,0.6234667777007863,0.6443811988637529
2020_21_20210207_SHU_CHE,2020_21,2021-02-07,1,0.5078534031413613,0.5789843637535377,0.5078534031413613,0.514966499202579,0.5256361432944054,0.5434188834474495,0.5612016236004935,0.5789843637535377
2020_21_20210207_TOT_WBA,2020_21,2021-02-07,0,0.5454545454545455,0.5640067866959816,0.5454545454545455,0.5473097695786892,0.5500926057649046,0.5547306660752636,0.5593687263856225,0.5640067866959816
2020_21_20210207_WOL_LEI,2020_21,2021-02-07,0,0.4293059125964009,0.4222787288428022,0.4293059125964009,0.428603194221041,0.4275491166580012,0.42579232071960155,0.4240355247812019,0.4222787288428022
2020_21_20210208_LEE_CRY,2020_21,2021-02-08,0,0.578005115089514,0.587846989468122,0.578005115089514,0.5789893025273748,0.580465583684166,0.582926052278818,0.58538652087347,0.587846989468122
2020_21_20210213_BRI_AVL,2020_21,2021-02-13,0,0.5364583333333334,0.53069753321822,0.5364583333333334,0.535882253321822,0.5350181333045549,0.5335779332757766,0.5321377332469983,0.53069753321822
2020_21_20210213_CRY_BUR,2020_21,2021-02-13,1,0.3969849246231156,0.3619806321215654,0.3969849246231156,0.39348449537296054,0.38823385149772804,0.37948277837234046,0.370731705246953,0.3619806321215654
2020_21_20210213_LEI_LIV,2020_21,2021-02-13,1,0.5518134715025906,0.611467988005098,0.5518134715025906,0.5577789231528414,0.5667271006282175,0.5816407297538444,0.5965543588794713,0.611467988005098
2020_21_20210213_MCI_TOT,2020_21,2021-02-13,1,0.589873417721519,0.6006690837946392,0.589873417721519,0.590952984328831,0.592572334239799,0.5952712507580791,0.5979701672763592,0.6006690837946392
2020_21_20210214_ARS_LEE,2020_21,2021-02-14,1,0.5994962216624685,0.6136139245784072,0.5994962216624685,0.6009079919540623,0.6030256473914531,0.6065550731204379,0.6100844988494226,0.6136139245784072
2020_21_20210214_EVE_FUL,2020_21,2021-02-14,0,0.4804177545691906,0.4532464433190702,0.4804177545691906,0.4777006234441786,0.4736249267566605,0.4668320989441304,0.4600392711316003,0.4532464433190702
2020_21_20210214_SOU_WOL,2020_21,2021-02-14,1,0.4158163265306122,0.4733133690677437,0.4158163265306122,0.42156603078432536,0.430190587164895,0.44456484779917793,0.45893910843346086,0.4733133690677437
2020_21_20210214_WBA_MUN,2020_21,2021-02-14,0,0.6169154228855721,0.6326383182456042,0.6169154228855721,0.6184877124215753,0.6208461467255801,0.6247768705655882,0.6287075944055962,0.6326383182456042
2020_21_20210215_CHE_NEW,2020_21,2021-02-15,0,0.595959595959596,0.6249271394370337,0.595959595959596,0.5988563503073399,0.6032014818289555,0.6104433676983149,0.6176852535676742,0.6249271394370337
2020_21_20210215_WHU_SHU,2020_21,2021-02-15,1,0.468586387434555,0.4268639624919261,0.468586387434555,0.46441414494029215,0.45815578119889777,0.44772517496324055,0.4372945687275833,0.4268639624919261
2020_21_20210217_BUR_FUL,2020_21,2021-02-17,0,0.4158163265306122,0.3832755927567839,0.4158163265306122,0.41256225315322936,0.4076811430871551,0.39954595964369805,0.391410776200241,0.3832755927567839
2020_21_20210217_EVE_MCI,2020_21,2021-02-17,1,0.5805626598465473,0.6593746276052821,0.5805626598465473,0.5884438566224208,0.600265651786231,0.6199686437259146,0.6396716356655984,0.6593746276052821
2020_21_20210219_WOL_LEE,2020_21,2021-02-19,0,0.5078534031413613,0.4926143701291189,0.5078534031413613,0.5063294998401371,0.5040436448883007,0.50023388663524,0.4964241283821795,0.4926143701291189
2020_21_20210220_BUR_WBA,2020_21,2021-02-20,0,0.4329896907216495,0.4307964077604231,0.4329896907216495,0.43277036242552686,0.4324413699813429,0.43189304924103633,0.4313447285007297,0.4307964077604231
2020_21_20210220_FUL_SHU,2020_21,2021-02-20,0,0.4040404040404041,0.3953021345498326,0.4040404040404041,0.40316657709134696,0.40185583666776126,0.3996712692951183,0.3974867019224755,0.3953021345498326
2020_21_20210220_LIV_EVE,2020_21,2021-02-20,0,0.595959595959596,0.6252938423636392,0.595959595959596,0.5988930206000004,0.6032931575606069,0.6106267191616176,0.6179602807626283,0.6252938423636392
2020_21_20210220_SOU_CHE,2020_21,2021-02-20,0,0.5091383812010444,0.6326360621316867,0.5091383812010444,0.5214881492941086,0.5400128014337049,0.5708872216663655,0.6017616418990261,0.6326360621316867
2020_21_20210221_ARS_MCI,2020_21,2021-02-21,0,0.5416666666666667,0.5983637348466385,0.5416666666666667,0.5473363734846639,0.5558409337116597,0.5700152007566526,0.5841894678016455,0.5983637348466385
2020_21_20210221_AVL_LEI,2020_21,2021-02-21,1,0.5404699738903395,0.5627043721460462,0.5404699738903395,0.5426934137159101,0.5460285734542661,0.5515871730181928,0.5571457725821195,0.5627043721460462
2020_21_20210221_MUN_NEW,2020_21,2021-02-21,1,0.6090225563909775,0.584822365380234,0.6090225563909775,0.6066025372899032,0.6029725086382915,0.5969224608856057,0.5908724131329199,0.584822365380234
2020_21_20210221_WHU_TOT,2020_21,2021-02-21,1,0.4816753926701571,0.4948595693466617,0.4816753926701571,0.4829938103378075,0.48497143683928323,0.4882674810084094,0.49156352517753554,0.4948595693466617
2020_21_20210222_BRI_CRY,2020_21,2021-02-22,1,0.4304123711340206,0.412169374924125,0.4304123711340206,0.428588071513031,0.4258516220815467,0.42129087302907275,0.41673012397659887,0.412169374924125
2020_21_20210223_LEE_SOU,2020_21,2021-02-23,1,0.5743589743589743,0.5567434361904793,0.5743589743589743,0.5725974205421248,0.5699550898168506,0.5655512052747268,0.561147320732603,0.5567434361904793
2020_21_20210227_LEE_AVL,2020_21,2021-02-27,0,0.5924050632911392,0.6029542796539965,0.5924050632911392,0.5934599849274249,0.5950423673818535,0.5976796714725678,0.6003169755632822,0.6029542796539965
2020_21_20210227_MCI_WHU,2020_21,2021-02-27,1,0.6212871287128713,0.5884710354730267,0.6212871287128713,0.6180055193888869,0.6130831054029102,0.604879082092949,0.5966750587829879,0.5884710354730267
2020_21_20210227_NEW_WOL,2020_21,2021-02-27,0,0.4050632911392405,0.399394936227112,0.4050632911392405,0.40449645564802766,0.4036462024112084,0.40222911368317626,0.4008120249551441,0.399394936227112
2020_21_20210227_WBA_BRI,2020_21,2021-02-27,0,0.4455958549222798,0.4211321214333493,0.4455958549222798,0.44314948157338674,0.4394799215500472,0.4333639881778146,0.427248054805582,0.4211321214333493
2020_21_20210228_CHE_MUN,2020_21,2021-02-28,0,0.4947643979057591,0.4838958241210693,0.4947643979057591,0.4936775405272901,0.4920472544595867,0.48933011101341417,0.4866129675672417,0.4838958241210693
2020_21_20210228_CRY_FUL,2020_21,2021-02-28,0,0.4060913705583756,0.3754910450486443,0.4060913705583756,0.40303133800740243,0.3984412891809428,0.39079120780350995,0.3831411264260771,0.3754910450486443
2020_21_20210228_LEI_ARS,2020_21,2021-02-28,1,0.4856396866840731,0.5106770879907948,0.4856396866840731,0.4881434268147453,0.49189903701075355,0.49815838733743395,0.5044177376641144,0.5106770879907948
2020_21_20210228_SHU_LIV,2020_21,2021-02-28,0,0.5743589743589743,0.6628583670274221,0.5743589743589743,0.5832089136258192,0.5964838225260862,0.6186086706931981,0.64073351886031,0.6628583670274221
2020_21_20210228_TOT_BUR,2020_21,2021-02-28,1,0.5117493472584856,0.5529326231835652,0.5117493472584856,0.5158676748509936,0.5220451662397556,0.5323409852210255,0.5426368042022953,0.5529326231835652
2020_21_20210301_EVE_SOU,2020_21,2021-03-01,0,0.486910994764398,0.4482290091164462,0.486910994764398,0.4830427961996028,0.47724049835241006,0.4675700019404221,0.4578995055284341,0.4482290091164462
2020_21_20210302_MCI_WOL,2020_21,2021-03-02,1,0.5544041450777203,0.552778580280958,0.5544041450777203,0.5542415885980441,0.5539977538785297,0.5535913626793392,0.5531849714801487,0.552778580280958
2020_21_20210303_BUR_LEI,2020_21,2021-03-03,0,0.4545454545454546,0.4603646678010568,0.4545454545454546,0.4551273758710148,0.45600025785935516,0.4574550611732557,0.4589098644871562,0.4603646678010568
2020_21_20210303_CRY_MUN,2020_21,2021-03-03,0,0.5390625,0.5706348306490326,0.5390625,0.5422197330649032,0.5469555826622582,0.5548486653245164,0.5627417479867745,0.5706348306490326
2020_21_20210303_SHU_AVL,2020_21,2021-03-03,0,0.441860465116279,0.4560575205651314,0.441860465116279,0.44328017066116426,0.4454097289784921,0.4489589928407052,0.4525082567029183,0.4560575205651314
2020_21_20210304_FUL_TOT,2020_21,2021-03-04,0,0.4738219895287958,0.5189691149218113,0.4738219895287958,0.4783367020680973,0.4851087708770496,0.4963955522253035,0.5076823335735574,0.5189691149218113
2020_21_20210304_LIV_CHE,2020_21,2021-03-04,0,0.5352480417754569,0.6271084853916804,0.5352480417754569,0.5444340861370793,0.5582131526795128,0.5811782635835687,0.6041433744876246,0.6271084853916804
2020_21_20210304_WBA_EVE,2020_21,2021-03-04,0,0.4895287958115184,0.505728140474499,0.4895287958115184,0.49114873027781647,0.4935786319772636,0.4976284681430087,0.5016783043087538,0.505728140474499
2020_21_20210306_AVL_WOL,2020_21,2021-03-06,0,0.4481865284974093,0.4747107844651186,0.4481865284974093,0.4508389540941803,0.4548175924893366,0.461448656481264,0.4680797204731913,0.4747107844651186
2020_21_20210306_BRI_LEI,2020_21,2021-03-06,1,0.4329896907216495,0.4496940672266622,0.4329896907216495,0.43466012837215073,0.4371657848479027,0.4413418789741559,0.445517973100409,0.4496940672266622
2020_21_20210306_BUR_ARS,2020_21,2021-03-06,0,0.4960835509138382,0.5324072439880901,0.4960835509138382,0.4997159202212634,0.5051644741824012,0.5142453974509642,0.5233263207195271,0.5324072439880901
2020_21_20210306_SHU_SOU,2020_21,2021-03-06,0,0.4267352185089973,0.4674080235345084,0.4267352185089973,0.43080249901154843,0.43690341976537506,0.44707162102175285,0.45723982227813065,0.4674080235345084
2020_21_20210307_LIV_FUL,2020_21,2021-03-07,0,0.5633074935400517,0.6059025191989811,0.5633074935400517,0.5675669961059446,0.5739562499547841,0.5846050063695164,0.5952537627842487,0.6059025191989811
2020_21_20210307_MCI_MUN,2020_21,2021-03-07,0,0.5544041450777203,0.5400786917269362,0.5544041450777203,0.5529715997426419,0.5508227817400242,0.5472414184023282,0.5436600550646322,0.5400786917269362
2020_21_20210307_TOT_CRY,2020_21,2021-03-07,1,0.518324607329843,0.5184249247770157,0.518324607329843,0.5183346390745602,0.5183496866916362,0.5183747660534294,0.5183998454152225,0.5184249247770157
2020_21_20210307_WBA_NEW,2020_21,2021-03-07,0,0.423076923076923,0.4106588758157511,0.423076923076923,0.4218351183508059,0.4199724112616301,0.41686789944633706,0.41376338763104403,0.4106588758157511
2020_21_20210308_CHE_EVE,2020_21,2021-03-08,0,0.4947643979057591,0.5496672662007314,0.4947643979057591,0.5002546847352564,0.5084901149795023,0.5222158320532453,0.5359415491269883,0.5496672662007314
2020_21_20210308_WHU_LEE,2020_21,2021-03-08,0,0.5743589743589743,0.5710847605979433,0.5743589743589743,0.5740315529828712,0.5735404209187166,0.5727218674784589,0.571903314038201,0.5710847605979433
2020_21_20210310_MCI_SOU,2020_21,2021-03-10,1,0.6317073170731708,0.6846942517295576,0.6317073170731708,0.6370060105388096,0.6449540507372675,0.6582007844013642,0.6714475180654609,0.6846942517295576
2020_21_20210312_NEW_AVL,2020_21,2021-03-12,0,0.4219948849104858,0.4176973246912583,0.4219948849104858,0.42156512888856307,0.42092049485567895,0.41984610480087203,0.41877171474606517,0.4176973246912583
2020_21_20210313_CRY_WBA,2020_21,2021-03-13,0,0.4030226700251889,0.4456574381763279,0.4030226700251889,0.4072861468403028,0.4136813620629736,0.42434005410075837,0.43499874613854317,0.4456574381763279
2020_21_20210313_EVE_BUR,2020_21,2021-03-13,1,0.4571428571428572,0.4542038775107262,0.4571428571428572,0.4568489591796441,0.4564081122348244,0.4556733673267917,0.45493862241875893,0.4542038775107262
2020_21_20210313_FUL_MCI,2020_21,2021-03-13,1,0.5364583333333334,0.6322265590516747,0.5364583333333334,0.5460351559051675,0.5604003897629186,0.584342446192504,0.6082845026220893,0.6322265590516747
2020_21_20210313_LEE_CHE,2020_21,2021-03-13,0,0.5390625,0.6198716888826226,0.5390625,0.5471434188882622,0.5592647972206557,0.5794670944413113,0.5996693916619669,0.6198716888826226
2020_21_20210314_ARS_TOT,2020_21,2021-03-14,1,0.5013054830287206,0.5435885065627606,0.5013054830287206,0.5055337853821246,0.5118762389122307,0.5224469947957406,0.5330177506792506,0.5435885065627606
2020_21_20210314_LEI_SHU,2020_21,2021-03-14,1,0.4751958224543081,0.4691277299892913,0.4751958224543081,0.47458901320780644,0.4736787993380539,0.47216177622179967,0.4706447531055455,0.4691277299892913
2020_21_20210314_MUN_WHU,2020_21,2021-03-14,0,0.5065274151436031,0.5193176998074933,0.5065274151436031,0.5078064436099922,0.5097249863095756,0.5129225574755483,0.5161201286415208,0.5193176998074933
2020_21_20210314_SOU_BRI,2020_21,2021-03-14,1,0.4075949367088607,0.3588702014584796,0.4075949367088607,0.4027224631838226,0.39541375289626546,0.38323256908367015,0.37105138527107484,0.3588702014584796
2020_21_20210315_WOL_LIV,2020_21,2021-03-15,0,0.486910994764398,0.5813726924935032,0.486910994764398,0.4963571645373085,0.5105264191966743,0.5341418436289506,0.5577572680612269,0.5813726924935032
2020_21_20210319_FUL_LEE,2020_21,2021-03-19,1,0.4661458333333333,0.5107290346702056,0.4661458333333333,0.47060415346702056,0.4772916336675514,0.4884374340017694,0.4995832343359875,0.5107290346702056
2020_21_20210320_BRI_NEW,2020_21,2021-03-20,1,0.4219948849104858,0.4541731886687039,0.4219948849104858,0.4252127152863076,0.43003946085004036,0.43808403678959484,0.44612861272914933,0.4541731886687039
2020_21_20210321_AVL_TOT,2020_21,2021-03-21,0,0.5157068062827225,0.5967067014287,0.5157068062827225,0.5238067957973203,0.5359567800692169,0.5562067538557112,0.5764567276422056,0.5967067014287
2020_21_20210321_WHU_ARS,2020_21,2021-03-21,1,0.4895287958115184,0.5007298086648418,0.4895287958115184,0.4906488970968508,0.4923290490248493,0.49512930223818014,0.49792955545151096,0.5007298086648418
2020_21_20210403_ARS_LIV,2020_21,2021-04-03,1,0.5364583333333334,0.6209725136380283,0.5364583333333334,0.5449097513638028,0.557586878409507,0.5787154234856808,0.5998439685618546,0.6209725136380283
2020_21_20210403_CHE_WBA,2020_21,2021-04-03,1,0.5506493506493506,0.6334570028848595,0.5506493506493506,0.5589301158729015,0.5713512637082279,0.5920531767671051,0.6127550898259824,0.6334570028848595
2020_21_20210403_LEE_SHU,2020_21,2021-04-03,1,0.5274151436031332,0.5417450489520385,0.5274151436031332,0.5288481341380238,0.5309976199403595,0.5345800962775858,0.5381625726148122,0.5417450489520385
2020_21_20210403_LEI_MCI,2020_21,2021-04-03,0,0.5013054830287206,0.5229429634636912,0.5013054830287206,0.5034692310722176,0.5067148531374632,0.5121242232462059,0.5175335933549485,0.5229429634636912
2020_21_20210404_AVL_FUL,2020_21,2021-04-04,1,0.4329896907216495,0.4302590325353588,0.4329896907216495,0.43271662490302043,0.4323070261750768,0.43162436162850415,0.4309416970819315,0.4302590325353588
2020_21_20210404_MUN_BRI,2020_21,2021-04-04,1,0.4973821989528796,0.4646421243512584,0.4973821989528796,0.4941081914927175,0.48919718030247433,0.481012161652069,0.47282714300166373,0.4646421243512584
2020_21_20210404_NEW_TOT,2020_21,2021-04-04,1,0.5078534031413613,0.58111377554826,0.5078534031413613,0.5151794403820512,0.5261684962430859,0.5444835893448107,0.5627986824465354,0.58111377554826
2020_21_20210404_SOU_BUR,2020_21,2021-04-04,1,0.4441558441558441,0.4107213342312298,0.4441558441558441,0.44081239316338267,0.4357972166746905,0.42743858919353694,0.4190799617123834,0.4107213342312298
2020_21_20210405_EVE_CRY,2020_21,2021-04-05,0,0.4122137404580152,0.3877207419986597,0.4122137404580152,0.4097644406120796,0.4060904908431763,0.39996724122833743,0.3938439916134986,0.3877207419986597
2020_21_20210405_WOL_WHU,2020_21,2021-04-05,1,0.3969849246231156,0.4024282168136667,0.3969849246231156,0.3975292538421707,0.39834574767075337,0.3997065707183911,0.40106739376602896,0.4024282168136667
2020_21_20210409_FUL_WOL,2020_21,2021-04-09,0,0.364963503649635,0.3725648021180542,0.364963503649635,0.3657236334964769,0.3668638282667398,0.36876415288384456,0.3706644775009494,0.3725648021180542
2020_21_20210410_CRY_CHE,2020_21,2021-04-10,1,0.4583333333333333,0.5062494482123273,0.4583333333333333,0.46312494482123273,0.4703123620530818,0.48229139077283034,0.4942704194925788,0.5062494482123273
2020_21_20210410_LIV_AVL,2020_21,2021-04-10,1,0.589873417721519,0.6017209621289006,0.589873417721519,0.5910581721622572,0.5928353038233645,0.5957971899252098,0.5987590760270551,0.6017209621289006
2020_21_20210410_MCI_LEE,2020_21,2021-04-10,1,0.6466346153846154,0.6208985503762224,0.6466346153846154,0.6440610088837762,0.6402005991325171,0.6337665828804189,0.6273325666283207,0.6208985503762224
2020_21_20210411_BUR_NEW,2020_21,2021-04-11,1,0.399497487437186,0.403625981124883,0.399497487437186,0.3999103368059557,0.40052961085911026,0.4015617342810345,0.40259385770295875,0.403625981124883
2020_21_20210411_SHU_ARS,2020_21,2021-04-11,1,0.4751958224543081,0.5373248279319749,0.4751958224543081,0.48140872300207477,0.4907280738237248,0.5062603251931415,0.5217925765625582,0.5373248279319749
2020_21_20210411_TOT_MUN,2020_21,2021-04-11,1,0.5130890052356021,0.5286138266336463,0.5130890052356021,0.5146414873754065,0.5169702105851132,0.5208514159346243,0.5247326212841352,0.5286138266336463
2020_21_20210411_WHU_LEI,2020_21,2021-04-11,1,0.4882506527415144,0.4715008028058808,0.4882506527415144,0.4865756677479511,0.484063190257606,0.4798757277736976,0.47568826528978925,0.4715008028058808
2020_21_20210412_BRI_EVE,2020_21,2021-04-12,0,0.4318766066838046,0.4620442991111154,0.4318766066838046,0.43489337592653565,0.4394185297906323,0.44696045289746,0.4545023760042877,0.4620442991111154
2020_21_20210412_WBA_SOU,2020_21,2021-04-12,1,0.4699738903394256,0.4865795648775666,0.4699738903394256,0.4716344577932397,0.4741253089739608,0.4782767276084961,0.4824281462430313,0.4865795648775666
2020_21_20210416_EVE_TOT,2020_21,2021-04-16,1,0.5117493472584856,0.5616637480499282,0.5117493472584856,0.51674078733763,0.5242279474563463,0.536706547654207,0.5491851478520676,0.5616637480499282
2020_21_20210417_NEW_WHU,2020_21,2021-04-17,1,0.5065274151436031,0.4936183543107735,0.5065274151436031,0.5052365090603201,0.5033001499353957,0.5000728847271882,0.4968456195189809,0.4936183543107735
2020_21_20210417_WOL_SHU,2020_21,2021-04-17,0,0.4086294416243655,0.4015530957415066,0.4086294416243655,0.4079218070360796,0.40686035515365077,0.40509126868293605,0.4033221822122213,0.4015530957415066
2020_21_20210418_ARS_FUL,2020_21,2021-04-18,0,0.4673629242819843,0.391607313434548,0.4673629242819843,0.4597873631972407,0.4484240215701252,0.4294851188582661,0.4105462161464071,0.391607313434548
2020_21_20210418_MUN_BUR,2020_21,2021-04-18,1,0.5428571428571429,0.5146258826021642,0.5428571428571429,0.5400340168316451,0.5357993277933982,0.5287415127296535,0.5216836976659089,0.5146258826021642
2020_21_20210419_LEE_LIV,2020_21,2021-04-19,0,0.6246913580246914,0.727389391165509,0.6246913580246914,0.6349611613387732,0.6503658663098958,0.6760403745951002,0.7017148828803047,0.727389391165509
2020_21_20210420_CHE_BRI,2020_21,2021-04-20,0,0.441860465116279,0.4072651858596881,0.441860465116279,0.43840093719061995,0.4332116453021313,0.4245628254879835,0.4159140056738358,0.4072651858596881
2020_21_20210421_AVL_MCI,2020_21,2021-04-21,1,0.5681233933161953,0.6633170028863128,0.5681233933161953,0.577642754273207,0.5919217957087247,0.6157201981012541,0.6395186004937834,0.6633170028863128
2020_21_20210421_TOT_SOU,2020_21,2021-04-21,1,0.5454545454545455,0.5355999713156677,0.5454545454545455,0.5444690880406577,0.5429909019198261,0.5405272583851066,0.5380636148503871,0.5355999713156677
2020_21_20210422_LEI_WBA,2020_21,2021-04-22,1,0.4960835509138382,0.470758891119599,0.4960835509138382,0.4935510849344143,0.4897523859652784,0.4834212210167186,0.4770900560681588,0.470758891119599
2020_21_20210423_ARS_EVE,2020_21,2021-04-23,0,0.4791666666666667,0.4878453760063673,0.4791666666666667,0.48003453760063675,0.4813363440015918,0.483506021336517,0.48567569867144217,0.4878453760063673
2020_21_20210424_LIV_NEW,2020_21,2021-04-24,0,0.6188118811881189,0.6274197151295645,0.6188118811881189,0.6196726645822636,0.6209638396734803,0.6231157981588418,0.6252677566442031,0.6274197151295645
2020_21_20210424_SHU_BRI,2020_21,2021-04-24,0,0.4050632911392405,0.429102891299083,0.4050632911392405,0.40746725115522475,0.41107319117920116,0.41708309121916176,0.42309299125912236,0.429102891299083
2020_21_20210424_WHU_CHE,2020_21,2021-04-24,0,0.4791666666666667,0.482420677041581,0.4791666666666667,0.47949206770415814,0.4799801692603952,0.4807936718541238,0.48160717444785245,0.482420677041581
2020_21_20210425_AVL_WBA,2020_21,2021-04-25,1,0.4921465968586388,0.4979101865504588,0.4921465968586388,0.49272295582782083,0.49358749428159376,0.4950283917045488,0.4964692891275039,0.4979101865504588
2020_21_20210425_LEE_MUN,2020_21,2021-04-25,0,0.6015037593984962,0.6508195192623156,0.6015037593984962,0.6064353353848781,0.6138326993644511,0.6261616393304059,0.6384905792963608,0.6508195192623156
2020_21_20210425_WOL_BUR,2020_21,2021-04-25,1,0.4122137404580152,0.3826135945146704,0.4122137404580152,0.4092537258636807,0.404813703972179,0.39741366748634277,0.39001363100050657,0.3826135945146704
2020_21_20210426_LEI_CRY,2020_21,2021-04-26,1,0.4673629242819843,0.4019903078648267,0.4673629242819843,0.46082566264026853,0.4510197701776949,0.43467661607340546,0.41833346196911614,0.4019903078648267
2020_21_20210430_SOU_LEI,2020_21,2021-04-30,0,0.5143603133159269,0.529843328118557,0.5143603133159269,0.5159086147961899,0.5182310670165844,0.522101820717242,0.5259725744178996,0.529843328118557
2020_21_20210501_BRI_LEE,2020_21,2021-05-01,0,0.5013054830287206,0.5179351766519265,0.5013054830287206,0.5029684523910412,0.5054629064345221,0.5096203298403235,0.513777753246125,0.5179351766519265
2020_21_20210501_CHE_FUL,2020_21,2021-05-01,0,0.4699738903394256,0.430276013707569,0.4699738903394256,0.46600410267623993,0.4600494211814614,0.45012495202349734,0.44020048286553315,0.430276013707569
2020_21_20210501_CRY_MCI,2020_21,2021-05-01,0,0.5555555555555556,0.6582594788475754,0.5555555555555556,0.5658259478847576,0.5812315363785605,0.6069075172015654,0.6325834980245704,0.6582594788475754
2020_21_20210501_EVE_AVL,2020_21,2021-05-01,1,0.5013054830287206,0.4986456013420112,0.5013054830287206,0.5010394948600496,0.5006405126070432,0.4999755421853659,0.49931057176368854,0.4986456013420112
2020_21_20210502_NEW_ARS,2020_21,2021-05-02,0,0.5364583333333334,0.5714419284954397,0.5364583333333334,0.5399566928495441,0.5452042321238599,0.5539501309143866,0.5626960297049132,0.5714419284954397
2020_21_20210502_TOT_SHU,2020_21,2021-05-02,1,0.5644329896907216,0.5590192787314251,0.5644329896907216,0.563891618594792,0.5630795619508975,0.5617261342110733,0.5603727064712491,0.5590192787314251
2020_21_20210503_BUR_WHU,2020_21,2021-05-03,1,0.5026178010471204,0.4510744899108456,0.5026178010471204,0.4974634699334929,0.4897319732630517,0.47684614547898296,0.4639603176949143,0.4510744899108456
2020_21_20210503_WBA_WOL,2020_21,2021-05-03,0,0.4344473007712082,0.4217647897956476,0.4344473007712082,0.4331790496736522,0.43127667302731804,0.4281060452834279,0.42493541753953773,0.4217647897956476
2020_21_20210507_LEI_NEW,2020_21,2021-05-07,1,0.5518134715025906,0.5533985639562956,0.5518134715025906,0.5519719807479612,0.5522097446160169,0.5526060177294432,0.5530022908428693,0.5533985639562956
2020_21_20210508_LEE_TOT,2020_21,2021-05-08,1,0.5826972010178116,0.6353679305147075,0.5826972010178116,0.5879642739675013,0.5958648833920356,0.6090325657662596,0.6222002481404836,0.6353679305147075
2020_21_20210508_LIV_SOU,2020_21,2021-05-08,0,0.6466346153846154,0.6628126732427202,0.6466346153846154,0.6482524211704259,0.6506791298491417,0.6547236443136678,0.658768158778194,0.6628126732427202
2020_21_20210508_MCI_CHE,2020_21,2021-05-08,1,0.4307692307692307,0.3998315361091655,0.4307692307692307,0.42767546130322415,0.4230348071042144,0.41530038343919806,0.40756595977418175,0.3998315361091655
2020_21_20210508_SHU_CRY,2020_21,2021-05-08,0,0.4158163265306122,0.4140083953526457,0.4158163265306122,0.41563553341281556,0.4153643437361205,0.414912360941629,0.4144603781471373,0.4140083953526457
2020_21_20210509_ARS_WBA,2020_21,2021-05-09,1,0.5428571428571429,0.5175355668824405,0.5428571428571429,0.5403249852596728,0.5365267488634673,0.5301963548697917,0.523865960876116,0.5175355668824405
2020_21_20210509_AVL_MUN,2020_21,2021-05-09,1,0.5518134715025906,0.5859724795454245,0.5518134715025906,0.555229372306874,0.5603532235132991,0.5688929755240075,0.577432727534716,0.5859724795454245
2020_21_20210509_WHU_EVE,2020_21,2021-05-09,0,0.5026178010471204,0.5023889099966087,0.5026178010471204,0.5025949119420692,0.5025605782844924,0.5025033555218645,0.5024461327592367,0.5023889099966087
2020_21_20210509_WOL_BRI,2020_21,2021-05-09,1,0.4075949367088607,0.4116472743591247,0.4075949367088607,0.40800017047388715,0.4086080211214267,0.40962110553399267,0.4106341899465587,0.4116472743591247
2020_21_20210510_FUL_BUR,2020_21,2021-05-10,0,0.4673629242819843,0.4744239428618098,0.4673629242819843,0.4680690261399668,0.46912817892694064,0.47089343357189706,0.4726586882168534,0.4744239428618098
2020_21_20210511_MUN_LEI,2020_21,2021-05-11,1,0.4908616187989557,0.4686015027840502,0.4908616187989557,0.4886356071974651,0.4852965897952293,0.4797315607915029,0.47416653178777657,0.4686015027840502
2020_21_20210511_SOU_CRY,2020_21,2021-05-11,1,0.4973958333333334,0.4908184586969036,0.4973958333333334,0.4967380958696904,0.49575148967422594,0.4941071460151185,0.4924628023560111,0.4908184586969036
2020_21_20210512_CHE_ARS,2020_21,2021-05-12,0,0.4687499999999999,0.5005703216385871,0.4687499999999999,0.4719320321638586,0.47670508040964665,0.4846601608192935,0.4926152412289403,0.5005703216385871
2020_21_20210513_AVL_EVE,2020_21,2021-05-13,0,0.5208333333333334,0.5773947657659684,0.5208333333333334,0.5264894765765968,0.5349736914414921,0.5491140495496509,0.5632544076578097,0.5773947657659684
2020_21_20210513_MUN_LIV,2020_21,2021-05-13,1,0.5644329896907216,0.6323287035741229,0.5644329896907216,0.5712225610790618,0.581406918161572,0.5983808466324223,0.6153547751032726,0.6323287035741229
2020_21_20210514_NEW_MCI,2020_21,2021-05-14,1,0.619753086419753,0.6935181318030167,0.619753086419753,0.6271295909580794,0.6381943477655689,0.6566356091113849,0.6750768704572008,0.6935181318030167
2020_21_20210515_BRI_WHU,2020_21,2021-05-15,0,0.4725848563968668,0.4908939568833231,0.4725848563968668,0.4744157664455125,0.47716213151848086,0.48173940664009496,0.48631668176170906,0.4908939568833231
2020_21_20210515_BUR_LEE,2020_21,2021-05-15,1,0.5728900255754477,0.5661936043118848,0.5728900255754477,0.5722203834490913,0.5712159202595569,0.5695418149436662,0.5678677096277756,0.5661936043118848
2020_21_20210515_SOU_FUL,2020_21,2021-05-15,1,0.4856396866840731,0.4637632235394085,0.4856396866840731,0.48345204036960665,0.48017057089790693,0.4747014551117408,0.4692323393255747,0.4637632235394085
2020_21_20210516_CRY_AVL,2020_21,2021-05-16,1,0.4934725848563968,0.5049782623277833,0.4934725848563968,0.49462315260353545,0.49634900422424344,0.49922542359209005,0.5021018429599367,0.5049782623277833
2020_21_20210516_EVE_SHU,2020_21,2021-05-16,0,0.518324607329843,0.5467140861594596,0.518324607329843,0.5211635552128047,0.5254219770372471,0.5325193467446513,0.5396167164520554,0.5467140861594596
2020_21_20210516_TOT_WOL,2020_21,2021-05-16,0,0.5169712793733681,0.5247481325391441,0.5169712793733681,0.5177489646899457,0.5189154926648121,0.5208597059562561,0.5228039192477001,0.5247481325391441
2020_21_20210516_WBA_LIV,2020_21,2021-05-16,1,0.664319248826291,0.7293994764654215,0.664319248826291,0.670827271590204,0.6805893057360737,0.6968593626458562,0.7131294195556388,0.7293994764654215
2020_21_20210518_BRI_MCI,2020_21,2021-05-18,1,0.5376623376623377,0.6263431278890154,0.5376623376623377,0.5465304166850056,0.5598325352190071,0.5820027327756765,0.604172930332346,0.6263431278890154
2020_21_20210518_CHE_LEI,2020_21,2021-05-18,1,0.4470284237726098,0.4425485991330655,0.4470284237726098,0.4465804413086554,0.44590846761272374,0.44478851145283765,0.44366855529295157,0.4425485991330655
2020_21_20210518_MUN_FUL,2020_21,2021-05-18,0,0.6025,0.6121774215471516,0.6025,0.6034677421547152,0.604919355386788,0.6073387107735758,0.6097580661603637,0.6121774215471516
2020_21_20210518_SOU_LEE,2020_21,2021-05-18,0,0.6341463414634148,0.6229530553759244,0.6341463414634148,0.6330270128546658,0.6313480199415422,0.6285496984196696,0.6257513768977969,0.6229530553759244
2020_21_20210519_BUR_LIV,2020_21,2021-05-19,1,0.705240174672489,0.7593226845305043,0.705240174672489,0.7106484256582906,0.7187608021369929,0.7322814296014967,0.7458020570660004,0.7593226845305043
2020_21_20210519_CRY_ARS,2020_21,2021-05-19,1,0.5503875968992248,0.6200922766941215,0.5503875968992248,0.5573580648787145,0.5678137668479489,0.5852399367966732,0.6026661067453973,0.6200922766941215
2020_21_20210519_EVE_WOL,2020_21,2021-05-19,0,0.4559585492227979,0.4921776586539029,0.4559585492227979,0.45958046016590837,0.46501332658057415,0.4740681039383504,0.4831228812961267,0.4921776586539029
2020_21_20210519_NEW_SHU,2020_21,2021-05-19,0,0.5286458333333333,0.5282399248024253,0.5286458333333333,0.5286052424802424,0.5285443562006062,0.5284428790678792,0.5283414019351522,0.5282399248024253
2020_21_20210519_TOT_AVL,2020_21,2021-05-19,1,0.619753086419753,0.5861204373092626,0.619753086419753,0.6163898215087039,0.6113449241421305,0.6029367618645078,0.5945285995868852,0.5861204373092626
2020_21_20210519_WBA_WHU,2020_21,2021-05-19,1,0.589873417721519,0.6426803469377429,0.589873417721519,0.5951541106431414,0.603075150025575,0.616276882329631,0.6294786146336869,0.6426803469377429
2020_21_20210523_ARS_BRI,2020_21,2021-05-23,0,0.5592783505154639,0.5281837704877717,0.5592783505154639,0.5561688925126946,0.5515047055085409,0.5437310605016178,0.5359574154946947,0.5281837704877717
2020_21_20210523_AVL_CHE,2020_21,2021-05-23,1,0.5692307692307692,0.6253847491499496,0.5692307692307692,0.5748461672226873,0.5832692642105644,0.5973077591903594,0.6113462541701544,0.6253847491499496
2020_21_20210523_FUL_NEW,2020_21,2021-05-23,0,0.5790816326530612,0.6198398145857524,0.5790816326530612,0.5831574508463303,0.5892711781362341,0.5994607236194068,0.6096502691025796,0.6198398145857524
2020_21_20210523_LEE_WBA,2020_21,2021-05-23,1,0.6736111111111112,0.6612475736229544,0.6736111111111112,0.6723747573622955,0.670520226739072,0.6674293423670328,0.6643384579949936,0.6612475736229544
2020_21_20210523_LEI_TOT,2020_21,2021-05-23,1,0.5969773299748111,0.6479372848452011,0.5969773299748111,0.6020733254618502,0.6097173186924086,0.6224573074100062,0.6351972961276036,0.6479372848452011
2020_21_20210523_LIV_CRY,2020_21,2021-05-23,0,0.6935123042505593,0.6777775447893924,0.6935123042505593,0.6919388283044428,0.6895786143852677,0.6856449245199758,0.6817112346546841,0.6777775447893924
2020_21_20210523_MCI_EVE,2020_21,2021-05-23,1,0.5877862595419847,0.6084219352674127,0.5877862595419847,0.5898498271145275,0.5929451784733417,0.5981040974046987,0.6032630163360557,0.6084219352674127
2020_21_20210523_SHU_BUR,2020_21,2021-05-23,0,0.5492227979274612,0.5740599297828378,0.5492227979274612,0.5517065111129988,0.5554320808913054,0.5616413638551495,0.5678506468189937,0.5740599297828378
2020_21_20210523_WHU_SOU,2020_21,2021-05-23,1,0.5862944162436549,0.6147335743847219,0.5862944162436549,0.5891383320577616,0.5934042057789216,0.6005139953141884,0.6076237848494551,0.6147335743847219
2020_21_20210523_WOL_MUN,2020_21,2021-05-23,1,0.5503875968992248,0.6171860922556918,0.5503875968992248,0.5570674464348715,0.5670872207383415,0.5837868445774583,0.600486468416575,0.6171860922556918
2021_22_20210813_BRE_ARS,2021_22,2021-08-13,0,0.4447300771208226,0.4907724211909805,0.4447300771208226,0.4493343115278384,0.4562406631383621,0.46775124915590155,0.479261835173441,0.4907724211909805
2021_22_20210814_BUR_BRI,2021_22,2021-08-14,1,0.3895781637717121,0.4036278368233554,0.3895781637717121,0.39098313107687643,0.39309058203462294,0.39660300029753376,0.4001154185604446,0.4036278368233554
2021_22_20210814_CHE_CRY,2021_22,2021-08-14,1,0.5350649350649351,0.5091617654597579,0.5350649350649351,0.5324746181044174,0.5285891426636409,0.5221133502623465,0.5156375578610521,0.5091617654597579
2021_22_20210814_EVE_SOU,2021_22,2021-08-14,1,0.4637305699481865,0.48006677669795,0.4637305699481865,0.46536419062316287,0.4678146216356274,0.47189867332306823,0.4759827250105091,0.48006677669795
2021_22_20210814_LEI_WOL,2021_22,2021-08-14,0,0.4701298701298701,0.5018017636285812,0.4701298701298701,0.4732970594797412,0.4780478435045479,0.4859658168792257,0.49388379025390344,0.5018017636285812
2021_22_20210814_MUN_LEE,2021_22,2021-08-14,1,0.5812182741116751,0.5867264657021999,0.5812182741116751,0.5817690932707277,0.5825953220093063,0.5839723699069375,0.5853494178045686,0.5867264657021999
2021_22_20210814_NOR_LIV,2021_22,2021-08-14,1,0.6301703163017031,0.6966416174039638,0.6301703163017031,0.6368174464119292,0.6467881415772683,0.6634059668528334,0.6800237921283986,0.6966416174039638
2021_22_20210814_WAT_AVL,2021_22,2021-08-14,1,0.4727272727272727,0.4576693314689048,0.4727272727272727,0.47122147860143593,0.46896278741268077,0.46519830209808877,0.46143381678349676,0.4576693314689048
2021_22_20210815_NEW_WHU,2021_22,2021-08-15,1,0.4935064935064935,0.5219995577208776,0.4935064935064935,0.4963557999279319,0.5006297595600895,0.5077530256136855,0.5148762916672815,0.5219995577208776
2021_22_20210815_TOT_MCI,2021_22,2021-08-15,0,0.5207253886010362,0.5443697179482212,0.5207253886010362,0.5230898215357548,0.5266364709378324,0.5325475532746287,0.5384586356114249,0.5443697179482212
2021_22_20210821_AVL_NEW,2021_22,2021-08-21,0,0.5414507772020726,0.5259776472782339,0.5414507772020726,0.5399034642096887,0.5375824947211129,0.5337142122401533,0.5298459297591936,0.5259776472782339
2021_22_20210821_BRI_WAT,2021_22,2021-08-21,0,0.4271099744245524,0.3876844694911518,0.4271099744245524,0.42316742393121237,0.4172535981912023,0.4073972219578521,0.39754084572450193,0.3876844694911518
2021_22_20210821_CRY_BRE,2021_22,2021-08-21,0,0.4111675126903554,0.4906447653239506,0.4111675126903554,0.41911523795371497,0.43103682584875425,0.45090613900715304,0.47077545216555183,0.4906447653239506
2021_22_20210821_LEE_EVE,2021_22,2021-08-21,1,0.5641025641025641,0.5658838763366042,0.5641025641025641,0.564280695325968,0.5645478921610741,0.5649932202195842,0.5654385482780941,0.5658838763366042
2021_22_20210821_LIV_BUR,2021_22,2021-08-21,0,0.6188118811881189,0.5770568221466871,0.6188118811881189,0.6146363752839759,0.6083731164277609,0.5979343516674029,0.5874955869070451,0.5770568221466871
2021_22_20210821_MCI_NOR,2021_22,2021-08-21,1,0.7105831533477323,0.6780617351100577,0.7105831533477323,0.7073310115239648,0.7024527987883136,0.694322444228895,0.6861920896694764,0.6780617351100577
2021_22_20210822_ARS_CHE,2021_22,2021-08-22,0,0.4637305699481865,0.4662811890269367,0.4637305699481865,0.46398563185606156,0.4643682247178741,0.4650058794875616,0.46564353425724914,0.4662811890269367
2021_22_20210822_SOU_MUN,2021_22,2021-08-22,0,0.5567010309278351,0.5655623013583194,0.5567010309278351,0.5575871579708835,0.5589163485354561,0.5611316661430772,0.5633469837506984,0.5655623013583194
2021_22_20210822_WOL_TOT,2021_22,2021-08-22,0,0.4271099744245524,0.4583649733215696,0.4271099744245524,0.43023547431425413,0.4349237241488067,0.442737473873061,0.4505512235973153,0.4583649733215696
2021_22_20210823_WHU_LEI,2021_22,2021-08-23,1,0.53125,0.5102595284855501,0.53125,0.5291509528485551,0.5260023821213875,0.520754764242775,0.5155071463641626,0.5102595284855501
2021_22_20210828_AVL_BRE,2021_22,2021-08-28,0,0.4883116883116883,0.569016851991807,0.4883116883116883,0.4963822046797002,0.508487979231718,0.5286642701517477,0.5488405610717774,0.569016851991807
2021_22_20210828_BRI_EVE,2021_22,2021-08-28,0,0.4296675191815857,0.4172850712236994,0.4296675191815857,0.42842927438579703,0.42657190719211413,0.4234762952026425,0.42038068321317096,0.4172850712236994
2021_22_20210828_LIV_CHE,2021_22,2021-08-28,0,0.4753246753246753,0.4629186283170676,0.4753246753246753,0.47408407062391456,0.4722231635727734,0.46912165182087145,0.4660201400689695,0.4629186283170676
2021_22_20210828_MCI_ARS,2021_22,2021-08-28,1,0.609452736318408,0.588963663577313,0.609452736318408,0.6074038290442986,0.6043304681331343,0.5992081999478605,0.5940859317625867,0.588963663577313
2021_22_20210828_NEW_SOU,2021_22,2021-08-28,1,0.5259067357512953,0.5571808061639836,0.5259067357512953,0.5290341427925641,0.5337252533544674,0.5415437709576394,0.5493622885608115,0.5571808061639836
2021_22_20210828_NOR_LEI,2021_22,2021-08-28,1,0.533678756476684,0.577036362247469,0.533678756476684,0.5380145170537625,0.5445181579193802,0.5553575593620765,0.5661969608047728,0.577036362247469
2021_22_20210828_WHU_CRY,2021_22,2021-08-28,1,0.5090909090909091,0.4675737362027323,0.5090909090909091,0.5049391918020915,0.4987116158688649,0.4883323226468207,0.47795302942477647,0.4675737362027323
2021_22_20210829_BUR_LEE,2021_22,2021-08-29,0,0.5414507772020726,0.5804367306649981,0.5414507772020726,0.5453493725483651,0.5511972655678039,0.5609437539335353,0.5706902422992668,0.5804367306649981
2021_22_20210829_TOT_WAT,2021_22,2021-08-29,0,0.5194805194805195,0.49026367404487,0.5194805194805195,0.5165588349369545,0.5121763081216071,0.5048720967626947,0.4975678854037824,0.49026367404487
2021_22_20210829_WOL_MUN,2021_22,2021-08-29,0,0.4765625,0.5088219786550995,0.4765625,0.47978844786550995,0.48462736966377484,0.49269223932754974,0.5007571089913246,0.5088219786550995
2021_22_20210911_ARS_NOR,2021_22,2021-09-11,0,0.5592783505154639,0.5541636280150345,0.5592783505154639,0.5587668782654209,0.5579996698903565,0.5567209892652492,0.5554423086401419,0.5541636280150345
2021_22_20210911_BRE_BRI,2021_22,2021-09-11,0,0.3895781637717121,0.3652262871672549,0.3895781637717121,0.3871429761112664,0.3834901946205978,0.37740222546948354,0.37131425631836923,0.3652262871672549
2021_22_20210911_CHE_AVL,2021_22,2021-09-11,1,0.5376623376623377,0.508785517367802,0.5376623376623377,0.5347746556328842,0.5304431325887038,0.5232239275150699,0.5160047224414359,0.508785517367802
2021_22_20210911_CRY_TOT,2021_22,2021-09-11,1,0.4573643410852713,0.5316180369129138,0.4573643410852713,0.46478971066803554,0.4759277650421819,0.4944911889990925,0.5130546129560032,0.5316180369129138
2021_22_20210911_LEI_MCI,2021_22,2021-09-11,0,0.5515463917525772,0.6270147862263841,0.5515463917525772,0.5590932311999579,0.570413490371029,0.5892805889894807,0.6081476876079324,0.6270147862263841
2021_22_20210911_MUN_NEW,2021_22,2021-09-11,1,0.6595744680851063,0.6542817005980787,0.6595744680851063,0.6590451913364036,0.6582512762133494,0.6569280843415926,0.6556048924698356,0.6542817005980787
2021_22_20210911_SOU_WHU,2021_22,2021-09-11,0,0.5555555555555556,0.5694221490115288,0.5555555555555556,0.5569422149011529,0.5590222039195489,0.5624888522835422,0.5659555006475354,0.5694221490115288
2021_22_20210911_WAT_WOL,2021_22,2021-09-11,0,0.416243654822335,0.4452518800030253,0.416243654822335,0.41914447734040405,0.4234957111175076,0.43074776741268017,0.4379998237078527,0.4452518800030253
2021_22_20210912_LEE_LIV,2021_22,2021-09-12,1,0.6084788029925187,0.6700293520163486,0.6084788029925187,0.6146338578949018,0.6238664402484762,0.6392540775044336,0.6546417147603911,0.6700293520163486
2021_22_20210913_EVE_BUR,2021_22,2021-09-13,1,0.4817708333333334,0.4697138724949992,0.4817708333333334,0.4805651372495,0.47875659312374985,0.47574235291416633,0.47272811270458276,0.4697138724949992
2021_22_20210917_NEW_LEE,2021_22,2021-09-17,0,0.5812182741116751,0.5898915487868287,0.5812182741116751,0.5820856015791905,0.5833865927804636,0.585554911449252,0.5877232301180404,0.5898915487868287
2021_22_20210918_AVL_EVE,2021_22,2021-09-18,1,0.4791666666666667,0.4749805360850246,0.4791666666666667,0.4787480536085025,0.47812013402125614,0.47707360137584565,0.47602706873043515,0.4749805360850246
2021_22_20210918_BUR_ARS,2021_22,2021-09-18,0,0.4727272727272727,0.5365016372630054,0.4727272727272727,0.479104709180846,0.4886708638612059,0.504614454995139,0.5205580461290722,0.5365016372630054
2021_22_20210918_LIV_CRY,2021_22,2021-09-18,1,0.6341463414634148,0.6145712567704266,0.6341463414634148,0.632188832994116,0.6292525702901677,0.6243587991169206,0.6194650279436736,0.6145712567704266
2021_22_20210918_MCI_SOU,2021_22,2021-09-18,0,0.6810933940774488,0.6300132977042869,0.6810933940774488,0.6759853844401327,0.6683233699841584,0.6555533458908679,0.6427833217975774,0.6300132977042869
2021_22_20210918_NOR_WAT,2021_22,2021-09-18,1,0.4547803617571059,0.4803316470120467,0.4547803617571059,0.4573354902826,0.46116818307084106,0.46755600438457634,0.4739438256983115,0.4803316470120467
2021_22_20210918_WOL_BRE,2021_22,2021-09-18,0,0.3851851851851852,0.3997154777401082,0.3851851851851852,0.3866382144406775,0.3888177583239159,0.3924503314626467,0.3960829046013774,0.3997154777401082
2021_22_20210919_BRI_LEI,2021_22,2021-09-19,1,0.440721649484536,0.4548876245354165,0.440721649484536,0.44213824698962406,0.44426314324725613,0.44780463700997625,0.45134613077269636,0.4548876245354165
2021_22_20210919_TOT_CHE,2021_22,2021-09-19,1,0.4585492227979275,0.4790523099606817,0.4585492227979275,0.4605995315142029,0.46367499458861605,0.46880076637930457,0.47392653816999314,0.4790523099606817
2021_22_20210919_WHU_MUN,2021_22,2021-09-19,1,0.5666666666666667,0.5632182564038763,0.5666666666666667,0.5663218256403877,0.565804564100969,0.5649424615352715,0.564080358969574,0.5632182564038763
2021_22_20210925_BRE_LIV,2021_22,2021-09-25,1,0.5478036175710594,0.6293074040287132,0.5478036175710594,0.5559539962168248,0.5681795641854729,0.5885555107998863,0.6089314574142998,0.6293074040287132
2021_22_20210925_CHE_MCI,2021_22,2021-09-25,0,0.4510309278350516,0.4900476051315567,0.4510309278350516,0.4549325955647021,0.46078509715917787,0.47053926648330413,0.48029343580743045,0.4900476051315567
2021_22_20210925_EVE_NOR,2021_22,2021-09-25,0,0.5078125,0.4752061399192986,0.5078125,0.5045518639919299,0.49966090997982465,0.4915093199596493,0.48335772993947396,0.4752061399192986
2021_22_20210925_LEE_WHU,2021_22,2021-09-25,1,0.5954773869346733,0.642451774469778,0.5954773869346733,0.6001748256881838,0.6072209838184495,0.6189645807022257,0.6307081775860018,0.642451774469778
2021_22_20210925_LEI_BUR,2021_22,2021-09-25,1,0.5156249999999999,0.5307747172749787,0.5156249999999999,0.5171399717274978,0.5194124293187445,0.5231998586374893,0.5269872879562341,0.5307747172749787
2021_22_20210925_MUN_AVL,2021_22,2021-09-25,0,0.5989974937343359,0.576637024166345,0.5989974937343359,0.5967614467775368,0.5934073763423382,0.5878172589503404,0.5822271415583427,0.576637024166345
2021_22_20210925_WAT_NEW,2021_22,2021-09-25,0,0.4701298701298701,0.462493277862348,0.4701298701298701,0.4693662109031179,0.4682207220629896,0.46631157399610906,0.46440242592922854,0.462493277862348
2021_22_20210926_ARS_TOT,2021_22,2021-09-26,1,0.4637305699481865,0.5493701726197185,0.4637305699481865,0.47229453021533974,0.4851404706160696,0.5065503712839525,0.5279602719518355,0.5493701726197185
2021_22_20210926_SOU_WOL,2021_22,2021-09-26,0,0.4521963824289405,0.4843344267384029,0.4521963824289405,0.45541018685988677,0.4602308935063061,0.4682654045836717,0.4762999156610373,0.4843344267384029
2021_22_20210927_CRY_BRI,2021_22,2021-09-27,0,0.4137055837563452,0.422431349946448,0.4137055837563452,0.41457816037535544,0.4158870253038709,0.4180684668513966,0.4202499083989223,0.422431349946448
2021_22_20211002_BRI_ARS,2021_22,2021-10-02,0,0.466321243523316,0.5089226617515372,0.466321243523316,0.47058138534613814,0.4769715980803713,0.4876219526374266,0.4982723071944819,0.5089226617515372
2021_22_20211002_BUR_NOR,2021_22,2021-10-02,0,0.5052083333333333,0.5283291896482845,0.5052083333333333,0.5075204189648284,0.510988547412071,0.5167687614908089,0.5225489755695467,0.5283291896482845
2021_22_20211002_CHE_SOU,2021_22,2021-10-02,1,0.5350649350649351,0.5537181440666176,0.5350649350649351,0.5369302559651034,0.5397282373153558,0.5443915395657764,0.5490548418161969,0.5537181440666176
2021_22_20211002_LEE_WAT,2021_22,2021-10-02,0,0.5677749360613811,0.6395289443429646,0.5677749360613811,0.5749503368895394,0.585713438131777,0.6036519402021728,0.6215904422725687,0.6395289443429646
2021_22_20211002_MUN_EVE,2021_22,2021-10-02,0,0.5310880829015544,0.558888362302088,0.5310880829015544,0.5338681108416078,0.5380381527516878,0.5449882226018212,0.5519382924519547,0.558888362302088
2021_22_20211002_WOL_NEW,2021_22,2021-10-02,1,0.4973958333333334,0.520487508465549,0.4973958333333334,0.499705000846555,0.5031687521163873,0.5089416708994412,0.5147145896824952,0.520487508465549
2021_22_20211003_CRY_LEI,2021_22,2021-10-03,1,0.4753246753246753,0.4953604524516723,0.4753246753246753,0.477328253037375,0.48033361960642457,0.4853425638881738,0.49035150816992307,0.4953604524516723
2021_22_20211003_LIV_MCI,2021_22,2021-10-03,1,0.5529715762273902,0.6232688798862739,0.5529715762273902,0.5600013065932786,0.5705459021421112,0.5881202280568321,0.6056945539715529,0.6232688798862739
2021_22_20211003_TOT_AVL,2021_22,2021-10-03,1,0.5078125,0.5438514647937006,0.5078125,0.5114163964793701,0.5168222411984251,0.5258319823968503,0.5348417235952755,0.5438514647937006
2021_22_20211003_WHU_BRE,2021_22,2021-10-03,1,0.5,0.546152312132947,0.5,0.5046152312132948,0.5115380780332368,0.5230761560664735,0.5346142340997102,0.546152312132947
2021_22_20211016_AVL_WOL,2021_22,2021-10-16,1,0.4536082474226803,0.4957322299260515,0.4536082474226803,0.4578206456730174,0.46413924304852305,0.47467023867436586,0.48520123430020873,0.4957322299260515
2021_22_20211016_BRE_CHE,2021_22,2021-10-16,0,0.4701298701298701,0.4856464281128004,0.4701298701298701,0.47168152592816315,0.47400900962560266,0.47788814912133526,0.48176728861706786,0.4856464281128004
2021_22_20211016_LEI_MUN,2021_22,2021-10-16,1,0.5438144329896907,0.5994455396065907,0.5438144329896907,0.5493775436513807,0.5577222096439157,0.5716299862981407,0.5855377629523657,0.5994455396065907
2021_22_20211016_MCI_BUR,2021_22,2021-10-16,0,0.6862302483069979,0.6899303134853795,0.6862302483069979,0.686600254824836,0.6871552646015933,0.6880802808961887,0.6890052971907841,0.6899303134853795
2021_22_20211016_NOR_BRI,2021_22,2021-10-16,0,0.4510309278350516,0.4662749794580649,0.4510309278350516,0.45255533299735295,0.4548419407408049,0.4586529536465582,0.4624639665523116,0.4662749794580649
2021_22_20211016_SOU_LEE,2021_22,2021-10-16,0,0.557840616966581,0.5976259380891358,0.557840616966581,0.5618191490788366,0.5677869472472197,0.5777332775278584,0.5876796078084972,0.5976259380891358
2021_22_20211016_WAT_LIV,2021_22,2021-10-16,1,0.6059850374064838,0.6565458811138383,0.6059850374064838,0.6110411217772193,0.6186252483333224,0.631265459260161,0.6439056701869996,0.6565458811138383
2021_22_20211017_EVE_WHU,2021_22,2021-10-17,0,0.5090909090909091,0.5203466536374107,0.5090909090909091,0.5102164835455594,0.5119048452275345,0.5147187813641599,0.5175327175007853,0.5203466536374107
2021_22_20211017_NEW_TOT,2021_22,2021-10-17,1,0.5362694300518135,0.5923518487755798,0.5362694300518135,0.5418776719241901,0.5502900347327551,0.5643106394136966,0.5783312440946382,0.5923518487755798
2021_22_20211018_ARS_CRY,2021_22,2021-10-18,1,0.4973958333333334,0.4863336271434935,0.4973958333333334,0.49628961271434946,0.4946302817858734,0.4918647302384135,0.4890991786909535,0.4863336271434935
2021_22_20211022_ARS_AVL,2021_22,2021-10-22,1,0.538860103626943,0.5139599285976251,0.538860103626943,0.5363700861240113,0.5326350598696135,0.526410016112284,0.5201849723549545,0.5139599285976251
2021_22_20211023_BRI_MCI,2021_22,2021-10-23,1,0.5246753246753246,0.6411619627606051,0.5246753246753246,0.5363239884838527,0.5537969841966448,0.5829186437179649,0.6120403032392849,0.6411619627606051
2021_22_20211023_CHE_NOR,2021_22,2021-10-23,1,0.5776081424936387,0.6050847756891085,0.5776081424936387,0.5803558058131857,0.5844773007925061,0.5913464590913735,0.598215617390241,0.6050847756891085
2021_22_20211023_CRY_NEW,2021_22,2021-10-23,0,0.4921875,0.4789080504812589,0.4921875,0.4908595550481259,0.4888676376203147,0.4855477752406294,0.4822279128609442,0.4789080504812589
2021_22_20211023_EVE_WAT,2021_22,2021-10-23,1,0.4779220779220779,0.4886403382896556,0.4779220779220779,0.4789939039588357,0.48060164301397235,0.4832812081058667,0.48596077319776115,0.4886403382896556
2021_22_20211023_LEE_WOL,2021_22,2021-10-23,0,0.5064935064935064,0.5481462689320511,0.5064935064935064,0.510658782737361,0.5169066971031426,0.5273198877127787,0.5377330783224149,0.5481462689320511
2021_22_20211023_SOU_BUR,2021_22,2021-10-23,1,0.4779220779220779,0.4912634041386398,0.4779220779220779,0.47925621054373413,0.4812574094762184,0.4845927410303589,0.4879280725844993,0.4912634041386398
2021_22_20211024_BRE_LEI,2021_22,2021-10-24,1,0.5052083333333333,0.5185984554975397,0.5052083333333333,0.5065473455497539,0.5085558638743849,0.5119033944154365,0.515250924956488,0.5185984554975397
2021_22_20211024_MUN_LIV,2021_22,2021-10-24,1,0.6034912718204488,0.6354640807495491,0.6034912718204488,0.6066885527133589,0.6114844740527239,0.619477676284999,0.627470878517274,0.6354640807495491
2021_22_20211024_WHU_TOT,2021_22,2021-10-24,0,0.538860103626943,0.5912850758141395,0.538860103626943,0.5441026008456626,0.5519663466737421,0.5650725897205413,0.5781788327673404,0.5912850758141395
2021_22_20211030_BUR_BRE,2021_22,2021-10-30,1,0.440721649484536,0.4305501748540272,0.440721649484536,0.43970450202148514,0.4381787808269088,0.4356359121692816,0.4330930435116544,0.4305501748540272
2021_22_20211030_LEI_ARS,2021_22,2021-10-30,0,0.5310880829015544,0.5566417112328718,0.5310880829015544,0.5336434457346861,0.5374764899843837,0.5438648970672131,0.5502533041500425,0.5566417112328718
2021_22_20211030_LIV_BRI,2021_22,2021-10-30,1,0.6283618581907091,0.5891351924893636,0.6283618581907091,0.6244391916205746,0.6185551917653728,0.6087485253400364,0.5989418589147,0.5891351924893636
2021_22_20211030_MCI_CRY,2021_22,2021-10-30,0,0.660377358490566,0.6386246073239132,0.660377358490566,0.6582020833739007,0.6549391706989027,0.6495009829072396,0.6440627951155764,0.6386246073239132
2021_22_20211030_NEW_CHE,2021_22,2021-10-30,1,0.5492227979274612,0.5818501859155669,0.5492227979274612,0.5524855367262718,0.5573796449244877,0.565536491921514,0.5736933389185405,0.5818501859155669
2021_22_20211030_TOT_MUN,2021_22,2021-10-30,1,0.5440414507772021,0.5602509418827157,0.5440414507772021,0.5456623998877536,0.5480938235535805,0.552146196329959,0.5561985691063374,0.5602509418827157
2021_22_20211030_WAT_SOU,2021_22,2021-10-30,0,0.5078125,0.5207932395325624,0.5078125,0.5091105739532562,0.5110576848831406,0.5143028697662813,0.5175480546494218,0.5207932395325624
2021_22_20211031_AVL_WHU,2021_22,2021-10-31,1,0.5286458333333333,0.5510366317896483,0.5286458333333333,0.5308849131789648,0.534243532947412,0.5398412325614907,0.5454389321755695,0.5510366317896483
2021_22_20211031_NOR_LEE,2021_22,2021-10-31,1,0.5428571428571429,0.5826336087284079,0.5428571428571429,0.5468347894442694,0.5528012593249592,0.5627453757927754,0.5726894922605916,0.5826336087284079
2021_22_20211101_WOL_EVE,2021_22,2021-11-01,1,0.4209183673469387,0.4116881194672976,0.4209183673469387,0.41999534255897464,0.41861080537702844,0.41630324340711816,0.4139956814372079,0.4116881194672976
2021_22_20211105_SOU_AVL,2021_22,2021-11-05,0,0.558974358974359,0.5583698796925887,0.558974358974359,0.5589139110461819,0.5588232391539164,0.5586721193334738,0.5585209995130312,0.5583698796925887
2021_22_20211106_BRE_NOR,2021_22,2021-11-06,1,0.4727272727272727,0.4859978634290495,0.4727272727272727,0.47405433179745043,0.47604492040271695,0.47936256807816113,0.4826802157536053,0.4859978634290495
2021_22_20211106_BRI_NEW,2021_22,2021-11-06,0,0.4935064935064935,0.538391508154776,0.4935064935064935,0.4979949949713217,0.5047277471685642,0.5159490008306348,0.5271702544927054,0.538391508154776
2021_22_20211106_CHE_BUR,2021_22,2021-11-06,0,0.5641025641025641,0.5396741570416933,0.5641025641025641,0.561659723396477,0.5579954623373464,0.5518883605721288,0.5457812588069111,0.5396741570416933
2021_22_20211106_CRY_WOL,2021_22,2021-11-06,0,0.4045226130653266,0.3854519078810012,0.4045226130653266,0.402615542546894,0.3997549367692453,0.3949872604731639,0.3902195841770825,0.3854519078810012
2021_22_20211106_MUN_MCI,2021_22,2021-11-06,0,0.5919395465994962,0.6870638539178006,0.5919395465994962,0.6014519773313267,0.6157206234290723,0.6395017002586484,0.6632827770882245,0.6870638539178006
2021_22_20211107_ARS_WAT,2021_22,2021-11-07,0,0.5979899497487436,0.551892751208671,0.5979899497487436,0.5933802298947364,0.5864656501137254,0.5749413504787073,0.5634170508436892,0.551892751208671
2021_22_20211107_EVE_TOT,2021_22,2021-11-07,0,0.4739583333333334,0.5005422148348077,0.4739583333333334,0.47661672148348083,0.480604303708702,0.4872502740840705,0.49389624445943914,0.5005422148348077
2021_22_20211107_LEE_LEI,2021_22,2021-11-07,0,0.5754475703324808,0.5769344440717699,0.5754475703324808,0.5755962577064098,0.575819288767303,0.5761910072021253,0.5765627256369477,0.5769344440717699
2021_22_20211107_WHU_LIV,2021_22,2021-11-07,1,0.6383495145631067,0.6427407970575529,0.6383495145631067,0.6387886428125513,0.6394473351867183,0.6405451558103299,0.6416429764339414,0.6427407970575529
2021_22_20211120_AVL_BRI,2021_22,2021-11-20,0,0.4597402597402597,0.4736510643629864,0.4597402597402597,0.46113134020253244,0.46321796089594136,0.46669566205162305,0.47017336320730474,0.4736510643629864
2021_22_20211120_BUR_CRY,2021_22,2021-11-20,1,0.4381443298969071,0.4142005160276066,0.4381443298969071,0.43574994850997706,0.432158376429582,0.4261724229622569,0.42018646949493177,0.4142005160276066
2021_22_20211120_LEI_CHE,2021_22,2021-11-20,1,0.4791666666666667,0.4742211844110746,0.4791666666666667,0.47867211844110746,0.47793029610276866,0.47669392553887063,0.4754575549749726,0.4742211844110746
2021_22_20211120_LIV_ARS,2021_22,2021-11-20,1,0.639225181598063,0.6469737348291039,0.639225181598063,0.640000036921167,0.6411623199058232,0.6430994582135834,0.6450365965213437,0.6469737348291039
2021_22_20211120_NEW_BRE,2021_22,2021-11-20,1,0.4869791666666667,0.4916298007087454,0.4869791666666667,0.48744423007087456,0.48814182517718635,0.48930448368770607,0.49046714219822574,0.4916298007087454
2021_22_20211120_NOR_SOU,2021_22,2021-11-20,1,0.4817708333333334,0.4916015892442141,0.4817708333333334,0.4827539089244215,0.48422852231105357,0.48668621128877376,0.48914390026649396,0.4916015892442141
2021_22_20211120_WAT_MUN,2021_22,2021-11-20,1,0.5790816326530612,0.598217724330283,0.5790816326530612,0.5809952418207834,0.5838656555723667,0.5886496784916722,0.5934337014109776,0.598217724330283
2021_22_20211120_WOL_WHU,2021_22,2021-11-20,0,0.464935064935065,0.4532930207592205,0.464935064935065,0.46377086051748057,0.46202455389110386,0.45911404284714274,0.45620353180318163,0.4532930207592205
2021_22_20211121_MCI_EVE,2021_22,2021-11-21,1,0.6365853658536585,0.6245606408871758,0.6365853658536585,0.6353828933570104,0.6335791846120378,0.6305730033704171,0.6275668221287964,0.6245606408871758
2021_22_20211121_TOT_LEE,2021_22,2021-11-21,1,0.5428571428571429,0.5429931891727674,0.5428571428571429,0.5428707474887053,0.5428911544360491,0.5429251660149552,0.5429591775938614,0.5429931891727674
2021_22_20211127_ARS_NEW,2021_22,2021-11-27,0,0.589873417721519,0.5682077744712952,0.589873417721519,0.5877068533964966,0.5844570069089631,0.5790405960964071,0.5736241852838512,0.5682077744712952
2021_22_20211127_BRI_LEE,2021_22,2021-11-27,0,0.4973958333333334,0.5265731587656135,0.4973958333333334,0.5003135658765614,0.5046901646914035,0.5119844960494735,0.5192788274075435,0.5265731587656135
2021_22_20211127_CRY_AVL,2021_22,2021-11-27,1,0.4753246753246753,0.4535985618972966,0.4753246753246753,0.47315206398193743,0.46989314696783063,0.46446161861098595,0.45903009025414127,0.4535985618972966
2021_22_20211127_LIV_SOU,2021_22,2021-11-27,1,0.6736111111111112,0.6331880212878259,0.6736111111111112,0.6695688021287827,0.6635053386552898,0.6533995661994685,0.6432937937436473,0.6331880212878259
2021_22_20211127_NOR_WOL,2021_22,2021-11-27,0,0.416243654822335,0.4044612045999295,0.416243654822335,0.4150654098000945,0.4132980422667336,0.4103524297111323,0.4074068171555309,0.4044612045999295
2021_22_20211128_BRE_EVE,2021_22,2021-11-28,0,0.440721649484536,0.4562855853311399,0.440721649484536,0.4422780430691964,0.44461263344618696,0.44850361740783795,0.45239460136948895,0.4562855853311399
2021_22_20211128_CHE_MUN,2021_22,2021-11-28,0,0.5286458333333333,0.4762319541921288,0.5286458333333333,0.5234044454192128,0.5155423635480322,0.5024388937627311,0.48933542397742996,0.4762319541921288
2021_22_20211128_LEI_WAT,2021_22,2021-11-28,1,0.5743589743589743,0.5514478535232035,0.5743589743589743,0.5720678622753973,0.5686311941500316,0.5629034139410889,0.5571756337321462,0.5514478535232035
2021_22_20211128_MCI_WHU,2021_22,2021-11-28,1,0.6332518337408313,0.6013453630507507,0.6332518337408313,0.6300611866718232,0.6252752160683112,0.617298598395791,0.6093219807232708,0.6013453630507507
2021_22_20211130_LEE_CRY,2021_22,2021-11-30,0,0.5,0.4902706102445386,0.5,0.4990270610244539,0.49756765256113467,0.49513530512226933,0.49270295768340394,0.4902706102445386
2021_22_20211130_NEW_NOR,2021_22,2021-11-30,0,0.5234374999999999,0.5183737095018656,0.5234374999999999,0.5229311209501865,0.5221715523754663,0.5209056047509327,0.5196396571263991,0.5183737095018656
2021_22_20211201_AVL_MCI,2021_22,2021-12-01,1,0.5852417302798981,0.6516776028870396,0.5852417302798981,0.5918853175406122,0.6018506984316835,0.6184596665834688,0.6350686347352542,0.6516776028870396
2021_22_20211201_EVE_LIV,2021_22,2021-12-01,1,0.5984848484848484,0.6394418352427989,0.5984848484848484,0.6025805471606435,0.608724095174336,0.6189633418638236,0.6292025885533112,0.6394418352427989
2021_22_20211201_SOU_LEI,2021_22,2021-12-01,1,0.5376623376623377,0.5523349828462814,0.5376623376623377,0.5391296021807321,0.5413304989583236,0.5449986602543095,0.5486668215502954,0.5523349828462814
2021_22_20211201_WAT_CHE,2021_22,2021-12-01,1,0.5592783505154639,0.5575538715692167,0.5592783505154639,0.5591059026208391,0.5588472307789021,0.5584161110423402,0.5579849913057784,0.5575538715692167
2021_22_20211201_WHU_BRI,2021_22,2021-12-01,0,0.4727272727272727,0.4348701423489533,0.4727272727272727,0.4689415596894408,0.4632629901326929,0.453798707538113,0.44433442494353315,0.4348701423489533
2021_22_20211201_WOL_BUR,2021_22,2021-12-01,0,0.4293059125964009,0.4030435483861876,0.4293059125964009,0.42667967617537955,0.42274032154384755,0.4161747304912943,0.40960913943874094,0.4030435483861876
2021_22_20211202_MUN_ARS,2021_22,2021-12-02,1,0.5324675324675325,0.5847676281117931,0.5324675324675325,0.5376975420319585,0.5455425563785976,0.5586175802896628,0.571692604200728,0.5847676281117931
2021_22_20211202_TOT_BRE,2021_22,2021-12-02,0,0.5052083333333333,0.471898175227581,0.5052083333333333,0.5018773175227581,0.4968807938068952,0.48855325428045715,0.48022571475401904,0.471898175227581
2021_22_20211204_NEW_BUR,2021_22,2021-12-04,0,0.4947916666666667,0.4991771024096705,0.4947916666666667,0.49523021024096703,0.4958880256024176,0.4969843845381686,0.49808074347391956,0.4991771024096705
2021_22_20211204_SOU_BRI,2021_22,2021-12-04,0,0.442159383033419,0.4455645562032481,0.442159383033419,0.4424999003504019,0.4430106763258763,0.4438619696183336,0.44471326291079083,0.4455645562032481
2021_22_20211204_WAT_MCI,2021_22,2021-12-04,1,0.660377358490566,0.7307999147276227,0.660377358490566,0.6674196141142716,0.6779829975498302,0.6955886366090944,0.7131942756683586,0.7307999147276227
2021_22_20211204_WHU_CHE,2021_22,2021-12-04,1,0.466321243523316,0.4815492482078508,0.466321243523316,0.4678440439917695,0.4701282446944497,0.4739352458655834,0.4777422470367171,0.4815492482078508
2021_22_20211204_WOL_LIV,2021_22,2021-12-04,0,0.5652173913043478,0.6268204623990362,0.5652173913043478,0.5713776984138166,0.58061815907802,0.596018926851692,0.611419694625364,0.6268204623990362
2021_22_20211205_AVL_LEI,2021_22,2021-12-05,1,0.5130208333333333,0.5396981214346771,0.5130208333333333,0.5156885621434677,0.5196901553586692,0.5263594773840052,0.5330287994093412,0.5396981214346771
2021_22_20211205_LEE_BRE,2021_22,2021-12-05,1,0.5,0.489978110514165,0.5,0.4989978110514165,0.49749452762854124,0.4949890552570825,0.49248358288562377,0.489978110514165
2021_22_20211205_MUN_CRY,2021_22,2021-12-05,0,0.5414507772020726,0.5239899577444355,0.5414507772020726,0.5397046952563088,0.5370855723376633,0.532720367473254,0.5283551626088447,0.5239899577444355
2021_22_20211205_TOT_NOR,2021_22,2021-12-05,1,0.5208333333333334,0.5281725896681341,0.5208333333333334,0.5215672589668134,0.5226681474170335,0.5245029615007337,0.526337775584434,0.5281725896681341
2021_22_20211206_EVE_ARS,2021_22,2021-12-06,1,0.4701298701298701,0.5097307766013922,0.4701298701298701,0.47408996077702237,0.48003009674775066,0.48993032336563114,0.4998305499835117,0.5097307766013922
2021_22_20211210_BRE_WAT,2021_22,2021-12-10,1,0.4817708333333334,0.473503640555999,0.4817708333333334,0.4809441140556,0.4797040351389998,0.4776372369446662,0.4755704387503326,0.473503640555999
2021_22_20211211_ARS_SOU,2021_22,2021-12-11,1,0.5350649350649351,0.5465342266914127,0.5350649350649351,0.5362118642275829,0.5379322579715545,0.5407995808781739,0.5436669037847933,0.5465342266914127
2021_22_20211211_CHE_LEE,2021_22,2021-12-11,1,0.6015037593984962,0.6264161735364819,0.6015037593984962,0.6039950008122947,0.6077318629329926,0.6139599664674891,0.6201880700019855,0.6264161735364819
2021_22_20211211_LIV_AVL,2021_22,2021-12-11,0,0.6796338672768879,0.6710843233855324,0.6796338672768879,0.6787789128877524,0.6774964813040489,0.6753590953312101,0.6732217093583713,0.6710843233855324
2021_22_20211211_MCI_WOL,2021_22,2021-12-11,0,0.6163366336633663,0.6089937596206279,0.6163366336633663,0.6156023462590925,0.6145009151526817,0.6126651966419971,0.6108294781313125,0.6089937596206279
2021_22_20211211_NOR_MUN,2021_22,2021-12-11,0,0.5604113110539846,0.5913068817715909,0.5604113110539846,0.5635008681257452,0.5681352037333861,0.5758590964127877,0.5835829890921893,0.5913068817715909
2021_22_20211212_BUR_WHU,2021_22,2021-12-12,0,0.5208333333333334,0.5239318959309128,0.5208333333333334,0.5211431895930914,0.5216079739827282,0.5223826146321231,0.523157255281518,0.5239318959309128
2021_22_20211212_CRY_EVE,2021_22,2021-12-12,1,0.4137055837563452,0.4389908793376261,0.4137055837563452,0.4162341133144733,0.4200269076516654,0.42634823154698565,0.4326695554423059,0.4389908793376261
2021_22_20211212_LEI_NEW,2021_22,2021-12-12,1,0.5969773299748111,0.6210000642183466,0.5969773299748111,0.5993796033991647,0.6029830135356951,0.6089886970965789,0.6149943806574627,0.6210000642183466
2021_22_20211214_MCI_LEE,2021_22,2021-12-14,1,0.7024070021881839,0.6734698801966503,0.7024070021881839,0.6995132899890305,0.6951727216903005,0.6879384411924171,0.6807041606945337,0.6734698801966503
2021_22_20211214_NOR_AVL,2021_22,2021-12-14,0,0.4484536082474227,0.4673867399478611,0.4484536082474227,0.4503469214174665,0.4531868911725323,0.4579201740976419,0.4626534570227515,0.4673867399478611
2021_22_20211215_ARS_WHU,2021_22,2021-12-15,0,0.5246753246753246,0.5455548950045731,0.5246753246753246,0.5267632817082495,0.5298952172576368,0.5351151098399489,0.540335002422261,0.5455548950045731
2021_22_20211215_BRI_WOL,2021_22,2021-12-15,0,0.3793103448275862,0.4121725182540121,0.3793103448275862,0.3825965621702288,0.38752588818419265,0.3957414315407991,0.40395697489740556,0.4121725182540121
2021_22_20211215_CRY_SOU,2021_22,2021-12-15,1,0.4559585492227979,0.454204206755442,0.4559585492227979,0.4557831149760623,0.4555199636059589,0.45508137798911996,0.454642792372281,0.454204206755442
2021_22_20211216_CHE_EVE,2021_22,2021-12-16,0,0.5581395348837209,0.569741464291073,0.5581395348837209,0.5592997278244561,0.561040017235559,0.5639404995873969,0.5668409819392349,0.569741464291073
2021_22_20211216_LIV_NEW,2021_22,2021-12-16,1,0.7152034261241969,0.6957511299667241,0.7152034261241969,0.7132581965084496,0.7103403520848286,0.7054772780454605,0.7006142040060923,0.6957511299667241
2021_22_20211218_LEE_ARS,2021_22,2021-12-18,1,0.5466321243523315,0.5964642051938256,0.5466321243523315,0.551615332436481,0.559090144562705,0.5715481647730786,0.5840061849834521,0.5964642051938256
2021_22_20211219_NEW_MCI,2021_22,2021-12-19,1,0.6532066508313539,0.728648747456792,0.6532066508313539,0.6607508604938976,0.6720671749877134,0.6909276991440729,0.7097882233004325,0.728648747456792
2021_22_20211219_TOT_LIV,2021_22,2021-12-19,1,0.583756345177665,0.6209464916424273,0.583756345177665,0.5874753598241411,0.5930538817938555,0.6023514184100461,0.6116489550262367,0.6209464916424273
2021_22_20211219_WOL_CHE,2021_22,2021-12-19,0,0.4496124031007751,0.4829219512018489,0.4496124031007751,0.4529433579108825,0.4579397901260436,0.466267177151312,0.4745945641765804,0.4829219512018489
2021_22_20211226_AVL_CHE,2021_22,2021-12-26,1,0.4727272727272727,0.4882576593730134,0.4727272727272727,0.4742803113918468,0.4766098693887079,0.48049246605014306,0.4843750627115782,0.4882576593730134
2021_22_20211226_BRI_BRE,2021_22,2021-12-26,0,0.4355670103092783,0.4268584993600718,0.4355670103092783,0.43469615921435767,0.43338988257197664,0.431212754834675,0.4290356270973735,0.4268584993600718
2021_22_20211226_MCI_LEI,2021_22,2021-12-26,1,0.6840909090909091,0.6192032949470987,0.6840909090909091,0.677602147676528,0.6678690055549565,0.6516471020190039,0.6354251984830512,0.6192032949470987
2021_22_20211226_NOR_ARS,2021_22,2021-12-26,1,0.5376623376623377,0.5834715744914071,0.5376623376623377,0.5422432613452447,0.5491146468696051,0.5605669560768725,0.5720192652841397,0.5834715744914071
2021_22_20211226_TOT_CRY,2021_22,2021-12-26,1,0.4960835509138382,0.4522018609788508,0.4960835509138382,0.49169538192033946,0.48511312843009136,0.4741427059463445,0.46317228346259764,0.4522018609788508
2021_22_20211226_WHU_SOU,2021_22,2021-12-26,1,0.5466321243523315,0.5441981476394857,0.5466321243523315,0.546388726681047,0.5460236301741201,0.5454151359959086,0.5448066418176971,0.5441981476394857
2021_22_20211227_NEW_MUN,2021_22,2021-12-27,0,0.5913705583756345,0.6437289169137059,0.5913705583756345,0.5966063942294416,0.6044601480101524,0.6175497376446701,0.630639327279188,0.6437289169137059
2021_22_20211228_CRY_NOR,2021_22,2021-12-28,1,0.4470284237726098,0.4561094985883469,0.4470284237726098,0.44793653125418353,0.4492986924765441,0.45156896118047835,0.4538392298844126,0.4561094985883469
2021_22_20211228_LEI_LIV,2021_22,2021-12-28,0,0.7209302325581396,0.736397627922221,0.7209302325581396,0.7224769720945478,0.72479708139916,0.7286639302401803,0.7325307790812006,0.736397627922221
2021_22_20211228_SOU_TOT,2021_22,2021-12-28,0,0.5039164490861618,0.52594051965602,0.5039164490861618,0.5061188561431477,0.5094224667286263,0.5149284843710908,0.5204345020135555,0.52594051965602
2021_22_20211228_WAT_WHU,2021_22,2021-12-28,1,0.5529715762273902,0.5586896410772906,0.5529715762273902,0.5535433827123802,0.5544010924398654,0.5558306086523404,0.5572601248648155,0.5586896410772906
2021_22_20211229_BRE_MCI,2021_22,2021-12-29,0,0.6383495145631067,0.6742782623174797,0.6383495145631067,0.641942389338544,0.6473317015016999,0.6563138884402933,0.6652960753788864,0.6742782623174797
2021_22_20211229_CHE_BRI,2021_22,2021-12-29,0,0.5065274151436031,0.5176598891506944,0.5065274151436031,0.5076406625443123,0.5093105336453759,0.5120936521471487,0.5148767706489216,0.5176598891506944
2021_22_20211230_MUN_BUR,2021_22,2021-12-30,1,0.5655526992287918,0.5578814496205199,0.5655526992287918,0.5647855742679646,0.5636348868267238,0.5617170744246558,0.5597992620225878,0.5578814496205199
2021_22_20220101_ARS_MCI,2021_22,2022-01-01,1,0.6030150753768844,0.5866834977835049,0.6030150753768844,0.6013819176175464,0.5989321809785395,0.5948492865801946,0.5907663921818498,0.5866834977835049
2021_22_20220101_CRY_WHU,2021_22,2022-01-01,1,0.5130208333333333,0.5256912215990286,0.5130208333333333,0.5142878721599028,0.516188430399757,0.5193560274661809,0.5225236245326048,0.5256912215990286
2021_22_20220101_WAT_TOT,2021_22,2022-01-01,0,0.5390625,0.5915365770127485,0.5390625,0.5443099077012749,0.5521810192531871,0.5652995385063743,0.5784180577595615,0.5915365770127485
2021_22_20220102_BRE_AVL,2021_22,2022-01-02,1,0.4609375,0.4684364542560753,0.4609375,0.46168739542560755,0.4628122385640188,0.46468697712803764,0.46656171569205646,0.4684364542560753
2021_22_20220102_CHE_LIV,2021_22,2022-01-02,1,0.5338541666666666,0.5793832106113929,0.5338541666666666,0.5384070710611393,0.5452364276528482,0.5566186886390297,0.5680009496252113,0.5793832106113929
2021_22_20220102_EVE_BRI,2021_22,2022-01-02,1,0.4282051282051282,0.4127185500186619,0.4282051282051282,0.4266564703864816,0.4243334836585116,0.42046183911189505,0.4165901945652785,0.4127185500186619
2021_22_20220102_LEE_BUR,2021_22,2022-01-02,1,0.5117493472584856,0.5229653420456907,0.5117493472584856,0.5128709467372061,0.5145533459552869,0.5173573446520882,0.5201613433488894,0.5229653420456907
2021_22_20220103_MUN_WOL,2021_22,2022-01-03,0,0.4908616187989557,0.4839694123191665,0.4908616187989557,0.4901723981509768,0.4891385671790084,0.4874155155590611,0.4856924639391138,0.4839694123191665
2021_22_20220111_SOU_BRE,2021_22,2022-01-11,1,0.4727272727272727,0.4701295534127961,0.4727272727272727,0.4724675007958251,0.47207784289865357,0.4714284130700344,0.47077898324141526,0.4701295534127961
2021_22_20220112_WHU_NOR,2021_22,2022-01-12,0,0.5743589743589743,0.5413463853949693,0.5743589743589743,0.5710577154625739,0.5661058271179731,0.5578526798769718,0.5495995326359706,0.5413463853949693
2021_22_20220114_BRI_CRY,2021_22,2022-01-14,0,0.4395886889460154,0.3991764177827864,0.4395886889460154,0.4355474618296925,0.4294856211552081,0.4193825533644009,0.40927948557359367,0.3991764177827864
2021_22_20220115_AVL_MUN,2021_22,2022-01-15,1,0.5130208333333333,0.5670582701488684,0.5130208333333333,0.5184245770148868,0.526530192537217,0.5400395517411009,0.5535489109449847,0.5670582701488684
2021_22_20220115_MCI_CHE,2021_22,2022-01-15,0,0.5234374999999999,0.4784912134357141,0.5234374999999999,0.5189428713435713,0.5122009283589284,0.500964356717857,0.4897277850767856,0.4784912134357141
2021_22_20220115_NEW_WAT,2021_22,2022-01-15,0,0.5338541666666666,0.5468277337920376,0.5338541666666666,0.5351515233792038,0.5370975584480094,0.5403409502293521,0.5435843420106948,0.5468277337920376
2021_22_20220115_NOR_EVE,2021_22,2022-01-15,1,0.4609375,0.4898121411615326,0.4609375,0.46382496411615326,0.46815616029038315,0.4753748205807663,0.48259348087114945,0.4898121411615326
2021_22_20220115_WOL_SOU,2021_22,2022-01-15,1,0.3984962406015038,0.3761549096228301,0.3984962406015038,0.39626210750363644,0.39291090785683536,0.3873255751121669,0.38174024236749854,0.3761549096228301
2021_22_20220116_LIV_BRE,2021_22,2022-01-16,1,0.578005115089514,0.5737533636744795,0.578005115089514,0.5775799399480106,0.5769421772357554,0.5758792393819967,0.5748163015282381,0.5737533636744795
2021_22_20220116_WHU_LEE,2021_22,2022-01-16,1,0.5877862595419847,0.504346497920563,0.5877862595419847,0.5794422833798425,0.5669263191366293,0.5460663787312738,0.5252064383259184,0.504346497920563
2021_22_20220118_BRI_CHE,2021_22,2022-01-18,0,0.4545454545454546,0.4747203946421788,0.4545454545454546,0.456562948555127,0.4595891895696356,0.46463292459381667,0.46967665961799776,0.4747203946421788
2021_22_20220119_BRE_MUN,2021_22,2022-01-19,1,0.5065274151436031,0.5756642891058146,0.5065274151436031,0.5134411025398243,0.523811633634156,0.5410958521247089,0.5583800706152617,0.5756642891058146
2021_22_20220119_LEI_TOT,2021_22,2022-01-19,1,0.5364583333333334,0.5411853516729499,0.5364583333333334,0.536931035167295,0.5376400879182375,0.5388218425031417,0.5400035970880458,0.5411853516729499
2021_22_20220121_WAT_NOR,2021_22,2022-01-21,1,0.5039164490861618,0.5005955711659201,0.5039164490861618,0.5035843612941376,0.5030862296061014,0.5022560101260409,0.5014257906459806,0.5005955711659201
2021_22_20220122_BRE_WOL,2021_22,2022-01-22,1,0.3802469135802469,0.3872032013080533,0.3802469135802469,0.3809425423530276,0.38198598551219853,0.3837250574441501,0.3854641293761017,0.3872032013080533
2021_22_20220122_EVE_AVL,2021_22,2022-01-22,0,0.4739583333333334,0.4346803401559541,0.4739583333333334,0.47003053401559547,0.46413883503898856,0.45431933674464375,0.44449983845029895,0.4346803401559541
2021_22_20220122_LEE_NEW,2021_22,2022-01-22,0,0.5743589743589743,0.5633104857470961,0.5743589743589743,0.5732541254977865,0.5715968522060048,0.5688347300530352,0.5660726079000656,0.5633104857470961
2021_22_20220122_MUN_WHU,2021_22,2022-01-22,0,0.5655526992287918,0.5310867149253149,0.5655526992287918,0.5621061007984441,0.5569362031529226,0.5483197070770534,0.5397032110011841,0.5310867149253149
2021_22_20220122_SOU_MCI,2021_22,2022-01-22,0,0.6449275362318841,0.6614375345948164,0.6449275362318841,0.6465785360681774,0.6490550358226171,0.6531825354133503,0.6573100350040834,0.6614375345948164
2021_22_20220123_ARS_BUR,2021_22,2022-01-23,0,0.5428571428571429,0.4914992414514134,0.5428571428571429,0.53772135271657,0.5300176675057106,0.5171781921542782,0.5043387168028457,0.4914992414514134
2021_22_20220123_CHE_TOT,2021_22,2022-01-23,0,0.5013054830287206,0.5101624796735306,0.5013054830287206,0.5021911826932016,0.5035197321899231,0.5057339813511256,0.5079482305123281,0.5101624796735306
2021_22_20220123_CRY_LIV,2021_22,2022-01-23,1,0.5569948186528497,0.5888858073745517,0.5569948186528497,0.56018391752502,0.5649675658332752,0.5729403130137007,0.5809130601941261,0.5888858073745517
2021_22_20220123_LEI_BRI,2021_22,2022-01-23,0,0.4908616187989557,0.4545095382952049,0.4908616187989557,0.48722641074858064,0.481773598673018,0.47268557854708027,0.4635975584211426,0.4545095382952049
2021_22_20220205_BUR_WAT,2021_22,2022-02-05,0,0.4571428571428572,0.4856566374461065,0.4571428571428572,0.4599942351731821,0.46427130221866947,0.47139974729448186,0.4785281923702942,0.4856566374461065
2021_22_20220208_BUR_MUN,2021_22,2022-02-08,0,0.5221932114882506,0.5733045302241642,0.5221932114882506,0.527304343361842,0.534971041172229,0.5477488708562074,0.5605267005401857,0.5733045302241642
2021_22_20220208_NEW_EVE,2021_22,2022-02-08,1,0.5065274151436031,0.5304133916164199,0.5065274151436031,0.5089160127908848,0.5124989092618073,0.5184704033800115,0.5244418974982157,0.5304133916164199
2021_22_20220208_WHU_WAT,2021_22,2022-02-08,0,0.5402597402597403,0.5272872592684797,0.5402597402597403,0.5389624921606143,0.5370166200119252,0.53377349976411,0.5305303795162949,0.5272872592684797
2021_22_20220209_AVL_LEE,2021_22,2022-02-09,1,0.5629820051413882,0.5383176012079631,0.5629820051413882,0.5605155647480456,0.556815904158032,0.5506498031746756,0.5444837021913194,0.5383176012079631
2021_22_20220209_MCI_BRE,2021_22,2022-02-09,0,0.6984478935698448,0.6617471118452777,0.6984478935698448,0.6947778153973881,0.6892726981387031,0.6800975027075613,0.6709223072764194,0.6617471118452777
2021_22_20220209_NOR_CRY,2021_22,2022-02-09,0,0.451948051948052,0.4133278704875555,0.451948051948052,0.44808603380200235,0.4422930065829279,0.43263796121780373,0.42298291585267955,0.4133278704875555
2021_22_20220209_TOT_SOU,2021_22,2022-02-09,1,0.5390625,0.5209301815608445,0.5390625,0.5372492681560844,0.5345294203902111,0.5299963407804222,0.5254632611706334,0.5209301815608445
2021_22_20220210_LIV_LEI,2021_22,2022-02-10,0,0.7145922746781115,0.7014649294623126,0.7145922746781115,0.7132795401565317,0.7113104383741617,0.708028602070212,0.7047467657662624,0.7014649294623126
2021_22_20220210_WOL_ARS,2021_22,2022-02-10,0,0.4137055837563452,0.4077884506387415,0.4137055837563452,0.4131138704445848,0.41222630047694425,0.41074701719754336,0.4092677339181424,0.4077884506387415
2021_22_20220212_BRE_CRY,2021_22,2022-02-12,0,0.4101265822784811,0.4068653289576808,0.4101265822784811,0.40980045694640105,0.40931126894828107,0.40849595561808094,0.4076806422878808,0.4068653289576808
2021_22_20220212_EVE_LEE,2021_22,2022-02-12,1,0.5790816326530612,0.5588957733213298,0.5790816326530612,0.5770630467198881,0.5740351678201283,0.5689887029871955,0.5639422381542627,0.5588957733213298
2021_22_20220212_MUN_SOU,2021_22,2022-02-12,0,0.5655526992287918,0.563719329601642,0.5655526992287918,0.5653693622660768,0.5650943568220044,0.5646360144152169,0.5641776720084295,0.563719329601642
2021_22_20220212_NOR_MCI,2021_22,2022-02-12,1,0.6682242990654206,0.7327490937548902,0.6682242990654206,0.6746767785343675,0.6843554977377879,0.7004866964101554,0.7166178950825228,0.7327490937548902
2021_22_20220212_WAT_BRI,2021_22,2022-02-12,0,0.4126582278481012,0.4040762688225645,0.4126582278481012,0.41180003194554754,0.410512738091717,0.40836724833533283,0.40622175857894866,0.4040762688225645
2021_22_20220213_BUR_LIV,2021_22,2022-02-13,0,0.595959595959596,0.6629151205881958,0.595959595959596,0.602655148422456,0.612698477116746,0.6294373582738959,0.6461762394310459,0.6629151205881958
2021_22_20220213_LEI_WHU,2021_22,2022-02-13,1,0.5717948717948719,0.6033720002284628,0.5717948717948719,0.574952584638231,0.5796891539032696,0.5875834360116674,0.5954777181200651,0.6033720002284628
2021_22_20220213_NEW_AVL,2021_22,2022-02-13,0,0.5260416666666667,0.4999020127501646,0.5260416666666667,0.5234277012750166,0.5195067531875412,0.5129718397084156,0.5064369262292902,0.4999020127501646
2021_22_20220213_TOT_WOL,2021_22,2022-02-13,0,0.4395886889460154,0.4461909096627384,0.4395886889460154,0.4402489110176877,0.4412392441251961,0.4428897993043769,0.44454035448355766,0.4461909096627384
2021_22_20220215_MUN_BRI,2021_22,2022-02-15,0,0.5065274151436031,0.481962357544464,0.5065274151436031,0.5040709093836893,0.5003861507438183,0.4942448863440335,0.4881036219442487,0.481962357544464
2021_22_20220219_ARS_BRE,2021_22,2022-02-19,1,0.4895833333333333,0.4600063776372042,0.4895833333333333,0.4866256377637204,0.482189094409301,0.4747948554852688,0.4674006165612365,0.4600063776372042
2021_22_20220219_AVL_WAT,2021_22,2022-02-19,0,0.4869791666666667,0.5111630095026704,0.4869791666666667,0.48939755095026705,0.4930251273756676,0.4990710880846685,0.5051170487936694,0.5111630095026704
2021_22_20220219_BRI_BUR,2021_22,2022-02-19,1,0.4293059125964009,0.4368870591331308,0.4293059125964009,0.43006402725007387,0.43120119923058337,0.43309648586476585,0.4349917724989483,0.4368870591331308
2021_22_20220219_CRY_CHE,2021_22,2022-02-19,0,0.4765625,0.5385878710044191,0.4765625,0.4827650371004419,0.49206884275110474,0.5075751855022095,0.5230815282533143,0.5385878710044191
2021_22_20220219_LIV_NOR,2021_22,2022-02-19,1,0.7080610021786492,0.6693513178479971,0.7080610021786492,0.704190033745584,0.6983835810959862,0.6887061600133231,0.6790287389306601,0.6693513178479971
2021_22_20220219_MCI_TOT,2021_22,2022-02-19,1,0.595959595959596,0.6093017577110877,0.595959595959596,0.5972938121347453,0.599295136397469,0.6026306768353419,0.6059662172732148,0.6093017577110877
2021_22_20220219_SOU_EVE,2021_22,2022-02-19,0,0.53125,0.5339951916527617,0.53125,0.5315245191652762,0.5319362979131904,0.5326225958263808,0.5333088937395712,0.5339951916527617
2021_22_20220219_WHU_NEW,2021_22,2022-02-19,0,0.5300261096605744,0.5486496450716501,0.5300261096605744,0.531888463201682,0.5346819935133433,0.5393378773661123,0.5439937612188812,0.5486496450716501
2021_22_20220220_LEE_MUN,2021_22,2022-02-20,1,0.5852417302798981,0.6074765960951467,0.5852417302798981,0.587465216861423,0.5908004467337102,0.5963591631875225,0.6019178796413346,0.6074765960951467
2021_22_20220220_WOL_LEI,2021_22,2022-02-20,1,0.4444444444444444,0.4343893176373576,0.4444444444444444,0.4434389317637357,0.44193066274267273,0.43941688104090104,0.4369030993391293,0.4343893176373576
2021_22_20220223_BUR_TOT,2021_22,2022-02-23,0,0.4751958224543081,0.4699168756983394,0.4751958224543081,0.47466792777871125,0.4738760857653159,0.4725563490763237,0.47123661238733155,0.4699168756983394
2021_22_20220223_LIV_LEE,2021_22,2022-02-23,1,0.7495069033530573,0.7057303456618251,0.7495069033530573,0.7451292475839341,0.7385627639302492,0.7276186245074412,0.7166744850846332,0.7057303456618251
2021_22_20220223_WAT_CRY,2021_22,2022-02-23,1,0.4344473007712082,0.4484368014607147,0.4344473007712082,0.4358462508401589,0.4379446759435848,0.44144205111596146,0.44493942628833805,0.4484368014607147
2021_22_20220224_ARS_WOL,2021_22,2022-02-24,1,0.4282051282051282,0.3918941711645338,0.4282051282051282,0.42457403250106873,0.4191273889449796,0.410049649684831,0.4009719104246824,0.3918941711645338
2021_22_20220225_SOU_NOR,2021_22,2022-02-25,0,0.5466321243523315,0.5450011337034921,0.5466321243523315,0.5464690252874476,0.5462243766901217,0.5458166290279118,0.545408881365702,0.5450011337034921
2021_22_20220226_BRE_NEW,2021_22,2022-02-26,0,0.4198473282442748,0.4437475593017863,0.4198473282442748,0.42223735135002594,0.4258223860086527,0.43179744377303053,0.4377725015374084,0.4437475593017863
2021_22_20220226_BRI_AVL,2021_22,2022-02-26,0,0.4444444444444444,0.453831724418115,0.4444444444444444,0.44538317244181147,0.44679126443786205,0.44913808443127967,0.45148490442469735,0.453831724418115
2021_22_20220226_CRY_BUR,2021_22,2022-02-26,0,0.4198473282442748,0.429630199739582,0.4198473282442748,0.4208256153938055,0.4222930461181016,0.4247387639919284,0.4271844818657552,0.429630199739582
2021_22_20220226_EVE_MCI,2021_22,2022-02-26,0,0.6169154228855721,0.6814422167937129,0.6169154228855721,0.6233681022763862,0.6330471213626073,0.6491788198396424,0.6653105183166776,0.6814422167937129
2021_22_20220226_LEE_TOT,2021_22,2022-02-26,1,0.5873417721518986,0.6452456522406954,0.5873417721518986,0.5931321601607784,0.6018177421740978,0.616293712196297,0.6307696822184963,0.6452456522406954
2021_22_20220226_MUN_WAT,2021_22,2022-02-26,0,0.5816326530612244,0.5895388849442096,0.5816326530612244,0.582423276249523,0.5836092110319706,0.585585769002717,0.5875623269734633,0.5895388849442096
2021_22_20220227_WHU_WOL,2021_22,2022-02-27,0,0.4173027989821883,0.4075094200363361,0.4173027989821883,0.4163234610876031,0.41485445424572526,0.4124061095092622,0.40995776477279916,0.4075094200363361
2021_22_20220301_BUR_LEI,2021_22,2022-03-01,0,0.484375,0.4917673237783908,0.484375,0.4851142323778391,0.4862230809445977,0.4880711618891954,0.48991924283379307,0.4917673237783908
2021_22_20220305_AVL_SOU,2021_22,2022-03-05,1,0.5221932114882506,0.5328260016738359,0.5221932114882506,0.5232564905068091,0.5248514090346469,0.5275096065810432,0.5301678041274396,0.5328260016738359
2021_22_20220305_BUR_CHE,2021_22,2022-03-05,1,0.4609375,0.4909039981565938,0.4609375,0.4639341498156594,0.4684291245391484,0.4759207490782969,0.4834123736174454,0.4909039981565938
2021_22_20220305_LEI_LEE,2021_22,2022-03-05,0,0.6188118811881189,0.6004785731596124,0.6188118811881189,0.6169785503852683,0.6142285541809923,0.6096452271738657,0.605061900166739,0.6004785731596124
2021_22_20220305_LIV_WHU,2021_22,2022-03-05,0,0.635036496350365,0.62023979329461,0.635036496350365,0.6335568260447895,0.6313373205864262,0.6276381448224875,0.6239389690585487,0.62023979329461
2021_22_20220305_NEW_BRI,2021_22,2022-03-05,1,0.423469387755102,0.3810616947665554,0.423469387755102,0.41922861845624737,0.4128674645079653,0.4022655412608287,0.3916636180136921,0.3810616947665554
2021_22_20220305_NOR_BRE,2021_22,2022-03-05,1,0.4183673469387755,0.3978498575661829,0.4183673469387755,0.4163155980015162,0.41323797459562733,0.4081086022524792,0.40297922990933105,0.3978498575661829
2021_22_20220305_WOL_CRY,2021_22,2022-03-05,0,0.3759213759213758,0.379078447463368,0.3759213759213758,0.376237083075575,0.37671064380687386,0.3774999116923719,0.37828917957786995,0.379078447463368
2021_22_20220306_MCI_MUN,2021_22,2022-03-06,1,0.5949367088607596,0.5968012891324629,0.5949367088607596,0.5951231668879299,0.5954028539286854,0.5958689989966113,0.596335144064537,0.5968012891324629
2021_22_20220306_WAT_ARS,2021_22,2022-03-06,1,0.4739583333333334,0.5186938130430694,0.4739583333333334,0.478431881304307,0.4851422032607674,0.49632607318820143,0.5075099431156354,0.5186938130430694
2021_22_20220307_TOT_EVE,2021_22,2022-03-07,1,0.5364583333333334,0.5512717546694468,0.5364583333333334,0.5379396754669448,0.5401616886673617,0.5438650440013901,0.5475683993354185,0.5512717546694468
2021_22_20220310_LEE_AVL,2021_22,2022-03-10,1,0.5644329896907216,0.6126460023758767,0.5644329896907216,0.5692542909592371,0.5764862428620104,0.5885394960332992,0.6005927492045879,0.6126460023758767
2021_22_20220310_NOR_CHE,2021_22,2022-03-10,1,0.5555555555555556,0.6255882528958087,0.5555555555555556,0.5625588252895809,0.5730637298906188,0.5905719042256821,0.6080800785607454,0.6255882528958087
2021_22_20220310_SOU_NEW,2021_22,2022-03-10,1,0.5326370757180157,0.5463785319977587,0.5326370757180157,0.53401122134599,0.5360724397879514,0.5395078038578871,0.5429431679278229,0.5463785319977587
2021_22_20220310_WOL_WAT,2021_22,2022-03-10,1,0.4101265822784811,0.396835563206784,0.4101265822784811,0.40879748037131136,0.4068038275105568,0.40348107274263256,0.40015831797470824,0.396835563206784
2021_22_20220312_BRE_BUR,2021_22,2022-03-12,0,0.4030226700251889,0.3828809701379275,0.4030226700251889,0.40100850003646277,0.3979872450533735,0.39295182008155816,0.38791639510974285,0.3828809701379275
2021_22_20220312_BRI_LIV,2021_22,2022-03-12,0,0.5666666666666667,0.6570674928455765,0.5666666666666667,0.5757067492845577,0.5892668732113941,0.6118670797561216,0.6344672863008491,0.6570674928455765
2021_22_20220312_MUN_TOT,2021_22,2022-03-12,1,0.5503875968992248,0.572556485820879,0.5503875968992248,0.5526044857913902,0.5559298191296383,0.5614720413600519,0.5670142635904655,0.572556485820879
2021_22_20220313_ARS_LEI,2021_22,2022-03-13,0,0.5862944162436549,0.6292859419952519,0.5862944162436549,0.5905935688188146,0.5970422976815541,0.6077901791194533,0.6185380605573526,0.6292859419952519
2021_22_20220313_CHE_NEW,2021_22,2022-03-13,0,0.5581395348837209,0.5296083096007344,0.5581395348837209,0.5552864123554223,0.5510067285629743,0.5438739222422276,0.536741115921481,0.5296083096007344
2021_22_20220313_EVE_WOL,2021_22,2022-03-13,0,0.4147582697201017,0.3960489189027532,0.4147582697201017,0.41288733463836685,0.41008093201576457,0.4054035943114275,0.4007262566070903,0.3960489189027532
2021_22_20220313_LEE_NOR,2021_22,2022-03-13,1,0.5717948717948719,0.5923696354162351,0.5717948717948719,0.5738523481570083,0.5769385627002126,0.5820822536055534,0.5872259445108943,0.5923696354162351
2021_22_20220313_SOU_WAT,2021_22,2022-03-13,1,0.5274151436031332,0.5272930674349009,0.5274151436031332,0.52740293598631,0.5273846245610752,0.5273541055190171,0.527323586476959,0.5272930674349009
2021_22_20220313_WHU_AVL,2021_22,2022-03-13,1,0.4895287958115184,0.5091984030811314,0.4895287958115184,0.4914957565384797,0.49444619762892167,0.4993635994463249,0.5042810012637282,0.5091984030811314
2021_22_20220314_CRY_MCI,2021_22,2022-03-14,0,0.5692307692307692,0.6355036487406471,0.5692307692307692,0.5758580571817571,0.5857989891082387,0.6023672089857082,0.6189354288631777,0.6355036487406471
2021_22_20220316_ARS_LIV,2021_22,2022-03-16,0,0.5555555555555556,0.5943303867901669,0.5555555555555556,0.5594330386790167,0.5652492633642084,0.5749429711728613,0.5846366789815141,0.5943303867901669
2021_22_20220316_BRI_TOT,2021_22,2022-03-16,0,0.4571428571428572,0.5100870474466266,0.4571428571428572,0.46243727617323416,0.4703789047187995,0.4836149522947419,0.49685099987068426,0.5100870474466266
2021_22_20220317_EVE_NEW,2021_22,2022-03-17,0,0.4830287206266319,0.4905202013183518,0.4830287206266319,0.48377786869580386,0.48490159079956185,0.48677446097249183,0.4886473311454218,0.4905202013183518
2021_22_20220318_WOL_LEE,2021_22,2022-03-18,1,0.4908616187989557,0.4960687262847878,0.4908616187989557,0.4913823295475389,0.49216339567041373,0.4934651725418717,0.49476694941332977,0.4960687262847878
2021_22_20220319_AVL_ARS,2021_22,2022-03-19,0,0.5117493472584856,0.5117031885594702,0.5117493472584856,0.5117447313885841,0.5117378075837318,0.5117262679089779,0.511714728234224,0.5117031885594702
2021_22_20220320_LEI_BRE,2021_22,2022-03-20,1,0.5039164490861618,0.5042576899943364,0.5039164490861618,0.5039505731769793,0.5040017593132055,0.5040870695402491,0.5041723797672928,0.5042576899943364
2021_22_20220320_TOT_WHU,2021_22,2022-03-20,1,0.5518134715025906,0.5258544026512914,0.5518134715025906,0.5492175646174607,0.5453237042897658,0.538833937076941,0.5323441698641163,0.5258544026512914
2021_22_20220402_BRI_NOR,2021_22,2022-04-02,0,0.4661458333333333,0.4713367833790678,0.4661458333333333,0.46666492833790674,0.46744357084476695,0.46874130835620054,0.4700390458676342,0.4713367833790678
2021_22_20220402_BUR_MCI,2021_22,2022-04-02,0,0.6005025125628142,0.6912733286857079,0.6005025125628142,0.6095795941751035,0.6231952165935376,0.645887920624261,0.6685806246549845,0.6912733286857079
2021_22_20220402_CHE_BRE,2021_22,2022-04-02,1,0.5052356020942408,0.4464338124904972,0.5052356020942408,0.49935542313386644,0.4905351546933049,0.475834707292369,0.4611342598914331,0.4464338124904972
2021_22_20220402_LEE_SOU,2021_22,2022-04-02,0,0.5862944162436549,0.6005806125350811,0.5862944162436549,0.5877230358727975,0.5898659653165115,0.593437514389368,0.5970090634622245,0.6005806125350811
2021_22_20220402_LIV_WAT,2021_22,2022-04-02,0,0.7045951859956237,0.6495598299644738,0.7045951859956237,0.6990916503925086,0.6908363469878362,0.6770775079800487,0.6633186689722612,0.6495598299644738
2021_22_20220402_MUN_LEI,2021_22,2022-04-02,0,0.6090225563909775,0.6184678810677375,0.6090225563909775,0.6099670888586536,0.6113838875601675,0.6137452187293575,0.6161065498985475,0.6184678810677375
2021_22_20220402_WOL_AVL,2021_22,2022-04-02,1,0.4020100502512562,0.3927932276584813,0.4020100502512562,0.40108836799197867,0.39970584460306247,0.39740163895486874,0.395097433306675,0.3927932276584813
2021_22_20220403_TOT_NEW,2021_22,2022-04-03,1,0.53125,0.4710462124249096,0.53125,0.525229621242491,0.5161990531062274,0.5011481062124548,0.48609715931868225,0.4710462124249096
2021_22_20220403_WHU_EVE,2021_22,2022-04-03,1,0.4934725848563968,0.5242376013556075,0.4934725848563968,0.4965490865063179,0.5011638389811994,0.5088550931060021,0.5165463472308048,0.5242376013556075
2021_22_20220404_CRY_ARS,2021_22,2022-04-04,1,0.4481865284974093,0.451919620621689,0.4481865284974093,0.4485598377098373,0.4491198015284792,0.4500530745595491,0.4509863475906191,0.451919620621689
2021_22_20220406_BUR_EVE,2021_22,2022-04-06,1,0.4245524296675191,0.4730970961926671,0.4245524296675191,0.4294068963200339,0.4366885962988061,0.4488247629300931,0.46096092956138013,0.4730970961926671
2021_22_20220408_NEW_WOL,2021_22,2022-04-08,0,0.3984962406015038,0.3980727239885237,0.3984962406015038,0.39845388894020584,0.3983903614482588,0.3982844822950138,0.3981786031417687,0.3980727239885237
2021_22_20220409_ARS_BRI,2021_22,2022-04-09,1,0.4738219895287958,0.4512937827772303,0.4738219895287958,0.4715691688536392,0.4681899378409044,0.4625578861530131,0.4569258344651217,0.4512937827772303
2021_22_20220409_AVL_TOT,2021_22,2022-04-09,1,0.5169712793733681,0.513582589703698,0.5169712793733681,0.5166324104064011,0.5161241069559506,0.5152769345385331,0.5144297621211156,0.513582589703698
2021_22_20220409_EVE_MUN,2021_22,2022-04-09,0,0.5208333333333334,0.5325077860430574,0.5208333333333334,0.5220007786043058,0.5237519465107643,0.5266705596881953,0.5295891728656263,0.5325077860430574
2021_22_20220409_SOU_CHE,2021_22,2022-04-09,1,0.4947916666666667,0.5405674491984725,0.4947916666666667,0.49936924491984724,0.5062356122996181,0.5176795579325696,0.5291235035655211,0.5405674491984725
2021_22_20220409_WAT_LEE,2021_22,2022-04-09,1,0.5402597402597403,0.5623793079174039,0.5402597402597403,0.5424716970255067,0.5457896321741562,0.5513195240885721,0.556849416002988,0.5623793079174039
2021_22_20220410_BRE_WHU,2021_22,2022-04-10,0,0.4609375,0.4390075067054576,0.4609375,0.4587445006705458,0.4554550016763644,0.44997250335272876,0.4444900050290932,0.4390075067054576
2021_22_20220410_LEI_CRY,2021_22,2022-04-10,1,0.4908616187989557,0.4715038411349713,0.4908616187989557,0.48892584103255726,0.4860221743829596,0.4811827299669635,0.4763432855509674,0.4715038411349713
2021_22_20220410_MCI_LIV,2021_22,2022-04-10,1,0.5618556701030928,0.5763634063073153,0.5618556701030928,0.563306443723515,0.5654826041541484,0.569109538205204,0.5727364722562597,0.5763634063073153
2021_22_20220410_NOR_BUR,2021_22,2022-04-10,0,0.4122137404580152,0.3866732409293672,0.4122137404580152,0.4096596905051504,0.40582861557585315,0.3994434906936912,0.3930583658115292,0.3866732409293672
2021_22_20220416_MUN_NOR,2021_22,2022-04-16,1,0.6299019607843138,0.6429914905182592,0.6299019607843138,0.6312109137577083,0.6331743432178002,0.6364467256512865,0.6397191080847728,0.6429914905182592
2021_22_20220416_SOU_ARS,2021_22,2022-04-16,0,0.5091383812010444,0.5839585077094582,0.5091383812010444,0.5166203938518857,0.5278434128281478,0.5465484444552513,0.5652534760823548,0.5839585077094582
2021_22_20220416_TOT_BRI,2021_22,2022-04-16,0,0.5104712041884817,0.4646402890224912,0.5104712041884817,0.5058881126718826,0.4990134753969841,0.48755574660548645,0.47609801781398886,0.4646402890224912
2021_22_20220416_WAT_BRE,2021_22,2022-04-16,1,0.4507772020725388,0.4259189786807734,0.4507772020725388,0.44829137973336225,0.44456264622459746,0.4383480903766561,0.4321335345287147,0.4259189786807734
2021_22_20220417_NEW_LEI,2021_22,2022-04-17,1,0.4960835509138382,0.5476334061014734,0.4960835509138382,0.5012385364326017,0.508971014710747,0.5218584785076558,0.5347459423045646,0.5476334061014734
2021_22_20220417_WHU_BUR,2021_22,2022-04-17,0,0.4921465968586388,0.4588620066982739,0.4921465968586388,0.48881813784260236,0.48382544931854754,0.4755043017784564,0.4671831542383652,0.4588620066982739
2021_22_20220419_LIV_MUN,2021_22,2022-04-19,1,0.6341463414634148,0.632183614378924,0.6341463414634148,0.6339500687549657,0.6336556596922921,0.6331649779211694,0.6326742961500467,0.632183614378924
2021_22_20220420_CHE_ARS,2021_22,2022-04-20,1,0.4687499999999999,0.4393757939606115,0.4687499999999999,0.465812579396061,0.4614064484901528,0.45406289698030566,0.44671934547045855,0.4393757939606115
2021_22_20220420_EVE_LEI,2021_22,2022-04-20,0,0.5013054830287206,0.5032512772604806,0.5013054830287206,0.5015000624518966,0.5017919315866606,0.5022783801446006,0.5027648287025406,0.5032512772604806
2021_22_20220420_MCI_BRI,2021_22,2022-04-20,1,0.5852417302798981,0.5634084052155345,0.5852417302798981,0.5830583977734617,0.5797833990138072,0.5743250677477163,0.5688667364816254,0.5634084052155345
2021_22_20220420_NEW_CRY,2021_22,2022-04-20,0,0.4333333333333333,0.4507256704485991,0.4333333333333333,0.43507256704485986,0.43768141761214974,0.44202950189096624,0.4463775861697827,0.4507256704485991
2021_22_20220421_BUR_SOU,2021_22,2022-04-21,0,0.4908616187989557,0.5041836166818079,0.4908616187989557,0.4921938185872409,0.49419211826966875,0.49752261774038176,0.5008531172110948,0.5041836166818079
2021_22_20220423_ARS_MUN,2021_22,2022-04-23,1,0.5286458333333333,0.5441438031416798,0.5286458333333333,0.5301956303141679,0.5325203257854199,0.5363948182375065,0.540269310689593,0.5441438031416798
2021_22_20220423_BRE_TOT,2021_22,2022-04-23,0,0.5143603133159269,0.5151201021394001,0.5143603133159269,0.5144362921982742,0.5145502605217952,0.5147402077276635,0.5149301549335318,0.5151201021394001
2021_22_20220423_LEI_AVL,2021_22,2022-04-23,0,0.5234374999999999,0.5095586086776022,0.5234374999999999,0.5220496108677601,0.5199677771694005,0.516498054338801,0.5130283315082016,0.5095586086776022
2021_22_20220423_MCI_WAT,2021_22,2022-04-23,1,0.6870748299319728,0.6363152462946675,0.6870748299319728,0.6819988715682422,0.6743849340226464,0.6616950381133202,0.6490051422039939,0.6363152462946675
2021_22_20220423_NOR_NEW,2021_22,2022-04-23,1,0.4908616187989557,0.4831693557819276,0.4908616187989557,0.4900923924972529,0.4889385530446987,0.48701548729044164,0.4850924215361846,0.4831693557819276
2021_22_20220424_BRI_SOU,2021_22,2022-04-24,1,0.4739583333333334,0.4698872498163369,0.4739583333333334,0.47355122498163377,0.4729405624540843,0.4719227915748352,0.47090502069558604,0.4698872498163369
2021_22_20220424_BUR_WOL,2021_22,2022-04-24,0,0.399497487437186,0.375001224976584,0.399497487437186,0.3970478611911258,0.3933734218220355,0.387249356206885,0.3811252905917345,0.375001224976584
2021_22_20220424_CHE_WHU,2021_22,2022-04-24,0,0.5286458333333333,0.5002743988651642,0.5286458333333333,0.5258086898865164,0.521552974716291,0.5144601160992488,0.5073672574822066,0.5002743988651642
2021_22_20220424_LIV_EVE,2021_22,2022-04-24,0,0.6579572446555819,0.6489261264699179,0.6579572446555819,0.6570541328370155,0.6556994651091659,0.6534416855627498,0.6511839060163338,0.6489261264699179
2021_22_20220425_CRY_LEE,2021_22,2022-04-25,0,0.5221932114882506,0.5297492690508113,0.5221932114882506,0.5229488172445067,0.5240822258788908,0.5259712402695309,0.5278602546601712,0.5297492690508113
2021_22_20220428_MUN_CHE,2021_22,2022-04-28,0,0.5260416666666667,0.5530774351766623,0.5260416666666667,0.5287452435176663,0.5328006087941657,0.5395595509216645,0.5463184930491634,0.5530774351766623
2021_22_20220430_AVL_NOR,2021_22,2022-04-30,0,0.5644329896907216,0.6094890776635011,0.5644329896907216,0.5689385984879995,0.5756970116839165,0.5869610336771114,0.5982250556703063,0.6094890776635011
2021_22_20220430_LEE_MCI,2021_22,2022-04-30,1,0.6457831325301205,0.6692190318901917,0.6457831325301205,0.6481267224661277,0.6516421073701384,0.6575010822101561,0.6633600570501739,0.6692190318901917
2021_22_20220430_NEW_LIV,2021_22,2022-04-30,0,0.5644329896907216,0.6047940167537506,0.5644329896907216,0.5684690923970245,0.5745232464564789,0.5846135032222362,0.5947037599879934,0.6047940167537506
2021_22_20220430_SOU_CRY,2021_22,2022-04-30,1,0.4791666666666667,0.5049988291601625,0.4791666666666667,0.4817498829160163,0.4856247072900406,0.49208274791341455,0.49854078853678857,0.5049988291601625
2021_22_20220430_WAT_BUR,2021_22,2022-04-30,1,0.4623376623376624,0.4702917936318989,0.4623376623376624,0.46313307546708604,0.46432619516122153,0.46631472798478063,0.4683032608083397,0.4702917936318989
2021_22_20220430_WOL_BRI,2021_22,2022-04-30,1,0.3821339950372208,0.3692799807772688,0.3821339950372208,0.38084859361122564,0.37892049147223283,0.37570698790724477,0.3724934843422568,0.3692799807772688
2021_22_20220501_EVE_CHE,2021_22,2022-05-01,0,0.4830287206266319,0.4609253446066357,0.4830287206266319,0.48081838302463226,0.4775028766216328,0.4719770326166338,0.46645118861163476,0.4609253446066357
2021_22_20220501_TOT_LEI,2021_22,2022-05-01,1,0.6005025125628142,0.6122612318184091,0.6005025125628142,0.6016783844883737,0.6034421923767129,0.6063818721906116,0.6093215520045103,0.6122612318184091
2021_22_20220501_WHU_ARS,2021_22,2022-05-01,1,0.5143603133159269,0.5377832922540117,0.5143603133159269,0.5167026112097354,0.5202160580504481,0.5260718027849693,0.5319275475194905,0.5377832922540117
2021_22_20220502_MUN_BRE,2021_22,2022-05-02,1,0.5442708333333333,0.5373805594324703,0.5442708333333333,0.543581805943247,0.5425482648581175,0.5408256963829018,0.5391031279076861,0.5373805594324703
2021_22_20220507_BRE_SOU,2021_22,2022-05-07,1,0.4960835509138382,0.4942675760766736,0.4960835509138382,0.4959019534301217,0.49562955720454704,0.49517556349525593,0.4947215697859647,0.4942675760766736
2021_22_20220507_BRI_MUN,2021_22,2022-05-07,1,0.4960835509138382,0.4871949336998292,0.4960835509138382,0.4951946891924373,0.49386139661033596,0.4916392423068337,0.48941708800333145,0.4871949336998292
2021_22_20220507_BUR_AVL,2021_22,2022-05-07,1,0.4673629242819843,0.449418823959669,0.4673629242819843,0.46556851424975276,0.46287689920140546,0.45839087412082663,0.4539048490402478,0.449418823959669
2021_22_20220507_CHE_WOL,2021_22,2022-05-07,1,0.5065274151436031,0.491101267030568,0.5065274151436031,0.5049848003322996,0.5026708781153443,0.49881434108708556,0.49495780405882683,0.491101267030568
2021_22_20220507_CRY_WAT,2021_22,2022-05-07,0,0.4908616187989557,0.4891259143805119,0.4908616187989557,0.49068804835711133,0.4904276926943447,0.4899937665897338,0.48955984048512285,0.4891259143805119
2021_22_20220507_LIV_TOT,2021_22,2022-05-07,0,0.6144278606965174,0.6284738732285258,0.6144278606965174,0.6158324619497183,0.6179393638295195,0.6214508669625216,0.6249623700955237,0.6284738732285258
2021_22_20220508_ARS_LEE,2021_22,2022-05-08,1,0.6040100250626567,0.5867697596625706,0.6040100250626567,0.6022859985226481,0.5996999587126352,0.5953898923626136,0.5910798260125921,0.5867697596625706
2021_22_20220508_LEI_EVE,2021_22,2022-05-08,1,0.4830287206266319,0.5049223494104859,0.4830287206266319,0.4852180835050173,0.4885021278225954,0.49397553501855884,0.49944894221452235,0.5049223494104859
2021_22_20220508_MCI_NEW,2021_22,2022-05-08,1,0.6442307692307693,0.6113951064340202,0.6442307692307693,0.6409472029510944,0.636021853531582,0.6278129378323947,0.6196040221332074,0.6113951064340202
2021_22_20220508_NOR_WHU,2021_22,2022-05-08,1,0.5234374999999999,0.5515103559392834,0.5234374999999999,0.5262447855939283,0.5304557139848207,0.5374739279696417,0.5444921419544626,0.5515103559392834
2021_22_20220510_AVL_LIV,2021_22,2022-05-10,1,0.5862944162436549,0.6540306309909304,0.5862944162436549,0.5930680377183825,0.6032284699304737,0.6201625236172926,0.6370965773041115,0.6540306309909304
2021_22_20220511_LEE_CHE,2021_22,2022-05-11,1,0.5816326530612244,0.6140308232688413,0.5816326530612244,0.5848724700819861,0.5897321956131286,0.5978317381650329,0.605931280716937,0.6140308232688413
2021_22_20220511_LEI_NOR,2021_22,2022-05-11,1,0.5924050632911392,0.5875927320503823,0.5924050632911392,0.5919238301670635,0.59120198048095,0.5899988976707607,0.5887958148605715,0.5875927320503823
2021_22_20220511_WAT_EVE,2021_22,2022-05-11,0,0.5013054830287206,0.5572371977662565,0.5013054830287206,0.5068986545024742,0.5152884117131046,0.5292713403974885,0.5432542690818725,0.5572371977662565
2021_22_20220511_WOL_MCI,2021_22,2022-05-11,1,0.5743589743589743,0.6367924817045895,0.5743589743589743,0.5806023250935359,0.5899673511953781,0.605575728031782,0.6211841048681856,0.6367924817045895
2021_22_20220512_TOT_ARS,2021_22,2022-05-12,1,0.5352480417754569,0.5576623250680119,0.5352480417754569,0.5374894701047125,0.5408516125985956,0.5464551834217344,0.5520587542448732,0.5576623250680119
2021_22_20220515_AVL_CRY,2021_22,2022-05-15,0,0.5065274151436031,0.52507666247363,0.5065274151436031,0.5083823398766059,0.5111647269761098,0.5158020388086166,0.5204393506411233,0.52507666247363
2021_22_20220515_EVE_BRE,2021_22,2022-05-15,1,0.4804177545691906,0.4720251726236849,0.4804177545691906,0.47957849637464,0.4783196090828142,0.47622146359643774,0.4741233181100613,0.4720251726236849
2021_22_20220515_LEE_BRI,2021_22,2022-05-15,0,0.5195822454308094,0.5198889426712462,0.5195822454308094,0.5196129151548532,0.5196589197409186,0.5197355940510278,0.519812268361137,0.5198889426712462
2021_22_20220515_TOT_BUR,2021_22,2022-05-15,0,0.602015113350126,0.6194680760350398,0.602015113350126,0.6037604096186174,0.6063783540213545,0.6107415946925829,0.6151048353638113,0.6194680760350398
2021_22_20220515_WAT_LEI,2021_22,2022-05-15,1,0.5402597402597403,0.5743582532084353,0.5402597402597403,0.5436695915546098,0.548784368496914,0.5573089967340878,0.5658336249712616,0.5743582532084353
2021_22_20220515_WHU_MCI,2021_22,2022-05-15,1,0.6159600997506234,0.634971496201985,0.6159600997506234,0.6178612393957595,0.6207129488634637,0.6254657979763042,0.6302186470891447,0.634971496201985
2021_22_20220515_WOL_NOR,2021_22,2022-05-15,0,0.5221932114882506,0.5327383853754434,0.5221932114882506,0.5232477288769699,0.5248295049600488,0.5274657984318469,0.5301020919036452,0.5327383853754434
2021_22_20220516_NEW_ARS,2021_22,2022-05-16,0,0.5157068062827225,0.5171294330995719,0.5157068062827225,0.5158490689644074,0.5160624629869348,0.5164181196911473,0.5167737763953596,0.5171294330995719
2021_22_20220517_SOU_LIV,2021_22,2022-05-17,1,0.6595744680851063,0.702954884711242,0.6595744680851063,0.66391250974772,0.6704195722416403,0.6812646763981742,0.6921097805547081,0.702954884711242
2021_22_20220519_AVL_BUR,2021_22,2022-05-19,0,0.4895287958115184,0.4697165606060465,0.4895287958115184,0.48754757229097123,0.48457573701015044,0.47962267820878246,0.4746696194074145,0.4697165606060465
2021_22_20220519_CHE_LEI,2021_22,2022-05-19,0,0.5852417302798981,0.5943039037418125,0.5852417302798981,0.5861479476260896,0.5875072736453767,0.5897728170108554,0.592038360376334,0.5943039037418125
2021_22_20220519_EVE_CRY,2021_22,2022-05-19,1,0.4673629242819843,0.4601202808406749,0.4673629242819843,0.46663865993785336,0.4655522634216569,0.46374160256132957,0.46193094170100224,0.4601202808406749
2021_22_20220522_ARS_EVE,2021_22,2022-05-22,1,0.606516290726817,0.6098182975749918,0.606516290726817,0.6068464914116345,0.6073417924388608,0.6081672941509044,0.6089927958629481,0.6098182975749918
2021_22_20220522_BRE_LEE,2021_22,2022-05-22,1,0.595959595959596,0.617565538221275,0.595959595959596,0.598120190185764,0.6013610815250158,0.6067625670904355,0.6121640526558553,0.617565538221275
2021_22_20220522_BRI_WHU,2021_22,2022-05-22,1,0.5416666666666667,0.5289022367478202,0.5416666666666667,0.5403902236747822,0.5384755591869551,0.5352844517072435,0.5320933442275319,0.5289022367478202
2021_22_20220522_BUR_NEW,2021_22,2022-05-22,1,0.4986945169712793,0.5200698809198416,0.4986945169712793,0.5008320533661356,0.5040383579584199,0.5093821989455605,0.514726039932701,0.5200698809198416
2021_22_20220522_CHE_WAT,2021_22,2022-05-22,1,0.6587677725118484,0.646911291907109,0.6587677725118484,0.6575821244513744,0.6558036523606635,0.6528395322094787,0.6498754120582939,0.646911291907109
2021_22_20220522_CRY_MUN,2021_22,2022-05-22,0,0.5492227979274612,0.5766732372430146,0.5492227979274612,0.5519678418590166,0.5560854077563495,0.5629480175852379,0.5698106274141262,0.5766732372430146
2021_22_20220522_LEI_SOU,2021_22,2022-05-22,1,0.602015113350126,0.5713249725094006,0.602015113350126,0.5989460992660535,0.5943425781399447,0.5866700429297633,0.5789975077195819,0.5713249725094006
2021_22_20220522_LIV_WOL,2021_22,2022-05-22,1,0.6635294117647058,0.642613114468634,0.6635294117647058,0.6614377820350986,0.6583003374406878,0.65307126311667,0.647842188792652,0.642613114468634
2021_22_20220522_MCI_AVL,2021_22,2022-05-22,1,0.6627358490566039,0.573731067761113,0.6627358490566039,0.6538353709270548,0.6404846537327312,0.6182334584088585,0.5959822630849857,0.573731067761113
2021_22_20220522_NOR_TOT,2021_22,2022-05-22,1,0.6595744680851063,0.7328100918658242,0.6595744680851063,0.6668980304631782,0.6778833740302859,0.6961922799754653,0.7145011859206448,0.7328100918658242
2022_23_20220805_CRY_ARS,2022_23,2022-08-05,0,0.4571428571428572,0.4526578708534096,0.4571428571428572,0.45669435851391244,0.4560216105704953,0.4549003639981334,0.4537791174257715,0.4526578708534096
2022_23_20220806_BOU_AVL,2022_23,2022-08-06,0,0.4699738903394256,0.4290747576713248,0.4699738903394256,0.46588397707261553,0.45974910717240036,0.44952432400537523,0.43929954083835,0.4290747576713248
2022_23_20220806_EVE_CHE,2022_23,2022-08-06,0,0.4804177545691906,0.4983397096893072,0.4804177545691906,0.48220995008120227,0.48489824334921977,0.4893787321292489,0.49385922090927803,0.4983397096893072
2022_23_20220806_FUL_LIV,2022_23,2022-08-06,1,0.6399026763990268,0.7050948402535514,0.6399026763990268,0.6464218927844793,0.656200717362658,0.6724987583262891,0.6887967992899202,0.7050948402535514
2022_23_20220806_LEE_WOL,2022_23,2022-08-06,1,0.4713541666666666,0.4435707245627614,0.4713541666666666,0.46857582245627605,0.4644083061406903,0.457462445614714,0.4505165850887377,0.4435707245627614
2022_23_20220806_NEW_NFO,2022_23,2022-08-06,0,0.4713541666666666,0.4662527915583477,0.4713541666666666,0.4708440291558347,0.47007882288958686,0.46880347911250714,0.4675281353354274,0.4662527915583477
2022_23_20220806_TOT_SOU,2022_23,2022-08-06,1,0.5924050632911392,0.5329838354019557,0.5924050632911392,0.5864629405022208,0.5775497563188433,0.5626944493465474,0.5478391423742516,0.5329838354019557
2022_23_20220807_LEI_BRE,2022_23,2022-08-07,1,0.5402597402597403,0.4810999445969488,0.5402597402597403,0.5343437606934611,0.5254697913440425,0.5106798424283445,0.4958898935126467,0.4810999445969488
2022_23_20220807_MUN_BRI,2022_23,2022-08-07,1,0.5052356020942408,0.4754366033146045,0.5052356020942408,0.5022557022162772,0.4977858523993317,0.4903361027044226,0.4828863530095136,0.4754366033146045
2022_23_20220807_WHU_MCI,2022_23,2022-08-07,0,0.6159600997506234,0.6139651442921981,0.6159600997506234,0.6157606042047808,0.6154613608860171,0.6149626220214107,0.6144638831568043,0.6139651442921981
2022_23_20220813_ARS_LEI,2022_23,2022-08-13,1,0.5666666666666667,0.545861309085381,0.5666666666666667,0.5645861309085382,0.5614653272713452,0.5562639878760238,0.5510626484807024,0.545861309085381
2022_23_20220813_AVL_EVE,2022_23,2022-08-13,1,0.4597402597402597,0.4399024188854158,0.4597402597402597,0.4577564756547754,0.4547807995265487,0.44982133931283774,0.44486187909912683,0.4399024188854158
2022_23_20220813_BRE_MUN,2022_23,2022-08-13,1,0.5260416666666667,0.5498563351467651,0.5260416666666667,0.5284231335146766,0.5319953337866914,0.5379490009067159,0.5439026680267405,0.5498563351467651
2022_23_20220813_BRI_NEW,2022_23,2022-08-13,0,0.4481865284974093,0.3873153573550722,0.4481865284974093,0.44209941138317566,0.43296873571182504,0.41775094292624076,0.4025331501406565,0.3873153573550722
2022_23_20220813_MCI_BOU,2022_23,2022-08-13,1,0.7158119658119658,0.6689062379168879,0.7158119658119658,0.711121393022458,0.7040855338381963,0.6923591018644268,0.6806326698906574,0.6689062379168879
2022_23_20220813_SOU_LEE,2022_23,2022-08-13,1,0.5518134715025906,0.5764124714715495,0.5518134715025906,0.5542733714994865,0.5579632214948304,0.5641129714870701,0.5702627214793098,0.5764124714715495
2022_23_20220813_WOL_FUL,2022_23,2022-08-13,0,0.4533678756476684,0.4233693337985586,0.4533678756476684,0.45036802146275745,0.44586824018539095,0.4383686047231135,0.43086896926083607,0.4233693337985586
2022_23_20220814_CHE_TOT,2022_23,2022-08-14,1,0.4934725848563968,0.4891150440013959,0.4934725848563968,0.4930368307708967,0.49238319964264654,0.4912938144288963,0.4902044292151461,0.4891150440013959
2022_23_20220814_NFO_WHU,2022_23,2022-08-14,0,0.5039164490861618,0.5053940528234923,0.5039164490861618,0.5040642094598948,0.5042858500204944,0.504655250954827,0.5050246518891597,0.5053940528234923
2022_23_20220815_LIV_CRY,2022_23,2022-08-15,0,0.6134663341645885,0.5928522883808843,0.6134663341645885,0.6114049295862181,0.6083128227186625,0.6031593112727365,0.5980057998268105,0.5928522883808843
2022_23_20220820_BOU_ARS,2022_23,2022-08-20,1,0.5428571428571429,0.5463888043676078,0.5428571428571429,0.5432103090081895,0.5437400582347591,0.5446229736123753,0.5455058889899915,0.5463888043676078
2022_23_20220820_CRY_AVL,2022_23,2022-08-20,1,0.4355670103092783,0.4225784954996538,0.4355670103092783,0.4342681588283158,0.4323198816068722,0.42907275290446606,0.42582562420205994,0.4225784954996538
2022_23_20220820_EVE_NFO,2022_23,2022-08-20,0,0.4635416666666666,0.4269842485637219,0.4635416666666666,0.45988592485637214,0.4544023121409304,0.44526295761519424,0.4361236030894581,0.4269842485637219
2022_23_20220820_FUL_BRE,2022_23,2022-08-20,1,0.4960835509138382,0.472627220640932,0.4960835509138382,0.4937379178865476,0.4902194683456117,0.48435538577738513,0.47849130320915856,0.472627220640932
2022_23_20220820_LEI_SOU,2022_23,2022-08-20,1,0.5841836734693877,0.5088812232693146,0.5841836734693877,0.5766534284493805,0.5653580609193695,0.5465324483693512,0.5277068358193329,0.5088812232693146
2022_23_20220820_TOT_WOL,2022_23,2022-08-20,0,0.5529715762273902,0.4789120029767,0.5529715762273902,0.5455656189023212,0.5344566829147177,0.5159417896020451,0.49742689628937253,0.4789120029767
2022_23_20220821_LEE_CHE,2022_23,2022-08-21,1,0.5681233933161953,0.6059741977014316,0.5681233933161953,0.5719084737547189,0.5775860944125044,0.5870487955088135,0.5965114966051226,0.6059741977014316
2022_23_20220821_NEW_MCI,2022_23,2022-08-21,1,0.578005115089514,0.604905341419132,0.578005115089514,0.5806951377224758,0.5847301716719185,0.5914552282543231,0.5981802848367275,0.604905341419132
2022_23_20220821_WHU_BRI,2022_23,2022-08-21,0,0.4855643044619423,0.4517149088839313,0.4855643044619423,0.4821793649041412,0.4771019555674395,0.4686396066729368,0.4601772577784341,0.4517149088839313
2022_23_20220822_MUN_LIV,2022_23,2022-08-22,1,0.6323529411764707,0.6734815345367607,0.6323529411764707,0.6364658005124997,0.6426350895165432,0.6529172378566157,0.6631993861966882,0.6734815345367607
2022_23_20220827_ARS_FUL,2022_23,2022-08-27,1,0.637469586374696,0.5824243950912328,0.637469586374696,0.6319650672463497,0.6237082885538302,0.6099469907329644,0.5961856929120986,0.5824243950912328
2022_23_20220827_BRE_EVE,2022_23,2022-08-27,0,0.4687499999999999,0.4235179088108475,0.4687499999999999,0.46422679088108465,0.45744197720271174,0.4461339544054237,0.43482593160813565,0.4235179088108475
2022_23_20220827_BRI_LEE,2022_23,2022-08-27,0,0.5248041775456919,0.5154495549793485,0.5248041775456919,0.5238687152890575,0.522465521904106,0.5201268662625202,0.5177882106209344,0.5154495549793485
2022_23_20220827_CHE_LEI,2022_23,2022-08-27,1,0.5816326530612244,0.562892004447519,0.5816326530612244,0.5797585881998539,0.5769474909077981,0.5722623287543717,0.5675771666009453,0.562892004447519
2022_23_20220827_LIV_BOU,2022_23,2022-08-27,1,0.6991150442477876,0.6935348871128344,0.6991150442477876,0.6985570285342922,0.6977200049640493,0.696324965680311,0.6949299263965727,0.6935348871128344
2022_23_20220827_MCI_CRY,2022_23,2022-08-27,1,0.6563981042654028,0.6068570861896789,0.6563981042654028,0.6514440024578305,0.6440128497464719,0.6316275952275409,0.6192423407086098,0.6068570861896789
2022_23_20220827_SOU_MUN,2022_23,2022-08-27,0,0.6005025125628142,0.6143084350280063,0.6005025125628142,0.6018831048093334,0.6039539931791122,0.6074054737954102,0.6108569544117082,0.6143084350280063
2022_23_20220828_AVL_WHU,2022_23,2022-08-28,0,0.5091383812010444,0.5214987108363723,0.5091383812010444,0.5103744141645772,0.5122284636098764,0.5153185460187084,0.5184086284275404,0.5214987108363723
2022_23_20220828_NFO_TOT,2022_23,2022-08-28,0,0.5492227979274612,0.585609673203645,0.5492227979274612,0.5528614854550796,0.5583195167465071,0.5674162355655531,0.576512954384599,0.585609673203645
2022_23_20220828_WOL_NEW,2022_23,2022-08-28,0,0.4533678756476684,0.4586009573444193,0.4533678756476684,0.4538911838173435,0.45467614607185614,0.4559844164960438,0.45729268692023156,0.4586009573444193
2022_23_20220830_CRY_BRE,2022_23,2022-08-30,0,0.4585492227979275,0.4238989183583033,0.4585492227979275,0.455084192353965,0.4498866466880214,0.4412240705781154,0.43256149446820935,0.4238989183583033
2022_23_20220830_FUL_BRI,2022_23,2022-08-30,1,0.4765625,0.4755483414076311,0.4765625,0.4764610841407631,0.4763089603519078,0.47605542070381557,0.4758018810557233,0.4755483414076311
2022_23_20220830_LEE_EVE,2022_23,2022-08-30,0,0.5195822454308094,0.5027817058525942,0.5195822454308094,0.517902191472988,0.5153821105362556,0.5111819756417018,0.506981840747148,0.5027817058525942
2022_23_20220830_SOU_CHE,2022_23,2022-08-30,1,0.5466321243523315,0.5771572386100032,0.5466321243523315,0.5496846357780987,0.5542634029167495,0.5618946814811674,0.5695259600455853,0.5771572386100032
2022_23_20220831_ARS_AVL,2022_23,2022-08-31,1,0.5466321243523315,0.4719675339975529,0.5466321243523315,0.5391656653168537,0.5279659767636369,0.5092998291749422,0.4906336815862476,0.4719675339975529
2022_23_20220831_BOU_WOL,2022_23,2022-08-31,0,0.4533678756476684,0.4744591099390552,0.4533678756476684,0.45547699907680705,0.45864068422051507,0.4639134927933618,0.46918630136620854,0.4744591099390552
2022_23_20220831_LIV_NEW,2022_23,2022-08-31,1,0.6365853658536585,0.5774360437011615,0.6365853658536585,0.6306704336384089,0.6217980353155342,0.60701070477741,0.5922233742392858,0.5774360437011615
2022_23_20220831_MCI_NFO,2022_23,2022-08-31,1,0.7664783427495293,0.6960418998667154,0.7664783427495293,0.7594346984612479,0.7488692320288258,0.7312601213081223,0.7136510105874189,0.6960418998667154
2022_23_20220831_WHU_TOT,2022_23,2022-08-31,0,0.5454545454545455,0.5779828499920696,0.5454545454545455,0.5487073759082979,0.5535866215889266,0.5617186977233075,0.5698507738576886,0.5779828499920696
2022_23_20220901_LEI_MUN,2022_23,2022-09-01,0,0.5852417302798981,0.6069310066118373,0.5852417302798981,0.587410657913092,0.5906640493628829,0.5960863684458677,0.6015086875288526,0.6069310066118373
2022_23_20220903_AVL_MCI,2022_23,2022-09-03,0,0.625615763546798,0.6568181150319273,0.625615763546798,0.628735998695311,0.6334163514180804,0.6412169392893627,0.649017527160645,0.6568181150319273
2022_23_20220903_BRE_LEE,2022_23,2022-09-03,1,0.5454545454545455,0.5494488331235748,0.5454545454545455,0.5458539742214484,0.5464531173718029,0.5474516892890602,0.5484502612063175,0.5494488331235748
2022_23_20220903_CHE_WHU,2022_23,2022-09-03,1,0.5492227979274612,0.5949413000567984,0.5492227979274612,0.5537946481403949,0.5606524234597955,0.5720820489921298,0.5835116745244641,0.5949413000567984
2022_23_20220903_EVE_LIV,2022_23,2022-09-03,0,0.6030150753768844,0.6220578039566351,0.6030150753768844,0.6049193482348595,0.6077757575218221,0.6125364396667597,0.6172971218116974,0.6220578039566351
2022_23_20220903_NEW_CRY,2022_23,2022-09-03,0,0.4661458333333333,0.4214237141196109,0.4661458333333333,0.46167362141196105,0.4549653035299027,0.44378477372647207,0.4326042439230415,0.4214237141196109
2022_23_20220903_NFO_BOU,2022_23,2022-09-03,1,0.4545454545454546,0.4597495382869965,0.4545454545454546,0.45506586291960877,0.45584647548084006,0.45714749641622554,0.458448517351611,0.4597495382869965
2022_23_20220903_TOT_FUL,2022_23,2022-09-03,1,0.5888324873096447,0.5494899668099605,0.5888324873096447,0.5848982352596763,0.5789968571847236,0.5691612270598025,0.5593255969348816,0.5494899668099605
2022_23_20220903_WOL_SOU,2022_23,2022-09-03,0,0.4725848563968668,0.4729983542807286,0.4725848563968668,0.47262620618525303,0.47268823086783224,0.4727916053387977,0.4728949798097632,0.4729983542807286
2022_23_20220904_BRI_LEI,2022_23,2022-09-04,1,0.4856396866840731,0.4754393550281148,0.4856396866840731,0.4846196535184773,0.48308960377008353,0.48053952085609397,0.47798943794210436,0.4754393550281148
2022_23_20220904_MUN_ARS,2022_23,2022-09-04,1,0.5618556701030928,0.5838621388419493,0.5618556701030928,0.5640563169769784,0.5673572872878069,0.572858904472521,0.5783605216572352,0.5838621388419493
2022_23_20220916_AVL_SOU,2022_23,2022-09-16,0,0.5195822454308094,0.5420987251878879,0.5195822454308094,0.5218338934065173,0.5252113653700791,0.5308404853093487,0.5364696052486183,0.5420987251878879
2022_23_20220916_NFO_FUL,2022_23,2022-09-16,1,0.5078534031413613,0.5017456313510793,0.5078534031413613,0.507242625962333,0.5063264601937908,0.5047995172462203,0.5032725742986498,0.5017456313510793
2022_23_20220917_NEW_BOU,2022_23,2022-09-17,0,0.5248041775456919,0.4831555130101461,0.5248041775456919,0.5206393110921372,0.5143920114118053,0.503979845277919,0.49356767914403255,0.4831555130101461
2022_23_20220917_TOT_LEI,2022_23,2022-09-17,1,0.6005025125628142,0.5721427684354793,0.6005025125628142,0.5976665381500808,0.5934125765309805,0.5863226404991467,0.579232704467313,0.5721427684354793
2022_23_20220917_WOL_MCI,2022_23,2022-09-17,1,0.602015113350126,0.6309829354567043,0.602015113350126,0.6049118955607838,0.6092570688767707,0.6164990244034152,0.6237409799300597,0.6309829354567043
2022_23_20220918_BRE_ARS,2022_23,2022-09-18,1,0.5681233933161953,0.539451665592901,0.5681233933161953,0.5652562205438658,0.5609554613853718,0.5537875294545482,0.5466195975237247,0.539451665592901
2022_23_20220918_EVE_WHU,2022_23,2022-09-18,0,0.4699738903394256,0.50355297819543,0.4699738903394256,0.47333179912502604,0.4783686623034267,0.4867634342674278,0.4951582062314289,0.50355297819543
2022_23_20221001_ARS_TOT,2022_23,2022-10-01,1,0.5581395348837209,0.5463531696086206,0.5581395348837209,0.556960898356211,0.5551929435649459,0.5522463522461707,0.5492997609273956,0.5463531696086206
2022_23_20221001_BOU_BRE,2022_23,2022-10-01,0,0.4804177545691906,0.4645717820793081,0.4804177545691906,0.4788331573202024,0.47645626144672,0.47249476832424936,0.46853327520177873,0.4645717820793081
2022_23_20221001_CRY_CHE,2022_23,2022-10-01,1,0.4673629242819843,0.4584743367776468,0.4673629242819843,0.4664740655315505,0.4651407774058999,0.4629186305298155,0.46069648365373117,0.4584743367776468
2022_23_20221001_FUL_NEW,2022_23,2022-10-01,1,0.5078534031413613,0.4772982493337774,0.5078534031413613,0.504797887760603,0.5002146146894653,0.49257582623756935,0.4849370377856734,0.4772982493337774
2022_23_20221001_LIV_BRI,2022_23,2022-10-01,1,0.6119402985074627,0.5600189740180521,0.6119402985074627,0.6067481660585216,0.59895996738511,0.5859796362627574,0.5729993051404048,0.5600189740180521
2022_23_20221001_SOU_EVE,2022_23,2022-10-01,1,0.4778067885117493,0.5313105445889075,0.4778067885117493,0.48315716411946513,0.4911827275310388,0.5045586665503283,0.5179346055696179,0.5313105445889075
2022_23_20221001_WHU_WOL,2022_23,2022-10-01,0,0.441860465116279,0.4681823631673882,0.441860465116279,0.44449265492138995,0.44844093962905635,0.4550214141418336,0.4616018886546109,0.4681823631673882
2022_23_20221002_LEE_AVL,2022_23,2022-10-02,0,0.5248041775456919,0.5301714025363277,0.5248041775456919,0.5253409000447554,0.5261459837933508,0.5274877900410098,0.5288295962886688,0.5301714025363277
2022_23_20221002_MCI_MUN,2022_23,2022-10-02,1,0.6595744680851063,0.6209060499930389,0.6595744680851063,0.6557076262758996,0.6499073635620894,0.6402402590390726,0.6305731545160558,0.6209060499930389
2022_23_20221003_LEI_NFO,2022_23,2022-10-03,1,0.570694087403599,0.5603509179159367,0.570694087403599,0.5696597704548327,0.5681082950316834,0.5655225026597679,0.5629367102878523,0.5603509179159367
2022_23_20221008_BOU_LEI,2022_23,2022-10-08,1,0.5195822454308094,0.4966887130763479,0.5195822454308094,0.5172928921953633,0.513858862342194,0.5081354792535786,0.5024120961649632,0.4966887130763479
2022_23_20221008_BRI_TOT,2022_23,2022-10-08,0,0.5156249999999999,0.4823798627898653,0.5156249999999999,0.5123004862789865,0.5073137156974662,0.4990024313949326,0.4906911470923989,0.4823798627898653
2022_23_20221008_CHE_WOL,2022_23,2022-10-08,1,0.5195822454308094,0.5272838184242225,0.5195822454308094,0.5203524027301508,0.5215076386791627,0.523433031927516,0.5253584251758692,0.5272838184242225
2022_23_20221008_MCI_SOU,2022_23,2022-10-08,1,0.7572815533980582,0.7075122428481668,0.7572815533980582,0.7523046223430692,0.7448392257605854,0.7323968981231126,0.7199545704856397,0.7075122428481668
2022_23_20221008_NEW_BRE,2022_23,2022-10-08,1,0.5402597402597403,0.536793233266541,0.5402597402597403,0.5399130895604204,0.5393931135114405,0.5385264867631407,0.5376598600148409,0.536793233266541
2022_23_20221009_ARS_LIV,2022_23,2022-10-09,1,0.5979899497487436,0.589039551298796,0.5979899497487436,0.5970949099037488,0.5957523501362567,0.5935147505237699,0.591277150911283,0.589039551298796
2022_23_20221009_CRY_LEE,2022_23,2022-10-09,1,0.5182291666666667,0.5248259950719277,0.5182291666666667,0.5188888495071928,0.519878373767982,0.5215275808692972,0.5231767879706124,0.5248259950719277
2022_23_20221009_EVE_MUN,2022_23,2022-10-09,1,0.5182291666666667,0.5126095365869444,0.5182291666666667,0.5176672036586946,0.5168242591467361,0.5154193516268055,0.514014444106875,0.5126095365869444
2022_23_20221009_WHU_FUL,2022_23,2022-10-09,1,0.53125,0.4758381025531427,0.53125,0.5257088102553142,0.5173970256382857,0.5035440512765713,0.489691076914857,0.4758381025531427
2022_23_20221010_NFO_AVL,2022_23,2022-10-10,0,0.4765625,0.5229822062715306,0.4765625,0.48120447062715305,0.48816742656788265,0.4997723531357653,0.511377279703648,0.5229822062715306
2022_23_20221014_BRE_BRI,2022_23,2022-10-14,0,0.4947643979057591,0.4460497085387713,0.4947643979057591,0.48989292896906034,0.4825857255640122,0.47040705322226517,0.4582283808805182,0.4460497085387713
2022_23_20221015_FUL_BOU,2022_23,2022-10-15,1,0.5026178010471204,0.5317435770949966,0.5026178010471204,0.505530378651908,0.5098992450590895,0.5171806890710585,0.5244621330830276,0.5317435770949966
2022_23_20221015_LEI_CRY,2022_23,2022-10-15,0,0.5169712793733681,0.4956691290331708,0.5169712793733681,0.5148410643393484,0.5116457417883188,0.5063202042032694,0.5009946666182201,0.4956691290331708
2022_23_20221015_TOT_EVE,2022_23,2022-10-15,0,0.5416666666666667,0.5496144459081942,0.5416666666666667,0.5424614445908196,0.5436536114770486,0.5456405562874305,0.5476275010978123,0.5496144459081942
2022_23_20221015_WOL_NFO,2022_23,2022-10-15,0,0.4739583333333334,0.4377243742717185,0.4739583333333334,0.4703349374271719,0.4648998435679297,0.455841353802526,0.44678286403712225,0.4377243742717185
2022_23_20221016_AVL_CHE,2022_23,2022-10-16,0,0.4803149606299213,0.4889034277744439,0.4803149606299213,0.48117380734437354,0.48246207741605196,0.4846091942021826,0.48675631098831323,0.4889034277744439
2022_23_20221016_LEE_ARS,2022_23,2022-10-16,0,0.5877862595419847,0.6083693700805269,0.5877862595419847,0.589844570595839,0.5929320371766202,0.5980778148112558,0.6032235924458914,0.6083693700805269
2022_23_20221016_LIV_MCI,2022_23,2022-10-16,0,0.6490384615384616,0.6091866022206709,0.6490384615384616,0.6450532756066825,0.6390754967090139,0.6291125318795663,0.6191495670501186,0.6091866022206709
2022_23_20221016_MUN_NEW,2022_23,2022-10-16,0,0.5618556701030928,0.5213392944805123,0.5618556701030928,0.5578040325408347,0.5517265761974477,0.5415974822918026,0.5314683883861575,0.5213392944805123
2022_23_20221016_SOU_WHU,2022_23,2022-10-16,0,0.4960835509138382,0.5364202013070491,0.4960835509138382,0.5001172159531593,0.506167713512141,0.5162518761104437,0.5263360387087465,0.5364202013070491
2022_23_20221018_BRI_NFO,2022_23,2022-10-18,0,0.5428571428571429,0.5078013443842396,0.5428571428571429,0.5393515630098527,0.5340931932389171,0.5253292436206913,0.5165652940024654,0.5078013443842396
2022_23_20221018_CRY_WOL,2022_23,2022-10-18,1,0.3924999999999999,0.3821547306676794,0.3924999999999999,0.3914654730667678,0.3899136826669198,0.38732736533383966,0.38474104800075953,0.3821547306676794
2022_23_20221019_BOU_SOU,2022_23,2022-10-19,0,0.4647519582245431,0.4473080229305741,0.4647519582245431,0.46300756469514626,0.46039097440105087,0.4560299905775586,0.45166900675406635,0.4473080229305741
2022_23_20221019_BRE_CHE,2022_23,2022-10-19,0,0.5195822454308094,0.5462825902678997,0.5195822454308094,0.5222522799145185,0.526257331640082,0.5329324178493546,0.5396075040586272,0.5462825902678997
2022_23_20221019_LIV_WHU,2022_23,2022-10-19,0,0.625615763546798,0.642072672530424,0.625615763546798,0.6272614544451607,0.6297299907927045,0.633844218038611,0.6379584452845175,0.642072672530424
2022_23_20221019_MUN_TOT,2022_23,2022-10-19,0,0.5518134715025906,0.5392816862278275,0.5518134715025906,0.5505602929751143,0.5486805251838999,0.5455475788652091,0.5424146325465182,0.5392816862278275
2022_23_20221019_NEW_EVE,2022_23,2022-10-19,0,0.5078534031413613,0.5059454098874754,0.5078534031413613,0.5076626038159727,0.5073764048278898,0.5068994065144183,0.5064224082009469,0.5059454098874754
2022_23_20221020_FUL_AVL,2022_23,2022-10-20,1,0.4921465968586388,0.5196630860736421,0.4921465968586388,0.4948982457801392,0.4990257191623896,0.5059048414661405,0.5127839637698913,0.5196630860736421
2022_23_20221020_LEI_LEE,2022_23,2022-10-20,0,0.5544041450777203,0.5492341011223992,0.5544041450777203,0.5538871406821881,0.55311163408889,0.5518191231000598,0.5505266121112296,0.5492341011223992
2022_23_20221022_CHE_MUN,2022_23,2022-10-22,0,0.5117493472584856,0.4764971778734517,0.5117493472584856,0.5082241303199823,0.5029363049122272,0.49412326256596867,0.48531022021971015,0.4764971778734517
2022_23_20221022_EVE_CRY,2022_23,2022-10-22,1,0.4293059125964009,0.4350124107782573,0.4293059125964009,0.4298765624145865,0.430732537141865,0.4321591616873291,0.4335857862327932,0.4350124107782573
2022_23_20221022_MCI_BRI,2022_23,2022-10-22,1,0.6457831325301205,0.5685027078486713,0.6457831325301205,0.6380550900619757,0.6264630263597583,0.6071429201893959,0.5878228140190336,0.5685027078486713
2022_23_20221022_NFO_LIV,2022_23,2022-10-22,0,0.635036496350365,0.6950020791639197,0.635036496350365,0.6410330546317204,0.6500278920537537,0.6650192877571424,0.6800106834605311,0.6950020791639197
2022_23_20221023_AVL_BRE,2022_23,2022-10-23,1,0.5026178010471204,0.5318176517766603,0.5026178010471204,0.5055377861200744,0.5099177637295054,0.5172177264118903,0.5245176890942753,0.5318176517766603
2022_23_20221023_LEE_FUL,2022_23,2022-10-23,1,0.5518134715025906,0.5261494887173048,0.5518134715025906,0.5492470732240621,0.5453974758062692,0.5389814801099477,0.5325654844136263,0.5261494887173048
2022_23_20221023_SOU_ARS,2022_23,2022-10-23,0,0.570694087403599,0.5988013145796511,0.570694087403599,0.5735048101212041,0.577720894197612,0.5847477009916251,0.5917745077856381,0.5988013145796511
2022_23_20221023_TOT_NEW,2022_23,2022-10-23,1,0.5117493472584856,0.4834960757177188,0.5117493472584856,0.508924020104409,0.504686029373294,0.4976227114881022,0.49055939360291045,0.4834960757177188
2022_23_20221023_WOL_LEI,2022_23,2022-10-23,1,0.4908616187989557,0.5142890846759002,0.4908616187989557,0.49320436538665013,0.49671848526819184,0.502575351737428,0.5084322182066641,0.5142890846759002
2022_23_20221024_WHU_BOU,2022_23,2022-10-24,0,0.4947643979057591,0.5217144523303057,0.4947643979057591,0.49745940334821376,0.5015019115118957,0.5082394251180324,0.514976938724169,0.5217144523303057
2022_23_20221029_BOU_TOT,2022_23,2022-10-29,1,0.5013123359580053,0.5371475739000889,0.5013123359580053,0.5048958597522136,0.5102711454435261,0.5192299549290471,0.5281887644145681,0.5371475739000889
2022_23_20221029_BRE_WOL,2022_23,2022-10-29,0,0.486910994764398,0.4894086131336561,0.486910994764398,0.4871607566013238,0.48753539935671253,0.488159803949027,0.4887842085413415,0.4894086131336561
2022_23_20221029_BRI_CHE,2022_23,2022-10-29,1,0.4659685863874345,0.5176324910164223,0.4659685863874345,0.47113497685033323,0.4788845625446814,0.4918005387019284,0.5047165148591753,0.5176324910164223
2022_23_20221029_CRY_SOU,2022_23,2022-10-29,0,0.4699738903394256,0.4713655711106965,0.4699738903394256,0.4701130584165527,0.4703218105322433,0.470669730725061,0.4710176509178787,0.4713655711106965
2022_23_20221029_FUL_EVE,2022_23,2022-10-29,0,0.5170603674540682,0.5056821248716665,0.5170603674540682,0.5159225431958281,0.5142158068084678,0.5113712461628674,0.508526685517267,0.5056821248716665
2022_23_20221029_LEI_MCI,2022_23,2022-10-29,0,0.6563245823389022,0.6557197240327851,0.6563245823389022,0.6562640965082905,0.656173367762373,0.6560221531858437,0.6558709386093143,0.6557197240327851
2022_23_20221029_LIV_LEE,2022_23,2022-10-29,1,0.6986607142857143,0.7058701692165892,0.6986607142857143,0.6993816597788018,0.700463078018433,0.7022654417511518,0.7040678054838705,0.7058701692165892
2022_23_20221029_NEW_AVL,2022_23,2022-10-29,1,0.4986876640419947,0.459845144449963,0.4986876640419947,0.49480341208279155,0.4889770341439868,0.4792664042459789,0.4695557743479709,0.459845144449963
2022_23_20221030_ARS_NFO,2022_23,2022-10-30,1,0.6314496314496314,0.6266468232107432,0.6314496314496314,0.6309693506257427,0.6302489293899094,0.6290482273301873,0.6278475252704652,0.6266468232107432
2022_23_20221030_MUN_WHU,2022_23,2022-10-30,0,0.5261780104712042,0.5378609089700234,0.5261780104712042,0.5273463003210861,0.529098735095909,0.5320194597206138,0.5349401843453185,0.5378609089700234
2022_23_20221105_EVE_LEI,2022_23,2022-11-05,0,0.4725848563968668,0.5143533141926288,0.4725848563968668,0.47676170217644304,0.48302697084580726,0.49346908529474776,0.5039111997436883,0.5143533141926288
2022_23_20221105_LEE_BOU,2022_23,2022-11-05,1,0.5338541666666666,0.5538401103740186,0.5338541666666666,0.5358527610374019,0.5388506525935046,0.5438471385203426,0.5488436244471806,0.5538401103740186
2022_23_20221105_MCI_FUL,2022_23,2022-11-05,1,0.7490118577075099,0.6915137367893207,0.7490118577075099,0.743262045615691,0.7346373274779626,0.7202627972484152,0.705888267018868,0.6915137367893207
2022_23_20221105_NFO_BRE,2022_23,2022-11-05,1,0.4804177545691906,0.4863303428988562,0.4804177545691906,0.4810090134021572,0.481895901651607,0.4833740487340234,0.4848521958164398,0.4863303428988562
2022_23_20221105_WOL_BRI,2022_23,2022-11-05,1,0.4545454545454546,0.4488530955011935,0.4545454545454546,0.45397621864102844,0.45312236478438933,0.4516992750233241,0.45027618526225877,0.4488530955011935
2022_23_20221106_AVL_MUN,2022_23,2022-11-06,1,0.5078534031413613,0.5571089016534743,0.5078534031413613,0.5127789529925726,0.5201672777693895,0.5324811523974178,0.544795027025446,0.5571089016534743
2022_23_20221106_CHE_ARS,2022_23,2022-11-06,0,0.5065274151436031,0.5075473076362298,0.5065274151436031,0.5066294043928659,0.5067823882667597,0.5070373613899164,0.5072923345130731,0.5075473076362298
2022_23_20221106_SOU_NEW,2022_23,2022-11-06,1,0.5026178010471204,0.5068540799949026,0.5026178010471204,0.5030414289418986,0.503676870784066,0.5047359405210115,0.505795010257957,0.5068540799949026
2022_23_20221106_TOT_LIV,2022_23,2022-11-06,1,0.5658914728682171,0.6178841517340005,0.5658914728682171,0.5710907407547954,0.5788896425846629,0.5918878123011088,0.6048859820175546,0.6178841517340005
2022_23_20221106_WHU_CRY,2022_23,2022-11-06,1,0.4545454545454546,0.4440304338342907,0.4545454545454546,0.4534939524743382,0.4519166993676636,0.4492879441898726,0.4466591890120817,0.4440304338342907
2022_23_20221112_BOU_EVE,2022_23,2022-11-12,1,0.4444444444444444,0.4632737319739546,0.4444444444444444,0.44632737319739546,0.44915176632682197,0.4538590882091995,0.45856641009157706,0.4632737319739546
2022_23_20221112_LIV_SOU,2022_23,2022-11-12,1,0.6736111111111112,0.6946676366387485,0.6736111111111112,0.6757167636638749,0.6788752424930204,0.6841393738749298,0.6894035052568391,0.6946676366387485
2022_23_20221112_MCI_BRE,2022_23,2022-11-12,1,0.7074235807860262,0.6961801444753107,0.7074235807860262,0.7062992371549546,0.7046127217083473,0.7018018626306685,0.6989910035529896,0.6961801444753107
2022_23_20221112_NEW_CHE,2022_23,2022-11-12,0,0.4960835509138382,0.5034222792668926,0.4960835509138382,0.4968174237491436,0.4979182330021018,0.49975291509036546,0.501587597178629,0.5034222792668926
2022_23_20221112_NFO_CRY,2022_23,2022-11-12,0,0.4366925064599483,0.439667560315952,0.4366925064599483,0.4369900118455487,0.43743626992394924,0.43818003338795014,0.4389237968519511,0.439667560315952
2022_23_20221112_TOT_LEE,2022_23,2022-11-12,1,0.5913705583756345,0.5747106729662996,0.5913705583756345,0.589704569834701,0.5872055870233007,0.5830406156709671,0.5788756443186334,0.5747106729662996
2022_23_20221112_WHU_LEI,2022_23,2022-11-12,0,0.4947643979057591,0.5488244283404838,0.4947643979057591,0.5001704009492316,0.5082794055144403,0.5217944131231215,0.5353094207318027,0.5488244283404838
2022_23_20221112_WOL_ARS,2022_23,2022-11-12,0,0.5352480417754569,0.5631410757133936,0.5352480417754569,0.5380373451692506,0.5422213002599411,0.5491945587444252,0.5561678172289094,0.5631410757133936
2022_23_20221113_BRI_AVL,2022_23,2022-11-13,1,0.5,0.4596258693684699,0.5,0.495962586936847,0.48990646734211746,0.4798129346842349,0.46971940202635243,0.4596258693684699
2022_23_20221113_FUL_MUN,2022_23,2022-11-13,1,0.5831202046035805,0.6090615629744027,0.5831202046035805,0.5857143404406627,0.5896055441962861,0.5960908837889916,0.6025762233816971,0.6090615629744027
2022_23_20221226_ARS_WHU,2022_23,2022-12-26,1,0.5390625,0.5418634855081579,0.5390625,0.5393425985508158,0.5397627463770395,0.5404629927540789,0.5411632391311184,0.5418634855081579
2022_23_20221226_AVL_LIV,2022_23,2022-12-26,1,0.5790816326530612,0.6196767943794467,0.5790816326530612,0.5831411488256998,0.5892304230846576,0.5993792135162539,0.6095280039478503,0.6196767943794467
2022_23_20221226_BRE_TOT,2022_23,2022-12-26,1,0.5275590551181102,0.524030846715617,0.5275590551181102,0.5272062342778608,0.5266770030174869,0.5257949509168636,0.5249128988162403,0.524030846715617
2022_23_20221226_CRY_FUL,2022_23,2022-12-26,1,0.4842931937172774,0.4694471879647213,0.4842931937172774,0.48280859314202185,0.4805816922791384,0.47687019084099935,0.4731586894028603,0.4694471879647213
2022_23_20221226_EVE_WOL,2022_23,2022-12-26,1,0.4329896907216495,0.3913542417057615,0.4329896907216495,0.4288261458200607,0.4225808284676775,0.4121719662137055,0.4017631039597335,0.3913542417057615
2022_23_20221226_LEI_NEW,2022_23,2022-12-26,1,0.5221932114882506,0.4885411281075755,0.5221932114882506,0.5188280031501831,0.5137801906430818,0.5053671697979131,0.49695414895274426,0.4885411281075755
2022_23_20221226_SOU_BRI,2022_23,2022-12-26,1,0.5,0.4543244144730793,0.5,0.4954324414473079,0.48858110361826984,0.4771622072365397,0.46574331085480947,0.4543244144730793
2022_23_20221227_CHE_BOU,2022_23,2022-12-27,0,0.5732647814910026,0.5734837634544276,0.5732647814910026,0.5732866796873451,0.5733195269818588,0.5733742724727151,0.5734290179635714,0.5734837634544276
2022_23_20221227_MUN_NFO,2022_23,2022-12-27,1,0.5805626598465473,0.5847508481150175,0.5805626598465473,0.5809814786733943,0.5816097069136649,0.5826567539807824,0.5837038010479,0.5847508481150175
2022_23_20221228_LEE_MCI,2022_23,2022-12-28,1,0.664319248826291,0.7183095750975649,0.664319248826291,0.6697182814534184,0.6778168303941094,0.6913144119619279,0.7048119935297464,0.7183095750975649
2022_23_20221230_LIV_LEI,2022_23,2022-12-30,1,0.660377358490566,0.667654025560006,0.660377358490566,0.66110502519751,0.6621965252579259,0.664015692025286,0.665834858792646,0.667654025560006
2022_23_20221230_WHU_BRE,2022_23,2022-12-30,0,0.4947643979057591,0.4769169606703719,0.4947643979057591,0.4929796541822204,0.4903025385969123,0.4858406792880655,0.4813788199792187,0.4769169606703719
2022_23_20221231_BOU_CRY,2022_23,2022-12-31,0,0.4481865284974093,0.4209286226922991,0.4481865284974093,0.44546073791689833,0.4413720520461317,0.4345575755948542,0.42774309914357667,0.4209286226922991
2022_23_20221231_BRI_ARS,2022_23,2022-12-31,1,0.5208333333333334,0.5245968075700583,0.5208333333333334,0.5212096807570059,0.5217742018925146,0.5227150704516959,0.5236559390108771,0.5245968075700583
2022_23_20221231_FUL_SOU,2022_23,2022-12-31,1,0.548051948051948,0.519597028229137,0.548051948051948,0.5452064560696669,0.5409382180962452,0.5338244881405425,0.5267107581848398,0.519597028229137
2022_23_20221231_MCI_EVE,2022_23,2022-12-31,0,0.6877828054298643,0.6776093434300487,0.6877828054298643,0.6867654592298827,0.6852394399299103,0.6826960744299565,0.6801527089300026,0.6776093434300487
2022_23_20221231_NEW_LEE,2022_23,2022-12-31,0,0.5826972010178116,0.4768950128343727,0.5826972010178116,0.5721169821994678,0.5562466539719518,0.5297961069260921,0.5033455598802324,0.4768950128343727
2022_23_20221231_WOL_MUN,2022_23,2022-12-31,0,0.4856396866840731,0.5057148248299534,0.4856396866840731,0.48764720049866117,0.4906584712205432,0.49567725575701327,0.5006960402934834,0.5057148248299534
2022_23_20230101_NFO_CHE,2022_23,2023-01-01,0,0.4855643044619423,0.5104407427538115,0.4855643044619423,0.48805194829112925,0.49178341403490955,0.4980025236078769,0.5042216331808442,0.5104407427538115
2022_23_20230101_TOT_AVL,2022_23,2023-01-01,0,0.5378590078328982,0.4736175551728088,0.5378590078328982,0.5314348625668892,0.5217986446678758,0.5057382815028535,0.48967791833783114,0.4736175551728088
2022_23_20230102_BRE_LIV,2022_23,2023-01-02,1,0.5969773299748111,0.6173212030842407,0.5969773299748111,0.5990117172857541,0.6020632982521685,0.6071492665295259,0.6122352348068834,0.6173212030842407
2022_23_20230103_ARS_NEW,2022_23,2023-01-03,0,0.53125,0.473878609711006,0.53125,0.5255128609711006,0.5169071524277515,0.502564304855503,0.4882214572832545,0.473878609711006
2022_23_20230103_EVE_BRI,2022_23,2023-01-03,1,0.4804177545691906,0.4268898461226655,0.4804177545691906,0.4750649637245381,0.46703577745755936,0.45365380034592806,0.44027182323429676,0.4268898461226655
2022_23_20230103_LEI_FUL,2022_23,2023-01-03,0,0.548051948051948,0.5572844815236002,0.548051948051948,0.5489752013991133,0.550360081419861,0.5526682147877742,0.5549763481556872,0.5572844815236002
2022_23_20230103_MUN_BOU,2022_23,2023-01-03,1,0.6169154228855721,0.5775013453216781,0.6169154228855721,0.6129740151291827,0.6070619034945987,0.5972083841036251,0.5873548647126515,0.5775013453216781
2022_23_20230104_AVL_WOL,2022_23,2023-01-04,0,0.4647519582245431,0.428617679142301,0.4647519582245431,0.4611385303163189,0.4557183884539826,0.446684818683422,0.4376512489128615,0.428617679142301
2022_23_20230104_CRY_TOT,2022_23,2023-01-04,1,0.5065616797900262,0.4890189130210952,0.5065616797900262,0.5048074031131331,0.5021759880977935,0.4977902964055607,0.4934046047133279,0.4890189130210952
2022_23_20230104_LEE_WHU,2022_23,2023-01-04,1,0.5326370757180157,0.5228657158022076,0.5326370757180157,0.5316599397264349,0.5301942357390637,0.5277513957601117,0.5253085557811596,0.5228657158022076
2022_23_20230104_SOU_NFO,2022_23,2023-01-04,0,0.4712041884816754,0.4465105109709534,0.4712041884816754,0.4687348207306032,0.4650307691039949,0.4588573497263144,0.45268393034863386,0.4465105109709534
2022_23_20230105_CHE_MCI,2022_23,2023-01-05,0,0.5326370757180157,0.6087989659202662,0.5326370757180157,0.5402532647382408,0.5516775482685783,0.5707180208191409,0.5897584933697035,0.6087989659202662
2022_23_20230112_FUL_CHE,2022_23,2023-01-12,1,0.5248041775456919,0.5710866648919604,0.5248041775456919,0.5294324262803187,0.536374799382259,0.5479454212188262,0.5595160430553933,0.5710866648919604
2022_23_20230113_AVL_LEE,2022_23,2023-01-13,1,0.5350649350649351,0.4783543759673952,0.5350649350649351,0.5293938791551811,0.5208872952905502,0.5067096555161652,0.4925320157417802,0.4783543759673952
2022_23_20230114_BRE_BOU,2022_23,2023-01-14,0,0.5274151436031332,0.4855256084743017,0.5274151436031332,0.5232261900902501,0.5169427598209253,0.5064703760387175,0.49599799225650965,0.4855256084743017
2022_23_20230114_BRI_LIV,2022_23,2023-01-14,1,0.6030150753768844,0.5923490045161273,0.6030150753768844,0.6019484682908087,0.6003485576616951,0.5976820399465058,0.5950155222313165,0.5923490045161273
2022_23_20230114_EVE_SOU,2022_23,2023-01-14,1,0.4559585492227979,0.4375034333342089,0.4559585492227979,0.45411303763393895,0.4513447702506507,0.44673099127850335,0.44211721230635614,0.4375034333342089
2022_23_20230114_MUN_MCI,2022_23,2023-01-14,1,0.5629820051413882,0.6113514516174727,0.5629820051413882,0.5678189497889966,0.5750743667604094,0.5871667283794304,0.5992590899984516,0.6113514516174727
2022_23_20230114_NFO_LEI,2022_23,2023-01-14,0,0.4817708333333334,0.498077866984481,0.4817708333333334,0.4834015366984482,0.4858475917461203,0.48992435015890723,0.4940011085716941,0.498077866984481
2022_23_20230114_WOL_WHU,2022_23,2023-01-14,0,0.4307692307692307,0.4152124881782681,0.4307692307692307,0.42921355651013443,0.4268800451214901,0.42299085947374937,0.4191016738260087,0.4152124881782681
2022_23_20230115_CHE_CRY,2022_23,2023-01-15,0,0.4830287206266319,0.4670880144078458,0.4830287206266319,0.4814346500047533,0.47904354407193533,0.47505836751723884,0.47107319096254235,0.4670880144078458
2022_23_20230115_NEW_FUL,2022_23,2023-01-15,0,0.5492227979274612,0.5275020433454388,0.5492227979274612,0.547050722469259,0.5437926092819556,0.53836242063645,0.5329322319909444,0.5275020433454388
2022_23_20230115_TOT_ARS,2022_23,2023-01-15,0,0.5326370757180157,0.5350371007063246,0.5326370757180157,0.5328770782168466,0.5332370819650929,0.5338370882121701,0.5344370944592474,0.5350371007063246
2022_23_20230118_CRY_MUN,2022_23,2023-01-18,0,0.4960835509138382,0.5403457763456762,0.4960835509138382,0.500509773457022,0.5071491072717977,0.5182146636297572,0.5292802199877167,0.5403457763456762
2022_23_20230119_MCI_TOT,2022_23,2023-01-19,1,0.6212871287128713,0.6097464515523757,0.6212871287128713,0.6201330609968217,0.6184019594227474,0.6155167901326235,0.6126316208424996,0.6097464515523757
2022_23_20230121_BOU_NFO,2022_23,2023-01-21,0,0.4198473282442748,0.4446768556267314,0.4198473282442748,0.42233028098252046,0.42605471008988893,0.43226209193550313,0.4384694737811172,0.4446768556267314
2022_23_20230121_CRY_NEW,2022_23,2023-01-21,0,0.4470284237726098,0.4993877094745241,0.4470284237726098,0.45226435234280127,0.46011824519808836,0.47320806662356696,0.48629788804904556,0.4993877094745241
2022_23_20230121_LEI_BRI,2022_23,2023-01-21,1,0.5234374999999999,0.4940510612073021,0.5234374999999999,0.5204988561207301,0.5160908903018254,0.508744280603651,0.5013976709054765,0.4940510612073021
2022_23_20230121_LIV_CHE,2022_23,2023-01-21,0,0.5604113110539846,0.5968992291251966,0.5604113110539846,0.5640601028611057,0.5695332905717876,0.5786552700895906,0.5877772496073935,0.5968992291251966
2022_23_20230121_SOU_AVL,2022_23,2023-01-21,0,0.4699738903394256,0.4664010136168787,0.4699738903394256,0.4696166026671709,0.4690806711587888,0.46818745197815215,0.4672942327975155,0.4664010136168787
2022_23_20230121_WHU_EVE,2022_23,2023-01-21,0,0.4597402597402597,0.452708555149625,0.4597402597402597,0.4590370892811963,0.45798233359260104,0.45622440744494236,0.4544664812972837,0.452708555149625
2022_23_20230122_ARS_MUN,2022_23,2023-01-22,1,0.5607235142118864,0.5548063125307844,0.5607235142118864,0.5601317940437762,0.5592442137916109,0.5577649133713354,0.5562856129510598,0.5548063125307844
2022_23_20230122_LEE_BRE,2022_23,2023-01-22,0,0.5681233933161953,0.5778165573862271,0.5681233933161953,0.5690927097231985,0.5705466843337033,0.5729699753512112,0.5753932663687191,0.5778165573862271
2022_23_20230122_MCI_WOL,2022_23,2023-01-22,1,0.637469586374696,0.6213465501045535,0.637469586374696,0.6358572827476817,0.6334388273071604,0.6294080682396248,0.6253773091720891,0.6213465501045535
2022_23_20230123_FUL_TOT,2022_23,2023-01-23,0,0.5518134715025906,0.5495218699779354,0.5518134715025906,0.5515843113501251,0.5512405711214268,0.550667670740263,0.5500947703590993,0.5495218699779354
2022_23_20230203_CHE_FUL,2022_23,2023-02-03,0,0.5091383812010444,0.5293490094647292,0.5091383812010444,0.5111594440274129,0.5141910382669655,0.5192436953328867,0.524296352398808,0.5293490094647292
2022_23_20230204_AVL_LEI,2022_23,2023-02-04,1,0.5013054830287206,0.5024604877267163,0.5013054830287206,0.5014209834985202,0.5015942342032196,0.5018829853777185,0.5021717365522174,0.5024604877267163
2022_23_20230204_BRE_SOU,2022_23,2023-02-04,1,0.4804177545691906,0.4634651300471854,0.4804177545691906,0.4787224921169901,0.47617959843868934,0.471941442308188,0.4677032861776867,0.4634651300471854
2022_23_20230204_BRI_BOU,2022_23,2023-02-04,0,0.5604113110539846,0.5515481389773312,0.5604113110539846,0.5595249938463193,0.5581955180348213,0.555979725015658,0.5537639319964945,0.5515481389773312
2022_23_20230204_EVE_ARS,2022_23,2023-02-04,0,0.5195822454308094,0.5359269146782456,0.5195822454308094,0.5212167123555531,0.5236684127426685,0.5277545800545276,0.5318407473663866,0.5359269146782456
2022_23_20230204_MUN_CRY,2022_23,2023-02-04,1,0.5182291666666667,0.5184257518067374,0.5182291666666667,0.5182488251806738,0.5182783129516844,0.5183274592367021,0.5183766055217198,0.5184257518067374
2022_23_20230204_NEW_WHU,2022_23,2023-02-04,0,0.4635416666666666,0.4718084024881075,0.4635416666666666,0.4643683402488107,0.4656083506220268,0.467675034577387,0.46974171853274727,0.4718084024881075
2022_23_20230204_WOL_LIV,2022_23,2023-02-04,1,0.5338541666666666,0.5843741316013193,0.5338541666666666,0.538906163160132,0.5464841579003299,0.559114149133993,0.5717441403676562,0.5843741316013193
2022_23_20230205_NFO_LEE,2022_23,2023-02-05,0,0.5026041666666667,0.5325784258278402,0.5026041666666667,0.5056015925827841,0.5100977314569601,0.5175912962472535,0.5250848610375469,0.5325784258278402
2022_23_20230205_TOT_MCI,2022_23,2023-02-05,0,0.5805626598465473,0.6427189678373175,0.5805626598465473,0.5867782906456244,0.5961017368442398,0.6116408138419325,0.627179890839625,0.6427189678373175
2022_23_20230208_MUN_LEE,2022_23,2023-02-08,1,0.5969773299748111,0.6293428572637667,0.5969773299748111,0.6002138827037068,0.60506871179705,0.6131600936192889,0.6212514754415278,0.6293428572637667
2022_23_20230211_ARS_BRE,2022_23,2023-02-11,0,0.5529715762273902,0.5702199360994727,0.5529715762273902,0.5546964122145985,0.5572836661954109,0.5615957561634315,0.5659078461314521,0.5702199360994727
2022_23_20230211_BOU_NEW,2022_23,2023-02-11,0,0.4753246753246753,0.561361854958302,0.4753246753246753,0.483928393288038,0.49683397023308196,0.5183432651414887,0.5398525600498953,0.561361854958302
2022_23_20230211_CRY_BRI,2022_23,2023-02-11,0,0.4661458333333333,0.4456915687134283,0.4661458333333333,0.4641004068713428,0.4610322671783571,0.45591870102338083,0.4508051348684045,0.4456915687134283
2022_23_20230211_FUL_NFO,2022_23,2023-02-11,0,0.4635416666666666,0.4927902150195481,0.4635416666666666,0.4664665215019548,0.47085380375488695,0.4781659408431074,0.4854780779313277,0.4927902150195481
2022_23_20230211_LEI_TOT,2022_23,2023-02-11,1,0.5466321243523315,0.5870828435188442,0.5466321243523315,0.5506771962689828,0.5567448041439598,0.5668574839355879,0.576970163727216,0.5870828435188442
2022_23_20230211_SOU_WOL,2022_23,2023-02-11,1,0.4173027989821883,0.4322423211369291,0.4173027989821883,0.4187967511976624,0.4210376795208735,0.4247725600595587,0.4285074405982439,0.4322423211369291
2022_23_20230211_WHU_CHE,2022_23,2023-02-11,0,0.4271099744245524,0.4888440152728953,0.4271099744245524,0.4332833785093867,0.4425434846366381,0.45797699484872384,0.47341050506080956,0.4888440152728953
2022_23_20230212_LEE_MUN,2022_23,2023-02-12,0,0.5790816326530612,0.5962122308530161,0.5790816326530612,0.5807946924730567,0.5833642822030499,0.5876469317530386,0.5919295813030274,0.5962122308530161
2022_23_20230212_MCI_AVL,2022_23,2023-02-12,1,0.637469586374696,0.6142978510562057,0.637469586374696,0.635152412842847,0.6316766525450734,0.6258837187154509,0.6200907848858284,0.6142978510562057
2022_23_20230213_LIV_EVE,2022_23,2023-02-13,0,0.5364583333333334,0.5634261159655364,0.5364583333333334,0.5391551115965537,0.5432002789913841,0.5499422246494349,0.5566841703074856,0.5634261159655364
2022_23_20230215_ARS_MCI,2022_23,2023-02-15,1,0.5182291666666667,0.5750086084016841,0.5182291666666667,0.5239071108401685,0.532424027100421,0.5466188875341754,0.5608137479679298,0.5750086084016841
2022_23_20230218_AVL_ARS,2022_23,2023-02-18,1,0.484375,0.5053277666117204,0.484375,0.4864702766611721,0.4896131916529301,0.4948513833058602,0.5000895749587904,0.5053277666117204
2022_23_20230218_BRE_CRY,2022_23,2023-02-18,0,0.4455958549222798,0.4362757575742294,0.4455958549222798,0.44466384518747476,0.4432658305852672,0.44093580624825457,0.438605781911242,0.4362757575742294
2022_23_20230218_BRI_FUL,2022_23,2023-02-18,0,0.5466321243523315,0.5499474676480222,0.5466321243523315,0.5469636586819007,0.5474609601762542,0.5482897960001769,0.5491186318240995,0.5499474676480222
2022_23_20230218_CHE_SOU,2022_23,2023-02-18,0,0.4960835509138382,0.5199872938732022,0.4960835509138382,0.4984739252097746,0.5020594866536792,0.5080354223935202,0.5140113581333612,0.5199872938732022
2022_23_20230218_EVE_LEE,2022_23,2023-02-18,0,0.4597402597402597,0.497058060179318,0.4597402597402597,0.46347203978416557,0.4690697098500243,0.4783991599597889,0.4877286100695534,0.497058060179318
2022_23_20230218_NEW_LIV,2022_23,2023-02-18,0,0.5326370757180157,0.5972948266303982,0.5326370757180157,0.5391028508092539,0.5488015134461113,0.5649659511742069,0.5811303889023026,0.5972948266303982
2022_23_20230218_NFO_MCI,2022_23,2023-02-18,0,0.5816326530612244,0.6303020429396284,0.5816326530612244,0.5864995920490649,0.5938000005308254,0.6059673480004264,0.6181346954700274,0.6303020429396284
2022_23_20230218_WOL_BOU,2022_23,2023-02-18,0,0.4583333333333333,0.467011301502637,0.4583333333333333,0.45920113015026365,0.46050282537565923,0.46267231741798515,0.46484180946031106,0.467011301502637
2022_23_20230219_MUN_LEI,2022_23,2023-02-19,1,0.5888324873096447,0.573096416066223,0.5888324873096447,0.5872588801853026,0.5848984694987892,0.5809644516879338,0.5770304338770784,0.573096416066223
2022_23_20230219_TOT_WHU,2022_23,2023-02-19,0,0.5195822454308094,0.564520302904689,0.5195822454308094,0.5240760511781974,0.5308167597992793,0.5420512741677492,0.5532857885362191,0.564520302904689
2022_23_20230224_FUL_WOL,2022_23,2023-02-24,0,0.4282051282051282,0.4309603966612927,0.4282051282051282,0.4284806550507447,0.4288939453191693,0.4295827624332105,0.4302715795472516,0.4309603966612927
2022_23_20230225_BOU_MCI,2022_23,2023-02-25,1,0.6109725685785536,0.6965720976367211,0.6109725685785536,0.6195325214843703,0.6323724508430955,0.6537723331076374,0.6751722153721793,0.6965720976367211
2022_23_20230225_CRY_LIV,2022_23,2023-02-25,0,0.5260416666666667,0.6057209610686459,0.5260416666666667,0.5340095961068647,0.5459614902671616,0.5658813138676564,0.5858011374681511,0.6057209610686459
2022_23_20230225_EVE_AVL,2022_23,2023-02-25,0,0.4209183673469387,0.3802720827888851,0.4209183673469387,0.41685373889113336,0.4107567962074253,0.4005952250679119,0.3904336539283985,0.3802720827888851
2022_23_20230225_LEE_SOU,2022_23,2023-02-25,0,0.4751958224543081,0.5174582588592083,0.4751958224543081,0.4794220660947981,0.48576143155553314,0.49632704065675814,0.5068926497579832,0.5174582588592083
2022_23_20230225_LEI_ARS,2022_23,2023-02-25,0,0.5717948717948719,0.5621706720466132,0.5717948717948719,0.570832451820046,0.5693888218578071,0.5669827719207425,0.5645767219836779,0.5621706720466132
2022_23_20230225_WHU_NFO,2022_23,2023-02-25,1,0.440721649484536,0.4492652752735239,0.440721649484536,0.4415760120634348,0.442857555931783,0.4449934623790299,0.4471293688262769,0.4492652752735239
2022_23_20230226_TOT_CHE,2022_23,2023-02-26,0,0.4701298701298701,0.5445473850505161,0.4701298701298701,0.4775716216219347,0.4887342488600316,0.5073386275901931,0.5259430063203546,0.5445473850505161
2022_23_20230301_ARS_EVE,2022_23,2023-03-01,1,0.5260416666666667,0.5703708021337903,0.5260416666666667,0.5304745802133791,0.5371239505334476,0.5482062344002285,0.5592885182670094,0.5703708021337903
2022_23_20230301_LIV_WOL,2022_23,2023-03-01,0,0.5529715762273902,0.55802887044738,0.5529715762273902,0.5534773056493892,0.5542358997823877,0.5555002233373851,0.5567645468923825,0.55802887044738
2022_23_20230304_ARS_BOU,2022_23,2023-03-04,1,0.6040100250626567,0.6070777599974421,0.6040100250626567,0.6043167985561352,0.6047769587963531,0.6055438925300494,0.6063108262637457,0.6070777599974421
2022_23_20230304_AVL_CRY,2022_23,2023-03-04,0,0.4183673469387755,0.4235065192904833,0.4183673469387755,0.4188812641739462,0.4196521400267024,0.4209369331146294,0.4222217262025563,0.4235065192904833
2022_23_20230304_BRI_WHU,2022_23,2023-03-04,1,0.4960835509138382,0.5236140304622725,0.4960835509138382,0.49883659886868165,0.5029661708009467,0.5098487906880553,0.5167314105751639,0.5236140304622725
2022_23_20230304_CHE_LEE,2022_23,2023-03-04,0,0.5039164490861618,0.5564954845559779,0.5039164490861618,0.5091743526331435,0.5170612079536159,0.5302059668210699,0.5433507256885238,0.5564954845559779
2022_23_20230304_MCI_NEW,2022_23,2023-03-04,0,0.5592783505154639,0.5543620134340032,0.5592783505154639,0.5587867168073178,0.5580492662450988,0.5568201819747336,0.5555910977043683,0.5543620134340032
2022_23_20230304_SOU_LEI,2022_23,2023-03-04,0,0.4713541666666666,0.4768435933043384,0.4713541666666666,0.4719031093304338,0.47272652332608456,0.4740988799855025,0.4754712366449204,0.4768435933043384
2022_23_20230304_WOL_TOT,2022_23,2023-03-04,0,0.4571428571428572,0.4956678300523772,0.4571428571428572,0.4609953544338092,0.46677410037023714,0.4764053435976172,0.4860365868249972,0.4956678300523772
2022_23_20230305_LIV_MUN,2022_23,2023-03-05,1,0.5790816326530612,0.5737225491777668,0.5790816326530612,0.5785457243055317,0.5777418617842376,0.576402090915414,0.5750623200465903,0.5737225491777668
2022_23_20230305_NFO_EVE,2022_23,2023-03-05,1,0.3840399002493765,0.3987032379703295,0.3840399002493765,0.38550623402147177,0.3877057346796148,0.39137156910985305,0.3950374035400913,0.3987032379703295
2022_23_20230306_BRE_FUL,2022_23,2023-03-06,1,0.5052356020942408,0.5256418663489641,0.5052356020942408,0.5072762285197131,0.5103371681579216,0.5154387342216025,0.5205403002852833,0.5256418663489641
2022_23_20230311_BOU_LIV,2022_23,2023-03-11,0,0.5877862595419847,0.6531626523648082,0.5877862595419847,0.5943238988242671,0.6041303577476906,0.6204744559533965,0.6368185541591023,0.6531626523648082
2022_23_20230311_CRY_MCI,2022_23,2023-03-11,0,0.5394736842105263,0.5925540514607196,0.5394736842105263,0.5447817209355457,0.5527437760230747,0.566013867835623,0.5792839596481714,0.5925540514607196
2022_23_20230311_EVE_BRE,2022_23,2023-03-11,0,0.4245524296675191,0.4439799443056046,0.4245524296675191,0.42649518113132767,0.4294093083270405,0.43426618698656183,0.4391230656460833,0.4439799443056046
2022_23_20230311_LEE_BRI,2022_23,2023-03-11,1,0.5169712793733681,0.5378427614730538,0.5169712793733681,0.5190584275833366,0.5221891498982895,0.5274070204232109,0.5326248909481324,0.5378427614730538
2022_23_20230311_LEI_CHE,2022_23,2023-03-11,1,0.4830287206266319,0.5317661444373009,0.4830287206266319,0.4879024630076988,0.49521307657929914,0.5073974325319663,0.5195817884846335,0.5317661444373009
2022_23_20230311_TOT_NFO,2022_23,2023-03-11,1,0.5248041775456919,0.5118119600061213,0.5248041775456919,0.5235049557917348,0.5215561231607992,0.5183080687759065,0.5150600143910139,0.5118119600061213
2022_23_20230312_FUL_ARS,2022_23,2023-03-12,1,0.5274151436031332,0.5178464112919466,0.5274151436031332,0.5264582703720145,0.5250229605253366,0.5226307774475399,0.5202385943697433,0.5178464112919466
2022_23_20230312_MUN_SOU,2022_23,2023-03-12,0,0.5831202046035805,0.5967731070672192,0.5831202046035805,0.5844854948499444,0.5865334302194902,0.5899466558353998,0.5933598814513095,0.5967731070672192
2022_23_20230312_NEW_WOL,2022_23,2023-03-12,1,0.4444444444444444,0.4616778320168074,0.4444444444444444,0.4461677832016807,0.44875279133753515,0.4530611382306259,0.45736948512371667,0.4616778320168074
2022_23_20230312_WHU_AVL,2022_23,2023-03-12,0,0.4699738903394256,0.4252954010846733,0.4699738903394256,0.46550604141395036,0.4588042680257375,0.4476346457120495,0.43646502339836135,0.4252954010846733
2022_23_20230315_BRI_CRY,2022_23,2023-03-15,0,0.5039370078740157,0.5243325860068206,0.5039370078740157,0.5059765656872962,0.509035902407217,0.5141347969404182,0.5192336914736194,0.5243325860068206
2022_23_20230315_SOU_BRE,2022_23,2023-03-15,0,0.4621409921671018,0.4671003801800614,0.4621409921671018,0.4626369309683978,0.4633808391703417,0.4646206861735816,0.46586053317682147,0.4671003801800614
2022_23_20230317_NFO_NEW,2022_23,2023-03-17,1,0.4687499999999999,0.4783969321538679,0.4687499999999999,0.46971469321538667,0.47116173303846687,0.4735734660769339,0.47598519911540094,0.4783969321538679
2022_23_20230318_AVL_BOU,2022_23,2023-03-18,1,0.4973821989528796,0.4965795537973105,0.4973821989528796,0.49730193443732273,0.49718153766398737,0.496980876375095,0.49678021508620274,0.4965795537973105
2022_23_20230318_BRE_LEI,2022_23,2023-03-18,0,0.5169712793733681,0.5311349218773744,0.5169712793733681,0.5183876436237688,0.5205121899993697,0.5240531006253712,0.5275940112513728,0.5311349218773744
2022_23_20230318_CHE_EVE,2022_23,2023-03-18,1,0.4583333333333333,0.4607995521544686,0.4583333333333333,0.4585799552154468,0.45894988803861714,0.45956644274390096,0.4601829974491848,0.4607995521544686
2022_23_20230318_SOU_TOT,2022_23,2023-03-18,1,0.4778067885117493,0.517410625455206,0.4778067885117493,0.481767172206095,0.48770774774761344,0.49760870698347764,0.5075096662193418,0.517410625455206
2022_23_20230318_WOL_LEE,2022_23,2023-03-18,1,0.4209183673469387,0.4539383664500105,0.4209183673469387,0.42422036725724593,0.42917336712270665,0.43742836689847464,0.4456833666742426,0.4539383664500105
2022_23_20230319_ARS_CRY,2022_23,2023-03-19,1,0.5529715762273902,0.5354815033223383,0.5529715762273902,0.551222568936885,0.5485990580011273,0.5442265397748642,0.5398540215486013,0.5354815033223383
2022_23_20230401_ARS_LEE,2022_23,2023-04-01,1,0.6212871287128713,0.5803762736869714,0.6212871287128713,0.6171960432102813,0.6110594149563964,0.6008317011999214,0.5906039874434463,0.5803762736869714
2022_23_20230401_BOU_FUL,2022_23,2023-04-01,1,0.4687499999999999,0.4504177933261292,0.4687499999999999,0.46691677933261283,0.46416694833153216,0.45958389666306454,0.4550008449945969,0.4504177933261292
2022_23_20230401_BRI_BRE,2022_23,2023-04-01,1,0.5428571428571429,0.5488037143226157,0.5428571428571429,0.5434518000036902,0.5443437857235112,0.5458304285898793,0.5473170714562474,0.5488037143226157
2022_23_20230401_CHE_AVL,2022_23,2023-04-01,0,0.4947643979057591,0.4848196420157485,0.4947643979057591,0.49376992231675804,0.49227820893325647,0.48979201996075383,0.4873058309882512,0.4848196420157485
2022_23_20230401_CRY_LEI,2022_23,2023-04-01,1,0.4392764857881137,0.4825741570951037,0.4392764857881137,0.44360625291881267,0.45010090361486116,0.4609253214416087,0.4717497392683562,0.4825741570951037
2022_23_20230401_MCI_LIV,2022_23,2023-04-01,1,0.5790816326530612,0.609143951826587,0.5790816326530612,0.5820878645704138,0.5865972124464427,0.5941127922398242,0.6016283720332056,0.609143951826587
2022_23_20230401_NFO_WOL,2022_23,2023-04-01,0,0.4005037783375315,0.367354598987384,0.4005037783375315,0.3971888604025167,0.3922164834999946,0.38392918866245773,0.37564189382492086,0.367354598987384
2022_23_20230402_NEW_MUN,2022_23,2023-04-02,0,0.5013123359580053,0.4926050444994239,0.5013123359580053,0.5004416068121471,0.4991355130933599,0.4969586902287146,0.49478186736406926,0.4926050444994239
2022_23_20230402_WHU_SOU,2022_23,2023-04-02,0,0.4661458333333333,0.473415941748163,0.4661458333333333,0.4668728441748163,0.46796336043704073,0.46978088754074815,0.47159841464445557,0.473415941748163
2022_23_20230403_EVE_TOT,2022_23,2023-04-03,0,0.4578947368421053,0.460289040160232,0.4578947368421053,0.45813416717391797,0.45849331267163695,0.45909188850116867,0.4596904643307003,0.460289040160232
2022_23_20230404_BOU_BRI,2022_23,2023-04-04,0,0.53125,0.507583723647299,0.53125,0.5288833723647299,0.5253334309118247,0.5194168618236494,0.5135002927354743,0.507583723647299
2022_23_20230404_CHE_LIV,2022_23,2023-04-04,0,0.5013054830287206,0.535038208128488,0.5013054830287206,0.5046787555386973,0.5097386643036624,0.5181718455786043,0.5266050268535462,0.535038208128488
2022_23_20230404_LEE_NFO,2022_23,2023-04-04,1,0.4895833333333333,0.4476295841293002,0.4895833333333333,0.48538795841293003,0.479094896032325,0.4686064587313168,0.4581180214303085,0.4476295841293002
2022_23_20230404_LEI_AVL,2022_23,2023-04-04,1,0.4934725848563968,0.5498009889005498,0.4934725848563968,0.49910542526081214,0.507554685867435,0.5216367868784733,0.5357188878895116,0.5498009889005498
2022_23_20230405_MUN_BRE,2022_23,2023-04-05,0,0.5581395348837209,0.5610212874071788,0.5581395348837209,0.5584277101360667,0.5588599730145853,0.5595804111454499,0.5603008492763144,0.5610212874071788
2022_23_20230405_WHU_NEW,2022_23,2023-04-05,1,0.4470284237726098,0.4351683674018554,0.4470284237726098,0.4458424181355344,0.4440634096799212,0.44109839558723263,0.438133381494544,0.4351683674018554
2022_23_20230408_AVL_NFO,2022_23,2023-04-08,0,0.5,0.4485183250474347,0.5,0.4948518325047435,0.4871295812618587,0.47425916252371736,0.46138874378557604,0.4485183250474347
2022_23_20230408_BRE_NEW,2022_23,2023-04-08,1,0.4778067885117493,0.4555208235971517,0.4778067885117493,0.4755781920202895,0.4722352972830999,0.46666380605445046,0.46109231482580104,0.4555208235971517
2022_23_20230408_FUL_WHU,2022_23,2023-04-08,0,0.4392764857881137,0.4182848890456915,0.4392764857881137,0.43717732611387145,0.4340285866025081,0.42878068741690256,0.42353278823129703,0.4182848890456915
2022_23_20230408_LEI_BOU,2022_23,2023-04-08,0,0.5157068062827225,0.5358376726380777,0.5157068062827225,0.517719892918258,0.5207395228715612,0.5257722394604001,0.5308049560492389,0.5358376726380777
2022_23_20230408_MUN_EVE,2022_23,2023-04-08,0,0.5209424083769634,0.5286168755569205,0.5209424083769634,0.5217098550949592,0.5228610251719527,0.5247796419669419,0.5266982587619312,0.5286168755569205
2022_23_20230408_SOU_MCI,2022_23,2023-04-08,1,0.5949367088607596,0.6661039000942319,0.5949367088607596,0.6020534279841068,0.6127285066691277,0.6305203044774957,0.6483121022858638,0.6661039000942319
2022_23_20230408_TOT_BRI,2022_23,2023-04-08,1,0.5261780104712042,0.4716379654315584,0.5261780104712042,0.5207240059672397,0.5125429992112928,0.49890798795138125,0.48527297669146985,0.4716379654315584
2022_23_20230408_WOL_CHE,2022_23,2023-04-08,0,0.4404145077720207,0.4618305193440835,0.4404145077720207,0.442556108929227,0.44576851066503637,0.4511225135580521,0.4564765164510678,0.4618305193440835
2022_23_20230409_LEE_CRY,2022_23,2023-04-09,1,0.4455958549222798,0.4176609873714609,0.4455958549222798,0.4428023681671979,0.4386121380345751,0.4316284211468704,0.4246447042591656,0.4176609873714609
2022_23_20230409_LIV_ARS,2022_23,2023-04-09,1,0.5816326530612244,0.5457026344919396,0.5816326530612244,0.5780396512042959,0.5726501484189032,0.563667643776582,0.5546851391342608,0.5457026344919396
2022_23_20230415_AVL_NEW,2022_23,2023-04-15,1,0.4765625,0.4250696969610992,0.4765625,0.47141321969610994,0.4636892992402748,0.4508160984805496,0.4379428977208244,0.4250696969610992
2022_23_20230415_CHE_BRI,2022_23,2023-04-15,1,0.5,0.4655975552388538,0.5,0.4965597555238854,0.49139938880971346,0.4827987776194269,0.47419816642914037,0.4655975552388538
2022_23_20230415_EVE_FUL,2022_23,2023-04-15,1,0.4333333333333333,0.3909220796443358,0.4333333333333333,0.42909220796443354,0.4227305199110839,0.41212770648883457,0.4015248930665852,0.3909220796443358
2022_23_20230415_MCI_LEI,2022_23,2023-04-15,1,0.7074235807860262,0.6684083455460752,0.7074235807860262,0.7035220572620311,0.6976697719760384,0.6879159631660507,0.678162154356063,0.6684083455460752
2022_23_20230415_SOU_CRY,2022_23,2023-04-15,0,0.4183673469387755,0.3844749863257347,0.4183673469387755,0.4149781108774714,0.4098942567855153,0.4014211666322551,0.3929480764789949,0.3844749863257347
2022_23_20230415_TOT_BOU,2022_23,2023-04-15,1,0.5655526992287918,0.5822005567917705,0.5655526992287918,0.5672174849850897,0.5697146636195365,0.5738766280102812,0.5780385924010258,0.5822005567917705
2022_23_20230415_WOL_BRE,2022_23,2023-04-15,0,0.4271099744245524,0.4158336423302509,0.4271099744245524,0.4259823412151223,0.42429089140097703,0.4214718083774016,0.41865272535382625,0.4158336423302509
2022_23_20230416_NFO_MUN,2022_23,2023-04-16,0,0.5352480417754569,0.5644953023159777,0.5352480417754569,0.538172767829509,0.5425598569105871,0.5498716720457173,0.5571834871808475,0.5644953023159777
2022_23_20230416_WHU_ARS,2022_23,2023-04-16,1,0.53125,0.536484696847772,0.53125,0.5317734696847772,0.532558674211943,0.5338673484238861,0.535176022635829,0.536484696847772
2022_23_20230417_LEE_LIV,2022_23,2023-04-17,1,0.6045340050377834,0.6148282374672535,0.6045340050377834,0.6055634282807304,0.6071075631451509,0.6096811212525184,0.612254679359886,0.6148282374672535
2022_23_20230421_ARS_SOU,2022_23,2023-04-21,1,0.6308068459657702,0.5648371755219859,0.6308068459657702,0.6242098789213918,0.6143144283548241,0.5978220107438781,0.581329593132932,0.5648371755219859
2022_23_20230422_BRE_AVL,2022_23,2023-04-22,0,0.4842931937172774,0.4965212510043447,0.4842931937172774,0.48551599944598417,0.4873502080390442,0.490407222360811,0.4934642366825779,0.4965212510043447
2022_23_20230422_CRY_EVE,2022_23,2023-04-22,0,0.4060913705583756,0.369057715010346,0.4060913705583756,0.4023880050035726,0.3968329566713682,0.38757454278436076,0.3783161288973534,0.369057715010346
2022_23_20230422_FUL_LEE,2022_23,2023-04-22,1,0.5078534031413613,0.4304401729342816,0.5078534031413613,0.5001120801206533,0.4885000955895914,0.46914678803782145,0.44979348048605156,0.4304401729342816
2022_23_20230422_LEI_WOL,2022_23,2023-04-22,1,0.4455958549222798,0.426432018234545,0.4455958549222798,0.4436794712535063,0.4408048957503461,0.4360139365784124,0.4312229774064787,0.426432018234545
2022_23_20230422_LIV_NFO,2022_23,2023-04-22,1,0.657210401891253,0.6500214716423115,0.657210401891253,0.6564915088663589,0.6554131693290176,0.6536159367667822,0.6518187042045469,0.6500214716423115
2022_23_20230423_BOU_WHU,2022_23,2023-04-23,1,0.4493506493506493,0.4431661083890661,0.4493506493506493,0.44873219525449093,0.4478045141102535,0.4462583788698577,0.44471224362946193,0.4431661083890661
2022_23_20230423_NEW_TOT,2022_23,2023-04-23,1,0.5221932114882506,0.4798906059958712,0.5221932114882506,0.5179629509390127,0.5116175601151558,0.5010419087420609,0.49046625736896604,0.4798906059958712
2022_23_20230425_AVL_FUL,2022_23,2023-04-25,0,0.5286458333333333,0.4780282058068723,0.5286458333333333,0.5235840705806871,0.515991426451718,0.5033370195701028,0.4906826126884875,0.4780282058068723
2022_23_20230425_LEE_LEI,2022_23,2023-04-25,0,0.5466321243523315,0.5804264352995353,0.5466321243523315,0.5500115554470519,0.5550807020891325,0.5635292798259335,0.5719778575627343,0.5804264352995353
2022_23_20230425_WOL_CRY,2022_23,2023-04-25,0,0.3880597014925373,0.3319882069066691,0.3880597014925373,0.3824525520339505,0.37404182784607026,0.3600239541996032,0.34600608055313614,0.3319882069066691
2022_23_20230426_CHE_BRE,2022_23,2023-04-26,0,0.4895287958115184,0.4936020810230382,0.4895287958115184,0.4899361243326704,0.49054711711439836,0.4915654384172783,0.4925837597201583,0.4936020810230382
2022_23_20230426_MCI_ARS,2022_23,2023-04-26,1,0.5949367088607596,0.5130247711336807,0.5949367088607596,0.5867455150880517,0.5744587244289898,0.5539807399972201,0.5335027555654505,0.5130247711336807
2022_23_20230426_NFO_BRI,2022_23,2023-04-26,1,0.548051948051948,0.5390497378834127,0.548051948051948,0.5471517270350945,0.5458013955098142,0.5435508429676803,0.5413002904255465,0.5390497378834127
2022_23_20230426_WHU_LIV,2022_23,2023-04-26,1,0.5681233933161953,0.5504559120094388,0.5681233933161953,0.5663566451855196,0.5637065229895062,0.559289652662817,0.5548727823361279,0.5504559120094388
2022_23_20230427_EVE_NEW,2022_23,2023-04-27,1,0.4673629242819843,0.4202884050221768,0.4673629242819843,0.4626554723560035,0.45559429446703237,0.4438256646520805,0.43205703483712865,0.4202884050221768
2022_23_20230427_SOU_BOU,2022_23,2023-04-27,0,0.4751958224543081,0.4617697276821475,0.4751958224543081,0.47385321297709204,0.47183929876126796,0.4684827750682278,0.46512625137518765,0.4617697276821475
2022_23_20230427_TOT_MUN,2022_23,2023-04-27,1,0.5769230769230769,0.6252261291977852,0.5769230769230769,0.5817533821505477,0.588998839991754,0.601074603060431,0.6131503661291081,0.6252261291977852
2022_23_20230429_BRE_NFO,2022_23,2023-04-29,1,0.4895287958115184,0.4788165603715475,0.4895287958115184,0.48845757226752134,0.4868507369515257,0.48417267809153297,0.48149461923154024,0.4788165603715475
2022_23_20230429_BRI_WOL,2022_23,2023-04-29,1,0.5287958115183247,0.519670768152683,0.5287958115183247,0.5278833071817606,0.5265145506769142,0.5242332898355038,0.5219520289940934,0.519670768152683
2022_23_20230429_CRY_WHU,2022_23,2023-04-29,1,0.4147582697201017,0.3607230395158096,0.4147582697201017,0.4093547466996725,0.4012494621690287,0.38774065461795565,0.3742318470668826,0.3607230395158096
2022_23_20230430_BOU_LEE,2022_23,2023-04-30,1,0.5287958115183247,0.4897120413757622,0.5287958115183247,0.5248874345040684,0.5190248689826841,0.5092539264470435,0.4994829839114028,0.4897120413757622
2022_23_20230430_FUL_MCI,2022_23,2023-04-30,1,0.6169154228855721,0.6497755045242436,0.6169154228855721,0.6202014310494393,0.62513044329524,0.6333454637049079,0.6415604841145757,0.6497755045242436
2022_23_20230430_LIV_TOT,2022_23,2023-04-30,1,0.635036496350365,0.5815943344241059,0.635036496350365,0.629692280157739,0.6216759558688002,0.6083154153872354,0.5949548749056707,0.5815943344241059
2022_23_20230430_MUN_AVL,2022_23,2023-04-30,0,0.5743589743589743,0.5752665943812306,0.5743589743589743,0.5744497363612,0.5745858793645384,0.5748127843701025,0.5750396893756666,0.5752665943812306
2022_23_20230430_NEW_SOU,2022_23,2023-04-30,1,0.5569948186528497,0.4718335325522023,0.5569948186528497,0.548478690042785,0.5357044971276879,0.514414175602526,0.49312385407736414,0.4718335325522023
2022_23_20230501_LEI_EVE,2022_23,2023-05-01,1,0.4712041884816754,0.4671064606158853,0.4712041884816754,0.4707944156950964,0.47017975651522786,0.46915532454878034,0.4681308925823328,0.4671064606158853
2022_23_20230502_ARS_CHE,2022_23,2023-05-02,1,0.5454545454545455,0.5656107250962862,0.5454545454545455,0.5474701634187196,0.5504935903649807,0.5555326352754159,0.560571680185851,0.5656107250962862
2022_23_20230503_LIV_FUL,2022_23,2023-05-03,0,0.6587677725118484,0.5945742592395863,0.6587677725118484,0.6523484211846222,0.6427193941937829,0.6266710158757174,0.6106226375576518,0.5945742592395863
2022_23_20230503_MCI_WHU,2022_23,2023-05-03,1,0.6555819477434679,0.5734298529625813,0.6555819477434679,0.6473667382653793,0.6350439240482463,0.6145059003530247,0.5939678766578029,0.5734298529625813
2022_23_20230504_BRI_MUN,2022_23,2023-05-04,0,0.6109725685785536,0.6224246615662468,0.6109725685785536,0.6121177778773229,0.613835591825477,0.6166986150724002,0.6195616383193234,0.6224246615662468
2022_23_20230506_BOU_CHE,2022_23,2023-05-06,1,0.4908616187989557,0.5036797304033587,0.4908616187989557,0.492143429959396,0.49406614670005644,0.49727067460115715,0.500475202502258,0.5036797304033587
2022_23_20230506_LIV_BRE,2022_23,2023-05-06,0,0.6359223300970874,0.5984185622288444,0.6359223300970874,0.6321719533102631,0.6265463881300267,0.6171704461629659,0.6077945041959051,0.5984185622288444
2022_23_20230506_MCI_LEE,2022_23,2023-05-06,1,0.7259414225941423,0.6241032263779138,0.7259414225941423,0.7157576029725194,0.7004818735400851,0.6750223244860281,0.6495627754319709,0.6241032263779138
2022_23_20230506_TOT_CRY,2022_23,2023-05-06,0,0.5428571428571429,0.5016294018847229,0.5428571428571429,0.538734368759901,0.5325502076140379,0.5222432723709329,0.5119363371278279,0.5016294018847229
2022_23_20230506_WOL_AVL,2022_23,2023-05-06,0,0.4355670103092783,0.4382691620498151,0.4355670103092783,0.435837225483332,0.4362425482444125,0.4369180861795467,0.4375936241146809,0.4382691620498151
2022_23_20230507_NEW_ARS,2022_23,2023-05-07,0,0.5826972010178116,0.5153679947824603,0.5826972010178116,0.5759642803942766,0.5658648994589738,0.549032597900136,0.5322002963412982,0.5153679947824603
2022_23_20230507_WHU_MUN,2022_23,2023-05-07,0,0.5717948717948719,0.5921286379652345,0.5717948717948719,0.5738282484119082,0.5768783133374625,0.5819617548800532,0.5870451964226439,0.5921286379652345
2022_23_20230508_BRI_EVE,2022_23,2023-05-08,1,0.5994962216624685,0.574786665043462,0.5994962216624685,0.5970252660005678,0.5933188325077169,0.5871414433529653,0.5809640541982136,0.574786665043462
2022_23_20230508_FUL_LEI,2022_23,2023-05-08,1,0.5234374999999999,0.5353364607791715,0.5234374999999999,0.5246273960779171,0.5264122401947928,0.5293869803895856,0.5323617205843786,0.5353364607791715
2022_23_20230508_NFO_SOU,2022_23,2023-05-08,1,0.4778067885117493,0.4348819434411399,0.4778067885117493,0.47351430400468836,0.46707557724409693,0.45634436597644457,0.44561315470879226,0.4348819434411399
2022_23_20230513_AVL_TOT,2022_23,2023-05-13,1,0.5454545454545455,0.5095503515780946,0.5454545454545455,0.5418641260669004,0.5364784969854328,0.52750244851632,0.5185264000472073,0.5095503515780946
2022_23_20230513_CHE_NFO,2022_23,2023-05-13,1,0.5195822454308094,0.4818288618164692,0.5195822454308094,0.5158069070693755,0.5101438995272244,0.5007055536236393,0.4912672077200543,0.4818288618164692
2022_23_20230513_CRY_BOU,2022_23,2023-05-13,0,0.5026178010471204,0.4707236131854088,0.5026178010471204,0.4994283822609492,0.49464425408169244,0.4866707071162646,0.47869716015083674,0.4707236131854088
2022_23_20230513_LEE_NEW,2022_23,2023-05-13,1,0.5852417302798981,0.5643613547041224,0.5852417302798981,0.5831536927223205,0.5800216363859542,0.5748015424920103,0.5695814485980664,0.5643613547041224
2022_23_20230513_MUN_WOL,2022_23,2023-05-13,0,0.5769230769230769,0.5532331808907859,0.5769230769230769,0.5745540873198478,0.5710006029150041,0.5650781289069313,0.5591556548988585,0.5532331808907859
2022_23_20230513_SOU_FUL,2022_23,2023-05-13,0,0.5078534031413613,0.4768780089915044,0.5078534031413613,0.5047558637263756,0.500109554603897,0.4923657060664328,0.48462185752896864,0.4768780089915044
2022_23_20230514_ARS_BRI,2022_23,2023-05-14,1,0.6212871287128713,0.555746722600743,0.6212871287128713,0.6147330881016585,0.6049020271848392,0.5885169256568071,0.5721318241287751,0.555746722600743
2022_23_20230514_BRE_WHU,2022_23,2023-05-14,0,0.4895287958115184,0.4691736174137659,0.4895287958115184,0.48749327797174313,0.4844400012120803,0.4793512066126422,0.474262412013204,0.4691736174137659
2022_23_20230514_EVE_MCI,2022_23,2023-05-14,1,0.5805626598465473,0.6055560206277941,0.5805626598465473,0.583061995924672,0.586811000041859,0.5930593402371707,0.5993076804324824,0.6055560206277941
2022_23_20230515_LEI_LIV,2022_23,2023-05-15,1,0.6383495145631067,0.6578864803414831,0.6383495145631067,0.6403032111409444,0.6432337560077008,0.6481179974522949,0.653002238896889,0.6578864803414831
2022_23_20230518_NEW_BRI,2022_23,2023-05-18,1,0.595959595959596,0.503467773244435,0.595959595959596,0.58671041368808,0.5728366402808058,0.5497136846020155,0.5265907289232252,0.503467773244435
2022_23_20230520_BOU_MUN,2022_23,2023-05-20,0,0.6134663341645885,0.6466645997957204,0.6134663341645885,0.6167861607277016,0.6217659005723715,0.6300654669801544,0.6383650333879374,0.6466645997957204
2022_23_20230520_FUL_CRY,2022_23,2023-05-20,1,0.4739583333333334,0.4494830539538785,0.4739583333333334,0.4715108053953879,0.4678395134884697,0.46172069364360596,0.45560187379874223,0.4494830539538785
2022_23_20230520_LIV_AVL,2022_23,2023-05-20,0,0.6159600997506234,0.6042899801185226,0.6159600997506234,0.6147930877874134,0.6130425698425982,0.610125039934573,0.6072075100265478,0.6042899801185226
2022_23_20230520_NFO_ARS,2022_23,2023-05-20,0,0.6055276381909548,0.5619299320595859,0.6055276381909548,0.6011678675778179,0.5946282116581125,0.5837287851252704,0.5728293585924281,0.5619299320595859
2022_23_20230520_TOT_BRE,2022_23,2023-05-20,1,0.5454545454545455,0.5724910422229493,0.5454545454545455,0.5481581951313859,0.5522136696466465,0.5589727938387474,0.5657319180308483,0.5724910422229493
2022_23_20230520_WOL_EVE,2022_23,2023-05-20,0,0.4623376623376624,0.4443471270433029,0.4623376623376624,0.46053860880822645,0.4578400285140726,0.45334239469048265,0.44884476086689273,0.4443471270433029
2022_23_20230521_BRI_SOU,2022_23,2023-05-21,1,0.6736111111111112,0.6135939522254495,0.6736111111111112,0.667609395222545,0.6586068213896957,0.6436025316682803,0.628598241946865,0.6135939522254495
2022_23_20230521_MCI_CHE,2022_23,2023-05-21,0,0.625615763546798,0.5688169384483178,0.625615763546798,0.6199358810369501,0.611416057272178,0.5972163509975579,0.5830166447229379,0.5688169384483178
2022_23_20230521_WHU_LEE,2022_23,2023-05-21,1,0.5300261096605744,0.5350576490597393,0.5300261096605744,0.5305292636004909,0.5312839945103657,0.5325418793601568,0.533799764209948,0.5350576490597393
2022_23_20230522_NEW_LEI,2022_23,2023-05-22,0,0.6299019607843138,0.5772568229025521,0.6299019607843138,0.6246374469961377,0.6167406763138734,0.6035793918434329,0.5904181073729925,0.5772568229025521
2022_23_20230524_BRI_MCI,2022_23,2023-05-24,0,0.6265356265356266,0.689230836511866,0.6265356265356266,0.6328051475332506,0.6422094290296865,0.6578832315237463,0.6735570340178061,0.689230836511866
2022_23_20230525_MUN_CHE,2022_23,2023-05-25,1,0.5979899497487436,0.6186110739028452,0.5979899497487436,0.6000520621641537,0.603145230787269,0.6083005118257945,0.6134557928643198,0.6186110739028452
2022_23_20230528_ARS_WOL,2022_23,2023-05-28,1,0.6498800959232613,0.6415461748469562,0.6498800959232613,0.6490467038156309,0.647796615654185,0.6457131353851088,0.6436296551160325,0.6415461748469562
2022_23_20230528_AVL_BRI,2022_23,2023-05-28,1,0.6222222222222222,0.583764271252385,0.6222222222222222,0.6183764271252385,0.6126077344797629,0.6029932467373036,0.5933787589948443,0.583764271252385
2022_23_20230528_BRE_MCI,2022_23,2023-05-28,0,0.5913705583756345,0.6465322996592262,0.5913705583756345,0.5968867325039936,0.6051609936965323,0.6189514290174303,0.6327418643383282,0.6465322996592262
2022_23_20230528_CHE_NEW,2022_23,2023-05-28,0,0.5629820051413882,0.5498980549115328,0.5629820051413882,0.5616736101184027,0.5597110175839244,0.5564400300264605,0.5531690424689966,0.5498980549115328
2022_23_20230528_CRY_NFO,2022_23,2023-05-28,0,0.5790816326530612,0.5526092613732683,0.5790816326530612,0.5764343955250819,0.572463539833113,0.5658454470131647,0.5592273541932165,0.5526092613732683
2022_23_20230528_EVE_BOU,2022_23,2023-05-28,0,0.5692307692307692,0.5659535469410619,0.5692307692307692,0.5689030470017985,0.5684114636583424,0.5675921580859156,0.5667728525134887,0.5659535469410619
2022_23_20230528_LEE_TOT,2022_23,2023-05-28,1,0.6341463414634148,0.6528253536783243,0.6341463414634148,0.6360142426849058,0.6388160945171422,0.6434858475708696,0.6481556006245969,0.6528253536783243
2022_23_20230528_LEI_WHU,2022_23,2023-05-28,1,0.5681233933161953,0.5660980508312844,0.5681233933161953,0.5679208590677042,0.5676170576949676,0.5671107220737399,0.5666043864525121,0.5660980508312844
2022_23_20230528_MUN_FUL,2022_23,2023-05-28,1,0.6383495145631067,0.5937487860240827,0.6383495145631067,0.6338894417092044,0.6271993324283507,0.6160491502935947,0.6048989681588387,0.5937487860240827
2022_23_20230528_SOU_LIV,2022_23,2023-05-28,1,0.6840909090909091,0.7367633919019955,0.6840909090909091,0.6893581573720178,0.6972590297936807,0.7104271504964523,0.7235952711992238,0.7367633919019955
2023_24_20230811_BUR_MCI,2023_24,2023-08-11,1,0.5790816326530612,0.6475104500045518,0.5790816326530612,0.5859245143882102,0.5961888369909338,0.6132960413288064,0.630403245666679,0.6475104500045518
2023_24_20230812_ARS_NFO,2023_24,2023-08-12,1,0.667447306791569,0.6426934417385227,0.667447306791569,0.6649719202862645,0.6612588405283074,0.6550703742650459,0.6488819080017844,0.6426934417385227
2023_24_20230812_BOU_WHU,2023_24,2023-08-12,0,0.5078534031413613,0.516964685115372,0.5078534031413613,0.5087645313387623,0.510131223634864,0.5124090441283666,0.5146868646218693,0.516964685115372
2023_24_20230812_BRI_LUT,2023_24,2023-08-12,1,0.5924050632911392,0.5884509122670336,0.5924050632911392,0.5920096481887286,0.5914165255351127,0.5904279877790863,0.58943945002306,0.5884509122670336
2023_24_20230812_EVE_FUL,2023_24,2023-08-12,0,0.4856396866840731,0.4266869318241577,0.4856396866840731,0.4797444111980816,0.47090149796909425,0.4561633092541154,0.4414251205391365,0.4266869318241577
2023_24_20230812_NEW_AVL,2023_24,2023-08-12,1,0.5428571428571429,0.548602305173383,0.5428571428571429,0.543431659088767,0.544293433436203,0.545729724015263,0.547166014594323,0.548602305173383
2023_24_20230812_SHU_CRY,2023_24,2023-08-12,0,0.4318766066838046,0.3944194716305854,0.4318766066838046,0.4281308931784827,0.4225123229204998,0.413148039157195,0.4037837553938902,0.3944194716305854
2023_24_20230813_BRE_TOT,2023_24,2023-08-13,1,0.5618556701030928,0.5693101547343782,0.5618556701030928,0.5626011185662213,0.5637192912609141,0.5655829124187355,0.5674465335765568,0.5693101547343782
2023_24_20230813_CHE_LIV,2023_24,2023-08-13,0,0.5728900255754477,0.5965591540788652,0.5728900255754477,0.5752569384257894,0.5788073077013021,0.5847245898271565,0.5906418719530108,0.5965591540788652
2023_24_20230814_MUN_WOL,2023_24,2023-08-14,0,0.5979899497487436,0.5767700684118667,0.5979899497487436,0.595867961615056,0.5926849794145244,0.5873800090803052,0.582075038746086,0.5767700684118667
2023_24_20230818_NFO_SHU,2023_24,2023-08-18,1,0.4271099744245524,0.3902437635973772,0.4271099744245524,0.4234233533418349,0.4178934217177586,0.4086768690109648,0.399460316304171,0.3902437635973772
2023_24_20230819_FUL_BRE,2023_24,2023-08-19,1,0.4960835509138382,0.4715874669870381,0.4960835509138382,0.49363394252115816,0.4899595299321382,0.48383550895043814,0.4777114879687381,0.4715874669870381
2023_24_20230819_LIV_BOU,2023_24,2023-08-19,1,0.7039473684210525,0.7082719075966292,0.7039473684210525,0.7043798223386102,0.7050285032149467,0.7061096380088409,0.707190772802735,0.7082719075966292
2023_24_20230819_MCI_NEW,2023_24,2023-08-19,0,0.5555555555555556,0.5337762994312003,0.5555555555555556,0.55337762994312,0.5501107415244668,0.5446659274933779,0.5392211134622891,0.5337762994312003
2023_24_20230819_TOT_MUN,2023_24,2023-08-19,0,0.6084788029925187,0.6057980287456601,0.6084788029925187,0.6082107255678328,0.6078086094308041,0.6071384158690893,0.6064682223073747,0.6057980287456601
2023_24_20230819_WOL_BRI,2023_24,2023-08-19,1,0.5492227979274612,0.5486404462283669,0.5492227979274612,0.5491645627575518,0.5490772100026876,0.5489316220779141,0.5487860341531405,0.5486404462283669
2023_24_20230820_AVL_EVE,2023_24,2023-08-20,1,0.5065274151436031,0.5120790671578469,0.5065274151436031,0.5070825803450275,0.507915328147164,0.509303241150725,0.510691154154286,0.5120790671578469
2023_24_20230820_WHU_CHE,2023_24,2023-08-20,1,0.4986945169712793,0.5135964507957484,0.4986945169712793,0.5001847103537262,0.5024200004273967,0.5061454838835139,0.5098709673396311,0.5135964507957484
2023_24_20230821_CRY_ARS,2023_24,2023-08-21,0,0.4973821989528796,0.5324774311575963,0.4973821989528796,0.5008917221733513,0.5061560070040588,0.5149298150552379,0.523703623106417,0.5324774311575963
2023_24_20230825_CHE_LUT,2023_24,2023-08-25,1,0.5776081424936387,0.5801764954504648,0.5776081424936387,0.5778649777893213,0.5782502307328452,0.5788923189720517,0.5795344072112583,0.5801764954504648
2023_24_20230826_ARS_FUL,2023_24,2023-08-26,1,0.6433734939759036,0.635258789309735,0.6433734939759036,0.6425620235092867,0.6413448178093615,0.6393161416428192,0.6372874654762771,0.635258789309735
2023_24_20230826_BOU_TOT,2023_24,2023-08-26,0,0.6144278606965174,0.6651001293820679,0.6144278606965174,0.6194950875650725,0.627095927867905,0.6397639950392926,0.6524320622106803,0.6651001293820679
2023_24_20230826_BRE_CRY,2023_24,2023-08-26,0,0.4496124031007751,0.4091534246959988,0.4496124031007751,0.4455665052602975,0.439497658499581,0.42938291389838695,0.4192681692971929,0.4091534246959988
2023_24_20230826_BRI_WHU,2023_24,2023-08-26,1,0.6383495145631067,0.6288883004344412,0.6383495145631067,0.6374033931502402,0.6359842110309404,0.6336189074987739,0.6312536039666076,0.6288883004344412
2023_24_20230826_EVE_WOL,2023_24,2023-08-26,0,0.4507772020725388,0.4429262692666075,0.4507772020725388,0.4499921087919457,0.448814468871056,0.44685173566957315,0.44488900246809027,0.4429262692666075
2023_24_20230826_MUN_NFO,2023_24,2023-08-26,1,0.6274509803921569,0.6269445960969563,0.6274509803921569,0.6274003419626368,0.6273243843183567,0.6271977882445565,0.6270711921707565,0.6269445960969563
2023_24_20230827_BUR_AVL,2023_24,2023-08-27,1,0.5182291666666667,0.5117271225921494,0.5182291666666667,0.5175789622592151,0.5166036556480373,0.514978144629408,0.5133526336107788,0.5117271225921494
2023_24_20230827_NEW_LIV,2023_24,2023-08-27,1,0.639225181598063,0.6558863023943019,0.639225181598063,0.6408912936776868,0.6433904617971227,0.6475557419961824,0.6517210221952422,0.6558863023943019
2023_24_20230827_SHU_MCI,2023_24,2023-08-27,1,0.6055276381909548,0.6647407021529932,0.6055276381909548,0.6114489445871586,0.6203309041814644,0.6351341701719739,0.6499374361624836,0.6647407021529932
2023_24_20230901_LUT_WHU,2023_24,2023-09-01,1,0.5272727272727271,0.5459827007653888,0.5272727272727271,0.5291437246219933,0.5319502206458926,0.536627714019058,0.5413052073922233,0.5459827007653888
2023_24_20230902_BRE_BOU,2023_24,2023-09-02,1,0.5492227979274612,0.5499479007505966,0.5492227979274612,0.5492953082097748,0.5494040736332451,0.5495853493390289,0.5497666250448128,0.5499479007505966
2023_24_20230902_BRI_NEW,2023_24,2023-09-02,1,0.6400966183574879,0.636924678702981,0.6400966183574879,0.6397794243920373,0.6393036334438611,0.6385106485302344,0.6377176636166078,0.636924678702981
2023_24_20230902_BUR_TOT,2023_24,2023-09-02,1,0.5848101265822784,0.6341326758134251,0.5848101265822784,0.589742381505393,0.597140763890065,0.6094714011978517,0.6218020385056384,0.6341326758134251
2023_24_20230902_CHE_NFO,2023_24,2023-09-02,0,0.583756345177665,0.5821379859275111,0.583756345177665,0.5835945092526496,0.5833517553651265,0.582947165552588,0.5825425757400495,0.5821379859275111
2023_24_20230902_MCI_FUL,2023_24,2023-09-02,1,0.6781609195402298,0.6594889748825713,0.6781609195402298,0.6762937250744641,0.6734929333758152,0.6688249472114005,0.664156961046986,0.6594889748825713
2023_24_20230902_SHU_EVE,2023_24,2023-09-02,1,0.423469387755102,0.4270577032889903,0.423469387755102,0.42382821930849085,0.424366466638574,0.42526354552204615,0.4261606244055183,0.4270577032889903
2023_24_20230903_ARS_MUN,2023_24,2023-09-03,1,0.6144278606965174,0.5859964738917456,0.6144278606965174,0.6115847220160403,0.6073200139953245,0.6002121672941315,0.5931043205929385,0.5859964738917456
2023_24_20230903_CRY_WOL,2023_24,2023-09-03,1,0.4296675191815857,0.4186997957865665,0.4296675191815857,0.42857074684208374,0.4269255883328309,0.4241836574840761,0.4214417266353213,0.4186997957865665
2023_24_20230903_LIV_AVL,2023_24,2023-09-03,1,0.6758620689655173,0.6394713479509593,0.6758620689655173,0.6722229968640615,0.6667643887118777,0.6576667084582383,0.6485690282045988,0.6394713479509593
2023_24_20230916_AVL_CRY,2023_24,2023-09-16,1,0.5130208333333333,0.4860682988552907,0.5130208333333333,0.5103255798855291,0.5062826997138226,0.49954456609431197,0.4928064324748013,0.4860682988552907
2023_24_20230916_FUL_LUT,2023_24,2023-09-16,0,0.5104166666666667,0.4998477575828495,0.5104166666666667,0.5093597757582851,0.5077744393957124,0.5051322121247581,0.5024899848538038,0.4998477575828495
2023_24_20230916_MUN_BRI,2023_24,2023-09-16,1,0.6689976689976691,0.6507537370911773,0.6689976689976691,0.66717327580702,0.6644366860210462,0.6598757030444232,0.6553147200678002,0.6507537370911773
2023_24_20230916_NEW_BRE,2023_24,2023-09-16,0,0.5728900255754477,0.5606253917043253,0.5728900255754477,0.5716635621883355,0.5698238671076671,0.5667577086398865,0.5636915501721059,0.5606253917043253
2023_24_20230916_TOT_SHU,2023_24,2023-09-16,1,0.6425120772946861,0.5884510157352694,0.6425120772946861,0.6371059711387445,0.6289968119048319,0.6154815465149777,0.6019662811251235,0.5884510157352694
2023_24_20230916_WHU_MCI,2023_24,2023-09-16,1,0.5909090909090909,0.6165886942414128,0.5909090909090909,0.5934770512423231,0.5973289917421715,0.6037488925752519,0.6101687934083323,0.6165886942414128
2023_24_20230916_WOL_LIV,2023_24,2023-09-16,1,0.6425120772946861,0.6533107938220417,0.6425120772946861,0.6435919489474217,0.645211756426525,0.647911435558364,0.6506111146902028,0.6533107938220417
2023_24_20230917_BOU_CHE,2023_24,2023-09-17,0,0.583756345177665,0.626179985799566,0.583756345177665,0.5879987092398551,0.5943622553331402,0.6049681654886154,0.6155740756440907,0.626179985799566
2023_24_20230917_EVE_ARS,2023_24,2023-09-17,0,0.5790816326530612,0.6055220300940704,0.5790816326530612,0.5817256723971621,0.5856917320133135,0.5923018313735657,0.598911930733818,0.6055220300940704
2023_24_20230918_NFO_BUR,2023_24,2023-09-18,0,0.5013054830287206,0.4636601006855564,0.5013054830287206,0.49754094479440414,0.49189413744292954,0.4824827918571385,0.47307144627134745,0.4636601006855564
2023_24_20230923_BRE_EVE,2023_24,2023-09-23,1,0.5,0.5029648866527702,0.5,0.500296488665277,0.5007412216631926,0.5014824433263851,0.5022236649895776,0.5029648866527702
2023_24_20230923_BUR_MUN,2023_24,2023-09-23,0,0.5944584382871536,0.6057268780852394,0.5944584382871536,0.5955852822669623,0.5972755482366751,0.6000926581861965,0.602909768135718,0.6057268780852394
2023_24_20230923_CRY_FUL,2023_24,2023-09-23,0,0.4675324675324676,0.455731462855599,0.4675324675324676,0.4663523670647807,0.4645822163632504,0.46163196519403327,0.45868171402481617,0.455731462855599
2023_24_20230923_LUT_WOL,2023_24,2023-09-23,0,0.4817708333333334,0.4791418903978209,0.4817708333333334,0.4815079390397822,0.48111359759945527,0.48045636186557716,0.47979912613169906,0.4791418903978209
2023_24_20230923_MCI_NFO,2023_24,2023-09-23,0,0.6758620689655173,0.6335145911280048,0.6758620689655173,0.671627321181766,0.6652751995061391,0.654688330046761,0.6441014605873829,0.6335145911280048
2023_24_20230924_ARS_TOT,2023_24,2023-09-24,1,0.6308068459657702,0.6338183936019808,0.6308068459657702,0.6311080007293912,0.6315597328748228,0.6323126197838755,0.6330655066929282,0.6338183936019808
2023_24_20230924_BRI_BOU,2023_24,2023-09-24,1,0.6941964285714286,0.672384549028425,0.6941964285714286,0.6920152406171283,0.6887434586856777,0.6832904887999268,0.6778375189141759,0.672384549028425
2023_24_20230924_CHE_AVL,2023_24,2023-09-24,0,0.5641025641025641,0.5449242397847004,0.5641025641025641,0.5621847316707778,0.5593079830230981,0.5545134019436322,0.5497188208641663,0.5449242397847004
2023_24_20230924_LIV_WHU,2023_24,2023-09-24,1,0.6788990825688074,0.6532104022659416,0.6788990825688074,0.6763302145385208,0.6724769124930909,0.6660547424173745,0.6596325723416581,0.6532104022659416
2023_24_20230924_SHU_NEW,2023_24,2023-09-24,1,0.5754475703324808,0.5663524269812074,0.5754475703324808,0.5745380559973535,0.5731737844946625,0.5708999986568442,0.5686262128190257,0.5663524269812074
2023_24_20230930_AVL_BRI,2023_24,2023-09-30,1,0.6651053864168619,0.6302436882021931,0.6651053864168619,0.661619216595395,0.6563899618631948,0.6476745373095275,0.6389591127558603,0.6302436882021931
2023_24_20230930_BOU_ARS,2023_24,2023-09-30,1,0.6178660049627792,0.6408791112236781,0.6178660049627792,0.6201673155888691,0.6236192815280039,0.6293725580932287,0.6351258346584534,0.6408791112236781
2023_24_20230930_EVE_LUT,2023_24,2023-09-30,1,0.4739583333333334,0.4430072685207481,0.4739583333333334,0.4708632268520749,0.4662205671301871,0.45848280092704075,0.4507450347238945,0.4430072685207481
2023_24_20230930_MUN_CRY,2023_24,2023-09-30,0,0.5402597402597403,0.5243720868323164,0.5402597402597403,0.5386709749169979,0.5362878269028843,0.5323159135460284,0.5283440001891724,0.5243720868323164
2023_24_20230930_NEW_BUR,2023_24,2023-09-30,0,0.6222222222222222,0.5949289801235577,0.6222222222222222,0.6194928980123559,0.6153989116975561,0.60857560117289,0.6017522906482238,0.5949289801235577
2023_24_20230930_TOT_LIV,2023_24,2023-09-30,1,0.6848072562358277,0.6784789580728268,0.6848072562358277,0.6841744264195276,0.6832251816950774,0.6816431071543272,0.6800610326135771,0.6784789580728268
2023_24_20230930_WHU_SHU,2023_24,2023-09-30,0,0.5826972010178116,0.5258963801201203,0.5826972010178116,0.5770171189280425,0.5684969957933887,0.554296790568966,0.5400965853445432,0.5258963801201203
2023_24_20230930_WOL_MCI,2023_24,2023-09-30,1,0.6212871287128713,0.6380865981504421,0.6212871287128713,0.6229670756566285,0.625486996072264,0.6296868634316567,0.6338867307910494,0.6380865981504421
2023_24_20231001_NFO_BRE,2023_24,2023-10-01,0,0.4571428571428572,0.4303857325118737,0.4571428571428572,0.45446714467975885,0.45045357598511127,0.44376429482736546,0.43707501366961954,0.4303857325118737
2023_24_20231002_FUL_CHE,2023_24,2023-10-02,0,0.4947643979057591,0.5287601612261887,0.4947643979057591,0.49816397423780207,0.5032633387358665,0.511762279565974,0.5202612203960814,0.5287601612261887
2023_24_20231003_LUT_BUR,2023_24,2023-10-03,1,0.4271099744245524,0.4044380327272822,0.4271099744245524,0.4248427802548254,0.4214419890002349,0.4157740035759173,0.41010601815159975,0.4044380327272822
2023_24_20231007_BUR_CHE,2023_24,2023-10-07,1,0.53125,0.5588771092777144,0.53125,0.5340127109277715,0.5381567773194286,0.5450635546388571,0.5519703319582858,0.5588771092777144
2023_24_20231007_CRY_NFO,2023_24,2023-10-07,0,0.4198473282442748,0.3980515572513184,0.4198473282442748,0.4176677511449791,0.4143983854960357,0.4089494427477966,0.4035004999995575,0.3980515572513184
2023_24_20231007_EVE_BOU,2023_24,2023-10-07,1,0.5234374999999999,0.5050877149389665,0.5234374999999999,0.5216025214938966,0.5188500537347416,0.5142626074694832,0.5096751612042248,0.5050877149389665
2023_24_20231007_FUL_SHU,2023_24,2023-10-07,1,0.4960835509138382,0.4608607460600687,0.4960835509138382,0.49256127042846126,0.48727784970039584,0.47847214848695346,0.4696664472735111,0.4608607460600687
2023_24_20231007_LUT_TOT,2023_24,2023-10-07,0,0.6134663341645885,0.6264820819781892,0.6134663341645885,0.6147679089459486,0.6167202711179887,0.6199742080713888,0.623228145024789,0.6264820819781892
2023_24_20231007_MUN_BRE,2023_24,2023-10-07,1,0.5762273901808785,0.5572109845534283,0.5762273901808785,0.5743257496181335,0.5714732887740159,0.5667191873671534,0.5619650859602909,0.5572109845534283
2023_24_20231008_ARS_MCI,2023_24,2023-10-08,0,0.5352480417754569,0.5158930928459362,0.5352480417754569,0.5333125468825048,0.5304093045430767,0.5255705673106965,0.5207318300783164,0.5158930928459362
2023_24_20231008_BRI_LIV,2023_24,2023-10-08,1,0.7045951859956237,0.7202244200876231,0.7045951859956237,0.7061581094048236,0.7085024945186236,0.7124098030416234,0.7163171115646232,0.7202244200876231
2023_24_20231008_WHU_NEW,2023_24,2023-10-08,1,0.5555555555555556,0.5233241358907587,0.5555555555555556,0.5523324135890759,0.5474977006393563,0.5394398457231571,0.5313819908069579,0.5233241358907587
2023_24_20231008_WOL_AVL,2023_24,2023-10-08,0,0.53125,0.4960486570643217,0.53125,0.5277298657064322,0.5224496642660804,0.5136493285321608,0.5048489927982414,0.4960486570643217
2023_24_20231021_BOU_WOL,2023_24,2023-10-21,1,0.5260416666666667,0.5247045320294217,0.5260416666666667,0.5259079532029423,0.5257073830073555,0.5253730993480442,0.5250388156887329,0.5247045320294217
2023_24_20231021_BRE_BUR,2023_24,2023-10-21,1,0.5,0.5098789356474922,0.5,0.5009878935647493,0.5024697339118731,0.5049394678237461,0.5074092017356191,0.5098789356474922
2023_24_20231021_CHE_ARS,2023_24,2023-10-21,1,0.4973821989528796,0.4934696080511422,0.4973821989528796,0.4969909398627059,0.4964040512274453,0.4954259035020109,0.4944477557765765,0.4934696080511422
2023_24_20231021_LIV_EVE,2023_24,2023-10-21,0,0.674364896073903,0.6441123115451058,0.674364896073903,0.6713396376210234,0.6668017499417038,0.6592386038095044,0.6516754576773052,0.6441123115451058
2023_24_20231021_MCI_BRI,2023_24,2023-10-21,1,0.6928251121076232,0.6385747568474027,0.6928251121076232,0.6874000765816012,0.6792625232925681,0.665699934477513,0.6521373456624578,0.6385747568474027
2023_24_20231021_NEW_CRY,2023_24,2023-10-21,1,0.5272727272727271,0.4846146883004601,0.5272727272727271,0.5230069233755005,0.5166082175296604,0.5059437077865936,0.4952791980435269,0.4846146883004601
2023_24_20231021_NFO_LUT,2023_24,2023-10-21,1,0.4699738903394256,0.450538238368546,0.4699738903394256,0.46803032514233767,0.4651149773467057,0.4602560643539858,0.4553971513612659,0.450538238368546
2023_24_20231021_SHU_MUN,2023_24,2023-10-21,1,0.6144278606965174,0.6306530663499504,0.6144278606965174,0.6160503812618607,0.6184841621098757,0.6225404635232339,0.6265967649365922,0.6306530663499504
2023_24_20231022_AVL_WHU,2023_24,2023-10-22,1,0.602015113350126,0.5801614630666159,0.602015113350126,0.599829748321775,0.5965517007792485,0.591088288208371,0.5856248756374934,0.5801614630666159
2023_24_20231023_TOT_FUL,2023_24,2023-10-23,0,0.6280788177339901,0.5986236784067537,0.6280788177339901,0.6251333038012664,0.620715032902181,0.6133512480703719,0.6059874632385628,0.5986236784067537
2023_24_20231027_CRY_TOT,2023_24,2023-10-27,1,0.5090909090909091,0.5530091150937074,0.5090909090909091,0.513482729691189,0.5200704605916087,0.5310500120923083,0.5420295635930079,0.5530091150937074
2023_24_20231028_ARS_SHU,2023_24,2023-10-28,1,0.6971046770601336,0.6590140162219064,0.6971046770601336,0.6932956109763109,0.6875820118505768,0.67805934664102,0.6685366814314632,0.6590140162219064
2023_24_20231028_BOU_BUR,2023_24,2023-10-28,1,0.5324675324675325,0.5490764226814395,0.5324675324675325,0.5341284214889233,0.5366197550210092,0.540771977574486,0.5449242001279628,0.5490764226814395
2023_24_20231028_CHE_BRE,2023_24,2023-10-28,0,0.5298701298701299,0.5158698447599285,0.5298701298701299,0.5284701013591098,0.5263700585925796,0.5228699873150292,0.5193699160374788,0.5158698447599285
2023_24_20231028_WOL_NEW,2023_24,2023-10-28,1,0.5426356589147286,0.5122618225429386,0.5426356589147286,0.5395982752775497,0.5350421998217811,0.5274487407288336,0.5198552816358861,0.5122618225429386
2023_24_20231029_AVL_LUT,2023_24,2023-10-29,1,0.6317073170731708,0.585400654080685,0.6317073170731708,0.6270766507739223,0.6201306513250494,0.608553985576928,0.5969773198288064,0.585400654080685
2023_24_20231029_BRI_FUL,2023_24,2023-10-29,0,0.6332518337408313,0.6338791802211202,0.6332518337408313,0.6333145683888601,0.6334086703609035,0.6335655069809758,0.633722343601048,0.6338791802211202
2023_24_20231029_LIV_NFO,2023_24,2023-10-29,1,0.6736111111111112,0.6589476470173157,0.6736111111111112,0.6721447647017317,0.6699452450876623,0.6662793790642134,0.6626135130407645,0.6589476470173157
2023_24_20231029_MUN_MCI,2023_24,2023-10-29,1,0.5541237113402062,0.5926789527788784,0.5541237113402062,0.5579792354840735,0.5637625216998743,0.5734013320595424,0.5830401424192104,0.5926789527788784
2023_24_20231029_WHU_EVE,2023_24,2023-10-29,0,0.5492227979274612,0.5464513324793406,0.5492227979274612,0.5489456513826492,0.5485299315654311,0.5478370652034009,0.5471441988413708,0.5464513324793406
2023_24_20231104_BRE_WHU,2023_24,2023-11-04,1,0.5466321243523315,0.5392835056948867,0.5466321243523315,0.5458972624865871,0.5447949696879704,0.5429578150236092,0.541120660359248,0.5392835056948867
2023_24_20231104_BUR_CRY,2023_24,2023-11-04,0,0.4296675191815857,0.4154054503446764,0.4296675191815857,0.42824131229789475,0.42610200197235837,0.42253648476313105,0.41897096755390373,0.4154054503446764
2023_24_20231104_EVE_BRI,2023_24,2023-11-04,0,0.6025,0.5784388989074427,0.6025,0.6000938898907443,0.5964847247268608,0.5904694494537214,0.584454174180582,0.5784388989074427
2023_24_20231104_FUL_MUN,2023_24,2023-11-04,0,0.5338541666666666,0.5598273325064924,0.5338541666666666,0.5364514832506493,0.5403474581266231,0.5468407495865795,0.5533340410465359,0.5598273325064924
2023_24_20231104_MCI_BOU,2023_24,2023-11-04,1,0.7308488612836438,0.7135051029289836,0.7308488612836438,0.7291144854481778,0.7265129216949787,0.7221769821063138,0.7178410425176487,0.7135051029289836
2023_24_20231104_NEW_ARS,2023_24,2023-11-04,0,0.4986945169712793,0.4367963871605432,0.4986945169712793,0.49250470399020574,0.48321998451859527,0.4677454520659112,0.45227091961322724,0.4367963871605432
2023_24_20231104_SHU_WOL,2023_24,2023-11-04,1,0.5065274151436031,0.5059648540448847,0.5065274151436031,0.5064711590337313,0.5063867748689235,0.506246134594244,0.5061054943195643,0.5059648540448847
2023_24_20231105_LUT_LIV,2023_24,2023-11-05,0,0.6928251121076232,0.7267334791482926,0.6928251121076232,0.6962159488116901,0.7013022038677905,0.7097792956279578,0.7182563873881253,0.7267334791482926
2023_24_20231105_NFO_AVL,2023_24,2023-11-05,0,0.5440414507772021,0.5422099444973804,0.5440414507772021,0.54385830014922,0.5435835742072467,0.5431256976372912,0.5426678210673358,0.5422099444973804
2023_24_20231106_TOT_CHE,2023_24,2023-11-06,1,0.5581395348837209,0.5535092277872597,0.5581395348837209,0.5576765041740749,0.5569819581096056,0.5558243813354904,0.5546668045613751,0.5535092277872597
2023_24_20231111_ARS_BUR,2023_24,2023-11-11,1,0.637469586374696,0.6003712219640086,0.637469586374696,0.6337597499336273,0.6281949952720242,0.6189204041693523,0.6096458130666804,0.6003712219640086
2023_24_20231111_BOU_NEW,2023_24,2023-11-11,0,0.5655526992287918,0.563998537566537,0.5655526992287918,0.5653972830625663,0.5651641588132281,0.5647756183976644,0.5643870779821007,0.563998537566537
2023_24_20231111_CRY_EVE,2023_24,2023-11-11,1,0.4173027989821883,0.410563368536904,0.4173027989821883,0.4166288559376599,0.41561794137086727,0.4139330837595462,0.4122482261482251,0.410563368536904
2023_24_20231111_MUN_LUT,2023_24,2023-11-11,0,0.6222222222222222,0.5964333782209935,0.6222222222222222,0.6196433378220993,0.615775011221915,0.6093278002216078,0.6028805892213007,0.5964333782209935
2023_24_20231111_WOL_TOT,2023_24,2023-11-11,1,0.5873417721518986,0.5946550279516105,0.5873417721518986,0.5880730977318699,0.5891700861018265,0.5909984000517545,0.5928267140016825,0.5946550279516105
2023_24_20231112_AVL_FUL,2023_24,2023-11-12,1,0.5644329896907216,0.5294488864193726,0.5644329896907216,0.5609345793635867,0.5556869638728844,0.5469409380550472,0.5381949122372098,0.5294488864193726
2023_24_20231112_BRI_SHU,2023_24,2023-11-12,0,0.6758620689655173,0.6859445383460334,0.6758620689655173,0.6768703159035689,0.6783826863106464,0.6809033036557753,0.6834239210009043,0.6859445383460334
2023_24_20231112_CHE_MCI,2023_24,2023-11-12,1,0.5208333333333334,0.5146539522228403,0.5208333333333334,0.5202153952222841,0.51928848805571,0.5177436427780868,0.5161987975004636,0.5146539522228403
2023_24_20231112_LIV_BRE,2023_24,2023-11-12,1,0.6515513126491647,0.6411849313652705,0.6515513126491647,0.6505146745207753,0.6489597173281911,0.6463681220072176,0.6437765266862441,0.6411849313652705
2023_24_20231112_WHU_NFO,2023_24,2023-11-12,1,0.5338541666666666,0.526198390600497,0.5338541666666666,0.5330885890600497,0.5319402226501242,0.5300262786335819,0.5281123346170394,0.526198390600497
2023_24_20231125_BRE_ARS,2023_24,2023-11-25,0,0.5104166666666667,0.500932314415344,0.5104166666666667,0.5094682314415345,0.508045578603836,0.5056744905410053,0.5033034024781746,0.500932314415344
2023_24_20231125_BUR_WHU,2023_24,2023-11-25,1,0.538860103626943,0.5408170086737787,0.538860103626943,0.5390557941316266,0.5393493298886519,0.5398385561503609,0.5403277824120698,0.5408170086737787
2023_24_20231125_LUT_CRY,2023_24,2023-11-25,1,0.4432989690721649,0.4310782829960172,0.4432989690721649,0.44207690046455006,0.4402437975531279,0.43718862603409103,0.43413345451505414,0.4310782829960172
2023_24_20231125_MCI_LIV,2023_24,2023-11-25,0,0.6359223300970874,0.6173408312673703,0.6359223300970874,0.6340641802141157,0.6312769553896582,0.6266315806822289,0.6219862059747996,0.6173408312673703
2023_24_20231125_NEW_CHE,2023_24,2023-11-25,1,0.522077922077922,0.4887978991692023,0.522077922077922,0.5187499197870501,0.5137579163507421,0.5054379106235621,0.4971179048963822,0.4887978991692023
2023_24_20231125_NFO_BRI,2023_24,2023-11-25,1,0.5503875968992248,0.5498402017833945,0.5503875968992248,0.5503328573876418,0.5502507481202672,0.5501138993413097,0.5499770505623521,0.5498402017833945
2023_24_20231125_SHU_BOU,2023_24,2023-11-25,1,0.5246753246753246,0.5069315447804565,0.5246753246753246,0.5229009466858379,0.5202393797016076,0.5158034347278906,0.5113674897541736,0.5069315447804565
2023_24_20231126_EVE_MUN,2023_24,2023-11-26,1,0.5272727272727271,0.530711395981425,0.5272727272727271,0.527616594143597,0.5281323944499016,0.528992061627076,0.5298517288042506,0.530711395981425
2023_24_20231126_TOT_AVL,2023_24,2023-11-26,1,0.6332518337408313,0.6266306351879662,0.6332518337408313,0.6325897138855447,0.6315965341026151,0.6299412344643988,0.6282859348261824,0.6266306351879662
2023_24_20231127_FUL_WOL,2023_24,2023-11-27,1,0.4559585492227979,0.4302816892452263,0.4559585492227979,0.45339086322504074,0.44953933422840503,0.44312011923401207,0.43670090423961916,0.4302816892452263
2023_24_20231202_ARS_WOL,2023_24,2023-12-02,1,0.5790816326530612,0.5399185292214681,0.5790816326530612,0.5751653223099019,0.5692908567951629,0.5595000809372647,0.5497093050793664,0.5399185292214681
2023_24_20231202_BRE_LUT,2023_24,2023-12-02,1,0.5532467532467532,0.504671306219147,0.5532467532467532,0.5483892085439925,0.5411028914898517,0.5289590297329501,0.5168151679760485,0.504671306219147
2023_24_20231202_BUR_SHU,2023_24,2023-12-02,1,0.4791666666666667,0.4668827150243816,0.4791666666666667,0.4779382715024382,0.4760956787560954,0.4730246908455241,0.4699537029349529,0.4668827150243816
2023_24_20231202_NEW_MUN,2023_24,2023-12-02,0,0.5615384615384615,0.5680798650612313,0.5615384615384615,0.5621926018907386,0.563173812419154,0.5648091632998464,0.5664445141805389,0.5680798650612313
2023_24_20231202_NFO_EVE,2023_24,2023-12-02,0,0.4687499999999999,0.429083371023493,0.4687499999999999,0.4647833371023492,0.4588333427558731,0.44891668551174646,0.43900002826761975,0.429083371023493
2023_24_20231203_BOU_AVL,2023_24,2023-12-03,1,0.625615763546798,0.5981718496017584,0.625615763546798,0.6228713721522942,0.6187547850605382,0.6118938065742783,0.6050328280880183,0.5981718496017584
2023_24_20231203_CHE_BRI,2023_24,2023-12-03,1,0.614609571788413,0.572408453066387,0.614609571788413,0.6103894599162105,0.6040592921079065,0.5935090124274001,0.5829587327468935,0.572408453066387
2023_24_20231203_LIV_FUL,2023_24,2023-12-03,1,0.675115207373272,0.6522996377756975,0.675115207373272,0.6728336504135146,0.6694113149738783,0.6637074225744848,0.6580035301750912,0.6522996377756975
2023_24_20231203_MCI_TOT,2023_24,2023-12-03,1,0.6977777777777777,0.6580354089152297,0.6977777777777777,0.693803540891523,0.6878421855621407,0.6779065933465037,0.6679710011308667,0.6580354089152297
2023_24_20231203_WHU_CRY,2023_24,2023-12-03,0,0.4791666666666667,0.4304396644452556,0.4791666666666667,0.4742939664445256,0.4669849161113139,0.4548031655559611,0.4426214150006084,0.4304396644452556
2023_24_20231205_LUT_ARS,2023_24,2023-12-05,1,0.5816326530612244,0.6054647013536543,0.5816326530612244,0.5840158578904674,0.5875906651343319,0.5935486772074393,0.5995066892805467,0.6054647013536543
2023_24_20231205_WOL_BUR,2023_24,2023-12-05,0,0.4805194805194806,0.4387454885360785,0.4805194805194806,0.4763420813211404,0.4700759825236301,0.45963248452777955,0.449188986531929,0.4387454885360785
2023_24_20231206_AVL_MCI,2023_24,2023-12-06,0,0.6299019607843138,0.6296136144265359,0.6299019607843138,0.6298731261485361,0.6298298741948694,0.6297577876054248,0.6296857010159803,0.6296136144265359
2023_24_20231206_BRI_BRE,2023_24,2023-12-06,1,0.5873417721518986,0.5814588139630448,0.5873417721518986,0.5867534763330133,0.5858710326046852,0.5844002930574717,0.5829295535102582,0.5814588139630448
2023_24_20231206_CRY_BOU,2023_24,2023-12-06,0,0.484375,0.4477436580729778,0.484375,0.4807118658072978,0.4752171645182445,0.4660593290364889,0.4569014935547333,0.4477436580729778
2023_24_20231206_FUL_NFO,2023_24,2023-12-06,1,0.4689119170984456,0.4312064667748054,0.4689119170984456,0.4651413720660816,0.4594855545175356,0.45005919193662547,0.44063282935571546,0.4312064667748054
2023_24_20231206_MUN_CHE,2023_24,2023-12-06,1,0.5801526717557253,0.5574398844517132,0.5801526717557253,0.5778813930253242,0.5744744749297223,0.5687962781037192,0.5631180812777162,0.5574398844517132
2023_24_20231206_SHU_LIV,2023_24,2023-12-06,0,0.7203389830508474,0.7351244425874449,0.7203389830508474,0.7218175290045071,0.7240353479349968,0.7277317128191462,0.7314280777032955,0.7351244425874449
2023_24_20231207_EVE_NEW,2023_24,2023-12-07,1,0.4986945169712793,0.4776470733575955,0.4986945169712793,0.49658977260991094,0.49343265606785836,0.4881707951644374,0.48290893426101644,0.4776470733575955
2023_24_20231207_TOT_WHU,2023_24,2023-12-07,1,0.635036496350365,0.632691828726438,0.635036496350365,0.6348020295879723,0.6344503294443833,0.6338641625384015,0.6332779956324197,0.632691828726438
2023_24_20231209_AVL_ARS,2023_24,2023-12-09,0,0.5555555555555556,0.5630246252749412,0.5555555555555556,0.5563024625274942,0.557422822985402,0.5592900904152485,0.5611573578450948,0.5630246252749412
2023_24_20231209_BRI_BUR,2023_24,2023-12-09,0,0.6015037593984962,0.582952717956784,0.6015037593984962,0.599648655254325,0.5968659990380681,0.5922282386776401,0.5875904783172121,0.582952717956784
2023_24_20231209_CRY_LIV,2023_24,2023-12-09,1,0.5801526717557253,0.6003361115073589,0.5801526717557253,0.5821710157308887,0.5851985316936337,0.5902443916315421,0.5952902515694505,0.6003361115073589
2023_24_20231209_MUN_BOU,2023_24,2023-12-09,1,0.628992628992629,0.6047309700440644,0.628992628992629,0.6265664630977725,0.6229272142554878,0.6168617995183467,0.6107963847812056,0.6047309700440644
2023_24_20231209_SHU_BRE,2023_24,2023-12-09,0,0.5026041666666667,0.483254195355433,0.5026041666666667,0.5006691695355434,0.4977666738388583,0.4929291810110499,0.48809168818324145,0.483254195355433
2023_24_20231209_WOL_NFO,2023_24,2023-12-09,0,0.4778067885117493,0.4335492583784107,0.4778067885117493,0.4733810354984154,0.4667424059784146,0.45567802344508,0.4446136409117454,0.4335492583784107
2023_24_20231210_EVE_CHE,2023_24,2023-12-10,0,0.5352480417754569,0.4910153086911765,0.5352480417754569,0.5308247684670289,0.5241898585043868,0.5131316752333167,0.5020734919622466,0.4910153086911765
2023_24_20231210_FUL_WHU,2023_24,2023-12-10,1,0.5169712793733681,0.4733288606087105,0.5169712793733681,0.5126070374969023,0.5060606746822036,0.4951500699910393,0.4842394652998749,0.4733288606087105
2023_24_20231210_LUT_MCI,2023_24,2023-12-10,1,0.6842105263157895,0.6875766393021858,0.6842105263157895,0.6845471376144291,0.6850520545623886,0.6858935828089876,0.6867351110555867,0.6875766393021858
2023_24_20231210_TOT_NEW,2023_24,2023-12-10,1,0.6194029850746269,0.6091594799440193,0.6194029850746269,0.6183786345615662,0.616842108791975,0.6142812325093231,0.6117203562266712,0.6091594799440193
2023_24_20231215_NFO_TOT,2023_24,2023-12-15,0,0.5873417721518986,0.5857120750959575,0.5873417721518986,0.5871788024463046,0.5869343478879133,0.5865269236239281,0.5861194993599428,0.5857120750959575
2023_24_20231216_BUR_EVE,2023_24,2023-12-16,0,0.4725848563968668,0.427938666206264,0.4725848563968668,0.46812023737780656,0.4614233088492161,0.45026176130156537,0.43910021375391467,0.427938666206264
2023_24_20231216_CHE_SHU,2023_24,2023-12-16,0,0.625615763546798,0.6036626081453527,0.625615763546798,0.6234204480066535,0.6201274746964367,0.6146391858460754,0.609150896995714,0.6036626081453527
2023_24_20231216_MCI_CRY,2023_24,2023-12-16,1,0.6498800959232613,0.6006533928419641,0.6498800959232613,0.6449574256151317,0.637573420152937,0.6252667443826128,0.6129600686122884,0.6006533928419641
2023_24_20231216_NEW_FUL,2023_24,2023-12-16,1,0.5567010309278351,0.5133718370490603,0.5567010309278351,0.5523681115399576,0.5458687324581414,0.5350364339884477,0.524204135518754,0.5133718370490603
2023_24_20231217_ARS_BRI,2023_24,2023-12-17,0,0.598984771573604,0.5622380356788101,0.598984771573604,0.5953100979841246,0.5897980875999056,0.5806114036262071,0.5714247196525086,0.5622380356788101
2023_24_20231217_BRE_AVL,2023_24,2023-12-17,1,0.5633074935400517,0.5688082562455413,0.5633074935400517,0.5638575698106006,0.5646826842164241,0.5660578748927965,0.5674330655691688,0.5688082562455413
2023_24_20231217_LIV_MUN,2023_24,2023-12-17,0,0.7197452229299364,0.7019945002766088,0.7197452229299364,0.7179701506646037,0.7153075422666044,0.7108698616032726,0.7064321809399408,0.7019945002766088
2023_24_20231217_WHU_WOL,2023_24,2023-12-17,1,0.5039164490861618,0.472550054774953,0.5039164490861618,0.500779809655041,0.49607485050835964,0.48823325193055744,0.4803916533527552,0.472550054774953
2023_24_20231221_CRY_BRI,2023_24,2023-12-21,0,0.5,0.4823753222236309,0.5,0.4982375322223631,0.4955938305559077,0.49118766111181544,0.48678149166772317,0.4823753222236309
2023_24_20231222_AVL_SHU,2023_24,2023-12-22,0,0.6523809523809524,0.6436081654533042,0.6523809523809524,0.6515036736881876,0.6501877556490404,0.6479945589171283,0.6458013621852162,0.6436081654533042
2023_24_20231223_FUL_BUR,2023_24,2023-12-23,0,0.5130208333333333,0.4573927458410502,0.5130208333333333,0.5074580245841049,0.4991138114602625,0.48520678958719177,0.47129976771412097,0.4573927458410502
2023_24_20231223_LIV_ARS,2023_24,2023-12-23,0,0.5655526992287918,0.5605687773188099,0.5655526992287918,0.5650543070377936,0.5643067187512963,0.5630607382738009,0.5618147577963054,0.5605687773188099
2023_24_20231223_LUT_NEW,2023_24,2023-12-23,0,0.5378590078328982,0.5088436982168159,0.5378590078328982,0.5349574768712899,0.5306051804288776,0.523351353024857,0.5160975256208364,0.5088436982168159
2023_24_20231223_NFO_BOU,2023_24,2023-12-23,1,0.5078125,0.5110537633136594,0.5078125,0.5081366263313659,0.5086228158284148,0.5094331316568297,0.5102434474852445,0.5110537633136594
2023_24_20231223_TOT_EVE,2023_24,2023-12-23,1,0.6169154228855721,0.5877637500085222,0.6169154228855721,0.6140002555978671,0.6096275046663097,0.6023395864470471,0.5950516682277847,0.5877637500085222
2023_24_20231223_WHU_MUN,2023_24,2023-12-23,0,0.5692307692307692,0.5724022493340469,0.5692307692307692,0.5695479172410971,0.5700236392565886,0.570816509282408,0.5716093793082275,0.5724022493340469
2023_24_20231224_WOL_CHE,2023_24,2023-12-24,1,0.5246753246753246,0.539038319373141,0.5246753246753246,0.5261116241451063,0.5282660733497787,0.5318568220242328,0.5354475706986869,0.539038319373141
2023_24_20231226_BOU_FUL,2023_24,2023-12-26,1,0.5416666666666667,0.4726051911311922,0.5416666666666667,0.5347605191131193,0.5244012977827981,0.5071359288989294,0.48987056001506085,0.4726051911311922
2023_24_20231226_BUR_LIV,2023_24,2023-12-26,0,0.65311004784689,0.6546253827274174,0.65311004784689,0.6532615813349427,0.6534888815670219,0.6538677152871537,0.6542465490072855,0.6546253827274174
2023_24_20231226_MUN_AVL,2023_24,2023-12-26,1,0.5883838383838383,0.6148315906243157,0.5883838383838383,0.5910286136078862,0.5949957764439577,0.601607714504077,0.6082196525641963,0.6148315906243157
2023_24_20231226_NEW_NFO,2023_24,2023-12-26,1,0.531578947368421,0.5154855409351503,0.531578947368421,0.529969606725094,0.5275555957601034,0.5235322441517857,0.519508892543468,0.5154855409351503
2023_24_20231226_SHU_LUT,2023_24,2023-12-26,1,0.4533678756476684,0.4207847808787759,0.4533678756476684,0.45010956617077913,0.44522210195544526,0.4370763282632222,0.42893055457099905,0.4207847808787759
2023_24_20231227_BRE_WOL,2023_24,2023-12-27,1,0.4856396866840731,0.4761117801853908,0.4856396866840731,0.4846868960342049,0.48325771005940255,0.48087573343473194,0.47849375681006134,0.4761117801853908
2023_24_20231227_CHE_CRY,2023_24,2023-12-27,1,0.5065274151436031,0.4849618492495444,0.5065274151436031,0.5043708585541973,0.5011360236700884,0.4957446321965737,0.4903532407230591,0.4849618492495444
2023_24_20231227_EVE_MCI,2023_24,2023-12-27,1,0.548051948051948,0.5649416285483154,0.548051948051948,0.5497409161015847,0.5522743681760398,0.5564967883001317,0.5607192084242236,0.5649416285483154
2023_24_20231228_ARS_WHU,2023_24,2023-12-28,0,0.6030150753768844,0.5919664438354191,0.6030150753768844,0.6019102122227379,0.6002529174915181,0.5974907596061517,0.5947286017207853,0.5919664438354191
2023_24_20231228_BRI_TOT,2023_24,2023-12-28,1,0.6555819477434679,0.661735960707085,0.6555819477434679,0.6561973490398296,0.6571204509843722,0.6586589542252764,0.6601974574661806,0.661735960707085
2023_24_20231230_AVL_BUR,2023_24,2023-12-30,1,0.6074999999999999,0.6086430138980676,0.6074999999999999,0.6076143013898068,0.6077857534745168,0.6080715069490338,0.6083572604235508,0.6086430138980676
2023_24_20231230_CRY_BRE,2023_24,2023-12-30,1,0.440721649484536,0.4187182584694039,0.440721649484536,0.4385213103830228,0.43522080173075295,0.42971995397696994,0.424219106223187,0.4187182584694039
2023_24_20231230_LUT_CHE,2023_24,2023-12-30,1,0.5776081424936387,0.6028176860398046,0.5776081424936387,0.5801290968482553,0.5839105283801801,0.5902129142667216,0.5965153001532632,0.6028176860398046
2023_24_20231230_MCI_SHU,2023_24,2023-12-30,0,0.7215189873417721,0.7028707621648437,0.7215189873417721,0.7196541648240793,0.71685693104754,0.7121948747533079,0.7075328184590758,0.7028707621648437
2023_24_20231230_NFO_MUN,2023_24,2023-12-30,1,0.5440414507772021,0.5358786979499048,0.5440414507772021,0.5432251754944725,0.5420007625703778,0.5399600743635535,0.5379193861567292,0.5358786979499048
2023_24_20231230_WOL_EVE,2023_24,2023-12-30,1,0.4713541666666666,0.4325578625780188,0.4713541666666666,0.4674745362578018,0.46165509064450466,0.4519560146223427,0.4422569386001807,0.4325578625780188
2023_24_20231231_FUL_ARS,2023_24,2023-12-31,1,0.5440414507772021,0.5358237059727923,0.5440414507772021,0.5432196762967612,0.5419870145760997,0.5399325783749972,0.5378781421738947,0.5358237059727923
2023_24_20231231_TOT_BOU,2023_24,2023-12-31,1,0.6788990825688074,0.6445584490434636,0.6788990825688074,0.675465019216273,0.6703139241874715,0.6617287658061355,0.6531436074247995,0.6445584490434636
2023_24_20240101_LIV_NEW,2023_24,2024-01-01,1,0.657210401891253,0.6451260793662467,0.657210401891253,0.6560019696387525,0.6541893212600014,0.6511682406287498,0.6481471599974982,0.6451260793662467
2023_24_20240102_WHU_BRI,2023_24,2024-01-02,0,0.5909090909090909,0.5740677276352665,0.5909090909090909,0.5892249545817085,0.5866987500906349,0.5824884092721787,0.5782780684537225,0.5740677276352665
2023_24_20240112_BUR_LUT,2023_24,2024-01-12,0,0.4947368421052631,0.4496104695300926,0.4947368421052631,0.4902242048477461,0.48345524896147046,0.47217365581767784,0.4608920626738852,0.4496104695300926
2023_24_20240113_CHE_FUL,2023_24,2024-01-13,0,0.583756345177665,0.5717521892942601,0.583756345177665,0.5825559295893245,0.5807553062068138,0.5777542672359626,0.5747532282651113,0.5717521892942601
2023_24_20240113_NEW_MCI,2023_24,2024-01-13,1,0.5934343434343434,0.6352157620722545,0.5934343434343434,0.5976124852981345,0.6038796980938212,0.614325052753299,0.6247704074127767,0.6352157620722545
2023_24_20240114_EVE_AVL,2023_24,2024-01-14,0,0.5592783505154639,0.5450031844921142,0.5592783505154639,0.557850833913129,0.5557095590096265,0.552140767503789,0.5485719759979516,0.5450031844921142
2023_24_20240114_MUN_TOT,2023_24,2024-01-14,1,0.649164677804296,0.6664417662087851,0.649164677804296,0.6508923866447449,0.6534839499054182,0.6578032220065406,0.6621224941076629,0.6664417662087851
2023_24_20240120_ARS_CRY,2023_24,2024-01-20,1,0.5454545454545455,0.5217818938209747,0.5454545454545455,0.5430872802911885,0.5395363825461529,0.5336182196377601,0.5277000567293674,0.5217818938209747
2023_24_20240120_BRE_NFO,2023_24,2024-01-20,1,0.5208333333333334,0.5140477883763594,0.5208333333333334,0.520154778837636,0.5191369470940899,0.5174405608548465,0.515744174615603,0.5140477883763594
2023_24_20240121_BOU_LIV,2023_24,2024-01-21,1,0.6457831325301205,0.6519824048262034,0.6457831325301205,0.6464030597597289,0.6473329506041413,0.648882768678162,0.6504325867521826,0.6519824048262034
2023_24_20240121_SHU_WHU,2023_24,2024-01-21,1,0.4661458333333333,0.4521911314824493,0.4661458333333333,0.4647503631482449,0.46265715787061235,0.4591684824078913,0.4556798069451703,0.4521911314824493
2023_24_20240122_BRI_WOL,2023_24,2024-01-22,0,0.5841836734693877,0.5648207671984234,0.5841836734693877,0.5822473828422914,0.5793429469016467,0.5745022203339056,0.5696614937661645,0.5648207671984234
2023_24_20240130_AVL_NEW,2023_24,2024-01-30,1,0.6299019607843138,0.6096179675982254,0.6299019607843138,0.6278735614657049,0.6248309624877917,0.6197599641912697,0.6146889658947475,0.6096179675982254
2023_24_20240130_CRY_SHU,2023_24,2024-01-30,1,0.4585492227979275,0.4166769740334877,0.4585492227979275,0.45436199792148346,0.4480811606068175,0.4376130984157076,0.42714503622459765,0.4166769740334877
2023_24_20240130_FUL_EVE,2023_24,2024-01-30,0,0.4699738903394256,0.477783698872424,0.4699738903394256,0.4707548711927254,0.4719263424726752,0.4738787946059248,0.47583124673917443,0.477783698872424
2023_24_20240130_LUT_BRI,2023_24,2024-01-30,1,0.5801526717557253,0.5838754313142005,0.5801526717557253,0.5805249477115728,0.5810833616453441,0.5820140515349629,0.5829447414245816,0.5838754313142005
2023_24_20240130_NFO_ARS,2023_24,2024-01-30,1,0.5812182741116751,0.5795596996953402,0.5812182741116751,0.5810524166700417,0.5808036305075914,0.5803889869035077,0.579974343299424,0.5795596996953402
2023_24_20240131_LIV_CHE,2023_24,2024-01-31,1,0.6563981042654028,0.6553793893264466,0.6563981042654028,0.6562962327715073,0.6561434255306637,0.6558887467959247,0.6556340680611856,0.6553793893264466
2023_24_20240131_MCI_BUR,2023_24,2024-01-31,1,0.7118279569892474,0.6739904913892235,0.7118279569892474,0.708044210429245,0.7023685905892414,0.6929092241892354,0.6834498577892295,0.6739904913892235
2023_24_20240131_TOT_BRE,2023_24,2024-01-31,1,0.6332518337408313,0.6020616503788697,0.6332518337408313,0.6301328154046352,0.6254542879003409,0.6176567420598504,0.60985919621936,0.6020616503788697
2023_24_20240201_WHU_BOU,2023_24,2024-02-01,0,0.5790816326530612,0.5492468821100572,0.5790816326530612,0.5760981575987608,0.5716229450173103,0.5641642573815593,0.5567055697458083,0.5492468821100572
2023_24_20240201_WOL_MUN,2023_24,2024-02-01,1,0.5428571428571429,0.5189916559171281,0.5428571428571429,0.5404705941631415,0.5368907711221392,0.5309243993871355,0.5249580276521318,0.5189916559171281
2023_24_20240203_BRI_CRY,2023_24,2024-02-03,1,0.5529715762273902,0.5276232049842849,0.5529715762273902,0.5504367391030798,0.5466344834166139,0.5402973906058376,0.5339602977950613,0.5276232049842849
2023_24_20240203_BUR_FUL,2023_24,2024-02-03,1,0.4960835509138382,0.4948719991906749,0.4960835509138382,0.4959623957415219,0.4957806629830474,0.49547777505225654,0.49517488712146573,0.4948719991906749
2023_24_20240203_EVE_TOT,2023_24,2024-02-03,1,0.5826972010178116,0.5945639057103097,0.5826972010178116,0.5838838714870616,0.5856638771909362,0.5886305533640607,0.5915972295371852,0.5945639057103097
2023_24_20240203_NEW_LUT,2023_24,2024-02-03,1,0.6059850374064838,0.594392309920982,0.6059850374064838,0.6048257646579337,0.6030868555351083,0.600188673663733,0.5972904917923575,0.594392309920982
2023_24_20240203_SHU_AVL,2023_24,2024-02-03,1,0.5862944162436549,0.5557505918843606,0.5862944162436549,0.5832400338077255,0.5786584601538314,0.5710225040640078,0.5633865479741842,0.5557505918843606
2023_24_20240204_ARS_LIV,2023_24,2024-02-04,1,0.5717948717948719,0.551156482785406,0.5717948717948719,0.5697310328939253,0.5666352745425054,0.5614756772901389,0.5563160800377724,0.551156482785406
2023_24_20240204_BOU_NFO,2023_24,2024-02-04,0,0.578005115089514,0.5557002611928926,0.578005115089514,0.5757746296998519,0.5724289016153586,0.5668526881412033,0.561276474667048,0.5557002611928926
2023_24_20240204_CHE_WOL,2023_24,2024-02-04,1,0.5644329896907216,0.5170163402797596,0.5644329896907216,0.5596913247496255,0.5525788273379811,0.5407246649852406,0.5288705026325001,0.5170163402797596
2023_24_20240204_MUN_WHU,2023_24,2024-02-04,1,0.589873417721519,0.5681900227502176,0.589873417721519,0.5877050782243889,0.5844525689786937,0.5790317202358684,0.5736108714930429,0.5681900227502176
2023_24_20240205_BRE_MCI,2023_24,2024-02-05,1,0.606516290726817,0.6165050546749485,0.606516290726817,0.6075151671216301,0.60901348171385,0.6115106727008828,0.6140078636879156,0.6165050546749485
2023_24_20240210_FUL_BOU,2023_24,2024-02-10,1,0.5492227979274612,0.5474174345714122,0.5492227979274612,0.5490422615918563,0.548771457088449,0.5483201162494367,0.5478687754104244,0.5474174345714122
2023_24_20240210_LIV_BUR,2023_24,2024-02-10,1,0.7170212765957447,0.6523836098221049,0.7170212765957447,0.7105575099183807,0.7008618599023347,0.6847024432089248,0.6685430265155148,0.6523836098221049
2023_24_20240210_LUT_SHU,2023_24,2024-02-10,1,0.5246753246753246,0.4536469551436977,0.5246753246753246,0.5175724877221619,0.506918232292418,0.48916113990951116,0.4714040475266044,0.4536469551436977
2023_24_20240210_MCI_EVE,2023_24,2024-02-10,0,0.6587677725118484,0.5959850642703389,0.6587677725118484,0.6524895016876975,0.643072095451471,0.6273764183910937,0.6116807413307163,0.5959850642703389
2023_24_20240210_NFO_NEW,2023_24,2024-02-10,1,0.5581395348837209,0.4852063207687278,0.5581395348837209,0.5508462134722216,0.5399062313549726,0.5216729278262243,0.503439624297476,0.4852063207687278
2023_24_20240210_TOT_BRI,2023_24,2024-02-10,1,0.6863636363636364,0.6472423505399807,0.6863636363636364,0.6824515077812708,0.6765833149077225,0.6668029934518085,0.6570226719958946,0.6472423505399807
2023_24_20240210_WOL_BRE,2023_24,2024-02-10,0,0.5428571428571429,0.4630619102367084,0.5428571428571429,0.5348776195950995,0.5229083347020342,0.5029595265469257,0.48301071839181703,0.4630619102367084
2023_24_20240211_AVL_MUN,2023_24,2024-02-11,1,0.6134663341645885,0.5611718144567244,0.6134663341645885,0.6082368821938021,0.6003927042376225,0.5873190743106564,0.5742454443836904,0.5611718144567244
2023_24_20240211_WHU_ARS,2023_24,2024-02-11,1,0.570694087403599,0.5725641148345718,0.570694087403599,0.5708810901466962,0.5711615942613422,0.5716291011190854,0.5720966079768286,0.5725641148345718
2023_24_20240212_CRY_CHE,2023_24,2024-02-12,1,0.5221932114882506,0.4901504398639541,0.5221932114882506,0.5189889343258209,0.5141825185821765,0.5061718256761023,0.49816113277002827,0.4901504398639541
2023_24_20240217_BRE_LIV,2023_24,2024-02-17,1,0.635036496350365,0.603813007480898,0.635036496350365,0.6319141474634182,0.6272306241329982,0.6194247519156315,0.6116188796982647,0.603813007480898
2023_24_20240217_BUR_ARS,2023_24,2024-02-17,1,0.5969773299748111,0.5772672758823602,0.5969773299748111,0.5950063245655661,0.5920498164516984,0.5871223029285857,0.5821947894054729,0.5772672758823602
2023_24_20240217_FUL_AVL,2023_24,2024-02-17,1,0.589873417721519,0.5708218408832563,0.589873417721519,0.5879682600376928,0.5851105235119534,0.5803476293023877,0.5755847350928219,0.5708218408832563
2023_24_20240217_MCI_CHE,2023_24,2024-02-17,0,0.6515513126491647,0.5913899172217844,0.6515513126491647,0.6455351731064266,0.6365109637923195,0.6214706149354745,0.6064302660786295,0.5913899172217844
2023_24_20240217_NEW_BOU,2023_24,2024-02-17,1,0.6457831325301205,0.5805447596411903,0.6457831325301205,0.6392592952412276,0.6294735393078881,0.6131639460856555,0.5968543528634229,0.5805447596411903
2023_24_20240217_NFO_WHU,2023_24,2024-02-17,0,0.5182291666666667,0.4867530923816842,0.5182291666666667,0.5150815592381685,0.5103601480954211,0.5024911295241754,0.4946221109529298,0.4867530923816842
2023_24_20240217_TOT_WOL,2023_24,2024-02-17,1,0.6635294117647058,0.6095881609756213,0.6635294117647058,0.6581352866857973,0.6500440990674347,0.6365587863701636,0.6230734736728925,0.6095881609756213
2023_24_20240218_LUT_MUN,2023_24,2024-02-18,1,0.6040100250626567,0.5716174353703048,0.6040100250626567,0.6007707660934215,0.5959118776395688,0.5878137302164808,0.5797155827933927,0.5716174353703048
2023_24_20240218_SHU_BRI,2023_24,2024-02-18,1,0.606516290726817,0.5861334089044498,0.606516290726817,0.6044780025445803,0.6014205702712252,0.5963248498156334,0.5912291293600416,0.5861334089044498
2023_24_20240219_EVE_CRY,2023_24,2024-02-19,0,0.4404145077720207,0.3849483388991961,0.4404145077720207,0.4348678908847382,0.4265479655538145,0.4126814233356084,0.39881488111740226,0.3849483388991961
2023_24_20240220_MCI_BRE,2023_24,2024-02-20,0,0.7086956521739131,0.656891209351073,0.7086956521739131,0.703515207891629,0.6957445414682031,0.682793430762493,0.669842320056783,0.656891209351073
2023_24_20240221_LIV_LUT,2023_24,2024-02-21,1,0.7297297297297297,0.6658689845267641,0.7297297297297297,0.7233436552094331,0.7137645434289883,0.6977993571282469,0.6818341708275055,0.6658689845267641
2023_24_20240224_ARS_NEW,2023_24,2024-02-24,1,0.6433734939759036,0.5339210630943935,0.6433734939759036,0.6324282508877526,0.6160103862555261,0.5886472785351485,0.561284170814771,0.5339210630943935
2023_24_20240224_AVL_NFO,2023_24,2024-02-24,1,0.606516290726817,0.5700804818611792,0.606516290726817,0.6028727098402532,0.5974073385104076,0.5882983862939981,0.5791894340775886,0.5700804818611792
2023_24_20240224_BOU_MCI,2023_24,2024-02-24,0,0.639225181598063,0.6892829385766155,0.639225181598063,0.6442309572959182,0.6517396208427011,0.6642540600873392,0.6767684993319774,0.6892829385766155
2023_24_20240224_BRI_EVE,2023_24,2024-02-24,0,0.5728900255754477,0.5578644293462328,0.5728900255754477,0.5713874659525262,0.5691336265181439,0.5653772274608402,0.5616208284035366,0.5578644293462328
2023_24_20240224_CRY_BUR,2023_24,2024-02-24,1,0.4507772020725388,0.3960569810744829,0.4507772020725388,0.4453051799727332,0.43709714682302486,0.4234170915735108,0.40973703632399683,0.3960569810744829
2023_24_20240224_MUN_FUL,2023_24,2024-02-24,1,0.6074999999999999,0.5537408680360657,0.6074999999999999,0.6021240868036065,0.5940602170090163,0.5806204340180328,0.5671806510270493,0.5537408680360657
2023_24_20240225_WOL_SHU,2023_24,2024-02-25,0,0.5765306122448979,0.5152955504951419,0.5765306122448979,0.5704071060699223,0.5612218468074589,0.5459130813700199,0.5306043159325808,0.5152955504951419
2023_24_20240226_WHU_BRE,2023_24,2024-02-26,1,0.5520833333333334,0.5438054886728184,0.5520833333333334,0.5512555488672819,0.5500138721682046,0.5479444110030759,0.5458749498379472,0.5438054886728184
2023_24_20240302_BRE_CHE,2023_24,2024-03-02,1,0.6169154228855721,0.600186216582239,0.6169154228855721,0.6152425022552388,0.6127331213097389,0.6085508197339056,0.6043685181580722,0.600186216582239
2023_24_20240302_EVE_WHU,2023_24,2024-03-02,1,0.5104712041884817,0.4678907788484705,0.5104712041884817,0.5062131616544806,0.4998260978534789,0.4891809915184761,0.47853588518347334,0.4678907788484705
2023_24_20240302_FUL_BRI,2023_24,2024-03-02,1,0.5848101265822784,0.538249435220554,0.5848101265822784,0.5801540574461059,0.5731699537418473,0.5615297809014161,0.5498896080609851,0.538249435220554
2023_24_20240302_LUT_AVL,2023_24,2024-03-02,1,0.6515513126491647,0.6160831427076567,0.6515513126491647,0.6480044956550138,0.6426842701637876,0.6338172276784106,0.6249501851930337,0.6160831427076567
2023_24_20240302_NEW_WOL,2023_24,2024-03-02,1,0.6005025125628142,0.5295456143343711,0.6005025125628142,0.5934068227399699,0.5827632880057034,0.5650240634485926,0.5472848388914818,0.5295456143343711
2023_24_20240302_NFO_LIV,2023_24,2024-03-02,0,0.6416464891041161,0.618699586919422,0.6416464891041161,0.6393517988856467,0.6359097635579426,0.630173038011769,0.6244363124655955,0.618699586919422
2023_24_20240302_TOT_CRY,2023_24,2024-03-02,1,0.62,0.5627084408576751,0.62,0.6142708440857676,0.6056771102144187,0.5913542204288376,0.5770313306432564,0.5627084408576751
2023_24_20240303_BUR_BOU,2023_24,2024-03-03,0,0.5604113110539846,0.5569738243481835,0.5604113110539846,0.5600675623834045,0.5595519393775343,0.5586925677010841,0.5578331960246338,0.5569738243481835
2023_24_20240303_MCI_MUN,2023_24,2024-03-03,1,0.6877828054298643,0.656658414417863,0.6877828054298643,0.6846703663286642,0.6800017076768639,0.6722206099238637,0.6644395121708633,0.656658414417863
2023_24_20240304_SHU_ARS,2023_24,2024-03-04,1,0.667447306791569,0.6429815371686333,0.667447306791569,0.6650007298292755,0.6613308643858351,0.6552144219801012,0.6490979795743672,0.6429815371686333
2023_24_20240309_ARS_BRE,2023_24,2024-03-09,1,0.6587677725118484,0.5719713367883382,0.6587677725118484,0.6500881289394974,0.6370686635809708,0.6153695546500932,0.5936704457192158,0.5719713367883382
2023_24_20240309_BOU_SHU,2023_24,2024-03-09,1,0.6222222222222222,0.5932595654446656,0.6222222222222222,0.6193259565444666,0.614981558027833,0.6077408938334439,0.6005002296390548,0.5932595654446656
2023_24_20240309_CRY_LUT,2023_24,2024-03-09,0,0.5338541666666666,0.4838374148264158,0.5338541666666666,0.5288524914826416,0.5213499787066039,0.5088457907465412,0.49634160278647854,0.4838374148264158
2023_24_20240309_MUN_EVE,2023_24,2024-03-09,0,0.5703324808184143,0.5397537763213329,0.5703324808184143,0.5672746103687062,0.5626878046941439,0.5550431285698736,0.5473984524456033,0.5397537763213329
2023_24_20240309_WOL_FUL,2023_24,2024-03-09,1,0.5052083333333333,0.4633235789480387,0.5052083333333333,0.5010198578948039,0.49473714473700964,0.484265956140686,0.47379476754436234,0.4633235789480387
2023_24_20240310_AVL_TOT,2023_24,2024-03-10,1,0.701098901098901,0.6649465195269858,0.701098901098901,0.6974836629417095,0.6920608057059222,0.6830227103129434,0.6739846149199646,0.6649465195269858
2023_24_20240310_BRI_NFO,2023_24,2024-03-10,0,0.5888324873096447,0.543435969075111,0.5888324873096447,0.5842928354861914,0.5774833577510112,0.5661342281923778,0.5547850986337445,0.543435969075111
2023_24_20240310_LIV_MCI,2023_24,2024-03-10,0,0.6332518337408313,0.6409580415008433,0.6332518337408313,0.6340224545168325,0.6351783856808343,0.6371049376208373,0.6390314895608403,0.6409580415008433
2023_24_20240310_WHU_BUR,2023_24,2024-03-10,1,0.5555555555555556,0.5162268191206576,0.5555555555555556,0.5516226819120658,0.545723371446831,0.5358911873381066,0.5260590032293821,0.5162268191206576
2023_24_20240311_CHE_NEW,2023_24,2024-03-11,1,0.6498800959232613,0.6017359149141717,0.6498800959232613,0.6450656778223525,0.6378440506709889,0.6258080054187165,0.6137719601664441,0.6017359149141717
2023_24_20240313_BOU_LUT,2023_24,2024-03-13,1,0.6483253588516746,0.6389919760837952,0.6483253588516746,0.6473920205748867,0.6459920131597048,0.6436586674677349,0.6413253217757651,0.6389919760837952
2023_24_20240316_BUR_BRE,2023_24,2024-03-16,1,0.5454545454545455,0.5346716529070084,0.5454545454545455,0.5443762561997918,0.5427588223176613,0.5400630991807769,0.5373673760438926,0.5346716529070084
2023_24_20240316_FUL_TOT,2023_24,2024-03-16,1,0.637469586374696,0.6160828584898091,0.637469586374696,0.6353309135862073,0.6321229044034743,0.6267762224322526,0.6214295404610308,0.6160828584898091
2023_24_20240316_LUT_NFO,2023_24,2024-03-16,0,0.5692307692307692,0.5568284977411895,0.5692307692307692,0.5679905420818113,0.5661302013583742,0.5630296334859793,0.5599290656135845,0.5568284977411895
2023_24_20240317_WHU_AVL,2023_24,2024-03-17,0,0.61,0.5652800815023119,0.61,0.6055280081502312,0.598820020375578,0.587640040751156,0.5764600611267339,0.5652800815023119
2023_24_20240330_AVL_WOL,2023_24,2024-03-30,0,0.61,0.5800367755089412,0.61,0.6070036775508941,0.6025091938772353,0.5950183877544706,0.5875275816317058,0.5800367755089412
2023_24_20240330_BOU_EVE,2023_24,2024-03-30,1,0.5518134715025906,0.5158437505506888,0.5518134715025906,0.5482164994074005,0.5428210412646152,0.5338286110266397,0.5248361807886642,0.5158437505506888
2023_24_20240330_BRE_MUN,2023_24,2024-03-30,0,0.6169154228855721,0.6111670008277996,0.6169154228855721,0.6163405806797948,0.615478317371129,0.6140412118566858,0.6126041063422427,0.6111670008277996
2023_24_20240330_CHE_BUR,2023_24,2024-03-30,1,0.6433734939759036,0.5980368806181322,0.6433734939759036,0.6388398326401264,0.6320393406364607,0.620705187297018,0.6093710339575751,0.5980368806181322
2023_24_20240330_NEW_WHU,2023_24,2024-03-30,1,0.6317073170731708,0.598998982584705,0.6317073170731708,0.6284364836243244,0.6235302334510544,0.615353149828938,0.6071760662068214,0.598998982584705
2023_24_20240330_NFO_CRY,2023_24,2024-03-30,0,0.4571428571428572,0.4222254684665772,0.4571428571428572,0.4536511182752292,0.44841350997378715,0.4396841628047172,0.4309548156356472,0.4222254684665772
2023_24_20240330_SHU_FUL,2023_24,2024-03-30,1,0.5692307692307692,0.5369350804683799,0.5692307692307692,0.5660012003545304,0.5611568470401719,0.5530829248495746,0.5450090026589772,0.5369350804683799
2023_24_20240330_TOT_LUT,2023_24,2024-03-30,1,0.7591522157996148,0.7237245498992421,0.7591522157996148,0.7556094492095775,0.7502952993245215,0.7414383828494284,0.7325814663743353,0.7237245498992421
2023_24_20240331_LIV_BRI,2023_24,2024-03-31,1,0.6991150442477876,0.6570930265684926,0.6991150442477876,0.6949128424798581,0.6886095398279638,0.67810403540814,0.6675985309883163,0.6570930265684926
2023_24_20240331_MCI_ARS,2023_24,2024-03-31,0,0.5492227979274612,0.4988197822088852,0.5492227979274612,0.5441824963556037,0.5366220439978172,0.5240212900681732,0.5114205361385292,0.4988197822088852
2023_24_20240402_BOU_CRY,2023_24,2024-04-02,0,0.5567010309278351,0.5292479467730307,0.5567010309278351,0.5539557225123546,0.549837759889134,0.5429744888504329,0.5361112178117318,0.5292479467730307
2023_24_20240402_BUR_WOL,2023_24,2024-04-02,0,0.5286458333333333,0.5042617682631546,0.5286458333333333,0.5262074268263154,0.5225498170657886,0.516453800798244,0.5103577845306992,0.5042617682631546
2023_24_20240402_NEW_EVE,2023_24,2024-04-02,0,0.5728900255754477,0.5335781904658686,0.5728900255754477,0.5689588420644898,0.5630620667980529,0.5532341080206582,0.5434061492432634,0.5335781904658686
2023_24_20240402_NFO_FUL,2023_24,2024-04-02,1,0.5286458333333333,0.4918456391543273,0.5286458333333333,0.5249658139154326,0.5194457847885817,0.5102457362438303,0.5010456876990788,0.4918456391543273
2023_24_20240402_WHU_TOT,2023_24,2024-04-02,0,0.7071583514099783,0.6802702974285818,0.7071583514099783,0.7044695460118386,0.7004363379146292,0.69371432441928,0.6869923109239309,0.6802702974285818
2023_24_20240403_ARS_LUT,2023_24,2024-04-03,0,0.75390625,0.7092295225506686,0.75390625,0.7494385772550669,0.7427370681376672,0.7315678862753343,0.7203987044130015,0.7092295225506686
2023_24_20240403_BRE_BRI,2023_24,2024-04-03,0,0.61,0.5767200524845805,0.61,0.6066720052484581,0.6016800131211452,0.5933600262422902,0.5850400393634353,0.5767200524845805
2023_24_20240403_MCI_AVL,2023_24,2024-04-03,1,0.676605504587156,0.6513437182519178,0.676605504587156,0.6740793259536322,0.6702900580033464,0.6639746114195368,0.6576591648357274,0.6513437182519178
2023_24_20240404_CHE_MUN,2023_24,2024-04-04,1,0.674364896073903,0.6531250270430154,0.674364896073903,0.6722409091708144,0.6690549288161812,0.6637449615584592,0.6584349943007373,0.6531250270430154
2023_24_20240404_LIV_SHU,2023_24,2024-04-04,1,0.7909407665505226,0.738770574409038,0.7909407665505226,0.7857237473363742,0.7778982185151515,0.7648556704797803,0.7518131224444091,0.738770574409038
2023_24_20240406_AVL_BRE,2023_24,2024-04-06,1,0.6274509803921569,0.6313987396142271,0.6274509803921569,0.6278457563143639,0.6284379201976744,0.629424860003192,0.6304117998087095,0.6313987396142271
2023_24_20240406_BRI_ARS,2023_24,2024-04-06,1,0.5873417721518986,0.6037031965370058,0.5873417721518986,0.5889779145904094,0.5914321282481754,0.5955224843444522,0.599612840440729,0.6037031965370058
2023_24_20240406_CRY_MCI,2023_24,2024-04-06,1,0.5754475703324808,0.5996781988199459,0.5754475703324808,0.5778706331812274,0.5815052274543471,0.5875628845762133,0.5936205416980797,0.5996781988199459
2023_24_20240406_EVE_BUR,2023_24,2024-04-06,0,0.5364583333333334,0.5084561421765237,0.5364583333333334,0.5336581142176524,0.5294577855441309,0.5224572377549286,0.5154566899657261,0.5084561421765237
2023_24_20240406_FUL_NEW,2023_24,2024-04-06,0,0.6416464891041161,0.6004864879485564,0.6416464891041161,0.6375304889885601,0.6313564888152262,0.6210664885263363,0.6107764882374463,0.6004864879485564
2023_24_20240406_LUT_BOU,2023_24,2024-04-06,1,0.637469586374696,0.6175364288642945,0.637469586374696,0.6354762706236559,0.6324862969970956,0.6275030076194952,0.6225197182418949,0.6175364288642945
2023_24_20240406_WOL_WHU,2023_24,2024-04-06,1,0.5402597402597403,0.526957510147676,0.5402597402597403,0.5389295172485339,0.5369341827317242,0.5336086252037082,0.5302830676756921,0.526957510147676
2023_24_20240407_MUN_LIV,2023_24,2024-04-07,1,0.7080610021786492,0.7140748145764294,0.7080610021786492,0.7086623834184272,0.7095644552780943,0.7110679083775393,0.7125713614769843,0.7140748145764294
2023_24_20240407_SHU_CHE,2023_24,2024-04-07,1,0.6781609195402298,0.661921375135602,0.6781609195402298,0.6765369650997671,0.6741010334390729,0.670041147337916,0.6659812612367589,0.661921375135602
2023_24_20240407_TOT_NFO,2023_24,2024-04-07,1,0.6697674418604651,0.6505015699999207,0.6697674418604651,0.6678408546744107,0.6649509738953291,0.6601345059301928,0.6553180379650567,0.6505015699999207
2023_24_20240413_BOU_MUN,2023_24,2024-04-13,1,0.6651053864168619,0.6396518334998123,0.6651053864168619,0.6625600311251569,0.6587419981875995,0.6523786099583371,0.6460152217290747,0.6396518334998123
2023_24_20240413_BRE_SHU,2023_24,2024-04-13,0,0.6265356265356266,0.5861693560531784,0.6265356265356266,0.6224989994873819,0.6164440589150145,0.6063524912944025,0.5962609236737905,0.5861693560531784
2023_24_20240413_BUR_BRI,2023_24,2024-04-13,0,0.578005115089514,0.55846428538102,0.578005115089514,0.5760510321186646,0.5731199076623905,0.568234700235267,0.5633494928081435,0.55846428538102
2023_24_20240413_MCI_LUT,2023_24,2024-04-13,1,0.7495029821073559,0.6963369295677249,0.7495029821073559,0.7441863768533927,0.7362114689724482,0.7229199558375403,0.7096284427026327,0.6963369295677249
2023_24_20240413_NEW_TOT,2023_24,2024-04-13,1,0.7004405286343612,0.6890444197650898,0.7004405286343612,0.6993009177474342,0.6975915014170434,0.6947424741997255,0.6918934469824076,0.6890444197650898
2023_24_20240413_NFO_WOL,2023_24,2024-04-13,1,0.5221932114882506,0.494186761197449,0.5221932114882506,0.5193925664591704,0.5151915989155502,0.5081899863428498,0.5011883737701494,0.494186761197449
2023_24_20240414_ARS_AVL,2023_24,2024-04-14,0,0.6425120772946861,0.606779674946646,0.6425120772946861,0.6389388370598821,0.633578976707676,0.624645876120666,0.615712775533656,0.606779674946646
2023_24_20240414_LIV_CRY,2023_24,2024-04-14,0,0.683371298405467,0.6550505592890291,0.683371298405467,0.6805392244938232,0.6762911136263575,0.6692109288472481,0.6621307440681385,0.6550505592890291
2023_24_20240414_WHU_FUL,2023_24,2024-04-14,0,0.5765306122448979,0.529600895839799,0.5765306122448979,0.571837640604388,0.5647981831436232,0.5530657540423485,0.5413333249410737,0.529600895839799
2023_24_20240415_CHE_EVE,2023_24,2024-04-15,1,0.6169154228855721,0.5608543144763186,0.6169154228855721,0.6113093120446468,0.6029001457832588,0.5888848686809454,0.5748695915786319,0.5608543144763186
2023_24_20240420_LUT_BRE,2023_24,2024-04-20,1,0.6090225563909775,0.6149660889162197,0.6090225563909775,0.6096169096435018,0.6105084395222881,0.6119943226535987,0.6134802057849091,0.6149660889162197
2023_24_20240420_SHU_BUR,2023_24,2024-04-20,1,0.5754475703324808,0.5394553728018782,0.5754475703324808,0.5718483505794206,0.5664495209498301,0.5574514715671794,0.5484534221845289,0.5394553728018782
2023_24_20240420_WOL_ARS,2023_24,2024-04-20,0,0.5888324873096447,0.5963336368160628,0.5888324873096447,0.5895826022602866,0.5907077746862492,0.5925830620628537,0.5944583494394582,0.5963336368160628
2023_24_20240421_AVL_BOU,2023_24,2024-04-21,1,0.6579572446555819,0.6115359385250925,0.6579572446555819,0.6533151140425331,0.6463519181229596,0.6347465915903372,0.6231412650577148,0.6115359385250925
2023_24_20240421_CRY_WHU,2023_24,2024-04-21,1,0.5326370757180157,0.5197457251497349,0.5326370757180157,0.5313479406611876,0.5294142380759455,0.5261914004338752,0.5229685627918051,0.5197457251497349
2023_24_20240421_EVE_NFO,2023_24,2024-04-21,0,0.5104712041884817,0.4724559085877157,0.5104712041884817,0.5066696746284051,0.5009673802882902,0.4914635563880987,0.48195973248790713,0.4724559085877157
2023_24_20240421_FUL_LIV,2023_24,2024-04-21,1,0.6736111111111112,0.6808668219283276,0.6736111111111112,0.6743366821928328,0.6754250388154153,0.6772389665197194,0.6790528942240235,0.6808668219283276
2023_24_20240423_ARS_CHE,2023_24,2024-04-23,1,0.6231527093596059,0.611544150869987,0.6231527093596059,0.621991853510644,0.6202505697372012,0.6173484301147965,0.6144462904923917,0.611544150869987
2023_24_20240424_CRY_NEW,2023_24,2024-04-24,0,0.5934343434343434,0.5644131918644666,0.5934343434343434,0.5905322282773557,0.5861790555418742,0.578923767649405,0.5716684797569358,0.5644131918644666
2023_24_20240424_EVE_LIV,2023_24,2024-04-24,0,0.628992628992629,0.6218196061106387,0.628992628992629,0.62827532670443,0.6271993732721315,0.6254061175516339,0.6236128618311363,0.6218196061106387
2023_24_20240424_MUN_SHU,2023_24,2024-04-24,1,0.7004405286343612,0.6550745967259741,0.7004405286343612,0.6959039354435226,0.6890990456572645,0.6777575626801677,0.6664160797030709,0.6550745967259741
2023_24_20240424_WOL_BOU,2023_24,2024-04-24,0,0.5743589743589743,0.5492188791217828,0.5743589743589743,0.5718449648352553,0.5680739505496765,0.5617889267403786,0.5555039029310807,0.5492188791217828
2023_24_20240425_BRI_MCI,2023_24,2024-04-25,1,0.6383495145631067,0.6583263245016799,0.6383495145631067,0.6403471955569641,0.6433437170477501,0.6483379195323933,0.6533321220170366,0.6583263245016799
2023_24_20240427_AVL_CHE,2023_24,2024-04-27,1,0.6579572446555819,0.6052433483922491,0.6579572446555819,0.6526858550292487,0.6447787705897488,0.6316002965239156,0.6184218224580824,0.6052433483922491
2023_24_20240427_EVE_BRE,2023_24,2024-04-27,0,0.5234374999999999,0.4867977859295738,0.5234374999999999,0.5197735285929573,0.5142775714823933,0.5051176429647868,0.4959577144471803,0.4867977859295738
2023_24_20240427_FUL_CRY,2023_24,2024-04-27,0,0.5618556701030928,0.5193425110115749,0.5618556701030928,0.5576043541939409,0.5512273803302133,0.5405990905573339,0.5299708007844544,0.5193425110115749
2023_24_20240427_MUN_BUR,2023_24,2024-04-27,0,0.6984478935698448,0.6494065438521098,0.6984478935698448,0.6935437585980714,0.6861875561404112,0.6739272187109773,0.6616668812815436,0.6494065438521098
2023_24_20240427_NEW_SHU,2023_24,2024-04-27,1,0.7133620689655172,0.671523033351886,0.7133620689655172,0.7091781654041541,0.7029023100621095,0.6924425511587016,0.6819827922552938,0.671523033351886
2023_24_20240427_WHU_LIV,2023_24,2024-04-27,1,0.6935123042505593,0.6957889697707641,0.6935123042505593,0.6937399708025799,0.6940814706306105,0.6946506370106618,0.6952198033907129,0.6957889697707641
2023_24_20240427_WOL_LUT,2023_24,2024-04-27,1,0.5862944162436549,0.5689954337171053,0.5862944162436549,0.584564517991,0.5819696706120174,0.5776449249803801,0.5733201793487427,0.5689954337171053
2023_24_20240428_BOU_BRI,2023_24,2024-04-28,1,0.6457831325301205,0.6366079833308782,0.6457831325301205,0.6448656176101963,0.64348934523031,0.6411955579304993,0.6389017706306888,0.6366079833308782
2023_24_20240428_NFO_MCI,2023_24,2024-04-28,0,0.6203473945409429,0.600921904721597,0.6203473945409429,0.6184048455590083,0.6154910220861065,0.61063464963127,0.6057782771764335,0.600921904721597
2023_24_20240428_TOT_ARS,2023_24,2024-04-28,1,0.6399026763990268,0.631696563756541,0.6399026763990268,0.6390820651347782,0.6378511482384053,0.6357996200777839,0.6337480919171625,0.631696563756541
2023_24_20240502_CHE_TOT,2023_24,2024-05-02,0,0.7242105263157894,0.6846006716267413,0.7242105263157894,0.7202495408468846,0.7143080626435274,0.7044055989712654,0.6945031352990033,0.6846006716267413
2023_24_20240503_LUT_EVE,2023_24,2024-05-03,0,0.5492227979274612,0.5430894698135815,0.5492227979274612,0.5486094651160732,0.5476894658989913,0.5461561338705214,0.5446228018420515,0.5430894698135815
2023_24_20240504_ARS_BOU,2023_24,2024-05-04,1,0.7067833698030634,0.6577001801261525,0.7067833698030634,0.7018750508353724,0.6945125723838357,0.6822417749646079,0.6699709775453803,0.6577001801261525
2023_24_20240504_BRE_FUL,2023_24,2024-05-04,0,0.5994962216624685,0.5581501090061305,0.5994962216624685,0.5953616103968347,0.589159693498384,0.5788231653342994,0.568486637170215,0.5581501090061305
2023_24_20240504_BUR_NEW,2023_24,2024-05-04,1,0.6407766990291263,0.6242519133361879,0.6407766990291263,0.6391242204598324,0.6366455026058917,0.632514306182657,0.6283831097594225,0.6242519133361879
2023_24_20240504_MCI_WOL,2023_24,2024-05-04,1,0.7302904564315352,0.6412114487504611,0.7302904564315352,0.7213825556634279,0.7080207045112666,0.6857509525909982,0.6634812006707297,0.6412114487504611
2023_24_20240504_SHU_NFO,2023_24,2024-05-04,1,0.6074999999999999,0.57328942551285,0.6074999999999999,0.6040789425512849,0.5989473563782124,0.590394712756425,0.5818420691346375,0.57328942551285
2023_24_20240505_BRI_AVL,2023_24,2024-05-05,0,0.6399026763990268,0.6279566807973822,0.6399026763990268,0.6387080768388623,0.6369161774986156,0.6339296785982045,0.6309431796977933,0.6279566807973822
2023_24_20240505_CHE_WHU,2023_24,2024-05-05,1,0.676674364896074,0.6344751418989525,0.676674364896074,0.6724544425963619,0.6661245591467937,0.6555747533975133,0.6450249476482328,0.6344751418989525
2023_24_20240505_LIV_TOT,2023_24,2024-05-05,1,0.7519685039370079,0.7357835343769888,0.7519685039370079,0.7503500069810061,0.7479222615470031,0.7438760191569984,0.7398297767669936,0.7357835343769888
2023_24_20240506_CRY_MUN,2023_24,2024-05-06,1,0.6184538653366584,0.5551141714641121,0.6184538653366584,0.6121198959494037,0.6026189418685217,0.5867840184003852,0.5709490949322487,0.5551141714641121
2023_24_20240511_BOU_BRE,2023_24,2024-05-11,1,0.6498800959232613,0.6266905692003183,0.6498800959232613,0.6475611432509671,0.6440827142425256,0.6382853325617899,0.632487950881054,0.6266905692003183
2023_24_20240511_EVE_SHU,2023_24,2024-05-11,0,0.6169154228855721,0.5670089280888216,0.6169154228855721,0.611924773405897,0.6044387991863845,0.5919621754871969,0.5794855517880092,0.5670089280888216
2023_24_20240511_FUL_MCI,2023_24,2024-05-11,1,0.7035398230088495,0.699564503122344,0.7035398230088495,0.703142291020199,0.7025459930372231,0.7015521630655968,0.7005583330939704,0.699564503122344
2023_24_20240511_NEW_BRI,2023_24,2024-05-11,0,0.7139784946236559,0.6636832102853725,0.7139784946236559,0.7089489661898276,0.7014046735390851,0.6888308524545141,0.6762570313699433,0.6636832102853725
2023_24_20240511_NFO_CHE,2023_24,2024-05-11,1,0.6407766990291263,0.6156671338361096,0.6407766990291263,0.6382657425098246,0.634499307730872,0.6282219164326179,0.6219445251343638,0.6156671338361096
2023_24_20240511_TOT_BUR,2023_24,2024-05-11,1,0.7655954631379962,0.7305780248326046,0.7655954631379962,0.7620937193074571,0.7568411035616482,0.7480867439853004,0.7393323844089524,0.7305780248326046
2023_24_20240511_WHU_LUT,2023_24,2024-05-11,1,0.6666666666666666,0.6362070045400516,0.6666666666666666,0.6636207004540051,0.6590517511350129,0.6514368356033591,0.6438219200717054,0.6362070045400516
2023_24_20240511_WOL_CRY,2023_24,2024-05-11,1,0.5326370757180157,0.4786488119959644,0.5326370757180157,0.5272382493458105,0.5191400097875029,0.50564294385699,0.4921458779264772,0.4786488119959644
2023_24_20240512_MUN_ARS,2023_24,2024-05-12,0,0.6928251121076232,0.6583297148427202,0.6928251121076232,0.6893755723811329,0.6842012627913975,0.6755774134751718,0.6669535641589459,0.6583297148427202
2023_24_20240513_AVL_LIV,2023_24,2024-05-13,1,0.7114967462039045,0.6869148797982294,0.7114967462039045,0.709038559563337,0.7053512796024857,0.699205813001067,0.6930603463996481,0.6869148797982294
2023_24_20240514_TOT_MCI,2023_24,2024-05-14,0,0.7490118577075099,0.7457096991486954,0.7490118577075099,0.7486816418516284,0.7481863180678063,0.7473607784281027,0.746535238788399,0.7457096991486954
2023_24_20240515_BRI_CHE,2023_24,2024-05-15,1,0.6803652968036529,0.6747408048445519,0.6803652968036529,0.6798028476077429,0.6789591738138776,0.6775530508241023,0.6761469278343272,0.6747408048445519
2023_24_20240515_MUN_NEW,2023_24,2024-05-15,1,0.7145922746781115,0.678589914670642,0.7145922746781115,0.7109920386773646,0.7055916846762441,0.6965910946743767,0.6875905046725094,0.678589914670642
2023_24_20240519_ARS_EVE,2023_24,2024-05-19,1,0.6877828054298643,0.6444839908736703,0.6877828054298643,0.6834529239742448,0.6769581017908157,0.6661333981517672,0.6553086945127187,0.6444839908736703
2023_24_20240519_BRE_NEW,2023_24,2024-05-19,1,0.6877828054298643,0.6460041822610172,0.6877828054298643,0.6836049431129796,0.6773381496376525,0.6668934938454407,0.656448838053229,0.6460041822610172
2023_24_20240519_BRI_MUN,2023_24,2024-05-19,0,0.7191489361702128,0.711379809784298,0.7191489361702128,0.7183720235316213,0.7172066545737341,0.7152643729772554,0.7133220913807767,0.711379809784298
2023_24_20240519_BUR_NFO,2023_24,2024-05-19,1,0.6280788177339901,0.5833641092336286,0.6280788177339901,0.6236073468839539,0.6169001406088996,0.6057214634838093,0.5945427863587189,0.5833641092336286
2023_24_20240519_CHE_BOU,2023_24,2024-05-19,1,0.7449799196787148,0.6951315653222259,0.7449799196787148,0.7399950842430659,0.7325178310895926,0.7200557425004703,0.7075936539113481,0.6951315653222259
2023_24_20240519_CRY_AVL,2023_24,2024-05-19,1,0.6804597701149425,0.6239936246261633,0.6804597701149425,0.6748131555660646,0.6663432337427477,0.6522266973705528,0.638110160998358,0.6239936246261633
2023_24_20240519_LIV_WOL,2023_24,2024-05-19,0,0.7761467889908258,0.7142732682408255,0.7761467889908258,0.7699594369158258,0.7606784088033257,0.7452100286158256,0.7297416484283256,0.7142732682408255
2023_24_20240519_LUT_FUL,2023_24,2024-05-19,1,0.6571428571428571,0.6467847006864283,0.6571428571428571,0.6561070414972142,0.6545533180287499,0.6519637789146427,0.6493742398005355,0.6467847006864283
2023_24_20240519_MCI_WHU,2023_24,2024-05-19,1,0.7876106194690266,0.7069112405401959,0.7876106194690266,0.7795406815761434,0.7674357747368189,0.7472609300046112,0.7270860852724036,0.7069112405401959
2023_24_20240519_SHU_TOT,2023_24,2024-05-19,1,0.7723880597014926,0.7564909406343086,0.7723880597014926,0.7707983477947743,0.7684137799346966,0.7644395001679005,0.7604652204011045,0.7564909406343086
2024_25_20240816_MUN_FUL,2024_25,2024-08-16,0,0.6222222222222222,0.6102776901868345,0.6222222222222222,0.6210277690186835,0.6192360892133753,0.6162499562045284,0.6132638231956815,0.6102776901868345
2024_25_20240817_ARS_WOL,2024_25,2024-08-17,0,0.6490384615384616,0.6009161395413429,0.6490384615384616,0.6442262293387497,0.6370078810391819,0.6249773005399022,0.6129467200406226,0.6009161395413429
2024_25_20240817_EVE_BRI,2024_25,2024-08-17,1,0.5298701298701299,0.5236597810832548,0.5298701298701299,0.5292490949914425,0.5283175426734111,0.5267649554766924,0.5252123682799736,0.5236597810832548
2024_25_20240817_IPS_LIV,2024_25,2024-08-17,0,0.6758620689655173,0.6966566477438282,0.6758620689655173,0.6779415268433484,0.681060713660095,0.6862593583546728,0.6914580030492504,0.6966566477438282
2024_25_20240817_NEW_SOU,2024_25,2024-08-17,0,0.6825396825396824,0.6573091034561629,0.6825396825396824,0.6800166246313305,0.6762320377688026,0.6699243929979226,0.6636167482270428,0.6573091034561629
2024_25_20240817_NFO_BOU,2024_25,2024-08-17,0,0.5402597402597403,0.5309447314789206,0.5402597402597403,0.5393282393816583,0.5379309880645353,0.5356022358693304,0.5332734836741255,0.5309447314789206
2024_25_20240817_WHU_AVL,2024_25,2024-08-17,1,0.6074999999999999,0.598798248634939,0.6074999999999999,0.6066298248634938,0.6053245621587346,0.6031491243174695,0.6009736864762043,0.598798248634939
2024_25_20240818_BRE_CRY,2024_25,2024-08-18,1,0.5286458333333333,0.5026090528710955,0.5286458333333333,0.5260421552871095,0.5221366382177738,0.5156274431022143,0.509118247986655,0.5026090528710955
2024_25_20240818_CHE_MCI,2024_25,2024-08-18,0,0.6332518337408313,0.6249826388110522,0.6332518337408313,0.6324249142478534,0.6311845350083864,0.6291172362759417,0.627049937543497,0.6249826388110522
2024_25_20240819_LEI_TOT,2024_25,2024-08-19,0,0.625615763546798,0.637155766370989,0.625615763546798,0.6267697638292172,0.6285007642528457,0.6313857649588935,0.6342707656649413,0.637155766370989
2024_25_20240824_AVL_ARS,2024_25,2024-08-24,0,0.5518134715025906,0.5424839885952469,0.5518134715025906,0.5508805232118562,0.5494811007757547,0.5471487300489188,0.5448163593220829,0.5424839885952469
2024_25_20240824_BRI_MUN,2024_25,2024-08-24,1,0.605,0.6263055749407298,0.605,0.607130557494073,0.6103263937351824,0.6156527874703649,0.6209791812055474,0.6263055749407298
2024_25_20240824_CRY_WHU,2024_25,2024-08-24,0,0.5440414507772021,0.5263391833232077,0.5440414507772021,0.5422712240318027,0.5396158839137035,0.5351903170502049,0.5307647501867063,0.5263391833232077
2024_25_20240824_FUL_LEI,2024_25,2024-08-24,1,0.5130208333333333,0.5078868362469311,0.5130208333333333,0.5125074336246931,0.5117373340617327,0.5104538347901322,0.5091703355185316,0.5078868362469311
2024_25_20240824_MCI_IPS,2024_25,2024-08-24,1,0.7329192546583851,0.6499707100170726,0.7329192546583851,0.7246244001942539,0.712182118498057,0.6914449823377289,0.6707078461774008,0.6499707100170726
2024_25_20240824_SOU_NFO,2024_25,2024-08-24,0,0.4869791666666667,0.4555278929035467,0.4869791666666667,0.4838340392903547,0.47911634822588667,0.4712535297851067,0.46339071134432674,0.4555278929035467
2024_25_20240824_TOT_EVE,2024_25,2024-08-24,1,0.6280788177339901,0.6084476100370807,0.6280788177339901,0.6261156969642991,0.6231710158097628,0.6182632138855354,0.613355411961308,0.6084476100370807
2024_25_20240825_BOU_NEW,2024_25,2024-08-25,0,0.61,0.6021470607252438,0.61,0.6092147060725244,0.608036765181311,0.6060735303626219,0.6041102955439328,0.6021470607252438
2024_25_20240825_LIV_BRE,2024_25,2024-08-25,0,0.7032967032967032,0.6686832567312964,0.7032967032967032,0.6998353586401626,0.6946433416553515,0.6859899800139998,0.6773366183726481,0.6686832567312964
2024_25_20240825_WOL_CHE,2024_25,2024-08-25,1,0.5826972010178116,0.600434571084465,0.5826972010178116,0.584470938024477,0.5871315435344749,0.5915658860511384,0.5960002285678017,0.600434571084465
2024_25_20240831_ARS_BRI,2024_25,2024-08-31,0,0.6222222222222222,0.6082585343997894,0.6222222222222222,0.620825853439979,0.618731300266614,0.6152403783110059,0.6117494563553976,0.6082585343997894
2024_25_20240831_BRE_SOU,2024_25,2024-08-31,1,0.5541237113402062,0.5644081652499557,0.5541237113402062,0.5551521567311812,0.5566948248176435,0.559265938295081,0.5618370517725184,0.5644081652499557
2024_25_20240831_EVE_BOU,2024_25,2024-08-31,1,0.5104712041884817,0.4940544194087749,0.5104712041884817,0.508829525710511,0.506367007993555,0.5022628117986283,0.49815861560370156,0.4940544194087749
2024_25_20240831_IPS_FUL,2024_25,2024-08-31,0,0.5272727272727271,0.6017292883188532,0.5272727272727271,0.5347183833773398,0.5458868675342586,0.5645010077957902,0.5831151480573217,0.6017292883188532
2024_25_20240831_LEI_AVL,2024_25,2024-08-31,1,0.5666666666666667,0.5795182203474214,0.5666666666666667,0.5679518220347421,0.5698795550868554,0.573092443507044,0.5763053319272327,0.5795182203474214
2024_25_20240831_NFO_WOL,2024_25,2024-08-31,0,0.5246753246753246,0.4848485283794848,0.5246753246753246,0.5206926450457406,0.5147186256013647,0.5047619265274047,0.49480522745344474,0.4848485283794848
2024_25_20240831_WHU_MCI,2024_25,2024-08-31,1,0.6515513126491647,0.679296774899974,0.6515513126491647,0.6543258588742455,0.6584876782118669,0.6654240437745693,0.6723604093372717,0.679296774899974
2024_25_20240901_CHE_CRY,2024_25,2024-09-01,0,0.6274509803921569,0.5984281561632828,0.6274509803921569,0.6245486979692695,0.6201952743349384,0.6129395682777199,0.6056838622205013,0.5984281561632828
2024_25_20240901_MUN_LIV,2024_25,2024-09-01,1,0.6651053864168619,0.6779342246752204,0.6651053864168619,0.6663882702426978,0.6683125959814515,0.6715198055460412,0.6747270151106308,0.6779342246752204
2024_25_20240901_NEW_TOT,2024_25,2024-09-01,1,0.6898876404494382,0.7273113218987294,0.6898876404494382,0.6936300085943673,0.699243560811761,0.7085994811740838,0.7179554015364066,0.7273113218987294
2024_25_20240914_AVL_EVE,2024_25,2024-09-14,1,0.5717948717948719,0.5555089559792354,0.5717948717948719,0.5701662802133083,0.5677233928409627,0.5636519138870537,0.5595804349331446,0.5555089559792354
2024_25_20240914_BOU_CHE,2024_25,2024-09-14,0,0.6555819477434679,0.6743117101138507,0.6555819477434679,0.6574549239805062,0.6602643883360636,0.6649468289286593,0.669629269521255,0.6743117101138507
2024_25_20240914_BRI_IPS,2024_25,2024-09-14,0,0.6119402985074627,0.5565763254729705,0.6119402985074627,0.6064039012040134,0.5980993052488397,0.5842583119902166,0.5704173187315935,0.5565763254729705
2024_25_20240914_CRY_LEI,2024_25,2024-09-14,1,0.5440414507772021,0.5601811576560733,0.5440414507772021,0.5456554214650893,0.54807637749692,0.5521113042166377,0.5561462309363555,0.5601811576560733
2024_25_20240914_FUL_WHU,2024_25,2024-09-14,0,0.5567010309278351,0.5724758163153579,0.5567010309278351,0.5582785094665873,0.5606447272747158,0.5645884236215966,0.5685321199684772,0.5724758163153579
2024_25_20240914_LIV_NFO,2024_25,2024-09-14,0,0.6736111111111112,0.6445532013405608,0.6736111111111112,0.6707053201340561,0.6663466336684736,0.659082156225836,0.6518176787831984,0.6445532013405608
2024_25_20240914_MCI_BRE,2024_25,2024-09-14,1,0.7045951859956237,0.6619241688367393,0.7045951859956237,0.7003280842797353,0.6939274317059025,0.6832596774161814,0.6725919231264604,0.6619241688367393
2024_25_20240914_SOU_MUN,2024_25,2024-09-14,1,0.5944584382871536,0.615971903346522,0.5944584382871536,0.5966097847930905,0.5998368045519957,0.6052151708168378,0.6105935370816798,0.615971903346522
2024_25_20240915_TOT_ARS,2024_25,2024-09-15,0,0.6040100250626567,0.5950738144349177,0.6040100250626567,0.6031164039998828,0.6017759724057219,0.5995419197487872,0.5973078670918525,0.5950738144349177
2024_25_20240915_WOL_NEW,2024_25,2024-09-15,1,0.6129032258064515,0.6196622125380759,0.6129032258064515,0.6135791244796139,0.6145929724893576,0.6162827191722637,0.6179724658551697,0.6196622125380759
2024_25_20240921_AVL_WOL,2024_25,2024-09-21,1,0.6040100250626567,0.6036533418050472,0.6040100250626567,0.6039743567368957,0.6039208542482544,0.603831683433852,0.6037425126194496,0.6036533418050472
2024_25_20240921_CRY_MUN,2024_25,2024-09-21,0,0.5989974937343359,0.6336564094466085,0.5989974937343359,0.6024633853055632,0.607662222662404,0.6163269515904721,0.6249916805185404,0.6336564094466085
2024_25_20240921_FUL_NEW,2024_25,2024-09-21,1,0.5692307692307692,0.5680947618015781,0.5692307692307692,0.5691171684878502,0.5689467673734714,0.5686627655161737,0.568378763658876,0.5680947618015781
2024_25_20240921_LEI_EVE,2024_25,2024-09-21,0,0.5156249999999999,0.4653059143153839,0.5156249999999999,0.5105930914315383,0.5030452285788458,0.49046545715769185,0.4778856857365379,0.4653059143153839
2024_25_20240921_LIV_BOU,2024_25,2024-09-21,1,0.6964285714285715,0.6747661111526763,0.6964285714285715,0.694262325400982,0.6910129563595977,0.6855973412906239,0.6801817262216501,0.6747661111526763
2024_25_20240921_SOU_IPS,2024_25,2024-09-21,0,0.5378590078328982,0.5043569125584957,0.5378590078328982,0.5345087983054579,0.5294834840142976,0.5211079601956969,0.5127324363770963,0.5043569125584957
2024_25_20240921_TOT_BRE,2024_25,2024-09-21,1,0.6643026004728132,0.6184580661160011,0.6643026004728132,0.659718147037132,0.6528414668836102,0.6413803332944071,0.629919199705204,0.6184580661160011
2024_25_20240921_WHU_CHE,2024_25,2024-09-21,1,0.625615763546798,0.6267997806816054,0.625615763546798,0.6257341652602788,0.6259117678304998,0.6262077721142016,0.6265037763979036,0.6267997806816054
2024_25_20240922_BRI_NFO,2024_25,2024-09-22,1,0.5246753246753246,0.5294257604189079,0.5246753246753246,0.525150368249683,0.5258629336112204,0.5270505425471163,0.5282381514830121,0.5294257604189079
2024_25_20240922_MCI_ARS,2024_25,2024-09-22,1,0.4739583333333334,0.4014235557884151,0.4739583333333334,0.46670485557884156,0.45582463894710384,0.43769094456087426,0.4195572501746447,0.4014235557884151
2024_25_20240928_ARS_LEI,2024_25,2024-09-28,1,0.6311881188118812,0.6097862418138802,0.6311881188118812,0.6290479311120811,0.625837649562381,0.6204871803128806,0.6151367110633804,0.6097862418138802
2024_25_20240928_BRE_WHU,2024_25,2024-09-28,0,0.5776081424936387,0.6061020947018587,0.5776081424936387,0.5804575377144607,0.5847316305456937,0.5918551185977488,0.5989786066498037,0.6061020947018587
2024_25_20240928_CHE_BRI,2024_25,2024-09-28,1,0.6323529411764707,0.6159841061158357,0.6323529411764707,0.6307160576704072,0.628260732411312,0.6241685236461532,0.6200763148809944,0.6159841061158357
2024_25_20240928_EVE_CRY,2024_25,2024-09-28,1,0.5130208333333333,0.4902886571661696,0.5130208333333333,0.5107476157166169,0.5073377892915424,0.5016547452497514,0.4959717012079605,0.4902886571661696
2024_25_20240928_NEW_MCI,2024_25,2024-09-28,0,0.639225181598063,0.6658711636805651,0.639225181598063,0.6418897798063131,0.6458866771186885,0.6525481726393141,0.6592096681599395,0.6658711636805651
2024_25_20240928_NFO_FUL,2024_25,2024-09-28,0,0.4805194805194806,0.4713854010200318,0.4805194805194806,0.47960607256953575,0.47823596064461843,0.4759524407697562,0.473668920894894,0.4713854010200318
2024_25_20240928_WOL_LIV,2024_25,2024-09-28,1,0.6563981042654028,0.6961266149344809,0.6563981042654028,0.6603709553323107,0.6663302319326723,0.6762623595999419,0.6861944872672114,0.6961266149344809
2024_25_20240929_IPS_AVL,2024_25,2024-09-29,1,0.5529715762273902,0.5965548378303906,0.5529715762273902,0.5573299023876903,0.5638673916281404,0.5747632070288904,0.5856590224296405,0.5965548378303906
2024_25_20240929_MUN_TOT,2024_25,2024-09-29,1,0.6689976689976691,0.685773678185792,0.6689976689976691,0.6706752699164815,0.6731916712946999,0.6773856735917305,0.6815796758887613,0.685773678185792
2024_25_20240930_BOU_SOU,2024_25,2024-09-30,1,0.6356968215158926,0.6651211474407855,0.6356968215158926,0.638639254108382,0.6430529029971158,0.6504089844783391,0.6577650659595623,0.6651211474407855
2024_25_20241005_ARS_SOU,2024_25,2024-10-05,1,0.6971046770601336,0.692008199991432,0.6971046770601336,0.6965950293532635,0.6958305577929582,0.6945564385257827,0.6932823192586075,0.692008199991432
2024_25_20241005_BRE_WOL,2024_25,2024-10-05,1,0.538860103626943,0.5298337076889037,0.538860103626943,0.537957464033139,0.5366035046424331,0.5343469056579233,0.5320903066734135,0.5298337076889037
2024_25_20241005_CRY_LIV,2024_25,2024-10-05,0,0.6015037593984962,0.6564400074031086,0.6015037593984962,0.6069973841989574,0.6152378213996493,0.6289718834008025,0.6427059454019555,0.6564400074031086
2024_25_20241005_EVE_NEW,2024_25,2024-10-05,0,0.5666666666666667,0.5592580776468397,0.5666666666666667,0.5659258077646839,0.5648145194117099,0.5629623721567532,0.5611102249017964,0.5592580776468397
2024_25_20241005_LEI_BOU,2024_25,2024-10-05,0,0.5666666666666667,0.5570588809710261,0.5666666666666667,0.5657058880971026,0.5642647202427565,0.5618627738188464,0.5594608273949362,0.5570588809710261
2024_25_20241005_MCI_FUL,2024_25,2024-10-05,1,0.6539379474940334,0.6113531350677709,0.6539379474940334,0.6496794662514072,0.6432917443874678,0.6326455412809022,0.6219993381743365,0.6113531350677709
2024_25_20241005_WHU_IPS,2024_25,2024-10-05,1,0.5666666666666667,0.5630626848911445,0.5666666666666667,0.5663062684891145,0.5657656712227861,0.5648646757789055,0.563963680335025,0.5630626848911445
2024_25_20241006_AVL_MUN,2024_25,2024-10-06,0,0.6222222222222222,0.6101821143824175,0.6222222222222222,0.6210182114382418,0.6192121952622711,0.6162021683023199,0.6131921413423687,0.6101821143824175
2024_25_20241006_BRI_TOT,2024_25,2024-10-06,1,0.683371298405467,0.7061909741457457,0.683371298405467,0.6856532659794949,0.6890762173405367,0.6947811362756063,0.700486055210676,0.7061909741457457
2024_25_20241006_CHE_NFO,2024_25,2024-10-06,0,0.6134663341645885,0.5819437390184367,0.6134663341645885,0.6103140746499733,0.6055856853780506,0.5977050365915126,0.5898243878049747,0.5819437390184367
2024_25_20241019_BOU_ARS,2024_25,2024-10-19,0,0.5555555555555556,0.5454857749105002,0.5555555555555556,0.55454857749105,0.5530381103942917,0.5505206652330279,0.548003220071764,0.5454857749105002
2024_25_20241019_FUL_AVL,2024_25,2024-10-19,1,0.5529715762273902,0.558629805551913,0.5529715762273902,0.5535373991598426,0.554386133558521,0.5558006908896516,0.5572152482207823,0.558629805551913
2024_25_20241019_IPS_EVE,2024_25,2024-10-19,0,0.5234374999999999,0.5289348752558847,0.5234374999999999,0.5239872375255884,0.5248118438139711,0.5261861876279423,0.5275605314419135,0.5289348752558847
2024_25_20241019_MUN_BRE,2024_25,2024-10-19,1,0.6339066339066339,0.6205704100040788,0.6339066339066339,0.6325730115163785,0.6305725779309952,0.6272385219553563,0.6239044659797175,0.6205704100040788
2024_25_20241019_NEW_BRI,2024_25,2024-10-19,0,0.628992628992629,0.6181123916672818,0.628992628992629,0.6279046052600943,0.6262725696612922,0.6235525103299554,0.6208324509986186,0.6181123916672818
2024_25_20241019_SOU_LEI,2024_25,2024-10-19,1,0.5416666666666667,0.5295683520085044,0.5416666666666667,0.5404568352008505,0.5386420880021261,0.5356175093375856,0.532592930673045,0.5295683520085044
2024_25_20241019_TOT_WHU,2024_25,2024-10-19,1,0.6921348314606741,0.6912625327522137,0.6921348314606741,0.6920476015898281,0.6919167567835591,0.6916986821064439,0.6914806074293287,0.6912625327522137
2024_25_20241020_LIV_CHE,2024_25,2024-10-20,1,0.676674364896074,0.6683980103769999,0.676674364896074,0.6758467294441666,0.6746052762663055,0.672536187636537,0.6704670990067684,0.6683980103769999
2024_25_20241020_WOL_MCI,2024_25,2024-10-20,1,0.6547619047619047,0.6645168546913055,0.6547619047619047,0.6557373997548448,0.6572006422442549,0.6596393797266051,0.6620781172089553,0.6645168546913055
2024_25_20241021_NFO_CRY,2024_25,2024-10-21,0,0.4470284237726098,0.4158956310106182,0.4470284237726098,0.4439151444964107,0.4392452255821119,0.431462027391614,0.4236788292011161,0.4158956310106182
2024_25_20241025_LEI_NFO,2024_25,2024-10-25,1,0.464935064935065,0.4242681644694824,0.464935064935065,0.46086837488850674,0.4547683398186693,0.44460161470227366,0.43443488958587806,0.4242681644694824
2024_25_20241026_AVL_BOU,2024_25,2024-10-26,0,0.5989974937343359,0.5870869242131764,0.5989974937343359,0.5978064367822199,0.596019851354046,0.5930422089737561,0.5900645665934663,0.5870869242131764
2024_25_20241026_BRE_IPS,2024_25,2024-10-26,1,0.5801526717557253,0.5611367099608149,0.5801526717557253,0.5782510755762342,0.5753986813069977,0.5706446908582701,0.5658907004095425,0.5611367099608149
2024_25_20241026_BRI_WOL,2024_25,2024-10-26,1,0.6090225563909775,0.6008331372753131,0.6090225563909775,0.6082036144794111,0.6069752016120613,0.6049278468331453,0.6028804920542292,0.6008331372753131
2024_25_20241026_EVE_FUL,2024_25,2024-10-26,0,0.5078125,0.4795895591003362,0.5078125,0.5049902059100336,0.500756764775084,0.4937010295501681,0.48664529432525216,0.4795895591003362
2024_25_20241026_MCI_SOU,2024_25,2024-10-26,0,0.746,0.7155683383190342,0.746,0.7429568338319035,0.7383920845797586,0.7307841691595172,0.7231762537392756,0.7155683383190342
2024_25_20241027_ARS_LIV,2024_25,2024-10-27,1,0.5065274151436031,0.4719540219043194,0.5065274151436031,0.5030700758196748,0.49788406683378217,0.4892407185239612,0.4805973702141403,0.4719540219043194
2024_25_20241027_CHE_NEW,2024_25,2024-10-27,1,0.6587677725118484,0.6492120460606504,0.6587677725118484,0.6578121998667286,0.6563788408990489,0.6539899092862493,0.6516009776734499,0.6492120460606504
2024_25_20241027_CRY_TOT,2024_25,2024-10-27,0,0.6015037593984962,0.6296060222727415,0.6015037593984962,0.6043139856859208,0.6085293251170576,0.6155548908356189,0.6225804565541802,0.6296060222727415
2024_25_20241027_WHU_MUN,2024_25,2024-10-27,1,0.6262376237623761,0.6283271543090784,0.6262376237623761,0.6264465768170464,0.6267600063990517,0.6272823890357273,0.6278047716724028,0.6283271543090784
2024_25_20241102_BOU_MCI,2024_25,2024-11-02,1,0.606516290726817,0.6362816988159502,0.606516290726817,0.6094928315357303,0.6139576427491004,0.6213989947713836,0.6288403467936668,0.6362816988159502
2024_25_20241102_IPS_LEI,2024_25,2024-11-02,0,0.5604113110539846,0.5853657504660774,0.5604113110539846,0.5629067549951938,0.5666499209070077,0.572888530760031,0.5791271406130543,0.5853657504660774
2024_25_20241102_LIV_BRI,2024_25,2024-11-02,1,0.682648401826484,0.6386141255185996,0.682648401826484,0.6782449741956956,0.6716398327495129,0.6606312636725418,0.6496226945955708,0.6386141255185996
2024_25_20241102_NEW_ARS,2024_25,2024-11-02,0,0.5260416666666667,0.5167366972123751,0.5260416666666667,0.5251111697212376,0.5237154243030938,0.5213891819395209,0.5190629395759481,0.5167366972123751
2024_25_20241102_NFO_WHU,2024_25,2024-11-02,1,0.5156249999999999,0.505043936380137,0.5156249999999999,0.5145668936380137,0.5129797340950342,0.5103344681900684,0.5076892022851027,0.505043936380137
2024_25_20241102_SOU_EVE,2024_25,2024-11-02,0,0.5246753246753246,0.5502389439541977,0.5246753246753246,0.527231686603212,0.5310662294950429,0.5374571343147612,0.5438480391344794,0.5502389439541977
2024_25_20241102_WOL_CRY,2024_25,2024-11-02,1,0.5078125,0.4900998636454625,0.5078125,0.5060412363645462,0.5033843409113656,0.49895618182273127,0.49452802273409685,0.4900998636454625
2024_25_20241103_MUN_CHE,2024_25,2024-11-03,0,0.6595744680851063,0.6710400882985894,0.6595744680851063,0.6607210301064547,0.6624408731384771,0.6653072781918479,0.6681736832452186,0.6710400882985894
2024_25_20241103_TOT_AVL,2024_25,2024-11-03,1,0.6587677725118484,0.6489653639123756,0.6587677725118484,0.6577875316519012,0.6563171703619801,0.653866568212112,0.6514159660622438,0.6489653639123756
2024_25_20241104_FUL_BRE,2024_25,2024-11-04,1,0.5717948717948719,0.5610036758405371,0.5717948717948719,0.5707157521994384,0.5690970728062882,0.5663992738177045,0.5637014748291208,0.5610036758405371
2024_25_20241109_BRE_BOU,2024_25,2024-11-09,1,0.5989974937343359,0.5850402635410996,0.5989974937343359,0.5976017707150123,0.5955081861860267,0.5920188786377177,0.5885295710894087,0.5850402635410996
2024_25_20241109_BRI_MCI,2024_25,2024-11-09,1,0.6203473945409429,0.6417429700630816,0.6203473945409429,0.6224869520931567,0.6256962884214776,0.6310451823020122,0.6363940761825468,0.6417429700630816
2024_25_20241109_CRY_FUL,2024_25,2024-11-09,0,0.4973958333333334,0.4816118510812827,0.4973958333333334,0.49581743510812837,0.4934498377703207,0.489503842207308,0.48555784664429535,0.4816118510812827
2024_25_20241109_LIV_AVL,2024_25,2024-11-09,0,0.664319248826291,0.6463942900186584,0.664319248826291,0.6625267529455278,0.6598380091243828,0.6553567694224747,0.6508755297205666,0.6463942900186584
2024_25_20241109_WHU_EVE,2024_25,2024-11-09,0,0.5286458333333333,0.5321311157805912,0.5286458333333333,0.528994361578059,0.5295171539451478,0.5303884745569623,0.5312597951687767,0.5321311157805912
2024_25_20241109_WOL_SOU,2024_25,2024-11-09,0,0.5765306122448979,0.5590366633564553,0.5765306122448979,0.5747812173560536,0.5721571250227873,0.5677836378006766,0.5634101505785659,0.5590366633564553
2024_25_20241110_CHE_ARS,2024_25,2024-11-10,0,0.5592783505154639,0.5360523727144588,0.5592783505154639,0.5569557527353634,0.5534718560652127,0.5476653616149614,0.5418588671647101,0.5360523727144588
2024_25_20241110_MUN_LEI,2024_25,2024-11-10,1,0.6507177033492824,0.648300288326188,0.6507177033492824,0.650475961846973,0.6501133495935087,0.6495089958377351,0.6489046420819615,0.648300288326188
2024_25_20241110_NFO_NEW,2024_25,2024-11-10,1,0.4947916666666667,0.4837954983644746,0.4947916666666667,0.49369204983644743,0.49204262459111864,0.48929358251557065,0.48654454044002265,0.4837954983644746
2024_25_20241110_TOT_IPS,2024_25,2024-11-10,1,0.7286012526096034,0.6761174627019327,0.7286012526096034,0.7233528736188364,0.7154803051326858,0.7023593576557681,0.6892384101788503,0.6761174627019327
2024_25_20241123_ARS_NFO,2024_25,2024-11-23,1,0.5286458333333333,0.4845983931257372,0.5286458333333333,0.5242410893125736,0.5176339732814342,0.5066221132295352,0.49561025317763624,0.4845983931257372
2024_25_20241123_AVL_CRY,2024_25,2024-11-23,1,0.5466321243523315,0.5399916003857087,0.5466321243523315,0.5459680719556693,0.5449719933606758,0.5433118623690201,0.5416517313773643,0.5399916003857087
2024_25_20241123_BOU_BRI,2024_25,2024-11-23,1,0.6055276381909548,0.6013007105920594,0.6055276381909548,0.6051049454310653,0.604470906291231,0.6034141743915071,0.6023574424917832,0.6013007105920594
2024_25_20241123_EVE_BRE,2024_25,2024-11-23,0,0.522077922077922,0.5070009928699788,0.522077922077922,0.5205702291571277,0.5183086897759362,0.5145394574739504,0.5107702251719646,0.5070009928699788
2024_25_20241123_FUL_WOL,2024_25,2024-11-23,1,0.5681233933161953,0.5648372941318583,0.5681233933161953,0.5677947833977616,0.5673018685201111,0.5664803437240269,0.5656588189279426,0.5648372941318583
2024_25_20241123_LEI_CHE,2024_25,2024-11-23,1,0.6407766990291263,0.64953123436057,0.6407766990291263,0.6416521525622706,0.6429653328619872,0.6451539666948481,0.6473426005277091,0.64953123436057
2024_25_20241123_MCI_TOT,2024_25,2024-11-23,1,0.7253668763102725,0.6983512368503277,0.7253668763102725,0.722665312364278,0.7186129664452863,0.7118590565803001,0.705105146715314,0.6983512368503277
2024_25_20241124_IPS_MUN,2024_25,2024-11-24,0,0.61,0.6517467209530541,0.61,0.6141746720953054,0.6204366802382635,0.6308733604765271,0.6413100407147906,0.6517467209530541
2024_25_20241124_SOU_LIV,2024_25,2024-11-24,1,0.660377358490566,0.6836758178006267,0.660377358490566,0.662707204421572,0.6662019733180812,0.6720265881455963,0.6778512029731115,0.6836758178006267
2024_25_20241125_NEW_WHU,2024_25,2024-11-25,0,0.6125,0.609583513318203,0.6125,0.6122083513318203,0.6117708783295508,0.6110417566591015,0.6103126349886523,0.609583513318203
2024_25_20241129_BRI_SOU,2024_25,2024-11-29,0,0.6651053864168619,0.6795188839670067,0.6651053864168619,0.6665467361718763,0.6687087608043981,0.6723121351919343,0.6759155095794704,0.6795188839670067
2024_25_20241130_BRE_LEI,2024_25,2024-11-30,1,0.6040100250626567,0.5918506947559901,0.6040100250626567,0.60279409203199,0.60097019248599,0.5979303599093233,0.5948905273326567,0.5918506947559901
2024_25_20241130_CRY_NEW,2024_25,2024-11-30,0,0.537467700258398,0.5470876907178319,0.537467700258398,0.5384296993043414,0.5398726978732564,0.542277695488115,0.5446826931029735,0.5470876907178319
2024_25_20241130_NFO_IPS,2024_25,2024-11-30,0,0.5065274151436031,0.4576921487113718,0.5065274151436031,0.50164388850038,0.4943185985355453,0.48210978192748744,0.4699009653194296,0.4576921487113718
2024_25_20241130_WHU_ARS,2024_25,2024-11-30,1,0.5629820051413882,0.5793413377114625,0.5629820051413882,0.5646179383983956,0.5670718382839068,0.5711616714264254,0.5752515045689439,0.5793413377114625
2024_25_20241130_WOL_BOU,2024_25,2024-11-30,1,0.5790816326530612,0.5561300047595329,0.5790816326530612,0.5767864698637084,0.5733437256796792,0.5676058187062971,0.5618679117329151,0.5561300047595329
2024_25_20241201_CHE_AVL,2024_25,2024-12-01,1,0.6212871287128713,0.6072093229180092,0.6212871287128713,0.6198793481333851,0.6177676772641558,0.6142482258154403,0.6107287743667247,0.6072093229180092
2024_25_20241201_LIV_MCI,2024_25,2024-12-01,0,0.6111111111111112,0.5840641286131057,0.6111111111111112,0.6084064128613106,0.6043493654866098,0.5975876198621084,0.5908258742376071,0.5840641286131057
2024_25_20241201_MUN_EVE,2024_25,2024-12-01,1,0.5466321243523315,0.5340370233692424,0.5466321243523315,0.5453726142540226,0.5434833491065593,0.540334573860787,0.5371857986150147,0.5340370233692424
2024_25_20241201_TOT_FUL,2024_25,2024-12-01,0,0.6666666666666666,0.6245928755377536,0.6666666666666666,0.6624592875537754,0.6561482188844384,0.6456297711022101,0.6351113233199818,0.6245928755377536
2024_25_20241203_IPS_CRY,2024_25,2024-12-03,0,0.484375,0.4735532748602136,0.484375,0.4832928274860214,0.4816695687150534,0.4789641374301068,0.4762587061451602,0.4735532748602136
2024_25_20241203_LEI_WHU,2024_25,2024-12-03,1,0.5350649350649351,0.5417891514064799,0.5350649350649351,0.5357373566990896,0.5367459891503213,0.5384270432357074,0.5401080973210937,0.5417891514064799
2024_25_20241204_ARS_MUN,2024_25,2024-12-04,0,0.5862944162436549,0.5482724214942736,0.5862944162436549,0.5824922167687168,0.5767889175563096,0.5672834188689642,0.5577779201816189,0.5482724214942736
2024_25_20241204_AVL_BRE,2024_25,2024-12-04,1,0.606516290726817,0.6194190341578799,0.606516290726817,0.6078065650699233,0.6097419765845827,0.6129676624423485,0.6161933483001142,0.6194190341578799
2024_25_20241204_EVE_WOL,2024_25,2024-12-04,1,0.484375,0.4823369981504722,0.484375,0.48417119981504725,0.48386549953761804,0.4833559990752361,0.48284649861285417,0.4823369981504722
2024_25_20241204_MCI_NFO,2024_25,2024-12-04,1,0.6015037593984962,0.561515865723403,0.6015037593984962,0.5975049700309869,0.591506785979723,0.5815098125609496,0.5715128391421762,0.561515865723403
2024_25_20241204_NEW_LIV,2024_25,2024-12-04,1,0.5994962216624685,0.6004091363006689,0.5994962216624685,0.5995875131262886,0.5997244503220186,0.5999526789815688,0.6001809076411189,0.6004091363006689
2024_25_20241204_SOU_CHE,2024_25,2024-12-04,1,0.664319248826291,0.684072748315595,0.664319248826291,0.6662945987752215,0.669257623698617,0.6741959985709429,0.679134373443269,0.684072748315595
2024_25_20241205_BOU_TOT,2024_25,2024-12-05,0,0.6728538283062646,0.6784386544397776,0.6728538283062646,0.673412310919616,0.674250034839643,0.6756462413730211,0.6770424479063992,0.6784386544397776
2024_25_20241205_FUL_BRI,2024_25,2024-12-05,1,0.589873417721519,0.5907940749450487,0.589873417721519,0.589965483443872,0.5901035820274014,0.5903337463332838,0.5905639106391662,0.5907940749450487
2024_25_20241207_AVL_SOU,2024_25,2024-12-07,0,0.6611764705882353,0.6696253266944089,0.6611764705882353,0.6620213561988526,0.6632886846147786,0.665400898641322,0.6675131126678655,0.6696253266944089
2024_25_20241207_BRE_NEW,2024_25,2024-12-07,1,0.609452736318408,0.5985582345660188,0.609452736318408,0.6083632861431691,0.6067291108803107,0.6040054854422134,0.6012818600041161,0.5985582345660188
2024_25_20241207_CRY_MCI,2024_25,2024-12-07,1,0.5848101265822784,0.62126180541628,0.5848101265822784,0.5884552944656786,0.5939230462907787,0.6030359659992792,0.6121488857077796,0.62126180541628
2024_25_20241207_MUN_NFO,2024_25,2024-12-07,1,0.5338541666666666,0.479315152143891,0.5338541666666666,0.5284002652143891,0.5202194130359727,0.5065846594052787,0.49294990577458486,0.479315152143891
2024_25_20241208_FUL_ARS,2024_25,2024-12-08,0,0.5364583333333334,0.5355109058912638,0.5364583333333334,0.5363635905891264,0.5362214764728159,0.5359846196122986,0.5357477627517813,0.5355109058912638
2024_25_20241208_IPS_BOU,2024_25,2024-12-08,1,0.5567010309278351,0.5745856498480512,0.5567010309278351,0.5584894928198567,0.5611721856578891,0.5656433403879431,0.570114495117997,0.5745856498480512
2024_25_20241208_LEI_BRI,2024_25,2024-12-08,1,0.6005025125628142,0.6054730926509968,0.6005025125628142,0.6009995705716324,0.6017451575848598,0.6029878026069055,0.6042304476289512,0.6054730926509968
2024_25_20241208_TOT_CHE,2024_25,2024-12-08,1,0.7071583514099783,0.7105058340914568,0.7071583514099783,0.7074930996781262,0.7079952220803479,0.7088320927507176,0.7096689634210872,0.7105058340914568
2024_25_20241209_WHU_WOL,2024_25,2024-12-09,1,0.595959595959596,0.5968834602535616,0.595959595959596,0.5960519823889927,0.5961905620330874,0.5964215281065788,0.5966524941800703,0.5968834602535616
2024_25_20241214_ARS_EVE,2024_25,2024-12-14,0,0.5732647814910026,0.5139653673496221,0.5732647814910026,0.5673348400768646,0.5584399279556574,0.5436150744203123,0.5287902208849672,0.5139653673496221
2024_25_20241214_LIV_FUL,2024_25,2024-12-14,1,0.6440677966101696,0.5980519434969991,0.6440677966101696,0.6394662112988525,0.6325638333318769,0.6210598700535843,0.6095559067752917,0.5980519434969991
2024_25_20241214_NEW_LEI,2024_25,2024-12-14,1,0.6547619047619047,0.6414792416993437,0.6547619047619047,0.6534336384556485,0.6514412389962644,0.6481205732306241,0.644799907464984,0.6414792416993437
2024_25_20241214_NFO_AVL,2024_25,2024-12-14,1,0.5117493472584856,0.5088354028525754,0.5117493472584856,0.5114579528178946,0.5110208611570082,0.5102923750555306,0.509563888954053,0.5088354028525754
2024_25_20241214_WOL_IPS,2024_25,2024-12-14,1,0.5555555555555556,0.5348433199543778,0.5555555555555556,0.5534843319954378,0.5503774966552611,0.5451994377549667,0.5400213788546723,0.5348433199543778
2024_25_20241215_BRI_CRY,2024_25,2024-12-15,1,0.5532467532467532,0.5210327232359315,0.5532467532467532,0.550025350245671,0.5451932457440478,0.5371397382413423,0.5290862307386369,0.5210327232359315
2024_25_20241215_CHE_BRE,2024_25,2024-12-15,1,0.7155172413793104,0.6890629571643521,0.7155172413793104,0.7128718129578147,0.7089036703255708,0.7022900992718313,0.6956765282180917,0.6890629571643521
2024_25_20241215_MCI_MUN,2024_25,2024-12-15,1,0.660332541567696,0.617327911729986,0.660332541567696,0.656032078583925,0.6495813841082686,0.638830226648841,0.6280790691894135,0.617327911729986
2024_25_20241215_SOU_TOT,2024_25,2024-12-15,1,0.726890756302521,0.7409624664486206,0.726890756302521,0.7282979273171309,0.7304086838390459,0.7339266113755708,0.7374445389120957,0.7409624664486206
2024_25_20241216_BOU_WHU,2024_25,2024-12-16,0,0.6271604938271605,0.6212623215164523,0.6271604938271605,0.6265706765960898,0.6256859507494835,0.6242114076718064,0.6227368645941294,0.6212623215164523
2024_25_20241221_AVL_MCI,2024_25,2024-12-21,1,0.6005025125628142,0.6164974650806437,0.6005025125628142,0.6021020078145971,0.6045012506922716,0.608499988821729,0.6124987269511863,0.6164974650806437
2024_25_20241221_BRE_NFO,2024_25,2024-12-21,0,0.5532467532467532,0.5017582153172448,0.5532467532467532,0.5480978994538024,0.5403746187643761,0.5275024842819991,0.514630349799622,0.5017582153172448
2024_25_20241221_CRY_ARS,2024_25,2024-12-21,1,0.5234374999999999,0.5179867631414787,0.5234374999999999,0.5228924263141478,0.5220748157853696,0.5207121315707393,0.519349447356109,0.5179867631414787
2024_25_20241221_IPS_NEW,2024_25,2024-12-21,1,0.5852417302798981,0.5953697678938387,0.5852417302798981,0.5862545340412921,0.5877737396833832,0.5903057490868684,0.5928377584903536,0.5953697678938387
2024_25_20241221_WHU_BRI,2024_25,2024-12-21,0,0.628992628992629,0.6090524588862511,0.628992628992629,0.6269986119819912,0.6240075864660346,0.6190225439394401,0.6140375014128456,0.6090524588862511
2024_25_20241222_EVE_CHE,2024_25,2024-12-22,0,0.5754475703324808,0.5691057639994799,0.5754475703324808,0.5748133896991808,0.5738621187492305,0.5722766671659804,0.5706912155827302,0.5691057639994799
2024_25_20241222_FUL_SOU,2024_25,2024-12-22,0,0.615,0.5909933473808309,0.615,0.612599334738083,0.6089983368452077,0.6029966736904154,0.5969950105356232,0.5909933473808309
2024_25_20241222_LEI_WOL,2024_25,2024-12-22,1,0.5743589743589743,0.5536249474163304,0.5743589743589743,0.57228557166471,0.5691754676233134,0.5639919608876524,0.5588084541519913,0.5536249474163304
2024_25_20241222_MUN_BOU,2024_25,2024-12-22,1,0.595959595959596,0.5657070746337289,0.595959595959596,0.5929343438270094,0.5883964656281293,0.5808333352966625,0.5732702049651957,0.5657070746337289
2024_25_20241222_TOT_LIV,2024_25,2024-12-22,1,0.7318087318087318,0.7087077235973873,0.7318087318087318,0.7294986309875974,0.7260334797558957,0.7202582277030596,0.7144829756502235,0.7087077235973873
2024_25_20241226_BOU_CRY,2024_25,2024-12-26,0,0.5532467532467532,0.5100935874547089,0.5532467532467532,0.5489314366675487,0.5424584617987421,0.531670170350731,0.52088187890272,0.5100935874547089
2024_25_20241226_CHE_FUL,2024_25,2024-12-26,1,0.6522781774580336,0.616439487113904,0.6522781774580336,0.6486943084236207,0.6433185048720013,0.6343588322859688,0.6253991596999363,0.616439487113904
2024_25_20241226_LIV_LEI,2024_25,2024-12-26,1,0.7875,0.7308895308952238,0.7875,0.7818389530895223,0.7733473827238059,0.7591947654476119,0.7450421481714179,0.7308895308952238
2024_25_20241226_MCI_EVE,2024_25,2024-12-26,0,0.6115288220551378,0.5457811738178169,0.6115288220551378,0.6049540572314057,0.5950919099958076,0.5786549979364773,0.5622180858771471,0.5457811738178169
2024_25_20241226_NEW_AVL,2024_25,2024-12-26,1,0.5924050632911392,0.5679243807261529,0.5924050632911392,0.5899569950346405,0.5862848926498926,0.5801647220086461,0.5740445513673995,0.5679243807261529
2024_25_20241226_NFO_TOT,2024_25,2024-12-26,0,0.6407766990291263,0.6272681935546021,0.6407766990291263,0.6394258484816738,0.6373995726604952,0.6340224462918642,0.6306453199232331,0.6272681935546021
2024_25_20241226_SOU_WHU,2024_25,2024-12-26,0,0.5732647814910026,0.5721738373448956,0.5732647814910026,0.573155687076392,0.5729920454544758,0.572719309417949,0.5724465733814224,0.5721738373448956
2024_25_20241226_WOL_MUN,2024_25,2024-12-26,0,0.570694087403599,0.558152644482389,0.570694087403599,0.5694399431114779,0.5675587266732964,0.564423365942994,0.5612880052126915,0.558152644482389
2024_25_20241227_ARS_IPS,2024_25,2024-12-27,0,0.682648401826484,0.6343339828768675,0.682648401826484,0.6778169599315225,0.6705697970890798,0.6584911923516757,0.6464125876142717,0.6343339828768675
2024_25_20241227_BRI_BRE,2024_25,2024-12-27,0,0.6587677725118484,0.6657018882902946,0.6587677725118484,0.659461184089693,0.6605013014564599,0.6622348304010715,0.6639683593456831,0.6657018882902946
2024_25_20241229_CRY_SOU,2024_25,2024-12-29,1,0.5442708333333333,0.522088693603267,0.5442708333333333,0.5420526193603267,0.5387252984008167,0.5331797634683002,0.5276342285357836,0.522088693603267
2024_25_20241229_EVE_NFO,2024_25,2024-12-29,0,0.4267352185089973,0.3689307832954329,0.4267352185089973,0.4209547749876409,0.4122841097056062,0.3978330009022151,0.383381892098824,0.3689307832954329
2024_25_20241229_FUL_BOU,2024_25,2024-12-29,1,0.5695876288659795,0.566794366490832,0.5695876288659795,0.5693083026284647,0.5688893132721926,0.5681909976784058,0.5674926820846189,0.566794366490832
2024_25_20241229_LEI_MCI,2024_25,2024-12-29,0,0.6930022573363431,0.71629426606639,0.6930022573363431,0.6953314582093478,0.6988252595188549,0.7046482617013665,0.7104712638838784,0.71629426606639
2024_25_20241229_TOT_WOL,2024_25,2024-12-29,1,0.7176724137931035,0.6892683877565722,0.7176724137931035,0.7148320111894504,0.7105714072839706,0.7034704007748378,0.6963693942657051,0.6892683877565722
2024_25_20241229_WHU_LIV,2024_25,2024-12-29,1,0.6774941995359629,0.6677667333371263,0.6774941995359629,0.6765214529160792,0.6750623329862537,0.6726304664365446,0.6701985998868354,0.6677667333371263
2024_25_20241230_AVL_BRI,2024_25,2024-12-30,1,0.5974683544303797,0.5694177834758762,0.5974683544303797,0.5946632973349294,0.5904557116917538,0.583443068953128,0.5764304262145021,0.5694177834758762
2024_25_20241230_IPS_CHE,2024_25,2024-12-30,0,0.6578947368421053,0.6778781303795381,0.6578947368421053,0.6598930761958486,0.6628905852264635,0.6678864336108217,0.67288228199518,0.6778781303795381
2024_25_20241230_MUN_NEW,2024_25,2024-12-30,0,0.5831202046035805,0.5553837099912101,0.5831202046035805,0.5803465551423435,0.576186080950488,0.5692519572973953,0.5623178336443027,0.5553837099912101
2024_25_20250101_BRE_ARS,2024_25,2025-01-01,1,0.615,0.6217493900902252,0.615,0.6156749390090225,0.6166873475225563,0.6183746950451126,0.6200620425676688,0.6217493900902252
2024_25_20250104_AVL_LEI,2024_25,2025-01-04,1,0.6323529411764707,0.6212834819912465,0.6323529411764707,0.6312459952579482,0.6295855763801647,0.6268182115838585,0.6240508467875525,0.6212834819912465
2024_25_20250104_BOU_EVE,2024_25,2025-01-04,0,0.5130890052356021,0.4951265907081024,0.5130890052356021,0.5112927637828522,0.5085984016037272,0.5041077979718522,0.4996171943399773,0.4951265907081024
2024_25_20250104_BRI_ARS,2024_25,2025-01-04,0,0.5506493506493506,0.5478813689539646,0.5506493506493506,0.550372552479812,0.5499573552255042,0.5492653598016576,0.548573364377811,0.5478813689539646
2024_25_20250104_CRY_CHE,2024_25,2025-01-04,0,0.602015113350126,0.5965448899934931,0.602015113350126,0.6014680910144627,0.6006475575109678,0.5992800016718096,0.5979124458326514,0.5965448899934931
2024_25_20250104_MCI_WHU,2024_25,2025-01-04,1,0.7067833698030634,0.6805857388869591,0.7067833698030634,0.704163606711453,0.7002339620740373,0.6936845543450112,0.6871351466159852,0.6805857388869591
2024_25_20250104_SOU_BRE,2024_25,2025-01-04,1,0.5743589743589743,0.5906941313780095,0.5743589743589743,0.5759924900608779,0.5784427636137331,0.582526552868492,0.5866103421232507,0.5906941313780095
2024_25_20250104_TOT_NEW,2024_25,2025-01-04,1,0.7149028077753781,0.6792151004672468,0.7149028077753781,0.7113340370445649,0.7059808809483452,0.6970589541213124,0.6881370272942796,0.6792151004672468
2024_25_20250105_FUL_IPS,2024_25,2025-01-05,1,0.5584415584415584,0.5177178319984456,0.5584415584415584,0.5543691857972471,0.5482606268307801,0.538079695220002,0.5278987636092238,0.5177178319984456
2024_25_20250105_LIV_MUN,2024_25,2025-01-05,1,0.6697892271662763,0.5967999671209342,0.6697892271662763,0.6624903011617421,0.6515419121549408,0.6332945971436053,0.6150472821322697,0.5967999671209342
2024_25_20250106_WOL_NFO,2024_25,2025-01-06,1,0.4659685863874345,0.4151993665676238,0.4659685863874345,0.4608916644054534,0.4532762814324818,0.4405839764775291,0.4278916715225765,0.4151993665676238
2024_25_20250114_BRE_MCI,2024_25,2025-01-14,1,0.6877828054298643,0.7221285208677565,0.6877828054298643,0.6912173769736535,0.6963692342893373,0.7049556631488103,0.7135420920082833,0.7221285208677565
2024_25_20250114_CHE_BOU,2024_25,2025-01-14,1,0.6689976689976691,0.6850195163397108,0.6689976689976691,0.6705998537318734,0.6730031308331796,0.67700859266869,0.6810140545042003,0.6850195163397108
2024_25_20250114_NFO_LIV,2024_25,2025-01-14,0,0.5852417302798981,0.5638056582153925,0.5852417302798981,0.5830981230734475,0.5798827122637717,0.5745236942476453,0.5691646762315189,0.5638056582153925
2024_25_20250114_WHU_FUL,2024_25,2025-01-14,1,0.5234374999999999,0.5088367375698469,0.5234374999999999,0.5219774237569846,0.5197873093924616,0.5161371187849234,0.5124869281773852,0.5088367375698469
2024_25_20250115_ARS_TOT,2024_25,2025-01-15,1,0.6619385342789598,0.6349501959361104,0.6619385342789598,0.6592397004446748,0.6551914496932474,0.6484443651075351,0.6416972805218227,0.6349501959361104
2024_25_20250115_EVE_AVL,2024_25,2025-01-15,0,0.4635416666666666,0.4402198913021068,0.4635416666666666,0.46120948913021065,0.4577112228255267,0.4518807789843867,0.44605033514324677,0.4402198913021068
2024_25_20250115_LEI_CRY,2024_25,2025-01-15,0,0.548051948051948,0.5341352396383111,0.548051948051948,0.5466602772105843,0.5445727709485387,0.5410935938451296,0.5376144167417204,0.5341352396383111
2024_25_20250115_NEW_WOL,2024_25,2025-01-15,1,0.6650943396226415,0.6330719794482516,0.6650943396226415,0.6618921036052026,0.6570887495790441,0.6490831595354465,0.641077569491849,0.6330719794482516
2024_25_20250116_IPS_BRI,2024_25,2025-01-16,0,0.5569948186528497,0.5689307646796903,0.5569948186528497,0.5581884132555338,0.5599788051595599,0.5629627916662701,0.5659467781729801,0.5689307646796903
2024_25_20250116_MUN_SOU,2024_25,2025-01-16,1,0.6237623762376239,0.6226021202608044,0.6237623762376239,0.623646350639942,0.623472312243419,0.6231822482492142,0.6228921842550093,0.6226021202608044
2024_25_20250118_ARS_AVL,2024_25,2025-01-18,1,0.5248041775456919,0.4746523000331054,0.5248041775456919,0.5197889897944332,0.5122662081675452,0.49972823878939865,0.487190269411252,0.4746523000331054
2024_25_20250118_BRE_LIV,2024_25,2025-01-18,0,0.7006651884700665,0.697404636087719,0.7006651884700665,0.7003391332318318,0.6998500503744797,0.6990349122788928,0.6982197741833058,0.697404636087719
2024_25_20250118_LEI_FUL,2024_25,2025-01-18,0,0.5558441558441558,0.5470514895976485,0.5558441558441558,0.5549648892195052,0.553645989282529,0.5514478227209021,0.5492496561592753,0.5470514895976485
2024_25_20250118_NEW_BOU,2024_25,2025-01-18,1,0.6159600997506234,0.5768688840330832,0.6159600997506234,0.6120509781788694,0.6061872958212383,0.5964144918918532,0.5866416879624683,0.5768688840330832
2024_25_20250118_WHU_CRY,2024_25,2025-01-18,0,0.5326370757180157,0.5011676293262658,0.5326370757180157,0.5294901310788407,0.5247697141200782,0.5169023525221408,0.5090349909242032,0.5011676293262658
2024_25_20250119_EVE_TOT,2024_25,2025-01-19,1,0.5644329896907216,0.5666553150096046,0.5644329896907216,0.5646552222226099,0.5649885710204424,0.5655441523501632,0.5660997336798839,0.5666553150096046
2024_25_20250119_IPS_MCI,2024_25,2025-01-19,1,0.6555023923444976,0.711623904382905,0.6555023923444976,0.6611145435483384,0.6695327703540994,0.6835631483637012,0.6975935263733032,0.711623904382905
2024_25_20250119_MUN_BRI,2024_25,2025-01-19,1,0.5732647814910026,0.5665042177905949,0.5732647814910026,0.5725887251209618,0.5715746405659007,0.5698844996407988,0.5681943587156968,0.5665042177905949
2024_25_20250119_NFO_SOU,2024_25,2025-01-19,1,0.5442708333333333,0.5306797260146909,0.5442708333333333,0.542911722601469,0.5408730565036727,0.5374752796740121,0.5340775028443515,0.5306797260146909
2024_25_20250120_CHE_WOL,2024_25,2025-01-20,1,0.690744920993228,0.7050530664087903,0.690744920993228,0.6921757355347843,0.6943219573471187,0.6978989937010092,0.7014760300548997,0.7050530664087903
2024_25_20250125_BOU_NFO,2024_25,2025-01-25,1,0.5260416666666667,0.5084133438532216,0.5260416666666667,0.5242788343853222,0.5216345859633055,0.5172275052599442,0.5128204245565828,0.5084133438532216
2024_25_20250125_BRI_EVE,2024_25,2025-01-25,0,0.5039164490861618,0.4663471023568988,0.5039164490861618,0.5001595144132356,0.4945241124038461,0.4851317757215303,0.47573943903921456,0.4663471023568988
2024_25_20250125_LIV_IPS,2024_25,2025-01-25,1,0.7534516765285997,0.7019497343575352,0.7534516765285997,0.7483014823114933,0.7405761909858336,0.7277007054430674,0.7148252199003013,0.7019497343575352
2024_25_20250125_MCI_CHE,2024_25,2025-01-25,1,0.6713286713286714,0.6027243850834957,0.6713286713286714,0.6644682427041537,0.6541775997673774,0.6370265282060835,0.6198754566447896,0.6027243850834957
2024_25_20250125_SOU_NEW,2024_25,2025-01-25,1,0.6563245823389022,0.6572432031458436,0.6563245823389022,0.6564164444195963,0.6565542375406376,0.6567838927423729,0.6570135479441083,0.6572432031458436
2024_25_20250125_WOL_ARS,2024_25,2025-01-25,0,0.5544041450777203,0.5506257632614706,0.5544041450777203,0.5540263068960953,0.5534595496236578,0.5525149541695955,0.5515703587155331,0.5506257632614706
2024_25_20250126_AVL_WHU,2024_25,2025-01-26,0,0.5695876288659795,0.5471854592147782,0.5695876288659795,0.5673474119008594,0.5639870864531791,0.5583865440403788,0.5527860016275785,0.5471854592147782
2024_25_20250126_CRY_BRE,2024_25,2025-01-26,1,0.5492227979274612,0.5523229306826555,0.5492227979274612,0.5495328112029807,0.5499978311162598,0.5507728643050583,0.5515478974938569,0.5523229306826555
2024_25_20250126_FUL_MUN,2024_25,2025-01-26,0,0.5169712793733681,0.4923569671304331,0.5169712793733681,0.5145098481490746,0.5108177013126343,0.5046641232519006,0.49851054519116683,0.4923569671304331
2024_25_20250126_TOT_LEI,2024_25,2025-01-26,1,0.7108695652173914,0.7148769296911422,0.7108695652173914,0.7112703016647666,0.7118714063358291,0.7128732474542668,0.7138750885727045,0.7148769296911422
2024_25_20250201_BOU_LIV,2024_25,2025-02-01,0,0.6481927710843374,0.6470860125911304,0.6481927710843374,0.6480820952350167,0.6479160814610356,0.6476393918377339,0.6473627022144322,0.6470860125911304
2024_25_20250201_EVE_LEI,2024_25,2025-02-01,1,0.4765625,0.4663362606235228,0.4765625,0.47553987606235226,0.4740059401558807,0.4714493803117614,0.4688928204676421,0.4663362606235228
2024_25_20250201_IPS_SOU,2024_25,2025-02-01,1,0.5428571428571429,0.5495423725317268,0.5428571428571429,0.5435256658246014,0.5445284502757889,0.5461997576944349,0.5478710651130808,0.5495423725317268
2024_25_20250201_NEW_FUL,2024_25,2025-02-01,1,0.5816326530612244,0.5503873898147956,0.5816326530612244,0.5785081267365816,0.5738213372496171,0.5660100214380099,0.5581987056264028,0.5503873898147956
2024_25_20250201_NFO_BRI,2024_25,2025-02-01,1,0.4986945169712793,0.4708256519089427,0.4986945169712793,0.49590763046504566,0.49172730070569515,0.484760084440111,0.4777928681745269,0.4708256519089427
2024_25_20250201_WOL_AVL,2024_25,2025-02-01,0,0.5607235142118864,0.5635582368948407,0.5607235142118864,0.5610069864801819,0.561432194882625,0.5621408755533636,0.5628495562241022,0.5635582368948407
2024_25_20250202_ARS_MCI,2024_25,2025-02-02,1,0.5454545454545455,0.5244158316935422,0.5454545454545455,0.5433506740784452,0.5401948670142948,0.5349351885740439,0.529675510133793,0.5244158316935422
2024_25_20250202_BRE_TOT,2024_25,2025-02-02,0,0.7096069868995633,0.7034386801757034,0.7096069868995633,0.7089901562271772,0.7080649102185983,0.7065228335376333,0.7049807568566684,0.7034386801757034
2024_25_20250202_MUN_CRY,2024_25,2025-02-02,0,0.5209424083769634,0.4733021459227839,0.5209424083769634,0.5161783821315454,0.5090323427634185,0.49712227714987367,0.48521221153632876,0.4733021459227839
2024_25_20250203_CHE_WHU,2024_25,2025-02-03,1,0.6842105263157895,0.6592536060384122,0.6842105263157895,0.6817148342880518,0.6779712962464453,0.6717320661771009,0.6654928361077566,0.6592536060384122
2024_25_20250212_EVE_LIV,2024_25,2025-02-12,1,0.5604113110539846,0.5738174771140641,0.5604113110539846,0.5617519276599925,0.5637628525690044,0.5671143940840243,0.5704659355990442,0.5738174771140641
2024_25_20250214_BRI_CHE,2024_25,2025-02-14,1,0.605,0.614667750441422,0.605,0.6059667750441422,0.6074169376103555,0.609833875220711,0.6122508128310664,0.614667750441422
2024_25_20250215_AVL_IPS,2024_25,2025-02-15,0,0.6040100250626567,0.5652023885757661,0.6040100250626567,0.6001292614139676,0.594308115940934,0.5846062068192114,0.5749042976974887,0.5652023885757661
2024_25_20250215_CRY_EVE,2024_25,2025-02-15,1,0.4282051282051282,0.3667031395971907,0.4282051282051282,0.4220549293443345,0.4128296310531438,0.39745413390115947,0.3820786367491751,0.3667031395971907
2024_25_20250215_FUL_NFO,2024_25,2025-02-15,1,0.4559585492227979,0.3911544570176201,0.4559585492227979,0.4494781400022801,0.43975752617150343,0.423556503120209,0.40735548006891453,0.3911544570176201
2024_25_20250215_LEI_ARS,2024_25,2025-02-15,0,0.5592783505154639,0.5557060365744515,0.5592783505154639,0.5589211191213627,0.5583852720302108,0.5574921935449577,0.5565991150597046,0.5557060365744515
2024_25_20250215_MCI_NEW,2024_25,2025-02-15,1,0.6563981042654028,0.5745083620842022,0.6563981042654028,0.6482091300472828,0.6359256687201027,0.6154532331748025,0.5949807976295023,0.5745083620842022
2024_25_20250215_SOU_BOU,2024_25,2025-02-15,1,0.637469586374696,0.6189769652553759,0.637469586374696,0.6356203242627639,0.6328464310948659,0.6282232758150359,0.623600120535206,0.6189769652553759
2024_25_20250215_WHU_BRE,2024_25,2025-02-15,0,0.5969773299748111,0.5978246067610212,0.5969773299748111,0.5970620576534322,0.5971891491713637,0.5974009683679162,0.5976127875644688,0.5978246067610212
2024_25_20250216_LIV_WOL,2024_25,2025-02-16,1,0.6948775055679287,0.6692344415366851,0.6948775055679287,0.6923131991648043,0.6884667395601178,0.6820559735523068,0.6756452075444961,0.6692344415366851
2024_25_20250216_TOT_MUN,2024_25,2025-02-16,0,0.6433734939759036,0.6425198405948639,0.6433734939759036,0.6432881286377996,0.6431600806306437,0.6429466672853837,0.6427332539401238,0.6425198405948639
2024_25_20250219_AVL_LIV,2024_25,2025-02-19,1,0.6109725685785536,0.6262537523829328,0.6109725685785536,0.6125006869589915,0.6147928645296484,0.6186131604807432,0.622433456431838,0.6262537523829328
2024_25_20250221_LEI_BRE,2024_25,2025-02-21,1,0.605,0.6206741621177869,0.605,0.6065674162117787,0.6089185405294467,0.6128370810588935,0.6167556215883402,0.6206741621177869
2024_25_20250222_ARS_WHU,2024_25,2025-02-22,0,0.5692307692307692,0.5363466181007684,0.5692307692307692,0.5659423541177692,0.561009731448269,0.5527886936657689,0.5445676558832686,0.5363466181007684
2024_25_20250222_AVL_CHE,2024_25,2025-02-22,1,0.6109725685785536,0.6006904045292567,0.6109725685785536,0.609944352173624,0.6084020275662294,0.6058314865539052,0.6032609455415809,0.6006904045292567
2024_25_20250222_BOU_WOL,2024_25,2025-02-22,0,0.6005025125628142,0.5761934889585252,0.6005025125628142,0.5980716102023853,0.594425256661742,0.5883480007606696,0.5822707448595974,0.5761934889585252
2024_25_20250222_EVE_MUN,2024_25,2025-02-22,1,0.4370179948586118,0.3795356159776331,0.4370179948586118,0.43126975697051395,0.4226474001383671,0.40827680541812245,0.3939062106978778,0.3795356159776331
2024_25_20250222_FUL_CRY,2024_25,2025-02-22,0,0.4857142857142857,0.4633225775692678,0.4857142857142857,0.48347511489978395,0.4801163586780312,0.47451843164177676,0.4689205046055223,0.4633225775692678
2024_25_20250222_IPS_TOT,2024_25,2025-02-22,1,0.6274509803921569,0.6883356422585304,0.6274509803921569,0.6335394465787942,0.6426721458587502,0.6578933113253436,0.673114476791937,0.6883356422585304
2024_25_20250222_SOU_BRI,2024_25,2025-02-22,1,0.605,0.5883993431919692,0.605,0.6033399343191969,0.6008498357979923,0.5966996715959846,0.5925495073939768,0.5883993431919692
2024_25_20250223_MCI_LIV,2024_25,2025-02-23,0,0.6720930232558139,0.6079097668827699,0.6720930232558139,0.6656746976185095,0.6560472091625529,0.6400013950692919,0.6239555809760309,0.6079097668827699
2024_25_20250223_NEW_NFO,2024_25,2025-02-23,1,0.5754475703324808,0.5373951174141198,0.5754475703324808,0.5716423250406448,0.5659344571028906,0.5564213438733003,0.5469082306437101,0.5373951174141198
2024_25_20250225_BRI_BOU,2024_25,2025-02-25,1,0.5919395465994962,0.5701901953657419,0.5919395465994962,0.5897646114761208,0.5865022087910576,0.581064870982619,0.5756275331741805,0.5701901953657419
2024_25_20250225_CHE_SOU,2024_25,2025-02-25,1,0.744,0.7340598845411006,0.744,0.74300598845411,0.7415149711352752,0.7390299422705503,0.7365449134058255,0.7340598845411006
2024_25_20250225_CRY_AVL,2024_25,2025-02-25,1,0.5064935064935064,0.4986365113784638,0.5064935064935064,0.5057078069820022,0.5045292577147458,0.5025650089359851,0.5006007601572244,0.4986365113784638
2024_25_20250225_WOL_FUL,2024_25,2025-02-25,1,0.4779220779220779,0.4627144363163272,0.4779220779220779,0.47640131376150285,0.47412016752064023,0.47031825711920255,0.4665163467177649,0.4627144363163272
2024_25_20250226_BRE_EVE,2024_25,2025-02-26,0,0.5182291666666667,0.4865522428853533,0.5182291666666667,0.5150614742885354,0.5103099357213384,0.50239070477601,0.4944714738306817,0.4865522428853533
2024_25_20250226_LIV_NEW,2024_25,2025-02-26,0,0.6595744680851063,0.6011370963358182,0.6595744680851063,0.6537307309101776,0.6449651251477844,0.6303557822104623,0.6157464392731402,0.6011370963358182
2024_25_20250226_MUN_IPS,2024_25,2025-02-26,1,0.5826972010178116,0.5428968373256168,0.5826972010178116,0.5787171646485922,0.5727471100947629,0.5627970191717142,0.5528469282486655,0.5428968373256168
2024_25_20250226_NFO_ARS,2024_25,2025-02-26,0,0.440721649484536,0.3827330718818542,0.440721649484536,0.43492279172426784,0.42622450508386556,0.4117273606831951,0.39723021628252464,0.3827330718818542
2024_25_20250226_TOT_MCI,2024_25,2025-02-26,0,0.7105831533477323,0.7078686558341692,0.7105831533477323,0.710311703596376,0.7099045289693414,0.7092259045909508,0.7085472802125601,0.7078686558341692
2024_25_20250227_WHU_LEI,2024_25,2025-02-27,0,0.5592783505154639,0.5597423650042609,0.5592783505154639,0.5593247519643436,0.5593943541376631,0.5595103577598624,0.5596263613820616,0.5597423650042609
2024_25_20250308_BRE_AVL,2024_25,2025-03-08,0,0.625615763546798,0.6085662245191609,0.625615763546798,0.6239108096440344,0.6213533787898887,0.6170909940329794,0.6128286092760702,0.6085662245191609
2024_25_20250308_BRI_FUL,2024_25,2025-03-08,1,0.5466321243523315,0.5335766450467387,0.5466321243523315,0.5453265764217723,0.5433682545259333,0.5401043846995351,0.536840514873137,0.5335766450467387
2024_25_20250308_CRY_IPS,2024_25,2025-03-08,0,0.5418848167539266,0.4886767951729159,0.5418848167539266,0.5365640145958256,0.5285828113586739,0.5152808059634213,0.5019788005681686,0.4886767951729159
2024_25_20250308_LIV_SOU,2024_25,2025-03-08,1,0.748015873015873,0.7305668405054065,0.748015873015873,0.7462709697648264,0.7436536148882564,0.7392913567606398,0.7349290986330231,0.7305668405054065
2024_25_20250308_NFO_MCI,2024_25,2025-03-08,0,0.606516290726817,0.6116461489893033,0.606516290726817,0.6070292765530656,0.6077987552924387,0.6090812198580602,0.6103636844236817,0.6116461489893033
2024_25_20250308_WOL_EVE,2024_25,2025-03-08,0,0.4194373401534527,0.3563951398507672,0.4194373401534527,0.41313312012318415,0.4036767900777813,0.38791624000210995,0.37215568992643855,0.3563951398507672
2024_25_20250309_CHE_LEI,2024_25,2025-03-09,0,0.7045951859956237,0.6990479080574943,0.7045951859956237,0.7040404582018107,0.7032083665110913,0.701821547026559,0.7004347275420266,0.6990479080574943
2024_25_20250309_MUN_ARS,2024_25,2025-03-09,0,0.4381443298969071,0.3954694293522083,0.4381443298969071,0.43387683984243725,0.42747560476073243,0.4168068796245577,0.406138154488383,0.3954694293522083
2024_25_20250309_TOT_BOU,2024_25,2025-03-09,1,0.6848072562358277,0.663277577384162,0.6848072562358277,0.6826542883506612,0.6794248365229113,0.6740424168099949,0.6686599970970785,0.663277577384162
2024_25_20250310_WHU_NEW,2024_25,2025-03-10,0,0.5633074935400517,0.5274780100295429,0.5633074935400517,0.5597245451890008,0.5543501226624246,0.5453927517847973,0.53643538090717,0.5274780100295429
2024_25_20250315_BOU_BRE,2024_25,2025-03-15,1,0.6425120772946861,0.6732933368532774,0.6425120772946861,0.6455902032505453,0.6502073921843339,0.6579027070739818,0.6655980219636296,0.6732933368532774
2024_25_20250315_EVE_WHU,2024_25,2025-03-15,0,0.416243654822335,0.3908367216372347,0.416243654822335,0.413702961503825,0.4098919215260599,0.4035401882297849,0.3971884549335098,0.3908367216372347
2024_25_20250315_IPS_NFO,2024_25,2025-03-15,1,0.5182291666666667,0.5204948970590355,0.5182291666666667,0.5184557397059036,0.5187955992647589,0.5193620318628511,0.5199284644609433,0.5204948970590355
2024_25_20250315_MCI_BRI,2024_25,2025-03-15,1,0.6457831325301205,0.5973491353875648,0.6457831325301205,0.640939732815865,0.6336746332444816,0.6215661339588427,0.6094576346732038,0.5973491353875648
2024_25_20250315_SOU_WOL,2024_25,2025-03-15,1,0.5286458333333333,0.5289562572690372,0.5286458333333333,0.5286768757269037,0.5287234393172593,0.5288010453011852,0.5288786512851111,0.5289562572690372
2024_25_20250316_ARS_CHE,2024_25,2025-03-16,0,0.5078534031413613,0.468053159588831,0.5078534031413613,0.5038733787861083,0.49790334225322874,0.48795328136509614,0.4780032204769636,0.468053159588831
2024_25_20250316_FUL_TOT,2024_25,2025-03-16,0,0.606516290726817,0.6286241641088955,0.606516290726817,0.6087270780650248,0.6120432590723367,0.6175702274178563,0.6230971957633759,0.6286241641088955
2024_25_20250316_LEI_MUN,2024_25,2025-03-16,1,0.5326370757180157,0.5352254138470596,0.5326370757180157,0.53289590953092,0.5332841602502767,0.5339312447825376,0.5345783293147985,0.5352254138470596
2024_25_20250401_ARS_FUL,2024_25,2025-04-01,1,0.4507772020725388,0.3984269567820411,0.4507772020725388,0.445542177543489,0.4376896407499144,0.42460207942728995,0.41151451810466555,0.3984269567820411
2024_25_20250401_NFO_MUN,2024_25,2025-04-01,0,0.4934725848563968,0.4715612661659155,0.4934725848563968,0.4912814529873487,0.48799475518377644,0.4825169255111561,0.4770390958385358,0.4715612661659155
2024_25_20250401_WOL_WHU,2024_25,2025-04-01,0,0.4381443298969071,0.4136357547647857,0.4381443298969071,0.435693472383695,0.4320171861138768,0.4258900423308464,0.419762898547816,0.4136357547647857
2024_25_20250402_BOU_IPS,2024_25,2025-04-02,1,0.6253101736972705,0.6238228849922769,0.6253101736972705,0.6251614448267712,0.6249383515210221,0.6245665293447737,0.6241947071685253,0.6238228849922769
2024_25_20250402_BRI_AVL,2024_25,2025-04-02,1,0.6,0.5613254679671135,0.6,0.5961325467967113,0.5903313669917784,0.5806627339835567,0.5709941009753351,0.5613254679671135
2024_25_20250402_LIV_EVE,2024_25,2025-04-02,0,0.5392670157068064,0.467338574849069,0.5392670157068064,0.5320741716210327,0.521284905492372,0.5033027952779376,0.48532068506350334,0.467338574849069
2024_25_20250402_MCI_LEI,2024_25,2025-04-02,0,0.6842105263157895,0.6545246605243,0.6842105263157895,0.6812419397366406,0.6767890598679172,0.6693675934200447,0.6619461269721724,0.6545246605243
2024_25_20250402_NEW_BRE,2024_25,2025-04-02,1,0.6473429951690821,0.6517904994073338,0.6473429951690821,0.6477877455929073,0.6484548712286451,0.649566747288208,0.6506786233477708,0.6517904994073338
2024_25_20250402_SOU_CRY,2024_25,2025-04-02,0,0.5328083989501312,0.5011714664013383,0.5328083989501312,0.5296447056952519,0.5248991658129329,0.5169899326757348,0.5090806995385365,0.5011714664013383
2024_25_20250403_CHE_TOT,2024_25,2025-04-03,0,0.6774941995359629,0.6760616939924614,0.6774941995359629,0.6773509489816127,0.6771360731500875,0.6767779467642121,0.6764198203783367,0.6760616939924614
2024_25_20250405_AVL_NFO,2024_25,2025-04-05,1,0.5352480417754569,0.4978731296091805,0.5352480417754569,0.5315105505588293,0.5259043137338878,0.5165605856923188,0.5072168576507496,0.4978731296091805
2024_25_20250405_CRY_BRI,2024_25,2025-04-05,1,0.5340314136125655,0.5042805880839228,0.5340314136125655,0.5310563310597012,0.5265937072304048,0.5191560008482441,0.5117182944660834,0.5042805880839228
2024_25_20250405_EVE_ARS,2024_25,2025-04-05,0,0.4025316455696203,0.3658166202849884,0.4025316455696203,0.3988601430411571,0.39335288924846235,0.38417413292730435,0.37499537660614635,0.3658166202849884
2024_25_20250405_IPS_WOL,2024_25,2025-04-05,1,0.4581151832460733,0.4245418744937553,0.4581151832460733,0.4547578523708415,0.4497218560579938,0.4413285288699143,0.4329352016818348,0.4245418744937553
2024_25_20250405_WHU_BOU,2024_25,2025-04-05,1,0.5287958115183247,0.5003656752632342,0.5287958115183247,0.5259527978928157,0.521688277454552,0.5145807433907794,0.5074732093270068,0.5003656752632342
2024_25_20250406_BRE_CHE,2024_25,2025-04-06,0,0.6165413533834586,0.6107290327378745,0.6165413533834586,0.6159601213189002,0.6150882732220626,0.6136351930606665,0.6121821128992705,0.6107290327378745
2024_25_20250406_FUL_LIV,2024_25,2025-04-06,1,0.5287958115183247,0.5261740957057987,0.5287958115183247,0.5285336399370721,0.5281403825651931,0.5274849536120616,0.5268295246589302,0.5261740957057987
2024_25_20250406_MUN_MCI,2024_25,2025-04-06,0,0.5732647814910026,0.5804577441095515,0.5732647814910026,0.5739840777528575,0.5750630221456399,0.576861262800277,0.5786595034549142,0.5804577441095515
2024_25_20250406_TOT_SOU,2024_25,2025-04-06,1,0.6827586206896552,0.6665163240824485,0.6827586206896552,0.6811343910289346,0.6786980465378536,0.6746374723860519,0.6705768982342502,0.6665163240824485
2024_25_20250407_LEI_NEW,2024_25,2025-04-07,1,0.5928753180661578,0.5931055961964439,0.5928753180661578,0.5928983458791864,0.5929328875987293,0.5929904571313008,0.5930480266638724,0.5931055961964439
2024_25_20250412_ARS_BRE,2024_25,2025-04-12,0,0.5378590078328982,0.5084921128498119,0.5378590078328982,0.5349223183345896,0.5305172840871266,0.523175560341355,0.5158338365955835,0.5084921128498119
2024_25_20250412_BRI_LEI,2024_25,2025-04-12,1,0.5913705583756345,0.6012615353072494,0.5913705583756345,0.5923596560687959,0.5938433026085381,0.5963160468414419,0.5987887910743457,0.6012615353072494
2024_25_20250412_MCI_CRY,2024_25,2025-04-12,1,0.6184538653366584,0.5653211581200218,0.6184538653366584,0.6131405946149948,0.6051706885324992,0.5918875117283401,0.578604334924181,0.5653211581200218
2024_25_20250412_NFO_EVE,2024_25,2025-04-12,0,0.4293059125964009,0.383307206765883,0.4293059125964009,0.42470604201334905,0.4178062361387714,0.40630655968114193,0.3948068832235125,0.383307206765883
2024_25_20250412_SOU_AVL,2024_25,2025-04-12,1,0.5984848484848484,0.6048543636481267,0.5984848484848484,0.5991218000011762,0.600077227275668,0.6016696060664876,0.6032619848573071,0.6048543636481267
2024_25_20250413_CHE_IPS,2024_25,2025-04-13,1,0.6595238095238095,0.6455917981509036,0.6595238095238095,0.6581306083865189,0.6560408066805831,0.6525578038373565,0.6490748009941301,0.6455917981509036
2024_25_20250413_LIV_WHU,2024_25,2025-04-13,1,0.6228287841191067,0.5837467907949888,0.6228287841191067,0.618920584786695,0.6130582857880772,0.6032877874570477,0.5935172891260183,0.5837467907949888
2024_25_20250413_NEW_MUN,2024_25,2025-04-13,1,0.5805626598465473,0.5625774327701313,0.5805626598465473,0.5787641371389057,0.5760663530774434,0.5715700463083393,0.5670737395392352,0.5625774327701313
2024_25_20250413_WOL_TOT,2024_25,2025-04-13,1,0.5732647814910026,0.5710299678914411,0.5732647814910026,0.5730413001310465,0.5727060780911122,0.5721473746912218,0.5715886712913315,0.5710299678914411
2024_25_20250414_BOU_FUL,2024_25,2025-04-14,0,0.5468749999999999,0.5235305465397383,0.5468749999999999,0.5445405546539737,0.5410388866349345,0.5352027732698691,0.5293666599048037,0.5235305465397383
2024_25_20250416_NEW_CRY,2024_25,2025-04-16,1,0.5633074935400517,0.5038300638345489,0.5633074935400517,0.5573597505695014,0.548438136113676,0.5335687786873002,0.5186994212609246,0.5038300638345489
2024_25_20250419_AVL_NEW,2024_25,2025-04-19,1,0.5831202046035805,0.562194017184148,0.5831202046035805,0.5810275858616373,0.5778886577487223,0.5726571108938643,0.5674255640390061,0.562194017184148
2024_25_20250419_BRE_BRI,2024_25,2025-04-19,1,0.5984848484848484,0.5932012882259503,0.5984848484848484,0.5979564924589587,0.5971639584201238,0.5958430683553994,0.5945221782906749,0.5932012882259503
2024_25_20250419_CRY_BOU,2024_25,2025-04-19,0,0.5340314136125655,0.5076377885822441,0.5340314136125655,0.5313920511095334,0.5274330073549851,0.5208346010974048,0.5142361948398244,0.5076377885822441
2024_25_20250419_EVE_MCI,2024_25,2025-04-19,0,0.5221932114882506,0.5456897386880721,0.5221932114882506,0.5245428642082328,0.5280673432882059,0.5339414750881614,0.5398156068881168,0.5456897386880721
2024_25_20250419_WHU_SOU,2024_25,2025-04-19,0,0.5658914728682171,0.5638609335364907,0.5658914728682171,0.5656884189350444,0.5653838380352855,0.5648762032023539,0.5643685683694223,0.5638609335364907
2024_25_20250420_FUL_CHE,2024_25,2025-04-20,1,0.5261780104712042,0.5271777774433748,0.5261780104712042,0.5262779871684212,0.5264279522142468,0.5266778939572895,0.5269278357003322,0.5271777774433748
2024_25_20250420_IPS_ARS,2024_25,2025-04-20,1,0.5532467532467532,0.5590047236536283,0.5532467532467532,0.5538225502874408,0.554686245848472,0.5561257384501908,0.5575652310519095,0.5590047236536283
2024_25_20250420_LEI_LIV,2024_25,2025-04-20,0,0.6555023923444976,0.6666722300245259,0.6555023923444976,0.6566193761125005,0.6582948517645046,0.6610873111845117,0.6638797706045189,0.6666722300245259
2024_25_20250420_MUN_WOL,2024_25,2025-04-20,0,0.4947643979057591,0.4439732158162686,0.4947643979057591,0.48968527969681,0.4820666023833865,0.46936880686101384,0.4566710113386412,0.4439732158162686
2024_25_20250421_TOT_NFO,2024_25,2025-04-21,1,0.601010101010101,0.5847655728020368,0.601010101010101,0.5993856481892945,0.5969489689580849,0.5928878369060688,0.5888267048540528,0.5847655728020368
2024_25_20250422_MCI_AVL,2024_25,2025-04-22,1,0.628992628992629,0.5777475989087475,0.628992628992629,0.6238681259842409,0.6161813714716586,0.6033701139506882,0.5905588564297178,0.5777475989087475
2024_25_20250423_ARS_CRY,2024_25,2025-04-23,1,0.5104712041884817,0.4298516063890214,0.5104712041884817,0.5024092444085356,0.49031630473861665,0.47016140528875155,0.45000650583888646,0.4298516063890214
2024_25_20250426_BRI_WHU,2024_25,2025-04-26,1,0.5695876288659795,0.5520196141729643,0.5695876288659795,0.5678308273966779,0.5651956251927257,0.5608036215194718,0.5564116178462181,0.5520196141729643
2024_25_20250426_CHE_EVE,2024_25,2025-04-26,0,0.5157068062827225,0.489800450715209,0.5157068062827225,0.5131161707259712,0.5092302173908441,0.5027536284989658,0.49627703960708736,0.489800450715209
2024_25_20250426_NEW_IPS,2024_25,2025-04-26,1,0.7035398230088495,0.6533445476808032,0.7035398230088495,0.6985202954760449,0.6909910041768379,0.6784421853448264,0.6658933665128148,0.6533445476808032
2024_25_20250426_SOU_FUL,2024_25,2025-04-26,1,0.5546875,0.5319449616089836,0.5546875,0.5524132461608984,0.5490018654022459,0.5433162308044919,0.5376305962067377,0.5319449616089836
2024_25_20250426_WOL_LEI,2024_25,2025-04-26,1,0.5442708333333333,0.5231916410520775,0.5442708333333333,0.5421629141052077,0.5390010352630193,0.5337312371927054,0.5284614391223914,0.5231916410520775
2024_25_20250427_BOU_MUN,2024_25,2025-04-27,0,0.5670103092783505,0.5752649897321818,0.5670103092783505,0.5678357773237336,0.5690739793918083,0.5711376495052661,0.573201319618724,0.5752649897321818
2024_25_20250427_LIV_TOT,2024_25,2025-04-27,1,0.7206823027718551,0.6918926057376862,0.7206823027718551,0.7178033330684382,0.7134848785133128,0.7062874542547706,0.6990900299962285,0.6918926057376862
2024_25_20250501_NFO_BRE,2024_25,2025-05-01,0,0.5326370757180157,0.5088185295749873,0.5326370757180157,0.5302552211037128,0.5266824391822585,0.5207278026465014,0.5147731661107444,0.5088185295749873
2024_25_20250502_MCI_WOL,2024_25,2025-05-02,0,0.6228287841191067,0.5485931743324325,0.6228287841191067,0.6154052231404393,0.6042698816724381,0.5857109792257695,0.5671520767791011,0.5485931743324325
2024_25_20250503_ARS_BOU,2024_25,2025-05-03,1,0.5195822454308094,0.4662768010974701,0.5195822454308094,0.5142517009974755,0.5062558843474746,0.49292952326413975,0.47960316218080495,0.4662768010974701
2024_25_20250503_AVL_FUL,2024_25,2025-05-03,0,0.5520833333333334,0.4878149730082383,0.5520833333333334,0.5456564973008239,0.5360162432520595,0.5199491531707858,0.5038820630895121,0.4878149730082383
2024_25_20250503_EVE_IPS,2024_25,2025-05-03,1,0.5052356020942408,0.4879718912644229,0.5052356020942408,0.503509231011259,0.5009196743867863,0.4966037466793318,0.4922878189718774,0.4879718912644229
2024_25_20250503_LEI_SOU,2024_25,2025-05-03,0,0.5456919060052219,0.5427123788579901,0.5456919060052219,0.5453939532904987,0.5449470242184139,0.5442021424316059,0.543457260644798,0.5427123788579901
2024_25_20250504_BRE_MUN,2024_25,2025-05-04,1,0.5695876288659795,0.5552573182290675,0.5695876288659795,0.5681545978022883,0.5660050512067515,0.5624224735475235,0.5588398958882955,0.5552573182290675
2024_25_20250504_BRI_NEW,2024_25,2025-05-04,0,0.6144278606965174,0.6163539645800865,0.6144278606965174,0.6146204710848744,0.6149093866674097,0.6153909126383019,0.6158724386091943,0.6163539645800865
2024_25_20250504_CHE_LIV,2024_25,2025-05-04,1,0.6140350877192983,0.596277048009103,0.6140350877192983,0.6122592837482788,0.6095955777917494,0.6051560678642006,0.6007165579366518,0.596277048009103
2024_25_20250504_WHU_TOT,2024_25,2025-05-04,0,0.606060606060606,0.5831679015523087,0.606060606060606,0.6037713356097762,0.6003374299335317,0.5946142538064574,0.588891077679383,0.5831679015523087
2024_25_20250505_CRY_NFO,2024_25,2025-05-05,0,0.486910994764398,0.4660280255114969,0.486910994764398,0.48482269783910786,0.4816902524511727,0.47646951013794747,0.47124876782472214,0.4660280255114969
2024_25_20250510_BOU_AVL,2024_25,2025-05-10,0,0.5913705583756345,0.5918110883513356,0.5913705583756345,0.5914146113732046,0.5914806908695597,0.591590823363485,0.5917009558574103,0.5918110883513356
2024_25_20250510_FUL_EVE,2024_25,2025-05-10,1,0.4673629242819843,0.4299106751508025,0.4673629242819843,0.4636176993688661,0.45799986199918885,0.44863679971639336,0.439273737433598,0.4299106751508025
2024_25_20250510_IPS_BRE,2024_25,2025-05-10,0,0.6253101736972705,0.6345781543168519,0.6253101736972705,0.6262369717592287,0.6276271688521659,0.6299441640070612,0.6322611591619566,0.6345781543168519
2024_25_20250510_SOU_MCI,2024_25,2025-05-10,0,0.7076923076923077,0.7336552235045167,0.7076923076923077,0.7102885992735286,0.71418303664536,0.7206737655984122,0.7271644945514645,0.7336552235045167
2024_25_20250510_WOL_BRI,2024_25,2025-05-10,0,0.5506493506493506,0.5065596850583763,0.5506493506493506,0.5462403840902532,0.539626934251607,0.5286045178538634,0.5175821014561199,0.5065596850583763
2024_25_20250511_LIV_ARS,2024_25,2025-05-11,1,0.5558441558441558,0.4957538965678714,0.5558441558441558,0.5498351299165274,0.5408215910250846,0.5257990262060136,0.5107764613869425,0.4957538965678714
2024_25_20250511_MUN_WHU,2024_25,2025-05-11,0,0.5404699738903395,0.4972801280639609,0.5404699738903395,0.5361509893077016,0.5296725124337448,0.5188750509771501,0.5080775895205555,0.4972801280639609
2024_25_20250511_NEW_CHE,2024_25,2025-05-11,0,0.6105527638190955,0.5694540742776633,0.6105527638190955,0.6064428948649523,0.6002780914337374,0.5900034190483794,0.5797287466630213,0.5694540742776633
2024_25_20250511_NFO_LEI,2024_25,2025-05-11,1,0.5721649484536083,0.5789323364925968,0.5721649484536083,0.5728416872575072,0.5738567954633554,0.5755486424731026,0.5772404894828497,0.5789323364925968
2024_25_20250511_TOT_CRY,2024_25,2025-05-11,0,0.6165413533834586,0.5492464578394649,0.6165413533834586,0.6098118638290593,0.5997176294974602,0.5828939056114617,0.5660701817254633,0.5492464578394649
2024_25_20250516_AVL_TOT,2024_25,2025-05-16,0,0.690744920993228,0.6754218842256862,0.690744920993228,0.6892126173164739,0.6869141618013426,0.6830834026094571,0.6792526434175716,0.6754218842256862
2024_25_20250516_CHE_MUN,2024_25,2025-05-16,0,0.6356968215158926,0.602047986028349,0.6356968215158926,0.6323319379671383,0.6272846126440067,0.6188724037721207,0.6104601949002348,0.602047986028349
2024_25_20250518_ARS_NEW,2024_25,2025-05-18,0,0.5378590078328982,0.4695477542050862,0.5378590078328982,0.531027882470117,0.5207811944259452,0.5037033810189921,0.4866255676120392,0.4695477542050862
2024_25_20250518_BRE_FUL,2024_25,2025-05-18,1,0.5903307888040712,0.5505610253675773,0.5903307888040712,0.5863538124604218,0.5803883479449478,0.5704459070858243,0.5605034662267008,0.5505610253675773
2024_25_20250518_EVE_SOU,2024_25,2025-05-18,0,0.5326370757180157,0.5215801674495208,0.5326370757180157,0.5315313848911662,0.5298728486508919,0.5271086215837683,0.5243443945166446,0.5215801674495208
2024_25_20250518_LEI_IPS,2024_25,2025-05-18,0,0.548051948051948,0.517315749468114,0.548051948051948,0.5449783281935646,0.5403678984059894,0.5326838487600309,0.5249997991140725,0.517315749468114
2024_25_20250518_WHU_NFO,2024_25,2025-05-18,1,0.4934725848563968,0.4506226870239456,0.4934725848563968,0.4891875950731517,0.482760110398284,0.4720476359401712,0.4613351614820584,0.4506226870239456
2024_25_20250519_BRI_LIV,2024_25,2025-05-19,1,0.6506024096385543,0.6353124433631394,0.6506024096385543,0.6490734130110128,0.6467799180697006,0.6429574265008469,0.6391349349319931,0.6353124433631394
2024_25_20250520_CRY_WOL,2024_25,2025-05-20,1,0.4790575916230366,0.4471387875385973,0.4790575916230366,0.4758657112145927,0.4710778906019268,0.46309818958081694,0.45511848855970716,0.4471387875385973
2024_25_20250520_MCI_BOU,2024_25,2025-05-20,1,0.6253101736972705,0.5714148487453042,0.6253101736972705,0.6199206412020739,0.6118363424592789,0.5983625112212874,0.5848886799832959,0.5714148487453042
2024_25_20250525_BOU_LEI,2024_25,2025-05-25,0,0.6464891041162226,0.6598570361292322,0.6464891041162226,0.6478258973175236,0.649831087119475,0.6531730701227274,0.6565150531259798,0.6598570361292322
2024_25_20250525_FUL_MCI,2024_25,2025-05-25,0,0.6253101736972705,0.6463187963770477,0.6253101736972705,0.6274110359652483,0.6305623293672148,0.6358144850371591,0.6410666407071034,0.6463187963770477
2024_25_20250525_IPS_WHU,2024_25,2025-05-25,1,0.6314496314496314,0.6636692882221052,0.6314496314496314,0.6346715971268788,0.6395045456427498,0.6475594598358683,0.6556143740289868,0.6636692882221052
2024_25_20250525_LIV_CRY,2024_25,2025-05-25,0,0.7251585623678646,0.696068402281683,0.7251585623678646,0.7222495463592464,0.7178860223463192,0.7106134823247738,0.7033409423032284,0.696068402281683
2024_25_20250525_MUN_AVL,2024_25,2025-05-25,0,0.5949367088607596,0.5886466002702924,0.5949367088607596,0.5943076980017129,0.5933641817131428,0.591791654565526,0.5902191274179092,0.5886466002702924
2024_25_20250525_NEW_EVE,2024_25,2025-05-25,0,0.6296296296296295,0.6114777082927859,0.6296296296296295,0.6278144374959452,0.6250916492954186,0.6205536689612077,0.6160156886269967,0.6114777082927859
2024_25_20250525_NFO_CHE,2024_25,2025-05-25,0,0.5695876288659795,0.5592336111545031,0.5695876288659795,0.5685522270948318,0.5669991244381103,0.5644106200102412,0.5618221155823722,0.5592336111545031
2024_25_20250525_SOU_ARS,2024_25,2025-05-25,1,0.6423357664233577,0.6496550914067644,0.6423357664233577,0.6430676989216983,0.6441655976692093,0.645995428915061,0.6478252601609127,0.6496550914067644
2024_25_20250525_TOT_BRI,2024_25,2025-05-25,1,0.7167381974248926,0.7107461768938794,0.7167381974248926,0.7161389953717914,0.7152401922921393,0.7137421871593861,0.7122441820266328,0.7107461768938794
2024_25_20250525_WOL_BRE,2024_25,2025-05-25,0,0.6296296296296295,0.6138710150663551,0.6296296296296295,0.6280537681733022,0.6256899759888109,0.6217503223479923,0.6178106687071737,0.6138710150663551
2025_26_20250815_LIV_BOU,2025_26,2025-08-15,1,0.6986607142857143,0.6498995082954107,0.6986607142857143,0.693784593686684,0.6864704127881384,0.6742801112905625,0.6620898097929866,0.6498995082954107
2025_26_20250816_AVL_NEW,2025_26,2025-08-16,0,0.582901554404145,0.5590647449283204,0.582901554404145,0.5805178734565626,0.5769423520351888,0.5709831496662328,0.5650239472972766,0.5590647449283204
2025_26_20250816_BRI_FUL,2025_26,2025-08-16,0,0.5488126649076518,0.4548269253941477,0.5488126649076518,0.5394140909563013,0.5253162300292757,0.5018197951508998,0.47832336027252376,0.4548269253941477
2025_26_20250816_SUN_WHU,2025_26,2025-08-16,1,0.5,0.4420726415377983,0.5,0.49420726415377986,0.48551816038444956,0.4710363207688991,0.45655448115334873,0.4420726415377983
2025_26_20250816_TOT_BUR,2025_26,2025-08-16,1,0.5654450261780105,0.4944465386384897,0.5654450261780105,0.5583451774240584,0.5476954042931304,0.5299457824082501,0.5121961605233699,0.4944465386384897
2025_26_20250816_WOL_MCI,2025_26,2025-08-16,1,0.582901554404145,0.5567698405820126,0.582901554404145,0.5802883830219319,0.5763686259486119,0.5698356974930788,0.5633027690375457,0.5567698405820126
2025_26_20250817_CHE_CRY,2025_26,2025-08-17,0,0.5766233766233767,0.527897527838702,0.5766233766233767,0.5717507917449093,0.564441914427208,0.5522604522310394,0.5400789900348707,0.527897527838702
2025_26_20250817_MUN_ARS,2025_26,2025-08-17,0,0.5225464190981433,0.4408616972709527,0.5225464190981433,0.5143779469154242,0.5021252386413456,0.481704058184548,0.46128287772775034,0.4408616972709527
2025_26_20250817_NFO_BRE,2025_26,2025-08-17,1,0.4880000000000001,0.4073752447803863,0.4880000000000001,0.4799375244780387,0.46784381119509666,0.4476876223901932,0.4275314335852898,0.4073752447803863
2025_26_20250818_LEE_EVE,2025_26,2025-08-18,0,0.4538258575197889,0.3690256016448799,0.4538258575197889,0.445345831932298,0.4326257935510616,0.41142572958233437,0.39022566561360716,0.3690256016448799
2025_26_20250822_WHU_CHE,2025_26,2025-08-22,1,0.5485564304461943,0.4926329819129995,0.5485564304461943,0.5429640855928748,0.5345755683128955,0.5205947061795969,0.5066138440462982,0.4926329819129995
2025_26_20250823_ARS_LEE,2025_26,2025-08-23,1,0.6055979643765903,0.5668306643101909,0.6055979643765903,0.6017212343699504,0.5959061393599905,0.5862143143433907,0.5765224893267908,0.5668306643101909
2025_26_20250823_BOU_WOL,2025_26,2025-08-23,0,0.544973544973545,0.4554478073614739,0.544973544973545,0.5360209712123379,0.5225921105705272,0.5002106761675095,0.4778292417644917,0.4554478073614739
2025_26_20250823_BRE_AVL,2025_26,2025-08-23,0,0.5305039787798408,0.4759292174488632,0.5305039787798408,0.525046502646743,0.5168602884470964,0.5032165981143519,0.48957290778160756,0.4759292174488632
2025_26_20250823_BUR_SUN,2025_26,2025-08-23,0,0.4145077720207254,0.3194243288293134,0.4145077720207254,0.40499942770158426,0.39073691122287235,0.3669660504250194,0.3431951896271664,0.3194243288293134
2025_26_20250823_MCI_TOT,2025_26,2025-08-23,0,0.642156862745098,0.5788027713209519,0.642156862745098,0.6358214536026834,0.6263183398890615,0.610479817033025,0.5946412941769884,0.5788027713209519
2025_26_20250824_CRY_NFO,2025_26,2025-08-24,0,0.4576719576719577,0.3520976962635765,0.4576719576719577,0.4471145315311196,0.43127839231986237,0.40488482696776706,0.3784912616156718,0.3520976962635765
2025_26_20250824_EVE_BRI,2025_26,2025-08-24,0,0.4668435013262599,0.3910281815056211,0.4668435013262599,0.459261969344196,0.4478896713711002,0.4289358414159405,0.4099820114607808,0.3910281815056211
2025_26_20250824_FUL_MUN,2025_26,2025-08-24,0,0.5292553191489361,0.4499096470937458,0.5292553191489361,0.5213207519434171,0.5094189011351384,0.48958248312134095,0.46974606510754335,0.4499096470937458
2025_26_20250825_NEW_LIV,2025_26,2025-08-25,1,0.6136363636363636,0.5635826489955258,0.6136363636363636,0.6086309921722798,0.6011229349761542,0.5886095063159447,0.5760960776557352,0.5635826489955258
2025_26_20250830_CHE_FUL,2025_26,2025-08-30,0,0.5639686684073107,0.5004749432847612,0.5639686684073107,0.5576192958950558,0.5480952371266733,0.532221805846036,0.5163483745653986,0.5004749432847612
2025_26_20250830_LEE_NEW,2025_26,2025-08-30,0,0.53315649867374,0.4971571879120551,0.53315649867374,0.5295565675975715,0.5241566709833188,0.5151568432928976,0.5061570156024764,0.4971571879120551
2025_26_20250830_MUN_BUR,2025_26,2025-08-30,1,0.5680628272251308,0.4930226556609806,0.5680628272251308,0.5605588100687158,0.5493027843340932,0.5305427414430557,0.5117826985520182,0.4930226556609806
2025_26_20250830_SUN_BRE,2025_26,2025-08-30,1,0.4588859416445623,0.3897593176286792,0.4588859416445623,0.45197327924297404,0.4416042856405915,0.42432262963662076,0.40704097363265,0.3897593176286792
2025_26_20250830_TOT_BOU,2025_26,2025-08-30,0,0.6071428571428571,0.5249167590660488,0.6071428571428571,0.5989202473351762,0.586586332623655,0.566029808104453,0.5454732835852509,0.5249167590660488
2025_26_20250830_WOL_EVE,2025_26,2025-08-30,1,0.431937172774869,0.3621391766080019,0.431937172774869,0.42495737315818227,0.4144876737331522,0.39703817469143543,0.37958867564971865,0.3621391766080019
2025_26_20250831_AVL_CRY,2025_26,2025-08-31,1,0.4813829787234043,0.4327049754068274,0.4813829787234043,0.4765151783917466,0.46921347789426004,0.45704397706511585,0.4448744762359716,0.4327049754068274
2025_26_20250831_BRI_MCI,2025_26,2025-08-31,1,0.596401028277635,0.538153511194527,0.596401028277635,0.5905762765693242,0.581839149006858,0.5672772697360811,0.552715390465304,0.538153511194527
2025_26_20250831_LIV_ARS,2025_26,2025-08-31,0,0.5435356200527705,0.4562702274770551,0.5435356200527705,0.534809080795199,0.5217192719088416,0.49990292376491274,0.4780865756209839,0.4562702274770551
2025_26_20250831_NFO_WHU,2025_26,2025-08-31,1,0.4840425531914894,0.389632674837654,0.4840425531914894,0.47460156535610587,0.46044008360303057,0.4368376140145717,0.41323514442611287,0.389632674837654
2025_26_20250913_ARS_NFO,2025_26,2025-09-13,1,0.5552631578947369,0.4602480332408388,0.5552631578947369,0.5457616454293471,0.5315093767312624,0.5077555955677878,0.48400181440431334,0.4602480332408388
2025_26_20250913_BOU_BRI,2025_26,2025-09-13,1,0.5616797900262467,0.5076743344465424,0.5616797900262467,0.5562792444682764,0.5481784261313206,0.5346770622363946,0.5211756983414685,0.5076743344465424
2025_26_20250913_BRE_CHE,2025_26,2025-09-13,1,0.5538057742782152,0.5161391990275128,0.5538057742782152,0.550039116753145,0.5443891304655396,0.534972486652864,0.5255558428401884,0.5161391990275128
2025_26_20250913_CRY_SUN,2025_26,2025-09-13,0,0.4511873350923483,0.3315211717792015,0.4511873350923483,0.43922071876103363,0.4212707942640616,0.3913542534357749,0.3614377126074882,0.3315211717792015
2025_26_20250913_EVE_AVL,2025_26,2025-09-13,0,0.4656084656084655,0.3798034536289294,0.4656084656084655,0.45702796441051197,0.4441572126135815,0.4227059596186975,0.40125470662381346,0.3798034536289294
2025_26_20250913_FUL_LEE,2025_26,2025-09-13,0,0.4734042553191488,0.3914784309017325,0.4734042553191488,0.4652116728774072,0.4529227992147947,0.4324413431104407,0.4119598870060866,0.3914784309017325
2025_26_20250913_NEW_WOL,2025_26,2025-09-13,0,0.5396825396825397,0.4659102973765675,0.5396825396825397,0.5323053154519425,0.5212394791060466,0.5027964185295536,0.48435335795306056,0.4659102973765675
2025_26_20250913_WHU_TOT,2025_26,2025-09-13,1,0.5343915343915343,0.4892786827047951,0.5343915343915343,0.5298802492228605,0.5231133214698495,0.5118351085481647,0.5005568956264799,0.4892786827047951
2025_26_20250914_BUR_LIV,2025_26,2025-09-14,0,0.6161616161616161,0.5759878358596057,0.6161616161616161,0.6121442381314152,0.6061181710861135,0.596074726010611,0.5860312809351083,0.5759878358596057
2025_26_20250914_MCI_MUN,2025_26,2025-09-14,1,0.6055979643765903,0.5418999485119383,0.6055979643765903,0.5992281627901251,0.5896734604104273,0.5737489564442644,0.5578244524781013,0.5418999485119383
2025_26_20250920_BRI_TOT,2025_26,2025-09-20,1,0.5729166666666667,0.5324550629333749,0.5729166666666667,0.5688705062933376,0.5628012657333438,0.5526858648000208,0.5425704638666978,0.5324550629333749
2025_26_20250920_BUR_NFO,2025_26,2025-09-20,0,0.4840425531914894,0.4113665717214983,0.4840425531914894,0.4767749550444903,0.46587355782399165,0.44770456245649387,0.4295355670889961,0.4113665717214983
2025_26_20250920_FUL_BRE,2025_26,2025-09-20,1,0.493368700265252,0.4605280091537513,0.493368700265252,0.4900846311541019,0.4851585274873768,0.47694835470950164,0.4687381819316265,0.4605280091537513
2025_26_20250920_LIV_EVE,2025_26,2025-09-20,1,0.5891472868217055,0.5136799443918011,0.5891472868217055,0.5816005525787151,0.5702804512142293,0.5514136156067533,0.5325467799992772,0.5136799443918011
2025_26_20250920_MUN_CHE,2025_26,2025-09-20,1,0.596401028277635,0.5333453094118092,0.596401028277635,0.5900954563910524,0.5806370985611785,0.5648731688447222,0.5491092391282657,0.5333453094118092
2025_26_20250920_WHU_CRY,2025_26,2025-09-20,1,0.4748010610079576,0.4082908408845906,0.4748010610079576,0.4681500389956209,0.45817350597711587,0.44154595094627413,0.42491839591543235,0.4082908408845906
2025_26_20250920_WOL_LEE,2025_26,2025-09-20,1,0.421875,0.3486894694388626,0.421875,0.41455644694388627,0.4035786173597157,0.3852822347194313,0.3669858520791469,0.3486894694388626
2025_26_20250921_ARS_MCI,2025_26,2025-09-21,0,0.5305039787798408,0.4277869788725026,0.5305039787798408,0.520232278789107,0.5048247288030063,0.4791454788261717,0.4534662288493372,0.4277869788725026
2025_26_20250921_BOU_NEW,2025_26,2025-09-21,0,0.5225464190981433,0.4624791005162132,0.5225464190981433,0.5165396872399503,0.5075295894526608,0.49251275980717824,0.4774959301616957,0.4624791005162132
2025_26_20250921_SUN_AVL,2025_26,2025-09-21,0,0.4485488126649077,0.3684315938712422,0.4485488126649077,0.44053709078554115,0.4285195079664913,0.40849020326807495,0.3884608985696586,0.3684315938712422
2025_26_20250927_BRE_MUN,2025_26,2025-09-27,1,0.5751295336787565,0.53006876719751,0.5751295336787565,0.5706234570306319,0.5638643420584448,0.5525991504381332,0.5413339588178216,0.53006876719751
2025_26_20250927_CHE_BRI,2025_26,2025-09-27,1,0.5902061855670103,0.5235408749469898,0.5902061855670103,0.5835396545050082,0.5735398579120051,0.556873530257,0.540207202601995,0.5235408749469898
2025_26_20250927_CRY_LIV,2025_26,2025-09-27,1,0.5461741424802111,0.513481811051173,0.5461741424802111,0.5429049093373073,0.5380010596229516,0.529827976765692,0.5216548939084324,0.513481811051173
2025_26_20250927_LEE_BOU,2025_26,2025-09-27,1,0.4801061007957559,0.4194742893925903,0.4801061007957559,0.4740429196554393,0.4649481479449645,0.44979019509417306,0.4346322422433817,0.4194742893925903
2025_26_20250927_MCI_BUR,2025_26,2025-09-27,1,0.657074340527578,0.60326903079275,0.657074340527578,0.6516938095540952,0.6436230130938709,0.630171685660164,0.616720358226457,0.60326903079275
2025_26_20250927_NFO_SUN,2025_26,2025-09-27,0,0.4774535809018567,0.4132974399533489,0.4774535809018567,0.47103796680700594,0.4614145456647297,0.4453755104276028,0.42933647519047585,0.4132974399533489
2025_26_20250927_TOT_WOL,2025_26,2025-09-27,0,0.5602094240837696,0.4683077108245516,0.5602094240837696,0.5510192527578478,0.5372339957689651,0.5142585674541607,0.4912831391393561,0.4683077108245516
2025_26_20250928_AVL_FUL,2025_26,2025-09-28,1,0.4447368421052632,0.3853792014899008,0.4447368421052632,0.438801078043727,0.4298974319514226,0.415058021797582,0.4002186116437414,0.3853792014899008
2025_26_20250928_NEW_ARS,2025_26,2025-09-28,1,0.4511873350923483,0.3843380501201052,0.4511873350923483,0.44450240659512397,0.43447501384928755,0.4177626926062268,0.40105037136316596,0.3843380501201052
2025_26_20250929_EVE_WHU,2025_26,2025-09-29,0,0.4920212765957447,0.404314762621291,0.4920212765957447,0.48325062519829937,0.47009464810213125,0.4481680196085178,0.42624139111490444,0.404314762621291
2025_26_20251003_BOU_FUL,2025_26,2025-10-03,1,0.4894179894179895,0.435623893597652,0.4894179894179895,0.4840385798359557,0.4759694654629051,0.46252094150782075,0.4490724175527364,0.435623893597652
2025_26_20251004_ARS_WHU,2025_26,2025-10-04,0,0.6190476190476191,0.5397363644859109,0.6190476190476191,0.6111164935914483,0.599219805407192,0.5793919917667649,0.559564178126338,0.5397363644859109
2025_26_20251004_CHE_LIV,2025_26,2025-10-04,1,0.6136363636363636,0.5712652962060786,0.6136363636363636,0.6093992568933351,0.6030435967787924,0.5924508299212211,0.5818580630636498,0.5712652962060786
2025_26_20251004_LEE_TOT,2025_26,2025-10-04,1,0.5,0.4644360943061104,0.5,0.49644360943061105,0.4911090235765276,0.48221804715305516,0.4733270707295828,0.4644360943061104
2025_26_20251004_MUN_SUN,2025_26,2025-10-04,0,0.574025974025974,0.5343561001015952,0.574025974025974,0.5700589866335362,0.5641085055448793,0.5541910370637846,0.5442735685826898,0.5343561001015952
2025_26_20251005_AVL_BUR,2025_26,2025-10-05,1,0.4960212201591513,0.4335439164667585,0.4960212201591513,0.48977348978991203,0.4804018942360531,0.4647825683129549,0.4491632423898567,0.4335439164667585
2025_26_20251005_BRE_MCI,2025_26,2025-10-05,0,0.6010230179028133,0.5295875494392268,0.6010230179028133,0.5938794710564547,0.5831641507869167,0.5653052836710201,0.5474464165551234,0.5295875494392268
2025_26_20251005_EVE_CRY,2025_26,2025-10-05,1,0.4285714285714286,0.3434682687040649,0.4285714285714286,0.4200611125846922,0.4072956386045877,0.38601984863774674,0.3647440586709058,0.3434682687040649
2025_26_20251005_NEW_NFO,2025_26,2025-10-05,0,0.5564304461942258,0.4957953522823121,0.5564304461942258,0.5503669368030344,0.5412716727162473,0.5261128992382689,0.5109541257602905,0.4957953522823121
2025_26_20251005_WOL_BRI,2025_26,2025-10-05,0,0.5145888594164455,0.4557188425465815,0.5145888594164455,0.5087018577294591,0.4998713551989795,0.48515385098151353,0.47043634676404755,0.4557188425465815
2025_26_20251018_BRI_NEW,2025_26,2025-10-18,1,0.5106382978723405,0.4422217728701727,0.5106382978723405,0.5037966453721237,0.49353416662179855,0.4764300353712566,0.45932590412071467,0.4422217728701727
2025_26_20251018_BUR_LEE,2025_26,2025-10-18,0,0.4270833333333333,0.3731755943259088,0.4270833333333333,0.4216925594325909,0.4136063985814772,0.40012946382962106,0.38665252907776493,0.3731755943259088
2025_26_20251018_CRY_BOU,2025_26,2025-10-18,1,0.4907161803713528,0.4302798410502297,0.4907161803713528,0.48467254643924046,0.475607095541072,0.4604980107107912,0.4453889258805105,0.4302798410502297
2025_26_20251018_FUL_ARS,2025_26,2025-10-18,0,0.4973404255319149,0.4345574537757923,0.4973404255319149,0.49106212835630264,0.48164468259288423,0.4659489396538536,0.45025319671482295,0.4345574537757923
2025_26_20251018_MCI_EVE,2025_26,2025-10-18,0,0.5564304461942258,0.4436522933736205,0.5564304461942258,0.5451526309121653,0.5282359079890745,0.5000413697839231,0.47184683157877183,0.4436522933736205
2025_26_20251018_NFO_CHE,2025_26,2025-10-18,1,0.5590551181102362,0.5039579107930244,0.5590551181102362,0.553545397378515,0.5452808162809333,0.5315065144516303,0.5177322126223274,0.5039579107930244
2025_26_20251018_SUN_WOL,2025_26,2025-10-18,0,0.3863636363636363,0.3045239804598504,0.3863636363636363,0.3781796707732577,0.36590372238768987,0.3454438084117434,0.3249838944357969,0.3045239804598504
2025_26_20251019_LIV_MUN,2025_26,2025-10-19,1,0.6545893719806762,0.5747851606431459,0.6545893719806762,0.6466089508469233,0.6346383191462937,0.6146872663119111,0.5947362134775285,0.5747851606431459
2025_26_20251019_TOT_AVL,2025_26,2025-10-19,1,0.5278514588859416,0.4334105524392909,0.5278514588859416,0.5184073682412765,0.504241232274279,0.4806310056626163,0.4570207790509536,0.4334105524392909
2025_26_20251020_WHU_BRE,2025_26,2025-10-20,0,0.5079787234042553,0.4364771572351195,0.5079787234042553,0.5008285667873418,0.4901033318619714,0.4722279403196874,0.4543525487774034,0.4364771572351195
2025_26_20251024_LEE_WHU,2025_26,2025-10-24,1,0.4631578947368421,0.4150978268841253,0.4631578947368421,0.45835188795157045,0.45114287777366285,0.4391278608104837,0.4271128438473045,0.4150978268841253
2025_26_20251025_BRE_LIV,2025_26,2025-10-25,1,0.610126582278481,0.5678794413707465,0.610126582278481,0.6059018681877076,0.5995647970515474,0.5890030118246138,0.5784412265976802,0.5678794413707465
2025_26_20251025_CHE_SUN,2025_26,2025-10-25,1,0.5564304461942258,0.510208946082469,0.5564304461942258,0.55180829618305,0.5448750711662866,0.5333196961383474,0.5217643211104082,0.510208946082469
2025_26_20251025_MUN_BRI,2025_26,2025-10-25,1,0.6136363636363636,0.5664757945225111,0.6136363636363636,0.6089203067249783,0.6018462213579004,0.5900560790794374,0.5782659368009743,0.5664757945225111
2025_26_20251025_NEW_FUL,2025_26,2025-10-25,1,0.5092838196286471,0.4407774687389845,0.5092838196286471,0.5024331845396809,0.49215723190623145,0.4750306441838158,0.45790405646140014,0.4407774687389845
2025_26_20251026_ARS_CRY,2025_26,2025-10-26,0,0.5408970976253298,0.4476371256671751,0.5408970976253298,0.5315711004295143,0.5175821046357911,0.4942671116462525,0.47095211865671377,0.4476371256671751
2025_26_20251026_AVL_MCI,2025_26,2025-10-26,0,0.5447368421052632,0.4928476560549099,0.5447368421052632,0.5395479235002278,0.5317645455926748,0.5187922490800865,0.5058199525674982,0.4928476560549099
2025_26_20251026_BOU_NFO,2025_26,2025-10-26,0,0.5106382978723405,0.4175586589566187,0.5106382978723405,0.5013303339807683,0.48736838814341005,0.4640984784144796,0.44082856868554915,0.4175586589566187
2025_26_20251026_EVE_TOT,2025_26,2025-10-26,1,0.4920212765957447,0.4225661846834588,0.4920212765957447,0.48507576740451613,0.47465750361767317,0.45729373063960177,0.4399299576615303,0.4225661846834588
2025_26_20251026_WOL_BUR,2025_26,2025-10-26,1,0.4233766233766234,0.3488013223296701,0.4233766233766234,0.41591909327192805,0.40473279811488505,0.38608897285314675,0.36744514759140845,0.3488013223296701
2025_26_20251101_BRI_LEE,2025_26,2025-11-01,1,0.5239361702127661,0.4361543733212833,0.5239361702127661,0.5151579905236178,0.5019907209898954,0.4800452717670247,0.458099822544154,0.4361543733212833
2025_26_20251101_BUR_ARS,2025_26,2025-11-01,0,0.5423280423280423,0.4854362215401627,0.5423280423280423,0.5366388602492543,0.5281050871310724,0.5138821319341025,0.4996591767371326,0.4854362215401627
2025_26_20251101_CRY_BRE,2025_26,2025-11-01,0,0.5396825396825397,0.4789665833525266,0.5396825396825397,0.5336109440495383,0.5245035506000364,0.5093245615175331,0.4941455724350299,0.4789665833525266
2025_26_20251101_FUL_WOL,2025_26,2025-11-01,1,0.433420365535248,0.3466433011184613,0.433420365535248,0.4247426590935693,0.4117260994310513,0.39003183332685465,0.368337567222658,0.3466433011184613
2025_26_20251101_LIV_AVL,2025_26,2025-11-01,0,0.6161616161616161,0.5470845189799663,0.6161616161616161,0.6092539064434512,0.5988923418662037,0.5816230675707912,0.5643537932753788,0.5470845189799663
2025_26_20251101_NFO_MUN,2025_26,2025-11-01,1,0.5499999999999999,0.5042290642128913,0.5499999999999999,0.5454229064212891,0.5385572660532227,0.5271145321064457,0.5156717981596685,0.5042290642128913
2025_26_20251101_TOT_CHE,2025_26,2025-11-01,0,0.5526315789473685,0.4617117996461039,0.5526315789473685,0.543539601017242,0.5299016341220523,0.5071716892967362,0.4844417444714201,0.4617117996461039
2025_26_20251102_MCI_BOU,2025_26,2025-11-02,1,0.6171284634760705,0.528928284266986,0.6171284634760705,0.6083084455551622,0.5950784186737994,0.5730283738715283,0.5509783290692571,0.528928284266986
2025_26_20251102_WHU_NEW,2025_26,2025-11-02,1,0.5396825396825397,0.4777190037394696,0.5396825396825397,0.5334861860882327,0.5241916556967722,0.5087007717110046,0.4932098877252371,0.4777190037394696
2025_26_20251103_SUN_EVE,2025_26,2025-11-03,0,0.4097938144329897,0.3008065759957874,0.4097938144329897,0.3988950905892695,0.38254700482368914,0.35530019521438855,0.328053385605088,0.3008065759957874
2025_26_20251108_CHE_WOL,2025_26,2025-11-08,1,0.5792207792207792,0.5184464879567612,0.5792207792207792,0.5731433500943773,0.5640272064047747,0.5488336335887702,0.5336400607727657,0.5184464879567612
2025_26_20251108_EVE_FUL,2025_26,2025-11-08,0,0.433420365535248,0.3420731380915724,0.433420365535248,0.42428564279088044,0.4105835586743291,0.38774675181341023,0.3649099449524913,0.3420731380915724
2025_26_20251108_SUN_ARS,2025_26,2025-11-08,1,0.4708994708994709,0.4099155828049077,0.4708994708994709,0.4648010820900146,0.45565349887583007,0.4404075268521893,0.4251615548285485,0.4099155828049077
2025_26_20251108_TOT_MUN,2025_26,2025-11-08,1,0.5762273901808785,0.5233551534913982,0.5762273901808785,0.5709401665119306,0.5630093310085085,0.5497912718361384,0.5365732126637682,0.5233551534913982
2025_26_20251108_WHU_BUR,2025_26,2025-11-08,1,0.4787234042553191,0.3818953678350038,0.4787234042553191,0.4690406006132876,0.45451639515024034,0.43030938604516145,0.40610237694008255,0.3818953678350038
2025_26_20251109_AVL_BOU,2025_26,2025-11-09,1,0.5172413793103448,0.4128671435667793,0.5172413793103448,0.5068039557359882,0.49114782037445337,0.465054261438562,0.43896070250267066,0.4128671435667793
2025_26_20251109_BRE_NEW,2025_26,2025-11-09,1,0.5186170212765957,0.4059889264118082,0.5186170212765957,0.507354211790117,0.4904599975603988,0.46230297384420194,0.4341459501280051,0.4059889264118082
2025_26_20251109_CRY_BRI,2025_26,2025-11-09,0,0.5488126649076518,0.4799823553262764,0.5488126649076518,0.5419296339495142,0.531605087512308,0.5143975101169641,0.49718993272162026,0.4799823553262764
2025_26_20251109_MCI_LIV,2025_26,2025-11-09,1,0.6354679802955665,0.5504534817909357,0.6354679802955665,0.6269665304451034,0.6142143556694089,0.5929607310432511,0.5717071064170933,0.5504534817909357
2025_26_20251109_NFO_LEE,2025_26,2025-11-09,1,0.4603174603174603,0.3763921649444232,0.4603174603174603,0.4519249307801566,0.439336136474201,0.41835481263094176,0.39737348878768247,0.3763921649444232
2025_26_20251122_BOU_WHU,2025_26,2025-11-22,1,0.5703125,0.5226263937390434,0.5703125,0.5655438893739043,0.5583909734347609,0.5464694468695217,0.5345479203042826,0.5226263937390434
2025_26_20251122_BRI_BRE,2025_26,2025-11-22,1,0.5590551181102362,0.5094404160384008,0.5590551181102362,0.5540936479030527,0.5466514425922774,0.5342477670743185,0.5218440915563597,0.5094404160384008
2025_26_20251122_BUR_CHE,2025_26,2025-11-22,0,0.53315649867374,0.4865402225775363,0.53315649867374,0.5284948710641197,0.5215024296496891,0.5098483606256382,0.49819429160158724,0.4865402225775363
2025_26_20251122_FUL_SUN,2025_26,2025-11-22,0,0.4296875,0.3340261027648692,0.4296875,0.42012136027648694,0.4057721506912173,0.3818568013824346,0.3579414520736519,0.3340261027648692
2025_26_20251122_LIV_NFO,2025_26,2025-11-22,1,0.6136363636363636,0.5433607276425445,0.6136363636363636,0.6066088000369817,0.5960674546379088,0.578498545639454,0.5609296366409993,0.5433607276425445
2025_26_20251122_NEW_MCI,2025_26,2025-11-22,1,0.5590551181102362,0.5164633390379948,0.5590551181102362,0.554795940203012,0.5484071733421759,0.5377592285741155,0.5271112838060551,0.5164633390379948
2025_26_20251122_WOL_CRY,2025_26,2025-11-22,0,0.4721485411140583,0.39542518144221,0.4721485411140583,0.4644762051468735,0.45296770119609625,0.43378686127813415,0.41460602136017205,0.39542518144221
2025_26_20251123_ARS_TOT,2025_26,2025-11-23,1,0.5305039787798408,0.4366020644824528,0.5305039787798408,0.521113787350102,0.5070285002054938,0.4835530216311468,0.4600775430567998,0.4366020644824528
2025_26_20251123_LEE_AVL,2025_26,2025-11-23,1,0.4435695538057742,0.3758593738243175,0.4435695538057742,0.4367985358076285,0.42664200881041,0.40971446381504584,0.3927869188196817,0.3758593738243175
2025_26_20251124_MUN_EVE,2025_26,2025-11-24,0,0.5396825396825397,0.4401369895099348,0.5396825396825397,0.5297279846652792,0.5147961521393885,0.48990976459623725,0.46502337705308605,0.4401369895099348
2025_26_20251129_BRE_BUR,2025_26,2025-11-29,1,0.5278514588859416,0.4481724486178572,0.5278514588859416,0.5198835578591332,0.5079317063189205,0.48801195375189943,0.4680922011848784,0.4481724486178572
2025_26_20251129_EVE_NEW,2025_26,2025-11-29,1,0.4787234042553191,0.3678496256855493,0.4787234042553191,0.4676360263983421,0.4510049596128767,0.42328651497043424,0.3955680703279918,0.3678496256855493
2025_26_20251129_MCI_LEE,2025_26,2025-11-29,1,0.6180904522613065,0.5252303029994987,0.6180904522613065,0.6088044373351258,0.5948754149458546,0.5716603776304026,0.5484453403149506,0.5252303029994987
2025_26_20251129_SUN_BOU,2025_26,2025-11-29,1,0.4801061007957559,0.3748926535835757,0.4801061007957559,0.46958475607453787,0.45380273899271084,0.4274993771896658,0.40119601538662075,0.3748926535835757
2025_26_20251129_TOT_FUL,2025_26,2025-11-29,1,0.5039787798408488,0.4475078281197234,0.5039787798408488,0.49833168466873634,0.48986104191056745,0.4757433039802861,0.46162556605000477,0.4475078281197234
2025_26_20251130_AVL_WOL,2025_26,2025-11-30,0,0.526595744680851,0.4229222489458255,0.526595744680851,0.5162283951073484,0.5006773707470946,0.4747589968133382,0.4488406228795818,0.4229222489458255
2025_26_20251130_CHE_ARS,2025_26,2025-11-30,0,0.4893617021276596,0.387681568600621,0.4893617021276596,0.4791936887749557,0.4639416687458999,0.4385216353641403,0.41310160198238066,0.387681568600621
2025_26_20251130_CRY_MUN,2025_26,2025-11-30,1,0.5488126649076518,0.4875866714495025,0.5488126649076518,0.5426900655618369,0.5335061665431144,0.5181996681785772,0.5028931698140399,0.4875866714495025
2025_26_20251130_NFO_BRI,2025_26,2025-11-30,0,0.5,0.4185832952995073,0.5,0.49185832952995073,0.4796458238248768,0.4592916476497536,0.43893747147463047,0.4185832952995073
2025_26_20251130_WHU_LIV,2025_26,2025-11-30,0,0.6206030150753769,0.5390498588242848,0.6206030150753769,0.6124476994502677,0.6002147260126038,0.5798264369498308,0.5594381478870578,0.5390498588242848
2025_26_20251202_BOU_EVE,2025_26,2025-12-02,0,0.492063492063492,0.4218923442935332,0.492063492063492,0.48504637728649613,0.47452070512100225,0.4569779181785126,0.43943513123602285,0.4218923442935332
2025_26_20251202_FUL_MCI,2025_26,2025-12-02,1,0.5714285714285715,0.5247221912243765,0.5714285714285715,0.566757933408152,0.5597519763775227,0.548075381326474,0.5363987862754253,0.5247221912243765
2025_26_20251202_NEW_TOT,2025_26,2025-12-02,1,0.5485564304461943,0.4694925086569665,0.5485564304461943,0.5406500382672715,0.5287904499988874,0.5090244695515804,0.48925848910427344,0.4694925086569665
2025_26_20251203_ARS_BRE,2025_26,2025-12-03,0,0.5435356200527705,0.4548178538505533,0.5435356200527705,0.5346638434325488,0.5213561785022162,0.49917673695166187,0.4769972954011076,0.4548178538505533
2025_26_20251203_BRI_AVL,2025_26,2025-12-03,1,0.5159574468085106,0.444573707711036,0.5159574468085106,0.5088190728987632,0.49811151203414195,0.4802655772597733,0.4624196424854046,0.444573707711036
2025_26_20251203_BUR_CRY,2025_26,2025-12-03,0,0.4774535809018567,0.4242926210080271,0.4774535809018567,0.47213748491247376,0.4641633409283993,0.45087310095494193,0.4375828609814845,0.4242926210080271
2025_26_20251203_LEE_CHE,2025_26,2025-12-03,1,0.519893899204244,0.4822499185285563,0.519893899204244,0.5161295011366752,0.510482904035322,0.5010719088664002,0.4916609136974782,0.4822499185285563
2025_26_20251203_LIV_SUN,2025_26,2025-12-03,0,0.6055979643765903,0.5181809809824327,0.6055979643765903,0.5968562660371746,0.583743718528051,0.5618894726795115,0.540035226830972,0.5181809809824327
2025_26_20251203_WOL_NFO,2025_26,2025-12-03,0,0.4538258575197889,0.379857462373788,0.4538258575197889,0.44642901800518875,0.43533375873328867,0.41684165994678846,0.3983495611602882,0.379857462373788
2025_26_20251204_MUN_WHU,2025_26,2025-12-04,0,0.6293532338308457,0.5606791459667364,0.6293532338308457,0.6224858250444347,0.6121847118648184,0.5950161898987911,0.5778476679327638,0.5606791459667364
2025_26_20251206_AVL_ARS,2025_26,2025-12-06,1,0.4578947368421053,0.3488285037843751,0.4578947368421053,0.4469881135363323,0.4306281785776727,0.4033616203132402,0.37609506204880766,0.3488285037843751
2025_26_20251206_BOU_CHE,2025_26,2025-12-06,0,0.5744125326370757,0.5370184330300134,0.5744125326370757,0.5706731226763695,0.5650640077353102,0.5557154828335445,0.5463669579317789,0.5370184330300134
2025_26_20251206_EVE_NFO,2025_26,2025-12-06,1,0.4485488126649077,0.3481580882817551,0.4485488126649077,0.43850974022659245,0.4234511315691195,0.39835345047333137,0.3732557693775433,0.3481580882817551
2025_26_20251206_LEE_LIV,2025_26,2025-12-06,1,0.5729166666666667,0.5365934885433473,0.5729166666666667,0.5692843488543349,0.5638358721358369,0.554755077605007,0.5456742830741772,0.5365934885433473
2025_26_20251206_MCI_SUN,2025_26,2025-12-06,1,0.634567901234568,0.5219812143140001,0.634567901234568,0.6233092325425112,0.606421229504426,0.578274557774284,0.5501278860441421,0.5219812143140001
2025_26_20251206_NEW_BUR,2025_26,2025-12-06,1,0.5917312661498708,0.5102786832909028,0.5917312661498708,0.583586007863974,0.5713681204351289,0.5510049747203868,0.5306418290056447,0.5102786832909028
2025_26_20251206_TOT_BRE,2025_26,2025-12-06,0,0.5225464190981433,0.4597717477401488,0.5225464190981433,0.5162689519623438,0.5068527512586446,0.49115908341914605,0.4754654155796474,0.4597717477401488
2025_26_20251207_BRI_WHU,2025_26,2025-12-07,0,0.5865633074935401,0.5172303919689325,0.5865633074935401,0.5796300159410794,0.5692300786123883,0.5518968497312363,0.5345636208500844,0.5172303919689325
2025_26_20251207_FUL_CRY,2025_26,2025-12-07,1,0.4656084656084655,0.3913123021483166,0.4656084656084655,0.45817884926245067,0.44703442474342825,0.428460383878391,0.4098863430133538,0.3913123021483166
2025_26_20251208_WOL_MUN,2025_26,2025-12-08,1,0.5616797900262467,0.5339853851070993,0.5616797900262467,0.558910349534332,0.5547561887964598,0.547832587566673,0.5409089863368861,0.5339853851070993
2025_26_20251213_ARS_WOL,2025_26,2025-12-13,1,0.6215538847117794,0.5508996437816722,0.6215538847117794,0.6144884606187687,0.6038903244792526,0.5862267642467258,0.568563204014199,0.5508996437816722
2025_26_20251213_BUR_FUL,2025_26,2025-12-13,1,0.4603174603174603,0.3888659496825914,0.4603174603174603,0.4531723092539734,0.4424545826587431,0.42459170500002585,0.4067288273413086,0.3888659496825914
2025_26_20251213_CHE_EVE,2025_26,2025-12-13,0,0.5093333333333333,0.4271846482478849,0.5093333333333333,0.5011184648247885,0.48879616206197124,0.46825899079060906,0.44772181951924694,0.4271846482478849
2025_26_20251213_LIV_BRI,2025_26,2025-12-13,0,0.6231155778894473,0.5652079805656602,0.6231155778894473,0.6173248181570686,0.6086386785585005,0.5941617792275538,0.579684879896607,0.5652079805656602
2025_26_20251214_BRE_LEE,2025_26,2025-12-14,0,0.5039999999999999,0.4001627932940079,0.5039999999999999,0.49361627932940066,0.4780406983235019,0.45208139664700386,0.4261220949705059,0.4001627932940079
2025_26_20251214_CRY_MCI,2025_26,2025-12-14,1,0.5654450261780105,0.4993694125096952,0.5654450261780105,0.5588374648111789,0.5489261227609317,0.5324072193438528,0.515888315926774,0.4993694125096952
2025_26_20251214_NFO_TOT,2025_26,2025-12-14,1,0.48,0.3623472836382784,0.48,0.46823472836382785,0.4505868209095696,0.4211736418191392,0.3917604627287088,0.3623472836382784
2025_26_20251214_SUN_NEW,2025_26,2025-12-14,0,0.4906666666666666,0.4058965468654248,0.4906666666666666,0.4821896546865424,0.4694741367163561,0.44828160676604567,0.42708907681573527,0.4058965468654248
2025_26_20251214_WHU_AVL,2025_26,2025-12-14,1,0.5253333333333333,0.4386910212021216,0.5253333333333333,0.5166691021202121,0.5036727553005305,0.4820121772677275,0.4603515992349245,0.4386910212021216
2025_26_20251215_MUN_BOU,2025_26,2025-12-15,1,0.6035805626598465,0.5382793340168963,0.6035805626598465,0.5970504397955515,0.587255255499109,0.5709299483383714,0.5546046411776339,0.5382793340168963
2025_26_20251220_BOU_BUR,2025_26,2025-12-20,0,0.5590551181102362,0.4921762586080449,0.5590551181102362,0.552367232160017,0.5423354032346884,0.5256156883591405,0.5088959734835927,0.4921762586080449
2025_26_20251220_BRI_SUN,2025_26,2025-12-20,0,0.5212765957446808,0.4395500190574244,0.5212765957446808,0.5131039380759551,0.5008449515728667,0.4804133074010526,0.4599816632292385,0.4395500190574244
2025_26_20251220_EVE_ARS,2025_26,2025-12-20,0,0.4576719576719577,0.3531083056387,0.4576719576719577,0.44721559246863196,0.4315310446636432,0.40539013165532883,0.37924921864701444,0.3531083056387
2025_26_20251220_LEE_CRY,2025_26,2025-12-20,1,0.4576719576719577,0.352659125941071,0.4576719576719577,0.44717067449886905,0.431418749739236,0.4051655418065143,0.3789123338737927,0.352659125941071
2025_26_20251220_MCI_WHU,2025_26,2025-12-20,1,0.7002237136465325,0.6231372116793317,0.7002237136465325,0.6925150634498124,0.6809520881547323,0.661680462662932,0.6424088371711318,0.6231372116793317
2025_26_20251220_NEW_CHE,2025_26,2025-12-20,1,0.5677083333333334,0.4985582596959777,0.5677083333333334,0.5607933259695979,0.5504208149239944,0.5331332965146556,0.5158457781053166,0.4985582596959777
2025_26_20251220_TOT_LIV,2025_26,2025-12-20,1,0.5744125326370757,0.5137814277204804,0.5744125326370757,0.5683494221454162,0.5592547564079269,0.5440969801787781,0.5289392039496292,0.5137814277204804
2025_26_20251220_WOL_BRE,2025_26,2025-12-20,0,0.4867021276595745,0.4268473352207326,0.4867021276595745,0.4807166484156903,0.471738429549864,0.45677473144015357,0.4418110333304431,0.4268473352207326
2025_26_20251221_AVL_MUN,2025_26,2025-12-21,1,0.5755208333333334,0.4892254091444248,0.5755208333333334,0.5668912909144426,0.5539469772861062,0.5323731212388791,0.510799265191652,0.4892254091444248
2025_26_20251222_FUL_NFO,2025_26,2025-12-22,0,0.4693333333333332,0.3640121181860348,0.4693333333333332,0.45880121181860334,0.4430030295465086,0.416672725759684,0.3903424219728594,0.3640121181860348
2025_26_20251226_MUN_NEW,2025_26,2025-12-26,0,0.578125,0.4972007136881987,0.578125,0.5700325713688199,0.5578939284220497,0.5376628568440993,0.517431785266149,0.4972007136881987
2025_26_20251227_ARS_BRI,2025_26,2025-12-27,1,0.5729166666666667,0.5048024048246755,0.5729166666666667,0.5661052404824677,0.5558881012061689,0.5388595357456711,0.5218309702851733,0.5048024048246755
2025_26_20251227_BRE_BOU,2025_26,2025-12-27,1,0.5552631578947369,0.4974417151426227,0.5552631578947369,0.5494810136195255,0.5408077972067084,0.5263524365186798,0.5118970758306512,0.4974417151426227
2025_26_20251227_BUR_EVE,2025_26,2025-12-27,0,0.4345549738219895,0.3486439275353319,0.4345549738219895,0.42596386919332374,0.41307721225032507,0.3915994506786607,0.3701216891069963,0.3486439275353319
2025_26_20251227_CHE_AVL,2025_26,2025-12-27,1,0.5578947368421052,0.4819115593644876,0.5578947368421052,0.5502964190943435,0.5388989424727009,0.5199031481032964,0.500907353733892,0.4819115593644876
2025_26_20251227_LIV_WOL,2025_26,2025-12-27,1,0.642156862745098,0.576407425536434,0.642156862745098,0.6355819190242316,0.6257195034429319,0.609282144140766,0.5928447848386,0.576407425536434
2025_26_20251227_NFO_MCI,2025_26,2025-12-27,1,0.5792207792207792,0.5219978217186823,0.5792207792207792,0.5734984834705695,0.5649150398452549,0.5506093004697308,0.5363035610942065,0.5219978217186823
2025_26_20251227_WHU_FUL,2025_26,2025-12-27,0,0.526595744680851,0.4385530786077692,0.526595744680851,0.5177914780735429,0.5045850781625806,0.48257441164431014,0.4605637451260397,0.4385530786077692
2025_26_20251228_CRY_TOT,2025_26,2025-12-28,0,0.4787234042553191,0.4080636114086572,0.4787234042553191,0.47165742497065294,0.4610584560436537,0.44339350783198817,0.42572855962032263,0.4080636114086572
2025_26_20251228_SUN_LEE,2025_26,2025-12-28,0,0.4281984334203655,0.3348884092355206,0.4281984334203655,0.41886743100188106,0.4048709273741543,0.38154342132794306,0.3582159152817318,0.3348884092355206
2025_26_20251230_ARS_AVL,2025_26,2025-12-30,1,0.5651041666666667,0.4821322706364475,0.5651041666666667,0.5568069770636448,0.5443611926591119,0.5236182186515571,0.5028752446440024,0.4821322706364475
2025_26_20251230_BUR_NEW,2025_26,2025-12-30,1,0.5305039787798408,0.4942623172375859,0.5305039787798408,0.5268798126256153,0.5214435633942771,0.5123831480087133,0.5033227326231496,0.4942623172375859
2025_26_20251230_CHE_BOU,2025_26,2025-12-30,1,0.6339066339066339,0.6135073035475257,0.6339066339066339,0.6318667008707232,0.6288068013168568,0.6237069687270798,0.6186071361373028,0.6135073035475257
2025_26_20251230_MUN_WOL,2025_26,2025-12-30,0,0.5948717948717949,0.5256812650176181,0.5948717948717949,0.5879527418863771,0.5775741624082507,0.5602765299447066,0.5429788974811623,0.5256812650176181
2025_26_20251230_NFO_EVE,2025_26,2025-12-30,0,0.4123711340206186,0.3401018333586997,0.4123711340206186,0.4051442039544267,0.3943038088551388,0.3762364836896591,0.35816915852417947,0.3401018333586997
2025_26_20251230_WHU_BRI,2025_26,2025-12-30,1,0.5703125,0.5219278673184554,0.5703125,0.5654740367318456,0.5582163418296139,0.5461201836592278,0.5340240254888415,0.5219278673184554
2025_26_20260101_BRE_TOT,2025_26,2026-01-01,0,0.5013333333333333,0.418106871623692,0.5013333333333333,0.4930106871623692,0.480526717905923,0.45972010247851264,0.43891348705110234,0.418106871623692
2025_26_20260101_CRY_FUL,2025_26,2026-01-01,0,0.4640000000000001,0.3625543030340559,0.4640000000000001,0.4538554303034057,0.43863857575851406,0.413277151517028,0.3879157272755419,0.3625543030340559
2025_26_20260101_LIV_LEE,2025_26,2026-01-01,0,0.5902061855670103,0.51638326704809,0.5902061855670103,0.5828238937151182,0.5717504559372802,0.5532947263075502,0.5348389966778201,0.51638326704809
2025_26_20260101_SUN_MCI,2025_26,2026-01-01,0,0.578125,0.5392115828509676,0.578125,0.5742336582850969,0.5683966457127418,0.5586682914254838,0.5489399371382258,0.5392115828509676
2025_26_20260103_AVL_NFO,2025_26,2026-01-03,1,0.5225464190981433,0.4342125106244969,0.5225464190981433,0.5137130282507786,0.5004629419797316,0.4783794648613201,0.45629598774290847,0.4342125106244969
2025_26_20260103_BOU_ARS,2025_26,2026-01-03,1,0.578125,0.5131269854341425,0.578125,0.5716251985434143,0.5618754963585356,0.5456259927170712,0.5293764890756069,0.5131269854341425
2025_26_20260103_BRI_BUR,2025_26,2026-01-03,0,0.5526315789473685,0.5075477170691083,0.5526315789473685,0.5481231927595425,0.5413606134778034,0.5300896480082384,0.5188186825386734,0.5075477170691083
2025_26_20260103_WOL_WHU,2025_26,2026-01-03,1,0.4920212765957447,0.4285937801902693,0.4920212765957447,0.4856785269551972,0.4761644024943758,0.460307528393007,0.4444506542916381,0.4285937801902693
2025_26_20260104_EVE_BRE,2025_26,2026-01-04,1,0.4281984334203655,0.3512642707927905,0.4281984334203655,0.420505017157608,0.40896489276347175,0.389731352106578,0.37049781144968424,0.3512642707927905
2025_26_20260104_FUL_LIV,2025_26,2026-01-04,1,0.5305039787798408,0.4613880639716783,0.5305039787798408,0.5235923872990246,0.5132250000778003,0.49594602137575955,0.47866704267371896,0.4613880639716783
2025_26_20260104_LEE_MUN,2025_26,2026-01-04,0,0.5212765957446808,0.4268564700953041,0.5212765957446808,0.5118345831797431,0.4976715643323366,0.47406653291999246,0.45046150150764824,0.4268564700953041
2025_26_20260104_MCI_CHE,2025_26,2026-01-04,0,0.6311881188118812,0.5459316160139174,0.6311881188118812,0.6226624685320848,0.6098739931123902,0.5885598674128993,0.5672457417134084,0.5459316160139174
2025_26_20260104_NEW_CRY,2025_26,2026-01-04,0,0.5358090185676393,0.4259481720841398,0.5358090185676393,0.5248229339192894,0.5083438069467644,0.48087859532588956,0.4534133837050147,0.4259481720841398
2025_26_20260104_TOT_SUN,2025_26,2026-01-04,0,0.4694960212201591,0.3977808818072745,0.4694960212201591,0.46232450727887064,0.45156723636693796,0.4336384515137168,0.41570966666049564,0.3977808818072745
2025_26_20260106_WHU_NFO,2025_26,2026-01-06,1,0.493368700265252,0.4279902707026361,0.493368700265252,0.4868308573089904,0.477024092874598,0.46067948548394405,0.4443348780932901,0.4279902707026361
2025_26_20260107_BOU_TOT,2025_26,2026-01-07,1,0.5552631578947369,0.5010219183427087,0.5552631578947369,0.549839033939534,0.5417028480067299,0.5281425381187228,0.5145822282307158,0.5010219183427087
2025_26_20260107_BRE_SUN,2025_26,2026-01-07,1,0.4748010610079576,0.3914705431120682,0.4748010610079576,0.46646800921836873,0.45396843153398525,0.4331358020600129,0.41230317258604054,0.3914705431120682
2025_26_20260107_BUR_MUN,2025_26,2026-01-07,1,0.5488126649076518,0.4944019673551925,0.5488126649076518,0.5433715951524059,0.5352099905195369,0.5216073161314221,0.5080046417433073,0.4944019673551925
2025_26_20260107_CRY_AVL,2025_26,2026-01-07,0,0.4946808510638298,0.4427036718600698,0.4946808510638298,0.4894831331434538,0.4816865562628898,0.4686922614619498,0.4556979666610098,0.4427036718600698
2025_26_20260107_EVE_WOL,2025_26,2026-01-07,0,0.4576719576719577,0.3811362029832748,0.4576719576719577,0.45001838220308943,0.43853801899978695,0.4194040803276162,0.4002701416554455,0.3811362029832748
2025_26_20260107_FUL_CHE,2025_26,2026-01-07,1,0.5305039787798408,0.4431339724740449,0.5305039787798408,0.5217669781492612,0.5086614772033918,0.4868189756269429,0.4649764740504939,0.4431339724740449
2025_26_20260107_MCI_BRI,2025_26,2026-01-07,0,0.6602870813397128,0.5944984925297011,0.6602870813397128,0.6537082224587117,0.6438399341372099,0.6273927869347069,0.610945639732204,0.5944984925297011
2025_26_20260107_NEW_LEE,2025_26,2026-01-07,1,0.5251989389920424,0.4873765965115686,0.5251989389920424,0.521416704743995,0.515743353371924,0.5062877677518055,0.49683218213168706,0.4873765965115686
2025_26_20260108_ARS_LIV,2025_26,2026-01-08,0,0.5476190476190476,0.457089997881266,0.5476190476190476,0.5385661426452695,0.5249867851846022,0.5023545227501568,0.4797222603157114,0.457089997881266
2025_26_20260117_CHE_BRE,2025_26,2026-01-17,0,0.5755208333333334,0.521246732164402,0.5755208333333334,0.5700934232164403,0.5619523080411005,0.5483837827488677,0.5348152574566348,0.521246732164402
2025_26_20260117_LEE_FUL,2025_26,2026-01-17,0,0.4591029023746703,0.403845528563354,0.4591029023746703,0.4535771649935387,0.4452885589218412,0.4314742154690121,0.41765987201618304,0.403845528563354
2025_26_20260117_LIV_BUR,2025_26,2026-01-17,0,0.6081424936386769,0.5484927923954953,0.6081424936386769,0.6021775235143587,0.5932300683278815,0.5783176430170861,0.5634052177062907,0.5484927923954953
2025_26_20260117_MUN_MCI,2025_26,2026-01-17,0,0.6336633663366337,0.6307330709117432,0.6336633663366337,0.6333703367941447,0.6329307924804111,0.6321982186241885,0.6314656447679659,0.6307330709117432
2025_26_20260117_NFO_ARS,2025_26,2026-01-17,0,0.5039999999999999,0.441158532092696,0.5039999999999999,0.4977158532092695,0.4882896330231739,0.4725792660463479,0.456868899069522,0.441158532092696
2025_26_20260117_SUN_CRY,2025_26,2026-01-17,1,0.4270833333333333,0.3488460554956072,0.4270833333333333,0.4192596055495607,0.4075240138739018,0.38796469441447023,0.3684053749550387,0.3488460554956072
2025_26_20260117_TOT_WHU,2025_26,2026-01-17,1,0.5488126649076518,0.4820500568707564,0.5488126649076518,0.5421364041039622,0.5321220128984279,0.515431360889204,0.49874070887998023,0.4820500568707564
2025_26_20260118_AVL_EVE,2025_26,2026-01-18,0,0.4986666666666667,0.4092316257436104,0.4986666666666667,0.4897231625743611,0.4763079064359026,0.45394914620513854,0.4315903859743745,0.4092316257436104
2025_26_20260118_WOL_NEW,2025_26,2026-01-18,0,0.5654450261780105,0.50567530362022,0.5654450261780105,0.5594680539222314,0.550502595538563,0.5355601648991153,0.5206177342596676,0.50567530362022
2025_26_20260119_BRI_BOU,2025_26,2026-01-19,0,0.6277915632754342,0.5904851086818128,0.6277915632754342,0.6240609178160721,0.6184649496270289,0.6091383359786235,0.5998117223302182,0.5904851086818128
2025_26_20260124_BOU_LIV,2025_26,2026-01-24,1,0.596401028277635,0.5446153402762476,0.596401028277635,0.5912224594774963,0.5834546062772881,0.5705081842769413,0.5575617622765945,0.5446153402762476
2025_26_20260124_BUR_TOT,2025_26,2026-01-24,1,0.4707446808510637,0.4080861868289235,0.4707446808510637,0.4644788314488497,0.4550800573455286,0.4394154338399936,0.4237508103344586,0.4080861868289235
2025_26_20260124_FUL_BRI,2025_26,2026-01-24,1,0.53315649867374,0.4695789762849059,0.53315649867374,0.5267987464348567,0.5172621180765316,0.501367737479323,0.48547335688211446,0.4695789762849059
2025_26_20260124_MCI_WOL,2025_26,2026-01-24,0,0.6737089201877935,0.6410595460507064,0.6737089201877935,0.6704439827740848,0.6655465766535217,0.6573842331192499,0.6492218895849782,0.6410595460507064
2025_26_20260124_WHU_SUN,2025_26,2026-01-24,1,0.4511873350923483,0.3617884372405657,0.4511873350923483,0.44224744530717003,0.4288376106294027,0.40648788616645704,0.38413816170351134,0.3617884372405657
2025_26_20260125_ARS_MUN,2025_26,2026-01-25,1,0.554089709762533,0.4873029648172814,0.554089709762533,0.5474110352680078,0.5373930235262201,0.5206963372899072,0.5039996510535943,0.4873029648172814
2025_26_20260125_BRE_NFO,2025_26,2026-01-25,0,0.4907161803713528,0.3816033570219563,0.4907161803713528,0.47980489803641313,0.46343797453400365,0.4361597686966545,0.40888156285930544,0.3816033570219563
2025_26_20260125_CRY_CHE,2025_26,2026-01-25,1,0.5396825396825397,0.4906670209200062,0.5396825396825397,0.5347809878062864,0.5274286599919064,0.515174780301273,0.5029209006106395,0.4906670209200062
2025_26_20260125_NEW_AVL,2025_26,2026-01-25,0,0.5718015665796344,0.5118355724145884,0.5718015665796344,0.5658049671631299,0.556810068038373,0.5418185694971114,0.5268270709558499,0.5118355724145884
2025_26_20260126_EVE_LEE,2025_26,2026-01-26,0,0.4281984334203655,0.3525145179595677,0.4281984334203655,0.42063004187428576,0.40927745455516606,0.39035647568996656,0.3714354968247671,0.3525145179595677
2025_26_20260131_BRI_EVE,2025_26,2026-01-31,0,0.5132978723404255,0.4234778990714266,0.5132978723404255,0.5043158750135256,0.49084287902317575,0.46838788570592604,0.4459328923886763,0.4234778990714266
2025_26_20260131_CHE_WHU,2025_26,2026-01-31,1,0.6136363636363636,0.5494269112292327,0.6136363636363636,0.6072154183956505,0.5975840005345809,0.5815316374327981,0.5654792743310154,0.5494269112292327
2025_26_20260131_LEE_ARS,2025_26,2026-01-31,1,0.4907161803713528,0.4216639202273939,0.4907161803713528,0.48381095435695687,0.47345311533536305,0.4561900502993733,0.4389269852633836,0.4216639202273939
2025_26_20260131_LIV_NEW,2025_26,2026-01-31,1,0.5818181818181818,0.514651129606057,0.5818181818181818,0.5751014765969694,0.5650264187651506,0.5482346557121194,0.5314428926590882,0.514651129606057
2025_26_20260131_WOL_BOU,2025_26,2026-01-31,0,0.5435356200527705,0.4778622614126021,0.5435356200527705,0.5369682841887536,0.5271172803927284,0.5106989407326863,0.49428060107264415,0.4778622614126021
2025_26_20260201_AVL_BRE,2025_26,2026-02-01,0,0.526595744680851,0.4558136934726168,0.526595744680851,0.5195175395600276,0.5089002318787924,0.4912047190767339,0.4735092062746754,0.4558136934726168
2025_26_20260201_MUN_FUL,2025_26,2026-02-01,1,0.5680628272251308,0.5136762298113711,0.5680628272251308,0.5626241674837548,0.5544661778716908,0.540869528518251,0.527272879164811,0.5136762298113711
2025_26_20260201_NFO_CRY,2025_26,2026-02-01,0,0.4746666666666666,0.3852205545663775,0.4746666666666666,0.4657220554566377,0.4523051386415944,0.4299436106165221,0.40758208259144973,0.3852205545663775
2025_26_20260201_TOT_MCI,2025_26,2026-02-01,1,0.5839793281653746,0.5632049847929208,0.5839793281653746,0.5819018938281292,0.5787857423222611,0.5735921564791477,0.5683985706360343,0.5632049847929208
2025_26_20260202_SUN_BUR,2025_26,2026-02-02,1,0.4244791666666667,0.324047327460735,0.4244791666666667,0.4144359827460735,0.39937120686518374,0.37426324706370084,0.34915528726221795,0.324047327460735
2025_26_20260206_LEE_NFO,2025_26,2026-02-06,1,0.4526315789473684,0.381687798075599,0.4526315789473684,0.44553720086019144,0.434895633729426,0.41715968851148366,0.39942374329354136,0.381687798075599
2025_26_20260207_ARS_SUN,2025_26,2026-02-07,1,0.5552631578947369,0.4406476010574026,0.5552631578947369,0.5438016022110035,0.5266092686854034,0.4979553794760697,0.4693014902667362,0.4406476010574026
2025_26_20260207_BOU_AVL,2025_26,2026-02-07,0,0.5654450261780105,0.5238644877689143,0.5654450261780105,0.5612869723371009,0.5550498915757365,0.5446547569734623,0.5342596223711883,0.5238644877689143
2025_26_20260207_BUR_WHU,2025_26,2026-02-07,0,0.5039999999999999,0.4364198068588384,0.5039999999999999,0.49724198068588377,0.48710495171470947,0.47020990342941915,0.45331485514412884,0.4364198068588384
2025_26_20260207_FUL_EVE,2025_26,2026-02-07,1,0.4308093994778067,0.320792643757496,0.4308093994778067,0.41980772390577564,0.403305210547729,0.3758010216176514,0.3482968326875737,0.320792643757496
2025_26_20260207_MUN_TOT,2025_26,2026-02-07,0,0.6447688564476886,0.5684887659544612,0.6447688564476886,0.6371408473983659,0.6256988338243817,0.6066288112010749,0.587558788577768,0.5684887659544612
2025_26_20260207_NEW_BRE,2025_26,2026-02-07,1,0.5616797900262467,0.4875244426538446,0.5616797900262467,0.5542642552890066,0.5431409531831461,0.5246021163400456,0.5060632794969451,0.4875244426538446
2025_26_20260207_WOL_CHE,2025_26,2026-02-07,1,0.5578947368421052,0.4972996817173227,0.5578947368421052,0.551835231329627,0.5427459730609095,0.527597209279714,0.5124484454985183,0.4972996817173227
2025_26_20260208_BRI_CRY,2025_26,2026-02-08,0,0.5226666666666666,0.4475460294227509,0.5226666666666666,0.5151546029422751,0.5038865073556877,0.48510634804470876,0.46632618873372983,0.4475460294227509
2025_26_20260208_LIV_MCI,2025_26,2026-02-08,1,0.6020408163265306,0.5290616536572529,0.6020408163265306,0.594742900059603,0.5837960256592112,0.5655512349918917,0.5473064443245723,0.5290616536572529
2025_26_20260210_CHE_LEE,2025_26,2026-02-10,1,0.5818181818181818,0.4705102862672955,0.5818181818181818,0.5706873922630933,0.5539912079304602,0.5261642340427386,0.49833726015501706,0.4705102862672955
2025_26_20260210_EVE_BOU,2025_26,2026-02-10,1,0.5146666666666666,0.4603258271047727,0.5146666666666666,0.5092325827104772,0.5010814567761931,0.4874962468857197,0.47391103699524617,0.4603258271047727
2025_26_20260210_TOT_NEW,2025_26,2026-02-10,1,0.5538057742782152,0.4653984541678749,0.5538057742782152,0.5449650422671812,0.5317039442506302,0.509602114223045,0.48750028419546,0.4653984541678749
2025_26_20260210_WHU_MUN,2025_26,2026-02-10,0,0.6388206388206389,0.5836632327556636,0.6388206388206389,0.6333048982141414,0.6250312873043951,0.6112419357881512,0.5974525842719074,0.5836632327556636
2025_26_20260211_AVL_BRI,2025_26,2026-02-11,0,0.5358090185676393,0.4728976771180698,0.5358090185676393,0.5295178844226824,0.5200811832052469,0.5043533478428546,0.48862551248046215,0.4728976771180698
2025_26_20260211_CRY_BUR,2025_26,2026-02-11,1,0.4893048128342245,0.4006689093594032,0.4893048128342245,0.48044122248674237,0.46714583696551915,0.44498686109681385,0.42282788522810855,0.4006689093594032
2025_26_20260211_MCI_FUL,2025_26,2026-02-11,1,0.6171284634760705,0.540297034555086,0.6171284634760705,0.6094453205839722,0.5979206062458244,0.5787127490155783,0.5595048917853321,0.540297034555086
2025_26_20260211_NFO_WOL,2025_26,2026-02-11,0,0.4826666666666667,0.3957744501814776,0.4826666666666667,0.47397744501814776,0.4609436125453694,0.43922055842407215,0.4174975043027749,0.3957744501814776
2025_26_20260211_SUN_LIV,2025_26,2026-02-11,0,0.5226666666666666,0.4342473092732996,0.5226666666666666,0.5138247309273299,0.5005618273183249,0.4784569879699831,0.45635214862164136,0.4342473092732996
2025_26_20260212_BRE_ARS,2025_26,2026-02-12,0,0.512,0.4424819979436832,0.512,0.5050481997943683,0.4946204994859208,0.4772409989718416,0.4598614984577624,0.4424819979436832
2025_26_20260218_WOL_ARS,2025_26,2026-02-18,1,0.5552631578947369,0.5219346670904401,0.5552631578947369,0.5519303088143073,0.5469310351936627,0.5385989124925885,0.5302667897915143,0.5219346670904401
2025_26_20260221_AVL_LEE,2025_26,2026-02-21,0,0.5186170212765957,0.4518845165721676,0.5186170212765957,0.5119437708061529,0.5019338951004887,0.4852507689243817,0.4685676427482746,0.4518845165721676
2025_26_20260221_BRE_BRI,2025_26,2026-02-21,0,0.5372340425531915,0.4619827999146639,0.5372340425531915,0.5297089182893387,0.5184212318935596,0.4996084212339277,0.48079561057429576,0.4619827999146639
2025_26_20260221_CHE_BUR,2025_26,2026-02-21,0,0.6578313253012049,0.5648360079685322,0.6578313253012049,0.6485317935679377,0.6345824959680367,0.6113336666348685,0.5880848373017004,0.5648360079685322
2025_26_20260221_MCI_NEW,2025_26,2026-02-21,1,0.6626794258373206,0.5849023595342941,0.6626794258373206,0.654901719207018,0.6432351592615639,0.6237908926858073,0.6043466261100507,0.5849023595342941
2025_26_20260221_WHU_BOU,2025_26,2026-02-21,0,0.6071428571428571,0.5557779667913776,0.6071428571428571,0.6020063681077091,0.5943016345549872,0.5814604119671174,0.5686191893792475,0.5557779667913776
2025_26_20260222_CRY_WOL,2025_26,2026-02-22,0,0.496,0.4071188286102456,0.496,0.4871118828610246,0.4737797071525614,0.4515594143051228,0.4293391214576842,0.4071188286102456
2025_26_20260222_NFO_LIV,2025_26,2026-02-22,0,0.5590551181102362,0.4919128675655594,0.5590551181102362,0.5523408930557685,0.5422695554740671,0.5254839928378978,0.5086984302017286,0.4919128675655594
2025_26_20260222_SUN_FUL,2025_26,2026-02-22,1,0.4421052631578946,0.3360948812227254,0.4421052631578946,0.4315042249643777,0.4156026676741023,0.38910007219031,0.3625974767065177,0.3360948812227254
2025_26_20260222_TOT_ARS,2025_26,2026-02-22,1,0.528,0.4341410087032112,0.528,0.5186141008703211,0.5045352521758029,0.4810705043516056,0.4576057565274084,0.4341410087032112
2025_26_20260223_EVE_MUN,2025_26,2026-02-23,0,0.5578947368421052,0.4849776498511058,0.5578947368421052,0.5506030281430053,0.5396654650943553,0.5214361933466055,0.5032069215988557,0.4849776498511058
2025_26_20260227_WOL_AVL,2025_26,2026-02-27,0,0.5119363395225464,0.4845821302937471,0.5119363395225464,0.5092009185996664,0.5050977872153465,0.4982592349081467,0.49142068260094696,0.4845821302937471
2025_26_20260228_BOU_SUN,2025_26,2026-02-28,0,0.5329815303430079,0.4513009233863576,0.5329815303430079,0.5248134696473429,0.5125613786038453,0.49214122686468276,0.47172107512552014,0.4513009233863576
2025_26_20260228_BUR_BRE,2025_26,2026-02-28,1,0.5173333333333333,0.4566098548243508,0.5173333333333333,0.511260985482435,0.5021524637060877,0.48697159407884205,0.4717907244515964,0.4566098548243508
2025_26_20260228_LEE_MCI,2025_26,2026-02-28,0,0.5818181818181818,0.5236129713759478,0.5818181818181818,0.5759976607739584,0.5672668792076233,0.5527155765970648,0.5381642739865062,0.5236129713759478
2025_26_20260228_LIV_WHU,2025_26,2026-02-28,1,0.6578313253012049,0.5989528664130662,0.6578313253012049,0.6519434794123911,0.6431117105791703,0.6283920958571356,0.6136724811351009,0.5989528664130662
2025_26_20260228_NEW_EVE,2025_26,2026-02-28,1,0.5423280423280423,0.4719347936818252,0.5423280423280423,0.5352887174634207,0.524729730166488,0.5071314180049338,0.4895331058433795,0.4719347936818252
2025_26_20260301_ARS_CHE,2025_26,2026-03-01,1,0.5514511873350924,0.4329684240048047,0.5514511873350924,0.5396029110020636,0.5218304965025204,0.49220980566994854,0.46258911483737664,0.4329684240048047
2025_26_20260301_BRI_NFO,2025_26,2026-03-01,1,0.5239361702127661,0.4673572775504082,0.5239361702127661,0.5182782809465303,0.5097914470471766,0.49564672388158715,0.48150200071599764,0.4673572775504082
2025_26_20260301_FUL_TOT,2025_26,2026-03-01,1,0.5461741424802111,0.4556977135249124,0.5461741424802111,0.5371264995846813,0.5235550352413865,0.5009359280025618,0.4783168207637371,0.4556977135249124
2025_26_20260301_MUN_CRY,2025_26,2026-03-01,1,0.5792207792207792,0.4884525140300153,0.5792207792207792,0.5701439527017028,0.5565287129230881,0.5338366466253972,0.5111445803277063,0.4884525140300153
2025_26_20260303_BOU_BRE,2025_26,2026-03-03,0,0.5948717948717949,0.5460442109889977,0.5948717948717949,0.5899890364835151,0.5826648989010955,0.5704580029303963,0.558251106959697,0.5460442109889977
2025_26_20260303_EVE_BUR,2025_26,2026-03-03,0,0.4907161803713528,0.4070912445629643,0.4907161803713528,0.48235368679051394,0.46980994641925566,0.44890371246715854,0.4279974785150614,0.4070912445629643
2025_26_20260303_LEE_SUN,2025_26,2026-03-03,0,0.4526315789473684,0.3712292922348569,0.4526315789473684,0.44449135027611725,0.43228100726924046,0.41193043559111264,0.3915798639129848,0.3712292922348569
2025_26_20260303_WOL_LIV,2025_26,2026-03-03,1,0.5984654731457799,0.5523651133909755,0.5984654731457799,0.5938554371702995,0.5869403832070788,0.5754152932683777,0.5638902033296767,0.5523651133909755
2025_26_20260304_AVL_CHE,2025_26,2026-03-04,1,0.5628272251308901,0.5081620753393759,0.5628272251308901,0.5573607101517387,0.5491609376830116,0.535494650235133,0.5218283627872544,0.5081620753393759
2025_26_20260304_BRI_ARS,2025_26,2026-03-04,0,0.4946524064171124,0.4116290876605304,0.4946524064171124,0.48635007454145424,0.4738965767279669,0.4531407470388214,0.4323849173496759,0.4116290876605304
2025_26_20260304_FUL_WHU,2025_26,2026-03-04,0,0.544973544973545,0.4795172892137918,0.544973544973545,0.5384279193975697,0.5286094810336066,0.5122454170936683,0.49588135315373005,0.4795172892137918
2025_26_20260304_MCI_NFO,2025_26,2026-03-04,1,0.596401028277635,0.4907912423247173,0.596401028277635,0.5858400496823433,0.5699985817894055,0.5435961353011761,0.5171936888129467,0.4907912423247173
2025_26_20260304_NEW_MUN,2025_26,2026-03-04,1,0.6161616161616161,0.5635086353959338,0.6161616161616161,0.610896318085048,0.6029983709701956,0.589835125778775,0.5766718805873543,0.5635086353959338
2025_26_20260305_TOT_CRY,2025_26,2026-03-05,1,0.5253333333333333,0.4431342283114741,0.5253333333333333,0.5171134228311474,0.5047835570778685,0.4842337808224037,0.4636840045669389,0.4431342283114741
2025_26_20260314_ARS_EVE,2025_26,2026-03-14,0,0.4919786096256684,0.3767407340236562,0.4919786096256684,0.4804548220654672,0.46316914072516535,0.4343596718246623,0.4055502029241593,0.3767407340236562
2025_26_20260314_BUR_BOU,2025_26,2026-03-14,0,0.5555555555555556,0.5120372650340785,0.5555555555555556,0.5512037265034079,0.5446759829251864,0.5337964102948171,0.5229168376644477,0.5120372650340785
2025_26_20260314_CHE_NEW,2025_26,2026-03-14,0,0.6370370370370371,0.5662940527462724,0.6370370370370371,0.6299627386079606,0.6193512909643459,0.6016655448916548,0.5839797988189637,0.5662940527462724
2025_26_20260314_SUN_BRI,2025_26,2026-03-14,0,0.4588859416445623,0.385167419255858,0.4588859416445623,0.4515140894056919,0.44045631104738625,0.4220266804502102,0.4035970498530341,0.385167419255858
2025_26_20260314_WHU_MCI,2025_26,2026-03-14,0,0.6171284634760705,0.5820217743544546,0.6171284634760705,0.613617794563909,0.6083517911956665,0.5995751189152625,0.5907984466348586,0.5820217743544546
2025_26_20260315_CRY_LEE,2025_26,2026-03-15,0,0.4601063829787233,0.3717381780845433,0.4601063829787233,0.4512695624893053,0.4380143317551783,0.41592228053163327,0.3938302293080883,0.3717381780845433
2025_26_20260315_LIV_TOT,2025_26,2026-03-15,0,0.6570048309178744,0.5792879562419009,0.6570048309178744,0.649233143450277,0.637575612248881,0.6181463935798877,0.5987171749108943,0.5792879562419009
2025_26_20260315_MUN_AVL,2025_26,2026-03-15,1,0.5718015665796344,0.4940349711519836,0.5718015665796344,0.5640249070368694,0.5523599177227216,0.532918268865809,0.5134766200088963,0.4940349711519836
2025_26_20260315_NFO_FUL,2025_26,2026-03-15,0,0.5026737967914439,0.4359964302559966,0.5026737967914439,0.49600606013789916,0.48600445515758206,0.46933511352372026,0.4526657718898584,0.4359964302559966
2025_26_20260316_BRE_WOL,2025_26,2026-03-16,1,0.5567282321899736,0.4841746387613986,0.5567282321899736,0.5494728728471161,0.5385898338328299,0.5204514354756861,0.5023130371185424,0.4841746387613986
2025_26_20260320_BOU_MUN,2025_26,2026-03-20,1,0.614609571788413,0.6034287988880938,0.614609571788413,0.6134914944983811,0.6118143785633332,0.6090191853382534,0.6062239921131736,0.6034287988880938
2025_26_20260321_BRI_LIV,2025_26,2026-03-21,1,0.5578947368421052,0.5070285199531469,0.5578947368421052,0.5528081151532094,0.5451781826198656,0.532461628397626,0.5197450741753865,0.5070285199531469
2025_26_20260321_EVE_CHE,2025_26,2026-03-21,1,0.526595744680851,0.4584393856039208,0.526595744680851,0.519780108773158,0.5095566549116184,0.49251756514238587,0.47547847537315335,0.4584393856039208
2025_26_20260321_FUL_BUR,2025_26,2026-03-21,1,0.5294117647058824,0.4474651722824323,0.5294117647058824,0.5212171054635374,0.5089251166000199,0.48843846849415734,0.46795182038829486,0.4474651722824323
2025_26_20260321_LEE_BRE,2025_26,2026-03-21,0,0.5080213903743315,0.4375094443408239,0.5080213903743315,0.5009701957709807,0.4903934038659546,0.4727654173575777,0.4551374308492008,0.4375094443408239
2025_26_20260322_AVL_WHU,2025_26,2026-03-22,0,0.5372340425531915,0.4785574281825534,0.5372340425531915,0.5313663811161278,0.522564888960532,0.5078957353678725,0.49322658177521295,0.4785574281825534
2025_26_20260322_NEW_SUN,2025_26,2026-03-22,1,0.5106951871657753,0.425096046542866,0.5106951871657753,0.5021352731034845,0.48929540201004795,0.4678956168543207,0.4464958316985933,0.425096046542866
2025_26_20260322_TOT_NFO,2025_26,2026-03-22,1,0.5026737967914439,0.4149638201633857,0.5026737967914439,0.4939027991286381,0.4807463026344293,0.45881880847741474,0.43689131432040024,0.4149638201633857
2025_26_20260410_WHU_WOL,2025_26,2026-04-10,1,0.5251989389920424,0.464858136562584,0.5251989389920424,0.5191648587490966,0.5101137383846778,0.4950285377773132,0.47994333716994864,0.464858136562584
2025_26_20260411_ARS_BOU,2025_26,2026-04-11,1,0.5803108808290156,0.5147696415250154,0.5803108808290156,0.5737567568986156,0.5639255710030155,0.5475402611770155,0.5311549513510154,0.5147696415250154
2025_26_20260411_BRE_EVE,2025_26,2026-04-11,1,0.48,0.3839564656372523,0.48,0.47039564656372523,0.45598911640931306,0.43197823281862613,0.4079673492279392,0.3839564656372523
2025_26_20260411_BUR_BRI,2025_26,2026-04-11,0,0.5488126649076518,0.5023348882892512,0.5488126649076518,0.5441648872458117,0.5371932207530516,0.5255737765984515,0.5139543324438514,0.5023348882892512
2025_26_20260411_LIV_FUL,2025_26,2026-04-11,0,0.6126582278481012,0.5604365215861922,0.6126582278481012,0.6074360572219103,0.599602801282624,0.5865473747171467,0.5734919481516694,0.5604365215861922
2025_26_20260412_CHE_MCI,2025_26,2026-04-12,1,0.6091370558375634,0.5755128537590403,0.6091370558375634,0.6057746356297111,0.6007310053179326,0.5923249547983018,0.5839189042786711,0.5755128537590403
2025_26_20260412_CRY_NEW,2025_26,2026-04-12,1,0.5476190476190476,0.4864644771268667,0.5476190476190476,0.5415035905698296,0.5323304049960024,0.5170417623729571,0.5017531197499119,0.4864644771268667
2025_26_20260412_NFO_AVL,2025_26,2026-04-12,0,0.4906666666666666,0.3875742315492515,0.4906666666666666,0.4803574231549251,0.4648935578873128,0.43912044910795905,0.41334734032860526,0.3875742315492515
2025_26_20260412_SUN_TOT,2025_26,2026-04-12,0,0.4880000000000001,0.4037810705847622,0.4880000000000001,0.4795781070584763,0.46694526764619065,0.44589053529238115,0.4248358029385717,0.4037810705847622
2025_26_20260413_MUN_LEE,2025_26,2026-04-13,1,0.5567282321899736,0.5001236957605554,0.5567282321899736,0.5510677785470317,0.542577098082619,0.5284259639752644,0.51427482986791,0.5001236957605554
2025_26_20260418_BRE_FUL,2025_26,2026-04-18,0,0.5411140583554377,0.4830656592138697,0.5411140583554377,0.5353092184412809,0.5266019585700457,0.5120898587846536,0.4975777589992617,0.4830656592138697
2025_26_20260418_CHE_MUN,2025_26,2026-04-18,0,0.6106870229007634,0.5507685702843804,0.6106870229007634,0.6046951776391251,0.5957074097466676,0.5807277965925719,0.5657481834384762,0.5507685702843804
2025_26_20260418_LEE_WOL,2025_26,2026-04-18,1,0.5039999999999999,0.4465188830002108,0.5039999999999999,0.498251888300021,0.4896297207500526,0.47525944150010535,0.4608891622501581,0.4465188830002108
2025_26_20260418_NEW_BOU,2025_26,2026-04-18,1,0.6370370370370371,0.5859123150595458,0.6370370370370371,0.6319245648392879,0.6242558565426642,0.6114746760482914,0.5986934955539186,0.5859123150595458
2025_26_20260418_TOT_BRI,2025_26,2026-04-18,1,0.5654450261780105,0.5165344223731081,0.5654450261780105,0.5605539657975203,0.5532173752267849,0.5409897242755592,0.5287620733243337,0.5165344223731081
2025_26_20260419_AVL_SUN,2025_26,2026-04-19,1,0.496,0.4377997690857578,0.496,0.4901799769085758,0.48144994227143945,0.4668998845428789,0.45234982681431835,0.4377997690857578
2025_26_20260419_EVE_LIV,2025_26,2026-04-19,1,0.5053191489361702,0.4120927712254294,0.5053191489361702,0.4959965111650962,0.48201255450848507,0.45870596008079983,0.43539936565311466,0.4120927712254294
2025_26_20260419_MCI_ARS,2025_26,2026-04-19,1,0.4866310160427808,0.3749819162129026,0.4866310160427808,0.475466106059793,0.45871874108531124,0.4308064661278417,0.4028941911703722,0.3749819162129026
2025_26_20260419_NFO_BUR,2025_26,2026-04-19,1,0.5384615384615384,0.4648952035879515,0.5384615384615384,0.5311049049741797,0.5200699547431418,0.501678371024745,0.4832867873063482,0.4648952035879515
2025_26_20260420_CRY_WHU,2025_26,2026-04-20,0,0.4986666666666667,0.4144645778418646,0.4986666666666667,0.4902464577841865,0.47761614446046613,0.45656562225426567,0.43551510004806515,0.4144645778418646
2025_26_20260421_BRI_CHE,2025_26,2026-04-21,1,0.5766233766233767,0.5321044482837927,0.5766233766233767,0.5721714837894183,0.5654936445384807,0.5543639124535846,0.5432341803686886,0.5321044482837927
2025_26_20260422_BOU_LEE,2025_26,2026-04-22,1,0.5464190981432361,0.5007812330303781,0.5464190981432361,0.5418553116319503,0.5350096318650216,0.5236001655868071,0.5121906993085926,0.5007812330303781
2025_26_20260422_BUR_MCI,2025_26,2026-04-22,0,0.709251101321586,0.713948190097842,0.709251101321586,0.7097208101992115,0.71042537351565,0.711599645709714,0.712773917903778,0.713948190097842
2025_26_20260424_SUN_NFO,2025_26,2026-04-24,1,0.4424083769633508,0.3571717595003706,0.4424083769633508,0.43388471521705274,0.4210992225976058,0.3997900682318607,0.3784809138661156,0.3571717595003706
2025_26_20260425_ARS_NEW,2025_26,2026-04-25,0,0.5917312661498708,0.5472593476262172,0.5917312661498708,0.5872840742975054,0.5806132865189574,0.569495306888044,0.5583773272571306,0.5472593476262172
2025_26_20260425_FUL_AVL,2025_26,2026-04-25,0,0.5461741424802111,0.4724279144232616,0.5461741424802111,0.5387995196745162,0.5277375854659737,0.5093010284517363,0.49086447143749895,0.4724279144232616
2025_26_20260425_LIV_CRY,2025_26,2026-04-25,1,0.6035805626598465,0.5411290877670718,0.6035805626598465,0.597335415170569,0.5879676939366528,0.5723548252134592,0.5567419564902655,0.5411290877670718
2025_26_20260425_WHU_EVE,2025_26,2026-04-25,1,0.512,0.4367236488183895,0.512,0.504472364881839,0.49318091220459737,0.4743618244091947,0.45554273661379213,0.4367236488183895
2025_26_20260425_WOL_TOT,2025_26,2026-04-25,0,0.5643044619422573,0.5122657605278768,0.5643044619422573,0.5591005918008193,0.5512947865886622,0.5382851112350671,0.5252754358814719,0.5122657605278768
2025_26_20260427_MUN_BRE,2025_26,2026-04-27,1,0.6025641025641025,0.5607149383267946,0.6025641025641025,0.5983791861403718,0.5921018115047756,0.5816395204454485,0.5711772293861216,0.5607149383267946
2025_26_20260501_LEE_BUR,2025_26,2026-05-01,1,0.5691906005221932,0.52478746360673,0.5691906005221932,0.5647502868306469,0.5580898162933274,0.5469890320644616,0.5358882478355957,0.52478746360673
2025_26_20260502_ARS_FUL,2025_26,2026-05-02,1,0.5267379679144386,0.4544895269346298,0.5267379679144386,0.5195131238164578,0.5086758576694864,0.49061374742453423,0.472551637179582,0.4544895269346298
2025_26_20260502_BRE_WHU,2025_26,2026-05-02,1,0.5891472868217055,0.5433540015664263,0.5891472868217055,0.5845679582961776,0.5776989655078857,0.5662506441940659,0.5548023228802461,0.5433540015664263
2025_26_20260502_NEW_BRI,2025_26,2026-05-02,1,0.5590551181102362,0.4979674360092366,0.5590551181102362,0.5529463499001362,0.5437831975849864,0.5285112770597364,0.5132393565344865,0.4979674360092366
2025_26_20260502_WOL_SUN,2025_26,2026-05-02,0,0.4615384615384615,0.3644859613595542,0.4615384615384615,0.45183321152057077,0.4372753364937347,0.41301221144900785,0.388749086404281,0.3644859613595542
2025_26_20260503_AVL_TOT,2025_26,2026-05-03,1,0.5567282321899736,0.4937438287660526,0.5567282321899736,0.5504297918475815,0.5409821313339933,0.525236030478013,0.5094899296220329,0.4937438287660526
2025_26_20260503_BOU_CRY,2025_26,2026-05-03,1,0.5680628272251308,0.5024539938758563,0.5680628272251308,0.5615019438902034,0.5516606188878121,0.5352584105504936,0.518856202213175,0.5024539938758563
2025_26_20260503_MUN_LIV,2025_26,2026-05-03,1,0.6370370370370371,0.583673488054767,0.6370370370370371,0.63170068213881,0.6236961497914696,0.6103552625459021,0.5970143753003345,0.583673488054767
2025_26_20260504_CHE_NFO,2025_26,2026-05-04,1,0.5616797900262467,0.530181717579916,0.5616797900262467,0.5585299827816137,0.553805271914664,0.5459307538030813,0.5380562356914986,0.530181717579916
2025_26_20260504_EVE_MCI,2025_26,2026-05-04,1,0.5906735751295337,0.5322738221626319,0.5906735751295337,0.5848335998328436,0.5760736368878082,0.5614736986460828,0.5468737604043573,0.5322738221626319
2025_26_20260509_BRI_WOL,2025_26,2026-05-09,1,0.625,0.5483983513593649,0.625,0.6173398351359365,0.6058495878398412,0.5866991756796824,0.5675487635195237,0.5483983513593649
2025_26_20260509_FUL_BOU,2025_26,2026-05-09,0,0.6081424936386769,0.5366273145520195,0.6081424936386769,0.6009909757300111,0.5902636988670125,0.5723849040953481,0.5545061093236838,0.5366273145520195
2025_26_20260509_LIV_CHE,2025_26,2026-05-09,0,0.665083135391924,0.5922207715918616,0.665083135391924,0.6577968990119177,0.6468675444419084,0.6286519534918928,0.6104363625418772,0.5922207715918616
2025_26_20260509_MCI_BRE,2025_26,2026-05-09,1,0.684331797235023,0.6369842231505871,0.684331797235023,0.6795970398265795,0.6724949037139141,0.660658010192805,0.6488211166716961,0.6369842231505871
2025_26_20260509_SUN_MUN,2025_26,2026-05-09,0,0.5437665782493368,0.4626370621027178,0.5437665782493368,0.535653626634675,0.5234841992126821,0.5032018201760273,0.4829194411393726,0.4626370621027178
2025_26_20260510_BUR_AVL,2025_26,2026-05-10,1,0.5514511873350924,0.5211849853458685,0.5514511873350924,0.5484245671361699,0.5438846368377863,0.5363180863404804,0.5287515358431745,0.5211849853458685
2025_26_20260510_CRY_EVE,2025_26,2026-05-10,1,0.4693333333333332,0.3821568569552839,0.4693333333333332,0.4606156856955283,0.4475392142388209,0.4257450951443086,0.40395097604979624,0.3821568569552839
2025_26_20260510_NFO_NEW,2025_26,2026-05-10,0,0.5476190476190476,0.4401911096576926,0.5476190476190476,0.536876253822912,0.5207620631287089,0.4939050786383701,0.4670480941480313,0.4401911096576926
2025_26_20260510_WHU_ARS,2025_26,2026-05-10,0,0.5680628272251308,0.5163832941309013,0.5680628272251308,0.5628948739157078,0.5551429439515734,0.5422230606780161,0.5293031774044588,0.5163832941309013
2025_26_20260511_TOT_LEE,2025_26,2026-05-11,0,0.5514511873350924,0.4747681994888288,0.5514511873350924,0.543782888550466,0.5322804403735264,0.5131096934119606,0.4939389464503947,0.4747681994888288
2025_26_20260513_MCI_CRY,2025_26,2026-05-13,1,0.6698113207547169,0.5811832121475115,0.6698113207547169,0.6609485098939964,0.6476542936029155,0.6254972664511143,0.6033402392993128,0.5811832121475115
2025_26_20260515_AVL_LIV,2025_26,2026-05-15,1,0.5590551181102362,0.4915957693676825,0.5590551181102362,0.5523091832359808,0.5421902809245979,0.5253254437389594,0.5084606065533209,0.4915957693676825
2025_26_20260517_BRE_CRY,2025_26,2026-05-17,1,0.5691906005221932,0.4865113364525775,0.5691906005221932,0.5609226741152317,0.5485207845047892,0.5278509684873853,0.5071811524699814,0.4865113364525775
2025_26_20260517_EVE_SUN,2025_26,2026-05-17,1,0.4973262032085561,0.3799621845563967,0.4973262032085561,0.4855898013433401,0.46798519854551623,0.4386441938824764,0.40930318921943654,0.3799621845563967
2025_26_20260517_LEE_BRI,2025_26,2026-05-17,0,0.5669291338582677,0.4685414251097447,0.5669291338582677,0.5570903629834154,0.542332206671137,0.5177352794840062,0.4931383522968754,0.4685414251097447
2025_26_20260517_MUN_NFO,2025_26,2026-05-17,1,0.596401028277635,0.5214338870288898,0.596401028277635,0.5889043141527606,0.5776592429654487,0.5589174576532624,0.5401756723410761,0.5214338870288898
2025_26_20260517_NEW_WHU,2025_26,2026-05-17,1,0.6370370370370371,0.5970487422680684,0.6370370370370371,0.6330382075601402,0.627039963344795,0.6170428896525527,0.6070458159603105,0.5970487422680684
2025_26_20260517_WOL_FUL,2025_26,2026-05-17,0,0.5567282321899736,0.5207489144365066,0.5567282321899736,0.5531303004146269,0.5477334027516069,0.5387385733132402,0.5297437438748733,0.5207489144365066
2025_26_20260518_ARS_BUR,2025_26,2026-05-18,0,0.7057522123893805,0.6617948024175129,0.7057522123893805,0.7013564713921937,0.6947628598964136,0.6837735074034467,0.6727841549104798,0.6617948024175129
2025_26_20260519_BOU_MCI,2025_26,2026-05-19,0,0.6635071090047394,0.6318193647138877,0.6635071090047394,0.6603383345756543,0.6555851729320264,0.6476632368593136,0.6397413007866006,0.6318193647138877
2025_26_20260519_CHE_TOT,2025_26,2026-05-19,1,0.5564304461942258,0.5406715454413362,0.5564304461942258,0.5548545561189367,0.5524907210060034,0.548550995817781,0.5446112706295586,0.5406715454413362
2025_26_20260524_BRI_MUN,2025_26,2026-05-24,1,0.6403940886699507,0.5973061668667009,0.6403940886699507,0.6360852964896258,0.6296221082191383,0.6188501277683258,0.6080781473175133,0.5973061668667009
2025_26_20260524_BUR_WOL,2025_26,2026-05-24,0,0.5476190476190476,0.4984118645244147,0.5476190476190476,0.5426983293095843,0.5353172518453894,0.5230154560717312,0.510713660298073,0.4984118645244147
2025_26_20260524_CRY_ARS,2025_26,2026-05-24,1,0.5755208333333334,0.5489143769820868,0.5755208333333334,0.5728601876982088,0.5688692192455217,0.5622176051577101,0.5555659910698985,0.5489143769820868
2025_26_20260524_FUL_NEW,2025_26,2026-05-24,0,0.5844155844155844,0.549005077589726,0.5844155844155844,0.5808745337329986,0.5755629577091198,0.5667103310026552,0.5578577042961906,0.549005077589726
2025_26_20260524_LIV_BRE,2025_26,2026-05-24,0,0.6336633663366337,0.5740520176103221,0.6336633663366337,0.6277022314640026,0.6187605291550557,0.6038576919734779,0.5889548547919,0.5740520176103221
2025_26_20260524_MCI_AVL,2025_26,2026-05-24,1,0.7237687366167023,0.6472902704014089,0.7237687366167023,0.716120889995173,0.7046491200628788,0.6855295035090556,0.6664098869552322,0.6472902704014089
2025_26_20260524_NFO_BOU,2025_26,2026-05-24,0,0.6,0.5041802767358241,0.6,0.5904180276735824,0.576045069183956,0.552090138367912,0.528135207551868,0.5041802767358241
2025_26_20260524_SUN_CHE,2025_26,2026-05-24,1,0.5411140583554377,0.4779835354144687,0.5411140583554377,0.5348010060613408,0.5253314276201955,0.5095487968849532,0.4937661661497109,0.4779835354144687
2025_26_20260524_TOT_EVE,2025_26,2026-05-24,0,0.5398936170212765,0.4341036809515924,0.5398936170212765,0.529314623414308,0.5134461330038554,0.4869986489864344,0.46055116496901344,0.4341036809515924
2025_26_20260524_WHU_LEE,2025_26,2026-05-24,1,0.5718015665796344,0.5099108767372176,0.5718015665796344,0.5656124975953928,0.5563288941190302,0.5408562216584261,0.5253835491978218,0.5099108767372176
