match_id,season,date,home_team_id,away_team_id,target_over25,market_over_probability,feature_over_probability,v06_over_probability,market_over_odds,market_overround,model_version,probability_edge,expected_value,flat_stake_profit,edge_bucket
2016_17_20160813_BUR_SWA,2016_17,2016-08-13,BUR,SWA,0,0.411764705882353,0.5060651253518573,0.4378222432262214,2.3,1.0559006211180124,V0.6,0.026057537343868398,0.006991159420309145,-1.0,2.5% to 5%
2016_17_20160813_CRY_WBA,2016_17,2016-08-13,CRY,WBA,0,0.3781094527363184,0.4661209622558171,0.3855045899370324,2.5,1.0578947368421052,V0.6,0.007395137200713997,-0.03623852515741899,-1.0,0% to 2.5%
2016_17_20160813_EVE_TOT,2016_17,2016-08-13,EVE,TOT,0,0.4633507853403141,0.5743337475932971,0.5438952289238574,2.05,1.05277662946121,V0.6,0.08054444358354335,0.11498521929390759,-1.0,5% to 10%
2016_17_20160813_HUL_LEI,2016_17,2016-08-13,HUL,LEI,1,0.4326424870466321,0.4746242813131659,0.4254064143522078,2.19,1.055423399775791,V0.6,-0.007236072694424334,-0.068359952568665,1.19,-2.5% to 0%
2016_17_20160813_MCI_SUN,2016_17,2016-08-13,MCI,SUN,1,0.6184538653366584,0.6071119391390623,0.6672769861725324,1.53,1.056820577693443,V0.6,0.048823120835874034,0.020933788843974677,0.53,2.5% to 5%
2016_17_20160813_MID_STK,2016_17,2016-08-13,MID,STK,0,0.3834586466165413,0.5465764041565128,0.4094468833211515,2.46,1.0600988362824806,V0.6,0.0259882367046102,0.0072393329700326525,-1.0,2.5% to 5%
2016_17_20160813_SOU_WAT,2016_17,2016-08-13,SOU,WAT,0,0.4593175853018373,0.6289676587320422,0.5302311830814065,2.06,1.056865464632455,V0.6,0.07091359777956918,0.09227623714769728,-1.0,5% to 10%
2016_17_20160814_ARS_LIV,2016_17,2016-08-14,ARS,LIV,1,0.5236842105263159,0.4239832751046271,0.4270150849969496,1.81,1.054998750659374,V0.6,-0.09666912552936624,-0.22710269615552114,0.81,-10% to -5%
2016_17_20160814_BOU_MUN,2016_17,2016-08-14,BOU,MUN,1,0.4619422572178477,0.5382044865980338,0.5209761099722586,2.05,1.0559866962305988,V0.6,0.05903385275441092,0.06800102544313003,1.0499999999999998,5% to 10%
2016_17_20160815_CHE_WHU,2016_17,2016-08-15,CHE,WHU,1,0.5275590551181102,0.6352681436696304,0.6472515421532992,1.8,1.053067993366501,V0.6,0.11969248703518898,0.16505277587593858,0.8,> 10%
2016_17_20160819_MUN_SOU,2016_17,2016-08-19,MUN,SOU,0,0.4894736842105264,0.6958103246989208,0.6974504650520198,1.94,1.0530983261279236,V0.6,0.2079767808414934,0.3530539022009185,-1.0,> 10%
2016_17_20160820_BUR_LIV,2016_17,2016-08-20,BUR,LIV,0,0.5092348284960422,0.4025587312429698,0.4759041431420414,1.86,1.0557691236280573,V0.6,-0.0333306853540008,-0.11481829375580299,-1.0,-5% to -2.5%
2016_17_20160820_LEI_ARS,2016_17,2016-08-20,LEI,ARS,0,0.5610389610389611,0.5132157107073457,0.5491500496767052,1.69,1.054678939294324,V0.6,-0.011888911362255894,-0.07193641604636825,-1.0,-2.5% to 0%
2016_17_20160820_STK_MCI,2016_17,2016-08-20,STK,MCI,1,0.5380577427821522,0.5353766032082351,0.5728017321928394,1.76,1.0559866962305988,V0.6,0.034743989410687126,0.008131048659397289,0.76,2.5% to 5%
2016_17_20160820_SWA_HUL,2016_17,2016-08-20,SWA,HUL,0,0.4237726098191214,0.478685948687721,0.3864300452383669,2.23,1.0581865908345185,V0.6,-0.03734256458075452,-0.1382609991184418,-1.0,-5% to -2.5%
2016_17_20160820_TOT_CRY,2016_17,2016-08-20,TOT,CRY,0,0.5354330708661418,0.5438064085804667,0.5621722458506068,1.77,1.055167829843802,V0.6,0.026739174984464986,-0.004955124844426062,-1.0,2.5% to 5%
2016_17_20160820_WAT_CHE,2016_17,2016-08-20,WAT,CHE,1,0.4554973821989528,0.5246196711324917,0.4792076551202856,2.08,1.0554818744473915,V0.6,0.02371027292133282,-0.0032480773498058113,1.08,0% to 2.5%
2016_17_20160820_WBA_EVE,2016_17,2016-08-20,WBA,EVE,1,0.3974683544303797,0.6191375314274824,0.5468223931563228,2.38,1.0571107423861263,V0.6,0.14935403872594305,0.30143729571204814,1.38,> 10%
2016_17_20160821_SUN_MID,2016_17,2016-08-21,SUN,MID,1,0.3974683544303797,0.3635061051857629,0.2922161354061373,2.38,1.0571107423861263,V0.6,-0.10525221902424242,-0.30452559773339327,1.38,< -10%
2016_17_20160821_WHU_BOU,2016_17,2016-08-21,WHU,BOU,0,0.531578947368421,0.6327175503775361,0.6110274821167871,1.78,1.0568472577594838,V0.6,0.0794485347483661,0.0876289181678811,-1.0,5% to 10%
2016_17_20160827_CHE_BUR,2016_17,2016-08-27,CHE,BUR,1,0.5485564304461943,0.4058594632224095,0.4299307201605252,1.72,1.0598642483587404,V0.6,-0.1186257102856691,-0.26051916132389663,0.72,< -10%
2016_17_20160827_CRY_BOU,2016_17,2016-08-27,CRY,BOU,0,0.4375,0.6606819941224502,0.6122766124065375,2.16,1.058201058201058,V0.6,0.17477661240653752,0.3225174827981212,-1.0,> 10%
2016_17_20160827_EVE_STK,2016_17,2016-08-27,EVE,STK,0,0.4814814814814815,0.7503235257016813,0.706250215274298,1.96,1.0596546310832025,V0.6,0.22476873379281648,0.38425042193762393,-1.0,> 10%
2016_17_20160827_HUL_MUN,2016_17,2016-08-27,HUL,MUN,0,0.4775725593667546,0.6846676839233898,0.6312681316926132,1.98,1.057536692895809,V0.6,0.15369557232585862,0.24991090075137423,-1.0,> 10%
2016_17_20160827_LEI_SWA,2016_17,2016-08-27,LEI,SWA,1,0.4566929133858268,0.7054587469772429,0.6549427125588817,2.07,1.0578044311177743,V0.6,0.1982497991730549,0.3557314149968851,1.0699999999999998,> 10%
2016_17_20160827_SOU_SUN,2016_17,2016-08-27,SOU,SUN,0,0.4540682414698162,0.5397451514432706,0.4344486239294714,2.08,1.0588039128501556,V0.6,-0.019619617540344803,-0.09634686222669941,-1.0,-2.5% to 0%
2016_17_20160827_TOT_LIV,2016_17,2016-08-27,TOT,LIV,0,0.5394736842105263,0.60078691584209,0.5652404119954951,1.75,1.059233449477352,V0.6,0.0257667277849688,-0.010829279007883552,-1.0,2.5% to 5%
2016_17_20160827_WAT_ARS,2016_17,2016-08-27,WAT,ARS,1,0.4947089947089948,0.5140174065457577,0.4821475185647164,1.91,1.0583195677128536,V0.6,-0.012561476144278438,-0.07909823954139172,0.9099999999999999,-2.5% to 0%
2016_17_20160828_MCI_WHU,2016_17,2016-08-28,MCI,WHU,1,0.6330049261083743,0.5632517377029186,0.5701881044645992,1.49,1.0602459979630745,V0.6,-0.06281682164377511,-0.1504197243477472,0.49,-10% to -5%
2016_17_20160828_WBA_MID,2016_17,2016-08-28,WBA,MID,0,0.3669950738916256,0.4890634685098934,0.3565192022965525,2.57,1.0602459979630745,V0.6,-0.010475871595073127,-0.08374565009786017,-1.0,-2.5% to 0%
2016_17_20160910_ARS_SOU,2016_17,2016-09-10,ARS,SOU,1,0.5301837270341206,0.5496880595898682,0.571873305866411,1.79,1.05370872282759,V0.6,0.04168957883229041,0.0236532175008759,0.79,2.5% to 5%
2016_17_20160910_BOU_WBA,2016_17,2016-09-10,BOU,WBA,0,0.3959390862944162,0.553135278296407,0.4615010243357842,2.38,1.0611937082525318,V0.6,0.065561938041368,0.09837243791916639,-1.0,5% to 10%
2016_17_20160910_BUR_HUL,2016_17,2016-09-10,BUR,HUL,0,0.3914141414141414,0.4241933317828379,0.3298120838798397,2.41,1.0600990496586802,V0.6,-0.0616020575343017,-0.20515287784958636,-1.0,-10% to -5%
2016_17_20160910_LIV_LEI,2016_17,2016-09-10,LIV,LEI,1,0.5418848167539266,0.4338793819503291,0.4651401231547125,1.75,1.054520358868185,V0.6,-0.07674469359921415,-0.18600478447925317,0.75,-10% to -5%
2016_17_20160910_MID_CRY,2016_17,2016-09-10,MID,CRY,1,0.38,0.50413342325588,0.3883686705558473,2.48,1.0611205432937183,V0.6,0.00836867055584728,-0.03684569702149876,1.48,0% to 2.5%
2016_17_20160910_MUN_MCI,2016_17,2016-09-10,MUN,MCI,1,0.4528795811518324,0.5956873310119973,0.5194030021399995,2.09,1.0565035816024562,V0.6,0.06652342098816705,0.08555227447259872,1.0899999999999999,5% to 10%
2016_17_20160910_STK_TOT,2016_17,2016-09-10,STK,TOT,1,0.4881266490765172,0.4102745084160876,0.3994127664947218,1.94,1.0560044580663135,V0.6,-0.08871388258179541,-0.22513923300023975,0.94,-10% to -5%
2016_17_20160910_WHU_WAT,2016_17,2016-09-10,WHU,WAT,1,0.4763157894736842,0.6164769529030074,0.5787810566545307,1.99,1.054998750659374,V0.6,0.10246526718084653,0.15177430274251624,0.99,> 10%
2016_17_20160911_SWA_CHE,2016_17,2016-09-11,SWA,CHE,1,0.5210526315789473,0.5581905868734646,0.6028437147270623,1.82,1.0545010545010545,V0.6,0.081791083148115,0.0971755608032534,0.8200000000000001,5% to 10%
2016_17_20160912_SUN_EVE,2016_17,2016-09-12,SUN,EVE,1,0.4788359788359788,0.5147119384746188,0.4668153209122383,1.97,1.0601004010432735,V0.6,-0.012020657923740463,-0.08037381780289055,0.97,-2.5% to 0%
2016_17_20160916_CHE_LIV,2016_17,2016-09-16,CHE,LIV,1,0.5483028720626633,0.5081047876295646,0.5383049070421901,1.73,1.054225158271401,V0.6,-0.00999796502047312,-0.06873251081701104,0.73,-2.5% to 0%
2016_17_20160917_EVE_MID,2016_17,2016-09-17,EVE,MID,1,0.4763157894736842,0.4496578746914781,0.4628616123518912,1.99,1.054998750659374,V0.6,-0.013454177121792976,-0.07890539141973651,0.99,-2.5% to 0%
2016_17_20160917_HUL_ARS,2016_17,2016-09-17,HUL,ARS,1,0.5065963060686015,0.583793773211173,0.5992175900654969,1.87,1.0555926916221037,V0.6,0.0926212839968954,0.12053689342247931,0.8700000000000001,5% to 10%
2016_17_20160917_LEI_BUR,2016_17,2016-09-17,LEI,BUR,1,0.5118733509234827,0.6008629567260569,0.6203189714641382,1.85,1.0560044580663135,V0.6,0.10844562054065543,0.14759009720865568,0.8500000000000001,> 10%
2016_17_20160917_MCI_BOU,2016_17,2016-09-17,MCI,BOU,1,0.6363636363636365,0.5724952639570883,0.6004954254281173,1.48,1.0617760617760617,V0.6,-0.035868210935519174,-0.11126677036638644,0.48,-5% to -2.5%
2016_17_20160917_WBA_WHU,2016_17,2016-09-17,WBA,WHU,1,0.4289405684754521,0.5034184796912391,0.4668750422855016,2.21,1.0548983263370224,V0.6,0.037934473810049496,0.03179384345095859,1.21,2.5% to 5%
2016_17_20160918_CRY_STK,2016_17,2016-09-18,CRY,STK,1,0.4412532637075718,0.6959915463951261,0.6458498779795173,2.14,1.0590056959575291,V0.6,0.20459661427194553,0.3821187388761671,1.1400000000000001,> 10%
2016_17_20160918_SOU_SWA,2016_17,2016-09-18,SOU,SWA,0,0.4710526315789474,0.5315208805235762,0.4805745483402316,2.01,1.0561716556880405,V0.6,0.009521916761284221,-0.0340451578361346,-1.0,0% to 2.5%
2016_17_20160918_TOT_SUN,2016_17,2016-09-18,TOT,SUN,0,0.5699481865284974,0.4261676956622444,0.4540360213544727,1.66,1.0569550930996714,V0.6,-0.11591216517402475,-0.24630020455157542,-1.0,< -10%
2016_17_20160918_WAT_MUN,2016_17,2016-09-18,WAT,MUN,1,0.503957783641161,0.4786209414309029,0.4930438050085897,1.88,1.055475103041105,V0.6,-0.010913978632571264,-0.07307764658385141,0.8799999999999999,-2.5% to 0%
2016_17_20160924_ARS_CHE,2016_17,2016-09-24,ARS,CHE,1,0.5392670157068064,0.5823563097344334,0.5988899113594602,1.76,1.0536187113857016,V0.6,0.059622895652653884,0.05404624399265012,0.76,5% to 10%
2016_17_20160924_BOU_EVE,2016_17,2016-09-24,BOU,EVE,0,0.4960422163588391,0.6570117295774935,0.6811607316126411,1.91,1.055475103041105,V0.6,0.18511851525380202,0.3010169973801444,-1.0,> 10%
2016_17_20160924_LIV_HUL,2016_17,2016-09-24,LIV,HUL,1,0.6130653266331658,0.5111251344940612,0.5697107522411369,1.54,1.0591867149244198,V0.6,-0.043354574392028944,-0.1226454415486492,0.54,-5% to -2.5%
2016_17_20160924_MID_TOT,2016_17,2016-09-24,MID,TOT,1,0.4464751958224543,0.5353286188530454,0.4978546759849099,2.12,1.056493434844974,V0.6,0.05137948016245558,0.05545191308800912,1.12,5% to 10%
2016_17_20160924_MUN_LEI,2016_17,2016-09-24,MUN,LEI,1,0.5105263157894737,0.4550782965871039,0.466005615012361,1.86,1.0530983261279236,V0.6,-0.04452070077711273,-0.13322955607700848,0.8600000000000001,-5% to -2.5%
2016_17_20160924_STK_WBA,2016_17,2016-09-24,STK,WBA,0,0.4415584415584415,0.6265895282092274,0.6348275430726068,2.15,1.0533515731874146,V0.6,0.19326910151416532,0.36487921760610464,-1.0,> 10%
2016_17_20160924_SUN_CRY,2016_17,2016-09-24,SUN,CRY,1,0.4528795811518324,0.5580089894850457,0.5416909185675921,2.09,1.0565035816024562,V0.6,0.0888113374157597,0.1321340198062675,1.0899999999999999,5% to 10%
2016_17_20160924_SWA_MCI,2016_17,2016-09-24,SWA,MCI,1,0.5979643765903307,0.6671647516196657,0.7311774684542477,1.58,1.0584433072986803,V0.6,0.13321309186391694,0.15526040015771136,0.5800000000000001,> 10%
2016_17_20160925_WHU_SOU,2016_17,2016-09-25,WHU,SOU,1,0.4921052631578948,0.4299538539334969,0.4281028795844965,1.93,1.0528940733146768,V0.6,-0.06400238357339832,-0.17376144240192182,0.9299999999999999,-10% to -5%
2016_17_20160926_BUR_WAT,2016_17,2016-09-26,BUR,WAT,0,0.4263565891472868,0.665810277021857,0.6189702100420157,2.22,1.0565110565110565,V0.6,0.1926136208947289,0.37411386629327503,-1.0,> 10%
2016_17_20160930_EVE_CRY,2016_17,2016-09-30,EVE,CRY,0,0.5366492146596858,0.642031807118968,0.7008650971617947,1.77,1.05277662946121,V0.6,0.16421588250210883,0.24053122197637666,-1.0,> 10%
2016_17_20161001_HUL_CHE,2016_17,2016-10-01,HUL,CHE,0,0.5509138381201044,0.4633569164916916,0.5331439790256182,1.72,1.055328998126309,V0.6,-0.01776985909448625,-0.0829923560759368,-1.0,-2.5% to 0%
2016_17_20161001_SUN_WBA,2016_17,2016-10-01,SUN,WBA,0,0.4215938303341903,0.4787425779951405,0.456420865266871,2.25,1.05420054200542,V0.6,0.03482703493268069,0.02694694685045973,-1.0,2.5% to 5%
2016_17_20161001_SWA_LIV,2016_17,2016-10-01,SWA,LIV,1,0.6095717884130982,0.6072788249414288,0.6787886527618097,1.55,1.0583844308184485,V0.6,0.06921686434871144,0.05212241178080501,0.55,5% to 10%
2016_17_20161001_WAT_BOU,2016_17,2016-10-01,WAT,BOU,1,0.4750656167979003,0.5198342351145184,0.5264300086257327,2.0,1.0524861878453038,V0.6,0.05136439182783242,0.052860017251465496,1.0,5% to 10%
2016_17_20161001_WHU_MID,2016_17,2016-10-01,WHU,MID,0,0.4543080939947781,0.5748865630861189,0.5488064587799212,2.09,1.053181543199692,V0.6,0.09449836478514306,0.1470054988500351,-1.0,5% to 10%
2016_17_20161002_BUR_ARS,2016_17,2016-10-02,BUR,ARS,0,0.5546875,0.5583152933998099,0.6269544127725706,1.71,1.054278889712544,V0.6,0.07226691277257058,0.07209204584109563,-1.0,5% to 10%
2016_17_20161002_LEI_SOU,2016_17,2016-10-02,LEI,SOU,0,0.4554973821989528,0.5079231376587454,0.4497118791962245,2.08,1.0554818744473915,V0.6,-0.005785503002728287,-0.06459929127185293,-1.0,-2.5% to 0%
2016_17_20161002_MUN_STK,2016_17,2016-10-02,MUN,STK,0,0.5721649484536083,0.5385460190208037,0.6075735062263926,1.66,1.052860089004667,V0.6,0.03540855777278429,0.008572020335811725,-1.0,2.5% to 5%
2016_17_20161002_TOT_MCI,2016_17,2016-10-02,TOT,MCI,0,0.5456919060052219,0.7528470808066755,0.7810990121212131,1.74,1.053181543199692,V0.6,0.23540710611599125,0.35911228109091087,-1.0,> 10%
2016_17_20161015_ARS_SWA,2016_17,2016-10-15,ARS,SWA,1,0.628992628992629,0.3926337600406058,0.5140541067478062,1.51,1.0528766556291391,V0.6,-0.11493852224482282,-0.22377829881081268,0.51,< -10%
2016_17_20161015_BOU_HUL,2016_17,2016-10-15,BOU,HUL,1,0.4712041884816754,0.3660037544816104,0.4088255518294611,2.02,1.0506050605060506,V0.6,-0.06237863665221427,-0.17417238530448853,1.02,-10% to -5%
2016_17_20161015_CHE_LEI,2016_17,2016-10-15,CHE,LEI,1,0.5621761658031088,0.5113448430662013,0.5758109075149155,1.69,1.052545469418919,V0.6,0.013634741711806675,-0.026879566299792823,0.69,0% to 2.5%
2016_17_20161015_CRY_WHU,2016_17,2016-10-15,CRY,WHU,0,0.5209424083769634,0.5108444500013605,0.5669001469786504,1.83,1.0489606502457642,V0.6,0.04595773860168706,0.037427268970930294,-1.0,2.5% to 5%
2016_17_20161015_MCI_EVE,2016_17,2016-10-15,MCI,EVE,0,0.6169154228855721,0.6143000530202527,0.6965639770391945,1.54,1.0525764558022623,V0.6,0.07964855415362238,0.0727085246403596,-1.0,5% to 10%
2016_17_20161015_STK_SUN,2016_17,2016-10-15,STK,SUN,0,0.4698162729658792,0.4348849821854237,0.4451815485732771,2.02,1.05370872282759,V0.6,-0.024634724392602114,-0.10073327188198034,-1.0,-2.5% to 0%
2016_17_20161015_WBA_TOT,2016_17,2016-10-15,WBA,TOT,0,0.4659685863874345,0.623310163549954,0.6390427963839133,2.04,1.0519938312403614,V0.6,0.17307420999647877,0.3036473046231831,-1.0,> 10%
2016_17_20161016_MID_WAT,2016_17,2016-10-16,MID,WAT,0,0.4158163265306122,0.6619805251544963,0.6565193706850203,2.29,1.0501781552227611,V0.6,0.24070304415440813,0.5034293588686964,-1.0,> 10%
2016_17_20161016_SOU_BUR,2016_17,2016-10-16,SOU,BUR,1,0.5039370078740157,0.4894538742983177,0.5648903800318672,1.89,1.0499338624338626,V0.6,0.06095337215785146,0.06764281826022889,0.8899999999999999,5% to 10%
2016_17_20161017_LIV_MUN,2016_17,2016-10-17,LIV,MUN,0,0.5354330708661418,0.423394314569103,0.4297416104266188,1.77,1.055167829843802,V0.6,-0.10569146043952299,-0.23935734954488475,-1.0,< -10%
2016_17_20161022_ARS_MID,2016_17,2016-10-22,ARS,MID,0,0.5798969072164949,0.4122878082300693,0.4470525631689676,1.63,1.057941376959782,V0.6,-0.13284434404752732,-0.2713043220345829,-1.0,< -10%
2016_17_20161022_BOU_TOT,2016_17,2016-10-22,BOU,TOT,0,0.5275590551181102,0.5580943612335405,0.6064485636972808,1.8,1.053067993366501,V0.6,0.07888950857917065,0.09160741465510558,-1.0,5% to 10%
2016_17_20161022_BUR_EVE,2016_17,2016-10-22,BUR,EVE,1,0.4566929133858268,0.4708670940251397,0.4460134832834009,2.07,1.0578044311177743,V0.6,-0.01067943010242589,-0.07675208960336022,1.0699999999999998,-2.5% to 0%
2016_17_20161022_HUL_STK,2016_17,2016-10-22,HUL,STK,0,0.4645669291338583,0.4440734997452346,0.4477061944067169,2.04,1.055167829843802,V0.6,-0.01686073472714139,-0.08667936341029758,-1.0,-2.5% to 0%
2016_17_20161022_LEI_CRY,2016_17,2016-10-22,LEI,CRY,1,0.4763157894736842,0.764257184255975,0.7474254647682917,1.99,1.054998750659374,V0.6,0.27110967529460755,0.4873766748889006,0.99,> 10%
2016_17_20161022_LIV_WBA,2016_17,2016-10-22,LIV,WBA,1,0.5824742268041238,0.4700158968997166,0.5147015970019608,1.62,1.0597618267234783,V0.6,-0.06777262980216292,-0.16618341285682336,0.6200000000000001,-10% to -5%
2016_17_20161022_SWA_WAT,2016_17,2016-10-22,SWA,WAT,0,0.4907651715039578,0.6692192789456904,0.6696119634556778,1.93,1.0557691236280573,V0.6,0.17884679195171993,0.2923510894694581,-1.0,> 10%
2016_17_20161022_WHU_SUN,2016_17,2016-10-22,WHU,SUN,0,0.5275590551181102,0.4989516266040483,0.5373545333763535,1.8,1.053067993366501,V0.6,0.00979547825824334,-0.03276183992256365,-1.0,0% to 2.5%
2016_17_20161023_CHE_MUN,2016_17,2016-10-23,CHE,MUN,1,0.4581151832460733,0.4616949905466181,0.4269411807018625,2.07,1.054520358868185,V0.6,-0.03117400254421082,-0.11623175594714474,1.0699999999999998,-5% to -2.5%
2016_17_20161023_MCI_SOU,2016_17,2016-10-23,MCI,SOU,0,0.5699481865284974,0.5980182899873229,0.620631118149383,1.66,1.0569550930996714,V0.6,0.05068293162088555,0.030247656127975642,-1.0,5% to 10%
2016_17_20161029_CRY_LIV,2016_17,2016-10-29,CRY,LIV,1,0.5418848167539266,0.5397743367265604,0.5886980844361801,1.75,1.054520358868185,V0.6,0.04681326768225347,0.030221647763315262,0.75,2.5% to 5%
2016_17_20161029_MID_BOU,2016_17,2016-10-29,MID,BOU,0,0.4215938303341903,0.5933776704711995,0.5808736184797522,2.25,1.05420054200542,V0.6,0.15927978814556187,0.3069656415794424,-1.0,> 10%
2016_17_20161029_MUN_BUR,2016_17,2016-10-29,MUN,BUR,0,0.5535248041775457,0.5913573552819384,0.6343234074069531,1.71,1.056493434844974,V0.6,0.08079860322940746,0.08469302666588985,-1.0,5% to 10%
2016_17_20161029_SUN_ARS,2016_17,2016-10-29,SUN,ARS,1,0.5943877551020408,0.5161278053328515,0.6020154216822102,1.59,1.0581153669662862,V0.6,0.007627666580169445,-0.04279547952528573,0.5900000000000001,0% to 2.5%
2016_17_20161029_TOT_LEI,2016_17,2016-10-29,TOT,LEI,0,0.5224274406332454,0.6732224152329538,0.6614119617177407,1.81,1.057536692895809,V0.6,0.13898452108449533,0.19715565070911079,-1.0,> 10%
2016_17_20161029_WAT_HUL,2016_17,2016-10-29,WAT,HUL,0,0.4607329842931937,0.3528590805160814,0.3340616829800991,2.06,1.0536187113857016,V0.6,-0.12667130131309462,-0.3118329330609959,-1.0,< -10%
2016_17_20161029_WBA_MCI,2016_17,2016-10-29,WBA,MCI,1,0.5289473684210526,0.4493633806632468,0.4826880750091618,1.79,1.0561716556880405,V0.6,-0.046259293411890834,-0.1359883457336004,0.79,-5% to -2.5%
2016_17_20161030_EVE_WHU,2016_17,2016-10-30,EVE,WHU,0,0.5572916666666667,0.5882286560561345,0.6262493435080394,1.7,1.0555250137438152,V0.6,0.06895767684137266,0.06462388396366703,-1.0,5% to 10%
2016_17_20161030_SOU_CHE,2016_17,2016-10-30,SOU,CHE,0,0.4776902887139108,0.5420859887584148,0.5468947045492992,1.99,1.0519631122646196,V0.6,0.06920441583538844,0.08832046205310551,-1.0,5% to 10%
2016_17_20161031_STK_SWA,2016_17,2016-10-31,STK,SWA,1,0.5092348284960422,0.4300322330832804,0.4669426366957143,1.86,1.0557691236280573,V0.6,-0.042292191800327894,-0.13148669574597138,0.8600000000000001,-5% to -2.5%
2016_17_20161105_BOU_SUN,2016_17,2016-11-05,BOU,SUN,1,0.5354330708661418,0.4625712159267088,0.5166124273173248,1.77,1.055167829843802,V0.6,-0.018820643548816962,-0.08559600364833508,0.77,-2.5% to 0%
2016_17_20161105_BUR_CRY,2016_17,2016-11-05,BUR,CRY,1,0.4363636363636364,0.4797528261146837,0.4444464805927458,2.17,1.0560675883256527,V0.6,0.008082844229109376,-0.03555113711374169,1.17,0% to 2.5%
2016_17_20161105_CHE_EVE,2016_17,2016-11-05,CHE,EVE,1,0.5647668393782384,0.3076663987761728,0.3700709642141543,1.68,1.0539536915683705,V0.6,-0.19469587516408404,-0.3782807801202208,0.6799999999999999,< -10%
2016_17_20161105_MCI_MID,2016_17,2016-11-05,MCI,MID,0,0.6320987654320989,0.5429998459483725,0.5984411130288599,1.49,1.0617659395973154,V0.6,-0.033657652403238925,-0.10832274158699873,-1.0,-5% to -2.5%
2016_17_20161105_WHU_STK,2016_17,2016-11-05,WHU,STK,0,0.5483028720626633,0.7795064575237777,0.8320616422823518,1.73,1.054225158271401,V0.6,0.28375877021968854,0.4394666411484687,-1.0,> 10%
2016_17_20161106_ARS_TOT,2016_17,2016-11-06,ARS,TOT,0,0.5392670157068064,0.3689064855699234,0.3979346164326877,1.76,1.0536187113857016,V0.6,-0.14133239927411867,-0.29963507507846965,-1.0,< -10%
2016_17_20161106_HUL_SOU,2016_17,2016-11-06,HUL,SOU,1,0.4516971279373368,0.4500715075101915,0.4721706544791569,2.1,1.054225158271401,V0.6,0.02047352654182011,-0.008441625593770485,1.1,0% to 2.5%
2016_17_20161106_LEI_WBA,2016_17,2016-11-06,LEI,WBA,1,0.4427083333333333,0.5850724954098014,0.5404929846686827,2.14,1.0555250137438152,V0.6,0.09778465133534936,0.15665498719098103,1.1400000000000001,5% to 10%
2016_17_20161106_LIV_WAT,2016_17,2016-11-06,LIV,WAT,1,0.6130653266331658,0.4005648964945438,0.4562165688447572,1.54,1.0591867149244198,V0.6,-0.15684875778840862,-0.2974264839790739,0.54,< -10%
2016_17_20161106_SWA_MUN,2016_17,2016-11-06,SWA,MUN,1,0.5301837270341206,0.4667512200918775,0.5396887639239701,1.79,1.05370872282759,V0.6,0.009505036889849494,-0.03395711257609346,0.79,0% to 2.5%
2016_17_20161119_CRY_MCI,2016_17,2016-11-19,CRY,MCI,1,0.598984771573604,0.3372013112625572,0.4102920805236921,1.58,1.0566402059643851,V0.6,-0.18869269104991188,-0.3517385127725665,0.5800000000000001,< -10%
2016_17_20161119_EVE_SWA,2016_17,2016-11-19,EVE,SWA,0,0.5621761658031088,0.6368121002628409,0.7067569074508321,1.69,1.052545469418919,V0.6,0.14458074164772328,0.19441917359190608,-1.0,> 10%
2016_17_20161119_MUN_ARS,2016_17,2016-11-19,MUN,ARS,0,0.4750656167979003,0.4756984100352151,0.4738141784209795,2.0,1.0524861878453038,V0.6,-0.0012514383769208215,-0.05237164315804099,-1.0,-2.5% to 0%
2016_17_20161119_SOU_LIV,2016_17,2016-11-19,SOU,LIV,0,0.5170603674540682,0.6759923438228596,0.7097380567568783,1.84,1.0510924740675347,V0.6,0.19267768930281004,0.30591802443265603,-1.0,> 10%
2016_17_20161119_STK_BOU,2016_17,2016-11-19,STK,BOU,0,0.5052631578947367,0.4947424645032747,0.5570187633379418,1.88,1.0527482269503547,V0.6,0.05175560544320501,0.04719527507533039,-1.0,5% to 10%
2016_17_20161119_SUN_HUL,2016_17,2016-11-19,SUN,HUL,1,0.4378238341968911,0.5233274088270274,0.5162447128256913,2.17,1.052545469418919,V0.6,0.0784208786288002,0.12025102683175004,1.17,5% to 10%
2016_17_20161119_TOT_WHU,2016_17,2016-11-19,TOT,WHU,1,0.5546875,0.6866477928281771,0.7340965647876605,1.71,1.054278889712544,V0.6,0.1794090647876605,0.25530512578689946,0.71,> 10%
2016_17_20161119_WAT_LEI,2016_17,2016-11-19,WAT,LEI,1,0.4581151832460733,0.5098381544422811,0.4795990667163995,2.07,1.054520358868185,V0.6,0.021483883470326204,-0.007229931897053121,1.0699999999999998,0% to 2.5%
2016_17_20161120_MID_CHE,2016_17,2016-11-20,MID,CHE,0,0.4934383202099738,0.6815515298465533,0.7491544545388291,1.93,1.050049608642928,V0.6,0.2557161343288553,0.44586809725994025,-1.0,> 10%
2016_17_20161121_WBA_BUR,2016_17,2016-11-21,WBA,BUR,1,0.4030612244897959,0.549927856150207,0.4578730282000108,2.34,1.0602618197554907,V0.6,0.05481180371021488,0.07142288598802526,1.3399999999999999,5% to 10%
2016_17_20161126_BUR_MCI,2016_17,2016-11-26,BUR,MCI,1,0.6354679802955665,0.4764462885722725,0.5366472578988197,1.48,1.063272574900482,V0.6,-0.09882072239674677,-0.2057620583097468,0.48,-10% to -5%
2016_17_20161126_CHE_TOT,2016_17,2016-11-26,CHE,TOT,1,0.5275590551181102,0.2757750501570478,0.2958671459083434,1.8,1.053067993366501,V0.6,-0.2316919092097668,-0.4674391373649819,0.8,< -10%
2016_17_20161126_HUL_WBA,2016_17,2016-11-26,HUL,WBA,0,0.4081632653061224,0.4478118662975779,0.4171301104742483,2.32,1.0560344827586208,V0.6,0.008966845168125903,-0.032258143699744,-1.0,0% to 2.5%
2016_17_20161126_LEI_MID,2016_17,2016-11-26,LEI,MID,1,0.4581151832460733,0.6055142140686728,0.5939422228341967,2.07,1.054520358868185,V0.6,0.13582703958812342,0.22946040126678713,1.0699999999999998,> 10%
2016_17_20161126_LIV_SUN,2016_17,2016-11-26,LIV,SUN,0,0.7035398230088495,0.5159041806606106,0.6244949005951739,1.34,1.0607340655214492,V0.6,-0.07904492241367567,-0.163176833202467,-1.0,-10% to -5%
2016_17_20161126_SWA_CRY,2016_17,2016-11-26,SWA,CRY,1,0.5026315789473684,0.4420596417210195,0.4856079858358367,1.89,1.052660738524613,V0.6,-0.017023593111531732,-0.0822009067702687,0.8899999999999999,-2.5% to 0%
2016_17_20161127_ARS_BOU,2016_17,2016-11-27,ARS,BOU,1,0.6035353535353536,0.5600435824723324,0.6458270116379188,1.57,1.0553527170002397,V0.6,0.04229165810256519,0.013948408271532431,0.5700000000000001,2.5% to 5%
2016_17_20161127_MUN_WHU,2016_17,2016-11-27,MUN,WHU,0,0.5535248041775457,0.7150192845460452,0.7414342896464086,1.71,1.056493434844974,V0.6,0.18790948546886288,0.2678526352953585,-1.0,> 10%
2016_17_20161127_SOU_EVE,2016_17,2016-11-27,SOU,EVE,0,0.4516971279373368,0.4791486924176498,0.4481748319225982,2.1,1.054225158271401,V0.6,-0.0035222960147385796,-0.0588328529625437,-1.0,-2.5% to 0%
2016_17_20161127_WAT_STK,2016_17,2016-11-27,WAT,STK,0,0.4750656167979003,0.6178447005734569,0.6478646955508622,2.0,1.0524861878453038,V0.6,0.1727990787529619,0.29572939110172447,-1.0,> 10%
2016_17_20161203_CRY_SOU,2016_17,2016-12-03,CRY,SOU,1,0.468586387434555,0.3174578122396447,0.3190137196664149,2.03,1.0512700553155183,V0.6,-0.1495726677681401,-0.3524021490771778,1.0299999999999998,< -10%
2016_17_20161203_MCI_CHE,2016_17,2016-12-03,MCI,CHE,1,0.5404699738903395,0.7027324283791652,0.739032250601018,1.76,1.0512736056214318,V0.6,0.1985622767106785,0.30069676105779153,0.76,> 10%
2016_17_20161203_STK_BUR,2016_17,2016-12-03,STK,BUR,0,0.5065616797900262,0.4986661029901985,0.5984300715718989,1.88,1.050049608642928,V0.6,0.09186839178187267,0.12504853455516973,-1.0,5% to 10%
2016_17_20161203_SUN_LEI,2016_17,2016-12-03,SUN,LEI,1,0.4934383202099738,0.6423856448609732,0.6846761407340511,1.93,1.050049608642928,V0.6,0.19123782052407734,0.3214249516167187,0.9299999999999999,> 10%
2016_17_20161203_TOT_SWA,2016_17,2016-12-03,TOT,SWA,1,0.6165413533834586,0.7296570960621594,0.7673530043900447,1.53,1.0600988362824806,V0.6,0.1508116510065861,0.1740500967167684,0.53,> 10%
2016_17_20161203_WBA_WAT,2016_17,2016-12-03,WBA,WAT,1,0.4252577319587629,0.3729883316739468,0.3308432218376017,2.23,1.0544910993341488,V0.6,-0.0944145101211612,-0.2622196153021483,1.23,-10% to -5%
2016_17_20161203_WHU_ARS,2016_17,2016-12-03,WHU,ARS,1,0.577319587628866,0.4593512932287732,0.5260631621026142,1.64,1.0561846689895469,V0.6,-0.05125642552625187,-0.13725641415171286,0.6399999999999999,-10% to -5%
2016_17_20161204_BOU_LIV,2016_17,2016-12-04,BOU,LIV,1,0.5820512820512821,0.4657492928827686,0.5715900748369488,1.63,1.0540255668765708,V0.6,-0.010461207214333301,-0.06830817801577349,0.6299999999999999,-2.5% to 0%
2016_17_20161204_EVE_MUN,2016_17,2016-12-04,EVE,MUN,0,0.4738219895287958,0.5561670587766294,0.5849083003143474,2.01,1.0499986256562492,V0.6,0.11108631078555159,0.175665683631838,-1.0,> 10%
2016_17_20161205_MID_HUL,2016_17,2016-12-05,MID,HUL,0,0.411764705882353,0.6359931334896763,0.5925519950278662,2.3,1.0559006211180124,V0.6,0.18078728914551317,0.362869588564092,-1.0,> 10%
2016_17_20161210_ARS_STK,2016_17,2016-12-10,ARS,STK,1,0.6262376237623761,0.4429705160044719,0.5294758738415837,1.51,1.0575085726251867,V0.6,-0.09676174992079245,-0.2004914304992086,0.51,-10% to -5%
2016_17_20161210_BUR_BOU,2016_17,2016-12-10,BUR,BOU,1,0.4776902887139108,0.488395252044022,0.5151892836806189,1.99,1.0519631122646196,V0.6,0.03749899496670811,0.025226674524431614,0.99,2.5% to 5%
2016_17_20161210_HUL_CRY,2016_17,2016-12-10,HUL,CRY,1,0.4581151832460733,0.5370227366728537,0.5403702002644568,2.07,1.054520358868185,V0.6,0.0822550170183835,0.11856631454742561,1.0699999999999998,5% to 10%
2016_17_20161210_LEI_MCI,2016_17,2016-12-10,LEI,MCI,1,0.5710594315245477,0.6312410757271761,0.6741953543527597,1.66,1.0548983263370224,V0.6,0.10313592282821193,0.119164288225581,0.6599999999999999,> 10%
2016_17_20161210_SWA_SUN,2016_17,2016-12-10,SWA,SUN,1,0.5170603674540682,0.6055244750067655,0.6545445123088971,1.84,1.0510924740675347,V0.6,0.13748414485482885,0.20436190264837073,0.8400000000000001,> 10%
2016_17_20161210_WAT_EVE,2016_17,2016-12-10,WAT,EVE,1,0.468586387434555,0.4555232138246239,0.4769719366350745,2.03,1.0512700553155183,V0.6,0.008385549200519482,-0.031746968630798955,1.0299999999999998,0% to 2.5%
2016_17_20161211_CHE_WBA,2016_17,2016-12-11,CHE,WBA,0,0.5736434108527132,0.5023509884525712,0.5563718395680398,1.65,1.0565110565110565,V0.6,-0.01727157128467338,-0.0819864647127343,-1.0,-2.5% to 0%
2016_17_20161211_LIV_WHU,2016_17,2016-12-11,LIV,WHU,1,0.6635071090047394,0.4738498815365665,0.5101601762287333,1.42,1.0613682092555332,V0.6,-0.15334693277600608,-0.27557254975519874,0.41999999999999993,< -10%
2016_17_20161211_MUN_TOT,2016_17,2016-12-11,MUN,TOT,0,0.4581151832460733,0.5567248747702084,0.5250747334158989,2.07,1.054520358868185,V0.6,0.06695955016982563,0.08690469817091073,-1.0,5% to 10%
2016_17_20161211_SOU_MID,2016_17,2016-12-11,SOU,MID,0,0.411764705882353,0.6408219773063999,0.5891663985316419,2.3,1.0559006211180124,V0.6,0.1774016926492889,0.35508271662277613,-1.0,> 10%
2016_17_20161213_BOU_LEI,2016_17,2016-12-13,BOU,LEI,0,0.5301837270341206,0.5611403837395489,0.5800673178265019,1.79,1.05370872282759,V0.6,0.04988359079238125,0.03832049890943834,-1.0,2.5% to 5%
2016_17_20161213_EVE_ARS,2016_17,2016-12-13,EVE,ARS,1,0.5494791666666667,0.605100544454634,0.6647553011531165,1.73,1.0519683313700243,V0.6,0.1152761344864498,0.15002667099489164,0.73,> 10%
2016_17_20161214_CRY_MUN,2016_17,2016-12-14,CRY,MUN,1,0.5196850393700787,0.4395159608405277,0.482738535971471,1.83,1.051498592482199,V0.6,-0.03694650339860772,-0.11658847917220805,0.8300000000000001,-5% to -2.5%
2016_17_20161214_MCI_WAT,2016_17,2016-12-14,MCI,WAT,0,0.6705607476635514,0.6420653935488748,0.7289965486995841,1.41,1.0576519139051572,V0.6,0.05843580103603263,0.02788513366641343,-1.0,5% to 10%
2016_17_20161214_MID_LIV,2016_17,2016-12-14,MID,LIV,1,0.5275590551181102,0.513921536277699,0.5803451335068124,1.8,1.053067993366501,V0.6,0.052786078388702196,0.044621240312262334,0.8,5% to 10%
2016_17_20161214_STK_SOU,2016_17,2016-12-14,STK,SOU,0,0.4215938303341903,0.3032119588234324,0.2864684369930272,2.25,1.05420054200542,V0.6,-0.13512539334116308,-0.35544601676568877,-1.0,< -10%
2016_17_20161214_SUN_CHE,2016_17,2016-12-14,SUN,CHE,0,0.5954198473282442,0.415460921128572,0.521726175763204,1.59,1.0562812449604904,V0.6,-0.07369367156504014,-0.17045538053650555,-1.0,-10% to -5%
2016_17_20161214_TOT_HUL,2016_17,2016-12-14,TOT,HUL,1,0.6140350877192983,0.7853466790607705,0.8285707148120692,1.54,1.0575139146567718,V0.6,0.21453562709277096,0.27599890081058676,0.54,> 10%
2016_17_20161214_WBA_SWA,2016_17,2016-12-14,WBA,SWA,1,0.4776902887139108,0.6337234618953399,0.6439539726959604,1.99,1.0519631122646196,V0.6,0.16626368398204966,0.28146840566496123,0.99,> 10%
2016_17_20161214_WHU_BUR,2016_17,2016-12-14,WHU,BUR,0,0.5249343832020998,0.5976690360147453,0.6560752050117467,1.81,1.0524861878453038,V0.6,0.1311408218096468,0.18749612107126157,-1.0,> 10%
2016_17_20161217_CRY_CHE,2016_17,2016-12-17,CRY,CHE,0,0.5658914728682171,0.2232317231053532,0.2930103639049616,1.68,1.0518590998043054,V0.6,-0.27288110896325546,-0.5077425886396645,-1.0,< -10%
2016_17_20161217_MID_SWA,2016_17,2016-12-17,MID,SWA,1,0.4479166666666666,0.68994785559499,0.6926268077883176,2.12,1.0530934620447563,V0.6,0.24471014112165107,0.4683688325112334,1.12,> 10%
2016_17_20161217_STK_LEI,2016_17,2016-12-17,STK,LEI,1,0.4776902887139108,0.5058476041718789,0.5349660607775188,1.99,1.0519631122646196,V0.6,0.057275772063608066,0.0645824609472625,0.99,5% to 10%
2016_17_20161217_SUN_WAT,2016_17,2016-12-17,SUN,WAT,0,0.4554973821989528,0.5092223808432176,0.4983052134413281,2.08,1.0554818744473915,V0.6,0.042807831242375305,0.03647484395796252,-1.0,2.5% to 5%
2016_17_20161217_WBA_MUN,2016_17,2016-12-17,WBA,MUN,0,0.4490861618798955,0.4235945820152214,0.395553175623867,2.11,1.055328998126309,V0.6,-0.05353298625602848,-0.16538279943364065,-1.0,-10% to -5%
2016_17_20161217_WHU_HUL,2016_17,2016-12-17,WHU,HUL,0,0.5223097112860893,0.6413357998137512,0.6949386603484995,1.82,1.0519631122646196,V0.6,0.17262894906241022,0.264788361834269,-1.0,> 10%
2016_17_20161218_BOU_SOU,2016_17,2016-12-18,BOU,SOU,1,0.4252577319587629,0.3282562112309159,0.2928076854006966,2.23,1.0544910993341488,V0.6,-0.13245004655806625,-0.3470388615564465,1.23,< -10%
2016_17_20161218_MCI_ARS,2016_17,2016-12-18,MCI,ARS,1,0.5784061696658098,0.6827254788515762,0.7092278189049805,1.64,1.05420054200542,V0.6,0.13082164923917072,0.163133623004168,0.6399999999999999,> 10%
2016_17_20161218_TOT_BUR,2016_17,2016-12-18,TOT,BUR,1,0.6271604938271605,0.5673310578931459,0.6671613080325907,1.51,1.055952443030714,V0.6,0.04000081420543011,0.0074135751292119245,0.51,2.5% to 5%
2016_17_20161219_EVE_LIV,2016_17,2016-12-19,EVE,LIV,0,0.5483028720626633,0.4989940993306642,0.5434271434627971,1.73,1.054225158271401,V0.6,-0.00487572859986618,-0.05987104180936109,-1.0,-2.5% to 0%
2016_17_20161226_ARS_WBA,2016_17,2016-12-26,ARS,WBA,0,0.5918367346938775,0.557034479397242,0.618538835465607,1.6,1.0560344827586208,V0.6,0.02670210077172941,-0.010337863255028834,-1.0,2.5% to 5%
2016_17_20161226_BUR_MID,2016_17,2016-12-26,BUR,MID,0,0.3815461346633417,0.4529211933126038,0.367127921877284,2.48,1.056820577693443,V0.6,-0.014418212786057705,-0.08952275374433571,-1.0,-2.5% to 0%
2016_17_20161226_CHE_BOU,2016_17,2016-12-26,CHE,BOU,1,0.5721649484536083,0.4696985946846882,0.5452105734442192,1.66,1.052860089004667,V0.6,-0.02695437500938913,-0.09495044808259623,0.6599999999999999,-5% to -2.5%
2016_17_20161226_HUL_MCI,2016_17,2016-12-26,HUL,MCI,1,0.6271604938271605,0.4082387655200641,0.5452668901363891,1.51,1.055952443030714,V0.6,-0.08189360369077148,-0.17664699589405253,0.51,-10% to -5%
2016_17_20161226_LEI_EVE,2016_17,2016-12-26,LEI,EVE,0,0.4934383202099738,0.6295183628319615,0.6464857732676961,1.93,1.050049608642928,V0.6,0.15304745305772227,0.24771754240665333,-1.0,> 10%
2016_17_20161226_MUN_SUN,2016_17,2016-12-26,MUN,SUN,1,0.5918367346938775,0.4894900566048514,0.5898091900183154,1.6,1.0560344827586208,V0.6,-0.0020275446755620985,-0.056305295970695224,0.6000000000000001,-2.5% to 0%
2016_17_20161226_SWA_WHU,2016_17,2016-12-26,SWA,WHU,1,0.5366492146596858,0.4825046019891858,0.5251972715685195,1.77,1.05277662946121,V0.6,-0.011451943091166372,-0.07040082932372049,0.77,-2.5% to 0%
2016_17_20161226_WAT_CRY,2016_17,2016-12-26,WAT,CRY,0,0.468586387434555,0.7491856088962301,0.7579976133146152,2.03,1.0512700553155183,V0.6,0.28941122588006024,0.5387351550286688,-1.0,> 10%
2016_17_20161227_LIV_STK,2016_17,2016-12-27,LIV,STK,1,0.6287128712871286,0.3751979973340222,0.4393705819367511,1.5,1.0603674540682415,V0.6,-0.1893422893503775,-0.3409441270948733,0.5,< -10%
2016_17_20161228_SOU_TOT,2016_17,2016-12-28,SOU,TOT,1,0.443864229765013,0.6552876607786421,0.5901854136568933,2.13,1.0577188621927645,V0.6,0.14632118389188026,0.2570949310891826,1.13,> 10%
2016_17_20161230_HUL_EVE,2016_17,2016-12-30,HUL,EVE,1,0.4712041884816754,0.5034300539869205,0.5658028641394566,2.02,1.0506050605060506,V0.6,0.09459867565778118,0.1429217855617022,1.02,5% to 10%
2016_17_20161231_BUR_SUN,2016_17,2016-12-31,BUR,SUN,1,0.4215938303341903,0.4495573832158804,0.406647372532827,2.25,1.05420054200542,V0.6,-0.014946457801363278,-0.08504341180113917,1.25,-2.5% to 0%
2016_17_20161231_CHE_STK,2016_17,2016-12-31,CHE,STK,1,0.5820512820512821,0.3567871220040982,0.4423203345614489,1.63,1.0540255668765708,V0.6,-0.13973094748983317,-0.2790178546648383,0.6299999999999999,< -10%
2016_17_20161231_LEI_WHU,2016_17,2016-12-31,LEI,WHU,0,0.5196850393700787,0.6483698128510117,0.671385163456154,1.83,1.051498592482199,V0.6,0.15170012408607525,0.22863484912476184,-1.0,> 10%
2016_17_20161231_LIV_MCI,2016_17,2016-12-31,LIV,MCI,0,0.5831202046035805,0.4661986774467473,0.5085734879214321,1.63,1.0520934237434076,V0.6,-0.0745467166821484,-0.17102521468806575,-1.0,-10% to -5%
2016_17_20161231_MUN_MID,2016_17,2016-12-31,MUN,MID,1,0.5026315789473684,0.4215768145468105,0.4809304577116814,1.89,1.052660738524613,V0.6,-0.021701121235687015,-0.09104143492492223,0.8899999999999999,-2.5% to 0%
2016_17_20161231_SOU_WBA,2016_17,2016-12-31,SOU,WBA,1,0.4071246819338422,0.6283909235749491,0.5800503931754141,2.33,1.0541845493562232,V0.6,0.17292571124157186,0.3515174160987149,1.33,> 10%
2016_17_20161231_SWA_BOU,2016_17,2016-12-31,SWA,BOU,1,0.5392670157068064,0.6079379494984423,0.6535486884733567,1.76,1.0536187113857016,V0.6,0.11428167276655032,0.15024569171310787,0.76,> 10%
2016_17_20170101_ARS_CRY,2016_17,2017-01-01,ARS,CRY,0,0.6184538653366584,0.7220573983176919,0.7692285895633952,1.53,1.056820577693443,V0.6,0.15077472422673688,0.1769197420319948,-1.0,> 10%
2016_17_20170101_WAT_TOT,2016_17,2017-01-01,WAT,TOT,1,0.4868421052631579,0.6667700132391867,0.6814902983184459,1.95,1.0533610533610531,V0.6,0.19464819305528797,0.32890608172096947,0.95,> 10%
2016_17_20170102_EVE_SOU,2016_17,2017-01-02,EVE,SOU,1,0.4389610389610389,0.6022867758871676,0.5606585199611611,2.16,1.054678939294324,V0.6,0.12169748100012223,0.2110224031161081,1.1600000000000001,> 10%
2016_17_20170102_MCI_BUR,2016_17,2017-01-02,MCI,BUR,1,0.6658823529411765,0.7449373765131518,0.8263318519401716,1.42,1.05758224257204,V0.6,0.16044949899899508,0.1733912297550435,0.41999999999999993,> 10%
2016_17_20170102_MID_LEI,2016_17,2017-01-02,MID,LEI,0,0.3865336658354114,0.5698716250947751,0.5149263318107672,2.46,1.0516653553632311,V0.6,0.1283926659753558,0.26671877625448737,-1.0,> 10%
2016_17_20170102_SUN_LIV,2016_17,2017-01-02,SUN,LIV,1,0.5856777493606138,0.4783293608099968,0.5780415834270649,1.62,1.0539651733247075,V0.6,-0.007636165933548877,-0.06357263484815479,0.6200000000000001,-2.5% to 0%
2016_17_20170102_WBA_HUL,2016_17,2017-01-02,WBA,HUL,1,0.4289405684754521,0.4810632162753036,0.4464474795054309,2.21,1.0548983263370224,V0.6,0.01750691102997881,-0.013351070292997758,1.21,0% to 2.5%
2016_17_20170102_WHU_MUN,2016_17,2017-01-02,WHU,MUN,0,0.5261780104712042,0.4971272847105604,0.5934185353696695,1.81,1.0499986256562492,V0.6,0.06724052489846533,0.07408754901910175,-1.0,5% to 10%
2016_17_20170103_BOU_ARS,2016_17,2017-01-03,BOU,ARS,1,0.5418848167539266,0.3483049858082696,0.3881056401701935,1.75,1.054520358868185,V0.6,-0.15377917658373313,-0.3208151297021614,0.75,< -10%
2016_17_20170103_CRY_SWA,2016_17,2017-01-03,CRY,SWA,1,0.4842105263157894,0.6177225516714899,0.6107424330352529,1.96,1.0536823425022184,V0.6,0.12653190671946346,0.19705516874909557,0.96,> 10%
2016_17_20170103_STK_WAT,2016_17,2017-01-03,STK,WAT,0,0.4516971279373368,0.578017056929249,0.5490127964663502,2.1,1.054225158271401,V0.6,0.09731566852901335,0.15292687257933535,-1.0,5% to 10%
2016_17_20170104_TOT_CHE,2016_17,2017-01-04,TOT,CHE,0,0.4960629921259842,0.3911531036492549,0.4041656434990613,1.92,1.0499338624338626,V0.6,-0.09189734862692289,-0.22400196448180232,-1.0,-10% to -5%
2016_17_20170114_BUR_SOU,2016_17,2017-01-14,BUR,SOU,0,0.4071246819338422,0.4791436841002743,0.4071564566241359,2.33,1.0541845493562232,V0.6,3.177469029369551e-05,-0.05132545606576333,-1.0,0% to 2.5%
2016_17_20170114_HUL_BOU,2016_17,2017-01-14,HUL,BOU,1,0.513157894736842,0.4976863406224892,0.559744895734081,1.85,1.0533610533610531,V0.6,0.046587000997239,0.03552805710805007,0.8500000000000001,2.5% to 5%
2016_17_20170114_LEI_CHE,2016_17,2017-01-14,LEI,CHE,1,0.5065616797900262,0.477129026353676,0.5401126895904763,1.88,1.050049608642928,V0.6,0.033551009800450116,0.01541185643009535,0.8799999999999999,2.5% to 5%
2016_17_20170114_SUN_STK,2016_17,2017-01-14,SUN,STK,1,0.4855643044619423,0.461567272344598,0.5104910193863116,1.96,1.0507446221731935,V0.6,0.024926714924369264,0.0005623979971707271,0.96,0% to 2.5%
2016_17_20170114_SWA_ARS,2016_17,2017-01-14,SWA,ARS,1,0.6070528967254408,0.4171388658818486,0.4959210468644011,1.56,1.0559634003617404,V0.6,-0.11113184986103974,-0.22636316689153424,0.56,< -10%
2016_17_20170114_TOT_WBA,2016_17,2017-01-14,TOT,WBA,1,0.5236842105263159,0.4191564780509834,0.4266835458496281,1.81,1.054998750659374,V0.6,-0.09700066467668778,-0.2277027820121731,0.81,-10% to -5%
2016_17_20170114_WAT_MID,2016_17,2017-01-14,WAT,MID,0,0.3719211822660098,0.4848063409428125,0.421349727747713,2.55,1.054408518374237,V0.6,0.04942854548170322,0.07444180575666803,-1.0,2.5% to 5%
2016_17_20170114_WHU_CRY,2016_17,2017-01-14,WHU,CRY,1,0.4829396325459317,0.4495497465160559,0.4846617140034196,1.97,1.0510924740675347,V0.6,0.0017220814574879229,-0.045216423413263374,0.97,0% to 2.5%
2016_17_20170115_EVE_MCI,2016_17,2017-01-15,EVE,MCI,1,0.544502617801047,0.6097797992620887,0.6411098531279006,1.74,1.0554818744473915,V0.6,0.09660723532685356,0.11553114444254708,0.74,5% to 10%
2016_17_20170115_MUN_LIV,2016_17,2017-01-15,MUN,LIV,0,0.4881889763779528,0.4748224613360103,0.4884645161500521,1.95,1.0504549214226633,V0.6,0.00027553977209932023,-0.047494193507398474,-1.0,0% to 2.5%
2016_17_20170121_BOU_WAT,2016_17,2017-01-21,BOU,WAT,1,0.4868421052631579,0.4036263680627522,0.4134289780434583,1.95,1.0533610533610531,V0.6,-0.07341312721969961,-0.1938134928152564,0.95,-10% to -5%
2016_17_20170121_CRY_EVE,2016_17,2017-01-21,CRY,EVE,0,0.4776902887139108,0.5782468168371879,0.6108474227642835,1.99,1.0519631122646196,V0.6,0.13315713405037272,0.21558637130092406,-1.0,> 10%
2016_17_20170121_LIV_SWA,2016_17,2017-01-21,LIV,SWA,1,0.6690140845070424,0.5623496163184474,0.641174228523759,1.41,1.0600970511384844,V0.6,-0.027839855983283313,-0.0959443377814998,0.4099999999999999,-5% to -2.5%
2016_17_20170121_MCI_TOT,2016_17,2017-01-21,MCI,TOT,1,0.5275590551181102,0.7122616767822564,0.7187924848368329,1.8,1.053067993366501,V0.6,0.1912334297187227,0.29382647270629914,0.8,> 10%
2016_17_20170121_MID_WHU,2016_17,2017-01-21,MID,WHU,1,0.4081632653061224,0.5785783842621,0.525512064226014,2.32,1.0560344827586208,V0.6,0.11734879891989164,0.21918798900435243,1.3199999999999998,> 10%
2016_17_20170121_STK_MUN,2016_17,2017-01-21,STK,MUN,0,0.4986876640419947,0.4675830971724388,0.5293089759041762,1.91,1.049875998897768,V0.6,0.030621311862181533,0.010980143976976553,-1.0,2.5% to 5%
2016_17_20170121_WBA_SUN,2016_17,2017-01-21,WBA,SUN,0,0.4750656167979003,0.4963659357847577,0.5005131090232442,2.0,1.0524861878453038,V0.6,0.02544749222534387,0.0010262180464883919,-1.0,2.5% to 5%
2016_17_20170122_ARS_BUR,2016_17,2017-01-22,ARS,BUR,1,0.6414634146341464,0.6688509898607745,0.729949057565519,1.47,1.0605002457256667,V0.6,0.08848564293137262,0.07302511462131278,0.47,5% to 10%
2016_17_20170122_CHE_HUL,2016_17,2017-01-22,CHE,HUL,0,0.6237623762376239,0.606122113802933,0.7065204396870836,1.52,1.054720133667502,V0.6,0.08275806344945968,0.07391106832436711,-1.0,5% to 10%
2016_17_20170122_SOU_LEI,2016_17,2017-01-22,SOU,LEI,1,0.4179487179487179,0.5994256057401256,0.5313150331502527,2.27,1.0540255668765708,V0.6,0.11336631520153484,0.2060851252510738,1.27,> 10%
2016_17_20170131_ARS_WAT,2016_17,2017-01-31,ARS,WAT,1,0.6271604938271605,0.5122592143024557,0.5976894572795236,1.51,1.055952443030714,V0.6,-0.029471036547636942,-0.09748891950791938,0.51,-5% to -2.5%
2016_17_20170131_BOU_CRY,2016_17,2017-01-31,BOU,CRY,0,0.5065616797900262,0.3630782425632404,0.4053460290300338,1.88,1.050049608642928,V0.6,-0.10121565075999239,-0.23794946542353645,-1.0,< -10%
2016_17_20170131_BUR_LEI,2016_17,2017-01-31,BUR,LEI,0,0.4304123711340206,0.3703704315541834,0.3424671068612916,2.21,1.0512910829923865,V0.6,-0.08794526427272897,-0.24314769383654555,-1.0,-10% to -5%
2016_17_20170131_LIV_CHE,2016_17,2017-01-31,LIV,CHE,0,0.4712041884816754,0.5255768936935395,0.510346075955698,2.02,1.0506050605060506,V0.6,0.03914188747402264,0.030899073430510127,-1.0,2.5% to 5%
2016_17_20170131_MID_WBA,2016_17,2017-01-31,MID,WBA,0,0.355072463768116,0.5066072791424461,0.4339956927440221,2.67,1.0548039440495298,V0.6,0.07892322897590609,0.15876849962653905,-1.0,5% to 10%
2016_17_20170131_SUN_TOT,2016_17,2017-01-31,SUN,TOT,0,0.598984771573604,0.6188952608688828,0.6934523741070109,1.58,1.0566402059643851,V0.6,0.09446760253340691,0.09565475108907728,-1.0,5% to 10%
2016_17_20170131_SWA_SOU,2016_17,2017-01-31,SWA,SOU,1,0.4647519582245431,0.4414455899914912,0.4646168183215592,2.05,1.0496026308577693,V0.6,-0.0001351399029839162,-0.047535522440803724,1.0499999999999998,-2.5% to 0%
2016_17_20170201_MUN_HUL,2016_17,2017-02-01,MUN,HUL,0,0.4128205128205128,0.5697399105268572,0.4734711440435249,2.29,1.0577992351297838,V0.6,0.06065063122301212,0.08424891985967209,-1.0,5% to 10%
2016_17_20170201_STK_EVE,2016_17,2017-02-01,STK,EVE,0,0.4750656167979003,0.5754964406083648,0.5887992696421582,2.0,1.0524861878453038,V0.6,0.1137336528442579,0.17759853928431646,-1.0,> 10%
2016_17_20170201_WHU_MCI,2016_17,2017-02-01,WHU,MCI,1,0.6035353535353536,0.5059002974010689,0.5860460221697644,1.57,1.0553527170002397,V0.6,-0.017489331365589167,-0.07990774519346977,0.5700000000000001,-2.5% to 0%
2016_17_20170204_CHE_ARS,2016_17,2017-02-04,CHE,ARS,1,0.5078947368421052,0.5669424231539785,0.5540850701995389,1.87,1.0528940733146768,V0.6,0.04619033335743372,0.036139081273137696,0.8700000000000001,2.5% to 5%
2016_17_20170204_CRY_SUN,2016_17,2017-02-04,CRY,SUN,1,0.481578947368421,0.4872613949556855,0.5090502137492975,1.97,1.0540623006296634,V0.6,0.02747126638087649,0.0028289210861160985,0.97,2.5% to 5%
2016_17_20170204_EVE_BOU,2016_17,2017-02-04,EVE,BOU,1,0.5275590551181102,0.6001120964347375,0.6300715440665897,1.8,1.053067993366501,V0.6,0.10251248894847953,0.13412877931986156,0.8,> 10%
2016_17_20170204_HUL_LIV,2016_17,2017-02-04,HUL,LIV,0,0.5520833333333334,0.3339025486814091,0.4136502693684088,1.72,1.0530934620447563,V0.6,-0.13843306396492455,-0.28852153668633684,-1.0,< -10%
2016_17_20170204_SOU_WHU,2016_17,2017-02-04,SOU,WHU,1,0.4776902887139108,0.5780047554481285,0.5778746177394324,1.99,1.0519631122646196,V0.6,0.1001843290255216,0.1499704893014704,0.99,> 10%
2016_17_20170204_TOT_MID,2016_17,2017-02-04,TOT,MID,0,0.5392670157068064,0.4157628609668739,0.4602099883624265,1.76,1.0536187113857016,V0.6,-0.07905702734437986,-0.19003042048212937,-1.0,-10% to -5%
2016_17_20170204_WAT_BUR,2016_17,2017-02-04,WAT,BUR,1,0.4025316455696203,0.5683184401292662,0.5414383622382674,2.36,1.052659631169385,V0.6,0.13890671666864707,0.277794534882311,1.3599999999999999,> 10%
2016_17_20170204_WBA_STK,2016_17,2017-02-04,WBA,STK,0,0.4241645244215937,0.5703765634308988,0.5376649909809574,2.24,1.0524891774891776,V0.6,0.11350046655936374,0.20436957979734482,-1.0,> 10%
2016_17_20170205_LEI_MUN,2016_17,2017-02-05,LEI,MUN,1,0.4633507853403141,0.5050060517006928,0.5232484431993599,2.05,1.05277662946121,V0.6,0.05989765785904583,0.07265930855868774,1.0499999999999998,5% to 10%
2016_17_20170205_MCI_SWA,2016_17,2017-02-05,MCI,SWA,1,0.6789838337182448,0.788810376776752,0.8405994419845206,1.39,1.0595605148534235,V0.6,0.16161560826627586,0.16843322435848362,0.3899999999999999,> 10%
2016_17_20170211_ARS_HUL,2016_17,2017-02-11,ARS,HUL,0,0.628992628992629,0.6687835235500978,0.773218380927277,1.51,1.0528766556291391,V0.6,0.14422575193464804,0.1675597552001884,-1.0,> 10%
2016_17_20170211_LIV_TOT,2016_17,2017-02-11,LIV,TOT,0,0.5,0.4960882662024292,0.5456393916082044,1.91,1.0471204188481675,V0.6,0.045639391608204405,0.04217123797167033,-1.0,2.5% to 5%
2016_17_20170211_MID_EVE,2016_17,2017-02-11,MID,EVE,0,0.4122137404580152,0.6742035322289243,0.6820447631844109,2.31,1.050184383517717,V0.6,0.2698310227263957,0.5755234029559892,-1.0,> 10%
2016_17_20170211_MUN_WAT,2016_17,2017-02-11,MUN,WAT,0,0.5721649484536083,0.5583956753350129,0.6582487430290584,1.66,1.052860089004667,V0.6,0.08608379457545012,0.09269291342823704,-1.0,5% to 10%
2016_17_20170211_STK_CRY,2016_17,2017-02-11,STK,CRY,0,0.4609375,0.4186000599192055,0.4672351495972242,2.07,1.048063538852043,V0.6,0.006297649597224175,-0.03282324033374606,-1.0,0% to 2.5%
2016_17_20170211_SUN_SOU,2016_17,2017-02-11,SUN,SOU,1,0.4607329842931937,0.4591914859874718,0.464886253290687,2.06,1.0536187113857016,V0.6,0.004153268997493298,-0.04233431822118472,1.06,0% to 2.5%
2016_17_20170211_WHU_WBA,2016_17,2017-02-11,WHU,WBA,1,0.4647519582245431,0.4841159924814206,0.5220874835996995,2.05,1.0496026308577693,V0.6,0.05733552537515635,0.07027934137938385,1.0499999999999998,5% to 10%
2016_17_20170212_BUR_CHE,2016_17,2017-02-12,BUR,CHE,0,0.4986876640419947,0.3873362559519559,0.4437258832074973,1.91,1.049875998897768,V0.6,-0.05496178083449743,-0.15248356307368027,-1.0,-10% to -5%
2016_17_20170212_SWA_LEI,2016_17,2017-02-12,SWA,LEI,0,0.4738219895287958,0.326920745273807,0.35252262184142,2.01,1.0499986256562492,V0.6,-0.12129936768737576,-0.29142953009874584,-1.0,< -10%
2016_17_20170213_BOU_MCI,2016_17,2017-02-13,BOU,MCI,0,0.6237623762376239,0.5269085014386593,0.6148095277333756,1.52,1.054720133667502,V0.6,-0.008952848504248268,-0.06548951784526902,-1.0,-2.5% to 0%
2016_17_20170225_CHE_SWA,2016_17,2017-02-25,CHE,SWA,1,0.5892857142857143,0.7167327682873598,0.7720874932140424,1.61,1.054018445322793,V0.6,0.18280177892832805,0.24306086407460836,0.6100000000000001,> 10%
2016_17_20170225_CRY_MID,2016_17,2017-02-25,CRY,MID,0,0.3526570048309178,0.4539539536983372,0.3675044220165792,2.68,1.058065835207524,V0.6,0.014847417185661405,-0.015088148995567763,-1.0,0% to 2.5%
2016_17_20170225_EVE_SUN,2016_17,2017-02-25,EVE,SUN,0,0.5820512820512821,0.4890539867149383,0.5597527512844478,1.63,1.0540255668765708,V0.6,-0.0222985307668343,-0.08760301540635018,-1.0,-2.5% to 0%
2016_17_20170225_HUL_BUR,2016_17,2017-02-25,HUL,BUR,0,0.413265306122449,0.3588299314438252,0.369623674727368,2.3,1.052066559312936,V0.6,-0.04364163139508098,-0.14986554812705366,-1.0,-5% to -2.5%
2016_17_20170225_WAT_WHU,2016_17,2017-02-25,WAT,WHU,0,0.4764397905759163,0.5203868951944125,0.5694562683652938,2.0,1.0494505494505493,V0.6,0.09301647778937755,0.13891253673058768,-1.0,5% to 10%
2016_17_20170225_WBA_BOU,2016_17,2017-02-25,WBA,BOU,1,0.4738219895287958,0.5245496916897722,0.5416422877978889,2.01,1.0499986256562492,V0.6,0.06782029826909314,0.08870099847375656,1.0099999999999998,5% to 10%
2016_17_20170226_TOT_STK,2016_17,2017-02-26,TOT,STK,1,0.5747422680412371,0.5959485205481675,0.6579702736057172,1.65,1.0544910993341488,V0.6,0.08322800556448018,0.08565095144943347,0.6499999999999999,5% to 10%
2016_17_20170227_LEI_LIV,2016_17,2017-02-27,LEI,LIV,1,0.5392670157068064,0.5602500947674987,0.6150263078398485,1.76,1.0536187113857016,V0.6,0.07575929213304211,0.08244630179813339,0.76,5% to 10%
2016_17_20170304_LEI_HUL,2016_17,2017-03-04,LEI,HUL,1,0.4633507853403141,0.6357309520286134,0.6573933729704553,2.05,1.05277662946121,V0.6,0.1940425876301412,0.3476564145894332,1.0499999999999998,> 10%
2016_17_20170304_LIV_ARS,2016_17,2017-03-04,LIV,ARS,1,0.5558441558441558,0.660075453442274,0.696398022482705,1.71,1.0520850412635951,V0.6,0.14055386663854919,0.19084061844542544,0.71,> 10%
2016_17_20170304_MUN_BOU,2016_17,2017-03-04,MUN,BOU,0,0.6045340050377834,0.5837424877324475,0.6757692714355864,1.57,1.0536093418259025,V0.6,0.07123526639780298,0.06095775615387078,-1.0,5% to 10%
2016_17_20170304_STK_MID,2016_17,2017-03-04,STK,MID,0,0.398989898989899,0.34106468084391,0.3270136965967361,2.38,1.053079459631954,V0.6,-0.07197620239316288,-0.22170740209976803,-1.0,-10% to -5%
2016_17_20170304_SWA_BUR,2016_17,2017-03-04,SWA,BUR,1,0.4389610389610389,0.3583643462964854,0.3448872261464266,2.16,1.054678939294324,V0.6,-0.0940738128146123,-0.2550435915237186,1.1600000000000001,-10% to -5%
2016_17_20170304_WAT_SOU,2016_17,2017-03-04,WAT,SOU,1,0.423076923076923,0.6356020419629452,0.6327380111344277,2.25,1.0505050505050506,V0.6,0.20966108805750472,0.4236605250524623,1.25,> 10%
2016_17_20170304_WBA_CRY,2016_17,2017-03-04,WBA,CRY,0,0.3999999999999999,0.4661185483108506,0.4024058640441071,2.37,1.0548523206751057,V0.6,0.0024058640441071977,-0.04629810221546615,-1.0,0% to 2.5%
2016_17_20170305_SUN_MCI,2016_17,2017-03-05,SUN,MCI,0,0.6498800959232613,0.4413585605662712,0.6084713241812314,1.46,1.0539351968862154,V0.6,-0.04140877174202995,-0.11163186669540215,-1.0,-5% to -2.5%
2016_17_20170305_TOT_EVE,2016_17,2017-03-05,TOT,EVE,1,0.5404699738903395,0.4953503510226607,0.5489719005859531,1.76,1.0512736056214318,V0.6,0.00850192669561367,-0.03380945496872245,0.76,0% to 2.5%
2016_17_20170306_WHU_CHE,2016_17,2017-03-06,WHU,CHE,1,0.5196850393700787,0.4311566247528762,0.4795254489696776,1.83,1.051498592482199,V0.6,-0.040159590400401124,-0.12246842838548999,0.8300000000000001,-5% to -2.5%
2016_17_20170308_MCI_STK,2016_17,2017-03-08,MCI,STK,0,0.6555023923444976,0.5118395525875405,0.6027988817838511,1.44,1.0594079480940797,V0.6,-0.05270351056064648,-0.13196961023125442,-1.0,-10% to -5%
2016_17_20170311_BOU_WHU,2016_17,2017-03-11,BOU,WHU,1,0.5520833333333334,0.4092915913108357,0.4694942743290843,1.72,1.0530934620447563,V0.6,-0.08258905900424907,-0.19246984815397505,0.72,-10% to -5%
2016_17_20170311_EVE_WBA,2016_17,2017-03-11,EVE,WBA,1,0.4698162729658792,0.4510873765961843,0.4294987991209058,2.02,1.05370872282759,V0.6,-0.04031747384497336,-0.13241242577577017,1.02,-5% to -2.5%
2016_17_20170311_HUL_SWA,2016_17,2017-03-11,HUL,SWA,1,0.4659685863874345,0.6022852950759001,0.6301627517515279,2.04,1.0519938312403614,V0.6,0.16419416536409343,0.28553201357311697,1.04,> 10%
2016_17_20170312_LIV_BUR,2016_17,2017-03-12,LIV,BUR,1,0.6140350877192983,0.5134332388277479,0.596841607094343,1.54,1.0575139146567718,V0.6,-0.017193480624955293,-0.08086392507471185,0.54,-2.5% to 0%
2016_17_20170318_BOU_SWA,2016_17,2017-03-18,BOU,SWA,0,0.5509138381201044,0.5557811946253,0.5937646706300043,1.72,1.055328998126309,V0.6,0.04285083250989985,0.02127523348360727,-1.0,2.5% to 5%
2016_17_20170318_CRY_WAT,2016_17,2017-03-18,CRY,WAT,0,0.4389610389610389,0.584941023212411,0.5765425150628766,2.16,1.054678939294324,V0.6,0.13758147610183769,0.24533183253581337,-1.0,> 10%
2016_17_20170318_EVE_HUL,2016_17,2017-03-18,EVE,HUL,1,0.5275590551181102,0.4488078514060022,0.4846937303872037,1.8,1.053067993366501,V0.6,-0.042865324730906484,-0.12755128530303328,0.8,-5% to -2.5%
2016_17_20170318_STK_CHE,2016_17,2017-03-18,STK,CHE,1,0.4738219895287958,0.4162057740328729,0.4649050648979329,2.01,1.0499986256562492,V0.6,-0.00891692463086291,-0.065540819555155,1.0099999999999998,-2.5% to 0%
2016_17_20170318_SUN_BUR,2016_17,2017-03-18,SUN,BUR,0,0.4415584415584415,0.4181115033810292,0.421569469203829,2.15,1.0533515731874146,V0.6,-0.0199889723546125,-0.09362564121176775,-1.0,-2.5% to 0%
2016_17_20170318_WBA_ARS,2016_17,2017-03-18,WBA,ARS,1,0.5328083989501312,0.4262724597988166,0.4530953455898004,1.78,1.0544085902474123,V0.6,-0.0797130533603308,-0.1934902848501553,0.78,-10% to -5%
2016_17_20170318_WHU_LEI,2016_17,2017-03-18,WHU,LEI,1,0.5275590551181102,0.5850526589166073,0.623103952879617,1.8,1.053067993366501,V0.6,0.09554489776150676,0.12158711518331056,0.8,5% to 10%
2016_17_20170319_MCI_LIV,2016_17,2017-03-19,MCI,LIV,0,0.5736434108527132,0.5770125144276105,0.6031945313048978,1.65,1.0565110565110565,V0.6,0.029551120452184554,-0.004729023346918715,-1.0,2.5% to 5%
2016_17_20170319_MID_MUN,2016_17,2017-03-19,MID,MUN,1,0.4352331606217616,0.4043572771563092,0.425892050149586,2.18,1.0539536915683705,V0.6,-0.009341110472175618,-0.07155533067390252,1.1800000000000002,-2.5% to 0%
2016_17_20170319_TOT_SOU,2016_17,2017-03-19,TOT,SOU,1,0.5052631578947367,0.7858043859726924,0.777079802979962,1.88,1.0527482269503547,V0.6,0.2718166450852253,0.4609100296023285,0.8799999999999999,> 10%
2016_17_20170401_BUR_TOT,2016_17,2017-04-01,BUR,TOT,0,0.4724409448818897,0.4471463784673859,0.4453969471464509,2.01,1.053067993366501,V0.6,-0.027043997735438807,-0.10475213623563384,-1.0,-5% to -2.5%
2016_17_20170401_CHE_CRY,2016_17,2017-04-01,CHE,CRY,1,0.5249343832020998,0.5078482705342375,0.5402693222019254,1.81,1.0524861878453038,V0.6,0.01533493899982552,-0.022112526814515032,0.81,0% to 2.5%
2016_17_20170401_HUL_WHU,2016_17,2017-04-01,HUL,WHU,1,0.5184210526315789,0.4631627131267356,0.4967307854431175,1.83,1.0540623006296634,V0.6,-0.0216902671884614,-0.09098266263909494,0.8300000000000001,-2.5% to 0%
2016_17_20170401_LEI_STK,2016_17,2017-04-01,LEI,STK,0,0.4842105263157894,0.4492243767393178,0.4612539744140649,1.96,1.0536823425022184,V0.6,-0.02295655190172452,-0.09594221014843285,-1.0,-2.5% to 0%
2016_17_20170401_LIV_EVE,2016_17,2017-04-01,LIV,EVE,1,0.5483028720626633,0.4958433086359187,0.5394138961452194,1.73,1.054225158271401,V0.6,-0.008888975917443864,-0.06681395966877046,0.73,-2.5% to 0%
2016_17_20170401_MUN_WBA,2016_17,2017-04-01,MUN,WBA,0,0.513157894736842,0.4825030625554945,0.5246555299949848,1.85,1.0533610533610531,V0.6,0.011497635258142735,-0.02938726950927817,-1.0,0% to 2.5%
2016_17_20170401_SOU_BOU,2016_17,2017-04-01,SOU,BOU,0,0.5483028720626633,0.6981952604367772,0.7191135249810365,1.73,1.054225158271401,V0.6,0.17081065291837327,0.24406639821719311,-1.0,> 10%
2016_17_20170401_WAT_SUN,2016_17,2017-04-01,WAT,SUN,0,0.4645669291338583,0.5454239141345014,0.5316752210235461,2.04,1.055167829843802,V0.6,0.06710829188968787,0.08461745088803418,-1.0,5% to 10%
2016_17_20170402_ARS_MCI,2016_17,2017-04-02,ARS,MCI,1,0.598984771573604,0.6270945300969424,0.6725195213912032,1.58,1.0566402059643851,V0.6,0.07353474981759922,0.06258084379810103,0.5800000000000001,5% to 10%
2016_17_20170402_SWA_MID,2016_17,2017-04-02,SWA,MID,0,0.4363636363636364,0.3477310937429292,0.3280447732165775,2.17,1.0560675883256527,V0.6,-0.10831886314705891,-0.28814284212002683,-1.0,< -10%
2016_17_20170404_BUR_STK,2016_17,2017-04-04,BUR,STK,0,0.4025316455696203,0.3908743915671848,0.3575342074306814,2.36,1.052659631169385,V0.6,-0.04499743813893886,-0.15621927046359185,-1.0,-5% to -2.5%
2016_17_20170404_LEI_SUN,2016_17,2017-04-04,LEI,SUN,0,0.5392670157068064,0.3962055639265905,0.450451166079342,1.76,1.0536187113857016,V0.6,-0.08881584962746436,-0.20720594770035805,-1.0,-10% to -5%
2016_17_20170404_MUN_EVE,2016_17,2017-04-04,MUN,EVE,0,0.5065616797900262,0.4943986018637263,0.552705280439042,1.88,1.050049608642928,V0.6,0.04614360064901579,0.03908592722539894,-1.0,2.5% to 5%
2016_17_20170404_WAT_WBA,2016_17,2017-04-04,WAT,WBA,0,0.4107142857142857,0.4806212144050275,0.446871687747953,2.31,1.054018445322793,V0.6,0.036157402033667296,0.032273598697771355,-1.0,2.5% to 5%
2016_17_20170405_ARS_WHU,2016_17,2017-04-05,ARS,WHU,1,0.6635071090047394,0.5920086676136642,0.63952025666778,1.42,1.0613682092555332,V0.6,-0.023986852336959408,-0.09188123553175243,0.41999999999999993,-2.5% to 0%
2016_17_20170405_CHE_MCI,2016_17,2017-04-05,CHE,MCI,1,0.5456919060052219,0.5494272154737111,0.5823354851137712,1.74,1.053181543199692,V0.6,0.03664357910854932,0.013263744097961938,0.74,2.5% to 5%
2016_17_20170405_HUL_MID,2016_17,2017-04-05,HUL,MID,1,0.4025316455696203,0.3333094330159382,0.3254209782626803,2.36,1.052659631169385,V0.6,-0.07711066730694,-0.23200649130007456,1.3599999999999999,-10% to -5%
2016_17_20170405_LIV_BOU,2016_17,2017-04-05,LIV,BOU,1,0.6399026763990268,0.7274696592127688,0.8014794006076505,1.48,1.0559038125578049,V0.6,0.1615767242086238,0.18618951289932273,0.48,> 10%
2016_17_20170405_SOU_CRY,2016_17,2017-04-05,SOU,CRY,1,0.4619422572178477,0.5967320683381117,0.5589379328486754,2.05,1.0559866962305988,V0.6,0.09699567563082773,0.14582276233978453,1.0499999999999998,5% to 10%
2016_17_20170405_SWA_TOT,2016_17,2017-04-05,SWA,TOT,1,0.5210526315789473,0.4241001099145607,0.4619948288047435,1.82,1.0545010545010545,V0.6,-0.059057802774203805,-0.1591694115753668,0.8200000000000001,-10% to -5%
2016_17_20170408_BOU_CHE,2016_17,2017-04-08,BOU,CHE,1,0.5275590551181102,0.371827537692984,0.4286906493655299,1.8,1.053067993366501,V0.6,-0.09886840575258027,-0.22835683114204608,0.8,-10% to -5%
2016_17_20170408_MCI_HUL,2016_17,2017-04-08,MCI,HUL,1,0.6751740139211136,0.6682092125427689,0.777567763501543,1.4,1.057928325969563,V0.6,0.10239374958042935,0.08859486890216006,0.3999999999999999,> 10%
2016_17_20170408_MID_BUR,2016_17,2017-04-08,MID,BUR,0,0.3904282115869018,0.4903544817844049,0.4169118207432663,2.42,1.0583844308184485,V0.6,0.02648360915636455,0.008926606198704556,-1.0,2.5% to 5%
2016_17_20170408_STK_LIV,2016_17,2017-04-08,STK,LIV,1,0.5157068062827225,0.6539496090973183,0.7391522267933229,1.85,1.04815475373851,V0.6,0.22344542051060046,0.36743161956764747,0.8500000000000001,> 10%
2016_17_20170408_TOT_WAT,2016_17,2017-04-08,TOT,WAT,1,0.601010101010101,0.5323804018438034,0.6226595476357702,1.58,1.053079459631954,V0.6,0.021649446625669255,-0.016197914735482932,0.5800000000000001,0% to 2.5%
2016_17_20170408_WBA_SOU,2016_17,2017-04-08,WBA,SOU,0,0.4252577319587629,0.7132674161434703,0.6761728463028958,2.23,1.0544910993341488,V0.6,0.2509151143441329,0.5078654472554576,-1.0,> 10%
2016_17_20170408_WHU_SWA,2016_17,2017-04-08,WHU,SWA,0,0.5301837270341206,0.4928711639610316,0.5316595053397626,1.79,1.05370872282759,V0.6,0.0014757783056419393,-0.048329485441824915,-1.0,0% to 2.5%
2016_17_20170409_EVE_LEI,2016_17,2017-04-09,EVE,LEI,1,0.5301837270341206,0.7879833340632166,0.7941533142746563,1.79,1.05370872282759,V0.6,0.26396958724053565,0.4215344325516348,0.79,> 10%
2016_17_20170409_SUN_MUN,2016_17,2017-04-09,SUN,MUN,1,0.5430809399477807,0.3972569267495288,0.5277684808691808,1.75,1.052197802197802,V0.6,-0.015312459078599905,-0.07640515847893359,0.75,-2.5% to 0%
2016_17_20170410_CRY_ARS,2016_17,2017-04-10,CRY,ARS,1,0.5784061696658098,0.4877533077397938,0.5796271724359123,1.64,1.05420054200542,V0.6,0.0012210027701025084,-0.04941143720510388,0.6399999999999999,0% to 2.5%
2016_17_20170415_CRY_LEI,2016_17,2017-04-15,CRY,LEI,1,0.4855643044619423,0.6430970132154433,0.6822323527873809,1.96,1.0507446221731935,V0.6,0.1966680483254386,0.33717541146326657,0.96,> 10%
2016_17_20170415_EVE_BUR,2016_17,2017-04-15,EVE,BUR,1,0.5196850393700787,0.3716203913987569,0.4142518598375873,1.83,1.051498592482199,V0.6,-0.10543317953249143,-0.2419190964972152,0.8300000000000001,< -10%
2016_17_20170415_SOU_MCI,2016_17,2017-04-15,SOU,MCI,1,0.5784061696658098,0.3674479178160644,0.429350258561044,1.64,1.05420054200542,V0.6,-0.14905591110476585,-0.29586557595988794,0.6399999999999999,< -10%
2016_17_20170415_STK_HUL,2016_17,2017-04-15,STK,HUL,1,0.4569190600522194,0.59934637130112,0.6315912561498883,2.08,1.052197802197802,V0.6,0.17467219609766893,0.3137098127917677,1.08,> 10%
2016_17_20170415_SUN_WHU,2016_17,2017-04-15,SUN,WHU,1,0.5275590551181102,0.5651819835744886,0.6378708915474615,1.8,1.053067993366501,V0.6,0.11031183642935127,0.14816760478543056,0.8,> 10%
2016_17_20170415_TOT_BOU,2016_17,2017-04-15,TOT,BOU,1,0.6635071090047394,0.7044187862822305,0.7506210745198151,1.42,1.0613682092555332,V0.6,0.08711396551507566,0.06588192581813734,0.41999999999999993,5% to 10%
2016_17_20170415_WAT_SWA,2016_17,2017-04-15,WAT,SWA,0,0.4581151832460733,0.3582142217128148,0.3468729608871039,2.07,1.054520358868185,V0.6,-0.11124222235896941,-0.281972970963695,-1.0,< -10%
2016_17_20170416_MUN_CHE,2016_17,2017-04-16,MUN,CHE,0,0.4241645244215937,0.4868363334956273,0.4397638270444901,2.24,1.0524891774891776,V0.6,0.015599302622896383,-0.014929027420342189,-1.0,0% to 2.5%
2016_17_20170416_WBA_LIV,2016_17,2017-04-16,WBA,LIV,0,0.4960629921259842,0.6055819624704768,0.6561593024970921,1.92,1.0499338624338626,V0.6,0.16009631037110789,0.25982586079441683,-1.0,> 10%
2016_17_20170417_MID_ARS,2016_17,2017-04-17,MID,ARS,1,0.5535248041775457,0.4941768527697541,0.545066087435439,1.71,1.056493434844974,V0.6,-0.008458716742106631,-0.06793699048539925,0.71,-2.5% to 0%
2016_17_20170422_BOU_MID,2016_17,2017-04-22,BOU,MID,1,0.5105263157894737,0.451464467497394,0.5226852443996651,1.86,1.0530983261279236,V0.6,0.01215892861019141,-0.027805445416622776,0.8600000000000001,0% to 2.5%
2016_17_20170422_HUL_WAT,2016_17,2017-04-22,HUL,WAT,0,0.4790575916230366,0.3891062689149027,0.439928577362202,1.99,1.0489606502457642,V0.6,-0.03912901426083465,-0.12454213104921807,-1.0,-5% to -2.5%
2016_17_20170422_SWA_STK,2016_17,2017-04-22,SWA,STK,0,0.4593175853018373,0.4509536655182984,0.4500879772793569,2.06,1.056865464632455,V0.6,-0.009229608022480407,-0.07281876680452481,-1.0,-2.5% to 0%
2016_17_20170422_WHU_EVE,2016_17,2017-04-22,WHU,EVE,0,0.5598958333333334,0.5680998744280554,0.6034315540947406,1.69,1.0568322554011285,V0.6,0.043535720761407215,0.019799326420111507,-1.0,2.5% to 5%
2016_17_20170423_BUR_MUN,2016_17,2017-04-23,BUR,MUN,0,0.4415584415584415,0.4518804640748982,0.4577102922694417,2.15,1.0533515731874146,V0.6,0.016151850711000226,-0.015922871620700385,-1.0,0% to 2.5%
2016_17_20170423_LIV_CRY,2016_17,2017-04-23,LIV,CRY,1,0.5794871794871795,0.5627973287462769,0.651700583148191,1.64,1.0522339736671702,V0.6,0.07221340366101148,0.06878895636303328,0.6399999999999999,5% to 10%
2016_17_20170425_CHE_SOU,2016_17,2017-04-25,CHE,SOU,1,0.5340314136125655,0.4931506766316963,0.5377127280546913,1.78,1.0519938312403614,V0.6,0.003681314442125827,-0.042871344062649475,0.78,0% to 2.5%
2016_17_20170426_ARS_LEI,2016_17,2017-04-26,ARS,LEI,0,0.6514423076923078,0.7371438103820983,0.7939424051915202,1.45,1.0586588624506934,V0.6,0.14250009749921233,0.15121648752770422,-1.0,> 10%
2016_17_20170426_CRY_TOT,2016_17,2017-04-26,CRY,TOT,0,0.5846153846153845,0.5211786798537685,0.6016722137596614,1.62,1.0558804418453542,V0.6,0.017056829144276864,-0.025291013709348498,-1.0,0% to 2.5%
2016_17_20170426_MID_SUN,2016_17,2017-04-26,MID,SUN,0,0.4659685863874345,0.4732438779637027,0.520858123137474,2.04,1.0519938312403614,V0.6,0.05488953675003955,0.06255057120044705,-1.0,5% to 10%
2016_17_20170427_MCI_MUN,2016_17,2017-04-27,MCI,MUN,0,0.5275590551181102,0.4358513140769119,0.4693829197065904,1.8,1.053067993366501,V0.6,-0.05817613541151978,-0.15511074452813722,-1.0,-10% to -5%
2016_17_20170429_CRY_BUR,2016_17,2017-04-29,CRY,BUR,0,0.4543080939947781,0.3575679993939578,0.3731003608960526,2.09,1.053181543199692,V0.6,-0.08120773309872553,-0.22022024572725019,-1.0,-10% to -5%
2016_17_20170429_SOU_HUL,2016_17,2017-04-29,SOU,HUL,0,0.5301837270341206,0.7252551866243725,0.755799586771752,1.79,1.05370872282759,V0.6,0.22561585973763132,0.35288126032143596,-1.0,> 10%
2016_17_20170429_STK_WHU,2016_17,2017-04-29,STK,WHU,0,0.5091863517060368,0.5196932964791442,0.5898651322910596,1.87,1.0502232758145431,V0.6,0.08067878058502287,0.1030477973842816,-1.0,5% to 10%
2016_17_20170429_SUN_BOU,2016_17,2017-04-29,SUN,BOU,0,0.5509138381201044,0.5047443097235851,0.5911667376489359,1.72,1.055328998126309,V0.6,0.04025289952883149,0.01680678875616981,-1.0,2.5% to 5%
2016_17_20170429_WBA_LEI,2016_17,2017-04-29,WBA,LEI,0,0.4736842105263157,0.5852124804047834,0.5832809680903859,2.0,1.0555555555555556,V0.6,0.10959675756407017,0.16656193618077175,-1.0,> 10%
2016_17_20170430_EVE_CHE,2016_17,2017-04-30,EVE,CHE,1,0.5196850393700787,0.5288614737287878,0.5442217201465278,1.83,1.051498592482199,V0.6,0.024536680776449105,-0.004074252131854084,0.8300000000000001,0% to 2.5%
2016_17_20170430_MID_MCI,2016_17,2017-04-30,MID,MCI,1,0.6296296296296295,0.4758986558399613,0.5963995117102057,1.5,1.0588235294117647,V0.6,-0.033230117919423874,-0.1054007324346915,0.5,-5% to -2.5%
2016_17_20170430_MUN_SWA,2016_17,2017-04-30,MUN,SWA,0,0.5328083989501312,0.4296260962489019,0.489373989379369,1.78,1.0544085902474123,V0.6,-0.04343440957076222,-0.12891429890472317,-1.0,-5% to -2.5%
2016_17_20170430_TOT_ARS,2016_17,2017-04-30,TOT,ARS,0,0.6130653266331658,0.6412455044429748,0.6506193651633742,1.54,1.0591867149244198,V0.6,0.037554038530208333,0.001953822351596246,-1.0,2.5% to 5%
2016_17_20170501_WAT_LIV,2016_17,2017-05-01,WAT,LIV,0,0.5651041666666667,0.4985236216113014,0.5359408072748919,1.67,1.0596318882971385,V0.6,-0.029163359391774835,-0.10497885185093059,-1.0,-5% to -2.5%
2016_17_20170505_WHU_TOT,2016_17,2017-05-05,WHU,TOT,0,0.5913705583756345,0.5950840006865322,0.7302679379098744,1.61,1.0503025617785835,V0.6,0.13889737953423997,0.17573138003489785,-1.0,> 10%
2016_17_20170506_BOU_STK,2016_17,2017-05-06,BOU,STK,1,0.5494791666666667,0.4467346511234684,0.5466155971718755,1.73,1.0519683313700243,V0.6,-0.0028635694947912738,-0.05435501689265543,0.73,-2.5% to 0%
2016_17_20170506_BUR_WBA,2016_17,2017-05-06,BUR,WBA,1,0.3884711779448621,0.4152264173064907,0.3680533738154292,2.44,1.0549973558963512,V0.6,-0.020417804129432893,-0.10194976789035282,1.44,-2.5% to 0%
2016_17_20170506_HUL_SUN,2016_17,2017-05-06,HUL,SUN,0,0.5366492146596858,0.4354958472174137,0.5092172377814013,1.77,1.05277662946121,V0.6,-0.02743197687828458,-0.09868548912691977,-1.0,-5% to -2.5%
2016_17_20170506_LEI_WAT,2016_17,2017-05-06,LEI,WAT,1,0.5249343832020998,0.4930611831675067,0.5436454237809178,1.81,1.0524861878453038,V0.6,0.018711040578818006,-0.016001782956538646,0.81,0% to 2.5%
2016_17_20170506_MCI_CRY,2016_17,2017-05-06,MCI,CRY,1,0.7,0.5079622089949474,0.6594072741856372,1.35,1.058201058201058,V0.6,-0.040592725814362796,-0.10980017984938972,0.3500000000000001,-5% to -2.5%
2016_17_20170506_SWA_EVE,2016_17,2017-05-06,SWA,EVE,0,0.5118110236220472,0.4288343825302568,0.5149740138220688,1.86,1.0504549214226633,V0.6,0.0031629902000215315,-0.042148334290952105,-1.0,0% to 2.5%
2016_17_20170507_ARS_MUN,2016_17,2017-05-07,ARS,MUN,0,0.513157894736842,0.5518905790676282,0.5898374197575927,1.85,1.0533610533610531,V0.6,0.0766795250207507,0.09119922655154666,-1.0,5% to 10%
2016_17_20170507_LIV_SOU,2016_17,2017-05-07,LIV,SOU,0,0.5710594315245477,0.5535676985502522,0.6083468035166644,1.66,1.0548983263370224,V0.6,0.037287371992116625,0.009855693837662827,-1.0,2.5% to 5%
2016_17_20170508_CHE_MID,2016_17,2017-05-08,CHE,MID,1,0.6348039215686274,0.6074732340400225,0.6969971512574634,1.49,1.0572413256977016,V0.6,0.062193229688836005,0.03852575537362046,0.49,5% to 10%
2016_17_20170510_SOU_ARS,2016_17,2017-05-10,SOU,ARS,0,0.5636363636363637,0.5196877536604187,0.5603201171642678,1.68,1.0560675883256527,V0.6,-0.0033162464720959406,-0.05866220316403015,-1.0,-2.5% to 0%
2016_17_20170512_EVE_WAT,2016_17,2017-05-12,EVE,WAT,0,0.5520833333333334,0.4202461624760973,0.4806937273846969,1.72,1.0530934620447563,V0.6,-0.07138960594863647,-0.1732067888983213,-1.0,-10% to -5%
2016_17_20170512_WBA_CHE,2016_17,2017-05-12,WBA,CHE,0,0.5209424083769634,0.645629956347534,0.7305935945761103,1.83,1.0489606502457642,V0.6,0.2096511861991469,0.33698627807428183,-1.0,> 10%
2016_17_20170513_BOU_BUR,2016_17,2017-05-13,BOU,BUR,1,0.5392670157068064,0.4452822983057464,0.5208054207240375,1.76,1.0536187113857016,V0.6,-0.018461594982768892,-0.08338245952569412,0.76,-2.5% to 0%
2016_17_20170513_MCI_LEI,2016_17,2017-05-13,MCI,LEI,1,0.7013274336283185,0.4377680488141445,0.5898050236531512,1.35,1.056198153989952,V0.6,-0.11152240997516727,-0.20376321806824582,0.3500000000000001,< -10%
2016_17_20170513_MID_SOU,2016_17,2017-05-13,MID,SOU,1,0.4855643044619423,0.4050113205540617,0.4628275792091735,1.96,1.0507446221731935,V0.6,-0.02273672525276882,-0.09285794475001996,0.96,-2.5% to 0%
2016_17_20170513_STK_ARS,2016_17,2017-05-13,STK,ARS,1,0.5928753180661578,0.5740382486524667,0.6764281487625986,1.6,1.0541845493562232,V0.6,0.08355283069644082,0.08228503802015785,0.6000000000000001,5% to 10%
2016_17_20170513_SUN_SWA,2016_17,2017-05-13,SUN,SWA,0,0.5144356955380577,0.4715334166950529,0.5901377934032314,1.85,1.0507446221731935,V0.6,0.07570209786517368,0.091754917795978,-1.0,5% to 10%
2016_17_20170514_CRY_HUL,2016_17,2017-05-14,CRY,HUL,1,0.4881889763779528,0.495905507702896,0.559084797529841,1.95,1.0504549214226633,V0.6,0.0708958211518882,0.0902153551831899,0.95,5% to 10%
2016_17_20170514_TOT_MUN,2016_17,2017-05-14,TOT,MUN,1,0.4921052631578948,0.3884887313907925,0.3827599283686581,1.93,1.0528940733146768,V0.6,-0.10934533478923675,-0.26127333824849,0.9299999999999999,< -10%
2016_17_20170514_WHU_LIV,2016_17,2017-05-14,WHU,LIV,1,0.5249343832020998,0.3838972484863737,0.4603543917046721,1.81,1.0524861878453038,V0.6,-0.06457999149742777,-0.1667585510145435,0.81,-10% to -5%
2016_17_20170515_CHE_WAT,2016_17,2017-05-15,CHE,WAT,1,0.6481927710843374,0.4612500808657477,0.5753934134742755,1.46,1.0566787187452258,V0.6,-0.07279935761006184,-0.15992561632755775,0.45999999999999996,-10% to -5%
2016_17_20170516_ARS_SUN,2016_17,2017-05-16,ARS,SUN,0,0.755859375,0.5766039388924146,0.7648552437764259,1.25,1.0583979328165376,V0.6,0.008995868776425886,-0.043930945279467615,-1.0,0% to 2.5%
2016_17_20170516_MCI_WBA,2016_17,2017-05-16,MCI,WBA,1,0.7185501066098081,0.5226427921596685,0.7183080390415761,1.32,1.054311662620268,V0.6,-0.00024206756823197395,-0.05183338846511942,0.32000000000000006,-2.5% to 0%
2016_17_20170517_SOU_MUN,2016_17,2017-05-17,SOU,MUN,0,0.4607329842931937,0.4032951453604309,0.4078225129135769,2.06,1.0536187113857016,V0.6,-0.0529104713796168,-0.15988562339803158,-1.0,-10% to -5%
2016_17_20170518_LEI_TOT,2016_17,2017-05-18,LEI,TOT,1,0.5494791666666667,0.4095236206601863,0.472745400721796,1.73,1.0519683313700243,V0.6,-0.07673376594487075,-0.18215045675129293,0.73,-10% to -5%
2016_17_20170521_ARS_EVE,2016_17,2017-05-21,ARS,EVE,1,0.6514423076923078,0.3845705064717512,0.4867141359818337,1.45,1.0586588624506934,V0.6,-0.1647281717104741,-0.2942645028263411,0.44999999999999996,< -10%
2016_17_20170521_BUR_WHU,2016_17,2017-05-21,BUR,WHU,1,0.5249343832020998,0.5270878409331907,0.5866549631872059,1.81,1.0524861878453038,V0.6,0.06172057998510605,0.06184548336884266,0.81,5% to 10%
2016_17_20170521_CHE_SUN,2016_17,2017-05-21,CHE,SUN,1,0.6674528301886793,0.4604455825599772,0.5292426275911754,1.41,1.0625767486153923,V0.6,-0.13821020259750394,-0.2537678950964428,0.4099999999999999,< -10%
2016_17_20170521_HUL_TOT,2016_17,2017-05-21,HUL,TOT,1,0.5918367346938775,0.3400030639624029,0.429025821831013,1.6,1.0560344827586208,V0.6,-0.16281091286286453,-0.3135586850703791,0.6000000000000001,< -10%
2016_17_20170521_LEI_BOU,2016_17,2017-05-21,LEI,BOU,0,0.5762273901808785,0.5735842718507795,0.6088785231123671,1.64,1.0581865908345185,V0.6,0.03265113293148858,-0.0014392220957180069,-1.0,2.5% to 5%
2016_17_20170521_LIV_MID,2016_17,2017-05-21,LIV,MID,1,0.6546762589928057,0.5776856832613511,0.6792592453560986,1.44,1.0607448107448108,V0.6,0.024582986363292925,-0.02186668668721803,0.43999999999999995,0% to 2.5%
2016_17_20170521_MUN_CRY,2016_17,2017-05-21,MUN,CRY,0,0.4763157894736842,0.5345574180999818,0.5353000558596,1.99,1.054998750659374,V0.6,0.05898426638591586,0.06524711116060411,-1.0,5% to 10%
2016_17_20170521_SOU_STK,2016_17,2017-05-21,SOU,STK,0,0.5275590551181102,0.6192491891755815,0.69505387540253,1.8,1.053067993366501,V0.6,0.16749482028441987,0.25109697572455403,-1.0,> 10%
2016_17_20170521_SWA_WBA,2016_17,2017-05-21,SWA,WBA,1,0.5196850393700787,0.4103111990670641,0.5236154378217175,1.83,1.051498592482199,V0.6,0.0039303984516387835,-0.04178374878625701,0.8300000000000001,0% to 2.5%
2016_17_20170521_WAT_MCI,2016_17,2017-05-21,WAT,MCI,1,0.6635071090047394,0.6054513192590657,0.7066413622705988,1.42,1.0613682092555332,V0.6,0.0431342532658594,0.003430734424250348,0.41999999999999993,2.5% to 5%
2017_18_20170811_ARS_LEI,2017_18,2017-08-11,ARS,LEI,1,0.5903307888040712,0.5722758594687612,0.605021640207478,1.61,1.0521524951809809,V0.6,0.014690851403406757,-0.02591515926596044,0.6100000000000001,0% to 2.5%
2017_18_20170812_BRI_MCI,2017_18,2017-08-12,BRI,MCI,0,0.5820512820512821,0.5531774262435001,0.6247121165311078,1.63,1.0540255668765708,V0.6,0.042660834479825716,0.01828074994570561,-1.0,2.5% to 5%
2017_18_20170812_CHE_BUR,2017_18,2017-08-12,CHE,BUR,1,0.5732647814910026,0.5459442596393234,0.5581977325367384,1.66,1.0508401318277596,V0.6,-0.01506704895426414,-0.07339176398901426,0.6599999999999999,-2.5% to 0%
2017_18_20170812_CRY_HUD,2017_18,2017-08-12,CRY,HUD,1,0.4490861618798955,0.484288000086147,0.4420876320897756,2.11,1.055328998126309,V0.6,-0.0069985297901198895,-0.06719509629057352,1.1099999999999999,-2.5% to 0%
2017_18_20170812_EVE_STK,2017_18,2017-08-12,EVE,STK,0,0.4583333333333333,0.5480227993658507,0.4779814048380688,2.08,1.048951048951049,V0.6,0.019648071504735465,-0.005798677936816876,-1.0,0% to 2.5%
2017_18_20170812_SOU_SWA,2017_18,2017-08-12,SOU,SWA,0,0.4569190600522194,0.4730599672407289,0.4459470913279926,2.08,1.052197802197802,V0.6,-0.010971968724226788,-0.07243005003777536,-1.0,-2.5% to 0%
2017_18_20170812_WAT_LIV,2017_18,2017-08-12,WAT,LIV,1,0.5223097112860893,0.5319380279105163,0.5676121161703307,1.82,1.0519631122646196,V0.6,0.04530240488424142,0.03305405143000195,0.8200000000000001,2.5% to 5%
2017_18_20170812_WBA_BOU,2017_18,2017-08-12,WBA,BOU,0,0.4404145077720207,0.5172315260368382,0.4647387421734805,2.16,1.05119825708061,V0.6,0.02432423440145981,0.0038356830947179343,-1.0,0% to 2.5%
2017_18_20170813_MUN_WHU,2017_18,2017-08-13,MUN,WHU,1,0.5595854922279793,0.5451677142550925,0.6106039356138098,1.7,1.05119825708061,V0.6,0.0510184433858305,0.038026690543476516,0.7,5% to 10%
2017_18_20170813_NEW_TOT,2017_18,2017-08-13,NEW,TOT,0,0.5261780104712042,0.4872042293534903,0.4763562869468428,1.81,1.0499986256562492,V0.6,-0.04982172352436137,-0.13779512062621457,-1.0,-5% to -2.5%
2017_18_20170819_BOU_WAT,2017_18,2017-08-19,BOU,WAT,0,0.5248041775456919,0.5137586719507045,0.5544167419296969,1.82,1.0469629872614947,V0.6,0.029612564384005058,0.009038470312048519,-1.0,2.5% to 5%
2017_18_20170819_BUR_WBA,2017_18,2017-08-19,BUR,WBA,0,0.385,0.4874538139812161,0.378678956310488,2.46,1.0558547143912995,V0.6,-0.006321043689512029,-0.06844976747619957,-1.0,-2.5% to 0%
2017_18_20170819_LEI_BRI,2017_18,2017-08-19,LEI,BRI,0,0.486910994764398,0.3849107992944463,0.3788456533529896,1.96,1.0478384902348037,V0.6,-0.10806534141140839,-0.25746251942814047,-1.0,< -10%
2017_18_20170819_LIV_CRY,2017_18,2017-08-19,LIV,CRY,0,0.6045340050377834,0.537149311822644,0.5950860244211564,1.57,1.0536093418259025,V0.6,-0.009447980616626994,-0.06571494165878433,-1.0,-2.5% to 0%
2017_18_20170819_SOU_WHU,2017_18,2017-08-19,SOU,WHU,1,0.518324607329843,0.5186801497063935,0.5599134282446268,1.84,1.0485287659200702,V0.6,0.041588820914783775,0.030240707970113245,0.8400000000000001,2.5% to 5%
2017_18_20170819_STK_ARS,2017_18,2017-08-19,STK,ARS,0,0.5300261096605744,0.5307557181301776,0.5676385608820131,1.8,1.0481663929939793,V0.6,0.03761245122143875,0.021749409587623614,-1.0,2.5% to 5%
2017_18_20170819_SWA_MUN,2017_18,2017-08-19,SWA,MUN,1,0.5039164490861618,0.4196228979119422,0.4799830620255373,1.9,1.0444505044995909,V0.6,-0.023933387060624534,-0.08803218215147912,0.8999999999999999,-2.5% to 0%
2017_18_20170820_HUD_NEW,2017_18,2017-08-20,HUD,NEW,0,0.4293059125964009,0.5789279330869056,0.3847601121370343,2.22,1.0492528456600314,V0.6,-0.04454580045936657,-0.14583255105578374,-1.0,-5% to -2.5%
2017_18_20170820_TOT_CHE,2017_18,2017-08-20,TOT,CHE,1,0.5026178010471204,0.6378199905689734,0.4999120284904703,1.9,1.0471491228070176,V0.6,-0.00270577255665011,-0.050167145868106555,0.8999999999999999,-2.5% to 0%
2017_18_20170821_MCI_EVE,2017_18,2017-08-21,MCI,EVE,0,0.5913705583756345,0.5963632881405657,0.607652428632118,1.61,1.0503025617785835,V0.6,0.016281870256483533,-0.02167958990229002,-1.0,0% to 2.5%
2017_18_20170826_BOU_MCI,2017_18,2017-08-26,BOU,MCI,1,0.6348039215686274,0.4969180907986929,0.6430104422448982,1.49,1.0572413256977016,V0.6,0.008206520676270812,-0.04191444105510167,0.49,0% to 2.5%
2017_18_20170826_CRY_SWA,2017_18,2017-08-26,CRY,SWA,0,0.4430051813471503,0.4622324951030592,0.427885316465697,2.15,1.0499116007071942,V0.6,-0.015119864881453282,-0.08004656959875145,-1.0,-2.5% to 0%
2017_18_20170826_HUD_SOU,2017_18,2017-08-26,HUD,SOU,0,0.4341085271317829,0.5596863094841029,0.4508698014989015,2.19,1.0518590998043054,V0.6,0.016761274367118606,-0.01259513471740581,-1.0,0% to 2.5%
2017_18_20170826_MUN_LEI,2017_18,2017-08-26,MUN,LEI,0,0.5769230769230769,0.5821129156699628,0.6310302477212462,1.65,1.0505050505050506,V0.6,0.05410717079816929,0.04119990874005608,-1.0,5% to 10%
2017_18_20170826_NEW_WHU,2017_18,2017-08-26,NEW,WHU,1,0.4921465968586388,0.483556163865361,0.468265581233472,1.94,1.0473788111427944,V0.6,-0.023881015625166813,-0.09156477240706429,0.94,-2.5% to 0%
2017_18_20170826_WAT_BRI,2017_18,2017-08-26,WAT,BRI,0,0.4304123711340206,0.431815307982291,0.4148617775411177,2.21,1.0512910829923865,V0.6,-0.015550593592902895,-0.08315547163412995,-1.0,-2.5% to 0%
2017_18_20170827_CHE_EVE,2017_18,2017-08-27,CHE,EVE,0,0.4973821989528796,0.6148332809588357,0.5158951859238589,1.92,1.0471491228070176,V0.6,0.01851298697097925,-0.009481243026191022,-1.0,0% to 2.5%
2017_18_20170827_LIV_ARS,2017_18,2017-08-27,LIV,ARS,1,0.601010101010101,0.5652830569666311,0.5995821599537821,1.58,1.053079459631954,V0.6,-0.0014279410563189376,-0.05266018727302435,0.5800000000000001,-2.5% to 0%
2017_18_20170827_TOT_BUR,2017_18,2017-08-27,TOT,BUR,0,0.5732647814910026,0.575402082117312,0.5647213433374761,1.66,1.0508401318277596,V0.6,-0.008543438153526428,-0.0625625700597896,-1.0,-2.5% to 0%
2017_18_20170827_WBA_STK,2017_18,2017-08-27,WBA,STK,0,0.3667481662591687,0.4781939523858908,0.3659905918201131,2.59,1.0527670527670527,V0.6,-0.0007575744390555528,-0.05208436718590703,-1.0,-2.5% to 0%
2017_18_20170909_ARS_BOU,2017_18,2017-09-09,ARS,BOU,1,0.6736596736596736,0.5878494294866258,0.7177574835209652,1.4,1.0603064755313891,V0.6,0.04409780986129164,0.0048604769293512096,0.3999999999999999,2.5% to 5%
2017_18_20170909_BRI_WBA,2017_18,2017-09-09,BRI,WBA,1,0.3643031784841076,0.3860087693847835,0.4077933468320912,2.6,1.0557563242127,V0.6,0.04349016834798358,0.060262701763437176,1.6,2.5% to 5%
2017_18_20170909_EVE_TOT,2017_18,2017-09-09,EVE,TOT,1,0.4673629242819843,0.5785028748403918,0.484348825804911,2.04,1.0488552963084674,V0.6,0.016985901522926727,-0.011928395357981514,1.04,0% to 2.5%
2017_18_20170909_LEI_CHE,2017_18,2017-09-09,LEI,CHE,1,0.5130890052356021,0.6221535289459831,0.5798238225281516,1.86,1.0478384902348037,V0.6,0.06673481729254949,0.07847230990236187,0.8600000000000001,5% to 10%
2017_18_20170909_MCI_LIV,2017_18,2017-09-09,MCI,LIV,1,0.6212871287128713,0.5788371689881079,0.6172460645777058,1.53,1.052001145743822,V0.6,-0.004041064135165473,-0.05561352119611007,0.53,-2.5% to 0%
2017_18_20170909_SOU_WAT,2017_18,2017-09-09,SOU,WAT,0,0.4842931937172774,0.5293167562516785,0.5348056699375022,1.97,1.04815475373851,V0.6,0.05051247622022481,0.053567169776879364,-1.0,5% to 10%
2017_18_20170909_STK_MUN,2017_18,2017-09-09,STK,MUN,1,0.5078534031413613,0.4692235191740571,0.5241013448167802,1.88,1.0473788111427944,V0.6,0.016247941675418875,-0.014689471744453342,0.8799999999999999,0% to 2.5%
2017_18_20170910_BUR_CRY,2017_18,2017-09-10,BUR,CRY,0,0.4035532994923858,0.5162920196564132,0.4087573480034474,2.35,1.05446273250368,V0.6,0.005204048511061599,-0.03942023219189861,-1.0,0% to 2.5%
2017_18_20170910_SWA_NEW,2017_18,2017-09-10,SWA,NEW,0,0.4392764857881137,0.4751318922545012,0.4370713687006499,2.17,1.0490647872052046,V0.6,-0.0022051170874637926,-0.05155512991958977,-1.0,-2.5% to 0%
2017_18_20170911_WHU_HUD,2017_18,2017-09-11,WHU,HUD,0,0.4790575916230366,0.377973482162741,0.3824556971336292,1.99,1.0489606502457642,V0.6,-0.09660189448940742,-0.23891316270407792,-1.0,-10% to -5%
2017_18_20170915_BOU_BRI,2017_18,2017-09-15,BOU,BRI,1,0.4621409921671018,0.5043000164627769,0.5413908204179263,2.06,1.0504086446163128,V0.6,0.0792498282508245,0.11526509006092822,1.06,5% to 10%
2017_18_20170916_CRY_SOU,2017_18,2017-09-16,CRY,SOU,0,0.413265306122449,0.4578412625051083,0.4221800706908749,2.3,1.052066559312936,V0.6,0.008914764568425881,-0.028985837410987814,-1.0,0% to 2.5%
2017_18_20170916_HUD_LEI,2017_18,2017-09-16,HUD,LEI,0,0.4633507853403141,0.5377861254148492,0.5189152250156908,2.05,1.05277662946121,V0.6,0.055564439675376665,0.06377621128216604,-1.0,5% to 10%
2017_18_20170916_LIV_BUR,2017_18,2017-09-16,LIV,BUR,0,0.6115288220551378,0.5924382065693712,0.6665418798421311,1.55,1.0549973558963512,V0.6,0.05501305778699328,0.03313991375530323,-1.0,5% to 10%
2017_18_20170916_NEW_STK,2017_18,2017-09-16,NEW,STK,1,0.4378238341968911,0.4920341587863107,0.4224634023790327,2.17,1.052545469418919,V0.6,-0.0153604318178584,-0.08325441683749912,1.17,-2.5% to 0%
2017_18_20170916_TOT_SWA,2017_18,2017-09-16,TOT,SWA,0,0.615,0.5036607535846114,0.5646948938219438,1.54,1.0558547143912995,V0.6,-0.05030510617805617,-0.13036986351420654,-1.0,-10% to -5%
2017_18_20170916_WAT_MCI,2017_18,2017-09-16,WAT,MCI,1,0.6314496314496314,0.5103093455620552,0.6569550801522493,1.5,1.0557717250324254,V0.6,0.02550544870261795,-0.014567379771625921,0.5,2.5% to 5%
2017_18_20170916_WBA_WHU,2017_18,2017-09-16,WBA,WHU,0,0.4329896907216495,0.5071500964886451,0.4417848705683925,2.2,1.0497835497835497,V0.6,0.008795179846742995,-0.02807328474953641,-1.0,0% to 2.5%
2017_18_20170917_CHE_ARS,2017_18,2017-09-17,CHE,ARS,0,0.586734693877551,0.596836729969053,0.5784167310534801,1.62,1.052066559312936,V0.6,-0.008317962824070824,-0.06296489569336217,-1.0,-2.5% to 0%
2017_18_20170917_MUN_EVE,2017_18,2017-09-17,MUN,EVE,1,0.5404699738903395,0.5614388302873575,0.5822999641748622,1.76,1.0512736056214318,V0.6,0.04182999028452272,0.024847936947757443,0.76,2.5% to 5%
2017_18_20170923_BUR_HUD,2017_18,2017-09-23,BUR,HUD,0,0.3954659949622167,0.394324498183321,0.3181613938549089,2.4,1.0536093418259025,V0.6,-0.0773046011073078,-0.2364126547482187,-1.0,-10% to -5%
2017_18_20170923_EVE_BOU,2017_18,2017-09-23,EVE,BOU,1,0.5144356955380577,0.5490152964011342,0.5536439753223115,1.85,1.0507446221731935,V0.6,0.039208279784253786,0.024241354346276278,0.8500000000000001,2.5% to 5%
2017_18_20170923_LEI_LIV,2017_18,2017-09-23,LEI,LIV,1,0.5633074935400517,0.5646083654436249,0.5860232470388504,1.69,1.0504315726616362,V0.6,0.02271575349879873,-0.009620712504342821,0.69,0% to 2.5%
2017_18_20170923_MCI_CRY,2017_18,2017-09-23,MCI,CRY,1,0.6971046770601336,0.5610488815888056,0.6950971502786191,1.36,1.0547829355384326,V0.6,-0.0020075267815145015,-0.054667875621078,0.3600000000000001,-2.5% to 0%
2017_18_20170923_SOU_MUN,2017_18,2017-09-23,SOU,MUN,0,0.4671916010498688,0.5279481792106175,0.5087993756532961,2.03,1.0544085902474123,V0.6,0.04160777460342735,0.03286273257619099,-1.0,2.5% to 5%
2017_18_20170923_STK_CHE,2017_18,2017-09-23,STK,CHE,1,0.5352480417754569,0.5069305076587995,0.56209985832073,1.78,1.0496026308577693,V0.6,0.026851816545273022,0.000537747810899436,0.78,2.5% to 5%
2017_18_20170923_SWA_WAT,2017_18,2017-09-23,SWA,WAT,1,0.4557291666666667,0.5475578859722535,0.5378873517062185,2.09,1.0498974709501026,V0.6,0.0821581850395518,0.12418456506599651,1.0899999999999999,5% to 10%
2017_18_20170923_WHU_TOT,2017_18,2017-09-23,WHU,TOT,1,0.5633074935400517,0.5399129142473675,0.6069287165549768,1.69,1.0504315726616362,V0.6,0.0436212230149251,0.025709530977910733,0.69,2.5% to 5%
2017_18_20170924_BRI_NEW,2017_18,2017-09-24,BRI,NEW,0,0.3954659949622167,0.4788681989934772,0.3922284199992629,2.4,1.0536093418259025,V0.6,-0.003237574962953793,-0.058651792001769065,-1.0,-2.5% to 0%
2017_18_20170925_ARS_WBA,2017_18,2017-09-25,ARS,WBA,0,0.5784061696658098,0.5731746720019568,0.6368506842530935,1.64,1.05420054200542,V0.6,0.058444514587283725,0.044435122175073394,-1.0,5% to 10%
2017_18_20170930_BOU_LEI,2017_18,2017-09-30,BOU,LEI,0,0.5261780104712042,0.6037385180349083,0.6317911553721501,1.81,1.0499986256562492,V0.6,0.10561314490094598,0.1435419912235918,-1.0,> 10%
2017_18_20170930_CHE_MCI,2017_18,2017-09-30,CHE,MCI,0,0.5584415584415584,0.5575147343747582,0.5091667116422712,1.7,1.0533515731874146,V0.6,-0.049274846799287175,-0.1344165902081389,-1.0,-5% to -2.5%
2017_18_20170930_HUD_TOT,2017_18,2017-09-30,HUD,TOT,1,0.5468749999999999,0.5091605653119206,0.597413232132966,1.74,1.0509031198686372,V0.6,0.050538232132966154,0.03949902391136084,0.74,5% to 10%
2017_18_20170930_MUN_CRY,2017_18,2017-09-30,MUN,CRY,1,0.598984771573604,0.5564977658630351,0.6380681038328625,1.58,1.0566402059643851,V0.6,0.03908333225925853,0.008147604055922741,0.5800000000000001,2.5% to 5%
2017_18_20170930_STK_SOU,2017_18,2017-09-30,STK,SOU,1,0.4378238341968911,0.4786364248064104,0.4550120214706969,2.17,1.052545469418919,V0.6,0.017188187273805833,-0.012623913408587706,1.17,0% to 2.5%
2017_18_20170930_WBA_WAT,2017_18,2017-09-30,WBA,WAT,1,0.3884711779448621,0.5564977650784199,0.44655297490227,2.44,1.0549973558963512,V0.6,0.058081796957407894,0.08958925876153878,1.44,5% to 10%
2017_18_20170930_WHU_SWA,2017_18,2017-09-30,WHU,SWA,0,0.4738219895287958,0.4457159221436108,0.4336895807124445,2.01,1.0499986256562492,V0.6,-0.04013240881635127,-0.1282839427679866,-1.0,-5% to -2.5%
2017_18_20171001_ARS_BRI,2017_18,2017-10-01,ARS,BRI,0,0.6105527638190955,0.5529703071175254,0.6752281646224567,1.55,1.0566839240674366,V0.6,0.0646754008033612,0.04660365516480791,-1.0,5% to 10%
2017_18_20171001_EVE_BUR,2017_18,2017-10-01,EVE,BUR,0,0.4569190600522194,0.5563544311958555,0.4997526374432323,2.08,1.052197802197802,V0.6,0.0428335773910129,0.03948548588192313,-1.0,2.5% to 5%
2017_18_20171001_NEW_LIV,2017_18,2017-10-01,NEW,LIV,0,0.5647668393782384,0.5195221049368398,0.5735030157861449,1.68,1.0539536915683705,V0.6,0.008736176407906582,-0.03651493347927659,-1.0,0% to 2.5%
2017_18_20171014_BUR_WHU,2017_18,2017-10-14,BUR,WHU,0,0.4263565891472868,0.5098025710631271,0.429381562885518,2.22,1.0565110565110565,V0.6,0.0030249737382311848,-0.04677293039414998,-1.0,0% to 2.5%
2017_18_20171014_CRY_CHE,2017_18,2017-10-14,CRY,CHE,1,0.5236842105263159,0.5472608357836625,0.5987868448029134,1.81,1.054998750659374,V0.6,0.07510263427659758,0.08380418909327347,0.81,5% to 10%
2017_18_20171014_LIV_MUN,2017_18,2017-10-14,LIV,MUN,0,0.5013123359580053,0.5509140032127817,0.4848562000486591,1.9,1.049875998897768,V0.6,-0.016456135909346192,-0.07877321990754782,-1.0,-2.5% to 0%
2017_18_20171014_MCI_STK,2017_18,2017-10-14,MCI,STK,1,0.7212765957446808,0.5696587719190733,0.7199885747425597,1.31,1.0583440293634172,V0.6,-0.0012880210021211091,-0.05681496708724676,0.31000000000000005,-2.5% to 0%
2017_18_20171014_SWA_HUD,2017_18,2017-10-14,SWA,HUD,0,0.3746898263027295,0.3735836247096578,0.322316241460537,2.52,1.059077052454536,V0.6,-0.05237358484219251,-0.1877630715194467,-1.0,-10% to -5%
2017_18_20171014_TOT_BOU,2017_18,2017-10-14,TOT,BOU,0,0.6820276497695854,0.5621143462504448,0.6817683209382968,1.38,1.062475518997258,V0.6,-0.00025932883128865214,-0.059159717105150555,-1.0,-2.5% to 0%
2017_18_20171014_WAT_ARS,2017_18,2017-10-14,WAT,ARS,1,0.6085858585858586,0.4993086544674247,0.6159488037377561,1.55,1.0600990496586802,V0.6,0.007362945151897504,-0.045279354206478106,0.55,0% to 2.5%
2017_18_20171015_BRI_EVE,2017_18,2017-10-15,BRI,EVE,0,0.3894472361809045,0.5368275218445905,0.4368366326772863,2.43,1.0566839240674366,V0.6,0.0473893964963818,0.06151301740580584,-1.0,2.5% to 5%
2017_18_20171015_SOU_NEW,2017_18,2017-10-15,SOU,NEW,1,0.4490861618798955,0.4978066955337284,0.4724242685790005,2.11,1.055328998126309,V0.6,0.02333810669910502,-0.0031847932983090077,1.1099999999999999,0% to 2.5%
2017_18_20171016_LEI_WBA,2017_18,2017-10-16,LEI,WBA,0,0.4516971279373368,0.5205381118019888,0.4647956191238733,2.1,1.054225158271401,V0.6,0.013098491186536498,-0.023929199839866078,-1.0,0% to 2.5%
2017_18_20171020_WHU_BRI,2017_18,2017-10-20,WHU,BRI,1,0.4241645244215937,0.4737376807391432,0.4273299174530309,2.24,1.0524891774891776,V0.6,0.0031653930314372025,-0.04278098490521065,1.2400000000000002,0% to 2.5%
2017_18_20171021_CHE_WAT,2017_18,2017-10-21,CHE,WAT,1,0.5918367346938775,0.5986247199717375,0.6351296162442457,1.6,1.0560344827586208,V0.6,0.043292881550368145,0.01620738599079319,0.6000000000000001,2.5% to 5%
2017_18_20171021_HUD_MUN,2017_18,2017-10-21,HUD,MUN,1,0.4881889763779528,0.4200037839642598,0.5030622262895738,1.95,1.0504549214226633,V0.6,0.014873249911620978,-0.019028658735331216,0.95,0% to 2.5%
2017_18_20171021_MCI_BUR,2017_18,2017-10-21,MCI,BUR,1,0.7423935091277891,0.5454260577898029,0.7079355401022538,1.27,1.0606256185189964,V0.6,-0.03445796902553533,-0.1009218640701377,0.27,-5% to -2.5%
2017_18_20171021_NEW_CRY,2017_18,2017-10-21,NEW,CRY,0,0.4633507853403141,0.5154737189408429,0.4746241658992257,2.05,1.05277662946121,V0.6,0.011273380558911583,-0.027020459906587413,-1.0,0% to 2.5%
2017_18_20171021_SOU_WBA,2017_18,2017-10-21,SOU,WBA,0,0.3999999999999999,0.5244525334279468,0.4427126844525051,2.37,1.0548523206751057,V0.6,0.0427126844525052,0.049229062152437164,-1.0,2.5% to 5%
2017_18_20171021_STK_BOU,2017_18,2017-10-21,STK,BOU,1,0.4908136482939633,0.5317237936129307,0.5329332388155126,1.94,1.0502232758145431,V0.6,0.04211959052154929,0.03389048330209432,0.94,2.5% to 5%
2017_18_20171021_SWA_LEI,2017_18,2017-10-21,SWA,LEI,1,0.4490861618798955,0.5611293772973681,0.5254597118077168,2.11,1.055328998126309,V0.6,0.0763735499278213,0.10871999191428228,1.1099999999999999,5% to 10%
2017_18_20171022_EVE_ARS,2017_18,2017-10-22,EVE,ARS,1,0.5261780104712042,0.6201096213070864,0.6143848020095192,1.81,1.0499986256562492,V0.6,0.08820679153831501,0.11203649163722984,0.81,5% to 10%
2017_18_20171022_TOT_LIV,2017_18,2017-10-22,TOT,LIV,1,0.5732647814910026,0.5674315389740457,0.5379214463657158,1.66,1.0508401318277596,V0.6,-0.03534333512528676,-0.1070503990329118,0.6599999999999999,-5% to -2.5%
2017_18_20171028_ARS_SWA,2017_18,2017-10-28,ARS,SWA,1,0.6674528301886793,0.5053594680684734,0.6533889800802434,1.41,1.0625767486153923,V0.6,-0.014063850108435916,-0.07872153808685689,0.4099999999999999,-2.5% to 0%
2017_18_20171028_BOU_CHE,2017_18,2017-10-28,BOU,CHE,0,0.5809768637532133,0.5294994167690888,0.6303075825741266,1.63,1.055974808621532,V0.6,0.04933071882091322,0.027401359595826236,-1.0,2.5% to 5%
2017_18_20171028_CRY_WHU,2017_18,2017-10-28,CRY,WHU,1,0.4569190600522194,0.5386318915928278,0.5155759276705733,2.08,1.052197802197802,V0.6,0.05865686761835387,0.0723979295547923,1.08,5% to 10%
2017_18_20171028_LIV_HUD,2017_18,2017-10-28,LIV,HUD,1,0.6381418092909535,0.4945396384917687,0.6547491923000168,1.48,1.0588174381277828,V0.6,0.01660738300906328,-0.03097119539597515,0.48,0% to 2.5%
2017_18_20171028_MUN_TOT,2017_18,2017-10-28,MUN,TOT,0,0.4415584415584415,0.5440043570365689,0.3949500202684287,2.15,1.0533515731874146,V0.6,-0.0466084212900128,-0.1508574564228784,-1.0,-5% to -2.5%
2017_18_20171028_WAT_STK,2017_18,2017-10-28,WAT,STK,0,0.5,0.5154494018156167,0.5216770250312528,1.91,1.0471204188481675,V0.6,0.021677025031252795,-0.0035968821903071824,-1.0,0% to 2.5%
2017_18_20171028_WBA_MCI,2017_18,2017-10-28,WBA,MCI,1,0.6184538653366584,0.5219617432392809,0.65847236327692,1.53,1.056820577693443,V0.6,0.04001849794026169,0.007462715813687737,0.53,2.5% to 5%
2017_18_20171029_BRI_SOU,2017_18,2017-10-29,BRI,SOU,0,0.3869346733668342,0.4860743592849316,0.3876292723810309,2.44,1.0591867149244198,V0.6,0.0006945990141967173,-0.05418457539028465,-1.0,0% to 2.5%
2017_18_20171029_LEI_EVE,2017_18,2017-10-29,LEI,EVE,0,0.4894736842105264,0.6154314619574126,0.5769858852566275,1.94,1.0530983261279236,V0.6,0.08751220104610113,0.11935261739785741,-1.0,5% to 10%
2017_18_20171030_BUR_NEW,2017_18,2017-10-30,BUR,NEW,0,0.4102564102564102,0.463484101631232,0.3897113534058704,2.3,1.0597826086956523,V0.6,-0.02054505685053981,-0.10366388716649821,-1.0,-2.5% to 0%
2017_18_20171104_HUD_WBA,2017_18,2017-11-04,HUD,WBA,0,0.3436754176610979,0.4676031506356392,0.3672371285545097,2.75,1.058080808080808,V0.6,0.023561710893411802,0.009902103524901618,-1.0,0% to 2.5%
2017_18_20171104_NEW_BOU,2017_18,2017-11-04,NEW,BOU,0,0.4724409448818897,0.5170402666476956,0.5016719267356676,2.01,1.053067993366501,V0.6,0.029230981853777926,0.00836057273869173,-1.0,2.5% to 5%
2017_18_20171104_SOU_BUR,2017_18,2017-11-04,SOU,BUR,0,0.4168797953964194,0.4849094662141581,0.4180270095812673,2.28,1.0520934237434076,V0.6,0.0011472141848479223,-0.04689841815471063,-1.0,0% to 2.5%
2017_18_20171104_STK_LEI,2017_18,2017-11-04,STK,LEI,1,0.4750656167979003,0.5656582261765147,0.5390545068369054,2.0,1.0524861878453038,V0.6,0.06398889003900504,0.07810901367381073,1.0,5% to 10%
2017_18_20171104_SWA_BRI,2017_18,2017-11-04,SWA,BRI,0,0.3919597989949749,0.4816839017582865,0.4164971870842662,2.42,1.0542487815215087,V0.6,0.02453738808929129,0.007923192743924057,-1.0,0% to 2.5%
2017_18_20171104_WHU_LIV,2017_18,2017-11-04,WHU,LIV,1,0.5831202046035805,0.5850654838920317,0.6546769088406976,1.63,1.0520934237434076,V0.6,0.07155670423711713,0.06712336141033703,0.6299999999999999,5% to 10%
2017_18_20171105_CHE_MUN,2017_18,2017-11-05,CHE,MUN,0,0.4153846153846153,0.5293050628768433,0.3596416034619447,2.28,1.0558804418453542,V0.6,-0.055743011922670616,-0.18001714410676617,-1.0,-10% to -5%
2017_18_20171105_EVE_WAT,2017_18,2017-11-05,EVE,WAT,1,0.4712041884816754,0.5732810428659488,0.5121190336371821,2.02,1.0506050605060506,V0.6,0.04091484515550675,0.03448044794710792,1.02,2.5% to 5%
2017_18_20171105_MCI_ARS,2017_18,2017-11-05,MCI,ARS,1,0.695067264573991,0.6435641669642332,0.7063074225826883,1.36,1.0578747628083491,V0.6,0.011240158008697265,-0.03942190528754386,0.3600000000000001,0% to 2.5%
2017_18_20171105_TOT_CRY,2017_18,2017-11-05,TOT,CRY,0,0.6414634146341464,0.6090129326681848,0.6971866506098011,1.47,1.0605002457256667,V0.6,0.05572323597565476,0.024864376396407595,-1.0,5% to 10%
2017_18_20171118_ARS_TOT,2017_18,2017-11-18,ARS,TOT,0,0.583547557840617,0.6086168196873363,0.6212547035079372,1.62,1.0578125849785174,V0.6,0.03770714566732025,0.006432619682858354,-1.0,2.5% to 5%
2017_18_20171118_BOU_HUD,2017_18,2017-11-18,BOU,HUD,1,0.4389610389610389,0.4275674233865361,0.4282663437289672,2.16,1.054678939294324,V0.6,-0.010694695232071671,-0.07494469754543076,1.1600000000000001,-2.5% to 0%
2017_18_20171118_BUR_SWA,2017_18,2017-11-18,BUR,SWA,0,0.3703703703703704,0.4738640284147258,0.3638734774579912,2.55,1.0588235294117647,V0.6,-0.006496892912379204,-0.07212263248212247,-1.0,-2.5% to 0%
2017_18_20171118_CRY_EVE,2017_18,2017-11-18,CRY,EVE,1,0.4352331606217616,0.5977245980074616,0.5474936561059873,2.18,1.0539536915683705,V0.6,0.11226049548422573,0.19353617031105252,1.1800000000000002,> 10%
2017_18_20171118_LEI_MCI,2017_18,2017-11-18,LEI,MCI,0,0.6666666666666667,0.5511457981911339,0.6792178996653917,1.41,1.0638297872340423,V0.6,0.01255123299872496,-0.04230276147179779,-1.0,0% to 2.5%
2017_18_20171118_LIV_SOU,2017_18,2017-11-18,LIV,SOU,1,0.5758354755784061,0.5456999220321779,0.596015950054719,1.65,1.0524891774891776,V0.6,0.020180474476312882,-0.016573682409713797,0.6499999999999999,0% to 2.5%
2017_18_20171118_MUN_NEW,2017_18,2017-11-18,MUN,NEW,1,0.518324607329843,0.5022733872743288,0.5212117959227709,1.84,1.0485287659200702,V0.6,0.002887188592927914,-0.04097029550210152,0.8400000000000001,0% to 2.5%
2017_18_20171118_WBA_CHE,2017_18,2017-11-18,WBA,CHE,1,0.4633507853403141,0.5159821918869153,0.4925731623510431,2.05,1.05277662946121,V0.6,0.029222377010728995,0.00977498281963829,1.0499999999999998,2.5% to 5%
2017_18_20171119_WAT_WHU,2017_18,2017-11-19,WAT,WHU,0,0.5026315789473684,0.5248666385640578,0.5227430976554494,1.89,1.052660738524613,V0.6,0.020111518708080922,-0.012015545431200758,-1.0,0% to 2.5%
2017_18_20171120_BRI_STK,2017_18,2017-11-20,BRI,STK,1,0.3964646464646465,0.5333215689420417,0.4252964639747087,2.39,1.0553527170002397,V0.6,0.028831817510062197,0.016458548899553893,1.3900000000000001,2.5% to 5%
2017_18_20171124_WHU_LEI,2017_18,2017-11-24,WHU,LEI,0,0.4803149606299213,0.5676180715128287,0.547415472967613,1.98,1.051498592482199,V0.6,0.06710051233769165,0.08388263647587357,-1.0,5% to 10%
2017_18_20171125_CRY_STK,2017_18,2017-11-25,CRY,STK,1,0.468586387434555,0.5193134764021401,0.5041497328002268,2.03,1.0512700553155183,V0.6,0.035563345365671795,0.023423957584460364,1.0299999999999998,2.5% to 5%
2017_18_20171125_LIV_CHE,2017_18,2017-11-25,LIV,CHE,0,0.5621761658031088,0.55900243427251,0.5501680783276024,1.69,1.052545469418919,V0.6,-0.012008087475506413,-0.07021594762635197,-1.0,-2.5% to 0%
2017_18_20171125_MUN_BRI,2017_18,2017-11-25,MUN,BRI,0,0.5684754521963824,0.5210421613777737,0.609915500299242,1.67,1.0533478497550357,V0.6,0.04144004810285962,0.018558885499734057,-1.0,2.5% to 5%
2017_18_20171125_NEW_WAT,2017_18,2017-11-25,NEW,WAT,1,0.4738219895287958,0.5353104597975455,0.5110571252415708,2.01,1.0499986256562492,V0.6,0.03723513571277498,0.02722482173555707,1.0099999999999998,2.5% to 5%
2017_18_20171125_SWA_BOU,2017_18,2017-11-25,SWA,BOU,0,0.4352331606217616,0.487153706192732,0.4495536495003065,2.18,1.0539536915683705,V0.6,0.014320488878544924,-0.01997304408933176,-1.0,0% to 2.5%
2017_18_20171125_TOT_WBA,2017_18,2017-11-25,TOT,WBA,0,0.5610389610389611,0.599496830701764,0.6375211762954152,1.69,1.054678939294324,V0.6,0.07648221525645404,0.0774107879392516,-1.0,5% to 10%
2017_18_20171126_BUR_ARS,2017_18,2017-11-26,BUR,ARS,0,0.5520833333333334,0.5391139837863436,0.6036916415697279,1.72,1.0530934620447563,V0.6,0.05160830823639451,0.03834962349993187,-1.0,5% to 10%
2017_18_20171126_HUD_MCI,2017_18,2017-11-26,HUD,MCI,1,0.6447688564476886,0.5055262163038328,0.6901274219403012,1.46,1.0622899974153528,V0.6,0.045358565492612635,0.007586036032839694,0.45999999999999996,2.5% to 5%
2017_18_20171126_SOU_EVE,2017_18,2017-11-26,SOU,EVE,1,0.4215938303341903,0.6435006126643638,0.556300382030893,2.25,1.05420054200542,V0.6,0.13470655169670276,0.25167585956950944,1.25,> 10%
2017_18_20171128_BRI_CRY,2017_18,2017-11-28,BRI,CRY,0,0.3884711779448621,0.5323897486472778,0.4107601165003413,2.44,1.0549973558963512,V0.6,0.0222889385554792,0.00225468426083264,-1.0,0% to 2.5%
2017_18_20171128_LEI_TOT,2017_18,2017-11-28,LEI,TOT,1,0.5366492146596858,0.5406180846751483,0.5523532296135024,1.77,1.05277662946121,V0.6,0.01570401495381657,-0.02233478358410068,0.77,0% to 2.5%
2017_18_20171128_WAT_MUN,2017_18,2017-11-28,WAT,MUN,1,0.5261780104712042,0.4525382117928884,0.4983465767810346,1.81,1.0499986256562492,V0.6,-0.02783143369016955,-0.09799269602632732,0.81,-5% to -2.5%
2017_18_20171128_WBA_NEW,2017_18,2017-11-28,WBA,NEW,1,0.3929471032745592,0.5070238443975806,0.4184173376915357,2.41,1.0559634003617404,V0.6,0.025470234416976545,0.008385783836601046,1.4100000000000001,2.5% to 5%
2017_18_20171129_ARS_HUD,2017_18,2017-11-29,ARS,HUD,1,0.6320987654320989,0.5771282904995876,0.6925980854432269,1.49,1.0617659395973154,V0.6,0.06049932001112801,0.031971147310408066,0.49,5% to 10%
2017_18_20171129_BOU_BUR,2017_18,2017-11-29,BOU,BUR,1,0.4326424870466321,0.4135410614979957,0.3775679545196356,2.19,1.055423399775791,V0.6,-0.05507453252699651,-0.17312617960199805,1.19,-10% to -5%
2017_18_20171129_CHE_SWA,2017_18,2017-11-29,CHE,SWA,0,0.6155778894472362,0.5193461107540822,0.6161362775291519,1.53,1.0617580365479524,V0.6,0.0005583880819156617,-0.05731149538039759,-1.0,0% to 2.5%
2017_18_20171129_EVE_WHU,2017_18,2017-11-29,EVE,WHU,1,0.4698162729658792,0.5712670438116121,0.4800910212950179,2.02,1.05370872282759,V0.6,0.010274748329138716,-0.03021613698406378,1.02,0% to 2.5%
2017_18_20171129_MCI_SOU,2017_18,2017-11-29,MCI,SOU,1,0.6705607476635514,0.5930246892987947,0.6869699775819743,1.41,1.0576519139051572,V0.6,0.016409229918422863,-0.031372331609416326,0.4099999999999999,0% to 2.5%
2017_18_20171129_STK_LIV,2017_18,2017-11-29,STK,LIV,1,0.6025316455696202,0.5488683169563267,0.6432111134024392,1.57,1.0571107423861263,V0.6,0.04067946783281895,0.009841448041829626,0.5700000000000001,2.5% to 5%
2017_18_20171202_ARS_MUN,2017_18,2017-12-02,ARS,MUN,1,0.4947643979057591,0.5380066702578288,0.4621333170805522,1.93,1.047235244126436,V0.6,-0.03263108082520688,-0.1080826980345343,0.9299999999999999,-5% to -2.5%
2017_18_20171202_BRI_LIV,2017_18,2017-12-02,BRI,LIV,1,0.5366492146596858,0.5441017048736331,0.5946343844429703,1.77,1.05277662946121,V0.6,0.057985169783284496,0.05250286046405761,0.77,5% to 10%
2017_18_20171202_CHE_NEW,2017_18,2017-12-02,CHE,NEW,1,0.5903307888040712,0.5580190426812595,0.6243210746812932,1.61,1.0521524951809809,V0.6,0.03399028587722197,0.005156930236882129,0.6100000000000001,2.5% to 5%
2017_18_20171202_EVE_HUD,2017_18,2017-12-02,EVE,HUD,0,0.4673629242819843,0.5514043368267213,0.4777771204945314,2.04,1.0488552963084674,V0.6,0.010414196212547133,-0.02533467419115587,-1.0,0% to 2.5%
2017_18_20171202_LEI_BUR,2017_18,2017-12-02,LEI,BUR,0,0.4404145077720207,0.4861898316477128,0.4188516807397124,2.16,1.05119825708061,V0.6,-0.021562827032308274,-0.0952803696022212,-1.0,-2.5% to 0%
2017_18_20171202_STK_SWA,2017_18,2017-12-02,STK,SWA,1,0.4341085271317829,0.4244561672333925,0.3783251795767252,2.19,1.0518590998043054,V0.6,-0.055783347555057705,-0.17146785672697185,1.19,-10% to -5%
2017_18_20171202_WAT_TOT,2017_18,2017-12-02,WAT,TOT,0,0.5633074935400517,0.4806028825924908,0.5443696203696307,1.69,1.0504315726616362,V0.6,-0.01893787317042106,-0.0800153415753242,-1.0,-2.5% to 0%
2017_18_20171202_WBA_CRY,2017_18,2017-12-02,WBA,CRY,0,0.3964646464646465,0.5464761679791027,0.4476040345195387,2.39,1.0553527170002397,V0.6,0.051139388054892154,0.06977364250169749,-1.0,5% to 10%
2017_18_20171203_BOU_SOU,2017_18,2017-12-03,BOU,SOU,0,0.4389610389610389,0.4864134607448437,0.4437236908539729,2.16,1.054678939294324,V0.6,0.004762651892934011,-0.04155682775541847,-1.0,0% to 2.5%
2017_18_20171203_MCI_WHU,2017_18,2017-12-03,MCI,WHU,1,0.7578125,0.6134151742043746,0.7710663011453542,1.24,1.0641835716661123,V0.6,0.013253801145354238,-0.043877786579760714,0.24,0% to 2.5%
2017_18_20171209_BUR_WAT,2017_18,2017-12-09,BUR,WAT,0,0.4194373401534527,0.4946163727878092,0.4187286229959792,2.27,1.050284731922209,V0.6,-0.0007087171574735041,-0.0494860257991272,-1.0,-2.5% to 0%
2017_18_20171209_CRY_BOU,2017_18,2017-12-09,CRY,BOU,1,0.4569190600522194,0.4233802446425806,0.414756215236045,2.08,1.052197802197802,V0.6,-0.04216284481617438,-0.1373070723090264,1.08,-5% to -2.5%
2017_18_20171209_HUD_BRI,2017_18,2017-12-09,HUD,BRI,0,0.339667458432304,0.4343900983846311,0.3380159784951821,2.78,1.0590129295165267,V0.6,-0.0016514799371218913,-0.06031557978339375,-1.0,-2.5% to 0%
2017_18_20171209_NEW_LEI,2017_18,2017-12-09,NEW,LEI,1,0.4764397905759163,0.542305222060049,0.5229066764906594,2.0,1.0494505494505493,V0.6,0.04646688591474307,0.04581335298131872,1.0,2.5% to 5%
2017_18_20171209_SWA_WBA,2017_18,2017-12-09,SWA,WBA,0,0.3600973236009733,0.4924778076831997,0.393594607980927,2.63,1.0559038125578049,V0.6,0.033497284379953696,0.03515381898983794,-1.0,2.5% to 5%
2017_18_20171209_TOT_STK,2017_18,2017-12-09,TOT,STK,1,0.6271604938271605,0.6526417885707922,0.7324050740541665,1.51,1.055952443030714,V0.6,0.105244580227006,0.10593166182179159,0.51,> 10%
2017_18_20171209_WHU_CHE,2017_18,2017-12-09,WHU,CHE,0,0.5287958115183247,0.5504882906715094,0.5830744897275192,1.8,1.0506050605060506,V0.6,0.05427867820919452,0.049534081509534644,-1.0,5% to 10%
2017_18_20171210_LIV_EVE,2017_18,2017-12-10,LIV,EVE,0,0.6390243902439025,0.6261339890775218,0.6872550203649389,1.48,1.0573550649886527,V0.6,0.048230630121036455,0.01713743014010949,-1.0,2.5% to 5%
2017_18_20171210_MUN_MCI,2017_18,2017-12-10,MUN,MCI,1,0.5196850393700787,0.5856525578795123,0.521577668713914,1.83,1.051498592482199,V0.6,0.0018926293438352726,-0.04551286625353734,0.8300000000000001,0% to 2.5%
2017_18_20171210_SOU_ARS,2017_18,2017-12-10,SOU,ARS,0,0.5287958115183247,0.5605477833756097,0.5653216887310447,1.8,1.0506050605060506,V0.6,0.03652587721272005,0.017579039715880596,-1.0,2.5% to 5%
2017_18_20171212_BUR_STK,2017_18,2017-12-12,BUR,STK,0,0.398989898989899,0.5450987383173059,0.4390792578941337,2.38,1.053079459631954,V0.6,0.040089358904234706,0.04500863378803821,-1.0,2.5% to 5%
2017_18_20171212_CRY_WAT,2017_18,2017-12-12,CRY,WAT,1,0.518324607329843,0.4839870968399408,0.5329004993853554,1.84,1.0485287659200702,V0.6,0.014575892055512463,-0.01946308113094597,0.8400000000000001,0% to 2.5%
2017_18_20171212_HUD_CHE,2017_18,2017-12-12,HUD,CHE,1,0.4908616187989557,0.5226462362629212,0.5527618316293629,1.95,1.044735406437534,V0.6,0.0619002128304072,0.07788557167725751,0.95,5% to 10%
2017_18_20171213_LIV_WBA,2017_18,2017-12-13,LIV,WBA,0,0.6246913580246914,0.5447091014396022,0.6508301768819552,1.52,1.053151653838153,V0.6,0.026138818857263768,-0.010738131139428009,-1.0,2.5% to 5%
2017_18_20171213_MUN_BOU,2017_18,2017-12-13,MUN,BOU,0,0.5820512820512821,0.511485721708796,0.5707450813146046,1.63,1.0540255668765708,V0.6,-0.01130620073667754,-0.06968551745719465,-1.0,-2.5% to 0%
2017_18_20171213_NEW_EVE,2017_18,2017-12-13,NEW,EVE,0,0.4505208333333333,0.6350501213328078,0.5619995317471408,2.11,1.0519683313700243,V0.6,0.11147869841380748,0.1858190119864671,-1.0,> 10%
2017_18_20171213_SOU_LEI,2017_18,2017-12-13,SOU,LEI,1,0.4673629242819843,0.5245939032267671,0.4783120840432573,2.04,1.0488552963084674,V0.6,0.01094915976127303,-0.02424334855175503,1.04,0% to 2.5%
2017_18_20171213_SWA_MCI,2017_18,2017-12-13,SWA,MCI,1,0.6356968215158926,0.5277073044033951,0.699972134360025,1.49,1.0557563242127,V0.6,0.06427531284413246,0.04295848019643733,0.49,5% to 10%
2017_18_20171213_TOT_BRI,2017_18,2017-12-13,TOT,BRI,0,0.5856777493606138,0.5690453090248954,0.6401505632369333,1.62,1.0539651733247075,V0.6,0.054472813876319526,0.03704391244383198,-1.0,5% to 10%
2017_18_20171213_WHU_ARS,2017_18,2017-12-13,WHU,ARS,0,0.5710594315245477,0.55877954704474,0.6271521416212567,1.66,1.0548983263370224,V0.6,0.05609271009670891,0.041072555091286045,-1.0,5% to 10%
2017_18_20171216_ARS_NEW,2017_18,2017-12-16,ARS,NEW,0,0.6498800959232613,0.5922556792652567,0.7067245392914916,1.46,1.0539351968862154,V0.6,0.056844443368230246,0.03181782736557781,-1.0,5% to 10%
2017_18_20171216_BRI_BUR,2017_18,2017-12-16,BRI,BUR,0,0.3396226415094339,0.4562813239963121,0.3421859851582619,2.8,1.0515873015873016,V0.6,0.002563343648827987,-0.04187924155686684,-1.0,0% to 2.5%
2017_18_20171216_CHE_SOU,2017_18,2017-12-16,CHE,SOU,0,0.5532467532467532,0.6010601705563666,0.6173787150841336,1.72,1.0508789169123267,V0.6,0.06413196183738035,0.061891389944709774,-1.0,5% to 10%
2017_18_20171216_LEI_CRY,2017_18,2017-12-16,LEI,CRY,1,0.4986945169712793,0.4945442010743124,0.4709638826298472,1.92,1.0443935427574171,V0.6,-0.027730634341432137,-0.09574934535069346,0.9199999999999999,-5% to -2.5%
2017_18_20171216_MCI_TOT,2017_18,2017-12-16,MCI,TOT,1,0.6169154228855721,0.6290263102849994,0.6403649202834135,1.54,1.0525764558022623,V0.6,0.023449497397841412,-0.013838022763543179,0.54,0% to 2.5%
2017_18_20171216_STK_WHU,2017_18,2017-12-16,STK,WHU,1,0.4569190600522194,0.5370899196098423,0.4878288508395983,2.08,1.052197802197802,V0.6,0.030909790787378932,0.014684009746364524,1.08,2.5% to 5%
2017_18_20171216_WAT_HUD,2017_18,2017-12-16,WAT,HUD,1,0.4699738903394256,0.5105273430362957,0.5017571565891579,2.03,1.0481663929939793,V0.6,0.03178326624973227,0.018567027875990405,1.0299999999999998,2.5% to 5%
2017_18_20171217_BOU_LIV,2017_18,2017-12-17,BOU,LIV,1,0.6055276381909548,0.5185628769181259,0.640208128538244,1.57,1.0518804344953352,V0.6,0.03468049034728926,0.005126761805043234,0.5700000000000001,2.5% to 5%
2017_18_20171217_WBA_MUN,2017_18,2017-12-17,WBA,MUN,1,0.4595300261096606,0.4865810494618189,0.4857788600094455,2.07,1.0512736056214318,V0.6,0.026248833899784885,0.005562240219552095,1.0699999999999998,2.5% to 5%
2017_18_20171218_EVE_SWA,2017_18,2017-12-18,EVE,SWA,1,0.4215938303341903,0.5026861775268814,0.3775791452905646,2.25,1.05420054200542,V0.6,-0.04401468504362571,-0.15044692309622976,1.25,-5% to -2.5%
2017_18_20171222_ARS_LIV,2017_18,2017-12-22,ARS,LIV,1,0.6314496314496314,0.5722565029817539,0.6335204762876663,1.5,1.0557717250324254,V0.6,0.00207084483803488,-0.04971928556850058,0.5,0% to 2.5%
2017_18_20171223_BRI_WAT,2017_18,2017-12-23,BRI,WAT,0,0.4267352185089973,0.5069822897588789,0.4689230087624941,2.23,1.0508401318277596,V0.6,0.04218779025349678,0.0456983095403618,-1.0,2.5% to 5%
2017_18_20171223_BUR_TOT,2017_18,2017-12-23,BUR,TOT,1,0.468586387434555,0.5518603937893941,0.5278632572505989,2.03,1.0512700553155183,V0.6,0.05927686981604391,0.07156241221871573,1.0299999999999998,5% to 10%
2017_18_20171223_EVE_CHE,2017_18,2017-12-23,EVE,CHE,0,0.4647519582245431,0.5093263847297081,0.4035492279578012,2.05,1.0496026308577693,V0.6,-0.061202730266741945,-0.17272408268650763,-1.0,-10% to -5%
2017_18_20171223_LEI_MUN,2017_18,2017-12-23,LEI,MUN,1,0.4947643979057591,0.5432067186820105,0.5060078103123495,1.93,1.047235244126436,V0.6,0.011243412406590436,-0.02340492609716538,0.9299999999999999,0% to 2.5%
2017_18_20171223_MCI_BOU,2017_18,2017-12-23,MCI,BOU,1,0.7679245283018867,0.5548889324319232,0.7536875956899641,1.23,1.0587083757815463,V0.6,-0.014236932611922604,-0.07296425730134415,0.22999999999999998,-2.5% to 0%
2017_18_20171223_SOU_HUD,2017_18,2017-12-23,SOU,HUD,0,0.4595300261096606,0.5542054404905918,0.5137648756166309,2.07,1.0512736056214318,V0.6,0.05423484950697027,0.06349329252642577,-1.0,5% to 10%
2017_18_20171223_STK_WBA,2017_18,2017-12-23,STK,WBA,1,0.4060913705583756,0.5208469492367226,0.4607833931785502,2.34,1.0523504273504274,V0.6,0.05469202262017464,0.07823314003780735,1.3399999999999999,5% to 10%
2017_18_20171223_SWA_CRY,2017_18,2017-12-23,SWA,CRY,0,0.3999999999999999,0.4640026467454919,0.3915564357433964,2.37,1.0548523206751057,V0.6,-0.00844356425660353,-0.07201124728815056,-1.0,-2.5% to 0%
2017_18_20171223_WHU_NEW,2017_18,2017-12-23,WHU,NEW,1,0.4430051813471503,0.5296530777891062,0.4779542532393363,2.15,1.0499116007071942,V0.6,0.034949071892186045,0.027601644464573027,1.15,2.5% to 5%
2017_18_20171226_BOU_WHU,2017_18,2017-12-26,BOU,WHU,1,0.451948051948052,0.5744614399129581,0.5244784205952747,2.11,1.0486462929672604,V0.6,0.07253036864722273,0.10664946745602966,1.1099999999999999,5% to 10%
2017_18_20171226_CHE_BRI,2017_18,2017-12-26,CHE,BRI,0,0.5721649484536083,0.5372381801111384,0.6277163222613207,1.66,1.052860089004667,V0.6,0.055551373807712356,0.04200909495379235,-1.0,5% to 10%
2017_18_20171226_HUD_STK,2017_18,2017-12-26,HUD,STK,0,0.413265306122449,0.4735726549341622,0.3922514309054378,2.3,1.052066559312936,V0.6,-0.021013875217011202,-0.0978217089174932,-1.0,-2.5% to 0%
2017_18_20171226_LIV_SWA,2017_18,2017-12-26,LIV,SWA,1,0.6759259259259259,0.5404527990521069,0.6863239826546957,1.4,1.0567514677103718,V0.6,0.010398056728769811,-0.03914642428342607,0.3999999999999999,0% to 2.5%
2017_18_20171226_MUN_BUR,2017_18,2017-12-26,MUN,BUR,1,0.5442708333333333,0.4726965862115345,0.5233380405237126,1.75,1.0498974709501026,V0.6,-0.02093279280962068,-0.08415842908350302,0.75,-2.5% to 0%
2017_18_20171226_TOT_SOU,2017_18,2017-12-26,TOT,SOU,1,0.5633074935400517,0.6120295983476928,0.6247726179672625,1.69,1.0504315726616362,V0.6,0.06146512442721075,0.05586572436467363,0.69,5% to 10%
2017_18_20171226_WAT_LEI,2017_18,2017-12-26,WAT,LEI,1,0.5416666666666667,0.5088874728755224,0.5747393753218952,1.76,1.048951048951049,V0.6,0.03307270865522849,0.011541300566535684,0.76,2.5% to 5%
2017_18_20171226_WBA_EVE,2017_18,2017-12-26,WBA,EVE,0,0.3821339950372208,0.5230336976438519,0.4101311886999514,2.49,1.0509570750534605,V0.6,0.027997193662730624,0.021226659862879194,-1.0,2.5% to 5%
2017_18_20171227_NEW_MCI,2017_18,2017-12-27,NEW,MCI,0,0.6571428571428571,0.566767795608183,0.7147005705356699,1.44,1.0567632850241546,V0.6,0.05755771339281279,0.029168821571364578,-1.0,5% to 10%
2017_18_20171228_CRY_ARS,2017_18,2017-12-28,CRY,ARS,1,0.5856777493606138,0.4923430448103192,0.5957732507383707,1.62,1.0539651733247075,V0.6,0.010095501377756944,-0.03484733380383931,0.6200000000000001,0% to 2.5%
2017_18_20171230_BOU_EVE,2017_18,2017-12-30,BOU,EVE,1,0.4505208333333333,0.5568840590696246,0.4998574004209009,2.11,1.0519683313700243,V0.6,0.04933656708756756,0.054699114888100864,1.1099999999999999,2.5% to 5%
2017_18_20171230_CHE_STK,2017_18,2017-12-30,CHE,STK,1,0.6564705882352941,0.5956440809307971,0.7333034177764142,1.46,1.043354445917415,V0.6,0.07683282954112003,0.07062298995356464,0.45999999999999996,5% to 10%
2017_18_20171230_HUD_BUR,2017_18,2017-12-30,HUD,BUR,0,0.3477218225419664,0.3890332689118195,0.266275402289946,2.72,1.0573022312373226,V0.6,-0.08144642025202037,-0.27573090577134685,-1.0,-10% to -5%
2017_18_20171230_LIV_LEI,2017_18,2017-12-30,LIV,LEI,1,0.676674364896074,0.5798698289586292,0.6869299978412559,1.4,1.0555826426133592,V0.6,0.010255632945181836,-0.038298003022241844,0.3999999999999999,0% to 2.5%
2017_18_20171230_MUN_SOU,2017_18,2017-12-30,MUN,SOU,0,0.5442708333333333,0.5890568764171882,0.607386997650457,1.75,1.0498974709501026,V0.6,0.06311616431712375,0.06292724588829968,-1.0,5% to 10%
2017_18_20171230_NEW_BRI,2017_18,2017-12-30,NEW,BRI,0,0.3875,0.4664990750125837,0.3865019284355845,2.45,1.053324555628703,V0.6,-0.0009980715644155036,-0.05307027533281794,-1.0,-2.5% to 0%
2017_18_20171230_WAT_SWA,2017_18,2017-12-30,WAT,SWA,1,0.4621409921671018,0.4889830074638341,0.476017089218304,2.06,1.0504086446163128,V0.6,0.013876097051202185,-0.019404796210293784,1.06,0% to 2.5%
2017_18_20171231_CRY_MCI,2017_18,2017-12-31,CRY,MCI,0,0.6721311475409837,0.5381581217320298,0.7144473119108035,1.4,1.0627177700348431,V0.6,0.042316164369819775,0.0002262366751248912,-1.0,2.5% to 5%
2017_18_20171231_WBA_ARS,2017_18,2017-12-31,WBA,ARS,0,0.5235602094240838,0.5323234418476662,0.5841082707941052,1.82,1.0494505494505493,V0.6,0.060548061370021444,0.06307705284527154,-1.0,5% to 10%
2017_18_20180101_BRI_BOU,2017_18,2018-01-01,BRI,BOU,1,0.3865336658354114,0.472022017569388,0.393276390701228,2.46,1.0516653553632311,V0.6,0.006742724865816618,-0.03254007887497912,1.46,0% to 2.5%
2017_18_20180101_BUR_LIV,2017_18,2018-01-01,BUR,LIV,1,0.5287958115183247,0.500971137291814,0.5377383728557398,1.8,1.0506050605060506,V0.6,0.008942561337415111,-0.032070928859668335,0.8,0% to 2.5%
2017_18_20180101_EVE_MUN,2017_18,2018-01-01,EVE,MUN,0,0.4158163265306122,0.5360596770288723,0.4031995028165345,2.29,1.0501781552227611,V0.6,-0.012616823714077685,-0.07667313855013602,-1.0,-2.5% to 0%
2017_18_20180101_LEI_HUD,2017_18,2018-01-01,LEI,HUD,1,0.4764397905759163,0.5701906783483824,0.5201019920415525,2.0,1.0494505494505493,V0.6,0.04366220146563621,0.04020398408310499,1.0,2.5% to 5%
2017_18_20180101_STK_NEW,2017_18,2018-01-01,STK,NEW,0,0.4609375,0.55004427920416,0.5234801581409381,2.07,1.048063538852043,V0.6,0.06254265814093807,0.08360392735174171,-1.0,5% to 10%
2017_18_20180102_MCI_WAT,2017_18,2018-01-02,MCI,WAT,1,0.7121212121212122,0.57128787198586,0.7181270884011136,1.33,1.0558310670292752,V0.6,0.0060058762799014564,-0.04489097242651885,0.33000000000000007,0% to 2.5%
2017_18_20180102_SOU_CRY,2017_18,2018-01-02,SOU,CRY,1,0.4712041884816754,0.4906367157949095,0.4676287514334114,2.02,1.0506050605060506,V0.6,-0.003575437048263963,-0.05538992210450888,1.02,-2.5% to 0%
2017_18_20180102_SWA_TOT,2017_18,2018-01-02,SWA,TOT,0,0.5430809399477807,0.6057685618095304,0.6616790969129092,1.75,1.052197802197802,V0.6,0.11859815696512843,0.15793841959759103,-1.0,> 10%
2017_18_20180102_WHU_WBA,2017_18,2018-01-02,WHU,WBA,1,0.4025316455696203,0.4749135720033993,0.3839903524155382,2.36,1.052659631169385,V0.6,-0.018541293154082095,-0.09378276829932986,1.3599999999999999,-2.5% to 0%
2017_18_20180103_ARS_CHE,2017_18,2018-01-03,ARS,CHE,1,0.5758354755784061,0.577340763045013,0.6018554715840089,1.65,1.0524891774891776,V0.6,0.026019996005602786,-0.006938471886385411,0.6499999999999999,2.5% to 5%
2017_18_20180104_TOT_WHU,2017_18,2018-01-04,TOT,WHU,0,0.6105527638190955,0.606878994033706,0.6292182256072031,1.55,1.0566839240674366,V0.6,0.018665461788107574,-0.024711750308835212,-1.0,0% to 2.5%
2017_18_20180113_CHE_LEI,2017_18,2018-01-13,CHE,LEI,0,0.6115288220551378,0.5779027482577175,0.6341570836841848,1.55,1.0549973558963512,V0.6,0.022628261629046964,-0.017056520289513544,-1.0,0% to 2.5%
2017_18_20180113_CRY_BUR,2017_18,2018-01-13,CRY,BUR,0,0.4005037783375315,0.4343644465624791,0.3665910892472135,2.38,1.0490988848369536,V0.6,-0.03391268909031797,-0.12751320759163187,-1.0,-5% to -2.5%
2017_18_20180113_HUD_WHU,2017_18,2018-01-13,HUD,WHU,1,0.3830845771144278,0.4547914184481359,0.337699190713794,2.48,1.0525764558022623,V0.6,-0.045385386400633776,-0.1625060070297909,1.48,-5% to -2.5%
2017_18_20180113_NEW_SWA,2017_18,2018-01-13,NEW,SWA,0,0.4050632911392405,0.4744113033822333,0.3920997295788209,2.35,1.050531914893617,V0.6,-0.012963561560419612,-0.07856563548977091,-1.0,-2.5% to 0%
2017_18_20180113_TOT_EVE,2017_18,2018-01-13,TOT,EVE,1,0.5607235142118864,0.6008117833391092,0.5874467159217,1.7,1.0490647872052046,V0.6,0.02672320170981357,-0.0013405829331101238,0.7,2.5% to 5%
2017_18_20180113_WAT_SOU,2017_18,2018-01-13,WAT,SOU,1,0.4921465968586388,0.5328283128443102,0.5526122329672747,1.94,1.0473788111427944,V0.6,0.06046563610863587,0.07206773195651284,0.94,5% to 10%
2017_18_20180113_WBA_BRI,2017_18,2018-01-13,WBA,BRI,0,0.3248259860788863,0.509007679449845,0.3803555430884471,2.91,1.057928325969563,V0.6,0.055529557009560804,0.10683463038738106,-1.0,5% to 10%
2017_18_20180114_BOU_ARS,2017_18,2018-01-14,BOU,ARS,1,0.6271604938271605,0.5744275042874541,0.696505073171545,1.51,1.055952443030714,V0.6,0.06934457934438443,0.051722660489032846,0.51,5% to 10%
2017_18_20180114_LIV_MCI,2017_18,2018-01-14,LIV,MCI,1,0.6228287841191067,0.6021255432116127,0.6281912852691149,1.52,1.0563011113440974,V0.6,0.0053625011500082476,-0.04514924639094531,0.52,0% to 2.5%
2017_18_20180115_MUN_STK,2017_18,2018-01-15,MUN,STK,1,0.6305418719211823,0.5898036750475998,0.7051120131960756,1.5,1.0572916666666663,V0.6,0.07457014127489336,0.05766801979411351,0.5,5% to 10%
2017_18_20180120_ARS_CRY,2017_18,2018-01-20,ARS,CRY,1,0.5974683544303797,0.5216797143261401,0.5848550745668817,1.59,1.052659631169385,V0.6,-0.012613279863498028,-0.07008043143865805,0.5900000000000001,-2.5% to 0%
2017_18_20180120_BRI_CHE,2017_18,2018-01-20,BRI,CHE,1,0.4341085271317829,0.4889205408202413,0.4591609460778769,2.19,1.0518590998043054,V0.6,0.025052418946094,0.00556247191055026,1.19,2.5% to 5%
2017_18_20180120_BUR_MUN,2017_18,2018-01-20,BUR,MUN,0,0.4366925064599483,0.523002477037593,0.4811232101384168,2.18,1.0504315726616362,V0.6,0.04443070367846852,0.0488485981017488,-1.0,2.5% to 5%
2017_18_20180120_EVE_WBA,2017_18,2018-01-20,EVE,WBA,0,0.3762376237623762,0.530534967111506,0.3987207593622347,2.52,1.054720133667502,V0.6,0.02248313559985854,0.004776313592831594,-1.0,0% to 2.5%
2017_18_20180120_LEI_WAT,2017_18,2018-01-20,LEI,WAT,0,0.5468749999999999,0.5643494896224606,0.5921495362485548,1.74,1.0509031198686372,V0.6,0.04527453624855493,0.030340193072485366,-1.0,2.5% to 5%
2017_18_20180120_MCI_NEW,2017_18,2018-01-20,MCI,NEW,1,0.7291666666666667,0.6110961518455443,0.7689441715274653,1.3,1.0549450549450547,V0.6,0.03977750486079856,-0.0003725770142950502,0.30000000000000004,2.5% to 5%
2017_18_20180120_STK_HUD,2017_18,2018-01-20,STK,HUD,0,0.4304123711340206,0.4940382009286844,0.4388090179124944,2.21,1.0512910829923865,V0.6,0.008396646778473793,-0.03023207041338738,-1.0,0% to 2.5%
2017_18_20180120_WHU_BOU,2017_18,2018-01-20,WHU,BOU,0,0.5104712041884817,0.5605114826929123,0.5462925475362221,1.87,1.0475798711092827,V0.6,0.03582134334774045,0.02156706389273544,-1.0,2.5% to 5%
2017_18_20180121_SOU_TOT,2017_18,2018-01-21,SOU,TOT,0,0.5274151436031332,0.5993232025953331,0.6029385526494745,1.81,1.0475356927957988,V0.6,0.07552340904634125,0.09131878029554885,-1.0,5% to 10%
2017_18_20180122_SWA_LIV,2017_18,2018-01-22,SWA,LIV,0,0.5710594315245477,0.5058928960726743,0.5831064656083023,1.66,1.0548983263370224,V0.6,0.012047034083754515,-0.03204326709021832,-1.0,0% to 2.5%
2017_18_20180130_HUD_LIV,2017_18,2018-01-30,HUD,LIV,1,0.5670103092783505,0.5015608776660132,0.5974725847590935,1.68,1.0497835497835497,V0.6,0.030462275480742984,0.0037539423952770434,0.6799999999999999,2.5% to 5%
2017_18_20180130_SWA_ARS,2017_18,2018-01-30,SWA,ARS,1,0.5416666666666667,0.5547309281311709,0.6136161071148822,1.76,1.048951048951049,V0.6,0.0719494404482155,0.07996434852219281,0.76,5% to 10%
2017_18_20180130_WHU_CRY,2017_18,2018-01-30,WHU,CRY,0,0.4441558441558441,0.4535014152912187,0.3772198634011767,2.14,1.0520850412635951,V0.6,-0.06693598075466739,-0.19274949232148186,-1.0,-10% to -5%
2017_18_20180131_CHE_BOU,2017_18,2018-01-31,CHE,BOU,1,0.6246913580246914,0.6226134052830106,0.6898588953410044,1.52,1.053151653838153,V0.6,0.06516753731631297,0.0485855209183268,0.52,5% to 10%
2017_18_20180131_EVE_LEI,2017_18,2018-01-31,EVE,LEI,1,0.4278350515463917,0.586530097647736,0.4756151953615457,2.22,1.052860089004667,V0.6,0.047780143815154,0.05586573370263159,1.2200000000000002,2.5% to 5%
2017_18_20180131_MCI_WBA,2017_18,2018-01-31,MCI,WBA,1,0.6563245823389022,0.5785317146734397,0.689940401877765,1.44,1.058080808080808,V0.6,0.03361581953886272,-0.00648582129601849,0.43999999999999995,2.5% to 5%
2017_18_20180131_NEW_BUR,2017_18,2018-01-31,NEW,BUR,0,0.3676470588235294,0.435963063708667,0.336781585263961,2.58,1.0542635658914727,V0.6,-0.030865473559568368,-0.13110351001898057,-1.0,-5% to -2.5%
2017_18_20180131_SOU_BRI,2017_18,2018-01-31,SOU,BRI,0,0.4025316455696203,0.5367109351861714,0.4627394774577744,2.36,1.052659631169385,V0.6,0.060207831888154095,0.0920651668003476,-1.0,5% to 10%
2017_18_20180131_STK_WAT,2017_18,2018-01-31,STK,WAT,0,0.518324607329843,0.5130334715936392,0.5657466692363087,1.84,1.0485287659200702,V0.6,0.047422061906465696,0.040973871394808015,-1.0,2.5% to 5%
2017_18_20180131_TOT_MUN,2017_18,2018-01-31,TOT,MUN,0,0.4973821989528796,0.5779780902697664,0.4795327240687327,1.92,1.0471491228070176,V0.6,-0.0178494748841469,-0.07929716978803325,-1.0,-2.5% to 0%
2017_18_20180203_ARS_EVE,2017_18,2018-02-03,ARS,EVE,1,0.6045340050377834,0.5942371336889047,0.6569045929086831,1.57,1.0536093418259025,V0.6,0.052370587870899654,0.03134021086663252,0.5700000000000001,5% to 10%
2017_18_20180203_BOU_STK,2017_18,2018-02-03,BOU,STK,1,0.5209424083769634,0.4986478904196809,0.5245011145061154,1.83,1.0489606502457642,V0.6,0.0035587061291519895,-0.04016296045380885,0.8300000000000001,0% to 2.5%
2017_18_20180203_BRI_WHU,2017_18,2018-02-03,BRI,WHU,1,0.3710073710073709,0.4637797630516347,0.3539627017193237,2.56,1.0528766556291391,V0.6,-0.01704466928804721,-0.09385548359853135,1.56,-2.5% to 0%
2017_18_20180203_BUR_MCI,2017_18,2018-02-03,BUR,MCI,0,0.5670103092783505,0.5334033929658019,0.6265613886935726,1.68,1.0497835497835497,V0.6,0.059551079415222086,0.05262313300520183,-1.0,5% to 10%
2017_18_20180203_LEI_SWA,2017_18,2018-02-03,LEI,SWA,0,0.4569190600522194,0.5366467490598373,0.4605767347242689,2.08,1.052197802197802,V0.6,0.003657674672049527,-0.04200039177352066,-1.0,0% to 2.5%
2017_18_20180203_MUN_HUD,2017_18,2018-02-03,MUN,HUD,0,0.6035353535353536,0.4852464136153153,0.6040471884695393,1.57,1.0553527170002397,V0.6,0.0005118349341857176,-0.051645914102823265,-1.0,0% to 2.5%
2017_18_20180203_WBA_SOU,2017_18,2018-02-03,WBA,SOU,1,0.4071246819338422,0.5487672114329705,0.4780555531242214,2.33,1.0541845493562232,V0.6,0.07093087119037916,0.1138694387794359,1.33,5% to 10%
2017_18_20180204_CRY_NEW,2017_18,2018-02-04,CRY,NEW,0,0.4441558441558441,0.468867282422908,0.4317118871324285,2.14,1.0520850412635951,V0.6,-0.012443957023415608,-0.07613656153660298,-1.0,-2.5% to 0%
2017_18_20180204_LIV_TOT,2017_18,2018-02-04,LIV,TOT,1,0.5974683544303797,0.6064698954766194,0.6139342032597517,1.59,1.052659631169385,V0.6,0.016465848829371965,-0.02384461681699479,0.5900000000000001,0% to 2.5%
2017_18_20180205_WAT_CHE,2017_18,2018-02-05,WAT,CHE,1,0.5144356955380577,0.5096812147711078,0.5495772651038978,1.85,1.0507446221731935,V0.6,0.035141569565840136,0.016717940442211088,0.8500000000000001,2.5% to 5%
2017_18_20180210_EVE_CRY,2017_18,2018-02-10,EVE,CRY,1,0.423076923076923,0.5463400753161677,0.4359172477849604,2.25,1.0505050505050506,V0.6,0.012840324708037365,-0.019186192483839126,1.25,0% to 2.5%
2017_18_20180210_MCI_LEI,2017_18,2018-02-10,MCI,LEI,1,0.6842105263157895,0.6472360118728049,0.7325121696174084,1.38,1.0590858416945377,V0.6,0.0483016433016189,0.010866794072023511,0.3799999999999999,2.5% to 5%
2017_18_20180210_STK_BRI,2017_18,2018-02-10,STK,BRI,0,0.4035532994923858,0.448686391998818,0.4088791503596772,2.35,1.05446273250368,V0.6,0.005325850867291426,-0.039133996654758585,-1.0,0% to 2.5%
2017_18_20180210_SWA_BUR,2017_18,2018-02-10,SWA,BUR,0,0.3428571428571429,0.4171511409536821,0.2909927688192012,2.76,1.0567632850241546,V0.6,-0.051864374037941696,-0.1968599580590047,-1.0,-10% to -5%
2017_18_20180210_TOT_ARS,2017_18,2018-02-10,TOT,ARS,0,0.6314496314496314,0.641896101316025,0.6740706602778845,1.5,1.0557717250324254,V0.6,0.04262102882825314,0.011105990416826916,-1.0,2.5% to 5%
2017_18_20180210_WHU_WAT,2017_18,2018-02-10,WHU,WAT,0,0.4816753926701571,0.5135374676376742,0.4829382290128233,1.98,1.0485287659200702,V0.6,0.0012628363426662181,-0.04378230655460991,-1.0,0% to 2.5%
2017_18_20180211_HUD_BOU,2017_18,2018-02-11,HUD,BOU,1,0.4179487179487179,0.5340467995221513,0.4808014809974876,2.27,1.0540255668765708,V0.6,0.06285276304876969,0.09141936186429689,1.27,5% to 10%
2017_18_20180211_NEW_MUN,2017_18,2018-02-11,NEW,MUN,0,0.4750656167979003,0.4917938521982824,0.4960976403681875,2.0,1.0524861878453038,V0.6,0.02103202357028716,-0.007804719263625026,-1.0,0% to 2.5%
2017_18_20180211_SOU_LIV,2017_18,2018-02-11,SOU,LIV,0,0.5633074935400517,0.5341684075555295,0.56644716969788,1.69,1.0504315726616362,V0.6,0.003139676157828286,-0.04270428321058284,-1.0,0% to 2.5%
2017_18_20180212_CHE_WBA,2017_18,2018-02-12,CHE,WBA,1,0.5483028720626633,0.5931476333799447,0.6196115339427334,1.73,1.054225158271401,V0.6,0.07130866188007012,0.07192795372092875,0.73,5% to 10%
2017_18_20180224_BOU_NEW,2017_18,2018-02-24,BOU,NEW,1,0.4855643044619423,0.4431325071594758,0.4302813127164203,1.96,1.0507446221731935,V0.6,-0.05528299174552204,-0.15664862707581628,0.96,-10% to -5%
2017_18_20180224_BRI_SWA,2017_18,2018-02-24,BRI,SWA,1,0.3676470588235294,0.51159903133708,0.3987256998895536,2.58,1.0542635658914727,V0.6,0.031078641066024204,0.028712305715048236,1.58,2.5% to 5%
2017_18_20180224_BUR_SOU,2017_18,2018-02-24,BUR,SOU,0,0.3719211822660098,0.51817860504375,0.4122990820362544,2.55,1.054408518374237,V0.6,0.04037789977024464,0.051362659192448756,-1.0,2.5% to 5%
2017_18_20180224_LEI_STK,2017_18,2018-02-24,LEI,STK,0,0.5052356020942408,0.5481966330215267,0.5455594087191683,1.89,1.047235244126436,V0.6,0.040323806624927516,0.031107282479228004,-1.0,2.5% to 5%
2017_18_20180224_LIV_WHU,2017_18,2018-02-24,LIV,WHU,1,0.6611374407582938,0.54947464257241,0.6366832767693421,1.43,1.0577236383687998,V0.6,-0.024454163988951727,-0.08954291421984084,0.42999999999999994,-2.5% to 0%
2017_18_20180224_WAT_EVE,2017_18,2018-02-24,WAT,EVE,0,0.4633507853403141,0.5318629805332097,0.4976098521626792,2.05,1.05277662946121,V0.6,0.034259066822365125,0.02010019693349241,-1.0,2.5% to 5%
2017_18_20180224_WBA_HUD,2017_18,2018-02-24,WBA,HUD,1,0.380597014925373,0.4887470679111741,0.3762363540066196,2.49,1.055201196944641,V0.6,-0.004360660918753423,-0.06317147852351712,1.4900000000000002,-2.5% to 0%
2017_18_20180225_CRY_TOT,2017_18,2018-02-25,CRY,TOT,0,0.5494791666666667,0.5475219144950705,0.6035090056181134,1.73,1.0519683313700243,V0.6,0.05402983895144664,0.044070579719336145,-1.0,5% to 10%
2017_18_20180225_MUN_CHE,2017_18,2018-02-25,MUN,CHE,1,0.4543080939947781,0.5539869428889006,0.458460463112497,2.09,1.053181543199692,V0.6,0.004152369117718879,-0.04181763209488132,1.0899999999999999,0% to 2.5%
2017_18_20180301_ARS_MCI,2017_18,2018-03-01,ARS,MCI,1,0.6356968215158926,0.6274655596537995,0.6667471952665709,1.49,1.0557563242127,V0.6,0.031050373750678317,-0.006546679052809368,0.49,2.5% to 5%
2017_18_20180303_BUR_EVE,2017_18,2018-03-03,BUR,EVE,1,0.3658536585365854,0.5546315715669741,0.4283652877831359,2.6,1.051282051282051,V0.6,0.06251162924655046,0.11374974823615336,1.6,5% to 10%
2017_18_20180303_LEI_BOU,2017_18,2018-03-03,LEI,BOU,0,0.5416666666666667,0.5822471643431507,0.5987339730981789,1.76,1.048951048951049,V0.6,0.057067306431512144,0.05377179265279475,-1.0,5% to 10%
2017_18_20180303_LIV_NEW,2017_18,2018-03-03,LIV,NEW,0,0.6697892271662763,0.5118078378737524,0.6405374451502711,1.41,1.058870207806378,V0.6,-0.0292517820160052,-0.0968422023381178,-1.0,-5% to -2.5%
2017_18_20180303_SOU_STK,2017_18,2018-03-03,SOU,STK,0,0.4764397905759163,0.5104495753869353,0.494150669838154,2.0,1.0494505494505493,V0.6,0.01771087926223769,-0.011698660323692045,-1.0,0% to 2.5%
2017_18_20180303_SWA_WHU,2017_18,2018-03-03,SWA,WHU,1,0.4183673469387755,0.478131267529526,0.3802682398672732,2.28,1.048352588789046,V0.6,-0.03809910707150227,-0.13298841310261722,1.2799999999999998,-5% to -2.5%
2017_18_20180303_TOT_HUD,2017_18,2018-03-03,TOT,HUD,0,0.6055276381909548,0.579098221078989,0.6438715878669563,1.57,1.0518804344953352,V0.6,0.03834394967600152,0.010878392951121363,-1.0,2.5% to 5%
2017_18_20180303_WAT_WBA,2017_18,2018-03-03,WAT,WBA,0,0.4366925064599483,0.4768441460270847,0.4479363753042522,2.18,1.0504315726616362,V0.6,0.011243868844303895,-0.023498701836730196,-1.0,0% to 2.5%
2017_18_20180304_BRI_ARS,2017_18,2018-03-04,BRI,ARS,1,0.5340314136125655,0.6044422889258189,0.6242117487440492,1.78,1.0519938312403614,V0.6,0.09018033513148371,0.11109691276440747,0.78,5% to 10%
2017_18_20180304_MCI_CHE,2017_18,2018-03-04,MCI,CHE,0,0.5644329896907216,0.6239474999748531,0.5682681702243126,1.69,1.048336980897571,V0.6,0.0038351805335909983,-0.03962679232091171,-1.0,0% to 2.5%
2017_18_20180305_CRY_MUN,2017_18,2018-03-05,CRY,MUN,1,0.4776902887139108,0.4961331672997109,0.5070919587098001,1.99,1.0519631122646196,V0.6,0.02940166999588928,0.00911299783250219,0.99,2.5% to 5%
2017_18_20180310_CHE_CRY,2017_18,2018-03-10,CHE,CRY,1,0.5618556701030928,0.6011086568344242,0.6250976168396792,1.7,1.0469508904479223,V0.6,0.06324194673658645,0.06266594862745478,0.7,5% to 10%
2017_18_20180310_EVE_BRI,2017_18,2018-03-10,EVE,BRI,0,0.4096692111959288,0.5948711618631923,0.4827573030903074,2.32,1.0521524951809809,V0.6,0.07308809189437859,0.11999694316951315,-1.0,5% to 10%
2017_18_20180310_HUD_SWA,2017_18,2018-03-10,HUD,SWA,0,0.3777777777777777,0.4772251056724149,0.367850070110818,2.52,1.050420168067227,V0.6,-0.009927707666959718,-0.0730178233207387,-1.0,-2.5% to 0%
2017_18_20180310_MUN_LIV,2017_18,2018-03-10,MUN,LIV,1,0.5013054830287206,0.5896814076103083,0.5229334003931452,1.91,1.0443935427574171,V0.6,0.021627917364424598,-0.0011972052490927254,0.9099999999999999,0% to 2.5%
2017_18_20180310_NEW_SOU,2017_18,2018-03-10,NEW,SOU,1,0.4194373401534527,0.5218637373464153,0.4589940054382364,2.27,1.050284731922209,V0.6,0.03955666528478369,0.041916392344796494,1.27,2.5% to 5%
2017_18_20180310_WBA_LEI,2017_18,2018-03-10,WBA,LEI,1,0.4329896907216495,0.5349848443473642,0.4798526854193315,2.2,1.0497835497835497,V0.6,0.046862994697682014,0.05567590792252952,1.2000000000000002,2.5% to 5%
2017_18_20180310_WHU_BUR,2017_18,2018-03-10,WHU,BUR,1,0.3865336658354114,0.4913659108856038,0.3720215643829599,2.46,1.0516653553632311,V0.6,-0.014512101452451465,-0.08482695161791864,1.46,-2.5% to 0%
2017_18_20180311_ARS_WAT,2017_18,2018-03-11,ARS,WAT,1,0.6271604938271605,0.5752251876015357,0.6639226610066437,1.51,1.055952443030714,V0.6,0.03676216717948311,0.002523218120031867,0.51,2.5% to 5%
2017_18_20180311_BOU_TOT,2017_18,2018-03-11,BOU,TOT,1,0.5913705583756345,0.510477786717156,0.5937294027563993,1.61,1.0503025617785835,V0.6,0.002358844380764835,-0.04409566156219713,0.6100000000000001,0% to 2.5%
2017_18_20180312_STK_MCI,2017_18,2018-03-12,STK,MCI,0,0.6339066339066339,0.5368285288536808,0.7001229886679817,1.49,1.0587378388221216,V0.6,0.0662163547613478,0.0431832531152927,-1.0,5% to 10%
2017_18_20180317_BOU_WBA,2017_18,2018-03-17,BOU,WBA,1,0.4895287958115184,0.5373182170562986,0.5439335214943015,1.95,1.0475798711092827,V0.6,0.054404725682783095,0.06067036691388794,0.95,5% to 10%
2017_18_20180317_HUD_CRY,2017_18,2018-03-17,HUD,CRY,0,0.4096692111959288,0.4359289292150029,0.3757761151497353,2.32,1.0521524951809809,V0.6,-0.033893096046193505,-0.12819941285261416,-1.0,-5% to -2.5%
2017_18_20180317_LIV_WAT,2017_18,2018-03-17,LIV,WAT,1,0.6720930232558139,0.5638610807858823,0.6944311735462944,1.41,1.0552406194017032,V0.6,0.022338150290480474,-0.020852045299725064,0.4099999999999999,0% to 2.5%
2017_18_20180317_STK_EVE,2017_18,2018-03-17,STK,EVE,1,0.4404145077720207,0.5634453852018683,0.5256271463345583,2.16,1.05119825708061,V0.6,0.08521263856253763,0.13535463608264608,1.1600000000000001,5% to 10%
2017_18_20180331_BRI_LEI,2017_18,2018-03-31,BRI,LEI,0,0.4205128205128206,0.4973174073897095,0.3954999640418381,2.26,1.0522339736671702,V0.6,-0.025012856470982447,-0.10617008126544591,-1.0,-5% to -2.5%
2017_18_20180331_CRY_LIV,2017_18,2018-03-31,CRY,LIV,1,0.6045340050377834,0.540560346719664,0.6458848088281204,1.57,1.0536093418259025,V0.6,0.041350803790336954,0.014039149860149092,0.5700000000000001,2.5% to 5%
2017_18_20180331_EVE_MCI,2017_18,2018-03-31,EVE,MCI,1,0.5856777493606138,0.5880286930492888,0.6249897197612553,1.62,1.0539651733247075,V0.6,0.039311970400641494,0.012483346013233643,0.6200000000000001,2.5% to 5%
2017_18_20180331_MUN_SWA,2017_18,2018-03-31,MUN,SWA,0,0.5366492146596858,0.5093732872942524,0.5322742585575818,1.77,1.05277662946121,V0.6,-0.004374956102104033,-0.057874562353080194,-1.0,-2.5% to 0%
2017_18_20180331_NEW_HUD,2017_18,2018-03-31,NEW,HUD,0,0.4267352185089973,0.5208262735381145,0.4583835150568199,2.23,1.0508401318277596,V0.6,0.031648296547822585,0.022195238576708354,-1.0,2.5% to 5%
2017_18_20180331_WAT_BOU,2017_18,2018-03-31,WAT,BOU,1,0.5196850393700787,0.5008644606829923,0.5437673991428306,1.83,1.051498592482199,V0.6,0.02408235977275186,-0.004905659568619991,0.8300000000000001,0% to 2.5%
2017_18_20180331_WBA_BUR,2017_18,2018-03-31,WBA,BUR,1,0.3658536585365854,0.472708021927609,0.3689719264519448,2.6,1.051282051282051,V0.6,0.0031182679153594073,-0.04067299122494339,1.6,0% to 2.5%
2017_18_20180331_WHU_SOU,2017_18,2018-03-31,WHU,SOU,1,0.4366925064599483,0.5294135845523418,0.4632106982443894,2.18,1.0504315726616362,V0.6,0.026518191784441092,0.009799322172768798,1.1800000000000002,2.5% to 5%
2017_18_20180401_ARS_STK,2017_18,2018-04-01,ARS,STK,1,0.6390243902439025,0.5322164523903141,0.6469940846752645,1.48,1.0573550649886527,V0.6,0.007969694431362084,-0.04244875468060849,0.48,0% to 2.5%
2017_18_20180401_CHE_TOT,2017_18,2018-04-01,CHE,TOT,1,0.4724409448818897,0.5941789264469143,0.474567900180991,2.01,1.053067993366501,V0.6,0.0021269552991012852,-0.04611852063620825,1.0099999999999998,0% to 2.5%
2017_18_20180407_BOU_CRY,2017_18,2018-04-07,BOU,CRY,1,0.5196850393700787,0.5122292299376415,0.5323878605603247,1.83,1.051498592482199,V0.6,0.012702821190246016,-0.02573021517460572,0.8300000000000001,0% to 2.5%
2017_18_20180407_BRI_HUD,2017_18,2018-04-07,BRI,HUD,0,0.3969849246231156,0.4835644263544666,0.3960494651203218,2.4,1.04957805907173,V0.6,-0.0009354595027937784,-0.04948128371122773,-1.0,-2.5% to 0%
2017_18_20180407_EVE_LIV,2017_18,2018-04-07,EVE,LIV,0,0.5170603674540682,0.574290848204747,0.5228511044106486,1.84,1.0510924740675347,V0.6,0.005790736956580389,-0.037953967884406414,-1.0,0% to 2.5%
2017_18_20180407_LEI_NEW,2017_18,2018-04-07,LEI,NEW,1,0.4659685863874345,0.5203346186330688,0.4585188757952907,2.04,1.0519938312403614,V0.6,-0.007449710592143777,-0.06462149337760692,1.04,-2.5% to 0%
2017_18_20180407_MCI_MUN,2017_18,2018-04-07,MCI,MUN,1,0.518324607329843,0.5676588841184387,0.4729352346647297,1.84,1.0485287659200702,V0.6,-0.04538937266511328,-0.1297991682168973,0.8400000000000001,-5% to -2.5%
2017_18_20180407_STK_TOT,2017_18,2018-04-07,STK,TOT,1,0.5831202046035805,0.5150126850288061,0.6394940359274436,1.63,1.0520934237434076,V0.6,0.05637383132386309,0.042375278561733065,0.6299999999999999,5% to 10%
2017_18_20180407_WAT_BUR,2017_18,2018-04-07,WAT,BUR,1,0.4025316455696203,0.4732912820688161,0.4008526368625945,2.36,1.052659631169385,V0.6,-0.0016790087070258086,-0.05398777700427704,1.3599999999999999,-2.5% to 0%
2017_18_20180407_WBA_SWA,2017_18,2018-04-07,WBA,SWA,0,0.4035532994923858,0.4623042107456968,0.3825283651267944,2.35,1.05446273250368,V0.6,-0.021024934365591386,-0.10105834195203311,-1.0,-2.5% to 0%
2017_18_20180408_ARS_SOU,2017_18,2018-04-08,ARS,SOU,1,0.5794871794871795,0.5700033979454334,0.6103472140024404,1.64,1.0522339736671702,V0.6,0.03086003451526087,0.0009694309640022603,0.6399999999999999,2.5% to 5%
2017_18_20180408_CHE_WHU,2017_18,2018-04-08,CHE,WHU,0,0.602015113350126,0.583780219592893,0.6309479601932877,1.58,1.0513214342460673,V0.6,0.028932846843161664,-0.0031022228946053776,-1.0,2.5% to 5%
2017_18_20180414_BUR_LEI,2017_18,2018-04-14,BUR,LEI,1,0.4035532994923858,0.5090480369735846,0.3933395462319876,2.35,1.05446273250368,V0.6,-0.010213753260398195,-0.07565206635482913,1.35,-2.5% to 0%
2017_18_20180414_CRY_BRI,2017_18,2018-04-14,CRY,BRI,1,0.4168797953964194,0.5026172034807274,0.4428428537057511,2.28,1.0520934237434076,V0.6,0.02596305830933171,0.00968170644911237,1.2799999999999998,2.5% to 5%
2017_18_20180414_HUD_WAT,2017_18,2018-04-14,HUD,WAT,0,0.4205128205128206,0.4412401264299452,0.4116276902805404,2.26,1.0522339736671702,V0.6,-0.008885130232280158,-0.0697214199659788,-1.0,-2.5% to 0%
2017_18_20180414_LIV_BOU,2017_18,2018-04-14,LIV,BOU,1,0.6863636363636364,0.5795197515242634,0.7108258167375129,1.38,1.05576350897399,V0.6,0.024462180373876485,-0.01906037290223228,0.3799999999999999,0% to 2.5%
2017_18_20180414_SOU_CHE,2017_18,2018-04-14,SOU,CHE,1,0.4764397905759163,0.5846591646055882,0.5572113097284944,2.0,1.0494505494505493,V0.6,0.08077151915257813,0.11442261945698884,1.0,5% to 10%
2017_18_20180414_SWA_EVE,2017_18,2018-04-14,SWA,EVE,0,0.4060913705583756,0.5418137859562077,0.4451054506410717,2.34,1.0523504273504274,V0.6,0.039014080082696134,0.04154675450010781,-1.0,2.5% to 5%
2017_18_20180414_TOT_MCI,2017_18,2018-04-14,TOT,MCI,1,0.570694087403599,0.6493316585616705,0.6102929576512746,1.67,1.0492528456600314,V0.6,0.03959887024767561,0.0191892392776285,0.6699999999999999,2.5% to 5%
2017_18_20180415_MUN_WBA,2017_18,2018-04-15,MUN,WBA,0,0.5732647814910026,0.5989837101030714,0.660354811473666,1.66,1.0508401318277596,V0.6,0.08709002998266346,0.09618898704628553,-1.0,5% to 10%
2017_18_20180415_NEW_ARS,2017_18,2018-04-15,NEW,ARS,1,0.5595854922279793,0.5574922319238743,0.604930157986943,1.7,1.05119825708061,V0.6,0.04534466575896379,0.028381268577803098,0.7,2.5% to 5%
2017_18_20180416_WHU_STK,2017_18,2018-04-16,WHU,STK,0,0.4607329842931937,0.47861574508375,0.4380468174215544,2.06,1.0536187113857016,V0.6,-0.022686166871639324,-0.09762355611159801,-1.0,-2.5% to 0%
2017_18_20180417_BRI_TOT,2017_18,2018-04-17,BRI,TOT,0,0.5468749999999999,0.5332019127592985,0.5896133532620133,1.74,1.0509031198686372,V0.6,0.04273835326201336,0.025927234675902966,-1.0,2.5% to 5%
2017_18_20180418_BOU_MUN,2017_18,2018-04-18,BOU,MUN,0,0.5468749999999999,0.5270329239655183,0.5804007876137236,1.74,1.0509031198686372,V0.6,0.03352578761372371,0.009897370447879084,-1.0,2.5% to 5%
2017_18_20180419_BUR_CHE,2017_18,2018-04-19,BUR,CHE,1,0.4415584415584415,0.5651726151543204,0.4811806158972022,2.15,1.0533515731874146,V0.6,0.039622174338760696,0.034538324178984725,1.15,2.5% to 5%
2017_18_20180419_LEI_SOU,2017_18,2018-04-19,LEI,SOU,0,0.4960629921259842,0.541729709809877,0.515996241906382,1.92,1.0499338624338626,V0.6,0.019933249780397844,-0.00928721553974654,-1.0,0% to 2.5%
2017_18_20180421_WAT_CRY,2017_18,2018-04-21,WAT,CRY,0,0.4829396325459317,0.537716398894405,0.5416542365714884,1.97,1.0510924740675347,V0.6,0.05871460402555667,0.06705884604583212,-1.0,5% to 10%
2017_18_20180421_WBA_LIV,2017_18,2018-04-21,WBA,LIV,1,0.5261780104712042,0.496031486235404,0.5258621769279012,1.81,1.0499986256562492,V0.6,-0.0003158335433030013,-0.04818945976049882,0.81,-2.5% to 0%
2017_18_20180422_ARS_WHU,2017_18,2018-04-22,ARS,WHU,1,0.6314496314496314,0.5798204735141376,0.6405222561131683,1.5,1.0557717250324254,V0.6,0.009072624663536866,-0.0392166158302476,0.5,0% to 2.5%
2017_18_20180422_MCI_SWA,2017_18,2018-04-22,MCI,SWA,1,0.6736596736596736,0.5642395504429673,0.6710726386033576,1.4,1.0603064755313891,V0.6,-0.002587035056315967,-0.06049830595529937,0.3999999999999999,-2.5% to 0%
2017_18_20180422_STK_BUR,2017_18,2018-04-22,STK,BUR,0,0.3929471032745592,0.4726276900145528,0.3992667349628754,2.41,1.0559634003617404,V0.6,0.00631963168831623,-0.03776716873947017,-1.0,0% to 2.5%
2017_18_20180423_EVE_NEW,2017_18,2018-04-23,EVE,NEW,0,0.4252577319587629,0.511465807491115,0.3982193052338753,2.23,1.0544910993341488,V0.6,-0.0270384267248876,-0.11197094932845819,-1.0,-5% to -2.5%
2017_18_20180428_BUR_BRI,2017_18,2018-04-28,BUR,BRI,0,0.3875,0.4673385275313921,0.3684583886153815,2.45,1.053324555628703,V0.6,-0.019041611384618518,-0.09727694789231522,-1.0,-2.5% to 0%
2017_18_20180428_CRY_LEI,2017_18,2018-04-28,CRY,LEI,1,0.5157068062827225,0.5146536960714778,0.539668401439894,1.85,1.04815475373851,V0.6,0.023961595157171556,-0.0016134573361960003,0.8500000000000001,0% to 2.5%
2017_18_20180428_HUD_EVE,2017_18,2018-04-28,HUD,EVE,0,0.3762376237623762,0.4862853114625842,0.391335617205556,2.52,1.054720133667502,V0.6,0.015097993443179802,-0.013834244641998894,-1.0,0% to 2.5%
2017_18_20180428_LIV_STK,2017_18,2018-04-28,LIV,STK,0,0.6262376237623761,0.5400909754896907,0.6228546726727608,1.51,1.0575085726251867,V0.6,-0.0033829510896152826,-0.059489444264131164,-1.0,-2.5% to 0%
2017_18_20180428_NEW_WBA,2017_18,2018-04-28,NEW,WBA,0,0.4415584415584415,0.5259599730741331,0.4833539988320909,2.15,1.0533515731874146,V0.6,0.04179555727364942,0.03921109748899543,-1.0,2.5% to 5%
2017_18_20180428_SOU_BOU,2017_18,2018-04-28,SOU,BOU,1,0.5506493506493506,0.5959759008163643,0.6555761597109941,1.73,1.049732795288472,V0.6,0.10492680906164353,0.13414675630001982,0.73,> 10%
2017_18_20180428_SWA_CHE,2017_18,2018-04-28,SWA,CHE,0,0.4934383202099738,0.5896782948028108,0.5962269251377066,1.93,1.050049608642928,V0.6,0.10278860492773279,0.15071796551577377,-1.0,> 10%
2017_18_20180429_MUN_ARS,2017_18,2018-04-29,MUN,ARS,1,0.577319587628866,0.6301892456305501,0.6497647487387249,1.64,1.0561846689895469,V0.6,0.07244516110985888,0.06561418793150886,0.6399999999999999,5% to 10%
2017_18_20180429_WHU_MCI,2017_18,2018-04-29,WHU,MCI,1,0.6262376237623761,0.5447317936821914,0.6537540854575997,1.51,1.0575085726251867,V0.6,0.027516461695223593,-0.012831330959024445,0.51,2.5% to 5%
2017_18_20180430_TOT_WAT,2017_18,2018-04-30,TOT,WAT,0,0.660332541567696,0.5899751465389812,0.7010846209438426,1.43,1.0590129295165267,V0.6,0.040752079376146555,0.0025510079496948723,-1.0,2.5% to 5%
2017_18_20180504_BRI_MUN,2017_18,2018-05-04,BRI,MUN,0,0.4842931937172774,0.4966605141093881,0.5089596184127549,1.97,1.04815475373851,V0.6,0.02466642469547753,0.002650448273127326,-1.0,0% to 2.5%
2017_18_20180505_BOU_SWA,2017_18,2018-05-05,BOU,SWA,0,0.5130890052356021,0.4845356759819809,0.5173595358342231,1.86,1.0478384902348037,V0.6,0.004270530598621036,-0.03771126334834496,-1.0,0% to 2.5%
2017_18_20180505_EVE_SOU,2017_18,2018-05-05,EVE,SOU,0,0.4415584415584415,0.5637362332362424,0.4831123759497413,2.15,1.0533515731874146,V0.6,0.04155393439129984,0.038691608291943735,-1.0,2.5% to 5%
2017_18_20180505_LEI_WHU,2017_18,2018-05-05,LEI,WHU,0,0.5039370078740157,0.6082652109846993,0.5740736988700306,1.89,1.0499338624338626,V0.6,0.07013669099601483,0.08499929086435776,-1.0,5% to 10%
2017_18_20180505_STK_CRY,2017_18,2018-05-05,STK,CRY,1,0.5013123359580053,0.4971842286616099,0.5427008907301961,1.9,1.049875998897768,V0.6,0.04138855477219083,0.031131692387372567,0.8999999999999999,2.5% to 5%
2017_18_20180505_WAT_NEW,2017_18,2018-05-05,WAT,NEW,1,0.4581151832460733,0.4504287020300756,0.4470455680185022,2.07,1.054520358868185,V0.6,-0.011069615227571106,-0.07461567420170045,1.0699999999999998,-2.5% to 0%
2017_18_20180505_WBA_TOT,2017_18,2018-05-05,WBA,TOT,0,0.5584415584415584,0.5030110674163568,0.5849466202530202,1.7,1.0533515731874146,V0.6,0.02650506181146184,-0.005590745569865607,-1.0,2.5% to 5%
2017_18_20180506_ARS_BUR,2017_18,2018-05-06,ARS,BUR,1,0.5572916666666667,0.5210288632835544,0.5303135316218393,1.7,1.0555250137438152,V0.6,-0.02697813504482749,-0.09846699624287325,0.7,-5% to -2.5%
2017_18_20180506_CHE_LIV,2017_18,2018-05-06,CHE,LIV,0,0.5546875,0.5742269654469486,0.5518811082760844,1.71,1.054278889712544,V0.6,-0.0028063917239156133,-0.05628330484789568,-1.0,-2.5% to 0%
2017_18_20180506_MCI_HUD,2017_18,2018-05-06,MCI,HUD,0,0.7155172413793104,0.5583164328541388,0.7059460265252111,1.32,1.058780576852866,V0.6,-0.009571214854099286,-0.06815124498672132,-1.0,-2.5% to 0%
2017_18_20180508_SWA_SOU,2017_18,2018-05-08,SWA,SOU,0,0.413265306122449,0.5314117186151395,0.474990119321761,2.3,1.052066559312936,V0.6,0.061724813199312,0.09247727444005016,-1.0,5% to 10%
2017_18_20180509_CHE_HUD,2017_18,2018-05-09,CHE,HUD,0,0.6090225563909775,0.4958254069365106,0.6137341792531196,1.56,1.0525482747704968,V0.6,0.004711622862142106,-0.042574680365133455,-1.0,0% to 2.5%
2017_18_20180509_LEI_ARS,2017_18,2018-05-09,LEI,ARS,1,0.6140350877192983,0.6171751593232545,0.7049894259119531,1.54,1.0575139146567718,V0.6,0.09095433819265486,0.08568371590440793,0.54,5% to 10%
2017_18_20180509_MCI_BRI,2017_18,2018-05-09,MCI,BRI,1,0.6936936936936937,0.5945587982844414,0.729601248106529,1.36,1.059969442322383,V0.6,0.03590755441283533,-0.00774230257512043,0.3600000000000001,2.5% to 5%
2017_18_20180509_TOT_NEW,2017_18,2018-05-09,TOT,NEW,0,0.6774941995359629,0.5639564554039722,0.7147281747317934,1.39,1.0618902138563122,V0.6,0.03723397519583049,-0.006527837122807245,-1.0,2.5% to 5%
2017_18_20180510_WHU_MUN,2017_18,2018-05-10,WHU,MUN,0,0.5261780104712042,0.512507127849523,0.546457564996148,1.81,1.0499986256562492,V0.6,0.020279554524943788,-0.01091180735697217,-1.0,0% to 2.5%
2017_18_20180513_BUR_BOU,2017_18,2018-05-13,BUR,BOU,1,0.5118110236220472,0.5386876237445987,0.5698977039603463,1.86,1.0504549214226633,V0.6,0.05808668033829911,0.06000972936624427,0.8600000000000001,5% to 10%
2017_18_20180513_CRY_WBA,2017_18,2018-05-13,CRY,WBA,0,0.5418848167539266,0.4839027511355877,0.5607375175090008,1.75,1.054520358868185,V0.6,0.01885270075507417,-0.018709344359248536,-1.0,0% to 2.5%
2017_18_20180513_HUD_ARS,2017_18,2018-05-13,HUD,ARS,0,0.6296296296296295,0.534019998960685,0.7156881366750346,1.5,1.0588235294117647,V0.6,0.08605850704540507,0.07353220501255198,-1.0,5% to 10%
2017_18_20180513_LIV_BRI,2017_18,2018-05-13,LIV,BRI,1,0.6697892271662763,0.5574235785699686,0.7245318940863794,1.41,1.058870207806378,V0.6,0.0547426669201031,0.02158997066179502,0.4099999999999999,5% to 10%
2017_18_20180513_MUN_WAT,2017_18,2018-05-13,MUN,WAT,0,0.606060606060606,0.5462992690715761,0.6597670120121704,1.56,1.0576923076923077,V0.6,0.053706405951564395,0.029236538738985907,-1.0,5% to 10%
2017_18_20180513_NEW_CHE,2017_18,2018-05-13,NEW,CHE,1,0.5275590551181102,0.5611421997116502,0.6105333932252448,1.8,1.053067993366501,V0.6,0.08297433810713462,0.09896010780544073,0.8,5% to 10%
2017_18_20180513_SOU_MCI,2017_18,2018-05-13,SOU,MCI,0,0.6209476309226933,0.5590115392932267,0.6748880214147397,1.52,1.0595011625449164,V0.6,0.05394039049204635,0.025829792550404296,-1.0,5% to 10%
2017_18_20180513_SWA_STK,2017_18,2018-05-13,SWA,STK,1,0.5392670157068064,0.4838725248169409,0.5957218650784197,1.76,1.0536187113857016,V0.6,0.05645484937161338,0.04847048253801867,0.76,5% to 10%
2017_18_20180513_TOT_LEI,2017_18,2018-05-13,TOT,LEI,1,0.668235294117647,0.6042501329421965,0.7230416946781685,1.41,1.0613325342123665,V0.6,0.05480640056052144,0.019488789496217462,0.4099999999999999,5% to 10%
2017_18_20180513_WHU_EVE,2017_18,2018-05-13,WHU,EVE,1,0.5170603674540682,0.5112978328780978,0.5440174483793268,1.84,1.0510924740675347,V0.6,0.026957080925258503,0.00099210501796132,0.8400000000000001,2.5% to 5%
2018_19_20180810_MUN_LEI,2018_19,2018-08-10,MUN,LEI,1,0.468586387434555,0.5180865138949374,0.4191156483379428,2.03,1.0512700553155183,V0.6,-0.049470739096612204,-0.14919523387397626,1.0299999999999998,-5% to -2.5%
2018_19_20180811_BOU_CAR,2018_19,2018-08-11,BOU,CAR,0,0.4803149606299213,0.497923120171436,0.5029219909933542,1.98,1.051498592482199,V0.6,0.022607030363432923,-0.004214457833158658,-1.0,0% to 2.5%
2018_19_20180811_FUL_CRY,2018_19,2018-08-11,FUL,CRY,0,0.4895287958115184,0.4960707219143928,0.5166190025683937,1.95,1.0475798711092827,V0.6,0.027090206756875235,0.00740705500836758,-1.0,2.5% to 5%
2018_19_20180811_HUD_CHE,2018_19,2018-08-11,HUD,CHE,1,0.4816753926701571,0.5059829263294436,0.5961477870093618,1.98,1.0485287659200702,V0.6,0.1144723943392047,0.18037261827853635,0.98,> 10%
2018_19_20180811_NEW_TOT,2018_19,2018-08-11,NEW,TOT,1,0.4738219895287958,0.570951095829976,0.5255507602765414,2.01,1.0499986256562492,V0.6,0.05172877074774557,0.05635702815584809,1.0099999999999998,5% to 10%
2018_19_20180811_WAT_BRI,2018_19,2018-08-11,WAT,BRI,0,0.4035532994923858,0.4224176513759389,0.3822645726112658,2.35,1.05446273250368,V0.6,-0.02128872688111999,-0.1016782543635254,-1.0,-2.5% to 0%
2018_19_20180811_WOL_EVE,2018_19,2018-08-11,WOL,EVE,1,0.4557291666666667,0.5584521030728881,0.5257156913727257,2.09,1.0498974709501026,V0.6,0.06998652470605898,0.09874579496899649,1.0899999999999999,5% to 10%
2018_19_20180812_ARS_MCI,2018_19,2018-08-12,ARS,MCI,0,0.6095717884130982,0.6859624304747515,0.6515610576058782,1.55,1.0583844308184485,V0.6,0.04198926919278001,0.009919639289111215,-1.0,2.5% to 5%
2018_19_20180812_LIV_WHU,2018_19,2018-08-12,LIV,WHU,1,0.6538461538461539,0.5637230772999743,0.6134547992868267,1.44,1.062091503267974,V0.6,-0.040391354559327186,-0.11662508902696966,0.43999999999999995,-5% to -2.5%
2018_19_20180812_SOU_BUR,2018_19,2018-08-12,SOU,BUR,0,0.4060913705583756,0.3802178837093863,0.3162663330156181,2.34,1.0523504273504274,V0.6,-0.0898250375427575,-0.2599367807434537,-1.0,-10% to -5%
2018_19_20180818_CAR_NEW,2018_19,2018-08-18,CAR,NEW,0,0.3815461346633417,0.4307008975479502,0.3859899267716038,2.48,1.056820577693443,V0.6,0.0044437921082621235,-0.04274498160642248,-1.0,0% to 2.5%
2018_19_20180818_CHE_ARS,2018_19,2018-08-18,CHE,ARS,1,0.5636363636363637,0.6160198243656928,0.5826957275692938,1.68,1.0560675883256527,V0.6,0.019059363932930062,-0.02107117768358646,0.6799999999999999,0% to 2.5%
2018_19_20180818_EVE_SOU,2018_19,2018-08-18,EVE,SOU,1,0.4415584415584415,0.5559837042691764,0.484564580823537,2.15,1.0533515731874146,V0.6,0.0430061392650955,0.04181384877060457,1.15,2.5% to 5%
2018_19_20180818_LEI_WOL,2018_19,2018-08-18,LEI,WOL,0,0.4671916010498688,0.7510599183389871,0.6328395861380169,2.03,1.0544085902474123,V0.6,0.16564798508814815,0.28466435986017435,-1.0,> 10%
2018_19_20180818_TOT_FUL,2018_19,2018-08-18,TOT,FUL,1,0.6271604938271605,0.3436495486217283,0.477041745570519,1.51,1.055952443030714,V0.6,-0.15011874825664157,-0.27966696418851633,0.51,< -10%
2018_19_20180818_WHU_BOU,2018_19,2018-08-18,WHU,BOU,1,0.5340314136125655,0.5587100674150495,0.6125889693497489,1.78,1.0519938312403614,V0.6,0.07855755573718348,0.09040836544255315,0.78,5% to 10%
2018_19_20180819_BRI_MUN,2018_19,2018-08-19,BRI,MUN,1,0.4205128205128206,0.509827129706035,0.4800526356401435,2.26,1.0522339736671702,V0.6,0.059539815127322926,0.0849189565467241,1.2599999999999998,5% to 10%
2018_19_20180819_BUR_WAT,2018_19,2018-08-19,BUR,WAT,1,0.3651960784313725,0.5606794470863798,0.418339550669698,2.59,1.0572413256977016,V0.6,0.05314347223832555,0.08349943623451783,1.5899999999999999,5% to 10%
2018_19_20180819_MCI_HUD,2018_19,2018-08-19,MCI,HUD,1,0.7155172413793104,0.503221187262725,0.680279037756079,1.32,1.058780576852866,V0.6,-0.03523820362323138,-0.10203167016197567,0.32000000000000006,-5% to -2.5%
2018_19_20180820_CRY_LIV,2018_19,2018-08-20,CRY,LIV,0,0.6105527638190955,0.5194543195626656,0.6010423325427514,1.55,1.0566839240674366,V0.6,-0.0095104312763441,-0.0683843845587353,-1.0,-2.5% to 0%
2018_19_20180825_ARS_WHU,2018_19,2018-08-25,ARS,WHU,1,0.6546762589928057,0.6221648394978123,0.6727266227590954,1.44,1.0607448107448108,V0.6,0.018050363766289768,-0.031273663226902615,0.43999999999999995,0% to 2.5%
2018_19_20180825_BOU_EVE,2018_19,2018-08-25,BOU,EVE,1,0.5520833333333334,0.4798047017885934,0.5539831689063196,1.72,1.0530934620447563,V0.6,0.0018998355729862304,-0.04714894948113035,0.72,0% to 2.5%
2018_19_20180825_HUD_CAR,2018_19,2018-08-25,HUD,CAR,0,0.3676470588235294,0.2950796058660266,0.3125853072773404,2.58,1.0542635658914727,V0.6,-0.055061751546188975,-0.19352990722446173,-1.0,-10% to -5%
2018_19_20180825_LIV_BRI,2018_19,2018-08-25,LIV,BRI,0,0.6690140845070424,0.4943138734359187,0.6222046083573628,1.41,1.0600970511384844,V0.6,-0.04680947614967956,-0.12269150221611846,-1.0,-5% to -2.5%
2018_19_20180825_SOU_LEI,2018_19,2018-08-25,SOU,LEI,1,0.4179487179487179,0.4880747775484473,0.379507474219213,2.27,1.0540255668765708,V0.6,-0.038441243729504915,-0.13851803352238645,1.27,-5% to -2.5%
2018_19_20180825_WOL_MCI,2018_19,2018-08-25,WOL,MCI,0,0.615,0.6550373531906429,0.7383498850980701,1.54,1.0558547143912995,V0.6,0.1233498850980701,0.1370588230510279,-1.0,> 10%
2018_19_20180826_FUL_BUR,2018_19,2018-08-26,FUL,BUR,1,0.4263565891472868,0.3471467591971634,0.3928981931842104,2.22,1.0565110565110565,V0.6,-0.033458395963076426,-0.1277660111310529,1.2200000000000002,-5% to -2.5%
2018_19_20180826_NEW_CHE,2018_19,2018-08-26,NEW,CHE,1,0.5052631578947367,0.5503693414590367,0.5661870184322116,1.88,1.0527482269503547,V0.6,0.060923860537474894,0.06443159465255777,0.8799999999999999,5% to 10%
2018_19_20180826_WAT_CRY,2018_19,2018-08-26,WAT,CRY,1,0.4453125,0.4092174120329703,0.3665484366866222,2.13,1.054278889712544,V0.6,-0.07876406331337782,-0.2192518298574948,1.13,-10% to -5%
2018_19_20180827_MUN_TOT,2018_19,2018-08-27,MUN,TOT,1,0.468586387434555,0.6076424758820774,0.50260913217489,2.03,1.0512700553155183,V0.6,0.03402274474033501,0.020296538315026647,1.0299999999999998,2.5% to 5%
2018_19_20180901_BRI_FUL,2018_19,2018-09-01,BRI,FUL,1,0.4947368421052631,0.6828031039590959,0.6456669615218752,1.92,1.0527482269503547,V0.6,0.1509301194166121,0.23968056612200028,0.9199999999999999,> 10%
2018_19_20180901_CHE_BOU,2018_19,2018-09-01,CHE,BOU,0,0.6650943396226415,0.6076454838505941,0.7224553530195978,1.42,1.0588352811906905,V0.6,0.05736101339695632,0.025886601287828936,-1.0,5% to 10%
2018_19_20180901_CRY_SOU,2018_19,2018-09-01,CRY,SOU,0,0.4479166666666666,0.4938795598581973,0.4521361667890357,2.12,1.0530934620447563,V0.6,0.004219500122369102,-0.04147132640724427,-1.0,0% to 2.5%
2018_19_20180901_EVE_HUD,2018_19,2018-09-01,EVE,HUD,0,0.4581151832460733,0.4511271683319409,0.4002054155321627,2.07,1.054520358868185,V0.6,-0.0579097677139106,-0.17157478984842323,-1.0,-10% to -5%
2018_19_20180901_LEI_LIV,2018_19,2018-09-01,LEI,LIV,1,0.5769230769230769,0.5871323609521191,0.6372874840135921,1.65,1.0505050505050506,V0.6,0.06036440709051527,0.05152434862242705,0.6499999999999999,5% to 10%
2018_19_20180901_MCI_NEW,2018_19,2018-09-01,MCI,NEW,1,0.6886363636363636,0.5851985814444426,0.6734281082060911,1.37,1.0599600105996,V0.6,-0.015208255430272488,-0.07740349175765515,0.3700000000000001,-2.5% to 0%
2018_19_20180901_WHU_WOL,2018_19,2018-09-01,WHU,WOL,0,0.513157894736842,0.5481339595823552,0.6064191431571543,1.85,1.0533610533610531,V0.6,0.09326124842031225,0.1218754148407355,-1.0,5% to 10%
2018_19_20180902_BUR_MUN,2018_19,2018-09-02,BUR,MUN,0,0.4427083333333333,0.5683956251457303,0.5215286899476151,2.14,1.0555250137438152,V0.6,0.07882035661428183,0.11607139648789655,-1.0,5% to 10%
2018_19_20180902_CAR_ARS,2018_19,2018-09-02,CAR,ARS,1,0.5404699738903395,0.4826285939221941,0.6592293989695089,1.76,1.0512736056214318,V0.6,0.11875942507916948,0.16024374218633564,0.76,> 10%
2018_19_20180902_WAT_TOT,2018_19,2018-09-02,WAT,TOT,1,0.5572916666666667,0.5039746800323028,0.553521188112898,1.7,1.0555250137438152,V0.6,-0.0037704785537687746,-0.05901398020807347,0.7,-2.5% to 0%
2018_19_20180915_BOU_LEI,2018_19,2018-09-15,BOU,LEI,1,0.5078534031413613,0.4984022698964627,0.5198355843904615,1.88,1.0473788111427944,V0.6,0.011982181249100221,-0.022709101345932403,0.8799999999999999,0% to 2.5%
2018_19_20180915_CHE_CAR,2018_19,2018-09-15,CHE,CAR,1,0.6262376237623761,0.4634855262465253,0.6468077709872814,1.51,1.0575085726251867,V0.6,0.020570147224905244,-0.0233202658092051,0.51,0% to 2.5%
2018_19_20180915_HUD_CRY,2018_19,2018-09-15,HUD,CRY,0,0.4025316455696203,0.4532449063956008,0.4171019956612827,2.36,1.052659631169385,V0.6,0.01457035009166241,-0.01563929023937294,-1.0,0% to 2.5%
2018_19_20180915_MCI_FUL,2018_19,2018-09-15,MCI,FUL,1,0.7534246575342466,0.7069684597964706,0.7892442893637891,1.26,1.053391053391053,V0.6,0.03581963182954251,-0.00555219540162577,0.26,2.5% to 5%
2018_19_20180915_NEW_ARS,2018_19,2018-09-15,NEW,ARS,1,0.5558441558441558,0.5637482064416086,0.6179833692044171,1.71,1.0520850412635951,V0.6,0.06213921336026129,0.05675156133955328,0.71,5% to 10%
2018_19_20180915_TOT_LIV,2018_19,2018-09-15,TOT,LIV,1,0.5732647814910026,0.6485933666904781,0.6234347911208948,1.66,1.0508401318277596,V0.6,0.050170009629892265,0.03490175326068545,0.6599999999999999,5% to 10%
2018_19_20180915_WAT_MUN,2018_19,2018-09-15,WAT,MUN,1,0.4790575916230366,0.4282099950826864,0.4513630321313996,1.99,1.0489606502457642,V0.6,-0.027694559491637016,-0.1017875660585148,0.99,-5% to -2.5%
2018_19_20180916_EVE_WHU,2018_19,2018-09-16,EVE,WHU,1,0.5314136125654451,0.5678318201883996,0.5718099393820792,1.79,1.0512700553155183,V0.6,0.04039632681663419,0.023539791493921935,0.79,2.5% to 5%
2018_19_20180916_WOL_BUR,2018_19,2018-09-16,WOL,BUR,0,0.4168797953964194,0.4583461660802345,0.4175086174679093,2.28,1.0520934237434076,V0.6,0.0006288220714898984,-0.04808035217316686,-1.0,0% to 2.5%
2018_19_20180917_SOU_BRI,2018_19,2018-09-17,SOU,BRI,1,0.4179487179487179,0.4432299918136545,0.3930774224815003,2.27,1.0540255668765708,V0.6,-0.024871295467217613,-0.10771425096699427,1.27,-2.5% to 0%
2018_19_20180922_BRI_TOT,2018_19,2018-09-22,BRI,TOT,1,0.5287958115183247,0.5738567528842596,0.6218105873948331,1.8,1.0506050605060506,V0.6,0.09301477587650842,0.11925905731069952,0.8,5% to 10%
2018_19_20180922_BUR_BOU,2018_19,2018-09-22,BUR,BOU,1,0.4712041884816754,0.5024131349688248,0.52702771338885,2.02,1.0506050605060506,V0.6,0.055823524907174626,0.06459598104547704,1.02,5% to 10%
2018_19_20180922_CAR_MCI,2018_19,2018-09-22,CAR,MCI,1,0.6506024096385543,0.5511383666073971,0.734845706557065,1.45,1.0600255427841634,V0.6,0.08424329691851073,0.06552627450774429,0.44999999999999996,5% to 10%
2018_19_20180922_CRY_NEW,2018_19,2018-09-22,CRY,NEW,0,0.4505208333333333,0.4842875796463917,0.4586713867243653,2.11,1.0519683313700243,V0.6,0.00815055339103199,-0.032203374011589236,-1.0,0% to 2.5%
2018_19_20180922_FUL_WAT,2018_19,2018-09-22,FUL,WAT,0,0.5392670157068064,0.4888396865251762,0.5235772098423109,1.76,1.0536187113857016,V0.6,-0.01568980586449542,-0.07850411067753271,-1.0,-2.5% to 0%
2018_19_20180922_LEI_HUD,2018_19,2018-09-22,LEI,HUD,1,0.4352331606217616,0.4186921441716503,0.3396280723865811,2.18,1.0539536915683705,V0.6,-0.09560508823518049,-0.2596108021972532,1.1800000000000002,-10% to -5%
2018_19_20180922_LIV_SOU,2018_19,2018-09-22,LIV,SOU,1,0.6348039215686274,0.4869227725203656,0.5797181922050564,1.49,1.0572413256977016,V0.6,-0.055085729363571034,-0.13621989361446596,0.49,-10% to -5%
2018_19_20180922_MUN_WOL,2018_19,2018-09-22,MUN,WOL,0,0.513157894736842,0.5139406216767534,0.5691854048039492,1.85,1.0533610533610531,V0.6,0.056027510067107156,0.05299299888730613,-1.0,5% to 10%
2018_19_20180923_ARS_EVE,2018_19,2018-09-23,ARS,EVE,0,0.6563245823389022,0.6179197972707219,0.685470080642835,1.44,1.058080808080808,V0.6,0.02914549830393276,-0.01292308387431762,-1.0,2.5% to 5%
2018_19_20180923_WHU_CHE,2018_19,2018-09-23,WHU,CHE,0,0.6,0.5692907885796556,0.6748851362651613,1.58,1.0548523206751057,V0.6,0.07488513626516136,0.06631851529895494,-1.0,5% to 10%
2018_19_20180929_ARS_WAT,2018_19,2018-09-29,ARS,WAT,0,0.6546762589928057,0.5209658784877604,0.6064049436315536,1.44,1.0607448107448108,V0.6,-0.048271315361252065,-0.12677688117056285,-1.0,-5% to -2.5%
2018_19_20180929_CHE_LIV,2018_19,2018-09-29,CHE,LIV,0,0.5784061696658098,0.6141387179813959,0.6058171769598699,1.64,1.05420054200542,V0.6,0.027411007294060097,-0.006459829785813387,-1.0,2.5% to 5%
2018_19_20180929_EVE_FUL,2018_19,2018-09-29,EVE,FUL,1,0.5892857142857143,0.6079879933135327,0.6540028156059168,1.61,1.054018445322793,V0.6,0.06471710132020247,0.05294453312552605,0.6100000000000001,5% to 10%
2018_19_20180929_HUD_TOT,2018_19,2018-09-29,HUD,TOT,0,0.5314136125654451,0.5406952941804475,0.6447308430977886,1.79,1.0512700553155183,V0.6,0.11331723053234355,0.1540682091450416,-1.0,> 10%
2018_19_20180929_MCI_BRI,2018_19,2018-09-29,MCI,BRI,0,0.7257383966244725,0.5552457643679327,0.6974383602767652,1.3,1.059928443649374,V0.6,-0.02830003634770728,-0.0933301316402052,-1.0,-5% to -2.5%
2018_19_20180929_NEW_LEI,2018_19,2018-09-29,NEW,LEI,0,0.4329896907216495,0.5504377034869554,0.475518807138703,2.2,1.0497835497835497,V0.6,0.04252911641705348,0.04614137570514654,-1.0,2.5% to 5%
2018_19_20180929_WHU_MUN,2018_19,2018-09-29,WHU,MUN,1,0.5235602094240838,0.460862651600516,0.5286090361699204,1.82,1.0494505494505493,V0.6,0.005048826745836621,-0.0379315541707449,0.8200000000000001,0% to 2.5%
2018_19_20180929_WOL_SOU,2018_19,2018-09-29,WOL,SOU,0,0.4467532467532467,0.4338595144487638,0.4326537380638072,2.13,1.0508789169123267,V0.6,-0.014099508689439488,-0.07844753792409076,-1.0,-2.5% to 0%
2018_19_20180930_CAR_BUR,2018_19,2018-09-30,CAR,BUR,1,0.3894472361809045,0.3863110001355349,0.3792295087011827,2.43,1.0566839240674366,V0.6,-0.010217727479721772,-0.07847229385612597,1.4300000000000002,-2.5% to 0%
2018_19_20181001_BOU_CRY,2018_19,2018-10-01,BOU,CRY,1,0.5354330708661418,0.4939396899901959,0.5429122842557726,1.77,1.055167829843802,V0.6,0.007479213389630868,-0.03904525686728244,0.77,0% to 2.5%
2018_19_20181005_BRI_WHU,2018_19,2018-10-05,BRI,WHU,0,0.4647519582245431,0.509083073010868,0.501516199988815,2.05,1.0496026308577693,V0.6,0.0367642417642719,0.02810820997707064,-1.0,2.5% to 5%
2018_19_20181006_BUR_HUD,2018_19,2018-10-06,BUR,HUD,0,0.3719211822660098,0.4307205018080762,0.3347687502143803,2.55,1.054408518374237,V0.6,-0.03715243205162949,-0.14633968695333033,-1.0,-5% to -2.5%
2018_19_20181006_CRY_WOL,2018_19,2018-10-06,CRY,WOL,0,0.4252577319587629,0.4998697127656398,0.4711700687378016,2.23,1.0544910993341488,V0.6,0.04591233677903872,0.05070925328529752,-1.0,2.5% to 5%
2018_19_20181006_LEI_EVE,2018_19,2018-10-06,LEI,EVE,1,0.5039370078740157,0.5754629885520685,0.5356985660004403,1.89,1.0499338624338626,V0.6,0.03176155812642456,0.012470289740832197,0.8899999999999999,2.5% to 5%
2018_19_20181006_MUN_NEW,2018_19,2018-10-06,MUN,NEW,1,0.5039370078740157,0.5240832705427522,0.553201391292778,1.89,1.0499338624338626,V0.6,0.04926438341876227,0.04555062954335032,0.8899999999999999,2.5% to 5%
2018_19_20181006_TOT_CAR,2018_19,2018-10-06,TOT,CAR,0,0.6497584541062802,0.4910950939528165,0.5945067376401155,1.45,1.061402384309704,V0.6,-0.05525171646616467,-0.1379652304218325,-1.0,-10% to -5%
2018_19_20181006_WAT_BOU,2018_19,2018-10-06,WAT,BOU,1,0.5378590078328982,0.4753979102607002,0.5438389035969099,1.77,1.0504086446163128,V0.6,0.0059798957640117,-0.03740514063346945,0.77,0% to 2.5%
2018_19_20181007_FUL_ARS,2018_19,2018-10-07,FUL,ARS,1,0.6635071090047394,0.5847266814538957,0.7105690371760242,1.42,1.0613682092555332,V0.6,0.04706192817128474,0.009008032789954212,0.41999999999999993,2.5% to 5%
2018_19_20181007_LIV_MCI,2018_19,2018-10-07,LIV,MCI,0,0.5856777493606138,0.6518341843597848,0.6171598773984823,1.62,1.0539651733247075,V0.6,0.03148212803786854,-0.0002009986144585474,-1.0,2.5% to 5%
2018_19_20181007_SOU_CHE,2018_19,2018-10-07,SOU,CHE,1,0.5314136125654451,0.5866522646100517,0.6549395003888919,1.79,1.0512700553155183,V0.6,0.12352588782344687,0.1723417056961165,0.79,> 10%
2018_19_20181020_BOU_SOU,2018_19,2018-10-20,BOU,SOU,0,0.5314136125654451,0.5003038062589026,0.5545261325840407,1.79,1.0512700553155183,V0.6,0.02311252001859565,-0.007398222674567134,-1.0,0% to 2.5%
2018_19_20181020_CAR_FUL,2018_19,2018-10-20,CAR,FUL,1,0.5235602094240838,0.5460456058863423,0.6797095645104339,1.82,1.0494505494505493,V0.6,0.15614935508635008,0.2370714074089897,0.8200000000000001,> 10%
2018_19_20181020_CHE_MUN,2018_19,2018-10-20,CHE,MUN,1,0.5340314136125655,0.5266301350023428,0.5037655275082035,1.78,1.0519938312403614,V0.6,-0.030265886104361983,-0.10329736103539777,0.78,-5% to -2.5%
2018_19_20181020_HUD_LIV,2018_19,2018-10-20,HUD,LIV,0,0.5235602094240838,0.4964703626573378,0.6047209407153192,1.82,1.0494505494505493,V0.6,0.08116073129123547,0.10059211210188113,-1.0,5% to 10%
2018_19_20181020_MCI_BUR,2018_19,2018-10-20,MCI,BUR,1,0.7408906882591094,0.5775838448056608,0.7599419423928284,1.28,1.0544740437158469,V0.6,0.019051254133718998,-0.02727431373717959,0.28,0% to 2.5%
2018_19_20181020_NEW_BRI,2018_19,2018-10-20,NEW,BRI,0,0.3875,0.5049846696365694,0.4189242025730085,2.45,1.053324555628703,V0.6,0.031424202573008486,0.026364296303870827,-1.0,2.5% to 5%
2018_19_20181020_WHU_TOT,2018_19,2018-10-20,WHU,TOT,0,0.5794871794871795,0.5340777827333828,0.6179415953909152,1.64,1.0522339736671702,V0.6,0.03845441590373566,0.013424216441100922,-1.0,2.5% to 5%
2018_19_20181020_WOL_WAT,2018_19,2018-10-20,WOL,WAT,0,0.4659685863874345,0.4370846293028255,0.4192795143787459,2.04,1.0519938312403614,V0.6,-0.046689072008688604,-0.1446697906673584,-1.0,-5% to -2.5%
2018_19_20181021_EVE_CRY,2018_19,2018-10-21,EVE,CRY,0,0.4803149606299213,0.514073838461254,0.4842274810762053,1.98,1.051498592482199,V0.6,0.003912520446283985,-0.04122958746911354,-1.0,0% to 2.5%
2018_19_20181022_ARS_LEI,2018_19,2018-10-22,ARS,LEI,1,0.6405867970660147,0.5612262613416669,0.5650627212936102,1.47,1.0619514981565144,V0.6,-0.0755240757724045,-0.16935779969839293,0.47,-10% to -5%
2018_19_20181027_BRI_WOL,2018_19,2018-10-27,BRI,WOL,0,0.398989898989899,0.4215338669007762,0.3970972398207881,2.38,1.053079459631954,V0.6,-0.0018926591691109107,-0.05490856922652443,-1.0,-2.5% to 0%
2018_19_20181027_FUL_BOU,2018_19,2018-10-27,FUL,BOU,1,0.6184538653366584,0.5252174749041275,0.6626957738147153,1.53,1.056820577693443,V0.6,0.04424190847805698,0.013924533936514383,0.53,2.5% to 5%
2018_19_20181027_LEI_WHU,2018_19,2018-10-27,LEI,WHU,0,0.4829396325459317,0.5964826814955904,0.5279618953164472,1.97,1.0510924740675347,V0.6,0.04502226277051552,0.040084933773401055,-1.0,2.5% to 5%
2018_19_20181027_LIV_CAR,2018_19,2018-10-27,LIV,CAR,1,0.69438202247191,0.5226408906819385,0.6891606441498774,1.36,1.0589187131163145,V0.6,-0.0052213783220326215,-0.06274152395616661,0.3600000000000001,-2.5% to 0%
2018_19_20181027_SOU_NEW,2018_19,2018-10-27,SOU,NEW,0,0.4107142857142857,0.5064996281363379,0.4454706787542842,2.31,1.054018445322793,V0.6,0.0347563930399985,0.02903726792239647,-1.0,2.5% to 5%
2018_19_20181027_WAT_HUD,2018_19,2018-10-27,WAT,HUD,1,0.4366925064599483,0.4694456776003545,0.4634012095682027,2.18,1.0504315726616362,V0.6,0.026708703108254406,0.010214636858681958,1.1800000000000002,2.5% to 5%
2018_19_20181028_BUR_CHE,2018_19,2018-10-28,BUR,CHE,1,0.5301837270341206,0.5491309686891075,0.5972985115814938,1.79,1.05370872282759,V0.6,0.06711478454737319,0.069164335730874,0.79,5% to 10%
2018_19_20181028_CRY_ARS,2018_19,2018-10-28,CRY,ARS,1,0.5928753180661578,0.550783835431027,0.6678651193254028,1.6,1.0541845493562232,V0.6,0.07498980125924504,0.0685841909206446,0.6000000000000001,5% to 10%
2018_19_20181028_MUN_EVE,2018_19,2018-10-28,MUN,EVE,1,0.5261780104712042,0.6149111951054766,0.616761501427845,1.81,1.0499986256562492,V0.6,0.09058349095664087,0.1163383175843995,0.81,5% to 10%
2018_19_20181029_TOT_MCI,2018_19,2018-10-29,TOT,MCI,0,0.598984771573604,0.668014928245521,0.636734696376305,1.58,1.0566402059643851,V0.6,0.03774992480270101,0.0060408202745618755,-1.0,2.5% to 5%
2018_19_20181103_ARS_LIV,2018_19,2018-11-03,ARS,LIV,0,0.6222222222222222,0.6161219605032059,0.6403141980290821,1.53,1.050420168067227,V0.6,0.01809197580685984,-0.0203192770155044,-1.0,0% to 2.5%
2018_19_20181103_BOU_MUN,2018_19,2018-11-03,BOU,MUN,1,0.5558441558441558,0.5005045479256802,0.5515368715433264,1.71,1.0520850412635951,V0.6,-0.004307284300829384,-0.0568719496609118,0.71,-2.5% to 0%
2018_19_20181103_CAR_LEI,2018_19,2018-11-03,CAR,LEI,0,0.4531249999999999,0.5526555988794006,0.52750665397001,2.1,1.0509031198686372,V0.6,0.07438165397001006,0.10776397333702104,-1.0,5% to 10%
2018_19_20181103_EVE_BRI,2018_19,2018-11-03,EVE,BRI,1,0.486910994764398,0.5058158302353404,0.5248280449662776,1.96,1.0478384902348037,V0.6,0.037917050201879576,0.0286629681339039,0.96,2.5% to 5%
2018_19_20181103_NEW_WAT,2018_19,2018-11-03,NEW,WAT,0,0.4267352185089973,0.4406839865812671,0.4042101776658236,2.23,1.0508401318277596,V0.6,-0.022525040843173694,-0.09861130380521332,-1.0,-2.5% to 0%
2018_19_20181103_WHU_BUR,2018_19,2018-11-03,WHU,BUR,1,0.4738219895287958,0.4025380847357327,0.4245605071369748,2.01,1.0499986256562492,V0.6,-0.04926148239182099,-0.1466333806546808,1.0099999999999998,-5% to -2.5%
2018_19_20181103_WOL_TOT,2018_19,2018-11-03,WOL,TOT,1,0.4881889763779528,0.5778750417602293,0.6096261280380723,1.95,1.0504549214226633,V0.6,0.12143715166011948,0.1887709496742409,0.95,> 10%
2018_19_20181104_CHE_CRY,2018_19,2018-11-04,CHE,CRY,1,0.6262376237623761,0.5409446175405097,0.6204862789164537,1.51,1.0575085726251867,V0.6,-0.005751344845922435,-0.06306571883615497,0.51,-2.5% to 0%
2018_19_20181104_MCI_SOU,2018_19,2018-11-04,MCI,SOU,1,0.7263157894736842,0.5626758668713964,0.708144725693967,1.3,1.0590858416945372,V0.6,-0.018171063779717223,-0.07941185659784289,0.30000000000000004,-2.5% to 0%
2018_19_20181105_HUD_FUL,2018_19,2018-11-05,HUD,FUL,0,0.4881889763779528,0.4776763257310291,0.5213086359502477,1.95,1.0504549214226633,V0.6,0.0331196595722949,0.01655184010298294,-1.0,2.5% to 5%
2018_19_20181110_CAR_BRI,2018_19,2018-11-10,CAR,BRI,1,0.3875,0.4444733048986317,0.396637484734362,2.45,1.053324555628703,V0.6,0.00913748473436199,-0.028238162400813005,1.4500000000000002,0% to 2.5%
2018_19_20181110_CRY_TOT,2018_19,2018-11-10,CRY,TOT,0,0.5442708333333333,0.5874005011837143,0.6773122301511036,1.75,1.0498974709501026,V0.6,0.13304139681777039,0.18529640276443127,-1.0,> 10%
2018_19_20181110_HUD_WHU,2018_19,2018-11-10,HUD,WHU,0,0.4215938303341903,0.4285401382289975,0.4009869182875152,2.25,1.05420054200542,V0.6,-0.020606912046675085,-0.09777943385309085,-1.0,-2.5% to 0%
2018_19_20181110_LEI_BUR,2018_19,2018-11-10,LEI,BUR,0,0.5118110236220472,0.4731581238128262,0.4763384038120406,1.86,1.0504549214226633,V0.6,-0.0354726198100066,-0.11401056890960437,-1.0,-5% to -2.5%
2018_19_20181110_NEW_BOU,2018_19,2018-11-10,NEW,BOU,1,0.4764397905759163,0.5066098156493805,0.5321546882280589,2.0,1.0494505494505493,V0.6,0.0557148976521426,0.06430937645611778,1.0,5% to 10%
2018_19_20181110_SOU_WAT,2018_19,2018-11-10,SOU,WAT,0,0.4621409921671018,0.5132723750526434,0.5230135383290897,2.06,1.0504086446163128,V0.6,0.060872546161987895,0.07740788895792483,-1.0,5% to 10%
2018_19_20181111_ARS_WOL,2018_19,2018-11-11,ARS,WOL,0,0.5846153846153845,0.507330663640188,0.5601317677723494,1.62,1.0558804418453542,V0.6,-0.024483616843035128,-0.09258653620879387,-1.0,-2.5% to 0%
2018_19_20181111_CHE_EVE,2018_19,2018-11-11,CHE,EVE,0,0.6105527638190955,0.6081755270342497,0.6374187386466437,1.55,1.0566839240674366,V0.6,0.026865974827548156,-0.01200095509770227,-1.0,2.5% to 5%
2018_19_20181111_LIV_FUL,2018_19,2018-11-11,LIV,FUL,0,0.7615384615384616,0.5617649623173495,0.7499020460711987,1.24,1.0589768654284784,V0.6,-0.011636415467262906,-0.07012146287171361,-1.0,-2.5% to 0%
2018_19_20181111_MCI_MUN,2018_19,2018-11-11,MCI,MUN,1,0.6407766990291263,0.6038758982983614,0.6022671051692462,1.48,1.0544635544635543,V0.6,-0.038509593859880065,-0.10864468434951569,0.48,-5% to -2.5%
2018_19_20181124_BRI_LEI,2018_19,2018-11-24,BRI,LEI,0,0.4168797953964194,0.5150749431779521,0.4299732539083996,2.28,1.0520934237434076,V0.6,0.013093458511980183,-0.01966098108884906,-1.0,0% to 2.5%
2018_19_20181124_EVE_CAR,2018_19,2018-11-24,EVE,CAR,0,0.5287958115183247,0.5298567800845414,0.5629884891401983,1.8,1.0506050605060506,V0.6,0.03419267762187361,0.013379280452356923,-1.0,2.5% to 5%
2018_19_20181124_FUL_SOU,2018_19,2018-11-24,FUL,SOU,1,0.5026315789473684,0.5066278238370401,0.594080546378022,1.89,1.052660738524613,V0.6,0.09144896743065356,0.1228122326544614,0.8899999999999999,5% to 10%
2018_19_20181124_MUN_CRY,2018_19,2018-11-24,MUN,CRY,0,0.5404699738903395,0.5308353270286426,0.5726541844807578,1.76,1.0512736056214318,V0.6,0.032184210590418316,0.007871364686133697,-1.0,2.5% to 5%
2018_19_20181124_TOT_CHE,2018_19,2018-11-24,TOT,CHE,1,0.5456919060052219,0.5871197293686531,0.5545538078708707,1.74,1.053181543199692,V0.6,0.008861901865648836,-0.03507637430468491,0.74,0% to 2.5%
2018_19_20181124_WAT_LIV,2018_19,2018-11-24,WAT,LIV,1,0.5747422680412371,0.5629528564215492,0.6487649060003626,1.65,1.0544910993341488,V0.6,0.07402263795912556,0.0704620949005983,0.6499999999999999,5% to 10%
2018_19_20181124_WHU_MCI,2018_19,2018-11-24,WHU,MCI,1,0.660332541567696,0.5918547947863217,0.7148893009535467,1.43,1.0590129295165267,V0.6,0.054556759385850695,0.022291700363571865,0.42999999999999994,5% to 10%
2018_19_20181125_BOU_ARS,2018_19,2018-11-25,BOU,ARS,1,0.6348039215686274,0.526122686678772,0.6216729627440276,1.49,1.0572413256977016,V0.6,-0.013130958824599803,-0.07370728551139882,0.49,-2.5% to 0%
2018_19_20181125_WOL_HUD,2018_19,2018-11-25,WOL,HUD,0,0.4179487179487179,0.4468006621240959,0.4261706971760174,2.27,1.0540255668765708,V0.6,0.008221979227299503,-0.03259251741044045,-1.0,0% to 2.5%
2018_19_20181126_BUR_NEW,2018_19,2018-11-26,BUR,NEW,1,0.4107142857142857,0.5572243683139236,0.4961750086268657,2.31,1.054018445322793,V0.6,0.08546072291258,0.14616426992805986,1.31,5% to 10%
2018_19_20181130_CAR_WOL,2018_19,2018-11-30,CAR,WOL,1,0.4005037783375315,0.3660817656491313,0.3641730129545078,2.38,1.0490988848369536,V0.6,-0.036330765383023655,-0.1332682291682714,1.38,-5% to -2.5%
2018_19_20181201_CRY_BUR,2018_19,2018-12-01,CRY,BUR,0,0.4569190600522194,0.4131420588596319,0.426559565345398,2.08,1.052197802197802,V0.6,-0.030359494706821366,-0.1127561040815721,-1.0,-5% to -2.5%
2018_19_20181201_HUD_BRI,2018_19,2018-12-01,HUD,BRI,1,0.3460620525059665,0.3931015136859852,0.3124043604897255,2.74,1.0546186760634282,V0.6,-0.033657692016241025,-0.14401205225815217,1.7400000000000002,-5% to -2.5%
2018_19_20181201_LEI_WAT,2018_19,2018-12-01,LEI,WAT,0,0.4803149606299213,0.5074751523565797,0.4925269062811129,1.98,1.051498592482199,V0.6,0.012211945651191602,-0.024796725563396516,-1.0,0% to 2.5%
2018_19_20181201_MCI_BOU,2018_19,2018-12-01,MCI,BOU,1,0.7553816046966731,0.6283839932534587,0.7407270537345476,1.25,1.0590673575129534,V0.6,-0.014654550962125534,-0.07409118283181548,0.25,-2.5% to 0%
2018_19_20181201_NEW_WHU,2018_19,2018-12-01,NEW,WHU,1,0.4415584415584415,0.4234200079801149,0.3644010779935079,2.15,1.0533515731874146,V0.6,-0.07715736356493358,-0.2165376823139581,1.15,-10% to -5%
2018_19_20181201_SOU_MUN,2018_19,2018-12-01,SOU,MUN,1,0.5039370078740157,0.524307823273519,0.5737482977125312,1.89,1.0499338624338626,V0.6,0.06981128983851548,0.08438428267668385,0.8899999999999999,5% to 10%
2018_19_20181202_ARS_TOT,2018_19,2018-12-02,ARS,TOT,1,0.6070528967254408,0.6599363197536366,0.6613549707395602,1.56,1.0559634003617404,V0.6,0.05430207401411935,0.03171375435371382,0.56,5% to 10%
2018_19_20181202_CHE_FUL,2018_19,2018-12-02,CHE,FUL,0,0.7019867549668874,0.6296143155382484,0.7697230370753197,1.35,1.055206149545772,V0.6,0.0677362821084323,0.03912610005168182,-1.0,5% to 10%
2018_19_20181202_LIV_EVE,2018_19,2018-12-02,LIV,EVE,0,0.5856777493606138,0.5831434815207132,0.6048635343315725,1.62,1.0539651733247075,V0.6,0.019185784970958686,-0.02012107438285249,-1.0,0% to 2.5%
2018_19_20181204_BOU_HUD,2018_19,2018-12-04,BOU,HUD,1,0.4960629921259842,0.453850533736525,0.4962177728667163,1.92,1.0499338624338626,V0.6,0.0001547807407321078,-0.04726187609590471,0.9199999999999999,0% to 2.5%
2018_19_20181204_BRI_CRY,2018_19,2018-12-04,BRI,CRY,1,0.3875,0.4581250788168461,0.3675902342912154,2.45,1.053324555628703,V0.6,-0.01990976570878461,-0.09940392598652226,1.4500000000000002,-2.5% to 0%
2018_19_20181204_WAT_MCI,2018_19,2018-12-04,WAT,MCI,1,0.6323529411764707,0.5536507598849312,0.6919248987436655,1.5,1.0542635658914727,V0.6,0.0595719575671948,0.03788734811549821,0.5,5% to 10%
2018_19_20181204_WHU_CAR,2018_19,2018-12-04,WHU,CAR,1,0.5326370757180157,0.5453118707369672,0.6278570642473574,1.79,1.0488552963084674,V0.6,0.09521998852934177,0.12386414500276977,0.79,5% to 10%
2018_19_20181205_BUR_LIV,2018_19,2018-12-05,BUR,LIV,1,0.5846153846153845,0.597936993157865,0.699214677792614,1.62,1.0558804418453542,V0.6,0.1145992931772295,0.1327277780240348,0.6200000000000001,> 10%
2018_19_20181205_EVE_NEW,2018_19,2018-12-05,EVE,NEW,0,0.4881889763779528,0.498875219062441,0.5059991816842679,1.95,1.0504549214226633,V0.6,0.017810205306315163,-0.013301595715677572,-1.0,0% to 2.5%
2018_19_20181205_FUL_LEI,2018_19,2018-12-05,FUL,LEI,0,0.5314136125654451,0.523636149640725,0.6191512645338121,1.79,1.0512700553155183,V0.6,0.08773765196836703,0.10828076351552363,-1.0,5% to 10%
2018_19_20181205_MUN_ARS,2018_19,2018-12-05,MUN,ARS,1,0.586734693877551,0.6043017099388572,0.6300064184897942,1.62,1.052066559312936,V0.6,0.04327172461224327,0.02061039795346664,0.6200000000000001,2.5% to 5%
2018_19_20181205_TOT_SOU,2018_19,2018-12-05,TOT,SOU,1,0.5732647814910026,0.5746995113262292,0.6138570626126091,1.66,1.0508401318277596,V0.6,0.04059228112160651,0.019002723936931032,0.6599999999999999,2.5% to 5%
2018_19_20181205_WOL_CHE,2018_19,2018-12-05,WOL,CHE,1,0.4986876640419947,0.5698799557285853,0.6207753660942436,1.91,1.049875998897768,V0.6,0.12208770205224884,0.1856809492400051,0.9099999999999999,> 10%
2018_19_20181208_ARS_HUD,2018_19,2018-12-08,ARS,HUD,0,0.6115288220551378,0.5317568756780093,0.6026507840849565,1.55,1.0549973558963512,V0.6,-0.008878037970181274,-0.0658912846683174,-1.0,-2.5% to 0%
2018_19_20181208_BOU_LIV,2018_19,2018-12-08,BOU,LIV,1,0.5903307888040712,0.6071212622193732,0.6875505464297375,1.61,1.0521524951809809,V0.6,0.09721975762566626,0.10695637975187733,0.6100000000000001,5% to 10%
2018_19_20181208_BUR_BRI,2018_19,2018-12-08,BUR,BRI,0,0.3944723618090452,0.4592239926711157,0.3908010486082648,2.41,1.0518804344953352,V0.6,-0.0036713132007804017,-0.058169472854081694,-1.0,-2.5% to 0%
2018_19_20181208_CAR_SOU,2018_19,2018-12-08,CAR,SOU,0,0.4430051813471503,0.4115811183278567,0.4003910930717766,2.15,1.0499116007071942,V0.6,-0.04261408827537366,-0.13915914989568035,-1.0,-5% to -2.5%
2018_19_20181208_CHE_MCI,2018_19,2018-12-08,CHE,MCI,0,0.5621761658031088,0.6445571074083849,0.5972028924638388,1.69,1.052545469418919,V0.6,0.035026726660730034,0.009272888263887502,-1.0,2.5% to 5%
2018_19_20181208_LEI_TOT,2018_19,2018-12-08,LEI,TOT,0,0.5274151436031332,0.5029131650127157,0.5150809291988724,1.81,1.0475356927957988,V0.6,-0.012334214404260857,-0.06770351815004094,-1.0,-2.5% to 0%
2018_19_20181208_MUN_FUL,2018_19,2018-12-08,MUN,FUL,1,0.606516290726817,0.6216471437916332,0.7284429157835678,1.57,1.0501658156551037,V0.6,0.12192662505675078,0.14365537778020143,0.5700000000000001,> 10%
2018_19_20181208_WHU_CRY,2018_19,2018-12-08,WHU,CRY,1,0.4855643044619423,0.4805345219341859,0.4866235147222558,1.96,1.0507446221731935,V0.6,0.00105921026031347,-0.046217911144378676,0.96,0% to 2.5%
2018_19_20181209_NEW_WOL,2018_19,2018-12-09,NEW,WOL,1,0.3999999999999999,0.3924715181387786,0.3406903031832181,2.37,1.0548523206751057,V0.6,-0.05930969681678183,-0.19256398145577314,1.37,-10% to -5%
2018_19_20181210_EVE_WAT,2018_19,2018-12-10,EVE,WAT,1,0.5039370078740157,0.4902244039520607,0.5086249720525237,1.89,1.0499338624338626,V0.6,0.00468796417850792,-0.03869880282073035,0.8899999999999999,0% to 2.5%
2018_19_20181215_CRY_LEI,2018_19,2018-12-15,CRY,LEI,0,0.4060913705583756,0.5067116437658491,0.4159725691861061,2.34,1.0523504273504274,V0.6,0.009881198627730514,-0.026624188104511837,-1.0,0% to 2.5%
2018_19_20181215_FUL_WHU,2018_19,2018-12-15,FUL,WHU,0,0.5820512820512821,0.4435393521767873,0.5684644666201842,1.63,1.0540255668765708,V0.6,-0.013586815431097854,-0.07340291940909971,-1.0,-2.5% to 0%
2018_19_20181215_HUD_NEW,2018_19,2018-12-15,HUD,NEW,0,0.3685503685503685,0.3882432287581516,0.3157868087958348,2.57,1.0557717250324254,V0.6,-0.05276355975453367,-0.18842790139470456,-1.0,-10% to -5%
2018_19_20181215_MCI_EVE,2018_19,2018-12-15,MCI,EVE,1,0.6834862385321101,0.6670041341855538,0.718131727178433,1.38,1.060208150958078,V0.6,0.034645488646322886,-0.008978216493762514,0.3799999999999999,2.5% to 5%
2018_19_20181215_TOT_BUR,2018_19,2018-12-15,TOT,BUR,0,0.6595238095238095,0.5904958204962724,0.7016990487170262,1.43,1.0603115296256092,V0.6,0.04217523919321664,0.0034296396653472616,-1.0,2.5% to 5%
2018_19_20181215_WAT_CAR,2018_19,2018-12-15,WAT,CAR,1,0.4908136482939633,0.5221883026857739,0.5799465945845304,1.94,1.0502232758145431,V0.6,0.08913294629056706,0.12509639349398882,0.94,5% to 10%
2018_19_20181215_WOL_BOU,2018_19,2018-12-15,WOL,BOU,0,0.5026315789473684,0.4804527330292389,0.5073945291932859,1.89,1.052660738524613,V0.6,0.004762950245917441,-0.04102433982468978,-1.0,0% to 2.5%
2018_19_20181216_BRI_CHE,2018_19,2018-12-16,BRI,CHE,1,0.518324607329843,0.549245306610398,0.6048165194749815,1.84,1.0485287659200702,V0.6,0.08649191214513852,0.11286239583396607,0.8400000000000001,5% to 10%
2018_19_20181216_LIV_MUN,2018_19,2018-12-16,LIV,MUN,1,0.5647668393782384,0.5364714387098871,0.5035087798288932,1.68,1.0539536915683705,V0.6,-0.061258059549345156,-0.15410524988745944,0.6799999999999999,-10% to -5%
2018_19_20181216_SOU_ARS,2018_19,2018-12-16,SOU,ARS,1,0.5928753180661578,0.5719540949824381,0.668538977091992,1.6,1.0541845493562232,V0.6,0.07566365902583416,0.06966236334718712,0.6000000000000001,5% to 10%
2018_19_20181221_WOL_LIV,2018_19,2018-12-21,WOL,LIV,0,0.486910994764398,0.5442414096124064,0.5391100746170913,1.96,1.0478384902348037,V0.6,0.052199079852693286,0.05665574624949876,-1.0,5% to 10%
2018_19_20181222_ARS_BUR,2018_19,2018-12-22,ARS,BUR,1,0.6464891041162226,0.5991919612842741,0.68363989067916,1.46,1.0594633420553077,V0.6,0.037150786562937355,-0.0018857596084264072,0.45999999999999996,2.5% to 5%
2018_19_20181222_BOU_BRI,2018_19,2018-12-22,BOU,BRI,0,0.4895287958115184,0.5137111517423762,0.5685534888141839,1.95,1.0475798711092827,V0.6,0.07902469300266546,0.1086793031876585,-1.0,5% to 10%
2018_19_20181222_CAR_MUN,2018_19,2018-12-22,CAR,MUN,1,0.5300261096605744,0.4970122352830702,0.5710637205338406,1.8,1.0481663929939793,V0.6,0.041037610873266184,0.027914696960912977,0.8,2.5% to 5%
2018_19_20181222_CHE_LEI,2018_19,2018-12-22,CHE,LEI,0,0.5695876288659795,0.61364498768412,0.6376678918558325,1.67,1.0512910829923865,V0.6,0.06808026298985304,0.06490537939924024,-1.0,5% to 10%
2018_19_20181222_HUD_SOU,2018_19,2018-12-22,HUD,SOU,1,0.3954659949622167,0.4058623577676914,0.366009740522121,2.4,1.0536093418259025,V0.6,-0.029456254440095697,-0.12157662274690961,1.4,-5% to -2.5%
2018_19_20181222_MCI_CRY,2018_19,2018-12-22,MCI,CRY,1,0.7019867549668874,0.619348173211169,0.7259651028020797,1.35,1.055206149545772,V0.6,0.02397834783519226,-0.01994711121719228,0.3500000000000001,0% to 2.5%
2018_19_20181222_NEW_FUL,2018_19,2018-12-22,NEW,FUL,0,0.4947643979057591,0.5242912553552755,0.5688911960989166,1.93,1.047235244126436,V0.6,0.07412679819315748,0.09796000847090891,-1.0,5% to 10%
2018_19_20181222_WHU_WAT,2018_19,2018-12-22,WHU,WAT,0,0.5456919060052219,0.4598420047820272,0.5094282365854423,1.74,1.053181543199692,V0.6,-0.03626366941977954,-0.11359486834133037,-1.0,-5% to -2.5%
2018_19_20181223_EVE_TOT,2018_19,2018-12-23,EVE,TOT,1,0.5366492146596858,0.5854658006371456,0.5824936680610351,1.77,1.05277662946121,V0.6,0.04584445340134924,0.031013792468032042,0.77,2.5% to 5%
2018_19_20181226_BRI_ARS,2018_19,2018-12-26,BRI,ARS,0,0.5430809399477807,0.5610978746749655,0.5998633060378302,1.75,1.052197802197802,V0.6,0.056782366090049496,0.04976078556620278,-1.0,5% to 10%
2018_19_20181226_BUR_EVE,2018_19,2018-12-26,BUR,EVE,1,0.4699738903394256,0.470949375602385,0.4969988525612556,2.03,1.0481663929939793,V0.6,0.027024962221829985,0.008907670699348724,1.0299999999999998,2.5% to 5%
2018_19_20181226_CRY_CAR,2018_19,2018-12-26,CRY,CAR,0,0.5013123359580053,0.4664201061843646,0.4970461051629262,1.9,1.049875998897768,V0.6,-0.004266230795079096,-0.055612400190440336,-1.0,-2.5% to 0%
2018_19_20181226_FUL_WOL,2018_19,2018-12-26,FUL,WOL,0,0.4647519582245431,0.411750516632467,0.4973432184477093,2.05,1.0496026308577693,V0.6,0.03259126022316616,0.01955359781780386,-1.0,2.5% to 5%
2018_19_20181226_LEI_MCI,2018_19,2018-12-26,LEI,MCI,1,0.5928753180661578,0.5814884407557839,0.6316744462732773,1.6,1.0541845493562232,V0.6,0.038799128207119504,0.010679114037243753,0.6000000000000001,2.5% to 5%
2018_19_20181226_LIV_NEW,2018_19,2018-12-26,LIV,NEW,1,0.6658823529411765,0.5040548134437115,0.6259395295198269,1.42,1.05758224257204,V0.6,-0.03994282342134958,-0.11116586808184581,0.41999999999999993,-5% to -2.5%
2018_19_20181226_MUN_HUD,2018_19,2018-12-26,MUN,HUD,1,0.5769230769230769,0.4597055334899185,0.5528681308801837,1.65,1.0505050505050506,V0.6,-0.024054946042893155,-0.08776758404769691,0.6499999999999999,-2.5% to 0%
2018_19_20181226_TOT_BOU,2018_19,2018-12-26,TOT,BOU,1,0.6390243902439025,0.5871607800644814,0.6360677385206486,1.48,1.0573550649886527,V0.6,-0.002956651723253878,-0.05861974698944017,0.48,-2.5% to 0%
2018_19_20181226_WAT_CHE,2018_19,2018-12-26,WAT,CHE,1,0.5468749999999999,0.5704412362217346,0.640040766296001,1.74,1.0509031198686372,V0.6,0.09316576629600115,0.11367093335504186,0.74,5% to 10%
2018_19_20181227_SOU_WHU,2018_19,2018-12-27,SOU,WHU,1,0.5326370757180157,0.5084334318149853,0.5645926056676606,1.79,1.0488552963084674,V0.6,0.0319555299496449,0.010620764145112371,0.79,2.5% to 5%
2018_19_20181229_BRI_EVE,2018_19,2018-12-29,BRI,EVE,0,0.4738219895287958,0.4790866187566122,0.4711845340972336,2.01,1.0499986256562492,V0.6,-0.0026374554315621856,-0.05291908646456056,-1.0,-2.5% to 0%
2018_19_20181229_FUL_HUD,2018_19,2018-12-29,FUL,HUD,0,0.4143222506393862,0.3424924485188485,0.3274423144560544,2.29,1.0539651733247075,V0.6,-0.08687993618333184,-0.2501570998956355,-1.0,-10% to -5%
2018_19_20181229_LEI_CAR,2018_19,2018-12-29,LEI,CAR,0,0.5013123359580053,0.4747997569497131,0.5092244848833711,1.9,1.049875998897768,V0.6,0.007912148925365847,-0.032473478721594895,-1.0,0% to 2.5%
2018_19_20181229_LIV_ARS,2018_19,2018-12-29,LIV,ARS,1,0.6280788177339901,0.6368335858528761,0.6241766670951296,1.51,1.054408518374237,V0.6,-0.0039021506388604577,-0.0574932326863542,0.51,-2.5% to 0%
2018_19_20181229_TOT_WOL,2018_19,2018-12-29,TOT,WOL,1,0.5670103092783505,0.5071734492178297,0.5340266143337192,1.68,1.0497835497835497,V0.6,-0.03298369494463127,-0.1028352879193517,0.6799999999999999,-5% to -2.5%
2018_19_20181229_WAT_NEW,2018_19,2018-12-29,WAT,NEW,0,0.4790575916230366,0.4534940474819687,0.4925555510459184,1.99,1.0489606502457642,V0.6,0.013497959422881789,-0.019814453418622313,-1.0,0% to 2.5%
2018_19_20181230_BUR_WHU,2018_19,2018-12-30,BUR,WHU,0,0.4986876640419947,0.5073147813593545,0.5468076593952621,1.91,1.049875998897768,V0.6,0.048119995353267386,0.04440262944495066,-1.0,2.5% to 5%
2018_19_20181230_CRY_CHE,2018_19,2018-12-30,CRY,CHE,0,0.5130890052356021,0.545934154230574,0.5945373495037509,1.86,1.0478384902348037,V0.6,0.08144834426814884,0.1058394700769767,-1.0,5% to 10%
2018_19_20181230_MUN_BOU,2018_19,2018-12-30,MUN,BOU,1,0.6178660049627792,0.574941010661965,0.6578317738123809,1.54,1.0509570750534605,V0.6,0.03996576884960168,0.013060931671066589,0.54,2.5% to 5%
2018_19_20181230_SOU_MCI,2018_19,2018-12-30,SOU,MCI,1,0.6159600997506234,0.621896464579207,0.7040870853086336,1.54,1.054208948945791,V0.6,0.08812698555801024,0.08429411137529574,0.54,5% to 10%
2018_19_20190101_ARS_FUL,2018_19,2019-01-01,ARS,FUL,1,0.6538461538461539,0.5938277056207014,0.6761814817069718,1.44,1.062091503267974,V0.6,0.022335327860817933,-0.026298666341960653,0.43999999999999995,0% to 2.5%
2018_19_20190101_CAR_TOT,2018_19,2019-01-01,CAR,TOT,1,0.5695876288659795,0.5413694072931684,0.6391311681976024,1.67,1.0512910829923865,V0.6,0.06954353933162294,0.06734905088999588,0.6699999999999999,5% to 10%
2018_19_20190101_EVE_LEI,2018_19,2019-01-01,EVE,LEI,0,0.4842931937172774,0.5964253237844854,0.5650067515866803,1.97,1.04815475373851,V0.6,0.08071355786940293,0.1130633006257602,-1.0,5% to 10%
2018_19_20190102_BOU_WAT,2018_19,2019-01-02,BOU,WAT,1,0.5468749999999999,0.5425291665927665,0.6417866530000511,1.74,1.0509031198686372,V0.6,0.09491165300005122,0.1167087762200889,0.74,5% to 10%
2018_19_20190102_CHE_SOU,2018_19,2019-01-02,CHE,SOU,0,0.6253101736972705,0.5343256372003242,0.6236256008732572,1.51,1.059077052454536,V0.6,-0.0016845728240132418,-0.058325342681381565,-1.0,-2.5% to 0%
2018_19_20190102_HUD_BUR,2018_19,2019-01-02,HUD,BUR,1,0.3875,0.4443192121082154,0.4035526565276701,2.45,1.053324555628703,V0.6,0.016052656527670073,-0.01129599150720817,1.4500000000000002,0% to 2.5%
2018_19_20190102_NEW_MUN,2018_19,2019-01-02,NEW,MUN,0,0.5805626598465473,0.4738008370764653,0.6093527086498962,1.64,1.050284731922209,V0.6,0.0287900488033489,-0.0006615578141703216,-1.0,2.5% to 5%
2018_19_20190102_WHU_BRI,2018_19,2019-01-02,WHU,BRI,1,0.5013123359580053,0.4931343879712198,0.533905668198081,1.9,1.049875998897768,V0.6,0.03259333224007577,0.014420769576353853,0.8999999999999999,2.5% to 5%
2018_19_20190102_WOL_CRY,2018_19,2019-01-02,WOL,CRY,0,0.4252577319587629,0.4459934415571038,0.3782055214147395,2.23,1.0544910993341488,V0.6,-0.047052210544023365,-0.1566016872451309,-1.0,-5% to -2.5%
2018_19_20190103_MCI_LIV,2018_19,2019-01-03,MCI,LIV,1,0.6159600997506234,0.7065542816784062,0.6475012863114333,1.54,1.054208948945791,V0.6,0.03154118656080995,-0.002848019080392672,0.54,2.5% to 5%
2018_19_20190112_BRI_LIV,2018_19,2019-01-12,BRI,LIV,0,0.5532467532467532,0.5393489201310666,0.5928598132080405,1.72,1.0508789169123267,V0.6,0.03961305996128728,0.019718878717829513,-1.0,2.5% to 5%
2018_19_20190112_BUR_FUL,2018_19,2019-01-12,BUR,FUL,1,0.4583333333333333,0.5153173847375873,0.5290304973230826,2.08,1.048951048951049,V0.6,0.07069716398974929,0.10038343443201181,1.08,5% to 10%
2018_19_20190112_CAR_HUD,2018_19,2019-01-12,CAR,HUD,0,0.3811881188118812,0.4039812798827029,0.3584773520277451,2.5,1.0493506493506493,V0.6,-0.022710766784136083,-0.10380661993063722,-1.0,-2.5% to 0%
2018_19_20190112_CHE_NEW,2018_19,2019-01-12,CHE,NEW,1,0.5681233933161953,0.5045218537131061,0.6127304047028809,1.68,1.0477267830209007,V0.6,0.04460701138668555,0.029387079900839774,0.6799999999999999,2.5% to 5%
2018_19_20190112_CRY_WAT,2018_19,2019-01-12,CRY,WAT,1,0.4557291666666667,0.4196105200683296,0.4111765326877739,2.09,1.0498974709501026,V0.6,-0.04455263397889281,-0.14064104668255262,1.0899999999999999,-5% to -2.5%
2018_19_20190112_LEI_SOU,2018_19,2019-01-12,LEI,SOU,1,0.4647519582245431,0.450191003732705,0.4377254990481455,2.05,1.0496026308577693,V0.6,-0.02702645917639762,-0.10266272695130174,1.0499999999999998,-5% to -2.5%
2018_19_20190112_WHU_ARS,2018_19,2019-01-12,WHU,ARS,0,0.6280788177339901,0.5709169331444457,0.6614854982115671,1.51,1.054408518374237,V0.6,0.033406680477577,-0.0011568977005336212,-1.0,2.5% to 5%
2018_19_20190113_EVE_BOU,2018_19,2019-01-13,EVE,BOU,0,0.5670103092783505,0.6021129233168352,0.6613035415510036,1.68,1.0497835497835497,V0.6,0.09429323227265307,0.11098994980568588,-1.0,5% to 10%
2018_19_20190113_TOT_MUN,2018_19,2019-01-13,TOT,MUN,0,0.5831202046035805,0.5748928447189937,0.5364582650701952,1.63,1.0520934237434076,V0.6,-0.046661939533385266,-0.12557302793558178,-1.0,-5% to -2.5%
2018_19_20190114_MCI_WOL,2018_19,2019-01-14,MCI,WOL,1,0.6449275362318841,0.5890546066300806,0.6605423619206482,1.47,1.0548039440495298,V0.6,0.015614825688764045,-0.029002727976647158,0.47,0% to 2.5%
2018_19_20190119_ARS_CHE,2018_19,2019-01-19,ARS,CHE,0,0.5695876288659795,0.6685549742750229,0.6636059680767696,1.67,1.0512910829923865,V0.6,0.09401833921079017,0.10822196668820516,-1.0,5% to 10%
2018_19_20190119_BOU_WHU,2018_19,2019-01-19,BOU,WHU,0,0.5841836734693877,0.5554058985537716,0.6659902780649724,1.63,1.0501781552227611,V0.6,0.08180660459558464,0.08556415324590483,-1.0,5% to 10%
2018_19_20190119_LIV_CRY,2018_19,2019-01-19,LIV,CRY,1,0.6348039215686274,0.5418858532077074,0.5899531294524158,1.49,1.0572413256977016,V0.6,-0.04485079211621157,-0.12096983711590037,0.49,-5% to -2.5%
2018_19_20190119_MUN_BRI,2018_19,2019-01-19,MUN,BRI,1,0.5670103092783505,0.4782254876319664,0.548655913830438,1.68,1.0497835497835497,V0.6,-0.018354395447912508,-0.07825806476486419,0.6799999999999999,-2.5% to 0%
2018_19_20190119_NEW_CAR,2018_19,2019-01-19,NEW,CAR,1,0.413265306122449,0.4707368806124988,0.4395692155415396,2.3,1.052066559312936,V0.6,0.02630390941909061,0.011009195745540934,1.2999999999999998,2.5% to 5%
2018_19_20190119_SOU_EVE,2018_19,2019-01-19,SOU,EVE,1,0.5026178010471204,0.5185796818910403,0.551030847728379,1.9,1.0471491228070176,V0.6,0.048413046681258565,0.04695861068391993,0.8999999999999999,2.5% to 5%
2018_19_20190119_WAT_BUR,2018_19,2019-01-19,WAT,BUR,0,0.5209424083769634,0.4212215819712016,0.4993341089207354,1.83,1.0489606502457642,V0.6,-0.021608299456227997,-0.08621858067505428,-1.0,-2.5% to 0%
2018_19_20190119_WOL_LEI,2018_19,2019-01-19,WOL,LEI,1,0.4005037783375315,0.5349147904379828,0.4666599596207527,2.38,1.0490988848369536,V0.6,0.0661561812832212,0.1106507038973914,1.38,5% to 10%
2018_19_20190120_FUL_TOT,2018_19,2019-01-20,FUL,TOT,1,0.5091863517060368,0.4804604765025157,0.506309351385114,1.87,1.0502232758145431,V0.6,-0.0028770003209227513,-0.05320151290983677,0.8700000000000001,-2.5% to 0%
2018_19_20190120_HUD_MCI,2018_19,2019-01-20,HUD,MCI,1,0.6365853658536585,0.5844919059732185,0.7670324627334617,1.49,1.0542827020494228,V0.6,0.13044709687980316,0.14287836947285792,0.49,> 10%
2018_19_20190129_ARS_CAR,2018_19,2019-01-29,ARS,CAR,1,0.6728538283062646,0.593255166598714,0.7407294184800655,1.41,1.0540474443629249,V0.6,0.06787559017380085,0.04442848005689215,0.4099999999999999,5% to 10%
2018_19_20190129_FUL_BRI,2018_19,2019-01-29,FUL,BRI,1,0.4267352185089973,0.411471323976003,0.419319818103554,2.23,1.0508401318277596,V0.6,-0.0074154004054433065,-0.06491680562907454,1.23,-2.5% to 0%
2018_19_20190129_HUD_EVE,2018_19,2019-01-29,HUD,EVE,0,0.4219948849104858,0.5219426514121424,0.5358208506402887,2.26,1.048538482166801,V0.6,0.11382596572980291,0.2109551224470525,-1.0,> 10%
2018_19_20190129_MUN_BUR,2018_19,2019-01-29,MUN,BUR,1,0.6125,0.4902997177256379,0.5917473683256933,1.55,1.053324555628703,V0.6,-0.020752631674306743,-0.08279157909517532,0.55,-2.5% to 0%
2018_19_20190129_NEW_MCI,2018_19,2019-01-29,NEW,MCI,1,0.6481927710843374,0.6398494820290674,0.7785750454800943,1.46,1.0566787187452258,V0.6,0.1303822743957569,0.13671956640093752,0.45999999999999996,> 10%
2018_19_20190129_WOL_WHU,2018_19,2019-01-29,WOL,WHU,1,0.486910994764398,0.5339196032023052,0.5335733865476722,1.96,1.0478384902348037,V0.6,0.04666239178327419,0.04580383763343754,0.96,2.5% to 5%
2018_19_20190130_BOU_CHE,2018_19,2019-01-30,BOU,CHE,1,0.5670103092783505,0.6094073683172203,0.7061975457065104,1.68,1.0497835497835497,V0.6,0.1391872364281599,0.18641187678693738,0.6799999999999999,> 10%
2018_19_20190130_LIV_LEI,2018_19,2019-01-30,LIV,LEI,0,0.6280788177339901,0.5944331572497404,0.6121131538911009,1.51,1.054408518374237,V0.6,-0.01596566384288922,-0.07570913762443765,-1.0,-2.5% to 0%
2018_19_20190130_SOU_CRY,2018_19,2019-01-30,SOU,CRY,0,0.4830287206266319,0.4784214036287981,0.5018585199278809,1.98,1.0455910455910455,V0.6,0.018829799301249006,-0.006320130542795899,-1.0,0% to 2.5%
2018_19_20190130_TOT_WAT,2018_19,2019-01-30,TOT,WAT,1,0.5532467532467532,0.5629369767779187,0.5314888354479844,1.72,1.0508789169123267,V0.6,-0.02175791779876879,-0.08583920302946679,0.72,-2.5% to 0%
2018_19_20190202_BRI_WAT,2018_19,2019-02-02,BRI,WAT,0,0.4392764857881137,0.4852814475863541,0.4537042368185739,2.17,1.0490647872052046,V0.6,0.014427751030460234,-0.01546180610369463,-1.0,0% to 2.5%
2018_19_20190202_BUR_SOU,2018_19,2019-02-02,BUR,SOU,0,0.4621409921671018,0.4265228007002526,0.4358096314410779,2.06,1.0504086446163128,V0.6,-0.026331360726023878,-0.1022321592313794,-1.0,-5% to -2.5%
2018_19_20190202_CAR_BOU,2018_19,2019-02-02,CAR,BOU,0,0.4960629921259842,0.4816540284631606,0.5541804516483937,1.92,1.0499338624338626,V0.6,0.05811745952240949,0.06402646716491578,-1.0,5% to 10%
2018_19_20190202_CHE_HUD,2018_19,2019-02-02,CHE,HUD,1,0.5820512820512821,0.4962952087749848,0.6190703424266367,1.63,1.0540255668765708,V0.6,0.03701906037535463,0.009084658155417813,0.6299999999999999,2.5% to 5%
2018_19_20190202_CRY_FUL,2018_19,2019-02-02,CRY,FUL,0,0.4816753926701571,0.4878635614396694,0.4931474777782305,1.98,1.0485287659200702,V0.6,0.011472085108073404,-0.023567993999103698,-1.0,0% to 2.5%
2018_19_20190202_EVE_WOL,2018_19,2019-02-02,EVE,WOL,1,0.4621409921671018,0.455846830865508,0.4006604947986041,2.06,1.0504086446163128,V0.6,-0.0614804973684977,-0.1746393807148755,1.06,-10% to -5%
2018_19_20190202_TOT_NEW,2018_19,2019-02-02,TOT,NEW,0,0.518324607329843,0.5802364386099789,0.5384915211321494,1.84,1.0485287659200702,V0.6,0.020166913802306397,-0.009175601116845122,-1.0,0% to 2.5%
2018_19_20190203_LEI_MUN,2018_19,2019-02-03,LEI,MUN,0,0.5274151436031332,0.5350342161657321,0.569297260830495,1.81,1.0475356927957988,V0.6,0.04188211722736179,0.03042804210319594,-1.0,2.5% to 5%
2018_19_20190203_MCI_ARS,2018_19,2019-02-03,MCI,ARS,1,0.7026431718061673,0.6597637411352121,0.7287496435293882,1.35,1.0542203645651922,V0.6,0.026106471723220892,-0.016187981235325832,0.3500000000000001,2.5% to 5%
2018_19_20190204_WHU_LIV,2018_19,2019-02-04,WHU,LIV,0,0.5974683544303797,0.577716113563479,0.648429629279349,1.59,1.052659631169385,V0.6,0.050961274848969285,0.031003110554165048,-1.0,5% to 10%
2018_19_20190206_EVE_MCI,2018_19,2019-02-06,EVE,MCI,0,0.6365853658536585,0.6656530997948061,0.7478959200565375,1.49,1.0542827020494228,V0.6,0.11131055420287894,0.11436492088424077,-1.0,> 10%
2018_19_20190209_BRI_BUR,2018_19,2019-02-09,BRI,BUR,1,0.4158163265306122,0.4641524838591555,0.4363080905862948,2.29,1.0501781552227611,V0.6,0.020491764055682593,-0.000854472557384911,1.29,0% to 2.5%
2018_19_20190209_CRY_WHU,2018_19,2019-02-09,CRY,WHU,0,0.4751958224543081,0.497726646149962,0.4937726867853071,2.01,1.0469629872614947,V0.6,0.018576864330999032,-0.007516899561532786,-1.0,0% to 2.5%
2018_19_20190209_FUL_MUN,2018_19,2019-02-09,FUL,MUN,1,0.5939086294416244,0.5271336995381207,0.6661444153746114,1.6,1.0523504273504274,V0.6,0.07223578593298707,0.06583106459937826,0.6000000000000001,5% to 10%
2018_19_20190209_HUD_ARS,2018_19,2019-02-09,HUD,ARS,1,0.5326370757180157,0.5726509140744769,0.6913869209371097,1.79,1.0488552963084674,V0.6,0.15874984521909408,0.23758258847742653,0.79,> 10%
2018_19_20190209_LIV_BOU,2018_19,2019-02-09,LIV,BOU,1,0.6705607476635514,0.6811631620540594,0.7439796712355535,1.41,1.0576519139051572,V0.6,0.07341892357200208,0.049011336442130515,0.4099999999999999,5% to 10%
2018_19_20190209_SOU_CAR,2018_19,2019-02-09,SOU,CAR,1,0.4621409921671018,0.444008887564535,0.4513782534989556,2.06,1.0504086446163128,V0.6,-0.010762738668146199,-0.07016079779215145,1.06,-2.5% to 0%
2018_19_20190209_WAT_EVE,2018_19,2019-02-09,WAT,EVE,0,0.4960629921259842,0.558817444721782,0.5795592955460405,1.92,1.0499338624338626,V0.6,0.08349630342005626,0.11275384744839756,-1.0,5% to 10%
2018_19_20190210_MCI_CHE,2018_19,2019-02-10,MCI,CHE,1,0.5856777493606138,0.6226795456020645,0.5726324914013382,1.62,1.0539651733247075,V0.6,-0.01304525795927558,-0.07233536392983209,0.6200000000000001,-2.5% to 0%
2018_19_20190210_TOT_LEI,2018_19,2019-02-10,TOT,LEI,1,0.5274151436031332,0.5708955115877857,0.5238861609330426,1.81,1.0475356927957988,V0.6,-0.003528982670090608,-0.051766048711192836,0.81,-2.5% to 0%
2018_19_20190211_WOL_NEW,2018_19,2019-02-11,WOL,NEW,0,0.4278350515463917,0.5150300768108975,0.4312594765256455,2.22,1.052860089004667,V0.6,0.003424424979253826,-0.04260396211306694,-1.0,0% to 2.5%
2018_19_20190222_CAR_WAT,2018_19,2019-02-22,CAR,WAT,1,0.4659685863874345,0.4397350447135664,0.4734611736548305,2.04,1.0519938312403614,V0.6,0.007492587267395989,-0.03413920574414575,1.04,0% to 2.5%
2018_19_20190222_WHU_FUL,2018_19,2019-02-22,WHU,FUL,1,0.5618556701030928,0.4643485801608389,0.5982350545899733,1.7,1.0469508904479223,V0.6,0.036379384486880495,0.01699959280295449,0.7,2.5% to 5%
2018_19_20190223_BOU_WOL,2018_19,2019-02-23,BOU,WOL,0,0.4635416666666666,0.4363312591993966,0.4228500472126524,2.06,1.0472346460128723,V0.6,-0.04069161945401417,-0.12892890274193602,-1.0,-5% to -2.5%
2018_19_20190223_BUR_TOT,2018_19,2019-02-23,BUR,TOT,1,0.548051948051948,0.5328039783942679,0.5976670685892295,1.74,1.0486462929672604,V0.6,0.049615120537281454,0.039940699345259345,0.74,2.5% to 5%
2018_19_20190223_LEI_CRY,2018_19,2019-02-23,LEI,CRY,1,0.4341085271317829,0.477099265770575,0.3923544915007281,2.19,1.0518590998043054,V0.6,-0.04175403563105479,-0.1407436636134055,1.19,-5% to -2.5%
2018_19_20190223_NEW_HUD,2018_19,2019-02-23,NEW,HUD,0,0.3855721393034826,0.3796689976962697,0.3210454344160524,2.47,1.0500195899177225,V0.6,-0.06452670488743023,-0.20701777699235058,-1.0,-10% to -5%
2018_19_20190224_ARS_SOU,2018_19,2019-02-24,ARS,SOU,0,0.5918367346938775,0.535151102875245,0.566073932013125,1.6,1.0560344827586208,V0.6,-0.025762802680752594,-0.094281708779,-1.0,-5% to -2.5%
2018_19_20190224_MUN_LIV,2018_19,2019-02-24,MUN,LIV,0,0.5314136125654451,0.615653639578944,0.5409992279186109,1.79,1.0512700553155183,V0.6,0.009585615353165822,-0.031611382025686474,-1.0,0% to 2.5%
2018_19_20190226_CAR_EVE,2018_19,2019-02-26,CAR,EVE,1,0.4557291666666667,0.5360295844488198,0.5530185560210124,2.09,1.0498974709501026,V0.6,0.09728938935434567,0.1558087820839158,1.0899999999999999,5% to 10%
2018_19_20190226_HUD_WOL,2018_19,2019-02-26,HUD,WOL,0,0.39,0.4625076151367152,0.4383101045738639,2.44,1.0508617065994117,V0.6,0.048310104573863866,0.06947665516022794,-1.0,2.5% to 5%
2018_19_20190226_LEI_BRI,2018_19,2019-02-26,LEI,BRI,1,0.4318766066838046,0.5278158273362439,0.4792770014779438,2.21,1.0477267830209007,V0.6,0.047400394794139156,0.059202173266255764,1.21,2.5% to 5%
2018_19_20190226_NEW_BUR,2018_19,2019-02-26,NEW,BUR,0,0.4075949367088607,0.401082806006573,0.3500862209144954,2.34,1.0484684397727877,V0.6,-0.057508715794365284,-0.18079824306008074,-1.0,-10% to -5%
2018_19_20190227_ARS_BOU,2018_19,2019-02-27,ARS,BOU,1,0.625615763546798,0.6042393304749727,0.6766761476266485,1.52,1.05159552424368,V0.6,0.051060384079850474,0.028547744392505736,0.52,5% to 10%
2018_19_20190227_CHE_TOT,2018_19,2019-02-27,CHE,TOT,0,0.518324607329843,0.6843699995625234,0.6320250820697647,1.84,1.0485287659200702,V0.6,0.11370047473992173,0.16292615100836705,-1.0,> 10%
2018_19_20190227_CRY_MUN,2018_19,2019-02-27,CRY,MUN,1,0.5078534031413613,0.4878849218892045,0.5151393348178522,1.88,1.0473788111427944,V0.6,0.007285931676490942,-0.03153805054243786,0.8799999999999999,0% to 2.5%
2018_19_20190227_LIV_WAT,2018_19,2019-02-27,LIV,WAT,1,0.6169154228855721,0.571577476967644,0.6294029364187597,1.54,1.0525764558022623,V0.6,0.012487513533187555,-0.030719477915110094,0.54,0% to 2.5%
2018_19_20190227_MCI_WHU,2018_19,2019-02-27,MCI,WHU,0,0.7148936170212765,0.5944638167332622,0.7396006200654469,1.34,1.0438877043354655,V0.6,0.024707003044170395,-0.008935169112301078,-1.0,0% to 2.5%
2018_19_20190227_SOU_FUL,2018_19,2019-02-27,SOU,FUL,0,0.5026178010471204,0.4727642847938052,0.5202904459703183,1.9,1.0471491228070176,V0.6,0.017672644923197867,-0.011448152656395316,-1.0,0% to 2.5%
2018_19_20190302_BOU_MCI,2018_19,2019-03-02,BOU,MCI,0,0.6811926605504588,0.6348636384820933,0.7787892653297966,1.39,1.0561247971319914,V0.6,0.09759660477933785,0.0825170788084173,-1.0,5% to 10%
2018_19_20190302_BRI_HUD,2018_19,2019-03-02,BRI,HUD,0,0.3846153846153846,0.4395223923623513,0.3907241727981858,2.48,1.0483870967741935,V0.6,0.006108788182801195,-0.031004051460499338,-1.0,0% to 2.5%
2018_19_20190302_BUR_CRY,2018_19,2019-03-02,BUR,CRY,1,0.4583333333333333,0.4497092670592269,0.4358788723159146,2.08,1.048951048951049,V0.6,-0.022454461017418714,-0.09337194558289763,1.08,-2.5% to 0%
2018_19_20190302_MUN_SOU,2018_19,2019-03-02,MUN,SOU,1,0.5644329896907216,0.515449237563964,0.589128166494394,1.69,1.048336980897571,V0.6,0.024695176803672392,-0.004373398624474167,0.69,0% to 2.5%
2018_19_20190302_TOT_ARS,2018_19,2019-03-02,TOT,ARS,0,0.5877862595419847,0.666029896438423,0.6582521000302567,1.62,1.050184383517717,V0.6,0.07046584048827198,0.06636840204901584,-1.0,5% to 10%
2018_19_20190302_WHU_NEW,2018_19,2019-03-02,WHU,NEW,0,0.486910994764398,0.475369217431033,0.5264258217326698,1.96,1.0478384902348037,V0.6,0.039514826968271854,0.031794610596032946,-1.0,2.5% to 5%
2018_19_20190302_WOL_CAR,2018_19,2019-03-02,WOL,CAR,0,0.4830287206266319,0.4163086512199088,0.4565496751342649,1.98,1.0455910455910455,V0.6,-0.02647904549236696,-0.09603164323415547,-1.0,-5% to -2.5%
2018_19_20190303_EVE_LIV,2018_19,2019-03-03,EVE,LIV,0,0.5052356020942408,0.623868944942259,0.5938025705123072,1.89,1.047235244126436,V0.6,0.08856696841806644,0.12228685826826058,-1.0,5% to 10%
2018_19_20190303_FUL_CHE,2018_19,2019-03-03,FUL,CHE,1,0.5681233933161953,0.5222965516523855,0.657845815788117,1.68,1.0477267830209007,V0.6,0.08972242247192164,0.10518097052403652,0.6799999999999999,5% to 10%
2018_19_20190303_WAT_LEI,2018_19,2019-03-03,WAT,LEI,1,0.4895287958115184,0.5192581811417161,0.5277053122191067,1.95,1.0475798711092827,V0.6,0.038176516407588235,0.029025358827257985,0.95,2.5% to 5%
2018_19_20190309_CAR_WHU,2018_19,2019-03-09,CAR,WHU,0,0.4934725848563968,0.4989666878639128,0.6068780573018221,1.94,1.0445644466263024,V0.6,0.11340547244542531,0.17734343116553486,-1.0,> 10%
2018_19_20190309_CRY_BRI,2018_19,2019-03-09,CRY,BRI,1,0.4392764857881137,0.4278438299283072,0.3930542091473034,2.17,1.0490647872052046,V0.6,-0.0462222766408103,-0.14707236615035169,1.17,-5% to -2.5%
2018_19_20190309_HUD_BOU,2018_19,2019-03-09,HUD,BOU,0,0.4293059125964009,0.4842434689417271,0.4971963068656085,2.22,1.0492528456600314,V0.6,0.06789039426920762,0.10377580124165098,-1.0,5% to 10%
2018_19_20190309_LEI_FUL,2018_19,2019-03-09,LEI,FUL,1,0.5644329896907216,0.5503882302478845,0.6453211206357578,1.69,1.048336980897571,V0.6,0.08088813094503611,0.09059269387443059,0.69,5% to 10%
2018_19_20190309_MCI_WAT,2018_19,2019-03-09,MCI,WAT,1,0.7155172413793104,0.548835353252899,0.6582324331851673,1.32,1.058780576852866,V0.6,-0.057284808194143055,-0.13113318819557906,0.32000000000000006,-10% to -5%
2018_19_20190309_NEW_EVE,2018_19,2019-03-09,NEW,EVE,1,0.4040404040404041,0.4892240187188154,0.4188100013766135,2.36,1.048728813559322,V0.6,0.014769597336209417,-0.011608396751192185,1.3599999999999999,0% to 2.5%
2018_19_20190309_SOU_TOT,2018_19,2019-03-09,SOU,TOT,1,0.5300261096605744,0.5901409860456575,0.641212176381584,1.8,1.0481663929939793,V0.6,0.11118606672100961,0.15418191748685128,0.8,> 10%
2018_19_20190310_ARS_MUN,2018_19,2019-03-10,ARS,MUN,0,0.5732647814910026,0.5594413228126975,0.5534496211513388,1.66,1.0508401318277596,V0.6,-0.019815160339663795,-0.08127362888877765,-1.0,-2.5% to 0%
2018_19_20190310_CHE_WOL,2018_19,2019-03-10,CHE,WOL,0,0.5026178010471204,0.6013198456338125,0.5887973352114599,1.9,1.0471491228070176,V0.6,0.08617953416433954,0.11871493690177393,-1.0,5% to 10%
2018_19_20190310_LIV_BUR,2018_19,2019-03-10,LIV,BUR,1,0.6563245823389022,0.4640669260237326,0.5627782338161026,1.44,1.058080808080808,V0.6,-0.09354634852279964,-0.18959934330481232,0.43999999999999995,-10% to -5%
2018_19_20190316_BOU_NEW,2018_19,2019-03-16,BOU,NEW,1,0.4751958224543081,0.4960027373295474,0.5148627825755357,2.01,1.0469629872614947,V0.6,0.03966696012122767,0.03487419297682681,1.0099999999999998,2.5% to 5%
2018_19_20190316_BUR_LEI,2018_19,2019-03-16,BUR,LEI,1,0.4751958224543081,0.5382213842336484,0.5265475691622119,2.01,1.0469629872614947,V0.6,0.05135174670790382,0.05836061401604575,1.0099999999999998,5% to 10%
2018_19_20190316_WHU_HUD,2018_19,2019-03-16,WHU,HUD,1,0.4830287206266319,0.3973952384528967,0.4787422157384358,1.98,1.0455910455910455,V0.6,-0.0042865048881960965,-0.05209041283789717,0.98,-2.5% to 0%
2018_19_20190317_EVE_CHE,2018_19,2019-03-17,EVE,CHE,0,0.4960629921259842,0.5564174755598101,0.5414837520971955,1.92,1.0499338624338626,V0.6,0.045420759971211255,0.03964880402661519,-1.0,2.5% to 5%
2018_19_20190317_FUL_LIV,2018_19,2019-03-17,FUL,LIV,1,0.6390243902439025,0.6003895076404335,0.7531256552025636,1.48,1.0573550649886527,V0.6,0.11410126495866113,0.114625969699794,0.48,> 10%
2018_19_20190330_BRI_SOU,2018_19,2019-03-30,BRI,SOU,0,0.39,0.4204181546393797,0.3342092678746272,2.44,1.0508617065994117,V0.6,-0.05579073212537283,-0.18452938638590966,-1.0,-10% to -5%
2018_19_20190330_BUR_WOL,2018_19,2019-03-30,BUR,WOL,0,0.4147582697201017,0.5556396917562003,0.5056634869968591,2.3,1.0482795412109898,V0.6,0.09090521727675743,0.163026020092776,-1.0,5% to 10%
2018_19_20190330_CRY_HUD,2018_19,2019-03-30,CRY,HUD,0,0.4444444444444444,0.4331046401409447,0.4254799919711628,2.15,1.0465116279069768,V0.6,-0.0189644524732816,-0.08521801726199996,-1.0,-2.5% to 0%
2018_19_20190330_FUL_MCI,2018_19,2019-03-30,FUL,MCI,0,0.7334710743801653,0.6135477747040988,0.8386995724598991,1.29,1.0568839392946827,V0.6,0.10522849807973378,0.0819224484732699,-1.0,> 10%
2018_19_20190330_LEI_BOU,2018_19,2019-03-30,LEI,BOU,0,0.5681233933161953,0.5297588092352639,0.6122553702748198,1.68,1.0477267830209007,V0.6,0.044131976958624475,0.028589022061697333,-1.0,2.5% to 5%
2018_19_20190330_MUN_WAT,2018_19,2019-03-30,MUN,WAT,1,0.5790816326530612,0.4882927957082699,0.5767263013708871,1.65,1.0465892404218395,V0.6,-0.0023553312821741335,-0.0484016027380364,0.6499999999999999,-2.5% to 0%
2018_19_20190330_WHU_EVE,2018_19,2019-03-30,WHU,EVE,0,0.5326370757180157,0.5159037764634876,0.5892166188734584,1.79,1.0488552963084674,V0.6,0.05657954315544278,0.05469774778349068,-1.0,5% to 10%
2018_19_20190331_CAR_CHE,2018_19,2019-03-31,CAR,CHE,1,0.5378590078328982,0.5493725511614796,0.6552873711460073,1.77,1.0504086446163128,V0.6,0.11742836331310913,0.15985864692843288,0.77,> 10%
2018_19_20190331_LIV_TOT,2018_19,2019-03-31,LIV,TOT,1,0.5681233933161953,0.6097068059178706,0.5837140493024084,1.68,1.0477267830209007,V0.6,0.01559065598621312,-0.019360397171953814,0.6799999999999999,0% to 2.5%
2018_19_20190401_ARS_NEW,2018_19,2019-04-01,ARS,NEW,0,0.5974683544303797,0.4831094120180055,0.5274396596912327,1.59,1.052659631169385,V0.6,-0.07002869473914697,-0.16137094109093986,-1.0,-10% to -5%
2018_19_20190402_WAT_FUL,2018_19,2019-04-02,WAT,FUL,1,0.5607235142118864,0.5450151054671938,0.6539865011072606,1.7,1.0490647872052046,V0.6,0.09326298689537427,0.1117770518823431,0.7,5% to 10%
2018_19_20190402_WOL_MUN,2018_19,2019-04-02,WOL,MUN,1,0.4699738903394256,0.5030465026689811,0.4812231872136716,2.03,1.0481663929939793,V0.6,0.011249296874245973,-0.023116929956246812,1.0299999999999998,0% to 2.5%
2018_19_20190403_CHE_BRI,2018_19,2019-04-03,CHE,BRI,1,0.5595854922279793,0.4943090188812736,0.5596088030338562,1.7,1.05119825708061,V0.6,2.331080587691936e-05,-0.048665034842444554,0.7,0% to 2.5%
2018_19_20190403_MCI_CAR,2018_19,2019-04-03,MCI,CAR,0,0.7728119180633148,0.5225623483757001,0.7115542788170336,1.22,1.0606359865692276,V0.6,-0.06125763924628125,-0.131903779843219,-1.0,-10% to -5%
2018_19_20190403_TOT_CRY,2018_19,2019-04-03,TOT,CRY,0,0.5758354755784061,0.5534716537701028,0.5835898440472587,1.65,1.0524891774891776,V0.6,0.007754368468852579,-0.0370767573220232,-1.0,0% to 2.5%
2018_19_20190405_SOU_LIV,2018_19,2019-04-05,SOU,LIV,1,0.5569948186528497,0.5706577087335066,0.6289579697176882,1.71,1.0499116007071942,V0.6,0.07196315106483853,0.0755181282172468,0.71,5% to 10%
2018_19_20190406_BOU_BUR,2018_19,2019-04-06,BOU,BUR,1,0.5195822454308094,0.4588479886250954,0.5336542149408218,1.84,1.0459908236836355,V0.6,0.014071969510012328,-0.018076244508887895,0.8400000000000001,0% to 2.5%
2018_19_20190406_HUD_LEI,2018_19,2019-04-06,HUD,LEI,1,0.4778067885117493,0.4726058492640496,0.5560949015976887,2.0,1.046448087431694,V0.6,0.07828811308593941,0.11218980319537741,1.0,5% to 10%
2018_19_20190406_NEW_CRY,2018_19,2019-04-06,NEW,CRY,0,0.4219948849104858,0.4803836256452646,0.3969219323009259,2.26,1.048538482166801,V0.6,-0.02507295260955994,-0.10295643299990764,-1.0,-5% to -2.5%
2018_19_20190407_EVE_ARS,2018_19,2019-04-07,EVE,ARS,0,0.5658914728682171,0.5527230707410885,0.5928494774822293,1.68,1.0518590998043054,V0.6,0.02695800461401221,-0.004012877829854822,-1.0,2.5% to 5%
2018_19_20190408_CHE_WHU,2018_19,2019-04-08,CHE,WHU,0,0.6228287841191067,0.5378418523570866,0.6162673914771315,1.52,1.0563011113440974,V0.6,-0.0065613926419751945,-0.06327356495476011,-1.0,-2.5% to 0%
2018_19_20190412_LEI_NEW,2018_19,2019-04-12,LEI,NEW,0,0.4973821989528796,0.4217328561843784,0.4315813805742398,1.92,1.0471491228070176,V0.6,-0.06580081837863982,-0.17136374929745968,-1.0,-10% to -5%
2018_19_20190413_BRI_BOU,2018_19,2019-04-13,BRI,BOU,1,0.4597402597402597,0.5097941338769425,0.5324094663137572,2.08,1.04574098218166,V0.6,0.07266920657349746,0.10741168993261496,1.08,5% to 10%
2018_19_20190413_BUR_CAR,2018_19,2019-04-13,BUR,CAR,0,0.4621409921671018,0.509690291176374,0.5045260720118043,2.06,1.0504086446163128,V0.6,0.04238507984470252,0.03932370834431698,-1.0,2.5% to 5%
2018_19_20190413_FUL_EVE,2018_19,2019-04-13,FUL,EVE,0,0.5544041450777203,0.5161632622250143,0.6682602606090512,1.72,1.0486850684633775,V0.6,0.1138561155313309,0.14940764824756814,-1.0,> 10%
2018_19_20190413_MUN_WHU,2018_19,2019-04-13,MUN,WHU,1,0.6265356265356266,0.5680635101858964,0.6867346935330636,1.52,1.0500515995872033,V0.6,0.060199066997437045,0.043836734170256575,0.52,5% to 10%
2018_19_20190413_SOU_WOL,2018_19,2019-04-13,SOU,WOL,1,0.4111675126903554,0.4831927529005166,0.4170420231740934,2.32,1.0483184333759046,V0.6,0.0058745104837379936,-0.03246250623610336,1.3199999999999998,0% to 2.5%
2018_19_20190413_TOT_HUD,2018_19,2019-04-13,TOT,HUD,1,0.6440677966101696,0.4906193206383908,0.62861516930516,1.47,1.0562119584675975,V0.6,-0.015452627305009514,-0.07593570112141479,0.47,-2.5% to 0%
2018_19_20190414_CRY_MCI,2018_19,2019-04-14,CRY,MCI,1,0.5939086294416244,0.6107110397131976,0.6953670690306837,1.6,1.0523504273504274,V0.6,0.10145843958905931,0.11258731044909398,0.6000000000000001,> 10%
2018_19_20190414_LIV_CHE,2018_19,2019-04-14,LIV,CHE,0,0.5378590078328982,0.6704094822541222,0.6059669381283297,1.77,1.0504086446163128,V0.6,0.0681079302954315,0.0725614804871435,-1.0,5% to 10%
2018_19_20190415_WAT_ARS,2018_19,2019-04-15,WAT,ARS,0,0.6045340050377834,0.6309544738848121,0.7219389532803192,1.57,1.0536093418259025,V0.6,0.11740494824253578,0.13344415665010123,-1.0,> 10%
2018_19_20190416_BRI_CAR,2018_19,2019-04-16,BRI,CAR,0,0.4096692111959288,0.480985516093257,0.4430903668970914,2.32,1.0521524951809809,V0.6,0.03342115570116261,0.027969651201251944,-1.0,2.5% to 5%
2018_19_20190420_BOU_FUL,2018_19,2019-04-20,BOU,FUL,0,0.615,0.4731416625470975,0.6142183469755156,1.54,1.0558547143912995,V0.6,-0.0007816530244844078,-0.054103745657705926,-1.0,-2.5% to 0%
2018_19_20190420_HUD_WAT,2018_19,2019-04-20,HUD,WAT,1,0.5209424083769634,0.4826251453626023,0.6201398051988638,1.83,1.0489606502457642,V0.6,0.09919739682190043,0.13485584351392088,0.8300000000000001,5% to 10%
2018_19_20190420_MCI_TOT,2018_19,2019-04-20,MCI,TOT,0,0.6619385342789598,0.6614734007604647,0.6805623980441966,1.43,1.0564435564435566,V0.6,0.018623863765236837,-0.026795770796798846,-1.0,0% to 2.5%
2018_19_20190420_NEW_SOU,2018_19,2019-04-20,NEW,SOU,1,0.4060913705583756,0.4505812208144835,0.3654417279690618,2.34,1.0523504273504274,V0.6,-0.04064964258931375,-0.14486635655239544,1.3399999999999999,-5% to -2.5%
2018_19_20190420_WHU_LEI,2018_19,2019-04-20,WHU,LEI,1,0.5558441558441558,0.5740622895697317,0.6408742478790069,1.71,1.0520850412635951,V0.6,0.08503009203485112,0.09589496387310192,0.71,5% to 10%
2018_19_20190420_WOL_BRI,2018_19,2019-04-20,WOL,BRI,0,0.4005037783375315,0.4903789864380654,0.4031271180843606,2.38,1.0490988848369536,V0.6,0.002623339746829101,-0.040557458959221915,-1.0,0% to 2.5%
2018_19_20190421_ARS_CRY,2018_19,2019-04-21,ARS,CRY,1,0.601010101010101,0.5014023036636576,0.5495897317301837,1.58,1.053079459631954,V0.6,-0.05142036927991733,-0.1316482238663098,0.5800000000000001,-10% to -5%
2018_19_20190421_CAR_LIV,2018_19,2019-04-21,CAR,LIV,0,0.6184538653366584,0.4860517483484062,0.645579043911013,1.53,1.056820577693443,V0.6,0.02712517857435459,-0.012264062816150223,-1.0,2.5% to 5%
2018_19_20190421_EVE_MUN,2018_19,2019-04-21,EVE,MUN,1,0.5118110236220472,0.4833666456609627,0.487875458109675,1.86,1.0504549214226633,V0.6,-0.023935565512372248,-0.09255164791600445,0.8600000000000001,-2.5% to 0%
2018_19_20190422_CHE_BUR,2018_19,2019-04-22,CHE,BUR,1,0.5856777493606138,0.4969905549630308,0.5519929932110589,1.62,1.0539651733247075,V0.6,-0.033684756149554906,-0.10577135099808455,0.6200000000000001,-5% to -2.5%
2018_19_20190423_TOT_BRI,2018_19,2019-04-23,TOT,BRI,0,0.5569948186528497,0.501252644932569,0.5560404941238695,1.71,1.0499116007071942,V0.6,-0.0009543245289802549,-0.049170755048183246,-1.0,-2.5% to 0%
2018_19_20190423_WAT_SOU,2018_19,2019-04-23,WAT,SOU,0,0.5248041775456919,0.4784112958606362,0.5551371238334214,1.82,1.0469629872614947,V0.6,0.030332946287729534,0.010349565376827075,-1.0,2.5% to 5%
2018_19_20190424_MUN_MCI,2018_19,2019-04-24,MUN,MCI,0,0.625615763546798,0.6925215070038311,0.7615604329701328,1.52,1.05159552424368,V0.6,0.13594466942333472,0.15757185811460173,-1.0,> 10%
2018_19_20190424_WOL_ARS,2018_19,2019-04-24,WOL,ARS,1,0.5078534031413613,0.6161810165867606,0.6322792582095621,1.88,1.0473788111427944,V0.6,0.12442585506820081,0.1886850054339766,0.8799999999999999,> 10%
2018_19_20190426_LIV_HUD,2018_19,2019-04-26,LIV,HUD,1,0.7736549165120593,0.4501405903990443,0.6901152191593678,1.22,1.0594802846247593,V0.6,-0.08353969735269151,-0.15805943262557132,0.21999999999999997,-10% to -5%
2018_19_20190427_BRI_NEW,2018_19,2019-04-27,BRI,NEW,0,0.3979848866498741,0.4742570504516825,0.4318353952495561,2.39,1.0513214342460673,V0.6,0.03385050859968203,0.03208659464643926,-1.0,2.5% to 5%
2018_19_20190427_CRY_EVE,2018_19,2019-04-27,CRY,EVE,0,0.4921465968586388,0.524757235708481,0.555044025043294,1.94,1.0473788111427944,V0.6,0.06289742818465516,0.0767854085839903,-1.0,5% to 10%
2018_19_20190427_FUL_CAR,2018_19,2019-04-27,FUL,CAR,0,0.5494791666666667,0.414436766561776,0.5743956673873173,1.73,1.0519683313700243,V0.6,0.024916500720650547,-0.006295495419941122,-1.0,0% to 2.5%
2018_19_20190427_SOU_BOU,2018_19,2019-04-27,SOU,BOU,1,0.5430809399477807,0.5330169972575527,0.5956550087085156,1.75,1.052197802197802,V0.6,0.05257406876073489,0.042396265239902364,0.75,5% to 10%
2018_19_20190427_TOT_WHU,2018_19,2019-04-27,TOT,WHU,0,0.6203473945409429,0.502470275642478,0.5720001644637274,1.53,1.05359477124183,V0.6,-0.04834723007721553,-0.12483974837049716,-1.0,-5% to -2.5%
2018_19_20190427_WAT_WOL,2018_19,2019-04-27,WAT,WOL,1,0.4341085271317829,0.4546239973614437,0.3952664653280007,2.19,1.0518590998043054,V0.6,-0.03884206180378219,-0.1343664409316785,1.19,-5% to -2.5%
2018_19_20190428_BUR_MCI,2018_19,2019-04-28,BUR,MCI,0,0.6713286713286714,0.5811776624166216,0.7387874747737104,1.41,1.0564420803782506,V0.6,0.06745880344503907,0.04169033943093159,-1.0,5% to 10%
2018_19_20190428_LEI_ARS,2018_19,2019-04-28,LEI,ARS,1,0.5913705583756345,0.5648546366823607,0.6214850411291019,1.61,1.0503025617785835,V0.6,0.030114482753467398,0.0005909162178541205,0.6100000000000001,2.5% to 5%
2018_19_20190428_MUN_CHE,2018_19,2019-04-28,MUN,CHE,0,0.5157068062827225,0.6618380247993491,0.6566890366594101,1.85,1.04815475373851,V0.6,0.14098223037668767,0.21487471781990886,-1.0,> 10%
2018_19_20190503_EVE_BUR,2018_19,2019-05-03,EVE,BUR,0,0.5195822454308094,0.4713211012684059,0.5300527018314243,1.84,1.0459908236836355,V0.6,0.010470456400614836,-0.024703028630179258,-1.0,0% to 2.5%
2018_19_20190504_BOU_TOT,2018_19,2019-05-04,BOU,TOT,0,0.586734693877551,0.611400485545529,0.7018089882159634,1.62,1.052066559312936,V0.6,0.11507429433841243,0.13693056090986078,-1.0,> 10%
2018_19_20190504_CAR_CRY,2018_19,2019-05-04,CAR,CRY,1,0.4934383202099738,0.4122249334046146,0.5011438247523503,1.93,1.050049608642928,V0.6,0.007705504542376507,-0.03279241822796397,0.9299999999999999,0% to 2.5%
2018_19_20190504_NEW_LIV,2018_19,2019-05-04,NEW,LIV,1,0.5558441558441558,0.5583767223363499,0.6077600786478565,1.71,1.0520850412635951,V0.6,0.05191592280370072,0.03926973448783455,0.71,5% to 10%
2018_19_20190504_WHU_SOU,2018_19,2019-05-04,WHU,SOU,1,0.5903307888040712,0.4652727565387439,0.595694674874049,1.61,1.0521524951809809,V0.6,0.005363886069977841,-0.04093157345278098,0.6100000000000001,0% to 2.5%
2018_19_20190504_WOL_FUL,2018_19,2019-05-04,WOL,FUL,0,0.5300261096605744,0.5182860451672474,0.5961357427640803,1.8,1.0481663929939793,V0.6,0.06610963310350593,0.07304433697534463,-1.0,5% to 10%
2018_19_20190505_ARS_BRI,2018_19,2019-05-05,ARS,BRI,0,0.5684754521963824,0.5813325509699048,0.6296207097542572,1.67,1.0533478497550357,V0.6,0.06114525755787481,0.05146658528960946,-1.0,5% to 10%
2018_19_20190505_CHE_WAT,2018_19,2019-05-05,CHE,WAT,1,0.5939086294416244,0.5509878317243317,0.6188415434387775,1.6,1.0523504273504274,V0.6,0.02493291399715314,-0.009853530497955898,0.6000000000000001,0% to 2.5%
2018_19_20190505_HUD_MUN,2018_19,2019-05-05,HUD,MUN,0,0.570694087403599,0.5413740418892301,0.7241960867216773,1.67,1.0492528456600314,V0.6,0.1535019993180784,0.20940746482520112,-1.0,> 10%
2018_19_20190506_MCI_LEI,2018_19,2019-05-06,MCI,LEI,0,0.7230443974630022,0.6066970149186177,0.7219566516043134,1.31,1.0557564394446677,V0.6,-0.00108774585868876,-0.05423678639834939,-1.0,-2.5% to 0%
2018_19_20190512_BRI_MCI,2018_19,2019-05-12,BRI,MCI,1,0.6697892271662763,0.5598951975117079,0.7729310230157068,1.41,1.058870207806378,V0.6,0.1031417958494305,0.08983274245214656,0.4099999999999999,> 10%
2018_19_20190512_BUR_ARS,2018_19,2019-05-12,BUR,ARS,1,0.6035353535353536,0.5364342103303879,0.6439859629387414,1.57,1.0553527170002397,V0.6,0.04045060940338785,0.011057961813824013,0.5700000000000001,2.5% to 5%
2018_19_20190512_CRY_BOU,2018_19,2019-05-12,CRY,BOU,1,0.6140350877192983,0.5024306535534326,0.631992314553533,1.54,1.0575139146567718,V0.6,0.01795722683423473,-0.026731835587559205,0.54,0% to 2.5%
2018_19_20190512_FUL_NEW,2018_19,2019-05-12,FUL,NEW,1,0.5430809399477807,0.3912830922696451,0.5292680971679862,1.75,1.052197802197802,V0.6,-0.013812842779794554,-0.0737808299560242,0.75,-2.5% to 0%
2018_19_20190512_LEI_CHE,2018_19,2019-05-12,LEI,CHE,0,0.5595854922279793,0.5648947934359143,0.6016310309937006,1.7,1.05119825708061,V0.6,0.04204553876572137,0.02277275268929113,-1.0,2.5% to 5%
2018_19_20190512_LIV_WOL,2018_19,2019-05-12,LIV,WOL,0,0.5892857142857143,0.55146498850928,0.5493135923446822,1.61,1.054018445322793,V0.6,-0.03997212194103206,-0.11560511632506154,-1.0,-5% to -2.5%
2018_19_20190512_MUN_CAR,2018_19,2019-05-12,MUN,CAR,0,0.6797235023041476,0.5310659020015335,0.7398072315934461,1.39,1.0584075112791125,V0.6,0.060083729289298504,0.028332051914889966,-1.0,5% to 10%
2018_19_20190512_SOU_HUD,2018_19,2019-05-12,SOU,HUD,0,0.5856777493606138,0.4515121739297895,0.5826375467700508,1.62,1.0539651733247075,V0.6,-0.0030402025905630348,-0.056127174232517674,-1.0,-2.5% to 0%
2018_19_20190512_TOT_EVE,2018_19,2019-05-12,TOT,EVE,1,0.5404699738903395,0.5333339860719348,0.549793313795304,1.76,1.0512736056214318,V0.6,0.00932333990496459,-0.032363767720264836,0.76,0% to 2.5%
2018_19_20190512_WAT_WHU,2018_19,2019-05-12,WAT,WHU,1,0.6115288220551378,0.5056386593264492,0.6562996226649213,1.55,1.0549973558963512,V0.6,0.044770800609783445,0.01726441513062804,0.55,2.5% to 5%
2019_20_20190809_LIV_NOR,2019_20,2019-08-09,LIV,NOR,1,0.674364896073903,0.5251203497809098,0.6251791507627771,1.41,1.051685611580686,V0.6,-0.04918574531112596,-0.1184973974244844,0.4099999999999999,-5% to -2.5%
2019_20_20190810_BOU_SHU,2019_20,2019-08-10,BOU,SHU,0,0.5039164490861618,0.4994459955600632,0.5114593010769137,1.9,1.0444505044995909,V0.6,0.0075428519907518865,-0.028227327953863957,-1.0,0% to 2.5%
2019_20_20190810_BUR_SOU,2019_20,2019-08-10,BUR,SOU,1,0.4493506493506493,0.4981061762535209,0.4634060604023023,2.12,1.049732795288472,V0.6,0.014055411051653033,-0.01757915194711901,1.12,0% to 2.5%
2019_20_20190810_CRY_EVE,2019_20,2019-08-10,CRY,EVE,0,0.4381443298969071,0.5170894302361319,0.4434346808284565,2.18,1.0469508904479223,V0.6,0.005290350931549392,-0.03331239579396472,-1.0,0% to 2.5%
2019_20_20190810_TOT_AVL,2019_20,2019-08-10,TOT,AVL,1,0.578005115089514,0.4988205698499044,0.5672579764227186,1.65,1.048538482166801,V0.6,-0.010747138666795442,-0.06402433890251435,0.6499999999999999,-2.5% to 0%
2019_20_20190810_WAT_BRI,2019_20,2019-08-10,WAT,BRI,1,0.441860465116279,0.508736786073187,0.5025472572242023,2.16,1.04775828460039,V0.6,0.060686792107923326,0.08550207560427725,1.1600000000000001,5% to 10%
2019_20_20190810_WHU_MCI,2019_20,2019-08-10,WHU,MCI,1,0.6416464891041161,0.6057267499801975,0.7020229466015161,1.48,1.0530341662417135,V0.6,0.06037645749739995,0.03899396097024388,0.48,5% to 10%
2019_20_20190811_LEI_WOL,2019_20,2019-08-11,LEI,WOL,0,0.4392764857881137,0.5216479183514722,0.4514319374647469,2.17,1.0490647872052046,V0.6,0.012155451676633233,-0.020392695701499264,-1.0,0% to 2.5%
2019_20_20190811_MUN_CHE,2019_20,2019-08-11,MUN,CHE,1,0.4765625,0.586764936551018,0.5583127608096206,2.01,1.0439605252426394,V0.6,0.08175026080962056,0.1222086492273371,1.0099999999999998,5% to 10%
2019_20_20190811_NEW_ARS,2019_20,2019-08-11,NEW,ARS,0,0.5390625,0.5525161298261304,0.5693184971692918,1.77,1.048063538852043,V0.6,0.030255997169291837,0.00769373998964662,-1.0,2.5% to 5%
2019_20_20190817_ARS_BUR,2019_20,2019-08-17,ARS,BUR,1,0.5939086294416244,0.5279777908837776,0.5757336385926257,1.6,1.0523504273504274,V0.6,-0.01817499084899865,-0.07882617825179883,0.6000000000000001,-2.5% to 0%
2019_20_20190817_AVL_BOU,2019_20,2019-08-17,AVL,BOU,1,0.5286458333333333,0.4683757437744595,0.5782640657327216,1.81,1.0450970252837275,V0.6,0.04961823239938834,0.046657958976226155,0.81,2.5% to 5%
2019_20_20190817_BRI_WHU,2019_20,2019-08-17,BRI,WHU,0,0.4895287958115184,0.4546074709252972,0.4898677527061254,1.95,1.0475798711092827,V0.6,0.00033895689460700096,-0.044757882223055434,-1.0,0% to 2.5%
2019_20_20190817_EVE_WAT,2019_20,2019-08-17,EVE,WAT,0,0.5338541666666666,0.522609553924202,0.5495643944673042,1.79,1.0464640959258755,V0.6,0.015710227800637577,-0.01627973390352544,-1.0,0% to 2.5%
2019_20_20190817_MCI_TOT,2019_20,2019-08-17,MCI,TOT,1,0.6265356265356266,0.6626215707463669,0.6540476094975717,1.52,1.0500515995872033,V0.6,0.027511982961945125,-0.0058476335636910015,0.52,2.5% to 5%
2019_20_20190817_NOR_NEW,2019_20,2019-08-17,NOR,NEW,1,0.4908616187989557,0.4525740595475833,0.5056613689357916,1.95,1.044735406437534,V0.6,0.014799750136835932,-0.013960330575206403,0.95,0% to 2.5%
2019_20_20190817_SOU_LIV,2019_20,2019-08-17,SOU,LIV,1,0.5816326530612244,0.57477255072837,0.6375296476009237,1.64,1.048352588789046,V0.6,0.05589699453969932,0.0455486220655148,0.6399999999999999,5% to 10%
2019_20_20190818_CHE_LEI,2019_20,2019-08-18,CHE,LEI,0,0.486910994764398,0.5513336042257455,0.4810838836188092,1.96,1.0478384902348037,V0.6,-0.005827111145588759,-0.05707558810713398,-1.0,-2.5% to 0%
2019_20_20190818_SHU_CRY,2019_20,2019-08-18,SHU,CRY,0,0.4030226700251889,0.435727880532375,0.3683804542070168,2.37,1.046940928270042,V0.6,-0.03464221581817206,-0.12693832352937007,-1.0,-5% to -2.5%
2019_20_20190819_WOL_MUN,2019_20,2019-08-19,WOL,MUN,0,0.4507772020725388,0.5447528949308387,0.5190799243392371,2.12,1.046410756885708,V0.6,0.06830272226669831,0.10044943959918262,-1.0,5% to 10%
2019_20_20190823_AVL_EVE,2019_20,2019-08-23,AVL,EVE,0,0.5338541666666666,0.4640793298691478,0.6109277590227556,1.79,1.0464640959258755,V0.6,0.07707359235608902,0.09356068865073253,-1.0,5% to 10%
2019_20_20190824_BRI_SOU,2019_20,2019-08-24,BRI,SOU,0,0.4545454545454546,0.4561943327154894,0.4705885883479581,2.1,1.0476190476190474,V0.6,0.016043133802503495,-0.011763964469287957,-1.0,0% to 2.5%
2019_20_20190824_LIV_ARS,2019_20,2019-08-24,LIV,ARS,1,0.6595744680851063,0.6704762550584911,0.6878206690324979,1.44,1.0528673835125448,V0.6,0.02824620094739161,-0.009538236593202964,0.43999999999999995,2.5% to 5%
2019_20_20190824_MUN_CRY,2019_20,2019-08-24,MUN,CRY,1,0.5428571428571429,0.4620025820444768,0.5077283495071848,1.76,1.0466507177033493,V0.6,-0.03512879334995811,-0.10639810486735468,0.76,-5% to -2.5%
2019_20_20190824_NOR_CHE,2019_20,2019-08-24,NOR,CHE,1,0.61,0.5795224097890943,0.7034350187293144,1.56,1.0508617065994117,V0.6,0.09343501872931437,0.09735862921773042,0.56,5% to 10%
2019_20_20190824_SHU_LEI,2019_20,2019-08-24,SHU,LEI,1,0.4147582697201017,0.5048925432440236,0.4456825932851249,2.3,1.0482795412109898,V0.6,0.03092432356502317,0.02506996455578725,1.2999999999999998,2.5% to 5%
2019_20_20190824_WAT_WHU,2019_20,2019-08-24,WAT,WHU,1,0.5518134715025906,0.5395392631104884,0.6217189463632838,1.73,1.0475182501560425,V0.6,0.0699054748606932,0.07557377720848102,0.73,5% to 10%
2019_20_20190825_BOU_MCI,2019_20,2019-08-25,BOU,MCI,1,0.6921348314606741,0.6018875158879246,0.734410257008405,1.37,1.0546023319745947,V0.6,0.042275425547730894,0.006142052101514972,0.3700000000000001,2.5% to 5%
2019_20_20190825_TOT_NEW,2019_20,2019-08-25,TOT,NEW,0,0.6144278606965174,0.5166288899968379,0.6039980284332379,1.55,1.0500195899177225,V0.6,-0.010429832263279537,-0.06380305592848123,-1.0,-2.5% to 0%
2019_20_20190825_WOL_BUR,2019_20,2019-08-25,WOL,BUR,0,0.4158163265306122,0.4567913961376094,0.386651838861938,2.29,1.0501781552227611,V0.6,-0.02916448766867419,-0.11456728900616198,-1.0,-5% to -2.5%
2019_20_20190831_BUR_LIV,2019_20,2019-08-31,BUR,LIV,1,0.5913705583756345,0.5727307813895333,0.6457250835885697,1.61,1.0503025617785835,V0.6,0.05435452521293527,0.03961738457759734,0.6100000000000001,5% to 10%
2019_20_20190831_CHE_SHU,2019_20,2019-08-31,CHE,SHU,1,0.5518134715025906,0.4808744213382616,0.5536241618604452,1.73,1.0475182501560425,V0.6,0.0018106903578545275,-0.04223019998142985,0.73,0% to 2.5%
2019_20_20190831_CRY_AVL,2019_20,2019-08-31,CRY,AVL,0,0.4856396866840731,0.4723464520224962,0.4947908854770285,1.97,1.04524862180012,V0.6,0.009151198792955395,-0.025261955610253906,-1.0,0% to 2.5%
2019_20_20190831_LEI_BOU,2019_20,2019-08-31,LEI,BOU,1,0.578005115089514,0.5350166731556927,0.6001958855196153,1.65,1.048538482166801,V0.6,0.022190770430101314,-0.009676788892634791,0.6499999999999999,0% to 2.5%
2019_20_20190831_MCI_BRI,2019_20,2019-08-31,MCI,BRI,1,0.7308488612836438,0.5409697405417286,0.7021546648380309,1.3,1.0525168882109392,V0.6,-0.028694196445612885,-0.08719893571055981,0.30000000000000004,-5% to -2.5%
2019_20_20190831_NEW_WAT,2019_20,2019-08-31,NEW,WAT,0,0.4597402597402597,0.5068797710887206,0.4866583436541825,2.08,1.04574098218166,V0.6,0.026918083913922752,0.012249354800699663,-1.0,2.5% to 5%
2019_20_20190831_SOU_MUN,2019_20,2019-08-31,SOU,MUN,0,0.5052083333333333,0.555149737224473,0.6103391493543416,1.9,1.0417797069994574,V0.6,0.10513081602100838,0.15964438377324908,-1.0,> 10%
2019_20_20190831_WHU_NOR,2019_20,2019-08-31,WHU,NOR,0,0.6407766990291263,0.4701537692419844,0.6089608536442507,1.48,1.0544635544635543,V0.6,-0.031815845384875585,-0.09873793660650898,-1.0,-5% to -2.5%
2019_20_20190901_ARS_TOT,2019_20,2019-09-01,ARS,TOT,1,0.6045340050377834,0.5715248490452983,0.5931147196259215,1.57,1.0536093418259025,V0.6,-0.01141928541186188,-0.0688098901873031,0.5700000000000001,-2.5% to 0%
2019_20_20190901_EVE_WOL,2019_20,2019-09-01,EVE,WOL,1,0.4245524296675191,0.5252160606817776,0.462343530897037,2.25,1.0468540829986617,V0.6,0.0377911012295179,0.04027294451833319,1.25,2.5% to 5%
2019_20_20190914_BRI_BUR,2019_20,2019-09-14,BRI,BUR,0,0.4571428571428572,0.4513461040045313,0.4840188371797354,2.09,1.0466507177033493,V0.6,0.02687598003687819,0.0115993697056469,-1.0,2.5% to 5%
2019_20_20190914_LIV_NEW,2019_20,2019-09-14,LIV,NEW,1,0.6705336426914155,0.5527870101860562,0.6433240570457018,1.42,1.0502461133583507,V0.6,-0.02720958564571363,-0.08647983899510348,0.41999999999999993,-5% to -2.5%
2019_20_20190914_MUN_LEI,2019_20,2019-09-14,MUN,LEI,0,0.5169712793733681,0.5078577198776411,0.5175045252026106,1.85,1.0455910455910455,V0.6,0.0005332458292425235,-0.04261662837517033,-1.0,0% to 2.5%
2019_20_20190914_NOR_MCI,2019_20,2019-09-14,NOR,MCI,1,0.771375464684015,0.5522047509144312,0.7966369099066671,1.23,1.0539719855029874,V0.6,0.025261445222652168,-0.0201366008147994,0.22999999999999998,2.5% to 5%
2019_20_20190914_SHU_SOU,2019_20,2019-09-14,SHU,SOU,0,0.4381443298969071,0.5154635767290437,0.4851705717828464,2.18,1.0469508904479223,V0.6,0.04702624188593929,0.05767184648660528,-1.0,2.5% to 5%
2019_20_20190914_TOT_CRY,2019_20,2019-09-14,TOT,CRY,1,0.5816326530612244,0.5161546779832281,0.5581555085957782,1.64,1.048352588789046,V0.6,-0.02347714446544613,-0.08462496590292379,0.6399999999999999,-2.5% to 0%
2019_20_20190914_WOL_CHE,2019_20,2019-09-14,WOL,CHE,1,0.4856396866840731,0.5791282754563336,0.5776738567458899,1.97,1.04524862180012,V0.6,0.0920341700618168,0.1380174977894031,0.97,5% to 10%
2019_20_20190915_BOU_EVE,2019_20,2019-09-15,BOU,EVE,1,0.5454545454545455,0.5430764644034514,0.5894938693842909,1.75,1.0476190476190474,V0.6,0.04403932392974541,0.031614271422509166,0.75,2.5% to 5%
2019_20_20190915_WAT_ARS,2019_20,2019-09-15,WAT,ARS,1,0.6055276381909548,0.5984637479285486,0.7115402766729164,1.57,1.0518804344953352,V0.6,0.10601263848196163,0.11711823437647872,0.5700000000000001,> 10%
2019_20_20190916_AVL_WHU,2019_20,2019-09-16,AVL,WHU,0,0.5877862595419847,0.4421095731914923,0.6032560451330017,1.62,1.050184383517717,V0.6,0.015469785591016971,-0.022725206884537164,-1.0,0% to 2.5%
2019_20_20190920_SOU_BOU,2019_20,2019-09-20,SOU,BOU,1,0.5666666666666667,0.498987289162928,0.5931813874869872,1.69,1.0442046641141665,V0.6,0.02651472082032058,0.002476544853008411,0.69,2.5% to 5%
2019_20_20190921_BUR_NOR,2019_20,2019-09-21,BUR,NOR,0,0.570694087403599,0.4757414551240992,0.5930662376927366,1.67,1.0492528456600314,V0.6,0.022372150289137638,-0.009579383053129997,-1.0,0% to 2.5%
2019_20_20190921_EVE_SHU,2019_20,2019-09-21,EVE,SHU,0,0.4713541666666666,0.4506503920230144,0.4361422653881228,2.03,1.0450970252837275,V0.6,-0.03521190127854379,-0.1146312012621108,-1.0,-5% to -2.5%
2019_20_20190921_LEI_TOT,2019_20,2019-09-21,LEI,TOT,1,0.5326370757180157,0.5480303755431162,0.5626885620728234,1.79,1.0488552963084674,V0.6,0.0300514863548077,0.007212526110353945,0.79,2.5% to 5%
2019_20_20190921_MCI_WAT,2019_20,2019-09-21,MCI,WAT,1,0.7577519379844961,0.6141607900527709,0.7474456162461609,1.25,1.0557544757033248,V0.6,-0.010306321738335233,-0.06569297969229893,0.25,-2.5% to 0%
2019_20_20190921_NEW_BRI,2019_20,2019-09-21,NEW,BRI,0,0.4065656565656566,0.4690740607149273,0.4135993031318825,2.35,1.0466499273159773,V0.6,0.007033646566225904,-0.028041637640076167,-1.0,0% to 2.5%
2019_20_20190922_ARS_AVL,2019_20,2019-09-22,ARS,AVL,1,0.6563981042654028,0.4812839122668284,0.6203953690910239,1.45,1.050666002738703,V0.6,-0.03600273517437891,-0.10042671481801535,0.44999999999999996,-5% to -2.5%
2019_20_20190922_CHE_LIV,2019_20,2019-09-22,CHE,LIV,1,0.5984848484848484,0.6006059280686633,0.5916095900177729,1.59,1.0508717458801051,V0.6,-0.006875258467075485,-0.05934075187174104,0.5900000000000001,-2.5% to 0%
2019_20_20190922_CRY_WOL,2019_20,2019-09-22,CRY,WOL,0,0.4015151515151514,0.4766506070437271,0.3810772026868855,2.37,1.0508717458801051,V0.6,-0.020437948828265884,-0.09684702963208136,-1.0,-2.5% to 0%
2019_20_20190922_WHU_MUN,2019_20,2019-09-22,WHU,MUN,0,0.5655526992287918,0.5673576939745536,0.6564319040028447,1.69,1.0462614308768154,V0.6,0.09087920477405287,0.10936991776480753,-1.0,5% to 10%
2019_20_20190928_AVL_BUR,2019_20,2019-09-28,AVL,BUR,1,0.5013054830287206,0.4183825888735819,0.5320424690884168,1.91,1.0443935427574171,V0.6,0.030736986059696214,0.016201115958875967,0.9099999999999999,2.5% to 5%
2019_20_20190928_BOU_WHU,2019_20,2019-09-28,BOU,WHU,1,0.6055276381909548,0.5135517352188462,0.599269490294714,1.57,1.0518804344953352,V0.6,-0.0062581478962407955,-0.05914690023729896,0.5700000000000001,-2.5% to 0%
2019_20_20190928_CHE_BRI,2019_20,2019-09-28,CHE,BRI,0,0.5790816326530612,0.5114544948874599,0.588835327748035,1.65,1.0465892404218395,V0.6,0.009753695094973813,-0.028421709215742275,-1.0,0% to 2.5%
2019_20_20190928_CRY_NOR,2019_20,2019-09-28,CRY,NOR,0,0.5544041450777203,0.5139980573795608,0.5987390842558681,1.72,1.0486850684633775,V0.6,0.04433493917814779,0.029831224920093158,-1.0,2.5% to 5%
2019_20_20190928_EVE_MCI,2019_20,2019-09-28,EVE,MCI,1,0.6466346153846154,0.5974110014679238,0.6745401604131075,1.47,1.052019320739448,V0.6,0.027905545028492074,-0.008425964192732005,0.47,2.5% to 5%
2019_20_20190928_SHU_LIV,2019_20,2019-09-28,SHU,LIV,0,0.5888324873096447,0.5515354166501195,0.6612299783770887,1.62,1.0483184333759046,V0.6,0.07239749106744409,0.07119256497088378,-1.0,5% to 10%
2019_20_20190928_TOT_SOU,2019_20,2019-09-28,TOT,SOU,1,0.5934343434343434,0.5498791364525558,0.6230887291392977,1.61,1.0466499273159773,V0.6,0.029654385704954267,0.003172853914269247,0.6100000000000001,2.5% to 5%
2019_20_20190928_WOL_WAT,2019_20,2019-09-28,WOL,WAT,0,0.4804177545691906,0.5614381873212224,0.5567015895252527,1.99,1.0459908236836355,V0.6,0.07628383495606211,0.1078361631552529,-1.0,5% to 10%
2019_20_20190929_LEI_NEW,2019_20,2019-09-29,LEI,NEW,1,0.4597402597402597,0.4987975234023871,0.4659735799238054,2.08,1.04574098218166,V0.6,0.006233320183545665,-0.030774953758484713,1.08,0% to 2.5%
2019_20_20190930_MUN_ARS,2019_20,2019-09-30,MUN,ARS,0,0.5831202046035805,0.5973038566153692,0.6333605862458209,1.63,1.0520934237434076,V0.6,0.05024038164224043,0.03237775558068812,-1.0,5% to 10%
2019_20_20191005_BRI_TOT,2019_20,2019-10-05,BRI,TOT,1,0.5428571428571429,0.5684228214878686,0.6635097961175971,1.76,1.0466507177033493,V0.6,0.12065265326045416,0.1677772411669709,0.76,> 10%
2019_20_20191005_BUR_EVE,2019_20,2019-10-05,BUR,EVE,0,0.4507772020725388,0.4876532651309158,0.4686969140619315,2.12,1.046410756885708,V0.6,0.017919711989392684,-0.006362542188705245,-1.0,0% to 2.5%
2019_20_20191005_LIV_LEI,2019_20,2019-10-05,LIV,LEI,1,0.5924050632911392,0.533105180572375,0.506560052596621,1.61,1.0484684397727877,V0.6,-0.08584501069451822,-0.18443831531944022,0.6100000000000001,-10% to -5%
2019_20_20191005_NOR_AVL,2019_20,2019-10-05,NOR,AVL,1,0.6074999999999999,0.4519028254220404,0.6172727420147984,1.57,1.0484653089040916,V0.6,0.009772742014798497,-0.03088179503676647,0.5700000000000001,0% to 2.5%
2019_20_20191005_WAT_SHU,2019_20,2019-10-05,WAT,SHU,0,0.4791666666666667,0.3797392575741646,0.4492284274379776,2.0,1.0434782608695652,V0.6,-0.0299382392286891,-0.10154314512404483,-1.0,-5% to -2.5%
2019_20_20191005_WHU_CRY,2019_20,2019-10-05,WHU,CRY,1,0.5221932114882506,0.4771774630880224,0.5024838311550399,1.83,1.046448087431694,V0.6,-0.01970938033321068,-0.08045458898627689,0.8300000000000001,-2.5% to 0%
2019_20_20191006_ARS_BOU,2019_20,2019-10-06,ARS,BOU,0,0.7032967032967032,0.5664436519675606,0.6818046802958001,1.35,1.0532407407407407,V0.6,-0.021492023000903138,-0.07956368160066984,-1.0,-2.5% to 0%
2019_20_20191006_MCI_WOL,2019_20,2019-10-06,MCI,WOL,0,0.6905829596412556,0.5726681400095913,0.6391645318805168,1.38,1.049313005834745,V0.6,-0.051418427760738794,-0.11795294600488693,-1.0,-10% to -5%
2019_20_20191006_NEW_MUN,2019_20,2019-10-06,NEW,MUN,0,0.441860465116279,0.5403294609065332,0.5086615361482241,2.16,1.04775828460039,V0.6,0.06680107103194505,0.09870891808016413,-1.0,5% to 10%
2019_20_20191006_SOU_CHE,2019_20,2019-10-06,SOU,CHE,1,0.5618556701030928,0.4976298591366744,0.581017997882025,1.7,1.0469508904479223,V0.6,0.01916232777893223,-0.012269403600557505,0.7,0% to 2.5%
2019_20_20191019_AVL_BRI,2019_20,2019-10-19,AVL,BRI,1,0.5248041775456919,0.431603037046866,0.5595689399844855,1.82,1.0469629872614947,V0.6,0.03476476243879367,0.018415470771763642,0.8200000000000001,2.5% to 5%
2019_20_20191019_BOU_NOR,2019_20,2019-10-19,BOU,NOR,0,0.6758620689655173,0.5567685289862353,0.7327144514557946,1.41,1.0493559125777971,V0.6,0.05685238249027735,0.033127376552670285,-1.0,5% to 10%
2019_20_20191019_CHE_NEW,2019_20,2019-10-19,CHE,NEW,0,0.5994962216624685,0.5423978531858983,0.6034831015480819,1.59,1.0490988848369536,V0.6,0.003986879885613415,-0.04046186853854972,-1.0,0% to 2.5%
2019_20_20191019_CRY_MCI,2019_20,2019-10-19,CRY,MCI,0,0.6611764705882353,0.597436440732969,0.718601496172497,1.44,1.0503163305654408,V0.6,0.05742502558426177,0.034786154488395615,-1.0,5% to 10%
2019_20_20191019_EVE_WHU,2019_20,2019-10-19,EVE,WHU,0,0.5544041450777203,0.543069395864334,0.5897127323590275,1.72,1.0486850684633775,V0.6,0.03530858728130726,0.014305899657527377,-1.0,2.5% to 5%
2019_20_20191019_LEI_BUR,2019_20,2019-10-19,LEI,BUR,1,0.4934725848563968,0.4814879844885297,0.4898443219671785,1.94,1.0445644466263024,V0.6,-0.0036282628892183033,-0.0497020153836738,0.94,-2.5% to 0%
2019_20_20191019_TOT_WAT,2019_20,2019-10-19,TOT,WAT,0,0.6222222222222222,0.5874185954765515,0.6641846879797149,1.53,1.050420168067227,V0.6,0.04196246575749263,0.01620257260896385,-1.0,2.5% to 5%
2019_20_20191019_WOL_SOU,2019_20,2019-10-19,WOL,SOU,0,0.4571428571428572,0.5145402656463303,0.4945567706759183,2.09,1.0466507177033493,V0.6,0.037413913533061116,0.03362365071266926,-1.0,2.5% to 5%
2019_20_20191020_MUN_LIV,2019_20,2019-10-20,MUN,LIV,0,0.5416666666666667,0.601612373905819,0.5995056507435854,1.76,1.048951048951049,V0.6,0.057838984076918676,0.055129945308710404,-1.0,5% to 10%
2019_20_20191021_SHU_ARS,2019_20,2019-10-21,SHU,ARS,0,0.5644329896907216,0.5447659232297234,0.6792722540833451,1.69,1.048336980897571,V0.6,0.11483926439262349,0.1479701094008532,-1.0,> 10%
2019_20_20191025_SOU_LEI,2019_20,2019-10-25,SOU,LEI,1,0.4765625,0.4768316486764608,0.4814168704172192,2.01,1.0439605252426394,V0.6,0.0048543704172192,-0.03235209046138954,1.0099999999999998,0% to 2.5%
2019_20_20191026_BRI_EVE,2019_20,2019-10-26,BRI,EVE,1,0.4635416666666666,0.4978693648507942,0.5151683380038875,2.06,1.0472346460128723,V0.6,0.05162667133722093,0.06124677628800823,1.06,5% to 10%
2019_20_20191026_BUR_CHE,2019_20,2019-10-26,BUR,CHE,1,0.5754475703324808,0.5214637432008962,0.6258078064994727,1.66,1.0468540829986617,V0.6,0.05036023616699181,0.038840958789124524,0.6599999999999999,5% to 10%
2019_20_20191026_MCI_AVL,2019_20,2019-10-26,MCI,AVL,1,0.7862190812720848,0.5394780505218554,0.7029315702367837,1.21,1.051165382115331,V0.6,-0.08328751103530119,-0.14945280001349182,0.20999999999999996,-10% to -5%
2019_20_20191026_WAT_BOU,2019_20,2019-10-26,WAT,BOU,0,0.5633074935400517,0.516500263940359,0.613017310475757,1.69,1.0504315726616362,V0.6,0.04970981693570531,0.035999254704029315,-1.0,2.5% to 5%
2019_20_20191026_WHU_SHU,2019_20,2019-10-26,WHU,SHU,0,0.5091383812010444,0.4265830351145285,0.5247134115098253,1.88,1.044735406437534,V0.6,0.015575030308780935,-0.013538786361528499,-1.0,0% to 2.5%
2019_20_20191027_ARS_CRY,2019_20,2019-10-27,ARS,CRY,1,0.6246913580246914,0.5161250340374979,0.5831046714203811,1.52,1.053151653838153,V0.6,-0.04158668660431031,-0.11368089944102067,0.52,-5% to -2.5%
2019_20_20191027_LIV_TOT,2019_20,2019-10-27,LIV,TOT,1,0.6212871287128713,0.6703233427688036,0.6656929408585809,1.53,1.052001145743822,V0.6,0.0444058121457096,0.018510199513628756,0.53,2.5% to 5%
2019_20_20191027_NEW_WOL,2019_20,2019-10-27,NEW,WOL,0,0.3821339950372208,0.4845805636131088,0.3886965841818608,2.49,1.0509570750534605,V0.6,0.00656258914464003,-0.03214550538716654,-1.0,0% to 2.5%
2019_20_20191027_NOR_MUN,2019_20,2019-10-27,NOR,MUN,1,0.570694087403599,0.5369026199325823,0.6582263571100366,1.67,1.0492528456600314,V0.6,0.08753226970643768,0.09923801637376117,0.6699999999999999,5% to 10%
2019_20_20191102_ARS_WOL,2019_20,2019-11-02,ARS,WOL,0,0.5492227979274612,0.5377320582444447,0.5604491596369295,1.74,1.046410756885708,V0.6,0.011226361709468335,-0.024818462231742555,-1.0,0% to 2.5%
2019_20_20191102_AVL_LIV,2019_20,2019-11-02,AVL,LIV,1,0.6483253588516746,0.5941792273447282,0.7514694558511749,1.47,1.0492757988804378,V0.6,0.10314409699950022,0.10466010010122706,0.47,> 10%
2019_20_20191102_BOU_MUN,2019_20,2019-11-02,BOU,MUN,0,0.5195822454308094,0.5162510499271661,0.5584054234118307,1.84,1.0459908236836355,V0.6,0.038823177981021306,0.02746597907776871,-1.0,2.5% to 5%
2019_20_20191102_BRI_NOR,2019_20,2019-11-02,BRI,NOR,0,0.5754475703324808,0.5243032663790841,0.6666804865723761,1.66,1.0468540829986617,V0.6,0.09123291623989527,0.10668960771014424,-1.0,5% to 10%
2019_20_20191102_MCI_SOU,2019_20,2019-11-02,MCI,SOU,1,0.7777777777777778,0.5960608200050637,0.7362287281916329,1.22,1.053864168618267,V0.6,-0.041549049586144915,-0.10180095160620795,0.21999999999999997,-5% to -2.5%
2019_20_20191102_SHU_BUR,2019_20,2019-11-02,SHU,BUR,1,0.4101265822784811,0.4119205824214526,0.4108032254575782,2.33,1.046468499973507,V0.6,0.0006766431790971028,-0.042828484683842816,1.33,0% to 2.5%
2019_20_20191102_WAT_CHE,2019_20,2019-11-02,WAT,CHE,1,0.5841836734693877,0.5568489796856253,0.6683035899412871,1.63,1.0501781552227611,V0.6,0.08411991647189943,0.089334851604298,0.6299999999999999,5% to 10%
2019_20_20191102_WHU_NEW,2019_20,2019-11-02,WHU,NEW,1,0.5221932114882506,0.5063826085813864,0.5797276821991525,1.83,1.046448087431694,V0.6,0.0575344707109019,0.06090165842444906,0.8300000000000001,5% to 10%
2019_20_20191103_CRY_LEI,2019_20,2019-11-03,CRY,LEI,0,0.4647519582245431,0.4034896787616714,0.3571580196900269,2.05,1.0496026308577693,V0.6,-0.10759393853451621,-0.2678260596354449,-1.0,< -10%
2019_20_20191103_EVE_TOT,2019_20,2019-11-03,EVE,TOT,0,0.548051948051948,0.6177619046248926,0.6386704476361889,1.74,1.0486462929672604,V0.6,0.09061849958424084,0.11128657888696858,-1.0,5% to 10%
2019_20_20191108_NOR_WAT,2019_20,2019-11-08,NOR,WAT,0,0.5666666666666667,0.5549092287207618,0.6962920992577923,1.69,1.0442046641141665,V0.6,0.1296254325911257,0.1767336477456689,-1.0,> 10%
2019_20_20191109_BUR_WHU,2019_20,2019-11-09,BUR,WHU,1,0.5592783505154639,0.4794796841682953,0.5825279443721311,1.71,1.0456248147249845,V0.6,0.02324959385666714,-0.0038772151236559083,0.71,0% to 2.5%
2019_20_20191109_CHE_CRY,2019_20,2019-11-09,CHE,CRY,0,0.6030150753768844,0.5161016236042626,0.5608684419160425,1.58,1.04957805907173,V0.6,-0.04214663346084191,-0.11382786177265292,-1.0,-5% to -2.5%
2019_20_20191109_LEI_ARS,2019_20,2019-11-09,LEI,ARS,0,0.606516290726817,0.6536975960815535,0.6760359475040633,1.57,1.0501658156551037,V0.6,0.06951965677724625,0.06137643758137945,-1.0,5% to 10%
2019_20_20191109_NEW_BOU,2019_20,2019-11-09,NEW,BOU,1,0.4609375,0.5312111075840732,0.5117088807620143,2.07,1.048063538852043,V0.6,0.05077138076201426,0.059237383177369374,1.0699999999999998,5% to 10%
2019_20_20191109_SOU_EVE,2019_20,2019-11-09,SOU,EVE,1,0.4934725848563968,0.581818710913505,0.6192318043818658,1.94,1.0445644466263024,V0.6,0.12575921952546898,0.20130970050081953,0.94,> 10%
2019_20_20191109_TOT_SHU,2019_20,2019-11-09,TOT,SHU,0,0.5326370757180157,0.49159719305176,0.5314902370841444,1.79,1.0488552963084674,V0.6,-0.0011468386338712167,-0.04863247561938144,-1.0,-2.5% to 0%
2019_20_20191110_LIV_MCI,2019_20,2019-11-10,LIV,MCI,1,0.5852417302798981,0.714161612157539,0.656734149645134,1.63,1.0482795412109898,V0.6,0.07149241936523587,0.07047666392156837,0.6299999999999999,5% to 10%
2019_20_20191110_MUN_BRI,2019_20,2019-11-10,MUN,BRI,1,0.4739583333333334,0.4336841470693163,0.4473804615719355,2.02,1.0445000544010443,V0.6,-0.02657787176139792,-0.09629146762469032,1.02,-5% to -2.5%
2019_20_20191110_WOL_AVL,2019_20,2019-11-10,WOL,AVL,1,0.5117493472584856,0.3777495061536015,0.4131340688474929,1.87,1.044963439921423,V0.6,-0.09861527841099277,-0.22743929125518825,0.8700000000000001,-10% to -5%
2019_20_20191123_ARS_SOU,2019_20,2019-11-23,ARS,SOU,1,0.6449275362318841,0.5238836499721427,0.6212329899036624,1.47,1.0548039440495298,V0.6,-0.023694546328221766,-0.08678750484161635,0.47,-2.5% to 0%
2019_20_20191123_BOU_WOL,2019_20,2019-11-23,BOU,WOL,1,0.4725848563968668,0.4984929359929905,0.4978642018040414,2.02,1.0475356927957988,V0.6,0.02527934540717458,0.005685687644163551,1.02,2.5% to 5%
2019_20_20191123_BRI_LEI,2019_20,2019-11-23,BRI,LEI,0,0.5052356020942408,0.4160776280843946,0.4319617661140774,1.89,1.047235244126436,V0.6,-0.0732738359801634,-0.18359226204439383,-1.0,-10% to -5%
2019_20_20191123_CRY_LIV,2019_20,2019-11-23,CRY,LIV,1,0.570694087403599,0.5834640981150981,0.6550139607599795,1.67,1.0492528456600314,V0.6,0.08431987335638058,0.09387331446916569,0.6699999999999999,5% to 10%
2019_20_20191123_EVE_NOR,2019_20,2019-11-23,EVE,NOR,0,0.6125,0.5132913564734743,0.6354160050019131,1.55,1.053324555628703,V0.6,0.022916005001913042,-0.01510519224703466,-1.0,0% to 2.5%
2019_20_20191123_MCI_CHE,2019_20,2019-11-23,MCI,CHE,1,0.6759259259259259,0.6649082690734256,0.6637378333658023,1.4,1.0567514677103718,V0.6,-0.012188092560123653,-0.07076703328787692,0.3999999999999999,-2.5% to 0%
2019_20_20191123_WAT_BUR,2019_20,2019-11-23,WAT,BUR,1,0.4725848563968668,0.4026476130772132,0.4251889702952031,2.02,1.0475356927957988,V0.6,-0.04739588610166373,-0.14111828000368976,1.02,-5% to -2.5%
2019_20_20191123_WHU_TOT,2019_20,2019-11-23,WHU,TOT,1,0.6144278606965174,0.6443581526821104,0.7454133239015125,1.55,1.0500195899177225,V0.6,0.13098546320499505,0.15539065204734448,0.55,> 10%
2019_20_20191124_SHU_MUN,2019_20,2019-11-24,SHU,MUN,1,0.4366925064599483,0.4889936991393676,0.4637504061432903,2.18,1.0504315726616362,V0.6,0.02705789968334199,0.01097588539237293,1.1800000000000002,2.5% to 5%
2019_20_20191125_AVL_NEW,2019_20,2019-11-25,AVL,NEW,0,0.4973821989528796,0.4659906189086793,0.536681691074447,1.92,1.0471491228070176,V0.6,0.03929949212156736,0.03042884686293812,-1.0,2.5% to 5%
2019_20_20191130_BUR_CRY,2019_20,2019-11-30,BUR,CRY,0,0.4293059125964009,0.4964058255287844,0.4274994885742554,2.22,1.0492528456600314,V0.6,-0.0018064240221454808,-0.050951135365152944,-1.0,-2.5% to 0%
2019_20_20191130_CHE_WHU,2019_20,2019-11-30,CHE,WHU,0,0.6774193548387096,0.5557623145340982,0.6523100875160524,1.4,1.054421768707483,V0.6,-0.02510926732265728,-0.08676587747752673,-1.0,-5% to -2.5%
2019_20_20191130_LIV_BRI,2019_20,2019-11-30,LIV,BRI,1,0.6474820143884892,0.5181915915309319,0.6147824931444998,1.47,1.0506424792139075,V0.6,-0.03269952124398934,-0.0962697350775853,0.47,-5% to -2.5%
2019_20_20191130_NEW_MCI,2019_20,2019-11-30,NEW,MCI,1,0.6595744680851063,0.62156969072711,0.7532499712008578,1.44,1.0528673835125448,V0.6,0.09367550311575146,0.08467995852923527,0.43999999999999995,5% to 10%
2019_20_20191130_SOU_WAT,2019_20,2019-11-30,SOU,WAT,1,0.5,0.5337895854601332,0.5832379824534041,1.91,1.0471204188481675,V0.6,0.08323798245340408,0.11398454648600165,0.9099999999999999,5% to 10%
2019_20_20191130_TOT_BOU,2019_20,2019-11-30,TOT,BOU,1,0.6299019607843138,0.5727629188155995,0.6481205073600678,1.51,1.0513567139948978,V0.6,0.018218546575753947,-0.021338033886297625,0.51,0% to 2.5%
2019_20_20191201_LEI_EVE,2019_20,2019-12-01,LEI,EVE,1,0.5274151436031332,0.573220076135822,0.5436900810410453,1.81,1.0475356927957988,V0.6,0.016274937437912085,-0.015920953315707975,0.81,0% to 2.5%
2019_20_20191201_MUN_AVL,2019_20,2019-12-01,MUN,AVL,1,0.5633074935400517,0.4523491544852792,0.501964144072683,1.69,1.0504315726616362,V0.6,-0.061343349467368746,-0.1516805965171658,0.69,-10% to -5%
2019_20_20191201_NOR_ARS,2019_20,2019-12-01,NOR,ARS,1,0.6720930232558139,0.5697802536089398,0.749152925844427,1.41,1.0552406194017032,V0.6,0.07705990258861317,0.05630562544064199,0.4099999999999999,5% to 10%
2019_20_20191201_WOL_SHU,2019_20,2019-12-01,WOL,SHU,0,0.4147582697201017,0.436370905264587,0.3726433978501957,2.3,1.0482795412109898,V0.6,-0.042114871869906034,-0.14292018494455005,-1.0,-5% to -2.5%
2019_20_20191203_BUR_MCI,2019_20,2019-12-03,BUR,MCI,1,0.6442307692307693,0.6552692207780122,0.765901235191521,1.48,1.0488100040338846,V0.6,0.1216704659607517,0.13353382808345104,0.48,> 10%
2019_20_20191203_CRY_BOU,2019_20,2019-12-03,CRY,BOU,0,0.4699738903394256,0.4851949375128188,0.4687740100467725,2.03,1.0481663929939793,V0.6,-0.0011998802926531105,-0.048388759605051956,-1.0,-2.5% to 0%
2019_20_20191204_CHE_AVL,2019_20,2019-12-04,CHE,AVL,1,0.6682242990654206,0.5082466775722072,0.6161679889326624,1.42,1.0538757017630258,V0.6,-0.05205631013275813,-0.12504145571561942,0.41999999999999993,-10% to -5%
2019_20_20191204_LEI_WAT,2019_20,2019-12-04,LEI,WAT,0,0.5852417302798981,0.54276957332616,0.5980337042257197,1.63,1.0482795412109898,V0.6,0.012791973945821544,-0.02520506211207696,-1.0,0% to 2.5%
2019_20_20191204_LIV_EVE,2019_20,2019-12-04,LIV,EVE,1,0.601010101010101,0.5994420779910358,0.6044655074363137,1.58,1.053079459631954,V0.6,0.0034554064262126705,-0.04494449825062441,0.5800000000000001,0% to 2.5%
2019_20_20191204_MUN_TOT,2019_20,2019-12-04,MUN,TOT,1,0.5300261096605744,0.5942995532603651,0.5723750812978817,1.8,1.0481663929939793,V0.6,0.04234897163730733,0.03027514633618722,0.8,2.5% to 5%
2019_20_20191204_SOU_NOR,2019_20,2019-12-04,SOU,NOR,1,0.5984848484848484,0.5186656711209319,0.6665930002684799,1.59,1.0508717458801051,V0.6,0.0681081517836315,0.059882870426883006,0.5900000000000001,5% to 10%
2019_20_20191204_WOL_WHU,2019_20,2019-12-04,WOL,WHU,0,0.5052356020942408,0.5005191530612763,0.5047312082723601,1.89,1.047235244126436,V0.6,-0.000504393821880722,-0.04605801636523954,-1.0,-2.5% to 0%
2019_20_20191205_ARS_BRI,2019_20,2019-12-05,ARS,BRI,1,0.6188118811881189,0.4763516163953024,0.5809450419474191,1.54,1.0493506493506493,V0.6,-0.03786683924069978,-0.1053446354009745,0.54,-5% to -2.5%
2019_20_20191205_SHU_NEW,2019_20,2019-12-05,SHU,NEW,0,0.4086294416243655,0.4710363559490178,0.3971008443618369,2.33,1.0503025617785835,V0.6,-0.011528597262528584,-0.07475503263691996,-1.0,-2.5% to 0%
2019_20_20191207_BOU_LIV,2019_20,2019-12-07,BOU,LIV,1,0.6332518337408313,0.5665750271110254,0.6753449525878026,1.5,1.0527670527670527,V0.6,0.04209311884697131,0.013017428881703985,0.5,2.5% to 5%
2019_20_20191207_EVE_CHE,2019_20,2019-12-07,EVE,CHE,1,0.5633074935400517,0.576304456690364,0.6129743897501416,1.69,1.0504315726616362,V0.6,0.049666896210089906,0.03592671867773922,0.69,2.5% to 5%
2019_20_20191207_MCI_MUN,2019_20,2019-12-07,MCI,MUN,1,0.6383495145631067,0.6230165164983819,0.6255696208189178,1.49,1.0513690764794448,V0.6,-0.012779893744188975,-0.06790126497981253,0.49,-2.5% to 0%
2019_20_20191207_TOT_BUR,2019_20,2019-12-07,TOT,BUR,1,0.5964467005076142,0.4993253383567882,0.541442023455632,1.59,1.05446273250368,V0.6,-0.0550046770519822,-0.13910718270554512,0.5900000000000001,-10% to -5%
2019_20_20191207_WAT_CRY,2019_20,2019-12-07,WAT,CRY,0,0.4647519582245431,0.4398672246950015,0.4511036788695448,2.05,1.0496026308577693,V0.6,-0.01364827935499835,-0.07523745831743334,-1.0,-2.5% to 0%
2019_20_20191208_AVL_LEI,2019_20,2019-12-08,AVL,LEI,1,0.5877862595419847,0.4939885428290735,0.59612708758404,1.62,1.050184383517717,V0.6,0.00834082804205527,-0.03427411811385517,0.6200000000000001,0% to 2.5%
2019_20_20191208_BRI_WOL,2019_20,2019-12-08,BRI,WOL,1,0.4158163265306122,0.4522037289448046,0.400935788002678,2.29,1.0501781552227611,V0.6,-0.014880538527934195,-0.0818570454738674,1.29,-2.5% to 0%
2019_20_20191208_NEW_SOU,2019_20,2019-12-08,NEW,SOU,1,0.4493506493506493,0.5230576969207295,0.4874499674251487,2.12,1.049732795288472,V0.6,0.0380993180744994,0.03339393094131515,1.12,2.5% to 5%
2019_20_20191208_NOR_SHU,2019_20,2019-12-08,NOR,SHU,1,0.5195822454308094,0.3710398838487231,0.4869628043257717,1.84,1.0459908236836355,V0.6,-0.03261944110503773,-0.10398844004058005,0.8400000000000001,-5% to -2.5%
2019_20_20191209_WHU_ARS,2019_20,2019-12-09,WHU,ARS,1,0.6587677725118484,0.6056728993108703,0.7392450582415414,1.44,1.0541566746602715,V0.6,0.08047728572969304,0.0645128838678195,0.43999999999999995,5% to 10%
2019_20_20191214_BUR_NEW,2019_20,2019-12-14,BUR,NEW,0,0.451948051948052,0.4655408712507305,0.4466475892944292,2.11,1.0486462929672604,V0.6,-0.005300462653622773,-0.057573586588754444,-1.0,-2.5% to 0%
2019_20_20191214_CHE_BOU,2019_20,2019-12-14,CHE,BOU,0,0.6774193548387096,0.5481418915712188,0.6729178523324596,1.4,1.054421768707483,V0.6,-0.0045015025062500325,-0.05791500673455663,-1.0,-2.5% to 0%
2019_20_20191214_LEI_NOR,2019_20,2019-12-14,LEI,NOR,0,0.664319248826291,0.5637790249821839,0.6892958300227617,1.43,1.0526575897600634,V0.6,0.024976581196470726,-0.014306963067450718,-1.0,0% to 2.5%
2019_20_20191214_LIV_WAT,2019_20,2019-12-14,LIV,WAT,0,0.6840909090909091,0.5301151659241865,0.645781051505417,1.39,1.0516503740529173,V0.6,-0.0383098575854921,-0.1023643384074705,-1.0,-5% to -2.5%
2019_20_20191214_SHU_AVL,2019_20,2019-12-14,SHU,AVL,0,0.5274151436031332,0.4622584029882558,0.5285580196820728,1.81,1.0475356927957988,V0.6,0.001142876078939592,-0.043309984375448196,-1.0,0% to 2.5%
2019_20_20191214_SOU_WHU,2019_20,2019-12-14,SOU,WHU,0,0.5913705583756345,0.4963485956223474,0.6108770697579873,1.61,1.0503025617785835,V0.6,0.01950651138235282,-0.01648791768964042,-1.0,0% to 2.5%
2019_20_20191215_ARS_MCI,2019_20,2019-12-15,ARS,MCI,1,0.7155172413793104,0.6631331571451805,0.7515023594326443,1.32,1.058780576852866,V0.6,0.03598511805333393,-0.008016885548909447,0.32000000000000006,2.5% to 5%
2019_20_20191215_MUN_EVE,2019_20,2019-12-15,MUN,EVE,0,0.5300261096605744,0.5523726661876243,0.5433060293982366,1.8,1.0481663929939793,V0.6,0.013279919737662182,-0.02204914708317418,-1.0,0% to 2.5%
2019_20_20191215_WOL_TOT,2019_20,2019-12-15,WOL,TOT,1,0.5026178010471204,0.5723309511665731,0.5432429081837298,1.9,1.0471491228070176,V0.6,0.040625107136609384,0.03216152554908658,0.8999999999999999,2.5% to 5%
2019_20_20191216_CRY_BRI,2019_20,2019-12-16,CRY,BRI,0,0.4366925064599483,0.4328282480857884,0.4021765155604382,2.18,1.0504315726616362,V0.6,-0.034515990899510074,-0.12325519607824464,-1.0,-5% to -2.5%
2019_20_20191221_AVL_SOU,2019_20,2019-12-21,AVL,SOU,1,0.5877862595419847,0.538303198644341,0.6898997777773971,1.62,1.050184383517717,V0.6,0.10211351823541237,0.11763763999938326,0.6200000000000001,> 10%
2019_20_20191221_BOU_BUR,2019_20,2019-12-21,BOU,BUR,0,0.4973821989528796,0.4939857925290496,0.5314353742798577,1.92,1.0471491228070176,V0.6,0.03405317532697805,0.02035591861732655,-1.0,2.5% to 5%
2019_20_20191221_BRI_SHU,2019_20,2019-12-21,BRI,SHU,0,0.4505208333333333,0.4376151741051692,0.423672062444413,2.11,1.0519683313700243,V0.6,-0.026848770888920293,-0.10605194824228859,-1.0,-5% to -2.5%
2019_20_20191221_EVE_ARS,2019_20,2019-12-21,EVE,ARS,0,0.6045340050377834,0.6066340760092561,0.6595759791693316,1.57,1.0536093418259025,V0.6,0.05504197413154821,0.03553428729585062,-1.0,5% to 10%
2019_20_20191221_MCI_LEI,2019_20,2019-12-21,MCI,LEI,1,0.6682242990654206,0.5562614495670435,0.5800083873837463,1.42,1.0538757017630258,V0.6,-0.08821591168167431,-0.17638808991508037,0.41999999999999993,-10% to -5%
2019_20_20191221_NEW_CRY,2019_20,2019-12-21,NEW,CRY,0,0.39,0.4853136225417345,0.380282098630284,2.44,1.0508617065994117,V0.6,-0.009717901369716009,-0.07211167934210705,-1.0,-2.5% to 0%
2019_20_20191221_NOR_WOL,2019_20,2019-12-21,NOR,WOL,1,0.5326370757180157,0.4259974105846996,0.5165751550648062,1.79,1.0488552963084674,V0.6,-0.01606192065320944,-0.07533047243399682,0.79,-2.5% to 0%
2019_20_20191222_TOT_CHE,2019_20,2019-12-22,TOT,CHE,0,0.5984848484848484,0.6090537041850398,0.6134476908117972,1.59,1.0508717458801051,V0.6,0.014962842326948778,-0.0246181716092424,-1.0,0% to 2.5%
2019_20_20191222_WAT_MUN,2019_20,2019-12-22,WAT,MUN,0,0.5157068062827225,0.4980647070414852,0.5685522744834524,1.85,1.04815475373851,V0.6,0.052845468200729884,0.051821707794386995,-1.0,5% to 10%
2019_20_20191226_AVL_NOR,2019_20,2019-12-26,AVL,NOR,0,0.6228287841191067,0.4627800396553407,0.6557767364555455,1.52,1.0563011113440974,V0.6,0.03294795233643877,-0.0032193605875708853,-1.0,2.5% to 5%
2019_20_20191226_BOU_ARS,2019_20,2019-12-26,BOU,ARS,0,0.6105527638190955,0.5960658425307369,0.6958761836005226,1.55,1.0566839240674366,V0.6,0.0853234197814271,0.07860808458081014,-1.0,5% to 10%
2019_20_20191226_CHE_SOU,2019_20,2019-12-26,CHE,SOU,0,0.637469586374696,0.569477503898803,0.6826016331484729,1.49,1.0528203289102924,V0.6,0.04513204677377691,0.017076433391224555,-1.0,2.5% to 5%
2019_20_20191226_CRY_WHU,2019_20,2019-12-26,CRY,WHU,1,0.5026178010471204,0.482442722464757,0.5334486127611473,1.9,1.0471491228070176,V0.6,0.030830811714026907,0.013552364246179893,0.8999999999999999,2.5% to 5%
2019_20_20191226_EVE_BUR,2019_20,2019-12-26,EVE,BUR,0,0.4947643979057591,0.534298326816836,0.5241726264422245,1.93,1.047235244126436,V0.6,0.02940822853646541,0.011653169033493338,-1.0,2.5% to 5%
2019_20_20191226_LEI_LIV,2019_20,2019-12-26,LEI,LIV,1,0.5805626598465473,0.6442445989785885,0.6293614029306753,1.64,1.050284731922209,V0.6,0.048798743084128016,0.03215270080630739,0.6399999999999999,2.5% to 5%
2019_20_20191226_MUN_NEW,2019_20,2019-12-26,MUN,NEW,1,0.5532467532467532,0.4995265531080697,0.5505040876895521,1.72,1.0508789169123267,V0.6,-0.0027426655572011516,-0.05313296917397048,0.72,-2.5% to 0%
2019_20_20191226_SHU_WAT,2019_20,2019-12-26,SHU,WAT,0,0.451948051948052,0.4841654973746659,0.4683685319840313,2.11,1.0486462929672604,V0.6,0.01642048003597929,-0.011742397513694103,-1.0,0% to 2.5%
2019_20_20191226_TOT_BRI,2019_20,2019-12-26,TOT,BRI,1,0.5949367088607596,0.5104115616656713,0.5703140313666561,1.6,1.050531914893617,V0.6,-0.024622677494103407,-0.08749754981335012,0.6000000000000001,-2.5% to 0%
2019_20_20191227_WOL_MCI,2019_20,2019-12-27,WOL,MCI,1,0.6070528967254408,0.6234272320291052,0.6672990075371551,1.56,1.0559634003617404,V0.6,0.06024611081171427,0.040986451757961895,0.56,5% to 10%
2019_20_20191228_BRI_BOU,2019_20,2019-12-28,BRI,BOU,0,0.4986945169712793,0.5063474794416061,0.5609907729913018,1.92,1.0443935427574171,V0.6,0.062296256020022533,0.07710228414329956,-1.0,5% to 10%
2019_20_20191228_BUR_MUN,2019_20,2019-12-28,BUR,MUN,0,0.4895287958115184,0.5359066297871343,0.5524926715116109,1.95,1.0475798711092827,V0.6,0.06296387570009243,0.07736070944764117,-1.0,5% to 10%
2019_20_20191228_NEW_EVE,2019_20,2019-12-28,NEW,EVE,1,0.4621409921671018,0.5282675318913258,0.4906719472190513,2.06,1.0504086446163128,V0.6,0.02853095505194947,0.010784211271245736,1.06,2.5% to 5%
2019_20_20191228_NOR_TOT,2019_20,2019-12-28,NOR,TOT,1,0.5949367088607596,0.5632597460033973,0.6754541298473385,1.6,1.050531914893617,V0.6,0.08051742098657899,0.08072660775574181,0.6000000000000001,5% to 10%
2019_20_20191228_SOU_CRY,2019_20,2019-12-28,SOU,CRY,0,0.4659685863874345,0.4490670824529477,0.4292616972668879,2.04,1.0519938312403614,V0.6,-0.03670688912054659,-0.12430613757554865,-1.0,-5% to -2.5%
2019_20_20191228_WAT_AVL,2019_20,2019-12-28,WAT,AVL,1,0.5618556701030928,0.4373224144429547,0.5720299809916187,1.7,1.0469508904479223,V0.6,0.01017431088852594,-0.027549032314248212,0.7,0% to 2.5%
2019_20_20191228_WHU_LEI,2019_20,2019-12-28,WHU,LEI,1,0.5903307888040712,0.4764420558296812,0.5559440474667638,1.61,1.0521524951809809,V0.6,-0.03438674133730735,-0.10493008357851019,0.6100000000000001,-5% to -2.5%
2019_20_20191229_ARS_CHE,2019_20,2019-12-29,ARS,CHE,1,0.6184538653366584,0.601266038696912,0.6421509174410769,1.53,1.056820577693443,V0.6,0.023697052104418526,-0.017509096315152295,0.53,0% to 2.5%
2019_20_20191229_LIV_WOL,2019_20,2019-12-29,LIV,WOL,0,0.6105527638190955,0.5306777881220681,0.5141189487596141,1.55,1.0566839240674366,V0.6,-0.09643381505948145,-0.2031156294225982,-1.0,-10% to -5%
2019_20_20191229_MCI_SHU,2019_20,2019-12-29,MCI,SHU,0,0.6849315068493151,0.550136218220018,0.6396468460581458,1.38,1.0579710144927537,V0.6,-0.04528466079116933,-0.11728735243975885,-1.0,-5% to -2.5%
2019_20_20200101_ARS_MUN,2019_20,2020-01-01,ARS,MUN,0,0.5794871794871795,0.5539097076818074,0.5801663216536513,1.64,1.0522339736671702,V0.6,0.0006791421664718023,-0.04852723248801183,-1.0,0% to 2.5%
2019_20_20200101_BRI_CHE,2019_20,2020-01-01,BRI,CHE,0,0.5584415584415584,0.5477208705585764,0.6282755195729252,1.7,1.0533515731874146,V0.6,0.06983396113136675,0.0680683832739728,-1.0,5% to 10%
2019_20_20200101_BUR_AVL,2019_20,2020-01-01,BUR,AVL,1,0.5091863517060368,0.4549169243627696,0.5078337224917396,1.87,1.0502232758145431,V0.6,-0.0013526292142971297,-0.05035093894044684,0.8700000000000001,-2.5% to 0%
2019_20_20200101_MCI_EVE,2019_20,2020-01-01,MCI,EVE,1,0.6928251121076232,0.6177124409452032,0.6985127630031205,1.37,1.053551602768526,V0.6,0.005687650895497276,-0.04303751468572481,0.3700000000000001,0% to 2.5%
2019_20_20200101_NEW_LEI,2019_20,2020-01-01,NEW,LEI,1,0.4908136482939633,0.4961719115304944,0.4688544200460511,1.94,1.0502232758145431,V0.6,-0.021959228247912188,-0.0904224251106609,0.94,-2.5% to 0%
2019_20_20200101_NOR_CRY,2019_20,2020-01-01,NOR,CRY,0,0.5078534031413613,0.4617827251306742,0.5327361168860058,1.88,1.0473788111427944,V0.6,0.024882713744644458,0.001543899745690691,-1.0,0% to 2.5%
2019_20_20200101_SOU_TOT,2019_20,2020-01-01,SOU,TOT,0,0.5732647814910026,0.5697751344924107,0.6309763481094403,1.66,1.0508401318277596,V0.6,0.05771156661843768,0.04742073786167067,-1.0,5% to 10%
2019_20_20200101_WAT_WOL,2019_20,2020-01-01,WAT,WOL,1,0.4764397905759163,0.4357650642335294,0.4479559012878776,2.0,1.0494505494505493,V0.6,-0.02848388928803869,-0.1040881974242448,1.0,-5% to -2.5%
2019_20_20200101_WHU_BOU,2019_20,2020-01-01,WHU,BOU,1,0.570694087403599,0.5276736791257851,0.6272312693923855,1.67,1.0492528456600314,V0.6,0.056537181988786545,0.04747621988528383,0.6699999999999999,5% to 10%
2019_20_20200102_LIV_SHU,2019_20,2020-01-02,LIV,SHU,0,0.6159600997506234,0.5332692019345157,0.5714224941924193,1.54,1.054208948945791,V0.6,-0.044537605558204074,-0.12000935894367426,-1.0,-5% to -2.5%
2019_20_20200110_SHU_WHU,2019_20,2020-01-10,SHU,WHU,0,0.4699738903394256,0.503107404174362,0.4992608322199864,2.03,1.0481663929939793,V0.6,0.0292869418805608,0.013499489406572307,-1.0,2.5% to 5%
2019_20_20200111_CHE_BUR,2019_20,2020-01-11,CHE,BUR,1,0.5743589743589743,0.5285479893458979,0.6098948850353657,1.66,1.0488382099827884,V0.6,0.03553591067639139,0.012425509158707104,0.6599999999999999,2.5% to 5%
2019_20_20200111_CRY_ARS,2019_20,2020-01-11,CRY,ARS,0,0.5300261096605744,0.6062547999028656,0.6547223803360959,1.8,1.0481663929939793,V0.6,0.12469627067552147,0.17850028460497258,-1.0,> 10%
2019_20_20200111_EVE_BRI,2019_20,2020-01-11,EVE,BRI,0,0.5221932114882506,0.4735958786202042,0.5312552346402876,1.83,1.046448087431694,V0.6,0.009062023152036969,-0.027802920608273718,-1.0,0% to 2.5%
2019_20_20200111_LEI_SOU,2019_20,2020-01-11,LEI,SOU,1,0.5816326530612244,0.5420252416252931,0.6255322539903726,1.64,1.048352588789046,V0.6,0.04389960092914824,0.025872896544210988,0.6399999999999999,2.5% to 5%
2019_20_20200111_MUN_NOR,2019_20,2020-01-11,MUN,NOR,1,0.602015113350126,0.5193661964745409,0.6153763686424675,1.58,1.0513214342460673,V0.6,0.013361255292341445,-0.027705337544901343,0.5800000000000001,0% to 2.5%
2019_20_20200111_TOT_LIV,2019_20,2020-01-11,TOT,LIV,0,0.586734693877551,0.6491418180815801,0.6235542023275348,1.62,1.052066559312936,V0.6,0.03681950844998383,0.010157807770606375,-1.0,2.5% to 5%
2019_20_20200111_WOL_NEW,2019_20,2020-01-11,WOL,NEW,0,0.4751958224543081,0.5252417858551494,0.5126262672003007,2.01,1.0469629872614947,V0.6,0.03743044474599261,0.03037879707260438,-1.0,2.5% to 5%
2019_20_20200112_AVL_MCI,2019_20,2020-01-12,AVL,MCI,1,0.7465069860279441,0.6230348624181329,0.8389186529995132,1.27,1.0547812539475343,V0.6,0.0924116669715691,0.06542668930938178,0.27,5% to 10%
2019_20_20200112_BOU_WAT,2019_20,2020-01-12,BOU,WAT,1,0.5052356020942408,0.4289276763587077,0.4852918522786873,1.89,1.047235244126436,V0.6,-0.01994374981555347,-0.08279839919328102,0.8899999999999999,-2.5% to 0%
2019_20_20200118_ARS_SHU,2019_20,2020-01-18,ARS,SHU,0,0.4790575916230366,0.5022698628681516,0.4655474144209915,1.99,1.0489606502457642,V0.6,-0.013510177202045115,-0.07356064530222695,-1.0,-2.5% to 0%
2019_20_20200118_BRI_AVL,2019_20,2020-01-18,BRI,AVL,0,0.578005115089514,0.442135292374838,0.586622659214439,1.65,1.048538482166801,V0.6,0.008617544124924992,-0.03207261229617564,-1.0,0% to 2.5%
2019_20_20200118_MCI_CRY,2019_20,2020-01-18,MCI,CRY,1,0.7323651452282157,0.5421138480528017,0.6525696766848839,1.29,1.0584799174297823,V0.6,-0.07979546854333186,-0.15818511707649985,0.29000000000000004,-10% to -5%
2019_20_20200118_NEW_CHE,2019_20,2020-01-18,NEW,CHE,0,0.5670103092783505,0.5659071164751631,0.6639684656407114,1.68,1.0497835497835497,V0.6,0.09695815636236094,0.11546702227639516,-1.0,5% to 10%
2019_20_20200118_NOR_BOU,2019_20,2020-01-18,NOR,BOU,0,0.5326370757180157,0.5502310461018368,0.6183399568419824,1.79,1.0488552963084674,V0.6,0.08570288112396673,0.1068285227471486,-1.0,5% to 10%
2019_20_20200118_SOU_WOL,2019_20,2020-01-18,SOU,WOL,1,0.4712041884816754,0.4821472502725871,0.4626505120867349,2.02,1.0506050605060506,V0.6,-0.00855367639494048,-0.06544596558479543,1.02,-2.5% to 0%
2019_20_20200118_WAT_TOT,2019_20,2020-01-18,WAT,TOT,0,0.5274151436031332,0.5720181146263295,0.6003224934482869,1.81,1.0475356927957988,V0.6,0.07290734984515368,0.08658371314139934,-1.0,5% to 10%
2019_20_20200118_WHU_EVE,2019_20,2020-01-18,WHU,EVE,0,0.5170603674540682,0.5339605991698405,0.5612829546658067,1.84,1.0510924740675347,V0.6,0.04422258721173844,0.032760636585084324,-1.0,2.5% to 5%
2019_20_20200119_BUR_LEI,2019_20,2020-01-19,BUR,LEI,1,0.5144356955380577,0.4823737109558156,0.5162330559691397,1.85,1.0507446221731935,V0.6,0.001797360431082029,-0.04496884645709154,0.8500000000000001,0% to 2.5%
2019_20_20200119_LIV_MUN,2019_20,2020-01-19,LIV,MUN,0,0.5732647814910026,0.5955504281979903,0.5507869078020025,1.66,1.0508401318277596,V0.6,-0.022477873689000116,-0.085693733048676,-1.0,-2.5% to 0%
2019_20_20200121_AVL_WAT,2019_20,2020-01-21,AVL,WAT,1,0.5052356020942408,0.4070294747726047,0.4938755813002932,1.89,1.047235244126436,V0.6,-0.0113600207939476,-0.06657515134244596,0.8899999999999999,-2.5% to 0%
2019_20_20200121_BOU_BRI,2019_20,2020-01-21,BOU,BRI,1,0.4830287206266319,0.4522784404153341,0.5155648983896834,1.98,1.0455910455910455,V0.6,0.032536177763051566,0.02081849881157316,0.98,2.5% to 5%
2019_20_20200121_CHE_ARS,2019_20,2020-01-21,CHE,ARS,1,0.5670103092783505,0.6116502612700169,0.6295326523077683,1.68,1.0497835497835497,V0.6,0.06252234302941784,0.05761485587705084,0.6799999999999999,5% to 10%
2019_20_20200121_CRY_SOU,2019_20,2020-01-21,CRY,SOU,0,0.4318766066838046,0.4610116695445967,0.4207590649685094,2.21,1.0477267830209007,V0.6,-0.01111754171529522,-0.07012246641959419,-1.0,-2.5% to 0%
2019_20_20200121_EVE_NEW,2019_20,2020-01-21,EVE,NEW,1,0.4895287958115184,0.4695068977657541,0.4657346366941768,1.95,1.0475798711092827,V0.6,-0.023794159117341618,-0.09181745844635525,0.95,-2.5% to 0%
2019_20_20200121_SHU_MCI,2019_20,2020-01-21,SHU,MCI,0,0.595959595959596,0.6150616292966484,0.7043306713463358,1.6,1.048728813559322,V0.6,0.10837107538673973,0.12692907415413734,-1.0,> 10%
2019_20_20200122_LEI_WHU,2019_20,2020-01-22,LEI,WHU,1,0.5888324873096447,0.5427445548701355,0.619919340628695,1.62,1.0483184333759046,V0.6,0.031086853319050367,0.0042693318184860996,0.6200000000000001,2.5% to 5%
2019_20_20200122_MUN_BUR,2019_20,2020-01-22,MUN,BUR,0,0.5274151436031332,0.5279848601643976,0.5537598361422478,1.81,1.0475356927957988,V0.6,0.026344692539114534,0.002305303417468485,-1.0,2.5% to 5%
2019_20_20200122_TOT_NOR,2019_20,2020-01-22,TOT,NOR,1,0.6178660049627792,0.540919421610593,0.6355005629004883,1.54,1.0509570750534605,V0.6,0.017634557937709072,-0.021329133133248024,0.54,0% to 2.5%
2019_20_20200123_WOL_LIV,2019_20,2020-01-23,WOL,LIV,1,0.5287958115183247,0.6114446426912643,0.5933953756321514,1.8,1.0506050605060506,V0.6,0.06459956411382672,0.06811167613787261,0.8,5% to 10%
2019_20_20200129_WHU_LIV,2019_20,2020-01-29,WHU,LIV,0,0.61,0.5989706292201732,0.686905290892034,1.56,1.0508617065994117,V0.6,0.07690529089203402,0.07157225379157306,-1.0,5% to 10%
2019_20_20200201_BOU_AVL,2019_20,2020-02-01,BOU,AVL,1,0.5340314136125655,0.4651625486964271,0.526141942026448,1.78,1.0519938312403614,V0.6,-0.007889471586117414,-0.06346734319292247,0.78,-2.5% to 0%
2019_20_20200201_CRY_SHU,2019_20,2020-02-01,CRY,SHU,0,0.3600973236009733,0.4575543054104452,0.3537893246270739,2.63,1.0559038125578049,V0.6,-0.006307998973899387,-0.06953407623079566,-1.0,-2.5% to 0%
2019_20_20200201_LEI_CHE,2019_20,2020-02-01,LEI,CHE,1,0.5633074935400517,0.5723601863493902,0.591710048751308,1.69,1.0504315726616362,V0.6,0.02840255521125623,-1.0017610289625445e-05,0.69,2.5% to 5%
2019_20_20200201_LIV_SOU,2019_20,2020-02-01,LIV,SOU,1,0.6194029850746269,0.5346999370839969,0.5564079313317268,1.53,1.055201196944641,V0.6,-0.06299505374290004,-0.1486958650624579,0.53,-10% to -5%
2019_20_20200201_MUN_WOL,2019_20,2020-02-01,MUN,WOL,0,0.4366925064599483,0.5383889821077303,0.4304995733548154,2.18,1.0504315726616362,V0.6,-0.0061929331051328584,-0.061510930086502325,-1.0,-2.5% to 0%
2019_20_20200201_NEW_NOR,2019_20,2020-02-01,NEW,NOR,0,0.4790575916230366,0.4812552075994145,0.4996113343047466,1.99,1.0489606502457642,V0.6,0.020553742681709952,-0.005773444733554345,-1.0,0% to 2.5%
2019_20_20200201_WAT_EVE,2019_20,2020-02-01,WAT,EVE,1,0.4738219895287958,0.4966389416973105,0.48498902249239,2.01,1.0499986256562492,V0.6,0.011167032963594226,-0.02517206479029621,1.0099999999999998,0% to 2.5%
2019_20_20200201_WHU_BRI,2019_20,2020-02-01,WHU,BRI,1,0.4973821989528796,0.4523858265551577,0.4996173240184045,1.92,1.0471491228070176,V0.6,0.0022351250655248678,-0.04073473788466342,0.9199999999999999,0% to 2.5%
2019_20_20200202_BUR_ARS,2019_20,2020-02-02,BUR,ARS,0,0.5013123359580053,0.552416164264024,0.5676001069010078,1.9,1.049875998897768,V0.6,0.06628777094300253,0.07844020311191491,-1.0,5% to 10%
2019_20_20200202_TOT_MCI,2019_20,2020-02-02,TOT,MCI,0,0.6365853658536585,0.6655938917456816,0.6913287911620263,1.49,1.0542827020494228,V0.6,0.05474342530836773,0.03007989883141926,-1.0,5% to 10%
2019_20_20200208_BRI_WAT,2019_20,2020-02-08,BRI,WAT,0,0.4842931937172774,0.4324062178857407,0.4612080566075835,1.97,1.04815475373851,V0.6,-0.0230851371096939,-0.09142012848306047,-1.0,-2.5% to 0%
2019_20_20200208_EVE_CRY,2019_20,2020-02-08,EVE,CRY,1,0.4557291666666667,0.4924362324811994,0.4285813024568216,2.09,1.0498974709501026,V0.6,-0.027147864209845107,-0.10426507786524297,1.0899999999999999,-5% to -2.5%
2019_20_20200209_SHU_BOU,2019_20,2020-02-09,SHU,BOU,1,0.4168797953964194,0.4882124579905991,0.4273692390389712,2.28,1.0520934237434076,V0.6,0.010489443642551832,-0.025598134991145716,1.2799999999999998,0% to 2.5%
2019_20_20200214_WOL_LEI,2019_20,2020-02-14,WOL,LEI,0,0.4699738903394256,0.5363279378068923,0.4757327166114211,2.03,1.0481663929939793,V0.6,0.005758826271995476,-0.034262585278815316,-1.0,0% to 2.5%
2019_20_20200215_NOR_LIV,2019_20,2020-02-15,NOR,LIV,0,0.628992628992629,0.5373372611147053,0.682644880293635,1.51,1.0528766556291391,V0.6,0.05365225130100604,0.030793769243388835,-1.0,5% to 10%
2019_20_20200215_SOU_BUR,2019_20,2020-02-15,SOU,BUR,1,0.486910994764398,0.4857451505820188,0.5195305537518662,1.96,1.0478384902348037,V0.6,0.03261955898746821,0.018279885353657654,0.96,2.5% to 5%
2019_20_20200216_ARS_NEW,2019_20,2020-02-16,ARS,NEW,1,0.5532467532467532,0.5063312271643072,0.5409523473474461,1.72,1.0508789169123267,V0.6,-0.012294405899307081,-0.06956196256239267,0.72,-2.5% to 0%
2019_20_20200216_AVL_TOT,2019_20,2020-02-16,AVL,TOT,1,0.5633074935400517,0.5722123569158507,0.6737822376350135,1.69,1.0504315726616362,V0.6,0.11047474409496183,0.13869198160317286,0.69,> 10%
2019_20_20200217_CHE_MUN,2019_20,2020-02-17,CHE,MUN,0,0.5052356020942408,0.5639491954932102,0.5346151374873834,1.89,1.047235244126436,V0.6,0.02937953539314264,0.010422609851154618,-1.0,2.5% to 5%
2019_20_20200219_MCI_WHU,2019_20,2020-02-19,MCI,WHU,0,0.7666034155597723,0.6017919070213856,0.7243568224422008,1.23,1.0605328825565483,V0.6,-0.04224659311757151,-0.10904110839609304,-1.0,-5% to -2.5%
2019_20_20200222_BUR_BOU,2019_20,2020-02-22,BUR,BOU,1,0.4267352185089973,0.477223929614593,0.4182123876043508,2.23,1.0508401318277596,V0.6,-0.008522830904646506,-0.06738637564229766,1.23,-2.5% to 0%
2019_20_20200222_CHE_TOT,2019_20,2020-02-22,CHE,TOT,1,0.5274151436031332,0.611580896998304,0.5929195307021344,1.81,1.0475356927957988,V0.6,0.0655043870990012,0.07318435057086337,0.81,5% to 10%
2019_20_20200222_CRY_NEW,2019_20,2020-02-22,CRY,NEW,0,0.3787128712871287,0.5037924503162894,0.4055613171524464,2.51,1.052001145743822,V0.6,0.026848445865317705,0.01795890605264039,-1.0,2.5% to 5%
2019_20_20200222_LEI_MCI,2019_20,2020-02-22,LEI,MCI,0,0.6159600997506234,0.636955990479165,0.6731295944724482,1.54,1.054208948945791,V0.6,0.057169494721824865,0.03661957548757022,-1.0,5% to 10%
2019_20_20200222_SHU_BRI,2019_20,2020-02-22,SHU,BRI,0,0.4267352185089973,0.4209695701882109,0.3998454216189948,2.23,1.0508401318277596,V0.6,-0.026889796890002537,-0.10834470978964161,-1.0,-5% to -2.5%
2019_20_20200222_SOU_AVL,2019_20,2020-02-22,SOU,AVL,0,0.5984848484848484,0.480381284206454,0.6081744174410026,1.59,1.0508717458801051,V0.6,0.009689568956154249,-0.03300267626880571,-1.0,0% to 2.5%
2019_20_20200223_ARS_EVE,2019_20,2020-02-23,ARS,EVE,1,0.5494791666666667,0.4968818291075152,0.4873101607719335,1.73,1.0519683313700243,V0.6,-0.06216900589473323,-0.15695342186455508,0.73,-10% to -5%
2019_20_20200223_MUN_WAT,2019_20,2020-02-23,MUN,WAT,1,0.5,0.4610037161123506,0.4552203944970734,1.91,1.0471204188481675,V0.6,-0.04477960550292659,-0.13052904651058983,0.9099999999999999,-5% to -2.5%
2019_20_20200223_WOL_NOR,2019_20,2020-02-23,WOL,NOR,1,0.5104712041884817,0.4848178749916347,0.5468100189819538,1.87,1.0475798711092827,V0.6,0.03633881479347212,0.022534735496253733,0.8700000000000001,2.5% to 5%
2019_20_20200224_LIV_WHU,2019_20,2020-02-24,LIV,WHU,1,0.6870748299319728,0.5725139842300234,0.6576787955237423,1.38,1.0546706844597504,V0.6,-0.029396034408230465,-0.09240326217723571,0.3799999999999999,-5% to -2.5%
2019_20_20200228_NOR_LEI,2019_20,2020-02-28,NOR,LEI,0,0.5532467532467532,0.5114472593074839,0.6085022723484972,1.72,1.0508789169123267,V0.6,0.05525551910174398,0.04662390843941511,-1.0,5% to 10%
2019_20_20200229_BOU_CHE,2019_20,2020-02-29,BOU,CHE,1,0.5300261096605744,0.5258263822616667,0.5691338742591622,1.8,1.0481663929939793,V0.6,0.03910776459858778,0.024440973666491894,0.8,2.5% to 5%
2019_20_20200229_BRI_CRY,2019_20,2020-02-29,BRI,CRY,0,0.4122137404580152,0.4673711448490424,0.4062466307925821,2.31,1.050184383517717,V0.6,-0.005967109665433068,-0.06157028286913535,-1.0,-2.5% to 0%
2019_20_20200229_NEW_BUR,2019_20,2020-02-29,NEW,BUR,0,0.4060913705583756,0.415401590968679,0.358423143084116,2.34,1.0523504273504274,V0.6,-0.047668227474259584,-0.16128984518316858,-1.0,-5% to -2.5%
2019_20_20200229_WAT_LIV,2019_20,2020-02-29,WAT,LIV,1,0.5794871794871795,0.5845244805515558,0.6485315754339329,1.64,1.0522339736671702,V0.6,0.06904439594675338,0.06359178371164997,0.6399999999999999,5% to 10%
2019_20_20200229_WHU_SOU,2019_20,2020-02-29,WHU,SOU,1,0.5418848167539266,0.4946993521519323,0.5314027384517083,1.75,1.054520358868185,V0.6,-0.010482078302218367,-0.0700452077095105,0.75,-2.5% to 0%
2019_20_20200301_EVE_MUN,2019_20,2020-03-01,EVE,MUN,0,0.4803149606299213,0.5732176512904145,0.5122934825060801,1.98,1.051498592482199,V0.6,0.031978521876158794,0.014341095362038647,-1.0,2.5% to 5%
2019_20_20200301_TOT_WOL,2019_20,2020-03-01,TOT,WOL,1,0.4278350515463917,0.5142351464416572,0.3728368748310554,2.22,1.052860089004667,V0.6,-0.0549981767153363,-0.172302137875057,1.2200000000000002,-10% to -5%
2019_20_20200307_ARS_WHU,2019_20,2020-03-07,ARS,WHU,0,0.5949367088607596,0.5403184005237589,0.5630859602450216,1.6,1.050531914893617,V0.6,-0.031850748615738,-0.09906246360796545,-1.0,-5% to -2.5%
2019_20_20200307_BUR_TOT,2019_20,2020-03-07,BUR,TOT,0,0.4621409921671018,0.5023459610442302,0.4611728220945164,2.06,1.0504086446163128,V0.6,-0.0009681700725854281,-0.04998398648529623,-1.0,-2.5% to 0%
2019_20_20200307_CRY_WAT,2019_20,2020-03-07,CRY,WAT,0,0.4168797953964194,0.4366839334489713,0.3614844702678356,2.28,1.0520934237434076,V0.6,-0.055395325128583806,-0.1758154077893349,-1.0,-10% to -5%
2019_20_20200307_LIV_BOU,2019_20,2020-03-07,LIV,BOU,1,0.6457831325301205,0.5778948397982807,0.633509044465175,1.47,1.0534064372017462,V0.6,-0.012274088064945565,-0.06874170463619278,0.47,-2.5% to 0%
2019_20_20200307_SHU_NOR,2019_20,2020-03-07,SHU,NOR,0,0.4621409921671018,0.4683294977753464,0.5032582872364131,2.06,1.0504086446163128,V0.6,0.04111729506931128,0.036712071707011074,-1.0,2.5% to 5%
2019_20_20200307_SOU_NEW,2019_20,2020-03-07,SOU,NEW,0,0.5261780104712042,0.5385781884978096,0.6133733915589181,1.81,1.0499986256562492,V0.6,0.08719538108771396,0.1102058387216418,-1.0,5% to 10%
2019_20_20200307_WOL_BRI,2019_20,2020-03-07,WOL,BRI,0,0.4776902887139108,0.4447808837721513,0.430183534188378,1.99,1.0519631122646196,V0.6,-0.04750675452553277,-0.14393476696512775,-1.0,-5% to -2.5%
2019_20_20200308_CHE_EVE,2019_20,2020-03-08,CHE,EVE,1,0.5558441558441558,0.5236030176080051,0.5223253418344904,1.71,1.0520850412635951,V0.6,-0.03351881400966539,-0.10682366546302136,0.71,-5% to -2.5%
2019_20_20200308_MUN_MCI,2019_20,2020-03-08,MUN,MCI,0,0.5721649484536083,0.687577923783125,0.6826506127397824,1.66,1.052860089004667,V0.6,0.11048566428617412,0.13320001714803875,-1.0,> 10%
2019_20_20200309_LEI_AVL,2019_20,2020-03-09,LEI,AVL,1,0.62,0.4854279488152516,0.5782800091916217,1.52,1.0611205432937183,V0.6,-0.04171999080837829,-0.12101438602873504,0.52,-5% to -2.5%
2019_20_20200617_AVL_SHU,2019_20,2020-06-17,AVL,SHU,0,0.4583333333333333,0.4375378663605235,0.5009888772430565,2.08,1.048951048951049,V0.6,0.042655543909723204,0.04205686466555769,-1.0,2.5% to 5%
2019_20_20200617_MCI_ARS,2019_20,2020-06-17,MCI,ARS,1,0.6877828054298643,0.626413572321025,0.6920724219720269,1.38,1.053585049580473,V0.6,0.004289616542162644,-0.044940057678602985,0.3799999999999999,0% to 2.5%
2019_20_20200619_NOR_SOU,2019_20,2020-06-19,NOR,SOU,1,0.4986945169712793,0.4561635064552103,0.5390039202587947,1.92,1.0443935427574171,V0.6,0.04030940328751542,0.03488752689688579,0.9199999999999999,2.5% to 5%
2019_20_20200619_TOT_MUN,2019_20,2020-06-19,TOT,MUN,0,0.4934725848563968,0.5558172751816362,0.5138320765868805,1.94,1.0445644466263024,V0.6,0.02035949173048368,-0.003165771421451913,-1.0,0% to 2.5%
2019_20_20200620_BOU_CRY,2019_20,2020-06-20,BOU,CRY,0,0.4493506493506493,0.4696197283732529,0.4376195290492476,2.12,1.049732795288472,V0.6,-0.011731120301401665,-0.072246598415595,-1.0,-2.5% to 0%
2019_20_20200620_BRI_ARS,2019_20,2020-06-20,BRI,ARS,1,0.4947643979057591,0.5569984364003818,0.5773088846059183,1.93,1.047235244126436,V0.6,0.08254448670015924,0.11420614728942247,0.9299999999999999,5% to 10%
2019_20_20200620_WAT_LEI,2019_20,2020-06-20,WAT,LEI,0,0.5013054830287206,0.5600308498627659,0.5787751581953907,1.91,1.0443935427574171,V0.6,0.07746967516667014,0.10546055215319616,-1.0,5% to 10%
2019_20_20200620_WHU_WOL,2019_20,2020-06-20,WHU,WOL,0,0.4635416666666666,0.5215660377449853,0.5003290013678071,2.06,1.0472346460128723,V0.6,0.03678733470114054,0.030677742817682763,-1.0,2.5% to 5%
2019_20_20200621_AVL_CHE,2019_20,2020-06-21,AVL,CHE,1,0.5994962216624685,0.5171136432708549,0.6713227547117631,1.59,1.0490988848369536,V0.6,0.07182653304929454,0.06740317999170342,0.5900000000000001,5% to 10%
2019_20_20200621_EVE_LIV,2019_20,2020-06-21,EVE,LIV,0,0.5732647814910026,0.6081214114531803,0.6233685498607967,1.66,1.0508401318277596,V0.6,0.05010376836979413,0.034791792768922525,-1.0,5% to 10%
2019_20_20200621_NEW_SHU,2019_20,2020-06-21,NEW,SHU,1,0.3865336658354114,0.4214667765985361,0.3933629981015464,2.46,1.0516653553632311,V0.6,0.006829332266135024,-0.03232702467019588,1.46,0% to 2.5%
2019_20_20200622_MCI_BUR,2019_20,2020-06-22,MCI,BUR,1,0.7173447537473233,0.5559224864106569,0.7004810233240847,1.32,1.0560832202623247,V0.6,-0.016863730423238632,-0.07536504921220821,0.32000000000000006,-2.5% to 0%
2019_20_20200623_LEI_BRI,2019_20,2020-06-23,LEI,BRI,0,0.4908616187989557,0.5002885203325673,0.517223923510843,1.95,1.044735406437534,V0.6,0.02636230471188733,0.00858665084614385,-1.0,2.5% to 5%
2019_20_20200623_TOT_WHU,2019_20,2020-06-23,TOT,WHU,0,0.5338541666666666,0.5887660139279105,0.5771761487257917,1.79,1.0464640959258755,V0.6,0.043321982059125075,0.033145306219167114,-1.0,2.5% to 5%
2019_20_20200624_LIV_CRY,2019_20,2020-06-24,LIV,CRY,1,0.5644329896907216,0.5504613703203552,0.5603989321250109,1.69,1.048336980897571,V0.6,-0.004034057565710736,-0.05292580470873165,0.69,-2.5% to 0%
2019_20_20200624_MUN_SHU,2019_20,2020-06-24,MUN,SHU,1,0.4778067885117493,0.4410694135609756,0.4666025339243931,2.0,1.046448087431694,V0.6,-0.011204254587356188,-0.06679493215121379,1.0,-2.5% to 0%
2019_20_20200624_NEW_AVL,2019_20,2020-06-24,NEW,AVL,0,0.4571428571428572,0.4719729312518608,0.4686574081968667,2.09,1.0466507177033493,V0.6,0.011514551054009503,-0.020506016868548693,-1.0,0% to 2.5%
2019_20_20200624_NOR_EVE,2019_20,2020-06-24,NOR,EVE,0,0.5248041775456919,0.5120378593147578,0.6088334214762356,1.82,1.0469629872614947,V0.6,0.08402924393054378,0.10807682708674893,-1.0,5% to 10%
2019_20_20200624_WOL_BOU,2019_20,2020-06-24,WOL,BOU,0,0.4609375,0.5262654430940189,0.4746378197407641,2.07,1.048063538852043,V0.6,0.013700319740764078,-0.017499713136618467,-1.0,0% to 2.5%
2019_20_20200625_BUR_WAT,2019_20,2020-06-25,BUR,WAT,0,0.4381443298969071,0.4728826970589867,0.447228539350237,2.18,1.0469508904479223,V0.6,0.009084209453329883,-0.025041784216483287,-1.0,0% to 2.5%
2019_20_20200625_CHE_MCI,2019_20,2020-06-25,CHE,MCI,1,0.5841836734693877,0.6691899628431769,0.656153187909169,1.63,1.0501781552227611,V0.6,0.07196951443978128,0.06952969629194539,0.6299999999999999,5% to 10%
2019_20_20200625_SOU_ARS,2019_20,2020-06-25,SOU,ARS,0,0.5300261096605744,0.5528901251497121,0.5794694369483323,1.8,1.0481663929939793,V0.6,0.04944332728775791,0.04304498650699817,-1.0,2.5% to 5%
2019_20_20200627_AVL_WOL,2019_20,2020-06-27,AVL,WOL,0,0.4583333333333333,0.4345353180192883,0.4663883263659248,2.08,1.048951048951049,V0.6,0.008054993032591495,-0.02991228115887634,-1.0,0% to 2.5%
2019_20_20200628_WAT_SOU,2019_20,2020-06-28,WAT,SOU,1,0.4778067885117493,0.5020646508011529,0.5284224403933683,2.0,1.046448087431694,V0.6,0.050615651881618984,0.05684488078673655,1.0,5% to 10%
2019_20_20200629_CRY_BUR,2019_20,2020-06-29,CRY,BUR,0,0.3934837092731829,0.4305913048491974,0.3583317045472812,2.42,1.0501658156551037,V0.6,-0.03515200472590169,-0.1328372749955795,-1.0,-5% to -2.5%
2019_20_20200630_BRI_MUN,2019_20,2020-06-30,BRI,MUN,1,0.4559585492227979,0.4598847999429689,0.4828313926110406,2.1,1.0443722943722944,V0.6,0.026872843388242695,0.013945924483185212,1.1,2.5% to 5%
2019_20_20200701_ARS_NOR,2019_20,2020-07-01,ARS,NOR,1,0.5618556701030928,0.5379382790814649,0.5949083130675245,1.7,1.0469508904479223,V0.6,0.03305264296443167,0.01134413221479158,0.7,2.5% to 5%
2019_20_20200701_BOU_NEW,2019_20,2020-07-01,BOU,NEW,1,0.4005037783375315,0.4824114726624497,0.4112186604075729,2.38,1.0490988848369536,V0.6,0.010714882070041398,-0.021299588229976574,1.38,0% to 2.5%
2019_20_20200701_EVE_LEI,2019_20,2020-07-01,EVE,LEI,1,0.4583333333333333,0.5757598749640438,0.5011926973334806,2.08,1.048951048951049,V0.6,0.04285936400014728,0.042480810453639606,1.08,2.5% to 5%
2019_20_20200701_WHU_CHE,2019_20,2020-07-01,WHU,CHE,1,0.5544041450777203,0.5288597006928475,0.585050691356474,1.72,1.0486850684633775,V0.6,0.03064654627875374,0.006287189133135307,0.72,2.5% to 5%
2019_20_20200702_MCI_LIV,2019_20,2020-07-02,MCI,LIV,1,0.606516290726817,0.656805359934823,0.6127257087425159,1.57,1.0501658156551037,V0.6,0.006209418015698853,-0.03802063727425009,0.5700000000000001,0% to 2.5%
2019_20_20200702_SHU_TOT,2019_20,2020-07-02,SHU,TOT,1,0.4430051813471503,0.5648714084846389,0.5309719452359491,2.15,1.0499116007071942,V0.6,0.08796676388879887,0.14158968225729063,1.15,5% to 10%
2019_20_20200704_CHE_WAT,2019_20,2020-07-04,CHE,WAT,1,0.5518134715025906,0.5245819182967966,0.5453487437630258,1.73,1.0475182501560425,V0.6,-0.006464727739564857,-0.05654667328996543,0.73,-2.5% to 0%
2019_20_20200704_LEI_CRY,2019_20,2020-07-04,LEI,CRY,1,0.4333333333333333,0.4972784615667494,0.4361071833903211,2.21,1.0442046641141665,V0.6,0.0027738500569878255,-0.0362031247073904,1.21,0% to 2.5%
2019_20_20200704_MUN_BOU,2019_20,2020-07-04,MUN,BOU,1,0.624078624078624,0.531780759990077,0.6514136733572222,1.53,1.047295558643405,V0.6,0.0273350492785982,-0.0033370797634499905,0.53,2.5% to 5%
2019_20_20200704_NOR_BRI,2019_20,2020-07-04,NOR,BRI,0,0.4597402597402597,0.4703601761863198,0.5413285578847198,2.08,1.04574098218166,V0.6,0.08158829814446006,0.12596340040021725,-1.0,5% to 10%
2019_20_20200704_WOL_ARS,2019_20,2020-07-04,WOL,ARS,0,0.4545454545454546,0.5751966052932223,0.4962044091414835,2.1,1.0476190476190474,V0.6,0.04165895459602892,0.04202925919711542,-1.0,2.5% to 5%
2019_20_20200705_BUR_SHU,2019_20,2020-07-05,BUR,SHU,0,0.359903381642512,0.4752226458750981,0.391657853149684,2.65,1.0484994301633532,V0.6,0.03175447150717198,0.03789331084666259,-1.0,2.5% to 5%
2019_20_20200705_LIV_AVL,2019_20,2020-07-05,LIV,AVL,0,0.637469586374696,0.5659265775408516,0.6349817623209035,1.49,1.0528203289102924,V0.6,-0.0024878240537924423,-0.05387717414185378,-1.0,-2.5% to 0%
2019_20_20200705_NEW_WHU,2019_20,2020-07-05,NEW,WHU,1,0.4764397905759163,0.5236134764468289,0.504872557828432,2.0,1.0494505494505493,V0.6,0.0284327672525157,0.009745115656863979,1.0,2.5% to 5%
2019_20_20200705_SOU_MCI,2019_20,2020-07-05,SOU,MCI,0,0.6159600997506234,0.5979751449139153,0.6842733723104191,1.54,1.054208948945791,V0.6,0.06831327255979569,0.053780993358045315,-1.0,5% to 10%
2019_20_20200706_TOT_EVE,2019_20,2020-07-06,TOT,EVE,0,0.5143603133159269,0.615863786606843,0.5815754211931723,1.86,1.04524862180012,V0.6,0.06721510787724538,0.08173028341930055,-1.0,5% to 10%
2019_20_20200707_ARS_LEI,2019_20,2020-07-07,ARS,LEI,0,0.5091383812010444,0.55442504009064,0.4901016640622597,1.88,1.044735406437534,V0.6,-0.019036717138784687,-0.07860887156295182,-1.0,-2.5% to 0%
2019_20_20200707_CRY_CHE,2019_20,2020-07-07,CRY,CHE,1,0.5221932114882506,0.5327730753470268,0.5912948968778915,1.83,1.046448087431694,V0.6,0.0691016853896409,0.08206966128654147,0.8300000000000001,5% to 10%
2019_20_20200707_WAT_NOR,2019_20,2020-07-07,WAT,NOR,1,0.4675324675324676,0.4786371561942294,0.5333511341533425,2.05,1.043360433604336,V0.6,0.06581866662087488,0.09336982501435198,1.0499999999999998,5% to 10%
2019_20_20200708_BRI_LIV,2019_20,2020-07-08,BRI,LIV,1,0.5506493506493506,0.5792585036768505,0.655919765304563,1.73,1.049732795288472,V0.6,0.10527041465521236,0.13474119397689388,0.73,> 10%
2019_20_20200708_MCI_NEW,2019_20,2020-07-08,MCI,NEW,1,0.6840909090909091,0.4891211475663817,0.6061126421058531,1.39,1.0516503740529173,V0.6,-0.07797826698505594,-0.15750342747286417,0.3899999999999999,-10% to -5%
2019_20_20200708_SHU_WOL,2019_20,2020-07-08,SHU,WOL,0,0.3533653846153846,0.4930910502375958,0.375624569941095,2.69,1.052019320739448,V0.6,0.022259185325710418,0.010430093141545527,-1.0,0% to 2.5%
2019_20_20200708_WHU_BUR,2019_20,2020-07-08,WHU,BUR,0,0.4635416666666666,0.4505203068544929,0.4356750173915462,2.06,1.0472346460128723,V0.6,-0.027866649275120392,-0.10250946417341489,-1.0,-5% to -2.5%
2019_20_20200709_AVL_MUN,2019_20,2020-07-09,AVL,MUN,1,0.5769230769230769,0.4172238089343602,0.5774660672630282,1.65,1.0505050505050506,V0.6,0.0005429903399513103,-0.04718098901600354,0.6499999999999999,0% to 2.5%
2019_20_20200709_BOU_TOT,2019_20,2020-07-09,BOU,TOT,0,0.5506493506493506,0.6296030419870696,0.6703034279792668,1.73,1.049732795288472,V0.6,0.11965407732991618,0.1596249304041315,-1.0,> 10%
2019_20_20200709_EVE_SOU,2019_20,2020-07-09,EVE,SOU,0,0.4973821989528796,0.5068623754894901,0.5126691656624347,1.92,1.0471491228070176,V0.6,0.015286966709555094,-0.015675201928125437,-1.0,0% to 2.5%
2019_20_20200711_BRI_MCI,2019_20,2020-07-11,BRI,MCI,1,0.6265356265356266,0.574970320640387,0.720405289864367,1.52,1.0500515995872033,V0.6,0.09386966332874047,0.09501604059383784,0.52,5% to 10%
2019_20_20200711_LIV_BUR,2019_20,2020-07-11,LIV,BUR,0,0.625615763546798,0.5097672551380655,0.5807994768552714,1.52,1.05159552424368,V0.6,-0.0448162866915266,-0.11718479517998737,-1.0,-5% to -2.5%
2019_20_20200711_NOR_WHU,2019_20,2020-07-11,NOR,WHU,1,0.5234374999999999,0.5228375558831345,0.6307403629355787,1.83,1.0439605252426394,V0.6,0.10730286293557878,0.1542548641721091,0.8300000000000001,> 10%
2019_20_20200711_SHU_CHE,2019_20,2020-07-11,SHU,CHE,1,0.4830287206266319,0.5571567733867011,0.5567003826504462,1.98,1.0455910455910455,V0.6,0.07367166202381431,0.10226675764788351,0.98,5% to 10%
2019_20_20200711_WAT_NEW,2019_20,2020-07-11,WAT,NEW,1,0.4635416666666666,0.430187505091173,0.4401629687010334,2.06,1.0472346460128723,V0.6,-0.02337869796563319,-0.0932642844758712,1.06,-2.5% to 0%
2019_20_20200712_AVL_CRY,2019_20,2020-07-12,AVL,CRY,0,0.4751958224543081,0.4245558009410148,0.4918209476586145,2.01,1.0469629872614947,V0.6,0.016625125204306423,-0.011439895206184936,-1.0,0% to 2.5%
2019_20_20200712_BOU_LEI,2019_20,2020-07-12,BOU,LEI,1,0.5039370078740157,0.5194101779026602,0.5345998409722392,1.89,1.0499338624338626,V0.6,0.030662833098223485,0.010393699437531989,0.8899999999999999,2.5% to 5%
2019_20_20200712_TOT_ARS,2019_20,2020-07-12,TOT,ARS,1,0.5402597402597403,0.5821204983756614,0.559605656807141,1.77,1.04574098218166,V0.6,0.0193459165474007,-0.009497987451360324,0.77,0% to 2.5%
2019_20_20200712_WOL_EVE,2019_20,2020-07-12,WOL,EVE,1,0.3836633663366336,0.5723438990653024,0.4649327257975367,2.49,1.046767716025392,V0.6,0.08126935946090308,0.15768248723586642,1.4900000000000002,5% to 10%
2019_20_20200713_MUN_SOU,2019_20,2020-07-13,MUN,SOU,1,0.5913705583756345,0.5267274631424189,0.5925984107679572,1.61,1.0503025617785835,V0.6,0.0012278523923227036,-0.0459165586635889,0.6100000000000001,0% to 2.5%
2019_20_20200714_CHE_NOR,2019_20,2020-07-14,CHE,NOR,0,0.6997792494481236,0.5476259012165311,0.7349891227363405,1.36,1.05075153089627,V0.6,0.0352098732882169,-0.0004147930785768361,-1.0,2.5% to 5%
2019_20_20200715_ARS_LIV,2019_20,2020-07-15,ARS,LIV,1,0.6040100250626567,0.6299094061984047,0.647311745723284,1.58,1.0478491517411628,V0.6,0.04330172066062732,0.022752558242788767,0.5800000000000001,2.5% to 5%
2019_20_20200715_BUR_WOL,2019_20,2020-07-15,BUR,WOL,0,0.3777777777777777,0.4460169268802855,0.3550084790126112,2.52,1.050420168067227,V0.6,-0.022769298765166535,-0.1053786328882198,-1.0,-2.5% to 0%
2019_20_20200715_MCI_BOU,2019_20,2020-07-15,MCI,BOU,1,0.7388663967611336,0.6137471387037727,0.727273180726237,1.29,1.0491664011893382,V0.6,-0.011593216034896603,-0.061817596863154245,0.29000000000000004,-2.5% to 0%
2019_20_20200715_NEW_TOT,2019_20,2020-07-15,NEW,TOT,1,0.5104712041884817,0.6148422363673703,0.6344249659700755,1.87,1.0475798711092827,V0.6,0.12395376178159379,0.1863746863640412,0.8700000000000001,> 10%
2019_20_20200716_CRY_MUN,2019_20,2020-07-16,CRY,MUN,0,0.5402597402597403,0.4768713552400803,0.5706058977771719,1.77,1.04574098218166,V0.6,0.030346157517431527,0.009972439065594196,-1.0,2.5% to 5%
2019_20_20200716_EVE_AVL,2019_20,2020-07-16,EVE,AVL,0,0.5104712041884817,0.476534576853063,0.5112542655296252,1.87,1.0475798711092827,V0.6,0.0007830613411434761,-0.043954523459600936,-1.0,0% to 2.5%
2019_20_20200716_LEI_SHU,2019_20,2020-07-16,LEI,SHU,0,0.4455958549222798,0.4717025291325441,0.442639730613341,2.14,1.0486850684633775,V0.6,-0.0029561243089388234,-0.052750976487450196,-1.0,-2.5% to 0%
2019_20_20200716_SOU_BRI,2019_20,2020-07-16,SOU,BRI,0,0.4481865284974093,0.4619319431184032,0.4558537602500851,2.13,1.0475182501560425,V0.6,0.007667231752675807,-0.029031490667318804,-1.0,0% to 2.5%
2019_20_20200717_WHU_WAT,2019_20,2020-07-17,WHU,WAT,1,0.4699738903394256,0.4766883254711769,0.447628730806475,2.03,1.0481663929939793,V0.6,-0.02234515953295063,-0.09131367646285593,1.0299999999999998,-2.5% to 0%
2019_20_20200718_NOR_BUR,2019_20,2020-07-18,NOR,BUR,0,0.4647519582245431,0.4382992642745894,0.5016036747895707,2.05,1.0496026308577693,V0.6,0.03685171656502756,0.028287533318619884,-1.0,2.5% to 5%
2019_20_20200719_BOU_SOU,2019_20,2020-07-19,BOU,SOU,0,0.5581395348837209,0.4615629133304585,0.5591520498632936,1.71,1.04775828460039,V0.6,0.0010125149795726651,-0.04384999473376794,-1.0,0% to 2.5%
2019_20_20200719_TOT_LEI,2019_20,2020-07-19,TOT,LEI,1,0.4895287958115184,0.5253987256203769,0.4452049502491461,1.95,1.0475798711092827,V0.6,-0.044323845562372344,-0.1318503470141652,0.95,-5% to -2.5%
2019_20_20200720_BRI_NEW,2019_20,2020-07-20,BRI,NEW,0,0.4493506493506493,0.4410116239275194,0.4478306175126034,2.12,1.049732795288472,V0.6,-0.0015200318380458877,-0.05059909087328074,-1.0,-2.5% to 0%
2019_20_20200720_SHU_EVE,2019_20,2020-07-20,SHU,EVE,0,0.4111675126903554,0.5171304297928472,0.449439480260126,2.32,1.0483184333759046,V0.6,0.03827196756977058,0.04269959420349223,-1.0,2.5% to 5%
2019_20_20200720_WOL_CRY,2019_20,2020-07-20,WOL,CRY,0,0.4173027989821883,0.5036654829924402,0.4327935394976293,2.29,1.0464373202683992,V0.6,0.01549074051544097,-0.008902794550428972,-1.0,0% to 2.5%
2019_20_20200721_AVL_ARS,2019_20,2020-07-21,AVL,ARS,0,0.5754475703324808,0.5220308216194124,0.6673636709120365,1.66,1.0468540829986617,V0.6,0.09191610057955568,0.10782369371398048,-1.0,5% to 10%
2019_20_20200721_WAT_MCI,2019_20,2020-07-21,WAT,MCI,1,0.6433734939759036,0.5943762912541194,0.7255812251476591,1.48,1.0502075108816682,V0.6,0.0822077311717555,0.07386021321853553,0.48,5% to 10%
2019_20_20200722_LIV_CHE,2019_20,2020-07-22,LIV,CHE,1,0.5939086294416244,0.6215443005370606,0.5997446306158625,1.6,1.0523504273504274,V0.6,0.0058360011742381035,-0.04040859101462002,0.6000000000000001,0% to 2.5%
2019_20_20200722_MUN_WHU,2019_20,2020-07-22,MUN,WHU,0,0.6457831325301205,0.5336365686328495,0.6156103382785465,1.47,1.0534064372017462,V0.6,-0.030172794251574042,-0.09505280273053662,-1.0,-5% to -2.5%
2019_20_20200726_ARS_WAT,2019_20,2020-07-26,ARS,WAT,1,0.5924050632911392,0.5193500958234909,0.5818578066866048,1.61,1.0484684397727877,V0.6,-0.010547256604534372,-0.06320893123456617,0.6100000000000001,-2.5% to 0%
2019_20_20200726_BUR_BRI,2019_20,2020-07-26,BUR,BRI,1,0.5,0.4196604881645711,0.5125478056768932,1.91,1.0471204188481675,V0.6,0.012547805676893176,-0.02103369115713405,0.9099999999999999,0% to 2.5%
2019_20_20200726_CHE_WOL,2019_20,2020-07-26,CHE,WOL,0,0.5026178010471204,0.5381464835106818,0.4937589581696923,1.9,1.0471491228070176,V0.6,-0.008858842877428108,-0.061857979477584646,-1.0,-2.5% to 0%
2019_20_20200726_CRY_TOT,2019_20,2020-07-26,CRY,TOT,0,0.5416666666666667,0.5822603115398107,0.6633332785801538,1.76,1.048951048951049,V0.6,0.12166661191348704,0.1674665703010707,-1.0,> 10%
2019_20_20200726_EVE_BOU,2019_20,2020-07-26,EVE,BOU,1,0.602015113350126,0.518408005981632,0.6335779931134877,1.58,1.0513214342460673,V0.6,0.031562879763361695,0.0010532291193106058,0.5800000000000001,2.5% to 5%
2019_20_20200726_LEI_MUN,2019_20,2020-07-26,LEI,MUN,0,0.5182291666666667,0.5024971617849159,0.5165701341676906,1.85,1.0430531033546109,V0.6,-0.001659032498976143,-0.04434525178977233,-1.0,-2.5% to 0%
2019_20_20200726_MCI_NOR,2019_20,2020-07-26,MCI,NOR,1,0.7827648114901257,0.579447395807788,0.7563290511211671,1.21,1.0558040791568732,V0.6,-0.02643576036895856,-0.0848418481433878,0.20999999999999996,-5% to -2.5%
2019_20_20200726_NEW_LIV,2019_20,2020-07-26,NEW,LIV,1,0.6178660049627792,0.6399526893463258,0.7445478886125991,1.54,1.0509570750534605,V0.6,0.12668188364981992,0.14660374846340263,0.54,> 10%
2019_20_20200726_SOU_SHU,2019_20,2020-07-26,SOU,SHU,1,0.5104712041884817,0.4651336515134219,0.560836377581857,1.87,1.0475798711092827,V0.6,0.05036517339337532,0.04876402607807262,0.8700000000000001,5% to 10%
2019_20_20200726_WHU_AVL,2019_20,2020-07-26,WHU,AVL,0,0.5743589743589743,0.4478597739267055,0.553307214586983,1.66,1.0488382099827884,V0.6,-0.021051759771991363,-0.08151002378560834,-1.0,-2.5% to 0%
2020_21_20200912_CRY_SOU,2020_21,2020-09-12,CRY,SOU,0,0.4271099744245524,0.4608478486770701,0.4258368686074333,2.24,1.0452309666381523,V0.6,-0.0012731058171190912,-0.046125414319349356,-1.0,-2.5% to 0%
2020_21_20200912_FUL_ARS,2020_21,2020-09-12,FUL,ARS,1,0.5440414507772021,0.5317627087956112,0.5989884311327561,1.76,1.0443722943722944,V0.6,0.05494698035555401,0.05421963879365088,0.76,5% to 10%
2020_21_20200912_LIV_LEE,2020_21,2020-09-12,LIV,LEE,1,0.6246913580246914,0.5821588971725862,0.6034731685855467,1.52,1.053151653838153,V0.6,-0.021218189439144775,-0.08272078374996905,0.52,-2.5% to 0%
2020_21_20200912_WHU_NEW,2020_21,2020-09-12,WHU,NEW,0,0.4856396866840731,0.4498410769082224,0.4269984003897847,1.97,1.04524862180012,V0.6,-0.058641286294288386,-0.15881315123212414,-1.0,-10% to -5%
2020_21_20200913_TOT_EVE,2020_21,2020-09-13,TOT,EVE,0,0.4921465968586388,0.5719973629521986,0.4965602698675642,1.94,1.0473788111427944,V0.6,0.004413673008925367,-0.036673076456925524,-1.0,0% to 2.5%
2020_21_20200913_WBA_LEI,2020_21,2020-09-13,WBA,LEI,1,0.4973821989528796,0.4592702057498967,0.486401871157784,1.92,1.0471491228070176,V0.6,-0.010980327795095612,-0.06610840737705481,0.9199999999999999,-2.5% to 0%
2020_21_20200914_BRI_CHE,2020_21,2020-09-14,BRI,CHE,1,0.5416666666666667,0.5266841275963753,0.5862070365524711,1.76,1.048951048951049,V0.6,0.04454036988580434,0.03172438433234914,0.76,2.5% to 5%
2020_21_20200914_SHU_WOL,2020_21,2020-09-14,SHU,WOL,0,0.3557692307692308,0.4410156600807039,0.3333038141852655,2.68,1.0488100040338846,V0.6,-0.02246541658396528,-0.10674577798348839,-1.0,-2.5% to 0%
2020_21_20200919_ARS_WHU,2020_21,2020-09-19,ARS,WHU,1,0.583756345177665,0.5930662700311193,0.6010586749693679,1.64,1.0445387062566278,V0.6,0.017302329791702986,-0.014263773050236628,0.6399999999999999,0% to 2.5%
2020_21_20200919_EVE_WBA,2020_21,2020-09-19,EVE,WBA,1,0.5286458333333333,0.4967400906831886,0.5818021522609326,1.81,1.0450970252837275,V0.6,0.05315631892759931,0.05306189559228791,0.81,5% to 10%
2020_21_20200919_LEE_FUL,2020_21,2020-09-19,LEE,FUL,1,0.4973958333333334,0.6779274776803612,0.4130681987121917,1.93,1.0416949244499905,V0.6,-0.08432763462114173,-0.20277837648547004,0.9299999999999999,-10% to -5%
2020_21_20200919_MUN_CRY,2020_21,2020-09-19,MUN,CRY,1,0.5743589743589743,0.5214727788898532,0.5659308016401992,1.66,1.0488382099827884,V0.6,-0.008428172718775162,-0.060554869277269496,0.6599999999999999,-2.5% to 0%
2020_21_20200920_CHE_LIV,2020_21,2020-09-20,CHE,LIV,0,0.5934343434343434,0.6489098900241237,0.6154584381992269,1.61,1.0466499273159773,V0.6,0.02202409476488343,-0.009111914499244755,-1.0,0% to 2.5%
2020_21_20200920_LEI_BUR,2020_21,2020-09-20,LEI,BUR,1,0.4908616187989557,0.5089004662873424,0.508998237944524,1.95,1.044735406437534,V0.6,0.018136619145568356,-0.00745343600817816,0.95,0% to 2.5%
2020_21_20200920_NEW_BRI,2020_21,2020-09-20,NEW,BRI,1,0.4005037783375315,0.4396605458121678,0.3529988617983279,2.38,1.0490988848369536,V0.6,-0.04750491653920358,-0.15986270891997967,1.38,-5% to -2.5%
2020_21_20200920_SOU_TOT,2020_21,2020-09-20,SOU,TOT,1,0.4869791666666667,0.5402606588061474,0.5156340520487672,1.97,1.0423735714867397,V0.6,0.028654885382100537,0.01579908253607143,0.97,2.5% to 5%
2020_21_20200921_AVL_SHU,2020_21,2020-09-21,AVL,SHU,0,0.4245524296675191,0.4094215636143121,0.425522391095448,2.25,1.0468540829986617,V0.6,0.0009699614279288782,-0.04257462003524204,-1.0,0% to 2.5%
2020_21_20200921_WOL_MCI,2020_21,2020-09-21,WOL,MCI,1,0.5618556701030928,0.6056070982440457,0.6133569035837766,1.7,1.0469508904479223,V0.6,0.051501233480683806,0.04270673609242026,0.7,5% to 10%
2020_21_20200926_BRI_MUN,2020_21,2020-09-26,BRI,MUN,1,0.5143603133159269,0.4464160576063245,0.5037453625045007,1.86,1.04524862180012,V0.6,-0.01061495081142616,-0.06303362574162852,0.8600000000000001,-2.5% to 0%
2020_21_20200926_BUR_SOU,2020_21,2020-09-26,BUR,SOU,0,0.4557291666666667,0.4470150768888409,0.4157283073811124,2.09,1.0498974709501026,V0.6,-0.0400008592855543,-0.13112783757347513,-1.0,-5% to -2.5%
2020_21_20200926_CRY_EVE,2020_21,2020-09-26,CRY,EVE,1,0.441860465116279,0.4762857118545171,0.4373564585147938,2.16,1.04775828460039,V0.6,-0.0045040066014852,-0.05531004960804531,1.1600000000000001,-2.5% to 0%
2020_21_20200926_WBA_CHE,2020_21,2020-09-26,WBA,CHE,1,0.5816326530612244,0.5388306779713594,0.6395738690821381,1.64,1.048352588789046,V0.6,0.05794121602091373,0.04890114529470635,0.6399999999999999,5% to 10%
2020_21_20200927_MCI_LEI,2020_21,2020-09-27,MCI,LEI,1,0.6728538283062646,0.6170120893700454,0.596765913198622,1.41,1.0540474443629249,V0.6,-0.07608791510764257,-0.1585600623899429,0.4099999999999999,-10% to -5%
2020_21_20200927_SHU_LEE,2020_21,2020-09-27,SHU,LEE,0,0.4778067885117493,0.844621945683109,0.5730646800390439,2.0,1.046448087431694,V0.6,0.09525789152729458,0.14612936007808774,-1.0,5% to 10%
2020_21_20200927_TOT_NEW,2020_21,2020-09-27,TOT,NEW,0,0.5454545454545455,0.5356293840213268,0.5192172768991066,1.75,1.0476190476190474,V0.6,-0.026237268555438953,-0.0913697654265635,-1.0,-5% to -2.5%
2020_21_20200927_WHU_WOL,2020_21,2020-09-27,WHU,WOL,1,0.4481865284974093,0.4836512576421788,0.4274837273884952,2.13,1.0475182501560425,V0.6,-0.020702801108914093,-0.08945966066250521,1.13,-2.5% to 0%
2020_21_20200928_FUL_AVL,2020_21,2020-09-28,FUL,AVL,1,0.4595300261096606,0.4517446689888086,0.4516303371488128,2.07,1.0512736056214318,V0.6,-0.007899688960847806,-0.0651252021019576,1.0699999999999998,-2.5% to 0%
2020_21_20200928_LIV_ARS,2020_21,2020-09-28,LIV,ARS,1,0.6169154228855721,0.6366534405468465,0.5873615516047561,1.54,1.0525764558022623,V0.6,-0.02955387128081599,-0.09546321052867557,0.54,-5% to -2.5%
2020_21_20201003_CHE_CRY,2020_21,2020-10-03,CHE,CRY,1,0.589873417721519,0.533209795768538,0.5723718833377474,1.62,1.046468499973507,V0.6,-0.017501534383771666,-0.07275754899284925,0.6200000000000001,-2.5% to 0%
2020_21_20201003_EVE_BRI,2020_21,2020-10-03,EVE,BRI,1,0.5221932114882506,0.4707326308862211,0.4950492152997829,1.83,1.046448087431694,V0.6,-0.02714399618846769,-0.09405993600139728,0.8300000000000001,-5% to -2.5%
2020_21_20201003_LEE_MCI,2020_21,2020-10-03,LEE,MCI,0,0.6941964285714286,0.776043922177054,0.6790996242389187,1.37,1.0514704156593986,V0.6,-0.015096804332509928,-0.06963351479268132,-1.0,-2.5% to 0%
2020_21_20201003_NEW_BUR,2020_21,2020-10-03,NEW,BUR,1,0.4122137404580152,0.4176151598826517,0.3451876686825615,2.31,1.050184383517717,V0.6,-0.06702607177545367,-0.20261648534328291,1.31,-10% to -5%
2020_21_20201004_ARS_SHU,2020_21,2020-10-04,ARS,SHU,1,0.4947643979057591,0.5054700112377881,0.4631162599064459,1.93,1.047235244126436,V0.6,-0.03164813799931321,-0.10618561838055951,0.9299999999999999,-5% to -2.5%
2020_21_20201004_AVL_LIV,2020_21,2020-10-04,AVL,LIV,1,0.6203473945409429,0.5380858650097678,0.6578435307626993,1.53,1.05359477124183,V0.6,0.037496136221756404,0.006500602066930039,0.53,2.5% to 5%
2020_21_20201004_LEI_WHU,2020_21,2020-10-04,LEI,WHU,1,0.5732647814910026,0.5179004202920406,0.5222128808200713,1.66,1.0508401318277596,V0.6,-0.05105190067093124,-0.13312661783868163,0.6599999999999999,-10% to -5%
2020_21_20201004_MUN_TOT,2020_21,2020-10-04,MUN,TOT,1,0.5326370757180157,0.5910531342756081,0.5280548710799257,1.79,1.0488552963084674,V0.6,-0.004582204638090004,-0.054781780766933075,0.79,-2.5% to 0%
2020_21_20201004_SOU_WBA,2020_21,2020-10-04,SOU,WBA,0,0.5287958115183247,0.4234860657081929,0.476240764021092,1.8,1.0506050605060506,V0.6,-0.052555047497232665,-0.1427666247620344,-1.0,-10% to -5%
2020_21_20201004_WOL_FUL,2020_21,2020-10-04,WOL,FUL,0,0.4493506493506493,0.4665895483349589,0.3909747806270405,2.12,1.049732795288472,V0.6,-0.05837586872360878,-0.17113346507067406,-1.0,-10% to -5%
2020_21_20201017_CHE_SOU,2020_21,2020-10-17,CHE,SOU,1,0.6030150753768844,0.496947503519285,0.5349214368027483,1.58,1.04957805907173,V0.6,-0.06809363857413608,-0.15482412985165772,0.5800000000000001,-10% to -5%
2020_21_20201017_EVE_LIV,2020_21,2020-10-17,EVE,LIV,1,0.6231527093596059,0.5874923855142531,0.6153013260029638,1.53,1.0488516882378776,V0.6,-0.007851383356642039,-0.05858897121546536,0.53,-2.5% to 0%
2020_21_20201017_MCI_ARS,2020_21,2020-10-17,MCI,ARS,0,0.6619385342789598,0.6767900545227257,0.6326610714073142,1.43,1.0564435564435566,V0.6,-0.029277462871645565,-0.09529466788754071,-1.0,-5% to -2.5%
2020_21_20201017_NEW_MUN,2020_21,2020-10-17,NEW,MUN,1,0.548051948051948,0.4635397932765158,0.5097980456889085,1.74,1.0486462929672604,V0.6,-0.038253902363039494,-0.11295140050129915,0.74,-5% to -2.5%
2020_21_20201018_CRY_BRI,2020_21,2020-10-18,CRY,BRI,0,0.4355670103092783,0.4094815109437955,0.370939061609549,2.19,1.048336980897571,V0.6,-0.06462794869972932,-0.18764345507508773,-1.0,-10% to -5%
2020_21_20201018_LEI_AVL,2020_21,2020-10-18,LEI,AVL,0,0.5852417302798981,0.4696858881662677,0.5224785155588537,1.63,1.0482795412109898,V0.6,-0.0627632147210444,-0.14836001963906853,-1.0,-10% to -5%
2020_21_20201018_SHU_FUL,2020_21,2020-10-18,SHU,FUL,0,0.423076923076923,0.4332721934790437,0.3762281547090709,2.25,1.0505050505050506,V0.6,-0.04684876836785212,-0.15348665190459054,-1.0,-5% to -2.5%
2020_21_20201018_TOT_WHU,2020_21,2020-10-18,TOT,WHU,1,0.5984848484848484,0.5521107235562964,0.5520467531345081,1.59,1.0508717458801051,V0.6,-0.04643809535034027,-0.122245662516132,0.5900000000000001,-5% to -2.5%
2020_21_20201019_LEE_WOL,2020_21,2020-10-19,LEE,WOL,0,0.4467532467532467,0.5799513648450842,0.3629635285857462,2.13,1.0508789169123267,V0.6,-0.08378971816750047,-0.2268876841123606,-1.0,-10% to -5%
2020_21_20201019_WBA_BUR,2020_21,2020-10-19,WBA,BUR,0,0.4493506493506493,0.4333172102573124,0.4136178202799447,2.12,1.049732795288472,V0.6,-0.035732829070704575,-0.12313022100651716,-1.0,-5% to -2.5%
2020_21_20201023_AVL_LEE,2020_21,2020-10-23,AVL,LEE,1,0.5944584382871536,0.4931849433660787,0.5429876311763241,1.61,1.0448468259816823,V0.6,-0.05147080711082952,-0.12578991380611815,0.6100000000000001,-10% to -5%
2020_21_20201024_FUL_CRY,2020_21,2020-10-24,FUL,CRY,1,0.4209183673469387,0.4564995590378511,0.4126640603504622,2.27,1.0465892404218395,V0.6,-0.008254306996476501,-0.0632525830044508,1.27,-2.5% to 0%
2020_21_20201024_LIV_SHU,2020_21,2020-10-24,LIV,SHU,1,0.6365853658536585,0.5368670484994578,0.5948873367338843,1.49,1.0542827020494228,V0.6,-0.04169802911977427,-0.11361786826651243,0.49,-5% to -2.5%
2020_21_20201024_MUN_CHE,2020_21,2020-10-24,MUN,CHE,0,0.5888324873096447,0.5992050090478622,0.580028637934658,1.62,1.0483184333759046,V0.6,-0.008803849374986683,-0.06035360654585398,-1.0,-2.5% to 0%
2020_21_20201024_WHU_MCI,2020_21,2020-10-24,WHU,MCI,0,0.6705336426914155,0.6136867285249349,0.6977659205375685,1.42,1.0502461133583507,V0.6,0.027232277846153008,-0.009172392836652832,-1.0,2.5% to 5%
2020_21_20201025_ARS_LEI,2020_21,2020-10-25,ARS,LEI,0,0.5492227979274612,0.5855309806929359,0.5379138352353873,1.74,1.046410756885708,V0.6,-0.011308962692073932,-0.06402992669042618,-1.0,-2.5% to 0%
2020_21_20201025_SOU_EVE,2020_21,2020-10-25,SOU,EVE,0,0.5338541666666666,0.5143842761944276,0.5349887939348528,1.79,1.0464640959258755,V0.6,0.0011346272681861391,-0.04237005885661349,-1.0,0% to 2.5%
2020_21_20201025_WOL_NEW,2020_21,2020-10-25,WOL,NEW,0,0.4245524296675191,0.4989158832590979,0.4255907836292887,2.25,1.0468540829986617,V0.6,0.0010383539617696003,-0.042420736834100414,-1.0,0% to 2.5%
2020_21_20201026_BRI_WBA,2020_21,2020-10-26,BRI,WBA,0,0.5221932114882506,0.3830530853132428,0.4646078110349484,1.83,1.046448087431694,V0.6,-0.05758540045330218,-0.14976770580604437,-1.0,-10% to -5%
2020_21_20201026_BUR_TOT,2020_21,2020-10-26,BUR,TOT,0,0.518324607329843,0.532807638602253,0.5367934555170891,1.84,1.0485287659200702,V0.6,0.018468848187246145,-0.012300041848555932,-1.0,0% to 2.5%
2020_21_20201030_WOL_CRY,2020_21,2020-10-30,WOL,CRY,0,0.3566265060240964,0.4770572963991525,0.3149707100348796,2.67,1.0502075108816682,V0.6,-0.041655795989216815,-0.15902820420687158,-1.0,-5% to -2.5%
2020_21_20201031_BUR_CHE,2020_21,2020-10-31,BUR,CHE,1,0.5732647814910026,0.5570551946010123,0.6370907176522,1.66,1.0508401318277596,V0.6,0.06382593616119747,0.057570591302652074,0.6599999999999999,5% to 10%
2020_21_20201031_LIV_WHU,2020_21,2020-10-31,LIV,WHU,1,0.6781609195402298,0.5927771198765572,0.627293625974594,1.4,1.053268765133172,V0.6,-0.050867293565635796,-0.12178892363556837,0.3999999999999999,-10% to -5%
2020_21_20201031_SHU_MCI,2020_21,2020-10-31,SHU,MCI,0,0.6308068459657702,0.5761458754650922,0.7041120032500884,1.51,1.0498485548539451,V0.6,0.07330515728431819,0.06320912490763342,-1.0,5% to 10%
2020_21_20201101_AVL_SOU,2020_21,2020-11-01,AVL,SOU,1,0.5790816326530612,0.4124103233019401,0.525984400588732,1.65,1.0465892404218395,V0.6,-0.05309723206432926,-0.13212573902859226,0.6499999999999999,-10% to -5%
2020_21_20201101_MUN_ARS,2020_21,2020-11-01,MUN,ARS,0,0.5492227979274612,0.614108485452113,0.5891488195523897,1.74,1.046410756885708,V0.6,0.03992602162492853,0.02511894602115805,-1.0,2.5% to 5%
2020_21_20201101_NEW_EVE,2020_21,2020-11-01,NEW,EVE,1,0.5248041775456919,0.4953279834717682,0.5278335231627497,1.82,1.0469629872614947,V0.6,0.0030293456170578104,-0.03934298784379553,0.8200000000000001,0% to 2.5%
2020_21_20201101_TOT_BRI,2020_21,2020-11-01,TOT,BRI,1,0.578005115089514,0.4993532909079227,0.4989398425277453,1.65,1.048538482166801,V0.6,-0.0790652725617687,-0.1767492598292203,0.6499999999999999,-10% to -5%
2020_21_20201102_FUL_WBA,2020_21,2020-11-02,FUL,WBA,0,0.4635416666666666,0.4119442858456393,0.4442264591624472,2.06,1.0472346460128723,V0.6,-0.01931520750421939,-0.08489349412535874,-1.0,-2.5% to 0%
2020_21_20201102_LEE_LEI,2020_21,2020-11-02,LEE,LEI,1,0.5454545454545455,0.5711776397823615,0.5161945494666007,1.75,1.0476190476190474,V0.6,-0.02925999598794482,-0.09665953843344877,0.75,-5% to -2.5%
2020_21_20201106_BRI_BUR,2020_21,2020-11-06,BRI,BUR,0,0.451948051948052,0.4422211515145434,0.4297011704608808,2.11,1.0486462929672604,V0.6,-0.02224688148717119,-0.09333053032754157,-1.0,-2.5% to 0%
2020_21_20201106_SOU_NEW,2020_21,2020-11-06,SOU,NEW,0,0.5221932114882506,0.4471396812205823,0.4678046105790656,1.83,1.046448087431694,V0.6,-0.054388600909185014,-0.14391756264030997,-1.0,-10% to -5%
2020_21_20201107_CHE_SHU,2020_21,2020-11-07,CHE,SHU,1,0.5644329896907216,0.4823327898892718,0.5257795665319324,1.69,1.048336980897571,V0.6,-0.03865342315878928,-0.11143253256103436,0.69,-5% to -2.5%
2020_21_20201107_CRY_LEE,2020_21,2020-11-07,CRY,LEE,1,0.4921465968586388,0.5486442033718851,0.4941265275182767,1.94,1.0473788111427944,V0.6,0.001979930659637863,-0.04139453661454329,0.94,0% to 2.5%
2020_21_20201107_EVE_MUN,2020_21,2020-11-07,EVE,MUN,1,0.5416666666666667,0.5318006633594152,0.5187197456997291,1.76,1.048951048951049,V0.6,-0.022946920966937623,-0.08705324756847677,0.76,-2.5% to 0%
2020_21_20201107_WHU_FUL,2020_21,2020-11-07,WHU,FUL,0,0.5235602094240838,0.4788003341928583,0.4702549837882427,1.82,1.0494505494505493,V0.6,-0.05330522563584106,-0.14413592950539822,-1.0,-10% to -5%
2020_21_20201108_ARS_AVL,2020_21,2020-11-08,ARS,AVL,1,0.5692307692307692,0.5195187003736433,0.5307618537000413,1.68,1.0456885456885456,V0.6,-0.038468915530727954,-0.10832008578393071,0.6799999999999999,-5% to -2.5%
2020_21_20201108_LEI_WOL,2020_21,2020-11-08,LEI,WOL,0,0.4060913705583756,0.498949249685367,0.3486881702834226,2.34,1.0523504273504274,V0.6,-0.05740320027495299,-0.18406968153679115,-1.0,-10% to -5%
2020_21_20201108_MCI_LIV,2020_21,2020-11-08,MCI,LIV,0,0.6595744680851063,0.745460642885732,0.7046921388838143,1.44,1.0528673835125448,V0.6,0.04511767079870799,0.01475667999269259,-1.0,2.5% to 5%
2020_21_20201108_WBA_TOT,2020_21,2020-11-08,WBA,TOT,0,0.5607235142118864,0.5107057709200996,0.58538523563847,1.7,1.0490647872052046,V0.6,0.024661721426583627,-0.004845099414600984,-1.0,0% to 2.5%
2020_21_20201121_AVL_BRI,2020_21,2020-11-21,AVL,BRI,1,0.5442708333333333,0.4114149526544116,0.4783805633380546,1.75,1.0498974709501026,V0.6,-0.06589026999527864,-0.16283401415840437,0.75,-10% to -5%
2020_21_20201121_MUN_WBA,2020_21,2020-11-21,MUN,WBA,0,0.5816326530612244,0.5139469237080263,0.6122132622802268,1.64,1.048352588789046,V0.6,0.030580609219002408,0.004029750139571853,-1.0,2.5% to 5%
2020_21_20201121_NEW_CHE,2020_21,2020-11-21,NEW,CHE,0,0.5743589743589743,0.552323512414328,0.6135808001395288,1.66,1.0488382099827884,V0.6,0.03922182578055444,0.018544128231617663,-1.0,2.5% to 5%
2020_21_20201121_TOT_MCI,2020_21,2020-11-21,TOT,MCI,0,0.5969773299748111,0.6824531140432567,0.6491429443046353,1.6,1.046940928270042,V0.6,0.05216561432982414,0.03862871088741637,-1.0,5% to 10%
2020_21_20201122_FUL_EVE,2020_21,2020-11-22,FUL,EVE,1,0.5454545454545455,0.4577563828202117,0.5441320661505149,1.75,1.0476190476190474,V0.6,-0.0013224793040306215,-0.04776888423659886,0.75,-2.5% to 0%
2020_21_20201122_LEE_ARS,2020_21,2020-11-22,LEE,ARS,0,0.5743589743589743,0.6243143674066564,0.6278181785203194,1.66,1.0488382099827884,V0.6,0.053459204161345086,0.04217817634373011,-1.0,5% to 10%
2020_21_20201122_LIV_LEI,2020_21,2020-11-22,LIV,LEI,1,0.6005025125628142,0.6465392265713081,0.6005622829142272,1.59,1.047340859451067,V0.6,5.9770351413024336e-05,-0.04510597016637874,0.5900000000000001,0% to 2.5%
2020_21_20201122_SHU_WHU,2020_21,2020-11-22,SHU,WHU,0,0.451948051948052,0.4644178635947403,0.4431836998780189,2.11,1.0486462929672604,V0.6,-0.008764352070033066,-0.0648823932573801,-1.0,-2.5% to 0%
2020_21_20201123_BUR_CRY,2020_21,2020-11-23,BUR,CRY,0,0.39,0.4484997913285649,0.3578332777180386,2.44,1.0508617065994117,V0.6,-0.032166722281961435,-0.12688680236798588,-1.0,-5% to -2.5%
2020_21_20201123_WOL_SOU,2020_21,2020-11-23,WOL,SOU,0,0.4282051282051282,0.4602267982138874,0.3813992029382698,2.23,1.0472328884831237,V0.6,-0.046805925266858395,-0.1494797774476584,-1.0,-5% to -2.5%
2020_21_20201127_CRY_NEW,2020_21,2020-11-27,CRY,NEW,0,0.4075949367088607,0.4479341914180579,0.3623708488421214,2.34,1.0484684397727877,V0.6,-0.045224087866739315,-0.152052213709436,-1.0,-5% to -2.5%
2020_21_20201128_BRI_LIV,2020_21,2020-11-28,BRI,LIV,0,0.6030150753768844,0.5915279278532308,0.6773338201615916,1.58,1.04957805907173,V0.6,0.07431874478470724,0.07018743585531473,-1.0,5% to 10%
2020_21_20201128_EVE_LEE,2020_21,2020-11-28,EVE,LEE,0,0.5877862595419847,0.5597858016202127,0.5435660886886656,1.62,1.050184383517717,V0.6,-0.044220170853319085,-0.11942293632436163,-1.0,-5% to -2.5%
2020_21_20201128_MCI_BUR,2020_21,2020-11-28,MCI,BUR,1,0.6539379474940334,0.6232795614756784,0.6933118201229457,1.45,1.0546186760634282,V0.6,0.03937387262891223,0.00530213917827127,0.44999999999999996,2.5% to 5%
2020_21_20201128_WBA_SHU,2020_21,2020-11-28,WBA,SHU,0,0.4168797953964194,0.4027219558137525,0.3984039643007776,2.28,1.0520934237434076,V0.6,-0.01847583109564177,-0.09163896139422711,-1.0,-2.5% to 0%
2020_21_20201129_ARS_WOL,2020_21,2020-11-29,ARS,WOL,1,0.4122137404580152,0.5857121004314437,0.4458771826647531,2.31,1.050184383517717,V0.6,0.03366344220673795,0.029976291955579715,1.31,2.5% to 5%
2020_21_20201129_CHE_TOT,2020_21,2020-11-29,CHE,TOT,0,0.5416666666666667,0.6063574343544975,0.5214164030469899,1.76,1.048951048951049,V0.6,-0.020250263619676856,-0.08230713063729778,-1.0,-2.5% to 0%
2020_21_20201129_SOU_MUN,2020_21,2020-11-29,SOU,MUN,1,0.5261780104712042,0.5199834395671974,0.5203919983912751,1.81,1.0499986256562492,V0.6,-0.005786012079929015,-0.058090482911791974,0.81,-2.5% to 0%
2020_21_20201130_LEI_FUL,2020_21,2020-11-30,LEI,FUL,1,0.5506493506493506,0.5353389280670838,0.5510747516206859,1.73,1.049732795288472,V0.6,0.0004254009713352547,-0.04664067969621344,0.73,0% to 2.5%
2020_21_20201130_WHU_AVL,2020_21,2020-11-30,WHU,AVL,1,0.5569948186528497,0.4651055886235307,0.5012521039485337,1.71,1.0499116007071942,V0.6,-0.05574271470431602,-0.14285890224800735,0.71,-10% to -5%
2020_21_20201205_BUR_EVE,2020_21,2020-12-05,BUR,EVE,0,0.4738219895287958,0.5061796310115096,0.5008733048007258,2.01,1.0499986256562492,V0.6,0.02705131527193,0.006755342649458651,-1.0,2.5% to 5%
2020_21_20201205_CHE_LEE,2020_21,2020-12-05,CHE,LEE,1,0.6332518337408313,0.5521927927085779,0.5819124834000319,1.5,1.0527670527670527,V0.6,-0.051339350340799395,-0.12713127489995224,0.5,-10% to -5%
2020_21_20201205_MCI_FUL,2020_21,2020-12-05,MCI,FUL,0,0.7280334728033473,0.6158166845108666,0.720687450037689,1.3,1.0565870910698496,V0.6,-0.007346022765658322,-0.06310631495100427,-1.0,-2.5% to 0%
2020_21_20201205_WHU_MUN,2020_21,2020-12-05,WHU,MUN,1,0.548051948051948,0.5605645848369906,0.5862141076113265,1.74,1.0486462929672604,V0.6,0.03816215955937852,0.020012547243708045,0.74,2.5% to 5%
2020_21_20201206_LIV_WOL,2020_21,2020-12-06,LIV,WOL,1,0.5454545454545455,0.568895036874998,0.5211960961615656,1.75,1.0476190476190474,V0.6,-0.024258449292979933,-0.08790683171726021,0.75,-2.5% to 0%
2020_21_20201206_SHU_LEI,2020_21,2020-12-06,SHU,LEI,1,0.4751958224543081,0.4932350622493633,0.5080602887952737,2.01,1.0469629872614947,V0.6,0.03286446634096557,0.021201180478499948,1.0099999999999998,2.5% to 5%
2020_21_20201206_TOT_ARS,2020_21,2020-12-06,TOT,ARS,0,0.4973821989528796,0.6357437068066587,0.5293179928711724,1.92,1.0471491228070176,V0.6,0.03193579391829282,0.016290546312651033,-1.0,2.5% to 5%
2020_21_20201206_WBA_CRY,2020_21,2020-12-06,WBA,CRY,1,0.4304123711340206,0.4281003969801565,0.3990583358761222,2.21,1.0512910829923865,V0.6,-0.03135403525789837,-0.11808107771376997,1.21,-5% to -2.5%
2020_21_20201207_BRI_SOU,2020_21,2020-12-07,BRI,SOU,1,0.4921465968586388,0.4471141947694153,0.461644041943461,1.94,1.0473788111427944,V0.6,-0.030502554915177837,-0.10441055862968573,0.94,-5% to -2.5%
2020_21_20201211_LEE_WHU,2020_21,2020-12-11,LEE,WHU,1,0.6030150753768844,0.5405533556078166,0.6387306121865317,1.58,1.04957805907173,V0.6,0.03571553680964734,0.009194367254720115,0.5800000000000001,2.5% to 5%
2020_21_20201212_EVE_CHE,2020_21,2020-12-12,EVE,CHE,0,0.5939086294416244,0.5984405294003095,0.6254417002167499,1.6,1.0523504273504274,V0.6,0.03153307077512557,0.0007067203467998606,-1.0,2.5% to 5%
2020_21_20201212_MUN_MCI,2020_21,2020-12-12,MUN,MCI,0,0.5790816326530612,0.6453480969346019,0.6368692943063123,1.65,1.0465892404218395,V0.6,0.05778766165325111,0.05083433560541528,-1.0,5% to 10%
2020_21_20201212_NEW_WBA,2020_21,2020-12-12,NEW,WBA,1,0.4355670103092783,0.4472112370378405,0.4230755658305534,2.19,1.048336980897571,V0.6,-0.012491444478724911,-0.07346451083108807,1.19,-2.5% to 0%
2020_21_20201212_WOL_AVL,2020_21,2020-12-12,WOL,AVL,0,0.4661458333333333,0.4394305947975442,0.3995674515081245,2.05,1.0464640959258755,V0.6,-0.06657838182520881,-0.18088672440834486,-1.0,-10% to -5%
2020_21_20201213_ARS_BUR,2020_21,2020-12-13,ARS,BUR,0,0.5026178010471204,0.5483841266508198,0.5361800163150144,1.9,1.0471491228070176,V0.6,0.03356221526789405,0.018742030998527337,-1.0,2.5% to 5%
2020_21_20201213_CRY_TOT,2020_21,2020-12-13,CRY,TOT,0,0.5013123359580053,0.5386934443209428,0.5106103647123952,1.9,1.049875998897768,V0.6,0.009298028754389898,-0.029840307046449244,-1.0,0% to 2.5%
2020_21_20201213_FUL_LIV,2020_21,2020-12-13,FUL,LIV,0,0.6666666666666666,0.5876371371344541,0.7391541500014042,1.42,1.0563380281690142,V0.6,0.07248748333473753,0.04959889300199394,-1.0,5% to 10%
2020_21_20201213_LEI_BRI,2020_21,2020-12-13,LEI,BRI,1,0.5,0.4885404846603329,0.4693128326273157,1.91,1.0471204188481675,V0.6,-0.030687167372684288,-0.10361248968182701,0.9099999999999999,-5% to -2.5%
2020_21_20201213_SOU_SHU,2020_21,2020-12-13,SOU,SHU,1,0.4790575916230366,0.4210704151762977,0.4189852742178583,1.99,1.0489606502457642,V0.6,-0.06007231740517832,-0.16621930430646192,0.99,-10% to -5%
2020_21_20201215_MCI_WBA,2020_21,2020-12-15,MCI,WBA,0,0.7045951859956237,0.5660977643250655,0.7176153978187221,1.35,1.0512997469519207,V0.6,0.013020211823098427,-0.031219212944725183,-1.0,0% to 2.5%
2020_21_20201215_WOL_CHE,2020_21,2020-12-15,WOL,CHE,1,0.4635416666666666,0.5693544057581225,0.5162681773054323,2.06,1.0472346460128723,V0.6,0.05272651063876571,0.06351244524919064,1.06,5% to 10%
2020_21_20201216_ARS_SOU,2020_21,2020-12-16,ARS,SOU,0,0.5300261096605744,0.5660279653181038,0.5634620510849297,1.8,1.0481663929939793,V0.6,0.03343594142435535,0.014231691952873549,-1.0,2.5% to 5%
2020_21_20201216_FUL_BRI,2020_21,2020-12-16,FUL,BRI,0,0.4633507853403141,0.4440801439483073,0.4536590335753283,2.05,1.05277662946121,V0.6,-0.009691751764985823,-0.06999898117057712,-1.0,-2.5% to 0%
2020_21_20201216_LEE_NEW,2020_21,2020-12-16,LEE,NEW,1,0.5468749999999999,0.5086157365175792,0.587225410172814,1.74,1.0509031198686372,V0.6,0.040350410172814155,0.021772213700696375,0.74,2.5% to 5%
2020_21_20201216_LEI_EVE,2020_21,2020-12-16,LEI,EVE,0,0.5621761658031088,0.561112457984833,0.5801858012297183,1.69,1.052545469418919,V0.6,0.018009635426609494,-0.019485995921776134,-1.0,0% to 2.5%
2020_21_20201216_LIV_TOT,2020_21,2020-12-16,LIV,TOT,1,0.5743589743589743,0.642000733334061,0.5823659737833636,1.66,1.0488382099827884,V0.6,0.008006999424389316,-0.033272483519616425,0.6599999999999999,0% to 2.5%
2020_21_20201216_WHU_CRY,2020_21,2020-12-16,WHU,CRY,0,0.4829396325459317,0.4954567702061708,0.44025776643254,1.97,1.0510924740675347,V0.6,-0.0426818661133917,-0.13269220012789618,-1.0,-5% to -2.5%
2020_21_20201217_AVL_BUR,2020_21,2020-12-17,AVL,BUR,0,0.5144356955380577,0.4473740147527843,0.4936138436264669,1.85,1.0507446221731935,V0.6,-0.020821851911590805,-0.08681438929103624,-1.0,-2.5% to 0%
2020_21_20201217_SHU_MUN,2020_21,2020-12-17,SHU,MUN,1,0.5209424083769634,0.5062424733844889,0.5869619337373982,1.83,1.0489606502457642,V0.6,0.06601952536043487,0.07414033873943882,0.8300000000000001,5% to 10%
2020_21_20201219_CRY_LIV,2020_21,2020-12-19,CRY,LIV,1,0.5888324873096447,0.6040647345233341,0.6718872643774169,1.62,1.0483184333759046,V0.6,0.0830547770677722,0.08845736829141537,0.6200000000000001,5% to 10%
2020_21_20201219_EVE_ARS,2020_21,2020-12-19,EVE,ARS,1,0.518324607329843,0.5746600901932226,0.5521235191709452,1.84,1.0485287659200702,V0.6,0.033798911841102175,0.015907275274539057,0.8400000000000001,2.5% to 5%
2020_21_20201219_NEW_FUL,2020_21,2020-12-19,NEW,FUL,0,0.4455958549222798,0.4494864630267927,0.3971741448317896,2.14,1.0486850684633775,V0.6,-0.04842171009049023,-0.15004733005997029,-1.0,-5% to -2.5%
2020_21_20201219_SOU_MCI,2020_21,2020-12-19,SOU,MCI,0,0.6074999999999999,0.6161800318680559,0.6764090562447032,1.57,1.0484653089040916,V0.6,0.06890905624470323,0.061962218304183914,-1.0,5% to 10%
2020_21_20201220_BRI_SHU,2020_21,2020-12-20,BRI,SHU,0,0.4293059125964009,0.4207331633662572,0.4195311404633407,2.22,1.0492528456600314,V0.6,-0.009774772133060161,-0.06864086817138348,-1.0,-2.5% to 0%
2020_21_20201220_MUN_LEE,2020_21,2020-12-20,MUN,LEE,1,0.6341463414634148,0.5771076373796878,0.6282821418961552,1.5,1.051282051282051,V0.6,-0.005864199567259587,-0.057576787155767306,0.5,-2.5% to 0%
2020_21_20201220_TOT_LEI,2020_21,2020-12-20,TOT,LEI,0,0.5352480417754569,0.5856102878496813,0.5280720135436952,1.78,1.0496026308577693,V0.6,-0.007176028231761777,-0.06003181589222262,-1.0,-2.5% to 0%
2020_21_20201220_WBA_AVL,2020_21,2020-12-20,WBA,AVL,1,0.5454545454545455,0.4454184615728573,0.5651356064296434,1.75,1.0476190476190474,V0.6,0.01968106097509792,-0.011012688748124,0.75,0% to 2.5%
2020_21_20201221_BUR_WOL,2020_21,2020-12-21,BUR,WOL,1,0.3710073710073709,0.4321150986071906,0.346276388818473,2.56,1.0528766556291391,V0.6,-0.02473098218889791,-0.11353244462470913,1.56,-2.5% to 0%
2020_21_20201221_CHE_WHU,2020_21,2020-12-21,CHE,WHU,1,0.6115288220551378,0.5796694131956138,0.6110948393570464,1.55,1.0549973558963512,V0.6,-0.0004339826980913619,-0.05280299899657803,0.55,-2.5% to 0%
2020_21_20201226_ARS_CHE,2020_21,2020-12-26,ARS,CHE,1,0.5,0.6224931945710871,0.5644311694806085,1.91,1.0471204188481675,V0.6,0.06443116948060845,0.07806353370796204,0.9099999999999999,5% to 10%
2020_21_20201226_AVL_CRY,2020_21,2020-12-26,AVL,CRY,1,0.5378590078328982,0.4304206303072029,0.4743473876756786,1.77,1.0504086446163128,V0.6,-0.06351162015721962,-0.16040512381404892,0.77,-10% to -5%
2020_21_20201226_FUL_SOU,2020_21,2020-12-26,FUL,SOU,0,0.4855643044619423,0.453778606671449,0.4713277529147043,1.96,1.0507446221731935,V0.6,-0.014236551547238019,-0.07619760428717959,-1.0,-2.5% to 0%
2020_21_20201226_LEI_MUN,2020_21,2020-12-26,LEI,MUN,1,0.5670103092783505,0.5189543928051872,0.5466732386123777,1.68,1.0497835497835497,V0.6,-0.02033707066597279,-0.08158895913120545,0.6799999999999999,-2.5% to 0%
2020_21_20201226_MCI_NEW,2020_21,2020-12-26,MCI,NEW,0,0.6977777777777777,0.5853044348393512,0.6992936306375398,1.36,1.0537654552266766,V0.6,0.001515852859762079,-0.048960662332945826,-1.0,0% to 2.5%
2020_21_20201226_SHU_EVE,2020_21,2020-12-26,SHU,EVE,0,0.4895287958115184,0.5053070728857618,0.5496024334226784,1.95,1.0475798711092827,V0.6,0.060073637611160025,0.07172474517422289,-1.0,5% to 10%
2020_21_20201227_LEE_BUR,2020_21,2020-12-27,LEE,BUR,0,0.5969773299748111,0.4985547073619624,0.5836122683384175,1.6,1.046940928270042,V0.6,-0.013365061636393616,-0.06622037065853192,-1.0,-2.5% to 0%
2020_21_20201227_LIV_WBA,2020_21,2020-12-27,LIV,WBA,0,0.6971046770601336,0.5098908607991212,0.6379595407581835,1.36,1.0547829355384326,V0.6,-0.05914513630195006,-0.1323750245688704,-1.0,-10% to -5%
2020_21_20201227_WHU_BRI,2020_21,2020-12-27,WHU,BRI,1,0.4921465968586388,0.4662952499582795,0.4805999858982867,1.94,1.0473788111427944,V0.6,-0.011546610960352144,-0.06763602735732388,0.94,-2.5% to 0%
2020_21_20201227_WOL_TOT,2020_21,2020-12-27,WOL,TOT,0,0.4329896907216495,0.5634081383421504,0.4686704171358685,2.2,1.0497835497835497,V0.6,0.03568072641421899,0.031074917698910687,-1.0,2.5% to 5%
2020_21_20201228_CHE_AVL,2020_21,2020-12-28,CHE,AVL,0,0.6125,0.5567475310876874,0.6207142853613039,1.55,1.053324555628703,V0.6,0.008214285361303864,-0.037892857689978965,-1.0,0% to 2.5%
2020_21_20201228_CRY_LEI,2020_21,2020-12-28,CRY,LEI,0,0.5078534031413613,0.5060575907560886,0.5088510748548464,1.88,1.0473788111427944,V0.6,0.000997671713485082,-0.043359979272888816,-1.0,0% to 2.5%
2020_21_20201229_BRI_ARS,2020_21,2020-12-29,BRI,ARS,0,0.4673629242819843,0.5416802498309683,0.5272615850643398,2.04,1.0488552963084674,V0.6,0.05989866078235556,0.07561363353125339,-1.0,5% to 10%
2020_21_20201229_BUR_SHU,2020_21,2020-12-29,BUR,SHU,0,0.3924999999999999,0.4025875758965342,0.3688809766062962,2.43,1.0484653089040916,V0.6,-0.023619023393703698,-0.10361922684670011,-1.0,-2.5% to 0%
2020_21_20201229_MUN_WOL,2020_21,2020-12-29,MUN,WOL,0,0.4973821989528796,0.4833854932089979,0.4366396274385619,1.92,1.0471491228070176,V0.6,-0.06074257151431772,-0.1616519153179612,-1.0,-10% to -5%
2020_21_20201229_SOU_WHU,2020_21,2020-12-29,SOU,WHU,0,0.5026178010471204,0.4893427998348442,0.4735961223160543,1.9,1.0471491228070176,V0.6,-0.029021678731066092,-0.10016736759949685,-1.0,-5% to -2.5%
2020_21_20201229_WBA_LEE,2020_21,2020-12-29,WBA,LEE,1,0.5903307888040712,0.5340841709202845,0.6022879753852182,1.61,1.0521524951809809,V0.6,0.011957186581146972,-0.030316359629798728,0.6100000000000001,0% to 2.5%
2020_21_20201230_NEW_LIV,2020_21,2020-12-30,NEW,LIV,0,0.6341463414634148,0.5691575817374867,0.6848808535707944,1.5,1.051282051282051,V0.6,0.05073451210737967,0.027321280356191746,-1.0,5% to 10%
2020_21_20210101_EVE_WHU,2020_21,2021-01-01,EVE,WHU,0,0.486910994764398,0.508227337021283,0.4624898756513891,1.96,1.0478384902348037,V0.6,-0.02442111911300887,-0.09351984372327737,-1.0,-2.5% to 0%
2020_21_20210101_MUN_AVL,2020_21,2021-01-01,MUN,AVL,1,0.6169154228855721,0.516428073680919,0.5969102866047235,1.54,1.0525764558022623,V0.6,-0.020005136280848657,-0.08075815862872582,0.54,-2.5% to 0%
2020_21_20210102_BRI_WOL,2020_21,2021-01-02,BRI,WOL,1,0.3909774436090226,0.4612515911270046,0.3983529750235556,2.43,1.0525482747704968,V0.6,0.00737553141453301,-0.03200227069275985,1.4300000000000002,0% to 2.5%
2020_21_20210102_CRY_SHU,2020_21,2021-01-02,CRY,SHU,0,0.423076923076923,0.4540419416842152,0.4239866584642185,2.25,1.0505050505050506,V0.6,0.0009097353872954961,-0.04603001845550836,-1.0,0% to 2.5%
2020_21_20210102_TOT_LEE,2020_21,2021-01-02,TOT,LEE,1,0.6595744680851063,0.65266254546558,0.6831864286617992,1.44,1.0528673835125448,V0.6,0.023611960576692903,-0.016211542727009087,0.43999999999999995,0% to 2.5%
2020_21_20210102_WBA_ARS,2020_21,2021-01-02,WBA,ARS,1,0.518324607329843,0.5404339151081441,0.6051843118785468,1.84,1.0485287659200702,V0.6,0.08685970454870384,0.11353913385652614,0.8400000000000001,5% to 10%
2020_21_20210103_CHE_MCI,2020_21,2021-01-03,CHE,MCI,1,0.5520833333333334,0.7027503588252656,0.6520961482836815,1.72,1.0530934620447563,V0.6,0.10001281495034808,0.12160537504793201,0.72,> 10%
2020_21_20210103_NEW_LEI,2020_21,2021-01-03,NEW,LEI,1,0.5130890052356021,0.5142284954821578,0.5355968418325558,1.86,1.0478384902348037,V0.6,0.022507836596953767,-0.003789874191446052,0.8600000000000001,0% to 2.5%
2020_21_20210104_SOU_LIV,2020_21,2021-01-04,SOU,LIV,0,0.5841836734693877,0.5915726690049801,0.6488033700623651,1.63,1.0501781552227611,V0.6,0.0646196965929774,0.057549493201655144,-1.0,5% to 10%
2020_21_20210112_BUR_MUN,2020_21,2021-01-12,BUR,MUN,0,0.5592783505154639,0.4636840600273831,0.5726008104130315,1.71,1.0456248147249845,V0.6,0.013322459897567529,-0.0208526141937162,-1.0,0% to 2.5%
2020_21_20210112_SHU_NEW,2020_21,2021-01-12,SHU,NEW,0,0.3811881188118812,0.4201958764825641,0.3536208692365336,2.5,1.0493506493506493,V0.6,-0.02756724957534762,-0.11594782690866601,-1.0,-5% to -2.5%
2020_21_20210112_WOL_EVE,2020_21,2021-01-12,WOL,EVE,1,0.399497487437186,0.5238481770004628,0.4152018353801353,2.39,1.047340859451067,V0.6,0.01570434794294928,-0.007667613441476595,1.3900000000000001,0% to 2.5%
2020_21_20210113_MCI_BRI,2020_21,2021-01-13,MCI,BRI,0,0.6407766990291263,0.5816592389487285,0.6451332300294668,1.48,1.0544635544635543,V0.6,0.004356531000340502,-0.04520281955638916,-1.0,0% to 2.5%
2020_21_20210113_TOT_FUL,2020_21,2021-01-13,TOT,FUL,0,0.5681233933161953,0.5521050422576567,0.5983489393570209,1.68,1.0477267830209007,V0.6,0.030225546040825613,0.0052262181197950675,-1.0,2.5% to 5%
2020_21_20210114_ARS_CRY,2020_21,2021-01-14,ARS,CRY,0,0.5104712041884817,0.4953613086181883,0.4445349922222145,1.87,1.0475798711092827,V0.6,-0.0659362119662672,-0.1687195645444589,-1.0,-10% to -5%
2020_21_20210116_FUL_CHE,2020_21,2021-01-16,FUL,CHE,0,0.5390625,0.5102021766426601,0.5809893018752433,1.77,1.048063538852043,V0.6,0.041926801875243336,0.028351064319180663,-1.0,2.5% to 5%
2020_21_20210116_LEE_BRI,2020_21,2021-01-16,LEE,BRI,0,0.5888324873096447,0.4862947969088943,0.5467149468177216,1.62,1.0483184333759046,V0.6,-0.04211754049192307,-0.11432178615529098,-1.0,-5% to -2.5%
2020_21_20210116_LEI_SOU,2020_21,2021-01-16,LEI,SOU,0,0.5078534031413613,0.5171437167366758,0.5221093381706776,1.88,1.0473788111427944,V0.6,0.014255935029316325,-0.018434444239126102,-1.0,0% to 2.5%
2020_21_20210116_WHU_BUR,2020_21,2021-01-16,WHU,BUR,0,0.4531249999999999,0.4897118979276024,0.4677467018848677,2.1,1.0509031198686372,V0.6,0.014621701884867833,-0.017731926041777757,-1.0,0% to 2.5%
2020_21_20210116_WOL_WBA,2020_21,2021-01-16,WOL,WBA,1,0.4183673469387755,0.4472050122138943,0.3857465022805657,2.28,1.048352588789046,V0.6,-0.0326208446582098,-0.12049797480031033,1.2799999999999998,-5% to -2.5%
2020_21_20210117_LIV_MUN,2020_21,2021-01-17,LIV,MUN,0,0.5681233933161953,0.6115912544826689,0.5600735102720614,1.68,1.0477267830209007,V0.6,-0.008049883044133899,-0.059076502742936854,-1.0,-2.5% to 0%
2020_21_20210117_MCI_CRY,2020_21,2021-01-17,MCI,CRY,1,0.637469586374696,0.5859663851783565,0.6268000950813026,1.49,1.0528203289102924,V0.6,-0.01066949129339334,-0.06606785832885909,0.49,-2.5% to 0%
2020_21_20210117_SHU_TOT,2020_21,2021-01-17,SHU,TOT,1,0.4673629242819843,0.493153024749962,0.5059596064793743,2.04,1.0488552963084674,V0.6,0.03859668219739004,0.03215759721792355,1.04,2.5% to 5%
2020_21_20210118_ARS_NEW,2020_21,2021-01-18,ARS,NEW,1,0.5338541666666666,0.5347123837718599,0.5501584473179753,1.79,1.0464640959258755,V0.6,0.016304280651308622,-0.015216379300824312,0.79,0% to 2.5%
2020_21_20210119_LEI_CHE,2020_21,2021-01-19,LEI,CHE,0,0.5065274151436031,0.5590309756198835,0.5145746632072745,1.89,1.0445644466263024,V0.6,0.008047248063671408,-0.027453886538251204,-1.0,0% to 2.5%
2020_21_20210119_WHU_WBA,2020_21,2021-01-19,WHU,WBA,1,0.5052356020942408,0.4689246628306769,0.5013780151130454,1.89,1.047235244126436,V0.6,-0.0038575869811954266,-0.052395551436344334,0.8899999999999999,-2.5% to 0%
2020_21_20210120_FUL_MUN,2020_21,2021-01-20,FUL,MUN,1,0.5518134715025906,0.4981277529866356,0.6193158393351006,1.73,1.0475182501560425,V0.6,0.06750236783250996,0.0714164020497241,0.73,5% to 10%
2020_21_20210120_MCI_AVL,2020_21,2021-01-20,MCI,AVL,0,0.6416464891041161,0.5888446402866716,0.6217492860963959,1.48,1.0530341662417135,V0.6,-0.019897203007720243,-0.07981105657733412,-1.0,-2.5% to 0%
2020_21_20210121_LIV_BUR,2020_21,2021-01-21,LIV,BUR,0,0.6246913580246914,0.5650523539901309,0.6391393276325488,1.52,1.053151653838153,V0.6,0.014447969607857325,-0.028508221998525873,-1.0,0% to 2.5%
2020_21_20210123_AVL_NEW,2020_21,2021-01-23,AVL,NEW,0,0.5655526992287918,0.4616075243354782,0.5931209042346193,1.69,1.0462614308768154,V0.6,0.027568205005827462,0.002374328156506511,-1.0,2.5% to 5%
2020_21_20210126_CRY_WHU,2020_21,2021-01-26,CRY,WHU,1,0.4344473007712082,0.5104151931326342,0.4554656814541785,2.2,1.0462614308768154,V0.6,0.021018380682970295,0.0020244991991926753,1.2000000000000002,0% to 2.5%
2020_21_20210126_NEW_LEE,2020_21,2021-01-26,NEW,LEE,1,0.5717948717948719,0.5437647263878045,0.5913347693400417,1.67,1.0472328884831237,V0.6,0.019539897545169826,-0.012470935202130384,0.6699999999999999,0% to 2.5%
2020_21_20210126_SOU_ARS,2020_21,2021-01-26,SOU,ARS,1,0.5352480417754569,0.5880186626336444,0.6343712676060734,1.78,1.0496026308577693,V0.6,0.0991232258306165,0.12918085633881082,0.78,5% to 10%
2020_21_20210126_WBA_MCI,2020_21,2021-01-26,WBA,MCI,1,0.606516290726817,0.5792935985840091,0.6945638798976947,1.57,1.0501658156551037,V0.6,0.08804758917087774,0.09046529143938087,0.5700000000000001,5% to 10%
2020_21_20210127_BRI_FUL,2020_21,2021-01-27,BRI,FUL,0,0.440721649484536,0.4263722272174204,0.4242175349251714,2.17,1.0456248147249845,V0.6,-0.016504114559364624,-0.07944794921237808,-1.0,-2.5% to 0%
2020_21_20210127_BUR_AVL,2020_21,2021-01-27,BUR,AVL,1,0.5026178010471204,0.437504405189454,0.5129656547118158,1.9,1.0471491228070176,V0.6,0.010347853664695372,-0.025365256047550133,0.8999999999999999,0% to 2.5%
2020_21_20210127_CHE_WOL,2020_21,2021-01-27,CHE,WOL,0,0.4934725848563968,0.5708339850601873,0.5270237835760221,1.94,1.0445644466263024,V0.6,0.03355119871962531,0.022426140137482786,-1.0,2.5% to 5%
2020_21_20210127_EVE_LEI,2020_21,2021-01-27,EVE,LEI,0,0.4699738903394256,0.5299691876960704,0.4522579590617396,2.03,1.0481663929939793,V0.6,-0.017715931277686003,-0.08191634310466867,-1.0,-2.5% to 0%
2020_21_20210127_MUN_SHU,2020_21,2021-01-27,MUN,SHU,1,0.5743589743589743,0.4940387679069402,0.5921858003088324,1.66,1.0488382099827884,V0.6,0.01782682594985807,-0.0169715714873383,0.6599999999999999,0% to 2.5%
2020_21_20210128_TOT_LIV,2020_21,2021-01-28,TOT,LIV,1,0.53125,0.6628717963098648,0.612553154810651,1.8,1.0457516339869282,V0.6,0.08130315481065098,0.10259567865917174,0.8,5% to 10%
2020_21_20210130_ARS_MUN,2020_21,2021-01-30,ARS,MUN,0,0.5248041775456919,0.559436706619554,0.5131954970094816,1.82,1.0469629872614947,V0.6,-0.011608680536210225,-0.06598419544274337,-1.0,-2.5% to 0%
2020_21_20210130_CRY_WOL,2020_21,2021-01-30,CRY,WOL,0,0.3880597014925373,0.4664398733405013,0.363722609852538,2.46,1.0475297060662914,V0.6,-0.02433709163999931,-0.10524237976275652,-1.0,-2.5% to 0%
2020_21_20210130_EVE_NEW,2020_21,2021-01-30,EVE,NEW,0,0.4804177545691906,0.5109194726081862,0.4909241753289429,1.99,1.0459908236836355,V0.6,0.010506420759752277,-0.023060891095403657,-1.0,0% to 2.5%
2020_21_20210130_MCI_SHU,2020_21,2021-01-30,MCI,SHU,0,0.6383495145631067,0.5502877428749013,0.6171316456372578,1.49,1.0513690764794448,V0.6,-0.02121786892584898,-0.08047384800048596,-1.0,-2.5% to 0%
2020_21_20210130_SOU_AVL,2020_21,2021-01-30,SOU,AVL,0,0.5618556701030928,0.4657001203830492,0.5737826268262197,1.7,1.0469508904479223,V0.6,0.011926956723126936,-0.02456953439542653,-1.0,0% to 2.5%
2020_21_20210130_WBA_FUL,2020_21,2021-01-30,WBA,FUL,1,0.4381443298969071,0.4329436445325315,0.4342237299377391,2.18,1.0469508904479223,V0.6,-0.003920599959167992,-0.053392268735728665,1.1800000000000002,-2.5% to 0%
2020_21_20210131_BRI_TOT,2020_21,2021-01-31,BRI,TOT,0,0.4687499999999999,0.5170026008179137,0.5116390689356178,2.04,1.0457516339869282,V0.6,0.04288906893561795,0.04374370062866051,-1.0,2.5% to 5%
2020_21_20210131_CHE_BUR,2020_21,2021-01-31,CHE,BUR,0,0.548051948051948,0.5244318017617541,0.5770221869396222,1.74,1.0486462929672604,V0.6,0.028970238887674138,0.004018605274942466,-1.0,2.5% to 5%
2020_21_20210131_LEI_LEE,2020_21,2021-01-31,LEI,LEE,1,0.5924050632911392,0.5997148399342611,0.6050992960841184,1.61,1.0484684397727877,V0.6,0.01269423279297921,-0.025790133304569363,0.6100000000000001,0% to 2.5%
2020_21_20210131_WHU_LIV,2020_21,2021-01-31,WHU,LIV,1,0.5790816326530612,0.5974251252351798,0.6501120209956538,1.65,1.0465892404218395,V0.6,0.07103038834259257,0.0726848346428286,0.6499999999999999,5% to 10%
2020_21_20210202_MUN_SOU,2020_21,2021-02-02,MUN,SOU,1,0.605,0.5224310040194474,0.6384484968278136,1.58,1.046134532900931,V0.6,0.03344849682781359,0.008748624987945597,0.5800000000000001,2.5% to 5%
2020_21_20210202_NEW_CRY,2020_21,2021-02-02,NEW,CRY,1,0.4219948849104858,0.4823620250840278,0.4288510176048903,2.26,1.048538482166801,V0.6,0.006856132694404493,-0.030796700212948003,1.2599999999999998,0% to 2.5%
2020_21_20210202_SHU_WBA,2020_21,2021-02-02,SHU,WBA,1,0.4183673469387755,0.4117188783226642,0.3904956582497426,2.28,1.048352588789046,V0.6,-0.027871688689032892,-0.109669899190587,1.2799999999999998,-5% to -2.5%
2020_21_20210202_WOL_ARS,2020_21,2021-02-02,WOL,ARS,1,0.4194373401534527,0.5607789304861215,0.4475972816368809,2.27,1.050284731922209,V0.6,0.028159941483428208,0.01604582931571974,1.27,2.5% to 5%
2020_21_20210203_AVL_WHU,2020_21,2021-02-03,AVL,WHU,1,0.5607235142118864,0.5068278188616737,0.5916872806132986,1.7,1.0490647872052046,V0.6,0.030963766401412185,0.005868377042607564,0.7,2.5% to 5%
2020_21_20210203_BUR_MCI,2020_21,2021-02-03,BUR,MCI,0,0.5841836734693877,0.601590671333388,0.696321723098704,1.63,1.0501781552227611,V0.6,0.11213804962931628,0.13500440865088748,-1.0,> 10%
2020_21_20210203_FUL_LEI,2020_21,2021-02-03,FUL,LEI,0,0.4778067885117493,0.4837410428407482,0.5063758487522844,2.0,1.046448087431694,V0.6,0.02856906024053507,0.012751697504568726,-1.0,2.5% to 5%
2020_21_20210203_LEE_EVE,2020_21,2021-02-03,LEE,EVE,1,0.578005115089514,0.5332286665496034,0.570606127158395,1.65,1.048538482166801,V0.6,-0.007398987931119039,-0.05849989018864832,0.6499999999999999,-2.5% to 0%
2020_21_20210203_LIV_BRI,2020_21,2021-02-03,LIV,BRI,0,0.5852417302798981,0.5705560073717816,0.6130183937030765,1.63,1.0482795412109898,V0.6,0.027776663423178416,-0.000780018263985327,-1.0,2.5% to 5%
2020_21_20210204_TOT_CHE,2020_21,2021-02-04,TOT,CHE,0,0.486910994764398,0.6205772581732908,0.5258682997170717,1.96,1.0478384902348037,V0.6,0.038957304952673744,0.03070186744546044,-1.0,2.5% to 5%
2020_21_20210206_AVL_ARS,2020_21,2021-02-06,AVL,ARS,0,0.5644329896907216,0.5545113974413451,0.6313438999071858,1.69,1.048336980897571,V0.6,0.06691091021646411,0.06697119084314385,-1.0,5% to 10%
2020_21_20210206_BUR_BRI,2020_21,2021-02-06,BUR,BRI,0,0.3924999999999999,0.4481061298468899,0.412095015780058,2.43,1.0484653089040916,V0.6,0.019595015780058123,0.0013908883455411303,-1.0,0% to 2.5%
2020_21_20210206_FUL_WHU,2020_21,2021-02-06,FUL,WHU,0,0.4790575916230366,0.4781373398693825,0.5024581602887459,1.99,1.0489606502457642,V0.6,0.023400568665709276,-0.00010826102539562843,-1.0,0% to 2.5%
2020_21_20210206_MUN_EVE,2020_21,2021-02-06,MUN,EVE,1,0.5655526992287918,0.529052970387045,0.5481887032796556,1.69,1.0462614308768154,V0.6,-0.01736399594913618,-0.07356109145738199,0.69,-2.5% to 0%
2020_21_20210206_NEW_SOU,2020_21,2021-02-06,NEW,SOU,1,0.4790575916230366,0.4491514744428791,0.4648067932395502,1.99,1.0489606502457642,V0.6,-0.014250798383486418,-0.07503448145329505,0.99,-2.5% to 0%
2020_21_20210207_LIV_MCI,2020_21,2021-02-07,LIV,MCI,1,0.5607235142118864,0.7119798150372619,0.6443811988637529,1.7,1.0490647872052046,V0.6,0.08365768465186652,0.09544803806837998,0.7,5% to 10%
2020_21_20210207_SHU_CHE,2020_21,2021-02-07,SHU,CHE,1,0.5078534031413613,0.5245407740313454,0.5789843637535377,1.88,1.0473788111427944,V0.6,0.07113096061217639,0.08849060385665086,0.8799999999999999,5% to 10%
2020_21_20210207_TOT_WBA,2020_21,2021-02-07,TOT,WBA,0,0.5454545454545455,0.539632331100095,0.5640067866959816,1.75,1.0476190476190474,V0.6,0.018552241241436063,-0.012988123282032249,-1.0,0% to 2.5%
2020_21_20210207_WOL_LEI,2020_21,2021-02-07,WOL,LEI,0,0.4293059125964009,0.5213133413490283,0.4222787288428022,2.22,1.0492528456600314,V0.6,-0.007027183753598676,-0.06254122196897904,-1.0,-2.5% to 0%
2020_21_20210208_LEE_CRY,2020_21,2021-02-08,LEE,CRY,0,0.578005115089514,0.5440905485819941,0.587846989468122,1.65,1.048538482166801,V0.6,0.009841874378607951,-0.030052467377598813,-1.0,0% to 2.5%
2020_21_20210213_BRI_AVL,2020_21,2021-02-13,BRI,AVL,0,0.5364583333333334,0.4243828804923719,0.53069753321822,1.78,1.0472346460128723,V0.6,-0.005760800115113374,-0.05535839087156835,-1.0,-2.5% to 0%
2020_21_20210213_CRY_BUR,2020_21,2021-02-13,CRY,BUR,1,0.3969849246231156,0.4277233866446444,0.3619806321215654,2.4,1.04957805907173,V0.6,-0.03500429250155018,-0.13124648290824303,1.4,-5% to -2.5%
2020_21_20210213_LEI_LIV,2020_21,2021-02-13,LEI,LIV,1,0.5518134715025906,0.6167053934837342,0.611467988005098,1.73,1.0475182501560425,V0.6,0.059654516502507415,0.05783961924881953,0.73,5% to 10%
2020_21_20210213_MCI_TOT,2020_21,2021-02-13,MCI,TOT,1,0.589873417721519,0.6613495173655163,0.6006690837946392,1.62,1.046468499973507,V0.6,0.010795666073120214,-0.026916084252684325,0.6200000000000001,0% to 2.5%
2020_21_20210214_ARS_LEE,2020_21,2021-02-14,ARS,LEE,1,0.5994962216624685,0.6316305621837482,0.6136139245784072,1.59,1.0490988848369536,V0.6,0.014117702915938724,-0.024353859920332455,0.5900000000000001,0% to 2.5%
2020_21_20210214_EVE_FUL,2020_21,2021-02-14,EVE,FUL,0,0.4804177545691906,0.4681343290363018,0.4532464433190702,1.99,1.0459908236836355,V0.6,-0.0271713112501204,-0.09803957779505024,-1.0,-5% to -2.5%
2020_21_20210214_SOU_WOL,2020_21,2021-02-14,SOU,WOL,1,0.4158163265306122,0.5298933931848704,0.4733133690677437,2.29,1.0501781552227611,V0.6,0.057497042537131504,0.0838876151651331,1.29,5% to 10%
2020_21_20210214_WBA_MUN,2020_21,2021-02-14,WBA,MUN,0,0.6169154228855721,0.4677885904968188,0.6326383182456042,1.54,1.0525764558022623,V0.6,0.01572289536003213,-0.025736989901769425,-1.0,0% to 2.5%
2020_21_20210215_CHE_NEW,2020_21,2021-02-15,CHE,NEW,0,0.595959595959596,0.5362561802712,0.6249271394370337,1.6,1.048728813559322,V0.6,0.028967543477437685,-0.00011657690074606819,-1.0,2.5% to 5%
2020_21_20210215_WHU_SHU,2020_21,2021-02-15,WHU,SHU,1,0.468586387434555,0.4356662701287295,0.4268639624919261,2.03,1.0512700553155183,V0.6,-0.0417224249426289,-0.13346615614139012,1.0299999999999998,-5% to -2.5%
2020_21_20210217_BUR_FUL,2020_21,2021-02-17,BUR,FUL,0,0.4158163265306122,0.4198748276789285,0.3832755927567839,2.29,1.0501781552227611,V0.6,-0.03254073377382827,-0.1222988925869648,-1.0,-5% to -2.5%
2020_21_20210217_EVE_MCI,2020_21,2021-02-17,EVE,MCI,1,0.5805626598465473,0.6444596168430287,0.6593746276052821,1.64,1.050284731922209,V0.6,0.07881196775873478,0.0813743892726626,0.6399999999999999,5% to 10%
2020_21_20210219_WOL_LEE,2020_21,2021-02-19,WOL,LEE,0,0.5078534031413613,0.550896762352083,0.4926143701291189,1.88,1.0473788111427944,V0.6,-0.015239033012242387,-0.07388498415725653,-1.0,-2.5% to 0%
2020_21_20210220_BUR_WBA,2020_21,2021-02-20,BUR,WBA,0,0.4329896907216495,0.4540614728045991,0.4307964077604231,2.2,1.0497835497835497,V0.6,-0.002193282961226395,-0.052247902927069045,-1.0,-2.5% to 0%
2020_21_20210220_FUL_SHU,2020_21,2021-02-20,FUL,SHU,0,0.4040404040404041,0.3998280539763558,0.3953021345498326,2.36,1.048728813559322,V0.6,-0.008738269490571493,-0.0670869624623951,-1.0,-2.5% to 0%
2020_21_20210220_LIV_EVE,2020_21,2021-02-20,LIV,EVE,0,0.595959595959596,0.6022377194838521,0.6252938423636392,1.6,1.048728813559322,V0.6,0.02933424640404314,0.0004701477818227495,-1.0,2.5% to 5%
2020_21_20210220_SOU_CHE,2020_21,2021-02-20,SOU,CHE,0,0.5091383812010444,0.6015495851656302,0.6326360621316867,1.88,1.044735406437534,V0.6,0.12349768093064228,0.18935579680757075,-1.0,> 10%
2020_21_20210221_ARS_MCI,2020_21,2021-02-21,ARS,MCI,0,0.5416666666666667,0.6831917541533786,0.5983637348466385,1.76,1.048951048951049,V0.6,0.05669706817997178,0.0531201733300839,-1.0,5% to 10%
2020_21_20210221_AVL_LEI,2020_21,2021-02-21,AVL,LEI,1,0.5404699738903395,0.5028295874654916,0.5627043721460462,1.76,1.0512736056214318,V0.6,0.022234398255706722,-0.009640305022958762,0.76,0% to 2.5%
2020_21_20210221_MUN_NEW,2020_21,2021-02-21,MUN,NEW,1,0.6090225563909775,0.5007868643428706,0.584822365380234,1.56,1.0525482747704968,V0.6,-0.024200191010743444,-0.08767711000683487,0.56,-2.5% to 0%
2020_21_20210221_WHU_TOT,2020_21,2021-02-21,WHU,TOT,1,0.4816753926701571,0.5639186060487991,0.4948595693466617,1.98,1.0485287659200702,V0.6,0.013184176676504622,-0.020178052693609838,0.98,0% to 2.5%
2020_21_20210222_BRI_CRY,2020_21,2021-02-22,BRI,CRY,1,0.4304123711340206,0.4374411062794133,0.412169374924125,2.21,1.0512910829923865,V0.6,-0.018242996209895612,-0.08910568141768382,1.21,-2.5% to 0%
2020_21_20210223_LEE_SOU,2020_21,2021-02-23,LEE,SOU,1,0.5743589743589743,0.515730312685934,0.5567434361904793,1.66,1.0488382099827884,V0.6,-0.017615538168495037,-0.07580589592380449,0.6599999999999999,-2.5% to 0%
2020_21_20210227_LEE_AVL,2020_21,2021-02-27,LEE,AVL,0,0.5924050632911392,0.5366274742405679,0.6029542796539965,1.61,1.0484684397727877,V0.6,0.010549216362857328,-0.029243609757065525,-1.0,0% to 2.5%
2020_21_20210227_MCI_WHU,2020_21,2021-02-27,MCI,WHU,1,0.6212871287128713,0.6155898965092613,0.5884710354730267,1.53,1.052001145743822,V0.6,-0.03281609323984458,-0.09963931572626916,0.53,-5% to -2.5%
2020_21_20210227_NEW_WOL,2020_21,2021-02-27,NEW,WOL,0,0.4050632911392405,0.4694747638491561,0.399394936227112,2.35,1.050531914893617,V0.6,-0.005668354912128526,-0.06142189986628688,-1.0,-2.5% to 0%
2020_21_20210227_WBA_BRI,2020_21,2021-02-27,WBA,BRI,0,0.4455958549222798,0.3920599587643308,0.4211321214333493,2.14,1.0486850684633775,V0.6,-0.024463733488930495,-0.09877726013263244,-1.0,-2.5% to 0%
2020_21_20210228_CHE_MUN,2020_21,2021-02-28,CHE,MUN,0,0.4947643979057591,0.5561104554157639,0.4838958241210693,1.93,1.047235244126436,V0.6,-0.010868573784689806,-0.06608105944633624,-1.0,-2.5% to 0%
2020_21_20210228_CRY_FUL,2020_21,2021-02-28,CRY,FUL,0,0.4060913705583756,0.4375580863379373,0.3754910450486443,2.34,1.0523504273504274,V0.6,-0.030600325509731297,-0.1213509545861724,-1.0,-5% to -2.5%
2020_21_20210228_LEI_ARS,2020_21,2021-02-28,LEI,ARS,1,0.4856396866840731,0.5805825381195205,0.5106770879907948,1.97,1.04524862180012,V0.6,0.025037401306721718,0.006033863341865731,0.97,2.5% to 5%
2020_21_20210228_SHU_LIV,2020_21,2021-02-28,SHU,LIV,0,0.5743589743589743,0.5513086925520038,0.6628583670274221,1.66,1.0488382099827884,V0.6,0.08849939266844775,0.10034488926552054,-1.0,5% to 10%
2020_21_20210228_TOT_BUR,2020_21,2021-02-28,TOT,BUR,1,0.5117493472584856,0.546533400056685,0.5529326231835652,1.87,1.044963439921423,V0.6,0.04118327592507953,0.033984005353266955,0.8700000000000001,2.5% to 5%
2020_21_20210301_EVE_SOU,2020_21,2021-03-01,EVE,SOU,0,0.486910994764398,0.4926480547372467,0.4482290091164462,1.96,1.0478384902348037,V0.6,-0.03868198564795178,-0.12147114213176546,-1.0,-5% to -2.5%
2020_21_20210302_MCI_WOL,2020_21,2021-03-02,MCI,WOL,1,0.5544041450777203,0.6200705191294764,0.552778580280958,1.72,1.0486850684633775,V0.6,-0.0016255647967622355,-0.049220841916752134,0.72,-2.5% to 0%
2020_21_20210303_BUR_LEI,2020_21,2021-03-03,BUR,LEI,0,0.4545454545454546,0.4902318991881673,0.4603646678010568,2.1,1.0476190476190474,V0.6,0.005819213255602196,-0.03323419761778068,-1.0,0% to 2.5%
2020_21_20210303_CRY_MUN,2020_21,2021-03-03,CRY,MUN,0,0.5390625,0.4990313474279792,0.5706348306490326,1.77,1.048063538852043,V0.6,0.03157233064903264,0.010023650248787819,-1.0,2.5% to 5%
2020_21_20210303_SHU_AVL,2020_21,2021-03-03,SHU,AVL,0,0.441860465116279,0.4444052012728626,0.4560575205651314,2.16,1.04775828460039,V0.6,0.014197055448852358,-0.014915755579316126,-1.0,0% to 2.5%
2020_21_20210304_FUL_TOT,2020_21,2021-03-04,FUL,TOT,0,0.4738219895287958,0.5091157226766412,0.5189691149218113,2.01,1.0499986256562492,V0.6,0.04514712539301552,0.043127920992840574,-1.0,2.5% to 5%
2020_21_20210304_LIV_CHE,2020_21,2021-03-04,LIV,CHE,0,0.5352480417754569,0.6722038713041537,0.6271084853916804,1.78,1.0496026308577693,V0.6,0.09186044361622347,0.11625310399719124,-1.0,5% to 10%
2020_21_20210304_WBA_EVE,2020_21,2021-03-04,WBA,EVE,0,0.4895287958115184,0.4673642872995271,0.505728140474499,1.95,1.0475798711092827,V0.6,0.016199344662980564,-0.013830126074727,-1.0,0% to 2.5%
2020_21_20210306_AVL_WOL,2020_21,2021-03-06,AVL,WOL,0,0.4481865284974093,0.4678321340782425,0.4747107844651186,2.13,1.0475182501560425,V0.6,0.026524255967709298,0.011133970910702562,-1.0,2.5% to 5%
2020_21_20210306_BRI_LEI,2020_21,2021-03-06,BRI,LEI,1,0.4329896907216495,0.4921181257258416,0.4496940672266622,2.2,1.0497835497835497,V0.6,0.01670437650501272,-0.010673052101343061,1.2000000000000002,0% to 2.5%
2020_21_20210306_BUR_ARS,2020_21,2021-03-06,BUR,ARS,0,0.4960835509138382,0.5188959673053719,0.5324072439880901,1.93,1.0444505044995909,V0.6,0.03632369307425193,0.02754598089701399,-1.0,2.5% to 5%
2020_21_20210306_SHU_SOU,2020_21,2021-03-06,SHU,SOU,0,0.4267352185089973,0.4957890628493935,0.4674080235345084,2.23,1.0508401318277596,V0.6,0.04067280502551107,0.04231989248195367,-1.0,2.5% to 5%
2020_21_20210307_LIV_FUL,2020_21,2021-03-07,LIV,FUL,0,0.5633074935400517,0.5709024847655311,0.6059025191989811,1.69,1.0504315726616362,V0.6,0.042595025658929364,0.02397525744627793,-1.0,2.5% to 5%
2020_21_20210307_MCI_MUN,2020_21,2021-03-07,MCI,MUN,0,0.5544041450777203,0.6438400572437815,0.5400786917269362,1.72,1.0486850684633775,V0.6,-0.014325453350784056,-0.07106465022966968,-1.0,-2.5% to 0%
2020_21_20210307_TOT_CRY,2020_21,2021-03-07,TOT,CRY,1,0.518324607329843,0.5372307203419274,0.5184249247770157,1.84,1.0485287659200702,V0.6,0.0001003174471727597,-0.04609813841029098,0.8400000000000001,0% to 2.5%
2020_21_20210307_WBA_NEW,2020_21,2021-03-07,WBA,NEW,0,0.423076923076923,0.4394956956422815,0.4106588758157511,2.25,1.0505050505050506,V0.6,-0.012418047261171905,-0.07601752941455997,-1.0,-2.5% to 0%
2020_21_20210308_CHE_EVE,2020_21,2021-03-08,CHE,EVE,0,0.4947643979057591,0.590082859709561,0.5496672662007314,1.93,1.047235244126436,V0.6,0.05490286829497226,0.060857823767411556,-1.0,5% to 10%
2020_21_20210308_WHU_LEE,2020_21,2021-03-08,WHU,LEE,0,0.5743589743589743,0.5595919988415233,0.5710847605979433,1.66,1.0488382099827884,V0.6,-0.0032742137610309863,-0.05199929740741416,-1.0,-2.5% to 0%
2020_21_20210310_MCI_SOU,2020_21,2021-03-10,MCI,SOU,1,0.6317073170731708,0.6711171744968261,0.6846942517295576,1.51,1.0483520417295251,V0.6,0.05298693465638671,0.03388832011163201,0.51,5% to 10%
2020_21_20210312_NEW_AVL,2020_21,2021-03-12,NEW,AVL,0,0.4219948849104858,0.4596969368910743,0.4176973246912583,2.26,1.048538482166801,V0.6,-0.004297560219227503,-0.05600404619775634,-1.0,-2.5% to 0%
2020_21_20210313_CRY_WBA,2020_21,2021-03-13,CRY,WBA,0,0.4030226700251889,0.4728934225897885,0.4456574381763279,2.37,1.046940928270042,V0.6,0.042634768151139035,0.056208128477897246,-1.0,2.5% to 5%
2020_21_20210313_EVE_BUR,2020_21,2021-03-13,EVE,BUR,1,0.4571428571428572,0.4858278296578955,0.4542038775107262,2.09,1.0466507177033493,V0.6,-0.002938979632130967,-0.05071389600258225,1.0899999999999999,-2.5% to 0%
2020_21_20210313_FUL_MCI,2020_21,2021-03-13,FUL,MCI,1,0.5364583333333334,0.5759056675465443,0.6322265590516747,1.78,1.0472346460128723,V0.6,0.09576822571834132,0.12536327511198087,0.78,5% to 10%
2020_21_20210313_LEE_CHE,2020_21,2021-03-13,LEE,CHE,0,0.5390625,0.6058605585186169,0.6198716888826226,1.77,1.048063538852043,V0.6,0.08080918888262256,0.09717288932224188,-1.0,5% to 10%
2020_21_20210314_ARS_TOT,2020_21,2021-03-14,ARS,TOT,1,0.5013054830287206,0.627230602095772,0.5435885065627606,1.91,1.0443935427574171,V0.6,0.04228302353404001,0.038254047534872715,0.9099999999999999,2.5% to 5%
2020_21_20210314_LEI_SHU,2020_21,2021-03-14,LEI,SHU,1,0.4751958224543081,0.4761823382394725,0.4691277299892913,2.01,1.0469629872614947,V0.6,-0.006068092465016772,-0.057053262721524556,1.0099999999999998,-2.5% to 0%
2020_21_20210314_MUN_WHU,2020_21,2021-03-14,MUN,WHU,0,0.5065274151436031,0.5715982960365705,0.5193176998074933,1.89,1.0445644466263024,V0.6,0.012790284663890206,-0.018489547363837677,-1.0,0% to 2.5%
2020_21_20210314_SOU_BRI,2020_21,2021-03-14,SOU,BRI,1,0.4075949367088607,0.413115095870173,0.3588702014584796,2.34,1.0484684397727877,V0.6,-0.048724735250381124,-0.16024372858715785,1.3399999999999999,-5% to -2.5%
2020_21_20210315_WOL_LIV,2020_21,2021-03-15,WOL,LIV,0,0.486910994764398,0.6088723239949845,0.5813726924935032,1.96,1.0478384902348037,V0.6,0.09446169772910523,0.13949047728726627,-1.0,5% to 10%
2020_21_20210319_FUL_LEE,2020_21,2021-03-19,FUL,LEE,1,0.4661458333333333,0.5101382361437283,0.5107290346702056,2.05,1.0464640959258755,V0.6,0.04458320133687227,0.046994521073921325,1.0499999999999998,2.5% to 5%
2020_21_20210320_BRI_NEW,2020_21,2021-03-20,BRI,NEW,1,0.4219948849104858,0.470929875210287,0.4541731886687039,2.26,1.048538482166801,V0.6,0.03217830375821806,0.02643140639127073,1.2599999999999998,2.5% to 5%
2020_21_20210321_AVL_TOT,2020_21,2021-03-21,AVL,TOT,0,0.5157068062827225,0.5524852112172277,0.5967067014287,1.85,1.04815475373851,V0.6,0.0809998951459775,0.10390739764309509,-1.0,5% to 10%
2020_21_20210321_WHU_ARS,2020_21,2021-03-21,WHU,ARS,1,0.4895287958115184,0.566285016845459,0.5007298086648418,1.95,1.0475798711092827,V0.6,0.011201012853323422,-0.023576873103558382,0.95,0% to 2.5%
2020_21_20210403_ARS_LIV,2020_21,2021-04-03,ARS,LIV,1,0.5364583333333334,0.6770337947130218,0.6209725136380283,1.78,1.0472346460128723,V0.6,0.08451418030469493,0.10533107427569033,0.78,5% to 10%
2020_21_20210403_CHE_WBA,2020_21,2021-04-03,CHE,WBA,1,0.5506493506493506,0.5524290426830227,0.6334570028848595,1.73,1.049732795288472,V0.6,0.0828076522355089,0.09588061499080691,0.73,5% to 10%
2020_21_20210403_LEE_SHU,2020_21,2021-04-03,LEE,SHU,1,0.5274151436031332,0.4764833133492652,0.5417450489520385,1.81,1.0475356927957988,V0.6,0.014329905348905214,-0.019441461396810356,0.81,0% to 2.5%
2020_21_20210403_LEI_MCI,2020_21,2021-04-03,LEI,MCI,0,0.5013054830287206,0.6306827792424698,0.5229429634636912,1.91,1.0443935427574171,V0.6,0.021637480434970602,-0.0011789397843499083,-1.0,0% to 2.5%
2020_21_20210404_AVL_FUL,2020_21,2021-04-04,AVL,FUL,1,0.4329896907216495,0.4185165051084704,0.4302590325353588,2.2,1.0497835497835497,V0.6,-0.002730658186290702,-0.05343012842221062,1.2000000000000002,-2.5% to 0%
2020_21_20210404_MUN_BRI,2020_21,2021-04-04,MUN,BRI,1,0.4973821989528796,0.477152031607421,0.4646421243512584,1.92,1.0471491228070176,V0.6,-0.032740074601621205,-0.10788712124558386,0.9199999999999999,-5% to -2.5%
2020_21_20210404_NEW_TOT,2020_21,2021-04-04,NEW,TOT,1,0.5078534031413613,0.5628294633060713,0.58111377554826,1.88,1.0473788111427944,V0.6,0.07326037240689875,0.09249389803072883,0.8799999999999999,5% to 10%
2020_21_20210404_SOU_BUR,2020_21,2021-04-04,SOU,BUR,1,0.4441558441558441,0.445394836180128,0.4107213342312298,2.14,1.0520850412635951,V0.6,-0.033434509924614275,-0.12105634474516813,1.1400000000000001,-5% to -2.5%
2020_21_20210405_EVE_CRY,2020_21,2021-04-05,EVE,CRY,0,0.4122137404580152,0.4956210248830325,0.3877207419986597,2.31,1.050184383517717,V0.6,-0.024492998459355486,-0.10436508598309613,-1.0,-2.5% to 0%
2020_21_20210405_WOL_WHU,2020_21,2021-04-05,WOL,WHU,1,0.3969849246231156,0.5200438792441857,0.4024282168136667,2.4,1.04957805907173,V0.6,0.005443292190551119,-0.03417227964719993,1.4,0% to 2.5%
2020_21_20210409_FUL_WOL,2020_21,2021-04-09,FUL,WOL,0,0.364963503649635,0.445298265402348,0.3725648021180542,2.61,1.049808429118774,V0.6,0.007601298468419226,-0.02760586647187857,-1.0,0% to 2.5%
2020_21_20210410_CRY_CHE,2020_21,2021-04-10,CRY,CHE,1,0.4583333333333333,0.530743992203536,0.5062494482123273,2.08,1.048951048951049,V0.6,0.047916114878994,0.05299885228164092,1.08,2.5% to 5%
2020_21_20210410_LIV_AVL,2020_21,2021-04-10,LIV,AVL,1,0.589873417721519,0.5414472486524438,0.6017209621289006,1.62,1.046468499973507,V0.6,0.01184754440738156,-0.025212041351181047,0.6200000000000001,0% to 2.5%
2020_21_20210410_MCI_LEE,2020_21,2021-04-10,MCI,LEE,1,0.6466346153846154,0.6517499124094973,0.6208985503762224,1.47,1.052019320739448,V0.6,-0.025736065008392983,-0.08727913094695305,0.47,-5% to -2.5%
2020_21_20210411_BUR_NEW,2020_21,2021-04-11,BUR,NEW,1,0.399497487437186,0.4760113880833242,0.403625981124883,2.39,1.047340859451067,V0.6,0.004128493687697021,-0.03533390511152956,1.3900000000000001,0% to 2.5%
2020_21_20210411_SHU_ARS,2020_21,2021-04-11,SHU,ARS,1,0.4751958224543081,0.5286461979141168,0.5373248279319749,2.01,1.0469629872614947,V0.6,0.06212900547766681,0.0800229041432694,1.0099999999999998,5% to 10%
2020_21_20210411_TOT_MUN,2020_21,2021-04-11,TOT,MUN,1,0.5130890052356021,0.5901119622460058,0.5286138266336463,1.86,1.0478384902348037,V0.6,0.01552482139804423,-0.01677828246141777,0.8600000000000001,0% to 2.5%
2020_21_20210411_WHU_LEI,2020_21,2021-04-11,WHU,LEI,1,0.4882506527415144,0.5363764601427835,0.4715008028058808,1.96,1.044963439921423,V0.6,-0.01674984993563361,-0.0758584265004737,0.96,-2.5% to 0%
2020_21_20210412_BRI_EVE,2020_21,2021-04-12,BRI,EVE,0,0.4318766066838046,0.5012450167779535,0.4620442991111154,2.21,1.0477267830209007,V0.6,0.030167692427310766,0.02111790103556488,-1.0,2.5% to 5%
2020_21_20210412_WBA_SOU,2020_21,2021-04-12,WBA,SOU,1,0.4699738903394256,0.4818700828686106,0.4865795648775666,2.03,1.0481663929939793,V0.6,0.01660567453814099,-0.012243483298539859,1.0299999999999998,0% to 2.5%
2020_21_20210416_EVE_TOT,2020_21,2021-04-16,EVE,TOT,1,0.5117493472584856,0.5790345116437258,0.5616637480499282,1.87,1.044963439921423,V0.6,0.049914400791442604,0.05031120885336593,0.8700000000000001,2.5% to 5%
2020_21_20210417_NEW_WHU,2020_21,2021-04-17,NEW,WHU,1,0.5065274151436031,0.4815221028257583,0.4936183543107735,1.89,1.0445644466263024,V0.6,-0.01290906083282961,-0.06706131035263818,0.8899999999999999,-2.5% to 0%
2020_21_20210417_WOL_SHU,2020_21,2021-04-17,WOL,SHU,0,0.4086294416243655,0.4545078722954114,0.4015530957415066,2.33,1.0503025617785835,V0.6,-0.007076345882858881,-0.06438128692228962,-1.0,-2.5% to 0%
2020_21_20210418_ARS_FUL,2020_21,2021-04-18,ARS,FUL,0,0.4673629242819843,0.4797118344151455,0.391607313434548,2.04,1.0488552963084674,V0.6,-0.07575561084743626,-0.20112108059352207,-1.0,-10% to -5%
2020_21_20210418_MUN_BUR,2020_21,2021-04-18,MUN,BUR,1,0.5428571428571429,0.5018789050572255,0.5146258826021642,1.76,1.0466507177033493,V0.6,-0.028231260254978685,-0.0942584466201909,0.76,-5% to -2.5%
2020_21_20210419_LEE_LIV,2020_21,2021-04-19,LEE,LIV,0,0.6246913580246914,0.6475360130464795,0.727389391165509,1.52,1.053151653838153,V0.6,0.1026980331408176,0.10563187457157386,-1.0,> 10%
2020_21_20210420_CHE_BRI,2020_21,2021-04-20,CHE,BRI,0,0.441860465116279,0.5005325388560558,0.4072651858596881,2.16,1.04775828460039,V0.6,-0.03459527925659095,-0.1203071985430737,-1.0,-5% to -2.5%
2020_21_20210421_AVL_MCI,2020_21,2021-04-21,AVL,MCI,1,0.5681233933161953,0.6002591842086936,0.6633170028863128,1.68,1.0477267830209007,V0.6,0.09519360957011747,0.11437256484900549,0.6799999999999999,5% to 10%
2020_21_20210421_TOT_SOU,2020_21,2021-04-21,TOT,SOU,1,0.5454545454545455,0.5676583923312627,0.5355999713156677,1.75,1.0476190476190474,V0.6,-0.009854574138877803,-0.06270005019758151,0.75,-2.5% to 0%
2020_21_20210422_LEI_WBA,2020_21,2021-04-22,LEI,WBA,1,0.4960835509138382,0.471130886791634,0.470758891119599,1.93,1.0444505044995909,V0.6,-0.0253246597942392,-0.09143534013917398,0.9299999999999999,-5% to -2.5%
2020_21_20210423_ARS_EVE,2020_21,2021-04-23,ARS,EVE,0,0.4791666666666667,0.5746091820953655,0.4878453760063673,2.0,1.0434782608695652,V0.6,0.008678709339700608,-0.024309247987265414,-1.0,0% to 2.5%
2020_21_20210424_LIV_NEW,2020_21,2021-04-24,LIV,NEW,0,0.6188118811881189,0.5538886094540126,0.6274197151295645,1.54,1.0493506493506493,V0.6,0.008607833941445597,-0.033773638700470676,-1.0,0% to 2.5%
2020_21_20210424_SHU_BRI,2020_21,2021-04-24,SHU,BRI,0,0.4050632911392405,0.4269533022146544,0.429102891299083,2.35,1.050531914893617,V0.6,0.024039600159842522,0.008391794552845111,-1.0,0% to 2.5%
2020_21_20210424_WHU_CHE,2020_21,2021-04-24,WHU,CHE,0,0.4791666666666667,0.5595505646469566,0.482420677041581,2.0,1.0434782608695652,V0.6,0.0032540103749142957,-0.03515864591683804,-1.0,0% to 2.5%
2020_21_20210425_AVL_WBA,2020_21,2021-04-25,AVL,WBA,1,0.4921465968586388,0.4214554923362864,0.4979101865504588,1.94,1.0473788111427944,V0.6,0.005763589691820004,-0.034054238092109945,0.94,0% to 2.5%
2020_21_20210425_LEE_MUN,2020_21,2021-04-25,LEE,MUN,0,0.6015037593984962,0.5467892213218192,0.6508195192623156,1.59,1.0455974842767295,V0.6,0.04931575986381942,0.03480303562708187,-1.0,2.5% to 5%
2020_21_20210425_WOL_BUR,2020_21,2021-04-25,WOL,BUR,1,0.4122137404580152,0.4504170472342632,0.3826135945146704,2.31,1.050184383517717,V0.6,-0.029600145943344758,-0.11616259667111128,1.31,-5% to -2.5%
2020_21_20210426_LEI_CRY,2020_21,2021-04-26,LEI,CRY,1,0.4673629242819843,0.4851277760053257,0.4019903078648267,2.04,1.0488552963084674,V0.6,-0.06537261641715758,-0.1799397719557535,1.04,-10% to -5%
2020_21_20210430_SOU_LEI,2020_21,2021-04-30,SOU,LEI,0,0.5143603133159269,0.5317261346898196,0.529843328118557,1.86,1.04524862180012,V0.6,0.015483014802630146,-0.014491409699483815,-1.0,0% to 2.5%
2020_21_20210501_BRI_LEE,2020_21,2021-05-01,BRI,LEE,0,0.5013054830287206,0.4741406120114477,0.5179351766519265,1.91,1.0443935427574171,V0.6,0.016629693623205877,-0.01074381259482049,-1.0,0% to 2.5%
2020_21_20210501_CHE_FUL,2020_21,2021-05-01,CHE,FUL,0,0.4699738903394256,0.486693896254065,0.430276013707569,2.03,1.0481663929939793,V0.6,-0.03969787663185659,-0.12653969217363503,-1.0,-5% to -2.5%
2020_21_20210501_CRY_MCI,2020_21,2021-05-01,CRY,MCI,0,0.5555555555555556,0.6140506580737867,0.6582594788475754,1.72,1.0465116279069768,V0.6,0.10270392329201983,0.1322063036178296,-1.0,> 10%
2020_21_20210501_EVE_AVL,2020_21,2021-05-01,EVE,AVL,1,0.5013054830287206,0.4811013776891858,0.4986456013420112,1.91,1.0443935427574171,V0.6,-0.0026598816867093866,-0.0475869014367587,0.9099999999999999,-2.5% to 0%
2020_21_20210502_NEW_ARS,2020_21,2021-05-02,NEW,ARS,0,0.5364583333333334,0.5406561603282819,0.5714419284954397,1.78,1.0472346460128723,V0.6,0.03498359516210636,0.01716663272188268,-1.0,2.5% to 5%
2020_21_20210502_TOT_SHU,2020_21,2021-05-02,TOT,SHU,1,0.5644329896907216,0.5125641257655733,0.5590192787314251,1.69,1.048336980897571,V0.6,-0.005413710959296547,-0.05525741894389158,0.69,-2.5% to 0%
2020_21_20210503_BUR_WHU,2020_21,2021-05-03,BUR,WHU,1,0.5026178010471204,0.4558866339389963,0.4510744899108456,1.9,1.0471491228070176,V0.6,-0.051543311136274805,-0.14295846916939348,0.8999999999999999,-10% to -5%
2020_21_20210503_WBA_WOL,2020_21,2021-05-03,WBA,WOL,0,0.4344473007712082,0.4336329306395827,0.4217647897956476,2.2,1.0462614308768154,V0.6,-0.012682510975560612,-0.07211746244957529,-1.0,-2.5% to 0%
2020_21_20210507_LEI_NEW,2020_21,2021-05-07,LEI,NEW,1,0.5518134715025906,0.5197163864456362,0.5533985639562956,1.73,1.0475182501560425,V0.6,0.0015850924537049726,-0.04262048435560861,0.73,0% to 2.5%
2020_21_20210508_LEE_TOT,2020_21,2021-05-08,LEE,TOT,1,0.5826972010178116,0.572076206274252,0.6353679305147075,1.64,1.0464373202683992,V0.6,0.052670729496895885,0.04200340604412034,0.6399999999999999,5% to 10%
2020_21_20210508_LIV_SOU,2020_21,2021-05-08,LIV,SOU,0,0.6466346153846154,0.5727447752412396,0.6628126732427202,1.47,1.052019320739448,V0.6,0.016178057858104777,-0.025665370333201376,-1.0,0% to 2.5%
2020_21_20210508_MCI_CHE,2020_21,2021-05-08,MCI,CHE,1,0.4307692307692307,0.6455897438314463,0.3998315361091655,2.22,1.0456885456885456,V0.6,-0.030937694660065185,-0.11237398983765257,1.2200000000000002,-5% to -2.5%
2020_21_20210508_SHU_CRY,2020_21,2021-05-08,SHU,CRY,0,0.4158163265306122,0.4311383966852435,0.4140083953526457,2.29,1.0501781552227611,V0.6,-0.0018079311779664597,-0.05192077464244127,-1.0,-2.5% to 0%
2020_21_20210509_ARS_WBA,2020_21,2021-05-09,ARS,WBA,1,0.5428571428571429,0.4893290241229327,0.5175355668824405,1.76,1.0466507177033493,V0.6,-0.025321575974702415,-0.0891374022869047,0.76,-5% to -2.5%
2020_21_20210509_AVL_MUN,2020_21,2021-05-09,AVL,MUN,1,0.5518134715025906,0.4876884593882602,0.5859724795454245,1.73,1.0475182501560425,V0.6,0.034159008042833894,0.013732389613584361,0.73,2.5% to 5%
2020_21_20210509_WHU_EVE,2020_21,2021-05-09,WHU,EVE,0,0.5026178010471204,0.5227792941279699,0.5023889099966087,1.9,1.0471491228070176,V0.6,-0.00022889105051171477,-0.04546107100644359,-1.0,-2.5% to 0%
2020_21_20210509_WOL_BRI,2020_21,2021-05-09,WOL,BRI,1,0.4075949367088607,0.453041585878121,0.4116472743591247,2.34,1.0484684397727877,V0.6,0.004052337650263971,-0.03674537799964828,1.3399999999999999,0% to 2.5%
2020_21_20210510_FUL_BUR,2020_21,2021-05-10,FUL,BUR,0,0.4673629242819843,0.4233018794071344,0.4744239428618098,2.04,1.0488552963084674,V0.6,0.007061018579825495,-0.03217515656190806,-1.0,0% to 2.5%
2020_21_20210511_MUN_LEI,2020_21,2021-05-11,MUN,LEI,1,0.4908616187989557,0.5571873991691633,0.4686015027840502,1.95,1.044735406437534,V0.6,-0.022260116014905462,-0.08622706957110204,0.95,-2.5% to 0%
2020_21_20210511_SOU_CRY,2020_21,2021-05-11,SOU,CRY,1,0.4973958333333334,0.4564381727017735,0.4908184586969036,1.93,1.0416949244499905,V0.6,-0.0065773746364298225,-0.05272037471497604,0.9299999999999999,-2.5% to 0%
2020_21_20210512_CHE_ARS,2020_21,2021-05-12,CHE,ARS,0,0.4687499999999999,0.6167122040743857,0.5005703216385871,2.04,1.0457516339869282,V0.6,0.03182032163858717,0.02116345614271764,-1.0,2.5% to 5%
2020_21_20210513_AVL_EVE,2020_21,2021-05-13,AVL,EVE,0,0.5208333333333334,0.4985584209128297,0.5773947657659684,1.84,1.0434782608695652,V0.6,0.056561432432635006,0.0624063690093819,-1.0,5% to 10%
2020_21_20210513_MUN_LIV,2020_21,2021-05-13,MUN,LIV,1,0.5644329896907216,0.6230616243544167,0.6323287035741229,1.69,1.048336980897571,V0.6,0.06789571388340121,0.0686355090402675,0.69,5% to 10%
2020_21_20210514_NEW_MCI,2020_21,2021-05-14,NEW,MCI,1,0.619753086419753,0.60347288966013,0.6935181318030167,1.54,1.0477570238526417,V0.6,0.07376504538326367,0.06801792297664577,0.54,5% to 10%
2020_21_20210515_BRI_WHU,2020_21,2021-05-15,BRI,WHU,0,0.4725848563968668,0.4923249000972072,0.4908939568833231,2.02,1.0475356927957988,V0.6,0.018309100486456287,-0.008394207095687278,-1.0,0% to 2.5%
2020_21_20210515_BUR_LEE,2020_21,2021-05-15,BUR,LEE,1,0.5728900255754477,0.4774088086577985,0.5661936043118848,1.67,1.0452309666381523,V0.6,-0.006696421263562846,-0.054456680799152446,0.6699999999999999,-2.5% to 0%
2020_21_20210515_SOU_FUL,2020_21,2021-05-15,SOU,FUL,1,0.4856396866840731,0.4370959865007751,0.4637632235394085,1.97,1.04524862180012,V0.6,-0.02187646314466457,-0.08638644962736519,0.97,-2.5% to 0%
2020_21_20210516_CRY_AVL,2020_21,2021-05-16,CRY,AVL,1,0.4934725848563968,0.4570775605257,0.5049782623277833,1.94,1.0445644466263024,V0.6,0.011505677471386533,-0.020342171084100413,0.94,0% to 2.5%
2020_21_20210516_EVE_SHU,2020_21,2021-05-16,EVE,SHU,0,0.518324607329843,0.468528322004233,0.5467140861594596,1.84,1.0485287659200702,V0.6,0.02838947882961662,0.0059539185334056555,-1.0,2.5% to 5%
2020_21_20210516_TOT_WOL,2020_21,2021-05-16,TOT,WOL,0,0.5169712793733681,0.5602320844043386,0.5247481325391441,1.85,1.0455910455910455,V0.6,0.007776853165776032,-0.02921595480258332,-1.0,0% to 2.5%
2020_21_20210516_WBA_LIV,2020_21,2021-05-16,WBA,LIV,1,0.664319248826291,0.548510098557579,0.7293994764654215,1.43,1.0526575897600634,V0.6,0.06508022763913046,0.0430412513455527,0.42999999999999994,5% to 10%
2020_21_20210518_BRI_MCI,2020_21,2021-05-18,BRI,MCI,1,0.5376623376623377,0.5965703811869175,0.6263431278890154,1.78,1.0448895402486025,V0.6,0.08868079022667763,0.11489076764244732,0.78,5% to 10%
2020_21_20210518_CHE_LEI,2020_21,2021-05-18,CHE,LEI,1,0.4470284237726098,0.5837049447858732,0.4425485991330655,2.14,1.045324401707093,V0.6,-0.0044798246395443275,-0.05294599785523979,1.1400000000000001,-2.5% to 0%
2020_21_20210518_MUN_FUL,2020_21,2021-05-18,MUN,FUL,0,0.6025,0.4960465132855641,0.6121774215471516,1.59,1.0438685769461624,V0.6,0.009677421547151566,-0.026637899740028947,-1.0,0% to 2.5%
2020_21_20210518_SOU_LEE,2020_21,2021-05-18,SOU,LEE,0,0.6341463414634148,0.5046660540420701,0.6229530553759244,1.5,1.051282051282051,V0.6,-0.011193286087490373,-0.06557041693611343,-1.0,-2.5% to 0%
2020_21_20210519_BUR_LIV,2020_21,2021-05-19,BUR,LIV,1,0.705240174672489,0.5508242531645758,0.7593226845305043,1.35,1.050338263960555,V0.6,0.054082509858015326,0.025085624116180982,0.3500000000000001,5% to 10%
2020_21_20210519_CRY_ARS,2020_21,2021-05-19,CRY,ARS,1,0.5503875968992248,0.5495959234227313,0.6200922766941215,1.74,1.0441962117532784,V0.6,0.0697046797948967,0.0789605614477713,0.74,5% to 10%
2020_21_20210519_EVE_WOL,2020_21,2021-05-19,EVE,WOL,0,0.4559585492227979,0.502106386845473,0.4921776586539029,2.1,1.0443722943722944,V0.6,0.03621910943110501,0.03357308317319618,-1.0,2.5% to 5%
2020_21_20210519_NEW_SHU,2020_21,2021-05-19,NEW,SHU,0,0.5286458333333333,0.4338309618973832,0.5282399248024253,1.81,1.0450970252837275,V0.6,-0.0004059085309079391,-0.04388573610761015,-1.0,-2.5% to 0%
2020_21_20210519_TOT_AVL,2020_21,2021-05-19,TOT,AVL,1,0.619753086419753,0.5248531095033354,0.5861204373092626,1.54,1.0477570238526417,V0.6,-0.033632649110490465,-0.09737452654373568,0.54,-5% to -2.5%
2020_21_20210519_WBA_WHU,2020_21,2021-05-19,WBA,WHU,1,0.589873417721519,0.5089045208312876,0.6426803469377429,1.62,1.046468499973507,V0.6,0.052806929216223875,0.04114216203914367,0.6200000000000001,5% to 10%
2020_21_20210523_ARS_BRI,2020_21,2021-05-23,ARS,BRI,0,0.5592783505154639,0.4865135153260974,0.5281837704877717,1.71,1.0456248147249845,V0.6,-0.031094580027692276,-0.0968057524659105,-1.0,-5% to -2.5%
2020_21_20210523_AVL_CHE,2020_21,2021-05-23,AVL,CHE,1,0.5692307692307692,0.5303199493783288,0.6253847491499496,1.68,1.0456885456885456,V0.6,0.05615397991918036,0.05064637857191534,0.6799999999999999,5% to 10%
2020_21_20210523_FUL_NEW,2020_21,2021-05-23,FUL,NEW,0,0.5790816326530612,0.4403314194230069,0.6198398145857524,1.65,1.0465892404218395,V0.6,0.040758181932691206,0.022735694066491563,-1.0,2.5% to 5%
2020_21_20210523_LEE_WBA,2020_21,2021-05-23,LEE,WBA,1,0.6736111111111112,0.4649214357090973,0.6612475736229544,1.41,1.0528624698398772,V0.6,-0.012363537488156773,-0.06764092119163434,0.4099999999999999,-2.5% to 0%
2020_21_20210523_LEI_TOT,2020_21,2021-05-23,LEI,TOT,1,0.5969773299748111,0.6143164047107539,0.6479372848452011,1.6,1.046940928270042,V0.6,0.050959954870389956,0.036699655752321814,0.6000000000000001,5% to 10%
2020_21_20210523_LIV_CRY,2020_21,2021-05-23,LIV,CRY,0,0.6935123042505593,0.5592746126607384,0.6777775447893924,1.37,1.0525076524605603,V0.6,-0.01573475946116687,-0.07144476363853225,-1.0,-2.5% to 0%
2020_21_20210523_MCI_EVE,2020_21,2021-05-23,MCI,EVE,1,0.5877862595419847,0.6369083796870503,0.6084219352674127,1.62,1.050184383517717,V0.6,0.020635675725428015,-0.014356464866791319,0.6200000000000001,0% to 2.5%
2020_21_20210523_SHU_BUR,2020_21,2021-05-23,SHU,BUR,0,0.5492227979274612,0.4097567033506367,0.5740599297828378,1.74,1.046410756885708,V0.6,0.024837131855376615,-0.0011357221778621751,-1.0,0% to 2.5%
2020_21_20210523_WHU_SOU,2020_21,2021-05-23,WHU,SOU,1,0.5862944162436549,0.5330735405551156,0.6147335743847219,1.63,1.0463973654157703,V0.6,0.02843915814106701,0.002015726247096561,0.6299999999999999,2.5% to 5%
2020_21_20210523_WOL_MUN,2020_21,2021-05-23,WOL,MUN,1,0.5503875968992248,0.525448943634553,0.6171860922556918,1.74,1.0441962117532784,V0.6,0.06679849535646698,0.07390380052490375,0.74,5% to 10%
2021_22_20210813_BRE_ARS,2021_22,2021-08-13,BRE,ARS,0,0.4447300771208226,0.5659280775215317,0.4907724211909805,2.16,1.0409976450438878,V0.6,0.04604234407015795,0.06006842977251803,-1.0,2.5% to 5%
2021_22_20210814_BUR_BRI,2021_22,2021-08-14,BUR,BRI,1,0.3895781637717121,0.4599874392391259,0.4036278368233554,2.46,1.043446740199886,V0.6,0.014049673051643286,-0.007075521414545705,1.46,0% to 2.5%
2021_22_20210814_CHE_CRY,2021_22,2021-08-14,CHE,CRY,1,0.5350649350649351,0.5050514709979453,0.5091617654597579,1.79,1.0440961110809783,V0.6,-0.025903169605177245,-0.08860043982703336,0.79,-5% to -2.5%
2021_22_20210814_EVE_SOU,2021_22,2021-08-14,EVE,SOU,1,0.4637305699481865,0.5009046388006765,0.48006677669795,2.07,1.0417510053167085,V0.6,0.016336206749763493,-0.006261772235243601,1.0699999999999998,0% to 2.5%
2021_22_20210814_LEI_WOL,2021_22,2021-08-14,LEI,WOL,0,0.4701298701298701,0.54478636885035,0.5018017636285812,2.04,1.0426822662766764,V0.6,0.03167189349871108,0.02367559780230577,-1.0,2.5% to 5%
2021_22_20210814_MUN_LEE,2021_22,2021-08-14,MUN,LEE,1,0.5812182741116751,0.5659751980104983,0.5867264657021999,1.65,1.0427418287680297,V0.6,0.005508191590524736,-0.03190133159137021,0.6499999999999999,0% to 2.5%
2021_22_20210814_NOR_LIV,2021_22,2021-08-14,NOR,LIV,1,0.6301703163017031,0.5227016182990111,0.6966416174039638,1.52,1.0439951229424915,V0.6,0.06647130110226074,0.05889525845402499,0.52,5% to 10%
2021_22_20210814_WAT_AVL,2021_22,2021-08-14,WAT,AVL,1,0.4727272727272727,0.4610490075137759,0.4576693314689048,2.03,1.0420613868889732,V0.6,-0.015057941258367902,-0.07093125711812331,1.0299999999999998,-2.5% to 0%
2021_22_20210815_NEW_WHU,2021_22,2021-08-15,NEW,WHU,1,0.4935064935064935,0.5409428785890885,0.5219995577208776,1.95,1.039136302294197,V0.6,0.02849306421438408,0.017899137555711153,0.95,2.5% to 5%
2021_22_20210815_TOT_MCI,2021_22,2021-08-15,TOT,MCI,0,0.5207253886010362,0.6529643379253093,0.5443697179482212,1.85,1.0380529783514858,V0.6,0.023644329347184967,0.007083978204209362,-1.0,0% to 2.5%
2021_22_20210821_AVL_NEW,2021_22,2021-08-21,AVL,NEW,0,0.5414507772020726,0.4693213329457149,0.5259776472782339,1.77,1.0434406509339604,V0.6,-0.015473129923838647,-0.06901956431752598,-1.0,-2.5% to 0%
2021_22_20210821_BRI_WAT,2021_22,2021-08-21,BRI,WAT,0,0.4271099744245524,0.440575251664266,0.3876844694911518,2.24,1.0452309666381523,V0.6,-0.03942550493340058,-0.13158678833981985,-1.0,-5% to -2.5%
2021_22_20210821_CRY_BRE,2021_22,2021-08-21,CRY,BRE,0,0.4111675126903554,0.5710889153284684,0.4906447653239506,2.32,1.0483184333759046,V0.6,0.07947725263359523,0.13829585555156543,-1.0,5% to 10%
2021_22_20210821_LEE_EVE,2021_22,2021-08-21,LEE,EVE,1,0.5641025641025641,0.5181486939691267,0.5658838763366042,1.7,1.0427807486631016,V0.6,0.0017813122340401,-0.03799741022777292,0.7,0% to 2.5%
2021_22_20210821_LIV_BUR,2021_22,2021-08-21,LIV,BUR,0,0.6188118811881189,0.5389332296181973,0.5770568221466871,1.54,1.0493506493506493,V0.6,-0.04175505904143184,-0.11133249389410194,-1.0,-5% to -2.5%
2021_22_20210821_MCI_NOR,2021_22,2021-08-21,MCI,NOR,1,0.7105831533477323,0.5597986434169837,0.6780617351100577,1.34,1.0502200244975728,V0.6,-0.032521418237674515,-0.09139727495252259,0.3400000000000001,-5% to -2.5%
2021_22_20210822_ARS_CHE,2021_22,2021-08-22,ARS,CHE,0,0.4637305699481865,0.5742415927480249,0.4662811890269367,2.07,1.0417510053167085,V0.6,0.0025506190787502048,-0.03479793871424108,-1.0,0% to 2.5%
2021_22_20210822_SOU_MUN,2021_22,2021-08-22,SOU,MUN,0,0.5567010309278351,0.5124795239725083,0.5655623013583194,1.72,1.0443583118001722,V0.6,0.008861270430484347,-0.027232841663690666,-1.0,0% to 2.5%
2021_22_20210822_WOL_TOT,2021_22,2021-08-22,WOL,TOT,0,0.4271099744245524,0.5457175528167075,0.4583649733215696,2.24,1.0452309666381523,V0.6,0.03125499889701722,0.02673754024031605,-1.0,2.5% to 5%
2021_22_20210823_WHU_LEI,2021_22,2021-08-23,WHU,LEI,1,0.53125,0.542071059648554,0.5102595284855501,1.8,1.0457516339869282,V0.6,-0.020990471514449882,-0.08153284872600974,0.8,-2.5% to 0%
2021_22_20210828_AVL_BRE,2021_22,2021-08-28,AVL,BRE,0,0.4883116883116883,0.4312343279256491,0.569016851991807,1.97,1.0395291068149908,V0.6,0.08070516368011865,0.12096319842385972,-1.0,5% to 10%
2021_22_20210828_BRI_EVE,2021_22,2021-08-28,BRI,EVE,0,0.4296675191815857,0.4554815725562676,0.4172850712236994,2.23,1.043668588511638,V0.6,-0.012382447957886289,-0.06945429117115032,-1.0,-2.5% to 0%
2021_22_20210828_LIV_CHE,2021_22,2021-08-28,LIV,CHE,0,0.4753246753246753,0.5971300426567133,0.4629186283170676,2.02,1.041497592382189,V0.6,-0.012406047007607723,-0.06490437079952349,-1.0,-2.5% to 0%
2021_22_20210828_MCI_ARS,2021_22,2021-08-28,MCI,ARS,1,0.609452736318408,0.6207839477568028,0.588963663577313,1.57,1.045105940465358,V0.6,-0.020489072741095016,-0.07532704818361857,0.5700000000000001,-2.5% to 0%
2021_22_20210828_NEW_SOU,2021_22,2021-08-28,NEW,SOU,1,0.5259067357512953,0.51135850896103,0.5571808061639836,1.83,1.0390589248701176,V0.6,0.03127407041268826,0.019640875280090064,0.8300000000000001,2.5% to 5%
2021_22_20210828_NOR_LEI,2021_22,2021-08-28,NOR,LEI,1,0.533678756476684,0.492193700049664,0.577036362247469,1.8,1.040992448759439,V0.6,0.04335760577078507,0.03866545204544436,0.8,2.5% to 5%
2021_22_20210828_WHU_CRY,2021_22,2021-08-28,WHU,CRY,1,0.5090909090909091,0.4862579493210721,0.4675737362027323,1.89,1.0393046107331825,V0.6,-0.041517172888176856,-0.11628563857683605,0.8899999999999999,-5% to -2.5%
2021_22_20210829_BUR_LEE,2021_22,2021-08-29,BUR,LEE,0,0.5414507772020726,0.5317543002709131,0.5804367306649981,1.77,1.0434406509339604,V0.6,0.03898595346292555,0.027373013277046665,-1.0,2.5% to 5%
2021_22_20210829_TOT_WAT,2021_22,2021-08-29,TOT,WAT,0,0.5194805194805195,0.5315716299426646,0.49026367404487,1.85,1.0405405405405403,V0.6,-0.029216845435649563,-0.09301220301699054,-1.0,-5% to -2.5%
2021_22_20210829_WOL_MUN,2021_22,2021-08-29,WOL,MUN,0,0.4765625,0.5089891756965937,0.5088219786550995,2.01,1.0439605252426394,V0.6,0.03225947865509948,0.022732177096749906,-1.0,2.5% to 5%
2021_22_20210911_ARS_NOR,2021_22,2021-09-11,ARS,NOR,0,0.5592783505154639,0.5123188407647755,0.5541636280150345,1.71,1.0456248147249845,V0.6,-0.005114722500429436,-0.05238019609429101,-1.0,-2.5% to 0%
2021_22_20210911_BRE_BRI,2021_22,2021-09-11,BRE,BRI,0,0.3895781637717121,0.4327734232634252,0.3652262871672549,2.46,1.043446740199886,V0.6,-0.0243518766044572,-0.10154333356855294,-1.0,-2.5% to 0%
2021_22_20210911_CHE_AVL,2021_22,2021-09-11,CHE,AVL,1,0.5376623376623377,0.5083214744557338,0.508785517367802,1.78,1.0448895402486025,V0.6,-0.028876820294535754,-0.09436177908531251,0.78,-5% to -2.5%
2021_22_20210911_CRY_TOT,2021_22,2021-09-11,CRY,TOT,1,0.4573643410852713,0.5614941800487806,0.5316180369129138,2.1,1.0411622276029056,V0.6,0.07425369582764246,0.11639787751711905,1.1,5% to 10%
2021_22_20210911_LEI_MCI,2021_22,2021-09-11,LEI,MCI,0,0.5515463917525772,0.66130195130579,0.6270147862263841,1.74,1.0420023633043292,V0.6,0.07546839447380682,0.09100572803390827,-1.0,5% to 10%
2021_22_20210911_MUN_NEW,2021_22,2021-09-11,MUN,NEW,1,0.6595744680851063,0.5373260864679404,0.6542817005980787,1.44,1.0528673835125448,V0.6,-0.005292767487027672,-0.05783435113876678,0.43999999999999995,-2.5% to 0%
2021_22_20210911_SOU_WHU,2021_22,2021-09-11,SOU,WHU,0,0.5555555555555556,0.5247838185213434,0.5694221490115288,1.72,1.0465116279069768,V0.6,0.013866593455973186,-0.020593903700170557,-1.0,0% to 2.5%
2021_22_20210911_WAT_WOL,2021_22,2021-09-11,WAT,WOL,0,0.416243654822335,0.4819942410818467,0.4452518800030253,2.3,1.0445387062566278,V0.6,0.029008225180690295,0.024079324006958114,-1.0,2.5% to 5%
2021_22_20210912_LEE_LIV,2021_22,2021-09-12,LEE,LIV,1,0.6084788029925187,0.623045851517065,0.6700293520163486,1.57,1.0467787407330065,V0.6,0.06155054902382995,0.05194608266566747,0.5700000000000001,5% to 10%
2021_22_20210913_EVE_BUR,2021_22,2021-09-13,EVE,BUR,1,0.4817708333333334,0.4706064804275591,0.4697138724949992,1.99,1.0430531033546109,V0.6,-0.01205696083833424,-0.06526939373495166,0.99,-2.5% to 0%
2021_22_20210917_NEW_LEE,2021_22,2021-09-17,NEW,LEE,0,0.5812182741116751,0.5287086248005424,0.5898915487868287,1.65,1.0427418287680297,V0.6,0.008673274675153553,-0.026678944501732693,-1.0,0% to 2.5%
2021_22_20210918_AVL_EVE,2021_22,2021-09-18,AVL,EVE,1,0.4791666666666667,0.4793741360224517,0.4749805360850246,2.0,1.0434782608695652,V0.6,-0.004186130581642078,-0.050038927829950786,1.0,-2.5% to 0%
2021_22_20210918_BUR_ARS,2021_22,2021-09-18,BUR,ARS,0,0.4727272727272727,0.5345036630197413,0.5365016372630054,2.03,1.0420613868889732,V0.6,0.06377436453573265,0.08909832364390069,-1.0,5% to 10%
2021_22_20210918_LIV_CRY,2021_22,2021-09-18,LIV,CRY,1,0.6341463414634148,0.5651815172027227,0.6145712567704266,1.5,1.051282051282051,V0.6,-0.019575084692988187,-0.0781431148443601,0.5,-2.5% to 0%
2021_22_20210918_MCI_SOU,2021_22,2021-09-18,MCI,SOU,0,0.6810933940774488,0.5747154175555694,0.6300132977042869,1.4,1.0487338748208312,V0.6,-0.05108009637316191,-0.11798138321399831,-1.0,-10% to -5%
2021_22_20210918_NOR_WAT,2021_22,2021-09-18,NOR,WAT,1,0.4547803617571059,0.4600491586022145,0.4803316470120467,2.11,1.042115467470918,V0.6,0.025551285254940825,0.01349977519541845,1.1099999999999999,2.5% to 5%
2021_22_20210918_WOL_BRE,2021_22,2021-09-18,WOL,BRE,0,0.3851851851851852,0.3744878528158386,0.3997154777401082,2.49,1.042632066728452,V0.6,0.014530292554922997,-0.0047084604271305786,-1.0,0% to 2.5%
2021_22_20210919_BRI_LEI,2021_22,2021-09-19,BRI,LEI,1,0.440721649484536,0.5098928547718975,0.4548876245354165,2.17,1.0456248147249845,V0.6,0.014165975050880464,-0.012893854758146306,1.17,0% to 2.5%
2021_22_20210919_TOT_CHE,2021_22,2021-09-19,TOT,CHE,1,0.4585492227979275,0.5944612112046682,0.4790523099606817,2.09,1.0434406509339604,V0.6,0.02050308716275423,0.0012193278178247446,1.0899999999999999,0% to 2.5%
2021_22_20210919_WHU_MUN,2021_22,2021-09-19,WHU,MUN,1,0.5666666666666667,0.5352662176573141,0.5632182564038763,1.69,1.0442046641141665,V0.6,-0.0034484102627903024,-0.048161146677448974,0.69,-2.5% to 0%
2021_22_20210925_BRE_LIV,2021_22,2021-09-25,BRE,LIV,1,0.5478036175710594,0.5400848982547121,0.6293074040287132,1.75,1.0431266846361185,V0.6,0.08150378645765377,0.10128795705024807,0.75,5% to 10%
2021_22_20210925_CHE_MCI,2021_22,2021-09-25,CHE,MCI,0,0.4510309278350516,0.6526323185616029,0.4900476051315567,2.13,1.0409121395036889,V0.6,0.0390166772965051,0.04380139893021573,-1.0,2.5% to 5%
2021_22_20210925_EVE_NOR,2021_22,2021-09-25,EVE,NOR,0,0.5078125,0.4560664606221848,0.4752061399192986,1.89,1.041921041921042,V0.6,-0.03260636008070139,-0.10186039555252568,-1.0,-5% to -2.5%
2021_22_20210925_LEE_WHU,2021_22,2021-09-25,LEE,WHU,1,0.5954773869346733,0.5778421589310548,0.642451774469778,1.61,1.0430589406924025,V0.6,0.046974387535104634,0.03434735689634261,0.6100000000000001,2.5% to 5%
2021_22_20210925_LEI_BUR,2021_22,2021-09-25,LEI,BUR,1,0.5156249999999999,0.4982969798469545,0.5307747172749787,1.86,1.0426849136526557,V0.6,0.015149717274978824,-0.012759025868539497,0.8600000000000001,0% to 2.5%
2021_22_20210925_MUN_AVL,2021_22,2021-09-25,MUN,AVL,0,0.5989974937343359,0.5174994075474113,0.576637024166345,1.6,1.0434100418410042,V0.6,-0.02236046956799087,-0.07738076133384797,-1.0,-2.5% to 0%
2021_22_20210925_WAT_NEW,2021_22,2021-09-25,WAT,NEW,0,0.4701298701298701,0.4832848334472982,0.462493277862348,2.04,1.0426822662766764,V0.6,-0.007636592267522113,-0.05651371316081,-1.0,-2.5% to 0%
2021_22_20210926_ARS_TOT,2021_22,2021-09-26,ARS,TOT,1,0.4637305699481865,0.6366269007316993,0.5493701726197185,2.07,1.0417510053167085,V0.6,0.08563960267153203,0.13719625732281737,1.0699999999999998,5% to 10%
2021_22_20210926_SOU_WOL,2021_22,2021-09-26,SOU,WOL,0,0.4521963824289405,0.4712333046321766,0.4843344267384029,2.12,1.0431266846361185,V0.6,0.03213804430946238,0.02678898468541413,-1.0,2.5% to 5%
2021_22_20210927_CRY_BRI,2021_22,2021-09-27,CRY,BRI,0,0.4137055837563452,0.4678913311143592,0.422431349946448,2.31,1.0463973654157703,V0.6,0.00872576619010279,-0.024183581623705153,-1.0,0% to 2.5%
2021_22_20211002_BRI_ARS,2021_22,2021-10-02,BRI,ARS,0,0.466321243523316,0.5231893141492522,0.5089226617515372,2.06,1.040992448759439,V0.6,0.04260141822822122,0.0483806832081668,-1.0,2.5% to 5%
2021_22_20211002_BUR_NOR,2021_22,2021-10-02,BUR,NOR,0,0.5052083333333333,0.4446386527059774,0.5283291896482845,1.9,1.0417797069994574,V0.6,0.0231208563149512,0.003825460331740471,-1.0,0% to 2.5%
2021_22_20211002_CHE_SOU,2021_22,2021-10-02,CHE,SOU,1,0.5350649350649351,0.5448544172205162,0.5537181440666176,1.79,1.0440961110809783,V0.6,0.018653209001682436,-0.008844522120754483,0.79,0% to 2.5%
2021_22_20211002_LEE_WAT,2021_22,2021-10-02,LEE,WAT,0,0.5677749360613811,0.578616086482531,0.6395289443429646,1.69,1.0421664267818114,V0.6,0.07175400828158351,0.08080391593961012,-1.0,5% to 10%
2021_22_20211002_MUN_EVE,2021_22,2021-10-02,MUN,EVE,0,0.5310880829015544,0.5545812804643908,0.558888362302088,1.81,1.0402910658940845,V0.6,0.027800279400533645,0.011587935766779411,-1.0,2.5% to 5%
2021_22_20211002_WOL_NEW,2021_22,2021-10-02,WOL,NEW,1,0.4973958333333334,0.4693836811090212,0.520487508465549,1.93,1.0416949244499905,V0.6,0.023091675132215606,0.004540891338509656,0.9299999999999999,0% to 2.5%
2021_22_20211003_CRY_LEI,2021_22,2021-10-03,CRY,LEI,1,0.4753246753246753,0.5137556748849491,0.4953604524516723,2.02,1.041497592382189,V0.6,0.020035777126997,0.000628113952378051,1.02,0% to 2.5%
2021_22_20211003_LIV_MCI,2021_22,2021-10-03,LIV,MCI,1,0.5529715762273902,0.715012732208821,0.6232688798862739,1.73,1.045324401707093,V0.6,0.07029730365888365,0.0782551622032539,0.73,5% to 10%
2021_22_20211003_TOT_AVL,2021_22,2021-10-03,TOT,AVL,1,0.5078125,0.5571189278350918,0.5438514647937006,1.89,1.041921041921042,V0.6,0.03603896479370061,0.027879268460094142,0.8899999999999999,2.5% to 5%
2021_22_20211003_WHU_BRE,2021_22,2021-10-03,WHU,BRE,1,0.5,0.5197413493059571,0.546152312132947,1.92,1.0416666666666667,V0.6,0.046152312132947015,0.04861243929525827,0.9199999999999999,2.5% to 5%
2021_22_20211016_AVL_WOL,2021_22,2021-10-16,AVL,WOL,1,0.4536082474226803,0.481751581091534,0.4957322299260515,2.12,1.0398799313893654,V0.6,0.04212398250337118,0.050952327443229084,1.12,2.5% to 5%
2021_22_20211016_BRE_CHE,2021_22,2021-10-16,BRE,CHE,0,0.4701298701298701,0.5364412633148979,0.4856464281128004,2.04,1.0426822662766764,V0.6,0.015516557982930279,-0.009281286649887144,-1.0,0% to 2.5%
2021_22_20211016_LEI_MUN,2021_22,2021-10-16,LEI,MUN,1,0.5438144329896907,0.5685198320060726,0.5994455396065907,1.77,1.038905400701529,V0.6,0.05563110661690007,0.061018605103665635,0.77,5% to 10%
2021_22_20211016_MCI_BUR,2021_22,2021-10-16,MCI,BUR,0,0.6862302483069979,0.5915373962355573,0.6899303134853795,1.39,1.0483718288527073,V0.6,0.0037000651783816174,-0.04099686425532256,-1.0,0% to 2.5%
2021_22_20211016_NOR_BRI,2021_22,2021-10-16,NOR,BRI,0,0.4510309278350516,0.4079923625765662,0.4662749794580649,2.13,1.0409121395036889,V0.6,0.015244051623013288,-0.006834293754321763,-1.0,0% to 2.5%
2021_22_20211016_SOU_LEE,2021_22,2021-10-16,SOU,LEE,0,0.557840616966581,0.5258839534215689,0.5976259380891358,1.72,1.0422248419247668,V0.6,0.03978532112255473,0.027916613513313537,-1.0,2.5% to 5%
2021_22_20211016_WAT_LIV,2021_22,2021-10-16,WAT,LIV,1,0.6059850374064838,0.5548167555112818,0.6565458811138383,1.58,1.0444340261499192,V0.6,0.050560843707354475,0.037342492159864404,0.5800000000000001,5% to 10%
2021_22_20211017_EVE_WHU,2021_22,2021-10-17,EVE,WHU,0,0.5090909090909091,0.5327778291779399,0.5203466536374107,1.89,1.0393046107331825,V0.6,0.011255744546501578,-0.01654482462529383,-1.0,0% to 2.5%
2021_22_20211017_NEW_TOT,2021_22,2021-10-17,NEW,TOT,1,0.5362694300518135,0.5518743270198424,0.5923518487755798,1.79,1.0417510053167085,V0.6,0.05608241872376629,0.06030980930828789,0.79,5% to 10%
2021_22_20211018_ARS_CRY,2021_22,2021-10-18,ARS,CRY,1,0.4973958333333334,0.514249582484106,0.4863336271434935,1.93,1.0416949244499905,V0.6,-0.01106220618983994,-0.061376099613057566,0.9299999999999999,-2.5% to 0%
2021_22_20211022_ARS_AVL,2021_22,2021-10-22,ARS,AVL,1,0.538860103626943,0.5023932536732569,0.5139599285976251,1.78,1.0425669835782196,V0.6,-0.02490017502931796,-0.08515132709622741,0.78,-2.5% to 0%
2021_22_20211023_BRI_MCI,2021_22,2021-10-23,BRI,MCI,1,0.5246753246753246,0.6044933197996673,0.6411619627606051,1.83,1.041497592382189,V0.6,0.11648663808528048,0.17332639185190746,0.8300000000000001,> 10%
2021_22_20211023_CHE_NOR,2021_22,2021-10-23,CHE,NOR,1,0.5776081424936387,0.5322430017269393,0.6050847756891085,1.66,1.0429382729154504,V0.6,0.02747663319546978,0.004440727643920006,0.6599999999999999,2.5% to 5%
2021_22_20211023_CRY_NEW,2021_22,2021-10-23,CRY,NEW,0,0.4921875,0.4536939179103432,0.4789080504812589,1.95,1.041921041921042,V0.6,-0.013279449518741104,-0.06612930156154517,-1.0,-2.5% to 0%
2021_22_20211023_EVE_WAT,2021_22,2021-10-23,EVE,WAT,1,0.4779220779220779,0.5131177586110779,0.4886403382896556,2.01,1.0409906986805106,V0.6,0.01071826036757767,-0.017832920037792355,1.0099999999999998,0% to 2.5%
2021_22_20211023_LEE_WOL,2021_22,2021-10-23,LEE,WOL,0,0.5064935064935064,0.4978267145823432,0.5481462689320511,1.9,1.039136302294197,V0.6,0.041652762438544655,0.041477910970896925,-1.0,2.5% to 5%
2021_22_20211023_SOU_BUR,2021_22,2021-10-23,SOU,BUR,1,0.4779220779220779,0.43969981068178,0.4912634041386398,2.01,1.0409906986805106,V0.6,0.013341326216561866,-0.012560557681334128,1.0099999999999998,0% to 2.5%
2021_22_20211024_BRE_LEI,2021_22,2021-10-24,BRE,LEI,1,0.5052083333333333,0.5080701172117819,0.5185984554975397,1.9,1.0417797069994574,V0.6,0.01339012216420643,-0.0146629345546746,0.8999999999999999,0% to 2.5%
2021_22_20211024_MUN_LIV,2021_22,2021-10-24,MUN,LIV,1,0.6034912718204488,0.6101772356301973,0.6354640807495491,1.59,1.0421539581059307,V0.6,0.03197280892910026,0.010387888391783173,0.5900000000000001,2.5% to 5%
2021_22_20211024_WHU_TOT,2021_22,2021-10-24,WHU,TOT,0,0.538860103626943,0.5978661976232884,0.5912850758141395,1.78,1.0425669835782196,V0.6,0.05242497218719644,0.05248743494916819,-1.0,5% to 10%
2021_22_20211030_BUR_BRE,2021_22,2021-10-30,BUR,BRE,1,0.440721649484536,0.4092903566869927,0.4305501748540272,2.17,1.0456248147249845,V0.6,-0.010171474630508825,-0.06570612056676106,1.17,-2.5% to 0%
2021_22_20211030_LEI_ARS,2021_22,2021-10-30,LEI,ARS,0,0.5310880829015544,0.5665560250595879,0.5566417112328718,1.81,1.0402910658940845,V0.6,0.025553628331317357,0.007521497331497873,-1.0,2.5% to 5%
2021_22_20211030_LIV_BRI,2021_22,2021-10-30,LIV,BRI,1,0.6283618581907091,0.5324640798602854,0.5891351924893636,1.52,1.046999795207864,V0.6,-0.039226665701345476,-0.1045145074161673,0.52,-5% to -2.5%
2021_22_20211030_MCI_CRY,2021_22,2021-10-30,MCI,CRY,0,0.660377358490566,0.5947678843440047,0.6386246073239132,1.44,1.0515873015873016,V0.6,-0.021752751166652762,-0.08038056545356498,-1.0,-2.5% to 0%
2021_22_20211030_NEW_CHE,2021_22,2021-10-30,NEW,CHE,1,0.5492227979274612,0.5387789810575223,0.5818501859155669,1.74,1.046410756885708,V0.6,0.032627387988105716,0.012419323493086498,0.74,2.5% to 5%
2021_22_20211030_TOT_MUN,2021_22,2021-10-30,TOT,MUN,1,0.5440414507772021,0.5722175595457093,0.5602509418827157,1.76,1.0443722943722944,V0.6,0.016209491105513618,-0.013958342286420344,0.76,0% to 2.5%
2021_22_20211030_WAT_SOU,2021_22,2021-10-30,WAT,SOU,0,0.5078125,0.4829378994551306,0.5207932395325624,1.89,1.041921041921042,V0.6,0.012980739532562402,-0.01570077728345709,-1.0,0% to 2.5%
2021_22_20211031_AVL_WHU,2021_22,2021-10-31,AVL,WHU,1,0.5286458333333333,0.520333862275858,0.5510366317896483,1.81,1.0450970252837275,V0.6,0.022390798456315086,-0.0026236964607364577,0.81,0% to 2.5%
2021_22_20211031_NOR_LEE,2021_22,2021-10-31,NOR,LEE,1,0.5428571428571429,0.4871486454712788,0.5826336087284079,1.76,1.0466507177033493,V0.6,0.03977646587126493,0.02543515136199792,0.76,2.5% to 5%
2021_22_20211101_WOL_EVE,2021_22,2021-11-01,WOL,EVE,1,0.4209183673469387,0.4888511334041019,0.4116881194672976,2.27,1.0465892404218395,V0.6,-0.009230247879641107,-0.06546796880923444,1.27,-2.5% to 0%
2021_22_20211105_SOU_AVL,2021_22,2021-11-05,SOU,AVL,0,0.558974358974359,0.4589885383632829,0.5583698796925887,1.72,1.0401109451674846,V0.6,-0.0006044792817703204,-0.03960380692874754,-1.0,-2.5% to 0%
2021_22_20211106_BRE_NOR,2021_22,2021-11-06,BRE,NOR,1,0.4727272727272727,0.4623404141035915,0.4859978634290495,2.03,1.0420613868889732,V0.6,0.013270590701776774,-0.013424337239029582,1.0299999999999998,0% to 2.5%
2021_22_20211106_BRI_NEW,2021_22,2021-11-06,BRI,NEW,0,0.4935064935064935,0.4837076126329914,0.538391508154776,1.95,1.039136302294197,V0.6,0.044885014648282484,0.04986344090181305,-1.0,2.5% to 5%
2021_22_20211106_CHE_BUR,2021_22,2021-11-06,CHE,BUR,0,0.5641025641025641,0.5235150882774774,0.5396741570416933,1.7,1.0427807486631016,V0.6,-0.024428407060870794,-0.0825539330291214,-1.0,-2.5% to 0%
2021_22_20211106_CRY_WOL,2021_22,2021-11-06,CRY,WOL,0,0.4045226130653266,0.442225949872785,0.3854519078810012,2.37,1.0430589406924025,V0.6,-0.01907070518432541,-0.08647897832202711,-1.0,-2.5% to 0%
2021_22_20211106_MUN_MCI,2021_22,2021-11-06,MUN,MCI,0,0.5919395465994962,0.6665567536788662,0.6870638539178006,1.62,1.042815865510901,V0.6,0.09512430731830435,0.11304344334683702,-1.0,5% to 10%
2021_22_20211107_ARS_WAT,2021_22,2021-11-07,ARS,WAT,0,0.5979899497487436,0.4827830232745212,0.551892751208671,1.6,1.0451680672268908,V0.6,-0.04609719854007266,-0.11697159806612634,-1.0,-5% to -2.5%
2021_22_20211107_EVE_TOT,2021_22,2021-11-07,EVE,TOT,0,0.4739583333333334,0.5674908953214238,0.5005422148348077,2.02,1.0445000544010443,V0.6,0.026583881501474227,0.011095273966311492,-1.0,2.5% to 5%
2021_22_20211107_LEE_LEI,2021_22,2021-11-07,LEE,LEI,0,0.5754475703324808,0.5194862107294137,0.5769344440717699,1.66,1.0468540829986617,V0.6,0.0014868737392890186,-0.042288822840862106,-1.0,0% to 2.5%
2021_22_20211107_WHU_LIV,2021_22,2021-11-07,WHU,LIV,1,0.6383495145631067,0.5916363838939704,0.6427407970575529,1.49,1.0513690764794448,V0.6,0.0043912824944462026,-0.0423162123842461,0.49,0% to 2.5%
2021_22_20211120_AVL_BRI,2021_22,2021-11-20,AVL,BRI,0,0.4597402597402597,0.4620663177838095,0.4736510643629864,2.08,1.04574098218166,V0.6,0.013910804622726647,-0.014805786124988285,-1.0,0% to 2.5%
2021_22_20211120_BUR_CRY,2021_22,2021-11-20,BUR,CRY,1,0.4381443298969071,0.4444536142226232,0.4142005160276066,2.18,1.0469508904479223,V0.6,-0.0239438138693005,-0.09704287505981757,1.1800000000000002,-2.5% to 0%
2021_22_20211120_LEI_CHE,2021_22,2021-11-20,LEI,CHE,1,0.4791666666666667,0.552148107121981,0.4742211844110746,2.0,1.0434782608695652,V0.6,-0.004945482255592104,-0.05155763117785084,1.0,-2.5% to 0%
2021_22_20211120_LIV_ARS,2021_22,2021-11-20,LIV,ARS,1,0.639225181598063,0.6353568250016371,0.6469737348291039,1.49,1.0499288183851945,V0.6,0.0077485532310409555,-0.036009135104635215,0.49,0% to 2.5%
2021_22_20211120_NEW_BRE,2021_22,2021-11-20,NEW,BRE,1,0.4869791666666667,0.4507020646622668,0.4916298007087454,1.97,1.0423735714867397,V0.6,0.004650634042078716,-0.031489292603771535,0.97,0% to 2.5%
2021_22_20211120_NOR_SOU,2021_22,2021-11-20,NOR,SOU,1,0.4817708333333334,0.4308284005980383,0.4916015892442141,1.99,1.0430531033546109,V0.6,0.009830755910880673,-0.021712837404013974,0.99,0% to 2.5%
2021_22_20211120_WAT_MUN,2021_22,2021-11-20,WAT,MUN,1,0.5790816326530612,0.494847108872177,0.598217724330283,1.65,1.0465892404218395,V0.6,0.019136091677221745,-0.012940754855033099,0.6499999999999999,0% to 2.5%
2021_22_20211120_WOL_WHU,2021_22,2021-11-20,WOL,WHU,0,0.464935064935065,0.4891998964368311,0.4532930207592205,2.06,1.0440961110809783,V0.6,-0.011642044175844468,-0.06621637723600571,-1.0,-2.5% to 0%
2021_22_20211121_MCI_EVE,2021_22,2021-11-21,MCI,EVE,1,0.6365853658536585,0.611745502538071,0.6245606408871758,1.49,1.0542827020494228,V0.6,-0.01202472496648277,-0.06940464507810806,0.49,-2.5% to 0%
2021_22_20211121_TOT_LEE,2021_22,2021-11-21,TOT,LEE,1,0.5428571428571429,0.5389204376263114,0.5429931891727674,1.76,1.0466507177033493,V0.6,0.00013604631562447178,-0.044331987055929334,0.76,0% to 2.5%
2021_22_20211127_ARS_NEW,2021_22,2021-11-27,ARS,NEW,0,0.589873417721519,0.5117640435427935,0.5682077744712952,1.62,1.046468499973507,V0.6,-0.0216656432502238,-0.07950340535650169,-1.0,-2.5% to 0%
2021_22_20211127_BRI_LEE,2021_22,2021-11-27,BRI,LEE,0,0.4973958333333334,0.4829247840374789,0.5265731587656135,1.93,1.0416949244499905,V0.6,0.029177325432280077,0.016286196417633958,-1.0,2.5% to 5%
2021_22_20211127_CRY_AVL,2021_22,2021-11-27,CRY,AVL,1,0.4753246753246753,0.4703617257345874,0.4535985618972966,2.02,1.041497592382189,V0.6,-0.021726113427378735,-0.08373090496746094,1.02,-2.5% to 0%
2021_22_20211127_LIV_SOU,2021_22,2021-11-27,LIV,SOU,1,0.6736111111111112,0.5651095329487998,0.6331880212878259,1.41,1.0528624698398772,V0.6,-0.04042308982328524,-0.10720488998416555,0.4099999999999999,-5% to -2.5%
2021_22_20211127_NOR_WOL,2021_22,2021-11-27,NOR,WOL,0,0.416243654822335,0.423422795470685,0.4044612045999295,2.3,1.0445387062566278,V0.6,-0.011782450222405483,-0.0697392294201622,-1.0,-2.5% to 0%
2021_22_20211128_BRE_EVE,2021_22,2021-11-28,BRE,EVE,0,0.440721649484536,0.5165640385702813,0.4562855853311399,2.17,1.0456248147249845,V0.6,0.015563935846603871,-0.009860279831426455,-1.0,0% to 2.5%
2021_22_20211128_CHE_MUN,2021_22,2021-11-28,CHE,MUN,0,0.5286458333333333,0.547676517486943,0.4762319541921288,1.81,1.0450970252837275,V0.6,-0.052413879141204434,-0.13802016291224684,-1.0,-10% to -5%
2021_22_20211128_LEI_WAT,2021_22,2021-11-28,LEI,WAT,1,0.5743589743589743,0.4980347943724186,0.5514478535232035,1.66,1.0488382099827884,V0.6,-0.02291112083577085,-0.08459656315148234,0.6599999999999999,-2.5% to 0%
2021_22_20211128_MCI_WHU,2021_22,2021-11-28,MCI,WHU,1,0.6332518337408313,0.5961966843840029,0.6013453630507507,1.5,1.0527670527670527,V0.6,-0.03190647069008057,-0.09798195542387389,0.5,-5% to -2.5%
2021_22_20211130_LEE_CRY,2021_22,2021-11-30,LEE,CRY,0,0.5,0.4739650511786281,0.4902706102445386,1.92,1.0416666666666667,V0.6,-0.009729389755461393,-0.05868042833048592,-1.0,-2.5% to 0%
2021_22_20211130_NEW_NOR,2021_22,2021-11-30,NEW,NOR,0,0.5234374999999999,0.4436180860745141,0.5183737095018656,1.83,1.0439605252426394,V0.6,-0.005063790498134324,-0.05137611161158595,-1.0,-2.5% to 0%
2021_22_20211201_AVL_MCI,2021_22,2021-12-01,AVL,MCI,1,0.5852417302798981,0.5865643269584042,0.6516776028870396,1.63,1.0482795412109898,V0.6,0.06643587260714146,0.062234492705874445,0.6299999999999999,5% to 10%
2021_22_20211201_EVE_LIV,2021_22,2021-12-01,EVE,LIV,1,0.5984848484848484,0.6034661781483808,0.6394418352427989,1.59,1.0508717458801051,V0.6,0.04095698675795045,0.016712518036050117,0.5900000000000001,2.5% to 5%
2021_22_20211201_SOU_LEI,2021_22,2021-12-01,SOU,LEI,1,0.5376623376623377,0.505594353982836,0.5523349828462814,1.78,1.0448895402486025,V0.6,0.014672645183943622,-0.016843730533619206,0.78,0% to 2.5%
2021_22_20211201_WAT_CHE,2021_22,2021-12-01,WAT,CHE,1,0.5592783505154639,0.5164516991147031,0.5575538715692167,1.71,1.0456248147249845,V0.6,-0.0017244789462472765,-0.04658287961663954,0.71,-2.5% to 0%
2021_22_20211201_WHU_BRI,2021_22,2021-12-01,WHU,BRI,0,0.4727272727272727,0.438099323631084,0.4348701423489533,2.03,1.0420613868889732,V0.6,-0.03785713037831939,-0.11721361103162486,-1.0,-5% to -2.5%
2021_22_20211201_WOL_BUR,2021_22,2021-12-01,WOL,BUR,0,0.4293059125964009,0.4538810617535895,0.4030435483861876,2.22,1.0492528456600314,V0.6,-0.026262364210213274,-0.10524332258266345,-1.0,-5% to -2.5%
2021_22_20211202_MUN_ARS,2021_22,2021-12-02,MUN,ARS,1,0.5324675324675325,0.5873614219375873,0.5847676281117931,1.8,1.043360433604336,V0.6,0.052300095644260525,0.052581730601227505,0.8,5% to 10%
2021_22_20211202_TOT_BRE,2021_22,2021-12-02,TOT,BRE,0,0.5052083333333333,0.495622867488178,0.471898175227581,1.9,1.0417797069994574,V0.6,-0.033310158105752274,-0.10339346706759622,-1.0,-5% to -2.5%
2021_22_20211204_NEW_BUR,2021_22,2021-12-04,NEW,BUR,0,0.4947916666666667,0.4584518763347355,0.4991771024096705,1.94,1.0417797069994574,V0.6,0.004385435743003818,-0.03159642132523921,-1.0,0% to 2.5%
2021_22_20211204_SOU_BRI,2021_22,2021-12-04,SOU,BRI,0,0.442159383033419,0.4425338064000205,0.4455645562032481,2.17,1.0422248419247668,V0.6,0.003405173169829079,-0.03312491303895171,-1.0,0% to 2.5%
2021_22_20211204_WAT_MCI,2021_22,2021-12-04,WAT,MCI,1,0.660377358490566,0.6119278604455791,0.7307999147276227,1.44,1.0515873015873016,V0.6,0.07042255623705673,0.052351877207776676,0.43999999999999995,5% to 10%
2021_22_20211204_WHU_CHE,2021_22,2021-12-04,WHU,CHE,1,0.466321243523316,0.5562930182443607,0.4815492482078508,2.06,1.040992448759439,V0.6,0.01522800468453478,-0.008008548691827322,1.06,0% to 2.5%
2021_22_20211204_WOL_LIV,2021_22,2021-12-04,WOL,LIV,0,0.5652173913043478,0.5781351325386329,0.6268204623990362,1.7,1.0407239819004526,V0.6,0.06160307109468843,0.06559478607836144,-1.0,5% to 10%
2021_22_20211205_AVL_LEI,2021_22,2021-12-05,AVL,LEI,1,0.5130208333333333,0.5346147380049179,0.5396981214346771,1.87,1.0423735714867397,V0.6,0.026677288101343843,0.009235487082846161,0.8700000000000001,2.5% to 5%
2021_22_20211205_LEE_BRE,2021_22,2021-12-05,LEE,BRE,1,0.5,0.4715107537573057,0.489978110514165,1.92,1.0416666666666667,V0.6,-0.01002188948583499,-0.05924202781280319,0.9199999999999999,-2.5% to 0%
2021_22_20211205_MUN_CRY,2021_22,2021-12-05,MUN,CRY,0,0.5414507772020726,0.4993837553895147,0.5239899577444355,1.77,1.0434406509339604,V0.6,-0.01746081945763711,-0.07253777479234924,-1.0,-2.5% to 0%
2021_22_20211205_TOT_NOR,2021_22,2021-12-05,TOT,NOR,1,0.5208333333333334,0.5052002443179784,0.5281725896681341,1.84,1.0434782608695652,V0.6,0.007339256334800703,-0.028162435010633313,0.8400000000000001,0% to 2.5%
2021_22_20211206_EVE_ARS,2021_22,2021-12-06,EVE,ARS,1,0.4701298701298701,0.5494739706657416,0.5097307766013922,2.04,1.0426822662766764,V0.6,0.03960090647152209,0.03985078426684008,1.04,2.5% to 5%
2021_22_20211210_BRE_WAT,2021_22,2021-12-10,BRE,WAT,1,0.4817708333333334,0.4897360524295707,0.473503640555999,1.99,1.0430531033546109,V0.6,-0.008267192777334453,-0.057727755293562,0.99,-2.5% to 0%
2021_22_20211211_ARS_SOU,2021_22,2021-12-11,ARS,SOU,1,0.5350649350649351,0.5460080506102698,0.5465342266914127,1.79,1.0440961110809783,V0.6,0.011469291626477585,-0.021703734222371263,0.79,0% to 2.5%
2021_22_20211211_CHE_LEE,2021_22,2021-12-11,CHE,LEE,1,0.6015037593984962,0.585974649354163,0.6264161735364819,1.59,1.0455974842767295,V0.6,0.024912414137985728,-0.003998284076993652,0.5900000000000001,0% to 2.5%
2021_22_20211211_LIV_AVL,2021_22,2021-12-11,LIV,AVL,0,0.6796338672768879,0.6104838287202133,0.6710843233855324,1.4,1.050986050986051,V0.6,-0.008549543891355538,-0.0604819472602548,-1.0,-2.5% to 0%
2021_22_20211211_MCI_WOL,2021_22,2021-12-11,MCI,WOL,0,0.6163366336633663,0.5596602535741324,0.6089937596206279,1.55,1.046767716025392,V0.6,-0.007342874042738479,-0.0560596725880268,-1.0,-2.5% to 0%
2021_22_20211211_NOR_MUN,2021_22,2021-12-11,NOR,MUN,0,0.5604113110539846,0.4736062996184101,0.5913068817715909,1.71,1.043510917967702,V0.6,0.03089557071760629,0.011134767829420245,-1.0,2.5% to 5%
2021_22_20211212_BUR_WHU,2021_22,2021-12-12,BUR,WHU,0,0.5208333333333334,0.478059591631321,0.5239318959309128,1.84,1.0434782608695652,V0.6,0.0030985625975794573,-0.035965311487120344,-1.0,0% to 2.5%
2021_22_20211212_CRY_EVE,2021_22,2021-12-12,CRY,EVE,1,0.4137055837563452,0.5181388970298312,0.4389908793376261,2.31,1.0463973654157703,V0.6,0.025285295581280898,0.014068931269916263,1.31,2.5% to 5%
2021_22_20211212_LEI_NEW,2021_22,2021-12-12,LEI,NEW,1,0.5969773299748111,0.538180089140151,0.6210000642183466,1.6,1.046940928270042,V0.6,0.024022734243535515,-0.006399897250645381,0.6000000000000001,0% to 2.5%
2021_22_20211214_MCI_LEE,2021_22,2021-12-14,MCI,LEE,1,0.7024070021881839,0.583290464840624,0.6734698801966503,1.36,1.0468205973978375,V0.6,-0.028937121991533532,-0.08408096293255551,0.3600000000000001,-5% to -2.5%
2021_22_20211214_NOR_AVL,2021_22,2021-12-14,NOR,AVL,0,0.4484536082474227,0.4551079326322235,0.4673867399478611,2.14,1.0420023633043292,V0.6,0.01893313170043842,0.00020762348842295886,-1.0,0% to 2.5%
2021_22_20211215_ARS_WHU,2021_22,2021-12-15,ARS,WHU,0,0.5246753246753246,0.5715915186110296,0.5455548950045731,1.83,1.041497592382189,V0.6,0.020879570329248476,-0.0016345421416311678,-1.0,0% to 2.5%
2021_22_20211215_BRI_WOL,2021_22,2021-12-15,BRI,WOL,0,0.3793103448275862,0.4508090770814288,0.4121725182540121,2.52,1.046176046176046,V0.6,0.03286217342642589,0.03867474600011045,-1.0,2.5% to 5%
2021_22_20211215_CRY_SOU,2021_22,2021-12-15,CRY,SOU,1,0.4559585492227979,0.4880853667843072,0.454204206755442,2.1,1.0443722943722944,V0.6,-0.001754342467355896,-0.046171165813571835,1.1,-2.5% to 0%
2021_22_20211216_CHE_EVE,2021_22,2021-12-16,CHE,EVE,0,0.5581395348837209,0.5909296722044441,0.569741464291073,1.71,1.04775828460039,V0.6,0.011601929407352052,-0.025742096062265185,-1.0,0% to 2.5%
2021_22_20211216_LIV_NEW,2021_22,2021-12-16,LIV,NEW,1,0.7152034261241969,0.5848633272340784,0.6957511299667241,1.33,1.0512808968529108,V0.6,-0.019452296157472793,-0.07465099714425694,0.33000000000000007,-2.5% to 0%
2021_22_20211218_LEE_ARS,2021_22,2021-12-18,LEE,ARS,1,0.5466321243523315,0.570674379558106,0.5964642051938256,1.75,1.045362220717671,V0.6,0.04983208084149404,0.043812359089194786,0.75,2.5% to 5%
2021_22_20211219_NEW_MCI,2021_22,2021-12-19,NEW,MCI,1,0.6532066508313539,0.6048576018529674,0.728648747456792,1.46,1.048567870485679,V0.6,0.0754420966254381,0.06382717128691628,0.45999999999999996,5% to 10%
2021_22_20211219_TOT_LIV,2021_22,2021-12-19,TOT,LIV,1,0.583756345177665,0.6244167067802551,0.6209464916424273,1.64,1.0445387062566278,V0.6,0.037190146464762375,0.018352246293580787,0.6399999999999999,2.5% to 5%
2021_22_20211219_WOL_CHE,2021_22,2021-12-19,WOL,CHE,0,0.4496124031007751,0.5246923096307654,0.4829219512018489,2.13,1.0441962117532784,V0.6,0.03330954810107378,0.028623756059938055,-1.0,2.5% to 5%
2021_22_20211226_AVL_CHE,2021_22,2021-12-26,AVL,CHE,1,0.4727272727272727,0.5247101589525504,0.4882576593730134,2.03,1.0420613868889732,V0.6,0.01553038664574069,-0.00883695147278285,1.0299999999999998,0% to 2.5%
2021_22_20211226_BRI_BRE,2021_22,2021-12-26,BRI,BRE,0,0.4355670103092783,0.4532452640456347,0.4268584993600718,2.19,1.048336980897571,V0.6,-0.008708510949206494,-0.06517988640144279,-1.0,-2.5% to 0%
2021_22_20211226_MCI_LEI,2021_22,2021-12-26,MCI,LEI,1,0.6840909090909091,0.6098991875454873,0.6192032949470987,1.39,1.0516503740529173,V0.6,-0.06488761414381039,-0.1393074200235329,0.3899999999999999,-10% to -5%
2021_22_20211226_NOR_ARS,2021_22,2021-12-26,NOR,ARS,1,0.5376623376623377,0.5070770697079612,0.5834715744914071,1.78,1.0448895402486025,V0.6,0.045809236829069344,0.038579402594704604,0.78,2.5% to 5%
2021_22_20211226_TOT_CRY,2021_22,2021-12-26,TOT,CRY,1,0.4960835509138382,0.5064528380993465,0.4522018609788508,1.93,1.0444505044995909,V0.6,-0.04388168993498742,-0.12725040831081802,0.9299999999999999,-5% to -2.5%
2021_22_20211226_WHU_SOU,2021_22,2021-12-26,WHU,SOU,1,0.5466321243523315,0.4989387768903707,0.5441981476394857,1.75,1.045362220717671,V0.6,-0.0024339767128458423,-0.04765324163090001,0.75,-2.5% to 0%
2021_22_20211227_NEW_MUN,2021_22,2021-12-27,NEW,MUN,0,0.5913705583756345,0.5310495068877806,0.6437289169137059,1.61,1.0503025617785835,V0.6,0.05235835853807147,0.0364035562310665,-1.0,5% to 10%
2021_22_20211228_CRY_NOR,2021_22,2021-12-28,CRY,NOR,1,0.4470284237726098,0.4783862903375446,0.4561094985883469,2.14,1.045324401707093,V0.6,0.009081074815737056,-0.02392567302093762,1.1400000000000001,0% to 2.5%
2021_22_20211228_LEI_LIV,2021_22,2021-12-28,LEI,LIV,0,0.7209302325581396,0.6214077976583852,0.736397627922221,1.32,1.050830889540567,V0.6,0.015467395364081371,-0.027955131142668233,-1.0,0% to 2.5%
2021_22_20211228_SOU_TOT,2021_22,2021-12-28,SOU,TOT,0,0.5039164490861618,0.537724354807554,0.52594051965602,1.9,1.0444505044995909,V0.6,0.022024070569858112,-0.0007130126535621617,-1.0,0% to 2.5%
2021_22_20211228_WAT_WHU,2021_22,2021-12-28,WAT,WHU,1,0.5529715762273902,0.506852366398938,0.5586896410772906,1.73,1.045324401707093,V0.6,0.0057180648499003395,-0.03346692093628734,0.73,0% to 2.5%
2021_22_20211229_BRE_MCI,2021_22,2021-12-29,BRE,MCI,0,0.6383495145631067,0.5884047961295128,0.6742782623174797,1.49,1.0513690764794448,V0.6,0.035928747754372936,0.004674610853044658,-1.0,2.5% to 5%
2021_22_20211229_CHE_BRI,2021_22,2021-12-29,CHE,BRI,0,0.5065274151436031,0.525846717680689,0.5176598891506944,1.89,1.0445644466263024,V0.6,0.011132474007091275,-0.02162280950518769,-1.0,0% to 2.5%
2021_22_20211230_MUN_BUR,2021_22,2021-12-30,MUN,BUR,1,0.5655526992287918,0.4811746289286669,0.5578814496205199,1.69,1.0462614308768154,V0.6,-0.007671249608271924,-0.05718035014132139,0.69,-2.5% to 0%
2021_22_20220101_ARS_MCI,2021_22,2022-01-01,ARS,MCI,1,0.6030150753768844,0.6272229848802038,0.5866834977835049,1.58,1.04957805907173,V0.6,-0.016331577593379443,-0.07304007350206221,0.5800000000000001,-2.5% to 0%
2021_22_20220101_CRY_WHU,2021_22,2022-01-01,CRY,WHU,1,0.5130208333333333,0.5182678760861532,0.5256912215990286,1.87,1.0423735714867397,V0.6,0.012670388265695331,-0.01695741560981645,0.8700000000000001,0% to 2.5%
2021_22_20220101_WAT_TOT,2021_22,2022-01-01,WAT,TOT,0,0.5390625,0.5682265905468353,0.5915365770127485,1.77,1.048063538852043,V0.6,0.05247407701274853,0.04701974131256481,-1.0,5% to 10%
2021_22_20220102_BRE_AVL,2021_22,2022-01-02,BRE,AVL,1,0.4609375,0.4844252569000463,0.4684364542560753,2.07,1.048063538852043,V0.6,0.007498954256075274,-0.030336539689924225,1.0699999999999998,0% to 2.5%
2021_22_20220102_CHE_LIV,2021_22,2022-01-02,CHE,LIV,1,0.5338541666666666,0.6397946328556794,0.5793832106113929,1.79,1.0464640959258755,V0.6,0.04552904394472623,0.037095946994393225,0.79,2.5% to 5%
2021_22_20220102_EVE_BRI,2021_22,2022-01-02,EVE,BRI,1,0.4282051282051282,0.4574530693639804,0.4127185500186619,2.23,1.0472328884831237,V0.6,-0.01548657818646626,-0.07963763345838393,1.23,-2.5% to 0%
2021_22_20220102_LEE_BUR,2021_22,2022-01-02,LEE,BUR,1,0.5117493472584856,0.4876359964886673,0.5229653420456907,1.87,1.044963439921423,V0.6,0.01121599478720503,-0.022054810374558365,0.8700000000000001,0% to 2.5%
2021_22_20220103_MUN_WOL,2021_22,2022-01-03,MUN,WOL,0,0.4908616187989557,0.4699960113732118,0.4839694123191665,1.95,1.044735406437534,V0.6,-0.006892206479789165,-0.05625964597762534,-1.0,-2.5% to 0%
2021_22_20220111_SOU_BRE,2021_22,2022-01-11,SOU,BRE,1,0.4727272727272727,0.4803078243772601,0.4701295534127961,2.03,1.0420613868889732,V0.6,-0.0025977193144766098,-0.045637006572023964,1.0299999999999998,-2.5% to 0%
2021_22_20220112_WHU_NOR,2021_22,2022-01-12,WHU,NOR,0,0.5743589743589743,0.4664509165640477,0.5413463853949693,1.66,1.0488382099827884,V0.6,-0.03301258896400505,-0.10136500024435102,-1.0,-5% to -2.5%
2021_22_20220114_BRI_CRY,2021_22,2022-01-14,BRI,CRY,0,0.4395886889460154,0.4318171600093605,0.3991764177827864,2.18,1.043510917967702,V0.6,-0.040412271163228985,-0.12979540923352562,-1.0,-5% to -2.5%
2021_22_20220115_AVL_MUN,2021_22,2022-01-15,AVL,MUN,1,0.5130208333333333,0.5251085095975235,0.5670582701488684,1.87,1.0423735714867397,V0.6,0.05403743681553519,0.060398965178384056,0.8700000000000001,5% to 10%
2021_22_20220115_MCI_CHE,2021_22,2022-01-15,MCI,CHE,0,0.5234374999999999,0.6389061770232435,0.4784912134357141,1.83,1.0439605252426394,V0.6,-0.04494628656428579,-0.12436107941264318,-1.0,-5% to -2.5%
2021_22_20220115_NEW_WAT,2021_22,2022-01-15,NEW,WAT,0,0.5338541666666666,0.4875805983774467,0.5468277337920376,1.79,1.0464640959258755,V0.6,0.01297356712537101,-0.02117835651225264,-1.0,0% to 2.5%
2021_22_20220115_NOR_EVE,2021_22,2022-01-15,NOR,EVE,1,0.4609375,0.4828079688754661,0.4898121411615326,2.07,1.048063538852043,V0.6,0.0288746411615326,0.013911132204372345,1.0699999999999998,2.5% to 5%
2021_22_20220115_WOL_SOU,2021_22,2022-01-15,WOL,SOU,1,0.3984962406015038,0.4472564053889554,0.3761549096228301,2.4,1.0455974842767295,V0.6,-0.02234133097867369,-0.09722821690520778,1.4,-2.5% to 0%
2021_22_20220116_LIV_BRE,2021_22,2022-01-16,LIV,BRE,1,0.578005115089514,0.5963171110061496,0.5737533636744795,1.65,1.048538482166801,V0.6,-0.004251751415034533,-0.05330694993710894,0.6499999999999999,-2.5% to 0%
2021_22_20220116_WHU_LEE,2021_22,2022-01-16,WHU,LEE,1,0.5877862595419847,0.4854706416005787,0.504346497920563,1.62,1.050184383517717,V0.6,-0.08343976162142175,-0.18295867336868799,0.6200000000000001,-10% to -5%
2021_22_20220118_BRI_CHE,2021_22,2022-01-18,BRI,CHE,0,0.4545454545454546,0.5077882300580415,0.4747203946421788,2.1,1.0476190476190474,V0.6,0.020174940096724214,-0.0030871712514244365,-1.0,0% to 2.5%
2021_22_20220119_BRE_MUN,2021_22,2022-01-19,BRE,MUN,1,0.5065274151436031,0.5481457679643805,0.5756642891058146,1.89,1.0445644466263024,V0.6,0.06913687396221146,0.08800550640998939,0.8899999999999999,5% to 10%
2021_22_20220119_LEI_TOT,2021_22,2022-01-19,LEI,TOT,1,0.5364583333333334,0.562796566795668,0.5411853516729499,1.78,1.0472346460128723,V0.6,0.004727018339616529,-0.03669007402214919,0.78,0% to 2.5%
2021_22_20220121_WAT_NOR,2021_22,2022-01-21,WAT,NOR,1,0.5039164490861618,0.4479977351283284,0.5005955711659201,1.9,1.0444505044995909,V0.6,-0.003320877920241716,-0.04886841478475179,0.8999999999999999,-2.5% to 0%
2021_22_20220122_BRE_WOL,2021_22,2022-01-22,BRE,WOL,1,0.3802469135802469,0.4519706113119589,0.3872032013080533,2.51,1.0477570238526417,V0.6,0.006956287727806376,-0.02811996471678635,1.5099999999999998,0% to 2.5%
2021_22_20220122_EVE_AVL,2021_22,2022-01-22,EVE,AVL,0,0.4739583333333334,0.4597981231987797,0.4346803401559541,2.02,1.0445000544010443,V0.6,-0.039277993177379344,-0.1219457128849728,-1.0,-5% to -2.5%
2021_22_20220122_LEE_NEW,2021_22,2022-01-22,LEE,NEW,0,0.5743589743589743,0.5012646047830397,0.5633104857470961,1.66,1.0488382099827884,V0.6,-0.011048488611878238,-0.0649045936598206,-1.0,-2.5% to 0%
2021_22_20220122_MUN_WHU,2021_22,2022-01-22,MUN,WHU,0,0.5655526992287918,0.5250100398992076,0.5310867149253149,1.69,1.0462614308768154,V0.6,-0.034465984303476915,-0.10246345177621785,-1.0,-5% to -2.5%
2021_22_20220122_SOU_MCI,2021_22,2022-01-22,SOU,MCI,0,0.6449275362318841,0.589875683537726,0.6614375345948164,1.47,1.0548039440495298,V0.6,0.01650999836293221,-0.02768682414561996,-1.0,0% to 2.5%
2021_22_20220123_ARS_BUR,2021_22,2022-01-23,ARS,BUR,0,0.5428571428571429,0.4995165745825923,0.4914992414514134,1.76,1.0466507177033493,V0.6,-0.051357901405729545,-0.13496133504551244,-1.0,-10% to -5%
2021_22_20220123_CHE_TOT,2021_22,2022-01-23,CHE,TOT,0,0.5013054830287206,0.5770467813701977,0.5101624796735306,1.91,1.0443935427574171,V0.6,0.008856996644809989,-0.025589663823556652,-1.0,0% to 2.5%
2021_22_20220123_CRY_LIV,2021_22,2022-01-23,CRY,LIV,1,0.5569948186528497,0.571691309440637,0.5888858073745517,1.71,1.0499116007071942,V0.6,0.03189098872170193,0.006994730610483391,0.71,2.5% to 5%
2021_22_20220123_LEI_BRI,2021_22,2022-01-23,LEI,BRI,0,0.4908616187989557,0.4736133958434289,0.4545095382952049,1.95,1.044735406437534,V0.6,-0.03635208050375077,-0.11370640032435042,-1.0,-5% to -2.5%
2021_22_20220205_BUR_WAT,2021_22,2022-02-05,BUR,WAT,0,0.4571428571428572,0.4985216892198314,0.4856566374461065,2.09,1.0466507177033493,V0.6,0.028513780303249303,0.015022372262362582,-1.0,2.5% to 5%
2021_22_20220208_BUR_MUN,2021_22,2022-02-08,BUR,MUN,0,0.5221932114882506,0.5057474048783528,0.5733045302241642,1.83,1.046448087431694,V0.6,0.05111131873591357,0.04914729031022036,-1.0,5% to 10%
2021_22_20220208_NEW_EVE,2021_22,2022-02-08,NEW,EVE,1,0.5065274151436031,0.4892668253861,0.5304133916164199,1.89,1.0445644466263024,V0.6,0.02388597647281676,0.0024813101550336114,0.8899999999999999,0% to 2.5%
2021_22_20220208_WHU_WAT,2021_22,2022-02-08,WHU,WAT,0,0.5402597402597403,0.5096703573274708,0.5272872592684797,1.77,1.04574098218166,V0.6,-0.012972480991260582,-0.06670155109479081,-1.0,-2.5% to 0%
2021_22_20220209_AVL_LEE,2021_22,2022-02-09,AVL,LEE,1,0.5629820051413882,0.4918306761827057,0.5383176012079631,1.7,1.0448562986838572,V0.6,-0.02466440393342506,-0.08486007794646266,0.7,-2.5% to 0%
2021_22_20220209_MCI_BRE,2021_22,2022-02-09,MCI,BRE,0,0.6984478935698448,0.6037894715260643,0.6617471118452777,1.36,1.052754435107376,V0.6,-0.036700781724567144,-0.10002392789042225,-1.0,-5% to -2.5%
2021_22_20220209_NOR_CRY,2021_22,2022-02-09,NOR,CRY,0,0.451948051948052,0.4225401083275312,0.4133278704875555,2.11,1.0486462929672604,V0.6,-0.038620181460496505,-0.12787819327125793,-1.0,-5% to -2.5%
2021_22_20220209_TOT_SOU,2021_22,2022-02-09,TOT,SOU,1,0.5390625,0.5487967619610338,0.5209301815608445,1.77,1.048063538852043,V0.6,-0.018132318439155526,-0.07795357863730523,0.77,-2.5% to 0%
2021_22_20220210_LIV_LEI,2021_22,2022-02-10,LIV,LEI,0,0.7145922746781115,0.6201828929248819,0.7014649294623126,1.33,1.052179999548421,V0.6,-0.013127345215798836,-0.06705164381512418,-1.0,-2.5% to 0%
2021_22_20220210_WOL_ARS,2021_22,2022-02-10,WOL,ARS,0,0.4137055837563452,0.5045385319782523,0.4077884506387415,2.31,1.0463973654157703,V0.6,-0.005917133117603723,-0.058008679024507126,-1.0,-2.5% to 0%
2021_22_20220212_BRE_CRY,2021_22,2022-02-12,BRE,CRY,0,0.4101265822784811,0.4819161429175512,0.4068653289576808,2.33,1.046468499973507,V0.6,-0.0032612533208002947,-0.052003783528603686,-1.0,-2.5% to 0%
2021_22_20220212_EVE_LEE,2021_22,2022-02-12,EVE,LEE,1,0.5790816326530612,0.5166876601371363,0.5588957733213298,1.65,1.0465892404218395,V0.6,-0.02018585933173145,-0.07782197401980595,0.6499999999999999,-2.5% to 0%
2021_22_20220212_MUN_SOU,2021_22,2022-02-12,MUN,SOU,0,0.5655526992287918,0.5357217252240172,0.563719329601642,1.69,1.0462614308768154,V0.6,-0.0018333696271498612,-0.04731433297322518,-1.0,-2.5% to 0%
2021_22_20220212_NOR_MCI,2021_22,2022-02-12,NOR,MCI,1,0.6682242990654206,0.5738593160929637,0.7327490937548902,1.42,1.0538757017630258,V0.6,0.06452479468946959,0.0405037131319439,0.41999999999999993,5% to 10%
2021_22_20220212_WAT_BRI,2021_22,2022-02-12,WAT,BRI,0,0.4126582278481012,0.4285730128377073,0.4040762688225645,2.32,1.0445314152739582,V0.6,-0.008581959025536712,-0.06254305633165047,-1.0,-2.5% to 0%
2021_22_20220213_BUR_LIV,2021_22,2022-02-13,BUR,LIV,0,0.595959595959596,0.5528733453208595,0.6629151205881958,1.6,1.048728813559322,V0.6,0.06695552462859977,0.06066419294111336,-1.0,5% to 10%
2021_22_20220213_LEI_WHU,2021_22,2022-02-13,LEI,WHU,1,0.5717948717948719,0.5814395586050154,0.6033720002284628,1.67,1.0472328884831237,V0.6,0.03157712843359095,0.0076312403815328445,0.6699999999999999,2.5% to 5%
2021_22_20220213_NEW_AVL,2021_22,2022-02-13,NEW,AVL,0,0.5260416666666667,0.4440074007152997,0.4999020127501646,1.82,1.0445000544010443,V0.6,-0.026139653916502137,-0.09017833679470044,-1.0,-5% to -2.5%
2021_22_20220213_TOT_WOL,2021_22,2022-02-13,TOT,WOL,0,0.4395886889460154,0.5255387452403185,0.4461909096627384,2.18,1.043510917967702,V0.6,0.006602220716723006,-0.027303816935230207,-1.0,0% to 2.5%
2021_22_20220215_MUN_BRI,2021_22,2022-02-15,MUN,BRI,0,0.5065274151436031,0.4680612347315358,0.481962357544464,1.89,1.0445644466263024,V0.6,-0.02456505759913913,-0.0890911442409631,-1.0,-2.5% to 0%
2021_22_20220219_ARS_BRE,2021_22,2022-02-19,ARS,BRE,1,0.4895833333333333,0.5244559831899087,0.4600063776372042,1.96,1.0421189752496742,V0.6,-0.029576955696129115,-0.09838749983107975,0.96,-5% to -2.5%
2021_22_20220219_AVL_WAT,2021_22,2022-02-19,AVL,WAT,0,0.4869791666666667,0.4871071552709455,0.5111630095026704,1.97,1.0423735714867397,V0.6,0.024183842836003666,0.006991128720260642,-1.0,0% to 2.5%
2021_22_20220219_BRI_BUR,2021_22,2022-02-19,BRI,BUR,1,0.4293059125964009,0.4480746678850884,0.4368870591331308,2.22,1.0492528456600314,V0.6,0.007581146536729921,-0.03011072872444953,1.2200000000000002,0% to 2.5%
2021_22_20220219_CRY_CHE,2021_22,2022-02-19,CRY,CHE,0,0.4765625,0.5569267922097194,0.5385878710044191,2.01,1.0439605252426394,V0.6,0.06202537100441907,0.08256162071888218,-1.0,5% to 10%
2021_22_20220219_LIV_NOR,2021_22,2022-02-19,LIV,NOR,1,0.7080610021786492,0.5213980989216486,0.6693513178479971,1.34,1.0539609644087256,V0.6,-0.03870968433065214,-0.10306923408368385,0.3400000000000001,-5% to -2.5%
2021_22_20220219_MCI_TOT,2021_22,2022-02-19,MCI,TOT,1,0.595959595959596,0.6719673920091869,0.6093017577110877,1.6,1.048728813559322,V0.6,0.013342161751491721,-0.025117187662259566,0.6000000000000001,0% to 2.5%
2021_22_20220219_SOU_EVE,2021_22,2022-02-19,SOU,EVE,0,0.53125,0.5120342425231023,0.5339951916527617,1.8,1.0457516339869282,V0.6,0.0027451916527616582,-0.03880865502502895,-1.0,0% to 2.5%
2021_22_20220219_WHU_NEW,2021_22,2022-02-19,WHU,NEW,0,0.5300261096605744,0.5229107996523036,0.5486496450716501,1.8,1.0481663929939793,V0.6,0.018623535411075753,-0.012430638871029687,-1.0,0% to 2.5%
2021_22_20220220_LEE_MUN,2021_22,2022-02-20,LEE,MUN,1,0.5852417302798981,0.5393410027846528,0.6074765960951467,1.63,1.0482795412109898,V0.6,0.022234865815248583,-0.009813148364910984,0.6299999999999999,0% to 2.5%
2021_22_20220220_WOL_LEI,2021_22,2022-02-20,WOL,LEI,1,0.4444444444444444,0.5036635609590462,0.4343893176373576,2.15,1.0465116279069768,V0.6,-0.010055126807086812,-0.06606296707968118,1.15,-2.5% to 0%
2021_22_20220223_BUR_TOT,2021_22,2022-02-23,BUR,TOT,0,0.4751958224543081,0.4800081267689569,0.4699168756983394,2.01,1.0469629872614947,V0.6,-0.005278946755968683,-0.05546707984633792,-1.0,-2.5% to 0%
2021_22_20220223_LIV_LEE,2021_22,2022-02-23,LIV,LEE,1,0.7495069033530573,0.5935201842540403,0.7057303456618251,1.27,1.0505594695399916,V0.6,-0.04377655769123212,-0.10372246100948213,0.27,-5% to -2.5%
2021_22_20220223_WAT_CRY,2021_22,2022-02-23,WAT,CRY,1,0.4344473007712082,0.4714518720965526,0.4484368014607147,2.2,1.0462614308768154,V0.6,0.013989500689506496,-0.01343903678642766,1.2000000000000002,0% to 2.5%
2021_22_20220224_ARS_WOL,2021_22,2022-02-24,ARS,WOL,1,0.4282051282051282,0.5082889022047495,0.3918941711645338,2.23,1.0472328884831237,V0.6,-0.036310957040594394,-0.1260759983030897,1.23,-5% to -2.5%
2021_22_20220225_SOU_NOR,2021_22,2022-02-25,SOU,NOR,0,0.5466321243523315,0.4817456519510964,0.5450011337034921,1.75,1.045362220717671,V0.6,-0.0016309906488394255,-0.04624801601888873,-1.0,-2.5% to 0%
2021_22_20220226_BRE_NEW,2021_22,2022-02-26,BRE,NEW,0,0.4198473282442748,0.4705059053619166,0.4437475593017863,2.28,1.0446570972886762,V0.6,0.02390023105751149,0.011744435208072668,-1.0,0% to 2.5%
2021_22_20220226_BRI_AVL,2021_22,2022-02-26,BRI,AVL,0,0.4444444444444444,0.4671210045645148,0.453831724418115,2.15,1.0465116279069768,V0.6,0.00938727997367056,-0.02426179250105287,-1.0,0% to 2.5%
2021_22_20220226_CRY_BUR,2021_22,2022-02-26,CRY,BUR,0,0.4198473282442748,0.4638637331434941,0.429630199739582,2.28,1.0446570972886762,V0.6,0.00978287149530721,-0.020443144593753182,-1.0,0% to 2.5%
2021_22_20220226_EVE_MCI,2021_22,2022-02-26,EVE,MCI,0,0.6169154228855721,0.6361511665924763,0.6814422167937129,1.54,1.0525764558022623,V0.6,0.06452679390814076,0.0494210138623179,-1.0,5% to 10%
2021_22_20220226_LEE_TOT,2021_22,2022-02-26,LEE,TOT,1,0.5873417721518986,0.5899455570236734,0.6452456522406954,1.63,1.0445314152739582,V0.6,0.057903880088796766,0.05175041315233342,0.6299999999999999,5% to 10%
2021_22_20220226_MUN_WAT,2021_22,2022-02-26,MUN,WAT,0,0.5816326530612244,0.5246891069209226,0.5895388849442096,1.64,1.048352588789046,V0.6,0.007906231882985226,-0.03315622869149637,-1.0,0% to 2.5%
2021_22_20220227_WHU_WOL,2021_22,2022-02-27,WHU,WOL,0,0.4173027989821883,0.4929845584080126,0.4075094200363361,2.29,1.0464373202683992,V0.6,-0.009793378945852194,-0.0668034281167903,-1.0,-2.5% to 0%
2021_22_20220301_BUR_LEI,2021_22,2022-03-01,BUR,LEI,0,0.484375,0.4892961824563573,0.4917673237783908,1.98,1.0426849136526557,V0.6,0.007392323778390775,-0.02630069891878628,-1.0,0% to 2.5%
2021_22_20220305_AVL_SOU,2021_22,2022-03-05,AVL,SOU,1,0.5221932114882506,0.4938721581280263,0.5328260016738359,1.83,1.046448087431694,V0.6,0.010632790185585272,-0.024928416936880304,0.8300000000000001,0% to 2.5%
2021_22_20220305_BUR_CHE,2021_22,2022-03-05,BUR,CHE,1,0.4609375,0.5026486492262504,0.4909039981565938,2.07,1.048063538852043,V0.6,0.0299664981565938,0.01617127618414904,1.0699999999999998,2.5% to 5%
2021_22_20220305_LEI_LEE,2021_22,2022-03-05,LEI,LEE,0,0.6188118811881189,0.5676711805052623,0.6004785731596124,1.54,1.0493506493506493,V0.6,-0.018333308028506523,-0.07526299733419695,-1.0,-2.5% to 0%
2021_22_20220305_LIV_WHU,2021_22,2022-03-05,LIV,WHU,0,0.635036496350365,0.6063345077091756,0.62023979329461,1.5,1.049808429118774,V0.6,-0.014796703055754978,-0.06964031005808502,-1.0,-2.5% to 0%
2021_22_20220305_NEW_BRI,2021_22,2022-03-05,NEW,BRI,1,0.423469387755102,0.4153684043381434,0.3810616947665554,2.26,1.0448875146604115,V0.6,-0.04240769298854663,-0.13880056982758493,1.2599999999999998,-5% to -2.5%
2021_22_20220305_NOR_BRE,2021_22,2022-03-05,NOR,BRE,1,0.4183673469387755,0.4312906627985459,0.3978498575661829,2.28,1.048352588789046,V0.6,-0.020517489372592568,-0.0929023247491031,1.2799999999999998,-2.5% to 0%
2021_22_20220305_WOL_CRY,2021_22,2022-03-05,WOL,CRY,0,0.3759213759213758,0.487821725593279,0.379078447463368,2.54,1.047295558643405,V0.6,0.0031570715419921846,-0.0371407434430453,-1.0,0% to 2.5%
2021_22_20220306_MCI_MUN,2021_22,2022-03-06,MCI,MUN,1,0.5949367088607596,0.6356401033602221,0.5968012891324629,1.6,1.050531914893617,V0.6,0.001864580271703331,-0.04511793738805936,0.6000000000000001,0% to 2.5%
2021_22_20220306_WAT_ARS,2021_22,2022-03-06,WAT,ARS,1,0.4739583333333334,0.5221162060088975,0.5186938130430694,2.02,1.0445000544010443,V0.6,0.04473547970973596,0.04776150234700016,1.02,2.5% to 5%
2021_22_20220307_TOT_EVE,2021_22,2022-03-07,TOT,EVE,1,0.5364583333333334,0.5686506335391968,0.5512717546694468,1.78,1.0472346460128723,V0.6,0.014813421336113408,-0.018736276688384734,0.78,0% to 2.5%
2021_22_20220310_LEE_AVL,2021_22,2022-03-10,LEE,AVL,1,0.5644329896907216,0.546219359073825,0.6126460023758767,1.69,1.048336980897571,V0.6,0.0482130126851551,0.03537174401523169,0.69,2.5% to 5%
2021_22_20220310_NOR_CHE,2021_22,2022-03-10,NOR,CHE,1,0.5555555555555556,0.5199787728178591,0.6255882528958087,1.72,1.0465116279069768,V0.6,0.07003269734025308,0.0760117949807908,0.72,5% to 10%
2021_22_20220310_SOU_NEW,2021_22,2022-03-10,SOU,NEW,1,0.5326370757180157,0.5091143102580529,0.5463785319977587,1.79,1.0488552963084674,V0.6,0.013741456279742992,-0.021982427724012044,0.79,0% to 2.5%
2021_22_20220310_WOL_WAT,2021_22,2022-03-10,WOL,WAT,1,0.4101265822784811,0.4523810978912173,0.396835563206784,2.33,1.046468499973507,V0.6,-0.013291019071697108,-0.07537313772819332,1.33,-2.5% to 0%
2021_22_20220312_BRE_BUR,2021_22,2022-03-12,BRE,BUR,0,0.4030226700251889,0.425392445287332,0.3828809701379275,2.37,1.046940928270042,V0.6,-0.02014169988726139,-0.09257210077311184,-1.0,-2.5% to 0%
2021_22_20220312_BRI_LIV,2021_22,2022-03-12,BRI,LIV,0,0.5666666666666667,0.5759968472753274,0.6570674928455765,1.69,1.0442046641141665,V0.6,0.09040082617890988,0.1104440629090242,-1.0,5% to 10%
2021_22_20220312_MUN_TOT,2021_22,2022-03-12,MUN,TOT,1,0.5503875968992248,0.5759246798657244,0.572556485820879,1.74,1.0441962117532784,V0.6,0.02216888892165425,-0.0037517146716704586,0.74,0% to 2.5%
2021_22_20220313_ARS_LEI,2021_22,2022-03-13,ARS,LEI,0,0.5862944162436549,0.6261224615028811,0.6292859419952519,1.63,1.0463973654157703,V0.6,0.04299152575159704,0.025736085452260582,-1.0,2.5% to 5%
2021_22_20220313_CHE_NEW,2021_22,2022-03-13,CHE,NEW,0,0.5581395348837209,0.507764633761411,0.5296083096007344,1.71,1.04775828460039,V0.6,-0.028531225282986572,-0.0943697905827443,-1.0,-5% to -2.5%
2021_22_20220313_EVE_WOL,2021_22,2022-03-13,EVE,WOL,0,0.4147582697201017,0.4696769309076933,0.3960489189027532,2.3,1.0482795412109898,V0.6,-0.018709350817348536,-0.08908748652366771,-1.0,-2.5% to 0%
2021_22_20220313_LEE_NOR,2021_22,2022-03-13,LEE,NOR,1,0.5717948717948719,0.5010586620108994,0.5923696354162351,1.67,1.0472328884831237,V0.6,0.020574763621363235,-0.010742708854887373,0.6699999999999999,0% to 2.5%
2021_22_20220313_SOU_WAT,2021_22,2022-03-13,SOU,WAT,1,0.5274151436031332,0.4867687452764926,0.5272930674349009,1.81,1.0475356927957988,V0.6,-0.00012207616823234346,-0.04559954794282939,0.81,-2.5% to 0%
2021_22_20220313_WHU_AVL,2021_22,2022-03-13,WHU,AVL,1,0.4895287958115184,0.5383476331130562,0.5091984030811314,1.95,1.0475798711092827,V0.6,0.019669607269612976,-0.0070631139917938235,0.95,0% to 2.5%
2021_22_20220314_CRY_MCI,2021_22,2022-03-14,CRY,MCI,0,0.5692307692307692,0.6009427054275671,0.6355036487406471,1.68,1.0456885456885456,V0.6,0.06627287950987792,0.0676461298842872,-1.0,5% to 10%
2021_22_20220316_ARS_LIV,2021_22,2022-03-16,ARS,LIV,0,0.5555555555555556,0.6435331841315343,0.5943303867901669,1.72,1.0465116279069768,V0.6,0.03877483123461134,0.022248265279087187,-1.0,2.5% to 5%
2021_22_20220316_BRI_TOT,2021_22,2022-03-16,BRI,TOT,0,0.4571428571428572,0.547204574142946,0.5100870474466266,2.09,1.0466507177033493,V0.6,0.0529441903037694,0.06608192916344957,-1.0,5% to 10%
2021_22_20220317_EVE_NEW,2021_22,2022-03-17,EVE,NEW,0,0.4830287206266319,0.4814552011761544,0.4905202013183518,1.98,1.0455910455910455,V0.6,0.007491480691719898,-0.028770001389663458,-1.0,0% to 2.5%
2021_22_20220318_WOL_LEE,2021_22,2022-03-18,WOL,LEE,1,0.4908616187989557,0.5284431024716194,0.4960687262847878,1.95,1.044735406437534,V0.6,0.005207107485832141,-0.032665983744663785,0.95,0% to 2.5%
2021_22_20220319_AVL_ARS,2021_22,2022-03-19,AVL,ARS,0,0.5117493472584856,0.5258483102595166,0.5117031885594702,1.87,1.044963439921423,V0.6,-4.615869901547498e-05,-0.043115037393790745,-1.0,-2.5% to 0%
2021_22_20220320_LEI_BRE,2021_22,2022-03-20,LEI,BRE,1,0.5039164490861618,0.5140504626125706,0.5042576899943364,1.9,1.0444505044995909,V0.6,0.000341240908174556,-0.04191038901076094,0.8999999999999999,0% to 2.5%
2021_22_20220320_TOT_WHU,2021_22,2022-03-20,TOT,WHU,1,0.5518134715025906,0.5552546366584746,0.5258544026512914,1.73,1.0475182501560425,V0.6,-0.025959068851299283,-0.09027188341326597,0.73,-5% to -2.5%
2021_22_20220402_BRI_NOR,2021_22,2022-04-02,BRI,NOR,0,0.4661458333333333,0.4384366536244016,0.4713367833790678,2.05,1.0464640959258755,V0.6,0.005190950045734499,-0.03375959407291107,-1.0,0% to 2.5%
2021_22_20220402_BUR_MCI,2021_22,2022-04-02,BUR,MCI,0,0.6005025125628142,0.5709623310524364,0.6912733286857079,1.59,1.047340859451067,V0.6,0.09077081612289373,0.09912459261027551,-1.0,5% to 10%
2021_22_20220402_CHE_BRE,2021_22,2022-04-02,CHE,BRE,1,0.5052356020942408,0.4992780733065826,0.4464338124904972,1.89,1.047235244126436,V0.6,-0.058801789603743604,-0.15624009439296038,0.8899999999999999,-10% to -5%
2021_22_20220402_LEE_SOU,2021_22,2022-04-02,LEE,SOU,0,0.5862944162436549,0.5096632526432963,0.6005806125350811,1.63,1.0463973654157703,V0.6,0.014286196291426245,-0.02105360156781788,-1.0,0% to 2.5%
2021_22_20220402_LIV_WAT,2021_22,2022-04-02,LIV,WAT,0,0.7045951859956237,0.5325823193559407,0.6495598299644738,1.35,1.0512997469519207,V0.6,-0.05503535603114984,-0.12309422954796034,-1.0,-10% to -5%
2021_22_20220402_MUN_LEI,2021_22,2022-04-02,MUN,LEI,0,0.6090225563909775,0.5658279646821326,0.6184678810677375,1.56,1.0525482747704968,V0.6,0.00944532467676007,-0.03519010553432944,-1.0,0% to 2.5%
2021_22_20220402_WOL_AVL,2021_22,2022-04-02,WOL,AVL,1,0.4020100502512562,0.4804504198694099,0.3927932276584813,2.38,1.0451680672268908,V0.6,-0.009216822592774898,-0.06515211817281452,1.38,-2.5% to 0%
2021_22_20220403_TOT_NEW,2021_22,2022-04-03,TOT,NEW,1,0.53125,0.4954394888516807,0.4710462124249096,1.8,1.0457516339869282,V0.6,-0.06020378757509037,-0.1521168176351626,0.8,-10% to -5%
2021_22_20220403_WHU_EVE,2021_22,2022-04-03,WHU,EVE,1,0.4934725848563968,0.5292494527229805,0.5242376013556075,1.94,1.0445644466263024,V0.6,0.030765016499210707,0.01702094662987852,0.94,2.5% to 5%
2021_22_20220404_CRY_ARS,2021_22,2022-04-04,CRY,ARS,1,0.4481865284974093,0.5150252387072307,0.451919620621689,2.13,1.0475182501560425,V0.6,0.003733092124279691,-0.03741120807580245,1.13,0% to 2.5%
2021_22_20220406_BUR_EVE,2021_22,2022-04-06,BUR,EVE,1,0.4245524296675191,0.4953262212992319,0.4730970961926671,2.25,1.0468540829986617,V0.6,0.048544666525147995,0.0644684664335009,1.25,2.5% to 5%
2021_22_20220408_NEW_WOL,2021_22,2022-04-08,NEW,WOL,0,0.3984962406015038,0.4731773664032748,0.3980727239885237,2.4,1.0455974842767295,V0.6,-0.00042351661298006826,-0.04462546242754306,-1.0,-2.5% to 0%
2021_22_20220409_ARS_BRI,2021_22,2022-04-09,ARS,BRI,1,0.4738219895287958,0.488346865491432,0.4512937827772303,2.01,1.0499986256562492,V0.6,-0.02252820675156547,-0.0928994966177672,1.0099999999999998,-2.5% to 0%
2021_22_20220409_AVL_TOT,2021_22,2022-04-09,AVL,TOT,1,0.5169712793733681,0.5352903620173258,0.513582589703698,1.85,1.0455910455910455,V0.6,-0.0033886896696700974,-0.0498722090481587,0.8500000000000001,-2.5% to 0%
2021_22_20220409_EVE_MUN,2021_22,2022-04-09,EVE,MUN,0,0.5208333333333334,0.5116929716154354,0.5325077860430574,1.84,1.0434782608695652,V0.6,0.011674452709724004,-0.020185673680774396,-1.0,0% to 2.5%
2021_22_20220409_SOU_CHE,2021_22,2022-04-09,SOU,CHE,1,0.4947916666666667,0.5479440083868528,0.5405674491984725,1.94,1.0417797069994574,V0.6,0.045775782531805864,0.048700851445036664,0.94,2.5% to 5%
2021_22_20220409_WAT_LEE,2021_22,2022-04-09,WAT,LEE,1,0.5402597402597403,0.5199401448702692,0.5623793079174039,1.77,1.04574098218166,V0.6,0.02211956765766354,-0.004588624986195167,0.77,0% to 2.5%
2021_22_20220410_BRE_WHU,2021_22,2022-04-10,BRE,WHU,0,0.4609375,0.4863299844022444,0.4390075067054576,2.07,1.048063538852043,V0.6,-0.021929993294542427,-0.09125446111970292,-1.0,-2.5% to 0%
2021_22_20220410_LEI_CRY,2021_22,2022-04-10,LEI,CRY,1,0.4908616187989557,0.4849707797717845,0.4715038411349713,1.95,1.044735406437534,V0.6,-0.019357777663984388,-0.08056750978680605,0.95,-2.5% to 0%
2021_22_20220410_MCI_LIV,2021_22,2022-04-10,MCI,LIV,1,0.5618556701030928,0.6640135120140211,0.5763634063073153,1.7,1.0469508904479223,V0.6,0.014507736204222521,-0.02018220927756398,0.7,0% to 2.5%
2021_22_20220410_NOR_BUR,2021_22,2022-04-10,NOR,BUR,0,0.4122137404580152,0.4256218507855778,0.3866732409293672,2.31,1.050184383517717,V0.6,-0.025540499528647953,-0.10678481345316171,-1.0,-5% to -2.5%
2021_22_20220416_MUN_NOR,2021_22,2022-04-16,MUN,NOR,1,0.6299019607843138,0.5124803922500079,0.6429914905182592,1.51,1.0513567139948978,V0.6,0.013089529733945393,-0.02908284931742855,0.51,0% to 2.5%
2021_22_20220416_SOU_ARS,2021_22,2022-04-16,SOU,ARS,0,0.5091383812010444,0.572842441295318,0.5839585077094582,1.88,1.044735406437534,V0.6,0.07482012650841385,0.09784199449378139,-1.0,5% to 10%
2021_22_20220416_TOT_BRI,2021_22,2022-04-16,TOT,BRI,0,0.5104712041884817,0.5197292463980162,0.4646402890224912,1.87,1.0475798711092827,V0.6,-0.04583091516599047,-0.13112265952794133,-1.0,-5% to -2.5%
2021_22_20220416_WAT_BRE,2021_22,2022-04-16,WAT,BRE,1,0.4507772020725388,0.4547786961914295,0.4259189786807734,2.12,1.046410756885708,V0.6,-0.02485822339176541,-0.0970517651967604,1.12,-2.5% to 0%
2021_22_20220417_NEW_LEI,2021_22,2022-04-17,NEW,LEI,1,0.4960835509138382,0.5421463132523066,0.5476334061014734,1.93,1.0444505044995909,V0.6,0.05154985518763516,0.05693247377584365,0.9299999999999999,5% to 10%
2021_22_20220417_WHU_BUR,2021_22,2022-04-17,WHU,BUR,0,0.4921465968586388,0.4505911366588901,0.4588620066982739,1.94,1.0473788111427944,V0.6,-0.03328459016036489,-0.10980770700534859,-1.0,-5% to -2.5%
2021_22_20220419_LIV_MUN,2021_22,2022-04-19,LIV,MUN,1,0.6341463414634148,0.6108022379319595,0.632183614378924,1.5,1.051282051282051,V0.6,-0.001962727084490745,-0.05172457843161404,0.5,-2.5% to 0%
2021_22_20220420_CHE_ARS,2021_22,2022-04-20,CHE,ARS,1,0.4687499999999999,0.566942106867402,0.4393757939606115,2.04,1.0457516339869282,V0.6,-0.029374206039388395,-0.10367338032035256,1.04,-5% to -2.5%
2021_22_20220420_EVE_LEI,2021_22,2022-04-20,EVE,LEI,0,0.5013054830287206,0.5092196423311441,0.5032512772604806,1.91,1.0443935427574171,V0.6,0.0019457942317600008,-0.03879006043248212,-1.0,0% to 2.5%
2021_22_20220420_MCI_BRI,2021_22,2022-04-20,MCI,BRI,1,0.5852417302798981,0.5449473765000404,0.5634084052155345,1.63,1.0482795412109898,V0.6,-0.02183332506436364,-0.08164429949867891,0.6299999999999999,-2.5% to 0%
2021_22_20220420_NEW_CRY,2021_22,2022-04-20,NEW,CRY,0,0.4333333333333333,0.4905692348122327,0.4507256704485991,2.21,1.0442046641141665,V0.6,0.017392337115265832,-0.003896268308595907,-1.0,0% to 2.5%
2021_22_20220421_BUR_SOU,2021_22,2022-04-21,BUR,SOU,0,0.4908616187989557,0.468544011291287,0.5041836166818079,1.95,1.044735406437534,V0.6,0.01332199788285221,-0.016841947470474627,-1.0,0% to 2.5%
2021_22_20220423_ARS_MUN,2021_22,2022-04-23,ARS,MUN,1,0.5286458333333333,0.5743442493043961,0.5441438031416798,1.81,1.0450970252837275,V0.6,0.015497969808346501,-0.015099716313559552,0.81,0% to 2.5%
2021_22_20220423_BRE_TOT,2021_22,2022-04-23,BRE,TOT,0,0.5143603133159269,0.537953363468143,0.5151201021394001,1.86,1.04524862180012,V0.6,0.000759788823473162,-0.041876610020715854,-1.0,0% to 2.5%
2021_22_20220423_LEI_AVL,2021_22,2022-04-23,LEI,AVL,0,0.5234374999999999,0.4968784910814594,0.5095586086776022,1.83,1.0439605252426394,V0.6,-0.013878891322397724,-0.067507746119988,-1.0,-2.5% to 0%
2021_22_20220423_MCI_WAT,2021_22,2022-04-23,MCI,WAT,1,0.6870748299319728,0.5611028421341429,0.6363152462946675,1.38,1.0546706844597504,V0.6,-0.05075958363730526,-0.12188496011335892,0.3799999999999999,-10% to -5%
2021_22_20220423_NOR_NEW,2021_22,2022-04-23,NOR,NEW,1,0.4908616187989557,0.4287551347510083,0.4831693557819276,1.95,1.044735406437534,V0.6,-0.007692263017028078,-0.05781975622524116,0.95,-2.5% to 0%
2021_22_20220424_BRI_SOU,2021_22,2022-04-24,BRI,SOU,1,0.4739583333333334,0.4273073178815575,0.4698872498163369,2.02,1.0445000544010443,V0.6,-0.004071083516996532,-0.05082775537099948,1.02,-2.5% to 0%
2021_22_20220424_BUR_WOL,2021_22,2022-04-24,BUR,WOL,0,0.399497487437186,0.4217563491807274,0.375001224976584,2.39,1.047340859451067,V0.6,-0.024496262460601992,-0.10374707230596414,-1.0,-2.5% to 0%
2021_22_20220424_CHE_WHU,2021_22,2022-04-24,CHE,WHU,0,0.5286458333333333,0.5467815993083666,0.5002743988651642,1.81,1.0450970252837275,V0.6,-0.028371434468169032,-0.09450333805405275,-1.0,-5% to -2.5%
2021_22_20220424_LIV_EVE,2021_22,2022-04-24,LIV,EVE,0,0.6579572446555819,0.5952102849026462,0.6489261264699179,1.44,1.0554552747693542,V0.6,-0.009031118185664044,-0.0655463778833183,-1.0,-2.5% to 0%
2021_22_20220425_CRY_LEE,2021_22,2022-04-25,CRY,LEE,0,0.5221932114882506,0.5216166443117715,0.5297492690508113,1.83,1.046448087431694,V0.6,0.007556057562560725,-0.03055883763701528,-1.0,0% to 2.5%
2021_22_20220428_MUN_CHE,2021_22,2022-04-28,MUN,CHE,0,0.5260416666666667,0.5841268572174068,0.5530774351766623,1.82,1.0445000544010443,V0.6,0.02703576850999556,0.006600932021525452,-1.0,2.5% to 5%
2021_22_20220430_AVL_NOR,2021_22,2022-04-30,AVL,NOR,0,0.5644329896907216,0.4948270778602506,0.6094890776635011,1.69,1.048336980897571,V0.6,0.04505608797277949,0.03003654125131683,-1.0,2.5% to 5%
2021_22_20220430_LEE_MCI,2021_22,2022-04-30,LEE,MCI,1,0.6457831325301205,0.5843169696756455,0.6692190318901917,1.47,1.0534064372017462,V0.6,0.023435899360071177,-0.016248023121418154,0.47,0% to 2.5%
2021_22_20220430_NEW_LIV,2021_22,2022-04-30,NEW,LIV,0,0.5644329896907216,0.5698391875762226,0.6047940167537506,1.69,1.048336980897571,V0.6,0.04036102706302891,0.022101888313838414,-1.0,2.5% to 5%
2021_22_20220430_SOU_CRY,2021_22,2022-04-30,SOU,CRY,1,0.4791666666666667,0.4822187564200798,0.5049988291601625,2.0,1.0434782608695652,V0.6,0.02583216249349579,0.009997658320324954,1.0,2.5% to 5%
2021_22_20220430_WAT_BUR,2021_22,2022-04-30,WAT,BUR,1,0.4623376623376624,0.4537649995113415,0.4702917936318989,2.07,1.0448895402486025,V0.6,0.0079541312942365,-0.026495987181969438,1.0699999999999998,0% to 2.5%
2021_22_20220430_WOL_BRI,2021_22,2022-04-30,WOL,BRI,1,0.3821339950372208,0.4525891163787153,0.3692799807772688,2.49,1.0509570750534605,V0.6,-0.012854014259951974,-0.08049284786460054,1.4900000000000002,-2.5% to 0%
2021_22_20220501_EVE_CHE,2021_22,2022-05-01,EVE,CHE,0,0.4830287206266319,0.5021247038879265,0.4609253446066357,1.98,1.0455910455910455,V0.6,-0.02210337601999618,-0.08736781767886137,-1.0,-2.5% to 0%
2021_22_20220501_TOT_LEI,2021_22,2022-05-01,TOT,LEI,1,0.6005025125628142,0.5909289870876063,0.6122612318184091,1.59,1.047340859451067,V0.6,0.011758719255594907,-0.026504641408729546,0.5900000000000001,0% to 2.5%
2021_22_20220501_WHU_ARS,2021_22,2022-05-01,WHU,ARS,1,0.5143603133159269,0.549942467950771,0.5377832922540117,1.86,1.04524862180012,V0.6,0.02342297893808476,0.00027692359246178633,0.8600000000000001,0% to 2.5%
2021_22_20220502_MUN_BRE,2021_22,2022-05-02,MUN,BRE,1,0.5442708333333333,0.5237626210976163,0.5373805594324703,1.75,1.0498974709501026,V0.6,-0.006890273900862942,-0.059584020993176945,0.75,-2.5% to 0%
2021_22_20220507_BRE_SOU,2021_22,2022-05-07,BRE,SOU,1,0.4960835509138382,0.4843916975020859,0.4942675760766736,1.93,1.0444505044995909,V0.6,-0.0018159748371646134,-0.04606357817202,0.9299999999999999,-2.5% to 0%
2021_22_20220507_BRI_MUN,2021_22,2022-05-07,BRI,MUN,1,0.4960835509138382,0.4594590137227565,0.4871949336998292,1.93,1.0444505044995909,V0.6,-0.00888861721400902,-0.05971377795932964,0.9299999999999999,-2.5% to 0%
2021_22_20220507_BUR_AVL,2021_22,2022-05-07,BUR,AVL,1,0.4673629242819843,0.4366147268688083,0.449418823959669,2.04,1.0488552963084674,V0.6,-0.017944100322315304,-0.0831855991222753,1.04,-2.5% to 0%
2021_22_20220507_CHE_WOL,2021_22,2022-05-07,CHE,WOL,1,0.5065274151436031,0.5132449611367004,0.491101267030568,1.89,1.0445644466263024,V0.6,-0.01542614811303511,-0.0718186053122265,0.8899999999999999,-2.5% to 0%
2021_22_20220507_CRY_WAT,2021_22,2022-05-07,CRY,WAT,0,0.4908616187989557,0.478089831705196,0.4891259143805119,1.95,1.044735406437534,V0.6,-0.0017357044184437842,-0.046204466958001844,-1.0,-2.5% to 0%
2021_22_20220507_LIV_TOT,2021_22,2022-05-07,LIV,TOT,0,0.6144278606965174,0.6526308470727479,0.6284738732285258,1.55,1.0500195899177225,V0.6,0.014046012532008323,-0.025865496495785067,-1.0,0% to 2.5%
2021_22_20220508_ARS_LEE,2021_22,2022-05-08,ARS,LEE,1,0.6040100250626567,0.5562017973251502,0.5867697596625706,1.58,1.0478491517411628,V0.6,-0.017240265400086052,-0.07290377973313844,0.5800000000000001,-2.5% to 0%
2021_22_20220508_LEI_EVE,2021_22,2022-05-08,LEI,EVE,1,0.4830287206266319,0.526700201886683,0.5049223494104859,1.98,1.0455910455910455,V0.6,0.02189362878385398,-0.0002537481672379993,0.98,0% to 2.5%
2021_22_20220508_MCI_NEW,2021_22,2022-05-08,MCI,NEW,1,0.6442307692307693,0.583080973474003,0.6113951064340202,1.48,1.0488100040338846,V0.6,-0.0328356627967491,-0.09513524247765015,0.48,-5% to -2.5%
2021_22_20220508_NOR_WHU,2021_22,2022-05-08,NOR,WHU,1,0.5234374999999999,0.4676188414295162,0.5515103559392834,1.83,1.0439605252426394,V0.6,0.028072855939283547,0.009263951368888801,0.8300000000000001,2.5% to 5%
2021_22_20220510_AVL_LIV,2021_22,2022-05-10,AVL,LIV,1,0.5862944162436549,0.5882370072157205,0.6540306309909304,1.63,1.0463973654157703,V0.6,0.06773621474727554,0.06606992851521643,0.6299999999999999,5% to 10%
2021_22_20220511_LEE_CHE,2021_22,2022-05-11,LEE,CHE,1,0.5816326530612244,0.5500463269091103,0.6140308232688413,1.64,1.048352588789046,V0.6,0.03239817020761693,0.007010550160899687,0.6399999999999999,2.5% to 5%
2021_22_20220511_LEI_NOR,2021_22,2022-05-11,LEI,NOR,1,0.5924050632911392,0.4786969202584498,0.5875927320503823,1.61,1.0484684397727877,V0.6,-0.004812331240756862,-0.05397570139888441,0.6100000000000001,-2.5% to 0%
2021_22_20220511_WAT_EVE,2021_22,2022-05-11,WAT,EVE,0,0.5013054830287206,0.5062148830824015,0.5572371977662565,1.91,1.0443935427574171,V0.6,0.05593171473753589,0.06432304773354991,-1.0,5% to 10%
2021_22_20220511_WOL_MCI,2021_22,2022-05-11,WOL,MCI,1,0.5743589743589743,0.595415597127264,0.6367924817045895,1.66,1.0488382099827884,V0.6,0.06243350734561515,0.05707551962961843,0.6599999999999999,5% to 10%
2021_22_20220512_TOT_ARS,2021_22,2022-05-12,TOT,ARS,1,0.5352480417754569,0.6301807344207563,0.5576623250680119,1.78,1.0496026308577693,V0.6,0.022414283292555015,-0.007361061378938771,0.78,0% to 2.5%
2021_22_20220515_AVL_CRY,2021_22,2022-05-15,AVL,CRY,0,0.5065274151436031,0.4844485588295712,0.52507666247363,1.89,1.0445644466263024,V0.6,0.01854924733002694,-0.007605107924839261,-1.0,0% to 2.5%
2021_22_20220515_EVE_BRE,2021_22,2022-05-15,EVE,BRE,1,0.4804177545691906,0.4903118747963787,0.4720251726236849,1.99,1.0459908236836355,V0.6,-0.00839258194550574,-0.06066990647886705,0.99,-2.5% to 0%
2021_22_20220515_LEE_BRI,2021_22,2022-05-15,LEE,BRI,0,0.5195822454308094,0.4606433126157234,0.5198889426712462,1.84,1.0459908236836355,V0.6,0.0003066972404367485,-0.043404345484907014,-1.0,0% to 2.5%
2021_22_20220515_TOT_BUR,2021_22,2022-05-15,TOT,BUR,0,0.602015113350126,0.5644645567551062,0.6194680760350398,1.58,1.0513214342460673,V0.6,0.01745296268491381,-0.021240439864636973,-1.0,0% to 2.5%
2021_22_20220515_WAT_LEI,2021_22,2022-05-15,WAT,LEI,1,0.5402597402597403,0.5029714950528199,0.5743582532084353,1.77,1.04574098218166,V0.6,0.034098512948694926,0.016614108178930387,0.77,2.5% to 5%
2021_22_20220515_WHU_MCI,2021_22,2022-05-15,WHU,MCI,1,0.6159600997506234,0.6016154399428099,0.634971496201985,1.54,1.054208948945791,V0.6,0.01901139645136163,-0.02214389584894305,0.54,0% to 2.5%
2021_22_20220515_WOL_NOR,2021_22,2022-05-15,WOL,NOR,0,0.5221932114882506,0.4657845194019144,0.5327383853754434,1.83,1.046448087431694,V0.6,0.010545173887192782,-0.025088754762938592,-1.0,0% to 2.5%
2021_22_20220516_NEW_ARS,2021_22,2022-05-16,NEW,ARS,0,0.5157068062827225,0.5098269555180476,0.5171294330995719,1.85,1.04815475373851,V0.6,0.0014226268168494594,-0.04331054876579188,-1.0,0% to 2.5%
2021_22_20220517_SOU_LIV,2021_22,2022-05-17,SOU,LIV,1,0.6595744680851063,0.5507774666425311,0.702954884711242,1.44,1.0528673835125448,V0.6,0.043380416626135676,0.01225503398418848,0.43999999999999995,2.5% to 5%
2021_22_20220519_AVL_BUR,2021_22,2022-05-19,AVL,BUR,0,0.4895287958115184,0.4402579862594493,0.4697165606060465,1.95,1.0475798711092827,V0.6,-0.01981223520547193,-0.08405270681820931,-1.0,-2.5% to 0%
2021_22_20220519_CHE_LEI,2021_22,2022-05-19,CHE,LEI,0,0.5852417302798981,0.5847738557421616,0.5943039037418125,1.63,1.0482795412109898,V0.6,0.009062173461914402,-0.0312846369008456,-1.0,0% to 2.5%
2021_22_20220519_EVE_CRY,2021_22,2022-05-19,EVE,CRY,1,0.4673629242819843,0.4804102338106936,0.4601202808406749,2.04,1.0488552963084674,V0.6,-0.007242643441309371,-0.06135462708502315,1.04,-2.5% to 0%
2021_22_20220522_ARS_EVE,2021_22,2022-05-22,ARS,EVE,1,0.606516290726817,0.5398421423153511,0.6098182975749918,1.57,1.0501658156551037,V0.6,0.003302006848174832,-0.042585272807262764,0.5700000000000001,0% to 2.5%
2021_22_20220522_BRE_LEE,2021_22,2022-05-22,BRE,LEE,1,0.595959595959596,0.5471868398143732,0.617565538221275,1.6,1.048728813559322,V0.6,0.021605942261679,-0.01189513884595994,0.6000000000000001,0% to 2.5%
2021_22_20220522_BRI_WHU,2021_22,2022-05-22,BRI,WHU,1,0.5416666666666667,0.4685558463171572,0.5289022367478202,1.76,1.048951048951049,V0.6,-0.01276442991884652,-0.06913206332383637,0.76,-2.5% to 0%
2021_22_20220522_BUR_NEW,2021_22,2022-05-22,BUR,NEW,1,0.4986945169712793,0.4614058055433804,0.5200698809198416,1.92,1.0443935427574171,V0.6,0.02137536394856232,-0.0014658286339040982,0.9199999999999999,0% to 2.5%
2021_22_20220522_CHE_WAT,2021_22,2022-05-22,CHE,WAT,1,0.6587677725118484,0.5349325130398446,0.646911291907109,1.44,1.0541566746602715,V0.6,-0.011856480604739317,-0.06844773965376305,0.43999999999999995,-2.5% to 0%
2021_22_20220522_CRY_MUN,2021_22,2022-05-22,CRY,MUN,0,0.5492227979274612,0.5163668217643129,0.5766732372430146,1.74,1.046410756885708,V0.6,0.027450439315553354,0.0034114328028453933,-1.0,2.5% to 5%
2021_22_20220522_LEI_SOU,2021_22,2022-05-22,LEI,SOU,1,0.602015113350126,0.5021756729381298,0.5713249725094006,1.58,1.0513214342460673,V0.6,-0.03069014084072541,-0.097306543435147,0.5800000000000001,-5% to -2.5%
2021_22_20220522_LIV_WOL,2021_22,2022-05-22,LIV,WOL,1,0.6635294117647058,0.5460509111385984,0.642613114468634,1.43,1.0539106283787136,V0.6,-0.020916297296071806,-0.0810632463098534,0.42999999999999994,-2.5% to 0%
2021_22_20220522_MCI_AVL,2021_22,2022-05-22,MCI,AVL,1,0.6627358490566039,0.5694201795658116,0.573731067761113,1.43,1.0551725854216958,V0.6,-0.08900478129549083,-0.17956457310160834,0.42999999999999994,-10% to -5%
2021_22_20220522_NOR_TOT,2021_22,2022-05-22,NOR,TOT,1,0.6595744680851063,0.5406699555157425,0.7328100918658242,1.44,1.0528673835125448,V0.6,0.0732356237807179,0.055246532286786776,0.43999999999999995,5% to 10%
2022_23_20220805_CRY_ARS,2022_23,2022-08-05,CRY,ARS,0,0.4571428571428572,0.5153494493399327,0.4526578708534096,2.09,1.0466507177033493,V0.6,-0.004484986289447601,-0.053945049916374055,-1.0,-2.5% to 0%
2022_23_20220806_BOU_AVL,2022_23,2022-08-06,BOU,AVL,0,0.4699738903394256,0.4757588548259009,0.4290747576713248,2.03,1.0481663929939793,V0.6,-0.0408991326681008,-0.12897824192721075,-1.0,-5% to -2.5%
2022_23_20220806_EVE_CHE,2022_23,2022-08-06,EVE,CHE,0,0.4804177545691906,0.5657992486123109,0.4983397096893072,1.99,1.0459908236836355,V0.6,0.017921955120116573,-0.008303977718278732,-1.0,0% to 2.5%
2022_23_20220806_FUL_LIV,2022_23,2022-08-06,FUL,LIV,1,0.6399026763990268,0.5442284693529551,0.7050948402535514,1.48,1.0559038125578049,V0.6,0.06519216385452464,0.043540363575256036,0.48,5% to 10%
2022_23_20220806_LEE_WOL,2022_23,2022-08-06,LEE,WOL,1,0.4713541666666666,0.4652917121358324,0.4435707245627614,2.03,1.0450970252837275,V0.6,-0.027783442103905154,-0.0995514291375944,1.0299999999999998,-5% to -2.5%
2022_23_20220806_NEW_NFO,2022_23,2022-08-06,NEW,NFO,0,0.4713541666666666,0.4808697039190666,0.4662527915583477,2.03,1.0450970252837275,V0.6,-0.005101375108318873,-0.053506833136554244,-1.0,-2.5% to 0%
2022_23_20220806_TOT_SOU,2022_23,2022-08-06,TOT,SOU,1,0.5924050632911392,0.5287297391879713,0.5329838354019557,1.61,1.0484684397727877,V0.6,-0.05942122788918347,-0.14189602500285126,0.6100000000000001,-10% to -5%
2022_23_20220807_LEI_BRE,2022_23,2022-08-07,LEI,BRE,1,0.5402597402597403,0.5012325363294967,0.4810999445969488,1.77,1.04574098218166,V0.6,-0.0591597956627915,-0.14845309806340057,0.77,-10% to -5%
2022_23_20220807_MUN_BRI,2022_23,2022-08-07,MUN,BRI,1,0.5052356020942408,0.4794759946443781,0.4754366033146045,1.89,1.047235244126436,V0.6,-0.029798998779636265,-0.10142481973539752,0.8899999999999999,-5% to -2.5%
2022_23_20220807_WHU_MCI,2022_23,2022-08-07,WHU,MCI,0,0.6159600997506234,0.5956012293459552,0.6139651442921981,1.54,1.054208948945791,V0.6,-0.001994955458425318,-0.054493677790015016,-1.0,-2.5% to 0%
2022_23_20220813_ARS_LEI,2022_23,2022-08-13,ARS,LEI,1,0.5666666666666667,0.5684500057270085,0.545861309085381,1.69,1.0442046641141665,V0.6,-0.020805357581285655,-0.07749438764570615,0.69,-2.5% to 0%
2022_23_20220813_AVL_EVE,2022_23,2022-08-13,AVL,EVE,1,0.4597402597402597,0.4725934137238959,0.4399024188854158,2.08,1.04574098218166,V0.6,-0.019837840854843913,-0.08500296871833513,1.08,-2.5% to 0%
2022_23_20220813_BRE_MUN,2022_23,2022-08-13,BRE,MUN,1,0.5260416666666667,0.5409253107323417,0.5498563351467651,1.82,1.0445000544010443,V0.6,0.02381466848009839,0.0007385299671125445,0.8200000000000001,0% to 2.5%
2022_23_20220813_BRI_NEW,2022_23,2022-08-13,BRI,NEW,0,0.4481865284974093,0.4281669225041808,0.3873153573550722,2.13,1.0475182501560425,V0.6,-0.06087117114233709,-0.1750182888336962,-1.0,-10% to -5%
2022_23_20220813_MCI_BOU,2022_23,2022-08-13,MCI,BOU,1,0.7158119658119658,0.6257957705337872,0.6689062379168879,1.33,1.0503871619346874,V0.6,-0.046905727895077964,-0.11035470357053911,0.33000000000000007,-5% to -2.5%
2022_23_20220813_SOU_LEE,2022_23,2022-08-13,SOU,LEE,1,0.5518134715025906,0.5382239174546406,0.5764124714715495,1.73,1.0475182501560425,V0.6,0.024598999968958868,-0.0028064243542194056,0.73,0% to 2.5%
2022_23_20220813_WOL_FUL,2022_23,2022-08-13,WOL,FUL,0,0.4533678756476684,0.4367825400506212,0.4233693337985586,2.11,1.045362220717671,V0.6,-0.029998541849109772,-0.10669070568504135,-1.0,-5% to -2.5%
2022_23_20220814_CHE_TOT,2022_23,2022-08-14,CHE,TOT,1,0.4934725848563968,0.5899062987600551,0.4891150440013959,1.94,1.0445644466263024,V0.6,-0.0043575408550008965,-0.05111681463729201,0.94,-2.5% to 0%
2022_23_20220814_NFO_WHU,2022_23,2022-08-14,NFO,WHU,0,0.5039164490861618,0.4240004613956052,0.5053940528234923,1.9,1.0444505044995909,V0.6,0.001477603737330413,-0.03975129963536472,-1.0,0% to 2.5%
2022_23_20220815_LIV_CRY,2022_23,2022-08-15,LIV,CRY,0,0.6134663341645885,0.5593927553787108,0.5928522883808843,1.55,1.0516653553632311,V0.6,-0.020614045783704182,-0.0810789530096293,-1.0,-2.5% to 0%
2022_23_20220820_BOU_ARS,2022_23,2022-08-20,BOU,ARS,1,0.5428571428571429,0.553803334343456,0.5463888043676078,1.76,1.0466507177033493,V0.6,0.003531661510464912,-0.038355704313010164,0.76,0% to 2.5%
2022_23_20220820_CRY_AVL,2022_23,2022-08-20,CRY,AVL,1,0.4355670103092783,0.4655668628982423,0.4225784954996538,2.19,1.048336980897571,V0.6,-0.012988514809624485,-0.07455309485575812,1.19,-2.5% to 0%
2022_23_20220820_EVE_NFO,2022_23,2022-08-20,EVE,NFO,0,0.4635416666666666,0.3966578012236815,0.4269842485637219,2.06,1.0472346460128723,V0.6,-0.03655741810294466,-0.12041244795873285,-1.0,-5% to -2.5%
2022_23_20220820_FUL_BRE,2022_23,2022-08-20,FUL,BRE,1,0.4960835509138382,0.438890319406813,0.472627220640932,1.93,1.0444505044995909,V0.6,-0.023456330272906223,-0.0878294641630013,0.9299999999999999,-2.5% to 0%
2022_23_20220820_LEI_SOU,2022_23,2022-08-20,LEI,SOU,1,0.5841836734693877,0.4961051232806452,0.5088812232693146,1.63,1.0501781552227611,V0.6,-0.07530245020007309,-0.17052360607101724,0.6299999999999999,-10% to -5%
2022_23_20220820_TOT_WOL,2022_23,2022-08-20,TOT,WOL,0,0.5529715762273902,0.4812443581422544,0.4789120029767,1.73,1.045324401707093,V0.6,-0.07405957325069024,-0.171482234850309,-1.0,-10% to -5%
2022_23_20220821_LEE_CHE,2022_23,2022-08-21,LEE,CHE,1,0.5681233933161953,0.5580440454316081,0.6059741977014316,1.68,1.0477267830209007,V0.6,0.03785080438523625,0.018036652138404996,0.6799999999999999,2.5% to 5%
2022_23_20220821_NEW_MCI,2022_23,2022-08-21,NEW,MCI,1,0.578005115089514,0.5860010768290967,0.604905341419132,1.65,1.048538482166801,V0.6,0.02690022632961797,-0.0019061866584322296,0.6499999999999999,2.5% to 5%
2022_23_20220821_WHU_BRI,2022_23,2022-08-21,WHU,BRI,0,0.4855643044619423,0.4636931147942597,0.4517149088839313,1.96,1.0507446221731935,V0.6,-0.03384939557801103,-0.11463877858749472,-1.0,-5% to -2.5%
2022_23_20220822_MUN_LIV,2022_23,2022-08-22,MUN,LIV,1,0.6323529411764707,0.6085233836387236,0.6734815345367607,1.5,1.0542635658914727,V0.6,0.04112859336029007,0.010222301805141054,0.5,2.5% to 5%
2022_23_20220827_ARS_FUL,2022_23,2022-08-27,ARS,FUL,1,0.637469586374696,0.5030836757929781,0.5824243950912328,1.49,1.0528203289102924,V0.6,-0.05504519128346319,-0.13218765131406318,0.49,-10% to -5%
2022_23_20220827_BRE_EVE,2022_23,2022-08-27,BRE,EVE,0,0.4687499999999999,0.4937003925599959,0.4235179088108475,2.04,1.0457516339869282,V0.6,-0.04523209118915239,-0.13602346602587112,-1.0,-5% to -2.5%
2022_23_20220827_BRI_LEE,2022_23,2022-08-27,BRI,LEE,0,0.5248041775456919,0.4998884329039799,0.5154495549793485,1.82,1.0469629872614947,V0.6,-0.00935462256634334,-0.06188180993758563,-1.0,-2.5% to 0%
2022_23_20220827_CHE_LEI,2022_23,2022-08-27,CHE,LEI,1,0.5816326530612244,0.5561909345758891,0.562892004447519,1.64,1.048352588789046,V0.6,-0.01874064861370539,-0.07685711270606899,0.6399999999999999,-2.5% to 0%
2022_23_20220827_LIV_BOU,2022_23,2022-08-27,LIV,BOU,1,0.6991150442477876,0.604330966280183,0.6935348871128344,1.36,1.0517498138495904,V0.6,-0.00558015713495319,-0.05679255352654511,0.3600000000000001,-2.5% to 0%
2022_23_20220827_MCI_CRY,2022_23,2022-08-27,MCI,CRY,1,0.6563981042654028,0.602102639710174,0.6068570861896789,1.45,1.050666002738703,V0.6,-0.049541018075723864,-0.12005722502496563,0.44999999999999996,-5% to -2.5%
2022_23_20220827_SOU_MUN,2022_23,2022-08-27,SOU,MUN,0,0.6005025125628142,0.5221437398929965,0.6143084350280063,1.59,1.047340859451067,V0.6,0.013805922465192078,-0.02324958830546997,-1.0,0% to 2.5%
2022_23_20220828_AVL_WHU,2022_23,2022-08-28,AVL,WHU,0,0.5091383812010444,0.5088497649356534,0.5214987108363723,1.88,1.044735406437534,V0.6,0.01236032963532796,-0.019582423627620082,-1.0,0% to 2.5%
2022_23_20220828_NFO_TOT,2022_23,2022-08-28,NFO,TOT,0,0.5492227979274612,0.4828170427338277,0.585609673203645,1.74,1.046410756885708,V0.6,0.03638687527618378,0.018960831374342346,-1.0,2.5% to 5%
2022_23_20220828_WOL_NEW,2022_23,2022-08-28,WOL,NEW,0,0.4533678756476684,0.4627500945022797,0.4586009573444193,2.11,1.045362220717671,V0.6,0.0052330816967509075,-0.03235198000327533,-1.0,0% to 2.5%
2022_23_20220830_CRY_BRE,2022_23,2022-08-30,CRY,BRE,0,0.4585492227979275,0.4821762380918635,0.4238989183583033,2.09,1.0434406509339604,V0.6,-0.03465030443962419,-0.11405126063114623,-1.0,-5% to -2.5%
2022_23_20220830_FUL_BRI,2022_23,2022-08-30,FUL,BRI,1,0.4765625,0.4225993206957878,0.4755483414076311,2.01,1.0439605252426394,V0.6,-0.001014158592368919,-0.04414783377066167,1.0099999999999998,-2.5% to 0%
2022_23_20220830_LEE_EVE,2022_23,2022-08-30,LEE,EVE,0,0.5195822454308094,0.4920320560998958,0.5027817058525942,1.84,1.0459908236836355,V0.6,-0.016800539578215257,-0.07488166123122664,-1.0,-2.5% to 0%
2022_23_20220830_SOU_CHE,2022_23,2022-08-30,SOU,CHE,1,0.5466321243523315,0.5375314310203846,0.5771572386100032,1.75,1.045362220717671,V0.6,0.03052511425767168,0.0100251675675056,0.75,2.5% to 5%
2022_23_20220831_ARS_AVL,2022_23,2022-08-31,ARS,AVL,1,0.5466321243523315,0.5050228874886913,0.4719675339975529,1.75,1.045362220717671,V0.6,-0.07466459035477863,-0.17405681550428242,0.75,-10% to -5%
2022_23_20220831_BOU_WOL,2022_23,2022-08-31,BOU,WOL,0,0.4533678756476684,0.5122988080990691,0.4744591099390552,2.11,1.045362220717671,V0.6,0.021091234291386818,0.0011087219714065455,-1.0,0% to 2.5%
2022_23_20220831_LIV_NEW,2022_23,2022-08-31,LIV,NEW,1,0.6365853658536585,0.5437648703549862,0.5774360437011615,1.49,1.0542827020494228,V0.6,-0.05914932215249702,-0.13962029488526928,0.49,-10% to -5%
2022_23_20220831_MCI_NFO,2022_23,2022-08-31,MCI,NFO,1,0.7664783427495293,0.5205026602174885,0.6960418998667154,1.24,1.0521518586034715,V0.6,-0.07043644288281392,-0.1369080441652729,0.24,-10% to -5%
2022_23_20220831_WHU_TOT,2022_23,2022-08-31,WHU,TOT,0,0.5454545454545455,0.5597400597371017,0.5779828499920696,1.75,1.0476190476190474,V0.6,0.03252830453752409,0.011469987486121713,-1.0,2.5% to 5%
2022_23_20220901_LEI_MUN,2022_23,2022-09-01,LEI,MUN,0,0.5852417302798981,0.5823171229324322,0.6069310066118373,1.63,1.0482795412109898,V0.6,0.021689276331939178,-0.010702459222705296,-1.0,0% to 2.5%
2022_23_20220903_AVL_MCI,2022_23,2022-09-03,AVL,MCI,0,0.625615763546798,0.6033066274534556,0.6568181150319273,1.52,1.05159552424368,V0.6,0.031202351485129287,-0.0016364651514704232,-1.0,2.5% to 5%
2022_23_20220903_BRE_LEE,2022_23,2022-09-03,BRE,LEE,1,0.5454545454545455,0.5451954275848311,0.5494488331235748,1.75,1.0476190476190474,V0.6,0.003994287669029317,-0.038464542033744054,0.75,0% to 2.5%
2022_23_20220903_CHE_WHU,2022_23,2022-09-03,CHE,WHU,1,0.5492227979274612,0.5898501437758066,0.5949413000567984,1.74,1.046410756885708,V0.6,0.045718502129337146,0.035197862098829136,0.74,2.5% to 5%
2022_23_20220903_EVE_LIV,2022_23,2022-09-03,EVE,LIV,0,0.6030150753768844,0.5768199382059163,0.6220578039566351,1.58,1.04957805907173,V0.6,0.019042728579750756,-0.017148669748516476,-1.0,0% to 2.5%
2022_23_20220903_NEW_CRY,2022_23,2022-09-03,NEW,CRY,0,0.4661458333333333,0.4545163389009224,0.4214237141196109,2.05,1.0464640959258755,V0.6,-0.04472211921372243,-0.1360813860547978,-1.0,-5% to -2.5%
2022_23_20220903_NFO_BOU,2022_23,2022-09-03,NFO,BOU,1,0.4545454545454546,0.4521844286182536,0.4597495382869965,2.1,1.0476190476190474,V0.6,0.0052040837415419094,-0.03452596959730736,1.1,0% to 2.5%
2022_23_20220903_TOT_FUL,2022_23,2022-09-03,TOT,FUL,1,0.5888324873096447,0.5135348097454902,0.5494899668099605,1.62,1.0483184333759046,V0.6,-0.03934252049968412,-0.10982625376786381,0.6200000000000001,-5% to -2.5%
2022_23_20220903_WOL_SOU,2022_23,2022-09-03,WOL,SOU,0,0.4725848563968668,0.4808262127340623,0.4729983542807286,2.02,1.0475356927957988,V0.6,0.000413497883861802,-0.04454332435292818,-1.0,0% to 2.5%
2022_23_20220904_BRI_LEI,2022_23,2022-09-04,BRI,LEI,1,0.4856396866840731,0.5090134267422977,0.4754393550281148,1.97,1.04524862180012,V0.6,-0.010200331655958295,-0.06338447059461383,0.97,-2.5% to 0%
2022_23_20220904_MUN_ARS,2022_23,2022-09-04,MUN,ARS,1,0.5618556701030928,0.5748407762563694,0.5838621388419493,1.7,1.0469508904479223,V0.6,0.022006468738856477,-0.007434363968686242,0.7,0% to 2.5%
2022_23_20220916_AVL_SOU,2022_23,2022-09-16,AVL,SOU,0,0.5195822454308094,0.5050702782209402,0.5420987251878879,1.84,1.0459908236836355,V0.6,0.02251647975707849,-0.0025383456542861227,-1.0,0% to 2.5%
2022_23_20220916_NFO_FUL,2022_23,2022-09-16,NFO,FUL,1,0.5078534031413613,0.4361292403011535,0.5017456313510793,1.88,1.0473788111427944,V0.6,-0.006107771790281991,-0.056718213059970934,0.8799999999999999,-2.5% to 0%
2022_23_20220917_NEW_BOU,2022_23,2022-09-17,NEW,BOU,0,0.5248041775456919,0.4754509826137871,0.4831555130101461,1.82,1.0469629872614947,V0.6,-0.041648664535545776,-0.12065696632153411,-1.0,-5% to -2.5%
2022_23_20220917_TOT_LEI,2022_23,2022-09-17,TOT,LEI,1,0.6005025125628142,0.5803185164268811,0.5721427684354793,1.59,1.047340859451067,V0.6,-0.028359744127334885,-0.09029299818758785,0.5900000000000001,-5% to -2.5%
2022_23_20220917_WOL_MCI,2022_23,2022-09-17,WOL,MCI,1,0.602015113350126,0.575358237729431,0.6309829354567043,1.58,1.0513214342460673,V0.6,0.028967822106578223,-0.003046961978407259,0.5800000000000001,2.5% to 5%
2022_23_20220918_BRE_ARS,2022_23,2022-09-18,BRE,ARS,1,0.5681233933161953,0.5559668458086475,0.539451665592901,1.68,1.0477267830209007,V0.6,-0.028671727723294294,-0.09372120180392629,0.6799999999999999,-5% to -2.5%
2022_23_20220918_EVE_WHU,2022_23,2022-09-18,EVE,WHU,0,0.4699738903394256,0.548935072220267,0.50355297819543,2.03,1.0481663929939793,V0.6,0.033579087856004386,0.022212545736722822,-1.0,2.5% to 5%
2022_23_20221001_ARS_TOT,2022_23,2022-10-01,ARS,TOT,1,0.5581395348837209,0.6006772897577782,0.5463531696086206,1.71,1.04775828460039,V0.6,-0.011786365275100352,-0.0657360799692589,0.71,-2.5% to 0%
2022_23_20221001_BOU_BRE,2022_23,2022-10-01,BOU,BRE,0,0.4804177545691906,0.5331923532303073,0.4645717820793081,1.99,1.0459908236836355,V0.6,-0.01584597248988251,-0.07550215366217683,-1.0,-2.5% to 0%
2022_23_20221001_CRY_CHE,2022_23,2022-10-01,CRY,CHE,1,0.4673629242819843,0.5083355174728642,0.4584743367776468,2.04,1.0488552963084674,V0.6,-0.008888587504337464,-0.06471235297360045,1.04,-2.5% to 0%
2022_23_20221001_FUL_NEW,2022_23,2022-10-01,FUL,NEW,1,0.5078534031413613,0.432084640186599,0.4772982493337774,1.88,1.0473788111427944,V0.6,-0.03055515380758389,-0.10267929125249853,0.8799999999999999,-5% to -2.5%
2022_23_20221001_LIV_BRI,2022_23,2022-10-01,LIV,BRI,1,0.6119402985074627,0.5303597589967556,0.5600189740180521,1.56,1.0475297060662914,V0.6,-0.05192132448941056,-0.12637040053183868,0.56,-10% to -5%
2022_23_20221001_SOU_EVE,2022_23,2022-10-01,SOU,EVE,1,0.4778067885117493,0.5388641789165171,0.5313105445889075,2.0,1.046448087431694,V0.6,0.05350375607715818,0.06262108917781495,1.0,5% to 10%
2022_23_20221001_WHU_WOL,2022_23,2022-10-01,WHU,WOL,0,0.441860465116279,0.501259081318177,0.4681823631673882,2.16,1.04775828460039,V0.6,0.026321898051109183,0.011273904441558624,-1.0,2.5% to 5%
2022_23_20221002_LEE_AVL,2022_23,2022-10-02,LEE,AVL,0,0.5248041775456919,0.5120896887998789,0.5301714025363277,1.82,1.0469629872614947,V0.6,0.005367224990635799,-0.0350880473838836,-1.0,0% to 2.5%
2022_23_20221002_MCI_MUN,2022_23,2022-10-02,MCI,MUN,1,0.6595744680851063,0.6342326389230263,0.6209060499930389,1.44,1.0528673835125448,V0.6,-0.03866841809206745,-0.10589528801002401,0.43999999999999995,-5% to -2.5%
2022_23_20221003_LEI_NFO,2022_23,2022-10-03,LEI,NFO,1,0.570694087403599,0.5701405525987767,0.5603509179159367,1.67,1.0492528456600314,V0.6,-0.01034316948766223,-0.06421396708038574,0.6699999999999999,-2.5% to 0%
2022_23_20221008_BOU_LEI,2022_23,2022-10-08,BOU,LEI,1,0.5195822454308094,0.5289206773871518,0.4966887130763479,1.84,1.0459908236836355,V0.6,-0.022893532354461565,-0.08609276793951992,0.8400000000000001,-2.5% to 0%
2022_23_20221008_BRI_TOT,2022_23,2022-10-08,BRI,TOT,0,0.5156249999999999,0.5057652469086031,0.4823798627898653,1.86,1.0426849136526557,V0.6,-0.03324513721013461,-0.10277345521085057,-1.0,-5% to -2.5%
2022_23_20221008_CHE_WOL,2022_23,2022-10-08,CHE,WOL,1,0.5195822454308094,0.5147156938367321,0.5272838184242225,1.84,1.0459908236836355,V0.6,0.007701572993413008,-0.02979777409943063,0.8400000000000001,0% to 2.5%
2022_23_20221008_MCI_SOU,2022_23,2022-10-08,MCI,SOU,1,0.7572815533980582,0.6261931968543982,0.7075122428481668,1.25,1.0564102564102564,V0.6,-0.04976931054989142,-0.11560969643979147,0.25,-5% to -2.5%
2022_23_20221008_NEW_BRE,2022_23,2022-10-08,NEW,BRE,1,0.5402597402597403,0.5131879792618207,0.536793233266541,1.77,1.04574098218166,V0.6,-0.003466506993199281,-0.04987597711822234,0.77,-2.5% to 0%
2022_23_20221009_ARS_LIV,2022_23,2022-10-09,ARS,LIV,1,0.5979899497487436,0.6231856470913678,0.589039551298796,1.6,1.0451680672268908,V0.6,-0.008950398449947605,-0.05753671792192627,0.6000000000000001,-2.5% to 0%
2022_23_20221009_CRY_LEE,2022_23,2022-10-09,CRY,LEE,1,0.5182291666666667,0.5122254702852956,0.5248259950719277,1.85,1.0430531033546109,V0.6,0.0065968284052609905,-0.029071909116933692,0.8500000000000001,0% to 2.5%
2022_23_20221009_EVE_MUN,2022_23,2022-10-09,EVE,MUN,1,0.5182291666666667,0.5138769207998028,0.5126095365869444,1.85,1.0430531033546109,V0.6,-0.005619630079722326,-0.05167235731415276,0.8500000000000001,-2.5% to 0%
2022_23_20221009_WHU_FUL,2022_23,2022-10-09,WHU,FUL,1,0.53125,0.4380234402334488,0.4758381025531427,1.8,1.0457516339869282,V0.6,-0.05541189744685732,-0.14349141540434318,0.8,-10% to -5%
2022_23_20221010_NFO_AVL,2022_23,2022-10-10,NFO,AVL,0,0.4765625,0.5125240432215246,0.5229822062715306,2.01,1.0439605252426394,V0.6,0.04641970627153058,0.05119423460577632,-1.0,2.5% to 5%
2022_23_20221014_BRE_BRI,2022_23,2022-10-14,BRE,BRI,0,0.4947643979057591,0.4667227482877722,0.4460497085387713,1.93,1.047235244126436,V0.6,-0.04871468936698781,-0.1391240625201714,-1.0,-5% to -2.5%
2022_23_20221015_FUL_BOU,2022_23,2022-10-15,FUL,BOU,1,0.5026178010471204,0.5226801285531417,0.5317435770949966,1.9,1.0471491228070176,V0.6,0.02912577604787625,0.010312796480493658,0.8999999999999999,2.5% to 5%
2022_23_20221015_LEI_CRY,2022_23,2022-10-15,LEI,CRY,0,0.5169712793733681,0.5323455376606449,0.4956691290331708,1.85,1.0455910455910455,V0.6,-0.02130215034019728,-0.08301211128863395,-1.0,-2.5% to 0%
2022_23_20221015_TOT_EVE,2022_23,2022-10-15,TOT,EVE,0,0.5416666666666667,0.5878711900133478,0.5496144459081942,1.76,1.048951048951049,V0.6,0.007947779241527453,-0.03267857520157824,-1.0,0% to 2.5%
2022_23_20221015_WOL_NFO,2022_23,2022-10-15,WOL,NFO,0,0.4739583333333334,0.4445381002755982,0.4377243742717185,2.02,1.0445000544010443,V0.6,-0.03623395906161492,-0.11579676397112859,-1.0,-5% to -2.5%
2022_23_20221016_AVL_CHE,2022_23,2022-10-16,AVL,CHE,0,0.4803149606299213,0.5168400245689667,0.4889034277744439,1.98,1.051498592482199,V0.6,0.008588467144522605,-0.03197121300660111,-1.0,0% to 2.5%
2022_23_20221016_LEE_ARS,2022_23,2022-10-16,LEE,ARS,0,0.5877862595419847,0.5720056274469343,0.6083693700805269,1.62,1.050184383517717,V0.6,0.020583110538542226,-0.014441620469546335,-1.0,0% to 2.5%
2022_23_20221016_LIV_MCI,2022_23,2022-10-16,LIV,MCI,0,0.6490384615384616,0.667851457380811,0.6091866022206709,1.46,1.0553018772196854,V0.6,-0.03985185931779067,-0.1105875607578205,-1.0,-5% to -2.5%
2022_23_20221016_MUN_NEW,2022_23,2022-10-16,MUN,NEW,0,0.5618556701030928,0.4919123663251104,0.5213392944805123,1.7,1.0469508904479223,V0.6,-0.04051637562258048,-0.11372319938312914,-1.0,-5% to -2.5%
2022_23_20221016_SOU_WHU,2022_23,2022-10-16,SOU,WHU,0,0.4960835509138382,0.5287537451924647,0.5364202013070491,1.93,1.0444505044995909,V0.6,0.04033665039321094,0.03529098852260493,-1.0,2.5% to 5%
2022_23_20221018_BRI_NFO,2022_23,2022-10-18,BRI,NFO,0,0.5428571428571429,0.450020940852227,0.5078013443842396,1.76,1.0466507177033493,V0.6,-0.0350557984729033,-0.10626963388373822,-1.0,-5% to -2.5%
2022_23_20221018_CRY_WOL,2022_23,2022-10-18,CRY,WOL,1,0.3924999999999999,0.4379582683787723,0.3821547306676794,2.43,1.0484653089040916,V0.6,-0.010345269332320495,-0.07136400447753899,1.4300000000000002,-2.5% to 0%
2022_23_20221019_BOU_SOU,2022_23,2022-10-19,BOU,SOU,0,0.4647519582245431,0.4985764839056119,0.4473080229305741,2.05,1.0496026308577693,V0.6,-0.017443935293969037,-0.08301855299232319,-1.0,-2.5% to 0%
2022_23_20221019_BRE_CHE,2022_23,2022-10-19,BRE,CHE,0,0.5195822454308094,0.5757219268603596,0.5462825902678997,1.84,1.0459908236836355,V0.6,0.026700344837090273,0.005159966092935564,-1.0,2.5% to 5%
2022_23_20221019_LIV_WHU,2022_23,2022-10-19,LIV,WHU,0,0.625615763546798,0.6224822342052587,0.642072672530424,1.52,1.05159552424368,V0.6,0.01645690898362595,-0.024049537753755512,-1.0,0% to 2.5%
2022_23_20221019_MUN_TOT,2022_23,2022-10-19,MUN,TOT,0,0.5518134715025906,0.555357180572679,0.5392816862278275,1.73,1.0475182501560425,V0.6,-0.012531785274763174,-0.06704268282585846,-1.0,-2.5% to 0%
2022_23_20221019_NEW_EVE,2022_23,2022-10-19,NEW,EVE,0,0.5078534031413613,0.4877191572989221,0.5059454098874754,1.88,1.0473788111427944,V0.6,-0.001907993253885909,-0.04882262941154636,-1.0,-2.5% to 0%
2022_23_20221020_FUL_AVL,2022_23,2022-10-20,FUL,AVL,1,0.4921465968586388,0.4900322221451173,0.5196630860736421,1.94,1.0473788111427944,V0.6,0.02751648921500327,0.008146386982865517,0.94,2.5% to 5%
2022_23_20221020_LEI_LEE,2022_23,2022-10-20,LEI,LEE,0,0.5544041450777203,0.562184894313154,0.5492341011223992,1.72,1.0486850684633775,V0.6,-0.0051700439553210575,-0.05531734606947336,-1.0,-2.5% to 0%
2022_23_20221022_CHE_MUN,2022_23,2022-10-22,CHE,MUN,0,0.5117493472584856,0.531755068203046,0.4764971778734517,1.87,1.044963439921423,V0.6,-0.03525216938503395,-0.10895027737664531,-1.0,-5% to -2.5%
2022_23_20221022_EVE_CRY,2022_23,2022-10-22,EVE,CRY,1,0.4293059125964009,0.4991126645975116,0.4350124107782573,2.22,1.0492528456600314,V0.6,0.005706498181856423,-0.0342724480722687,1.2200000000000002,0% to 2.5%
2022_23_20221022_MCI_BRI,2022_23,2022-10-22,MCI,BRI,1,0.6457831325301205,0.5662828511886172,0.5685027078486713,1.47,1.0534064372017462,V0.6,-0.07728042468144924,-0.16430101946245323,0.47,-10% to -5%
2022_23_20221022_NFO_LIV,2022_23,2022-10-22,NFO,LIV,0,0.635036496350365,0.5603987404634208,0.6950020791639197,1.5,1.049808429118774,V0.6,0.059965582813554685,0.04250311874587953,-1.0,5% to 10%
2022_23_20221023_AVL_BRE,2022_23,2022-10-23,AVL,BRE,1,0.5026178010471204,0.5153989776259402,0.5318176517766603,1.9,1.0471491228070176,V0.6,0.0291998507295399,0.010453538375654547,0.8999999999999999,2.5% to 5%
2022_23_20221023_LEE_FUL,2022_23,2022-10-23,LEE,FUL,1,0.5518134715025906,0.471548318198902,0.5261494887173048,1.73,1.0475182501560425,V0.6,-0.02566398278528581,-0.08976138451906268,0.73,-5% to -2.5%
2022_23_20221023_SOU_ARS,2022_23,2022-10-23,SOU,ARS,0,0.570694087403599,0.5434496188394374,0.5988013145796511,1.67,1.0492528456600314,V0.6,0.028107227176052185,-1.804651982628691e-06,-1.0,2.5% to 5%
2022_23_20221023_TOT_NEW,2022_23,2022-10-23,TOT,NEW,1,0.5117493472584856,0.5297314843607771,0.4834960757177188,1.87,1.044963439921423,V0.6,-0.028253271540766844,-0.09586233840786584,0.8700000000000001,-5% to -2.5%
2022_23_20221023_WOL_LEI,2022_23,2022-10-23,WOL,LEI,1,0.4908616187989557,0.5098177565059249,0.5142890846759002,1.95,1.044735406437534,V0.6,0.023427465876944498,0.0028637151180053166,0.95,0% to 2.5%
2022_23_20221024_WHU_BOU,2022_23,2022-10-24,WHU,BOU,0,0.4947643979057591,0.5460317735204085,0.5217144523303057,1.93,1.047235244126436,V0.6,0.026950054424546566,0.006908892997489868,-1.0,2.5% to 5%
2022_23_20221029_BOU_TOT,2022_23,2022-10-29,BOU,TOT,1,0.5013123359580053,0.562062095993496,0.5371475739000889,1.9,1.049875998897768,V0.6,0.03583523794208365,0.020580390410168903,0.8999999999999999,2.5% to 5%
2022_23_20221029_BRE_WOL,2022_23,2022-10-29,BRE,WOL,0,0.486910994764398,0.4757580073581321,0.4894086131336561,1.96,1.0478384902348037,V0.6,0.0024976183692581033,-0.04075911825803413,-1.0,0% to 2.5%
2022_23_20221029_BRI_CHE,2022_23,2022-10-29,BRI,CHE,1,0.4659685863874345,0.5486163454301908,0.5176324910164223,2.04,1.0519938312403614,V0.6,0.05166390462898779,0.05597028167350149,1.04,5% to 10%
2022_23_20221029_CRY_SOU,2022_23,2022-10-29,CRY,SOU,0,0.4699738903394256,0.4801830016379077,0.4713655711106965,2.03,1.0481663929939793,V0.6,0.0013916807712708867,-0.043127890645286215,-1.0,0% to 2.5%
2022_23_20221029_FUL_EVE,2022_23,2022-10-29,FUL,EVE,0,0.5170603674540682,0.4805883107240796,0.5056821248716665,1.84,1.0510924740675347,V0.6,-0.01137824258240172,-0.06954489023613353,-1.0,-2.5% to 0%
2022_23_20221029_LEI_MCI,2022_23,2022-10-29,LEI,MCI,0,0.6563245823389022,0.6314052945790876,0.6557197240327851,1.44,1.058080808080808,V0.6,-0.0006048583061171176,-0.055763597392789466,-1.0,-2.5% to 0%
2022_23_20221029_LIV_LEE,2022_23,2022-10-29,LIV,LEE,1,0.6986607142857143,0.6323771152177188,0.7058701692165892,1.35,1.0602295586321144,V0.6,0.007209454930874881,-0.04707527155760449,0.3500000000000001,0% to 2.5%
2022_23_20221029_NEW_AVL,2022_23,2022-10-29,NEW,AVL,1,0.4986876640419947,0.4622490271246157,0.459845144449963,1.91,1.049875998897768,V0.6,-0.03884251959203172,-0.12169577410057075,0.9099999999999999,-5% to -2.5%
2022_23_20221030_ARS_NFO,2022_23,2022-10-30,ARS,NFO,1,0.6314496314496314,0.5472894602653955,0.6266468232107432,1.5,1.0557717250324254,V0.6,-0.004802808238888234,-0.06002976518388525,0.5,-2.5% to 0%
2022_23_20221030_MUN_WHU,2022_23,2022-10-30,MUN,WHU,0,0.5261780104712042,0.551340540808877,0.5378609089700234,1.81,1.0499986256562492,V0.6,0.011682898498819205,-0.02647175476425767,-1.0,0% to 2.5%
2022_23_20221105_EVE_LEI,2022_23,2022-11-05,EVE,LEI,0,0.4725848563968668,0.5669289217063277,0.5143533141926288,2.02,1.0475356927957988,V0.6,0.04176845779576194,0.03899369466911007,-1.0,2.5% to 5%
2022_23_20221105_LEE_BOU,2022_23,2022-11-05,LEE,BOU,1,0.5338541666666666,0.5372385611519038,0.5538401103740186,1.79,1.0464640959258755,V0.6,0.01998594370735196,-0.008626202430506713,0.79,0% to 2.5%
2022_23_20221105_MCI_FUL,2022_23,2022-11-05,MCI,FUL,1,0.7490118577075099,0.5975014670562163,0.6915137367893207,1.27,1.0512538175472128,V0.6,-0.05749812091818918,-0.12177755427756265,0.27,-10% to -5%
2022_23_20221105_NFO_BRE,2022_23,2022-11-05,NFO,BRE,1,0.4804177545691906,0.4815759138832933,0.4863303428988562,1.99,1.0459908236836355,V0.6,0.005912588329665569,-0.03220261763127619,0.99,0% to 2.5%
2022_23_20221105_WOL_BRI,2022_23,2022-11-05,WOL,BRI,1,0.4545454545454546,0.4407612288480447,0.4488530955011935,2.1,1.0476190476190474,V0.6,-0.005692359044261075,-0.0574084994474936,1.1,-2.5% to 0%
2022_23_20221106_AVL_MUN,2022_23,2022-11-06,AVL,MUN,1,0.5078534031413613,0.5286682467681783,0.5571089016534743,1.88,1.0473788111427944,V0.6,0.04925549851211297,0.047364735108531564,0.8799999999999999,2.5% to 5%
2022_23_20221106_CHE_ARS,2022_23,2022-11-06,CHE,ARS,0,0.5065274151436031,0.5833296497288836,0.5075473076362298,1.89,1.0445644466263024,V0.6,0.001019892492626684,-0.04073558856752579,-1.0,0% to 2.5%
2022_23_20221106_SOU_NEW,2022_23,2022-11-06,SOU,NEW,1,0.5026178010471204,0.4691260539368973,0.5068540799949026,1.9,1.0471491228070176,V0.6,0.004236278947782224,-0.03697724800968505,0.8999999999999999,0% to 2.5%
2022_23_20221106_TOT_LIV,2022_23,2022-11-06,TOT,LIV,1,0.5658914728682171,0.6642017570912201,0.6178841517340005,1.68,1.0518590998043054,V0.6,0.051992678865783404,0.038045374913120655,0.6799999999999999,5% to 10%
2022_23_20221106_WHU_CRY,2022_23,2022-11-06,WHU,CRY,1,0.4545454545454546,0.4921460058690245,0.4440304338342907,2.1,1.0476190476190474,V0.6,-0.010515020711163892,-0.06753608894798946,1.1,-2.5% to 0%
2022_23_20221112_BOU_EVE,2022_23,2022-11-12,BOU,EVE,1,0.4444444444444444,0.5182259772957406,0.4632737319739546,2.15,1.0465116279069768,V0.6,0.018829287529510186,-0.003961476255997631,1.15,0% to 2.5%
2022_23_20221112_LIV_SOU,2022_23,2022-11-12,LIV,SOU,1,0.6736111111111112,0.6050896997161592,0.6946676366387485,1.41,1.0528624698398772,V0.6,0.02105652552763737,-0.020518632339364573,0.4099999999999999,0% to 2.5%
2022_23_20221112_MCI_BRE,2022_23,2022-11-12,MCI,BRE,1,0.7074235807860262,0.6593285430822166,0.6961801444753107,1.34,1.05491063202506,V0.6,-0.011243436310715449,-0.06711860640308354,0.3400000000000001,-2.5% to 0%
2022_23_20221112_NEW_CHE,2022_23,2022-11-12,NEW,CHE,0,0.4960835509138382,0.538622795865679,0.5034222792668926,1.93,1.0444505044995909,V0.6,0.007338728353054436,-0.028395001014897225,-1.0,0% to 2.5%
2022_23_20221112_NFO_CRY,2022_23,2022-11-12,NFO,CRY,0,0.4366925064599483,0.4777110001836851,0.439667560315952,2.18,1.0504315726616362,V0.6,0.0029750538560037176,-0.04152471851122452,-1.0,0% to 2.5%
2022_23_20221112_TOT_LEE,2022_23,2022-11-12,TOT,LEE,1,0.5913705583756345,0.5829950463972062,0.5747106729662996,1.61,1.0503025617785835,V0.6,-0.01665988540933483,-0.07471581652425752,0.6100000000000001,-2.5% to 0%
2022_23_20221112_WHU_LEI,2022_23,2022-11-12,WHU,LEI,0,0.4947643979057591,0.5853656923946063,0.5488244283404838,1.93,1.047235244126436,V0.6,0.05406003043472474,0.05923114669713381,-1.0,5% to 10%
2022_23_20221112_WOL_ARS,2022_23,2022-11-12,WOL,ARS,0,0.5352480417754569,0.5211544568327218,0.5631410757133936,1.78,1.0496026308577693,V0.6,0.02789303393793663,0.002391114769840552,-1.0,2.5% to 5%
2022_23_20221113_BRI_AVL,2022_23,2022-11-13,BRI,AVL,1,0.5,0.4502120164729791,0.4596258693684699,1.91,1.0471204188481675,V0.6,-0.040374130631530114,-0.12211458950622256,0.9099999999999999,-5% to -2.5%
2022_23_20221113_FUL_MUN,2022_23,2022-11-13,FUL,MUN,1,0.5831202046035805,0.5180137319543549,0.6090615629744027,1.63,1.0520934237434076,V0.6,0.02594135837082223,-0.00722965235172357,0.6299999999999999,2.5% to 5%
2022_23_20221226_ARS_WHU,2022_23,2022-12-26,ARS,WHU,1,0.5390625,0.5748429884807078,0.5418634855081579,1.77,1.048063538852043,V0.6,0.0028009855081578827,-0.040901630650560517,0.77,0% to 2.5%
2022_23_20221226_AVL_LIV,2022_23,2022-12-26,AVL,LIV,1,0.5790816326530612,0.5608378639358801,0.6196767943794467,1.65,1.0465892404218395,V0.6,0.04059516172638544,0.02246671072608697,0.6499999999999999,2.5% to 5%
2022_23_20221226_BRE_TOT,2022_23,2022-12-26,BRE,TOT,1,0.5275590551181102,0.5605829075403822,0.524030846715617,1.8,1.053067993366501,V0.6,-0.003528208402493238,-0.05674447591188947,0.8,-2.5% to 0%
2022_23_20221226_CRY_FUL,2022_23,2022-12-26,CRY,FUL,1,0.4842931937172774,0.4620186678131822,0.4694471879647213,1.97,1.04815475373851,V0.6,-0.014846005752556124,-0.07518903970949908,0.97,-2.5% to 0%
2022_23_20221226_EVE_WOL,2022_23,2022-12-26,EVE,WOL,1,0.4329896907216495,0.4339895022190291,0.3913542417057615,2.2,1.0497835497835497,V0.6,-0.041635449015888004,-0.13902066824732462,1.2000000000000002,-5% to -2.5%
2022_23_20221226_LEI_NEW,2022_23,2022-12-26,LEI,NEW,1,0.5221932114882506,0.5080348465848136,0.4885411281075755,1.83,1.046448087431694,V0.6,-0.0336520833806751,-0.10596973556313682,0.8300000000000001,-5% to -2.5%
2022_23_20221226_SOU_BRI,2022_23,2022-12-26,SOU,BRI,1,0.5,0.4455093722588883,0.4543244144730793,1.89,1.0582010582010584,V0.6,-0.04567558552692069,-0.14132685664588018,0.8899999999999999,-5% to -2.5%
2022_23_20221227_CHE_BOU,2022_23,2022-12-27,CHE,BOU,0,0.5732647814910026,0.5587067706834397,0.5734837634544276,1.66,1.0508401318277596,V0.6,0.00021898196342506893,-0.0480169526656502,-1.0,0% to 2.5%
2022_23_20221227_MUN_NFO,2022_23,2022-12-27,MUN,NFO,1,0.5805626598465473,0.5275523796955764,0.5847508481150175,1.64,1.050284731922209,V0.6,0.004188188268470228,-0.04100860909137127,0.6399999999999999,0% to 2.5%
2022_23_20221228_LEE_MCI,2022_23,2022-12-28,LEE,MCI,1,0.664319248826291,0.6459160842560383,0.7183095750975649,1.43,1.0526575897600634,V0.6,0.05399032627127387,0.02718269238951776,0.42999999999999994,5% to 10%
2022_23_20221230_LIV_LEI,2022_23,2022-12-30,LIV,LEI,1,0.660377358490566,0.6133448974370433,0.667654025560006,1.44,1.0515873015873016,V0.6,0.007276667069439968,-0.0385782031935914,0.43999999999999995,0% to 2.5%
2022_23_20221230_WHU_BRE,2022_23,2022-12-30,WHU,BRE,0,0.4947643979057591,0.5098397068506583,0.4769169606703719,1.93,1.047235244126436,V0.6,-0.017847437235387176,-0.0795502659061822,-1.0,-2.5% to 0%
2022_23_20221231_BOU_CRY,2022_23,2022-12-31,BOU,CRY,0,0.4481865284974093,0.4768950583673184,0.4209286226922991,2.13,1.0475182501560425,V0.6,-0.027257905805110227,-0.10342203366540303,-1.0,-5% to -2.5%
2022_23_20221231_BRI_ARS,2022_23,2022-12-31,BRI,ARS,1,0.5208333333333334,0.5329240619663369,0.5245968075700583,1.84,1.0434782608695652,V0.6,0.003763474236724962,-0.03474187407109264,0.8400000000000001,0% to 2.5%
2022_23_20221231_FUL_SOU,2022_23,2022-12-31,FUL,SOU,1,0.548051948051948,0.4585825532688585,0.519597028229137,1.74,1.0486462929672604,V0.6,-0.02845491982281101,-0.09590117088130157,0.74,-5% to -2.5%
2022_23_20221231_MCI_EVE,2022_23,2022-12-31,MCI,EVE,0,0.6877828054298643,0.6144370273425442,0.6776093434300487,1.38,1.053585049580473,V0.6,-0.010173461999815503,-0.06489910606653282,-1.0,-2.5% to 0%
2022_23_20221231_NEW_LEE,2022_23,2022-12-31,NEW,LEE,0,0.5826972010178116,0.4704158210144203,0.4768950128343727,1.64,1.0464373202683992,V0.6,-0.10580218818343895,-0.21789217895162882,-1.0,< -10%
2022_23_20221231_WOL_MUN,2022_23,2022-12-31,WOL,MUN,0,0.4856396866840731,0.5034391495465836,0.5057148248299534,1.97,1.04524862180012,V0.6,0.020075138145880356,-0.003741795084991728,-1.0,0% to 2.5%
2022_23_20230101_NFO_CHE,2022_23,2023-01-01,NFO,CHE,0,0.4855643044619423,0.5061682510578535,0.5104407427538115,1.96,1.0507446221731935,V0.6,0.02487643829186914,0.00046385579747054706,-1.0,0% to 2.5%
2022_23_20230101_TOT_AVL,2022_23,2023-01-01,TOT,AVL,0,0.5378590078328982,0.5253482576699866,0.4736175551728088,1.77,1.0504086446163128,V0.6,-0.0642414526600894,-0.16169692734412844,-1.0,-10% to -5%
2022_23_20230102_BRE_LIV,2022_23,2023-01-02,BRE,LIV,1,0.5969773299748111,0.568929304644171,0.6173212030842407,1.6,1.046940928270042,V0.6,0.020343873109429533,-0.012286075065214952,0.6000000000000001,0% to 2.5%
2022_23_20230103_ARS_NEW,2022_23,2023-01-03,ARS,NEW,0,0.53125,0.527435564096054,0.473878609711006,1.8,1.0457516339869282,V0.6,-0.05737139028899402,-0.14701850252018922,-1.0,-10% to -5%
2022_23_20230103_EVE_BRI,2022_23,2023-01-03,EVE,BRI,1,0.4804177545691906,0.4411727090466734,0.4268898461226655,1.99,1.0459908236836355,V0.6,-0.05352790844652511,-0.15048920621589568,0.99,-10% to -5%
2022_23_20230103_LEI_FUL,2022_23,2023-01-03,LEI,FUL,0,0.548051948051948,0.5345387157699549,0.5572844815236002,1.74,1.0486462929672604,V0.6,0.009232533471652205,-0.03032500214893563,-1.0,0% to 2.5%
2022_23_20230103_MUN_BOU,2022_23,2023-01-03,MUN,BOU,1,0.6169154228855721,0.5167362085783239,0.5775013453216781,1.54,1.0525764558022623,V0.6,-0.039414077563894034,-0.11064792820461578,0.54,-5% to -2.5%
2022_23_20230104_AVL_WOL,2022_23,2023-01-04,AVL,WOL,0,0.4647519582245431,0.4399824172725334,0.428617679142301,2.05,1.0496026308577693,V0.6,-0.03613427908224215,-0.12133375775828303,-1.0,-5% to -2.5%
2022_23_20230104_CRY_TOT,2022_23,2023-01-04,CRY,TOT,1,0.5065616797900262,0.502288598121478,0.4890189130210952,1.88,1.050049608642928,V0.6,-0.017542766768931017,-0.08064444352034106,0.8799999999999999,-2.5% to 0%
2022_23_20230104_LEE_WHU,2022_23,2023-01-04,LEE,WHU,1,0.5326370757180157,0.5131615688108362,0.5228657158022076,1.79,1.0488552963084674,V0.6,-0.00977135991580802,-0.06407036871404825,0.79,-2.5% to 0%
2022_23_20230104_SOU_NFO,2022_23,2023-01-04,SOU,NFO,0,0.4712041884816754,0.4559433082956879,0.4465105109709534,2.02,1.0506050605060506,V0.6,-0.02469367751072199,-0.09804876783867411,-1.0,-2.5% to 0%
2022_23_20230105_CHE_MCI,2022_23,2023-01-05,CHE,MCI,0,0.5326370757180157,0.6677483391425022,0.6087989659202662,1.79,1.0488552963084674,V0.6,0.0761618902022505,0.08975014899727651,-1.0,5% to 10%
2022_23_20230112_FUL_CHE,2022_23,2023-01-12,FUL,CHE,1,0.5248041775456919,0.5280115942999786,0.5710866648919604,1.82,1.0469629872614947,V0.6,0.0462824873462685,0.03937773010336798,0.8200000000000001,2.5% to 5%
2022_23_20230113_AVL_LEE,2022_23,2023-01-13,AVL,LEE,1,0.5350649350649351,0.4811533209460857,0.4783543759673952,1.79,1.0440961110809783,V0.6,-0.056710559097539914,-0.14374566701836256,0.79,-10% to -5%
2022_23_20230114_BRE_BOU,2022_23,2023-01-14,BRE,BOU,0,0.5274151436031332,0.5080470238010139,0.4855256084743017,1.81,1.0475356927957988,V0.6,-0.041889535128831534,-0.12119864866151386,-1.0,-5% to -2.5%
2022_23_20230114_BRI_LIV,2022_23,2023-01-14,BRI,LIV,1,0.6030150753768844,0.5288434043281061,0.5923490045161273,1.58,1.04957805907173,V0.6,-0.010666070860757104,-0.06408857286451886,0.5800000000000001,-2.5% to 0%
2022_23_20230114_EVE_SOU,2022_23,2023-01-14,EVE,SOU,1,0.4559585492227979,0.4786058018638086,0.4375034333342089,2.1,1.0443722943722944,V0.6,-0.018455115888589002,-0.08124278999816126,1.1,-2.5% to 0%
2022_23_20230114_MUN_MCI,2022_23,2023-01-14,MUN,MCI,1,0.5629820051413882,0.6329304906115266,0.6113514516174727,1.7,1.0448562986838572,V0.6,0.04836944647608454,0.03929746774970355,0.7,2.5% to 5%
2022_23_20230114_NFO_LEI,2022_23,2023-01-14,NFO,LEI,0,0.4817708333333334,0.4817354900762089,0.498077866984481,1.99,1.0430531033546109,V0.6,0.01630703365114755,-0.008825044700882856,-1.0,0% to 2.5%
2022_23_20230114_WOL_WHU,2022_23,2023-01-14,WOL,WHU,0,0.4307692307692307,0.4679436526460056,0.4152124881782681,2.22,1.0456885456885456,V0.6,-0.015556742590962569,-0.07822827624424467,-1.0,-2.5% to 0%
2022_23_20230115_CHE_CRY,2022_23,2023-01-15,CHE,CRY,0,0.4830287206266319,0.4987022597332734,0.4670880144078458,1.98,1.0455910455910455,V0.6,-0.01594070621878607,-0.0751657314724653,-1.0,-2.5% to 0%
2022_23_20230115_NEW_FUL,2022_23,2023-01-15,NEW,FUL,0,0.5492227979274612,0.4693116796503512,0.5275020433454388,1.74,1.046410756885708,V0.6,-0.021720754582022384,-0.0821464445789365,-1.0,-2.5% to 0%
2022_23_20230115_TOT_ARS,2022_23,2023-01-15,TOT,ARS,0,0.5326370757180157,0.6066369886643487,0.5350371007063246,1.79,1.0488552963084674,V0.6,0.0024000249883089353,-0.04228358973567892,-1.0,0% to 2.5%
2022_23_20230118_CRY_MUN,2022_23,2023-01-18,CRY,MUN,0,0.4960835509138382,0.5085392110747878,0.5403457763456762,1.93,1.0444505044995909,V0.6,0.04426222543183794,0.04286734834715489,-1.0,2.5% to 5%
2022_23_20230119_MCI_TOT,2022_23,2023-01-19,MCI,TOT,1,0.6212871287128713,0.6401728083286805,0.6097464515523757,1.53,1.052001145743822,V0.6,-0.01154067716049556,-0.06708792912486516,0.53,-2.5% to 0%
2022_23_20230121_BOU_NFO,2022_23,2023-01-21,BOU,NFO,0,0.4198473282442748,0.5046497446065781,0.4446768556267314,2.28,1.0446570972886762,V0.6,0.02482952738245664,0.01386323082894747,-1.0,0% to 2.5%
2022_23_20230121_CRY_NEW,2022_23,2023-01-21,CRY,NEW,0,0.4470284237726098,0.4992132568826694,0.4993877094745241,2.14,1.045324401707093,V0.6,0.05235928570191428,0.06868969827548166,-1.0,5% to 10%
2022_23_20230121_LEI_BRI,2022_23,2023-01-21,LEI,BRI,1,0.5234374999999999,0.4812816112845496,0.4940510612073021,1.83,1.0439605252426394,V0.6,-0.02938643879269781,-0.09588655799063717,0.8300000000000001,-5% to -2.5%
2022_23_20230121_LIV_CHE,2022_23,2023-01-21,LIV,CHE,0,0.5604113110539846,0.6109004017964096,0.5968992291251966,1.71,1.043510917967702,V0.6,0.03648791807121199,0.020697681804086043,-1.0,2.5% to 5%
2022_23_20230121_SOU_AVL,2022_23,2023-01-21,SOU,AVL,0,0.4699738903394256,0.4907340195631763,0.4664010136168787,2.03,1.0481663929939793,V0.6,-0.003572876722546914,-0.05320594235773635,-1.0,-2.5% to 0%
2022_23_20230121_WHU_EVE,2022_23,2023-01-21,WHU,EVE,0,0.4597402597402597,0.4893600686807023,0.452708555149625,2.08,1.04574098218166,V0.6,-0.007031704590634735,-0.058366205288780004,-1.0,-2.5% to 0%
2022_23_20230122_ARS_MUN,2022_23,2023-01-22,ARS,MUN,1,0.5607235142118864,0.5711469544502421,0.5548063125307844,1.7,1.0490647872052046,V0.6,-0.005917201681101991,-0.05682926869766658,0.7,-2.5% to 0%
2022_23_20230122_LEE_BRE,2022_23,2023-01-22,LEE,BRE,0,0.5681233933161953,0.5460350696787473,0.5778165573862271,1.68,1.0477267830209007,V0.6,0.009693164070031735,-0.029268183591138586,-1.0,0% to 2.5%
2022_23_20230122_MCI_WOL,2022_23,2023-01-22,MCI,WOL,1,0.637469586374696,0.5688443323884481,0.6213465501045535,1.49,1.0528203289102924,V0.6,-0.016123036270142443,-0.07419364034421527,0.49,-2.5% to 0%
2022_23_20230123_FUL_TOT,2022_23,2023-01-23,FUL,TOT,0,0.5518134715025906,0.5165850175594561,0.5495218699779354,1.73,1.0475182501560425,V0.6,-0.00229160152465524,-0.0493271649381718,-1.0,-2.5% to 0%
2022_23_20230203_CHE_FUL,2022_23,2023-02-03,CHE,FUL,0,0.5091383812010444,0.5151936777432161,0.5293490094647292,1.88,1.044735406437534,V0.6,0.020210628263684804,-0.0048238622063091485,-1.0,0% to 2.5%
2022_23_20230204_AVL_LEI,2022_23,2023-02-04,AVL,LEI,1,0.5013054830287206,0.5159441753999011,0.5024604877267163,1.91,1.0443935427574171,V0.6,0.0011550046979956763,-0.04030046844197199,0.9099999999999999,0% to 2.5%
2022_23_20230204_BRE_SOU,2022_23,2023-02-04,BRE,SOU,1,0.4804177545691906,0.4965391881202051,0.4634651300471854,1.99,1.0459908236836355,V0.6,-0.01695262452200519,-0.07770439120610095,0.99,-2.5% to 0%
2022_23_20230204_BRI_BOU,2022_23,2023-02-04,BRI,BOU,0,0.5604113110539846,0.5103463166058937,0.5515481389773312,1.71,1.043510917967702,V0.6,-0.008863172076653325,-0.05685268234876362,-1.0,-2.5% to 0%
2022_23_20230204_EVE_ARS,2022_23,2023-02-04,EVE,ARS,0,0.5195822454308094,0.5356031365077375,0.5359269146782456,1.84,1.0459908236836355,V0.6,0.01634466924743616,-0.01389447699202806,-1.0,0% to 2.5%
2022_23_20230204_MUN_CRY,2022_23,2023-02-04,MUN,CRY,1,0.5182291666666667,0.5149275934935298,0.5184257518067374,1.85,1.0430531033546109,V0.6,0.00019658514007070416,-0.04091235915753566,0.8500000000000001,0% to 2.5%
2022_23_20230204_NEW_WHU,2022_23,2023-02-04,NEW,WHU,0,0.4635416666666666,0.5062032212431373,0.4718084024881075,2.06,1.0472346460128723,V0.6,0.00826673582144094,-0.028074690874498542,-1.0,0% to 2.5%
2022_23_20230204_WOL_LIV,2022_23,2023-02-04,WOL,LIV,1,0.5338541666666666,0.5479810713379103,0.5843741316013193,1.79,1.0464640959258755,V0.6,0.05051996493465272,0.04602969556636172,0.79,5% to 10%
2022_23_20230205_NFO_LEE,2022_23,2023-02-05,NFO,LEE,0,0.5026041666666667,0.5228749578041554,0.5325784258278402,1.91,1.0416949244499905,V0.6,0.029974259161173467,0.01722479333117466,-1.0,2.5% to 5%
2022_23_20230205_TOT_MCI,2022_23,2023-02-05,TOT,MCI,0,0.5805626598465473,0.682380651136816,0.6427189678373175,1.64,1.050284731922209,V0.6,0.06215630799077021,0.05405910725320062,-1.0,5% to 10%
2022_23_20230208_MUN_LEE,2022_23,2023-02-08,MUN,LEE,1,0.5969773299748111,0.5969765411120679,0.6293428572637667,1.6,1.046940928270042,V0.6,0.03236552728895559,0.006948571622026778,0.6000000000000001,2.5% to 5%
2022_23_20230211_ARS_BRE,2022_23,2023-02-11,ARS,BRE,0,0.5529715762273902,0.594645127334275,0.5702199360994727,1.73,1.045324401707093,V0.6,0.017248359872082508,-0.013519510547912117,-1.0,0% to 2.5%
2022_23_20230211_BOU_NEW,2022_23,2023-02-11,BOU,NEW,0,0.4753246753246753,0.5478174987578229,0.561361854958302,2.02,1.041497592382189,V0.6,0.08603717963362673,0.13395094701577004,-1.0,5% to 10%
2022_23_20230211_CRY_BRI,2022_23,2023-02-11,CRY,BRI,0,0.4661458333333333,0.4525026718599961,0.4456915687134283,2.05,1.0464640959258755,V0.6,-0.020454264619905016,-0.08633228413747207,-1.0,-2.5% to 0%
2022_23_20230211_FUL_NFO,2022_23,2023-02-11,FUL,NFO,0,0.4635416666666666,0.4568992319413296,0.4927902150195481,2.06,1.0472346460128723,V0.6,0.029248548352881543,0.015147842940269163,-1.0,2.5% to 5%
2022_23_20230211_LEI_TOT,2022_23,2023-02-11,LEI,TOT,1,0.5466321243523315,0.6026345035163119,0.5870828435188442,1.75,1.045362220717671,V0.6,0.04045071916651266,0.027394976157977258,0.75,2.5% to 5%
2022_23_20230211_SOU_WOL,2022_23,2023-02-11,SOU,WOL,1,0.4173027989821883,0.4752015816803888,0.4322423211369291,2.29,1.0464373202683992,V0.6,0.014939522154740814,-0.010165084596432283,1.29,0% to 2.5%
2022_23_20230211_WHU_CHE,2022_23,2023-02-11,WHU,CHE,0,0.4271099744245524,0.5647492769656469,0.4888440152728953,2.24,1.0452309666381523,V0.6,0.061734040848342886,0.09501059421128555,-1.0,5% to 10%
2022_23_20230212_LEE_MUN,2022_23,2023-02-12,LEE,MUN,0,0.5790816326530612,0.5431184695083132,0.5962122308530161,1.65,1.0465892404218395,V0.6,0.017130598199954883,-0.016249819092523432,-1.0,0% to 2.5%
2022_23_20230212_MCI_AVL,2022_23,2023-02-12,MCI,AVL,1,0.637469586374696,0.5974455325712181,0.6142978510562057,1.49,1.0528203289102924,V0.6,-0.02317173531849026,-0.08469620192625349,0.49,-2.5% to 0%
2022_23_20230213_LIV_EVE,2022_23,2023-02-13,LIV,EVE,0,0.5364583333333334,0.5913822191884133,0.5634261159655364,1.78,1.0472346460128723,V0.6,0.026967782632203008,0.0028984864186547554,-1.0,2.5% to 5%
2022_23_20230215_ARS_MCI,2022_23,2023-02-15,ARS,MCI,1,0.5182291666666667,0.6695994098380692,0.5750086084016841,1.85,1.0430531033546109,V0.6,0.056779441735017366,0.06376592554311555,0.8500000000000001,5% to 10%
2022_23_20230218_AVL_ARS,2022_23,2023-02-18,AVL,ARS,1,0.484375,0.5447344817121902,0.5053277666117204,1.98,1.0426849136526557,V0.6,0.020952766611720408,0.000548977891206448,0.98,0% to 2.5%
2022_23_20230218_BRE_CRY,2022_23,2023-02-18,BRE,CRY,0,0.4455958549222798,0.5090704336791653,0.4362757575742294,2.14,1.0486850684633775,V0.6,-0.009320097348050449,-0.06636987879114908,-1.0,-2.5% to 0%
2022_23_20230218_BRI_FUL,2022_23,2023-02-18,BRI,FUL,0,0.5466321243523315,0.4804408433578379,0.5499474676480222,1.75,1.045362220717671,V0.6,0.0033153432956906093,-0.037591931615961194,-1.0,0% to 2.5%
2022_23_20230218_CHE_SOU,2022_23,2023-02-18,CHE,SOU,0,0.4960835509138382,0.5319087056964678,0.5199872938732022,1.93,1.0444505044995909,V0.6,0.023903742959363983,0.003575477175280284,-1.0,0% to 2.5%
2022_23_20230218_EVE_LEE,2022_23,2023-02-18,EVE,LEE,0,0.4597402597402597,0.5553014258311272,0.497058060179318,2.08,1.04574098218166,V0.6,0.037317800439058246,0.03388076517298133,-1.0,2.5% to 5%
2022_23_20230218_NEW_LIV,2022_23,2023-02-18,NEW,LIV,0,0.5326370757180157,0.5898557014788149,0.5972948266303982,1.79,1.0488552963084674,V0.6,0.06465775091238257,0.06915773966841288,-1.0,5% to 10%
2022_23_20230218_NFO_MCI,2022_23,2023-02-18,NFO,MCI,0,0.5816326530612244,0.5659474357537875,0.6303020429396284,1.64,1.048352588789046,V0.6,0.04866938987840408,0.03369535042099048,-1.0,2.5% to 5%
2022_23_20230218_WOL_BOU,2022_23,2023-02-18,WOL,BOU,0,0.4583333333333333,0.5071619914293921,0.467011301502637,2.08,1.048951048951049,V0.6,0.008677968169303663,-0.028616492874515065,-1.0,0% to 2.5%
2022_23_20230219_MUN_LEI,2022_23,2023-02-19,MUN,LEI,1,0.5888324873096447,0.5552288314767104,0.573096416066223,1.62,1.0483184333759046,V0.6,-0.01573607124342169,-0.07158380597271874,0.6200000000000001,-2.5% to 0%
2022_23_20230219_TOT_WHU,2022_23,2023-02-19,TOT,WHU,0,0.5195822454308094,0.6066377670808452,0.564520302904689,1.84,1.0459908236836355,V0.6,0.04493805747387958,0.03871735734462778,-1.0,2.5% to 5%
2022_23_20230224_FUL_WOL,2022_23,2023-02-24,FUL,WOL,0,0.4282051282051282,0.4396308379063083,0.4309603966612927,2.23,1.0472328884831237,V0.6,0.002755268456164528,-0.03895831544531725,-1.0,0% to 2.5%
2022_23_20230225_BOU_MCI,2022_23,2023-02-25,BOU,MCI,1,0.6109725685785536,0.6290452732266022,0.6965720976367211,1.56,1.0491889063317634,V0.6,0.08559952905816748,0.08665247231328488,0.56,5% to 10%
2022_23_20230225_CRY_LIV,2022_23,2023-02-25,CRY,LIV,0,0.5260416666666667,0.5725448837587631,0.6057209610686459,1.82,1.0445000544010443,V0.6,0.07967929440197918,0.10241214914493568,-1.0,5% to 10%
2022_23_20230225_EVE_AVL,2022_23,2023-02-25,EVE,AVL,0,0.4209183673469387,0.4709298794652018,0.3802720827888851,2.27,1.0465892404218395,V0.6,-0.040646284558053636,-0.13678237206923083,-1.0,-5% to -2.5%
2022_23_20230225_LEE_SOU,2022_23,2023-02-25,LEE,SOU,0,0.4751958224543081,0.5355779159133867,0.5174582588592083,2.01,1.0469629872614947,V0.6,0.04226243640490018,0.040091100307008576,-1.0,2.5% to 5%
2022_23_20230225_LEI_ARS,2022_23,2023-02-25,LEI,ARS,0,0.5717948717948719,0.5588103433452972,0.5621706720466132,1.67,1.0472328884831237,V0.6,-0.009624199748258677,-0.06117497768215596,-1.0,-2.5% to 0%
2022_23_20230225_WHU_NFO,2022_23,2023-02-25,WHU,NFO,1,0.440721649484536,0.4784011621638877,0.4492652752735239,2.17,1.0456248147249845,V0.6,0.008543625788987874,-0.02509435265645321,1.17,0% to 2.5%
2022_23_20230226_TOT_CHE,2022_23,2023-02-26,TOT,CHE,0,0.4701298701298701,0.6266697989895491,0.5445473850505161,2.04,1.0426822662766764,V0.6,0.07441751492064602,0.11087666550305286,-1.0,5% to 10%
2022_23_20230301_ARS_EVE,2022_23,2023-03-01,ARS,EVE,1,0.5260416666666667,0.5928271689273001,0.5703708021337903,1.82,1.0445000544010443,V0.6,0.04432913546712358,0.038074859883498346,0.8200000000000001,2.5% to 5%
2022_23_20230301_LIV_WOL,2022_23,2023-03-01,LIV,WOL,0,0.5529715762273902,0.5357527150772672,0.55802887044738,1.73,1.045324401707093,V0.6,0.005057294219989794,-0.034610054126032574,-1.0,0% to 2.5%
2022_23_20230304_ARS_BOU,2022_23,2023-03-04,ARS,BOU,1,0.6040100250626567,0.5713707522174428,0.6070777599974421,1.58,1.0478491517411628,V0.6,0.0030677349347854044,-0.04081713920404151,0.5800000000000001,0% to 2.5%
2022_23_20230304_AVL_CRY,2022_23,2023-03-04,AVL,CRY,0,0.4183673469387755,0.4998998118232273,0.4235065192904833,2.28,1.048352588789046,V0.6,0.005139172351707799,-0.034405136017698235,-1.0,0% to 2.5%
2022_23_20230304_BRI_WHU,2022_23,2023-03-04,BRI,WHU,1,0.4960835509138382,0.5275993161719174,0.5236140304622725,1.93,1.0444505044995909,V0.6,0.027530479548434295,0.010575078792185888,0.9299999999999999,2.5% to 5%
2022_23_20230304_CHE_LEE,2022_23,2023-03-04,CHE,LEE,0,0.5039164490861618,0.5662279472252689,0.5564954845559779,1.9,1.0444505044995909,V0.6,0.052579035469816016,0.05734142065635783,-1.0,5% to 10%
2022_23_20230304_MCI_NEW,2022_23,2023-03-04,MCI,NEW,0,0.5592783505154639,0.5936635290047753,0.5543620134340032,1.71,1.0456248147249845,V0.6,-0.004916337081460775,-0.052040957027854606,-1.0,-2.5% to 0%
2022_23_20230304_SOU_LEI,2022_23,2023-03-04,SOU,LEI,0,0.4713541666666666,0.5133131905991754,0.4768435933043384,2.03,1.0450970252837275,V0.6,0.005489426637671824,-0.03200750559219312,-1.0,0% to 2.5%
2022_23_20230304_WOL_TOT,2022_23,2023-03-04,WOL,TOT,0,0.4571428571428572,0.5378275859386007,0.4956678300523772,2.09,1.0466507177033493,V0.6,0.038524972909520006,0.03594576480946832,-1.0,2.5% to 5%
2022_23_20230305_LIV_MUN,2022_23,2023-03-05,LIV,MUN,1,0.5790816326530612,0.5751351632961648,0.5737225491777668,1.65,1.0465892404218395,V0.6,-0.005359083475294457,-0.05335779385668493,0.6499999999999999,-2.5% to 0%
2022_23_20230305_NFO_EVE,2022_23,2023-03-05,NFO,EVE,1,0.3840399002493765,0.4894783845846746,0.3987032379703295,2.47,1.054208948945791,V0.6,0.014663337720953018,-0.015203002213285965,1.4700000000000002,0% to 2.5%
2022_23_20230306_BRE_FUL,2022_23,2023-03-06,BRE,FUL,1,0.5052356020942408,0.5096033077845323,0.5256418663489641,1.89,1.047235244126436,V0.6,0.02040626425472336,-0.006536872600457766,0.8899999999999999,0% to 2.5%
2022_23_20230311_BOU_LIV,2022_23,2023-03-11,BOU,LIV,0,0.5877862595419847,0.5872343824195757,0.6531626523648082,1.62,1.050184383517717,V0.6,0.06537639282282348,0.058123496830989385,-1.0,5% to 10%
2022_23_20230311_CRY_MCI,2022_23,2023-03-11,CRY,MCI,0,0.5394736842105263,0.5836530259644095,0.5925540514607196,1.75,1.059233449477352,V0.6,0.05308036725019327,0.036969590056259216,-1.0,5% to 10%
2022_23_20230311_EVE_BRE,2022_23,2023-03-11,EVE,BRE,0,0.4245524296675191,0.5365725383270631,0.4439799443056046,2.25,1.0468540829986617,V0.6,0.019427514638085508,-0.0010451253123896498,-1.0,0% to 2.5%
2022_23_20230311_LEE_BRI,2022_23,2023-03-11,LEE,BRI,1,0.5169712793733681,0.4865674655510292,0.5378427614730538,1.85,1.0455910455910455,V0.6,0.0208714820996857,-0.0049908912748505285,0.8500000000000001,0% to 2.5%
2022_23_20230311_LEI_CHE,2022_23,2023-03-11,LEI,CHE,1,0.4830287206266319,0.5656738390420739,0.5317661444373009,1.98,1.0455910455910455,V0.6,0.04873742381066898,0.05289696598585558,0.98,2.5% to 5%
2022_23_20230311_TOT_NFO,2022_23,2023-03-11,TOT,NFO,1,0.5248041775456919,0.5153303073926203,0.5118119600061213,1.82,1.0469629872614947,V0.6,-0.012992217539570583,-0.06850223278885925,0.8200000000000001,-2.5% to 0%
2022_23_20230312_FUL_ARS,2022_23,2023-03-12,FUL,ARS,1,0.5274151436031332,0.4845545549467978,0.5178464112919466,1.81,1.0475356927957988,V0.6,-0.0095687323111866,-0.06269799556157651,0.81,-2.5% to 0%
2022_23_20230312_MUN_SOU,2022_23,2023-03-12,MUN,SOU,0,0.5831202046035805,0.5472854847609687,0.5967731070672192,1.63,1.0520934237434076,V0.6,0.013652902463638705,-0.02725983548043276,-1.0,0% to 2.5%
2022_23_20230312_NEW_WOL,2022_23,2023-03-12,NEW,WOL,1,0.4444444444444444,0.4487059209693727,0.4616778320168074,2.15,1.0465116279069768,V0.6,0.01723338757236298,-0.007392661163864167,1.15,0% to 2.5%
2022_23_20230312_WHU_AVL,2022_23,2023-03-12,WHU,AVL,0,0.4699738903394256,0.4794747334623548,0.4252954010846733,2.03,1.0481663929939793,V0.6,-0.04467848925475232,-0.13665033579811336,-1.0,-5% to -2.5%
2022_23_20230315_BRI_CRY,2022_23,2023-03-15,BRI,CRY,0,0.5039370078740157,0.4989197591873622,0.5243325860068206,1.89,1.0499338624338626,V0.6,0.020395578132804904,-0.009011412447109013,-1.0,0% to 2.5%
2022_23_20230315_SOU_BRE,2022_23,2023-03-15,SOU,BRE,0,0.4621409921671018,0.4940564962568395,0.4671003801800614,2.06,1.0504086446163128,V0.6,0.004959388012959587,-0.03777321682907353,-1.0,0% to 2.5%
2022_23_20230317_NFO_NEW,2022_23,2023-03-17,NFO,NEW,1,0.4687499999999999,0.4564519097847822,0.4783969321538679,2.04,1.0457516339869282,V0.6,0.009646932153868026,-0.024070258406109435,1.04,0% to 2.5%
2022_23_20230318_AVL_BOU,2022_23,2023-03-18,AVL,BOU,1,0.4973821989528796,0.5078449660289663,0.4965795537973105,1.92,1.0471491228070176,V0.6,-0.0008026451555691039,-0.04656725670916384,0.9199999999999999,-2.5% to 0%
2022_23_20230318_BRE_LEI,2022_23,2023-03-18,BRE,LEI,0,0.5169712793733681,0.5582758829830078,0.5311349218773744,1.85,1.0455910455910455,V0.6,0.014163642504006368,-0.017400394526857266,-1.0,0% to 2.5%
2022_23_20230318_CHE_EVE,2022_23,2023-03-18,CHE,EVE,1,0.4583333333333333,0.5229812222544182,0.4607995521544686,2.08,1.048951048951049,V0.6,0.002466218821135291,-0.0415369315187053,1.08,0% to 2.5%
2022_23_20230318_SOU_TOT,2022_23,2023-03-18,SOU,TOT,1,0.4778067885117493,0.5335985954606256,0.517410625455206,2.0,1.046448087431694,V0.6,0.039603836943456705,0.034821250910411994,1.0,2.5% to 5%
2022_23_20230318_WOL_LEE,2022_23,2023-03-18,WOL,LEE,1,0.4209183673469387,0.5149030185342705,0.4539383664500105,2.27,1.0465892404218395,V0.6,0.033019999103071795,0.030440091841523964,1.27,2.5% to 5%
2022_23_20230319_ARS_CRY,2022_23,2023-03-19,ARS,CRY,1,0.5529715762273902,0.5240363869188027,0.5354815033223383,1.73,1.045324401707093,V0.6,-0.01749007290505189,-0.07361699925235465,0.73,-2.5% to 0%
2022_23_20230401_ARS_LEE,2022_23,2023-04-01,ARS,LEE,1,0.6212871287128713,0.5603842056688155,0.5803762736869714,1.53,1.052001145743822,V0.6,-0.04091085502589986,-0.1120243012589337,0.53,-5% to -2.5%
2022_23_20230401_BOU_FUL,2022_23,2023-04-01,BOU,FUL,1,0.4687499999999999,0.4513882040690609,0.4504177933261292,2.04,1.0457516339869282,V0.6,-0.0183322066738707,-0.08114770161469642,1.04,-2.5% to 0%
2022_23_20230401_BRI_BRE,2022_23,2023-04-01,BRI,BRE,1,0.5428571428571429,0.5041917455780586,0.5488037143226157,1.76,1.0466507177033493,V0.6,0.0059465714654727275,-0.034105462792196395,0.76,0% to 2.5%
2022_23_20230401_CHE_AVL,2022_23,2023-04-01,CHE,AVL,0,0.4947643979057591,0.5185548063212868,0.4848196420157485,1.93,1.047235244126436,V0.6,-0.009944755890010593,-0.06429809090960537,-1.0,-2.5% to 0%
2022_23_20230401_CRY_LEI,2022_23,2023-04-01,CRY,LEI,1,0.4392764857881137,0.5309405132010555,0.4825741570951037,2.17,1.0490647872052046,V0.6,0.043297671306990027,0.04718592089637497,1.17,2.5% to 5%
2022_23_20230401_MCI_LIV,2022_23,2023-04-01,MCI,LIV,1,0.5790816326530612,0.6837393341130554,0.609143951826587,1.65,1.0465892404218395,V0.6,0.030062319173525753,0.005087520513868515,0.6499999999999999,2.5% to 5%
2022_23_20230401_NFO_WOL,2022_23,2023-04-01,NFO,WOL,0,0.4005037783375315,0.4285598567621455,0.367354598987384,2.38,1.0490988848369536,V0.6,-0.033149179350147495,-0.12569605441002618,-1.0,-5% to -2.5%
2022_23_20230402_NEW_MUN,2022_23,2023-04-02,NEW,MUN,0,0.5013123359580053,0.4880081501790014,0.4926050444994239,1.9,1.049875998897768,V0.6,-0.008707291458581401,-0.06405041545109469,-1.0,-2.5% to 0%
2022_23_20230402_WHU_SOU,2022_23,2023-04-02,WHU,SOU,0,0.4661458333333333,0.5069561549766851,0.473415941748163,2.05,1.0464640959258755,V0.6,0.007270108414829668,-0.029497319416265988,-1.0,0% to 2.5%
2022_23_20230403_EVE_TOT,2022_23,2023-04-03,EVE,TOT,0,0.4578947368421053,0.5544493680984722,0.460289040160232,2.06,1.0601495368820444,V0.6,0.002394303318126678,-0.05180457726992205,-1.0,0% to 2.5%
2022_23_20230404_BOU_BRI,2022_23,2023-04-04,BOU,BRI,0,0.53125,0.4600874298809947,0.507583723647299,1.8,1.0457516339869282,V0.6,-0.02366627635270102,-0.08634929743486186,-1.0,-2.5% to 0%
2022_23_20230404_CHE_LIV,2022_23,2023-04-04,CHE,LIV,0,0.5013054830287206,0.5879496428135841,0.535038208128488,1.91,1.0443935427574171,V0.6,0.033732725099767435,0.02192297752541217,-1.0,2.5% to 5%
2022_23_20230404_LEE_NFO,2022_23,2023-04-04,LEE,NFO,1,0.4895833333333333,0.4450877292925061,0.4476295841293002,1.96,1.0421189752496742,V0.6,-0.04195374920403311,-0.12264601510657158,0.96,-5% to -2.5%
2022_23_20230404_LEI_AVL,2022_23,2023-04-04,LEI,AVL,1,0.4934725848563968,0.577612809919467,0.5498009889005498,1.94,1.0445644466263024,V0.6,0.05632840404415307,0.06661391846706666,0.94,5% to 10%
2022_23_20230405_MUN_BRE,2022_23,2023-04-05,MUN,BRE,0,0.5581395348837209,0.5476274989686007,0.5610212874071788,1.71,1.04775828460039,V0.6,0.0028817525234579033,-0.04065359853372419,-1.0,0% to 2.5%
2022_23_20230405_WHU_NEW,2022_23,2023-04-05,WHU,NEW,1,0.4470284237726098,0.4791960777386151,0.4351683674018554,2.14,1.045324401707093,V0.6,-0.011860056370754435,-0.06873969376002942,1.1400000000000001,-2.5% to 0%
2022_23_20230408_AVL_NFO,2022_23,2023-04-08,AVL,NFO,0,0.5,0.4467511492464598,0.4485183250474347,1.91,1.0471204188481675,V0.6,-0.05148167495256528,-0.1433299991593997,-1.0,-10% to -5%
2022_23_20230408_BRE_NEW,2022_23,2023-04-08,BRE,NEW,1,0.4778067885117493,0.4849858662425953,0.4555208235971517,2.0,1.046448087431694,V0.6,-0.02228596491459761,-0.08895835280569664,1.0,-2.5% to 0%
2022_23_20230408_FUL_WHU,2022_23,2023-04-08,FUL,WHU,0,0.4392764857881137,0.4593142644021808,0.4182848890456915,2.17,1.0490647872052046,V0.6,-0.02099159674242218,-0.09232179077084945,-1.0,-2.5% to 0%
2022_23_20230408_LEI_BOU,2022_23,2023-04-08,LEI,BOU,0,0.5157068062827225,0.5606929410270074,0.5358376726380777,1.85,1.04815475373851,V0.6,0.020130866355355215,-0.008700305619556259,-1.0,0% to 2.5%
2022_23_20230408_MUN_EVE,2022_23,2023-04-08,MUN,EVE,0,0.5209424083769634,0.5329069575142662,0.5286168755569205,1.83,1.0489606502457642,V0.6,0.007674467179957123,-0.03263111773083549,-1.0,0% to 2.5%
2022_23_20230408_SOU_MCI,2022_23,2023-04-08,SOU,MCI,1,0.5949367088607596,0.600033817473333,0.6661039000942319,1.6,1.050531914893617,V0.6,0.07116719123347237,0.06576624015077104,0.6000000000000001,5% to 10%
2022_23_20230408_TOT_BRI,2022_23,2023-04-08,TOT,BRI,1,0.5261780104712042,0.5027733108800636,0.4716379654315584,1.81,1.0499986256562492,V0.6,-0.05454004503964577,-0.1463352825688793,0.81,-10% to -5%
2022_23_20230408_WOL_CHE,2022_23,2023-04-08,WOL,CHE,0,0.4404145077720207,0.5059494577895618,0.4618305193440835,2.16,1.05119825708061,V0.6,0.0214160115720628,-0.002446078216779668,-1.0,0% to 2.5%
2022_23_20230409_LEE_CRY,2022_23,2023-04-09,LEE,CRY,1,0.4455958549222798,0.4705301833244283,0.4176609873714609,2.14,1.0486850684633775,V0.6,-0.02793486755081892,-0.1062054870250736,1.1400000000000001,-5% to -2.5%
2022_23_20230409_LIV_ARS,2022_23,2023-04-09,LIV,ARS,1,0.5816326530612244,0.5850137160864866,0.5457026344919396,1.64,1.048352588789046,V0.6,-0.035930018569284794,-0.10504767943321913,0.6399999999999999,-5% to -2.5%
2022_23_20230415_AVL_NEW,2022_23,2023-04-15,AVL,NEW,1,0.4765625,0.4518539774581948,0.4250696969610992,2.01,1.0439605252426394,V0.6,-0.0514928030389008,-0.14560990910819072,1.0099999999999998,-10% to -5%
2022_23_20230415_CHE_BRI,2022_23,2023-04-15,CHE,BRI,1,0.5,0.4723627361780139,0.4655975552388538,1.91,1.0471204188481675,V0.6,-0.03440244476114618,-0.11070866949378921,0.9099999999999999,-5% to -2.5%
2022_23_20230415_EVE_FUL,2022_23,2023-04-15,EVE,FUL,1,0.4333333333333333,0.4321681367708631,0.3909220796443358,2.21,1.0442046641141665,V0.6,-0.04241125368899751,-0.13606220398601798,1.21,-5% to -2.5%
2022_23_20230415_MCI_LEI,2022_23,2023-04-15,MCI,LEI,1,0.7074235807860262,0.6239427059792166,0.6684083455460752,1.34,1.05491063202506,V0.6,-0.039015235239950985,-0.10433281696825913,0.3400000000000001,-5% to -2.5%
2022_23_20230415_SOU_CRY,2022_23,2023-04-15,SOU,CRY,0,0.4183673469387755,0.4462530150981766,0.3844749863257347,2.28,1.048352588789046,V0.6,-0.033892360613040795,-0.12339703117732503,-1.0,-5% to -2.5%
2022_23_20230415_TOT_BOU,2022_23,2023-04-15,TOT,BOU,1,0.5655526992287918,0.5761311761063895,0.5822005567917705,1.69,1.0462614308768154,V0.6,0.016647857562978707,-0.016081059021907818,0.69,0% to 2.5%
2022_23_20230415_WOL_BRE,2022_23,2023-04-15,WOL,BRE,0,0.4271099744245524,0.4837465025702656,0.4158336423302509,2.24,1.0452309666381523,V0.6,-0.011276332094301511,-0.06853264118023794,-1.0,-2.5% to 0%
2022_23_20230416_NFO_MUN,2022_23,2023-04-16,NFO,MUN,0,0.5352480417754569,0.5092652687070629,0.5644953023159777,1.78,1.0496026308577693,V0.6,0.029247260540520736,0.004801638122440277,-1.0,2.5% to 5%
2022_23_20230416_WHU_ARS,2022_23,2023-04-16,WHU,ARS,1,0.53125,0.5597018472560276,0.536484696847772,1.8,1.0457516339869282,V0.6,0.005234696847772002,-0.03432754567401042,0.8,0% to 2.5%
2022_23_20230417_LEE_LIV,2022_23,2023-04-17,LEE,LIV,1,0.6045340050377834,0.5644793615007913,0.6148282374672535,1.57,1.0536093418259025,V0.6,0.01029423242947003,-0.03471966717641206,0.5700000000000001,0% to 2.5%
2022_23_20230421_ARS_SOU,2022_23,2023-04-21,ARS,SOU,1,0.6308068459657702,0.5199663838662104,0.5648371755219859,1.51,1.0498485548539451,V0.6,-0.06596967044378432,-0.14709586496180138,0.51,-10% to -5%
2022_23_20230422_BRE_AVL,2022_23,2023-04-22,BRE,AVL,0,0.4842931937172774,0.5254238508501357,0.4965212510043447,1.97,1.04815475373851,V0.6,0.012228057287067273,-0.02185313552144097,-1.0,0% to 2.5%
2022_23_20230422_CRY_EVE,2022_23,2023-04-22,CRY,EVE,0,0.4060913705583756,0.4615770686032426,0.369057715010346,2.34,1.0523504273504274,V0.6,-0.037033655548029565,-0.1364049468757904,-1.0,-5% to -2.5%
2022_23_20230422_FUL_LEE,2022_23,2023-04-22,FUL,LEE,1,0.5078534031413613,0.4328935837130019,0.4304401729342816,1.88,1.0473788111427944,V0.6,-0.07741323020707969,-0.19077247488355065,0.8799999999999999,-10% to -5%
2022_23_20230422_LEI_WOL,2022_23,2023-04-22,LEI,WOL,1,0.4455958549222798,0.4777582856445326,0.426432018234545,2.14,1.0486850684633775,V0.6,-0.019163836687734803,-0.08743548097807363,1.1400000000000001,-2.5% to 0%
2022_23_20230422_LIV_NFO,2022_23,2023-04-22,LIV,NFO,1,0.657210401891253,0.5675422917238291,0.6500214716423115,1.45,1.0493674026296205,V0.6,-0.007188930248941516,-0.05746886611864832,0.44999999999999996,-2.5% to 0%
2022_23_20230423_BOU_WHU,2022_23,2023-04-23,BOU,WHU,1,0.4493506493506493,0.5213839567083116,0.4431661083890661,2.12,1.049732795288472,V0.6,-0.006184540961583163,-0.06048785021517977,1.12,-2.5% to 0%
2022_23_20230423_NEW_TOT,2022_23,2023-04-23,NEW,TOT,1,0.5221932114882506,0.4975461333970898,0.4798906059958712,1.83,1.046448087431694,V0.6,-0.04230260549237941,-0.12180019102755568,0.8300000000000001,-5% to -2.5%
2022_23_20230425_AVL_FUL,2022_23,2023-04-25,AVL,FUL,0,0.5286458333333333,0.4391629515052748,0.4780282058068723,1.81,1.0450970252837275,V0.6,-0.050617627526460984,-0.13476894748956114,-1.0,-10% to -5%
2022_23_20230425_LEE_LEI,2022_23,2023-04-25,LEE,LEI,0,0.5466321243523315,0.560412256965664,0.5804264352995353,1.75,1.045362220717671,V0.6,0.033794310947203754,0.01574626177418681,-1.0,2.5% to 5%
2022_23_20230425_WOL_CRY,2022_23,2023-04-25,WOL,CRY,0,0.3880597014925373,0.4136391486242574,0.3319882069066691,2.46,1.0475297060662914,V0.6,-0.05607149458586824,-0.18330901100959407,-1.0,-10% to -5%
2022_23_20230426_CHE_BRE,2022_23,2023-04-26,CHE,BRE,0,0.4895287958115184,0.5366050423834854,0.4936020810230382,1.95,1.0475798711092827,V0.6,0.004073285211519784,-0.037475942005075535,-1.0,0% to 2.5%
2022_23_20230426_MCI_ARS,2022_23,2023-04-26,MCI,ARS,1,0.5949367088607596,0.6214549449220013,0.5130247711336807,1.6,1.050531914893617,V0.6,-0.08191193772707883,-0.17916036618611075,0.6000000000000001,-10% to -5%
2022_23_20230426_NFO_BRI,2022_23,2023-04-26,NFO,BRI,1,0.548051948051948,0.4443586646461986,0.5390497378834127,1.74,1.0486462929672604,V0.6,-0.009002210168535307,-0.062053456082861946,0.74,-2.5% to 0%
2022_23_20230426_WHU_LIV,2022_23,2023-04-26,WHU,LIV,1,0.5681233933161953,0.5536886436870172,0.5504559120094388,1.68,1.0477267830209007,V0.6,-0.01766748130675655,-0.07523406782414288,0.6799999999999999,-2.5% to 0%
2022_23_20230427_EVE_NEW,2022_23,2023-04-27,EVE,NEW,1,0.4673629242819843,0.4612041135261954,0.4202884050221768,2.04,1.0488552963084674,V0.6,-0.04707451925980749,-0.14261165375475937,1.04,-5% to -2.5%
2022_23_20230427_SOU_BOU,2022_23,2023-04-27,SOU,BOU,0,0.4751958224543081,0.4948163644031938,0.4617697276821475,2.01,1.0469629872614947,V0.6,-0.013426094772160557,-0.07184284735888358,-1.0,-2.5% to 0%
2022_23_20230427_TOT_MUN,2022_23,2023-04-27,TOT,MUN,1,0.5769230769230769,0.6222727534182386,0.6252261291977852,1.65,1.0505050505050506,V0.6,0.048303052274708325,0.031623113176345585,0.6499999999999999,2.5% to 5%
2022_23_20230429_BRE_NFO,2022_23,2023-04-29,BRE,NFO,1,0.4895287958115184,0.5057839531419835,0.4788165603715475,1.95,1.0475798711092827,V0.6,-0.010712235439970907,-0.06630770727548241,0.95,-2.5% to 0%
2022_23_20230429_BRI_WOL,2022_23,2023-04-29,BRI,WOL,1,0.5287958115183247,0.4565652980625922,0.519670768152683,1.8,1.0506050605060506,V0.6,-0.009125043365641683,-0.06459261732517063,0.8,-2.5% to 0%
2022_23_20230429_CRY_WHU,2022_23,2023-04-29,CRY,WHU,1,0.4147582697201017,0.4532280424370047,0.3607230395158096,2.3,1.0482795412109898,V0.6,-0.05403523020429213,-0.17033700911363803,1.2999999999999998,-10% to -5%
2022_23_20230430_BOU_LEE,2022_23,2023-04-30,BOU,LEE,1,0.5287958115183247,0.5114924754218937,0.4897120413757622,1.8,1.0506050605060506,V0.6,-0.03908377014256248,-0.11851832552362807,0.8,-5% to -2.5%
2022_23_20230430_FUL_MCI,2022_23,2023-04-30,FUL,MCI,1,0.6169154228855721,0.5689165634840437,0.6497755045242436,1.54,1.0525764558022623,V0.6,0.03286008163867149,0.0006542769673352211,0.54,2.5% to 5%
2022_23_20230430_LIV_TOT,2022_23,2023-04-30,LIV,TOT,1,0.635036496350365,0.5949802441033111,0.5815943344241059,1.5,1.049808429118774,V0.6,-0.05344216192625906,-0.12760849836384114,0.5,-10% to -5%
2022_23_20230430_MUN_AVL,2022_23,2023-04-30,MUN,AVL,0,0.5743589743589743,0.5166974541228305,0.5752665943812306,1.66,1.0488382099827884,V0.6,0.0009076200222563058,-0.04505745332715716,-1.0,0% to 2.5%
2022_23_20230430_NEW_SOU,2022_23,2023-04-30,NEW,SOU,1,0.5569948186528497,0.4456066458290035,0.4718335325522023,1.71,1.0499116007071942,V0.6,-0.08516128610064744,-0.19316465933573412,0.71,-10% to -5%
2022_23_20230501_LEI_EVE,2022_23,2023-05-01,LEI,EVE,1,0.4712041884816754,0.5184453052175968,0.4671064606158853,2.02,1.0506050605060506,V0.6,-0.004097727865790102,-0.05644494955591173,1.02,-2.5% to 0%
2022_23_20230502_ARS_CHE,2022_23,2023-05-02,ARS,CHE,1,0.5454545454545455,0.6169461999052983,0.5656107250962862,1.75,1.0476190476190474,V0.6,0.020156179641740657,-0.010181231081499154,0.75,0% to 2.5%
2022_23_20230503_LIV_FUL,2022_23,2023-05-03,LIV,FUL,0,0.6587677725118484,0.5444321837910489,0.5945742592395863,1.44,1.0541566746602715,V0.6,-0.06419351327226208,-0.14381306669499583,-1.0,-10% to -5%
2022_23_20230503_MCI_WHU,2022_23,2023-05-03,MCI,WHU,1,0.6555819477434679,0.597184776254306,0.5734298529625813,1.45,1.0519740129935031,V0.6,-0.08215209478088659,-0.16852671320425716,0.44999999999999996,-10% to -5%
2022_23_20230504_BRI_MUN,2022_23,2023-05-04,BRI,MUN,0,0.6109725685785536,0.5207463443504955,0.6224246615662468,1.56,1.0491889063317634,V0.6,0.011452092987693119,-0.02901752795665502,-1.0,0% to 2.5%
2022_23_20230506_BOU_CHE,2022_23,2023-05-06,BOU,CHE,1,0.4908616187989557,0.5314282945121866,0.5036797304033587,1.95,1.044735406437534,V0.6,0.012818111604402993,-0.017824525713450612,0.95,0% to 2.5%
2022_23_20230506_LIV_BRE,2022_23,2023-05-06,LIV,BRE,0,0.6359223300970874,0.5817784212504363,0.5984185622288444,1.5,1.0483460559796436,V0.6,-0.037503767868243054,-0.10237215665673349,-1.0,-5% to -2.5%
2022_23_20230506_MCI_LEE,2022_23,2023-05-06,MCI,LEE,1,0.7259414225941423,0.5933289826689723,0.6241032263779138,1.31,1.0515432166663,V0.6,-0.10183819621622847,-0.1824247734449329,0.31000000000000005,< -10%
2022_23_20230506_TOT_CRY,2022_23,2023-05-06,TOT,CRY,0,0.5428571428571429,0.5348875843517724,0.5016294018847229,1.76,1.0466507177033493,V0.6,-0.04122774097241999,-0.11713225268288763,-1.0,-5% to -2.5%
2022_23_20230506_WOL_AVL,2022_23,2023-05-06,WOL,AVL,0,0.4355670103092783,0.4743683756160151,0.4382691620498151,2.19,1.048336980897571,V0.6,0.0027021517405367845,-0.04019053511090498,-1.0,0% to 2.5%
2022_23_20230507_NEW_ARS,2022_23,2023-05-07,NEW,ARS,0,0.5826972010178116,0.5269299992769173,0.5153679947824603,1.64,1.0464373202683992,V0.6,-0.06732920623535132,-0.1547964885567651,-1.0,-10% to -5%
2022_23_20230507_WHU_MUN,2022_23,2023-05-07,WHU,MUN,0,0.5717948717948719,0.5416032716189323,0.5921286379652345,1.67,1.0472328884831237,V0.6,0.020333766170362644,-0.011145174598058416,-1.0,0% to 2.5%
2022_23_20230508_BRI_EVE,2022_23,2023-05-08,BRI,EVE,1,0.5994962216624685,0.4844584317863086,0.574786665043462,1.59,1.0490988848369536,V0.6,-0.024709556619006534,-0.08608920258089536,0.5900000000000001,-2.5% to 0%
2022_23_20230508_FUL_LEI,2022_23,2023-05-08,FUL,LEI,1,0.5234374999999999,0.4898745152894532,0.5353364607791715,1.83,1.0439605252426394,V0.6,0.01189896077917163,-0.020334276774116034,0.8300000000000001,0% to 2.5%
2022_23_20230508_NFO_SOU,2022_23,2023-05-08,NFO,SOU,1,0.4778067885117493,0.4518850851258207,0.4348819434411399,2.0,1.046448087431694,V0.6,-0.042924845070609396,-0.1302361131177202,1.0,-5% to -2.5%
2022_23_20230513_AVL_TOT,2022_23,2023-05-13,AVL,TOT,1,0.5454545454545455,0.5074047174719478,0.5095503515780946,1.75,1.0476190476190474,V0.6,-0.03590419387645094,-0.10828688473833448,0.75,-5% to -2.5%
2022_23_20230513_CHE_NFO,2022_23,2023-05-13,CHE,NFO,1,0.5195822454308094,0.5071879061507578,0.4818288618164692,1.84,1.0459908236836355,V0.6,-0.03775338361434022,-0.1134348942576966,0.8400000000000001,-5% to -2.5%
2022_23_20230513_CRY_BOU,2022_23,2023-05-13,CRY,BOU,0,0.5026178010471204,0.476532158822567,0.4707236131854088,1.9,1.0471491228070176,V0.6,-0.03189418786171161,-0.1056251349477233,-1.0,-5% to -2.5%
2022_23_20230513_LEE_NEW,2022_23,2023-05-13,LEE,NEW,1,0.5852417302798981,0.511720959862958,0.5643613547041224,1.63,1.0482795412109898,V0.6,-0.02088037557577571,-0.08009099183228052,0.6299999999999999,-2.5% to 0%
2022_23_20230513_MUN_WOL,2022_23,2023-05-13,MUN,WOL,0,0.5769230769230769,0.4643540852518233,0.5532331808907859,1.65,1.0505050505050506,V0.6,-0.02368989603229099,-0.08716525153020338,-1.0,-2.5% to 0%
2022_23_20230513_SOU_FUL,2022_23,2023-05-13,SOU,FUL,0,0.5078534031413613,0.4635143573406067,0.4768780089915044,1.88,1.0473788111427944,V0.6,-0.030975394149856894,-0.10346934309597178,-1.0,-5% to -2.5%
2022_23_20230514_ARS_BRI,2022_23,2023-05-14,ARS,BRI,1,0.6212871287128713,0.5343104290214821,0.555746722600743,1.53,1.052001145743822,V0.6,-0.0655404061121283,-0.14970751442086327,0.53,-10% to -5%
2022_23_20230514_BRE_WHU,2022_23,2023-05-14,BRE,WHU,0,0.4895287958115184,0.5125007955275306,0.4691736174137659,1.95,1.0475798711092827,V0.6,-0.020355178397752527,-0.08511144604315657,-1.0,-2.5% to 0%
2022_23_20230514_EVE_MCI,2022_23,2023-05-14,EVE,MCI,1,0.5805626598465473,0.6075051676028768,0.6055560206277941,1.64,1.050284731922209,V0.6,0.02499336078124681,-0.006888126170417674,0.6399999999999999,0% to 2.5%
2022_23_20230515_LEI_LIV,2022_23,2023-05-15,LEI,LIV,1,0.6383495145631067,0.599872181868646,0.6578864803414831,1.49,1.0513690764794448,V0.6,0.01953696577837638,-0.019749144291190124,0.49,0% to 2.5%
2022_23_20230518_NEW_BRI,2022_23,2023-05-18,NEW,BRI,1,0.595959595959596,0.4449784534352634,0.503467773244435,1.6,1.048728813559322,V0.6,-0.09249182271516099,-0.19445156280890386,0.6000000000000001,-10% to -5%
2022_23_20230520_BOU_MUN,2022_23,2023-05-20,BOU,MUN,0,0.6134663341645885,0.5261038568068072,0.6466645997957204,1.55,1.0516653553632311,V0.6,0.03319826563113193,0.002330129683366655,-1.0,2.5% to 5%
2022_23_20230520_FUL_CRY,2022_23,2023-05-20,FUL,CRY,1,0.4739583333333334,0.4531482503747767,0.4494830539538785,2.02,1.0445000544010443,V0.6,-0.02447527937945493,-0.09204423101316539,1.02,-2.5% to 0%
2022_23_20230520_LIV_AVL,2022_23,2023-05-20,LIV,AVL,0,0.6159600997506234,0.581878057639983,0.6042899801185226,1.54,1.054208948945791,V0.6,-0.01167011963210074,-0.06939343061747516,-1.0,-2.5% to 0%
2022_23_20230520_NFO_ARS,2022_23,2023-05-20,NFO,ARS,0,0.6055276381909548,0.5206678107167905,0.5619299320595859,1.57,1.0518804344953352,V0.6,-0.04359770613136893,-0.11777000666645021,-1.0,-5% to -2.5%
2022_23_20230520_TOT_BRE,2022_23,2023-05-20,TOT,BRE,1,0.5454545454545455,0.604368135440643,0.5724910422229493,1.75,1.0476190476190474,V0.6,0.027036496768403806,0.0018593238901614129,0.75,2.5% to 5%
2022_23_20230520_WOL_EVE,2022_23,2023-05-20,WOL,EVE,0,0.4623376623376624,0.4678209919760384,0.4443471270433029,2.07,1.0448895402486025,V0.6,-0.017990535294359455,-0.08020144702036303,-1.0,-2.5% to 0%
2022_23_20230521_BRI_SOU,2022_23,2023-05-21,BRI,SOU,1,0.6736111111111112,0.4610317795133143,0.6135939522254495,1.41,1.0528624698398772,V0.6,-0.060017158885661614,-0.13483252736211615,0.4099999999999999,-10% to -5%
2022_23_20230521_MCI_CHE,2022_23,2023-05-21,MCI,CHE,0,0.625615763546798,0.6112400171632189,0.5688169384483178,1.52,1.05159552424368,V0.6,-0.05679882509848022,-0.13539825355855695,-1.0,-10% to -5%
2022_23_20230521_WHU_LEE,2022_23,2023-05-21,WHU,LEE,1,0.5300261096605744,0.5741952040388507,0.5350576490597393,1.8,1.0481663929939793,V0.6,0.005031539399164897,-0.03689623169246925,0.8,0% to 2.5%
2022_23_20230522_NEW_LEI,2022_23,2023-05-22,NEW,LEI,0,0.6299019607843138,0.5205416131824943,0.5772568229025521,1.51,1.0513567139948978,V0.6,-0.05264513788176173,-0.12834219741714636,-1.0,-10% to -5%
2022_23_20230524_BRI_MCI,2022_23,2023-05-24,BRI,MCI,0,0.6265356265356266,0.6308843309868145,0.689230836511866,1.52,1.0500515995872033,V0.6,0.06269520997623945,0.04763087149803624,-1.0,5% to 10%
2022_23_20230525_MUN_CHE,2022_23,2023-05-25,MUN,CHE,1,0.5979899497487436,0.5362741561175846,0.6186110739028452,1.6,1.0451680672268908,V0.6,0.020621124154101556,-0.010222281755447593,0.6000000000000001,0% to 2.5%
2022_23_20230528_ARS_WOL,2022_23,2023-05-28,ARS,WOL,1,0.6498800959232613,0.5420790685807138,0.6415461748469562,1.46,1.0539351968862154,V0.6,-0.00833392107630515,-0.063342584723444,0.45999999999999996,-2.5% to 0%
2022_23_20230528_AVL_BRI,2022_23,2023-05-28,AVL,BRI,1,0.6222222222222222,0.4477608090937638,0.583764271252385,1.53,1.050420168067227,V0.6,-0.038457950969837285,-0.10684066498385103,0.53,-5% to -2.5%
2022_23_20230528_BRE_MCI,2022_23,2023-05-28,BRE,MCI,0,0.5913705583756345,0.6296201478723613,0.6465322996592262,1.61,1.0503025617785835,V0.6,0.05516174128359175,0.04091700245135432,-1.0,5% to 10%
2022_23_20230528_CHE_NEW,2022_23,2023-05-28,CHE,NEW,0,0.5629820051413882,0.5187968667289222,0.5498980549115328,1.7,1.0448562986838572,V0.6,-0.013083950229855423,-0.06517330665039434,-1.0,-2.5% to 0%
2022_23_20230528_CRY_NFO,2022_23,2023-05-28,CRY,NFO,0,0.5790816326530612,0.4767984679110955,0.5526092613732683,1.65,1.0465892404218395,V0.6,-0.02647237127979296,-0.08819471873410745,-1.0,-5% to -2.5%
2022_23_20230528_EVE_BOU,2022_23,2023-05-28,EVE,BOU,0,0.5692307692307692,0.513438818359615,0.5659535469410619,1.68,1.0456885456885456,V0.6,-0.0032772222897072822,-0.04919804113901605,-1.0,-2.5% to 0%
2022_23_20230528_LEE_TOT,2022_23,2023-05-28,LEE,TOT,1,0.6341463414634148,0.5831356108195697,0.6528253536783243,1.5,1.051282051282051,V0.6,0.01867901221490953,-0.02076196948251363,0.5,0% to 2.5%
2022_23_20230528_LEI_WHU,2022_23,2023-05-28,LEI,WHU,1,0.5681233933161953,0.5415108355439877,0.5660980508312844,1.68,1.0477267830209007,V0.6,-0.0020253424849109303,-0.04895527460344229,0.6799999999999999,-2.5% to 0%
2022_23_20230528_MUN_FUL,2022_23,2023-05-28,MUN,FUL,1,0.6383495145631067,0.4727064975324115,0.5937487860240827,1.49,1.0513690764794448,V0.6,-0.04460072853902408,-0.11531430882411686,0.49,-5% to -2.5%
2022_23_20230528_SOU_LIV,2022_23,2023-05-28,SOU,LIV,1,0.6840909090909091,0.5994254029996178,0.7367633919019955,1.39,1.0516503740529173,V0.6,0.052672482811086385,0.024101114743773522,0.3899999999999999,5% to 10%
2023_24_20230811_BUR_MCI,2023_24,2023-08-11,BUR,MCI,1,0.5790816326530612,0.5817675639959239,0.6475104500045518,1.65,1.0465892404218395,V0.6,0.06842881735149053,0.0683922425075103,0.6499999999999999,5% to 10%
2023_24_20230812_ARS_NFO,2023_24,2023-08-12,ARS,NFO,1,0.667447306791569,0.568853540373747,0.6426934417385227,1.42,1.0551025450951323,V0.6,-0.02475386505304633,-0.08737531273129784,0.41999999999999993,-2.5% to 0%
2023_24_20230812_BOU_WHU,2023_24,2023-08-12,BOU,WHU,0,0.5078534031413613,0.5251963383321935,0.516964685115372,1.88,1.0473788111427944,V0.6,0.009111281974010677,-0.02810639198310072,-1.0,0% to 2.5%
2023_24_20230812_BRI_LUT,2023_24,2023-08-12,BRI,LUT,1,0.5924050632911392,0.4976857008639985,0.5884509122670336,1.61,1.0484684397727877,V0.6,-0.003954151024105568,-0.05259403125007578,0.6100000000000001,-2.5% to 0%
2023_24_20230812_EVE_FUL,2023_24,2023-08-12,EVE,FUL,0,0.4856396866840731,0.4506880858062828,0.4266869318241577,1.97,1.04524862180012,V0.6,-0.05895275485991541,-0.15942674430640935,-1.0,-10% to -5%
2023_24_20230812_NEW_AVL,2023_24,2023-08-12,NEW,AVL,1,0.5428571428571429,0.5133753864212816,0.548602305173383,1.76,1.0466507177033493,V0.6,0.0057451623162401155,-0.034459942894845885,0.76,0% to 2.5%
2023_24_20230812_SHU_CRY,2023_24,2023-08-12,SHU,CRY,0,0.4318766066838046,0.4025260545891119,0.3944194716305854,2.21,1.0477267830209007,V0.6,-0.03745713505321924,-0.12833296769640634,-1.0,-5% to -2.5%
2023_24_20230813_BRE_TOT,2023_24,2023-08-13,BRE,TOT,1,0.5618556701030928,0.5618772795646995,0.5693101547343782,1.7,1.0469508904479223,V0.6,0.007454484631285396,-0.03217273695155709,0.7,0% to 2.5%
2023_24_20230813_CHE_LIV,2023_24,2023-08-13,CHE,LIV,0,0.5728900255754477,0.6031652147560758,0.5965591540788652,1.67,1.0452309666381523,V0.6,0.023669128503417514,-0.003746212688295225,-1.0,0% to 2.5%
2023_24_20230814_MUN_WOL,2023_24,2023-08-14,MUN,WOL,0,0.5979899497487436,0.4737413465096093,0.5767700684118667,1.6,1.0451680672268908,V0.6,-0.02121988133687691,-0.07716789054101314,-1.0,-2.5% to 0%
2023_24_20230818_NFO_SHU,2023_24,2023-08-18,NFO,SHU,1,0.4271099744245524,0.4286543185299952,0.3902437635973772,2.24,1.0452309666381523,V0.6,-0.03686621082717517,-0.1258539695418749,1.2400000000000002,-5% to -2.5%
2023_24_20230819_FUL_BRE,2023_24,2023-08-19,FUL,BRE,1,0.4960835509138382,0.4749211634513879,0.4715874669870381,1.93,1.0444505044995909,V0.6,-0.02449608392680014,-0.08983618871501653,0.9299999999999999,-2.5% to 0%
2023_24_20230819_LIV_BOU,2023_24,2023-08-19,LIV,BOU,1,0.7039473684210525,0.6220310697669842,0.7082719075966292,1.35,1.0522672204915196,V0.6,0.004324539175576625,-0.04383292474455058,0.3500000000000001,0% to 2.5%
2023_24_20230819_MCI_NEW,2023_24,2023-08-19,MCI,NEW,0,0.5555555555555556,0.6236384873422953,0.5337762994312003,1.72,1.0465116279069768,V0.6,-0.021779256124355273,-0.08190476497833543,-1.0,-2.5% to 0%
2023_24_20230819_TOT_MUN,2023_24,2023-08-19,TOT,MUN,0,0.6084788029925187,0.5688157302001335,0.6057980287456601,1.57,1.0467787407330065,V0.6,-0.0026807742468585305,-0.048897094869313595,-1.0,-2.5% to 0%
2023_24_20230819_WOL_BRI,2023_24,2023-08-19,WOL,BRI,1,0.5492227979274612,0.4660657224472736,0.5486404462283669,1.74,1.046410756885708,V0.6,-0.0005823516990942634,-0.04536562356264151,0.74,-2.5% to 0%
2023_24_20230820_AVL_EVE,2023_24,2023-08-20,AVL,EVE,1,0.5065274151436031,0.4948431160459955,0.5120790671578469,1.89,1.0445644466263024,V0.6,0.005551652014243791,-0.032170563071669434,0.8899999999999999,0% to 2.5%
2023_24_20230820_WHU_CHE,2023_24,2023-08-20,WHU,CHE,1,0.4986945169712793,0.5572114000283076,0.5135964507957484,1.92,1.0443935427574171,V0.6,0.014901933824469138,-0.013894814472163008,0.9199999999999999,0% to 2.5%
2023_24_20230821_CRY_ARS,2023_24,2023-08-21,CRY,ARS,0,0.4973821989528796,0.5771803530848968,0.5324774311575963,1.92,1.0471491228070176,V0.6,0.035095232204716664,0.02235666782258483,-1.0,2.5% to 5%
2023_24_20230825_CHE_LUT,2023_24,2023-08-25,CHE,LUT,1,0.5776081424936387,0.6470152568576405,0.5801764954504648,1.66,1.0429382729154504,V0.6,0.0025683529568261143,-0.03690701755222847,0.6599999999999999,0% to 2.5%
2023_24_20230826_ARS_FUL,2023_24,2023-08-26,ARS,FUL,1,0.6433734939759036,0.546156225152233,0.635258789309735,1.48,1.0502075108816682,V0.6,-0.008114704666168593,-0.05981699182159217,0.48,-2.5% to 0%
2023_24_20230826_BOU_TOT,2023_24,2023-08-26,BOU,TOT,0,0.6144278606965174,0.5946182326665076,0.6651001293820679,1.55,1.0500195899177225,V0.6,0.050672268685550415,0.030905200542205247,-1.0,5% to 10%
2023_24_20230826_BRE_CRY,2023_24,2023-08-26,BRE,CRY,0,0.4496124031007751,0.4741295856105271,0.4091534246959988,2.13,1.0441962117532784,V0.6,-0.0404589784047763,-0.12850320539752258,-1.0,-5% to -2.5%
2023_24_20230826_BRI_WHU,2023_24,2023-08-26,BRI,WHU,1,0.6383495145631067,0.5374526285502208,0.6288883004344412,1.49,1.0513690764794448,V0.6,-0.009461214128665518,-0.06295643235268256,0.49,-2.5% to 0%
2023_24_20230826_EVE_WOL,2023_24,2023-08-26,EVE,WOL,0,0.4507772020725388,0.4823638105381236,0.4429262692666075,2.12,1.046410756885708,V0.6,-0.007850932805931299,-0.06099630915479204,-1.0,-2.5% to 0%
2023_24_20230826_MUN_NFO,2023_24,2023-08-26,MUN,NFO,1,0.6274509803921569,0.5223309054982426,0.6269445960969563,1.52,1.0485197368421053,V0.6,-0.0005063842952005571,-0.047044213932626366,0.52,-2.5% to 0%
2023_24_20230827_BUR_AVL,2023_24,2023-08-27,BUR,AVL,1,0.5182291666666667,0.4411825927380944,0.5117271225921494,1.85,1.0430531033546109,V0.6,-0.006502044074517377,-0.05330482320452368,0.8500000000000001,-2.5% to 0%
2023_24_20230827_NEW_LIV,2023_24,2023-08-27,NEW,LIV,1,0.639225181598063,0.6040918137244726,0.6558863023943019,1.49,1.0499288183851945,V0.6,0.016661120796238937,-0.022729409432490133,0.49,0% to 2.5%
2023_24_20230827_SHU_MCI,2023_24,2023-08-27,SHU,MCI,1,0.6055276381909548,0.5190884198987082,0.6647407021529932,1.57,1.0518804344953352,V0.6,0.059213063962038404,0.04364290238019941,0.5700000000000001,5% to 10%
2023_24_20230901_LUT_WHU,2023_24,2023-09-01,LUT,WHU,1,0.5272727272727271,0.5413823670777705,0.5459827007653888,1.82,1.0420613868889732,V0.6,0.01870997349266168,-0.006311484606992379,0.8200000000000001,0% to 2.5%
2023_24_20230902_BRE_BOU,2023_24,2023-09-02,BRE,BOU,1,0.5492227979274612,0.5247455588039306,0.5499479007505966,1.74,1.046410756885708,V0.6,0.0007251028231354262,-0.04309065269396184,0.74,0% to 2.5%
2023_24_20230902_BRI_NEW,2023_24,2023-09-02,BRI,NEW,1,0.6400966183574879,0.505458091870957,0.636924678702981,1.49,1.0484994301633532,V0.6,-0.0031719396545069056,-0.05098222873255831,0.49,-2.5% to 0%
2023_24_20230902_BUR_TOT,2023_24,2023-09-02,BUR,TOT,1,0.5848101265822784,0.5431733188792179,0.6341326758134251,1.64,1.0426565304614086,V0.6,0.04932254923114676,0.03997758833401721,0.6399999999999999,2.5% to 5%
2023_24_20230902_CHE_NFO,2023_24,2023-09-02,CHE,NFO,0,0.583756345177665,0.5464994810433995,0.5821379859275111,1.64,1.0445387062566278,V0.6,-0.0016183592501538557,-0.04529370307888192,-1.0,-2.5% to 0%
2023_24_20230902_MCI_FUL,2023_24,2023-09-02,MCI,FUL,1,0.6781609195402298,0.5789843888807755,0.6594889748825713,1.4,1.053268765133172,V0.6,-0.018671944657658535,-0.07671543516440027,0.3999999999999999,-2.5% to 0%
2023_24_20230902_SHU_EVE,2023_24,2023-09-02,SHU,EVE,1,0.423469387755102,0.4346703178574422,0.4270577032889903,2.26,1.0448875146604115,V0.6,0.0035883155338882755,-0.03484959056688208,1.2599999999999998,0% to 2.5%
2023_24_20230903_ARS_MUN,2023_24,2023-09-03,ARS,MUN,1,0.6144278606965174,0.5448793585193783,0.5859964738917456,1.55,1.0500195899177225,V0.6,-0.028431386804771863,-0.09170546546779434,0.55,-5% to -2.5%
2023_24_20230903_CRY_WOL,2023_24,2023-09-03,CRY,WOL,1,0.4296675191815857,0.448939494623122,0.4186997957865665,2.23,1.043668588511638,V0.6,-0.010967723395019169,-0.06629945539595672,1.23,-2.5% to 0%
2023_24_20230903_LIV_AVL,2023_24,2023-09-03,LIV,AVL,1,0.6758620689655173,0.5568053137762162,0.6394713479509593,1.41,1.0493559125777971,V0.6,-0.03639072101455798,-0.09834539938914744,0.4099999999999999,-5% to -2.5%
2023_24_20230916_AVL_CRY,2023_24,2023-09-16,AVL,CRY,1,0.5130208333333333,0.4645662157510993,0.4860682988552907,1.87,1.0423735714867397,V0.6,-0.026952534478042578,-0.09105228114060637,0.8700000000000001,-5% to -2.5%
2023_24_20230916_FUL_LUT,2023_24,2023-09-16,FUL,LUT,0,0.5104166666666667,0.520363980959635,0.4998477575828495,1.88,1.0421189752496742,V0.6,-0.010568909083817246,-0.06028621574424298,-1.0,-2.5% to 0%
2023_24_20230916_MUN_BRI,2023_24,2023-09-16,MUN,BRI,1,0.6689976689976691,0.5177178080448958,0.6507537370911773,1.42,1.052657407861805,V0.6,-0.01824393190649176,-0.07592969333052824,0.41999999999999993,-2.5% to 0%
2023_24_20230916_NEW_BRE,2023_24,2023-09-16,NEW,BRE,0,0.5728900255754477,0.5019092647224779,0.5606253917043253,1.67,1.0452309666381523,V0.6,-0.01226463387112231,-0.06375559585377666,-1.0,-2.5% to 0%
2023_24_20230916_TOT_SHU,2023_24,2023-09-16,TOT,SHU,1,0.6425120772946861,0.482023506118279,0.5884510157352694,1.48,1.0516155252997357,V0.6,-0.0540610615594167,-0.12909249671180134,0.48,-10% to -5%
2023_24_20230916_WHU_MCI,2023_24,2023-09-16,WHU,MCI,1,0.5909090909090909,0.5961657804781207,0.6165886942414128,1.62,1.0446343779677112,V0.6,0.025679603332321888,-0.001126315328911165,0.6200000000000001,2.5% to 5%
2023_24_20230916_WOL_LIV,2023_24,2023-09-16,WOL,LIV,1,0.6425120772946861,0.5243065871254391,0.6533107938220417,1.48,1.0516155252997357,V0.6,0.010798716527355645,-0.03310002514337829,0.48,0% to 2.5%
2023_24_20230917_BOU_CHE,2023_24,2023-09-17,BOU,CHE,0,0.583756345177665,0.539182830177669,0.626179985799566,1.64,1.0445387062566278,V0.6,0.04242364062190107,0.0269351767112882,-1.0,2.5% to 5%
2023_24_20230917_EVE_ARS,2023_24,2023-09-17,EVE,ARS,0,0.5790816326530612,0.5571530558515322,0.6055220300940704,1.65,1.0465892404218395,V0.6,0.026440397441009122,-0.0008886503447840255,-1.0,2.5% to 5%
2023_24_20230918_NFO_BUR,2023_24,2023-09-18,NFO,BUR,0,0.5013054830287206,0.4726792771624522,0.4636601006855564,1.91,1.0443935427574171,V0.6,-0.03764538234316417,-0.11440920769058727,-1.0,-5% to -2.5%
2023_24_20230923_BRE_EVE,2023_24,2023-09-23,BRE,EVE,1,0.5,0.5162950301552756,0.5029648866527702,1.92,1.0416666666666667,V0.6,0.002964886652770171,-0.034307417626681325,0.9199999999999999,0% to 2.5%
2023_24_20230923_BUR_MUN,2023_24,2023-09-23,BUR,MUN,0,0.5944584382871536,0.4764889868085942,0.6057268780852394,1.61,1.0448468259816823,V0.6,0.011268439798085783,-0.02477972628276448,-1.0,0% to 2.5%
2023_24_20230923_CRY_FUL,2023_24,2023-09-23,CRY,FUL,0,0.4675324675324676,0.4849874106989169,0.455731462855599,2.05,1.043360433604336,V0.6,-0.011801004676868565,-0.0657505011460221,-1.0,-2.5% to 0%
2023_24_20230923_LUT_WOL,2023_24,2023-09-23,LUT,WOL,0,0.4817708333333334,0.42826185181647,0.4791418903978209,1.99,1.0430531033546109,V0.6,-0.0026289429355125238,-0.04650763810833636,-1.0,-2.5% to 0%
2023_24_20230923_MCI_NFO,2023_24,2023-09-23,MCI,NFO,0,0.6758620689655173,0.5826197727394783,0.6335145911280048,1.41,1.0493559125777971,V0.6,-0.04234747783751247,-0.10674442650951332,-1.0,-5% to -2.5%
2023_24_20230924_ARS_TOT,2023_24,2023-09-24,ARS,TOT,1,0.6308068459657702,0.6147289846812715,0.6338183936019808,1.51,1.0498485548539451,V0.6,0.0030115476362105875,-0.04293422566100902,0.51,0% to 2.5%
2023_24_20230924_BRI_BOU,2023_24,2023-09-24,BRI,BOU,1,0.6941964285714286,0.5029854937316806,0.672384549028425,1.37,1.0514704156593986,V0.6,-0.021811879543003565,-0.07883316783105765,0.3700000000000001,-2.5% to 0%
2023_24_20230924_CHE_AVL,2023_24,2023-09-24,CHE,AVL,0,0.5641025641025641,0.5061247675334605,0.5449242397847004,1.7,1.0427807486631016,V0.6,-0.019178324317863704,-0.07362879236600939,-1.0,-2.5% to 0%
2023_24_20230924_LIV_WHU,2023_24,2023-09-24,LIV,WHU,1,0.6788990825688074,0.5866426839230403,0.6532104022659416,1.4,1.052123552123552,V0.6,-0.025688680302865752,-0.08550543682768175,0.3999999999999999,-5% to -2.5%
2023_24_20230924_SHU_NEW,2023_24,2023-09-24,SHU,NEW,1,0.5754475703324808,0.4149387966181375,0.5663524269812074,1.66,1.0468540829986617,V0.6,-0.009095143351273483,-0.05985497121119587,0.6599999999999999,-2.5% to 0%
2023_24_20230930_AVL_BRI,2023_24,2023-09-30,AVL,BRI,1,0.6651053864168619,0.4838310490190617,0.6302436882021931,1.43,1.0514133753570374,V0.6,-0.03486169821466878,-0.09875152587086389,0.42999999999999994,-5% to -2.5%
2023_24_20230930_BOU_ARS,2023_24,2023-09-30,BOU,ARS,1,0.6178660049627792,0.5236792952576315,0.6408791112236781,1.54,1.0509570750534605,V0.6,0.02301310626089892,-0.013046168715535655,0.54,0% to 2.5%
2023_24_20230930_EVE_LUT,2023_24,2023-09-30,EVE,LUT,1,0.4739583333333334,0.4643607272708807,0.4430072685207481,2.02,1.0445000544010443,V0.6,-0.030951064812585305,-0.10512531758808874,1.02,-5% to -2.5%
2023_24_20230930_MUN_CRY,2023_24,2023-09-30,MUN,CRY,0,0.5402597402597403,0.5006672057052692,0.5243720868323164,1.77,1.04574098218166,V0.6,-0.01588765342742393,-0.07186140630679994,-1.0,-2.5% to 0%
2023_24_20230930_NEW_BUR,2023_24,2023-09-30,NEW,BUR,0,0.6222222222222222,0.4837176714767746,0.5949289801235577,1.53,1.050420168067227,V0.6,-0.027293242098664572,-0.08975866041095681,-1.0,-5% to -2.5%
2023_24_20230930_TOT_LIV,2023_24,2023-09-30,TOT,LIV,1,0.6848072562358277,0.6223693451620828,0.6784789580728268,1.39,1.0505502882462243,V0.6,-0.006328298163000956,-0.056914248278770896,0.3899999999999999,-2.5% to 0%
2023_24_20230930_WHU_SHU,2023_24,2023-09-30,WHU,SHU,0,0.5826972010178116,0.4299926375425765,0.5258963801201203,1.64,1.0464373202683992,V0.6,-0.05680082089769134,-0.13752993660300272,-1.0,-10% to -5%
2023_24_20230930_WOL_MCI,2023_24,2023-09-30,WOL,MCI,1,0.6212871287128713,0.5284446468017483,0.6380865981504421,1.53,1.052001145743822,V0.6,0.016799469437570824,-0.023727504829823554,0.53,0% to 2.5%
2023_24_20231001_NFO_BRE,2023_24,2023-10-01,NFO,BRE,0,0.4571428571428572,0.5000793346317272,0.4303857325118737,2.09,1.0466507177033493,V0.6,-0.02675712463098351,-0.10049381905018406,-1.0,-5% to -2.5%
2023_24_20231002_FUL_CHE,2023_24,2023-10-02,FUL,CHE,0,0.4947643979057591,0.5245614207519688,0.5287601612261887,1.93,1.047235244126436,V0.6,0.03399576332042964,0.020507111166544245,-1.0,2.5% to 5%
2023_24_20231003_LUT_BUR,2023_24,2023-10-03,LUT,BUR,1,0.4271099744245524,0.4375862409436039,0.4044380327272822,2.24,1.0452309666381523,V0.6,-0.022671941697270215,-0.09405880669088784,1.2400000000000002,-2.5% to 0%
2023_24_20231007_BUR_CHE,2023_24,2023-10-07,BUR,CHE,1,0.53125,0.481039289029011,0.5588771092777144,1.8,1.0457516339869282,V0.6,0.02762710927771439,0.00597879669988588,0.8,2.5% to 5%
2023_24_20231007_CRY_NFO,2023_24,2023-10-07,CRY,NFO,0,0.4198473282442748,0.4630772421406963,0.3980515572513184,2.28,1.0446570972886762,V0.6,-0.021795770992956376,-0.09244244946699409,-1.0,-2.5% to 0%
2023_24_20231007_EVE_BOU,2023_24,2023-10-07,EVE,BOU,1,0.5234374999999999,0.4702052513890228,0.5050877149389665,1.83,1.0439605252426394,V0.6,-0.018349785061033352,-0.0756894816616912,0.8300000000000001,-2.5% to 0%
2023_24_20231007_FUL_SHU,2023_24,2023-10-07,FUL,SHU,1,0.4960835509138382,0.3979720460219515,0.4608607460600687,1.93,1.0444505044995909,V0.6,-0.035222804853769496,-0.11053876010406738,0.9299999999999999,-5% to -2.5%
2023_24_20231007_LUT_TOT,2023_24,2023-10-07,LUT,TOT,0,0.6134663341645885,0.5196559878323066,0.6264820819781892,1.55,1.0516653553632311,V0.6,0.013015747813600709,-0.028952772933806714,-1.0,0% to 2.5%
2023_24_20231007_MUN_BRE,2023_24,2023-10-07,MUN,BRE,1,0.5762273901808785,0.5281252096886085,0.5572109845534283,1.64,1.0581865908345185,V0.6,-0.019016405627450217,-0.08617398533237763,0.6399999999999999,-2.5% to 0%
2023_24_20231008_ARS_MCI,2023_24,2023-10-08,ARS,MCI,0,0.5352480417754569,0.6166883962132759,0.5158930928459362,1.78,1.0496026308577693,V0.6,-0.01935494892952072,-0.08171029473423352,-1.0,-2.5% to 0%
2023_24_20231008_BRI_LIV,2023_24,2023-10-08,BRI,LIV,1,0.7045951859956237,0.599400215637992,0.7202244200876231,1.35,1.0512997469519207,V0.6,0.015629234091999455,-0.027697032881708772,0.3500000000000001,0% to 2.5%
2023_24_20231008_WHU_NEW,2023_24,2023-10-08,WHU,NEW,1,0.5555555555555556,0.5044603539311622,0.5233241358907587,1.72,1.0465116279069768,V0.6,-0.03223141966479692,-0.09988248626789509,0.72,-5% to -2.5%
2023_24_20231008_WOL_AVL,2023_24,2023-10-08,WOL,AVL,0,0.53125,0.4563079350349785,0.4960486570643217,1.8,1.0457516339869282,V0.6,-0.03520134293567828,-0.10711241728422094,-1.0,-5% to -2.5%
2023_24_20231021_BOU_WOL,2023_24,2023-10-21,BOU,WOL,1,0.5260416666666667,0.4529771993313474,0.5247045320294217,1.82,1.0445000544010443,V0.6,-0.001337134637245052,-0.04503775170645252,0.8200000000000001,-2.5% to 0%
2023_24_20231021_BRE_BUR,2023_24,2023-10-21,BRE,BUR,1,0.5,0.5103855675151872,0.5098789356474922,1.92,1.0416666666666667,V0.6,0.009878935647492204,-0.021032443556814995,0.9199999999999999,0% to 2.5%
2023_24_20231021_CHE_ARS,2023_24,2023-10-21,CHE,ARS,1,0.4973821989528796,0.5637481740422328,0.4934696080511422,1.92,1.0471491228070176,V0.6,-0.0039125909017374005,-0.052538352541807054,0.9199999999999999,-2.5% to 0%
2023_24_20231021_LIV_EVE,2023_24,2023-10-21,LIV,EVE,0,0.674364896073903,0.5670330251427412,0.6441123115451058,1.41,1.051685611580686,V0.6,-0.0302525845287972,-0.09180164072140085,-1.0,-5% to -2.5%
2023_24_20231021_MCI_BRI,2023_24,2023-10-21,MCI,BRI,1,0.6928251121076232,0.5784284336260571,0.6385747568474027,1.37,1.053551602768526,V0.6,-0.054250355260220484,-0.1251525831190582,0.3700000000000001,-10% to -5%
2023_24_20231021_NEW_CRY,2023_24,2023-10-21,NEW,CRY,1,0.5272727272727271,0.46022122868177,0.4846146883004601,1.82,1.0420613868889732,V0.6,-0.042658038972267,-0.11800126729316252,0.8200000000000001,-5% to -2.5%
2023_24_20231021_NFO_LUT,2023_24,2023-10-21,NFO,LUT,1,0.4699738903394256,0.4535365728308891,0.450538238368546,2.03,1.0481663929939793,V0.6,-0.019435651970879597,-0.08540737611185167,1.0299999999999998,-2.5% to 0%
2023_24_20231021_SHU_MUN,2023_24,2023-10-21,SHU,MUN,1,0.6144278606965174,0.4596778883034778,0.6306530663499504,1.55,1.0500195899177225,V0.6,0.016225205653432995,-0.022487747157576732,0.55,0% to 2.5%
2023_24_20231022_AVL_WHU,2023_24,2023-10-22,AVL,WHU,1,0.602015113350126,0.5347780237831693,0.5801614630666159,1.58,1.0513214342460673,V0.6,-0.021853650283510162,-0.08334488835474685,0.5800000000000001,-2.5% to 0%
2023_24_20231023_TOT_FUL,2023_24,2023-10-23,TOT,FUL,0,0.6280788177339901,0.5447404072773104,0.5986236784067537,1.51,1.054408518374237,V0.6,-0.029455139327236424,-0.09607824560580192,-1.0,-5% to -2.5%
2023_24_20231027_CRY_TOT,2023_24,2023-10-27,CRY,TOT,1,0.5090909090909091,0.535419498678261,0.5530091150937074,1.89,1.0393046107331825,V0.6,0.04391820600279828,0.04518722752710702,0.8899999999999999,2.5% to 5%
2023_24_20231028_ARS_SHU,2023_24,2023-10-28,ARS,SHU,1,0.6971046770601336,0.5111289989640844,0.6590140162219064,1.36,1.0547829355384326,V0.6,-0.03809066083822721,-0.10374093793820727,0.3600000000000001,-5% to -2.5%
2023_24_20231028_BOU_BUR,2023_24,2023-10-28,BOU,BUR,1,0.5324675324675325,0.4784358411105135,0.5490764226814395,1.8,1.043360433604336,V0.6,0.01660889021390699,-0.011662439173408812,0.8,0% to 2.5%
2023_24_20231028_CHE_BRE,2023_24,2023-10-28,CHE,BRE,0,0.5298701298701299,0.5230866834481201,0.5158698447599285,1.81,1.0426822662766764,V0.6,-0.01400028511020146,-0.06627558098452946,-1.0,-2.5% to 0%
2023_24_20231028_WOL_NEW,2023_24,2023-10-28,WOL,NEW,1,0.5426356589147286,0.4545704059397461,0.5122618225429386,1.77,1.0411622276029056,V0.6,-0.03037383637179003,-0.09329657409899861,0.77,-5% to -2.5%
2023_24_20231029_AVL_LUT,2023_24,2023-10-29,AVL,LUT,1,0.6317073170731708,0.4893556521634853,0.585400654080685,1.51,1.0483520417295251,V0.6,-0.04630666299248587,-0.11604501233816567,0.51,-5% to -2.5%
2023_24_20231029_BRI_FUL,2023_24,2023-10-29,BRI,FUL,0,0.6332518337408313,0.5097406111403369,0.6338791802211202,1.5,1.0527670527670527,V0.6,0.0006273464802889483,-0.049181229668319615,-1.0,0% to 2.5%
2023_24_20231029_LIV_NFO,2023_24,2023-10-29,LIV,NFO,1,0.6736111111111112,0.5806790977877911,0.6589476470173157,1.41,1.0528624698398772,V0.6,-0.014663464093795486,-0.07088381770558494,0.4099999999999999,-2.5% to 0%
2023_24_20231029_MUN_MCI,2023_24,2023-10-29,MUN,MCI,1,0.5541237113402062,0.6074571155937349,0.5926789527788784,1.73,1.0431509611506924,V0.6,0.03855524143867217,0.025334588307459605,0.73,2.5% to 5%
2023_24_20231029_WHU_EVE,2023_24,2023-10-29,WHU,EVE,0,0.5492227979274612,0.5178987371618061,0.5464513324793406,1.74,1.046410756885708,V0.6,-0.002771465448120569,-0.04917468148594728,-1.0,-2.5% to 0%
2023_24_20231104_BRE_WHU,2023_24,2023-11-04,BRE,WHU,1,0.5466321243523315,0.5344980667212974,0.5392835056948867,1.75,1.045362220717671,V0.6,-0.00734861865744485,-0.05625386503394825,0.75,-2.5% to 0%
2023_24_20231104_BUR_CRY,2023_24,2023-11-04,BUR,CRY,0,0.4296675191815857,0.4397923107217985,0.4154054503446764,2.23,1.043668588511638,V0.6,-0.01426206883690928,-0.07364584573137167,-1.0,-2.5% to 0%
2023_24_20231104_EVE_BRI,2023_24,2023-11-04,EVE,BRI,0,0.6025,0.4762465614063246,0.5784388989074427,1.59,1.0438685769461624,V0.6,-0.024061101092557324,-0.08028215073716605,-1.0,-2.5% to 0%
2023_24_20231104_FUL_MUN,2023_24,2023-11-04,FUL,MUN,0,0.5338541666666666,0.4915056371743693,0.5598273325064924,1.79,1.0464640959258755,V0.6,0.025973165839825785,0.0020909251866214618,-1.0,2.5% to 5%
2023_24_20231104_MCI_BOU,2023_24,2023-11-04,MCI,BOU,1,0.7308488612836438,0.6150342796862182,0.7135051029289836,1.3,1.0525168882109392,V0.6,-0.017343758354660177,-0.07244336619232128,0.30000000000000004,-2.5% to 0%
2023_24_20231104_NEW_ARS,2023_24,2023-11-04,NEW,ARS,0,0.4986945169712793,0.5369975113783038,0.4367963871605432,1.92,1.0443935427574171,V0.6,-0.06189812981073611,-0.16135093665175704,-1.0,-10% to -5%
2023_24_20231104_SHU_WOL,2023_24,2023-11-04,SHU,WOL,1,0.5065274151436031,0.4279488002660393,0.5059648540448847,1.89,1.0445644466263024,V0.6,-0.0005625610987184393,-0.04372642585516806,0.8899999999999999,-2.5% to 0%
2023_24_20231105_LUT_LIV,2023_24,2023-11-05,LUT,LIV,0,0.6928251121076232,0.53854817499716,0.7267334791482926,1.37,1.053551602768526,V0.6,0.03390836704066935,-0.004375133566839162,-1.0,2.5% to 5%
2023_24_20231105_NFO_AVL,2023_24,2023-11-05,NFO,AVL,0,0.5440414507772021,0.5016991643084858,0.5422099444973804,1.76,1.0443722943722944,V0.6,-0.0018315062798217596,-0.04571049768461055,-1.0,-2.5% to 0%
2023_24_20231106_TOT_CHE,2023_24,2023-11-06,TOT,CHE,1,0.5581395348837209,0.5815862033794093,0.5535092277872597,1.71,1.04775828460039,V0.6,-0.0046303070964611726,-0.05349922048378586,0.71,-2.5% to 0%
2023_24_20231111_ARS_BUR,2023_24,2023-11-11,ARS,BUR,1,0.637469586374696,0.5250425283775705,0.6003712219640086,1.49,1.0528203289102924,V0.6,-0.03709836441068737,-0.10544687927362717,0.49,-5% to -2.5%
2023_24_20231111_BOU_NEW,2023_24,2023-11-11,BOU,NEW,0,0.5655526992287918,0.4939407922653514,0.563998537566537,1.69,1.0462614308768154,V0.6,-0.0015541616622548604,-0.04684247151255261,-1.0,-2.5% to 0%
2023_24_20231111_CRY_EVE,2023_24,2023-11-11,CRY,EVE,1,0.4173027989821883,0.4698911977425568,0.410563368536904,2.29,1.0464373202683992,V0.6,-0.0067394304452843,-0.05980988605048976,1.29,-2.5% to 0%
2023_24_20231111_MUN_LUT,2023_24,2023-11-11,MUN,LUT,0,0.6222222222222222,0.4856764888179357,0.5964333782209935,1.53,1.050420168067227,V0.6,-0.025788844001228717,-0.08745693132187993,-1.0,-5% to -2.5%
2023_24_20231111_WOL_TOT,2023_24,2023-11-11,WOL,TOT,1,0.5873417721518986,0.5224192732360095,0.5946550279516105,1.63,1.0445314152739582,V0.6,0.007313255799711871,-0.03071230443887496,0.6299999999999999,0% to 2.5%
2023_24_20231112_AVL_FUL,2023_24,2023-11-12,AVL,FUL,1,0.5644329896907216,0.4915896446054765,0.5294488864193726,1.69,1.048336980897571,V0.6,-0.03498410327134904,-0.10523138195126036,0.69,-5% to -2.5%
2023_24_20231112_BRI_SHU,2023_24,2023-11-12,BRI,SHU,0,0.6758620689655173,0.500640195865653,0.6859445383460334,1.41,1.0493559125777971,V0.6,0.010082469380516157,-0.03281820093209298,-1.0,0% to 2.5%
2023_24_20231112_CHE_MCI,2023_24,2023-11-12,CHE,MCI,1,0.5208333333333334,0.6014943664874559,0.5146539522228403,1.84,1.0434782608695652,V0.6,-0.0061793811104930985,-0.053036727909973824,0.8400000000000001,-2.5% to 0%
2023_24_20231112_LIV_BRE,2023_24,2023-11-12,LIV,BRE,1,0.6515513126491647,0.601495955206719,0.6411849313652705,1.46,1.0512318731496813,V0.6,-0.01036638128389411,-0.06387000020670497,0.45999999999999996,-2.5% to 0%
2023_24_20231112_WHU_NFO,2023_24,2023-11-12,WHU,NFO,1,0.5338541666666666,0.5132517275919765,0.526198390600497,1.79,1.0464640959258755,V0.6,-0.007655776066169628,-0.05810488082511034,0.79,-2.5% to 0%
2023_24_20231125_BRE_ARS,2023_24,2023-11-25,BRE,ARS,0,0.5104166666666667,0.5499632658555966,0.500932314415344,1.88,1.0421189752496742,V0.6,-0.009484352251322714,-0.05824724889915334,-1.0,-2.5% to 0%
2023_24_20231125_BUR_WHU,2023_24,2023-11-25,BUR,WHU,1,0.538860103626943,0.4874290164244633,0.5408170086737787,1.78,1.0425669835782196,V0.6,0.0019569050468356552,-0.037345724560673976,0.78,0% to 2.5%
2023_24_20231125_LUT_CRY,2023_24,2023-11-25,LUT,CRY,1,0.4432989690721649,0.4360089085386145,0.4310782829960172,2.16,1.0443583118001722,V0.6,-0.01222068607614768,-0.0688709087286028,1.1600000000000001,-2.5% to 0%
2023_24_20231125_MCI_LIV,2023_24,2023-11-25,MCI,LIV,0,0.6359223300970874,0.6785151425290978,0.6173408312673703,1.5,1.0483460559796436,V0.6,-0.018581498829717158,-0.07398875309894459,-1.0,-2.5% to 0%
2023_24_20231125_NEW_CHE,2023_24,2023-11-25,NEW,CHE,1,0.522077922077922,0.5218083775459835,0.4887978991692023,1.84,1.0409906986805106,V0.6,-0.03328002290871973,-0.10061186552866774,0.8400000000000001,-5% to -2.5%
2023_24_20231125_NFO_BRI,2023_24,2023-11-25,NFO,BRI,1,0.5503875968992248,0.491856830173222,0.5498402017833945,1.74,1.0441962117532784,V0.6,-0.0005473951158302404,-0.04327804889689346,0.74,-2.5% to 0%
2023_24_20231125_SHU_BOU,2023_24,2023-11-25,SHU,BOU,1,0.5246753246753246,0.4537873779409271,0.5069315447804565,1.83,1.041497592382189,V0.6,-0.017743779894868084,-0.07231527305176444,0.8300000000000001,-2.5% to 0%
2023_24_20231126_EVE_MUN,2023_24,2023-11-26,EVE,MUN,1,0.5272727272727271,0.5086684311165804,0.530711395981425,1.82,1.0420613868889732,V0.6,0.0034386687086979117,-0.03410525931380637,0.8200000000000001,0% to 2.5%
2023_24_20231126_TOT_AVL,2023_24,2023-11-26,TOT,AVL,1,0.6332518337408313,0.5803498362568368,0.6266306351879662,1.5,1.0527670527670527,V0.6,-0.006621198552865026,-0.06005404721805063,0.5,-2.5% to 0%
2023_24_20231127_FUL_WOL,2023_24,2023-11-27,FUL,WOL,1,0.4559585492227979,0.4312020784722586,0.4302816892452263,2.1,1.0443722943722944,V0.6,-0.025676859977571576,-0.09640845258502473,1.1,-5% to -2.5%
2023_24_20231202_ARS_WOL,2023_24,2023-12-02,ARS,WOL,1,0.5790816326530612,0.5308426739497957,0.5399185292214681,1.65,1.0465892404218395,V0.6,-0.03916310343159313,-0.10913442678457763,0.6499999999999999,-5% to -2.5%
2023_24_20231202_BRE_LUT,2023_24,2023-12-02,BRE,LUT,1,0.5532467532467532,0.4593936463939146,0.504671306219147,1.72,1.0508789169123267,V0.6,-0.04857544702760619,-0.13196535330306713,0.72,-5% to -2.5%
2023_24_20231202_BUR_SHU,2023_24,2023-12-02,BUR,SHU,1,0.4791666666666667,0.4336645469594871,0.4668827150243816,2.0,1.0434782608695652,V0.6,-0.012283951642285074,-0.06623456995123678,1.0,-2.5% to 0%
2023_24_20231202_NEW_MUN,2023_24,2023-12-02,NEW,MUN,0,0.5615384615384615,0.5399361279739043,0.5680798650612313,1.71,1.0414163262036369,V0.6,0.006541403522769773,-0.028583430745294458,-1.0,0% to 2.5%
2023_24_20231202_NFO_EVE,2023_24,2023-12-02,NFO,EVE,0,0.4687499999999999,0.4685444179351718,0.429083371023493,2.04,1.0457516339869282,V0.6,-0.03966662897650691,-0.12466992311207437,-1.0,-5% to -2.5%
2023_24_20231203_BOU_AVL,2023_24,2023-12-03,BOU,AVL,1,0.625615763546798,0.4904335998613817,0.5981718496017584,1.52,1.05159552424368,V0.6,-0.027443913945039644,-0.09077878860532718,0.52,-5% to -2.5%
2023_24_20231203_CHE_BRI,2023_24,2023-12-03,CHE,BRI,1,0.614609571788413,0.532059092048039,0.572408453066387,1.53,1.063430836815601,V0.6,-0.04220111872202603,-0.12421506680842787,0.53,-5% to -2.5%
2023_24_20231203_LIV_FUL,2023_24,2023-12-03,LIV,FUL,1,0.675115207373272,0.5564225080983712,0.6522996377756975,1.41,1.0505167864836733,V0.6,-0.02281556959757447,-0.08025751073626652,0.4099999999999999,-2.5% to 0%
2023_24_20231203_MCI_TOT,2023_24,2023-12-03,MCI,TOT,1,0.6977777777777777,0.6517288260301823,0.6580354089152297,1.36,1.0537654552266766,V0.6,-0.039742368862548005,-0.10507184387528756,0.3600000000000001,-5% to -2.5%
2023_24_20231203_WHU_CRY,2023_24,2023-12-03,WHU,CRY,0,0.4791666666666667,0.4838339641142894,0.4304396644452556,2.0,1.0434782608695652,V0.6,-0.048727002221411075,-0.13912067110948878,-1.0,-5% to -2.5%
2023_24_20231205_LUT_ARS,2023_24,2023-12-05,LUT,ARS,1,0.5816326530612244,0.5178553689612287,0.6054647013536543,1.64,1.048352588789046,V0.6,0.023832048292429908,-0.007037889780007078,0.6399999999999999,0% to 2.5%
2023_24_20231205_WOL_BUR,2023_24,2023-12-05,WOL,BUR,0,0.4805194805194806,0.4416982648519945,0.4387454885360785,2.0,1.0405405405405403,V0.6,-0.04177399198340215,-0.12250902292784305,-1.0,-5% to -2.5%
2023_24_20231206_AVL_MCI,2023_24,2023-12-06,AVL,MCI,0,0.6299019607843138,0.617717042857003,0.6296136144265359,1.51,1.0513567139948978,V0.6,-0.0002883463577779688,-0.04928344221593084,-1.0,-2.5% to 0%
2023_24_20231206_BRI_BRE,2023_24,2023-12-06,BRI,BRE,1,0.5873417721518986,0.509287222514888,0.5814588139630448,1.63,1.0445314152739582,V0.6,-0.005882958188853871,-0.052222133240237056,0.6299999999999999,-2.5% to 0%
2023_24_20231206_CRY_BOU,2023_24,2023-12-06,CRY,BOU,0,0.484375,0.4643715934872708,0.4477436580729778,1.98,1.0426849136526557,V0.6,-0.03663134192702222,-0.11346755701550404,-1.0,-5% to -2.5%
2023_24_20231206_FUL_NFO,2023_24,2023-12-06,FUL,NFO,1,0.4689119170984456,0.4411374811001369,0.4312064667748054,2.05,1.0402910658940845,V0.6,-0.0377054503236402,-0.11602674311164907,1.0499999999999998,-5% to -2.5%
2023_24_20231206_MUN_CHE,2023_24,2023-12-06,MUN,CHE,1,0.5801526717557253,0.5214995748374885,0.5574398844517132,1.65,1.0446570972886762,V0.6,-0.02271278730401205,-0.08022419065467323,0.6499999999999999,-2.5% to 0%
2023_24_20231206_SHU_LIV,2023_24,2023-12-06,SHU,LIV,0,0.7203389830508474,0.5140432913921257,0.7351244425874449,1.32,1.0516934046345812,V0.6,0.01478545953659749,-0.02963573578457268,-1.0,0% to 2.5%
2023_24_20231207_EVE_NEW,2023_24,2023-12-07,EVE,NEW,1,0.4986945169712793,0.4920133227951031,0.4776470733575955,1.92,1.0443935427574171,V0.6,-0.021047443613683825,-0.08291761915341667,0.9199999999999999,-2.5% to 0%
2023_24_20231207_TOT_WHU,2023_24,2023-12-07,TOT,WHU,1,0.635036496350365,0.5818410516576772,0.632691828726438,1.5,1.049808429118774,V0.6,-0.0023446676239269326,-0.05096225691034295,0.5,-2.5% to 0%
2023_24_20231209_AVL_ARS,2023_24,2023-12-09,AVL,ARS,0,0.5555555555555556,0.583031443211141,0.5630246252749412,1.72,1.0465116279069768,V0.6,0.007469069719385657,-0.03159764452710112,-1.0,0% to 2.5%
2023_24_20231209_BRI_BUR,2023_24,2023-12-09,BRI,BUR,0,0.6015037593984962,0.4699476377765378,0.582952717956784,1.59,1.0455974842767295,V0.6,-0.018551041441712157,-0.07310517844871334,-1.0,-2.5% to 0%
2023_24_20231209_CRY_LIV,2023_24,2023-12-09,CRY,LIV,1,0.5801526717557253,0.5244364220921872,0.6003361115073589,1.65,1.0446570972886762,V0.6,0.020183439751633614,-0.009445416012857866,0.6499999999999999,0% to 2.5%
2023_24_20231209_MUN_BOU,2023_24,2023-12-09,MUN,BOU,1,0.628992628992629,0.5168159604885338,0.6047309700440644,1.51,1.0528766556291391,V0.6,-0.02426165894856458,-0.08685623523346275,0.51,-2.5% to 0%
2023_24_20231209_SHU_BRE,2023_24,2023-12-09,SHU,BRE,0,0.5026041666666667,0.4436455894300319,0.483254195355433,1.91,1.0416949244499905,V0.6,-0.019349971311233727,-0.07698448687112303,-1.0,-2.5% to 0%
2023_24_20231209_WOL_NFO,2023_24,2023-12-09,WOL,NFO,0,0.4778067885117493,0.4595715410977143,0.4335492583784107,2.0,1.046448087431694,V0.6,-0.04425753013333861,-0.13290148324317863,-1.0,-5% to -2.5%
2023_24_20231210_EVE_CHE,2023_24,2023-12-10,EVE,CHE,0,0.5352480417754569,0.5186351331841086,0.4910153086911765,1.78,1.0496026308577693,V0.6,-0.04423273308428044,-0.12599275052970582,-1.0,-5% to -2.5%
2023_24_20231210_FUL_WHU,2023_24,2023-12-10,FUL,WHU,1,0.5169712793733681,0.4849990984674282,0.4733288606087105,1.85,1.0455910455910455,V0.6,-0.043642418764657576,-0.1243416078738856,0.8500000000000001,-5% to -2.5%
2023_24_20231210_LUT_MCI,2023_24,2023-12-10,LUT,MCI,1,0.6842105263157895,0.576885200958077,0.6875766393021858,1.38,1.0590858416945377,V0.6,0.00336611298639633,-0.0511442377629836,0.3799999999999999,0% to 2.5%
2023_24_20231210_TOT_NEW,2023_24,2023-12-10,TOT,NEW,1,0.6194029850746269,0.5650193521913838,0.6091594799440193,1.53,1.055201196944641,V0.6,-0.010243505130607566,-0.06798599568565045,0.53,-2.5% to 0%
2023_24_20231215_NFO_TOT,2023_24,2023-12-15,NFO,TOT,0,0.5873417721518986,0.5231610085480418,0.5857120750959575,1.63,1.0445314152739582,V0.6,-0.0016296970559411816,-0.04528931759358945,-1.0,-2.5% to 0%
2023_24_20231216_BUR_EVE,2023_24,2023-12-16,BUR,EVE,0,0.4725848563968668,0.440280987084853,0.427938666206264,2.02,1.0475356927957988,V0.6,-0.04464619019060284,-0.1355638942633468,-1.0,-5% to -2.5%
2023_24_20231216_CHE_SHU,2023_24,2023-12-16,CHE,SHU,0,0.625615763546798,0.5142539225138537,0.6036626081453527,1.52,1.05159552424368,V0.6,-0.02195315540144538,-0.0824328356190639,-1.0,-2.5% to 0%
2023_24_20231216_MCI_CRY,2023_24,2023-12-16,MCI,CRY,1,0.6498800959232613,0.5753353964172884,0.6006533928419641,1.46,1.0539351968862154,V0.6,-0.049226703081297285,-0.12304604645073247,0.45999999999999996,-5% to -2.5%
2023_24_20231216_NEW_FUL,2023_24,2023-12-16,NEW,FUL,1,0.5567010309278351,0.4846206419526371,0.5133718370490603,1.72,1.0443583118001722,V0.6,-0.04332919387877476,-0.11700044027561629,0.72,-5% to -2.5%
2023_24_20231217_ARS_BRI,2023_24,2023-12-17,ARS,BRI,0,0.598984771573604,0.5602480342337576,0.5622380356788101,1.58,1.0566402059643851,V0.6,-0.036746735894793825,-0.11166390362747991,-1.0,-5% to -2.5%
2023_24_20231217_BRE_AVL,2023_24,2023-12-17,BRE,AVL,1,0.5633074935400517,0.5313312734239357,0.5688082562455413,1.69,1.0504315726616362,V0.6,0.0055007627054896036,-0.03871404694503522,0.69,0% to 2.5%
2023_24_20231217_LIV_MUN,2023_24,2023-12-17,LIV,MUN,0,0.7197452229299364,0.5741255724867333,0.7019945002766088,1.32,1.0525610083132206,V0.6,-0.017750722653327555,-0.07336725963487634,-1.0,-2.5% to 0%
2023_24_20231217_WHU_WOL,2023_24,2023-12-17,WHU,WOL,1,0.5039164490861618,0.4834944226932843,0.472550054774953,1.9,1.0444505044995909,V0.6,-0.031366394311208856,-0.10215489592758942,0.8999999999999999,-5% to -2.5%
2023_24_20231221_CRY_BRI,2023_24,2023-12-21,CRY,BRI,0,0.5,0.45546029037499,0.4823753222236309,1.92,1.0416666666666667,V0.6,-0.017624677776369113,-0.07383938133062873,-1.0,-2.5% to 0%
2023_24_20231222_AVL_SHU,2023_24,2023-12-22,AVL,SHU,0,0.6523809523809524,0.4734442493487599,0.6436081654533042,1.46,1.04989501049895,V0.6,-0.008772786927648157,-0.060332078438175785,-1.0,-2.5% to 0%
2023_24_20231223_FUL_BUR,2023_24,2023-12-23,FUL,BUR,0,0.5130208333333333,0.4537037609862121,0.4573927458410502,1.87,1.0423735714867397,V0.6,-0.05562808749228304,-0.14467556527723602,-1.0,-10% to -5%
2023_24_20231223_LIV_ARS,2023_24,2023-12-23,LIV,ARS,0,0.5655526992287918,0.6191455931537524,0.5605687773188099,1.69,1.0462614308768154,V0.6,-0.00498392190998187,-0.05263876633121123,-1.0,-2.5% to 0%
2023_24_20231223_LUT_NEW,2023_24,2023-12-23,LUT,NEW,0,0.5378590078328982,0.4829808269318317,0.5088436982168159,1.77,1.0504086446163128,V0.6,-0.02901530961608234,-0.09934665415623589,-1.0,-5% to -2.5%
2023_24_20231223_NFO_BOU,2023_24,2023-12-23,NFO,BOU,1,0.5078125,0.5102281008984011,0.5110537633136594,1.89,1.041921041921042,V0.6,0.0032412633136593705,-0.0341083873371838,0.8899999999999999,0% to 2.5%
2023_24_20231223_TOT_EVE,2023_24,2023-12-23,TOT,EVE,1,0.6169154228855721,0.5331828256419683,0.5877637500085222,1.54,1.0525764558022623,V0.6,-0.029151672877049895,-0.09484382498687582,0.54,-5% to -2.5%
2023_24_20231223_WHU_MUN,2023_24,2023-12-23,WHU,MUN,0,0.5692307692307692,0.5234440220805635,0.5724022493340469,1.68,1.0456885456885456,V0.6,0.003171480103277724,-0.03836422111880122,-1.0,0% to 2.5%
2023_24_20231224_WOL_CHE,2023_24,2023-12-24,WOL,CHE,1,0.5246753246753246,0.5306144323387841,0.539038319373141,1.83,1.041497592382189,V0.6,0.014362994697816323,-0.01355987554715199,0.8300000000000001,0% to 2.5%
2023_24_20231226_BOU_FUL,2023_24,2023-12-26,BOU,FUL,1,0.5416666666666667,0.4816869721157082,0.4726051911311922,1.76,1.048951048951049,V0.6,-0.06906147553547454,-0.16821486360910176,0.76,-10% to -5%
2023_24_20231226_BUR_LIV,2023_24,2023-12-26,BUR,LIV,0,0.65311004784689,0.5048052727831911,0.6546253827274174,1.45,1.0559555387141597,V0.6,0.0015153348805274636,-0.05079319504524471,-1.0,0% to 2.5%
2023_24_20231226_MUN_AVL,2023_24,2023-12-26,MUN,AVL,1,0.5883838383838383,0.5188734325629414,0.6148315906243157,1.63,1.0426814818715606,V0.6,0.02644775224047735,0.0021754927176345085,0.6299999999999999,2.5% to 5%
2023_24_20231226_NEW_NFO,2023_24,2023-12-26,NEW,NFO,1,0.531578947368421,0.5214328771806002,0.5154855409351503,1.78,1.0568472577594838,V0.6,-0.01609340643327073,-0.0824357371354324,0.78,-2.5% to 0%
2023_24_20231226_SHU_LUT,2023_24,2023-12-26,SHU,LUT,1,0.4533678756476684,0.4343019176293077,0.4207847808787759,2.11,1.045362220717671,V0.6,-0.032583094768892484,-0.11214411234578292,1.1099999999999999,-5% to -2.5%
2023_24_20231227_BRE_WOL,2023_24,2023-12-27,BRE,WOL,1,0.4856396866840731,0.4965125753755949,0.4761117801853908,1.97,1.04524862180012,V0.6,-0.009527906498682293,-0.06205979303478015,0.97,-2.5% to 0%
2023_24_20231227_CHE_CRY,2023_24,2023-12-27,CHE,CRY,1,0.5065274151436031,0.5359554801312671,0.4849618492495444,1.89,1.0445644466263024,V0.6,-0.021565565894058725,-0.0834221049183611,0.8899999999999999,-2.5% to 0%
2023_24_20231227_EVE_MCI,2023_24,2023-12-27,EVE,MCI,1,0.548051948051948,0.5947702385555267,0.5649416285483154,1.74,1.0486462929672604,V0.6,0.01688968049636741,-0.017001566325931194,0.74,0% to 2.5%
2023_24_20231228_ARS_WHU,2023_24,2023-12-28,ARS,WHU,0,0.6030150753768844,0.5845712649519003,0.5919664438354191,1.58,1.04957805907173,V0.6,-0.011048631541465292,-0.06469301874003786,-1.0,-2.5% to 0%
2023_24_20231228_BRI_TOT,2023_24,2023-12-28,BRI,TOT,1,0.6555819477434679,0.5348930206282132,0.661735960707085,1.45,1.0519740129935031,V0.6,0.0061540129636170615,-0.040482856974726866,0.44999999999999996,0% to 2.5%
2023_24_20231230_AVL_BUR,2023_24,2023-12-30,AVL,BUR,1,0.6074999999999999,0.4836335146027237,0.6086430138980676,1.57,1.0484653089040916,V0.6,0.0011430138980677018,-0.04443046818003382,0.5700000000000001,0% to 2.5%
2023_24_20231230_CRY_BRE,2023_24,2023-12-30,CRY,BRE,1,0.440721649484536,0.4879648038989934,0.4187182584694039,2.17,1.0456248147249845,V0.6,-0.0220033910151321,-0.09138137912139355,1.17,-2.5% to 0%
2023_24_20231230_LUT_CHE,2023_24,2023-12-30,LUT,CHE,1,0.5776081424936387,0.5577863864967996,0.6028176860398046,1.66,1.0429382729154504,V0.6,0.02520954354616589,0.0006773588260755581,0.6599999999999999,2.5% to 5%
2023_24_20231230_MCI_SHU,2023_24,2023-12-30,MCI,SHU,0,0.7215189873417721,0.5955806625401564,0.7028707621648437,1.32,1.0499734183944711,V0.6,-0.018648225176928435,-0.07221059394240625,-1.0,-2.5% to 0%
2023_24_20231230_NFO_MUN,2023_24,2023-12-30,NFO,MUN,1,0.5440414507772021,0.4871712990912332,0.5358786979499048,1.76,1.0443722943722944,V0.6,-0.008162752827297282,-0.05685349160816744,0.76,-2.5% to 0%
2023_24_20231230_WOL_EVE,2023_24,2023-12-30,WOL,EVE,1,0.4713541666666666,0.4639599461000084,0.4325578625780188,2.03,1.0450970252837275,V0.6,-0.03879630408864776,-0.12190753896662188,1.0299999999999998,-5% to -2.5%
2023_24_20231231_FUL_ARS,2023_24,2023-12-31,FUL,ARS,1,0.5440414507772021,0.5275406392123695,0.5358237059727923,1.76,1.0443722943722944,V0.6,-0.008217744804409843,-0.056950277487885614,0.76,-2.5% to 0%
2023_24_20231231_TOT_BOU,2023_24,2023-12-31,TOT,BOU,1,0.6788990825688074,0.5678041488929849,0.6445584490434636,1.4,1.052123552123552,V0.6,-0.03434063352534378,-0.09761817133915107,0.3999999999999999,-5% to -2.5%
2023_24_20240101_LIV_NEW,2023_24,2024-01-01,LIV,NEW,1,0.657210401891253,0.5681019059696308,0.6451260793662467,1.45,1.0493674026296205,V0.6,-0.012084322525006352,-0.06456718491894242,0.44999999999999996,-2.5% to 0%
2023_24_20240102_WHU_BRI,2023_24,2024-01-02,WHU,BRI,0,0.5909090909090909,0.5033817260663189,0.5740677276352665,1.62,1.0446343779677112,V0.6,-0.01684136327382446,-0.07001028123086828,-1.0,-2.5% to 0%
2023_24_20240112_BUR_LUT,2023_24,2024-01-12,BUR,LUT,0,0.4947368421052631,0.4792898827346758,0.4496104695300926,1.92,1.0527482269503547,V0.6,-0.04512637257517049,-0.13674789850222224,-1.0,-5% to -2.5%
2023_24_20240113_CHE_FUL,2023_24,2024-01-13,CHE,FUL,0,0.583756345177665,0.5609556922833232,0.5717521892942601,1.64,1.0445387062566278,V0.6,-0.012004155883404866,-0.06232640955741353,-1.0,-2.5% to 0%
2023_24_20240113_NEW_MCI,2023_24,2024-01-13,NEW,MCI,1,0.5934343434343434,0.6148454964353623,0.6352157620722545,1.61,1.0466499273159773,V0.6,0.04178141863791107,0.022697376936329894,0.6100000000000001,2.5% to 5%
2023_24_20240114_EVE_AVL,2023_24,2024-01-14,EVE,AVL,0,0.5592783505154639,0.4941962503481629,0.5450031844921142,1.71,1.0456248147249845,V0.6,-0.014275166023349772,-0.06804455451848479,-1.0,-2.5% to 0%
2023_24_20240114_MUN_TOT,2023_24,2024-01-14,MUN,TOT,1,0.649164677804296,0.5737054200367033,0.6664417662087851,1.47,1.0479191676670667,V0.6,0.01727708840448916,-0.020330603673085812,0.47,0% to 2.5%
2023_24_20240120_ARS_CRY,2023_24,2024-01-20,ARS,CRY,1,0.5454545454545455,0.5287035547382803,0.5217818938209747,1.75,1.0476190476190474,V0.6,-0.023672651633570796,-0.08688168581329425,0.75,-2.5% to 0%
2023_24_20240120_BRE_NFO,2023_24,2024-01-20,BRE,NFO,1,0.5208333333333334,0.5194953552863222,0.5140477883763594,1.84,1.0434782608695652,V0.6,-0.006785544956973921,-0.054152069387498614,0.8400000000000001,-2.5% to 0%
2023_24_20240121_BOU_LIV,2023_24,2024-01-21,BOU,LIV,1,0.6457831325301205,0.5847165928166823,0.6519824048262034,1.47,1.0534064372017462,V0.6,0.006199272296082858,-0.041585864905480996,0.47,0% to 2.5%
2023_24_20240121_SHU_WHU,2023_24,2024-01-21,SHU,WHU,1,0.4661458333333333,0.4595014109887451,0.4521911314824493,2.05,1.0464640959258755,V0.6,-0.013954701850883988,-0.07300818046097901,1.0499999999999998,-2.5% to 0%
2023_24_20240122_BRI_WOL,2023_24,2024-01-22,BRI,WOL,0,0.5841836734693877,0.4649273642781963,0.5648207671984234,1.63,1.0501781552227611,V0.6,-0.019362906270964264,-0.07934214946656981,-1.0,-2.5% to 0%
2023_24_20240130_AVL_NEW,2023_24,2024-01-30,AVL,NEW,1,0.6299019607843138,0.5031261713671193,0.6096179675982254,1.51,1.0513567139948978,V0.6,-0.020283993186088423,-0.0794768689266796,0.51,-2.5% to 0%
2023_24_20240130_CRY_SHU,2023_24,2024-01-30,CRY,SHU,1,0.4585492227979275,0.4282427040335289,0.4166769740334877,2.09,1.0434406509339604,V0.6,-0.04187224876443979,-0.1291451242700108,1.0899999999999999,-5% to -2.5%
2023_24_20240130_FUL_EVE,2023_24,2024-01-30,FUL,EVE,0,0.4699738903394256,0.523644726247868,0.477783698872424,2.03,1.0481663929939793,V0.6,0.007809808532998397,-0.030099091288979363,-1.0,0% to 2.5%
2023_24_20240130_LUT_BRI,2023_24,2024-01-30,LUT,BRI,1,0.5801526717557253,0.4967525886179139,0.5838754313142005,1.65,1.0446570972886762,V0.6,0.0037227595584752304,-0.03660553833156921,0.6499999999999999,0% to 2.5%
2023_24_20240130_NFO_ARS,2023_24,2024-01-30,NFO,ARS,1,0.5812182741116751,0.5345254699614674,0.5795596996953402,1.65,1.0427418287680297,V0.6,-0.0016585744163349903,-0.04372649550268881,0.6499999999999999,-2.5% to 0%
2023_24_20240131_LIV_CHE,2023_24,2024-01-31,LIV,CHE,1,0.6563981042654028,0.6295224594613199,0.6553793893264466,1.45,1.050666002738703,V0.6,-0.0010187149389562222,-0.049699885476652494,0.44999999999999996,-2.5% to 0%
2023_24_20240131_MCI_BUR,2023_24,2024-01-31,MCI,BUR,1,0.7118279569892474,0.5846299730317929,0.6739904913892235,1.34,1.0483834603417954,V0.6,-0.03783746560002388,-0.09685274153844048,0.3400000000000001,-5% to -2.5%
2023_24_20240131_TOT_BRE,2023_24,2024-01-31,TOT,BRE,1,0.6332518337408313,0.5743981802194653,0.6020616503788697,1.5,1.0527670527670527,V0.6,-0.031190183361961554,-0.09690752443169548,0.5,-5% to -2.5%
2023_24_20240201_WHU_BOU,2023_24,2024-02-01,WHU,BOU,0,0.5790816326530612,0.5283268841307716,0.5492468821100572,1.65,1.0465892404218395,V0.6,-0.029834750543003996,-0.09374264451840564,-1.0,-5% to -2.5%
2023_24_20240201_WOL_MUN,2023_24,2024-02-01,WOL,MUN,1,0.5428571428571429,0.4724891429045789,0.5189916559171281,1.76,1.0466507177033493,V0.6,-0.02386548694001478,-0.08657468558585446,0.76,-2.5% to 0%
2023_24_20240203_BRI_CRY,2023_24,2024-02-03,BRI,CRY,1,0.5529715762273902,0.4677563389244447,0.5276232049842849,1.73,1.045324401707093,V0.6,-0.025348371243105294,-0.08721185537718701,0.73,-5% to -2.5%
2023_24_20240203_BUR_FUL,2023_24,2024-02-03,BUR,FUL,1,0.4960835509138382,0.4778930385304473,0.4948719991906749,1.93,1.0444505044995909,V0.6,-0.0012115517231632844,-0.044897041561997475,0.9299999999999999,-2.5% to 0%
2023_24_20240203_EVE_TOT,2023_24,2024-02-03,EVE,TOT,1,0.5826972010178116,0.5488939824792282,0.5945639057103097,1.64,1.0464373202683992,V0.6,0.011866704692498065,-0.024915194635092175,0.6399999999999999,0% to 2.5%
2023_24_20240203_NEW_LUT,2023_24,2024-02-03,NEW,LUT,1,0.6059850374064838,0.5366773344766246,0.594392309920982,1.58,1.0444340261499192,V0.6,-0.011592727485501775,-0.06086015032484837,0.5800000000000001,-2.5% to 0%
2023_24_20240203_SHU_AVL,2023_24,2024-02-03,SHU,AVL,1,0.5862944162436549,0.4206044638892189,0.5557505918843606,1.63,1.0463973654157703,V0.6,-0.030543824359294258,-0.09412653522849224,0.6299999999999999,-5% to -2.5%
2023_24_20240204_ARS_LIV,2023_24,2024-02-04,ARS,LIV,1,0.5717948717948719,0.602452803569965,0.551156482785406,1.67,1.0472328884831237,V0.6,-0.020638389009465907,-0.07956867374837207,0.6699999999999999,-2.5% to 0%
2023_24_20240204_BOU_NFO,2023_24,2024-02-04,BOU,NFO,0,0.578005115089514,0.5227767657089115,0.5557002611928926,1.65,1.048538482166801,V0.6,-0.0223048538966214,-0.08309456903172718,-1.0,-2.5% to 0%
2023_24_20240204_CHE_WOL,2023_24,2024-02-04,CHE,WOL,1,0.5644329896907216,0.4908115225346572,0.5170163402797596,1.69,1.048336980897571,V0.6,-0.04741664941096202,-0.1262423849272063,0.69,-5% to -2.5%
2023_24_20240204_MUN_WHU,2023_24,2024-02-04,MUN,WHU,1,0.589873417721519,0.5180566577135242,0.5681900227502176,1.62,1.046468499973507,V0.6,-0.02168339497130145,-0.0795321631446475,0.6200000000000001,-2.5% to 0%
2023_24_20240205_BRE_MCI,2023_24,2024-02-05,BRE,MCI,1,0.606516290726817,0.6023485885737372,0.6165050546749485,1.57,1.0501658156551037,V0.6,0.00998876394813153,-0.0320870641603308,0.5700000000000001,0% to 2.5%
2023_24_20240210_FUL_BOU,2023_24,2024-02-10,FUL,BOU,1,0.5492227979274612,0.5186982043637779,0.5474174345714122,1.74,1.046410756885708,V0.6,-0.0018053633560489724,-0.04749366384574272,0.74,-2.5% to 0%
2023_24_20240210_LIV_BUR,2023_24,2024-02-10,LIV,BUR,1,0.7170212765957447,0.5225266653185713,0.6523836098221049,1.33,1.048615604292631,V0.6,-0.0646376667736398,-0.13232979893660046,0.33000000000000007,-10% to -5%
2023_24_20240210_LUT_SHU,2023_24,2024-02-10,LUT,SHU,1,0.5246753246753246,0.4839603715675125,0.4536469551436977,1.83,1.041497592382189,V0.6,-0.07102836953162694,-0.16982607208703315,0.8300000000000001,-10% to -5%
2023_24_20240210_MCI_EVE,2023_24,2024-02-10,MCI,EVE,0,0.6587677725118484,0.5640595558793542,0.5959850642703389,1.44,1.0541566746602715,V0.6,-0.06278270824150944,-0.14178150745071194,-1.0,-10% to -5%
2023_24_20240210_NFO_NEW,2023_24,2024-02-10,NFO,NEW,1,0.5581395348837209,0.4618965198035318,0.4852063207687278,1.71,1.04775828460039,V0.6,-0.07293321411499315,-0.1702971914854755,0.71,-10% to -5%
2023_24_20240210_TOT_BRI,2023_24,2024-02-10,TOT,BRI,1,0.6863636363636364,0.5504979586672925,0.6472423505399807,1.38,1.05576350897399,V0.6,-0.039121285823655705,-0.10680555625482668,0.3799999999999999,-5% to -2.5%
2023_24_20240210_WOL_BRE,2023_24,2024-02-10,WOL,BRE,0,0.5428571428571429,0.4634970958820633,0.4630619102367084,1.76,1.0466507177033493,V0.6,-0.07979523262043453,-0.18501103798339325,-1.0,-10% to -5%
2023_24_20240211_AVL_MUN,2023_24,2024-02-11,AVL,MUN,1,0.6134663341645885,0.488062744061317,0.5611718144567244,1.55,1.0516653553632311,V0.6,-0.05229451970786414,-0.1301836875920772,0.55,-10% to -5%
2023_24_20240211_WHU_ARS,2023_24,2024-02-11,WHU,ARS,1,0.570694087403599,0.5508117280757725,0.5725641148345718,1.67,1.0492528456600314,V0.6,0.0018700274309728648,-0.04381792822626507,0.6699999999999999,0% to 2.5%
2023_24_20240212_CRY_CHE,2023_24,2024-02-12,CRY,CHE,1,0.5221932114882506,0.4986310265245089,0.4901504398639541,1.83,1.046448087431694,V0.6,-0.03204277162429647,-0.10302469504896394,0.8300000000000001,-5% to -2.5%
2023_24_20240217_BRE_LIV,2023_24,2024-02-17,BRE,LIV,1,0.635036496350365,0.5464170724779303,0.603813007480898,1.5,1.049808429118774,V0.6,-0.03122348886946702,-0.09428048877865303,0.5,-5% to -2.5%
2023_24_20240217_BUR_ARS,2023_24,2024-02-17,BUR,ARS,1,0.5969773299748111,0.4854889526857904,0.5772672758823602,1.6,1.046940928270042,V0.6,-0.019710054092450968,-0.07637235858822367,0.6000000000000001,-2.5% to 0%
2023_24_20240217_FUL_AVL,2023_24,2024-02-17,FUL,AVL,1,0.589873417721519,0.4780067227546479,0.5708218408832563,1.62,1.046468499973507,V0.6,-0.01905157683826275,-0.07526861776912475,0.6200000000000001,-2.5% to 0%
2023_24_20240217_MCI_CHE,2023_24,2024-02-17,MCI,CHE,0,0.6515513126491647,0.6087802283802937,0.5913899172217844,1.46,1.0512318731496813,V0.6,-0.060161395427380304,-0.13657072085619482,-1.0,-10% to -5%
2023_24_20240217_NEW_BOU,2023_24,2024-02-17,NEW,BOU,1,0.6457831325301205,0.4981053337165518,0.5805447596411903,1.47,1.0534064372017462,V0.6,-0.0652383728889302,-0.14659920332745024,0.47,-10% to -5%
2023_24_20240217_NFO_WHU,2023_24,2024-02-17,NFO,WHU,0,0.5182291666666667,0.5006243206041848,0.4867530923816842,1.85,1.0430531033546109,V0.6,-0.03147607428498256,-0.09950677909388417,-1.0,-5% to -2.5%
2023_24_20240217_TOT_WOL,2023_24,2024-02-17,TOT,WOL,1,0.6635294117647058,0.526448579832123,0.6095881609756213,1.43,1.0539106283787136,V0.6,-0.053941250789084516,-0.12828892980486162,0.42999999999999994,-10% to -5%
2023_24_20240218_LUT_MUN,2023_24,2024-02-18,LUT,MUN,1,0.6040100250626567,0.5480117189033097,0.5716174353703048,1.58,1.0478491517411628,V0.6,-0.032392589692351814,-0.09684445211491832,0.5800000000000001,-5% to -2.5%
2023_24_20240218_SHU_BRI,2023_24,2024-02-18,SHU,BRI,1,0.606516290726817,0.4261298958276479,0.5861334089044498,1.57,1.0501658156551037,V0.6,-0.02038288182236725,-0.07977054802001382,0.5700000000000001,-2.5% to 0%
2023_24_20240219_EVE_CRY,2023_24,2024-02-19,EVE,CRY,0,0.4404145077720207,0.4732782596468967,0.3849483388991961,2.16,1.05119825708061,V0.6,-0.05546616887282457,-0.16851158797773635,-1.0,-10% to -5%
2023_24_20240220_MCI_BRE,2023_24,2024-02-20,MCI,BRE,0,0.7086956521739131,0.6004750639901897,0.656891209351073,1.34,1.0530171229740866,V0.6,-0.051804442822840024,-0.11976577946956213,-1.0,-10% to -5%
2023_24_20240221_LIV_LUT,2023_24,2024-02-21,LIV,LUT,1,0.7297297297297297,0.6135773352623693,0.6658689845267641,1.3,1.054131054131054,V0.6,-0.06386074520296559,-0.13437032011520655,0.30000000000000004,-10% to -5%
2023_24_20240224_ARS_NEW,2023_24,2024-02-24,ARS,NEW,1,0.6433734939759036,0.5268901057638579,0.5339210630943935,1.48,1.0502075108816682,V0.6,-0.10945243088151013,-0.20979682662029764,0.48,< -10%
2023_24_20240224_AVL_NFO,2023_24,2024-02-24,AVL,NFO,1,0.606516290726817,0.4997580749427597,0.5700804818611792,1.57,1.0501658156551037,V0.6,-0.0364358088656378,-0.10497364347794857,0.5700000000000001,-5% to -2.5%
2023_24_20240224_BOU_MCI,2023_24,2024-02-24,BOU,MCI,0,0.639225181598063,0.6194358442400306,0.6892829385766155,1.49,1.0499288183851945,V0.6,0.050057756978552526,0.027031578479157048,-1.0,5% to 10%
2023_24_20240224_BRI_EVE,2023_24,2024-02-24,BRI,EVE,0,0.5728900255754477,0.4684763554088931,0.5578644293462328,1.67,1.0452309666381523,V0.6,-0.015025596229214844,-0.0683664029917912,-1.0,-2.5% to 0%
2023_24_20240224_CRY_BUR,2023_24,2024-02-24,CRY,BUR,1,0.4507772020725388,0.4509392887390851,0.3960569810744829,2.12,1.046410756885708,V0.6,-0.0547202209980559,-0.16035920012209626,1.12,-10% to -5%
2023_24_20240224_MUN_FUL,2023_24,2024-02-24,MUN,FUL,1,0.6074999999999999,0.4825581942010374,0.5537408680360657,1.57,1.0484653089040916,V0.6,-0.053759131963934226,-0.13062683718337686,0.5700000000000001,-10% to -5%
2023_24_20240225_WOL_SHU,2023_24,2024-02-25,WOL,SHU,0,0.5765306122448979,0.4311992227084038,0.5152955504951419,1.66,1.0448875146604115,V0.6,-0.061235061749756015,-0.14460938617806451,-1.0,-10% to -5%
2023_24_20240226_WHU_BRE,2023_24,2024-02-26,WHU,BRE,1,0.5520833333333334,0.5273634184316103,0.5438054886728184,1.72,1.0530934620447563,V0.6,-0.008277844660514955,-0.06465455948275234,0.72,-2.5% to 0%
2023_24_20240302_BRE_CHE,2023_24,2024-03-02,BRE,CHE,1,0.6169154228855721,0.5390434065887603,0.600186216582239,1.54,1.0525764558022623,V0.6,-0.016729206303333077,-0.07571322646335188,0.54,-2.5% to 0%
2023_24_20240302_EVE_WHU,2023_24,2024-03-02,EVE,WHU,1,0.5104712041884817,0.4688065550979314,0.4678907788484705,1.87,1.0475798711092827,V0.6,-0.04258042534001116,-0.12504424355336008,0.8700000000000001,-5% to -2.5%
2023_24_20240302_FUL_BRI,2023_24,2024-03-02,FUL,BRI,1,0.5848101265822784,0.420669885170479,0.538249435220554,1.64,1.0426565304614086,V0.6,-0.04656069136172436,-0.1172709262382915,0.6399999999999999,-5% to -2.5%
2023_24_20240302_LUT_AVL,2023_24,2024-03-02,LUT,AVL,1,0.6515513126491647,0.5315714085115418,0.6160831427076567,1.46,1.0512318731496813,V0.6,-0.03546816994150792,-0.10051861164682119,0.45999999999999996,-5% to -2.5%
2023_24_20240302_NEW_WOL,2023_24,2024-03-02,NEW,WOL,1,0.6005025125628142,0.46756615340168,0.5295456143343711,1.59,1.047340859451067,V0.6,-0.07095689822844309,-0.15802247320834995,0.5900000000000001,-10% to -5%
2023_24_20240302_NFO_LIV,2023_24,2024-03-02,NFO,LIV,0,0.6416464891041161,0.5620924493500552,0.618699586919422,1.48,1.0530341662417135,V0.6,-0.022946902184694196,-0.08432461135925551,-1.0,-2.5% to 0%
2023_24_20240302_TOT_CRY,2023_24,2024-03-02,TOT,CRY,1,0.62,0.5578886147292076,0.5627084408576751,1.52,1.0611205432937183,V0.6,-0.057291559142324866,-0.14468316989633379,0.52,-10% to -5%
2023_24_20240303_BUR_BOU,2023_24,2024-03-03,BUR,BOU,0,0.5604113110539846,0.4761929615140094,0.5569738243481835,1.71,1.043510917967702,V0.6,-0.0034374867058010183,-0.04757476036460617,-1.0,-2.5% to 0%
2023_24_20240303_MCI_MUN,2023_24,2024-03-03,MCI,MUN,1,0.6877828054298643,0.6099912500134064,0.656658414417863,1.38,1.053585049580473,V0.6,-0.031124391012001262,-0.0938113881033491,0.3799999999999999,-5% to -2.5%
2023_24_20240304_SHU_ARS,2023_24,2024-03-04,SHU,ARS,1,0.667447306791569,0.4803509972546925,0.6429815371686333,1.42,1.0551025450951323,V0.6,-0.024465769622935785,-0.08696621722054076,0.41999999999999993,-2.5% to 0%
2023_24_20240309_ARS_BRE,2023_24,2024-03-09,ARS,BRE,1,0.6587677725118484,0.5820006355230508,0.5719713367883382,1.44,1.0541566746602715,V0.6,-0.08679643572351015,-0.17636127502479304,0.43999999999999995,-10% to -5%
2023_24_20240309_BOU_SHU,2023_24,2024-03-09,BOU,SHU,1,0.6222222222222222,0.4678332351224821,0.5932595654446656,1.53,1.050420168067227,V0.6,-0.028962656777556606,-0.09231286486966161,0.53,-5% to -2.5%
2023_24_20240309_CRY_LUT,2023_24,2024-03-09,CRY,LUT,0,0.5338541666666666,0.5294596651978684,0.4838374148264158,1.79,1.0464640959258755,V0.6,-0.05001675184025084,-0.13393102746071572,-1.0,-10% to -5%
2023_24_20240309_MUN_EVE,2023_24,2024-03-09,MUN,EVE,0,0.5703324808184143,0.5068845444428828,0.5397537763213329,1.68,1.043668588511638,V0.6,-0.030578704497081333,-0.09321365578016072,-1.0,-5% to -2.5%
2023_24_20240309_WOL_FUL,2023_24,2024-03-09,WOL,FUL,1,0.5052083333333333,0.4577785020321256,0.4633235789480387,1.9,1.0417797069994574,V0.6,-0.04188475438529454,-0.11968519999872651,0.8999999999999999,-5% to -2.5%
2023_24_20240310_AVL_TOT,2023_24,2024-03-10,AVL,TOT,1,0.701098901098901,0.5480641365318338,0.6649465195269858,1.36,1.04877374147151,V0.6,-0.03615238157191525,-0.0956727334432993,0.3600000000000001,-5% to -2.5%
2023_24_20240310_BRI_NFO,2023_24,2024-03-10,BRI,NFO,0,0.5888324873096447,0.4826126200330234,0.543435969075111,1.62,1.0483184333759046,V0.6,-0.04539651823453361,-0.11963373009832001,-1.0,-5% to -2.5%
2023_24_20240310_LIV_MCI,2023_24,2024-03-10,LIV,MCI,0,0.6332518337408313,0.6847466398972404,0.6409580415008433,1.5,1.0527670527670527,V0.6,0.007706207760012074,-0.03856293774873498,-1.0,0% to 2.5%
2023_24_20240310_WHU_BUR,2023_24,2024-03-10,WHU,BUR,1,0.5555555555555556,0.47443974398361,0.5162268191206576,1.72,1.0465116279069768,V0.6,-0.03932873643489798,-0.11208987111246893,0.72,-5% to -2.5%
2023_24_20240311_CHE_NEW,2023_24,2024-03-11,CHE,NEW,1,0.6498800959232613,0.5415423804114325,0.6017359149141717,1.46,1.0539351968862154,V0.6,-0.04814418100908968,-0.12146556422530941,0.45999999999999996,-5% to -2.5%
2023_24_20240313_BOU_LUT,2023_24,2024-03-13,BOU,LUT,1,0.6483253588516746,0.5542945005327821,0.6389919760837952,1.47,1.0492757988804378,V0.6,-0.009333382767879428,-0.06068179515682104,0.47,-2.5% to 0%
2023_24_20240316_BUR_BRE,2023_24,2024-03-16,BUR,BRE,1,0.5454545454545455,0.4919116043447042,0.5346716529070084,1.75,1.0476190476190474,V0.6,-0.01078289254753717,-0.06432460741273538,0.75,-2.5% to 0%
2023_24_20240316_FUL_TOT,2023_24,2024-03-16,FUL,TOT,1,0.637469586374696,0.5234233090738369,0.6160828584898091,1.49,1.0528203289102924,V0.6,-0.021386727884886825,-0.08203654085018441,0.49,-2.5% to 0%
2023_24_20240316_LUT_NFO,2023_24,2024-03-16,LUT,NFO,0,0.5692307692307692,0.5628188804376616,0.5568284977411895,1.68,1.0456885456885456,V0.6,-0.01240227148957973,-0.06452812379480166,-1.0,-2.5% to 0%
2023_24_20240317_WHU_AVL,2023_24,2024-03-17,WHU,AVL,0,0.61,0.5065834443601446,0.5652800815023119,1.56,1.0508617065994117,V0.6,-0.04471991849768808,-0.11816307285639338,-1.0,-5% to -2.5%
2023_24_20240330_AVL_WOL,2023_24,2024-03-30,AVL,WOL,0,0.61,0.4947595497852563,0.5800367755089412,1.56,1.0508617065994117,V0.6,-0.029963224491058815,-0.09514263020605174,-1.0,-5% to -2.5%
2023_24_20240330_BOU_EVE,2023_24,2024-03-30,BOU,EVE,1,0.5518134715025906,0.4691374310431473,0.5158437505506888,1.73,1.0475182501560425,V0.6,-0.03596972095190187,-0.10759031154730847,0.73,-5% to -2.5%
2023_24_20240330_BRE_MUN,2023_24,2024-03-30,BRE,MUN,0,0.6169154228855721,0.5505473701643615,0.6111670008277996,1.54,1.0525764558022623,V0.6,-0.005748422057772484,-0.058802818725188555,-1.0,-2.5% to 0%
2023_24_20240330_CHE_BUR,2023_24,2024-03-30,CHE,BUR,1,0.6433734939759036,0.5077495700738702,0.5980368806181322,1.48,1.0502075108816682,V0.6,-0.045336613357771394,-0.1149054166851643,0.48,-5% to -2.5%
2023_24_20240330_NEW_WHU,2023_24,2024-03-30,NEW,WHU,1,0.6317073170731708,0.537905365725153,0.598998982584705,1.51,1.0483520417295251,V0.6,-0.032708334488465884,-0.09551153629709552,0.51,-5% to -2.5%
2023_24_20240330_NFO_CRY,2023_24,2024-03-30,NFO,CRY,0,0.4571428571428572,0.4935644794015272,0.4222254684665772,2.09,1.0466507177033493,V0.6,-0.03491738867627997,-0.11754877090485372,-1.0,-5% to -2.5%
2023_24_20240330_SHU_FUL,2023_24,2024-03-30,SHU,FUL,1,0.5692307692307692,0.4252243749439071,0.5369350804683799,1.68,1.0456885456885456,V0.6,-0.03229568876238931,-0.09794906481312182,0.6799999999999999,-5% to -2.5%
2023_24_20240330_TOT_LUT,2023_24,2024-03-30,TOT,LUT,1,0.7591522157996148,0.6193318908626348,0.7237245498992421,1.25,1.053807106598985,V0.6,-0.03542766590037272,-0.09534431262594745,0.25,-5% to -2.5%
2023_24_20240331_LIV_BRI,2023_24,2024-03-31,LIV,BRI,1,0.6991150442477876,0.5748716930057246,0.6570930265684926,1.36,1.0517498138495904,V0.6,-0.04202201767929503,-0.10635348386685006,0.3600000000000001,-5% to -2.5%
2023_24_20240331_MCI_ARS,2023_24,2024-03-31,MCI,ARS,0,0.5492227979274612,0.6387468494746089,0.4988197822088852,1.74,1.046410756885708,V0.6,-0.05040301571857603,-0.1320535789565398,-1.0,-10% to -5%
2023_24_20240402_BOU_CRY,2023_24,2024-04-02,BOU,CRY,0,0.5567010309278351,0.4943481215229457,0.5292479467730307,1.72,1.0443583118001722,V0.6,-0.027453084154804408,-0.08969353155038728,-1.0,-5% to -2.5%
2023_24_20240402_BUR_WOL,2023_24,2024-04-02,BUR,WOL,0,0.5286458333333333,0.4384687861226019,0.5042617682631546,1.81,1.0450970252837275,V0.6,-0.02438406507017865,-0.0872861994436901,-1.0,-2.5% to 0%
2023_24_20240402_NEW_EVE,2023_24,2024-04-02,NEW,EVE,0,0.5728900255754477,0.5117554121700199,0.5335781904658686,1.67,1.0452309666381523,V0.6,-0.03931183510957903,-0.10892442192199947,-1.0,-5% to -2.5%
2023_24_20240402_NFO_FUL,2023_24,2024-04-02,NFO,FUL,1,0.5286458333333333,0.4652514014177805,0.4918456391543273,1.81,1.0450970252837275,V0.6,-0.036800194179005985,-0.10975939313066763,0.81,-5% to -2.5%
2023_24_20240402_WHU_TOT,2023_24,2024-04-02,WHU,TOT,0,0.7071583514099783,0.546869528555412,0.6802702974285818,1.35,1.0474892069984094,V0.6,-0.026888053981396487,-0.08163509847141448,-1.0,-5% to -2.5%
2023_24_20240403_ARS_LUT,2023_24,2024-04-03,ARS,LUT,0,0.75390625,0.6437862819569182,0.7092295225506686,1.26,1.052718151163747,V0.6,-0.04467672744933138,-0.10637080158615753,-1.0,-5% to -2.5%
2023_24_20240403_BRE_BRI,2023_24,2024-04-03,BRE,BRI,0,0.61,0.4772486643636028,0.5767200524845805,1.56,1.0508617065994117,V0.6,-0.03327994751541952,-0.1003167181240544,-1.0,-5% to -2.5%
2023_24_20240403_MCI_AVL,2023_24,2024-04-03,MCI,AVL,1,0.676605504587156,0.5914473238304173,0.6513437182519178,1.41,1.048202909003486,V0.6,-0.025261786335238123,-0.0816053572647959,0.4099999999999999,-5% to -2.5%
2023_24_20240404_CHE_MUN,2023_24,2024-04-04,CHE,MUN,1,0.674364896073903,0.5578537992631397,0.6531250270430154,1.41,1.051685611580686,V0.6,-0.021239869030887593,-0.07909371186934822,0.4099999999999999,-2.5% to 0%
2023_24_20240404_LIV_SHU,2023_24,2024-04-04,LIV,SHU,1,0.7909407665505226,0.5724982914108221,0.738770574409038,1.2,1.0535976505139502,V0.6,-0.05217019214148455,-0.1134753107091544,0.19999999999999996,-10% to -5%
2023_24_20240406_AVL_BRE,2023_24,2024-04-06,AVL,BRE,1,0.6274509803921569,0.5438805562697744,0.6313987396142271,1.52,1.0485197368421053,V0.6,0.003947759222070246,-0.04027391578637485,0.52,0% to 2.5%
2023_24_20240406_BRI_ARS,2023_24,2024-04-06,BRI,ARS,1,0.5873417721518986,0.5506727786216004,0.6037031965370058,1.63,1.0445314152739582,V0.6,0.016361424385107126,-0.015963789644680704,0.6299999999999999,0% to 2.5%
2023_24_20240406_CRY_MCI,2023_24,2024-04-06,CRY,MCI,1,0.5754475703324808,0.5541492325296885,0.5996781988199459,1.66,1.0468540829986617,V0.6,0.024230628487465045,-0.004534189958889878,0.6599999999999999,0% to 2.5%
2023_24_20240406_EVE_BUR,2023_24,2024-04-06,EVE,BUR,0,0.5364583333333334,0.4493034430303482,0.5084561421765237,1.78,1.0472346460128723,V0.6,-0.028002191156809686,-0.09494806692578783,-1.0,-5% to -2.5%
2023_24_20240406_FUL_NEW,2023_24,2024-04-06,FUL,NEW,0,0.6416464891041161,0.5124579326943308,0.6004864879485564,1.48,1.0530341662417135,V0.6,-0.04116000115555973,-0.11127999783613651,-1.0,-5% to -2.5%
2023_24_20240406_LUT_BOU,2023_24,2024-04-06,LUT,BOU,1,0.637469586374696,0.536634359735988,0.6175364288642945,1.49,1.0528203289102924,V0.6,-0.019933157510401478,-0.07987072099220116,0.49,-2.5% to 0%
2023_24_20240406_WOL_WHU,2023_24,2024-04-06,WOL,WHU,1,0.5402597402597403,0.5036555972688455,0.526957510147676,1.77,1.04574098218166,V0.6,-0.013302230112064328,-0.06728520703861351,0.77,-2.5% to 0%
2023_24_20240407_MUN_LIV,2023_24,2024-04-07,MUN,LIV,1,0.7080610021786492,0.6196957689668169,0.7140748145764294,1.34,1.0539609644087256,V0.6,0.006013812397780205,-0.043139748467584504,0.3400000000000001,0% to 2.5%
2023_24_20240407_SHU_CHE,2023_24,2024-04-07,SHU,CHE,1,0.6781609195402298,0.502642215032536,0.661921375135602,1.4,1.053268765133172,V0.6,-0.016239544404627826,-0.07331007481015728,0.3999999999999999,-2.5% to 0%
2023_24_20240407_TOT_NFO,2023_24,2024-04-07,TOT,NFO,1,0.6697674418604651,0.5565624342669055,0.6505015699999207,1.42,1.0514475743348983,V0.6,-0.019265871860544403,-0.0762877706001126,0.41999999999999993,-2.5% to 0%
2023_24_20240413_BOU_MUN,2023_24,2024-04-13,BOU,MUN,1,0.6651053864168619,0.5151285955823599,0.6396518334998123,1.43,1.0514133753570374,V0.6,-0.02545355291704965,-0.08529787809526856,0.42999999999999994,-5% to -2.5%
2023_24_20240413_BRE_SHU,2023_24,2024-04-13,BRE,SHU,0,0.6265356265356266,0.4808171926866011,0.5861693560531784,1.52,1.0500515995872033,V0.6,-0.04036627048244812,-0.10902257879916877,-1.0,-5% to -2.5%
2023_24_20240413_BUR_BRI,2023_24,2024-04-13,BUR,BRI,0,0.578005115089514,0.4422334319700679,0.55846428538102,1.65,1.048538482166801,V0.6,-0.019540829708494023,-0.07853392912131707,-1.0,-2.5% to 0%
2023_24_20240413_MCI_LUT,2023_24,2024-04-13,MCI,LUT,1,0.7495029821073559,0.6225156814356669,0.6963369295677249,1.26,1.058902783040714,V0.6,-0.053166052539631026,-0.12261546874466667,0.26,-10% to -5%
2023_24_20240413_NEW_TOT,2023_24,2024-04-13,NEW,TOT,1,0.7004405286343612,0.57737844005421,0.6890444197650898,1.36,1.0497595264520905,V0.6,-0.011396108869271449,-0.0628995891194778,0.3600000000000001,-2.5% to 0%
2023_24_20240413_NFO_WOL,2023_24,2024-04-13,NFO,WOL,1,0.5221932114882506,0.4701126162568065,0.494186761197449,1.83,1.046448087431694,V0.6,-0.02800645029080162,-0.09563822700866831,0.8300000000000001,-5% to -2.5%
2023_24_20240414_ARS_AVL,2023_24,2024-04-14,ARS,AVL,0,0.6425120772946861,0.6109492974842232,0.606779674946646,1.48,1.0516155252997357,V0.6,-0.03573240234804009,-0.10196608107896399,-1.0,-5% to -2.5%
2023_24_20240414_LIV_CRY,2023_24,2024-04-14,LIV,CRY,0,0.683371298405467,0.5880523404007727,0.6550505592890291,1.39,1.052757793764988,V0.6,-0.028320739116437843,-0.08947972258824965,-1.0,-5% to -2.5%
2023_24_20240414_WHU_FUL,2023_24,2024-04-14,WHU,FUL,0,0.5765306122448979,0.4950132497798136,0.529600895839799,1.66,1.0448875146604115,V0.6,-0.04692971640509891,-0.12086251290593375,-1.0,-5% to -2.5%
2023_24_20240415_CHE_EVE,2023_24,2024-04-15,CHE,EVE,1,0.6169154228855721,0.5044771591629336,0.5608543144763186,1.54,1.0525764558022623,V0.6,-0.05606110840925349,-0.13628435570646935,0.54,-10% to -5%
2023_24_20240420_LUT_BRE,2023_24,2024-04-20,LUT,BRE,1,0.6090225563909775,0.5601188777219678,0.6149660889162197,1.56,1.0525482747704968,V0.6,0.005943532525242268,-0.04065290129069721,0.56,0% to 2.5%
2023_24_20240420_SHU_BUR,2023_24,2024-04-20,SHU,BUR,1,0.5754475703324808,0.418800049212906,0.5394553728018782,1.66,1.0468540829986617,V0.6,-0.035992197530602676,-0.10450408114888232,0.6599999999999999,-5% to -2.5%
2023_24_20240420_WOL_ARS,2023_24,2024-04-20,WOL,ARS,0,0.5888324873096447,0.5347987498346165,0.5963336368160628,1.62,1.0483184333759046,V0.6,0.007501149506418114,-0.03393950835797821,-1.0,0% to 2.5%
2023_24_20240421_AVL_BOU,2023_24,2024-04-21,AVL,BOU,1,0.6579572446555819,0.5117931811733466,0.6115359385250925,1.44,1.0554552747693542,V0.6,-0.04642130613048945,-0.11938824852386687,0.43999999999999995,-5% to -2.5%
2023_24_20240421_CRY_WHU,2023_24,2024-04-21,CRY,WHU,1,0.5326370757180157,0.5093720211140438,0.5197457251497349,1.79,1.0488552963084674,V0.6,-0.012891350568280724,-0.06965515198197447,0.79,-2.5% to 0%
2023_24_20240421_EVE_NFO,2023_24,2024-04-21,EVE,NFO,0,0.5104712041884817,0.4729216135456499,0.4724559085877157,1.87,1.0475798711092827,V0.6,-0.038015295600766,-0.11650745094097159,-1.0,-5% to -2.5%
2023_24_20240421_FUL_LIV,2023_24,2024-04-21,FUL,LIV,1,0.6736111111111112,0.5635570088397498,0.6808668219283276,1.41,1.0528624698398772,V0.6,0.007255710817216432,-0.039977781081058095,0.4099999999999999,0% to 2.5%
2023_24_20240423_ARS_CHE,2023_24,2024-04-23,ARS,CHE,1,0.6231527093596059,0.6435461751198255,0.611544150869987,1.53,1.0488516882378776,V0.6,-0.011608558489618837,-0.06433744916891981,0.53,-2.5% to 0%
2023_24_20240424_CRY_NEW,2023_24,2024-04-24,CRY,NEW,0,0.5934343434343434,0.5005387196304867,0.5644131918644666,1.61,1.0466499273159773,V0.6,-0.029021151569876835,-0.09129476109820878,-1.0,-5% to -2.5%
2023_24_20240424_EVE_LIV,2023_24,2024-04-24,EVE,LIV,0,0.628992628992629,0.5302980199563888,0.6218196061106387,1.51,1.0528766556291391,V0.6,-0.0071730228819902875,-0.06105239477293556,-1.0,-2.5% to 0%
2023_24_20240424_MUN_SHU,2023_24,2024-04-24,MUN,SHU,1,0.7004405286343612,0.4955336695023937,0.6550745967259741,1.36,1.0497595264520905,V0.6,-0.045365931908387114,-0.10909854845267508,0.3600000000000001,-5% to -2.5%
2023_24_20240424_WOL_BOU,2023_24,2024-04-24,WOL,BOU,0,0.5743589743589743,0.467627526125695,0.5492188791217828,1.66,1.0488382099827884,V0.6,-0.025140095237191518,-0.08829666065784059,-1.0,-5% to -2.5%
2023_24_20240425_BRI_MCI,2023_24,2024-04-25,BRI,MCI,1,0.6383495145631067,0.5650589130291124,0.6583263245016799,1.49,1.0513690764794448,V0.6,0.019976809938573203,-0.019093776492496883,0.49,0% to 2.5%
2023_24_20240427_AVL_CHE,2023_24,2024-04-27,AVL,CHE,1,0.6579572446555819,0.548624278447003,0.6052433483922491,1.44,1.0554552747693542,V0.6,-0.05271389626333278,-0.12844957831516124,0.43999999999999995,-10% to -5%
2023_24_20240427_EVE_BRE,2023_24,2024-04-27,EVE,BRE,0,0.5234374999999999,0.4848757792591507,0.4867977859295738,1.83,1.0439605252426394,V0.6,-0.0366397140704261,-0.10916005174887988,-1.0,-5% to -2.5%
2023_24_20240427_FUL_CRY,2023_24,2024-04-27,FUL,CRY,0,0.5618556701030928,0.4616699711181743,0.5193425110115749,1.7,1.0469508904479223,V0.6,-0.04251315909151787,-0.11711773128032266,-1.0,-5% to -2.5%
2023_24_20240427_MUN_BUR,2023_24,2024-04-27,MUN,BUR,0,0.6984478935698448,0.4898479727675468,0.6494065438521098,1.36,1.052754435107376,V0.6,-0.049041349717734994,-0.11680710036113062,-1.0,-5% to -2.5%
2023_24_20240427_NEW_SHU,2023_24,2024-04-27,NEW,SHU,1,0.7133620689655172,0.4975031747956538,0.671523033351886,1.33,1.0539945028734978,V0.6,-0.041839035613631226,-0.1068743656419916,0.33000000000000007,-5% to -2.5%
2023_24_20240427_WHU_LIV,2023_24,2024-04-27,WHU,LIV,1,0.6935123042505593,0.5833529932955626,0.6957889697707641,1.37,1.0525076524605603,V0.6,0.002276665520204779,-0.046769111414053155,0.3700000000000001,0% to 2.5%
2023_24_20240427_WOL_LUT,2023_24,2024-04-27,WOL,LUT,1,0.5862944162436549,0.514259233529492,0.5689954337171053,1.63,1.0463973654157703,V0.6,-0.0172989825265496,-0.07253744304111853,0.6299999999999999,-2.5% to 0%
2023_24_20240428_BOU_BRI,2023_24,2024-04-28,BOU,BRI,1,0.6457831325301205,0.4887134969083196,0.6366079833308782,1.47,1.0534064372017462,V0.6,-0.009175149199242338,-0.06418626450360909,0.47,-2.5% to 0%
2023_24_20240428_NFO_MCI,2023_24,2024-04-28,NFO,MCI,0,0.6203473945409429,0.5453860305821464,0.600921904721597,1.53,1.05359477124183,V0.6,-0.019425489819345887,-0.08058948577595659,-1.0,-2.5% to 0%
2023_24_20240428_TOT_ARS,2023_24,2024-04-28,TOT,ARS,1,0.6399026763990268,0.6067087178107489,0.631696563756541,1.48,1.0559038125578049,V0.6,-0.008206112642485719,-0.06508908564031923,0.48,-2.5% to 0%
2023_24_20240502_CHE_TOT,2023_24,2024-05-02,CHE,TOT,0,0.7242105263157894,0.5889049678644723,0.6846006716267413,1.31,1.0540564530445589,V0.6,-0.039609854689048096,-0.10317312016896885,-1.0,-5% to -2.5%
2023_24_20240503_LUT_EVE,2023_24,2024-05-03,LUT,EVE,0,0.5492227979274612,0.5202620733332771,0.5430894698135815,1.74,1.046410756885708,V0.6,-0.006133328113879677,-0.055024322524368174,-1.0,-2.5% to 0%
2023_24_20240504_ARS_BOU,2023_24,2024-05-04,ARS,BOU,1,0.7067833698030634,0.5710150722687823,0.6577001801261525,1.34,1.055866179936232,V0.6,-0.04908318967691094,-0.11868175863095565,0.3400000000000001,-5% to -2.5%
2023_24_20240504_BRE_FUL,2023_24,2024-05-04,BRE,FUL,0,0.5994962216624685,0.4924578934484965,0.5581501090061305,1.59,1.0490988848369536,V0.6,-0.04134611265633803,-0.11254132668025252,-1.0,-5% to -2.5%
2023_24_20240504_BUR_NEW,2023_24,2024-05-04,BUR,NEW,1,0.6407766990291263,0.4795677322165055,0.6242519133361879,1.48,1.0544635544635543,V0.6,-0.01652478569293836,-0.0761071682624419,0.48,-2.5% to 0%
2023_24_20240504_MCI_WOL,2023_24,2024-05-04,MCI,WOL,1,0.7302904564315352,0.5224097223131344,0.6412114487504611,1.3,1.0533216783216783,V0.6,-0.08907900768107413,-0.16642511662440052,0.30000000000000004,-10% to -5%
2023_24_20240504_SHU_NFO,2023_24,2024-05-04,SHU,NFO,1,0.6074999999999999,0.444591243611608,0.57328942551285,1.57,1.0484653089040916,V0.6,-0.034210574487149925,-0.09993560194482543,0.5700000000000001,-5% to -2.5%
2023_24_20240505_BRI_AVL,2023_24,2024-05-05,BRI,AVL,0,0.6399026763990268,0.4930706623783118,0.6279566807973822,1.48,1.0559038125578049,V0.6,-0.011945995601644555,-0.07062411241987432,-1.0,-2.5% to 0%
2023_24_20240505_CHE_WHU,2023_24,2024-05-05,CHE,WHU,1,0.676674364896074,0.5786470406240007,0.6344751418989525,1.4,1.0555826426133592,V0.6,-0.04219922299712153,-0.11173480134146663,0.3999999999999999,-5% to -2.5%
2023_24_20240505_LIV_TOT,2023_24,2024-05-05,LIV,TOT,1,0.7519685039370079,0.6168846344604275,0.7357835343769888,1.26,1.0554308983628355,V0.6,-0.016184969560019025,-0.07291274668499403,0.26,-2.5% to 0%
2023_24_20240506_CRY_MUN,2023_24,2024-05-06,CRY,MUN,1,0.6184538653366584,0.4767641911566472,0.5551141714641121,1.53,1.056820577693443,V0.6,-0.06333969387254623,-0.15067531765990838,0.53,-10% to -5%
2023_24_20240511_BOU_BRE,2023_24,2024-05-11,BOU,BRE,1,0.6498800959232613,0.5059790431402255,0.6266905692003183,1.46,1.0539351968862154,V0.6,-0.023189526722943055,-0.08503176896753528,0.45999999999999996,-2.5% to 0%
2023_24_20240511_EVE_SHU,2023_24,2024-05-11,EVE,SHU,0,0.6169154228855721,0.4594085766012395,0.5670089280888216,1.54,1.0525764558022623,V0.6,-0.04990649479675047,-0.1268062507432146,-1.0,-5% to -2.5%
2023_24_20240511_FUL_MCI,2023_24,2024-05-11,FUL,MCI,1,0.7035398230088495,0.5654529038151859,0.699564503122344,1.34,1.0607340655214492,V0.6,-0.003975319886505568,-0.06258356581605906,0.3400000000000001,-2.5% to 0%
2023_24_20240511_NEW_BRI,2023_24,2024-05-11,NEW,BRI,0,0.7139784946236559,0.4773163054140394,0.6636832102853725,1.33,1.0530845185252289,V0.6,-0.05029528433828345,-0.11730133032045453,-1.0,-10% to -5%
2023_24_20240511_NFO_CHE,2023_24,2024-05-11,NFO,CHE,1,0.6407766990291263,0.5243460211010138,0.6156671338361096,1.48,1.0544635544635543,V0.6,-0.02510956519301666,-0.08881264192255778,0.48,-5% to -2.5%
2023_24_20240511_TOT_BUR,2023_24,2024-05-11,TOT,BUR,1,0.7655954631379962,0.5170201750557339,0.7305780248326046,1.24,1.0533651931501395,V0.6,-0.03501743830539161,-0.09408324920757027,0.24,-5% to -2.5%
2023_24_20240511_WHU_LUT,2023_24,2024-05-11,WHU,LUT,1,0.6666666666666666,0.5608753671433587,0.6362070045400516,1.42,1.0563380281690142,V0.6,-0.030459662126614995,-0.09658605355312677,0.41999999999999993,-5% to -2.5%
2023_24_20240511_WOL_CRY,2023_24,2024-05-11,WOL,CRY,1,0.5326370757180157,0.4299845958779091,0.4786488119959644,1.79,1.0488552963084674,V0.6,-0.05398826372205129,-0.14321862652722372,0.79,-10% to -5%
2023_24_20240512_MUN_ARS,2023_24,2024-05-12,MUN,ARS,0,0.6928251121076232,0.5493491871655248,0.6583297148427202,1.37,1.053551602768526,V0.6,-0.03449539726490303,-0.09808829066547331,-1.0,-5% to -2.5%
2023_24_20240513_AVL_LIV,2023_24,2024-05-13,AVL,LIV,1,0.7114967462039045,0.5499433892909741,0.6869148797982294,1.33,1.056757748028608,V0.6,-0.024581866405675057,-0.08640320986835481,0.33000000000000007,-2.5% to 0%
2023_24_20240514_TOT_MCI,2023_24,2024-05-14,TOT,MCI,0,0.7490118577075099,0.6367984605237647,0.7457096991486954,1.27,1.0512538175472128,V0.6,-0.0033021585588144386,-0.05294868208115677,-1.0,-2.5% to 0%
2023_24_20240515_BRI_CHE,2023_24,2024-05-15,BRI,CHE,1,0.6803652968036529,0.5049638383267335,0.6747408048445519,1.4,1.049856184084372,V0.6,-0.0056244919591009745,-0.05536287321762745,0.3999999999999999,-2.5% to 0%
2023_24_20240515_MUN_NEW,2023_24,2024-05-15,MUN,NEW,1,0.7145922746781115,0.5212569322308312,0.678589914670642,1.33,1.052179999548421,V0.6,-0.03600236000746948,-0.09747541348804611,0.33000000000000007,-5% to -2.5%
2023_24_20240519_ARS_EVE,2023_24,2024-05-19,ARS,EVE,1,0.6877828054298643,0.5147956309403612,0.6444839908736703,1.38,1.053585049580473,V0.6,-0.043298814556194,-0.11061209259433513,0.3799999999999999,-5% to -2.5%
2023_24_20240519_BRE_NEW,2023_24,2024-05-19,BRE,NEW,1,0.6877828054298643,0.4975034975007939,0.6460041822610172,1.38,1.053585049580473,V0.6,-0.04177862316884706,-0.1085142284797963,0.3799999999999999,-5% to -2.5%
2023_24_20240519_BRI_MUN,2023_24,2024-05-19,BRI,MUN,0,0.7191489361702128,0.4791030829393315,0.711379809784298,1.32,1.053433745741438,V0.6,-0.00776912638591476,-0.060978651084726554,-1.0,-2.5% to 0%
2023_24_20240519_BUR_NFO,2023_24,2024-05-19,BUR,NFO,1,0.6280788177339901,0.4504195313731317,0.5833641092336286,1.51,1.054408518374237,V0.6,-0.04471470850036152,-0.11912019505722082,0.51,-5% to -2.5%
2023_24_20240519_CHE_BOU,2023_24,2024-05-19,CHE,BOU,1,0.7449799196787148,0.5650147658148609,0.6951315653222259,1.27,1.0569433537788908,V0.6,-0.04984835435648893,-0.11718291204077314,0.27,-5% to -2.5%
2023_24_20240519_CRY_AVL,2023_24,2024-05-19,CRY,AVL,1,0.6804597701149425,0.47596145373227,0.6239936246261633,1.39,1.0572622982694926,V0.6,-0.05646614548877926,-0.1326488617696331,0.3899999999999999,-10% to -5%
2023_24_20240519_LIV_WOL,2023_24,2024-05-19,LIV,WOL,0,0.7761467889908258,0.5256206406452704,0.7142732682408255,1.22,1.0560787505328837,V0.6,-0.0618735207500003,-0.12858661274619287,-1.0,-10% to -5%
2023_24_20240519_LUT_FUL,2023_24,2024-05-19,LUT,FUL,1,0.6571428571428571,0.5145542711488404,0.6467847006864283,1.44,1.0567632850241546,V0.6,-0.010358156456428791,-0.06863003101154319,0.43999999999999995,-2.5% to 0%
2023_24_20240519_MCI_WHU,2023_24,2024-05-19,MCI,WHU,1,0.7876106194690266,0.6200775801451403,0.7069112405401959,1.2,1.0580524344569289,V0.6,-0.08069937892883061,-0.15170651135176494,0.19999999999999996,-10% to -5%
2023_24_20240519_SHU_TOT,2023_24,2024-05-19,SHU,TOT,1,0.7723880597014926,0.5121547750970927,0.7564909406343086,1.22,1.0612180248673475,V0.6,-0.01589711906718405,-0.0770810524261436,0.21999999999999997,-2.5% to 0%
2024_25_20240816_MUN_FUL,2024_25,2024-08-16,MUN,FUL,0,0.6222222222222222,0.5599291156026849,0.6102776901868345,1.53,1.050420168067227,V0.6,-0.0119445320353877,-0.0662751340141432,-1.0,-2.5% to 0%
2024_25_20240817_ARS_WOL,2024_25,2024-08-17,ARS,WOL,0,0.6490384615384616,0.526352867669381,0.6009161395413429,1.46,1.0553018772196854,V0.6,-0.04812232199711863,-0.12266243626963935,-1.0,-5% to -2.5%
2024_25_20240817_EVE_BRI,2024_25,2024-08-17,EVE,BRI,1,0.5298701298701299,0.4657152378713621,0.5236597810832548,1.81,1.0426822662766764,V0.6,-0.006210348786875097,-0.05217579623930868,0.81,-2.5% to 0%
2024_25_20240817_IPS_LIV,2024_25,2024-08-17,IPS,LIV,0,0.6758620689655173,0.5788371771130882,0.6966566477438282,1.41,1.0493559125777971,V0.6,0.020794578778310924,-0.017714126681202313,-1.0,0% to 2.5%
2024_25_20240817_NEW_SOU,2024_25,2024-08-17,NEW,SOU,0,0.6825396825396824,0.574770727576755,0.6573091034561629,1.4,1.0465116279069768,V0.6,-0.025230579083519555,-0.07976725516137206,-1.0,-5% to -2.5%
2024_25_20240817_NFO_BOU,2024_25,2024-08-17,NFO,BOU,0,0.5402597402597403,0.5322854883697958,0.5309447314789206,1.77,1.04574098218166,V0.6,-0.0093150087808197,-0.06022782528231052,-1.0,-2.5% to 0%
2024_25_20240817_WHU_AVL,2024_25,2024-08-17,WHU,AVL,1,0.6074999999999999,0.5752013403531026,0.598798248634939,1.57,1.0484653089040916,V0.6,-0.008701751365060906,-0.059886749643145665,0.5700000000000001,-2.5% to 0%
2024_25_20240818_BRE_CRY,2024_25,2024-08-18,BRE,CRY,1,0.5286458333333333,0.5351671086006091,0.5026090528710955,1.81,1.0450970252837275,V0.6,-0.026036780462237785,-0.09027761430331716,0.81,-5% to -2.5%
2024_25_20240818_CHE_MCI,2024_25,2024-08-18,CHE,MCI,0,0.6332518337408313,0.6954691969556546,0.6249826388110522,1.5,1.0527670527670527,V0.6,-0.008269194929779067,-0.06252604178342169,-1.0,-2.5% to 0%
2024_25_20240819_LEI_TOT,2024_25,2024-08-19,LEI,TOT,0,0.625615763546798,0.5921407300588593,0.637155766370989,1.52,1.05159552424368,V0.6,0.011540002824190987,-0.03152323511609667,-1.0,0% to 2.5%
2024_25_20240824_AVL_ARS,2024_25,2024-08-24,AVL,ARS,0,0.5518134715025906,0.581858464593818,0.5424839885952469,1.73,1.0475182501560425,V0.6,-0.0093294829073437,-0.06150269973022282,-1.0,-2.5% to 0%
2024_25_20240824_BRI_MUN,2024_25,2024-08-24,BRI,MUN,1,0.605,0.5196924959481957,0.6263055749407298,1.58,1.046134532900931,V0.6,0.02130557494072982,-0.010437191593646866,0.5800000000000001,0% to 2.5%
2024_25_20240824_CRY_WHU,2024_25,2024-08-24,CRY,WHU,0,0.5440414507772021,0.5876816873191999,0.5263391833232077,1.76,1.0443722943722944,V0.6,-0.01770226745399439,-0.0736430373511544,-1.0,-2.5% to 0%
2024_25_20240824_FUL_LEI,2024_25,2024-08-24,FUL,LEI,1,0.5130208333333333,0.5250059448165186,0.5078868362469311,1.87,1.0423735714867397,V0.6,-0.0051339970864021645,-0.050251616218238815,0.8700000000000001,-2.5% to 0%
2024_25_20240824_MCI_IPS,2024_25,2024-08-24,MCI,IPS,1,0.7329192546583851,0.5196657769273811,0.6499707100170726,1.29,1.057679674155827,V0.6,-0.08294854464131252,-0.16153778407797625,0.29000000000000004,-10% to -5%
2024_25_20240824_SOU_NFO,2024_25,2024-08-24,SOU,NFO,0,0.4869791666666667,0.5342079976757508,0.4555278929035467,1.97,1.0423735714867397,V0.6,-0.03145127376311996,-0.10261005098001297,-1.0,-5% to -2.5%
2024_25_20240824_TOT_EVE,2024_25,2024-08-24,TOT,EVE,1,0.6280788177339901,0.5367861124380999,0.6084476100370807,1.51,1.054408518374237,V0.6,-0.019631207696909403,-0.08124410884400812,0.51,-2.5% to 0%
2024_25_20240825_BOU_NEW,2024_25,2024-08-25,BOU,NEW,0,0.61,0.5214234603783401,0.6021470607252438,1.56,1.0508617065994117,V0.6,-0.007852939274756165,-0.06065058526861966,-1.0,-2.5% to 0%
2024_25_20240825_LIV_BRE,2024_25,2024-08-25,LIV,BRE,0,0.7032967032967032,0.5959389180481971,0.6686832567312964,1.35,1.0532407407407407,V0.6,-0.03461344656540688,-0.09727760341274982,-1.0,-5% to -2.5%
2024_25_20240825_WOL_CHE,2024_25,2024-08-25,WOL,CHE,1,0.5826972010178116,0.5486640722924699,0.600434571084465,1.64,1.0464373202683992,V0.6,0.017737370066653324,-0.01528730342147755,0.6399999999999999,0% to 2.5%
2024_25_20240831_ARS_BRI,2024_25,2024-08-31,ARS,BRI,0,0.6222222222222222,0.5594579163484246,0.6082585343997894,1.53,1.050420168067227,V0.6,-0.013963687822432846,-0.06936444236832218,-1.0,-2.5% to 0%
2024_25_20240831_BRE_SOU,2024_25,2024-08-31,BRE,SOU,1,0.5541237113402062,0.5600385917139027,0.5644081652499557,1.73,1.0431509611506924,V0.6,0.010284453909749525,-0.02357387411757661,0.73,0% to 2.5%
2024_25_20240831_EVE_BOU,2024_25,2024-08-31,EVE,BOU,1,0.5104712041884817,0.502984105510647,0.4940544194087749,1.87,1.0475798711092827,V0.6,-0.01641678477970676,-0.07611823570559084,0.8700000000000001,-2.5% to 0%
2024_25_20240831_IPS_FUL,2024_25,2024-08-31,IPS,FUL,0,0.5272727272727271,0.4897368118637653,0.6017292883188532,1.82,1.0420613868889732,V0.6,0.07445656104612608,0.09514730474031285,-1.0,5% to 10%
2024_25_20240831_LEI_AVL,2024_25,2024-08-31,LEI,AVL,1,0.5666666666666667,0.5798263772126145,0.5795182203474214,1.69,1.0442046641141665,V0.6,0.012851553680754746,-0.020614207612857816,0.69,0% to 2.5%
2024_25_20240831_NFO_WOL,2024_25,2024-08-31,NFO,WOL,0,0.5246753246753246,0.4955672602267918,0.4848485283794848,1.83,1.041497592382189,V0.6,-0.03982679629583985,-0.1127271930655428,-1.0,-5% to -2.5%
2024_25_20240831_WHU_MCI,2024_25,2024-08-31,WHU,MCI,1,0.6515513126491647,0.6538349359697619,0.679296774899974,1.46,1.0512318731496813,V0.6,0.027745462250809316,-0.008226708646038028,0.45999999999999996,2.5% to 5%
2024_25_20240901_CHE_CRY,2024_25,2024-09-01,CHE,CRY,0,0.6274509803921569,0.6075432487505299,0.5984281561632828,1.52,1.0485197368421053,V0.6,-0.029022824228874033,-0.09038920263181005,-1.0,-5% to -2.5%
2024_25_20240901_MUN_LIV,2024_25,2024-09-01,MUN,LIV,1,0.6651053864168619,0.6107426345903524,0.6779342246752204,1.43,1.0514133753570374,V0.6,0.012828838258358455,-0.03055405871443495,0.42999999999999994,0% to 2.5%
2024_25_20240901_NEW_TOT,2024_25,2024-09-01,NEW,TOT,1,0.6898876404494382,0.6306086456761796,0.7273113218987294,1.38,1.0503705801822218,V0.6,0.0374236814492912,0.0036896242202464347,0.3799999999999999,2.5% to 5%
2024_25_20240914_AVL_EVE,2024_25,2024-09-14,AVL,EVE,1,0.5717948717948719,0.5305204986967773,0.5555089559792354,1.67,1.0472328884831237,V0.6,-0.01628591581563643,-0.07230004351467689,0.6699999999999999,-2.5% to 0%
2024_25_20240914_BOU_CHE,2024_25,2024-09-14,BOU,CHE,0,0.6555819477434679,0.5829935686296364,0.6743117101138507,1.45,1.0519740129935031,V0.6,0.01872976237038282,-0.022248020334916463,-1.0,0% to 2.5%
2024_25_20240914_BRI_IPS,2024_25,2024-09-14,BRI,IPS,0,0.6119402985074627,0.4599392548611894,0.5565763254729705,1.56,1.0475297060662914,V0.6,-0.05536397303449214,-0.131740932262166,-1.0,-10% to -5%
2024_25_20240914_CRY_LEI,2024_25,2024-09-14,CRY,LEI,1,0.5440414507772021,0.5784970215890652,0.5601811576560733,1.76,1.0443722943722944,V0.6,0.01613970687887123,-0.014081162525310886,0.76,0% to 2.5%
2024_25_20240914_FUL_WHU,2024_25,2024-09-14,FUL,WHU,0,0.5567010309278351,0.5430301675097726,0.5724758163153579,1.72,1.0443583118001722,V0.6,0.01577478538752286,-0.01534159593758433,-1.0,0% to 2.5%
2024_25_20240914_LIV_NFO,2024_25,2024-09-14,LIV,NFO,0,0.6736111111111112,0.5867822783240986,0.6445532013405608,1.41,1.0528624698398772,V0.6,-0.02905790977055034,-0.09117998610980926,-1.0,-5% to -2.5%
2024_25_20240914_MCI_BRE,2024_25,2024-09-14,MCI,BRE,1,0.7045951859956237,0.6635849365097255,0.6619241688367393,1.35,1.0512997469519207,V0.6,-0.04267101715888433,-0.10640237207040182,0.3500000000000001,-5% to -2.5%
2024_25_20240914_SOU_MUN,2024_25,2024-09-14,SOU,MUN,1,0.5944584382871536,0.5522214279305512,0.615971903346522,1.61,1.0448468259816823,V0.6,0.021513465059368353,-0.008285235612099595,0.6100000000000001,0% to 2.5%
2024_25_20240915_TOT_ARS,2024_25,2024-09-15,TOT,ARS,0,0.6040100250626567,0.5951717014291816,0.5950738144349177,1.58,1.0478491517411628,V0.6,-0.008936210627738972,-0.05978337319283,-1.0,-2.5% to 0%
2024_25_20240915_WOL_NEW,2024_25,2024-09-15,WOL,NEW,1,0.6129032258064515,0.5205339967826522,0.6196622125380759,1.56,1.0458839406207827,V0.6,0.006758986731624339,-0.03332694844060169,0.56,0% to 2.5%
2024_25_20240921_AVL_WOL,2024_25,2024-09-21,AVL,WOL,1,0.6040100250626567,0.5343190040602744,0.6036533418050472,1.58,1.0478491517411628,V0.6,-0.0003566832576095136,-0.046227719948025436,0.5800000000000001,-2.5% to 0%
2024_25_20240921_CRY_MUN,2024_25,2024-09-21,CRY,MUN,0,0.5989974937343359,0.5781455906601266,0.6336564094466085,1.6,1.0434100418410042,V0.6,0.03465891571227264,0.013850255114573606,-1.0,2.5% to 5%
2024_25_20240921_FUL_NEW,2024_25,2024-09-21,FUL,NEW,1,0.5692307692307692,0.515526317797802,0.5680947618015781,1.68,1.0456885456885456,V0.6,-0.001136007429191066,-0.04560080017334878,0.6799999999999999,-2.5% to 0%
2024_25_20240921_LEI_EVE,2024_25,2024-09-21,LEI,EVE,0,0.5156249999999999,0.5026478081068431,0.4653059143153839,1.86,1.0426849136526557,V0.6,-0.050319085684616016,-0.13453099937338597,-1.0,-10% to -5%
2024_25_20240921_LIV_BOU,2024_25,2024-09-21,LIV,BOU,1,0.6964285714285715,0.5914401520108182,0.6747661111526763,1.36,1.0558069381598791,V0.6,-0.021662460275895246,-0.08231808883236025,0.3600000000000001,-2.5% to 0%
2024_25_20240921_SOU_IPS,2024_25,2024-09-21,SOU,IPS,0,0.5378590078328982,0.4311786417065286,0.5043569125584957,1.77,1.0504086446163128,V0.6,-0.03350209527440251,-0.10728826477146258,-1.0,-5% to -2.5%
2024_25_20240921_TOT_BRE,2024_25,2024-09-21,TOT,BRE,1,0.6643026004728132,0.5521363940722441,0.6184580661160011,1.42,1.0600972382336726,V0.6,-0.04584453435681213,-0.12178954611527848,0.41999999999999993,-5% to -2.5%
2024_25_20240921_WHU_CHE,2024_25,2024-09-21,WHU,CHE,1,0.625615763546798,0.5811972647081578,0.6267997806816054,1.52,1.05159552424368,V0.6,0.0011840171348073136,-0.047264333363959854,0.52,0% to 2.5%
2024_25_20240922_BRI_NFO,2024_25,2024-09-22,BRI,NFO,1,0.5246753246753246,0.4796453975816631,0.5294257604189079,1.83,1.041497592382189,V0.6,0.004750435743583248,-0.0311508584333986,0.8300000000000001,0% to 2.5%
2024_25_20240922_MCI_ARS,2024_25,2024-09-22,MCI,ARS,1,0.4739583333333334,0.663691444351099,0.4014235557884151,2.02,1.0445000544010443,V0.6,-0.07253477754491833,-0.18912441730740148,1.02,-10% to -5%
2024_25_20240928_ARS_LEI,2024_25,2024-09-28,ARS,LEI,1,0.6311881188118812,0.6108665538751017,0.6097862418138802,1.49,1.0632978023424136,V0.6,-0.021401876998001,-0.09141849969731852,0.49,-2.5% to 0%
2024_25_20240928_BRE_WHU,2024_25,2024-09-28,BRE,WHU,0,0.5776081424936387,0.6005859542876936,0.6061020947018587,1.66,1.0429382729154504,V0.6,0.02849395220822004,0.006129477205085498,-1.0,2.5% to 5%
2024_25_20240928_CHE_BRI,2024_25,2024-09-28,CHE,BRI,1,0.6323529411764707,0.5522557167880808,0.6159841061158357,1.5,1.0542635658914727,V0.6,-0.016368835060635023,-0.07602384082624658,0.5,-2.5% to 0%
2024_25_20240928_EVE_CRY,2024_25,2024-09-28,EVE,CRY,1,0.5130208333333333,0.4887096976800734,0.4902886571661696,1.87,1.0423735714867397,V0.6,-0.022732176167163665,-0.08316021109926286,0.8700000000000001,-2.5% to 0%
2024_25_20240928_NEW_MCI,2024_25,2024-09-28,NEW,MCI,0,0.639225181598063,0.6552922546704285,0.6658711636805651,1.49,1.0499288183851945,V0.6,0.02664598208250213,-0.007851966115958064,-1.0,2.5% to 5%
2024_25_20240928_NFO_FUL,2024_25,2024-09-28,NFO,FUL,0,0.4805194805194806,0.5022407964633568,0.4713854010200318,2.0,1.0405405405405403,V0.6,-0.009134079499448833,-0.05722919795993642,-1.0,-2.5% to 0%
2024_25_20240928_WOL_LIV,2024_25,2024-09-28,WOL,LIV,1,0.6563981042654028,0.5755453892308101,0.6961266149344809,1.45,1.050666002738703,V0.6,0.03972851066907812,0.009383591654997359,0.44999999999999996,2.5% to 5%
2024_25_20240929_IPS_AVL,2024_25,2024-09-29,IPS,AVL,1,0.5529715762273902,0.4774336525557282,0.5965548378303906,1.73,1.045324401707093,V0.6,0.04358326160300041,0.032039869446575775,0.73,2.5% to 5%
2024_25_20240929_MUN_TOT,2024_25,2024-09-29,MUN,TOT,1,0.6689976689976691,0.5645083637018165,0.685773678185792,1.42,1.052657407861805,V0.6,0.016776009188122942,-0.026201376976175306,0.41999999999999993,0% to 2.5%
2024_25_20240930_BOU_SOU,2024_25,2024-09-30,BOU,SOU,1,0.6356968215158926,0.5468785205250438,0.6651211474407855,1.49,1.0557563242127,V0.6,0.02942432592489297,-0.008969490313229578,0.49,2.5% to 5%
2024_25_20241005_ARS_SOU,2024_25,2024-10-05,ARS,SOU,1,0.6971046770601336,0.5954520601159363,0.692008199991432,1.36,1.0547829355384326,V0.6,-0.005096477068701533,-0.058868848011652375,0.3600000000000001,-2.5% to 0%
2024_25_20241005_BRE_WOL,2024_25,2024-10-05,BRE,WOL,1,0.538860103626943,0.5255920791482714,0.5298337076889037,1.78,1.0425669835782196,V0.6,-0.009026395938039333,-0.056896000313751416,0.78,-2.5% to 0%
2024_25_20241005_CRY_LIV,2024_25,2024-10-05,CRY,LIV,0,0.6015037593984962,0.6048272365763266,0.6564400074031086,1.59,1.0455974842767295,V0.6,0.05493624800461239,0.043739611770942766,-1.0,5% to 10%
2024_25_20241005_EVE_NEW,2024_25,2024-10-05,EVE,NEW,0,0.5666666666666667,0.5210400875415344,0.5592580776468397,1.69,1.0442046641141665,V0.6,-0.007408589019826994,-0.05485384877684096,-1.0,-2.5% to 0%
2024_25_20241005_LEI_BOU,2024_25,2024-10-05,LEI,BOU,0,0.5666666666666667,0.5487927632487037,0.5570588809710261,1.69,1.0442046641141665,V0.6,-0.00960778569564058,-0.058570491158965954,-1.0,-2.5% to 0%
2024_25_20241005_MCI_FUL,2024_25,2024-10-05,MCI,FUL,1,0.6539379474940334,0.6144981082506417,0.6113531350677709,1.45,1.0546186760634282,V0.6,-0.04258481242626255,-0.11353795415173218,0.44999999999999996,-5% to -2.5%
2024_25_20241005_WHU_IPS,2024_25,2024-10-05,WHU,IPS,1,0.5666666666666667,0.4850075567121006,0.5630626848911445,1.69,1.0442046641141665,V0.6,-0.003603981775522125,-0.048424062533965806,0.69,-2.5% to 0%
2024_25_20241006_AVL_MUN,2024_25,2024-10-06,AVL,MUN,0,0.6222222222222222,0.5349475833150512,0.6101821143824175,1.53,1.050420168067227,V0.6,-0.012040107839804692,-0.06642136499490114,-1.0,-2.5% to 0%
2024_25_20241006_BRI_TOT,2024_25,2024-10-06,BRI,TOT,1,0.683371298405467,0.5483370163317234,0.7061909741457457,1.39,1.052757793764988,V0.6,0.022819675740278766,-0.01839454593741352,0.3899999999999999,0% to 2.5%
2024_25_20241006_CHE_NFO,2024_25,2024-10-06,CHE,NFO,0,0.6134663341645885,0.5738262792058408,0.5819437390184367,1.55,1.0516653553632311,V0.6,-0.031522595146151855,-0.09798720452142318,-1.0,-5% to -2.5%
2024_25_20241019_BOU_ARS,2024_25,2024-10-19,BOU,ARS,0,0.5555555555555556,0.5282794767534071,0.5454857749105002,1.72,1.0465116279069768,V0.6,-0.01006978064505537,-0.061764467153939684,-1.0,-2.5% to 0%
2024_25_20241019_FUL_AVL,2024_25,2024-10-19,FUL,AVL,1,0.5529715762273902,0.528282092522794,0.558629805551913,1.73,1.045324401707093,V0.6,0.005658229324522757,-0.03357043639519053,0.73,0% to 2.5%
2024_25_20241019_IPS_EVE,2024_25,2024-10-19,IPS,EVE,0,0.5234374999999999,0.4760167478734448,0.5289348752558847,1.83,1.0439605252426394,V0.6,0.005497375255884784,-0.03204917828173104,-1.0,0% to 2.5%
2024_25_20241019_MUN_BRE,2024_25,2024-10-19,MUN,BRE,1,0.6339066339066339,0.5385920305062181,0.6205704100040788,1.49,1.0587378388221216,V0.6,-0.013336223902555178,-0.07535008909392271,0.49,-2.5% to 0%
2024_25_20241019_NEW_BRI,2024_25,2024-10-19,NEW,BRI,0,0.628992628992629,0.5085072151494359,0.6181123916672818,1.51,1.0528766556291391,V0.6,-0.010880237325347153,-0.0666502885824044,-1.0,-2.5% to 0%
2024_25_20241019_SOU_LEI,2024_25,2024-10-19,SOU,LEI,1,0.5416666666666667,0.5158220110642945,0.5295683520085044,1.76,1.048951048951049,V0.6,-0.012098314658162357,-0.0679597004650323,0.76,-2.5% to 0%
2024_25_20241019_TOT_WHU,2024_25,2024-10-19,TOT,WHU,1,0.6921348314606741,0.6021775995545746,0.6912625327522137,1.37,1.0546023319745947,V0.6,-0.000872298708460395,-0.05297033012946717,0.3700000000000001,-2.5% to 0%
2024_25_20241020_LIV_CHE,2024_25,2024-10-20,LIV,CHE,1,0.676674364896074,0.638303768473981,0.6683980103769999,1.4,1.0555826426133592,V0.6,-0.008276354519074158,-0.0642427854722003,0.3999999999999999,-2.5% to 0%
2024_25_20241020_WOL_MCI,2024_25,2024-10-20,WOL,MCI,1,0.6547619047619047,0.5986944349462895,0.6645168546913055,1.45,1.053291536050157,V0.6,0.009754949929400847,-0.036450560697607104,0.44999999999999996,0% to 2.5%
2024_25_20241021_NFO_CRY,2024_25,2024-10-21,NFO,CRY,0,0.4470284237726098,0.495528606305008,0.4158956310106182,2.14,1.045324401707093,V0.6,-0.0311327927619916,-0.10998334963727696,-1.0,-5% to -2.5%
2024_25_20241025_LEI_NFO,2024_25,2024-10-25,LEI,NFO,1,0.464935064935065,0.5085101448019139,0.4242681644694824,2.06,1.0440961110809783,V0.6,-0.04066690046558258,-0.12600758119286626,1.06,-5% to -2.5%
2024_25_20241026_AVL_BOU,2024_25,2024-10-26,AVL,BOU,0,0.5989974937343359,0.534235019049359,0.5870869242131764,1.6,1.0434100418410042,V0.6,-0.011910569521159431,-0.060660921258917644,-1.0,-2.5% to 0%
2024_25_20241026_BRE_IPS,2024_25,2024-10-26,BRE,IPS,1,0.5801526717557253,0.5260067612759983,0.5611367099608149,1.65,1.0446570972886762,V0.6,-0.019015961794910385,-0.07412442856465551,0.6499999999999999,-2.5% to 0%
2024_25_20241026_BRI_WOL,2024_25,2024-10-26,BRI,WOL,1,0.6090225563909775,0.5206626849227749,0.6008331372753131,1.56,1.0525482747704968,V0.6,-0.008189419115664398,-0.06270030585051156,0.56,-2.5% to 0%
2024_25_20241026_EVE_FUL,2024_25,2024-10-26,EVE,FUL,0,0.5078125,0.4976950818318902,0.4795895591003362,1.89,1.041921041921042,V0.6,-0.028222940899663818,-0.09357573330036462,-1.0,-5% to -2.5%
2024_25_20241026_MCI_SOU,2024_25,2024-10-26,MCI,SOU,0,0.746,0.633941399763117,0.7155683383190342,1.27,1.0554980895484578,V0.6,-0.030431661680965783,-0.09122821033482653,-1.0,-5% to -2.5%
2024_25_20241027_ARS_LIV,2024_25,2024-10-27,ARS,LIV,1,0.5065274151436031,0.6008178470608813,0.4719540219043194,1.89,1.0445644466263024,V0.6,-0.03457339323928371,-0.10800689860083634,0.8899999999999999,-5% to -2.5%
2024_25_20241027_CHE_NEW,2024_25,2024-10-27,CHE,NEW,1,0.6587677725118484,0.5655976580176747,0.6492120460606504,1.44,1.0541566746602715,V0.6,-0.009555726451197954,-0.06513465367266347,0.43999999999999995,-2.5% to 0%
2024_25_20241027_CRY_TOT,2024_25,2024-10-27,CRY,TOT,0,0.6015037593984962,0.5494057289131501,0.6296060222727415,1.59,1.0455974842767295,V0.6,0.028102262874245332,0.0010735754136590447,-1.0,2.5% to 5%
2024_25_20241027_WHU_MUN,2024_25,2024-10-27,WHU,MUN,1,0.6262376237623761,0.5409482471304274,0.6283271543090784,1.51,1.0575085726251867,V0.6,0.002089530546702245,-0.05122599699329167,0.51,0% to 2.5%
2024_25_20241102_BOU_MCI,2024_25,2024-11-02,BOU,MCI,1,0.606516290726817,0.5960108483284912,0.6362816988159502,1.57,1.0501658156551037,V0.6,0.029765408089133194,-0.0010377328589581403,0.5700000000000001,2.5% to 5%
2024_25_20241102_IPS_LEI,2024_25,2024-11-02,IPS,LEI,0,0.5604113110539846,0.5406419699593233,0.5853657504660774,1.71,1.043510917967702,V0.6,0.024954439412092855,0.0009754332969924562,-1.0,0% to 2.5%
2024_25_20241102_LIV_BRI,2024_25,2024-11-02,LIV,BRI,1,0.682648401826484,0.5436919136393359,0.6386141255185996,1.39,1.053872620966772,V0.6,-0.04403427630788437,-0.11232636552914654,0.3899999999999999,-5% to -2.5%
2024_25_20241102_NEW_ARS,2024_25,2024-11-02,NEW,ARS,0,0.5260416666666667,0.5456856232692595,0.5167366972123751,1.82,1.0445000544010443,V0.6,-0.0093049694542916,-0.05953921107347726,-1.0,-2.5% to 0%
2024_25_20241102_NFO_WHU,2024_25,2024-11-02,NFO,WHU,1,0.5156249999999999,0.5188124331005033,0.505043936380137,1.86,1.0426849136526557,V0.6,-0.010581063619862885,-0.060618278332945086,0.8600000000000001,-2.5% to 0%
2024_25_20241102_SOU_EVE,2024_25,2024-11-02,SOU,EVE,0,0.5246753246753246,0.5260647817182246,0.5502389439541977,1.83,1.041497592382189,V0.6,0.025563619278873073,0.006937267436181838,-1.0,2.5% to 5%
2024_25_20241102_WOL_CRY,2024_25,2024-11-02,WOL,CRY,1,0.5078125,0.4845854455340019,0.4900998636454625,1.89,1.041921041921042,V0.6,-0.017712636354537514,-0.07371125771007592,0.8899999999999999,-2.5% to 0%
2024_25_20241103_MUN_CHE,2024_25,2024-11-03,MUN,CHE,0,0.6595744680851063,0.5496234076728965,0.6710400882985894,1.44,1.0528673835125448,V0.6,0.011465620213483074,-0.033702272850031245,-1.0,0% to 2.5%
2024_25_20241103_TOT_AVL,2024_25,2024-11-03,TOT,AVL,1,0.6587677725118484,0.5942457716476719,0.6489653639123756,1.44,1.0541566746602715,V0.6,-0.00980240859947279,-0.06548987596617917,0.43999999999999995,-2.5% to 0%
2024_25_20241104_FUL_BRE,2024_25,2024-11-04,FUL,BRE,1,0.5717948717948719,0.5624904208218429,0.5610036758405371,1.67,1.0472328884831237,V0.6,-0.010791195954334754,-0.0631238613463031,0.6699999999999999,-2.5% to 0%
2024_25_20241109_BRE_BOU,2024_25,2024-11-09,BRE,BOU,1,0.5989974937343359,0.5519418580133604,0.5850402635410996,1.6,1.0434100418410042,V0.6,-0.013957230193236247,-0.06393557833424057,0.6000000000000001,-2.5% to 0%
2024_25_20241109_BRI_MCI,2024_25,2024-11-09,BRI,MCI,1,0.6203473945409429,0.6054496310444922,0.6417429700630816,1.53,1.05359477124183,V0.6,0.021395575522138666,-0.018133255803485238,0.53,0% to 2.5%
2024_25_20241109_CRY_FUL,2024_25,2024-11-09,CRY,FUL,0,0.4973958333333334,0.4568820387261239,0.4816118510812827,1.93,1.0416949244499905,V0.6,-0.015783982252050743,-0.07048912741312441,-1.0,-2.5% to 0%
2024_25_20241109_LIV_AVL,2024_25,2024-11-09,LIV,AVL,0,0.664319248826291,0.5881348805050111,0.6463942900186584,1.43,1.0526575897600634,V0.6,-0.017924958807632563,-0.07565616527331842,-1.0,-2.5% to 0%
2024_25_20241109_WHU_EVE,2024_25,2024-11-09,WHU,EVE,0,0.5286458333333333,0.5365892289932619,0.5321311157805912,1.81,1.0450970252837275,V0.6,0.003485282447257987,-0.03684268043712979,-1.0,0% to 2.5%
2024_25_20241109_WOL_SOU,2024_25,2024-11-09,WOL,SOU,0,0.5765306122448979,0.4980213408374757,0.5590366633564553,1.66,1.0448875146604115,V0.6,-0.01749394888844258,-0.07199913882828424,-1.0,-2.5% to 0%
2024_25_20241110_CHE_ARS,2024_25,2024-11-10,CHE,ARS,0,0.5592783505154639,0.5877356277751473,0.5360523727144588,1.71,1.0456248147249845,V0.6,-0.023225977801005104,-0.0833504426582754,-1.0,-2.5% to 0%
2024_25_20241110_MUN_LEI,2024_25,2024-11-10,MUN,LEI,1,0.6507177033492824,0.5310217455736022,0.648300288326188,1.46,1.0525785656728444,V0.6,-0.002417415023094338,-0.05348157904376549,0.45999999999999996,-2.5% to 0%
2024_25_20241110_NFO_NEW,2024_25,2024-11-10,NFO,NEW,1,0.4947916666666667,0.476311078451083,0.4837954983644746,1.94,1.0417797069994574,V0.6,-0.010996168302192078,-0.06143673317291931,0.94,-2.5% to 0%
2024_25_20241110_TOT_IPS,2024_25,2024-11-10,TOT,IPS,1,0.7286012526096034,0.561870900663253,0.6761174627019327,1.3,1.055763720520167,V0.6,-0.052483789907670664,-0.12104729848748741,0.30000000000000004,-10% to -5%
2024_25_20241123_ARS_NFO,2024_25,2024-11-23,ARS,NFO,1,0.5286458333333333,0.5322154224852611,0.4845983931257372,1.81,1.0450970252837275,V0.6,-0.044047440207596045,-0.12287690844241561,0.81,-5% to -2.5%
2024_25_20241123_AVL_CRY,2024_25,2024-11-23,AVL,CRY,1,0.5466321243523315,0.4928956141242873,0.5399916003857087,1.75,1.045362220717671,V0.6,-0.006640523966622847,-0.0550146993250098,0.75,-2.5% to 0%
2024_25_20241123_BOU_BRI,2024_25,2024-11-23,BOU,BRI,1,0.6055276381909548,0.5132911489698041,0.6013007105920594,1.57,1.0518804344953352,V0.6,-0.004226927598895425,-0.05595788437046678,0.5700000000000001,-2.5% to 0%
2024_25_20241123_EVE_BRE,2024_25,2024-11-23,EVE,BRE,0,0.522077922077922,0.5378061067683124,0.5070009928699788,1.84,1.0409906986805106,V0.6,-0.015076929207943235,-0.06711817311923896,-1.0,-2.5% to 0%
2024_25_20241123_FUL_WOL,2024_25,2024-11-23,FUL,WOL,1,0.5681233933161953,0.5328516491635424,0.5648372941318583,1.68,1.0477267830209007,V0.6,-0.003286099184336977,-0.051073345858478,0.6799999999999999,-2.5% to 0%
2024_25_20241123_LEI_CHE,2024_25,2024-11-23,LEI,CHE,1,0.6407766990291263,0.5796661993386754,0.64953123436057,1.48,1.0544635544635543,V0.6,0.008754535331443769,-0.03869377314635636,0.48,0% to 2.5%
2024_25_20241123_MCI_TOT,2024_25,2024-11-23,MCI,TOT,1,0.7253668763102725,0.6493915348460345,0.6983512368503277,1.31,1.0523761196664163,V0.6,-0.027015639459944785,-0.08515987972607064,0.31000000000000005,-5% to -2.5%
2024_25_20241124_IPS_MUN,2024_25,2024-11-24,IPS,MUN,0,0.61,0.5209913760377548,0.6517467209530541,1.56,1.0508617065994117,V0.6,0.041746720953054095,0.016724884686764474,-1.0,2.5% to 5%
2024_25_20241124_SOU_LIV,2024_25,2024-11-24,SOU,LIV,1,0.660377358490566,0.5245715143106918,0.6836758178006267,1.44,1.0515873015873016,V0.6,0.023298459310060693,-0.01550682236709755,0.43999999999999995,0% to 2.5%
2024_25_20241125_NEW_WHU,2024_25,2024-11-25,NEW,WHU,0,0.6125,0.5160548048219128,0.609583513318203,1.55,1.053324555628703,V0.6,-0.0029164866817970037,-0.055145554356785254,-1.0,-2.5% to 0%
2024_25_20241129_BRI_SOU,2024_25,2024-11-29,BRI,SOU,0,0.6651053864168619,0.5230596460573784,0.6795188839670067,1.43,1.0514133753570374,V0.6,0.01441349755014476,-0.028287995927180565,-1.0,0% to 2.5%
2024_25_20241130_BRE_LEI,2024_25,2024-11-30,BRE,LEI,1,0.6040100250626567,0.5921120451246908,0.5918506947559901,1.58,1.0478491517411628,V0.6,-0.012159330306666605,-0.06487590228553564,0.5800000000000001,-2.5% to 0%
2024_25_20241130_CRY_NEW,2024_25,2024-11-30,CRY,NEW,0,0.537467700258398,0.4654455750236837,0.5470876907178319,1.79,1.0394284486463257,V0.6,0.009619990459433958,-0.02071303361508081,-1.0,0% to 2.5%
2024_25_20241130_NFO_IPS,2024_25,2024-11-30,NFO,IPS,0,0.5065274151436031,0.4909305417030296,0.4576921487113718,1.89,1.0445644466263024,V0.6,-0.048835266432231295,-0.13496183893550728,-1.0,-5% to -2.5%
2024_25_20241130_WHU_ARS,2024_25,2024-11-30,WHU,ARS,1,0.5629820051413882,0.5668603497235913,0.5793413377114625,1.7,1.0448562986838572,V0.6,0.01635933257007427,-0.015119725890513802,0.7,0% to 2.5%
2024_25_20241130_WOL_BOU,2024_25,2024-11-30,WOL,BOU,1,0.5790816326530612,0.525313497450785,0.5561300047595329,1.65,1.0465892404218395,V0.6,-0.022951627893528337,-0.08238549214677082,0.6499999999999999,-2.5% to 0%
2024_25_20241201_CHE_AVL,2024_25,2024-12-01,CHE,AVL,1,0.6212871287128713,0.5613621465387081,0.6072093229180092,1.53,1.052001145743822,V0.6,-0.014077805794862064,-0.07096973593544587,0.53,-2.5% to 0%
2024_25_20241201_LIV_MCI,2024_25,2024-12-01,LIV,MCI,0,0.6111111111111112,0.6603365901439527,0.5840641286131057,1.54,1.062573789846517,V0.6,-0.027046982498005412,-0.10054124193581715,-1.0,-5% to -2.5%
2024_25_20241201_MUN_EVE,2024_25,2024-12-01,MUN,EVE,1,0.5466321243523315,0.4823688554276844,0.5340370233692424,1.75,1.045362220717671,V0.6,-0.012595100983089136,-0.06543520910382572,0.75,-2.5% to 0%
2024_25_20241201_TOT_FUL,2024_25,2024-12-01,TOT,FUL,0,0.6666666666666666,0.5623037967144543,0.6245928755377536,1.42,1.0563380281690142,V0.6,-0.042073791128913074,-0.11307811673639001,-1.0,-5% to -2.5%
2024_25_20241203_IPS_CRY,2024_25,2024-12-03,IPS,CRY,0,0.484375,0.4553644591896785,0.4735532748602136,1.98,1.0426849136526557,V0.6,-0.010821725139786409,-0.06236451577677715,-1.0,-2.5% to 0%
2024_25_20241203_LEI_WHU,2024_25,2024-12-03,LEI,WHU,1,0.5350649350649351,0.5802263927879411,0.5417891514064799,1.79,1.0440961110809783,V0.6,0.006724216341544742,-0.030197418982401025,0.79,0% to 2.5%
2024_25_20241204_ARS_MUN,2024_25,2024-12-04,ARS,MUN,0,0.5862944162436549,0.5630177915357388,0.5482724214942736,1.63,1.0463973654157703,V0.6,-0.03802199474938128,-0.10631595296433416,-1.0,-5% to -2.5%
2024_25_20241204_AVL_BRE,2024_25,2024-12-04,AVL,BRE,1,0.606516290726817,0.5944498586606394,0.6194190341578799,1.57,1.0501658156551037,V0.6,0.012902743431062902,-0.02751211637212847,0.5700000000000001,0% to 2.5%
2024_25_20241204_EVE_WOL,2024_25,2024-12-04,EVE,WOL,1,0.484375,0.5172022247223274,0.4823369981504722,1.98,1.0426849136526557,V0.6,-0.002038001849527793,-0.04497274366206505,0.98,-2.5% to 0%
2024_25_20241204_MCI_NFO,2024_25,2024-12-04,MCI,NFO,1,0.6015037593984962,0.5627483782837147,0.561515865723403,1.59,1.0455974842767295,V0.6,-0.039987893675093256,-0.10718977349978931,0.5900000000000001,-5% to -2.5%
2024_25_20241204_NEW_LIV,2024_25,2024-12-04,NEW,LIV,1,0.5994962216624685,0.5345110765782282,0.6004091363006689,1.59,1.0490988848369536,V0.6,0.0009129146382004238,-0.04534947328193628,0.5900000000000001,0% to 2.5%
2024_25_20241204_SOU_CHE,2024_25,2024-12-04,SOU,CHE,1,0.664319248826291,0.5199889563991054,0.684072748315595,1.43,1.0526575897600634,V0.6,0.01975349948930394,-0.021775969908699233,0.42999999999999994,0% to 2.5%
2024_25_20241205_BOU_TOT,2024_25,2024-12-05,BOU,TOT,0,0.6728538283062646,0.5712273104062253,0.6784386544397776,1.41,1.0540474443629249,V0.6,0.005584826133512966,-0.04340149723991371,-1.0,0% to 2.5%
2024_25_20241205_FUL_BRI,2024_25,2024-12-05,FUL,BRI,1,0.589873417721519,0.5065072687569878,0.5907940749450487,1.62,1.046468499973507,V0.6,0.0009206572235296306,-0.04291359858902111,0.6200000000000001,0% to 2.5%
2024_25_20241207_AVL_SOU,2024_25,2024-12-07,AVL,SOU,0,0.6611764705882353,0.5367377604631731,0.6696253266944089,1.44,1.0503163305654408,V0.6,0.00844885610617363,-0.03573952956005122,-1.0,0% to 2.5%
2024_25_20241207_BRE_NEW,2024_25,2024-12-07,BRE,NEW,1,0.609452736318408,0.5563919351963494,0.5985582345660188,1.57,1.045105940465358,V0.6,-0.010894501752389263,-0.06026357173135055,0.5700000000000001,-2.5% to 0%
2024_25_20241207_CRY_MCI,2024_25,2024-12-07,CRY,MCI,1,0.5848101265822784,0.54719784410868,0.62126180541628,1.64,1.0426565304614086,V0.6,0.03645167883400158,0.018869360882699082,0.6399999999999999,2.5% to 5%
2024_25_20241207_MUN_NFO,2024_25,2024-12-07,MUN,NFO,1,0.5338541666666666,0.4820198381989406,0.479315152143891,1.79,1.0464640959258755,V0.6,-0.05453901452277565,-0.14202587766243513,0.79,-10% to -5%
2024_25_20241208_FUL_ARS,2024_25,2024-12-08,FUL,ARS,0,0.5364583333333334,0.5819797022250306,0.5355109058912638,1.78,1.0472346460128723,V0.6,-0.0009474274420695483,-0.046790587513550363,-1.0,-2.5% to 0%
2024_25_20241208_IPS_BOU,2024_25,2024-12-08,IPS,BOU,1,0.5567010309278351,0.4980128170469941,0.5745856498480512,1.72,1.0443583118001722,V0.6,0.01788461892021609,-0.011712682261352025,0.72,0% to 2.5%
2024_25_20241208_LEI_BRI,2024_25,2024-12-08,LEI,BRI,1,0.6005025125628142,0.563483032248431,0.6054730926509968,1.59,1.047340859451067,V0.6,0.00497058008818263,-0.037297782684915015,0.5900000000000001,0% to 2.5%
2024_25_20241208_TOT_CHE,2024_25,2024-12-08,TOT,CHE,1,0.7071583514099783,0.6169873492969853,0.7105058340914568,1.35,1.0474892069984094,V0.6,0.003347482681478553,-0.04081712397653314,0.3500000000000001,0% to 2.5%
2024_25_20241209_WHU_WOL,2024_25,2024-12-09,WHU,WOL,1,0.595959595959596,0.5679652679656308,0.5968834602535616,1.6,1.048728813559322,V0.6,0.0009238642939656261,-0.04498646359430136,0.6000000000000001,0% to 2.5%
2024_25_20241214_ARS_EVE,2024_25,2024-12-14,ARS,EVE,0,0.5732647814910026,0.5226531255170711,0.5139653673496221,1.66,1.0508401318277596,V0.6,-0.05929941414138051,-0.14681749019962742,-1.0,-10% to -5%
2024_25_20241214_LIV_FUL,2024_25,2024-12-14,LIV,FUL,1,0.6440677966101696,0.5824510864209539,0.5980519434969991,1.47,1.0562119584675975,V0.6,-0.04601585311317047,-0.12086364305941133,0.47,-5% to -2.5%
2024_25_20241214_NEW_LEI,2024_25,2024-12-14,NEW,LEI,1,0.6547619047619047,0.5468510117304894,0.6414792416993437,1.45,1.053291536050157,V0.6,-0.013282663062560984,-0.0698550995359517,0.44999999999999996,-2.5% to 0%
2024_25_20241214_NFO_AVL,2024_25,2024-12-14,NFO,AVL,1,0.5117493472584856,0.5232451147971405,0.5088354028525754,1.87,1.044963439921423,V0.6,-0.002913944405910196,-0.04847779666568386,0.8700000000000001,-2.5% to 0%
2024_25_20241214_WOL_IPS,2024_25,2024-12-14,WOL,IPS,1,0.5555555555555556,0.5292136493253666,0.5348433199543778,1.72,1.0465116279069768,V0.6,-0.020712235601177742,-0.08006948967847016,0.72,-2.5% to 0%
2024_25_20241215_BRI_CRY,2024_25,2024-12-15,BRI,CRY,1,0.5532467532467532,0.4888915881903821,0.5210327232359315,1.72,1.0508789169123267,V0.6,-0.03221403001082168,-0.10382371603419782,0.72,-5% to -2.5%
2024_25_20241215_CHE_BRE,2024_25,2024-12-15,CHE,BRE,1,0.7155172413793104,0.6339935652586564,0.6890629571643521,1.32,1.058780576852866,V0.6,-0.026454284214958323,-0.0904368965430552,0.32000000000000006,-5% to -2.5%
2024_25_20241215_MCI_MUN,2024_25,2024-12-15,MCI,MUN,1,0.660332541567696,0.5895094075860446,0.617327911729986,1.43,1.0590129295165267,V0.6,-0.04300462983771003,-0.11722108622612004,0.42999999999999994,-5% to -2.5%
2024_25_20241215_SOU_TOT,2024_25,2024-12-15,SOU,TOT,1,0.726890756302521,0.5603316227770833,0.7409624664486206,1.3,1.0582481102712316,V0.6,0.014071710146099647,-0.036748793616793174,0.30000000000000004,0% to 2.5%
2024_25_20241216_BOU_WHU,2024_25,2024-12-16,BOU,WHU,0,0.6271604938271605,0.5612707250290503,0.6212623215164523,1.51,1.055952443030714,V0.6,-0.005898172310708216,-0.06189389451015692,-1.0,-2.5% to 0%
2024_25_20241221_AVL_MCI,2024_25,2024-12-21,AVL,MCI,1,0.6005025125628142,0.5879630060901181,0.6164974650806437,1.59,1.047340859451067,V0.6,0.015994952517829564,-0.019769030521776365,0.5900000000000001,0% to 2.5%
2024_25_20241221_BRE_NFO,2024_25,2024-12-21,BRE,NFO,0,0.5532467532467532,0.5745890945400305,0.5017582153172448,1.72,1.0508789169123267,V0.6,-0.05148853792950836,-0.13697586965433883,-1.0,-10% to -5%
2024_25_20241221_CRY_ARS,2024_25,2024-12-21,CRY,ARS,1,0.5234374999999999,0.519347382712565,0.5179867631414787,1.83,1.0439605252426394,V0.6,-0.005450736858521155,-0.05208422345109387,0.8300000000000001,-2.5% to 0%
2024_25_20241221_IPS_NEW,2024_25,2024-12-21,IPS,NEW,1,0.5852417302798981,0.4847146539956625,0.5953697678938387,1.63,1.0482795412109898,V0.6,0.010128037613940544,-0.029547278333043048,0.6299999999999999,0% to 2.5%
2024_25_20241221_WHU_BRI,2024_25,2024-12-21,WHU,BRI,0,0.628992628992629,0.5318897120720979,0.6090524588862511,1.51,1.0528766556291391,V0.6,-0.01994017010637783,-0.08033078708176078,-1.0,-2.5% to 0%
2024_25_20241222_EVE_CHE,2024_25,2024-12-22,EVE,CHE,0,0.5754475703324808,0.5085050309430771,0.5691057639994799,1.66,1.0468540829986617,V0.6,-0.0063418063330009655,-0.055284431760863506,-1.0,-2.5% to 0%
2024_25_20241222_FUL_SOU,2024_25,2024-12-22,FUL,SOU,0,0.615,0.5101707697851006,0.5909933473808309,1.54,1.0558547143912995,V0.6,-0.024006652619169122,-0.08987024503352048,-1.0,-2.5% to 0%
2024_25_20241222_LEI_WOL,2024_25,2024-12-22,LEI,WOL,1,0.5743589743589743,0.5651049176990817,0.5536249474163304,1.66,1.0488382099827884,V0.6,-0.020734026942643924,-0.08098258728889163,0.6599999999999999,-2.5% to 0%
2024_25_20241222_MUN_BOU,2024_25,2024-12-22,MUN,BOU,1,0.595959595959596,0.5289561729245444,0.5657070746337289,1.6,1.048728813559322,V0.6,-0.030252521325867088,-0.0948686805860337,0.6000000000000001,-5% to -2.5%
2024_25_20241222_TOT_LIV,2024_25,2024-12-22,TOT,LIV,1,0.7318087318087318,0.6436036888675947,0.7087077235973873,1.29,1.0592847075405214,V0.6,-0.02310100821134453,-0.08576703655937035,0.29000000000000004,-2.5% to 0%
2024_25_20241226_BOU_CRY,2024_25,2024-12-26,BOU,CRY,0,0.5532467532467532,0.506892977945658,0.5100935874547089,1.72,1.0508789169123267,V0.6,-0.04315316579204431,-0.12263902957790074,-1.0,-5% to -2.5%
2024_25_20241226_CHE_FUL,2024_25,2024-12-26,CHE,FUL,1,0.6522781774580336,0.5465181824353347,0.616439487113904,1.45,1.0573022312373226,V0.6,-0.035838690344129676,-0.10616274368483924,0.44999999999999996,-5% to -2.5%
2024_25_20241226_LIV_LEI,2024_25,2024-12-26,LIV,LEI,1,0.7875,0.6390324838101308,0.7308895308952238,1.19,1.067093504068294,V0.6,-0.056610469104776184,-0.1302414582346837,0.18999999999999995,-10% to -5%
2024_25_20241226_MCI_EVE,2024_25,2024-12-26,MCI,EVE,0,0.6115288220551378,0.5088220658919576,0.5457811738178169,1.55,1.0549973558963512,V0.6,-0.06574764823732093,-0.15403918058238386,-1.0,-10% to -5%
2024_25_20241226_NEW_AVL,2024_25,2024-12-26,NEW,AVL,1,0.5924050632911392,0.5446072524631251,0.5679243807261529,1.61,1.0484684397727877,V0.6,-0.024480682564986256,-0.08564174703089378,0.6100000000000001,-2.5% to 0%
2024_25_20241226_NFO_TOT,2024_25,2024-12-26,NFO,TOT,0,0.6407766990291263,0.5829837146839814,0.6272681935546021,1.48,1.0544635544635543,V0.6,-0.013508505474524202,-0.07164307353918897,-1.0,-2.5% to 0%
2024_25_20241226_SOU_WHU,2024_25,2024-12-26,SOU,WHU,0,0.5732647814910026,0.5077156023677417,0.5721738373448956,1.66,1.0508401318277596,V0.6,-0.001090944146106998,-0.05019143000747339,-1.0,-2.5% to 0%
2024_25_20241226_WOL_MUN,2024_25,2024-12-26,WOL,MUN,0,0.570694087403599,0.5391042510543274,0.558152644482389,1.67,1.0492528456600314,V0.6,-0.012541442921209955,-0.06788508371441038,-1.0,-2.5% to 0%
2024_25_20241227_ARS_IPS,2024_25,2024-12-27,ARS,IPS,0,0.682648401826484,0.5307932376358657,0.6343339828768675,1.39,1.053872620966772,V0.6,-0.04831441894961652,-0.11827576380115423,-1.0,-5% to -2.5%
2024_25_20241227_BRI_BRE,2024_25,2024-12-27,BRI,BRE,0,0.6587677725118484,0.5570654169437323,0.6657018882902946,1.44,1.0541566746602715,V0.6,0.00693411577844627,-0.0413892808619758,-1.0,0% to 2.5%
2024_25_20241229_CRY_SOU,2024_25,2024-12-29,CRY,SOU,1,0.5442708333333333,0.4715322247513996,0.522088693603267,1.75,1.0498974709501026,V0.6,-0.02218213973006622,-0.08634478619428265,0.75,-2.5% to 0%
2024_25_20241229_EVE_NFO,2024_25,2024-12-29,EVE,NFO,0,0.4267352185089973,0.4652206186664023,0.3689307832954329,2.23,1.0508401318277596,V0.6,-0.05780443521356443,-0.17728435325118463,-1.0,-10% to -5%
2024_25_20241229_FUL_BOU,2024_25,2024-12-29,FUL,BOU,1,0.5695876288659795,0.5192508253169502,0.566794366490832,1.67,1.0512910829923865,V0.6,-0.0027932623751474317,-0.053453407960310506,0.6699999999999999,-2.5% to 0%
2024_25_20241229_LEI_MCI,2024_25,2024-12-29,LEI,MCI,0,0.6930022573363431,0.6137125573007498,0.71629426606639,1.36,1.06102701666986,V0.6,0.023292008730046887,-0.025839798149709492,-1.0,0% to 2.5%
2024_25_20241229_TOT_WOL,2024_25,2024-12-29,TOT,WOL,1,0.7176724137931035,0.5947151329268858,0.6892683877565722,1.31,1.0636590789262543,V0.6,-0.02840402603653136,-0.09705841203889043,0.31000000000000005,-5% to -2.5%
2024_25_20241229_WHU_LIV,2024_25,2024-12-29,WHU,LIV,1,0.6774941995359629,0.5989372349060964,0.6677667333371263,1.39,1.0618902138563122,V0.6,-0.009727466198836576,-0.07180424066139446,0.3899999999999999,-2.5% to 0%
2024_25_20241230_AVL_BRI,2024_25,2024-12-30,AVL,BRI,1,0.5974683544303797,0.4935975505080018,0.5694177834758762,1.59,1.052659631169385,V0.6,-0.028050570954503473,-0.09462572427335669,0.5900000000000001,-5% to -2.5%
2024_25_20241230_IPS_CHE,2024_25,2024-12-30,IPS,CHE,0,0.6578947368421053,0.5115101165379388,0.6778781303795381,1.43,1.062937062937063,V0.6,0.019983393537432836,-0.03063427355726045,-1.0,0% to 2.5%
2024_25_20241230_MUN_NEW,2024_25,2024-12-30,MUN,NEW,0,0.5831202046035805,0.5503866396456771,0.5553837099912101,1.63,1.0520934237434076,V0.6,-0.027736494612370377,-0.09472455271432756,-1.0,-5% to -2.5%
2024_25_20250101_BRE_ARS,2024_25,2025-01-01,BRE,ARS,1,0.615,0.5999287220990237,0.6217493900902252,1.54,1.0558547143912995,V0.6,0.006749390090225238,-0.04250593926105317,0.54,0% to 2.5%
2024_25_20250104_AVL_LEI,2024_25,2025-01-04,AVL,LEI,1,0.6323529411764707,0.5511590324829935,0.6212834819912465,1.5,1.0542635658914727,V0.6,-0.011069459185224173,-0.06807477701313025,0.5,-2.5% to 0%
2024_25_20250104_BOU_EVE,2024_25,2025-01-04,BOU,EVE,0,0.5130890052356021,0.4833235150415756,0.4951265907081024,1.86,1.0478384902348037,V0.6,-0.017962414527499693,-0.0790645412829295,-1.0,-2.5% to 0%
2024_25_20250104_BRI_ARS,2024_25,2025-01-04,BRI,ARS,0,0.5506493506493506,0.5424955506737902,0.5478813689539646,1.73,1.049732795288472,V0.6,-0.002767981695386057,-0.05216523170964138,-1.0,-2.5% to 0%
2024_25_20250104_CRY_CHE,2024_25,2025-01-04,CRY,CHE,0,0.602015113350126,0.532835559179907,0.5965448899934931,1.58,1.0513214342460673,V0.6,-0.005470223356632942,-0.057459073810280925,-1.0,-2.5% to 0%
2024_25_20250104_MCI_WHU,2024_25,2025-01-04,MCI,WHU,1,0.7067833698030634,0.5916664691442938,0.6805857388869591,1.34,1.055866179936232,V0.6,-0.026197630916104386,-0.08801510989147476,0.3400000000000001,-5% to -2.5%
2024_25_20250104_SOU_BRE,2024_25,2025-01-04,SOU,BRE,1,0.5743589743589743,0.5159964501497314,0.5906941313780095,1.66,1.0488382099827884,V0.6,0.016335157019035207,-0.0194477419125042,0.6599999999999999,0% to 2.5%
2024_25_20250104_TOT_NEW,2024_25,2025-01-04,TOT,NEW,1,0.7149028077753781,0.6079495391706915,0.6792151004672468,1.32,1.0596905612011351,V0.6,-0.03568770730813131,-0.10343606738323419,0.32000000000000006,-5% to -2.5%
2024_25_20250105_FUL_IPS,2024_25,2025-01-05,FUL,IPS,1,0.5584415584415584,0.4591005437443147,0.5177178319984456,1.7,1.0533515731874146,V0.6,-0.04072372644311284,-0.11987968560264262,0.7,-5% to -2.5%
2024_25_20250105_LIV_MUN,2024_25,2025-01-05,LIV,MUN,1,0.6697892271662763,0.6175741222255544,0.5967999671209342,1.41,1.058870207806378,V0.6,-0.07298926004534212,-0.1585120463594828,0.4099999999999999,-10% to -5%
2024_25_20250106_WOL_NFO,2024_25,2025-01-06,WOL,NFO,1,0.4659685863874345,0.5214812712472532,0.4151993665676238,2.04,1.0519938312403614,V0.6,-0.050769219819810696,-0.1529932922020475,1.04,-10% to -5%
2024_25_20250114_BRE_MCI,2024_25,2025-01-14,BRE,MCI,1,0.6877828054298643,0.6431696686603456,0.7221285208677565,1.38,1.053585049580473,V0.6,0.03434571543789222,-0.003462641202496175,0.3799999999999999,2.5% to 5%
2024_25_20250114_CHE_BOU,2024_25,2025-01-14,CHE,BOU,1,0.6689976689976691,0.5833939647716561,0.6850195163397108,1.42,1.052657407861805,V0.6,0.016021847342041706,-0.027272286797610734,0.41999999999999993,0% to 2.5%
2024_25_20250114_NFO_LIV,2024_25,2025-01-14,NFO,LIV,0,0.5852417302798981,0.5920233453490794,0.5638056582153925,1.63,1.0482795412109898,V0.6,-0.021436072064505596,-0.08099677710891029,-1.0,-2.5% to 0%
2024_25_20250114_WHU_FUL,2024_25,2025-01-14,WHU,FUL,1,0.5234374999999999,0.5214162099301141,0.5088367375698469,1.83,1.0439605252426394,V0.6,-0.014600762430152958,-0.06882877024718004,0.8300000000000001,-2.5% to 0%
2024_25_20250115_ARS_TOT,2024_25,2025-01-15,ARS,TOT,1,0.6619385342789598,0.6311385311151159,0.6349501959361104,1.43,1.0564435564435566,V0.6,-0.026988338342849416,-0.09202121981136224,0.42999999999999994,-5% to -2.5%
2024_25_20250115_EVE_AVL,2024_25,2025-01-15,EVE,AVL,0,0.4635416666666666,0.4725548763408704,0.4402198913021068,2.06,1.0472346460128723,V0.6,-0.02332177536455976,-0.09314702391765994,-1.0,-2.5% to 0%
2024_25_20250115_LEI_CRY,2024_25,2025-01-15,LEI,CRY,0,0.548051948051948,0.5228535676762137,0.5341352396383111,1.74,1.0486462929672604,V0.6,-0.013916708413636902,-0.07060468302933864,-1.0,-2.5% to 0%
2024_25_20250115_NEW_WOL,2024_25,2025-01-15,NEW,WOL,1,0.6650943396226415,0.5514346988535618,0.6330719794482516,1.42,1.0588352811906905,V0.6,-0.032022360174389974,-0.10103778918348283,0.41999999999999993,-5% to -2.5%
2024_25_20250116_IPS_BRI,2024_25,2025-01-16,IPS,BRI,0,0.5569948186528497,0.4704481843126141,0.5689307646796903,1.71,1.0499116007071942,V0.6,0.01193594602684056,-0.027128392397729684,-1.0,0% to 2.5%
2024_25_20250116_MUN_SOU,2024_25,2025-01-16,MUN,SOU,1,0.6237623762376239,0.5402127152507811,0.6226021202608044,1.52,1.054720133667502,V0.6,-0.0011602559768194576,-0.0536447772035773,0.52,-2.5% to 0%
2024_25_20250118_ARS_AVL,2024_25,2025-01-18,ARS,AVL,1,0.5248041775456919,0.578916368308447,0.4746523000331054,1.82,1.0469629872614947,V0.6,-0.050151877512586485,-0.1361328139397482,0.8200000000000001,-10% to -5%
2024_25_20250118_BRE_LIV,2024_25,2025-01-18,BRE,LIV,0,0.7006651884700665,0.6382016479911069,0.697404636087719,1.35,1.0571964369432725,V0.6,-0.00326055238234757,-0.05850374128157931,-1.0,-2.5% to 0%
2024_25_20250118_LEI_FUL,2024_25,2025-01-18,LEI,FUL,0,0.5558441558441558,0.5468943666802817,0.5470514895976485,1.71,1.0520850412635951,V0.6,-0.008792666246507319,-0.0645419527880211,-1.0,-2.5% to 0%
2024_25_20250118_NEW_BOU,2024_25,2025-01-18,NEW,BOU,1,0.6159600997506234,0.5457020129835338,0.5768688840330832,1.54,1.054208948945791,V0.6,-0.03909121571754015,-0.1116219185890518,0.54,-5% to -2.5%
2024_25_20250118_WHU_CRY,2024_25,2025-01-18,WHU,CRY,0,0.5326370757180157,0.5232595459359201,0.5011676293262658,1.79,1.0488552963084674,V0.6,-0.03146944639174987,-0.10290994350598426,-1.0,-5% to -2.5%
2024_25_20250119_EVE_TOT,2024_25,2025-01-19,EVE,TOT,1,0.5644329896907216,0.5270203170140869,0.5666553150096046,1.69,1.048336980897571,V0.6,0.0022223253188830006,-0.04235251763376824,0.69,0% to 2.5%
2024_25_20250119_IPS_MCI,2024_25,2025-01-19,IPS,MCI,1,0.6555023923444976,0.565736105030299,0.711623904382905,1.44,1.0594079480940797,V0.6,0.05612151203840743,0.024738422311383124,0.43999999999999995,5% to 10%
2024_25_20250119_MUN_BRI,2024_25,2025-01-19,MUN,BRI,1,0.5732647814910026,0.5349359149716325,0.5665042177905949,1.66,1.0508401318277596,V0.6,-0.0067605637004076735,-0.05960299846761252,0.6599999999999999,-2.5% to 0%
2024_25_20250119_NFO_SOU,2024_25,2025-01-19,NFO,SOU,1,0.5442708333333333,0.5150099800722217,0.5306797260146909,1.75,1.0498974709501026,V0.6,-0.013591107318642326,-0.07131047947429092,0.75,-2.5% to 0%
2024_25_20250120_CHE_WOL,2024_25,2025-01-20,CHE,WOL,1,0.690744920993228,0.593240194626715,0.7050530664087903,1.37,1.056724392920185,V0.6,0.014308145415562246,-0.03407729901995726,0.3700000000000001,0% to 2.5%
2024_25_20250125_BOU_NFO,2024_25,2025-01-25,BOU,NFO,1,0.5260416666666667,0.5300945835691601,0.5084133438532216,1.82,1.0445000544010443,V0.6,-0.017628322813445174,-0.07468771418713671,0.8200000000000001,-2.5% to 0%
2024_25_20250125_BRI_EVE,2024_25,2025-01-25,BRI,EVE,0,0.5039164490861618,0.4530904692398235,0.4663471023568988,1.9,1.0444505044995909,V0.6,-0.03756934672926304,-0.11394050552189228,-1.0,-5% to -2.5%
2024_25_20250125_LIV_IPS,2024_25,2025-01-25,LIV,IPS,1,0.7534516765285997,0.5965744842596392,0.7019497343575352,1.25,1.061780104712042,V0.6,-0.05150194217106452,-0.12256283205308105,0.25,-10% to -5%
2024_25_20250125_MCI_CHE,2024_25,2025-01-25,MCI,CHE,1,0.6713286713286714,0.6296970000054469,0.6027243850834957,1.41,1.0564420803782506,V0.6,-0.06860428624517567,-0.15015861703227118,0.4099999999999999,-10% to -5%
2024_25_20250125_SOU_NEW,2024_25,2025-01-25,SOU,NEW,1,0.6563245823389022,0.5280547403161299,0.6572432031458436,1.44,1.058080808080808,V0.6,0.0009186208069413837,-0.0535697874699852,0.43999999999999995,0% to 2.5%
2024_25_20250125_WOL_ARS,2024_25,2025-01-25,WOL,ARS,0,0.5544041450777203,0.5534600031978862,0.5506257632614706,1.72,1.0486850684633775,V0.6,-0.0037783818162496763,-0.05292368719027052,-1.0,-2.5% to 0%
2024_25_20250126_AVL_WHU,2024_25,2025-01-26,AVL,WHU,0,0.5695876288659795,0.5513747241322318,0.5471854592147782,1.67,1.0512910829923865,V0.6,-0.02240216965120123,-0.08620028311132033,-1.0,-2.5% to 0%
2024_25_20250126_CRY_BRE,2024_25,2025-01-26,CRY,BRE,1,0.5492227979274612,0.5442581283231722,0.5523229306826555,1.74,1.046410756885708,V0.6,0.0031001327551942737,-0.038958100612179525,0.74,0% to 2.5%
2024_25_20250126_FUL_MUN,2024_25,2025-01-26,FUL,MUN,0,0.5169712793733681,0.5361119465834524,0.4923569671304331,1.85,1.0455910455910455,V0.6,-0.024614312242934977,-0.0891396108086987,-1.0,-2.5% to 0%
2024_25_20250126_TOT_LEI,2024_25,2025-01-26,TOT,LEI,1,0.7108695652173914,0.6295143749492936,0.7148769296911422,1.33,1.057690096801637,V0.6,0.00400736447375083,-0.049213683510780704,0.33000000000000007,0% to 2.5%
2024_25_20250201_BOU_LIV,2024_25,2025-02-01,BOU,LIV,0,0.6481927710843374,0.6306751027837579,0.6470860125911304,1.46,1.0566787187452258,V0.6,-0.0011067584932069607,-0.0552544216169496,-1.0,-2.5% to 0%
2024_25_20250201_EVE_LEI,2024_25,2025-02-01,EVE,LEI,1,0.4765625,0.5188059631220593,0.4663362606235228,2.01,1.0439605252426394,V0.6,-0.010226239376477209,-0.0626641161467193,1.0099999999999998,-2.5% to 0%
2024_25_20250201_IPS_SOU,2024_25,2025-02-01,IPS,SOU,1,0.5428571428571429,0.4881562667902715,0.5495423725317268,1.76,1.0466507177033493,V0.6,0.006685229674583848,-0.032805424344160894,0.76,0% to 2.5%
2024_25_20250201_NEW_FUL,2024_25,2025-02-01,NEW,FUL,1,0.5816326530612244,0.5597623686394625,0.5503873898147956,1.64,1.048352588789046,V0.6,-0.031245263246428734,-0.09736468070373527,0.6399999999999999,-5% to -2.5%
2024_25_20250201_NFO_BRI,2024_25,2025-02-01,NFO,BRI,1,0.4986945169712793,0.5124294242380967,0.4708256519089427,1.92,1.0443935427574171,V0.6,-0.0278688650623366,-0.09601474833483004,0.9199999999999999,-5% to -2.5%
2024_25_20250201_WOL_AVL,2024_25,2025-02-01,WOL,AVL,0,0.5607235142118864,0.5043686694596199,0.5635582368948407,1.7,1.0490647872052046,V0.6,0.0028347226829543715,-0.04195099727877072,-1.0,0% to 2.5%
2024_25_20250202_ARS_MCI,2024_25,2025-02-02,ARS,MCI,1,0.5454545454545455,0.6437219310346087,0.5244158316935422,1.75,1.0476190476190474,V0.6,-0.021038713761003303,-0.08227229453630114,0.75,-2.5% to 0%
2024_25_20250202_BRE_TOT,2024_25,2025-02-02,BRE,TOT,0,0.7096069868995633,0.6157391815074632,0.7034386801757034,1.33,1.059572006940428,V0.6,-0.006168306723859818,-0.06442655536631436,-1.0,-2.5% to 0%
2024_25_20250202_MUN_CRY,2024_25,2025-02-02,MUN,CRY,0,0.5209424083769634,0.5032567554520778,0.4733021459227839,1.83,1.0489606502457642,V0.6,-0.04764026245417946,-0.13385707296130545,-1.0,-5% to -2.5%
2024_25_20250203_CHE_WHU,2024_25,2025-02-03,CHE,WHU,1,0.6842105263157895,0.5748565203319248,0.6592536060384122,1.38,1.0590858416945377,V0.6,-0.02495692027737728,-0.09023002366699118,0.3799999999999999,-2.5% to 0%
2024_25_20250212_EVE_LIV,2024_25,2025-02-12,EVE,LIV,1,0.5604113110539846,0.5963810368331534,0.5738174771140641,1.71,1.043510917967702,V0.6,0.013406166060079494,-0.0187721141349505,0.71,0% to 2.5%
2024_25_20250214_BRI_CHE,2024_25,2025-02-14,BRI,CHE,1,0.605,0.5391628920040094,0.614667750441422,1.58,1.046134532900931,V0.6,0.009667750441421985,-0.028824954302553274,0.5800000000000001,0% to 2.5%
2024_25_20250215_AVL_IPS,2024_25,2025-02-15,AVL,IPS,0,0.6040100250626567,0.4875923689697594,0.5652023885757661,1.58,1.0478491517411628,V0.6,-0.03880763648689056,-0.10698022605028956,-1.0,-5% to -2.5%
2024_25_20250215_CRY_EVE,2024_25,2025-02-15,CRY,EVE,1,0.4282051282051282,0.457950335033802,0.3667031395971907,2.23,1.0472328884831237,V0.6,-0.061501988607937486,-0.1822519986982648,1.23,-10% to -5%
2024_25_20250215_FUL_NFO,2024_25,2025-02-15,FUL,NFO,1,0.4559585492227979,0.5096251196711369,0.3911544570176201,2.1,1.0443722943722944,V0.6,-0.0648040922051778,-0.17857564026299777,1.1,-10% to -5%
2024_25_20250215_LEI_ARS,2024_25,2025-02-15,LEI,ARS,0,0.5592783505154639,0.5500776333268872,0.5557060365744515,1.71,1.0456248147249845,V0.6,-0.0035723139410124283,-0.0497426774576879,-1.0,-2.5% to 0%
2024_25_20250215_MCI_NEW,2024_25,2025-02-15,MCI,NEW,1,0.6563981042654028,0.6238908634641442,0.5745083620842022,1.45,1.050666002738703,V0.6,-0.0818897421812006,-0.16696287497790685,0.44999999999999996,-10% to -5%
2024_25_20250215_SOU_BOU,2024_25,2025-02-15,SOU,BOU,1,0.637469586374696,0.4874731903568699,0.6189769652553759,1.49,1.0528203289102924,V0.6,-0.01849262111932004,-0.07772432176948985,0.49,-2.5% to 0%
2024_25_20250215_WHU_BRE,2024_25,2025-02-15,WHU,BRE,0,0.5969773299748111,0.5438334816327887,0.5978246067610212,1.6,1.046940928270042,V0.6,0.0008472767862101049,-0.04348062918236595,-1.0,0% to 2.5%
2024_25_20250216_LIV_WOL,2024_25,2025-02-16,LIV,WOL,1,0.6948775055679287,0.6050367964609548,0.6692344415366851,1.37,1.0504398278120906,V0.6,-0.025643064031243612,-0.08314881509474137,0.3700000000000001,-5% to -2.5%
2024_25_20250216_TOT_MUN,2024_25,2025-02-16,TOT,MUN,0,0.6433734939759036,0.6143682821490258,0.6425198405948639,1.48,1.0502075108816682,V0.6,-0.0008536533810397096,-0.04907063591960148,-1.0,-2.5% to 0%
2024_25_20250219_AVL_LIV,2024_25,2025-02-19,AVL,LIV,1,0.6109725685785536,0.6050323690203624,0.6262537523829328,1.56,1.0491889063317634,V0.6,0.01528118380437915,-0.023044146282624856,0.56,0% to 2.5%
2024_25_20250221_LEI_BRE,2024_25,2025-02-21,LEI,BRE,1,0.605,0.5195202440310361,0.6206741621177869,1.58,1.046134532900931,V0.6,0.01567416211778694,-0.01933482385389662,0.5800000000000001,0% to 2.5%
2024_25_20250222_ARS_WHU,2024_25,2025-02-22,ARS,WHU,0,0.5692307692307692,0.5805019319476777,0.5363466181007684,1.68,1.0456885456885456,V0.6,-0.03288415113000076,-0.09893768159070904,-1.0,-5% to -2.5%
2024_25_20250222_AVL_CHE,2024_25,2025-02-22,AVL,CHE,1,0.6109725685785536,0.5271247956636874,0.6006904045292567,1.56,1.0491889063317634,V0.6,-0.010282164049296938,-0.06292296893435956,0.56,-2.5% to 0%
2024_25_20250222_BOU_WOL,2024_25,2025-02-22,BOU,WOL,0,0.6005025125628142,0.5072954640777991,0.5761934889585252,1.59,1.047340859451067,V0.6,-0.024309023604288993,-0.08385235255594492,-1.0,-2.5% to 0%
2024_25_20250222_EVE_MUN,2024_25,2025-02-22,EVE,MUN,1,0.4370179948586118,0.487646644728739,0.3795356159776331,2.19,1.0448562986838572,V0.6,-0.057482378880978735,-0.16881700100898356,1.19,-10% to -5%
2024_25_20250222_FUL_CRY,2024_25,2025-02-22,FUL,CRY,0,0.4857142857142857,0.4949598228635025,0.4633225775692678,1.98,1.0398098633392752,V0.6,-0.022391708145017897,-0.08262129641284977,-1.0,-2.5% to 0%
2024_25_20250222_IPS_TOT,2024_25,2025-02-22,IPS,TOT,1,0.6274509803921569,0.5703243651731794,0.6883356422585304,1.52,1.0485197368421053,V0.6,0.060884661866373535,0.046270176232966254,0.52,5% to 10%
2024_25_20250222_SOU_BRI,2024_25,2025-02-22,SOU,BRI,1,0.605,0.4759681185457481,0.5883993431919692,1.58,1.046134532900931,V0.6,-0.0166006568080308,-0.07032903775668864,0.5800000000000001,-2.5% to 0%
2024_25_20250223_MCI_LIV,2024_25,2025-02-23,MCI,LIV,0,0.6720930232558139,0.6747634766858223,0.6079097668827699,1.41,1.0552406194017032,V0.6,-0.064183256373044,-0.14284722869529454,-1.0,-10% to -5%
2024_25_20250223_NEW_NFO,2024_25,2025-02-23,NEW,NFO,1,0.5754475703324808,0.5566326422543088,0.5373951174141198,1.66,1.0468540829986617,V0.6,-0.03805245291836101,-0.10792410509256112,0.6599999999999999,-5% to -2.5%
2024_25_20250225_BRI_BOU,2024_25,2025-02-25,BRI,BOU,1,0.5919395465994962,0.5056338734950369,0.5701901953657419,1.62,1.042815865510901,V0.6,-0.02174935123375432,-0.07629188350749805,0.6200000000000001,-2.5% to 0%
2024_25_20250225_CHE_SOU,2024_25,2025-02-25,CHE,SOU,1,0.744,0.5262310610771672,0.7340598845411006,1.28,1.0500672043010753,V0.6,-0.00994011545889939,-0.060403347787391204,0.28,-2.5% to 0%
2024_25_20250225_CRY_AVL,2024_25,2025-02-25,CRY,AVL,1,0.5064935064935064,0.4984462316207743,0.4986365113784638,1.9,1.039136302294197,V0.6,-0.00785699511504262,-0.05259062838091877,0.8999999999999999,-2.5% to 0%
2024_25_20250225_WOL_FUL,2024_25,2025-02-25,WOL,FUL,1,0.4779220779220779,0.4841258471312966,0.4627144363163272,2.01,1.0409906986805106,V0.6,-0.015207641605750721,-0.06994398300418248,1.0099999999999998,-2.5% to 0%
2024_25_20250226_BRE_EVE,2024_25,2025-02-26,BRE,EVE,0,0.5182291666666667,0.5090208901420035,0.4865522428853533,1.85,1.0430531033546109,V0.6,-0.031676923781313426,-0.09987835066209627,-1.0,-5% to -2.5%
2024_25_20250226_LIV_NEW,2024_25,2025-02-26,LIV,NEW,0,0.6595744680851063,0.6078567805614514,0.6011370963358182,1.44,1.0528673835125448,V0.6,-0.05843737174928809,-0.13436258127642176,-1.0,-10% to -5%
2024_25_20250226_MUN_IPS,2024_25,2025-02-26,MUN,IPS,1,0.5826972010178116,0.5015228920657984,0.5428968373256168,1.64,1.0464373202683992,V0.6,-0.03980036369219486,-0.10964918678598856,0.6399999999999999,-5% to -2.5%
2024_25_20250226_NFO_ARS,2024_25,2025-02-26,NFO,ARS,0,0.440721649484536,0.5919411457147079,0.3827330718818542,2.17,1.0456248147249845,V0.6,-0.057988577602681834,-0.16946923401637648,-1.0,-10% to -5%
2024_25_20250226_TOT_MCI,2024_25,2025-02-26,TOT,MCI,0,0.7105831533477323,0.6553446676892208,0.7078686558341692,1.34,1.0502200244975728,V0.6,-0.002714497513563008,-0.05145600118221316,-1.0,-2.5% to 0%
2024_25_20250227_WHU_LEI,2024_25,2025-02-27,WHU,LEI,0,0.5592783505154639,0.5294505736928123,0.5597423650042609,1.71,1.0456248147249845,V0.6,0.00046401448879695995,-0.042840555842713846,-1.0,0% to 2.5%
2024_25_20250308_BRE_AVL,2024_25,2025-03-08,BRE,AVL,0,0.625615763546798,0.5297123286649685,0.6085662245191609,1.52,1.05159552424368,V0.6,-0.017049539027637173,-0.07497933873087548,-1.0,-2.5% to 0%
2024_25_20250308_BRI_FUL,2024_25,2025-03-08,BRI,FUL,1,0.5466321243523315,0.5175846061432993,0.5335766450467387,1.75,1.045362220717671,V0.6,-0.01305547930559281,-0.0662408711682072,0.75,-2.5% to 0%
2024_25_20250308_CRY_IPS,2024_25,2025-03-08,CRY,IPS,0,0.5418848167539266,0.5022021747255054,0.4886767951729159,1.75,1.054520358868185,V0.6,-0.053208021581010734,-0.14481560844739716,-1.0,-10% to -5%
2024_25_20250308_LIV_SOU,2024_25,2025-03-08,LIV,SOU,1,0.748015873015873,0.6031559783351643,0.7305668405054065,1.27,1.05265356419307,V0.6,-0.017449032510466478,-0.07218011255813372,0.27,-2.5% to 0%
2024_25_20250308_NFO_MCI,2024_25,2025-03-08,NFO,MCI,0,0.606516290726817,0.6378863264932622,0.6116461489893033,1.57,1.0501658156551037,V0.6,0.005129858262486242,-0.03971554608679384,-1.0,0% to 2.5%
2024_25_20250308_WOL_EVE,2024_25,2025-03-08,WOL,EVE,0,0.4194373401534527,0.46198651358636,0.3563951398507672,2.27,1.050284731922209,V0.6,-0.06304220030268548,-0.19098303253875848,-1.0,-10% to -5%
2024_25_20250309_CHE_LEI,2024_25,2025-03-09,CHE,LEI,0,0.7045951859956237,0.56077791308387,0.6990479080574943,1.35,1.0512997469519207,V0.6,-0.005547277938129369,-0.05628532412238263,-1.0,-2.5% to 0%
2024_25_20250309_MUN_ARS,2024_25,2025-03-09,MUN,ARS,0,0.4381443298969071,0.5503515635097573,0.3954694293522083,2.18,1.0469508904479223,V0.6,-0.0426749005446988,-0.1378766440121858,-1.0,-5% to -2.5%
2024_25_20250309_TOT_BOU,2024_25,2025-03-09,TOT,BOU,1,0.6848072562358277,0.5468874710343097,0.663277577384162,1.39,1.0505502882462243,V0.6,-0.02152967885166568,-0.07804416743601483,0.3899999999999999,-2.5% to 0%
2024_25_20250310_WHU_NEW,2024_25,2025-03-10,WHU,NEW,0,0.5633074935400517,0.5204967228381437,0.5274780100295429,1.69,1.0504315726616362,V0.6,-0.03582948351050885,-0.1085621630500726,-1.0,-5% to -2.5%
2024_25_20250315_BOU_BRE,2024_25,2025-03-15,BOU,BRE,1,0.6425120772946861,0.577161987720838,0.6732933368532774,1.48,1.0516155252997357,V0.6,0.030781259558591345,-0.003525861457149393,0.48,2.5% to 5%
2024_25_20250315_EVE_WHU,2024_25,2025-03-15,EVE,WHU,0,0.416243654822335,0.5380707238801167,0.3908367216372347,2.3,1.0445387062566278,V0.6,-0.02540693318510029,-0.10107554023436027,-1.0,-5% to -2.5%
2024_25_20250315_IPS_NFO,2024_25,2025-03-15,IPS,NFO,1,0.5182291666666667,0.5189994656674692,0.5204948970590355,1.85,1.0430531033546109,V0.6,0.00226573039236877,-0.037084440440784294,0.8500000000000001,0% to 2.5%
2024_25_20250315_MCI_BRI,2024_25,2025-03-15,MCI,BRI,1,0.6457831325301205,0.6154887796279347,0.5973491353875648,1.47,1.0534064372017462,V0.6,-0.048433997142555696,-0.12189677098027973,0.47,-5% to -2.5%
2024_25_20250315_SOU_WOL,2024_25,2025-03-15,SOU,WOL,1,0.5286458333333333,0.502228381018559,0.5289562572690372,1.81,1.0450970252837275,V0.6,0.00031042393570390736,-0.04258917434304266,0.81,0% to 2.5%
2024_25_20250316_ARS_CHE,2024_25,2025-03-16,ARS,CHE,0,0.5078534031413613,0.5831088371070368,0.468053159588831,1.88,1.0473788111427944,V0.6,-0.03980024355253031,-0.12006005997299785,-1.0,-5% to -2.5%
2024_25_20250316_FUL_TOT,2024_25,2025-03-16,FUL,TOT,0,0.606516290726817,0.5688898138003597,0.6286241641088955,1.57,1.0501658156551037,V0.6,0.022107873382078536,-0.013060062349034007,-1.0,0% to 2.5%
2024_25_20250316_LEI_MUN,2024_25,2025-03-16,LEI,MUN,1,0.5326370757180157,0.5194137722567923,0.5352254138470596,1.79,1.0488552963084674,V0.6,0.00258833812904391,-0.041946509213763306,0.79,0% to 2.5%
2024_25_20250401_ARS_FUL,2024_25,2025-04-01,ARS,FUL,1,0.4507772020725388,0.5381987203064601,0.3984269567820411,2.12,1.046410756885708,V0.6,-0.0523502452904977,-0.15533485162207283,1.12,-10% to -5%
2024_25_20250401_NFO_MUN,2024_25,2025-04-01,NFO,MUN,0,0.4934725848563968,0.5839160100773633,0.4715612661659155,1.94,1.0445644466263024,V0.6,-0.021911318690481296,-0.08517114363812395,-1.0,-2.5% to 0%
2024_25_20250401_WOL_WHU,2024_25,2025-04-01,WOL,WHU,0,0.4381443298969071,0.4902547887619408,0.4136357547647857,2.18,1.0469508904479223,V0.6,-0.024508575132121402,-0.09827405461276706,-1.0,-2.5% to 0%
2024_25_20250402_BOU_IPS,2024_25,2025-04-02,BOU,IPS,1,0.6253101736972705,0.5772601348325311,0.6238228849922769,1.51,1.059077052454536,V0.6,-0.0014872887049935946,-0.058027443661661904,0.51,-2.5% to 0%
2024_25_20250402_BRI_AVL,2024_25,2025-04-02,BRI,AVL,1,0.6,0.508944549020855,0.5613254679671135,1.58,1.0548523206751057,V0.6,-0.03867453203288651,-0.11310576061196065,0.5800000000000001,-5% to -2.5%
2024_25_20250402_LIV_EVE,2024_25,2025-04-02,LIV,EVE,0,0.5392670157068064,0.5726920469842796,0.467338574849069,1.76,1.0536187113857016,V0.6,-0.07192844085773736,-0.17748410826563854,-1.0,-10% to -5%
2024_25_20250402_MCI_LEI,2024_25,2025-04-02,MCI,LEI,0,0.6842105263157895,0.6335620695180395,0.6545246605243,1.38,1.0590858416945377,V0.6,-0.029685865791489463,-0.09675596847646606,-1.0,-5% to -2.5%
2024_25_20250402_NEW_BRE,2024_25,2025-04-02,NEW,BRE,1,0.6473429951690821,0.5622000087713495,0.6517904994073338,1.46,1.058065835207524,V0.6,0.004447504238251687,-0.04838587086529267,0.45999999999999996,0% to 2.5%
2024_25_20250402_SOU_CRY,2024_25,2025-04-02,SOU,CRY,0,0.5328083989501312,0.491330402859973,0.5011714664013383,1.78,1.0544085902474123,V0.6,-0.03163693254879296,-0.10791478980561786,-1.0,-5% to -2.5%
2024_25_20250403_CHE_TOT,2024_25,2025-04-03,CHE,TOT,0,0.6774941995359629,0.5909528072849884,0.6760616939924614,1.39,1.0618902138563122,V0.6,-0.0014325055435014944,-0.06027424535047876,-1.0,-2.5% to 0%
2024_25_20250405_AVL_NFO,2024_25,2025-04-05,AVL,NFO,1,0.5352480417754569,0.5453592866414101,0.4978731296091805,1.78,1.0496026308577693,V0.6,-0.03737491216627642,-0.11378582929565872,0.78,-5% to -2.5%
2024_25_20250405_CRY_BRI,2024_25,2025-04-05,CRY,BRI,1,0.5340314136125655,0.5086024908391719,0.5042805880839228,1.78,1.0519938312403614,V0.6,-0.02975082552864261,-0.10238055321061734,0.78,-5% to -2.5%
2024_25_20250405_EVE_ARS,2024_25,2025-04-05,EVE,ARS,0,0.4025316455696203,0.5492464305190706,0.3658166202849884,2.36,1.052659631169385,V0.6,-0.036715025284631886,-0.13667277612742745,-1.0,-5% to -2.5%
2024_25_20250405_IPS_WOL,2024_25,2025-04-05,IPS,WOL,1,0.4581151832460733,0.474458098252628,0.4245418744937553,2.07,1.054520358868185,V0.6,-0.03357330875231801,-0.12119831979792661,1.0699999999999998,-5% to -2.5%
2024_25_20250405_WHU_BOU,2024_25,2025-04-05,WHU,BOU,1,0.5287958115183247,0.5162152230708911,0.5003656752632342,1.8,1.0506050605060506,V0.6,-0.0284301362550905,-0.09934178452617848,0.8,-5% to -2.5%
2024_25_20250406_BRE_CHE,2024_25,2025-04-06,BRE,CHE,0,0.6165413533834586,0.5499231138584292,0.6107290327378745,1.53,1.0600988362824806,V0.6,-0.005812320645584124,-0.06558457991105204,-1.0,-2.5% to 0%
2024_25_20250406_FUL_LIV,2024_25,2025-04-06,FUL,LIV,1,0.5287958115183247,0.5631428517971313,0.5261740957057987,1.8,1.0506050605060506,V0.6,-0.0026217158125260154,-0.05288662772956243,0.8,-2.5% to 0%
2024_25_20250406_MUN_MCI,2024_25,2025-04-06,MUN,MCI,0,0.5732647814910026,0.6213680677289536,0.5804577441095515,1.66,1.0508401318277596,V0.6,0.007192962618548959,-0.0364401447781445,-1.0,0% to 2.5%
2024_25_20250406_TOT_SOU,2024_25,2025-04-06,TOT,SOU,1,0.6827586206896552,0.5677465473224621,0.6665163240824485,1.38,1.0613380178597571,V0.6,-0.016242296607206663,-0.08020747276622109,0.3799999999999999,-2.5% to 0%
2024_25_20250407_LEI_NEW,2024_25,2025-04-07,LEI,NEW,1,0.5928753180661578,0.5229144326504697,0.5931055961964439,1.6,1.0541845493562232,V0.6,0.0002302781302860879,-0.05103104608568976,0.6000000000000001,0% to 2.5%
2024_25_20250412_ARS_BRE,2024_25,2025-04-12,ARS,BRE,0,0.5378590078328982,0.5374699652541453,0.5084921128498119,1.77,1.0504086446163128,V0.6,-0.02936689498308631,-0.0999689602558329,-1.0,-5% to -2.5%
2024_25_20250412_BRI_LEI,2024_25,2025-04-12,BRI,LEI,1,0.5913705583756345,0.5473412152934034,0.6012615353072494,1.61,1.0503025617785835,V0.6,0.009890976931614892,-0.03196892815532848,0.6100000000000001,0% to 2.5%
2024_25_20250412_MCI_CRY,2024_25,2025-04-12,MCI,CRY,1,0.6184538653366584,0.573064769091303,0.5653211581200218,1.53,1.056820577693443,V0.6,-0.05313270721663654,-0.1350586280763666,0.53,-10% to -5%
2024_25_20250412_NFO_EVE,2024_25,2025-04-12,NFO,EVE,0,0.4293059125964009,0.5433948405389949,0.383307206765883,2.22,1.0492528456600314,V0.6,-0.045998705830517905,-0.14905800097973976,-1.0,-5% to -2.5%
2024_25_20250412_SOU_AVL,2024_25,2025-04-12,SOU,AVL,1,0.5984848484848484,0.5226154160439319,0.6048543636481267,1.59,1.0508717458801051,V0.6,0.0063695151632783276,-0.0382815617994785,0.5900000000000001,0% to 2.5%
2024_25_20250413_CHE_IPS,2024_25,2025-04-13,CHE,IPS,1,0.6595238095238095,0.5634173160113052,0.6455917981509036,1.43,1.0603115296256092,V0.6,-0.013932011372905895,-0.07680372864420781,0.42999999999999994,-2.5% to 0%
2024_25_20250413_LIV_WHU,2024_25,2025-04-13,LIV,WHU,1,0.6228287841191067,0.5732267894911045,0.5837467907949888,1.52,1.0563011113440974,V0.6,-0.03908199332411788,-0.11270487799161699,0.52,-5% to -2.5%
2024_25_20250413_NEW_MUN,2024_25,2025-04-13,NEW,MUN,1,0.5805626598465473,0.5335280392060193,0.5625774327701313,1.64,1.050284731922209,V0.6,-0.017985227076416033,-0.07737301025698473,0.6399999999999999,-2.5% to 0%
2024_25_20250413_WOL_TOT,2024_25,2025-04-13,WOL,TOT,1,0.5732647814910026,0.5192005999703303,0.5710299678914411,1.66,1.0508401318277596,V0.6,-0.002234813599561458,-0.05209025330020778,0.6599999999999999,-2.5% to 0%
2024_25_20250414_BOU_FUL,2024_25,2025-04-14,BOU,FUL,0,0.5468749999999999,0.5303110504522015,0.5235305465397383,1.74,1.0509031198686372,V0.6,-0.023344453460261594,-0.08905684902085542,-1.0,-2.5% to 0%
2024_25_20250416_NEW_CRY,2024_25,2025-04-16,NEW,CRY,1,0.5633074935400517,0.5191084014632077,0.5038300638345489,1.69,1.0504315726616362,V0.6,-0.05947742970550285,-0.1485271921196124,0.69,-10% to -5%
2024_25_20250419_AVL_NEW,2024_25,2025-04-19,AVL,NEW,1,0.5831202046035805,0.5556139150304062,0.562194017184148,1.63,1.0520934237434076,V0.6,-0.02092618741943253,-0.08362375198983885,0.6299999999999999,-2.5% to 0%
2024_25_20250419_BRE_BRI,2024_25,2025-04-19,BRE,BRI,1,0.5984848484848484,0.5215390518676771,0.5932012882259503,1.59,1.0508717458801051,V0.6,-0.00528356025889809,-0.056809951720738994,0.5900000000000001,-2.5% to 0%
2024_25_20250419_CRY_BOU,2024_25,2025-04-19,CRY,BOU,0,0.5340314136125655,0.5326360054613148,0.5076377885822441,1.78,1.0519938312403614,V0.6,-0.026393625030321388,-0.09640473632360558,-1.0,-5% to -2.5%
2024_25_20250419_EVE_MCI,2024_25,2025-04-19,EVE,MCI,0,0.5221932114882506,0.5987416723212392,0.5456897386880721,1.83,1.046448087431694,V0.6,0.023496527199821537,-0.001387778200827916,-1.0,0% to 2.5%
2024_25_20250419_WHU_SOU,2024_25,2025-04-19,WHU,SOU,0,0.5658914728682171,0.5170190672215207,0.5638609335364907,1.68,1.0518590998043054,V0.6,-0.0020305393317263665,-0.05271363165869569,-1.0,-2.5% to 0%
2024_25_20250420_FUL_CHE,2024_25,2025-04-20,FUL,CHE,1,0.5261780104712042,0.5226423275322042,0.5271777774433748,1.81,1.0499986256562492,V0.6,0.0009997669721706348,-0.04580822282749164,0.81,0% to 2.5%
2024_25_20250420_IPS_ARS,2024_25,2025-04-20,IPS,ARS,1,0.5532467532467532,0.5180507165882363,0.5590047236536283,1.72,1.0508789169123267,V0.6,0.00575797040687509,-0.03851187531575939,0.72,0% to 2.5%
2024_25_20250420_LEI_LIV,2024_25,2025-04-20,LEI,LIV,0,0.6555023923444976,0.564196567524345,0.6666722300245259,1.44,1.0594079480940797,V0.6,0.011169837680028327,-0.039991988764682684,-1.0,0% to 2.5%
2024_25_20250420_MUN_WOL,2024_25,2025-04-20,MUN,WOL,0,0.4947643979057591,0.4777987013233297,0.4439732158162686,1.93,1.047235244126436,V0.6,-0.050791182089490516,-0.14313169347460164,-1.0,-10% to -5%
2024_25_20250421_TOT_NFO,2024_25,2025-04-21,TOT,NFO,1,0.601010101010101,0.5889931872519271,0.5847655728020368,1.58,1.053079459631954,V0.6,-0.016244528208064213,-0.0760703949727819,0.5800000000000001,-2.5% to 0%
2024_25_20250422_MCI_AVL,2024_25,2025-04-22,MCI,AVL,1,0.628992628992629,0.5976269405403016,0.5777475989087475,1.51,1.0528766556291391,V0.6,-0.05124503008388148,-0.12760112564779125,0.51,-10% to -5%
2024_25_20250423_ARS_CRY,2024_25,2025-04-23,ARS,CRY,1,0.5104712041884817,0.5173371118408546,0.4298516063890214,1.87,1.0475798711092827,V0.6,-0.08061959779946026,-0.19617749605252988,0.8700000000000001,-10% to -5%
2024_25_20250426_BRI_WHU,2024_25,2025-04-26,BRI,WHU,1,0.5695876288659795,0.5217605229303632,0.5520196141729643,1.67,1.0512910829923865,V0.6,-0.017568014693015166,-0.0781272443311497,0.6699999999999999,-2.5% to 0%
2024_25_20250426_CHE_EVE,2024_25,2025-04-26,CHE,EVE,0,0.5157068062827225,0.5087641625817999,0.489800450715209,1.85,1.04815475373851,V0.6,-0.025906355567513473,-0.09386916617686325,-1.0,-5% to -2.5%
2024_25_20250426_NEW_IPS,2024_25,2025-04-26,NEW,IPS,1,0.7035398230088495,0.5516358875869648,0.6533445476808032,1.34,1.0607340655214492,V0.6,-0.05019527532804635,-0.12451830610772363,0.3400000000000001,-10% to -5%
2024_25_20250426_SOU_FUL,2024_25,2025-04-26,SOU,FUL,1,0.5546875,0.4869015160117797,0.5319449616089836,1.71,1.054278889712544,V0.6,-0.022742538391016365,-0.09037411564863795,0.71,-2.5% to 0%
2024_25_20250426_WOL_LEI,2024_25,2025-04-26,WOL,LEI,1,0.5442708333333333,0.5042545576431031,0.5231916410520775,1.75,1.0498974709501026,V0.6,-0.021079192281255765,-0.08441462815886436,0.75,-2.5% to 0%
2024_25_20250427_BOU_MUN,2024_25,2025-04-27,BOU,MUN,0,0.5670103092783505,0.508754829927254,0.5752649897321818,1.68,1.0497835497835497,V0.6,0.008254680453831265,-0.0335548172499347,-1.0,0% to 2.5%
2024_25_20250427_LIV_TOT,2024_25,2025-04-27,LIV,TOT,1,0.7206823027718551,0.6070757983448456,0.6918926057376862,1.31,1.0592167667916346,V0.6,-0.028789697034168893,-0.09362068648363109,0.31000000000000005,-5% to -2.5%
2024_25_20250501_NFO_BRE,2024_25,2025-05-01,NFO,BRE,0,0.5326370757180157,0.5395915057813929,0.5088185295749873,1.79,1.0488552963084674,V0.6,-0.023818546143028363,-0.08921483206077274,-1.0,-2.5% to 0%
2024_25_20250502_MCI_WOL,2024_25,2025-05-02,MCI,WOL,0,0.6228287841191067,0.5480512385677251,0.5485931743324325,1.52,1.0563011113440974,V0.6,-0.0742356097866742,-0.16613837501470263,-1.0,-10% to -5%
2024_25_20250503_ARS_BOU,2024_25,2025-05-03,ARS,BOU,1,0.5195822454308094,0.5275462738717916,0.4662768010974701,1.84,1.0459908236836355,V0.6,-0.053305444333339336,-0.14205068598065496,0.8400000000000001,-10% to -5%
2024_25_20250503_AVL_FUL,2024_25,2025-05-03,AVL,FUL,0,0.5520833333333334,0.5110294293746087,0.4878149730082383,1.72,1.0530934620447563,V0.6,-0.06426836032509509,-0.16095824642583012,-1.0,-10% to -5%
2024_25_20250503_EVE_IPS,2024_25,2025-05-03,EVE,IPS,1,0.5052356020942408,0.5074325444621632,0.4879718912644229,1.89,1.047235244126436,V0.6,-0.01726371082981787,-0.0777331255102407,0.8899999999999999,-2.5% to 0%
2024_25_20250503_LEI_SOU,2024_25,2025-05-03,LEI,SOU,0,0.5456919060052219,0.5128606457666492,0.5427123788579901,1.74,1.053181543199692,V0.6,-0.0029795271472318197,-0.05568046078709732,-1.0,-2.5% to 0%
2024_25_20250504_BRE_MUN,2024_25,2025-05-04,BRE,MUN,1,0.5695876288659795,0.5212274056688835,0.5552573182290675,1.67,1.0512910829923865,V0.6,-0.014330310636911925,-0.07272027855745722,0.6699999999999999,-2.5% to 0%
2024_25_20250504_BRI_NEW,2024_25,2025-05-04,BRI,NEW,0,0.6144278606965174,0.5861559198075805,0.6163539645800865,1.55,1.0500195899177225,V0.6,0.0019261038835690636,-0.044651354900865914,-1.0,0% to 2.5%
2024_25_20250504_CHE_LIV,2024_25,2025-05-04,CHE,LIV,1,0.6140350877192983,0.5763980505372415,0.596277048009103,1.54,1.0575139146567718,V0.6,-0.017758039710195295,-0.08173334606598137,0.54,-2.5% to 0%
2024_25_20250504_WHU_TOT,2024_25,2025-05-04,WHU,TOT,0,0.606060606060606,0.5389182185095159,0.5831679015523087,1.56,1.0576923076923077,V0.6,-0.02289270450829728,-0.09025807357839843,-1.0,-2.5% to 0%
2024_25_20250505_CRY_NFO,2024_25,2025-05-05,CRY,NFO,0,0.486910994764398,0.5251374619777193,0.4660280255114969,1.96,1.0478384902348037,V0.6,-0.020882969252901062,-0.08658506999746607,-1.0,-2.5% to 0%
2024_25_20250510_BOU_AVL,2024_25,2025-05-10,BOU,AVL,0,0.5913705583756345,0.5164453651444046,0.5918110883513356,1.61,1.0503025617785835,V0.6,0.0004405299757010983,-0.04718414775434965,-1.0,0% to 2.5%
2024_25_20250510_FUL_EVE,2024_25,2025-05-10,FUL,EVE,1,0.4673629242819843,0.4624732155724227,0.4299106751508025,2.04,1.0488552963084674,V0.6,-0.03745224913118178,-0.12298222269236292,1.04,-5% to -2.5%
2024_25_20250510_IPS_BRE,2024_25,2025-05-10,IPS,BRE,0,0.6253101736972705,0.5318533676576124,0.6345781543168519,1.51,1.059077052454536,V0.6,0.00926798061958145,-0.04178698698155359,-1.0,0% to 2.5%
2024_25_20250510_SOU_MCI,2024_25,2025-05-10,SOU,MCI,0,0.7076923076923077,0.5467728234005884,0.7336552235045167,1.33,1.0624387054593003,V0.6,0.025962915812208998,-0.02423855273899267,-1.0,2.5% to 5%
2024_25_20250510_WOL_BRI,2024_25,2025-05-10,WOL,BRI,0,0.5506493506493506,0.4981568149569076,0.5065596850583763,1.73,1.049732795288472,V0.6,-0.04408966559097427,-0.12365174484900898,-1.0,-5% to -2.5%
2024_25_20250511_LIV_ARS,2024_25,2025-05-11,LIV,ARS,1,0.5558441558441558,0.5936339727850718,0.4957538965678714,1.71,1.0520850412635951,V0.6,-0.06009025927628442,-0.15226083686893999,0.71,-10% to -5%
2024_25_20250511_MUN_WHU,2024_25,2025-05-11,MUN,WHU,0,0.5404699738903395,0.5152150190253241,0.4972801280639609,1.76,1.0512736056214318,V0.6,-0.04318984582637858,-0.12478697460742882,-1.0,-5% to -2.5%
2024_25_20250511_NEW_CHE,2024_25,2025-05-11,NEW,CHE,0,0.6105527638190955,0.5495783552026166,0.5694540742776633,1.55,1.0566839240674366,V0.6,-0.041098689541432254,-0.1173461848696219,-1.0,-5% to -2.5%
2024_25_20250511_NFO_LEI,2024_25,2025-05-11,NFO,LEI,1,0.5721649484536083,0.529428561793061,0.5789323364925968,1.66,1.052860089004667,V0.6,0.006767388038988464,-0.03897232142228935,0.6599999999999999,0% to 2.5%
2024_25_20250511_TOT_CRY,2024_25,2025-05-11,TOT,CRY,0,0.6165413533834586,0.5365606308792426,0.5492464578394649,1.53,1.0600988362824806,V0.6,-0.0672948955439937,-0.15965291950561866,-1.0,-10% to -5%
2024_25_20250516_AVL_TOT,2024_25,2025-05-16,AVL,TOT,0,0.690744920993228,0.5572319023222837,0.6754218842256862,1.37,1.056724392920185,V0.6,-0.015323036767541875,-0.07467201861080985,-1.0,-2.5% to 0%
2024_25_20250516_CHE_MUN,2024_25,2025-05-16,CHE,MUN,0,0.6356968215158926,0.517020714077743,0.602047986028349,1.49,1.0557563242127,V0.6,-0.033648835487543605,-0.10294850081776008,-1.0,-5% to -2.5%
2024_25_20250518_ARS_NEW,2024_25,2025-05-18,ARS,NEW,0,0.5378590078328982,0.5440442593240468,0.4695477542050862,1.77,1.0504086446163128,V0.6,-0.06831125362781199,-0.16890047505699735,-1.0,-10% to -5%
2024_25_20250518_BRE_FUL,2024_25,2025-05-18,BRE,FUL,1,0.5903307888040712,0.5085589393460358,0.5505610253675773,1.61,1.0521524951809809,V0.6,-0.039769763436493855,-0.1135967491582004,0.6100000000000001,-5% to -2.5%
2024_25_20250518_EVE_SOU,2024_25,2025-05-18,EVE,SOU,0,0.5326370757180157,0.4807997198981908,0.5215801674495208,1.79,1.0488552963084674,V0.6,-0.011056908268494814,-0.06637150026535765,-1.0,-2.5% to 0%
2024_25_20250518_LEI_IPS,2024_25,2025-05-18,LEI,IPS,0,0.548051948051948,0.5063475114920581,0.517315749468114,1.74,1.0486462929672604,V0.6,-0.03073619858383403,-0.09987059592548164,-1.0,-5% to -2.5%
2024_25_20250518_WHU_NFO,2024_25,2025-05-18,WHU,NFO,1,0.4934725848563968,0.4853015034253026,0.4506226870239456,1.94,1.0445644466263024,V0.6,-0.04284989783245119,-0.12579198717354556,0.94,-5% to -2.5%
2024_25_20250519_BRI_LIV,2024_25,2025-05-19,BRI,LIV,1,0.6506024096385543,0.5800002755756474,0.6353124433631394,1.45,1.0600255427841634,V0.6,-0.015289966275414901,-0.07879695712344792,0.44999999999999996,-2.5% to 0%
2024_25_20250520_CRY_WOL,2024_25,2025-05-20,CRY,WOL,1,0.4790575916230366,0.4872700980445764,0.4471387875385973,1.99,1.0489606502457642,V0.6,-0.03191880408443931,-0.11019381279819129,0.99,-5% to -2.5%
2024_25_20250520_MCI_BOU,2024_25,2025-05-20,MCI,BOU,1,0.6253101736972705,0.5639359755318751,0.5714148487453042,1.51,1.059077052454536,V0.6,-0.05389532495196625,-0.1371635783945906,0.51,-10% to -5%
2024_25_20250525_BOU_LEI,2024_25,2025-05-25,BOU,LEI,0,0.6464891041162226,0.5212940143709371,0.6598570361292322,1.46,1.0594633420553077,V0.6,0.013367932013009565,-0.03660872725132103,-1.0,0% to 2.5%
2024_25_20250525_FUL_MCI,2024_25,2025-05-25,FUL,MCI,0,0.6253101736972705,0.5740740951194799,0.6463187963770477,1.51,1.059077052454536,V0.6,0.02100862267977721,-0.02405861747065796,-1.0,0% to 2.5%
2024_25_20250525_IPS_WHU,2024_25,2025-05-25,IPS,WHU,1,0.6314496314496314,0.4952818382635658,0.6636692882221052,1.5,1.0557717250324254,V0.6,0.03221965677247385,-0.004496067666842185,0.5,2.5% to 5%
2024_25_20250525_LIV_CRY,2024_25,2025-05-25,LIV,CRY,0,0.7251585623678646,0.6013976567629434,0.696068402281683,1.3,1.0607759587351424,V0.6,-0.029090160086181593,-0.09511107703381205,-1.0,-5% to -2.5%
2024_25_20250525_MUN_AVL,2024_25,2025-05-25,MUN,AVL,0,0.5949367088607596,0.512455487162901,0.5886466002702924,1.6,1.050531914893617,V0.6,-0.006290108590467192,-0.05816543956753217,-1.0,-2.5% to 0%
2024_25_20250525_NEW_EVE,2024_25,2025-05-25,NEW,EVE,0,0.6296296296296295,0.5126555364659121,0.6114777082927859,1.5,1.0588235294117647,V0.6,-0.018151921336843624,-0.08278343756082118,-1.0,-2.5% to 0%
2024_25_20250525_NFO_CHE,2024_25,2025-05-25,NFO,CHE,0,0.5695876288659795,0.5018333027636751,0.5592336111545031,1.67,1.0512910829923865,V0.6,-0.010354017711476371,-0.06607986937197985,-1.0,-2.5% to 0%
2024_25_20250525_SOU_ARS,2024_25,2025-05-25,SOU,ARS,1,0.6423357664233577,0.5009649372531763,0.6496550914067644,1.47,1.0590599876314162,V0.6,0.007319324983406705,-0.045007015632056446,0.47,0% to 2.5%
2024_25_20250525_TOT_BRI,2024_25,2025-05-25,TOT,BRI,1,0.7167381974248926,0.5704896382924549,0.7107461768938794,1.32,1.056976955180548,V0.6,-0.00599202053101322,-0.061815046500079074,0.32000000000000006,-2.5% to 0%
2024_25_20250525_WOL_BRE,2024_25,2025-05-25,WOL,BRE,0,0.6296296296296295,0.5177927836644782,0.6138710150663551,1.5,1.0588235294117647,V0.6,-0.01575861456327443,-0.07919347740046734,-1.0,-2.5% to 0%
2025_26_20250815_LIV_BOU,2025_26,2025-08-15,LIV,BOU,1,0.6986607142857143,0.5887267353616414,0.6498995082954107,1.35,1.0602295586321144,V0.6,-0.04876120599030365,-0.1226356638011955,0.3500000000000001,-5% to -2.5%
2025_26_20250816_AVL_NEW,2025_26,2025-08-16,AVL,NEW,0,0.582901554404145,0.5550429686652109,0.5590647449283204,1.61,1.0655624568668047,V0.6,-0.023836809475824672,-0.09990576066540413,-1.0,-2.5% to 0%
2025_26_20250816_BRI_FUL,2025_26,2025-08-16,BRI,FUL,0,0.5488126649076518,0.5283597695931949,0.4548269253941477,1.71,1.0655645524066577,V0.6,-0.09398573951350409,-0.2222459575760074,-1.0,-10% to -5%
2025_26_20250816_SUN_WHU,2025_26,2025-08-16,SUN,WHU,1,0.5,0.4854063685488206,0.4420726415377983,1.88,1.0638297872340423,V0.6,-0.057927358462201706,-0.16890343390893925,0.8799999999999999,-10% to -5%
2025_26_20250816_TOT_BUR,2025_26,2025-08-16,TOT,BUR,1,0.5654450261780105,0.5481299318873113,0.4944465386384897,1.66,1.0653726015171798,V0.6,-0.07099848753952082,-0.1792187458601071,0.6599999999999999,-10% to -5%
2025_26_20250816_WOL_MCI,2025_26,2025-08-16,WOL,MCI,1,0.582901554404145,0.5671501356809258,0.5567698405820126,1.61,1.0655624568668047,V0.6,-0.02613171382213242,-0.10360055666295964,0.6100000000000001,-5% to -2.5%
2025_26_20250817_CHE_CRY,2025_26,2025-08-17,CHE,CRY,0,0.5766233766233767,0.5379134113824122,0.527897527838702,1.63,1.0639473829657875,V0.6,-0.048725848784674675,-0.13952702962291574,-1.0,-5% to -2.5%
2025_26_20250817_MUN_ARS,2025_26,2025-08-17,MUN,ARS,0,0.5225464190981433,0.5315619216035145,0.4408616972709527,1.8,1.063169768753525,V0.6,-0.08168472182719055,-0.20644894491228516,-1.0,-10% to -5%
2025_26_20250817_NFO_BRE,2025_26,2025-08-17,NFO,BRE,1,0.4880000000000001,0.5350743167079433,0.4073752447803863,1.92,1.0672814207650272,V0.6,-0.08062475521961382,-0.21783953002165835,0.9199999999999999,-10% to -5%
2025_26_20250818_LEE_EVE,2025_26,2025-08-18,LEE,EVE,0,0.4538258575197889,0.5181054843642147,0.3690256016448799,2.07,1.064487136276823,V0.6,-0.08480025587490897,-0.23611700459509866,-1.0,-10% to -5%
2025_26_20250822_WHU_CHE,2025_26,2025-08-22,WHU,CHE,1,0.5485564304461943,0.5038449212546854,0.4926329819129995,1.72,1.0598642483587404,V0.6,-0.05592344853319481,-0.15267127110964096,0.72,-10% to -5%
2025_26_20250823_ARS_LEE,2025_26,2025-08-23,ARS,LEE,1,0.6055979643765903,0.6428701778654645,0.5668306643101909,1.55,1.0653293575494711,V0.6,-0.03876730006639939,-0.1214124703192041,0.55,-5% to -2.5%
2025_26_20250823_BOU_WOL,2025_26,2025-08-23,BOU,WOL,0,0.544973544973545,0.480056751847248,0.4554478073614739,1.72,1.0668322420410927,V0.6,-0.08952573761207111,-0.2166297713382649,-1.0,-10% to -5%
2025_26_20250823_BRE_AVL,2025_26,2025-08-23,BRE,AVL,0,0.5305039787798408,0.5500090176996576,0.4759292174488632,1.77,1.0649717514124295,V0.6,-0.054574761330977606,-0.1576052851155122,-1.0,-10% to -5%
2025_26_20250823_BUR_SUN,2025_26,2025-08-23,BUR,SUN,0,0.4145077720207254,0.4815675495165812,0.3194243288293134,2.26,1.0674778761061947,V0.6,-0.09508344319141204,-0.27810101684575184,-1.0,-10% to -5%
2025_26_20250823_MCI_TOT,2025_26,2025-08-23,MCI,TOT,0,0.642156862745098,0.6573525073577718,0.5788027713209519,1.46,1.0666108961622922,V0.6,-0.06335409142414605,-0.15494795387141025,-1.0,-10% to -5%
2025_26_20250824_CRY_NFO,2025_26,2025-08-24,CRY,NFO,0,0.4576719576719577,0.491325995545724,0.3520976962635765,2.05,1.0658395601297057,V0.6,-0.10557426140838116,-0.2781997226596682,-1.0,< -10%
2025_26_20250824_EVE_BRI,2025_26,2025-08-24,EVE,BRI,0,0.4668435013262599,0.520481899654086,0.3910281815056211,2.01,1.0656942559927636,V0.6,-0.07581531982063883,-0.2140333551737017,-1.0,-10% to -5%
2025_26_20250824_FUL_MUN,2025_26,2025-08-24,FUL,MUN,0,0.5292553191489361,0.4886160579157145,0.4499096470937458,1.77,1.0674843142264998,V0.6,-0.07934567205519027,-0.2036599246440699,-1.0,-10% to -5%
2025_26_20250825_NEW_LIV,2025_26,2025-08-25,NEW,LIV,1,0.6136363636363636,0.5967108195639365,0.5635826489955258,1.53,1.065117404986686,V0.6,-0.050053714640837854,-0.1377185470368455,0.53,-10% to -5%
2025_26_20250830_CHE_FUL,2025_26,2025-08-30,CHE,FUL,0,0.5639686684073107,0.5253399240913942,0.5004749432847612,1.67,1.061765358172544,V0.6,-0.06349372512254958,-0.1642068447144489,-1.0,-10% to -5%
2025_26_20250830_LEE_NEW,2025_26,2025-08-30,LEE,NEW,0,0.53315649867374,0.5725739137964765,0.4971571879120551,1.76,1.0656942559927636,V0.6,-0.035999310761684944,-0.12500334927478307,-1.0,-5% to -2.5%
2025_26_20250830_MUN_BUR,2025_26,2025-08-30,MUN,BUR,1,0.5680628272251308,0.4830663426557111,0.4930226556609806,1.65,1.0668900991481638,V0.6,-0.07504017156415022,-0.18651261815938214,0.6499999999999999,-10% to -5%
2025_26_20250830_SUN_BRE,2025_26,2025-08-30,SUN,BRE,1,0.4588859416445623,0.5154830819511841,0.3897593176286792,2.04,1.0682307605122974,V0.6,-0.0691266240158831,-0.2048909920374944,1.04,-10% to -5%
2025_26_20250830_TOT_BOU,2025_26,2025-08-30,TOT,BOU,0,0.6071428571428571,0.5615915198973134,0.5249167590660488,1.54,1.0695187165775402,V0.6,-0.08222609807680825,-0.19162819103828477,-1.0,-10% to -5%
2025_26_20250830_WOL_EVE,2025_26,2025-08-30,WOL,EVE,1,0.431937172774869,0.4869537783214948,0.3621391766080019,2.17,1.0668900991481638,V0.6,-0.0697979961668671,-0.2141579867606359,1.17,-10% to -5%
2025_26_20250831_AVL_CRY,2025_26,2025-08-31,AVL,CRY,1,0.4813829787234043,0.5336942838017069,0.4327049754068274,1.95,1.0653067006658168,V0.6,-0.0486780033165769,-0.1562252979566866,0.95,-5% to -2.5%
2025_26_20250831_BRI_MCI,2025_26,2025-08-31,BRI,MCI,1,0.596401028277635,0.5788590872191405,0.538153511194527,1.57,1.0679771579178563,V0.6,-0.058247517083107936,-0.1550989874245925,0.5700000000000001,-10% to -5%
2025_26_20250831_LIV_ARS,2025_26,2025-08-31,LIV,ARS,0,0.5435356200527705,0.6520139453688985,0.4562702274770551,1.73,1.0634715752848083,V0.6,-0.08726539257571536,-0.2106525064646947,-1.0,-10% to -5%
2025_26_20250831_NFO_WHU,2025_26,2025-08-31,NFO,WHU,1,0.4840425531914894,0.5271676407662836,0.389632674837654,1.94,1.0649144669763226,V0.6,-0.09440987835383541,-0.24411261081495128,0.94,-10% to -5%
2025_26_20250913_ARS_NFO,2025_26,2025-09-13,ARS,NFO,1,0.5552631578947369,0.5513479081802107,0.4602480332408388,1.69,1.0656496256204604,V0.6,-0.09501512465389811,-0.22218082382298243,0.69,-10% to -5%
2025_26_20250913_BOU_BRI,2025_26,2025-09-13,BOU,BRI,1,0.5616797900262467,0.5227193189603875,0.5076743344465424,1.67,1.0660921148357492,V0.6,-0.054005455579704265,-0.1521838614742742,0.6699999999999999,-10% to -5%
2025_26_20250913_BRE_CHE,2025_26,2025-09-13,BRE,CHE,1,0.5538057742782152,0.5744601571502741,0.5161391990275128,1.7,1.0621689434067467,V0.6,-0.03766657525070238,-0.12256336165322823,0.7,-5% to -2.5%
2025_26_20250913_CRY_SUN,2025_26,2025-09-13,CRY,SUN,0,0.4511873350923483,0.4604170480247539,0.3315211717792015,2.08,1.0655645524066577,V0.6,-0.11966616331314683,-0.3104359626992609,-1.0,< -10%
2025_26_20250913_EVE_AVL,2025_26,2025-09-13,EVE,AVL,0,0.4656084656084655,0.4729942762815764,0.3798034536289294,2.02,1.0632313231323134,V0.6,-0.0858050119795361,-0.23279702366956256,-1.0,-10% to -5%
2025_26_20250913_FUL_LEE,2025_26,2025-09-13,FUL,LEE,0,0.4734042553191488,0.5287957826289176,0.3914784309017325,1.98,1.066848257859494,V0.6,-0.0819258244174163,-0.2248727068145696,-1.0,-10% to -5%
2025_26_20250913_NEW_WOL,2025_26,2025-09-13,NEW,WOL,0,0.5396825396825397,0.5019567466696354,0.4659102973765675,1.74,1.0649087221095337,V0.6,-0.07377224230597218,-0.18931608256477261,-1.0,-10% to -5%
2025_26_20250913_WHU_TOT,2025_26,2025-09-13,WHU,TOT,1,0.5343915343915343,0.6030879523428807,0.4892786827047951,1.76,1.0632313231323134,V0.6,-0.04511285168673923,-0.13886951843956064,0.76,-5% to -2.5%
2025_26_20250914_BUR_LIV,2025_26,2025-09-14,BUR,LIV,0,0.6161616161616161,0.5743736682528953,0.5759878358596057,1.52,1.0677308024158758,V0.6,-0.040173780302010464,-0.12449848949339937,-1.0,-5% to -2.5%
2025_26_20250914_MCI_MUN,2025_26,2025-09-14,MCI,MUN,1,0.6055979643765903,0.6255480620376073,0.5418999485119383,1.55,1.0653293575494711,V0.6,-0.06369801586465196,-0.16005507980649558,0.55,-10% to -5%
2025_26_20250920_BRI_TOT,2025_26,2025-09-20,BRI,TOT,1,0.5729166666666667,0.5850262311078768,0.5324550629333749,1.64,1.06430155210643,V0.6,-0.040461603733291884,-0.1267736967892653,0.6399999999999999,-5% to -2.5%
2025_26_20250920_BUR_NFO,2025_26,2025-09-20,BUR,NFO,0,0.4840425531914894,0.5012487412175346,0.4113665717214983,1.94,1.0649144669763226,V0.6,-0.0726759814699911,-0.20194885086029324,-1.0,-10% to -5%
2025_26_20250920_FUL_BRE,2025_26,2025-09-20,FUL,BRE,1,0.493368700265252,0.5534897952788121,0.4605280091537513,1.91,1.0611946180262342,V0.6,-0.032840691111500675,-0.12039150251633501,0.9099999999999999,-5% to -2.5%
2025_26_20250920_LIV_EVE,2025_26,2025-09-20,LIV,EVE,1,0.5891472868217055,0.582359020219841,0.5136799443918011,1.59,1.067527308838133,V0.6,-0.07546734242990438,-0.18324888841703624,0.5900000000000001,-10% to -5%
2025_26_20250920_MUN_CHE,2025_26,2025-09-20,MUN,CHE,1,0.596401028277635,0.5259450067056075,0.5333453094118092,1.57,1.0679771579178563,V0.6,-0.06305571886582573,-0.16264786422345945,0.5700000000000001,-10% to -5%
2025_26_20250920_WHU_CRY,2025_26,2025-09-20,WHU,CRY,1,0.4748010610079576,0.5191072958147512,0.4082908408845906,1.98,1.0637097229276,V0.6,-0.06651022012336699,-0.19158413504851057,0.98,-10% to -5%
2025_26_20250920_WOL_LEE,2025_26,2025-09-20,WOL,LEE,1,0.421875,0.5372175321649921,0.3486894694388626,2.22,1.0677344010677343,V0.6,-0.07318553056113741,-0.22590937784572496,1.2200000000000002,-10% to -5%
2025_26_20250921_ARS_MCI,2025_26,2025-09-21,ARS,MCI,0,0.5305039787798408,0.5949570267976364,0.4277869788725026,1.77,1.0649717514124295,V0.6,-0.10271699990733818,-0.24281704739567034,-1.0,< -10%
2025_26_20250921_BOU_NEW,2025_26,2025-09-21,BOU,NEW,0,0.5225464190981433,0.4824101487708,0.4624791005162132,1.8,1.063169768753525,V0.6,-0.06006731858193004,-0.1675376190708162,-1.0,-10% to -5%
2025_26_20250921_SUN_AVL,2025_26,2025-09-21,SUN,AVL,0,0.4485488126649077,0.443114568793613,0.3684315938712422,2.09,1.066704193639178,V0.6,-0.08011721879366551,-0.22997796880910393,-1.0,-10% to -5%
2025_26_20250927_BRE_MUN,2025_26,2025-09-27,BRE,MUN,1,0.5751295336787565,0.5582941092333303,0.53006876719751,1.64,1.060206548011426,V0.6,-0.04506076648124657,-0.13068722179608372,0.6399999999999999,-5% to -2.5%
2025_26_20250927_CHE_BRI,2025_26,2025-09-27,CHE,BRI,1,0.5902061855670103,0.5490007320256174,0.5235408749469898,1.59,1.0656120403174865,V0.6,-0.06666531062002057,-0.1675700088342863,0.5900000000000001,-10% to -5%
2025_26_20250927_CRY_LIV,2025_26,2025-09-27,CRY,LIV,1,0.5461741424802111,0.5928569038519237,0.513481811051173,1.72,1.064487136276823,V0.6,-0.03269233142903816,-0.11681128499198257,0.72,-5% to -2.5%
2025_26_20250927_LEE_BOU,2025_26,2025-09-27,LEE,BOU,1,0.4801061007957559,0.5249223632431083,0.4194742893925903,1.96,1.062690269477957,V0.6,-0.06063181140316559,-0.17783039279052304,0.96,-10% to -5%
2025_26_20250927_MCI_BUR,2025_26,2025-09-27,MCI,BUR,1,0.657074340527578,0.5886014987991367,0.60326903079275,1.43,1.0642642029503344,V0.6,-0.053805309734828,-0.13732528596636762,0.42999999999999994,-10% to -5%
2025_26_20250927_NFO_SUN,2025_26,2025-09-27,NFO,SUN,0,0.4774535809018567,0.4905719511984927,0.4132974399533489,1.97,1.063169768753525,V0.6,-0.0641561409485078,-0.1858040432919027,-1.0,-10% to -5%
2025_26_20250927_TOT_WOL,2025_26,2025-09-27,TOT,WOL,0,0.5602094240837696,0.5318938509814921,0.4683077108245516,1.68,1.0625278148642634,V0.6,-0.09190171325921803,-0.2132430458147534,-1.0,-10% to -5%
2025_26_20250928_AVL_FUL,2025_26,2025-09-28,AVL,FUL,1,0.4447368421052632,0.4894305137728316,0.3853792014899008,2.11,1.0656496256204604,V0.6,-0.05935764061536242,-0.18684988485630938,1.1099999999999999,-10% to -5%
2025_26_20250928_NEW_ARS,2025_26,2025-09-28,NEW,ARS,1,0.4511873350923483,0.5254133471904174,0.3843380501201052,2.08,1.0655645524066577,V0.6,-0.06684928497224313,-0.20057685575018114,1.08,-10% to -5%
2025_26_20250929_EVE_WHU,2025_26,2025-09-29,EVE,WHU,0,0.4920212765957447,0.519224438737698,0.404314762621291,1.91,1.0641007499646242,V0.6,-0.08770651397445367,-0.2277588033933342,-1.0,-10% to -5%
2025_26_20251003_BOU_FUL,2025_26,2025-10-03,BOU,FUL,1,0.4894179894179895,0.5073687233326521,0.435623893597652,1.93,1.0586752555664471,V0.6,-0.05379409582033745,-0.1592458853565316,0.9299999999999999,-10% to -5%
2025_26_20251004_ARS_WHU,2025_26,2025-10-04,ARS,WHU,0,0.6190476190476191,0.5609546637992436,0.5397363644859109,1.52,1.062753036437247,V0.6,-0.07931125456170818,-0.1796007259814154,-1.0,-10% to -5%
2025_26_20251004_CHE_LIV,2025_26,2025-10-04,CHE,LIV,1,0.6136363636363636,0.6222141473395457,0.5712652962060786,1.53,1.065117404986686,V0.6,-0.04237106743028507,-0.12596409680469978,0.53,-5% to -2.5%
2025_26_20251004_LEE_TOT,2025_26,2025-10-04,LEE,TOT,1,0.5,0.5649190983946358,0.4644360943061104,1.89,1.0582010582010584,V0.6,-0.03556390569388962,-0.12221578176145143,0.8899999999999999,-5% to -2.5%
2025_26_20251004_MUN_SUN,2025_26,2025-10-04,MUN,SUN,0,0.574025974025974,0.52249549846443,0.5343561001015952,1.64,1.062244785343781,V0.6,-0.03966987392437882,-0.12365599583338394,-1.0,-5% to -2.5%
2025_26_20251005_AVL_BUR,2025_26,2025-10-05,AVL,BUR,1,0.4960212201591513,0.4835254699072636,0.4335439164667585,1.9,1.061075147762454,V0.6,-0.062477303692392794,-0.17626655871315888,0.8999999999999999,-10% to -5%
2025_26_20251005_BRE_MCI,2025_26,2025-10-05,BRE,MCI,0,0.6010230179028133,0.5896112242704045,0.5295875494392268,1.56,1.066557555919258,V0.6,-0.0714354684635865,-0.17384342287480614,-1.0,-10% to -5%
2025_26_20251005_EVE_CRY,2025_26,2025-10-05,EVE,CRY,1,0.4285714285714286,0.4748234825662519,0.3434682687040649,2.2,1.0606060606060606,V0.6,-0.08510315986736372,-0.2443698088510572,1.2000000000000002,-10% to -5%
2025_26_20251005_NEW_NFO,2025_26,2025-10-05,NEW,NFO,0,0.5564304461942258,0.4701514893573267,0.4957953522823121,1.69,1.063414089538908,V0.6,-0.060635093911913684,-0.16210585464289262,-1.0,-10% to -5%
2025_26_20251005_WOL_BRI,2025_26,2025-10-05,WOL,BRI,0,0.5145888594164455,0.5005408817710038,0.4557188425465815,1.83,1.0619120049574673,V0.6,-0.058870016869863984,-0.16603451813975578,-1.0,-10% to -5%
2025_26_20251018_BRI_NEW,2025_26,2025-10-18,BRI,NEW,1,0.5106382978723405,0.4933799465052414,0.4422217728701727,1.84,1.0643115942028984,V0.6,-0.06841652500216777,-0.18631193791888212,0.8400000000000001,-10% to -5%
2025_26_20251018_BUR_LEE,2025_26,2025-10-18,BUR,LEE,0,0.4270833333333333,0.5586823700734816,0.3731755943259088,2.2,1.06430155210643,V0.6,-0.053907739007424516,-0.17901369248300059,-1.0,-10% to -5%
2025_26_20251018_CRY_BOU,2025_26,2025-10-18,CRY,BOU,1,0.4907161803713528,0.509533362356513,0.4302798410502297,1.92,1.0613738738738738,V0.6,-0.06043633932112308,-0.17386270518355895,0.9199999999999999,-10% to -5%
2025_26_20251018_FUL_ARS,2025_26,2025-10-18,FUL,ARS,0,0.4973404255319149,0.531843630648459,0.4345574537757923,1.89,1.0638598873892993,V0.6,-0.06278297175612257,-0.1786864123637526,-1.0,-10% to -5%
2025_26_20251018_MCI_EVE,2025_26,2025-10-18,MCI,EVE,0,0.5564304461942258,0.5560786932516577,0.4436522933736205,1.69,1.063414089538908,V0.6,-0.11277815282060527,-0.25022762419858136,-1.0,< -10%
2025_26_20251018_NFO_CHE,2025_26,2025-10-18,NFO,CHE,1,0.5590551181102362,0.5078004547503495,0.5039579107930244,1.68,1.0647216633132126,V0.6,-0.055097207317211794,-0.15335070986771904,0.6799999999999999,-10% to -5%
2025_26_20251018_SUN_WOL,2025_26,2025-10-18,SUN,WOL,0,0.3863636363636363,0.4722526383583616,0.3045239804598504,2.43,1.065117404986686,V0.6,-0.08183965590378589,-0.2600067274825635,-1.0,-10% to -5%
2025_26_20251019_LIV_MUN,2025_26,2025-10-19,LIV,MUN,1,0.6545893719806762,0.5782534667339115,0.5747851606431459,1.43,1.0683043893376,V0.6,-0.07980421133753035,-0.17805722028030146,0.42999999999999994,-10% to -5%
2025_26_20251019_TOT_AVL,2025_26,2025-10-19,TOT,AVL,1,0.5278514588859416,0.5098992254163631,0.4334105524392909,1.78,1.0643103156230591,V0.6,-0.09444090644665076,-0.22852921665806225,0.78,-10% to -5%
2025_26_20251020_WHU_BRE,2025_26,2025-10-20,WHU,BRE,0,0.5079787234042553,0.5464039139769988,0.4364771572351195,1.85,1.0641007499646242,V0.6,-0.07150156616913583,-0.19251725911502893,-1.0,-10% to -5%
2025_26_20251024_LEE_WHU,2025_26,2025-10-24,LEE,WHU,1,0.4631578947368421,0.550503823782184,0.4150978268841253,2.04,1.0583778966131907,V0.6,-0.048060067852716826,-0.15320043315638443,1.04,-5% to -2.5%
2025_26_20251025_BRE_LIV,2025_26,2025-10-25,BRE,LIV,1,0.610126582278481,0.5991125300876702,0.5678794413707465,1.54,1.0642884086867488,V0.6,-0.042247140907734515,-0.12546566028905037,0.54,-5% to -2.5%
2025_26_20251025_CHE_SUN,2025_26,2025-10-25,CHE,SUN,1,0.5564304461942258,0.5423021971135302,0.510208946082469,1.69,1.063414089538908,V0.6,-0.04622150011175674,-0.13774688112062738,0.69,-5% to -2.5%
2025_26_20251025_MUN_BRI,2025_26,2025-10-25,MUN,BRI,1,0.6136363636363636,0.542374363225923,0.5664757945225111,1.53,1.065117404986686,V0.6,-0.04716056911385258,-0.13329203438055803,0.53,-5% to -2.5%
2025_26_20251025_NEW_FUL,2025_26,2025-10-25,NEW,FUL,1,0.5092838196286471,0.4725044099031784,0.4407774687389845,1.85,1.0613738738738738,V0.6,-0.06850635088966261,-0.18456168283287866,0.8500000000000001,-10% to -5%
2025_26_20251026_ARS_CRY,2025_26,2025-10-26,ARS,CRY,0,0.5408970976253298,0.5270360520420806,0.4476371256671751,1.74,1.0625175217269414,V0.6,-0.09325997195815466,-0.22111140133911533,-1.0,-10% to -5%
2025_26_20251026_AVL_MCI,2025_26,2025-10-26,AVL,MCI,0,0.5447368421052632,0.5517660971366465,0.4928476560549099,1.73,1.0611264695205385,V0.6,-0.05188918605035331,-0.14737355502500593,-1.0,-10% to -5%
2025_26_20251026_BOU_NFO,2025_26,2025-10-26,BOU,NFO,0,0.5106382978723405,0.505211655413984,0.4175586589566187,1.84,1.0643115942028984,V0.6,-0.0930796389157218,-0.23169206751982152,-1.0,-10% to -5%
2025_26_20251026_EVE_TOT,2025_26,2025-10-26,EVE,TOT,1,0.4920212765957447,0.5256426589643438,0.4225661846834588,1.91,1.0641007499646242,V0.6,-0.06945509191228588,-0.19289858725459375,0.9099999999999999,-10% to -5%
2025_26_20251026_WOL_BUR,2025_26,2025-10-26,WOL,BUR,1,0.4233766233766234,0.4956558291633298,0.3488013223296701,2.22,1.0639473829657875,V0.6,-0.07457530104695331,-0.22566106442813227,1.2200000000000002,-10% to -5%
2025_26_20251101_BRI_LEE,2025_26,2025-11-01,BRI,LEE,1,0.5239361702127661,0.5448047172733104,0.4361543733212833,1.79,1.0662734310750643,V0.6,-0.08778179689148274,-0.21928367175490282,0.79,-10% to -5%
2025_26_20251101_BUR_ARS,2025_26,2025-11-01,BUR,ARS,0,0.5423280423280423,0.5100596448478301,0.4854362215401627,1.73,1.0658395601297057,V0.6,-0.05689182078787963,-0.16019533673551856,-1.0,-10% to -5%
2025_26_20251101_CRY_BRE,2025_26,2025-11-01,CRY,BRE,0,0.5396825396825397,0.5150972522241013,0.4789665833525266,1.74,1.0649087221095337,V0.6,-0.06071595633001303,-0.16659814496660363,-1.0,-10% to -5%
2025_26_20251101_FUL_WOL,2025_26,2025-11-01,FUL,WOL,1,0.433420365535248,0.4771003529108361,0.3466433011184613,2.17,1.0632391316417746,V0.6,-0.08677706441678668,-0.24778403657293901,1.17,-10% to -5%
2025_26_20251101_LIV_AVL,2025_26,2025-11-01,LIV,AVL,0,0.6161616161616161,0.5661419066242903,0.5470845189799663,1.52,1.0677308024158758,V0.6,-0.06907709718164978,-0.16843153115045117,-1.0,-10% to -5%
2025_26_20251101_NFO_MUN,2025_26,2025-11-01,NFO,MUN,1,0.5499999999999999,0.5070959758510812,0.5042290642128913,1.71,1.063264221158958,V0.6,-0.04577093578710867,-0.13776830019595598,0.71,-5% to -2.5%
2025_26_20251101_TOT_CHE,2025_26,2025-11-01,TOT,CHE,0,0.5526315789473685,0.5731677810265136,0.4617117996461039,1.7,1.0644257703081232,V0.6,-0.09091977930126455,-0.21508994060162334,-1.0,-10% to -5%
2025_26_20251102_MCI_BOU,2025_26,2025-11-02,MCI,BOU,1,0.6171284634760705,0.6009351334215979,0.528928284266986,1.52,1.0660580021482278,V0.6,-0.08820017920908452,-0.1960290079141812,0.52,-10% to -5%
2025_26_20251102_WHU_NEW,2025_26,2025-11-02,WHU,NEW,1,0.5396825396825397,0.4952446921314834,0.4777190037394696,1.74,1.0649087221095337,V0.6,-0.061963535943070025,-0.1687689334933229,0.74,-10% to -5%
2025_26_20251103_SUN_EVE,2025_26,2025-11-03,SUN,EVE,0,0.4097938144329897,0.4349247768280774,0.3008065759957874,2.29,1.0656120403174865,V0.6,-0.10898723843720226,-0.31115294096964685,-1.0,< -10%
2025_26_20251108_CHE_WOL,2025_26,2025-11-08,CHE,WOL,1,0.5792207792207792,0.5518154317728781,0.5184464879567612,1.62,1.0657144438908266,V0.6,-0.06077429126401801,-0.16011668951004687,0.6200000000000001,-10% to -5%
2025_26_20251108_EVE_FUL,2025_26,2025-11-08,EVE,FUL,0,0.433420365535248,0.4745478239808248,0.3420731380915724,2.17,1.0632391316417746,V0.6,-0.09134722744367557,-0.25770129034128786,-1.0,-10% to -5%
2025_26_20251108_SUN_ARS,2025_26,2025-11-08,SUN,ARS,1,0.4708994708994709,0.4802505942425816,0.4099155828049077,2.0,1.0617977528089888,V0.6,-0.06098388809456318,-0.1801688343901846,1.0,-10% to -5%
2025_26_20251108_TOT_MUN,2025_26,2025-11-08,TOT,MUN,1,0.5762273901808785,0.5751614470955122,0.5233551534913982,1.64,1.0581865908345185,V0.6,-0.05287223668948038,-0.14169754827410708,0.6399999999999999,-10% to -5%
2025_26_20251108_WHU_BUR,2025_26,2025-11-08,WHU,BUR,1,0.4787234042553191,0.5082784436821023,0.3818953678350038,1.96,1.0657596371882088,V0.6,-0.09682803642031534,-0.25148507904339257,0.96,-10% to -5%
2025_26_20251109_AVL_BOU,2025_26,2025-11-09,AVL,BOU,1,0.5172413793103448,0.4802595371757768,0.4128671435667793,1.82,1.0622710622710625,V0.6,-0.10437423574356547,-0.24858179870846164,0.8200000000000001,< -10%
2025_26_20251109_BRE_NEW,2025_26,2025-11-09,BRE,NEW,1,0.5186170212765957,0.4883844756830021,0.4059889264118082,1.81,1.0653067006658168,V0.6,-0.11262809486478748,-0.26516004319462705,0.81,< -10%
2025_26_20251109_CRY_BRI,2025_26,2025-11-09,CRY,BRI,0,0.5488126649076518,0.4996152060851486,0.4799823553262764,1.71,1.0655645524066577,V0.6,-0.06883030958137537,-0.1792301723920673,-1.0,-10% to -5%
2025_26_20251109_MCI_LIV,2025_26,2025-11-09,MCI,LIV,1,0.6354679802955665,0.6419769599187967,0.5504534817909357,1.48,1.063272574900482,V0.6,-0.08501449850463083,-0.1853288469494152,0.48,-10% to -5%
2025_26_20251109_NFO_LEE,2025_26,2025-11-09,NFO,LEE,1,0.4603174603174603,0.506834269098381,0.3763921649444232,2.04,1.0649087221095337,V0.6,-0.08392529537303711,-0.23215998351337674,1.04,-10% to -5%
2025_26_20251122_BOU_WHU,2025_26,2025-11-22,BOU,WHU,1,0.5703125,0.5541358015446645,0.5226263937390434,1.65,1.0626816106268162,V0.6,-0.047686106260956596,-0.13766645033057845,0.6499999999999999,-5% to -2.5%
2025_26_20251122_BRI_BRE,2025_26,2025-11-22,BRI,BRE,1,0.5590551181102362,0.5494512192172842,0.5094404160384008,1.68,1.0647216633132126,V0.6,-0.04961470207183538,-0.14414010105548658,0.6799999999999999,-5% to -2.5%
2025_26_20251122_BUR_CHE,2025_26,2025-11-22,BUR,CHE,0,0.53315649867374,0.5528987140169068,0.4865402225775363,1.76,1.0656942559927636,V0.6,-0.046616276096203724,-0.14368920826353604,-1.0,-5% to -2.5%
2025_26_20251122_FUL_SUN,2025_26,2025-11-22,FUL,SUN,0,0.4296875,0.4524336366410072,0.3340261027648692,2.19,1.0626816106268162,V0.6,-0.09566139723513079,-0.2684828349449364,-1.0,-10% to -5%
2025_26_20251122_LIV_NFO,2025_26,2025-11-22,LIV,NFO,1,0.6136363636363636,0.5733725572978837,0.5433607276425445,1.53,1.065117404986686,V0.6,-0.07027563599381914,-0.16865808670690685,0.53,-10% to -5%
2025_26_20251122_NEW_MCI,2025_26,2025-11-22,NEW,MCI,1,0.5590551181102362,0.5736751076868583,0.5164633390379948,1.68,1.0647216633132126,V0.6,-0.04259177907224143,-0.13234159041616878,0.6799999999999999,-5% to -2.5%
2025_26_20251122_WOL_CRY,2025_26,2025-11-22,WOL,CRY,0,0.4721485411140583,0.4652146097131427,0.39542518144221,1.99,1.0643103156230591,V0.6,-0.07672335967184829,-0.2131038889300021,-1.0,-10% to -5%
2025_26_20251123_ARS_TOT,2025_26,2025-11-23,ARS,TOT,1,0.5305039787798408,0.5715042637134538,0.4366020644824528,1.77,1.0649717514124295,V0.6,-0.09390191429738798,-0.2272143458660585,0.77,-10% to -5%
2025_26_20251123_LEE_AVL,2025_26,2025-11-23,LEE,AVL,1,0.4435695538057742,0.5100288478036574,0.3758593738243175,2.12,1.063414089538908,V0.6,-0.06771017998145668,-0.2031781274924469,1.12,-10% to -5%
2025_26_20251124_MUN_EVE,2025_26,2025-11-24,MUN,EVE,0,0.5396825396825397,0.5210882954848944,0.4401369895099348,1.74,1.0649087221095337,V0.6,-0.09954555017260486,-0.2341616382527134,-1.0,-10% to -5%
2025_26_20251129_BRE_BUR,2025_26,2025-11-29,BRE,BUR,1,0.5278514588859416,0.5456296674698646,0.4481724486178572,1.78,1.0643103156230591,V0.6,-0.07967901026808444,-0.20225304146021417,0.78,-10% to -5%
2025_26_20251129_EVE_NEW,2025_26,2025-11-29,EVE,NEW,1,0.4787234042553191,0.4531773883181107,0.3678496256855493,1.96,1.0657596371882088,V0.6,-0.11087377856976982,-0.27901473365632334,0.96,< -10%
2025_26_20251129_MCI_LEE,2025_26,2025-11-29,MCI,LEE,1,0.6180904522613065,0.6027837952309197,0.5252303029994987,1.52,1.0643988018827557,V0.6,-0.09286014926180786,-0.20164993944076204,0.52,-10% to -5%
2025_26_20251129_SUN_BOU,2025_26,2025-11-29,SUN,BOU,1,0.4801061007957559,0.4649373527426538,0.3748926535835757,1.96,1.062690269477957,V0.6,-0.10521344721218018,-0.2652103989761916,0.96,< -10%
2025_26_20251129_TOT_FUL,2025_26,2025-11-29,TOT,FUL,1,0.5039787798408488,0.5650936403342947,0.4475078281197234,1.87,1.061075147762454,V0.6,-0.05647095172112543,-0.16316036141611723,0.8700000000000001,-10% to -5%
2025_26_20251130_AVL_WOL,2025_26,2025-11-30,AVL,WOL,0,0.526595744680851,0.486545567176497,0.4229222489458255,1.78,1.066848257859494,V0.6,-0.10367349573502554,-0.24719839687643064,-1.0,< -10%
2025_26_20251130_CHE_ARS,2025_26,2025-11-30,CHE,ARS,0,0.4893617021276596,0.5546409800433931,0.387681568600621,1.92,1.0643115942028984,V0.6,-0.10168013352703864,-0.2556513882868078,-1.0,< -10%
2025_26_20251130_CRY_MUN,2025_26,2025-11-30,CRY,MUN,1,0.5488126649076518,0.527215861843192,0.4875866714495025,1.71,1.0655645524066577,V0.6,-0.061225993458149275,-0.1662267918213507,0.71,-10% to -5%
2025_26_20251130_NFO_BRI,2025_26,2025-11-30,NFO,BRI,0,0.5,0.505138507545424,0.4185832952995073,1.88,1.0638297872340423,V0.6,-0.08141670470049273,-0.21306340483692632,-1.0,-10% to -5%
2025_26_20251130_WHU_LIV,2025_26,2025-11-30,WHU,LIV,0,0.6206030150753769,0.5472895887270226,0.5390498588242848,1.51,1.0671099552242809,V0.6,-0.08155315625109205,-0.18603471317532994,-1.0,-10% to -5%
2025_26_20251202_BOU_EVE,2025_26,2025-12-02,BOU,EVE,0,0.492063492063492,0.5114481791539038,0.4218923442935332,1.92,1.058467741935484,V0.6,-0.07017114776995881,-0.18996669895641638,-1.0,-10% to -5%
2025_26_20251202_FUL_MCI,2025_26,2025-12-02,FUL,MCI,1,0.5714285714285715,0.551388766099998,0.5247221912243765,1.65,1.0606060606060606,V0.6,-0.04670638020419504,-0.1342083844797789,0.6499999999999999,-5% to -2.5%
2025_26_20251202_NEW_TOT,2025_26,2025-12-02,NEW,TOT,1,0.5485564304461943,0.5484698270012872,0.4694925086569665,1.72,1.0598642483587404,V0.6,-0.07906392178922778,-0.1924728851100176,0.72,-10% to -5%
2025_26_20251203_ARS_BRE,2025_26,2025-12-03,ARS,BRE,0,0.5435356200527705,0.5812534300836675,0.4548178538505533,1.73,1.0634715752848083,V0.6,-0.08871776620221716,-0.21316511283854278,-1.0,-10% to -5%
2025_26_20251203_BRI_AVL,2025_26,2025-12-03,BRI,AVL,1,0.5159574468085106,0.5096209373083592,0.444573707711036,1.82,1.0649144669763226,V0.6,-0.07138373909747464,-0.1908758519659145,0.8200000000000001,-10% to -5%
2025_26_20251203_BUR_CRY,2025_26,2025-12-03,BUR,CRY,0,0.4774535809018567,0.4903531711856605,0.4242926210080271,1.97,1.063169768753525,V0.6,-0.053160959893829574,-0.16414353661418657,-1.0,-10% to -5%
2025_26_20251203_LEE_CHE,2025_26,2025-12-03,LEE,CHE,1,0.519893899204244,0.5661730107671313,0.4822499185285563,1.81,1.062690269477957,V0.6,-0.037643980675687694,-0.12712764746331306,0.81,-5% to -2.5%
2025_26_20251203_LIV_SUN,2025_26,2025-12-03,LIV,SUN,0,0.6055979643765903,0.5259430283378862,0.5181809809824327,1.55,1.0653293575494711,V0.6,-0.0874169833941576,-0.19681947947722933,-1.0,-10% to -5%
2025_26_20251203_WOL_NFO,2025_26,2025-12-03,WOL,NFO,0,0.4538258575197889,0.4844294012313779,0.379857462373788,2.07,1.064487136276823,V0.6,-0.0739683951460009,-0.2136950528862589,-1.0,-10% to -5%
2025_26_20251204_MUN_WHU,2025_26,2025-12-04,MUN,WHU,0,0.6293532338308457,0.5576315923124315,0.5606791459667364,1.49,1.066397856593363,V0.6,-0.06867408786410933,-0.16458807250956276,-1.0,-10% to -5%
2025_26_20251206_AVL_ARS,2025_26,2025-12-06,AVL,ARS,1,0.4578947368421053,0.5247465751634139,0.3488285037843751,2.06,1.0601495368820444,V0.6,-0.10906623305773022,-0.2814132822041874,1.06,< -10%
2025_26_20251206_BOU_CHE,2025_26,2025-12-06,BOU,CHE,0,0.5744125326370757,0.5741241882371784,0.5370184330300134,1.63,1.068042387060792,V0.6,-0.0373940996070623,-0.12465995416107822,-1.0,-5% to -2.5%
2025_26_20251206_EVE_NFO,2025_26,2025-12-06,EVE,NFO,1,0.4485488126649077,0.4782189335563195,0.3481580882817551,2.09,1.066704193639178,V0.6,-0.10039072438315261,-0.2723495954911319,1.0899999999999999,< -10%
2025_26_20251206_LEE_LIV,2025_26,2025-12-06,LEE,LIV,1,0.5729166666666667,0.6000891502029666,0.5365934885433473,1.64,1.06430155210643,V0.6,-0.03632317812331942,-0.11998667878891045,0.6399999999999999,-5% to -2.5%
2025_26_20251206_MCI_SUN,2025_26,2025-12-06,MCI,SUN,1,0.634567901234568,0.5765090394055008,0.5219812143140001,1.48,1.0647807340414344,V0.6,-0.11258668692056784,-0.22746780281527978,0.48,< -10%
2025_26_20251206_NEW_BUR,2025_26,2025-12-06,NEW,BUR,1,0.5917312661498708,0.5237575073496775,0.5102786832909028,1.58,1.0695926151124868,V0.6,-0.08145258285896806,-0.1937596804003736,0.5800000000000001,-10% to -5%
2025_26_20251206_TOT_BRE,2025_26,2025-12-06,TOT,BRE,0,0.5225464190981433,0.602818333824674,0.4597717477401488,1.8,1.063169768753525,V0.6,-0.06277467135799447,-0.17241085406773216,-1.0,-10% to -5%
2025_26_20251207_BRI_WHU,2025_26,2025-12-07,BRI,WHU,0,0.5865633074935401,0.5422473697207386,0.5172303919689325,1.6,1.0655286343612334,V0.6,-0.06933291552460763,-0.172431372849708,-1.0,-10% to -5%
2025_26_20251207_FUL_CRY,2025_26,2025-12-07,FUL,CRY,1,0.4656084656084655,0.514142688080323,0.3913123021483166,2.02,1.0632313231323134,V0.6,-0.07429616346014895,-0.2095491496604005,1.02,-10% to -5%
2025_26_20251208_WOL_MUN,2025_26,2025-12-08,WOL,MUN,1,0.5616797900262467,0.5209557682672518,0.5339853851070993,1.67,1.0660921148357492,V0.6,-0.02769440491914743,-0.10824440687114434,0.6699999999999999,-5% to -2.5%
2025_26_20251213_ARS_WOL,2025_26,2025-12-13,ARS,WOL,1,0.6215538847117794,0.5310411280462979,0.5508996437816722,1.51,1.065477462080752,V0.6,-0.07065424093010719,-0.1681415378896749,0.51,-10% to -5%
2025_26_20251213_BUR_FUL,2025_26,2025-12-13,BUR,FUL,1,0.4603174603174603,0.5204163029608366,0.3888659496825914,2.04,1.0649087221095337,V0.6,-0.07145151063486888,-0.20671346264751345,1.04,-10% to -5%
2025_26_20251213_CHE_EVE,2025_26,2025-12-13,CHE,EVE,0,0.5093333333333333,0.5239605281595153,0.4271846482478849,1.84,1.067038470293649,V0.6,-0.08214868508544843,-0.21398024722389175,-1.0,-10% to -5%
2025_26_20251213_LIV_BRI,2025_26,2025-12-13,LIV,BRI,0,0.6231155778894473,0.6075141957642588,0.5652079805656602,1.5,1.0698924731182795,V0.6,-0.05790759732378703,-0.15218802915150964,-1.0,-10% to -5%
2025_26_20251214_BRE_LEE,2025_26,2025-12-14,BRE,LEE,0,0.5039999999999999,0.5747638982164605,0.4001627932940079,1.86,1.0667349377026798,V0.6,-0.103837206705992,-0.25569720447314526,-1.0,< -10%
2025_26_20251214_CRY_MCI,2025_26,2025-12-14,CRY,MCI,1,0.5654450261780105,0.5657040676576287,0.4993694125096952,1.66,1.0653726015171798,V0.6,-0.06607561366831533,-0.171046775233906,0.6599999999999999,-10% to -5%
2025_26_20251214_NFO_TOT,2025_26,2025-12-14,NFO,TOT,1,0.48,0.5107726171046789,0.3623472836382784,1.95,1.0683760683760686,V0.6,-0.11765271636172159,-0.2934227969053571,0.95,< -10%
2025_26_20251214_SUN_NEW,2025_26,2025-12-14,SUN,NEW,0,0.4906666666666666,0.5063557143868185,0.4058965468654248,1.91,1.067038470293649,V0.6,-0.08477011980124177,-0.22473759548703864,-1.0,-10% to -5%
2025_26_20251214_WHU_AVL,2025_26,2025-12-14,WHU,AVL,1,0.5253333333333333,0.5290892585676302,0.4386910212021216,1.78,1.0694119660069583,V0.6,-0.08664231213121171,-0.2191299822602235,0.78,-10% to -5%
2025_26_20251215_MUN_BOU,2025_26,2025-12-15,MUN,BOU,1,0.6035805626598465,0.5909535917099467,0.5382793340168963,1.55,1.0688901038819028,V0.6,-0.06530122864295018,-0.16566703227381063,0.55,-10% to -5%
2025_26_20251220_BOU_BUR,2025_26,2025-12-20,BOU,BUR,0,0.5590551181102362,0.5414850836281261,0.4921762586080449,1.68,1.0647216633132126,V0.6,-0.0668788595021913,-0.1731438855384846,-1.0,-10% to -5%
2025_26_20251220_BRI_SUN,2025_26,2025-12-20,BRI,SUN,0,0.5212765957446808,0.4936909089920421,0.4395500190574244,1.8,1.0657596371882088,V0.6,-0.08172657668725636,-0.208809965696636,-1.0,-10% to -5%
2025_26_20251220_EVE_ARS,2025_26,2025-12-20,EVE,ARS,0,0.4576719576719577,0.4967229156797681,0.3531083056387,2.05,1.0658395601297057,V0.6,-0.10456365203325768,-0.2761279734406651,-1.0,< -10%
2025_26_20251220_LEE_CRY,2025_26,2025-12-20,LEE,CRY,1,0.4576719576719577,0.5057684389095075,0.352659125941071,2.05,1.0658395601297057,V0.6,-0.10501283173088666,-0.27704879182080444,1.0499999999999998,< -10%
2025_26_20251220_MCI_WHU,2025_26,2025-12-20,MCI,WHU,1,0.7002237136465325,0.6325854414092184,0.6231372116793317,1.34,1.0657574746077916,V0.6,-0.0770865019672008,-0.16499613634969557,0.3400000000000001,-10% to -5%
2025_26_20251220_NEW_CHE,2025_26,2025-12-20,NEW,CHE,1,0.5677083333333334,0.5280497608738765,0.4985582596959777,1.66,1.0611252348844922,V0.6,-0.06915007363735565,-0.17239328890467698,0.6599999999999999,-10% to -5%
2025_26_20251220_TOT_LIV,2025_26,2025-12-20,TOT,LIV,1,0.5744125326370757,0.6284243491790492,0.5137814277204804,1.63,1.068042387060792,V0.6,-0.06063110491659529,-0.162536272815617,0.6299999999999999,-10% to -5%
2025_26_20251220_WOL_BRE,2025_26,2025-12-20,WOL,BRE,0,0.4867021276595745,0.5042978513053219,0.4268473352207326,1.93,1.0645828024576007,V0.6,-0.0598547924388419,-0.17618464302398618,-1.0,-10% to -5%
2025_26_20251221_AVL_MUN,2025_26,2025-12-21,AVL,MUN,1,0.5755208333333334,0.5692064128289366,0.4892254091444248,1.63,1.0659856202981428,V0.6,-0.08629542418890856,-0.20256258309458763,0.6299999999999999,-10% to -5%
2025_26_20251222_FUL_NFO,2025_26,2025-12-22,FUL,NFO,0,0.4693333333333332,0.5254260601044918,0.3640121181860348,1.99,1.0706943809958889,V0.6,-0.10532121514729842,-0.2756158848097907,-1.0,< -10%
2025_26_20251226_MUN_NEW,2025_26,2025-12-26,MUN,NEW,0,0.578125,0.5936327681759186,0.4972007136881987,1.62,1.0677344010677343,V0.6,-0.08092428631180132,-0.1945348438251181,-1.0,-10% to -5%
2025_26_20251227_ARS_BRI,2025_26,2025-12-27,ARS,BRI,1,0.5729166666666667,0.551026612148802,0.5048024048246755,1.64,1.06430155210643,V0.6,-0.06811426184199121,-0.17212405608753223,0.6399999999999999,-10% to -5%
2025_26_20251227_BRE_BOU,2025_26,2025-12-27,BRE,BOU,1,0.5552631578947369,0.5835168014393747,0.4974417151426227,1.69,1.0656496256204604,V0.6,-0.057821442752114205,-0.15932350140896767,0.69,-10% to -5%
2025_26_20251227_BUR_EVE,2025_26,2025-12-27,BUR,EVE,0,0.4345549738219895,0.4676597638880643,0.3486439275353319,2.16,1.0653726015171798,V0.6,-0.08591104628665758,-0.246929116523683,-1.0,-10% to -5%
2025_26_20251227_CHE_AVL,2025_26,2025-12-27,CHE,AVL,1,0.5578947368421052,0.5521987242022894,0.4819115593644876,1.68,1.0669362084456424,V0.6,-0.07598317747761762,-0.19038858026766092,0.6799999999999999,-10% to -5%
2025_26_20251227_LIV_WOL,2025_26,2025-12-27,LIV,WOL,1,0.642156862745098,0.5695065360296293,0.576407425536434,1.46,1.0666108961622922,V0.6,-0.065749437208664,-0.15844515871680642,0.45999999999999996,-10% to -5%
2025_26_20251227_NFO_MCI,2025_26,2025-12-27,NFO,MCI,1,0.5792207792207792,0.5773027777544953,0.5219978217186823,1.62,1.0657144438908266,V0.6,-0.05722295750209694,-0.15436352881573467,0.6200000000000001,-10% to -5%
2025_26_20251227_WHU_FUL,2025_26,2025-12-27,WHU,FUL,0,0.526595744680851,0.5273760567855393,0.4385530786077692,1.78,1.066848257859494,V0.6,-0.08804266607308181,-0.21937552007817085,-1.0,-10% to -5%
2025_26_20251228_CRY_TOT,2025_26,2025-12-28,CRY,TOT,0,0.4787234042553191,0.5483189135650088,0.4080636114086572,1.96,1.0657596371882088,V0.6,-0.0706597928466619,-0.20019532163903186,-1.0,-10% to -5%
2025_26_20251228_SUN_LEE,2025_26,2025-12-28,SUN,LEE,0,0.4281984334203655,0.5302336031990152,0.3348884092355206,2.19,1.0663771021271855,V0.6,-0.09331002418484491,-0.26659438377420985,-1.0,-10% to -5%
2025_26_20251230_ARS_AVL,2025_26,2025-12-30,ARS,AVL,1,0.5651041666666667,0.556079062482436,0.4821322706364475,1.67,1.0596318882971385,V0.6,-0.08297189603021926,-0.19483910803713278,0.6699999999999999,-10% to -5%
2025_26_20251230_BUR_NEW,2025_26,2025-12-30,BUR,NEW,1,0.5305039787798408,0.524587818910963,0.4942623172375859,1.77,1.0649717514124295,V0.6,-0.03624166154225489,-0.12515569848947294,0.77,-5% to -2.5%
2025_26_20251230_CHE_BOU,2025_26,2025-12-30,CHE,BOU,1,0.6339066339066339,0.5831204981835102,0.6135073035475257,1.49,1.0587378388221216,V0.6,-0.020399330359108236,-0.08587411771418674,0.49,-2.5% to 0%
2025_26_20251230_MUN_WOL,2025_26,2025-12-30,MUN,WOL,0,0.5948717948717949,0.5481765539689073,0.5256812650176181,1.58,1.063945875163684,V0.6,-0.06919052985417673,-0.16942360127216327,-1.0,-10% to -5%
2025_26_20251230_NFO_EVE,2025_26,2025-12-30,NFO,EVE,0,0.4123711340206186,0.4872405064936319,0.3401018333586997,2.28,1.0635964912280702,V0.6,-0.07226930066191889,-0.2245678199421648,-1.0,-10% to -5%
2025_26_20251230_WHU_BRI,2025_26,2025-12-30,WHU,BRI,1,0.5703125,0.5274516764079934,0.5219278673184554,1.65,1.0626816106268162,V0.6,-0.04838463268154458,-0.13881901892454862,0.6499999999999999,-5% to -2.5%
2025_26_20260101_BRE_TOT,2025_26,2026-01-01,BRE,TOT,0,0.5013333333333333,0.5854452176261715,0.418106871623692,1.87,1.0666742519057912,V0.6,-0.08322646170964132,-0.21814015006369591,-1.0,-10% to -5%
2025_26_20260101_CRY_FUL,2025_26,2026-01-01,CRY,FUL,0,0.4640000000000001,0.4820835395645225,0.3625543030340559,2.01,1.072225081489106,V0.6,-0.10144569696594419,-0.27126585090154776,-1.0,< -10%
2025_26_20260101_LIV_LEE,2025_26,2026-01-01,LIV,LEE,0,0.5902061855670103,0.6379425353182652,0.51638326704809,1.59,1.0656120403174865,V0.6,-0.07382291851892031,-0.1789506053935368,-1.0,-10% to -5%
2025_26_20260101_SUN_MCI,2025_26,2026-01-01,SUN,MCI,0,0.578125,0.5697705756912822,0.5392115828509676,1.62,1.0677344010677343,V0.6,-0.0389134171490324,-0.12647723578143244,-1.0,-5% to -2.5%
2025_26_20260103_AVL_NFO,2025_26,2026-01-03,AVL,NFO,1,0.5225464190981433,0.5358322323594507,0.4342125106244969,1.8,1.063169768753525,V0.6,-0.08833390847364636,-0.21841748087590562,0.8,-10% to -5%
2025_26_20260103_BOU_ARS,2025_26,2026-01-03,BOU,ARS,1,0.578125,0.5676280492593788,0.5131269854341425,1.62,1.0677344010677343,V0.6,-0.06499801456585752,-0.16873428359668918,0.6200000000000001,-10% to -5%
2025_26_20260103_BRI_BUR,2025_26,2026-01-03,BRI,BUR,0,0.5526315789473685,0.5036386763982781,0.5075477170691083,1.7,1.0644257703081232,V0.6,-0.04508386187826019,-0.1371688809825159,-1.0,-5% to -2.5%
2025_26_20260103_WOL_WHU,2025_26,2026-01-03,WOL,WHU,1,0.4920212765957447,0.507272116884744,0.4285937801902693,1.91,1.0641007499646242,V0.6,-0.0634274964054754,-0.18138587983658572,0.9099999999999999,-10% to -5%
2025_26_20260104_EVE_BRE,2025_26,2026-01-04,EVE,BRE,1,0.4281984334203655,0.5047893048637314,0.3512642707927905,2.19,1.0663771021271855,V0.6,-0.07693416262757502,-0.23073124696378888,1.19,-10% to -5%
2025_26_20260104_FUL_LIV,2025_26,2026-01-04,FUL,LIV,1,0.5305039787798408,0.5537213623011029,0.4613880639716783,1.77,1.0649717514124295,V0.6,-0.06911591480816248,-0.18334312677012943,0.77,-10% to -5%
2025_26_20260104_LEE_MUN,2025_26,2026-01-04,LEE,MUN,0,0.5212765957446808,0.5491101619570034,0.4268564700953041,1.8,1.0657596371882088,V0.6,-0.09442012564937668,-0.23165835382845268,-1.0,-10% to -5%
2025_26_20260104_MCI_CHE,2025_26,2026-01-04,MCI,CHE,0,0.6311881188118812,0.6273275637090177,0.5459316160139174,1.49,1.0632978023424136,V0.6,-0.08525650279796382,-0.1865618921392631,-1.0,-10% to -5%
2025_26_20260104_NEW_CRY,2025_26,2026-01-04,NEW,CRY,0,0.5358090185676393,0.4841096807408951,0.4259481720841398,1.75,1.0664780763790664,V0.6,-0.10986084648349947,-0.2545906988527553,-1.0,< -10%
2025_26_20260104_TOT_SUN,2025_26,2026-01-04,TOT,SUN,0,0.4694960212201591,0.5221619207135514,0.3977808818072745,2.0,1.0649717514124295,V0.6,-0.0717151394128846,-0.204438236385451,-1.0,-10% to -5%
2025_26_20260106_WHU_NFO,2025_26,2026-01-06,WHU,NFO,1,0.493368700265252,0.5242213695473509,0.4279902707026361,1.91,1.0611946180262342,V0.6,-0.06537842956261586,-0.182538582957965,0.9099999999999999,-10% to -5%
2025_26_20260107_BOU_TOT,2025_26,2026-01-07,BOU,TOT,1,0.5552631578947369,0.5811227396256041,0.5010219183427087,1.69,1.0656496256204604,V0.6,-0.0542412395520282,-0.1532729580008223,0.69,-10% to -5%
2025_26_20260107_BRE_SUN,2025_26,2026-01-07,BRE,SUN,1,0.4748010610079576,0.511370319556125,0.3914705431120682,1.98,1.0637097229276,V0.6,-0.08333051789588941,-0.22488832463810504,0.98,-10% to -5%
2025_26_20260107_BUR_MUN,2025_26,2026-01-07,BUR,MUN,1,0.5488126649076518,0.5015540540573531,0.4944019673551925,1.71,1.0655645524066577,V0.6,-0.05441069755245931,-0.15457263582262082,0.71,-10% to -5%
2025_26_20260107_CRY_AVL,2025_26,2026-01-07,CRY,AVL,0,0.4946808510638298,0.5295619899778304,0.4427036718600698,1.9,1.0639501980758346,V0.6,-0.05197717920375999,-0.15886302346586745,-1.0,-10% to -5%
2025_26_20260107_EVE_WOL,2025_26,2026-01-07,EVE,WOL,0,0.4576719576719577,0.4820801626170438,0.3811362029832748,2.05,1.0658395601297057,V0.6,-0.0765357546886829,-0.21867078388428673,-1.0,-10% to -5%
2025_26_20260107_FUL_CHE,2025_26,2026-01-07,FUL,CHE,1,0.5305039787798408,0.5151668400151794,0.4431339724740449,1.77,1.0649717514124295,V0.6,-0.08737000630579589,-0.21565286872094047,0.77,-10% to -5%
2025_26_20260107_MCI_BRI,2025_26,2026-01-07,MCI,BRI,0,0.6602870813397128,0.6132536090280845,0.5944984925297011,1.42,1.0665441926923864,V0.6,-0.0657885888100117,-0.15581214060782445,-1.0,-10% to -5%
2025_26_20260107_NEW_LEE,2025_26,2026-01-07,NEW,LEE,1,0.5251989389920424,0.6013642567762112,0.4873765965115686,1.79,1.0637097229276,V0.6,-0.03782234248047378,-0.12759589224429213,0.79,-5% to -2.5%
2025_26_20260108_ARS_LIV,2025_26,2026-01-08,ARS,LIV,0,0.5476190476190476,0.6280144447656069,0.457089997881266,1.71,1.0678871090770403,V0.6,-0.09052904973778159,-0.21837610362303517,-1.0,-10% to -5%
2025_26_20260117_CHE_BRE,2025_26,2026-01-17,CHE,BRE,0,0.5755208333333334,0.567328719704808,0.521246732164402,1.63,1.0659856202981428,V0.6,-0.05427410116893139,-0.15036782657202485,-1.0,-10% to -5%
2025_26_20260117_LEE_FUL,2025_26,2026-01-17,LEE,FUL,0,0.4591029023746703,0.5843289848262359,0.403845528563354,2.05,1.0625175217269414,V0.6,-0.05525737381131629,-0.17211666644512436,-1.0,-10% to -5%
2025_26_20260117_LIV_BUR,2025_26,2026-01-17,LIV,BUR,0,0.6081424936386769,0.5605675625179899,0.5484927923954953,1.54,1.0677606911916535,V0.6,-0.059649701243181585,-0.15532109971093722,-1.0,-10% to -5%
2025_26_20260117_MUN_MCI,2025_26,2026-01-17,MUN,MCI,0,0.6336633663366337,0.6481954359687342,0.6307330709117432,1.48,1.0663006756756757,V0.6,-0.002930295424890428,-0.06651505505062005,-1.0,-2.5% to 0%
2025_26_20260117_NFO_ARS,2025_26,2026-01-17,NFO,ARS,0,0.5039999999999999,0.5404406601975247,0.441158532092696,1.86,1.0667349377026798,V0.6,-0.06284146790730388,-0.17944513030758535,-1.0,-10% to -5%
2025_26_20260117_SUN_CRY,2025_26,2026-01-17,SUN,CRY,1,0.4270833333333333,0.4361903076902569,0.3488460554956072,2.2,1.06430155210643,V0.6,-0.0782372778377261,-0.2325386779096641,1.2000000000000002,-10% to -5%
2025_26_20260117_TOT_WHU,2025_26,2026-01-17,TOT,WHU,1,0.5488126649076518,0.5710672918691817,0.4820500568707564,1.71,1.0655645524066577,V0.6,-0.06676260803689538,-0.17569440275100656,0.71,-10% to -5%
2025_26_20260118_AVL_EVE,2025_26,2026-01-18,AVL,EVE,0,0.4986666666666667,0.5188318017503174,0.4092316257436104,1.88,1.0666742519057912,V0.6,-0.08943504092305632,-0.23064454360201248,-1.0,-10% to -5%
2025_26_20260118_WOL_NEW,2025_26,2026-01-18,WOL,NEW,0,0.5654450261780105,0.4997981414408012,0.50567530362022,1.66,1.0653726015171798,V0.6,-0.05976972255779056,-0.1605789959904349,-1.0,-10% to -5%
2025_26_20260119_BRI_BOU,2025_26,2026-01-19,BRI,BOU,0,0.6277915632754342,0.5552564672649476,0.5904851086818128,1.5,1.061923583662714,V0.6,-0.03730645459362136,-0.11427233697728079,-1.0,-5% to -2.5%
2025_26_20260124_BOU_LIV,2025_26,2026-01-24,BOU,LIV,1,0.596401028277635,0.5776505698926883,0.5446153402762476,1.57,1.0679771579178563,V0.6,-0.05178568800138739,-0.14495391576629124,0.5700000000000001,-10% to -5%
2025_26_20260124_BUR_TOT,2025_26,2026-01-24,BUR,TOT,1,0.4707446808510637,0.5231889209655486,0.4080861868289235,1.99,1.0674843142264998,V0.6,-0.06265849402214019,-0.18790848821044226,0.99,-10% to -5%
2025_26_20260124_FUL_BRI,2025_26,2026-01-24,FUL,BRI,1,0.53315649867374,0.5174695551303902,0.4695789762849059,1.76,1.0656942559927636,V0.6,-0.06357752238883413,-0.17354100173856557,0.76,-10% to -5%
2025_26_20260124_MCI_WOL,2025_26,2026-01-24,MCI,WOL,0,0.6737089201877935,0.6077259213680571,0.6410595460507064,1.39,1.0678565161807836,V0.6,-0.03264937413708713,-0.10892723098951818,-1.0,-5% to -2.5%
2025_26_20260124_WHU_SUN,2025_26,2026-01-24,WHU,SUN,1,0.4511873350923483,0.4780236542156385,0.3617884372405657,2.08,1.0655645524066577,V0.6,-0.08939889785178262,-0.2474800505396233,1.08,-10% to -5%
2025_26_20260125_ARS_MUN,2025_26,2026-01-25,ARS,MUN,1,0.554089709762533,0.588756435941896,0.4873029648172814,1.69,1.0679064525218371,V0.6,-0.06678674494525161,-0.17645798945879443,0.69,-10% to -5%
2025_26_20260125_BRE_NFO,2025_26,2026-01-25,BRE,NFO,0,0.4907161803713528,0.4958853293052342,0.3816033570219563,1.92,1.0613738738738738,V0.6,-0.10911282334939648,-0.2673215545178439,-1.0,< -10%
2025_26_20260125_CRY_CHE,2025_26,2026-01-25,CRY,CHE,1,0.5396825396825397,0.5001309909258035,0.4906670209200062,1.74,1.0649087221095337,V0.6,-0.04901551876253346,-0.1462393835991892,0.74,-5% to -2.5%
2025_26_20260125_NEW_AVL,2025_26,2026-01-25,NEW,AVL,0,0.5718015665796344,0.5608283829339347,0.5118355724145884,1.64,1.0663771021271855,V0.6,-0.059965994165046,-0.160589661240075,-1.0,-10% to -5%
2025_26_20260126_EVE_LEE,2025_26,2026-01-26,EVE,LEE,0,0.4281984334203655,0.5506202913574102,0.3525145179595677,2.19,1.0663771021271855,V0.6,-0.07568391546079783,-0.22799320566854686,-1.0,-10% to -5%
2025_26_20260131_BRI_EVE,2025_26,2026-01-31,BRI,EVE,0,0.5132978723404255,0.4531556567592221,0.4234778990714266,1.83,1.0645828024576007,V0.6,-0.08981997326899888,-0.22503544469928938,-1.0,-10% to -5%
2025_26_20260131_CHE_WHU,2025_26,2026-01-31,CHE,WHU,1,0.6136363636363636,0.5580325847624221,0.5494269112292327,1.53,1.065117404986686,V0.6,-0.06420945240713094,-0.15937682581927393,0.53,-10% to -5%
2025_26_20260131_LEE_ARS,2025_26,2026-01-31,LEE,ARS,1,0.4907161803713528,0.5570195034823102,0.4216639202273939,1.92,1.0613738738738738,V0.6,-0.06905226014395888,-0.19040527316340372,0.9199999999999999,-10% to -5%
2025_26_20260131_LIV_NEW,2025_26,2026-01-31,LIV,NEW,1,0.5818181818181818,0.5860109598971206,0.514651129606057,1.61,1.0675465838509317,V0.6,-0.06716705221212482,-0.17141168133424822,0.6100000000000001,-10% to -5%
2025_26_20260131_WOL_BOU,2025_26,2026-01-31,WOL,BOU,0,0.5435356200527705,0.5141570583211589,0.4778622614126021,1.73,1.0634715752848083,V0.6,-0.06567335864016838,-0.17329828775619838,-1.0,-10% to -5%
2025_26_20260201_AVL_BRE,2025_26,2026-02-01,AVL,BRE,0,0.526595744680851,0.5554053763978262,0.4558136934726168,1.78,1.066848257859494,V0.6,-0.07078205120823422,-0.18865162561874205,-1.0,-10% to -5%
2025_26_20260201_MUN_FUL,2025_26,2026-02-01,MUN,FUL,1,0.5680628272251308,0.5825392355105014,0.5136762298113711,1.65,1.0668900991481638,V0.6,-0.05438659741375973,-0.1524342208112378,0.6499999999999999,-10% to -5%
2025_26_20260201_NFO_CRY,2025_26,2026-02-01,NFO,CRY,0,0.4746666666666666,0.4722525196556679,0.3852205545663775,1.97,1.0694119660069583,V0.6,-0.08944611210028913,-0.24111550750423638,-1.0,-10% to -5%
2025_26_20260201_TOT_MCI,2025_26,2026-02-01,TOT,MCI,1,0.5839793281653746,0.6308043259236495,0.5632049847929208,1.61,1.063595888528555,V0.6,-0.020774343372453763,-0.09323997448339749,0.6100000000000001,-2.5% to 0%
2025_26_20260202_SUN_BUR,2025_26,2026-02-02,SUN,BUR,1,0.4244791666666667,0.4339599863020574,0.324047327460735,2.21,1.0659856202981428,V0.6,-0.10043183920593168,-0.28385540631177564,1.21,< -10%
2025_26_20260206_LEE_NFO,2025_26,2026-02-06,LEE,NFO,1,0.4526315789473684,0.523513582011002,0.381687798075599,2.08,1.06216457960644,V0.6,-0.07094378087176939,-0.20608938000275412,1.08,-10% to -5%
2025_26_20260207_ARS_SUN,2025_26,2026-02-07,ARS,SUN,1,0.5552631578947369,0.5042441427936547,0.4406476010574026,1.69,1.0656496256204604,V0.6,-0.11461555683733432,-0.2553055542129896,0.69,< -10%
2025_26_20260207_BOU_AVL,2025_26,2026-02-07,BOU,AVL,0,0.5654450261780105,0.569882014970857,0.5238644877689143,1.66,1.0653726015171798,V0.6,-0.04158053840909626,-0.13038495030360242,-1.0,-5% to -2.5%
2025_26_20260207_BUR_WHU,2025_26,2026-02-07,BUR,WHU,0,0.5039999999999999,0.5215249360509434,0.4364198068588384,1.86,1.0667349377026798,V0.6,-0.06758019314116148,-0.18825915924256054,-1.0,-10% to -5%
2025_26_20260207_FUL_EVE,2025_26,2026-02-07,FUL,EVE,1,0.4308093994778067,0.4590812770796365,0.320792643757496,2.18,1.064776202390881,V0.6,-0.11001675572031072,-0.3006720366086587,1.1800000000000002,< -10%
2025_26_20260207_MUN_TOT,2025_26,2026-02-07,MUN,TOT,0,0.6447688564476886,0.5671986563847253,0.5684887659544612,1.46,1.0622899974153528,V0.6,-0.07628009049322737,-0.17000640170648673,-1.0,-10% to -5%
2025_26_20260207_NEW_BRE,2025_26,2026-02-07,NEW,BRE,1,0.5616797900262467,0.522026670379307,0.4875244426538446,1.67,1.0660921148357492,V0.6,-0.07415534737240209,-0.18583418076807956,0.6699999999999999,-10% to -5%
2025_26_20260207_WOL_CHE,2025_26,2026-02-07,WOL,CHE,1,0.5578947368421052,0.501395637533381,0.4972996817173227,1.68,1.0669362084456424,V0.6,-0.060595055124782526,-0.16453653471489793,0.6799999999999999,-10% to -5%
2025_26_20260208_BRI_CRY,2025_26,2026-02-08,BRI,CRY,0,0.5226666666666666,0.4780284889187071,0.4475460294227509,1.79,1.068863299509748,V0.6,-0.07512063724391571,-0.19889260733327585,-1.0,-10% to -5%
2025_26_20260208_LIV_MCI,2025_26,2026-02-08,LIV,MCI,1,0.6020408163265306,0.6165811772891768,0.5290616536572529,1.56,1.064754454584963,V0.6,-0.07297916266927773,-0.17466382029468552,0.56,-10% to -5%
2025_26_20260210_CHE_LEE,2025_26,2026-02-10,CHE,LEE,1,0.5818181818181818,0.5603398037257745,0.4705102862672955,1.61,1.0675465838509317,V0.6,-0.11130789555088627,-0.24247843910965416,0.6100000000000001,< -10%
2025_26_20260210_EVE_BOU,2025_26,2026-02-10,EVE,BOU,1,0.5146666666666666,0.5614522910663874,0.4603258271047727,1.82,1.067585264476456,V0.6,-0.054340839561893894,-0.16220699466931365,0.8200000000000001,-10% to -5%
2025_26_20260210_TOT_NEW,2025_26,2026-02-10,TOT,NEW,1,0.5538057742782152,0.5407945776236126,0.4653984541678749,1.7,1.0621689434067467,V0.6,-0.0884073201103403,-0.2088226279146127,0.7,-10% to -5%
2025_26_20260210_WHU_MUN,2025_26,2026-02-10,WHU,MUN,0,0.6388206388206389,0.5550803053597156,0.5836632327556636,1.47,1.064887493458922,V0.6,-0.05515740606497532,-0.14201504784917462,-1.0,-10% to -5%
2025_26_20260211_AVL_BRI,2025_26,2026-02-11,AVL,BRI,0,0.5358090185676393,0.4972605188011114,0.4728976771180698,1.75,1.0664780763790664,V0.6,-0.0629113414495695,-0.17242906504337785,-1.0,-10% to -5%
2025_26_20260211_CRY_BUR,2025_26,2026-02-11,CRY,BUR,1,0.4893048128342245,0.462320547452227,0.4006689093594032,1.91,1.0700082968557778,V0.6,-0.08863590347482131,-0.23472238312354,0.9099999999999999,-10% to -5%
2025_26_20260211_MCI_FUL,2025_26,2026-02-11,MCI,FUL,1,0.6171284634760705,0.5817032168437604,0.540297034555086,1.52,1.0660580021482278,V0.6,-0.07683142892098449,-0.17874850747626925,0.52,-10% to -5%
2025_26_20260211_NFO_WOL,2025_26,2026-02-11,NFO,WOL,0,0.4826666666666667,0.4650591633077884,0.3957744501814776,1.94,1.0679501053710772,V0.6,-0.08689221648518908,-0.23219756664793345,-1.0,-10% to -5%
2025_26_20260211_SUN_LIV,2025_26,2026-02-11,SUN,LIV,0,0.5226666666666666,0.4980841137295814,0.4342473092732996,1.79,1.068863299509748,V0.6,-0.08841935739336704,-0.2226973164007937,-1.0,-10% to -5%
2025_26_20260212_BRE_ARS,2025_26,2026-02-12,BRE,ARS,0,0.512,0.5813690272457138,0.4424819979436832,1.83,1.0672814207650272,V0.6,-0.06951800205631681,-0.1902579437630597,-1.0,-10% to -5%
2025_26_20260218_WOL_ARS,2025_26,2026-02-18,WOL,ARS,1,0.5552631578947369,0.5095118169797975,0.5219346670904401,1.69,1.0656496256204604,V0.6,-0.033328490804296784,-0.1179304126171562,0.69,-5% to -2.5%
2025_26_20260221_AVL_LEE,2025_26,2026-02-21,AVL,LEE,0,0.5186170212765957,0.538757257673017,0.4518845165721676,1.81,1.0653067006658168,V0.6,-0.0667325047044281,-0.18208902500437663,-1.0,-10% to -5%
2025_26_20260221_BRE_BRI,2025_26,2026-02-21,BRE,BRI,0,0.5372340425531915,0.5159052100754251,0.4619827999146639,1.74,1.069762148628656,V0.6,-0.07525124263852762,-0.19614992814848486,-1.0,-10% to -5%
2025_26_20260221_CHE_BUR,2025_26,2026-02-21,CHE,BUR,0,0.6578313253012049,0.5324790645563802,0.5648360079685322,1.42,1.0705257184130423,V0.6,-0.09299531733267274,-0.1979328686846844,-1.0,-10% to -5%
2025_26_20260221_MCI_NEW,2025_26,2026-02-21,MCI,NEW,1,0.6626794258373206,0.6038666633837506,0.5849023595342941,1.41,1.070230688480938,V0.6,-0.0777770663030265,-0.17528767305664528,0.4099999999999999,-10% to -5%
2025_26_20260221_WHU_BOU,2025_26,2026-02-21,WHU,BOU,0,0.6071428571428571,0.5738358955954329,0.5557779667913776,1.54,1.0695187165775402,V0.6,-0.05136489035147951,-0.14410193114127845,-1.0,-10% to -5%
2025_26_20260222_CRY_WOL,2025_26,2026-02-22,CRY,WOL,0,0.496,0.4423838287698732,0.4071188286102456,1.89,1.0667349377026798,V0.6,-0.08888117138975438,-0.23054541392663586,-1.0,-10% to -5%
2025_26_20260222_NFO_LIV,2025_26,2026-02-22,NFO,LIV,0,0.5590551181102362,0.507158489151519,0.4919128675655594,1.68,1.0647216633132126,V0.6,-0.06714225054467682,-0.17358638248986025,-1.0,-10% to -5%
2025_26_20260222_SUN_FUL,2025_26,2026-02-22,SUN,FUL,1,0.4421052631578946,0.4417845225332187,0.3360948812227254,2.12,1.0669362084456424,V0.6,-0.1060103819351692,-0.28747885180782207,1.12,< -10%
2025_26_20260222_TOT_ARS,2025_26,2026-02-22,TOT,ARS,1,0.528,0.5801482174642896,0.4341410087032112,1.77,1.0700222564629345,V0.6,-0.09385899129678882,-0.23157041459531613,0.77,-10% to -5%
2025_26_20260223_EVE_MUN,2025_26,2026-02-23,EVE,MUN,0,0.5578947368421052,0.4919380234279212,0.4849776498511058,1.68,1.0669362084456424,V0.6,-0.07291708699099941,-0.18523754825014227,-1.0,-10% to -5%
2025_26_20260227_WOL_AVL,2025_26,2026-02-27,WOL,AVL,0,0.5119363395225464,0.4742730662291659,0.4845821302937471,1.84,1.061612975895472,V0.6,-0.027354209228799276,-0.1083688802595053,-1.0,-5% to -2.5%
2025_26_20260228_BOU_SUN,2025_26,2026-02-28,BOU,SUN,0,0.5329815303430079,0.4906813233532238,0.4513009233863576,1.77,1.0600212563629243,V0.6,-0.0816806069566503,-0.2011973656061471,-1.0,-10% to -5%
2025_26_20260228_BUR_BRE,2025_26,2026-02-28,BUR,BRE,1,0.5173333333333333,0.5075598048230012,0.4566098548243508,1.81,1.0679501053710772,V0.6,-0.06072347850898252,-0.17353616276792505,0.81,-10% to -5%
2025_26_20260228_LEE_MCI,2025_26,2026-02-28,LEE,MCI,0,0.5818181818181818,0.5575438344689753,0.5236129713759478,1.61,1.0675465838509317,V0.6,-0.058205210442234034,-0.15698311608472404,-1.0,-10% to -5%
2025_26_20260228_LIV_WHU,2025_26,2026-02-28,LIV,WHU,1,0.6578313253012049,0.5792053694969764,0.5989528664130662,1.42,1.0705257184130423,V0.6,-0.058878458888138696,-0.149486929693446,0.41999999999999993,-10% to -5%
2025_26_20260228_NEW_EVE,2025_26,2026-02-28,NEW,EVE,1,0.5423280423280423,0.5056908501852078,0.4719347936818252,1.73,1.0658395601297057,V0.6,-0.0703932486462171,-0.1835528069304424,0.73,-10% to -5%
2025_26_20260301_ARS_CHE,2025_26,2026-03-01,ARS,CHE,1,0.5514511873350924,0.5966560472748805,0.4329684240048047,1.7,1.066704193639178,V0.6,-0.11848276333028768,-0.2639536791918321,0.7,< -10%
2025_26_20260301_BRI_NFO,2025_26,2026-03-01,BRI,NFO,1,0.5239361702127661,0.480578526873619,0.4673572775504082,1.79,1.0662734310750643,V0.6,-0.05657889266235788,-0.16343047318476933,0.79,-10% to -5%
2025_26_20260301_FUL_TOT,2025_26,2026-03-01,FUL,TOT,1,0.5461741424802111,0.5230133457567966,0.4556977135249124,1.72,1.064487136276823,V0.6,-0.09047642895529873,-0.21619993273715066,0.72,-10% to -5%
2025_26_20260301_MUN_CRY,2025_26,2026-03-01,MUN,CRY,1,0.5792207792207792,0.4828826285269446,0.4884525140300153,1.62,1.0657144438908266,V0.6,-0.09076826519076392,-0.2087069272713752,0.6200000000000001,-10% to -5%
2025_26_20260303_BOU_BRE,2025_26,2026-03-03,BOU,BRE,0,0.5948717948717949,0.5465380314771678,0.5460442109889977,1.58,1.063945875163684,V0.6,-0.048827583882797176,-0.13725014663738366,-1.0,-5% to -2.5%
2025_26_20260303_EVE_BUR,2025_26,2026-03-03,EVE,BUR,0,0.4907161803713528,0.5059082721523032,0.4070912445629643,1.92,1.0613738738738738,V0.6,-0.08362493580838848,-0.2183848104391085,-1.0,-10% to -5%
2025_26_20260303_LEE_SUN,2025_26,2026-03-03,LEE,SUN,0,0.4526315789473684,0.4906499177865355,0.3712292922348569,2.08,1.06216457960644,V0.6,-0.08140228671251148,-0.22784307215149757,-1.0,-10% to -5%
2025_26_20260303_WOL_LIV,2025_26,2026-03-03,WOL,LIV,1,0.5984654731457799,0.5095139131170966,0.5523651133909755,1.57,1.0642931025096631,V0.6,-0.04610035975480442,-0.1327867719761684,0.5700000000000001,-5% to -2.5%
2025_26_20260304_AVL_CHE,2025_26,2026-03-04,AVL,CHE,1,0.5628272251308901,0.5287711504541386,0.5081620753393759,1.67,1.0639186742793485,V0.6,-0.05466514979151427,-0.1513693341832424,0.6699999999999999,-10% to -5%
2025_26_20260304_BRI_ARS,2025_26,2026-03-04,BRI,ARS,0,0.4946524064171124,0.532497145087216,0.4116290876605304,1.89,1.0696410696410696,V0.6,-0.08302331875658198,-0.22202102432159754,-1.0,-10% to -5%
2025_26_20260304_FUL_WHU,2025_26,2026-03-04,FUL,WHU,0,0.544973544973545,0.549783322900794,0.4795172892137918,1.72,1.0668322420410927,V0.6,-0.06545625575975322,-0.17523026255227814,-1.0,-10% to -5%
2025_26_20260304_MCI_NFO,2025_26,2026-03-04,MCI,NFO,1,0.596401028277635,0.541839354390918,0.4907912423247173,1.57,1.0679771579178563,V0.6,-0.10560978595291765,-0.22945774955019382,0.5700000000000001,< -10%
2025_26_20260304_NEW_MUN,2025_26,2026-03-04,NEW,MUN,1,0.6161616161616161,0.560914419510617,0.5635086353959338,1.52,1.0677308024158758,V0.6,-0.05265298076568237,-0.14346687419818072,0.52,-10% to -5%
2025_26_20260305_TOT_CRY,2025_26,2026-03-05,TOT,CRY,1,0.5253333333333333,0.5410538884223998,0.4431342283114741,1.78,1.0694119660069583,V0.6,-0.08219910502185923,-0.21122107360557607,0.78,-10% to -5%
2025_26_20260314_ARS_EVE,2025_26,2026-03-14,ARS,EVE,0,0.4919786096256684,0.545130588482516,0.3767407340236562,1.9,1.0697940503432497,V0.6,-0.11523787560201221,-0.2841926053550532,-1.0,< -10%
2025_26_20260314_BUR_BOU,2025_26,2026-03-14,BUR,BOU,0,0.5555555555555556,0.5315498094212951,0.5120372650340785,1.68,1.0714285714285714,V0.6,-0.04351829052147704,-0.13977739474274808,-1.0,-5% to -2.5%
2025_26_20260314_CHE_NEW,2025_26,2026-03-14,CHE,NEW,0,0.6370370370370371,0.5895773241490637,0.5662940527462724,1.47,1.0678690080683435,V0.6,-0.07074298429076464,-0.16754774246297954,-1.0,-10% to -5%
2025_26_20260314_SUN_BRI,2025_26,2026-03-14,SUN,BRI,0,0.4588859416445623,0.4608280814390304,0.385167419255858,2.04,1.0682307605122974,V0.6,-0.0737185223887043,-0.21425846471804966,-1.0,-10% to -5%
2025_26_20260314_WHU_MCI,2025_26,2026-03-14,WHU,MCI,0,0.6171284634760705,0.5804686521842236,0.5820217743544546,1.52,1.0660580021482278,V0.6,-0.035106689121615964,-0.11532690298122905,-1.0,-5% to -2.5%
2025_26_20260315_CRY_LEE,2025_26,2026-03-15,CRY,LEE,0,0.4601063829787233,0.5209018013427809,0.3717381780845433,2.03,1.0706455195193487,V0.6,-0.08836820489418001,-0.24537149848837714,-1.0,-10% to -5%
2025_26_20260315_LIV_TOT,2025_26,2026-03-15,LIV,TOT,0,0.6570048309178744,0.6358500385522645,0.5792879562419009,1.42,1.0718724109362054,V0.6,-0.07771687467597355,-0.1774111021365008,-1.0,-10% to -5%
2025_26_20260315_MUN_AVL,2025_26,2026-03-15,MUN,AVL,1,0.5718015665796344,0.5087789652686668,0.4940349711519836,1.64,1.0663771021271855,V0.6,-0.07776659542765085,-0.189782647310747,0.6399999999999999,-10% to -5%
2025_26_20260315_NFO_FUL,2025_26,2026-03-15,NFO,FUL,0,0.5026737967914439,0.5080721913634817,0.4359964302559966,1.86,1.0695493022191718,V0.6,-0.06667736653544726,-0.18904663972384628,-1.0,-10% to -5%
2025_26_20260316_BRE_WOL,2025_26,2026-03-16,BRE,WOL,1,0.5567282321899736,0.503685033472284,0.4841746387613986,1.68,1.0691717445271949,V0.6,-0.07255359342857498,-0.18658660688085038,0.6799999999999999,-10% to -5%
2025_26_20260320_BOU_MUN,2025_26,2026-03-20,BOU,MUN,1,0.614609571788413,0.536206355739082,0.6034287988880938,1.53,1.063430836815601,V0.6,-0.011180772900319269,-0.07675393770121652,0.53,-2.5% to 0%
2025_26_20260321_BRI_LIV,2025_26,2026-03-21,BRI,LIV,1,0.5578947368421052,0.531746049993153,0.5070285199531469,1.68,1.0669362084456424,V0.6,-0.050866216888958316,-0.14819208647871318,0.6799999999999999,-10% to -5%
2025_26_20260321_EVE_CHE,2025_26,2026-03-21,EVE,CHE,1,0.526595744680851,0.53339607576379,0.4584393856039208,1.78,1.066848257859494,V0.6,-0.06815635907693024,-0.18397789362502104,0.78,-10% to -5%
2025_26_20260321_FUL_BUR,2025_26,2026-03-21,FUL,BUR,1,0.5294117647058824,0.4992587470260066,0.4474651722824323,1.76,1.073232323232323,V0.6,-0.08194659242345004,-0.21246129678291914,0.76,-10% to -5%
2025_26_20260321_LEE_BRE,2025_26,2026-03-21,LEE,BRE,0,0.5080213903743315,0.5319597143215052,0.4375094443408239,1.84,1.0697940503432497,V0.6,-0.07051194603350758,-0.194982622412884,-1.0,-10% to -5%
2025_26_20260322_AVL_WHU,2025_26,2026-03-22,AVL,WHU,0,0.5372340425531915,0.5191934435510723,0.4785574281825534,1.74,1.069762148628656,V0.6,-0.05867661437063809,-0.16731007496235706,-1.0,-10% to -5%
2025_26_20260322_NEW_SUN,2025_26,2026-03-22,NEW,SUN,1,0.5106951871657753,0.522446958453179,0.425096046542866,1.83,1.0700082968557778,V0.6,-0.08559914062290935,-0.2220742348265552,0.8300000000000001,-10% to -5%
2025_26_20260322_TOT_NFO,2025_26,2026-03-22,TOT,NFO,1,0.5026737967914439,0.5463415094473077,0.4149638201633857,1.86,1.0695493022191718,V0.6,-0.08770997662805818,-0.22816729449610262,0.8600000000000001,-10% to -5%
2025_26_20260410_WHU_WOL,2025_26,2026-04-10,WHU,WOL,1,0.5251989389920424,0.4921704715670106,0.464858136562584,1.79,1.0637097229276,V0.6,-0.060340802429458384,-0.16790393555297456,0.79,-10% to -5%
2025_26_20260411_ARS_BOU,2025_26,2026-04-11,ARS,BOU,1,0.5803108808290156,0.5598950574848457,0.5147696415250154,1.62,1.0637125220458552,V0.6,-0.06554123930400024,-0.16607318072947508,0.6200000000000001,-10% to -5%
2025_26_20260411_BRE_EVE,2025_26,2026-04-11,BRE,EVE,1,0.48,0.4941465484709215,0.3839564656372523,1.95,1.0683760683760686,V0.6,-0.0960435343627477,-0.25128489200735804,0.95,-10% to -5%
2025_26_20260411_BUR_BRI,2025_26,2026-04-11,BUR,BRI,0,0.5488126649076518,0.469615793718384,0.5023348882892512,1.71,1.0655645524066577,V0.6,-0.04647777661840058,-0.14100734102538048,-1.0,-5% to -2.5%
2025_26_20260411_LIV_FUL,2025_26,2026-04-11,LIV,FUL,0,0.6126582278481012,0.6003661295979832,0.5604365215861922,1.53,1.066817911737698,V0.6,-0.05222170626190903,-0.14253212197312592,-1.0,-10% to -5%
2025_26_20260412_CHE_MCI,2025_26,2026-04-12,CHE,MCI,1,0.6091370558375634,0.6255434924714122,0.5755128537590403,1.54,1.066017316017316,V0.6,-0.033624202078523124,-0.113710205211078,0.54,-5% to -2.5%
2025_26_20260412_CRY_NEW,2025_26,2026-04-12,CRY,NEW,1,0.5476190476190476,0.5036848594963943,0.4864644771268667,1.71,1.0678871090770403,V0.6,-0.06115457049218087,-0.16814574411305794,0.71,-10% to -5%
2025_26_20260412_NFO_AVL,2025_26,2026-04-12,NFO,AVL,0,0.4906666666666666,0.4424575854410305,0.3875742315492515,1.91,1.067038470293649,V0.6,-0.10309243511741506,-0.2597332177409296,-1.0,< -10%
2025_26_20260412_SUN_TOT,2025_26,2026-04-12,SUN,TOT,0,0.4880000000000001,0.5254832370196751,0.4037810705847622,1.92,1.0672814207650272,V0.6,-0.0842189294152379,-0.22474034447725655,-1.0,-10% to -5%
2025_26_20260413_MUN_LEE,2025_26,2026-04-13,MUN,LEE,1,0.5567282321899736,0.5587915721120683,0.5001236957605554,1.68,1.0691717445271949,V0.6,-0.056604536429418206,-0.15979219112226695,0.6799999999999999,-10% to -5%
2025_26_20260418_BRE_FUL,2025_26,2026-04-18,BRE,FUL,0,0.5411140583554377,0.543578659765744,0.4830656592138697,1.73,1.0682307605122974,V0.6,-0.05804839914156801,-0.16429640956000546,-1.0,-10% to -5%
2025_26_20260418_CHE_MUN,2025_26,2026-04-18,CHE,MUN,0,0.6106870229007634,0.590677293402381,0.5507685702843804,1.53,1.0702614379084967,V0.6,-0.059918452616382956,-0.1573240874648979,-1.0,-10% to -5%
2025_26_20260418_LEE_WOL,2025_26,2026-04-18,LEE,WOL,1,0.5039999999999999,0.4844407600352272,0.4465188830002108,1.86,1.0667349377026798,V0.6,-0.057481116999789084,-0.1694748776196079,0.8600000000000001,-10% to -5%
2025_26_20260418_NEW_BOU,2025_26,2026-04-18,NEW,BOU,1,0.6370370370370371,0.5208086775529949,0.5859123150595458,1.47,1.0678690080683435,V0.6,-0.051124721977491294,-0.13870889686246768,0.47,-10% to -5%
2025_26_20260418_TOT_BRI,2025_26,2026-04-18,TOT,BRI,1,0.5654450261780105,0.5326399895239116,0.5165344223731081,1.66,1.0653726015171798,V0.6,-0.04891060380490242,-0.14255285886064062,0.6599999999999999,-5% to -2.5%
2025_26_20260419_AVL_SUN,2025_26,2026-04-19,AVL,SUN,1,0.496,0.4924355966089147,0.4377997690857578,1.89,1.0667349377026798,V0.6,-0.0582002309142422,-0.1725584364279178,0.8899999999999999,-10% to -5%
2025_26_20260419_EVE_LIV,2025_26,2026-04-19,EVE,LIV,1,0.5053191489361702,0.5488908227512492,0.4120927712254294,1.86,1.0639501980758346,V0.6,-0.09322637771074083,-0.23350744552070124,0.8600000000000001,-10% to -5%
2025_26_20260419_MCI_ARS,2025_26,2026-04-19,MCI,ARS,1,0.4866310160427808,0.6421291609565608,0.3749819162129026,1.92,1.0702838827838828,V0.6,-0.1116490998298782,-0.28003472087122705,0.9199999999999999,< -10%
2025_26_20260419_NFO_BUR,2025_26,2026-04-19,NFO,BUR,1,0.5384615384615384,0.4784228472549054,0.4648952035879515,1.74,1.0673234811165846,V0.6,-0.07356633487358694,-0.19108234575696437,0.74,-10% to -5%
2025_26_20260420_CRY_WHU,2025_26,2026-04-20,CRY,WHU,0,0.4986666666666667,0.5052636925095714,0.4144645778418646,1.88,1.0666742519057912,V0.6,-0.08420208882480212,-0.2208065936572946,-1.0,-10% to -5%
2025_26_20260421_BRI_CHE,2025_26,2026-04-21,BRI,CHE,1,0.5766233766233767,0.5224551357358793,0.5321044482837927,1.63,1.0639473829657875,V0.6,-0.04451892833958404,-0.13266974929741804,0.6299999999999999,-5% to -2.5%
2025_26_20260422_BOU_LEE,2025_26,2026-04-22,BOU,LEE,1,0.5464190981432361,0.5136135264778953,0.5007812330303781,1.71,1.0702322148413104,V0.6,-0.045637865112857945,-0.14366409151805337,0.71,-5% to -2.5%
2025_26_20260422_BUR_MCI,2025_26,2026-04-22,BUR,MCI,0,0.709251101321586,0.5678673222604387,0.713948190097842,1.32,1.0681347637869376,V0.6,0.004697088776256075,-0.0575883890708484,-1.0,0% to 2.5%
2025_26_20260424_SUN_NFO,2025_26,2026-04-24,SUN,NFO,1,0.4424083769633508,0.4672936279675697,0.3571717595003706,2.13,1.0611995444064783,V0.6,-0.08523661746298017,-0.23922415226421068,1.13,-10% to -5%
2025_26_20260425_ARS_NEW,2025_26,2026-04-25,ARS,NEW,0,0.5917312661498708,0.6254937000237353,0.5472593476262172,1.58,1.0695926151124868,V0.6,-0.04447191852365362,-0.13533023075057682,-1.0,-5% to -2.5%
2025_26_20260425_FUL_AVL,2025_26,2026-04-25,FUL,AVL,0,0.5461741424802111,0.4846030518930244,0.4724279144232616,1.72,1.064487136276823,V0.6,-0.07374622805694953,-0.18742398719199005,-1.0,-10% to -5%
2025_26_20260425_LIV_CRY,2025_26,2026-04-25,LIV,CRY,1,0.6035805626598465,0.5746685919094703,0.5411290877670718,1.55,1.0688901038819028,V0.6,-0.062451474892774694,-0.16124991396103872,0.55,-10% to -5%
2025_26_20260425_WHU_EVE,2025_26,2026-04-25,WHU,EVE,1,0.512,0.5075818872306869,0.4367236488183895,1.83,1.0672814207650272,V0.6,-0.07527635118161052,-0.20079572266234724,0.8300000000000001,-10% to -5%
2025_26_20260425_WOL_TOT,2025_26,2026-04-25,WOL,TOT,0,0.5643044619422573,0.5386082020881803,0.5122657605278768,1.66,1.0675259176239844,V0.6,-0.052038701414380495,-0.14963883752372464,-1.0,-10% to -5%
2025_26_20260427_MUN_BRE,2025_26,2026-04-27,MUN,BRE,1,0.6025641025641025,0.5646385781025228,0.5607149383267946,1.55,1.0706932052161977,V0.6,-0.04184916423730789,-0.13089184559346823,0.55,-5% to -2.5%
2025_26_20260501_LEE_BUR,2025_26,2026-05-01,LEE,BUR,1,0.5691906005221932,0.5037152192771543,0.52478746360673,1.65,1.064776202390881,V0.6,-0.04440313691546316,-0.1341006850488955,0.6499999999999999,-5% to -2.5%
2025_26_20260502_ARS_FUL,2025_26,2026-05-02,ARS,FUL,1,0.5267379679144386,0.5599198372509253,0.4544895269346298,1.77,1.0725859646103988,V0.6,-0.07224844097980881,-0.19555353732570524,0.77,-10% to -5%
2025_26_20260502_BRE_WHU,2025_26,2026-05-02,BRE,WHU,1,0.5891472868217055,0.5324752013522371,0.5433540015664263,1.59,1.067527308838133,V0.6,-0.04579328525527915,-0.13606713750938215,0.5900000000000001,-5% to -2.5%
2025_26_20260502_NEW_BRI,2025_26,2026-05-02,NEW,BRI,1,0.5590551181102362,0.498774657118711,0.4979674360092366,1.68,1.0647216633132126,V0.6,-0.06108768210099963,-0.1634147075044825,0.6799999999999999,-10% to -5%
2025_26_20260502_WOL_SUN,2025_26,2026-05-02,WOL,SUN,0,0.4615384615384615,0.4655074067430442,0.3644859613595542,2.03,1.0673234811165846,V0.6,-0.09705250017890732,-0.2600934984401051,-1.0,-10% to -5%
2025_26_20260503_AVL_TOT,2025_26,2026-05-03,AVL,TOT,1,0.5567282321899736,0.5611214923510315,0.4937438287660526,1.68,1.0691717445271949,V0.6,-0.06298440342392098,-0.17051036767303163,0.6799999999999999,-10% to -5%
2025_26_20260503_BOU_CRY,2025_26,2026-05-03,BOU,CRY,1,0.5680628272251308,0.4689560448922772,0.5024539938758563,1.65,1.0668900991481638,V0.6,-0.06560883334927448,-0.1709509101048371,0.6499999999999999,-10% to -5%
2025_26_20260503_MUN_LIV,2025_26,2026-05-03,MUN,LIV,1,0.6370370370370371,0.5769341095619307,0.583673488054767,1.47,1.0678690080683435,V0.6,-0.053363548982270026,-0.14199997255949248,0.47,-10% to -5%
2025_26_20260504_CHE_NFO,2025_26,2026-05-04,CHE,NFO,1,0.5616797900262467,0.5693155014673323,0.530181717579916,1.67,1.0660921148357492,V0.6,-0.03149807244633074,-0.11459653164154038,0.6699999999999999,-5% to -2.5%
2025_26_20260504_EVE_MCI,2025_26,2026-05-04,EVE,MCI,1,0.5906735751295337,0.5661438045182458,0.5322738221626319,1.58,1.071507883633133,V0.6,-0.05839975296690181,-0.15900736098304158,0.5800000000000001,-10% to -5%
2025_26_20260509_BRI_WOL,2025_26,2026-05-09,BRI,WOL,1,0.625,0.448861000047043,0.5483983513593649,1.5,1.0666666666666669,V0.6,-0.07660164864063512,-0.17740247296095268,0.5,-10% to -5%
2025_26_20260509_FUL_BOU,2025_26,2026-05-09,FUL,BOU,0,0.6081424936386769,0.4534741384381288,0.5366273145520195,1.54,1.0677606911916535,V0.6,-0.07151517908665739,-0.1735939355898899,-1.0,-10% to -5%
2025_26_20260509_LIV_CHE,2025_26,2026-05-09,LIV,CHE,0,0.665083135391924,0.599017744638692,0.5922207715918616,1.41,1.0663627152988857,V0.6,-0.07286236380006239,-0.16496871205547525,-1.0,-10% to -5%
2025_26_20260509_MCI_BRE,2025_26,2026-05-09,MCI,BRE,1,0.684331797235023,0.6191241255294271,0.6369842231505871,1.37,1.0666273439996068,V0.6,-0.047347574084435906,-0.12733161428369555,0.3700000000000001,-5% to -2.5%
2025_26_20260509_SUN_MUN,2025_26,2026-05-09,SUN,MUN,0,0.5437665782493368,0.4883485152218046,0.4626370621027178,1.72,1.06920022688599,V0.6,-0.08112951614661901,-0.2042642531833253,-1.0,-10% to -5%
2025_26_20260510_BUR_AVL,2025_26,2026-05-10,BUR,AVL,1,0.5514511873350924,0.524387761285009,0.5211849853458685,1.7,1.066704193639178,V0.6,-0.030266201989223807,-0.11398552491202352,0.7,-5% to -2.5%
2025_26_20260510_CRY_EVE,2025_26,2026-05-10,CRY,EVE,1,0.4693333333333332,0.496596384367079,0.3821568569552839,1.99,1.0706943809958889,V0.6,-0.08717647637804932,-0.23950785465898505,0.99,-10% to -5%
2025_26_20260510_NFO_NEW,2025_26,2026-05-10,NFO,NEW,0,0.5476190476190476,0.5002860215586535,0.4401911096576926,1.71,1.0678871090770403,V0.6,-0.10742793796135497,-0.24727320248534568,-1.0,< -10%
2025_26_20260510_WHU_ARS,2025_26,2026-05-10,WHU,ARS,0,0.5680628272251308,0.5391401140403164,0.5163832941309013,1.65,1.0668900991481638,V0.6,-0.05167953309422946,-0.14796756468401284,-1.0,-10% to -5%
2025_26_20260511_TOT_LEE,2025_26,2026-05-11,TOT,LEE,0,0.5514511873350924,0.5456145156811161,0.4747681994888288,1.7,1.066704193639178,V0.6,-0.07668298784626354,-0.19289406086899108,-1.0,-10% to -5%
2025_26_20260513_MCI_CRY,2025_26,2026-05-13,MCI,CRY,1,0.6698113207547169,0.5760781231300708,0.5811832121475115,1.4,1.0663983903420524,V0.6,-0.08862810860720549,-0.186343502993484,0.3999999999999999,-10% to -5%
2025_26_20260515_AVL_LIV,2025_26,2026-05-15,AVL,LIV,1,0.5590551181102362,0.5815650498725148,0.4915957693676825,1.68,1.0647216633132126,V0.6,-0.06745934874255372,-0.17411910746229342,0.6799999999999999,-10% to -5%
2025_26_20260517_BRE_CRY,2025_26,2026-05-17,BRE,CRY,1,0.5691906005221932,0.4867003688210827,0.4865113364525775,1.65,1.064776202390881,V0.6,-0.08267926406961568,-0.19725629485324714,0.6499999999999999,-10% to -5%
2025_26_20260517_EVE_SUN,2025_26,2026-05-17,EVE,SUN,1,0.4973262032085561,0.4862612393904494,0.3799621845563967,1.88,1.0695493022191718,V0.6,-0.1173640186521594,-0.2856710930339743,0.8799999999999999,< -10%
2025_26_20260517_LEE_BRI,2025_26,2026-05-17,LEE,BRI,0,0.5669291338582677,0.4614859269844401,0.4685414251097447,1.65,1.069023569023569,V0.6,-0.09838770874852298,-0.2269066485689213,-1.0,-10% to -5%
2025_26_20260517_MUN_NFO,2025_26,2026-05-17,MUN,NFO,1,0.596401028277635,0.5316534791236126,0.5214338870288898,1.57,1.0679771579178563,V0.6,-0.07496714124874515,-0.18134879736464293,0.5700000000000001,-10% to -5%
2025_26_20260517_NEW_WHU,2025_26,2026-05-17,NEW,WHU,1,0.6370370370370371,0.5235394424727711,0.5970487422680684,1.47,1.0678690080683435,V0.6,-0.0399882947689687,-0.12233834886593953,0.47,-5% to -2.5%
2025_26_20260517_WOL_FUL,2025_26,2026-05-17,WOL,FUL,0,0.5567282321899736,0.4749300884520397,0.5207489144365066,1.68,1.0691717445271949,V0.6,-0.035979317753466966,-0.12514182374666893,-1.0,-5% to -2.5%
2025_26_20260518_ARS_BUR,2025_26,2026-05-18,ARS,BUR,0,0.7057522123893805,0.5515203379598937,0.6617948024175129,1.33,1.0653593230725718,V0.6,-0.04395740997186759,-0.11981291278470785,-1.0,-5% to -2.5%
2025_26_20260519_BOU_MCI,2025_26,2026-05-19,BOU,MCI,0,0.6635071090047394,0.5414429570134365,0.6318193647138877,1.42,1.0613682092555332,V0.6,-0.03168774429085175,-0.10281650210627957,-1.0,-5% to -2.5%
2025_26_20260519_CHE_TOT,2025_26,2026-05-19,CHE,TOT,1,0.5564304461942258,0.6004674492409713,0.5406715454413362,1.69,1.063414089538908,V0.6,-0.01575890075288955,-0.0862650882041418,0.69,-2.5% to 0%
2025_26_20260524_BRI_MUN,2025_26,2026-05-24,BRI,MUN,1,0.6403940886699507,0.532380344205599,0.5973061668667009,1.46,1.0695468914646995,V0.6,-0.04308792180324983,-0.12793299637461675,0.45999999999999996,-5% to -2.5%
2025_26_20260524_BUR_WOL,2025_26,2026-05-24,BUR,WOL,0,0.5476190476190476,0.4726889627770396,0.4984118645244147,1.71,1.0678871090770403,V0.6,-0.049207183094632845,-0.14771571166325081,-1.0,-5% to -2.5%
2025_26_20260524_CRY_ARS,2025_26,2026-05-24,CRY,ARS,1,0.5755208333333334,0.5290650472032142,0.5489143769820868,1.63,1.0659856202981428,V0.6,-0.026606456351246588,-0.10526956551919864,0.6299999999999999,-5% to -2.5%
2025_26_20260524_FUL_NEW,2025_26,2026-05-24,FUL,NEW,0,0.5844155844155844,0.4932085193138096,0.549005077589726,1.6,1.0694444444444444,V0.6,-0.035410506825858334,-0.12159187585643827,-1.0,-5% to -2.5%
2025_26_20260524_LIV_BRE,2025_26,2026-05-24,LIV,BRE,0,0.6336633663366337,0.621876711519989,0.5740520176103221,1.48,1.0663006756756757,V0.6,-0.059611348726311575,-0.15040301393672328,-1.0,-10% to -5%
2025_26_20260524_MCI_AVL,2025_26,2026-05-24,MCI,AVL,1,0.7237687366167023,0.6211448860447021,0.6472902704014089,1.29,1.0710517866152929,V0.6,-0.07647846621529342,-0.16499555118218256,0.29000000000000004,-10% to -5%
2025_26_20260524_NFO_BOU,2025_26,2026-05-24,NFO,BOU,0,0.6,0.5020014618984904,0.5041802767358241,1.56,1.0683760683760684,V0.6,-0.09581972326417587,-0.21347876829211432,-1.0,-10% to -5%
2025_26_20260524_SUN_CHE,2025_26,2026-05-24,SUN,CHE,1,0.5411140583554377,0.511415246182241,0.4779835354144687,1.73,1.0682307605122974,V0.6,-0.06313052294096899,-0.17308848373296915,0.73,-10% to -5%
2025_26_20260524_TOT_EVE,2025_26,2026-05-24,TOT,EVE,0,0.5398936170212765,0.5448775923244323,0.4341036809515924,1.73,1.0706455195193487,V0.6,-0.10578993606968407,-0.2490006319537451,-1.0,< -10%
2025_26_20260524_WHU_LEE,2025_26,2026-05-24,WHU,LEE,1,0.5718015665796344,0.4976317624160345,0.5099108767372176,1.64,1.0663771021271855,V0.6,-0.06189068984241686,-0.16374616215096327,0.6399999999999999,-10% to -5%
